scientific_name_original,scientific_name_MG,family_MG,scientific_name_WFO,scientific_name_authorship_WFO,family_WFO,perennial,annual,monoecious,dioecious,evergreen,deciduous,seasonally_apparent,seasonally_identifiable,flower_postfire,resprout_postfire,serotinous,flower_begin,flower_end,flower_begin_alt,flower_end_alt,max_height_cm,herb,geophyte,graminoid,low_shrub,mid_shrub,tall_shrub,tree,scrambler,liana,hemiparasite,parasite,missing_growthform_class,succulent,leaf_succulent,stem_succulent,other_succulent,lvs_linear,lvs_shape_other,lvs_oval,lvs_compound,lvs_lobed,lvs_dissected,leaf_length,virtually_no_leaves,stems_photosynthetic,functional_leaf,plant_longevity,flammability,pollination,dispersal,lvs_frond,lvs_cladode,lvs_phyllode,lvs_microphyll
Abutilon sonneratianum,Abutilon sonneratianum,Malvaceae,Abutilon sonneratianum,(Cav.) Sweet,Malvaceae,1,0,1,0,1,0,0,0,0,0,0,Nov,Jan,NA,NA,200,0,0,0,0,0,1,0,0,0,0,0,0,0,0,0,0,0,0,1,0,1,0,3.966666667,0,0,leaf,2,l,i,w,0,0,0,0
Acacia cyclops,Acacia cyclops,Fabaceae,Acacia cyclops,A.Cunn. ex G.Don,Fabaceae,1,0,1,0,1,0,0,0,0,0,0,Oct,May,NA,NA,400,0,0,0,0,0,0,1,0,0,0,0,0,0,0,0,0,0,0,1,0,0,0,NA,0,0,leaf,3,h,i,m,0,0,1,0
Acacia mearnsii,Acacia mearnsii,Fabaceae,Acacia mearnsii,De Wild.,Fabaceae,1,0,1,0,1,0,0,0,0,0,0,Aug,Nov,NA,NA,1500,0,0,0,0,0,0,1,0,0,0,0,0,0,0,0,0,0,0,0,1,0,0,NA,0,0,leaf,3,h,i,m,0,0,0,0
Acacia saligna,Acacia saligna,Fabaceae,Acacia saligna,(Labill.) H.L.Wendl.,Fabaceae,1,0,1,0,1,0,0,0,0,1,0,Aug,Oct,NA,NA,600,0,0,0,0,0,1,1,0,0,0,0,0,0,0,0,0,0,1,1,0,0,0,NA,0,0,leaf,3,m,i,m,0,0,1,0
Acalypha glabrata,Acalypha glabrata,Euphorbiaceae,Acalypha glabrata,Thunb.,Euphorbiaceae,1,0,1,0,1,0,0,0,0,0,0,Oct,Dec,NA,NA,500,0,0,0,0,0,1,1,0,0,0,0,0,0,0,0,0,0,0,1,0,0,0,NA,0,0,leaf,3,m,i,i,0,0,0,0
Acmadenia latifolia,Acmadenia latifolia,Rutaceae,Acmadenia latifolia,I.Williams,Rutaceae,1,0,1,0,1,0,0,0,0,0,0,Oct,Dec,NA,NA,40,0,0,0,1,0,0,0,0,0,0,0,0,0,0,0,0,0,1,0,0,0,0,1.32,0,0,leaf,2,h,i,p,0,0,0,0
Acmadenia nivea,Acmadenia nivea,Rutaceae,Acmadenia nivea,I.Williams,Rutaceae,1,0,1,0,1,0,0,0,0,0,0,Mar,Aug,NA,NA,30,0,0,0,1,0,0,0,0,0,0,0,0,0,0,0,0,0,1,0,0,0,0,NA,0,0,leaf,2,h,i,p,0,0,0,0
Acmadenia nivenii,Acmadenia nivenii,Rutaceae,Acmadenia nivenii,Sond.,Rutaceae,1,0,1,0,1,0,0,0,0,0,0,Sep,Dec,NA,NA,40,0,0,0,1,0,0,0,0,0,0,0,0,0,0,0,0,1,0,1,0,0,0,0.644,0,0,leaf,2,h,i,p,0,0,0,0
Acmadenia tetragona,Acmadenia tetragona,Rutaceae,Acmadenia tetragona,(L.f.) Bartl. & H.L.Wendl.,Rutaceae,1,0,1,0,1,0,0,0,0,0,0,Jul,Nov,NA,NA,40,0,0,0,1,0,0,0,0,0,0,0,0,0,0,0,0,0,1,0,0,0,0,NA,0,0,leaf,2,h,i,p,0,0,0,0
Acmadenia trigona,Acmadenia trigona,Rutaceae,Acmadenia trigona,(Eckl. & Zeyh.) Druce,Rutaceae,1,0,1,0,1,0,0,0,0,0,0,Sep,Nov,NA,NA,40,0,0,0,1,0,0,0,0,0,0,0,0,0,0,0,0,0,1,0,0,0,0,1.132,0,0,leaf,2,h,i,p,0,0,0,0
Acrolophia barbata,Acrolophia barbata,Orchidaceae,Eulophia barbata,(Thunb.) Spreng.,Orchidaceae,1,0,1,0,1,0,1,1,0,1,0,Nov,Dec,NA,NA,100,0,1,0,0,0,0,0,0,0,0,0,0,0,0,0,0,1,0,0,0,0,0,NA,0,0,leaf,2,l,i,p,0,0,0,0
Acrolophia capensis,Acrolophia capensis,Orchidaceae,Eulophia tristis,(L.f.) Spreng.,Orchidaceae,1,0,1,0,1,0,1,1,0,1,0,Dec,Jan,NA,NA,80,0,1,0,0,0,0,0,0,0,0,0,0,0,0,0,0,1,0,0,0,0,0,NA,0,0,leaf,2,l,i,p,0,0,0,0
Acrosanthes angustifolia,Acrosanthes angustifolia,Aizoaceae,Acrosanthes angustifolia,Eckl. & Zeyh.,Aizoaceae,1,0,1,0,1,0,0,0,0,0,0,Nov,Dec,NA,NA,10,0,0,0,1,0,0,0,0,0,0,0,0,0,0,0,0,0,1,0,0,0,0,NA,0,0,leaf,2,l,i,p,0,0,0,0
Adenandra brachyphylla,Adenandra brachyphylla,Rutaceae,Adenandra brachyphylla,Schltdl.,Rutaceae,1,0,1,0,1,0,0,0,0,1,0,Jul,Nov,NA,NA,80,0,0,0,1,0,0,0,0,0,0,0,0,0,0,0,0,0,0,1,0,0,0,NA,0,0,leaf,2,h,i,p,0,0,0,0
Adenandra fragrans,Adenandra fragrans,Rutaceae,Adenandra fragrans,(Sims) Schult.,Rutaceae,1,0,1,0,1,0,0,0,0,0,0,Sep,Nov,NA,NA,120,0,0,0,0,1,0,0,0,0,0,0,0,0,0,0,0,0,0,1,0,0,0,2.52,0,0,leaf,2,h,i,p,0,0,0,0
Adenandra mundiifolia,Adenandra mundiifolia,Rutaceae,Adenandra mundiifolia,Eckl. & Zeyh.,Rutaceae,1,0,1,0,1,0,0,0,0,0,0,Aug,Nov,NA,NA,70,0,0,0,1,0,0,0,0,0,0,0,0,0,0,0,0,0,0,1,0,0,0,NA,0,0,leaf,2,h,i,p,0,0,0,0
Adenandra uniflora,Adenandra uniflora,Rutaceae,Adenandra uniflora,(L.) Willd.,Rutaceae,1,0,1,0,1,0,0,0,0,0,0,Aug,Oct,NA,NA,50,0,0,0,1,0,0,0,0,0,0,0,0,0,0,0,0,0,1,1,0,0,0,0.833333333,0,0,leaf,2,h,i,p,0,0,0,0
Adenandra villosa,Adenandra villosa,Rutaceae,Adenandra villosa,Lichtst. ex Roem. & Schult.,Rutaceae,1,0,1,0,1,0,0,0,0,0,0,Aug,Nov,NA,NA,100,0,0,0,1,0,0,0,0,0,0,0,0,0,0,0,0,0,0,1,0,0,0,1.61,0,0,leaf,2,h,i,p,0,0,0,0
Adenocline pauciflora,Adenocline pauciflora,Euphorbiaceae,Adenocline pauciflora,Turcz.,Euphorbiaceae,1,1,0,1,1,0,0,0,0,1,0,Sep,Dec,NA,NA,30,1,0,0,0,0,0,0,0,0,0,0,0,0,0,0,0,0,1,0,0,0,0,NA,0,0,leaf,2,l,i,p,0,0,0,0
Adenogramma glomerata,Adenogramma glomerata,Molluginaceae,Adenogramma glomerata,(L.f.) Druce,Molluginaceae,0,1,1,0,0,1,1,1,0,0,0,Aug,Oct,NA,NA,15,1,0,0,0,0,0,0,0,0,0,0,0,0,0,0,0,1,0,0,0,0,0,NA,0,0,leaf,0,l,i,p,0,0,0,0
Adromischus cristatus,Adromischus cristatus,Crassulaceae,Adromischus cristatus,(Haw.) Lem.,Crassulaceae,1,0,1,0,1,0,0,0,0,0,0,Dec,Mar,NA,NA,40,1,0,0,0,0,0,0,0,0,0,0,0,1,1,1,0,0,0,1,0,0,0,NA,0,0,leaf,3,l,i,p,0,0,0,0
Adromischus maculatus,Adromischus maculatus,Crassulaceae,Adromischus maculatus,(Salm-Dyck) Lem.,Crassulaceae,1,0,1,0,1,0,0,0,0,0,0,Dec,Jan,NA,NA,35,1,0,0,0,0,0,0,0,0,0,0,0,1,1,1,0,0,0,1,0,0,0,6.090909091,0,0,leaf,3,l,i,p,0,0,0,0
Adromischus triflorus,Adromischus triflorus,Crassulaceae,Adromischus triflorus,(L.f.) A.Berger,Crassulaceae,1,0,1,0,1,0,0,0,0,0,0,Nov,Jan,NA,NA,35,1,0,0,0,0,0,0,0,0,0,0,0,1,1,1,0,0,0,1,0,0,0,NA,0,0,leaf,3,l,i,p,0,0,0,0
Agapanthus praecox,Agapanthus praecox,Agapanthaceae,Agapanthus praecox,Willd.,Amaryllidaceae,1,0,1,0,0,1,1,1,0,1,0,Dec,Feb,NA,NA,100,0,1,0,0,0,0,0,0,0,0,0,0,0,0,0,0,1,0,0,0,0,0,NA,0,0,leaf,3,l,i,w,0,0,0,0
Agapanthus walshii,Agapanthus africanus,Agapanthaceae,Agapanthus walshii,L.Bolus,Amaryllidaceae,1,0,1,0,0,1,1,1,1,1,0,Dec,Apr,NA,NA,70,0,1,0,0,0,0,0,0,0,0,0,0,0,0,0,0,1,0,0,0,0,0,13.86,0,0,leaf,3,l,i,w,0,0,0,0
Agathosma anomala,Agathosma anomala,Rutaceae,Agathosma anomala,E.Mey. ex Sond.,Rutaceae,1,0,1,0,1,0,0,0,0,0,0,Oct,Apr,NA,NA,30,0,0,0,1,0,0,0,0,0,0,0,0,0,0,0,0,0,1,0,0,0,0,0.8,0,0,leaf,2,h,i,p,0,0,0,0
Agathosma betulina,Agathosma betulina,Rutaceae,Agathosma betulina,(P.J.Bergius) Pillans,Rutaceae,1,0,1,0,1,0,0,0,0,1,0,Jun,Nov,NA,NA,200,0,0,0,0,0,1,0,0,0,0,0,0,0,0,0,0,0,0,1,0,0,0,1.3,0,0,leaf,3,h,i,p,0,0,0,0
Agathosma bicolor,Agathosma bicolor,Rutaceae,Agathosma bicolor,Dümmer,Rutaceae,1,0,1,0,1,0,0,0,0,1,0,Aug,Sep,NA,NA,35,0,0,0,1,0,0,0,0,0,0,0,0,0,0,0,0,1,0,0,0,0,0,1,0,0,leaf,2,h,i,p,0,0,0,0
Agathosma bifida,Agathosma bifida,Rutaceae,Agathosma bifida,(Jacq.) Bartl. & H.L.Wendl.,Rutaceae,1,0,1,0,1,0,0,0,0,1,0,Jan,Dec,NA,NA,80,0,0,0,1,0,0,0,0,0,0,0,0,0,0,0,0,1,0,0,0,0,0,0.796,0,0,leaf,3,h,i,p,0,0,0,0
Agathosma bisulca,Agathosma bisulca,Rutaceae,Agathosma bisulca,Bartl. & H.L.Wendl.,Rutaceae,1,0,1,0,1,0,0,0,0,1,0,Jun,Nov,NA,NA,100,0,0,0,1,0,0,0,0,0,0,0,0,0,0,0,0,1,1,0,0,0,0,1.5,0,0,leaf,2,h,i,p,0,0,0,0
Agathosma capensis,Agathosma capensis,Rutaceae,Agathosma capensis,Druce,Rutaceae,1,0,1,0,1,0,0,0,0,1,0,Jan,Dec,NA,NA,90,0,0,0,1,0,0,0,0,0,0,0,0,0,0,0,0,1,0,0,0,0,0,0.474482759,0,0,leaf,2,h,i,p,0,0,0,0
Agathosma cerefolium,Agathosma cerefolium,Rutaceae,Agathosma cerefolium,(Vent.) Bartl. & H.L.Wendl.,Rutaceae,1,0,1,0,1,0,0,0,0,0,0,Aug,Jan,NA,NA,140,0,0,0,0,1,0,0,0,0,0,0,0,0,0,0,0,0,1,0,0,0,0,NA,0,0,leaf,2,h,i,p,0,0,0,0
Agathosma ciliaris,Agathosma ciliaris,Rutaceae,Agathosma ciliaris,(L.) Druce,Rutaceae,1,0,1,0,1,0,0,0,0,0,0,May,Dec,NA,NA,45,0,0,0,1,0,0,0,0,0,0,0,0,0,0,0,0,0,1,0,0,0,0,0.62,0,0,leaf,2,h,i,p,0,0,0,0
Agathosma crenulata,Agathosma crenulata,Rutaceae,Agathosma crenulata,(L.) Pillans,Rutaceae,1,0,1,0,1,0,0,0,0,0,0,Jun,Nov,NA,NA,250,0,0,0,0,0,1,0,0,0,0,0,0,0,0,0,0,0,0,1,0,0,0,NA,0,0,leaf,2,h,i,p,0,0,0,0
Agathosma distans,Agathosma distans,Rutaceae,Agathosma distans,Pillans,Rutaceae,1,0,1,0,1,0,0,0,0,0,0,Sep,Sep,NA,NA,100,0,0,0,1,0,0,0,0,0,0,0,0,0,0,0,0,0,1,1,0,0,0,2,0,0,leaf,2,h,i,p,0,0,0,0
Agathosma divaricata,Agathosma divaricata,Rutaceae,Agathosma divaricata,Pillans,Rutaceae,1,0,1,0,1,0,0,0,0,0,0,Sep,Nov,NA,NA,30,0,0,0,1,0,0,0,0,0,0,0,0,0,0,0,0,0,0,1,0,0,0,0.5,0,0,leaf,2,h,i,p,0,0,0,0
Agathosma hookeri,Agathosma hookeri,Rutaceae,Agathosma hookeri,Sond.,Rutaceae,1,0,1,0,1,0,0,0,0,1,0,Aug,Nov,NA,NA,30,0,0,0,1,0,0,0,0,0,0,0,0,0,0,0,0,1,0,0,0,0,0,0.7,0,0,leaf,2,h,i,p,0,0,0,0
Agathosma imbricata,Agathosma imbricata,Rutaceae,Agathosma imbricata,(L.) Willd.,Rutaceae,1,0,1,0,1,0,0,0,0,1,0,Jun,Jan,NA,NA,100,0,0,0,1,0,0,0,0,0,0,0,0,0,0,0,0,0,1,0,0,0,0,0.348461538,0,0,leaf,2,h,i,p,0,0,0,0
Agathosma kougaense,Agathosma kougaense,Rutaceae,Agathosma kougaense,Pillans,Rutaceae,1,0,1,0,1,0,0,0,0,0,0,Jul,Nov,NA,NA,20,0,0,0,1,0,0,0,0,0,0,0,0,0,0,0,0,0,1,0,0,0,0,1,0,0,leaf,2,m,i,p,0,0,0,0
Agathosma lanceolata,Agathosma lanceolata,Rutaceae,Agathosma lanceolata,(L.) Engl.,Rutaceae,1,0,1,0,1,0,0,0,0,0,0,Apr,Oct,NA,NA,50,0,0,0,1,0,0,0,0,0,0,0,0,0,0,0,0,0,0,1,0,0,0,0.483333333,0,0,leaf,2,h,i,p,0,0,0,0
Agathosma martiana,Agathosma martiana,Rutaceae,Agathosma martiana,Sond.,Rutaceae,1,0,1,0,1,0,0,0,0,0,0,Jul,Sep,NA,NA,300,0,0,0,0,0,1,0,0,0,0,0,0,0,0,0,0,0,1,0,0,0,0,0.966666667,0,0,leaf,2,h,i,p,0,0,0,0
Agathosma minuta,Agathosma minuta,Rutaceae,Agathosma minuta,Schltdl.,Rutaceae,1,0,1,0,1,0,0,0,0,1,0,Jun,Sep,NA,NA,15,0,0,0,1,0,0,0,0,0,0,0,0,0,0,0,0,0,1,0,0,0,0,NA,0,0,leaf,2,h,i,p,0,0,0,0
Agathosma mucronulata,Agathosma mucronulata,Rutaceae,Agathosma mucronulata,Sond.,Rutaceae,1,0,1,0,1,0,0,0,0,0,0,Sep,Oct,NA,NA,100,0,0,0,1,0,0,0,0,0,0,0,0,0,0,0,0,0,1,0,0,0,0,0.7,0,0,leaf,2,h,i,p,0,0,0,0
Agathosma mundtii,Agathosma mundtii,Rutaceae,Agathosma mundtii,Cham.,Rutaceae,1,0,1,0,1,0,0,0,0,0,0,Jun,Nov,NA,NA,100,0,0,0,1,0,0,0,0,0,0,0,0,0,0,0,0,1,0,0,0,0,0,0.741111111,0,0,leaf,2,h,i,p,0,0,0,0
Agathosma orbicularis,Agathosma orbicularis,Rutaceae,Agathosma orbicularis,(Thunb.) Bartl. & H.L.Wendl.,Rutaceae,1,0,1,0,1,0,0,0,0,0,0,Jul,Nov,NA,NA,25,0,0,0,1,0,0,0,0,0,0,0,0,0,0,0,0,0,0,1,0,0,0,0.2,0,0,leaf,2,h,i,p,0,0,0,0
Agathosma ovata,Agathosma ovata,Rutaceae,Agathosma ovata,(Thunb.) Pillans,Rutaceae,1,0,1,0,1,0,0,0,0,0,0,Jan,Dec,NA,NA,300,0,0,0,0,0,1,0,0,0,0,0,0,0,0,0,0,0,0,1,0,0,0,1.007777778,0,0,leaf,2,h,i,i,0,0,0,0
Agathosma pilifera,Agathosma pilifera,Rutaceae,Agathosma pilifera,Schltdl.,Rutaceae,1,0,1,0,1,0,0,0,0,0,0,Sep,Oct,NA,NA,60,0,0,0,1,0,0,0,0,0,0,0,0,0,0,0,0,0,0,1,0,0,0,0.5,0,0,leaf,2,h,i,p,0,0,0,0
Agathosma puberula,Agathosma puberula,Rutaceae,Agathosma puberula,(Steud.) Fourc.,Rutaceae,1,0,1,0,1,0,0,0,0,0,0,Mar,Oct,NA,NA,300,0,0,0,0,0,1,0,0,0,0,0,0,0,0,0,0,0,1,0,0,0,0,0.8,0,0,leaf,2,h,i,p,0,0,0,0
Agathosma pubigera,Agathosma pubigera,Rutaceae,Agathosma pubigera,Sond.,Rutaceae,1,0,1,0,1,0,0,0,0,0,0,Aug,Sep,NA,NA,60,0,0,0,1,0,0,0,0,0,0,0,0,0,0,0,0,0,0,1,0,0,0,0.542,0,0,leaf,2,h,i,p,0,0,0,0
Agathosma pungens,Agathosma pungens,Rutaceae,Agathosma pungens,(E.Mey. ex Sond.) Pillans,Rutaceae,1,0,1,0,1,0,0,0,0,0,0,May,Nov,NA,NA,80,0,0,0,1,0,0,0,0,0,0,0,0,0,0,0,0,1,0,0,0,0,0,1.5,0,0,leaf,2,h,i,p,0,0,0,0
Agathosma recurvifolia,Agathosma recurvifolia,Rutaceae,Agathosma recurvifolia,Sond.,Rutaceae,1,0,1,0,1,0,0,0,0,0,0,May,Nov,NA,NA,150,0,0,0,0,1,0,0,0,0,0,0,0,0,0,0,0,0,1,0,0,0,0,0.503333333,0,0,leaf,2,h,i,p,0,0,0,0
Agathosma serpyllacea,Agathosma serpyllacea,Rutaceae,Agathosma serpyllacea,Licht. ex Roem. & Schult.,Rutaceae,1,0,1,0,1,0,0,0,0,0,0,May,Dec,NA,NA,80,0,0,0,1,0,0,0,0,0,0,0,0,0,0,0,0,0,1,0,0,0,0,0.675,0,0,leaf,2,h,i,p,0,0,0,0
Agathosma stilbeoides,Agathosma stilbeoides,Rutaceae,Agathosma stilbeoides,Dümmer,Rutaceae,1,0,1,0,1,0,0,0,0,0,0,Oct,Mar,NA,NA,100,0,0,0,1,0,0,0,0,0,0,0,0,0,0,0,0,0,1,0,0,0,0,0.5,0,0,leaf,2,h,i,p,0,0,0,0
Agathosma unicarpellata,Agathosma unicarpellata,Rutaceae,Agathosma unicarpellata,(Fourc.) Pillans,Rutaceae,1,0,1,0,1,0,0,0,0,0,0,Apr,Dec,NA,NA,45,0,0,0,1,0,0,0,0,0,0,0,0,0,0,0,0,0,1,0,0,0,0,1.4,0,0,leaf,2,h,i,p,0,0,0,0
Agathosma venusta,Agathosma venusta,Rutaceae,Agathosma venusta,(Eckl. & Zeyh.) Pillans,Rutaceae,1,0,1,0,1,0,0,0,0,0,0,Jul,Feb,NA,NA,100,0,0,0,1,0,0,0,0,0,0,0,0,0,0,0,0,0,1,0,0,0,0,0.915,0,0,leaf,2,h,i,p,0,0,0,0
Agrostis lachnantha,Agrostis lachnantha,Poaceae,Lachnagrostis lachnantha,(Nees) Rúgolo & A.M.Molina,Poaceae,0,1,1,0,0,1,1,1,0,0,0,Oct,Mar,NA,NA,90,0,0,1,0,0,0,0,0,0,0,0,0,0,0,0,0,1,0,0,0,0,0,NA,0,0,mixed,0,l,w,u,0,0,0,0
Aizoon paniculatum,Aizoon paniculatum,Aizoaceae,Aizoon paniculatum,L.,Aizoaceae,1,0,1,0,1,0,0,1,0,0,0,Jul,Oct,NA,NA,50,0,0,0,1,0,0,0,1,0,0,0,0,1,1,1,0,0,1,0,0,0,0,NA,0,0,leaf,1,l,i,p,0,0,0,0
Aizoon rigidum,Aizoon rigidum,Aizoaceae,Aizoon rigidum,L.f.,Aizoaceae,1,0,1,0,1,0,0,1,0,0,0,Sep,Oct,NA,NA,15,0,0,0,1,0,0,0,0,0,0,0,0,1,1,1,0,0,0,1,0,0,0,NA,0,0,leaf,1,l,i,p,0,0,0,0
Aizoon sarmentosum,Aizoon sarmentosum,Aizoaceae,Aizoon sarmentosum,L.f.,Aizoaceae,1,0,1,0,1,0,0,1,0,0,0,Jun,Oct,NA,NA,50,0,0,0,1,0,0,0,1,0,0,0,0,1,1,1,0,1,0,0,0,0,0,NA,0,0,leaf,1,l,i,p,0,0,0,0
Albuca cooperi,Albuca cooperi,Hyacinthaceae,Albuca cooperi,Baker,Asparagaceae,1,0,1,0,0,1,1,1,0,1,0,Sep,Nov,NA,NA,60,0,1,0,0,0,0,0,0,0,0,0,0,0,0,0,0,1,0,0,0,0,0,NA,0,0,leaf,2,l,i,p,0,0,0,0
Albuca flaccida,Albuca flaccida,Hyacinthaceae,Albuca flaccida,Jacq.,Asparagaceae,1,0,1,0,0,1,1,1,0,1,0,Aug,Oct,NA,NA,100,0,1,0,0,0,0,0,0,0,0,0,0,0,0,0,0,1,0,0,0,0,0,NA,0,0,leaf,2,l,i,p,0,0,0,0
Alepidea capensis,Alepidea capensis,Apiaceae,Alepidea capensis,(Berg.) R.A.Dyer,Apiaceae,1,0,1,0,1,0,0,1,0,1,0,Nov,Feb,NA,NA,40,1,0,0,0,0,0,0,0,0,0,0,0,0,0,0,0,0,1,0,0,0,0,2.34,0,0,leaf,2,l,i,p,0,0,0,0
Alepidea delicatula,Alepidea delicatula,Apiaceae,Alepidea delicatula,Weim.,Apiaceae,1,0,1,0,1,0,0,1,0,1,0,Jan,Feb,NA,NA,20,1,0,0,0,0,0,0,0,0,0,0,0,0,0,0,0,0,1,0,0,0,0,NA,0,0,leaf,2,l,i,p,0,0,0,0
Allophylus decipiens,Allophylus decipiens,Sapindaceae,Allophylus decipiens,Radlk.,Sapindaceae,1,0,1,0,1,0,0,0,0,0,0,Nov,Jan,NA,NA,400,0,0,0,0,0,1,1,0,0,0,0,0,0,0,0,0,0,0,1,1,0,0,NA,0,0,leaf,3,m,i,m,0,0,0,0
Aloe arborescens,Aloe arborescens,Asphodelaceae,Aloe arborescens,Mill.,Asphodelaceae,1,0,1,0,1,0,0,0,0,1,0,May,Jun,NA,NA,300,0,0,0,0,0,1,0,0,0,0,0,0,1,1,1,0,0,1,0,0,0,0,31.322,0,0,leaf,3,l,b,w,0,0,0,0
Aloe ciliaris,Aloe ciliaris,Asphodelaceae,Aloiampelos ciliaris,(Haw.) Klopper & Gideon F.Sm.,Asphodelaceae,1,0,1,0,1,0,0,0,0,0,0,Nov,Apr,NA,NA,500,0,0,0,1,1,0,0,0,0,0,0,0,1,1,1,0,0,1,0,0,0,0,NA,0,0,leaf,3,l,b,w,0,0,0,0
Aloe comptonii,Aloe comptonii,Asphodelaceae,Aloe comptonii,Reynolds,Asphodelaceae,1,0,1,0,1,0,0,0,0,0,0,Aug,Dec,NA,NA,100,0,0,0,0,0,0,0,0,0,0,0,1,1,1,1,0,0,1,0,0,0,0,29.53333333,0,0,leaf,3,l,b,w,0,0,0,0
Aloe ferox,Aloe ferox,Asphodelaceae,Aloe ferox,Mill.,Asphodelaceae,1,0,1,0,1,0,0,0,0,1,0,May,Nov,NA,NA,300,0,0,0,0,0,1,1,0,0,0,0,0,1,1,1,0,0,1,0,0,0,0,49.86666667,0,0,leaf,3,l,b,w,0,0,0,0
Aloe perfoliata,Aloe mitriformis,Asphodelaceae,Aloe perfoliata,L.,Asphodelaceae,1,0,1,0,1,0,0,0,0,0,0,Dec,Feb,NA,NA,200,0,0,0,1,0,0,0,0,0,0,0,1,1,1,1,0,0,0,1,0,0,0,NA,0,0,leaf,3,l,b,w,0,0,0,0
Aloe speciosa,Aloe speciosa,Asphodelaceae,Aloe speciosa,Baker,Asphodelaceae,1,0,1,0,1,0,0,0,0,0,0,Aug,Sep,NA,NA,400,0,0,0,0,0,1,1,0,0,0,0,0,1,1,1,0,0,1,0,0,0,0,71,0,0,leaf,3,l,b,w,0,0,0,0
Alsophila capensis,Cyathea capensis,Cyatheaceae,Alsophila capensis,(L.f.) J.Sm.,Cyatheaceae,1,0,1,0,1,0,0,0,0,1,0,Jan,Dec,NA,NA,450,0,0,0,0,0,0,1,0,0,0,0,0,0,0,0,0,0,0,1,0,0,1,NA,0,0,leaf,3,l,w,w,1,0,0,0
Amphithalea axillaris,Amphithalea axillaris,Fabaceae,Amphithalea axillaris,Granby,Fabaceae,1,0,1,0,1,0,0,1,0,0,0,Apr,Aug,NA,NA,100,0,0,0,1,0,0,0,0,0,0,0,0,0,0,0,0,0,1,0,0,0,0,NA,0,0,leaf,2,h,i,p,0,0,0,0
Amphithalea cymbifolia,Amphithalea cymbifolia,Fabaceae,Amphithalea cymbifolia,(C.A.Sm.) A.L.Schutte,Fabaceae,1,0,1,0,1,0,0,1,0,1,0,Oct,Nov,NA,NA,30,0,0,0,1,0,0,0,0,0,0,0,0,0,0,0,0,1,0,0,0,0,0,0.976666667,0,0,leaf,2,h,i,p,0,0,0,0
Amphithalea ericifolia,Amphithalea ericifolia,Fabaceae,Amphithalea ericifolia,(L.) Eckl. & Zeyh.,Fabaceae,1,0,1,0,1,0,0,1,0,1,0,Apr,Jan,NA,NA,100,0,0,0,1,0,0,0,0,0,0,0,0,0,0,0,0,0,1,0,0,0,0,0.533333333,0,0,leaf,3,h,i,p,0,0,0,0
Amphithalea micrantha,Amphithalea micrantha,Fabaceae,Amphithalea micrantha,(E.Mey.) Walp.,Fabaceae,1,0,1,0,1,0,0,1,0,1,0,Apr,Jul,NA,NA,50,0,0,0,1,0,0,0,0,0,0,0,0,0,0,0,0,0,0,1,0,0,0,NA,0,0,leaf,2,h,i,p,0,0,0,0
Amphithalea violacea,Amphithalea violacea,Fabaceae,Amphithalea violacea,(E.Mey.) Benth.,Fabaceae,1,0,1,0,1,0,0,1,0,1,0,Mar,Aug,NA,NA,100,0,0,0,1,0,0,0,0,0,0,0,0,0,0,0,0,0,1,0,0,0,0,0.565,0,0,leaf,2,h,i,p,0,0,0,0
Amphithalea williamsonii,Amphithalea williamsonii,Fabaceae,Amphithalea williamsonii,Harv.,Fabaceae,1,0,1,0,1,0,0,1,0,1,0,May,Aug,NA,NA,200,0,0,0,0,0,1,0,0,0,0,0,0,0,0,0,0,0,0,1,0,0,0,0.868333333,0,0,leaf,2,h,i,p,0,0,0,0
Anacampseros arachnoides,Anacampseros arachnoides,Portulacaceae,Anacampseros arachnoides,(Haw.) Sims,Anacampserotaceae,1,0,1,0,1,0,0,0,0,0,0,Nov,Jan,NA,NA,12,0,0,0,0,0,0,0,0,0,0,0,1,1,1,1,0,0,0,1,0,0,0,NA,0,0,leaf,2,l,i,p,0,0,0,0
Anacampseros telephiastrum,Anacampseros telephiastrum,Portulacaceae,Anacampseros telephiastrum,DC.,Anacampserotaceae,1,0,1,0,1,0,0,0,0,0,0,Nov,Dec,NA,NA,15,0,0,0,0,0,0,0,0,0,0,0,1,1,1,1,0,0,0,1,0,0,0,NA,0,0,leaf,2,l,i,p,0,0,0,0
Anaxeton asperum,Anaxeton asperum,Asteraceae,Anaxeton asperum,DC.,Asteraceae,1,0,1,0,1,0,0,0,0,0,0,Aug,Dec,NA,NA,30,0,0,0,1,0,0,0,0,0,0,0,0,0,0,0,0,1,0,0,0,0,0,NA,0,0,leaf,1,m,i,w,0,0,0,0
Anaxeton laeve,Anaxeton laeve,Asteraceae,Anaxeton laeve,(Harv.) Lundgren,Asteraceae,1,0,1,0,1,0,0,0,0,0,0,Dec,May,NA,NA,45,0,0,0,1,0,0,0,0,0,0,0,0,0,0,0,0,1,0,0,0,0,0,2.183333333,0,0,leaf,1,m,i,w,0,0,0,0
Anaxeton nycthemerum,Anaxeton nycthemerum,Asteraceae,Anaxeton nycthemerum,Less.,Asteraceae,1,0,1,0,1,0,0,0,0,0,0,Oct,Dec,NA,NA,30,0,0,0,1,0,0,0,0,0,0,0,0,0,0,0,0,0,0,1,0,0,0,NA,0,0,leaf,1,m,i,w,0,0,0,0
Anderbergia epaleata,Anderbergia epaleata,Asteraceae,Anderbergia epaleata,(Hilliard & B.L.Burtt) B.Nord.,Asteraceae,1,0,1,0,1,0,0,0,0,1,0,Sep,Sep,NA,NA,50,0,0,0,1,0,0,0,0,0,0,0,0,0,0,0,0,0,1,0,0,0,0,NA,0,0,leaf,2,h,i,w,0,0,0,0
Andropogon appendiculatus,Andropogon appendiculatus,Poaceae,Andropogon appendiculatus,Nees,Poaceae,1,0,1,0,1,0,0,1,0,0,0,Oct,Apr,NA,NA,120,0,0,1,0,0,0,0,0,0,0,0,0,0,0,0,0,1,0,0,0,0,0,13.41666667,0,1,leaf,2,h,w,w,0,0,0,0
Anemone knowltonia,Knowltonia capensis,Ranunculaceae,Knowltonia capensis,Huth,Ranunculaceae,1,0,1,0,1,0,0,0,0,1,0,Jun,Sep,NA,NA,30,1,0,0,0,0,0,0,0,0,0,0,0,0,0,0,0,0,0,1,1,0,0,8.52,0,0,leaf,2,l,i,i,0,0,0,0
Anemone tenuifolia,Anemone tenuifolia,Ranunculaceae,Pulsatilla vulgaris,Mill.,Ranunculaceae,1,0,1,0,1,0,0,0,0,1,0,Jun,Feb,NA,NA,40,1,0,0,0,0,0,0,0,0,0,0,0,0,0,0,0,0,1,0,1,0,0,NA,0,0,leaf,2,l,i,i,0,0,0,0
Anemone vesicatoria,Knowltonia vesicatoria,Ranunculaceae,Anemone vesicatoria,(L.f.) Prantl,Ranunculaceae,1,0,1,0,1,0,0,0,0,1,0,Aug,Oct,NA,NA,120,1,0,0,0,0,0,0,0,0,0,0,0,0,0,0,0,0,0,1,1,1,0,7.733333333,0,0,leaf,2,l,i,i,0,0,0,0
Anginon difforme,Anginon difforme,Apiaceae,Anginon difforme,(L.) B.L.Burtt,Apiaceae,1,0,1,0,1,0,0,0,0,0,0,Dec,Apr,NA,NA,300,0,0,0,0,0,1,0,0,0,0,0,0,0,0,0,0,1,0,0,0,0,0,NA,0,0,leaf,2,m,i,w,0,0,0,0
Anisodontea scabrosa,Anisodontea scabrosa,Malvaceae,Anisodontea scabrosa,(L.) D.M.Bates,Malvaceae,1,0,1,0,1,0,0,0,0,0,0,Sep,Dec,NA,NA,200,0,0,0,0,0,1,0,0,0,0,0,0,0,0,0,0,0,0,1,0,1,0,NA,0,0,leaf,2,m,i,w,0,0,0,0
Annesorhiza altiscapa,Annesorhiza altiscapa,Apiaceae,Annesorhiza altiscapa,Schltr. ex H.Wolff,Apiaceae,1,0,1,0,1,0,1,1,0,1,0,Aug,Sep,NA,NA,150,1,0,0,0,0,0,0,0,0,0,0,0,0,0,0,0,0,1,0,1,1,1,NA,0,0,leaf,2,m,i,w,0,0,0,0
Anthochortus capensis,Anthochortus capensis,Restionaceae,Anthochortus capensis,Esterh.,Restionaceae,1,0,0,1,1,0,0,0,0,0,0,Aug,Aug,NA,NA,50,0,0,1,0,0,0,0,0,0,0,0,0,0,0,0,0,1,0,0,0,0,0,11.4,1,1,culm_stem,2,h,w,p,0,0,0,0
Anthochortus crinalis,Anthochortus crinalis,Restionaceae,Anthochortus crinalis,(Mast.) H.P.Linder,Restionaceae,1,0,0,1,1,0,0,0,0,1,0,May,May,NA,NA,80,0,0,1,0,0,0,0,0,0,0,0,0,0,0,0,0,1,0,0,0,0,0,45.52,1,1,culm_stem,2,h,w,p,0,0,0,0
Anthochortus ecklonii,Anthochortus ecklonii,Restionaceae,Anthochortus ecklonii,Nees,Restionaceae,1,0,0,1,1,0,0,0,0,1,0,Jan,Dec,NA,NA,50,0,0,1,0,0,0,0,0,0,0,0,0,0,0,0,0,1,0,0,0,0,0,NA,1,1,culm_stem,2,h,w,p,0,0,0,0
Anthochortus laxiflorus,Anthochortus laxiflorus,Restionaceae,Anthochortus laxiflorus,(Nees) H.P.Linder,Restionaceae,1,0,0,1,1,0,0,0,0,0,0,Nov,Dec,NA,NA,50,0,0,1,0,0,0,0,0,0,0,0,0,0,0,0,0,1,0,0,0,0,0,32.56,1,1,culm_stem,2,h,w,p,0,0,0,0
Anthospermum aethiopicum,Anthospermum aethiopicum,Rubiaceae,Anthospermum aethiopicum,L.,Rubiaceae,1,0,0,1,1,0,0,0,0,0,0,Aug,Jan,NA,NA,200,0,0,0,0,0,1,0,0,0,0,0,0,0,0,0,0,1,0,0,0,0,0,0.575526316,0,0,leaf,2,h,w,p,0,0,0,0
Anthospermum bergianum,Anthospermum bergianum,Rubiaceae,Anthospermum bergianum,Cruse,Rubiaceae,1,0,0,1,1,0,0,0,0,0,0,Jul,Jan,NA,NA,70,0,0,0,1,0,0,0,0,0,0,0,0,0,0,0,0,0,1,0,0,0,0,1,0,0,leaf,2,h,w,p,0,0,0,0
Anthospermum galioides,Anthospermum galioides,Rubiaceae,Anthospermum galioides,Rchb. ex Spreng.,Rubiaceae,1,0,0,1,1,0,0,0,0,0,0,Jul,Jan,NA,NA,50,0,0,0,1,0,0,0,0,0,0,0,0,0,0,0,0,1,1,0,0,0,0,0.8825,0,0,leaf,2,m,w,p,0,0,0,0
Anthospermum prostratum,Anthospermum prostratum,Rubiaceae,Anthospermum prostratum,Sond.,Rubiaceae,1,0,0,1,1,0,0,0,0,0,0,Aug,Oct,NA,NA,10,0,0,0,1,0,0,0,0,0,0,0,0,0,0,0,0,0,1,0,0,0,0,NA,0,0,leaf,2,l,w,p,0,0,0,0
Anthospermum spathulatum,Anthospermum spathulatum,Rubiaceae,Anthospermum spathulatum,Spreng.,Rubiaceae,1,0,0,1,1,0,0,0,0,0,0,Jun,Feb,NA,NA,200,0,0,0,0,0,1,0,0,0,0,0,0,0,0,0,0,1,0,0,0,0,0,NA,0,0,leaf,2,h,w,p,0,0,0,0
Antimima dasyphylla,Antimima dasyphylla,Aizoaceae,Antimima dasyphylla,(Schltr.) H.E.K.Hartmann,Aizoaceae,1,0,1,0,1,0,0,1,0,0,0,Aug,Aug,NA,NA,20,0,0,0,1,0,0,0,0,0,0,0,0,1,1,1,1,0,1,0,0,0,0,0.496,0,0,leaf,2,l,i,p,0,0,0,0
Apium decumbens,Apium decumbens,Apiaceae,Apium graveolens,L.,Apiaceae,1,1,1,0,1,0,1,1,0,0,0,Jan,Mar,NA,NA,10,1,0,0,0,0,0,0,0,0,0,0,0,0,0,0,0,0,0,1,0,0,0,3.9375,0,0,leaf,0,l,i,u,0,0,0,0
Apodytes dimidiata,Apodytes dimidiata,Icacinaceae,Apodytes dimidiata,E.Mey. ex Arn.,Metteniusaceae,1,0,1,0,1,0,0,0,0,0,0,Nov,Jan,NA,NA,2000,0,0,0,0,0,0,1,0,0,0,0,0,0,0,0,0,0,0,1,0,0,0,NA,0,0,leaf,3,l,i,m,0,0,0,0
Arctopus echinatus,Arctopus echinatus,Apiaceae,Arctopus echinatus,L.,Apiaceae,1,0,1,0,1,0,0,0,0,1,0,May,Jul,NA,NA,5,1,1,0,0,0,0,0,0,0,0,0,0,0,0,0,0,0,0,1,0,1,0,7.52,0,0,leaf,2,l,i,m,0,0,0,0
Arctotheca calendula,Arctotheca calendula,Asteraceae,Arctotheca calendula,(L.) Levyns,Asteraceae,0,1,1,0,0,1,1,1,0,0,0,Jul,Nov,NA,NA,20,1,0,0,0,0,0,0,0,0,0,0,0,0,0,0,0,0,0,1,0,1,1,NA,0,0,leaf,0,l,i,w,0,0,0,0
Arctotis acaulis,Arctotis acaulis,Asteraceae,Arctotis acaulis,Brot.,Asteraceae,1,0,1,0,1,0,0,1,0,0,0,Aug,Oct,NA,NA,20,1,0,0,0,0,0,0,0,0,0,0,0,0,0,0,0,0,1,1,0,1,1,NA,0,0,leaf,1,l,i,w,0,0,0,0
Arctotis adpressa,Arctotis adpressa,Asteraceae,Arctotis adpressa,DC.,Asteraceae,1,0,1,0,1,0,0,1,0,1,0,Sep,Nov,NA,NA,20,1,1,0,0,0,0,0,0,0,0,0,0,0,0,0,0,0,1,0,0,0,1,5.46,0,0,leaf,2,l,i,w,0,0,0,0
Arctotis aspera,Arctotis aspera,Asteraceae,Arctotis aspera,L.,Asteraceae,1,0,1,0,1,0,0,1,0,0,0,Aug,Oct,NA,NA,200,1,0,0,0,0,0,0,0,0,0,0,0,0,0,0,0,0,1,0,0,0,1,8.32,0,0,leaf,1,m,i,w,0,0,0,0
Arctotis scabra,Arctotis scabra,Asteraceae,Arctotis semipapposa,(DC.) Beauverd,Asteraceae,1,0,1,0,1,0,0,1,0,0,0,Sep,Apr,NA,NA,20,1,0,0,0,0,0,0,0,0,0,0,0,0,0,0,0,1,0,0,0,0,0,12.625,0,0,leaf,1,m,i,w,0,0,0,0
Arctotis stoechadifolia,Arctotis stoechadifolia,Asteraceae,Arctotis stoechadifolia,P.J.Bergius,Asteraceae,1,0,1,0,1,0,0,0,0,0,0,Sep,Dec,NA,NA,35,1,0,0,0,0,0,0,1,0,0,0,0,0,0,0,0,0,1,0,0,1,1,5.433333333,0,0,leaf,2,l,i,w,0,0,0,0
Argyrolobium collinum,Argyrolobium collinum,Fabaceae,Argyrolobium collinum,Eckl. & Zeyh.,Fabaceae,1,0,1,0,1,0,0,1,0,1,0,Sep,Feb,NA,NA,300,0,0,0,0,1,0,0,0,0,0,0,0,0,0,0,0,0,0,1,1,0,0,0.75,0,0,leaf,3,h,i,p,0,0,0,0
Argyrolobium filiforme,Argyrolobium filiforme,Fabaceae,Argyrolobium filifolia,(Pers.) ined.,Fabaceae,1,0,1,0,1,0,0,1,0,1,0,Sep,Jan,NA,NA,15,0,0,0,1,0,0,0,0,0,0,0,0,0,0,0,0,0,1,0,1,0,0,NA,0,0,leaf,3,l,i,p,0,0,0,0
Argyrolobium incanum,Argyrolobium incanum,Fabaceae,Argyrolobium incanum,Eckl. & Zeyh.,Fabaceae,1,0,1,0,1,0,0,1,0,1,0,Jul,Jan,NA,NA,200,0,0,0,0,1,0,0,0,0,0,0,0,0,0,0,0,0,0,1,1,0,0,NA,0,0,leaf,3,h,i,p,0,0,0,0
Argyrolobium parviflorum,Argyrolobium parviflorum,Fabaceae,Argyrolobium parviflorum,T.J.Edwards,Fabaceae,1,0,1,0,1,0,0,1,0,1,0,Nov,May,NA,NA,100,0,0,0,1,0,0,0,0,0,0,0,0,0,0,0,0,0,0,1,1,0,0,NA,0,0,leaf,3,h,i,p,0,0,0,0
Aristea africana,Aristea africana,Iridaceae,Aristea africana,(L.) Hoffmanns.,Iridaceae,1,0,1,0,1,0,0,0,0,1,0,Oct,Jan,NA,NA,15,1,0,0,0,0,0,0,0,0,0,0,0,0,0,0,0,1,0,0,0,0,0,8.25,0,0,leaf,2,l,i,p,0,0,0,0
Aristea anceps,Aristea anceps,Iridaceae,Aristea anceps,Eckl. ex Klatt,Iridaceae,1,0,1,0,1,0,0,1,0,1,0,Sep,Jan,NA,NA,30,1,0,0,0,0,0,0,0,0,0,0,0,0,0,0,0,0,1,0,0,0,0,NA,0,0,leaf,2,m,i,p,0,0,0,0
Aristea bakeri,Aristea bakeri,Iridaceae,Aristea bakeri,Klatt,Iridaceae,1,0,1,0,1,0,0,1,1,1,0,Oct,Dec,NA,NA,100,1,0,0,0,0,0,0,0,0,0,0,0,0,0,0,0,0,1,0,0,0,0,NA,0,0,leaf,2,m,i,p,0,0,0,0
Aristea capitata,Aristea major,Iridaceae,Aristea capitata,(L.) Ker Gawl.,Iridaceae,1,0,1,0,1,0,0,0,0,1,0,Oct,Dec,NA,NA,150,1,0,0,0,0,0,0,0,0,0,0,0,0,0,0,0,0,1,0,0,0,0,60.16,0,0,leaf,2,m,i,p,0,0,0,0
Aristea cuspidata,Aristea cuspidata,Iridaceae,Aristea cuspidata,Schinz,Iridaceae,1,0,1,0,1,0,0,1,0,1,0,Oct,Dec,NA,NA,60,1,0,0,0,0,0,0,0,0,0,0,0,0,0,0,0,1,0,0,0,0,0,NA,0,0,leaf,2,m,i,p,0,0,0,0
Aristea dichotoma,Aristea dichotoma,Iridaceae,Aristea dichotoma,(Thunb.) Ker Gawl.,Iridaceae,1,0,1,0,1,0,0,0,0,1,0,Dec,Mar,NA,NA,30,1,0,0,0,0,0,0,0,0,0,0,0,0,0,0,0,1,0,0,0,0,0,NA,0,0,leaf,2,l,i,p,0,0,0,0
Aristea glauca,Aristea glauca,Iridaceae,Aristea glauca,Klatt,Iridaceae,1,0,1,0,1,0,0,1,0,1,0,Oct,Dec,NA,NA,15,1,0,0,0,0,0,0,0,0,0,0,0,0,0,0,0,1,0,0,0,0,0,58.22,0,0,leaf,2,l,i,p,0,0,0,0
Aristea oligocephala,Aristea oligocephala,Iridaceae,Aristea oligocephala,Baker,Iridaceae,1,0,1,0,1,0,0,1,0,1,0,Nov,Jan,NA,NA,25,1,0,0,0,0,0,0,0,0,0,0,0,0,0,0,0,1,0,0,0,0,0,NA,0,0,leaf,2,l,i,p,0,0,0,0
Aristea pusilla,Aristea pusilla,Iridaceae,Aristea pusilla,(Thunb.) Ker Gawl.,Iridaceae,1,0,1,0,1,0,0,1,0,1,0,Sep,Nov,NA,NA,20,1,0,0,0,0,0,0,0,0,0,0,0,0,0,0,0,0,1,0,0,0,0,10.03333333,0,0,leaf,2,l,i,p,0,0,0,0
Aristea racemosa,Aristea racemosa,Iridaceae,Aristea racemosa,Baker,Iridaceae,1,0,1,0,1,0,0,1,0,1,0,Oct,Dec,NA,NA,40,1,0,0,0,0,0,0,0,0,0,0,0,0,0,0,0,1,0,0,0,0,0,50.9,0,0,leaf,2,m,i,p,0,0,0,0
Aristida adscensionis,Aristida adscensionis,Poaceae,Aristida adscensionis,L.,Poaceae,0,1,1,0,0,1,1,1,0,1,0,Dec,Sep,NA,NA,100,0,0,1,0,0,0,0,0,0,0,0,0,0,0,0,0,1,0,0,0,0,0,NA,0,1,mixed,0,l,w,w,0,0,0,0
Aristida congesta,Aristida congesta,Poaceae,Aristida congesta,Roem. & Schult.,Poaceae,1,1,1,0,1,0,1,1,0,0,0,Dec,May,NA,NA,90,0,0,1,0,0,0,0,0,0,0,0,0,0,0,0,0,1,0,0,0,0,0,6.066666667,0,1,mixed,1,l,w,w,0,0,0,0
Aristida diffusa,Aristida diffusa,Poaceae,Aristida diffusa,Trin.,Poaceae,1,0,1,0,1,0,0,1,0,1,0,Oct,Apr,NA,NA,100,0,0,1,0,0,0,0,0,0,0,0,0,0,0,0,0,1,0,0,0,0,0,NA,0,1,mixed,1,h,w,w,0,0,0,0
Aristida junciformis,Aristida junciformis,Poaceae,Aristida junciformis,Trin. & Rupr.,Poaceae,1,0,1,0,1,0,0,1,0,1,0,Nov,May,NA,NA,90,0,0,1,0,0,0,0,0,0,0,0,0,0,0,0,0,1,0,0,0,0,0,17.1,0,1,mixed,2,h,w,w,0,0,0,0
Asclepias crispa,Asclepias crispa,Apocynaceae,Asclepias crispa,P.J.Bergius,Apocynaceae,1,0,1,0,1,0,0,0,0,1,0,Nov,May,NA,NA,30,1,0,0,0,0,0,0,0,0,0,0,0,0,0,0,0,1,0,0,0,0,0,NA,0,0,leaf,3,l,i,w,0,0,0,0
Askidiosperma capitatum,Askidiosperma capitatum,Restionaceae,Askidiosperma capitatum,Steud.,Restionaceae,1,0,0,1,1,0,0,0,0,0,0,Sep,Nov,NA,NA,80,0,0,1,0,0,0,0,0,0,0,0,0,0,0,0,0,0,0,0,0,0,0,35.44,1,1,culm_stem,2,h,w,w,0,0,0,0
Askidiosperma nitidum,Askidiosperma nitidum,Restionaceae,Askidiosperma nitidum,(Mast.) H.P.Linder,Restionaceae,1,0,0,1,1,0,0,0,0,0,0,Aug,Sep,NA,NA,120,0,0,1,0,0,0,0,0,0,0,0,0,0,0,0,0,0,0,0,0,0,0,81.54,1,1,culm_stem,2,h,w,w,0,0,0,0
Askidiosperma paniculatum,Askidiosperma paniculatum,Restionaceae,Askidiosperma paniculatum,(Mast.) H.P.Linder,Restionaceae,1,0,0,1,1,0,0,0,0,1,0,Apr,Apr,NA,NA,100,0,0,1,0,0,0,0,0,0,0,0,0,0,0,0,0,0,0,0,0,0,0,NA,1,1,culm_stem,2,h,w,w,0,0,0,0
Aspalathus abietina,Aspalathus abietina,Fabaceae,Aspalathus abietina,Thunb.,Fabaceae,1,0,1,0,1,0,0,1,0,0,0,Sep,Dec,NA,NA,60,0,0,0,1,0,0,0,0,0,0,0,0,0,0,0,0,1,0,0,1,0,0,0.433333333,0,0,leaf,1,h,i,p,0,0,0,0
Aspalathus acanthes,Aspalathus acanthes,Fabaceae,Aspalathus acanthes,Eckl. & Zeyh.,Fabaceae,1,0,1,0,1,0,0,1,0,0,0,Aug,Dec,NA,NA,150,0,0,0,0,1,0,0,0,0,0,0,0,0,0,0,0,1,0,0,1,0,0,1.252,0,0,leaf,1,h,i,p,0,0,0,0
Aspalathus aciphylla,Aspalathus aciphylla,Fabaceae,Aspalathus aciphylla,Harv.,Fabaceae,1,0,1,0,1,0,0,1,0,0,0,Jul,Nov,NA,NA,200,0,0,0,0,0,1,0,0,0,0,0,0,0,0,0,0,0,0,1,1,0,0,0.836666667,0,0,leaf,1,h,i,p,0,0,0,0
Aspalathus argyrella,Aspalathus argyrella,Fabaceae,Aspalathus argyrella,MacOwan,Fabaceae,1,0,1,0,1,0,0,1,0,0,0,Sep,Oct,NA,NA,10,0,0,0,1,0,0,0,1,0,0,0,0,0,0,0,0,0,1,0,1,0,0,NA,0,0,leaf,1,h,i,p,0,0,0,0
Aspalathus aspalathoides,Aspalathus aspalathoides,Fabaceae,Aspalathus aspalathoides,(L.) R.Dahlgren,Fabaceae,1,0,1,0,1,0,0,1,0,0,0,Oct,Jan,NA,NA,40,0,0,0,1,0,0,0,0,0,0,0,0,0,0,0,0,0,1,0,1,0,0,NA,0,0,leaf,1,h,i,p,0,0,0,0
Aspalathus asparagoides,Aspalathus asparagoides,Fabaceae,Aspalathus asparagoides,L.f.,Fabaceae,1,0,1,0,1,0,0,1,0,0,0,Sep,Feb,NA,NA,100,0,0,0,1,0,0,0,0,0,0,0,0,0,0,0,0,1,0,0,1,0,0,NA,0,0,leaf,1,h,i,p,0,0,0,0
Aspalathus biflora,Aspalathus biflora,Fabaceae,Aspalathus biflora,E.Mey.,Fabaceae,1,0,1,0,1,0,0,1,0,0,0,Aug,Apr,NA,NA,200,0,0,0,1,0,0,0,0,0,0,0,0,0,0,0,0,1,0,0,1,0,0,NA,0,0,leaf,1,h,i,p,0,0,0,0
Aspalathus callosa,Aspalathus callosa,Fabaceae,Aspalathus callosa,L.,Fabaceae,1,0,1,0,1,0,0,1,0,0,0,Oct,Jan,NA,NA,60,0,0,0,1,0,0,0,0,0,0,0,0,0,0,0,0,1,0,0,1,0,0,NA,0,0,leaf,1,h,i,p,0,0,0,0
Aspalathus capensis,Aspalathus capensis,Fabaceae,Aspalathus capensis,(Walp.) R.Dahlgren,Fabaceae,1,0,1,0,1,0,0,1,0,0,0,Jul,Dec,NA,NA,250,0,0,0,0,1,0,0,0,0,0,0,0,0,0,0,0,1,0,0,1,0,0,0.716666667,0,0,leaf,1,h,i,p,0,0,0,0
Aspalathus carnosa,Aspalathus carnosa,Fabaceae,Aspalathus carnosa,P.J.Bergius,Fabaceae,1,0,1,0,1,0,0,1,0,0,0,Aug,Dec,NA,NA,250,0,0,0,0,1,0,0,0,0,0,0,0,0,0,0,0,1,0,0,1,0,0,0.4,0,0,leaf,1,h,i,p,0,0,0,0
Aspalathus chenopoda,Aspalathus chenopoda,Fabaceae,Aspalathus chenopoda,L.,Fabaceae,1,0,1,0,1,0,0,1,0,0,0,Aug,Dec,NA,NA,200,0,0,0,0,1,0,0,0,0,0,0,0,0,0,0,0,1,0,0,1,0,0,0.82,0,0,leaf,1,h,i,p,0,0,0,0
Aspalathus chortophila,Aspalathus chortophila,Fabaceae,Aspalathus chortophila,Eckl. & Zeyh.,Fabaceae,1,0,1,0,1,0,0,1,0,0,0,Oct,Dec,NA,NA,100,0,0,0,1,0,0,0,0,0,0,0,0,0,0,0,0,1,0,0,1,0,0,NA,0,0,leaf,1,h,i,p,0,0,0,0
Aspalathus ciliaris,Aspalathus ciliaris,Fabaceae,Aspalathus ciliaris,L.,Fabaceae,1,0,1,0,1,0,0,1,0,0,0,Sep,Feb,NA,NA,150,0,0,0,0,1,0,0,0,0,0,0,0,0,0,0,0,1,0,0,1,0,0,0.384,0,0,leaf,1,h,i,p,0,0,0,0
Aspalathus collina,Aspalathus collina,Fabaceae,Aspalathus collina,Eckl. & Zeyh.,Fabaceae,1,0,1,0,1,0,0,1,0,0,0,Jul,Dec,NA,NA,130,0,0,0,0,1,0,0,0,0,0,0,0,0,0,0,0,1,0,0,1,0,0,0.441666667,0,0,leaf,1,h,i,p,0,0,0,0
Aspalathus crassisepala,Aspalathus crassisepala,Fabaceae,Aspalathus crassisepala,R.Dahlgren,Fabaceae,1,0,1,0,1,0,0,1,0,0,0,Sep,Sep,NA,NA,100,0,0,0,1,0,0,0,0,0,0,0,0,0,0,0,0,1,0,0,1,0,0,NA,0,0,leaf,1,h,i,p,0,0,0,0
Aspalathus decora,Aspalathus decora,Fabaceae,Aspalathus decora,R.Dahlgren,Fabaceae,1,0,1,0,1,0,0,1,0,0,0,Nov,Dec,NA,NA,400,0,0,0,0,0,1,0,0,0,0,0,0,0,0,0,0,1,0,0,1,0,0,1.364,0,0,leaf,1,h,i,p,0,0,0,0
Aspalathus divaricata,Aspalathus divaricata,Fabaceae,Aspalathus divaricata,Thunb.,Fabaceae,1,0,1,0,1,0,0,1,0,0,0,Oct,Feb,NA,NA,100,0,0,0,1,0,0,0,1,0,0,0,0,0,0,0,0,1,0,0,1,0,0,NA,0,0,leaf,1,h,i,p,0,0,0,0
Aspalathus ericifolia,Aspalathus ericifolia,Fabaceae,Aspalathus ericifolia,L.,Fabaceae,1,0,1,0,1,0,0,1,0,0,0,Sep,Nov,NA,NA,60,0,0,0,1,0,0,0,0,0,0,0,0,0,0,0,0,1,0,0,1,0,0,0.366666667,0,0,leaf,1,h,i,p,0,0,0,0
Aspalathus forbesii,Aspalathus forbesii,Fabaceae,Aspalathus forbesii,Harv.,Fabaceae,1,0,1,0,1,0,0,1,0,0,0,Jul,Apr,NA,NA,250,0,0,0,0,0,1,0,0,0,0,0,0,0,0,0,0,1,0,0,1,0,0,0.332,0,0,leaf,1,h,i,p,0,0,0,0
Aspalathus fourcadei,Aspalathus fourcadei,Fabaceae,Aspalathus fourcadei,L.Bolus,Fabaceae,1,0,1,0,1,0,0,1,0,0,0,Sep,Sep,NA,NA,200,0,0,0,0,0,1,0,0,0,0,0,0,0,0,0,0,1,0,0,1,0,0,NA,0,0,leaf,1,h,i,p,0,0,0,0
Aspalathus galeata,Aspalathus galeata,Fabaceae,Aspalathus galeata,E.Mey.,Fabaceae,1,0,1,0,1,0,0,1,0,0,0,Sep,Jan,NA,NA,60,0,0,0,1,0,0,0,0,0,0,0,0,0,0,0,0,1,0,0,1,0,0,NA,0,0,leaf,1,h,i,p,0,0,0,0
Aspalathus grandiflora,Aspalathus grandiflora,Fabaceae,Aspalathus grandiflora,Benth.,Fabaceae,1,0,1,0,1,0,0,1,0,0,0,Aug,Dec,NA,NA,130,0,0,0,0,1,0,0,0,0,0,0,0,0,0,0,0,1,0,0,1,0,0,NA,0,0,leaf,1,h,i,p,0,0,0,0
Aspalathus hirta,Aspalathus hirta,Fabaceae,Aspalathus hirta,E.Mey.,Fabaceae,1,0,1,0,1,0,0,1,0,0,0,Sep,Dec,NA,NA,200,0,0,0,0,0,1,0,0,0,0,0,0,0,0,0,0,1,0,0,1,0,0,1.048,0,0,leaf,1,h,i,p,0,0,0,0
Aspalathus hispida,Aspalathus hispida,Fabaceae,Aspalathus hispida,Thunb.,Fabaceae,1,0,1,0,1,0,0,1,0,0,0,Sep,Jan,NA,NA,60,0,0,0,1,0,0,0,0,0,0,0,0,0,0,0,0,1,0,1,1,0,0,0.415,0,0,leaf,1,h,i,p,0,0,0,0
Aspalathus hypnoides,Aspalathus hypnoides,Fabaceae,Aspalathus hypnoides,R.Dahlgren,Fabaceae,1,0,1,0,1,0,0,1,0,0,0,Sep,Sep,NA,NA,30,0,0,0,1,0,0,0,1,0,0,0,0,0,0,0,0,1,0,0,1,0,0,NA,0,0,leaf,1,h,i,p,0,0,0,0
Aspalathus hystrix,Aspalathus hystrix,Fabaceae,Aspalathus hystrix,L.f.,Fabaceae,1,0,1,0,1,0,0,1,0,0,0,Aug,Nov,NA,NA,200,0,0,0,0,1,1,0,0,0,0,0,0,0,0,0,0,1,0,0,1,0,0,NA,0,0,leaf,1,h,i,p,0,0,0,0
Aspalathus incompta,Aspalathus incompta,Fabaceae,Aspalathus incomta,Thunb.,Fabaceae,1,0,1,0,1,0,0,1,0,0,0,Aug,Sep,NA,NA,50,0,0,0,1,0,0,0,0,0,0,0,0,0,0,0,0,1,0,0,1,0,0,NA,0,0,leaf,1,h,i,p,0,0,0,0
Aspalathus inops,Aspalathus inops,Fabaceae,Aspalathus inops,Eckl. & Zeyh.,Fabaceae,1,0,1,0,1,0,0,1,0,0,0,Oct,Nov,NA,NA,30,0,0,0,1,0,0,0,1,0,0,0,0,0,0,0,0,0,1,0,1,0,0,NA,0,0,leaf,1,h,i,p,0,0,0,0
Aspalathus kougaensis,Aspalathus kougaensis,Fabaceae,Aspalathus kougaensis,(Garab. ex R.Dahlgren) R.Dahlgren,Fabaceae,1,0,1,0,1,0,0,1,0,0,0,Aug,Mar,NA,NA,100,0,0,0,1,0,0,0,0,0,0,0,0,0,0,0,0,1,0,0,1,0,0,0.667888889,0,0,leaf,1,h,i,p,0,0,0,0
Aspalathus lanata,Aspalathus lanata,Fabaceae,Aspalathus lanata,E.Mey.,Fabaceae,1,0,1,0,1,0,0,1,0,1,0,Oct,Dec,NA,NA,60,0,0,0,0,0,0,0,1,0,0,0,1,0,0,0,0,0,1,0,1,0,0,1.72,0,0,leaf,2,h,i,p,0,0,0,0
Aspalathus laricifolia,Aspalathus laricifolia,Fabaceae,Aspalathus laricifolia,P.J.Bergius,Fabaceae,1,0,1,0,1,0,0,1,0,0,0,Sep,Dec,NA,NA,50,0,0,0,1,0,0,0,0,0,0,0,0,0,0,0,0,1,0,0,1,0,0,NA,0,0,leaf,1,h,i,p,0,0,0,0
Aspalathus linearis,Aspalathus linearis,Fabaceae,Aspalathus linearis,(Burm.f.) R.Dahlgren,Fabaceae,1,0,1,0,1,0,0,1,0,1,0,Aug,Feb,NA,NA,200,0,0,0,0,0,1,0,0,0,0,0,0,0,0,0,0,1,0,0,1,0,0,1.3,0,0,leaf,2,h,i,p,0,0,0,0
Aspalathus linguiloba,Aspalathus linguiloba,Fabaceae,Aspalathus linguiloba,R.Dahlgren,Fabaceae,1,0,1,0,1,0,0,1,0,1,0,Nov,Jan,NA,NA,30,0,0,0,1,0,0,0,0,0,0,0,0,0,0,0,0,1,0,0,1,0,0,NA,0,0,leaf,2,h,i,p,0,0,0,0
Aspalathus microphylla,Aspalathus microphylla,Fabaceae,Aspalathus microphylla,DC.,Fabaceae,1,0,1,0,1,0,0,1,0,1,0,Oct,Feb,NA,NA,80,0,0,0,1,0,0,0,0,0,0,0,0,0,0,0,0,1,0,0,1,0,0,0.2585,0,0,leaf,2,h,i,p,0,0,0,0
Aspalathus opaca,Aspalathus opaca,Fabaceae,Aspalathus opaca,Eckl. & Zeyh.,Fabaceae,1,0,1,0,1,0,0,1,0,0,0,Jan,Dec,NA,NA,60,0,0,0,1,0,0,0,0,0,0,0,0,0,0,0,0,1,0,0,1,0,0,NA,0,0,leaf,1,h,i,p,0,0,0,0
Aspalathus pachyloba,Aspalathus pachyloba,Fabaceae,Aspalathus pachyloba,Benth.,Fabaceae,1,0,1,0,1,0,0,1,0,1,0,Oct,Dec,NA,NA,200,0,0,0,0,0,1,0,0,0,0,0,0,0,0,0,0,1,0,1,1,0,0,NA,0,0,leaf,2,h,i,p,0,0,0,0
Aspalathus polycephala,Aspalathus polycephala,Fabaceae,Aspalathus polycephala,E.Mey.,Fabaceae,1,0,1,0,1,0,0,1,0,1,0,Aug,Dec,NA,NA,150,0,0,0,0,1,0,0,0,0,0,0,0,0,0,0,0,0,1,0,1,0,0,2.966,0,0,leaf,2,h,i,p,0,0,0,0
Aspalathus quinquefolia,Aspalathus quinquefolia,Fabaceae,Aspalathus quinquefolia,L.,Fabaceae,1,0,1,0,1,0,0,1,0,1,0,Aug,Jan,NA,NA,150,0,0,0,0,1,0,0,0,0,0,0,0,0,0,0,0,0,0,1,1,0,0,0.326,0,0,leaf,2,h,i,p,0,0,0,0
Aspalathus retroflexa,Aspalathus retroflexa,Fabaceae,Aspalathus retroflexa,L.,Fabaceae,1,0,1,0,1,0,0,1,0,0,0,Sep,Mar,NA,NA,40,0,0,0,0,0,0,0,1,0,0,0,1,0,0,0,0,1,0,0,1,0,0,0.201,0,0,leaf,1,h,i,p,0,0,0,0
Aspalathus rubens,Aspalathus rubens,Fabaceae,Aspalathus rubens,Thunb.,Fabaceae,1,0,1,0,1,0,0,1,0,0,0,Jan,Dec,NA,NA,25,0,0,0,1,0,0,0,1,0,0,0,0,0,0,0,0,1,0,0,1,0,0,0.283333333,0,0,leaf,1,h,i,p,0,0,0,0
Aspalathus securifolia,Aspalathus securifolia,Fabaceae,Aspalathus securifolia,Eckl. & Zeyh.,Fabaceae,1,0,1,0,1,0,0,1,0,1,0,Jan,Dec,NA,NA,120,0,0,0,0,1,0,0,0,0,0,0,0,0,0,0,0,0,0,1,1,0,0,1.06,0,0,leaf,2,h,i,p,0,0,0,0
Aspalathus sericea,Aspalathus sericea,Fabaceae,Aspalathus sericea,P.J.Bergius,Fabaceae,1,0,1,0,1,0,0,1,0,0,0,Sep,Nov,NA,NA,100,0,0,0,1,0,0,0,0,0,0,0,0,0,0,0,0,0,0,1,1,0,0,NA,0,0,leaf,1,h,i,p,0,0,0,0
Aspalathus serpens,Aspalathus serpens,Fabaceae,Aspalathus serpens,R.Dahlgren,Fabaceae,1,0,1,0,1,0,0,1,0,0,0,Sep,Feb,NA,NA,150,0,0,0,0,1,0,0,0,0,0,0,0,0,0,0,0,1,0,0,1,0,0,NA,0,0,leaf,1,h,i,p,0,0,0,0
Aspalathus setacea,Aspalathus setacea,Fabaceae,Aspalathus setacea,Eckl. & Zeyh.,Fabaceae,1,0,1,0,1,0,0,1,0,0,0,Jul,Mar,NA,NA,200,0,0,0,0,0,1,0,0,0,0,0,0,0,0,0,0,1,0,0,1,0,0,NA,0,0,leaf,1,h,i,p,0,0,0,0
Aspalathus spinosa,Aspalathus spinosa,Fabaceae,Aspalathus spinosa,L.,Fabaceae,1,0,1,0,1,0,0,1,0,0,0,Aug,Mar,NA,NA,200,0,0,0,0,0,1,0,0,0,0,0,0,0,0,0,0,1,0,1,1,0,0,NA,0,0,leaf,1,h,i,p,0,0,0,0
Aspalathus subtingens,Aspalathus subtingens,Fabaceae,Aspalathus subtingens,Eckl. & Zeyh.,Fabaceae,1,0,1,0,1,0,0,1,0,0,0,Oct,Mar,NA,NA,200,0,0,0,0,0,1,0,0,0,0,0,0,0,0,0,0,1,0,0,1,0,0,0.584,0,0,leaf,1,h,i,p,0,0,0,0
Aspalathus triquetra,Aspalathus triquetra,Fabaceae,Aspalathus triquetra,Thunb.,Fabaceae,1,0,1,0,1,0,0,1,0,0,0,Sep,Jan,NA,NA,150,0,0,0,0,1,0,0,0,0,0,0,0,0,0,0,0,1,0,0,1,0,0,0.4,0,0,leaf,1,h,i,p,0,0,0,0
Aspalathus verbasciformis,Aspalathus verbasciformis,Fabaceae,Aspalathus verbasciformis,R.Dahlgren,Fabaceae,1,0,1,0,1,0,0,1,0,0,0,Oct,Oct,NA,NA,250,0,0,0,0,0,1,0,0,0,0,0,0,0,0,0,0,1,0,0,1,0,0,NA,0,0,leaf,1,h,i,p,0,0,0,0
Aspalathus villosa,Aspalathus villosa,Fabaceae,Aspalathus villosa,Thunb.,Fabaceae,1,0,1,0,1,0,0,1,0,0,0,Oct,Dec,NA,NA,40,0,0,0,1,0,0,0,0,0,0,0,0,0,0,0,0,0,1,0,1,0,0,NA,0,0,leaf,1,h,i,p,0,0,0,0
Aspalathus vulnerans,Aspalathus vulnerans,Fabaceae,Aspalathus vulnerans,Thunb.,Fabaceae,1,0,1,0,1,0,0,1,0,0,0,Sep,Dec,NA,NA,300,0,0,0,0,0,0,0,0,0,0,0,0,0,0,0,0,1,0,0,1,0,0,1.08,0,0,leaf,1,h,i,p,0,0,0,0
Aspalathus wittebergensis,Aspalathus wittebergensis,Fabaceae,Aspalathus wittebergensis,Compton & P.E.Barnes,Fabaceae,1,0,1,0,1,0,0,1,0,0,0,Aug,Jan,NA,NA,50,0,0,0,1,0,0,0,0,0,0,0,0,0,0,0,0,1,0,0,1,0,0,NA,0,0,leaf,1,h,i,p,0,0,0,0
Asparagus aethiopicus,Asparagus aethiopicus,Asparagaceae,Asparagus aethiopicus,L.,Asparagaceae,1,0,1,0,1,0,0,0,0,1,0,Jan,Jun,NA,NA,300,0,0,0,0,0,0,0,0,1,0,0,1,0,0,0,0,1,0,0,0,0,0,NA,0,0,mixed,3,m,i,m,0,1,0,0
Asparagus africanus,Asparagus africanus,Asparagaceae,Asparagus africanus,Lam.,Asparagaceae,1,0,1,0,1,0,0,0,0,1,0,Aug,Dec,NA,NA,100,0,0,0,1,0,0,0,0,1,0,0,0,0,0,0,0,1,0,0,0,0,0,0.566666667,0,0,mixed,3,m,i,m,0,1,0,0
Asparagus burchellii,Asparagus burchellii,Asparagaceae,Asparagus burchellii,Baker,Asparagaceae,1,0,1,0,1,0,0,0,0,1,0,Feb,May,NA,NA,150,0,0,0,0,1,0,0,0,0,0,0,0,0,0,0,0,1,0,0,0,0,0,1.393333333,0,0,mixed,3,m,i,m,0,1,0,0
Asparagus capensis,Asparagus capensis,Asparagaceae,Asparagus capensis,L.,Asparagaceae,1,0,1,0,1,0,0,0,0,1,0,Apr,Aug,NA,NA,100,0,0,0,1,0,0,0,0,0,0,0,0,0,0,0,0,1,0,0,0,0,0,1.08,0,0,mixed,3,m,i,m,0,1,0,0
Asparagus crassicladus,Asparagus crassicladus,Asparagaceae,Asparagus crassicladus,Jessop,Asparagaceae,1,0,1,0,1,0,0,0,0,1,0,Nov,Dec,NA,NA,200,0,0,0,0,0,1,0,0,0,0,0,0,0,0,0,0,1,0,0,0,0,0,NA,0,0,mixed,3,m,i,m,0,1,0,0
Asparagus declinatus,Asparagus declinatus,Asparagaceae,Asparagus declinatus,L.,Asparagaceae,1,0,1,0,1,0,0,0,0,1,0,Jun,Oct,NA,NA,100,0,0,0,0,0,0,0,1,0,0,0,1,0,0,0,0,1,0,0,0,0,0,NA,0,0,mixed,3,m,i,m,0,1,0,0
Asparagus kraussianus,Asparagus kraussianus,Asparagaceae,Asparagus krausianus,J.F.Macbr.,Asparagaceae,1,0,1,0,1,0,0,0,0,1,0,Sep,Oct,NA,NA,100,0,0,0,1,0,0,0,0,0,0,0,0,0,0,0,0,0,1,0,0,0,0,NA,0,0,mixed,3,m,i,m,0,1,0,0
Asparagus lignosus,Asparagus lignosus,Asparagaceae,Asparagus lignosus,Burm.f.,Asparagaceae,1,0,1,0,1,0,0,0,0,1,0,Oct,May,NA,NA,80,0,0,0,1,0,0,0,0,0,0,0,0,0,0,0,0,1,0,0,0,0,0,1.30875,0,0,mixed,3,m,i,m,0,1,0,0
Asparagus mucronatus,Asparagus mucronatus,Asparagaceae,Asparagus mucronatus,Jessop,Asparagaceae,1,0,1,0,1,0,0,0,0,1,0,Oct,Dec,NA,NA,100,0,0,0,1,0,0,0,0,0,0,0,0,0,0,0,0,1,0,0,0,0,0,NA,0,0,mixed,3,m,i,m,0,1,0,0
Asparagus retrofractus,Asparagus retrofractus,Asparagaceae,Asparagus retrofractus,L.,Asparagaceae,1,0,1,0,1,0,0,0,0,1,0,Apr,Jun,NA,NA,300,0,0,0,0,0,1,0,1,0,0,0,0,0,0,0,0,1,0,0,0,0,0,2.696,0,0,mixed,3,m,i,m,0,1,0,0
Asparagus rubicundus,Asparagus rubicundus,Asparagaceae,Asparagus rubicundus,P.J.Bergius,Asparagaceae,1,0,1,0,1,0,0,0,0,1,0,Mar,Jun,NA,NA,150,0,0,0,0,1,0,0,0,0,0,0,0,0,0,0,0,1,0,0,0,0,0,0.862307692,0,0,mixed,3,m,i,m,0,1,0,0
Asparagus scandens,Asparagus scandens,Asparagaceae,Asparagus scandens,Thunb.,Asparagaceae,1,0,1,0,1,0,0,0,0,1,0,Sep,Jan,NA,NA,200,0,0,0,0,0,1,0,0,0,0,0,0,0,0,0,0,1,0,0,0,0,0,NA,0,0,mixed,3,m,i,m,0,1,0,0
Asparagus striatus,Asparagus striatus,Asparagaceae,Asparagus striatus,(L.f.) Thunb.,Asparagaceae,1,0,1,0,1,0,0,0,0,1,0,Aug,Jan,NA,NA,60,0,0,0,1,0,0,0,0,0,0,0,0,0,0,0,0,1,0,0,0,0,0,2.083333333,0,0,mixed,3,m,i,m,0,1,0,0
Asparagus suaveolens,Asparagus suaveolens,Asparagaceae,Asparagus suaveolens,Burch.,Asparagaceae,1,0,1,0,1,0,0,0,0,1,0,Apr,Sep,NA,NA,100,0,0,0,1,0,0,0,0,0,0,0,0,0,0,0,0,1,0,0,0,0,0,NA,0,0,mixed,3,m,i,m,0,1,0,0
Asparagus subulatus,Asparagus subulatus,Asparagaceae,Asparagus subulatus,Thunb.,Asparagaceae,1,0,1,0,1,0,0,0,0,1,0,Sep,Dec,NA,NA,200,0,0,0,0,0,1,0,0,0,0,0,0,0,0,0,0,1,0,0,0,0,0,NA,0,0,mixed,3,m,i,m,0,1,0,0
Asplenium cordatum,Ceterach cordatum,Aspleniaceae,Asplenium cordatum,Sw.,Aspleniaceae,1,0,1,0,1,0,0,0,0,0,0,NA,NA,NA,NA,15,1,0,0,0,0,0,0,0,0,0,0,0,0,0,0,0,1,0,0,1,0,1,NA,0,0,leaf,2,m,w,w,1,0,0,0
Atalaya capensis,Atalaya capensis,Sapindaceae,Atalaya capensis,R.A.Dyer,Sapindaceae,1,0,1,0,1,0,0,0,0,0,0,Dec,Jan,NA,NA,600,0,0,0,0,0,0,1,0,0,0,0,0,0,0,0,0,0,1,0,1,0,0,NA,0,0,leaf,3,m,i,w,0,0,0,0
Athanasia bremeri,Athanasia bremeri,Asteraceae,Athanasia bremeri,Källersjö,Asteraceae,1,0,1,0,1,0,0,0,0,0,0,Sep,Feb,NA,NA,60,0,0,0,1,0,0,0,0,0,0,0,0,0,0,0,0,1,0,0,0,0,0,NA,0,0,leaf,2,h,i,w,0,0,0,0
Athanasia calophylla,Athanasia calophylla,Asteraceae,Athanasia calophylla,Källersjö,Asteraceae,1,0,1,0,1,0,0,0,0,0,0,Dec,Dec,NA,NA,100,0,0,0,1,0,0,0,0,0,0,0,0,0,0,0,0,0,0,1,0,1,0,NA,0,0,leaf,2,h,i,w,0,0,0,0
Athanasia flexuosa,Athanasia flexuosa,Asteraceae,Athanasia flexuosa,Thunb.,Asteraceae,1,0,1,0,1,0,0,0,0,0,0,Sep,Nov,NA,NA,200,0,0,0,0,0,1,0,0,0,0,0,0,0,0,0,0,1,0,0,0,0,0,0.92,0,0,leaf,2,h,i,w,0,0,0,0
Athanasia linifolia,Athanasia linifolia,Asteraceae,Athanasia linifolia,Burm.f.,Asteraceae,1,0,1,0,1,0,0,0,0,0,0,Aug,Feb,NA,NA,150,0,0,0,0,1,0,0,0,0,0,0,0,0,0,0,0,1,0,0,0,0,0,3.016666667,0,0,leaf,2,h,i,w,0,0,0,0
Athanasia microphylla,Athanasia microphylla,Asteraceae,Athanasia microphylla,DC.,Asteraceae,1,0,1,0,1,0,0,0,0,1,0,Mar,Apr,NA,NA,60,0,0,0,1,0,0,0,0,0,0,0,0,0,0,0,0,1,0,0,0,0,0,0.416,0,0,leaf,2,h,i,w,0,0,0,0
Athanasia pinnata,Athanasia pinnata,Asteraceae,Athanasia pinnata,L.f.,Asteraceae,1,0,1,0,1,0,0,0,0,0,0,Oct,Dec,NA,NA,200,0,0,0,0,0,1,0,0,0,0,0,0,0,0,0,0,1,0,0,0,1,1,2.1,0,0,leaf,2,h,i,w,0,0,0,0
Athanasia tomentosa,Athanasia tomentosa,Asteraceae,Athanasia tomentosa,Thunb.,Asteraceae,1,0,1,0,1,0,0,0,0,0,0,Nov,Dec,NA,NA,200,0,0,0,0,0,1,0,0,0,0,0,0,0,0,0,0,0,1,0,0,0,0,NA,0,0,leaf,2,h,i,w,0,0,0,0
Athanasia trifurcata,Athanasia trifurcata,Asteraceae,Athanasia trifurcata,(L.) L.,Asteraceae,1,0,1,0,1,0,0,0,0,0,0,Oct,Nov,NA,NA,150,0,0,0,0,1,0,0,0,0,0,0,0,0,0,0,0,0,0,1,0,1,0,1.56,0,0,leaf,1,h,i,w,0,0,0,0
Athrixia heterophylla,Athrixia heterophylla,Asteraceae,Athrixia heterophylla,(Thunb.) Less.,Asteraceae,1,0,1,0,1,0,0,0,0,1,0,Aug,Dec,NA,NA,45,0,0,0,1,0,0,0,0,0,0,0,0,0,0,0,0,1,0,1,0,0,0,1.299090909,0,0,leaf,3,m,i,w,0,0,0,0
Aulax cancellata,Aulax cancellata,Proteaceae,Aulax cancellata,(L.) Druce,Proteaceae,1,0,0,1,1,0,0,0,0,0,1,Nov,Feb,NA,NA,250,0,0,0,0,0,1,0,0,0,0,0,0,0,0,0,0,1,0,0,0,0,0,NA,0,0,leaf,2,h,i,w,0,0,0,0
Aulax pallasia,Aulax pallasia,Proteaceae,Aulax pallasia,Stapf,Proteaceae,1,0,0,1,1,0,0,0,0,1,1,Jan,Apr,NA,NA,200,0,0,0,0,0,1,0,0,0,0,0,0,0,0,0,0,1,0,0,0,0,0,NA,0,0,leaf,3,h,i,w,0,0,0,0
Aulax umbellata,Aulax umbellata,Proteaceae,Aulax umbellata,(Thunb.) R.Br.,Proteaceae,1,0,0,1,1,0,0,0,0,0,1,Nov,Feb,NA,NA,250,0,0,0,0,0,1,0,0,0,0,0,0,0,0,0,0,0,1,0,0,0,0,6,0,0,leaf,2,h,i,w,0,0,0,0
Azima tetracantha,Azima tetracantha,Salvadoraceae,Azima tetracantha,Lam.,Salvadoraceae,1,0,1,0,1,0,0,0,0,1,0,Oct,Feb,NA,NA,900,0,0,0,0,0,1,0,1,0,0,0,0,0,0,0,0,0,0,1,0,0,0,2.7,0,0,leaf,3,m,i,m,0,0,0,0
Babiana ambigua,Babiana ambigua,Iridaceae,Babiana ambigua,(Roem. & Schult.) G.J.Lewis,Iridaceae,1,0,1,0,1,0,0,1,0,1,0,Aug,Sep,NA,NA,8,0,1,0,0,0,0,0,0,0,0,0,0,0,0,0,0,1,0,0,0,0,0,NA,0,0,leaf,2,l,i,w,0,0,0,0
Babiana sambucina,Babiana sambucina,Iridaceae,Babiana sambucina,(Jacq.) Ker Gawl.,Iridaceae,1,0,1,0,1,0,0,1,0,1,0,Jul,Sep,NA,NA,14,0,1,0,0,0,0,0,0,0,0,0,0,0,0,0,0,0,1,0,0,0,0,11.88333333,0,0,leaf,2,l,i,w,0,0,0,0
Babiana villosula,Babiana villosula,Iridaceae,Babiana villosula,(J.F.Gmel.) Ker Gawl. ex Steud.,Iridaceae,1,0,1,0,1,0,0,1,0,1,0,May,Jul,NA,NA,8,0,1,0,0,0,0,0,0,0,0,0,0,0,0,0,0,0,1,0,0,0,0,NA,0,0,leaf,2,l,i,w,0,0,0,0
Barleria obtusa,Barleria obtusa,Acanthaceae,Barleria obtusa,Nees,Acanthaceae,1,0,1,0,1,0,0,0,0,0,0,Feb,Dec,NA,NA,200,0,0,0,0,0,1,0,0,0,0,0,0,0,0,0,0,0,0,1,0,0,0,1.666666667,0,0,leaf,2,m,i,w,0,0,0,0
Berkheya barbata,Berkheya barbata,Asteraceae,Berkheya barbata,(L.f.) Hutch.,Asteraceae,1,0,1,0,1,0,0,0,0,1,0,Aug,Nov,NA,NA,60,0,0,0,1,0,0,0,0,0,0,0,0,0,0,0,0,0,0,1,0,0,0,2.87,0,0,leaf,2,m,i,w,0,0,0,0
Berkheya cruciata,Berkheya cruciata,Asteraceae,Berkheya cruciata,(Houtt.) Willd.,Asteraceae,1,0,1,0,1,0,0,0,0,0,0,Nov,Feb,NA,NA,100,0,0,0,1,0,0,0,0,0,0,0,0,0,0,0,0,0,0,1,0,1,0,NA,0,0,leaf,1,m,i,w,0,0,0,0
Berzelia abrotanoides,Berzelia abrotanoides,Bruniaceae,Berzelia abrotanoides,(L.) Brongn.,Bruniaceae,1,0,1,0,1,0,0,0,0,1,0,Aug,Oct,NA,NA,150,0,0,0,0,1,0,0,0,0,0,0,0,0,0,0,0,0,1,0,0,0,0,0.3298,0,0,leaf,2,h,i,w,0,0,0,0
Berzelia albiflora,Brunia albiflora,Bruniaceae,Berzelia albiflora,(E.Phillips) Class.-Bockh. & E.G.H.Oliv.,Bruniaceae,1,0,1,0,1,0,0,0,0,0,0,Feb,Apr,NA,NA,300,0,0,0,0,1,1,0,0,0,0,0,0,0,0,0,0,1,0,0,0,0,0,1.036,0,0,leaf,2,h,i,w,0,0,0,0
Berzelia alopecuroides,Brunia alopecuroides,Bruniaceae,Berzelia alopecuroides,(Thunb.) Sond.,Bruniaceae,1,0,1,0,1,0,0,0,0,0,0,Sep,Dec,NA,NA,100,0,0,0,1,0,0,0,0,0,0,0,0,0,0,0,0,0,1,0,0,0,0,NA,0,0,leaf,2,h,i,w,0,0,0,0
Berzelia burchellii,Berzelia burchellii,Bruniaceae,Berzelia burchellii,Dümmer,Bruniaceae,1,0,1,0,1,0,0,0,0,1,1,Oct,Nov,NA,NA,150,0,0,0,0,1,0,0,0,0,0,0,0,0,0,0,0,1,0,0,0,0,0,NA,0,0,leaf,2,h,i,w,0,0,0,0
Berzelia dregeana,Berzelia dregeana,Bruniaceae,Berzelia dregeana,Colozza,Bruniaceae,1,0,1,0,1,0,0,0,0,1,1,Aug,Sep,NA,NA,150,0,0,0,0,1,0,0,0,0,0,0,0,0,0,0,0,1,0,0,0,0,0,NA,0,0,leaf,2,h,i,w,0,0,0,0
Berzelia ecklonii,Berzelia ecklonii,Bruniaceae,Berzelia ecklonii,Pillans,Bruniaceae,1,0,1,0,1,0,0,0,0,0,0,Sep,Nov,NA,NA,150,0,0,0,0,1,0,0,0,0,0,0,0,0,0,0,0,1,0,0,0,0,0,NA,0,0,leaf,2,h,i,w,0,0,0,0
Berzelia galpinii,Berzelia galpinii,Bruniaceae,Berzelia galpinii,Pillans,Bruniaceae,1,0,1,0,1,0,0,0,0,1,0,Sep,Oct,NA,NA,150,0,0,0,0,1,0,0,0,0,0,0,0,0,0,0,0,1,0,0,0,0,0,0.942,0,0,leaf,2,h,i,w,0,0,0,0
Berzelia intermedia,Berzelia intermedia,Bruniaceae,Berzelia intermedia,Schltdl.,Bruniaceae,1,0,1,0,1,0,0,0,0,1,0,Nov,Feb,NA,NA,150,0,0,0,0,1,0,0,0,0,0,0,0,0,0,0,0,1,0,0,0,0,0,NA,0,0,leaf,2,h,i,w,0,0,0,0
Berzelia lanuginosa,Berzelia lanuginosa,Bruniaceae,Berzelia lanuginosa,(L.) Brongn.,Bruniaceae,1,0,1,0,1,0,0,0,0,0,0,Sep,Dec,NA,NA,200,0,0,0,0,1,1,0,0,0,0,0,0,0,0,0,0,1,0,0,0,0,0,0.417108108,0,0,leaf,2,h,i,w,0,0,0,0
Berzelia stokoei,Brunia stokoei,Bruniaceae,Berzelia stokoei,(E.Phillips) A.V.Hall,Bruniaceae,1,0,1,0,1,0,0,0,0,0,0,Feb,Mar,NA,NA,300,0,0,0,0,1,1,0,0,0,0,0,0,0,0,0,0,1,0,0,0,0,0,0.765,0,0,leaf,2,h,i,w,0,0,0,0
Blechnum capense,Blechnum capense,Blechnaceae,Parablechnum capense,(Burm.f.) Gasper & Salino,Blechnaceae,1,0,1,0,1,0,0,0,0,1,0,NA,NA,NA,NA,100,1,0,0,0,0,0,0,0,0,0,0,0,0,0,0,0,1,0,0,0,0,1,NA,0,0,leaf,3,m,w,w,1,0,0,0
Blechnum punctulatum,Blechnum punctulatum,Blechnaceae,Blechnum punctulatum,Sw.,Blechnaceae,1,0,1,0,1,0,0,0,0,1,0,NA,NA,NA,NA,150,1,0,0,0,0,0,0,0,0,0,0,0,0,0,0,0,1,0,1,1,0,1,NA,0,0,leaf,3,m,w,w,1,0,0,0
Blechnum tabulare,Blechnum tabulare,Blechnaceae,Lomariocycas tabularis,(Thunb.) Gasper & A.R.Sm.,Blechnaceae,1,0,1,0,1,0,0,0,0,1,0,NA,NA,NA,NA,150,1,0,0,0,0,0,0,0,0,0,0,0,0,0,0,0,0,0,1,1,0,1,10.8,0,0,leaf,3,m,w,w,1,0,0,0
Blepharis capensis,Blepharis capensis,Acanthaceae,Blepharis capensis,(L.f.) Pers.,Acanthaceae,1,0,1,0,1,0,0,0,0,1,0,Dec,Apr,NA,NA,150,0,0,0,1,0,0,0,0,0,0,0,0,0,0,0,0,0,1,0,0,0,0,1.65,0,0,leaf,2,l,i,m,0,0,0,0
Bobartia filiformis,Bobartia filiformis,Iridaceae,Bobartia filiformis,(L.f.) Ker Gawl.,Iridaceae,1,0,1,0,1,0,0,1,1,1,0,Sep,Dec,NA,NA,55,1,0,0,0,0,0,0,0,0,0,0,0,0,0,0,0,1,0,0,0,0,0,NA,1,0,culm_stem,2,h,i,w,0,0,0,0
Bobartia gladiata,Bobartia gladiata,Iridaceae,Bobartia gladiata,(L.f.) Ker Gawl.,Iridaceae,1,0,1,0,1,0,0,0,0,1,0,Sep,Dec,NA,NA,80,1,0,0,0,0,0,0,0,0,0,0,0,0,0,0,0,1,0,0,0,0,0,27.57272727,0,0,leaf,2,m,i,w,0,0,0,0
Bobartia indica,Bobartia indica,Iridaceae,Bobartia indica,L.,Iridaceae,1,0,1,0,1,0,0,1,0,1,0,Oct,Mar,NA,NA,100,1,0,0,0,0,0,0,0,0,0,0,0,0,0,0,0,1,0,0,0,0,0,79.11764706,0,0,mixed,2,h,i,w,0,0,0,0
Bobartia macrocarpa,Bobartia macrocarpa,Iridaceae,Bobartia macrocarpa,Strid,Iridaceae,1,0,1,0,1,0,0,1,0,1,0,Aug,Feb,NA,NA,100,1,0,0,0,0,0,0,0,0,0,0,0,0,0,0,0,1,0,0,0,0,0,NA,1,0,culm_stem,2,h,i,w,0,0,0,0
Bobartia macrospatha,Bobartia macrospatha,Iridaceae,Bobartia macrospatha,Baker,Iridaceae,1,0,1,0,1,0,0,1,0,1,0,Aug,Nov,NA,NA,110,1,0,0,0,0,0,0,0,0,0,0,0,0,0,0,0,1,0,0,0,0,0,106.66,1,0,culm_stem,2,h,i,w,0,0,0,0
Bobartia orientalis,Bobartia orientalis,Iridaceae,Bobartia orientalis,J.B.Gillett,Iridaceae,1,0,1,0,1,0,0,1,0,1,0,Aug,Nov,NA,NA,130,1,0,0,0,0,0,0,0,0,0,0,0,0,0,0,0,1,0,0,0,0,0,NA,1,0,culm_stem,2,h,i,w,0,0,0,0
Bobartia parva,Bobartia parva,Iridaceae,Bobartia parva,J.B.Gillett,Iridaceae,1,0,1,0,1,0,0,1,0,1,0,Nov,Feb,NA,NA,40,1,0,0,0,0,0,0,0,0,0,0,0,0,0,0,0,1,0,0,0,0,0,NA,1,0,culm_stem,2,h,i,w,0,0,0,0
Bobartia rufa,Bobartia rufa,Iridaceae,Bobartia rufa,Strid,Iridaceae,1,0,1,0,1,0,0,1,0,1,0,Sep,Nov,NA,NA,50,1,0,0,0,0,0,0,0,0,0,0,0,0,0,0,0,1,0,0,0,0,0,91.78,1,0,culm_stem,2,h,i,w,0,0,0,0
Bolusafra bituminosa,Bolusafra bituminosa,Fabaceae,Bolusafra bituminosa,(L.) Kuntze,Fabaceae,1,0,1,0,1,0,0,0,0,0,0,Aug,Jan,NA,NA,250,0,0,0,0,0,1,0,0,0,0,0,0,0,0,0,0,0,0,1,1,0,0,2.383333333,0,0,leaf,2,m,i,p,0,0,0,0
Boophone disticha,Boophone disticha,Amaryllidaceae,Boophone disticha,Herb.,Amaryllidaceae,1,0,1,0,0,1,0,0,0,1,0,Sep,Mar,NA,NA,25,0,1,0,0,0,0,0,0,0,0,0,0,1,0,1,0,1,0,0,0,0,0,NA,0,0,leaf,3,l,m,w,0,0,0,0
Boscia oleoides,Boscia oleoides,Capparaceae,Boscia oleoides,(Burch. ex DC.) Toelken,Capparaceae,1,0,1,0,1,0,0,0,0,1,0,Aug,Jan,NA,NA,400,0,0,0,0,0,0,1,0,0,0,0,0,0,0,0,0,0,0,1,0,0,0,3.866666667,0,0,leaf,3,l,i,m,0,0,0,0
Brabejum stellatifolium,Brabejum stellatifolium,Proteaceae,Brabejum stellatifolium,L.,Proteaceae,1,0,1,0,1,0,0,0,0,1,0,Dec,Jan,NA,NA,800,0,0,0,0,0,0,1,0,0,0,0,0,0,0,0,0,0,1,0,0,1,0,13.86,0,0,leaf,3,h,i,p,0,0,0,0
Brachiaria serrata,Brachiaria serrata,Poaceae,Urochloa serrata,(Thunb.) Sosef,Poaceae,1,0,1,0,1,0,0,0,0,1,0,Oct,May,NA,NA,75,0,0,1,0,0,0,0,0,0,0,0,0,0,0,0,0,1,1,0,0,0,0,2.531666667,0,0,mixed,2,l,w,w,0,0,0,0
Brachylaena neriifolia,Brachylaena neriifolia,Asteraceae,Brachylaena neriifolia,R.Br.,Asteraceae,1,0,1,0,1,0,0,0,0,1,0,Jan,Mar,NA,NA,800,0,0,0,0,0,1,1,0,0,0,0,0,0,0,0,0,0,1,0,0,0,0,8.16,0,0,leaf,3,h,i,w,0,0,0,0
Brunia fragarioides,Nebelia fragarioides,Bruniaceae,Brunia fragarioides,Willd.,Bruniaceae,1,0,1,0,1,0,0,0,0,1,0,Mar,Sep,NA,NA,150,0,0,0,0,1,0,0,0,0,0,0,0,0,0,0,0,1,0,0,0,0,0,0.35,0,0,leaf,3,h,i,w,0,0,0,0
Brunia laevis,Brunia laevis,Bruniaceae,Brunia laevis,Thunb.,Bruniaceae,1,0,1,0,1,0,0,0,0,1,0,Dec,Feb,NA,NA,150,0,0,0,0,1,0,0,0,0,0,0,0,0,0,0,0,0,0,1,0,0,0,0.48,0,0,leaf,3,h,i,w,0,0,0,0
Brunia microphylla,Raspalia microphylla,Bruniaceae,Brunia microphylla,Thunb.,Bruniaceae,1,0,1,0,1,0,0,0,0,1,0,Oct,Jan,NA,NA,50,0,0,0,1,0,0,0,0,0,0,0,0,0,0,0,0,0,1,0,0,0,0,NA,0,0,leaf,3,h,u,u,0,0,0,0
Brunia noduliflora,Brunia nodiflora,Bruniaceae,Brunia noduliflora,Goldblatt & J.C.Manning,Bruniaceae,1,0,1,0,1,0,0,0,0,1,0,Mar,Jun,NA,NA,150,0,0,0,0,1,0,0,0,0,0,0,0,0,0,0,0,0,1,0,0,0,0,0.254545455,0,0,leaf,3,h,i,w,0,0,0,0
Brunia paleacea,Nebelia paleacea,Bruniaceae,Brunia paleacea,P.J.Bergius,Bruniaceae,1,0,1,0,1,0,0,0,0,1,0,Oct,Apr,NA,NA,150,0,0,0,0,1,0,0,0,0,0,0,0,0,0,0,0,1,0,0,0,0,0,0.24,0,0,leaf,3,h,i,w,0,0,0,0
Brunia virgata,Raspalia virgata,Bruniaceae,Brunia virgata,Brongn.,Bruniaceae,1,0,1,0,1,0,0,0,0,0,0,Aug,Oct,NA,NA,100,0,0,0,1,0,0,0,0,0,0,0,0,0,0,0,0,0,1,0,0,0,0,NA,0,0,leaf,2,h,u,u,0,0,0,0
Buddleja saligna,Buddleja saligna,Buddlejaceae,Buddleja saligna,Willd.,Scrophulariaceae,1,0,1,0,1,0,0,0,0,0,0,Aug,Jan,NA,NA,700,0,0,0,0,0,0,1,0,0,0,0,0,0,0,0,0,0,1,0,0,0,0,NA,0,0,leaf,3,h,i,w,0,0,0,0
Bulbine abyssinica,Bulbine abyssinica,Asphodelaceae,Bulbine abyssinica,A.Rich.,Asphodelaceae,1,0,1,0,1,0,0,0,0,1,0,Aug,Nov,NA,NA,60,0,1,0,0,0,0,0,0,0,0,0,0,1,1,1,0,1,0,0,0,0,0,30.0875,0,0,leaf,2,l,i,w,0,0,0,0
Bulbine alooides,Bulbine alooides,Asphodelaceae,Bulbine alooides,Willd.,Asphodelaceae,1,0,1,0,1,0,0,0,0,1,0,Mar,May,NA,NA,40,0,1,0,0,0,0,0,0,0,0,0,0,1,1,1,0,0,1,0,0,0,0,23.1,0,0,leaf,2,l,i,w,0,0,0,0
Bulbine cepacea,Bulbine cepacea,Asphodelaceae,Bulbine cepacea,(Burm.f.) Wijnands,Asphodelaceae,1,0,1,0,1,0,0,0,0,1,0,Mar,May,NA,NA,40,0,1,0,0,0,0,0,0,0,0,0,0,1,1,1,0,0,1,0,0,0,0,NA,0,0,leaf,2,l,i,w,0,0,0,0
Bulbine frutescens,Bulbine frutescens,Asphodelaceae,Bulbine frutescens,Willd.,Asphodelaceae,1,0,1,0,1,0,0,0,0,1,0,Sep,Apr,NA,NA,60,0,0,0,1,0,0,0,0,0,0,0,0,1,1,1,0,1,0,0,0,0,0,NA,0,0,leaf,2,l,i,w,0,0,0,0
Bulbine lagopus,Bulbine lagopus,Asphodelaceae,Bulbine lagopus,(Thunb.) N.E.Br.,Asphodelaceae,1,0,1,0,1,0,0,0,0,1,0,Jul,Dec,NA,NA,40,0,1,0,0,0,0,0,0,0,0,0,0,1,1,1,0,1,0,0,0,0,0,NA,0,0,leaf,2,l,i,w,0,0,0,0
Bulbine latifolia,Bulbine latifolia,Asphodelaceae,Bulbine latifolia,(L.f.) Spreng.,Asphodelaceae,1,0,1,0,1,0,0,0,0,1,0,Aug,Nov,NA,NA,60,0,1,0,0,0,0,0,0,0,0,0,0,1,1,1,0,0,1,0,0,0,0,21.12,0,0,leaf,2,l,i,w,0,0,0,0
Cadaba aphylla,Cadaba aphylla,Capparaceae,Cadaba aphylla,(Thunb.) Wild,Capparaceae,1,0,1,0,1,0,0,0,0,0,0,Aug,Apr,NA,NA,200,0,0,0,0,0,1,0,0,0,0,0,0,1,0,1,0,0,0,0,0,0,0,10.7,1,1,culm_stem,3,l,i,u,0,0,0,0
Caesia contorta,Caesia contorta,Hemerocallidaceae,Caesia contorta,(L.f.) T.Durand & Schinz,Asphodelaceae,1,0,1,0,1,0,0,1,0,1,0,Nov,Mar,NA,NA,30,0,1,0,0,0,0,0,0,0,0,0,0,0,0,0,0,1,0,0,0,0,0,NA,0,0,leaf,2,l,i,p,0,0,0,0
Calobota cytisoides,Lebeckia cytisoides,Fabaceae,Calobota cytisoides,(P.J.Bergius) Eckl. & Zeyh.,Fabaceae,1,0,1,0,1,0,0,0,0,1,0,Jul,Mar,NA,NA,200,0,0,0,0,0,1,1,0,0,0,0,0,0,0,0,0,0,0,1,1,0,0,3.06,0,0,leaf,2,h,i,p,0,0,0,0
Campylostachys cernua,Campylostachys cernua,Stilbaceae,Campylostachys cernua,(L.f.) Kunth,Stilbaceae,1,0,1,0,1,0,0,0,0,1,0,Nov,Mar,NA,NA,80,0,0,0,1,0,0,0,0,0,0,0,0,0,0,0,0,0,1,0,0,0,0,1.34,0,0,leaf,2,l,i,p,0,0,0,0
Cannomois grandis,Cannomois grandis,Restionaceae,Cannomois grandis,H.P.Linder,Restionaceae,1,0,0,1,1,0,0,0,0,0,0,Oct,Dec,NA,NA,400,0,0,1,0,0,0,0,0,0,0,0,0,0,0,0,0,0,0,0,0,0,0,NA,1,1,culm_stem,2,h,w,i,0,0,0,0
Cannomois parviflora,Cannomois parviflora,Restionaceae,Cannomois parviflora,(Thunb.) Pillans,Restionaceae,1,0,0,1,1,0,0,0,0,1,0,Aug,Aug,NA,NA,100,0,0,1,0,0,0,0,0,0,0,0,0,0,0,0,0,0,0,0,0,0,0,61.44,1,1,culm_stem,2,h,w,i,0,0,0,0
Cannomois schlechteri,Cannomois taylorii,Restionaceae,Cannomois parviflora,(Thunb.) Pillans,Restionaceae,1,0,0,1,1,0,0,0,0,0,0,Jun,Aug,NA,NA,200,0,0,1,0,0,0,0,0,0,0,0,0,0,0,0,0,0,0,0,0,0,0,138.26,1,1,culm_stem,2,h,w,i,0,0,0,0
Cannomois scirpoides,Cannomois scirpoides,Restionaceae,Cannomois scirpoides,Hochst.,Restionaceae,1,0,0,1,1,0,0,0,0,1,0,Mar,Jun,NA,NA,100,0,0,1,0,0,0,0,0,0,0,0,0,0,0,0,0,0,0,0,0,0,0,82.06666667,1,1,culm_stem,2,h,w,i,0,0,0,0
Cannomois virgata,Cannomois virgata,Restionaceae,Cannomois virgata,(Rottb.) Steud.,Restionaceae,1,0,0,1,1,0,0,0,0,1,0,Oct,Jan,NA,NA,300,0,0,1,0,0,0,0,0,0,0,0,0,0,0,0,0,0,0,0,0,0,0,35.76923077,1,1,culm_stem,2,h,w,i,0,0,0,0
Capelio tabularis,Alciope tabularis,Asteraceae,Capelio tabularis,(Thunb.) B.Nord.,Asteraceae,1,0,1,0,1,0,0,0,1,1,0,Apr,Jul,NA,NA,50,0,0,0,1,0,0,0,0,0,0,0,0,0,0,0,0,0,0,1,0,0,0,7.8,0,0,leaf,3,m,i,w,0,0,0,0
Capelio tomentosa,Alciope lanata,Asteraceae,Capelio tomentosa,(Burm.f.) B.Nord.,Asteraceae,1,0,1,0,1,0,0,0,0,1,0,Nov,Jan,NA,NA,60,1,0,0,0,0,0,0,0,0,0,0,0,0,0,0,0,0,0,1,0,0,0,7.36,0,0,leaf,3,m,i,w,0,0,0,0
Capeobolus brevicaulis,Capeobolus brevicaulis,Cyperaceae,Capeobolus brevicaulis,(C.B.Clarke) J.Browning,Cyperaceae,1,0,1,0,1,0,0,0,0,0,0,Oct,Mar,NA,NA,20,0,0,1,0,0,0,0,0,0,0,0,0,0,0,0,0,0,1,0,0,0,0,9.23,0,0,leaf,2,m,w,p,0,0,0,0
Capeochloa arundinacea,Merxmuellera arundinacea,Poaceae,Capeochloa arundinacea,(P.J.Bergius) N.P.Barker & H.P.Linder,Poaceae,1,0,1,0,1,0,0,0,0,1,0,Sep,Nov,NA,NA,100,0,0,1,0,0,0,0,0,0,0,0,0,0,0,0,0,1,0,0,0,0,0,56.25454545,0,0,leaf,3,h,w,w,0,0,0,0
Capeochloa cincta,Merxmuellera cincta,Poaceae,Capeochloa cincta,(Nees) N.P.Barker & H.P.Linder,Poaceae,1,0,1,0,1,0,0,0,0,1,0,Oct,Apr,NA,NA,200,0,0,1,0,0,0,0,0,0,0,0,0,0,0,0,0,1,0,0,0,0,0,78.22,0,0,leaf,2,h,w,w,0,0,0,0
Capparis sepiaria,Capparis sepiaria,Capparaceae,Capparis sepiaria,L.,Capparaceae,1,0,1,0,1,0,0,0,0,1,0,Aug,Jan,NA,NA,500,0,0,0,0,0,1,0,1,0,0,0,0,0,0,0,0,0,0,1,0,0,0,NA,0,0,leaf,3,m,i,m,0,0,0,0
Carissa bispinosa,Carissa bispinosa,Apocynaceae,Carissa bispinosa,Desf.,Apocynaceae,1,0,1,0,1,0,0,0,0,0,0,Sep,Dec,NA,NA,500,0,0,0,0,0,1,0,0,0,0,0,0,0,0,0,0,0,0,1,0,0,0,2.116666667,0,0,leaf,3,l,i,m,0,0,0,0
Carpacoce gigantea,Carpacoce gigantea,Rubiaceae,Carpacoce gigantea,Puff,Rubiaceae,1,0,1,0,1,0,0,0,0,0,0,Nov,Jan,NA,NA,90,0,0,0,1,0,0,0,0,0,0,0,0,0,0,0,0,0,1,0,0,0,0,NA,0,0,leaf,2,l,w,p,0,0,0,0
Carpacoce heteromorpha,Carpacoce heteromorpha,Rubiaceae,Carpacoce heteromorpha,(H.Buek) Bolus,Rubiaceae,1,0,1,0,1,0,0,0,0,0,0,Jul,Jan,NA,NA,45,0,0,0,1,0,0,0,0,0,0,0,0,0,0,0,0,1,0,0,0,0,0,1.82,0,0,leaf,2,m,w,p,0,0,0,0
Carpacoce spermacocea,Carpacoce spermacocea,Rubiaceae,Carpacoce spermacocea,(Rchb. ex Spreng.) Sond.,Rubiaceae,1,0,1,0,1,0,0,0,0,0,0,Jul,Jan,NA,NA,90,1,0,0,0,0,0,0,0,0,0,0,0,0,0,0,0,0,1,0,0,0,0,1.3,0,0,mixed,2,m,w,p,0,0,0,0
Carpacoce vaginellata,Carpacoce vaginellata,Rubiaceae,Carpacoce vaginellata,Salter,Rubiaceae,1,0,1,0,1,0,0,0,0,0,0,Jul,May,NA,NA,45,0,0,0,1,0,0,0,0,0,0,0,0,0,0,0,0,0,1,0,0,0,0,3.066666667,0,0,mixed,2,m,w,p,0,0,0,0
Carpha glomerata,Carpha glomerata,Cyperaceae,Carpha glomerata,Nees,Cyperaceae,1,0,1,0,1,0,0,0,0,1,0,Aug,Jan,NA,NA,200,0,0,1,0,0,0,0,0,0,0,0,0,0,0,0,0,0,1,0,0,0,0,93.34,0,0,leaf,3,h,w,u,0,0,0,0
Carpobrotus acinaciformis,Carpobrotus acinaciformis,Aizoaceae,Carpobrotus acinaciformis,(L.) L.Bolus,Aizoaceae,1,0,1,0,1,0,0,0,0,0,0,Aug,Dec,NA,NA,20,0,0,0,1,0,0,0,0,0,0,0,0,1,1,1,0,0,1,0,0,0,0,8.141666667,0,0,leaf,2,l,i,m,0,0,0,0
Carpobrotus edulis,Carpobrotus edulis,Aizoaceae,Carpobrotus edulis,(L.) N.E.Br.,Aizoaceae,1,0,1,0,1,0,0,0,0,0,0,Aug,Oct,NA,NA,20,0,0,0,1,0,0,0,0,0,0,0,0,1,1,1,0,0,1,0,0,0,0,8.478666667,0,0,leaf,2,l,i,m,0,0,0,0
Cassine peragua,Cassine peragua,Celastraceae,Cassine peragua,L.,Celastraceae,1,0,1,0,1,0,0,0,0,1,0,Feb,Jul,NA,NA,1500,0,0,0,0,0,1,1,0,0,0,0,0,0,0,0,0,0,0,1,0,0,0,4.168421053,0,0,leaf,3,m,i,m,0,0,0,0
Cassine schinoides,Cassine schinoides,Celastraceae,Elaeodendron schinoides,Spreng.,Celastraceae,1,0,1,0,1,0,0,0,0,1,0,Oct,Dec,NA,NA,1000,0,0,0,0,0,0,1,0,0,0,0,0,0,0,0,0,0,0,1,0,0,0,7.89,0,0,leaf,3,m,i,m,0,0,0,0
Cassytha ciliolata,Cassytha ciliolata,Lauraceae,Cassytha ciliolata,Nees,Lauraceae,1,0,1,0,1,0,0,0,0,0,0,Sep,Jan,NA,NA,200,0,0,0,0,0,0,1,0,1,0,1,0,0,0,0,0,0,0,0,0,0,0,34.75,1,1,culm_stem,2,l,i,m,0,0,0,0
Cassytha filiformis,Cassytha filiformis,Lauraceae,Cassytha filiformis,L.,Lauraceae,1,0,1,0,1,0,0,0,0,0,0,Sep,Jan,NA,NA,200,0,0,0,0,0,0,0,0,1,0,1,0,0,0,0,0,0,0,0,0,0,0,23.4,1,1,culm_stem,2,l,i,m,0,0,0,0
Celtis africana,Celtis africana,Celtidaceae,Celtis africana,Burm.f.,Cannabaceae,1,0,1,0,0,1,0,0,0,0,0,Jan,Apr,NA,NA,3000,0,0,0,0,0,0,1,0,0,0,0,0,0,0,0,0,0,0,1,0,0,0,NA,0,0,leaf,3,l,i,m,0,0,0,0
Cenchrus ciliaris,Cenchrus ciliaris,Poaceae,Cenchrus ciliaris,L.,Poaceae,1,0,1,0,1,0,0,0,0,0,0,Aug,Apr,NA,NA,100,0,0,1,0,0,0,0,0,0,0,0,0,0,0,0,0,1,0,0,0,0,0,15,0,1,mixed,1,h,w,w,0,0,0,0
Centella affinis,Centella affinis,Apiaceae,Centella affinis,(Eckl. & Zeyh.) Adamson,Apiaceae,1,0,1,0,1,0,0,1,0,0,0,Aug,Jan,NA,NA,30,1,0,0,0,0,0,0,0,0,0,0,0,0,0,0,0,1,0,0,0,0,0,NA,0,0,leaf,2,l,w,p,0,0,0,0
Centella cochlearia,Centella recticarpa,Apiaceae,Centella cochlearia,(Domin) Adamson,Apiaceae,1,0,1,0,1,0,0,1,0,1,0,Sep,Apr,NA,NA,20,1,0,0,0,0,0,0,0,0,0,0,0,0,0,0,0,1,0,0,0,0,0,NA,0,0,leaf,2,l,i,p,0,0,0,0
Centella difformis,Centella difformis,Apiaceae,Centella difformis,(Eckl. & Zeyh.) Adamson,Apiaceae,1,0,1,0,1,0,0,1,0,0,0,Aug,Apr,NA,NA,40,1,0,0,0,0,0,0,0,0,0,0,0,0,0,0,0,0,1,0,0,1,0,4.4,0,0,leaf,2,l,i,p,0,0,0,0
Centella glabrata,Centella glabrata,Apiaceae,Centella glabrata,L.,Apiaceae,1,0,1,0,1,0,0,1,0,0,0,Sep,Jan,NA,NA,20,1,0,0,0,0,0,0,0,0,0,0,0,0,0,0,0,0,1,0,0,0,0,4.82,0,0,leaf,2,l,i,p,0,0,0,0
Centella lanata,Centella lanata,Apiaceae,Centella lanata,Compton,Apiaceae,1,0,1,0,1,0,0,1,0,0,0,Jan,May,NA,NA,50,1,0,0,0,0,0,0,0,0,0,0,0,0,0,0,0,0,0,1,0,1,0,3.56,0,0,leaf,2,l,i,p,0,0,0,0
Centella lasiophylla,Centella lasiophylla,Apiaceae,Centella lasiophylla,Adamson,Apiaceae,1,0,1,0,1,0,0,1,0,0,0,Sep,Dec,NA,NA,50,1,0,0,0,0,0,0,0,0,0,0,0,0,0,0,0,0,0,1,0,0,0,NA,0,0,leaf,2,l,i,p,0,0,0,0
Centella linifolia,Centella linifolia,Apiaceae,Centella linifolia,(L.f.) Drude,Apiaceae,1,0,1,0,1,0,0,1,0,0,0,Sep,Dec,NA,NA,50,0,0,0,1,0,0,0,0,0,0,0,0,0,0,0,0,1,0,0,0,0,0,NA,0,0,leaf,2,l,i,p,0,0,0,0
Centella macrocarpa,Centella macrocarpa,Apiaceae,Centella macrocarpa,(A.Rich.) Adamson,Apiaceae,1,0,1,0,1,0,0,1,0,0,0,Apr,Jan,NA,NA,35,1,0,0,0,0,0,0,0,0,0,0,0,0,0,0,0,0,0,1,0,0,0,3.6,0,0,leaf,2,l,i,p,0,0,0,0
Centella montana,Centella montana,Apiaceae,Centella montana,(Cham. & Schltdl.) Domin,Apiaceae,1,0,1,0,1,0,0,1,0,0,0,Aug,Jan,NA,NA,10,1,0,0,0,0,0,0,0,0,0,0,0,0,0,0,0,0,1,1,0,0,0,NA,0,0,leaf,2,l,i,p,0,0,0,0
Centella restioides,Centella restioides,Apiaceae,Centella restioides,Adamson,Apiaceae,1,0,1,0,1,0,0,1,0,1,0,Oct,Dec,NA,NA,50,1,0,0,0,0,0,0,0,0,0,0,0,0,0,0,0,0,1,0,0,0,0,4.308333333,0,0,leaf,2,l,i,p,0,0,0,0
Centella sessilis,Centella sessilis,Apiaceae,Centella sessilis,Adamson,Apiaceae,1,0,1,0,1,0,0,1,0,0,0,Sep,Jan,NA,NA,15,1,0,0,0,0,0,0,0,0,0,0,0,0,0,0,0,0,1,0,0,0,0,NA,0,0,leaf,2,l,i,p,0,0,0,0
Centella stenophylla,Centella stenophylla,Apiaceae,Centella stenophylla,Adamson,Apiaceae,1,0,1,0,1,0,0,1,0,0,0,Aug,Jan,NA,NA,40,1,0,0,0,0,0,0,0,0,0,0,0,0,0,0,0,0,1,0,0,0,0,NA,0,0,leaf,2,l,i,p,0,0,0,0
Centella tridentata,Centella tridentata,Apiaceae,Centella tridentata,Drude,Apiaceae,1,0,1,0,1,0,0,1,0,0,0,Aug,Dec,NA,NA,20,1,0,0,0,0,0,0,0,0,0,0,0,0,0,0,0,0,0,1,0,1,0,1.733333333,0,0,leaf,2,l,i,p,0,0,0,0
Centella triloba,Centella triloba,Apiaceae,Centella triloba,(Thunb.) Drude,Apiaceae,1,0,1,0,1,0,0,0,0,1,0,Aug,Apr,NA,NA,50,1,0,0,0,0,0,0,0,0,0,0,0,0,0,0,0,0,0,1,0,1,0,3.22,0,0,leaf,2,l,i,p,0,0,0,0
Centella villosa,Centella villosa,Apiaceae,Centella villosa,L.,Apiaceae,1,0,1,0,1,0,0,1,0,1,0,Sep,Dec,NA,NA,40,1,0,0,0,0,0,0,0,0,0,0,0,0,0,0,0,0,0,1,0,0,0,1.32,0,0,leaf,2,l,i,p,0,0,0,0
Centella virgata,Centella virgata,Apiaceae,Centella virgata,(L.f.) Drude,Apiaceae,1,0,1,0,1,0,0,1,0,0,0,Sep,Dec,NA,NA,60,1,0,0,0,0,0,0,0,0,0,0,0,0,0,0,0,1,0,0,0,0,0,3.712727273,0,0,leaf,2,l,i,p,0,0,0,0
Cephalaria humilis,Cephalaria humilis,Dipsacaceae,Cephalaria humilis,(Thunb.) Roem. & Schult.,Caprifoliaceae,1,0,1,0,1,0,0,1,0,1,0,Dec,Jan,NA,NA,100,1,0,0,0,0,0,0,0,0,0,0,0,0,0,0,0,0,1,0,0,0,1,NA,0,0,leaf,2,l,i,w,0,0,0,0
Ceratocaryum argenteum,Ceratocaryum argenteum,Restionaceae,Ceratocaryum argenteum,Nees,Restionaceae,1,0,0,1,1,0,0,0,0,0,0,Feb,Apr,NA,NA,150,0,0,1,0,0,0,0,0,0,0,0,0,0,0,0,0,0,0,0,0,0,0,NA,1,1,culm_stem,2,h,w,i,0,0,0,0
Ceratocaryum decipiens,Ceratocaryum decipiens,Restionaceae,Ceratocaryum decipiens,(N.E.Br.) H.P.Linder,Restionaceae,1,0,0,1,1,0,0,0,0,1,0,Feb,Mar,NA,NA,200,0,0,1,0,0,0,0,0,0,0,0,0,0,0,0,0,0,0,0,0,0,0,NA,1,1,culm_stem,2,h,w,i,0,0,0,0
Chaenostoma denudatum,Sutera denudata,Scrophulariaceae,Chaenostoma denudatum,Benth.,Scrophulariaceae,1,0,1,0,1,0,0,1,0,0,0,Jan,Dec,NA,NA,45,1,0,0,0,0,0,0,0,0,0,0,0,0,0,0,0,0,1,0,0,0,0,1.471111111,0,0,leaf,1,m,i,p,0,0,0,0
Chaenostoma hispidum,Sutera hispida,Scrophulariaceae,Chaenostoma hispidum,(Thunb.) Benth.,Scrophulariaceae,1,0,1,0,1,0,0,1,0,0,0,Jan,Dec,NA,NA,50,0,0,0,1,0,0,0,0,0,0,0,0,0,0,0,0,0,0,1,0,0,0,0.78,0,0,leaf,1,m,i,p,0,0,0,0
Chaenostoma longipedicellatum,Sutera longipedicellata,Scrophulariaceae,Chaenostoma longipedicellatum,(Hilliard) Kornhall,Scrophulariaceae,1,0,1,0,1,0,0,1,0,0,0,Jun,Sep,NA,NA,60,0,0,0,1,0,0,0,0,0,0,0,0,0,0,0,0,0,1,0,0,0,0,NA,0,0,leaf,1,m,i,p,0,0,0,0
Chamarea capensis,Chamarea capensis,Apiaceae,Chamarea capensis,(Thunb.) Eckl. & Zeyh.,Apiaceae,1,0,1,0,0,1,1,1,0,1,0,Nov,Apr,NA,NA,50,1,0,0,0,0,0,0,0,0,0,0,0,0,0,0,0,0,0,1,1,1,1,NA,0,0,leaf,2,l,i,p,0,0,0,0
Chamarea gracillima,Chamarea gracillima,Apiaceae,Chamarea gracillima,(H.Wolff) B.L.Burtt,Apiaceae,1,0,1,0,0,1,1,1,0,1,0,Nov,Apr,NA,NA,50,1,0,0,0,0,0,0,0,0,0,0,0,0,0,0,0,0,0,1,1,1,1,NA,0,0,leaf,2,l,i,p,0,0,0,0
Chascanum cuneifolium,Chascanum cuneifolium,Verbenaceae,Chascanum cuneifolium,(L.f.) E.Mey.,Verbenaceae,1,0,1,0,1,0,0,0,0,0,0,Jul,Nov,NA,NA,50,0,0,0,1,0,0,0,0,0,0,0,0,0,0,0,0,0,0,1,0,0,0,1.266666667,0,0,leaf,2,l,i,u,0,0,0,0
Cheilanthes contracta,Cheilanthes contracta,Pteridaceae,Anthonya contracta,(Kunze) Windham & Pryer,Pteridaceae,1,0,1,0,1,0,0,0,0,1,0,NA,NA,NA,NA,25,1,0,0,0,0,0,0,0,0,0,0,0,0,0,0,0,0,1,0,1,1,1,1.46,0,0,leaf,2,l,w,w,1,0,0,0
Cheilanthes induta,Cheilanthes induta,Pteridaceae,Choristosoria induta,(Kunze) Windham & Schuettp.,Pteridaceae,1,0,1,0,1,0,0,0,0,1,0,NA,NA,NA,NA,25,1,0,0,0,0,0,0,0,0,0,0,0,0,0,0,0,0,1,0,1,0,1,NA,0,0,leaf,2,l,w,w,1,0,0,0
Cheilanthes involuta,Cheilanthes involuta,Pteridaceae,Choristosoria involuta,(Sw.) Windham & Schuettp.,Pteridaceae,1,0,1,0,1,0,0,0,0,1,0,NA,NA,NA,NA,25,1,0,0,0,0,0,0,0,0,0,0,0,0,0,0,0,1,1,0,1,0,1,NA,0,0,leaf,2,l,w,w,1,0,0,0
Cheilanthes multifida,Cheilanthes multifida,Pteridaceae,Choristosoria multifida,(Sw.) Windham & Schuettp.,Pteridaceae,1,0,1,0,1,0,0,0,0,1,0,NA,NA,NA,NA,25,1,0,0,0,0,0,0,0,0,0,0,0,0,0,0,0,0,0,1,0,1,1,NA,0,0,leaf,2,l,w,w,1,0,0,0
Cheilanthes parviloba,Cheilanthes parviloba,Pteridaceae,Anthonya parviloba,(Sw.) Windham & Pryer,Pteridaceae,1,0,1,0,1,0,0,0,0,1,0,NA,NA,NA,NA,35,1,0,0,0,0,0,0,0,0,0,0,0,0,0,0,0,0,0,1,1,0,1,7.976666667,0,0,leaf,2,l,w,w,1,0,0,0
Chenolea diffusa,Chenolea diffusa,Amaranthaceae,Chenolea diffusa,Thunb.,Chenopodiaceae,1,0,1,0,1,0,0,0,0,0,0,Feb,Apr,NA,NA,30,1,0,0,0,0,0,0,1,0,0,0,0,1,1,1,0,0,1,1,0,0,0,0.86,0,0,leaf,2,l,u,p,0,0,0,0
Chironia baccifera,Chironia baccifera,Gentianaceae,Chironia baccifera,L.,Gentianaceae,1,0,1,0,1,0,0,0,0,0,0,Nov,Feb,NA,NA,100,0,0,0,1,0,0,0,0,0,0,0,0,0,0,0,0,1,0,0,0,0,0,1.135833333,0,1,leaf,2,m,i,m,0,0,0,0
Chironia decumbens,Chironia decumbens,Gentianaceae,Chironia decumbens,Levyns,Gentianaceae,1,0,1,0,1,0,0,0,0,0,0,Oct,Jan,NA,NA,15,1,0,0,0,0,0,0,1,0,0,0,0,0,0,0,0,1,0,1,0,0,0,NA,0,1,leaf,2,l,i,m,0,0,0,0
Chironia jasminoides,Chironia jasminoides,Gentianaceae,Chironia jasminoides,L.,Gentianaceae,1,0,1,0,1,0,0,0,0,0,0,Aug,Jan,NA,NA,90,0,0,0,1,0,0,0,0,0,0,0,0,0,0,0,0,1,0,1,0,0,0,NA,0,1,leaf,2,l,i,m,0,0,0,0
Chironia linoides,Chironia linoides,Gentianaceae,Chironia linoides,L.,Gentianaceae,1,0,1,0,1,0,0,0,0,0,0,Oct,Jan,NA,NA,90,0,0,0,1,0,0,0,0,0,0,0,0,0,0,0,0,1,0,0,0,0,0,1.62,0,1,leaf,2,l,i,m,0,0,0,0
Chironia melampyrifolia,Chironia melampyrifolia,Gentianaceae,Chironia melampyrifolia,Lam.,Gentianaceae,1,0,1,0,1,0,0,0,0,0,0,Sep,Jan,NA,NA,80,0,0,0,1,0,0,0,0,0,0,0,0,0,0,0,0,0,0,1,0,0,0,7.26,0,1,leaf,2,l,i,m,0,0,0,0
Chlorophytum crispum,Chlorophytum crispum,Anthericaceae,Chlorophytum crispum,(Thunb.) Baker,Asparagaceae,1,0,1,0,1,0,0,1,0,1,0,Sep,Apr,NA,NA,50,0,1,0,0,0,0,0,0,0,0,0,0,0,0,0,0,0,1,0,0,0,0,NA,0,0,leaf,2,l,i,w,0,0,0,0
Chrysitrix capensis,Chrysitrix capensis,Cyperaceae,Chrysitrix capensis,L.,Cyperaceae,1,0,1,0,1,0,0,0,0,1,0,Apr,Nov,NA,NA,40,0,0,1,0,0,0,0,0,0,0,0,0,0,0,0,0,1,0,0,0,0,0,23.88,0,0,leaf,2,m,w,p,0,0,0,0
Chrysitrix junciformis,Chrysitrix junciformis,Cyperaceae,Chrysitrix junciformis,Nees,Cyperaceae,1,0,1,0,1,0,0,0,0,1,0,Apr,Dec,NA,NA,30,0,0,1,0,0,0,0,0,0,0,0,0,0,0,0,0,1,0,0,0,0,0,49.14,1,0,culm_stem,2,m,w,p,0,0,0,0
Chrysocoma ciliata,Chrysocoma ciliata,Asteraceae,Chrysocoma ciliata,L.,Asteraceae,1,0,1,0,1,0,0,0,0,0,0,Oct,Jan,NA,NA,60,0,0,0,1,0,0,0,0,0,0,0,0,0,0,0,0,1,0,0,0,0,0,0.648181818,0,0,leaf,2,h,i,w,0,0,0,0
Chrysocoma coma-aurea,Chrysocoma coma-aurea,Asteraceae,Chrysocoma coma-aurea,L.,Asteraceae,1,0,1,0,1,0,0,0,0,0,0,Oct,Jan,NA,NA,50,0,0,0,1,0,0,0,0,0,0,0,0,0,0,0,0,1,0,0,0,0,0,1.21,0,0,leaf,2,h,i,w,0,0,0,0
Cineraria geifolia,Cineraria geifolia,Asteraceae,Cineraria geifolia,L.,Asteraceae,1,0,1,0,1,0,0,0,0,0,0,Aug,Nov,NA,NA,60,1,0,0,0,0,0,0,0,0,0,0,0,0,0,0,0,0,0,1,0,1,0,NA,0,0,leaf,1,l,i,w,0,0,0,0
Cineraria lobata,Cineraria lobata,Asteraceae,Cineraria lobata,L'Hér.,Asteraceae,1,0,1,0,1,0,0,0,0,0,0,Nov,Jan,NA,NA,60,1,0,0,0,0,0,0,0,0,0,0,0,0,0,0,0,0,0,1,0,1,0,NA,0,0,leaf,1,l,i,w,0,0,0,0
Cineraria platycarpa,Cineraria platycarpa,Asteraceae,Cineraria platycarpa,DC.,Asteraceae,0,1,1,0,1,0,0,0,0,0,0,Aug,Sep,NA,NA,20,1,0,0,0,0,0,0,0,0,0,0,0,0,0,0,0,0,0,1,0,1,0,NA,0,0,leaf,0,l,i,w,0,0,0,0
Cineraria saxifraga,Cineraria saxifraga,Asteraceae,Cineraria saxifraga,DC.,Asteraceae,1,0,1,0,1,0,0,0,0,0,0,Sep,Nov,NA,NA,30,1,0,0,0,0,0,0,0,0,0,0,0,0,0,0,0,0,0,1,0,1,0,1.948333333,0,0,leaf,1,l,i,w,0,0,0,0
Cissampelos capensis,Cissampelos capensis,Menispermaceae,Cissampelos capensis,L.f.,Menispermaceae,1,0,1,0,1,0,0,0,0,0,0,Feb,May,NA,NA,100,0,0,0,1,0,0,0,1,0,0,0,0,0,0,0,0,0,0,1,0,0,0,2.233333333,0,0,leaf,2,l,i,u,0,0,0,0
Cliffortia atrata,Cliffortia atrata,Rosaceae,Cliffortia atrata,Weim.,Rosaceae,1,0,1,1,1,0,0,0,0,0,0,Jul,Dec,NA,NA,100,0,0,0,1,0,0,0,0,0,0,0,0,0,0,0,0,1,0,0,1,0,0,1.28375,0,0,leaf,2,h,w,i,0,0,0,0
Cliffortia baccans,Cliffortia baccans,Rosaceae,Cliffortia baccans,Harv.,Rosaceae,1,0,1,1,1,0,0,0,0,1,0,Sep,Oct,NA,NA,60,0,0,0,1,0,0,0,0,0,0,0,0,0,0,0,0,1,0,0,1,0,0,NA,0,0,leaf,2,h,w,m,0,0,0,0
Cliffortia burchellii,Cliffortia burchellii,Rosaceae,Cliffortia burchellii,Stapf,Rosaceae,1,0,1,1,1,0,0,0,0,0,0,Apr,May,NA,NA,200,0,0,0,0,0,1,0,0,0,0,0,0,0,0,0,0,1,0,0,1,0,0,1.458,0,0,leaf,2,h,w,p,0,0,0,0
Cliffortia cervicornu,Cliffortia cervicornu,Rosaceae,Cliffortia cervicornu,Weim.,Rosaceae,1,0,1,1,1,0,0,0,0,0,0,Oct,Oct,NA,NA,50,0,0,0,1,0,0,0,0,0,0,0,0,0,0,0,0,0,0,1,1,1,0,NA,0,0,leaf,2,h,w,p,0,0,0,0
Cliffortia complanata,Cliffortia complanata,Rosaceae,Cliffortia complanata,E.Mey. ex Harv. & Sond.,Rosaceae,1,0,1,1,1,0,0,0,0,1,0,Nov,Mar,NA,NA,60,0,0,0,1,0,0,0,0,0,0,0,0,0,0,0,0,0,0,1,1,0,0,NA,0,0,leaf,2,h,w,p,0,0,0,0
Cliffortia densa,Cliffortia densa,Rosaceae,Cliffortia densa,Weim.,Rosaceae,1,0,1,1,1,0,0,0,0,0,0,May,May,NA,NA,300,0,0,0,0,0,1,0,0,0,0,0,0,0,0,0,0,1,0,0,1,0,0,1.126,0,0,leaf,2,h,w,p,0,0,0,0
Cliffortia dentata,Cliffortia gracilis,Rosaceae,Cliffortia dentata,Willd.,Rosaceae,1,0,1,1,1,0,0,0,0,0,0,Oct,Oct,NA,NA,60,0,0,0,1,0,0,0,0,0,0,0,0,0,0,0,0,0,0,1,1,0,0,0.59,0,0,leaf,2,h,w,p,0,0,0,0
Cliffortia drepanoides,Cliffortia drepanoides,Rosaceae,Cliffortia drepanoides,Eckl. & Zeyh.,Rosaceae,1,0,1,1,1,0,0,0,0,0,0,Mar,Apr,NA,NA,100,0,0,0,1,0,0,0,0,0,0,0,0,0,0,0,0,0,1,0,1,0,0,1.383333333,0,0,leaf,2,h,w,p,0,0,0,0
Cliffortia falcata,Cliffortia falcata,Rosaceae,Cliffortia falcata,L.f.,Rosaceae,1,0,1,1,1,0,0,0,0,0,0,Aug,Oct,NA,NA,100,0,0,0,1,0,0,0,0,0,0,0,0,0,0,0,0,0,1,0,1,0,0,0.78,0,0,leaf,2,h,w,p,0,0,0,0
Cliffortia ferruginea,Cliffortia ferruginea,Rosaceae,Cliffortia ferruginea,L.f.,Rosaceae,1,0,1,1,1,0,0,0,0,1,0,Nov,Jul,NA,NA,120,0,0,0,1,0,0,0,0,0,0,0,0,0,0,0,0,0,1,0,0,1,0,1.983846154,0,0,leaf,2,h,w,p,0,0,0,0
Cliffortia filicaulis,Cliffortia filicaulis,Rosaceae,Cliffortia filicaulis,Cham. & Schltdl.,Rosaceae,1,0,1,1,1,0,0,0,0,0,0,Aug,Dec,NA,NA,100,0,0,0,1,0,0,0,0,0,0,0,0,0,0,0,0,0,0,1,1,1,0,0.374,0,0,leaf,2,h,w,p,0,0,0,0
Cliffortia filifolia,Cliffortia filifolia,Rosaceae,Cliffortia filifolia,L.f.,Rosaceae,1,0,1,1,1,0,0,0,0,0,0,May,Aug,NA,NA,100,0,0,0,1,0,0,0,0,0,0,0,0,0,0,0,0,1,0,0,1,0,0,0.98,0,0,leaf,2,h,w,p,0,0,0,0
Cliffortia glauca,Cliffortia glauca,Rosaceae,Cliffortia glauca,Weim.,Rosaceae,1,0,1,1,1,0,0,0,0,1,0,Nov,Feb,NA,NA,150,0,0,0,0,1,0,0,0,0,0,0,0,0,0,0,0,0,0,1,1,0,0,NA,0,0,leaf,2,h,w,p,0,0,0,0
Cliffortia graminea,Cliffortia graminea,Rosaceae,Cliffortia graminea,L.f.,Rosaceae,1,0,1,1,1,0,0,0,0,1,0,Aug,Mar,NA,NA,200,0,0,0,0,0,1,0,0,0,0,0,0,0,0,0,0,0,1,0,0,1,0,NA,0,0,leaf,2,h,w,p,0,0,0,0
Cliffortia heterophylla,Cliffortia heterophylla,Rosaceae,Cliffortia heterophylla,Weim.,Rosaceae,1,0,1,1,1,0,0,0,0,0,0,Sep,Jun,NA,NA,250,0,0,0,0,0,1,0,0,0,0,0,0,0,0,0,0,1,1,1,0,0,0,9.9,0,0,leaf,2,h,w,p,0,0,0,0
Cliffortia hexandra,Cliffortia hexandra,Rosaceae,Cliffortia hexandra,Weim.,Rosaceae,1,0,1,1,1,0,0,0,0,0,0,Sep,Oct,NA,NA,60,0,0,0,1,0,0,0,0,0,0,0,0,0,0,0,0,0,1,0,1,0,0,0.486666667,0,0,leaf,2,h,w,i,0,0,0,0
Cliffortia hirsuta,Cliffortia hirsuta,Rosaceae,Cliffortia hirsuta,Eckl. & Zeyh.,Rosaceae,1,0,1,1,1,0,0,0,0,0,0,Apr,Dec,NA,NA,100,0,0,0,1,0,0,0,0,0,0,0,0,0,0,0,0,0,0,1,0,1,0,NA,0,0,leaf,2,h,w,p,0,0,0,0
Cliffortia ilicifolia,Cliffortia ilicifolia,Rosaceae,Cliffortia ilicifolia,L.,Rosaceae,1,0,1,1,1,0,0,0,0,0,0,Nov,Dec,NA,NA,200,0,0,0,0,0,1,0,0,0,0,0,0,0,0,0,0,0,0,1,0,1,0,1.466666667,0,0,leaf,2,h,w,p,0,0,0,0
Cliffortia linearifolia,Cliffortia linearifolia,Rosaceae,Cliffortia linearifolia,Eckl. & Zeyh.,Rosaceae,1,0,1,1,1,0,0,0,0,1,0,Oct,Jan,NA,NA,150,0,0,0,0,1,0,0,0,0,0,0,0,0,0,0,0,1,0,0,1,0,0,0.476666667,0,0,leaf,2,h,w,p,0,0,0,0
Cliffortia neglecta,Cliffortia neglecta,Rosaceae,Cliffortia neglecta,Schltr.,Rosaceae,1,0,1,1,1,0,0,0,0,0,0,Sep,Oct,NA,NA,50,0,0,0,1,0,0,0,0,0,0,0,0,0,0,0,0,1,0,0,0,0,0,NA,0,0,leaf,2,h,w,i,0,0,0,0
Cliffortia obcordata,Cliffortia obcordata,Rosaceae,Cliffortia obcordata,L.f.,Rosaceae,1,0,1,1,1,0,0,0,0,0,0,Mar,Nov,NA,NA,150,0,0,0,0,1,0,0,0,0,0,0,0,0,0,0,0,0,0,1,1,0,0,0.96,0,0,leaf,2,h,w,p,0,0,0,0
Cliffortia odorata,Cliffortia discolor,Rosaceae,Cliffortia odorata,L.f.,Rosaceae,1,0,1,1,1,0,0,0,0,0,0,Jan,Jan,NA,NA,200,0,0,0,0,0,0,0,0,0,0,0,0,0,0,0,0,0,0,1,0,0,0,NA,0,0,leaf,2,h,w,p,0,0,0,0
Cliffortia paucistaminea,Cliffortia paucistaminea,Rosaceae,Cliffortia paucistaminea,Weim.,Rosaceae,1,0,1,1,1,0,0,0,0,1,0,Jan,Apr,NA,NA,120,0,0,0,0,1,0,0,0,0,0,0,0,0,0,0,0,1,0,0,1,0,0,NA,0,0,leaf,2,h,w,p,0,0,0,0
Cliffortia polita,Cliffortia polita,Rosaceae,Cliffortia polita,Weim.,Rosaceae,1,0,1,1,1,0,0,0,0,1,0,Nov,Jan,NA,NA,60,0,0,0,1,0,0,0,0,0,0,0,0,0,0,0,0,1,0,0,1,0,0,0.523333333,0,0,leaf,2,h,w,p,0,0,0,0
Cliffortia polygonifolia,Cliffortia polygonifolia,Rosaceae,Cliffortia polygonifolia,L.,Rosaceae,1,0,1,1,1,0,0,0,0,0,0,Apr,Nov,NA,NA,150,0,0,0,0,1,0,0,0,0,0,0,0,0,0,0,0,0,1,0,1,0,0,0.7125,0,0,leaf,2,h,w,i,0,0,0,0
Cliffortia pterocarpa,Cliffortia pterocarpa,Rosaceae,Cliffortia pterocarpa,(Harv.) Weim.,Rosaceae,1,0,1,1,1,0,0,0,0,1,0,Aug,Dec,NA,NA,100,0,0,0,1,0,0,0,0,0,0,0,0,0,0,0,0,1,0,0,1,0,0,NA,0,0,leaf,2,h,w,p,0,0,0,0
Cliffortia pulchella,Cliffortia pulchella,Rosaceae,Cliffortia pulchella,L.f.,Rosaceae,1,0,1,1,1,0,0,0,0,1,0,Apr,May,NA,NA,60,0,0,0,1,0,0,0,0,0,0,0,0,0,0,0,0,0,0,1,1,0,0,NA,0,0,leaf,2,m,w,p,0,0,0,0
Cliffortia ruscifolia,Cliffortia ruscifolia,Rosaceae,Cliffortia ruscifolia,L.,Rosaceae,1,0,1,1,1,0,0,0,0,1,0,Aug,Oct,NA,NA,150,0,0,0,0,1,0,0,0,0,0,0,0,0,0,0,0,0,1,0,0,0,0,1.686666667,0,0,leaf,2,h,w,i,0,0,0,0
Cliffortia sericea,Cliffortia sericea,Rosaceae,Cliffortia sericea,Eckl. & Zeyh.,Rosaceae,1,0,1,1,1,0,0,0,0,0,0,Aug,Nov,NA,NA,60,0,0,0,1,0,0,0,0,0,0,0,0,0,0,0,0,0,1,0,1,0,0,NA,0,0,leaf,2,h,w,i,0,0,0,0
Cliffortia serpyllifolia,Cliffortia serpyllifolia,Rosaceae,Cliffortia serpyllifolia,Cham. & Schltdl.,Rosaceae,1,0,1,1,1,0,0,0,0,0,0,Nov,May,NA,NA,200,0,0,0,0,0,1,0,0,0,0,0,0,0,0,0,0,0,1,0,1,0,0,0.35,0,0,leaf,2,h,w,p,0,0,0,0
Cliffortia stricta,Cliffortia stricta,Rosaceae,Cliffortia stricta,Weim.,Rosaceae,1,0,1,1,1,0,0,0,0,0,0,Oct,Jun,NA,NA,150,0,0,0,0,1,0,0,0,0,0,0,0,0,0,0,0,1,0,0,1,0,0,0.69625,0,0,leaf,2,h,w,p,0,0,0,0
Cliffortia strobilifera,Cliffortia strobilifera,Rosaceae,Cliffortia strobilifera,L.,Rosaceae,1,0,1,1,1,0,0,0,0,1,0,Jan,Apr,NA,NA,300,0,0,0,0,0,1,0,0,0,0,0,0,0,0,0,0,1,0,0,0,0,0,NA,0,0,leaf,2,h,w,p,0,0,0,0
Cliffortia subdura,Cliffortia subdura,Rosaceae,Cliffortia subdura,Weim.,Rosaceae,1,0,1,1,1,0,0,0,0,0,0,May,May,NA,NA,100,0,0,0,1,0,0,0,0,0,0,0,0,0,0,0,0,0,1,0,1,0,0,NA,0,0,leaf,2,h,w,p,0,0,0,0
Cliffortia subsetacea,Cliffortia subsetacea,Rosaceae,Cliffortia subsetacea,(Eckl. & Zeyh.) Diels ex Bolus & Wolley-Dod,Rosaceae,1,0,1,1,1,0,0,0,0,0,0,Aug,Jan,NA,NA,200,0,0,0,0,0,1,0,0,0,0,0,0,0,0,0,0,1,0,0,1,0,0,0.428571429,0,0,leaf,2,h,w,p,0,0,0,0
Cliffortia teretifolia,Cliffortia teretifolia,Rosaceae,Cliffortia teretifolia,L.f.,Rosaceae,1,0,1,1,1,0,0,0,0,1,0,Sep,Dec,NA,NA,100,0,0,0,1,0,0,0,0,0,0,0,0,0,0,0,0,1,0,0,1,0,0,NA,0,0,leaf,2,h,w,p,0,0,0,0
Cliffortia triloba,Cliffortia triloba,Rosaceae,Cliffortia triloba,Harv.,Rosaceae,1,0,1,1,1,0,0,0,0,1,0,Aug,Sep,NA,NA,30,0,0,0,1,0,0,0,0,0,0,0,0,0,0,0,0,0,0,1,1,1,0,NA,0,0,leaf,2,h,w,p,0,0,0,0
Cliffortia tuberculata,Cliffortia tuberculata,Rosaceae,Cliffortia tuberculata,(Harv.) Weim.,Rosaceae,1,0,1,1,1,0,0,0,0,1,0,Oct,Nov,NA,NA,100,0,0,0,1,0,0,0,0,0,0,0,0,0,0,0,0,1,0,0,1,0,0,NA,0,0,leaf,2,h,w,i,0,0,0,0
Clutia alaternoides,Clutia alaternoides,Euphorbiaceae,Clutia alaternoides,L.,Peraceae,1,0,0,1,1,0,0,0,0,1,0,Aug,Oct,NA,NA,60,0,0,0,1,0,0,0,0,0,0,0,0,0,0,0,0,0,0,1,0,0,0,1.506363636,0,0,leaf,2,m,i,p,0,0,0,0
Clutia daphnoides,Clutia daphnoides,Euphorbiaceae,Clutia daphnoides,Lam.,Peraceae,1,0,0,1,1,0,0,0,0,0,0,Jun,Sep,NA,NA,200,0,0,0,0,0,1,0,0,0,0,0,0,0,0,0,0,0,1,0,0,0,0,NA,0,0,leaf,2,h,i,p,0,0,0,0
Clutia ericoides,Clutia ericoides,Euphorbiaceae,Clutia ericoides,Thunb.,Peraceae,1,0,0,1,1,0,0,0,0,0,0,May,Jul,NA,NA,60,0,0,0,1,0,0,0,0,0,0,0,0,0,0,0,0,0,1,0,0,0,0,1.044166667,0,0,leaf,2,m,i,p,0,0,0,0
Clutia laxa,Clutia laxa,Euphorbiaceae,Clutia laxa,Eckl. ex Sond.,Peraceae,1,0,0,1,1,0,0,0,0,1,0,Jul,Sep,NA,NA,100,0,0,0,1,0,0,0,0,0,0,0,0,0,0,0,0,0,0,1,0,0,0,1.012,0,0,leaf,2,m,i,p,0,0,0,0
Clutia polifolia,Clutia polifolia,Euphorbiaceae,Clutia polifolia,Jacq.,Peraceae,1,0,0,1,1,0,0,0,0,0,0,Jul,Sep,NA,NA,100,0,0,0,1,0,0,0,0,0,0,0,0,0,0,0,0,0,1,0,0,0,0,0.637272727,0,0,leaf,2,h,i,p,0,0,0,0
Clutia polygonoides,Clutia polygonoides,Euphorbiaceae,Clutia polygonoides,L.,Peraceae,1,0,0,1,1,0,0,0,0,1,0,Oct,Apr,NA,NA,60,0,0,0,1,0,0,0,0,0,0,0,0,0,0,0,0,0,0,1,0,0,0,NA,0,0,leaf,2,h,i,p,0,0,0,0
Clutia pulchella,Clutia pulchella,Euphorbiaceae,Clutia pulchella,L.,Peraceae,1,0,0,1,1,0,0,0,0,1,0,Aug,Sep,NA,NA,200,0,0,0,0,0,1,1,0,0,0,0,0,0,0,0,0,0,1,1,0,0,0,3.12,0,0,leaf,2,h,i,p,0,0,0,0
Coleonema album,Coleonema album,Rutaceae,Coleonema album,(Thunb.) Bartl. & H.L.Wendl.,Rutaceae,1,0,1,0,1,0,0,0,0,0,0,Aug,Oct,NA,NA,200,0,0,0,0,0,1,0,0,0,0,0,0,0,0,0,0,0,1,0,0,0,0,0.832,0,0,leaf,2,h,i,p,0,0,0,0
Coleonema aspalathoides,Coleonema aspalathoides,Rutaceae,Coleonema aspalathoides,A.Juss.,Rutaceae,1,0,1,0,1,0,0,0,0,0,0,Apr,Nov,NA,NA,150,0,0,0,0,1,0,0,0,0,0,0,0,0,0,0,0,0,1,0,0,0,0,0.803333333,0,0,leaf,2,h,i,p,0,0,0,0
Coleonema juniperinum,Coleonema juniperinum,Rutaceae,Coleonema juniperinum,Sond.,Rutaceae,1,0,1,0,1,0,0,0,0,0,0,May,Nov,NA,NA,50,0,0,0,1,0,0,0,0,0,0,0,0,0,0,0,0,0,1,0,0,0,0,0.642,0,0,leaf,2,h,i,p,0,0,0,0
Colpoon compressum,Osyris compressa,Santalaceae,Osyris compressa,(P.J.Bergius) A.DC.,Santalaceae,1,0,1,0,1,0,0,0,0,0,0,Dec,Jun,NA,NA,500,0,0,0,0,0,1,1,0,0,1,0,0,0,0,0,0,0,0,1,0,0,0,3.284615385,0,0,leaf,2,h,i,m,0,0,0,0
Commelina africana,Commelina africana,Commelinaceae,Commelina africana,L.,Commelinaceae,1,0,1,0,1,0,0,0,0,0,0,Nov,Jun,NA,NA,50,1,0,0,0,0,0,0,1,0,0,0,0,0,0,0,0,0,0,1,0,0,0,5.716666667,0,0,leaf,1,l,i,u,0,0,0,0
Commelina benghalensis,Commelina benghalensis,Commelinaceae,Commelina benghalensis,L.,Commelinaceae,0,1,1,0,0,1,0,0,0,0,0,Nov,Apr,NA,NA,30,1,0,0,0,0,0,0,1,0,0,0,0,0,0,0,0,0,0,1,0,0,0,20.5,0,0,leaf,1,l,i,u,0,0,0,0
Conophytum minusculum,Conophytum minusculum,Aizoaceae,Conophytum minusculum,(N.E.Br.) N.E.Br.,Aizoaceae,1,0,1,0,1,0,0,1,0,0,0,Mar,Jun,NA,NA,1,1,0,0,0,0,0,0,0,0,0,0,0,1,1,1,0,0,0,1,0,0,0,0.634,0,0,leaf,2,l,i,p,0,0,0,0
Conyza pinnatifida,Conyza pinnatifida,Asteraceae,Conyza pinnatifida,(Thunb.) Less.,Asteraceae,1,0,1,0,1,0,0,0,0,0,0,Jan,May,NA,NA,45,1,0,0,0,0,0,0,0,0,0,0,0,0,0,0,0,0,1,0,0,1,1,NA,0,0,leaf,2,h,i,w,0,0,0,0
Corymbium africanum,Corymbium africanum,Asteraceae,Corymbium africanum,L.,Asteraceae,1,0,1,0,1,0,0,0,0,1,0,Oct,Nov,NA,NA,30,1,0,0,0,0,0,0,0,0,0,0,0,0,0,0,0,1,0,0,0,0,0,22.47222222,0,0,leaf,3,l,i,w,0,0,0,0
Corymbium glabrum,Corymbium glabrum,Asteraceae,Corymbium glabrum,L.,Asteraceae,1,0,1,0,1,0,0,0,0,1,0,Nov,Jan,NA,NA,60,1,0,0,0,0,0,0,0,0,0,0,0,0,0,0,0,1,1,0,0,0,0,16.53125,0,0,leaf,3,l,i,w,0,0,0,0
Cotula turbinata,Cotula turbinata,Asteraceae,Cotula turbinata,L.,Asteraceae,0,1,1,0,0,1,1,1,0,0,0,Jul,Oct,NA,NA,30,1,0,0,0,0,0,0,0,0,0,0,0,0,0,0,0,1,0,0,0,1,1,NA,0,0,leaf,0,l,i,w,0,0,0,0
Cotyledon orbiculata,Cotyledon orbiculata,Crassulaceae,Cotyledon orbiculata,L.,Crassulaceae,1,0,1,0,1,0,0,0,0,0,0,Sep,Dec,NA,NA,100,0,0,0,1,0,0,0,0,0,0,0,0,1,1,1,0,0,0,1,0,0,0,15.13333333,0,0,leaf,3,l,m,w,0,0,0,0
Cotyledon velutina,Cotyledon velutina,Crassulaceae,Cotyledon velutina,Hook.f.,Crassulaceae,1,0,1,0,1,0,0,0,0,0,0,Oct,Dec,NA,NA,100,0,0,0,1,0,0,0,0,0,0,0,0,1,1,1,0,0,0,1,0,0,0,13.2,0,0,leaf,3,l,m,w,0,0,0,0
Cotyledon woodii,Cotyledon woodii,Crassulaceae,Cotyledon woodii,Schönland & Baker f.,Crassulaceae,1,0,1,0,1,0,0,0,0,0,0,Dec,Apr,NA,NA,100,0,0,0,1,0,0,0,0,0,0,0,0,1,1,1,0,0,0,1,0,0,0,3.985714286,0,0,leaf,3,l,m,w,0,0,0,0
Crassula arborescens,Crassula arborescens,Crassulaceae,Crassula arborescens,(Mill.) Willd.,Crassulaceae,1,0,1,0,1,0,0,0,0,0,0,Oct,Dec,NA,NA,200,0,0,0,0,0,1,0,0,0,0,0,0,1,1,1,0,0,0,1,0,0,0,NA,0,0,leaf,3,l,i,p,0,0,0,0
Crassula atropurpurea,Crassula atropurpurea,Crassulaceae,Crassula atropurpurea,D.Dietr.,Crassulaceae,1,0,1,0,1,0,0,0,0,0,0,Oct,Dec,NA,NA,60,0,0,0,1,0,0,0,0,0,0,0,0,1,1,1,0,0,1,1,0,0,0,2.53,0,0,leaf,2,l,i,p,0,0,0,0
Crassula biplanata,Crassula biplanata,Crassulaceae,Crassula biplanata,Haw.,Crassulaceae,1,0,1,0,1,0,0,0,0,0,0,Feb,Apr,NA,NA,30,1,0,0,0,0,0,0,0,0,0,0,0,1,1,1,0,0,1,0,0,0,0,0.73,0,0,leaf,2,l,i,p,0,0,0,0
Crassula capensis,Crassula capensis,Crassulaceae,Crassula capensis,(L.) Baill.,Crassulaceae,1,0,1,0,1,0,0,0,0,0,0,May,Nov,NA,NA,10,0,1,0,0,0,0,0,0,0,0,0,0,1,1,1,0,0,0,1,0,0,0,2.32,0,0,leaf,2,l,i,p,0,0,0,0
Crassula capitella,Crassula capitella,Crassulaceae,Crassula capitella,Thunb.,Crassulaceae,1,0,1,0,1,0,0,0,0,0,0,Nov,Mar,NA,NA,40,1,0,0,0,0,0,0,0,0,0,0,0,1,1,1,0,0,1,0,0,0,0,NA,0,0,leaf,2,l,i,p,0,0,0,0
Crassula coccinea,Crassula coccinea,Crassulaceae,Crassula coccinea,L.,Crassulaceae,1,0,1,0,1,0,0,0,0,0,0,Dec,Mar,NA,NA,40,0,0,0,1,0,0,0,0,0,0,0,0,1,1,1,0,0,0,1,0,0,0,2.571428571,0,0,leaf,2,l,i,p,0,0,0,0
Crassula cotyledonis,Crassula cotyledonis,Crassulaceae,Crassula cotyledonis,Thunb.,Crassulaceae,1,0,1,0,1,0,0,0,0,0,0,Nov,Jan,NA,NA,20,1,0,0,0,0,0,0,0,0,0,0,0,1,1,1,0,0,1,0,0,0,0,5.2,0,0,leaf,2,l,i,p,0,0,0,0
Crassula cultrata,Crassula cultrata,Crassulaceae,Crassula cultrata,L.,Crassulaceae,1,0,1,0,1,0,0,0,0,0,0,Dec,Jan,NA,NA,80,0,0,0,1,0,0,0,0,0,0,0,0,1,1,1,0,0,1,0,0,0,0,6.2,0,0,leaf,2,l,i,p,0,0,0,0
Crassula cymosa,Crassula cymosa,Crassulaceae,Crassula cymosa,P.J.Bergius,Crassulaceae,1,0,1,0,1,0,0,0,0,0,0,Oct,Jan,NA,NA,25,0,0,0,1,0,0,0,0,0,0,0,0,1,1,1,0,1,1,0,0,0,0,14.46,0,0,leaf,2,l,i,p,0,0,0,0
Crassula decumbens,Crassula decumbens,Crassulaceae,Crassula decumbens,Thunb.,Crassulaceae,0,1,1,0,1,0,0,0,0,0,0,Sep,Nov,NA,NA,12,1,0,0,0,0,0,0,0,0,0,0,0,1,1,1,0,0,1,0,0,0,0,NA,0,0,leaf,2,l,i,p,0,0,0,0
Crassula dejecta,Crassula dejecta,Crassulaceae,Crassula undulata,Haw.,Crassulaceae,1,0,1,0,1,0,0,0,0,0,0,Nov,Feb,NA,NA,40,0,0,0,1,0,0,0,0,0,0,0,0,1,1,1,0,0,0,1,0,0,0,1.64,0,0,leaf,2,l,i,p,0,0,0,0
Crassula dentata,Crassula dentata,Crassulaceae,Crassula dentata,Thunb.,Crassulaceae,1,0,1,0,1,0,0,0,0,0,0,Sep,Nov,NA,NA,15,0,1,0,0,0,0,0,0,0,0,0,0,1,1,1,0,0,0,1,0,0,0,NA,0,0,leaf,2,l,i,p,0,0,0,0
Crassula ericoides,Crassula ericoides,Crassulaceae,Crassula ericoides,Haw.,Crassulaceae,1,0,1,0,1,0,0,0,0,0,0,Dec,Mar,NA,NA,40,1,0,0,0,0,0,0,0,0,0,0,0,1,1,1,0,0,1,1,0,0,0,0.496666667,0,0,leaf,2,l,i,p,0,0,0,0
Crassula expansa,Crassula expansa,Crassulaceae,Crassula expansa,Aiton,Crassulaceae,1,0,1,0,1,0,0,0,0,0,0,Jul,Dec,NA,NA,40,1,0,0,0,0,0,0,0,0,0,0,0,1,1,1,0,0,0,1,0,0,0,NA,0,0,leaf,1,l,i,p,0,0,0,0
Crassula fascicularis,Crassula fascicularis,Crassulaceae,Crassula fascicularis,Lam.,Crassulaceae,1,0,1,0,1,0,0,0,0,0,0,Sep,Nov,NA,NA,40,0,0,0,1,0,0,0,0,0,0,0,0,1,1,1,0,0,1,0,0,0,0,2.222222222,0,0,leaf,2,l,i,p,0,0,0,0
Crassula flava,Crassula flava,Crassulaceae,Crassula flava,L.,Crassulaceae,1,0,1,0,1,0,0,0,0,0,0,Dec,Feb,NA,NA,40,0,0,0,1,0,0,0,0,0,0,0,0,1,1,1,0,0,1,0,0,0,0,NA,0,0,leaf,2,l,i,p,0,0,0,0
Crassula lactea,Crassula lactea,Crassulaceae,Crassula lactea,Aiton,Crassulaceae,1,0,1,0,1,0,0,0,0,0,0,May,Jul,NA,NA,15,1,0,0,0,0,0,0,0,0,0,0,0,1,1,1,0,0,0,1,0,0,0,4.4,0,0,leaf,2,l,i,p,0,0,0,0
Crassula lanceolata,Crassula lanceolata,Crassulaceae,Crassula schimperi var. illecebroides,(Welw. ex Hiern.) G.D.Rowley,Crassulaceae,1,0,1,0,1,0,0,0,0,0,0,Dec,Jul,NA,NA,15,1,0,0,0,0,0,0,0,0,0,0,0,1,1,1,0,0,1,0,0,0,0,NA,0,0,leaf,2,l,i,p,0,0,0,0
Crassula mollis,Crassula mollis,Crassulaceae,Crassula mollis,Thunb.,Crassulaceae,1,0,1,0,1,0,0,0,0,0,0,Dec,Feb,NA,NA,50,0,0,0,1,0,0,0,0,0,0,0,0,1,1,1,0,1,0,0,0,0,0,2.456666667,0,0,leaf,2,l,i,p,0,0,0,0
Crassula muscosa,Crassula muscosa,Crassulaceae,Crassula muscosa,L.,Crassulaceae,1,0,1,0,1,0,0,0,0,0,0,Oct,Feb,NA,NA,50,1,0,0,0,0,0,0,0,0,0,0,0,1,1,1,0,0,0,1,0,0,0,0.242777778,0,0,leaf,3,l,i,p,0,0,0,0
Crassula nudicaulis,Crassula nudicaulis,Crassulaceae,Crassula nudicaulis,L.,Crassulaceae,1,0,1,0,1,0,0,0,0,0,0,Sep,Dec,NA,NA,20,1,0,0,0,0,0,0,0,0,0,0,0,1,1,1,0,0,0,1,0,0,0,9.1,0,0,leaf,2,l,i,p,0,0,0,0
Crassula obtusa,Crassula obtusa,Crassulaceae,Crassula obtusa,Haw.,Crassulaceae,1,0,1,0,1,0,0,0,0,0,0,Nov,Jan,NA,NA,15,0,0,0,1,0,0,0,0,0,0,0,0,1,1,1,0,0,1,1,0,0,0,NA,0,0,leaf,2,l,i,p,0,0,0,0
Crassula orbicularis,Crassula orbicularis,Crassulaceae,Crassula orbicularis,L.,Crassulaceae,1,0,1,0,1,0,0,0,0,0,0,Jun,Nov,NA,NA,25,1,0,0,0,0,0,0,0,0,0,0,0,1,1,1,0,0,0,1,0,0,0,6.933333333,0,0,leaf,2,l,i,p,0,0,0,0
Crassula ovata,Crassula ovata,Crassulaceae,Crassula ovata,(Mill.) Druce,Crassulaceae,1,0,1,0,1,0,0,0,0,0,0,Jun,Aug,NA,NA,200,0,0,0,0,0,1,0,0,0,0,0,0,1,1,1,0,0,0,1,0,0,0,3.785714286,0,0,leaf,3,l,i,p,0,0,0,0
Crassula pellucida,Crassula pellucida,Crassulaceae,Crassula pellucida,L.,Crassulaceae,1,1,1,0,1,0,0,0,0,0,0,Sep,Feb,NA,NA,5,1,0,0,0,0,0,0,0,0,0,0,0,1,1,1,0,0,0,1,0,0,0,1.8,0,0,leaf,1,l,i,p,0,0,0,0
Crassula perfoliata,Crassula perfoliata,Crassulaceae,Crassula perfoliata,L.,Crassulaceae,1,0,1,0,1,0,0,0,0,0,0,Oct,Jan,NA,NA,150,1,0,0,0,0,0,0,0,0,0,0,0,1,1,1,0,0,1,0,0,0,0,NA,0,0,leaf,3,l,i,p,0,0,0,0
Crassula perforata,Crassula perforata,Crassulaceae,Crassula perforata,Thunb.,Crassulaceae,1,0,1,0,1,0,0,0,0,0,0,Nov,Apr,NA,NA,60,0,0,0,1,0,0,0,0,0,0,0,0,1,1,1,0,0,1,1,0,0,0,1.433333333,0,0,leaf,3,l,i,p,0,0,0,0
Crassula pubescens,Crassula pubescens,Crassulaceae,Crassula pubescens,Thunb.,Crassulaceae,1,0,1,0,1,0,0,0,0,0,0,Sep,Nov,NA,NA,30,0,0,0,1,0,0,0,0,0,0,0,0,1,1,1,0,0,0,1,0,0,0,4.333333333,0,0,leaf,2,l,i,p,0,0,0,0
Crassula rogersii,Crassula rogersii,Crassulaceae,Crassula rogersii,Schönland,Crassulaceae,1,0,1,0,1,0,0,0,0,0,0,Dec,Mar,NA,NA,30,0,0,0,1,0,0,0,0,0,0,0,0,1,1,1,0,0,1,0,0,0,0,5.2,0,0,leaf,3,l,i,p,0,0,0,0
Crassula rupestris,Crassula rupestris,Crassulaceae,Crassula rupestris,Thunb.,Crassulaceae,1,0,1,0,1,0,0,0,0,0,0,Jun,Oct,NA,NA,50,0,0,0,1,0,0,0,0,0,0,0,0,1,1,1,0,0,1,1,0,0,0,1.632857143,0,0,leaf,3,l,i,p,0,0,0,0
Crassula saxifraga,Crassula saxifraga,Crassulaceae,Crassula saxifraga,Harv.,Crassulaceae,1,0,1,0,1,0,0,0,0,0,0,Apr,Jun,NA,NA,25,0,1,0,0,0,0,0,0,0,0,0,0,1,1,1,0,0,0,1,0,0,0,NA,0,0,leaf,2,l,i,p,0,0,0,0
Crassula sebaeoides,Crassula sebaeoides,Crassulaceae,Crassula sebaeoides,(Eckl. & Zeyh.) Toelken,Crassulaceae,0,1,1,0,1,0,0,0,0,0,0,Sep,Nov,NA,NA,8,1,0,0,0,0,0,0,0,0,0,0,0,1,1,1,0,0,0,1,0,0,0,NA,0,0,leaf,0,l,i,p,0,0,0,0
Crassula subulata,Crassula subulata,Crassulaceae,Crassula subulata,L.,Crassulaceae,1,0,1,0,1,0,0,0,0,0,0,Oct,Dec,NA,NA,100,0,0,0,1,0,0,0,0,0,0,0,0,1,1,1,0,0,1,0,0,0,0,NA,0,0,leaf,2,l,i,p,0,0,0,0
Crassula tecta,Crassula tecta,Crassulaceae,Crassula tecta,Thunb.,Crassulaceae,1,0,1,0,1,0,0,0,0,0,0,Apr,Jun,NA,NA,10,1,0,0,0,0,0,0,0,0,0,0,0,1,1,1,0,0,1,0,0,0,0,NA,0,0,leaf,3,l,i,p,0,0,0,0
Crassula tetragona,Crassula tetragona,Crassulaceae,Crassula tetragona,L.,Crassulaceae,1,0,1,0,1,0,0,0,0,0,0,Dec,Mar,NA,NA,100,1,0,0,0,0,0,0,0,0,0,0,0,1,1,1,0,0,1,0,0,0,0,1.566666667,0,0,leaf,2,l,i,p,0,0,0,0
Crotalaria capensis,Crotalaria capensis,Fabaceae,Crotalaria capensis,Jacq.,Fabaceae,1,0,1,0,1,0,0,0,0,0,0,May,Dec,NA,NA,300,0,0,0,0,0,1,0,0,0,0,0,0,0,0,0,0,0,0,1,1,0,0,NA,0,0,leaf,2,m,i,p,0,0,0,0
Crotalaria lebeckioides,Crotalaria lebeckioides,Fabaceae,Crotalaria lebeckioides,Bond,Fabaceae,1,0,1,0,1,0,0,0,0,0,0,Jul,Dec,NA,NA,100,0,0,0,1,0,0,0,0,0,0,0,0,0,0,0,0,1,0,0,1,0,0,NA,0,0,leaf,2,m,i,p,0,0,0,0
Cullumia aculeata,Cullumia aculeata,Asteraceae,Cullumia aculeata,(Houtt.) Roessler,Asteraceae,1,0,1,0,1,0,0,0,0,1,0,Sep,Mar,NA,NA,100,0,0,0,1,0,0,0,1,0,0,0,0,0,0,0,0,0,1,0,0,0,0,2.85,0,0,leaf,1,h,i,i,0,0,0,0
Cullumia bisulca,Cullumia bisulca,Asteraceae,Cullumia bisulca,Less.,Asteraceae,1,0,1,0,1,0,0,0,0,0,0,Aug,Nov,NA,NA,100,0,0,0,1,0,0,0,0,0,0,0,0,0,0,0,0,0,1,0,0,0,0,NA,0,0,leaf,1,h,i,i,0,0,0,0
Cullumia decurrens,Cullumia decurrens,Asteraceae,Cullumia decurrens,Less.,Asteraceae,1,0,1,0,1,0,0,0,0,0,0,Aug,Jan,NA,NA,90,0,0,0,1,0,0,0,0,0,0,0,0,0,0,0,0,0,1,0,0,0,0,NA,0,0,leaf,2,h,i,i,0,0,0,0
Cullumia squarrosa,Cullumia squarrosa,Asteraceae,Cullumia setosa,Sieber ex DC.,Asteraceae,1,0,1,0,1,0,0,0,0,0,0,Sep,Nov,NA,NA,50,0,0,0,1,0,0,0,0,0,0,0,0,0,0,0,0,0,1,0,0,0,0,1.666666667,0,0,leaf,3,h,i,i,0,0,0,0
Cunonia capensis,Cunonia capensis,Cunoniaceae,Cunonia capensis,L.,Cunoniaceae,1,0,1,0,1,0,0,0,0,1,0,Mar,Jun,NA,NA,3000,0,0,0,0,0,0,1,0,0,0,0,0,0,0,0,0,0,0,1,1,0,0,9.99,0,0,leaf,3,l,i,m,0,0,0,0
Curtisia dentata,Curtisia dentata,Cornaceae,Curtisia dentata,(Burm.f.) C.A.Sm.,Curtisiaceae,1,0,1,0,1,0,0,0,0,1,0,Jan,Feb,NA,NA,1300,0,0,0,0,0,0,1,0,0,0,0,0,0,0,0,0,0,0,1,0,0,0,11.64,0,0,leaf,3,l,i,m,0,0,0,0
Cuscuta africana,Cuscuta africana,Convolvulaceae,Cuscuta africana,Krauss ex Engelm.,Convolvulaceae,1,1,1,0,1,0,0,0,0,0,0,Oct,Dec,NA,NA,100,1,0,0,0,0,0,0,1,1,0,1,0,0,0,0,0,0,0,0,0,0,0,NA,1,1,culm_stem,2,l,u,u,0,0,0,0
Cussonia spicata,Cussonia spicata,Araliaceae,Cussonia spicata,Thunb.,Araliaceae,1,0,1,0,1,0,0,0,0,0,0,Nov,May,NA,NA,1000,0,0,0,0,0,0,1,0,0,0,0,0,1,0,1,0,0,0,1,1,1,1,16.27142857,0,0,leaf,3,l,i,m,0,0,0,0
Cussonia thyrsiflora,Cussonia thyrsiflora,Araliaceae,Cussonia thyrsiflora,Thunb.,Araliaceae,1,0,1,0,1,0,0,0,0,1,0,Nov,Jan,NA,NA,500,0,0,0,0,1,1,1,0,0,0,0,0,1,0,0,0,0,0,1,1,0,0,7.825,0,0,leaf,3,l,i,m,0,0,0,0
Cyanella lutea,Cyanella lutea,Tecophilaeaceae,Cyanella lutea,L.f.,Tecophilaeaceae,1,0,1,0,1,0,0,1,0,1,0,Sep,Oct,NA,NA,25,0,1,0,0,0,0,0,0,0,0,0,0,0,0,0,0,0,1,0,0,0,0,9.866666667,0,0,leaf,2,l,i,w,0,0,0,0
Cyanotis speciosa,Cyanotis speciosa,Commelinaceae,Cyanotis speciosa,(L.f.) Hassk.,Commelinaceae,1,0,1,0,1,0,0,0,0,0,0,Nov,May,NA,NA,50,1,0,0,0,0,0,0,0,0,0,0,0,0,0,0,0,0,1,0,0,0,0,NA,0,0,leaf,2,l,i,u,0,0,0,0
Cyathocoma ecklonii,Cyathocoma ecklonii,Cyperaceae,Cyathocoma ecklonii,Nees,Cyperaceae,1,0,1,0,1,0,0,0,0,1,0,Nov,Apr,NA,NA,125,0,0,1,0,0,0,0,0,0,0,0,0,0,0,0,0,0,1,0,0,0,0,62.36,0,0,mixed,3,l,w,p,0,0,0,0
Cyclopia bowieana,Cyclopia bowieana,Fabaceae,Cyclopia bowieana,Harv.,Fabaceae,1,0,1,0,1,0,0,1,0,1,0,Oct,Dec,NA,NA,180,0,0,0,0,1,0,0,0,0,0,0,0,0,0,0,0,0,1,0,1,0,0,NA,0,0,leaf,3,h,i,p,0,0,0,0
Cyclopia intermedia,Cyclopia intermedia,Fabaceae,Cyclopia intermedia,E.Mey.,Fabaceae,1,0,1,0,1,0,0,1,0,1,0,Sep,Nov,NA,NA,200,0,0,0,0,0,1,0,0,0,0,0,0,0,0,0,0,0,1,0,1,0,0,1.938571429,0,0,leaf,3,h,i,p,0,0,0,0
Cyclopia sessiliflora,Cyclopia sessiliflora,Fabaceae,Cyclopia sessiliflora,Eckl. & Zeyh.,Fabaceae,1,0,1,0,1,0,0,1,0,1,0,Apr,Sep,NA,NA,100,0,0,0,1,0,0,0,0,0,0,0,0,0,0,0,0,0,0,1,1,0,0,NA,0,0,leaf,3,h,i,p,0,0,0,0
Cyclopia subternata,Cyclopia subternata,Fabaceae,Cyclopia subternata,Vogel,Fabaceae,1,0,1,0,1,0,0,1,0,1,0,Sep,Sep,NA,NA,350,0,0,0,0,0,1,0,0,0,0,0,0,0,0,0,0,0,0,1,1,0,0,NA,0,0,leaf,3,h,i,p,0,0,0,0
Cymbopogon marginatus,Cymbopogon marginatus,Poaceae,Cymbopogon marginatus,(Steud.) Stapf,Poaceae,1,0,1,0,1,0,0,0,0,0,0,Oct,May,NA,NA,80,0,0,1,0,0,0,0,0,0,0,0,0,0,0,0,0,1,0,0,0,0,0,32.26296296,0,0,leaf,2,h,w,w,0,0,0,0
Cynanchum africanum,Cynanchum africanum,Apocynaceae,Cynanchum africanum,(L.) Hoffmanns.,Apocynaceae,1,0,1,0,1,0,0,0,0,0,0,Jun,Dec,NA,NA,60,0,0,0,0,0,0,0,0,1,0,0,1,0,0,0,0,0,0,1,0,0,0,NA,0,1,mixed,2,l,i,w,0,0,0,0
Cynanchum obtusifolium,Cynanchum obtusifolium,Apocynaceae,Cynanchum obtusifolium,L.f.,Apocynaceae,1,0,1,0,1,0,0,0,0,1,0,Jan,Dec,NA,NA,300,0,0,0,0,0,0,0,0,1,0,0,1,0,0,0,0,0,0,1,0,0,0,NA,0,1,mixed,2,l,i,w,0,0,0,0
Cynodon dactylon,Cynodon dactylon,Poaceae,Cynodon dactylon,(L.) Pers.,Poaceae,1,0,1,0,1,0,0,0,0,1,0,Sep,May,NA,NA,40,0,0,1,0,0,0,0,0,0,0,0,0,0,0,0,0,1,0,0,1,0,0,7.954545455,0,1,leaf,2,l,i,w,0,0,0,0
Cyperus thunbergii,Mariscus thunbergii,Cyperaceae,Cyperus thunbergii,Vahl,Cyperaceae,1,0,1,0,1,0,0,0,0,1,0,Jun,Dec,NA,NA,150,0,0,1,0,0,0,0,0,0,0,0,0,0,0,0,0,0,1,0,0,0,0,NA,0,0,leaf,3,h,w,p,0,0,0,0
Cyperus uitenhagensis,Mariscus uitenhagensis,Cyperaceae,Cyperus uitenhagensis,(Steud.) C.Archer & Goetgh.,Cyperaceae,1,0,1,0,1,0,0,0,0,1,0,Oct,Mar,NA,NA,25,0,0,1,0,0,0,0,0,0,0,0,0,0,0,0,0,1,0,0,0,0,0,NA,0,0,leaf,2,l,w,p,0,0,0,0
Cyphia angustiloba,Cyphia volubilis,Campanulaceae,Cyphia volubilis,Willd.,Campanulaceae,1,0,1,0,1,0,0,1,0,1,0,Aug,Oct,NA,NA,50,1,1,0,0,0,0,0,0,1,0,0,0,0,0,0,0,0,1,0,1,1,0,NA,0,1,mixed,2,l,i,p,0,0,0,0
Cyphia digitata,Cyphia digitata,Campanulaceae,Cyphia digitata,Willd.,Campanulaceae,1,0,1,0,1,0,1,1,0,1,0,Jul,Oct,NA,NA,50,1,1,0,0,0,0,0,0,0,0,0,0,0,0,0,0,0,1,0,0,1,0,4.166666667,0,1,mixed,2,l,i,p,0,0,0,0
Cyphia linarioides,Cyphia bulbosa,Campanulaceae,Cyphia linarioides,C.Presl,Campanulaceae,1,0,1,0,1,0,1,1,1,1,0,Aug,Nov,NA,NA,30,1,1,0,0,0,0,0,0,0,0,0,0,0,0,0,0,1,0,0,0,0,0,2.566666667,0,1,mixed,2,l,i,p,0,0,0,0
Cyphia undulata,Cyphia undulata,Campanulaceae,Cyphia undulata,Eckl. ex C.Presl,Campanulaceae,1,0,1,0,1,0,1,1,0,1,0,Apr,Oct,NA,NA,50,1,1,0,0,0,0,0,0,1,0,0,0,0,0,0,0,0,1,0,0,0,0,NA,0,1,mixed,2,l,i,p,0,0,0,0
Cyphia zeyheriana,Cyphia zeyheriana,Campanulaceae,Cyphia zeyheriana,C.Presl,Campanulaceae,1,0,1,0,1,0,1,1,0,1,0,Aug,Oct,NA,NA,50,1,1,0,0,0,0,0,0,1,0,0,0,0,0,0,0,0,1,0,1,1,0,NA,0,1,mixed,2,l,i,p,0,0,0,0
Cysticapnos cracca,Cysticapnos cracca,Fumariaceae,Cysticapnos cracca,(Cham. & Schltdl.) Lidén,Papaveraceae,0,1,1,0,0,1,1,1,0,0,0,Sep,Nov,NA,NA,100,1,0,0,0,0,0,0,1,0,0,0,0,0,0,0,0,0,1,0,1,0,0,NA,0,0,leaf,2,l,i,m,0,0,0,0
Dasispermum hispidum,Sonderina hispida,Apiaceae,Dasispermum hispidum,(Thunb.) Magee & B.-E.van Wyk,Apiaceae,0,1,1,0,0,1,1,1,0,0,0,Sep,Jan,NA,NA,45,1,0,0,0,0,0,0,0,0,0,0,0,0,0,0,0,1,0,0,1,0,1,NA,0,0,leaf,1,l,i,p,0,0,0,0
Delosperma ecklonis,Delosperma ecklonis,Aizoaceae,Delosperma ecklonis,(Salm-Dyck) Schwantes,Aizoaceae,1,0,1,0,1,0,0,1,0,0,0,Jul,Oct,NA,NA,20,0,0,0,1,0,0,0,0,0,0,0,0,1,1,1,0,1,0,0,0,0,0,25,0,0,leaf,2,l,i,p,0,0,0,0
Delosperma multiflorum,Delosperma multiflorum,Aizoaceae,Delosperma multiflorum,L.Bolus,Aizoaceae,1,0,1,0,1,0,0,1,0,0,0,Mar,Jul,NA,NA,20,0,0,0,1,0,0,0,0,0,0,0,0,1,1,1,0,1,0,0,0,0,0,NA,0,0,leaf,2,l,i,p,0,0,0,0
Diascia patens,Diascia patens,Scrophulariaceae,Diascia patens,(Thunb.) Grant ex Fourc.,Scrophulariaceae,1,0,1,0,1,0,0,1,0,0,0,Jul,Sep,NA,NA,100,1,0,0,0,0,0,0,0,0,0,0,0,0,0,0,0,1,0,1,0,0,0,NA,0,0,leaf,2,l,i,p,0,0,0,0
Diastella divaricata,Diastella divaricata,Proteaceae,Diastella divaricata,(P.J.Bergius) Rourke,Proteaceae,1,0,1,0,1,0,0,1,0,0,0,Jan,Dec,NA,NA,50,0,0,0,1,0,0,0,1,0,0,0,0,0,0,0,0,0,0,1,0,0,0,0.741666667,0,0,leaf,2,h,i,i,0,0,0,0
Diastella thymelaeoides,Diastella thymelaeoides,Proteaceae,Diastella thymelaeoides,(P.J.Bergius) Rourke,Proteaceae,1,0,1,0,1,0,0,0,0,0,0,Aug,Nov,NA,NA,150,0,0,0,0,1,0,0,0,0,0,0,0,0,0,0,0,0,0,1,0,0,0,1.716,0,0,leaf,2,h,i,i,0,0,0,0
Didymodoxa capensis,Didymodoxa capensis,Urticaceae,Didymodoxa capensis,(L.f.) Friis & Wilmot-Dear,Urticaceae,0,1,1,0,0,1,1,1,0,0,0,Aug,Nov,NA,NA,30,1,0,0,0,0,0,0,0,0,0,0,0,0,0,0,0,0,0,1,0,0,0,NA,0,0,leaf,0,l,i,u,0,0,0,0
Digitaria eriantha,Digitaria eriantha,Poaceae,Digitaria eriantha,Steud.,Poaceae,1,0,1,0,1,0,0,1,0,1,0,Jan,Apr,NA,NA,100,0,0,1,0,0,0,0,0,0,0,0,0,0,0,0,0,1,1,0,1,0,0,20.67777778,0,0,leaf,1,h,w,w,0,0,0,0
Dilatris corymbosa,Dilatris corymbosa,Haemodoraceae,Dilatris corymbosa,P.J.Bergius,Haemodoraceae,1,0,1,0,1,0,0,0,0,1,0,Aug,Jan,NA,NA,60,0,1,0,0,0,0,0,0,0,0,0,0,0,0,0,0,0,1,0,0,0,0,31.56666667,0,0,leaf,3,m,i,w,0,0,0,0
Dilatris ixioides,Dilatris ixioides,Haemodoraceae,Dilatris ixioides,Lam.,Haemodoraceae,1,0,1,0,1,0,0,1,0,1,0,Sep,Feb,NA,NA,40,0,1,0,0,0,0,0,0,0,0,0,0,0,0,0,0,1,0,0,0,0,0,NA,0,0,leaf,3,m,i,w,0,0,0,0
Dilatris pillansii,Dilatris pillansii,Haemodoraceae,Dilatris pillansii,W.F.Barker,Haemodoraceae,1,0,1,0,1,0,0,0,0,1,0,Aug,Jan,NA,NA,45,0,1,0,0,0,0,0,0,0,0,0,0,0,0,0,0,1,0,0,0,0,0,21.07857143,0,0,leaf,3,m,i,w,0,0,0,0
Dimorphotheca acutifolia,Dimorphotheca acutifolia,Asteraceae,Dimorphotheca acutifolia,Hutch.,Asteraceae,1,0,1,0,1,0,0,0,0,0,0,Aug,Nov,NA,NA,50,0,0,0,1,0,0,0,0,0,0,0,0,0,0,0,0,0,1,0,0,0,0,3.094,0,0,leaf,2,m,i,w,0,0,0,0
Dimorphotheca nudicaulis,Dimorphotheca nudicaulis,Asteraceae,Dimorphotheca nudicaulis,DC.,Asteraceae,1,0,1,0,1,0,0,0,0,0,0,Aug,Oct,NA,NA,30,0,0,0,1,0,0,0,0,0,0,0,0,0,0,0,0,0,1,0,0,0,0,6.82,0,0,leaf,2,m,i,w,0,0,0,0
Dioscorea elephantipes,Dioscorea elephantipes,Dioscoreaceae,Dioscorea elephantipes,(L'Hér.) Engl.,Dioscoreaceae,1,0,1,0,0,1,0,0,0,1,0,Nov,Feb,NA,NA,90,1,0,0,0,0,0,0,0,0,0,0,0,1,0,0,1,0,0,1,0,0,0,NA,0,0,leaf,3,l,i,w,0,0,0,0
Diosma acmaeophylla,Diosma acmaeophylla,Rutaceae,Diosma acmaephylla,Eckl. & Zeyh.,Rutaceae,1,0,1,0,1,0,0,0,0,1,0,Aug,Oct,NA,NA,250,0,0,0,0,0,1,0,0,0,0,0,0,0,0,0,0,1,0,0,0,0,0,15.929,0,0,leaf,2,h,i,p,0,0,0,0
Diosma hirsuta,Diosma hirsuta,Rutaceae,Diosma hirsuta,L.,Rutaceae,1,0,1,0,1,0,0,0,0,1,0,Sep,Nov,NA,NA,50,0,0,0,1,0,0,0,0,0,0,0,0,0,0,0,0,1,0,0,0,0,0,0.914444444,0,0,leaf,2,h,i,p,0,0,0,0
Diosma meyeriana,Diosma meyeriana,Rutaceae,Diosma meyeriana,Spreng.,Rutaceae,1,0,1,0,1,0,0,0,0,1,0,Jul,Dec,NA,NA,100,0,0,0,1,0,0,0,0,0,0,0,0,0,0,0,0,0,1,0,0,0,0,NA,0,0,leaf,2,h,i,p,0,0,0,0
Diosma oppositifolia,Diosma oppositifolia,Rutaceae,Diosma oppositifolia,L.,Rutaceae,1,0,1,0,1,0,0,0,0,1,0,Sep,Jan,NA,NA,100,0,0,0,1,0,0,0,0,0,0,0,0,0,0,0,0,0,1,0,0,0,0,0.508181818,0,0,leaf,3,h,i,p,0,0,0,0
Diosma prama,Diosma prama,Rutaceae,Diosma prama,I.Williams,Rutaceae,1,0,1,0,1,0,0,0,0,0,0,Sep,Dec,NA,NA,40,0,0,0,1,0,0,0,0,0,0,0,0,0,0,0,0,1,0,0,0,0,0,0.283333333,0,0,leaf,2,h,i,p,0,0,0,0
Diosma rourkei,Diosma rourkei,Rutaceae,Diosma rourkei,I.Williams,Rutaceae,1,0,1,0,1,0,0,0,0,0,0,Jun,Aug,NA,NA,300,0,0,0,1,0,0,0,0,0,0,0,0,0,0,0,0,0,1,0,0,0,0,NA,0,0,leaf,2,h,i,p,0,0,0,0
Diosma tenella,Diosma tenella,Rutaceae,Diosma tenella,I.Williams,Rutaceae,1,0,1,0,1,0,0,0,0,1,0,Jun,Dec,NA,NA,50,0,0,0,1,0,0,0,0,0,0,0,0,0,0,0,0,0,1,0,0,0,0,NA,0,0,leaf,2,h,i,p,0,0,0,0
Diospyros austro-africana,Diospyros austro-africana,Ebenaceae,Diospyros pubescens,Pers.,Ebenaceae,1,0,0,1,1,0,0,0,0,1,0,Aug,Oct,NA,NA,300,0,0,0,0,0,1,0,0,0,0,0,0,0,0,0,0,0,1,0,0,0,0,1.82,0,0,leaf,3,h,i,m,0,0,0,0
Diospyros dichrophylla,Diospyros dichrophylla,Ebenaceae,Diospyros dichrophylla,(Gand.) De Winter,Ebenaceae,1,0,0,1,1,0,0,0,0,0,0,Nov,Mar,NA,NA,1300,0,0,0,0,0,1,1,0,0,0,0,0,0,0,0,0,0,1,0,0,0,0,2.916666667,0,0,leaf,3,h,i,m,0,0,0,0
Diospyros glabra,Diospyros glabra,Ebenaceae,Diospyros glabra,(L.) De Winter,Ebenaceae,1,0,0,1,1,0,0,0,0,1,0,Oct,Dec,NA,NA,200,0,0,0,0,0,1,0,0,0,0,0,0,0,0,0,0,0,0,1,0,0,0,1.905555556,0,0,leaf,3,h,i,m,0,0,0,0
Diospyros scabrida,Diospyros scabrida,Ebenaceae,Diospyros scabrida,(Harv. ex Hiern) De Winter,Ebenaceae,1,0,0,1,1,0,0,0,0,0,0,Nov,Apr,NA,NA,300,0,0,0,0,0,0,1,0,0,0,0,0,0,0,0,0,0,0,1,0,0,0,2.918333333,0,0,leaf,3,h,i,m,0,0,0,0
Diospyros whyteana,Diospyros whyteana,Ebenaceae,Diospyros whyteana,(Hiern) F.White,Ebenaceae,1,0,0,1,1,0,0,0,0,0,0,Aug,Nov,NA,NA,600,0,0,0,0,0,1,1,0,0,0,0,0,0,0,0,0,0,0,1,0,0,0,4.8,0,0,leaf,3,h,i,m,0,0,0,0
Disa obliqua,Schizodium obliquum,Orchidaceae,Disa obliqua,(Lindl.) Bolus,Orchidaceae,1,0,1,0,0,1,1,1,0,1,0,Aug,Sep,NA,NA,30,0,1,0,0,0,0,0,0,0,0,0,0,0,0,0,0,0,0,1,0,0,0,NA,0,0,leaf,2,l,i,p,0,0,0,0
Dischisma ciliatum,Dischisma ciliatum,Scrophulariaceae,Dischisma ciliatum,(P.J.Bergius) Choisy,Scrophulariaceae,1,0,1,0,1,0,1,1,0,0,0,Aug,Nov,NA,NA,40,0,0,0,1,0,0,0,0,0,0,0,0,0,0,0,0,1,0,0,0,0,0,NA,0,0,leaf,1,l,i,p,0,0,0,0
Disparago anomala,Disparago anomala,Asteraceae,Stoebe anomala,(Schltr. ex Levyns) N.G.Bergh,Asteraceae,1,0,1,0,1,0,0,0,0,0,0,Dec,Apr,NA,NA,80,0,0,0,1,0,0,0,0,0,0,0,0,0,0,0,0,1,0,0,0,0,0,NA,0,0,leaf,2,h,i,w,0,0,0,0
Disparago tortilis,Disparago ericoides,Asteraceae,Stoebe tortilis,DC.,Asteraceae,1,0,1,0,1,0,0,0,0,0,0,Nov,Mar,NA,NA,30,0,0,0,1,0,0,0,0,0,0,0,0,0,0,0,0,1,0,0,0,0,0,0.447692308,0,0,leaf,2,h,i,w,0,0,0,0
Disperis capensis,Disperis capensis,Orchidaceae,Disperis capensis,(L.) Sw.,Orchidaceae,1,0,1,0,0,1,1,1,0,1,0,Jul,Sep,NA,NA,50,0,1,0,0,0,0,0,0,0,0,0,0,0,0,0,0,0,1,0,0,0,0,NA,0,0,leaf,2,l,i,p,0,0,0,0
Disperis paludosa,Disperis paludosa,Orchidaceae,Disperis paludosa,Harv. ex Lindl.,Orchidaceae,1,0,1,0,0,1,1,1,1,1,0,Nov,Jan,NA,NA,50,0,1,0,0,0,0,0,0,0,0,0,0,0,0,0,0,0,1,0,0,0,0,NA,0,0,leaf,2,l,i,p,0,0,0,0
Dodonaea viscosa,Dodonaea angustifolia,Sapindaceae,Dodonaea viscosa,Jacq.,Sapindaceae,1,0,1,0,1,0,0,0,0,1,0,Jul,Oct,NA,NA,500,0,0,0,0,0,0,1,0,0,0,0,0,0,0,0,0,0,1,0,0,0,0,6.247619048,0,0,leaf,3,h,w,w,0,0,0,0
Dolichothrix ericoides,Dolichothrix ericoides,Asteraceae,Dolichothrix ericoides,(Lam.) Hilliard & B.L.Burtt,Asteraceae,1,0,1,0,1,0,0,0,0,1,0,Nov,Feb,NA,NA,70,0,0,0,1,0,0,0,0,0,0,0,0,0,0,0,0,1,0,0,0,0,0,NA,0,0,leaf,3,m,i,w,0,0,0,0
Drimia capensis,Drimia capensis,Hyacinthaceae,Urginavia capensis,"(Burm.f.) Mart.-Azorín, M.B.Crespo & M.Á.Alonso",Asparagaceae,1,0,1,0,0,1,1,1,0,1,0,Dec,Mar,NA,NA,200,0,1,0,0,0,0,0,0,0,0,0,0,0,0,0,0,0,1,1,0,0,0,NA,0,0,leaf,3,l,i,w,0,0,0,0
Drimia intricata,Drimia intricata,Hyacinthaceae,Schizobasis intricata,(Baker) Baker,Asparagaceae,1,0,1,0,0,1,1,1,0,1,0,Jan,Mar,NA,NA,50,0,1,0,0,0,0,0,0,0,0,0,0,0,0,0,0,1,0,0,0,0,0,NA,0,0,leaf,2,l,i,w,0,0,0,0
Drosanthemum candens,Drosanthemum candens,Aizoaceae,Drosanthemum candens,(Haw.) Schwantes,Aizoaceae,1,0,1,0,1,0,0,1,0,0,0,Oct,Jan,NA,NA,20,0,0,0,1,0,0,0,1,0,0,0,0,1,1,1,0,0,1,0,0,0,0,1.02,0,1,mixed,2,l,i,p,0,0,0,0
Drosanthemum delicatulum,Drosanthemum delicatulum,Aizoaceae,Drosanthemum delicatulum,(L.Bolus) Schwantes,Aizoaceae,1,0,1,0,1,0,0,1,0,0,0,Oct,Nov,NA,NA,10,0,0,0,1,0,0,0,0,0,0,0,0,1,1,1,0,0,0,1,0,0,0,NA,0,1,leaf,2,l,i,p,0,0,0,0
Drosanthemum lique,Drosanthemum lique,Aizoaceae,Drosanthemum lique,(N.E.Br.) Schwantes,Aizoaceae,1,0,1,0,1,0,0,1,0,0,0,Oct,Feb,NA,NA,45,0,0,0,1,0,0,0,0,0,0,0,0,1,1,1,0,0,1,0,0,0,0,NA,0,0,leaf,3,l,i,p,0,0,0,0
Drosera aliciae,Drosera aliciae,Droseraceae,Drosera aliciae,Raym.-Hamet,Droseraceae,1,0,1,0,1,0,0,0,0,1,0,Nov,Jan,NA,NA,40,1,0,0,0,0,0,0,0,0,0,0,1,1,1,0,0,0,0,1,0,0,0,1.6375,0,0,leaf,1,l,i,p,0,0,0,0
Drosera glabripes,Drosera glabripes,Droseraceae,Drosera glabripes,(Harv.) Stein,Droseraceae,1,0,1,0,1,0,0,0,0,0,0,Dec,Jan,NA,NA,30,0,0,0,0,0,0,0,0,0,0,0,1,1,1,0,0,0,0,1,0,0,0,NA,0,0,leaf,1,l,i,p,0,0,0,0
Drosera trinervia,Drosera trinervia,Droseraceae,Drosera trinervia,Spreng.,Droseraceae,1,0,1,0,1,0,0,0,0,0,0,Aug,Nov,NA,NA,10,1,0,0,0,0,0,0,0,0,0,0,1,1,1,0,0,0,1,0,0,0,0,1.1,0,0,leaf,1,l,i,p,0,0,0,0
Dyschoriste setigera,Chaetacanthus setiger,Acanthaceae,Dyschoriste setigera,(Pers.) J.C.Manning & Goldblatt,Acanthaceae,1,0,1,0,1,0,0,0,0,1,0,Aug,Jan,NA,NA,30,0,0,0,1,0,0,0,0,0,0,0,0,0,0,0,0,0,0,1,0,0,0,NA,0,0,leaf,2,l,i,p,0,0,0,0
Edmondia pinifolia,Edmondia pinifolia,Asteraceae,Edmondia pinifolia,(Lam.) Hilliard,Asteraceae,1,0,1,0,1,0,0,0,0,0,0,Sep,Dec,NA,NA,60,0,0,0,1,0,0,0,0,0,0,0,0,0,0,0,0,1,0,0,0,0,0,NA,0,0,leaf,1,l,i,w,0,0,0,0
Edmondia sesamoides,Edmondia sesamoides,Asteraceae,Edmondia sesamoides,(L.) Hilliard,Asteraceae,1,0,1,0,1,0,0,0,0,0,0,Aug,Dec,NA,NA,30,0,0,0,1,0,0,0,0,0,0,0,0,0,0,0,0,1,0,0,0,0,0,1.182105263,0,0,leaf,1,l,i,w,0,0,0,0
Ehretia rigida,Ehretia rigida,Boraginaceae,Ehretia rigida,(Thunb.) Druce,Ehretiaceae,1,0,1,0,1,0,0,0,0,1,0,Aug,Sep,NA,NA,600,0,0,0,0,0,1,1,0,0,0,0,0,0,0,0,0,0,0,1,0,0,0,1.99,0,0,leaf,3,m,i,m,0,0,0,0
Ehrharta brevifolia,Ehrharta brevifolia,Poaceae,Ehrharta brevifolia,Schrad.,Poaceae,0,1,1,0,0,1,1,1,0,0,0,Aug,Nov,NA,NA,50,0,0,1,0,0,0,0,0,0,0,0,0,0,0,0,0,0,1,0,0,0,0,NA,0,1,mixed,1,m,w,w,0,0,0,0
Ehrharta bulbosa,Ehrharta bulbosa,Poaceae,Ehrharta bulbosa,Sm.,Poaceae,1,0,1,0,1,0,0,1,1,1,0,Oct,Dec,NA,NA,70,0,0,1,0,0,0,0,0,0,0,0,0,0,0,0,0,0,1,0,0,0,0,17.62,0,1,mixed,2,h,w,w,0,0,0,0
Ehrharta calycina,Ehrharta calycina,Poaceae,Ehrharta calycina,Sm.,Poaceae,1,1,1,0,1,0,0,1,0,1,0,Jul,Dec,NA,NA,70,0,0,1,0,0,0,0,0,0,0,0,0,0,0,0,0,0,1,0,0,0,0,17.15,0,0,mixed,1,h,w,w,0,0,0,0
Ehrharta capensis,Ehrharta capensis,Poaceae,Ehrharta capensis,Thunb.,Poaceae,1,0,1,0,1,0,0,1,1,1,0,Sep,Dec,NA,NA,100,0,0,1,0,0,0,0,0,0,0,0,0,0,0,0,0,0,1,0,0,0,0,NA,0,0,mixed,2,h,w,w,0,0,0,0
Ehrharta dura,Ehrharta dura,Poaceae,Ehrharta dura,Nees,Poaceae,1,0,1,0,1,0,0,0,1,1,0,Oct,Feb,NA,NA,80,0,0,1,0,0,0,0,0,0,0,0,0,0,0,0,0,0,1,0,0,0,0,26.5625,0,0,leaf,3,h,w,w,0,0,0,0
Ehrharta ramosa,Ehrharta ramosa,Poaceae,Ehrharta ramosa,Thunb.,Poaceae,1,0,1,0,1,0,0,0,0,1,0,Sep,Jan,NA,NA,100,0,0,1,0,0,0,0,0,0,0,0,0,0,0,0,0,0,1,0,0,0,0,49.8728125,0,0,mixed,2,h,w,w,0,0,0,0
Ehrharta rehmannii,Ehrharta rehmannii,Poaceae,Ehrharta rehmannii,Stapf,Poaceae,1,0,1,0,1,0,0,1,0,0,0,Aug,Jan,NA,NA,100,0,0,1,0,0,0,0,0,0,0,0,0,0,0,0,0,0,1,0,0,0,0,NA,0,0,mixed,2,m,w,w,0,0,0,0
Ehrharta rupestris,Ehrharta rupestris,Poaceae,Ehrharta rupestris,Nees,Poaceae,1,0,1,0,1,0,0,1,0,0,0,Nov,Feb,NA,NA,45,0,0,1,0,0,0,0,0,0,0,0,0,0,0,0,0,0,1,0,0,0,0,NA,0,0,mixed,2,m,w,w,0,0,0,0
Ehrharta setacea,Ehrharta setacea,Poaceae,Ehrharta setacea,Nees,Poaceae,1,0,1,0,1,0,0,1,0,1,0,Sep,Jan,NA,NA,6,0,0,1,0,0,0,0,0,0,0,0,0,0,0,0,0,0,1,0,0,0,0,5.498,0,0,mixed,2,m,w,w,0,0,0,0
Ehrharta villosa,Ehrharta villosa,Poaceae,Ehrharta villosa,Schult.f.,Poaceae,1,0,1,0,1,0,0,0,0,1,0,Sep,Mar,NA,NA,150,0,0,1,0,0,0,0,0,0,0,0,0,0,0,0,0,1,0,0,0,0,0,79.5,1,0,culm_stem,2,h,w,w,0,0,0,0
Elaphoglossum angustatum,Elaphoglossum angustatum,Lomariopsidaceae,Elaphoglossum angustatum,(Schrader) Hieron.,Dryopteridaceae,1,0,1,0,1,0,0,0,0,1,0,NA,NA,NA,NA,25,1,0,0,0,0,0,0,0,0,0,0,0,0,0,0,0,0,1,0,0,0,0,NA,0,0,leaf,3,l,w,w,1,0,0,0
Elegia capensis,Elegia capensis,Restionaceae,Elegia capensis,(Burm.f.) Schelpe,Restionaceae,1,0,0,1,1,0,0,0,0,1,0,Mar,Nov,NA,NA,200,0,0,1,0,0,0,0,0,0,0,0,0,0,0,0,0,1,0,0,0,0,0,22.53333333,1,1,culm_stem,2,h,w,p,0,0,0,0
Elegia cuspidata,Elegia cuspidata,Restionaceae,Elegia cuspidata,Mast.,Restionaceae,1,0,0,1,1,0,0,0,0,0,0,Oct,Jan,NA,NA,100,0,0,1,0,0,0,0,0,0,0,0,0,0,0,0,0,1,0,0,0,0,0,75,1,1,culm_stem,2,h,w,p,0,0,0,0
Elegia deustum,Chondropetalum deustum,Restionaceae,Elegia deusta,(Rottb.) Kunth,Restionaceae,1,0,0,1,1,0,0,0,0,0,0,Mar,Apr,NA,NA,70,0,0,1,0,0,0,0,0,0,0,0,0,0,0,0,0,1,0,0,0,0,0,NA,1,1,culm_stem,2,h,w,p,0,0,0,0
Elegia dregeana,Elegia asperiflora,Restionaceae,Elegia asperiflora,(Nees) Kunth,Restionaceae,1,0,0,1,1,0,0,0,0,1,0,Nov,Feb,NA,NA,70,0,0,1,0,0,0,0,0,0,0,0,0,0,0,0,0,1,0,0,0,0,0,116.72,1,1,culm_stem,2,h,w,p,0,0,0,0
Elegia ebracteata,Chondropetalum ebracteatum,Restionaceae,Elegia ebracteata,(Kunth) Moline & H.P.Linder,Restionaceae,1,0,0,1,1,0,0,0,0,0,0,Oct,Apr,NA,NA,80,0,0,1,0,0,0,0,0,0,0,0,0,0,0,0,0,1,0,0,0,0,0,57.98,1,1,culm_stem,2,h,w,p,0,0,0,0
Elegia equisetacea,Elegia equisetacea,Restionaceae,Elegia equisetacea,Mast.,Restionaceae,1,0,0,1,1,0,0,0,0,0,0,Sep,Sep,NA,NA,100,0,0,1,0,0,0,0,0,0,0,0,0,0,0,0,0,1,0,0,0,0,0,14.18,1,1,culm_stem,2,h,w,p,0,0,0,0
Elegia filacea,Elegia filacea,Restionaceae,Elegia filacea,Mast.,Restionaceae,1,0,0,1,1,0,0,0,0,0,0,Feb,Feb,NA,NA,50,0,0,1,0,0,0,0,0,0,0,0,0,0,0,0,0,1,0,0,0,0,0,30.55416667,1,1,culm_stem,2,h,w,p,0,0,0,0
Elegia fistulosa,Elegia fistulosa,Restionaceae,Elegia fistulosa,Kunth,Restionaceae,1,0,0,1,1,0,0,0,0,0,0,Apr,Nov,NA,NA,70,0,0,1,0,0,0,0,0,0,0,0,0,0,0,0,0,1,0,0,0,0,0,NA,1,1,culm_stem,2,h,w,p,0,0,0,0
Elegia galpinii,Elegia galpinii,Restionaceae,Elegia galpinii,N.E.Br.,Restionaceae,1,0,0,1,1,0,0,0,0,1,0,Aug,Aug,NA,NA,100,0,0,1,0,0,0,0,0,0,0,0,0,0,0,0,0,1,0,0,0,0,0,90.08,1,1,culm_stem,2,h,w,p,0,0,0,0
Elegia hookeriana,Elegia hookeriana,Restionaceae,Elegia hookeriana,(Mast.) Moline & H.P.Linder,Restionaceae,1,0,0,1,1,0,0,0,0,0,0,Feb,Mar,NA,NA,80,0,0,1,0,0,0,0,0,0,0,0,0,0,0,0,0,1,0,0,0,0,0,33.24,1,1,culm_stem,2,h,w,p,0,0,0,0
Elegia juncea,Elegia juncea,Restionaceae,Elegia juncea,L.,Restionaceae,1,0,0,1,1,0,0,0,0,1,0,Aug,Aug,NA,NA,80,0,0,1,0,0,0,0,0,0,0,0,0,0,0,0,0,1,0,0,0,0,0,61.6,1,1,culm_stem,2,h,w,p,0,0,0,0
Elegia microcarpa,Chondropetalum microcarpum,Restionaceae,Elegia microcarpa,(Kunth) Moline & H.P.Linder,Restionaceae,1,0,0,1,1,0,0,0,0,0,0,Apr,Apr,NA,NA,30,0,0,1,0,0,0,0,0,0,0,0,0,0,0,0,0,1,0,0,0,0,0,21.16666667,1,1,culm_stem,2,h,w,p,0,0,0,0
Elegia mucronata,Chondropetalum mucronatum,Restionaceae,Elegia mucronata,Rchb. ex Kunth,Restionaceae,1,0,0,1,1,0,0,0,0,0,0,Oct,Nov,NA,NA,200,0,0,1,0,0,0,0,0,0,0,0,0,0,0,0,0,1,0,0,0,0,0,160.84,1,1,culm_stem,2,h,w,p,0,0,0,0
Elegia neesii,Elegia neesii,Restionaceae,Elegia neesii,Mast.,Restionaceae,1,0,0,1,1,0,0,0,0,0,0,Oct,Oct,NA,NA,70,0,0,1,0,0,0,0,0,0,0,0,0,0,0,0,0,1,0,0,0,0,0,51.12,1,1,culm_stem,2,h,w,p,0,0,0,0
Elegia nuda,Chondropetalum nudum,Restionaceae,Elegia nuda,(Rottb.) Kunth,Restionaceae,1,0,0,1,1,0,0,0,0,0,0,Apr,Jun,NA,NA,50,0,0,1,0,0,0,0,0,0,0,0,0,0,0,0,0,1,0,0,0,0,0,32.64285714,1,1,culm_stem,2,h,w,p,0,0,0,0
Elegia persistens,Elegia persistens,Restionaceae,Elegia persistens,Mast.,Restionaceae,1,0,0,1,1,0,0,0,0,0,0,Mar,May,NA,NA,100,0,0,1,0,0,0,0,0,0,0,0,0,0,0,0,0,1,0,0,0,0,0,46.21,1,1,culm_stem,2,h,w,p,0,0,0,0
Elegia racemosa,Elegia racemosa,Restionaceae,Elegia racemosa,Pers.,Restionaceae,1,0,0,1,1,0,0,0,0,1,0,Sep,Sep,NA,NA,100,0,0,1,0,0,0,0,0,0,0,0,0,0,0,0,0,1,0,0,0,0,0,111.04,1,1,culm_stem,2,h,w,p,0,0,0,0
Elegia spathacea,Elegia spathacea,Restionaceae,Elegia spathacea,Mast.,Restionaceae,1,0,0,1,1,0,0,0,0,0,0,Oct,Feb,NA,NA,60,0,0,1,0,0,0,0,0,0,0,0,0,0,0,0,0,1,0,0,0,0,0,42.1,1,1,culm_stem,2,h,w,p,0,0,0,0
Elegia stipularis,Elegia stipularis,Restionaceae,Elegia stipularis,Mast.,Restionaceae,1,0,0,1,1,0,0,0,0,0,0,Jun,Jul,NA,NA,50,0,0,1,0,0,0,0,0,0,0,0,0,0,0,0,0,1,0,0,0,0,0,30.99411765,1,1,culm_stem,2,h,w,p,0,0,0,0
Elegia tectorum,Chondropetalum tectorum,Restionaceae,Elegia tectorum,(L.f.) Moline & H.P.Linder,Restionaceae,1,0,0,1,1,0,0,0,0,0,0,Apr,Jun,NA,NA,100,0,0,1,0,0,0,0,0,0,0,0,0,0,0,0,0,1,0,0,0,0,0,51.3,1,1,culm_stem,2,h,w,p,0,0,0,0
Elegia thyrsifera,Elegia thyrsifera,Restionaceae,Elegia thyrsifera,Pers.,Restionaceae,1,0,0,1,1,0,0,0,0,1,0,Nov,Jan,NA,NA,100,0,0,1,0,0,0,0,0,0,0,0,0,0,0,0,0,1,0,0,0,0,0,77,1,1,culm_stem,2,h,w,p,0,0,0,0
Elegia vaginulata,Elegia vaginulata,Restionaceae,Elegia vaginulata,Mast.,Restionaceae,1,0,0,1,1,0,0,0,0,1,0,Oct,Jan,NA,NA,40,0,0,1,0,0,0,0,0,0,0,0,0,0,0,0,0,1,0,0,0,0,0,24.3,1,1,culm_stem,2,h,w,p,0,0,0,0
Elytropappus adpressus,Elytropappus adpressus,Asteraceae,Stoebe gracilis,N.G.Bergh,Asteraceae,1,0,1,0,1,0,0,0,0,0,0,Mar,Jul,NA,NA,200,0,0,0,0,0,1,0,0,0,0,0,0,0,0,0,0,1,0,0,0,0,0,3.08,0,0,leaf,2,h,i,w,0,0,0,0
Elytropappus glandulosus,Elytropappus glandulosus,Asteraceae,Stoebe glandulosa,(Less.) N.G.Bergh,Asteraceae,1,0,1,0,1,0,0,0,0,0,0,Mar,Jun,NA,NA,50,0,0,0,1,0,0,0,0,0,0,0,0,0,0,0,0,1,0,0,0,0,0,0.916,0,0,leaf,2,h,i,w,0,0,0,0
Elytropappus gnaphaloides,Elytropappus gnaphaloides,Asteraceae,Stoebe gnaphaloides,(L.) N.G.Bergh,Asteraceae,1,0,1,0,1,0,0,0,0,0,0,Jan,Apr,NA,NA,50,0,0,0,1,0,0,0,0,0,0,0,0,0,0,0,0,1,0,0,0,0,0,0.466,0,0,leaf,2,h,i,w,0,0,0,0
Elytropappus intricata,Elytropappus intricata,Asteraceae,Stoebe,L.,Asteraceae,1,0,1,0,1,0,0,0,0,0,0,Apr,Jul,NA,NA,100,0,0,0,0,1,0,0,0,0,0,0,0,0,0,0,0,1,0,0,0,0,0,0.255,0,0,leaf,2,h,i,w,0,0,0,0
Elytropappus longifolius,Elytropappus longifolius,Asteraceae,Stoebe longifolia,(DC.) N.G.Bergh,Asteraceae,1,0,1,0,1,0,0,0,0,0,0,Feb,Apr,NA,NA,100,0,0,0,1,0,0,0,0,0,0,0,0,0,0,0,0,1,0,0,0,0,0,1.006,0,0,leaf,2,h,i,w,0,0,0,0
Elytropappus rhinocerotis,Elytropappus rhinocerotis,Asteraceae,Stoebe rhinocerotis,L.f.,Asteraceae,1,0,1,0,1,0,0,0,0,0,0,Feb,Apr,NA,NA,200,0,0,0,0,0,1,0,0,0,0,0,0,0,0,0,0,1,0,0,0,0,0,0.472380952,0,0,leaf,2,h,i,w,0,0,0,0
Elytropappus scaber,Elytropappus scaber,Asteraceae,Stoebe scabra,L.f.,Asteraceae,1,0,1,0,1,0,0,0,0,0,0,Feb,May,NA,NA,100,0,0,0,1,0,0,0,0,0,0,0,0,0,0,0,0,1,0,0,0,0,0,0.388370588,0,0,leaf,2,h,i,w,0,0,0,0
Enneapogon scoparius,Enneapogon scoparius,Poaceae,Enneapogon scoparius,Stapf,Poaceae,1,0,1,0,1,0,0,0,0,0,0,Sep,Mar,NA,NA,35,0,0,1,0,0,0,0,0,0,0,0,0,0,0,0,0,1,0,0,0,0,0,8.22,0,0,leaf,2,m,w,w,0,0,0,0
Epischoenus adnatus,Epischoenus adnatus,Cyperaceae,Schoenus adnatus,(Levyns) T.L.Elliott & Muasya,Cyperaceae,1,0,1,0,1,0,0,0,0,1,0,Feb,Aug,NA,NA,100,0,0,1,0,0,0,0,0,0,0,0,0,0,0,0,0,0,0,0,0,0,0,NA,1,1,culm_stem,2,h,w,p,0,0,0,0
Epischoenus gracilis,Epischoenus gracilis,Cyperaceae,Schoenus gracillimus,T.L.Elliott & Muasya,Cyperaceae,1,0,1,0,1,0,0,0,0,1,0,Dec,Mar,NA,NA,90,0,0,1,0,0,0,0,0,0,0,0,0,0,0,0,0,0,0,0,0,0,0,67.62,1,1,culm_stem,2,h,w,p,0,0,0,0
Epischoenus quadrangularis,Epischoenus quadrangularis,Cyperaceae,Schoenus quadrangularis,Boeckeler,Cyperaceae,1,0,1,0,1,0,0,0,0,1,0,Nov,May,NA,NA,75,0,0,1,0,0,0,0,0,0,0,0,0,0,0,0,0,0,0,0,0,0,0,56.875,1,1,culm_stem,2,h,w,p,0,0,0,0
Eragrostis capensis,Eragrostis capensis,Poaceae,Eragrostis capensis,(Thunb.) Trin.,Poaceae,1,0,1,0,1,0,0,1,0,1,0,Sep,Apr,NA,NA,90,0,0,1,0,0,0,0,0,0,0,0,0,0,0,0,0,1,0,0,0,0,0,14.11666667,0,0,leaf,2,h,w,w,0,0,0,0
Eragrostis curvula,Eragrostis curvula,Poaceae,Eragrostis curvula,(Schrad.) Nees,Poaceae,1,0,1,0,1,0,0,1,0,1,0,Jan,Dec,NA,NA,100,0,0,1,0,0,0,0,0,0,0,0,0,0,0,0,0,1,0,0,0,0,0,35.91666667,0,0,leaf,2,h,w,w,0,0,0,0
Eragrostis obtusa,Eragrostis obtusa,Poaceae,Eragrostis obtusa,Munro ex Ficalho & Hiern,Poaceae,1,0,1,0,1,0,0,1,0,0,0,Jul,May,NA,NA,45,0,0,1,0,0,0,0,0,0,0,0,0,0,0,0,0,1,0,0,0,0,0,4.408333333,0,0,leaf,2,m,w,w,0,0,0,0
Eragrostis plana,Eragrostis plana,Poaceae,Eragrostis plana,Nees,Poaceae,1,0,1,0,1,0,0,1,0,1,0,Nov,May,NA,NA,100,0,0,1,0,0,0,0,0,0,0,0,0,0,0,0,0,1,0,0,0,0,0,NA,0,0,leaf,2,h,w,w,0,0,0,0
Eragrostis racemosa,Eragrostis racemosa,Poaceae,Eragrostis racemosa,(Thunb.) Steud.,Poaceae,1,0,1,0,1,0,0,1,0,1,0,Aug,May,NA,NA,8,0,0,1,0,0,0,0,0,0,0,0,0,0,0,0,0,1,0,0,0,0,0,NA,0,0,leaf,2,h,w,w,0,0,0,0
Eragrostis sabulosa,Eragrostis sabulosa,Poaceae,Eragrostis sabulosa,(Steud.) Schweick.,Poaceae,1,0,1,0,1,0,0,1,0,1,0,Oct,Nov,NA,NA,15,0,0,1,0,0,0,0,0,0,0,0,0,0,0,0,0,1,0,0,0,0,0,NA,0,0,leaf,2,h,w,w,0,0,0,0
Erepsia anceps,Erepsia anceps,Aizoaceae,Erepsia anceps,(Haw.) Schwantes,Aizoaceae,1,0,1,0,1,0,0,1,1,0,0,Dec,Mar,NA,NA,30,0,0,0,1,0,0,0,0,0,0,0,0,1,1,0,0,1,0,0,0,0,0,2.38,0,0,leaf,1,l,i,p,0,0,0,0
Erepsia aspera,Erepsia aspera,Aizoaceae,Erepsia aspera,(Haw.) L.Bolus,Aizoaceae,1,0,1,0,1,0,0,1,1,1,0,Dec,Mar,NA,NA,40,0,0,0,1,0,0,0,0,0,0,0,0,1,1,0,0,0,1,0,0,0,0,1.308,0,0,leaf,2,l,i,p,0,0,0,0
Erepsia bracteata,Erepsia bracteata,Aizoaceae,Erepsia bracteata,(Aiton) Schwantes,Aizoaceae,1,0,1,0,1,0,0,1,0,0,0,Jan,Apr,NA,NA,50,0,0,0,1,0,0,0,0,0,0,0,0,1,1,0,0,0,1,0,0,0,0,NA,0,0,leaf,1,l,i,p,0,0,0,0
Erepsia distans,Erepsia distans,Aizoaceae,Erepsia distans,L.Bolus,Aizoaceae,1,0,1,0,1,0,0,1,1,1,0,Nov,Mar,NA,NA,70,0,0,0,1,0,0,0,0,0,0,0,0,1,1,0,0,1,0,0,0,0,0,NA,0,0,leaf,2,l,i,p,0,0,0,0
Erepsia promontorii,Erepsia promontorii,Aizoaceae,Erepsia promontorii,L.Bolus,Aizoaceae,1,0,1,0,1,0,0,1,0,0,0,Jan,Jan,NA,NA,20,0,0,0,1,0,0,0,0,0,0,0,0,1,1,0,0,1,0,0,0,0,0,NA,0,0,leaf,2,l,i,p,0,0,0,0
Erepsia saturata,Erepsia saturata,Aizoaceae,Erepsia saturata,L.Bolus,Aizoaceae,1,0,1,0,1,0,0,1,0,0,0,Feb,May,NA,NA,40,0,0,0,1,0,0,0,0,0,0,0,0,1,1,0,0,1,0,0,0,0,0,NA,0,0,leaf,2,l,i,p,0,0,0,0
Erica abietina,Erica abietina,Ericaceae,Erica abietina,L.,Ericaceae,1,0,1,0,1,0,0,1,0,0,0,Jan,Sep,NA,NA,100,0,0,0,1,0,0,0,0,0,0,0,0,0,0,0,0,1,0,0,0,0,0,0.66,0,0,leaf,2,h,m,p,0,0,0,0
Erica affinis,Erica affinis,Ericaceae,Erica affinis,Benth.,Ericaceae,1,0,1,0,1,0,0,1,0,0,0,Sep,Dec,NA,NA,100,0,0,0,1,0,0,0,0,0,0,0,0,0,0,0,0,1,0,0,0,0,0,NA,0,0,leaf,2,h,i,p,0,0,0,0
Erica albens,Erica albens,Ericaceae,Erica albens,L.,Ericaceae,1,0,1,0,1,0,0,1,0,0,0,Apr,Dec,NA,NA,120,0,0,0,0,1,0,0,0,0,0,0,0,0,0,0,0,1,0,0,0,0,0,NA,0,0,leaf,2,h,i,p,0,0,0,0
Erica amphigena,Erica amphigena,Ericaceae,Erica amphigena,Guthrie & Bolus,Ericaceae,1,0,1,0,1,0,0,1,0,0,0,Sep,Dec,NA,NA,60,0,0,0,1,0,0,0,0,0,0,0,0,0,0,0,0,1,0,0,0,0,0,NA,0,0,leaf,2,h,i,p,0,0,0,0
Erica anguliger,Erica anguliger,Ericaceae,Erica anguliger,(N.E.Br.) E.G.H.Oliv.,Ericaceae,1,0,1,0,1,0,0,1,0,0,0,Apr,Sep,NA,NA,20,0,0,0,1,0,0,0,0,0,0,0,0,0,0,0,0,1,0,0,0,0,0,0.214666667,0,0,leaf,2,h,i,p,0,0,0,0
Erica angulosa,Erica angulosa,Ericaceae,Erica angulosa,E.G.H.Oliv.,Ericaceae,1,0,1,0,1,0,0,1,0,0,0,Mar,Apr,NA,NA,50,0,0,0,1,0,0,0,0,0,0,0,0,0,0,0,0,1,0,0,0,0,0,NA,0,0,leaf,2,h,i,p,0,0,0,0
Erica ardens,Erica ardens,Ericaceae,Erica ardens,Andrews,Ericaceae,1,0,1,0,1,0,0,1,0,0,0,Apr,Oct,NA,NA,70,0,0,0,1,0,0,0,0,0,0,0,0,0,0,0,0,1,0,0,0,0,0,NA,0,0,leaf,2,h,i,p,0,0,0,0
Erica areolata,Erica areolata,Ericaceae,Erica areolata,(N.E.Br.) E.G.H.Oliv.,Ericaceae,1,0,1,0,1,0,0,1,0,0,0,Aug,Nov,NA,NA,50,0,0,0,1,0,0,0,0,0,0,0,0,0,0,0,0,1,0,0,0,0,0,0.35,0,0,leaf,2,h,w,p,0,0,0,0
Erica articularis,Erica articularis,Ericaceae,Erica articularis,L.,Ericaceae,1,0,1,0,1,0,0,1,0,0,0,Jan,Dec,NA,NA,100,0,0,0,1,0,0,0,0,0,0,0,0,0,0,0,0,1,0,0,0,0,0,0.456111111,0,0,leaf,2,h,i,p,0,0,0,0
Erica atropurpurea,Erica atropurpurea,Ericaceae,Erica atropurpurea,Dulfer,Ericaceae,1,0,1,0,1,0,0,1,0,0,0,Aug,Nov,NA,NA,30,0,0,0,1,0,0,0,0,0,0,0,0,0,0,0,0,1,0,0,0,0,0,NA,0,0,leaf,2,m,i,p,0,0,0,0
Erica axillaris,Erica axillaris,Ericaceae,Erica axillaris,Thunb.,Ericaceae,1,0,1,0,1,0,0,1,0,0,0,May,Dec,NA,NA,80,0,0,0,1,0,0,0,0,0,0,0,0,0,0,0,0,1,0,0,0,0,0,0.39375,0,0,leaf,2,h,w,p,0,0,0,0
Erica azaleifolia,Erica azaleifolia,Ericaceae,Erica azaleifolia,Salisb.,Ericaceae,1,0,1,0,1,0,0,1,0,0,0,Oct,Feb,NA,NA,30,0,0,0,1,0,0,0,0,0,0,0,0,0,0,0,0,0,1,0,0,0,0,NA,0,0,leaf,2,m,i,p,0,0,0,0
Erica banksii,Erica comptonii,Ericaceae,Erica banksii,Andrews,Ericaceae,1,0,1,0,1,0,0,1,0,1,0,Jan,Jul,NA,NA,60,0,0,0,1,0,0,0,0,0,0,0,0,0,0,0,0,1,0,0,0,0,0,NA,0,0,leaf,2,h,m,p,0,0,0,0
Erica blenna,Erica blenna,Ericaceae,Erica blenna,Salisb.,Ericaceae,1,0,1,0,1,0,0,1,0,0,0,Apr,Nov,NA,NA,100,0,0,0,1,0,0,0,0,0,0,0,0,0,0,0,0,1,0,0,0,0,0,NA,0,0,leaf,2,h,i,p,0,0,0,0
Erica bolusanthus,Erica bolusanthus,Ericaceae,Erica bolusanthus,E.G.H.Oliv.,Ericaceae,1,0,1,0,1,0,0,1,0,0,0,Nov,Apr,NA,NA,25,0,0,0,1,0,0,0,0,0,0,0,0,0,0,0,0,1,0,0,0,0,0,NA,0,0,leaf,2,h,i,p,0,0,0,0
Erica brachialis,Erica brachialis,Ericaceae,Erica brachialis,Salisb.,Ericaceae,1,0,1,0,1,0,0,1,0,1,0,Dec,Mar,NA,NA,200,0,0,0,0,0,1,0,0,0,0,0,0,0,0,0,0,1,0,0,0,0,0,0.64,0,0,leaf,3,h,m,p,0,0,0,0
Erica bracteolaris,Erica bracteolaris,Ericaceae,Erica bracteolaris,Lam.,Ericaceae,1,0,1,0,1,0,0,1,0,0,0,Jul,Feb,NA,NA,50,0,0,0,1,0,0,0,0,0,0,0,0,0,0,0,0,1,0,0,0,0,0,NA,0,0,leaf,2,h,i,p,0,0,0,0
Erica brevicaulis,Erica brevicaulis,Ericaceae,Erica brevicaulis,Guthrie & Bolus,Ericaceae,1,0,1,0,1,0,0,1,0,0,0,Nov,Jan,NA,NA,10,0,0,0,1,0,0,0,0,0,0,0,0,0,0,0,0,0,1,0,0,0,0,NA,0,0,leaf,2,h,i,p,0,0,0,0
Erica bruniades,Erica bruniades,Ericaceae,Erica bruniades,L.,Ericaceae,1,0,1,0,1,0,0,1,0,0,0,Aug,Dec,NA,NA,50,0,0,0,1,0,0,0,0,0,0,0,0,0,0,0,0,1,0,0,0,0,0,0.242857143,0,0,leaf,2,h,i,p,0,0,0,0
Erica caffra,Erica caffra,Ericaceae,Erica afra,L.,Ericaceae,1,0,1,0,1,0,0,1,0,1,0,Jul,Dec,NA,NA,400,0,0,0,0,0,1,1,0,0,0,0,0,0,0,0,0,1,0,0,0,0,0,1.012,0,0,leaf,3,h,i,p,0,0,0,0
Erica calycina,Erica langebergensis,Ericaceae,Erica calycina,L.,Ericaceae,1,0,1,0,1,0,0,1,0,0,0,Oct,Oct,NA,NA,50,0,0,0,1,0,0,0,0,0,0,0,0,0,0,0,0,1,0,0,0,0,0,0.362,0,0,leaf,2,h,i,p,0,0,0,0
Erica capensis,Erica capensis,Ericaceae,Erica turbiniflora,Salisb.,Ericaceae,1,0,1,0,1,0,0,1,0,0,0,Dec,Apr,NA,NA,50,0,0,0,1,0,0,0,0,0,0,0,0,0,0,0,0,1,0,0,0,0,0,0.42,0,0,leaf,2,m,i,p,0,0,0,0
Erica capillaris,Erica capillaris,Ericaceae,Erica capillaris,Bartl.,Ericaceae,1,0,1,0,1,0,0,1,0,0,0,Dec,Apr,NA,NA,30,0,0,0,1,0,0,0,0,0,0,0,0,0,0,0,0,1,0,0,0,0,0,0.275,0,0,leaf,2,h,i,p,0,0,0,0
Erica carduifolia,Erica carduifolia,Ericaceae,Erica carduifolia,Salisb.,Ericaceae,1,0,1,0,1,0,0,1,0,0,0,Aug,Nov,NA,NA,40,0,0,0,1,0,0,0,0,0,0,0,0,0,0,0,0,0,1,0,0,0,0,NA,0,0,leaf,2,h,i,p,0,0,0,0
Erica cerinthoides,Erica cerinthoides,Ericaceae,Erica cerinthoides,L.,Ericaceae,1,0,1,0,1,0,0,1,1,1,0,Jan,Dec,NA,NA,30,0,0,0,1,0,0,0,0,0,0,0,0,0,0,0,0,1,0,0,0,0,0,0.636428571,0,0,leaf,3,h,i,p,0,0,0,0
Erica chamissonis,Erica chamissonis,Ericaceae,Erica chamissonis,Klotzsch ex Benth.,Ericaceae,1,0,1,0,1,0,0,1,0,0,0,Oct,May,NA,NA,60,0,0,0,1,0,0,0,0,0,0,0,0,0,0,0,0,1,0,0,0,0,0,0.204,0,0,leaf,2,h,i,p,0,0,0,0
Erica clavisepala,Erica clavisepala,Ericaceae,Erica clavisepala,Guthrie & Bolus,Ericaceae,1,0,1,0,1,0,0,1,0,0,0,Feb,Apr,NA,NA,30,0,0,0,1,0,0,0,0,0,0,0,0,0,0,0,0,0,0,1,0,0,0,0.228571429,0,0,leaf,2,h,i,p,0,0,0,0
Erica coarctata,Erica coarctata,Ericaceae,Erica coarctata,J.C.Wendl.,Ericaceae,1,0,1,0,1,0,0,1,0,0,0,Apr,Sep,NA,NA,30,0,0,0,1,0,0,0,0,0,0,0,0,0,0,0,0,1,0,0,0,0,0,0.88,0,0,leaf,2,h,w,p,0,0,0,0
Erica coccinea,Erica coccinea,Ericaceae,Erica coccinea,L.,Ericaceae,1,0,1,0,1,0,0,1,0,1,0,Jan,Dec,NA,NA,120,0,0,0,0,1,0,0,0,0,0,0,0,0,0,0,0,1,0,0,0,0,0,0.522777778,0,0,leaf,2,h,i,p,0,0,0,0
Erica condensata,Erica condensata,Ericaceae,Erica condensata,Benth.,Ericaceae,1,0,1,0,1,0,0,1,0,0,0,Sep,Feb,NA,NA,50,0,0,0,1,0,0,0,0,0,0,0,0,0,0,0,0,1,0,0,0,0,0,NA,0,0,leaf,2,h,i,p,0,0,0,0
Erica conferta,Erica conferta,Ericaceae,Erica conferta,Andrews,Ericaceae,1,0,1,0,1,0,0,1,0,0,0,Jan,Apr,NA,NA,100,0,0,0,1,0,0,0,0,0,0,0,0,0,0,0,0,1,0,0,0,0,0,NA,0,0,leaf,2,h,i,p,0,0,0,0
Erica copiosa,Erica copiosa,Ericaceae,Erica copiosa,J.C.Wendl.,Ericaceae,1,0,1,0,1,0,0,1,0,0,0,Jan,Dec,NA,NA,150,0,0,0,0,1,0,0,0,0,0,0,0,0,0,0,0,0,1,0,0,0,0,NA,0,0,leaf,2,h,w,p,0,0,0,0
Erica cordata,Erica cordata,Ericaceae,Erica cordata,Andrews,Ericaceae,1,0,1,0,1,0,0,1,0,0,0,May,Nov,NA,NA,100,0,0,0,1,0,0,0,0,0,0,0,0,0,0,0,0,0,0,1,0,0,0,0.40625,0,0,leaf,2,m,i,p,0,0,0,0
Erica corifolia,Erica corifolia,Ericaceae,Erica corifolia,L.,Ericaceae,1,0,1,0,1,0,0,1,0,0,0,Jan,Dec,NA,NA,100,0,0,0,1,0,0,0,0,0,0,0,0,0,0,0,0,1,0,0,0,0,0,0.467,0,0,leaf,2,h,i,p,0,0,0,0
Erica corydalis,Erica corydalis,Ericaceae,Erica corydalis,Salisb.,Ericaceae,1,0,1,0,1,0,0,1,0,0,0,Oct,Jan,NA,NA,50,0,0,0,1,0,0,0,0,0,0,0,0,0,0,0,0,0,1,0,0,0,0,NA,0,0,leaf,2,h,i,p,0,0,0,0
Erica cristata,Erica cristata,Ericaceae,Erica cristata,Dulfer,Ericaceae,1,0,1,0,1,0,0,1,0,0,0,Dec,Jun,NA,NA,60,0,0,0,1,0,0,0,0,0,0,0,0,0,0,0,0,1,0,0,0,0,0,0.282,0,0,leaf,2,m,i,p,0,0,0,0
Erica cubica,Erica cubica,Ericaceae,Erica cubica,L.,Ericaceae,1,0,1,0,1,0,0,1,0,0,0,Jul,Dec,NA,NA,45,0,0,0,1,0,0,0,0,0,0,0,0,0,0,0,0,1,0,0,0,0,0,0.472,0,0,leaf,2,h,i,p,0,0,0,0
Erica curviflora,Erica curviflora,Ericaceae,Erica curviflora,L.,Ericaceae,1,0,1,0,1,0,0,1,0,0,0,Jan,Dec,NA,NA,160,0,0,0,0,1,0,0,0,0,0,0,0,0,0,0,0,1,0,0,0,0,0,0.442,0,0,leaf,2,h,m,p,0,0,0,0
Erica curvifolia,Erica curvifolia,Ericaceae,Erica curvifolia,Salisb.,Ericaceae,1,0,1,0,1,0,0,1,0,0,0,Dec,Mar,NA,NA,45,0,0,0,1,0,0,0,0,0,0,0,0,0,0,0,0,1,0,0,0,0,0,NA,0,0,leaf,2,h,i,p,0,0,0,0
Erica daphniflora,Erica daphniflora,Ericaceae,Erica daphniflora,Salisb.,Ericaceae,1,0,1,0,1,0,0,1,0,0,0,Jul,Mar,NA,NA,100,0,0,0,1,0,0,0,0,0,0,0,0,0,0,0,0,1,0,0,0,0,0,0.438,0,0,leaf,2,h,i,p,0,0,0,0
Erica demissa,Erica demissa,Ericaceae,Erica coccinea,L.,Ericaceae,1,0,1,0,1,0,0,1,0,0,0,Jan,Dec,NA,NA,50,0,0,0,1,0,0,0,0,0,0,0,0,0,0,0,0,1,0,0,0,0,0,0.311111111,0,0,leaf,2,h,i,p,0,0,0,0
Erica densifolia,Erica densifolia,Ericaceae,Erica densifolia,Willd.,Ericaceae,1,0,1,0,1,0,0,1,0,0,0,Sep,May,NA,NA,150,0,0,0,0,1,0,0,0,0,0,0,0,0,0,0,0,1,0,0,0,0,0,NA,0,0,leaf,2,h,m,p,0,0,0,0
Erica desmantha,Erica desmantha,Ericaceae,Erica desmantha,Benth.,Ericaceae,1,0,1,0,1,0,0,1,0,0,0,Feb,May,NA,NA,100,0,0,0,1,0,0,0,0,0,0,0,0,0,0,0,0,1,0,0,0,0,0,NA,0,0,leaf,2,h,i,p,0,0,0,0
Erica dianthifolia,Erica dianthifolia,Ericaceae,Erica dianthifolia,Salisb.,Ericaceae,1,0,1,0,1,0,0,1,0,0,0,Aug,Dec,NA,NA,70,0,0,0,1,0,0,0,0,0,0,0,0,0,0,0,0,1,0,0,0,0,0,NA,0,0,leaf,2,h,i,p,0,0,0,0
Erica discolor,Erica discolor,Ericaceae,Erica discolor,Andrews,Ericaceae,1,0,1,0,1,0,0,1,0,0,0,Jan,Dec,NA,NA,100,0,0,0,1,0,0,0,0,0,0,0,0,0,0,0,0,1,0,0,0,0,0,0.538,0,0,leaf,2,h,m,p,0,0,0,0
Erica distorta,Erica speciosa,Ericaceae,Erica distorta,Bartl.,Ericaceae,1,0,1,0,1,0,0,1,0,1,0,Jul,Mar,NA,NA,100,0,0,0,1,0,0,0,0,0,0,0,0,0,0,0,0,1,0,0,0,0,0,0.453333333,0,0,leaf,2,h,i,p,0,0,0,0
Erica dodii,Erica dodii,Ericaceae,Erica dodii,Guthrie & Bolus,Ericaceae,1,0,1,0,1,0,0,1,0,0,0,Oct,Dec,NA,NA,40,0,0,0,1,0,0,0,0,0,0,0,0,0,0,0,0,1,0,0,0,0,0,NA,0,0,leaf,2,h,i,p,0,0,0,0
Erica eburnea,Erica eburnea,Ericaceae,Erica eburnea,T.M.Salter,Ericaceae,1,0,1,0,1,0,0,1,0,0,0,Dec,Jan,NA,NA,60,0,0,0,1,0,0,0,0,0,0,0,0,0,0,0,0,1,0,0,0,0,0,NA,0,0,leaf,2,h,i,p,0,0,0,0
Erica equisetifolia,Erica equisetifolia,Ericaceae,Erica equisetifolia,Salisb.,Ericaceae,1,0,1,0,1,0,0,1,0,0,0,Oct,Apr,NA,NA,20,0,0,0,1,0,0,0,0,0,0,0,0,0,0,0,0,1,0,0,0,0,0,0.27,0,0,leaf,2,h,i,p,0,0,0,0
Erica ericoides,Erica ericoides,Ericaceae,Erica ericoides,(L.) E.G.H.Oliv.,Ericaceae,1,0,1,0,1,0,0,1,0,0,0,Jan,Apr,NA,NA,80,0,0,0,1,0,0,0,0,0,0,0,0,0,0,0,0,1,0,0,0,0,0,0.237,0,0,leaf,2,h,i,p,0,0,0,0
Erica exleeana,Erica exleeana,Ericaceae,Erica exleeana,E.G.H.Oliv.,Ericaceae,1,0,1,0,1,0,0,1,0,0,0,Aug,Apr,NA,NA,30,0,0,0,1,0,0,0,0,0,0,0,0,0,0,0,0,0,1,0,0,0,0,0.125,0,0,leaf,2,h,w,p,0,0,0,0
Erica fascicularis,Erica fascicularis,Ericaceae,Erica fascicularis,L.f.,Ericaceae,1,0,1,0,1,0,0,1,0,0,0,Apr,Dec,NA,NA,180,0,0,0,0,1,0,0,0,0,0,0,0,0,0,0,0,1,0,0,0,0,0,3.83,0,0,leaf,2,m,m,p,0,0,0,0
Erica fastigiata,Erica fastigiata,Ericaceae,Erica fastigiata,L.,Ericaceae,1,0,1,0,1,0,0,1,0,0,0,Jul,Dec,NA,NA,50,0,0,0,1,0,0,0,0,0,0,0,0,0,0,0,0,1,0,0,0,0,0,NA,0,0,leaf,2,h,i,p,0,0,0,0
Erica galpinii,Erica galpinii,Ericaceae,Erica galpinii,T.M.Salter,Ericaceae,1,0,1,0,1,0,0,1,0,0,0,Apr,Jun,NA,NA,90,0,0,0,1,0,0,0,0,0,0,0,0,0,0,0,0,1,0,0,0,0,0,NA,0,0,leaf,2,h,m,p,0,0,0,0
Erica gigantea,Erica gigantea,Ericaceae,Erica gigantea,Klotzsch ex Benth.,Ericaceae,1,0,1,0,1,0,0,1,0,0,0,Aug,Sep,NA,NA,200,0,0,0,0,0,1,0,0,0,0,0,0,0,0,0,0,1,0,0,0,0,0,NA,0,0,leaf,2,h,i,p,0,0,0,0
Erica glabella,Erica glabella,Ericaceae,Erica glabella,Thunb.,Ericaceae,1,0,1,0,1,0,0,1,0,0,0,Jan,Dec,NA,NA,50,0,0,0,1,0,0,0,0,0,0,0,0,0,0,0,0,1,0,0,0,0,0,0.291111111,0,0,leaf,2,h,i,p,0,0,0,0
Erica gnaphaloides,Erica gnaphaloides,Ericaceae,Erica gnaphaloides,L.,Ericaceae,1,0,1,0,1,0,0,1,0,0,0,Aug,Dec,NA,NA,40,0,0,0,1,0,0,0,0,0,0,0,0,0,0,0,0,1,0,0,0,0,0,0.205,0,0,leaf,2,h,i,p,0,0,0,0
Erica gracilipes,Erica gracilipes,Ericaceae,Erica gracilipes,Guthrie & Bolus,Ericaceae,1,0,1,0,1,0,0,1,0,0,0,Aug,Dec,NA,NA,30,0,0,0,1,0,0,0,0,0,0,0,0,0,0,0,0,1,0,0,0,0,0,NA,0,0,leaf,2,h,i,p,0,0,0,0
Erica gracilis,Erica gracilis,Ericaceae,Erica gracilis,J.C.Wendl.,Ericaceae,1,0,1,0,1,0,0,1,0,0,0,Jan,Dec,NA,NA,50,0,0,0,1,0,0,0,0,0,0,0,0,0,0,0,0,1,0,0,0,0,0,0.284,0,0,leaf,2,h,i,p,0,0,0,0
Erica granulatifolia,Erica granulatifolia,Ericaceae,Erica granulatifolia,H.A.Baker,Ericaceae,1,0,1,0,1,0,0,1,0,0,0,Oct,Oct,NA,NA,60,0,0,0,1,0,0,0,0,0,0,0,0,0,0,0,0,0,1,0,0,0,0,NA,0,0,leaf,2,h,w,p,0,0,0,0
Erica grata,Erica grata,Ericaceae,Erica grata,Guthrie & Bolus,Ericaceae,1,0,1,0,1,0,0,1,0,0,0,Aug,Oct,NA,NA,40,0,0,0,1,0,0,0,0,0,0,0,0,0,0,0,0,0,1,0,0,0,0,0.428,0,0,leaf,2,h,i,p,0,0,0,0
Erica gysbertii,Erica gysbertii,Ericaceae,Erica gysbertii,Guthrie & Bolus,Ericaceae,1,0,1,0,1,0,0,1,0,0,0,Nov,Mar,NA,NA,100,0,0,0,1,0,0,0,0,0,0,0,0,0,0,0,0,0,1,0,0,0,0,NA,0,0,leaf,2,m,i,p,0,0,0,0
Erica haematosiphon,Erica haematosiphon,Ericaceae,Erica haematosiphon,Guthrie & Bolus,Ericaceae,1,0,1,0,1,0,0,1,0,0,0,Nov,Mar,NA,NA,120,0,0,0,0,1,0,0,0,0,0,0,0,0,0,0,0,1,0,0,0,0,0,NA,0,0,leaf,2,h,m,p,0,0,0,0
Erica hirtiflora,Erica hirtiflora,Ericaceae,Erica hirtiflora,Curtis,Ericaceae,1,0,1,0,1,0,0,1,0,0,0,Jan,Dec,NA,NA,100,0,0,0,1,0,0,0,0,0,0,0,0,0,0,0,0,1,0,0,0,0,0,3.455555556,0,0,leaf,2,h,i,p,0,0,0,0
Erica hispidula,Erica hispidula,Ericaceae,Erica hispidula,L.,Ericaceae,1,0,1,0,1,0,0,1,0,0,0,Jan,Dec,NA,NA,100,0,0,0,1,0,0,0,0,0,0,0,0,0,0,0,0,0,1,1,0,0,0,0.351727273,0,0,leaf,2,h,w,p,0,0,0,0
Erica imbricata,Erica imbricata,Ericaceae,Erica imbricata,L.,Ericaceae,1,0,1,0,1,0,0,1,0,0,0,Jan,Dec,NA,NA,80,0,0,0,1,0,0,0,0,0,0,0,0,0,0,0,0,1,0,0,0,0,0,0.363784,0,0,leaf,2,h,i,p,0,0,0,0
Erica inflata,Erica inflata,Ericaceae,Erica inflata,Thunb.,Ericaceae,1,0,1,0,1,0,0,1,0,0,0,Sep,May,NA,NA,100,0,0,0,1,0,0,0,0,0,0,0,0,0,0,0,0,1,0,0,0,0,0,NA,0,0,leaf,2,h,i,p,0,0,0,0
Erica infundibuliformis,Erica infundibuliformis,Ericaceae,Erica infundibuliformis,Andrews,Ericaceae,1,0,1,0,1,0,0,1,0,0,0,Nov,Jul,NA,NA,90,0,0,0,1,0,0,0,0,0,0,0,0,0,0,0,0,1,0,0,0,0,0,NA,0,0,leaf,2,h,i,p,0,0,0,0
Erica intervallaris,Erica intervallaris,Ericaceae,Erica intervallaris,Salisb.,Ericaceae,1,0,1,0,1,0,0,1,0,0,0,Jul,Jan,NA,NA,60,0,0,0,1,0,0,0,0,0,0,0,0,0,0,0,0,1,0,0,0,0,0,0.33,0,0,leaf,2,h,i,p,0,0,0,0
Erica intonsa,Erica intonsa,Ericaceae,Erica intonsa,L.Bolus,Ericaceae,1,0,1,0,1,0,0,1,0,0,0,Oct,Feb,NA,NA,30,0,0,0,1,0,0,0,0,0,0,0,0,0,0,0,0,1,1,0,0,0,0,0.264,0,0,leaf,2,m,i,p,0,0,0,0
Erica kougabergensis,Erica kougabergensis,Ericaceae,Erica kougabergensis,H.A.Baker,Ericaceae,1,0,1,0,1,0,0,1,0,0,0,Sep,Nov,NA,NA,50,0,0,0,1,0,0,0,0,0,0,0,0,0,0,0,0,0,1,1,0,0,0,0.246666667,0,0,leaf,2,h,i,p,0,0,0,0
Erica labialis,Erica labialis,Ericaceae,Erica labialis,Salisb.,Ericaceae,1,0,1,0,1,0,0,1,0,0,0,Jan,Dec,NA,NA,50,0,0,0,1,0,0,0,0,0,0,0,0,0,0,0,0,1,0,0,0,0,0,0.292285714,0,0,leaf,2,h,i,p,0,0,0,0
Erica laeta,Erica laeta,Ericaceae,Erica laeta,Bartl.,Ericaceae,1,0,1,0,1,0,0,1,0,0,0,Dec,Apr,NA,NA,40,0,0,0,1,0,0,0,0,0,0,0,0,0,0,0,0,1,0,0,0,0,0,0.45875,0,0,leaf,2,h,i,p,0,0,0,0
Erica lasciva,Erica lasciva,Ericaceae,Erica lasciva,Salisb.,Ericaceae,1,0,1,0,1,0,0,1,0,1,0,Feb,Aug,NA,NA,90,0,0,0,1,0,0,0,0,0,0,0,0,0,0,0,0,1,0,0,0,0,0,0.2375,0,0,leaf,3,h,i,p,0,0,0,0
Erica longimontana,Erica longimontana,Ericaceae,Erica longimontana,E.G.H.Oliv.,Ericaceae,1,0,1,0,1,0,0,1,0,0,0,Dec,Jun,NA,NA,60,0,0,0,1,0,0,0,0,0,0,0,0,0,0,0,0,0,1,0,0,0,0,NA,0,0,leaf,2,h,i,p,0,0,0,0
Erica macowanii,Erica macowanii,Ericaceae,Erica macowanii,Cufino,Ericaceae,1,0,1,0,1,0,0,1,0,0,0,Aug,Mar,NA,NA,150,0,0,0,0,1,0,0,0,0,0,0,0,0,0,0,0,1,0,0,0,0,0,NA,0,0,leaf,2,h,m,p,0,0,0,0
Erica madida,Erica madida,Ericaceae,Erica madida,E.G.H.Oliv.,Ericaceae,1,0,1,0,1,0,0,1,0,0,0,Nov,Dec,NA,NA,250,0,0,0,0,0,1,0,0,0,0,0,0,0,0,0,0,0,0,1,0,0,0,0.2,0,0,leaf,2,h,w,p,0,0,0,0
Erica mammosa,Erica mammosa,Ericaceae,Erica mammosa,L.,Ericaceae,1,0,1,0,1,0,0,1,0,1,0,Nov,May,NA,NA,150,0,0,0,0,1,0,0,0,0,0,0,0,0,0,0,0,1,0,0,0,0,0,0.844444444,0,0,leaf,3,h,m,p,0,0,0,0
Erica massonii,Erica massonii,Ericaceae,Erica massonii,L.f.,Ericaceae,1,0,1,0,1,0,0,1,0,0,0,Nov,Mar,NA,NA,100,0,0,0,1,0,0,0,0,0,0,0,0,0,0,0,0,1,1,0,0,0,0,0.49,0,0,leaf,2,m,m,p,0,0,0,0
Erica melanthera,Erica melanthera,Ericaceae,Erica melanthera,L.,Ericaceae,1,0,1,0,1,0,0,1,0,0,0,Jun,Dec,NA,NA,60,0,0,0,1,0,0,0,0,0,0,0,0,0,0,0,0,1,1,0,0,0,0,0.252,0,0,leaf,2,h,i,p,0,0,0,0
Erica monadelphia,Erica monadelphia,Ericaceae,Erica monadelphia,Andrews,Ericaceae,1,0,1,0,1,0,0,1,0,1,0,Jan,Apr,NA,NA,50,0,0,0,1,0,0,0,0,0,0,0,0,0,0,0,0,1,0,0,0,0,0,NA,0,0,leaf,2,h,m,p,0,0,0,0
Erica mucronata,Erica mucronata,Ericaceae,Erica mucronata,Andrews,Ericaceae,1,0,1,0,1,0,0,1,0,0,0,Nov,Jan,NA,NA,50,0,0,0,1,0,0,0,0,0,0,0,0,0,0,0,0,1,1,0,0,0,0,NA,0,0,leaf,2,h,i,p,0,0,0,0
Erica multumbellifera,Erica multumbellifera,Ericaceae,Erica multumbellifera,P.J.Bergius,Ericaceae,1,0,1,0,1,0,0,1,0,0,0,Nov,Jun,NA,NA,40,0,0,0,1,0,0,0,0,0,0,0,0,0,0,0,0,1,0,0,0,0,0,NA,0,0,leaf,2,h,i,p,0,0,0,0
Erica muscosa,Erica muscosa,Ericaceae,Erica muscosa,(Aiton) E.G.H.Oliv.,Ericaceae,1,0,1,0,1,0,0,1,0,0,0,Jan,Dec,NA,NA,100,0,0,0,1,0,0,0,0,0,0,0,0,0,0,0,0,1,0,0,0,0,0,0.476,0,0,leaf,2,h,w,p,0,0,0,0
Erica nabea,Erica nabea,Ericaceae,Erica nabea,Guthrie & Bolus,Ericaceae,1,0,1,0,1,0,0,1,0,0,0,May,Aug,NA,NA,150,0,0,0,0,1,0,0,0,0,0,0,0,0,0,0,0,1,0,0,0,0,0,NA,0,0,leaf,2,h,i,p,0,0,0,0
Erica newdigateae,Erica newdigateae,Ericaceae,Erica newdigateae,Dulfer,Ericaceae,1,0,1,0,1,0,0,1,0,0,0,Jun,Oct,NA,NA,50,0,0,0,1,0,0,0,0,0,0,0,0,0,0,0,0,1,1,0,0,0,0,0.263333333,0,0,leaf,2,h,i,p,0,0,0,0
Erica nudiflora,Erica nudiflora,Ericaceae,Erica nudiflora,L.,Ericaceae,1,0,1,0,1,0,0,1,0,0,0,Feb,Jun,NA,NA,30,0,0,0,1,0,0,0,0,0,0,0,0,0,0,0,0,1,0,0,0,0,0,0.375,0,0,leaf,2,h,i,p,0,0,0,0
Erica nutans,Erica deliciosa,Ericaceae,Erica nutans,J.C.Wendl.,Ericaceae,1,0,1,0,1,0,0,1,0,0,0,Jun,Dec,NA,NA,150,0,0,0,0,1,0,0,0,0,0,0,0,0,0,0,0,1,0,0,0,0,0,NA,0,0,leaf,2,h,i,p,0,0,0,0
Erica obliqua,Erica obliqua,Ericaceae,Erica obliqua,F.A.Bauer,Ericaceae,1,0,1,0,1,0,0,1,0,0,0,Nov,May,NA,NA,50,0,0,0,1,0,0,0,0,0,0,0,0,0,0,0,0,1,0,0,0,0,0,0.3875,0,0,leaf,2,h,i,p,0,0,0,0
Erica omninoglabra,Erica omninoglabra,Ericaceae,Erica omninoglabra,H.A.Baker,Ericaceae,1,0,1,0,1,0,0,1,0,0,0,Sep,Dec,NA,NA,10,0,0,0,1,0,0,0,0,0,0,0,0,0,0,0,0,1,1,0,0,0,0,NA,0,0,leaf,2,l,i,p,0,0,0,0
Erica oresigena,Erica oresigena,Ericaceae,Erica oresigena,Bolus,Ericaceae,1,0,1,0,1,0,0,1,0,0,0,Oct,Jan,NA,NA,200,0,0,0,0,0,1,0,0,0,0,0,0,0,0,0,0,1,0,0,0,0,0,NA,0,0,leaf,2,h,i,p,0,0,0,0
Erica palliiflora,Erica palliiflora,Ericaceae,Erica palliiflora,Salisb.,Ericaceae,1,0,1,0,1,0,0,1,0,0,0,Oct,Apr,NA,NA,60,0,0,0,1,0,0,0,0,0,0,0,0,0,0,0,0,1,0,0,0,0,0,0.4,0,0,leaf,2,m,i,p,0,0,0,0
Erica parilis,Erica parilis,Ericaceae,Erica parilis,Salisb.,Ericaceae,1,0,1,0,1,0,0,1,0,1,0,Jan,May,NA,NA,100,0,0,0,1,0,0,0,0,0,0,0,0,0,0,0,0,1,0,0,0,0,0,NA,0,0,leaf,3,h,i,p,0,0,0,0
Erica parviflora,Erica parviflora,Ericaceae,Erica parviflora,L.,Ericaceae,1,0,1,0,1,0,0,1,0,0,0,Apr,Nov,NA,NA,100,0,0,0,1,0,0,0,0,0,0,0,0,0,0,0,0,1,0,0,0,0,0,NA,0,0,leaf,2,h,i,p,0,0,0,0
Erica passerinaee,Erica passerinae,Ericaceae,Erica passerina,Montin,Ericaceae,1,0,1,0,1,0,0,1,0,1,0,Jul,Oct,NA,NA,60,0,0,0,1,0,0,0,0,0,0,0,0,0,0,0,0,0,1,1,0,0,0,0.378333333,0,0,leaf,3,h,i,p,0,0,0,0
Erica pectinifolia,Erica pectinifolia,Ericaceae,Erica pectinifolia,Salisb.,Ericaceae,1,0,1,0,1,0,0,1,0,1,0,Jan,Dec,NA,NA,150,0,0,0,0,1,0,0,0,0,0,0,0,0,0,0,0,1,0,0,0,0,0,0.53,0,0,leaf,2,h,m,p,0,0,0,0
Erica penicilliformis,Erica penicilliformis,Ericaceae,Erica penicilliformis,Salisb.,Ericaceae,1,0,1,0,1,0,0,1,0,0,0,Jan,Dec,NA,NA,50,0,0,0,1,0,0,0,0,0,0,0,0,0,0,0,0,1,0,0,0,0,0,NA,0,0,leaf,2,h,i,p,0,0,0,0
Erica perspicua,Erica perspicua,Ericaceae,Erica perspicua,J.C.Wendl.,Ericaceae,1,0,1,0,1,0,0,1,0,0,0,Sep,Apr,NA,NA,200,0,0,0,0,0,1,0,0,0,0,0,0,0,0,0,0,1,0,0,0,0,0,0.338,0,0,leaf,2,h,m,p,0,0,0,0
Erica petraea,Erica petraea,Ericaceae,Erica petraea,Benth.,Ericaceae,1,0,1,0,1,0,0,1,0,0,0,Jan,Jul,NA,NA,40,0,0,0,1,0,0,0,0,0,0,0,0,0,0,0,0,1,1,0,0,0,0,0.283333333,0,0,leaf,2,h,i,p,0,0,0,0
Erica placentiflora,Erica placentiflora,Ericaceae,Erica placentiflora,Salisb.,Ericaceae,1,0,1,0,1,0,0,1,0,0,0,Jun,Dec,NA,NA,60,0,0,0,1,0,0,0,0,0,0,0,0,0,0,0,0,1,0,0,0,0,0,0.3975,0,0,leaf,2,h,i,p,0,0,0,0
Erica plukenetii,Erica breviflora,Ericaceae,Erica plukenetii,L.,Ericaceae,1,0,1,0,1,0,0,1,0,0,0,Sep,Jan,NA,NA,150,0,0,0,0,1,0,0,0,0,0,0,0,0,0,0,0,1,0,0,0,0,0,0.961,0,0,leaf,2,h,m,p,0,0,0,0
Erica plumosa,Erica plumosa,Ericaceae,Erica plumosa,Thunb.,Ericaceae,1,0,1,0,1,0,0,1,0,0,0,Jun,Sep,NA,NA,50,0,0,0,1,0,0,0,0,0,0,0,0,0,0,0,0,0,1,1,0,0,0,0.202,0,0,leaf,2,h,i,p,0,0,0,0
Erica podophylla,Erica podophylla,Ericaceae,Erica podophylla,Benth.,Ericaceae,1,0,1,0,1,0,0,1,0,0,0,Oct,Dec,NA,NA,50,0,0,0,1,0,0,0,0,0,0,0,0,0,0,0,0,1,0,0,0,0,0,NA,0,0,leaf,2,h,i,p,0,0,0,0
Erica pubigera,Erica pubigera,Ericaceae,Erica pubigera,Salisb.,Ericaceae,1,0,1,0,1,0,0,1,0,0,0,Aug,Oct,NA,NA,80,0,0,0,1,0,0,0,0,0,0,0,0,0,0,0,0,1,0,0,0,0,0,NA,0,0,leaf,2,h,i,p,0,0,0,0
Erica pulchella,Erica pulchella,Ericaceae,Erica pulchella,Houtt.,Ericaceae,1,0,1,0,1,0,0,1,0,0,0,Dec,May,NA,NA,60,0,0,0,1,0,0,0,0,0,0,0,0,0,0,0,0,1,0,0,0,0,0,0.860909091,0,0,leaf,2,h,i,p,0,0,0,0
Erica quadrangularis,Erica quadrangularis,Ericaceae,Erica quadrangularis,Salisb.,Ericaceae,1,0,1,0,1,0,0,1,0,0,0,Jul,Dec,NA,NA,50,0,0,0,1,0,0,0,0,0,0,0,0,0,0,0,0,1,0,0,0,0,0,NA,0,0,leaf,2,h,i,p,0,0,0,0
Erica regerminans,Erica regerminans,Ericaceae,Erica regerminans,L.,Ericaceae,1,0,1,0,1,0,0,1,0,0,0,Aug,Dec,NA,NA,150,0,0,0,0,1,0,0,0,0,0,0,0,0,0,0,0,1,0,0,0,0,0,NA,0,0,leaf,2,h,i,p,0,0,0,0
Erica retorta,Erica retorta,Ericaceae,Erica retorta,L.f.,Ericaceae,1,0,1,0,1,0,0,1,0,0,0,Jan,Dec,NA,NA,30,0,0,0,1,0,0,0,0,0,0,0,0,0,0,0,0,0,1,0,0,0,0,NA,0,0,leaf,2,m,i,p,0,0,0,0
Erica rhodantha,Erica rhodantha,Ericaceae,Erica rhodella,E.C.Nelson & E.G.H.Oliv.,Ericaceae,1,0,1,0,1,0,0,1,0,0,0,Sep,Oct,NA,NA,30,0,0,0,1,0,0,0,0,0,0,0,0,0,0,0,0,1,1,0,0,0,0,NA,0,0,leaf,2,h,i,p,0,0,0,0
Erica rigidula,Erica rigidula,Ericaceae,Erica rigidula,(N.E.Br.) E.G.H.Oliv.,Ericaceae,1,0,1,0,1,0,0,1,0,0,0,Jul,Jan,NA,NA,50,0,0,0,1,0,0,0,0,0,0,0,0,0,0,0,0,0,1,1,0,0,0,0.1,0,0,leaf,2,h,w,p,0,0,0,0
Erica rosacea,Erica rosacea,Ericaceae,Erica rosacea,(L.Guthrie) E.G.H.Oliv.,Ericaceae,1,0,1,0,1,0,0,1,0,1,0,Mar,Oct,NA,NA,50,0,0,0,1,0,0,0,0,0,0,0,0,0,0,0,0,1,0,0,0,0,0,0.185875,0,0,leaf,2,h,i,p,0,0,0,0
Erica seriphiifolia,Erica seriphiifolia,Ericaceae,Erica seriphiifolia,Salisb.,Ericaceae,1,0,1,0,1,0,0,1,0,0,0,Sep,Jan,NA,NA,30,0,0,0,1,0,0,0,0,0,0,0,0,0,0,0,0,1,0,0,0,0,0,NA,0,0,leaf,2,h,i,p,0,0,0,0
Erica serrata,Erica serrata,Ericaceae,Erica serrata,Thunb.,Ericaceae,1,0,1,0,1,0,0,1,0,0,0,Jan,Dec,NA,NA,100,0,0,0,1,0,0,0,0,0,0,0,0,0,0,0,0,1,1,0,0,0,0,0.324,0,0,leaf,2,h,w,p,0,0,0,0
Erica sessiliflora,Erica sessiliflora,Ericaceae,Erica sessiliflora,L.f.,Ericaceae,1,0,1,0,1,0,0,1,0,0,1,Jan,Dec,NA,NA,200,0,0,0,0,0,1,0,0,0,0,0,0,0,0,0,0,1,0,0,0,0,0,0.698,0,0,leaf,2,h,m,p,0,0,0,0
Erica similis,Erica similis,Ericaceae,Erica similis,(N.E.Br.) E.G.H.Oliv.,Ericaceae,1,0,1,0,1,0,0,1,0,0,0,Feb,Jul,NA,NA,30,0,0,0,1,0,0,0,0,0,0,0,0,0,0,0,0,1,0,0,0,0,0,1.34,0,0,leaf,2,h,i,p,0,0,0,0
Erica simulans,Erica simulans,Ericaceae,Erica simulans,Dulfer,Ericaceae,1,0,1,0,1,0,0,1,0,0,0,Jan,Dec,NA,NA,200,0,0,0,1,0,0,0,0,0,0,0,0,0,0,0,0,1,0,0,0,0,0,NA,0,0,leaf,2,h,w,p,0,0,0,0
Erica sitiens,Erica sitiens,Ericaceae,Erica sitiens,Klotzsch,Ericaceae,1,0,1,0,1,0,0,1,0,0,0,Jan,Dec,NA,NA,60,0,0,0,1,0,0,0,0,0,0,0,0,0,0,0,0,1,0,0,0,0,0,0.63,0,0,leaf,2,h,i,p,0,0,0,0
Erica sparrmannii,Erica sparrmannii,Ericaceae,Erica sparrmannii,L.f.,Ericaceae,1,0,1,0,1,0,0,1,0,0,0,Jan,Dec,NA,NA,100,0,0,0,1,0,0,0,0,0,0,0,0,0,0,0,0,1,1,0,0,0,0,0.523333333,0,0,leaf,2,h,i,p,0,0,0,0
Erica spumosa,Erica spumosa,Ericaceae,Erica spumosa,L.,Ericaceae,1,0,1,0,1,0,0,1,0,0,0,Aug,Dec,NA,NA,45,0,0,0,1,0,0,0,0,0,0,0,0,0,0,0,0,1,0,0,0,0,0,0.38,0,0,leaf,2,m,i,p,0,0,0,0
Erica squarrosa,Erica squarrosa,Ericaceae,Erica squarrosa,Salisb.,Ericaceae,1,0,1,0,1,0,0,1,0,0,0,Nov,Feb,NA,NA,30,0,0,0,1,0,0,0,0,0,0,0,0,0,0,0,0,1,1,0,0,0,0,NA,0,0,leaf,2,h,i,p,0,0,0,0
Erica stenantha,Erica stenantha,Ericaceae,Erica cylindrica,Thunb.,Ericaceae,1,0,1,0,1,0,0,1,0,0,0,Aug,Dec,NA,NA,50,0,0,0,1,0,0,0,0,0,0,0,0,0,0,0,0,1,0,0,0,0,0,NA,0,0,leaf,2,h,i,p,0,0,0,0
Erica strigilifolia,Erica strigilifolia,Ericaceae,Erica strigilifolia,Salisb.,Ericaceae,1,0,1,0,1,0,0,1,0,1,0,Jan,Dec,NA,NA,100,0,0,0,1,0,0,0,0,0,0,0,0,0,0,0,0,1,0,0,0,0,0,0.523888889,0,0,leaf,2,h,i,p,0,0,0,0
Erica subcapitata,Erica subcapitata,Ericaceae,Erica subcapitata,(N.E.Br.) E.G.H.Oliv.,Ericaceae,1,0,1,0,1,0,0,1,0,0,0,Sep,Apr,NA,NA,80,0,0,0,1,0,0,0,0,0,0,0,0,0,0,0,0,1,0,0,0,0,0,0.284,0,0,leaf,2,h,w,p,0,0,0,0
Erica subdivaricata,Erica subdivaricata,Ericaceae,Erica subdivaricata,P.J.Bergius,Ericaceae,1,0,1,0,1,0,0,1,0,0,0,Jan,Jun,Nov,Nov,100,0,0,0,1,0,0,0,0,0,0,0,0,0,0,0,0,1,0,0,0,0,0,0.3132,0,0,leaf,2,m,i,p,0,0,0,0
Erica thamnoides,Erica thamnoides,Ericaceae,Erica thamnoides,E.G.H.Oliv.,Ericaceae,1,0,1,0,1,0,0,1,0,0,0,Jan,Dec,NA,NA,150,0,0,0,0,1,0,0,0,0,0,0,0,0,0,0,0,1,0,0,0,0,0,0.166666667,0,0,leaf,2,h,w,p,0,0,0,0
Erica thomae,Erica tenax,Ericaceae,Erica thomae,L.Bolus,Ericaceae,1,0,1,0,1,0,0,1,0,0,0,Dec,Mar,NA,NA,100,0,0,0,1,0,0,0,0,0,0,0,0,0,0,0,0,1,0,0,0,0,0,1.344,0,0,leaf,2,h,m,p,0,0,0,0
Erica trachysantha,Erica trachysantha,Ericaceae,Erica trachysantha,Bolus,Ericaceae,1,0,1,0,1,0,0,1,0,0,0,Aug,Nov,NA,NA,60,0,0,0,1,0,0,0,0,0,0,0,0,0,0,0,0,0,1,1,0,0,0,NA,0,0,leaf,2,m,i,p,0,0,0,0
Erica tragulifera,Erica tragulifera,Ericaceae,Erica tragulifera,Salisb.,Ericaceae,1,0,1,0,1,0,0,1,0,0,0,Jul,Nov,NA,NA,50,0,0,0,1,0,0,0,0,0,0,0,0,0,0,0,0,1,0,0,0,0,0,NA,0,0,leaf,2,h,i,p,0,0,0,0
Erica transparens,Erica transparens,Ericaceae,Erica transparens,P.J.Bergius,Ericaceae,1,0,1,0,1,0,0,1,0,0,0,Nov,Mar,NA,NA,40,0,0,0,1,0,0,0,0,0,0,0,0,0,0,0,0,1,0,0,0,0,0,NA,0,0,leaf,2,h,i,p,0,0,0,0
Erica triceps,Erica triceps,Ericaceae,Erica triceps,Link,Ericaceae,1,0,1,0,1,0,0,1,0,0,0,Jan,Dec,NA,NA,60,0,0,0,1,0,0,0,0,0,0,0,0,0,0,0,0,1,0,0,0,0,0,0.392,0,0,leaf,2,h,i,p,0,0,0,0
Erica tristis,Erica tristis,Ericaceae,Erica tristis,Bartl.,Ericaceae,1,0,1,0,1,0,0,1,0,0,0,Nov,May,NA,NA,300,0,0,0,0,0,1,1,0,0,0,0,0,0,0,0,0,1,1,0,0,0,0,0.28,0,0,leaf,3,h,w,p,0,0,0,0
Erica uberiflora,Erica uberiflora,Ericaceae,Erica uberiflora,E.G.H.Oliv.,Ericaceae,1,0,1,0,1,0,0,1,0,0,0,Nov,May,NA,NA,100,0,0,0,1,0,0,0,0,0,0,0,0,0,0,0,0,1,0,0,0,0,0,NA,0,0,leaf,2,h,i,p,0,0,0,0
Erica umbelliflora,Erica umbelliflora,Ericaceae,Erica umbelliflora,Klotzsch ex Benth.,Ericaceae,1,0,1,0,1,0,0,1,0,1,0,May,Nov,NA,NA,40,0,0,0,1,0,0,0,0,0,0,0,0,0,0,0,0,1,1,0,0,0,0,0.316666667,0,0,leaf,2,h,i,p,0,0,0,0
Erica unilateralis,Erica unilateralis,Ericaceae,Erica unilateralis,Klotzsch ex Benth.,Ericaceae,1,0,1,0,1,0,0,1,0,1,0,Feb,Aug,NA,NA,60,0,0,0,1,0,0,0,0,0,0,0,0,0,0,0,0,1,0,0,0,0,0,NA,0,0,leaf,2,h,i,p,0,0,0,0
Erica velitaris,Erica velitaris,Ericaceae,Erica velitaris,Salisb.,Ericaceae,1,0,1,0,1,0,0,1,0,0,0,NA,NA,NA,NA,30,0,0,0,1,0,0,0,0,0,0,0,0,0,0,0,0,1,0,0,0,0,0,NA,0,0,leaf,2,h,i,p,0,0,0,0
Erica verecunda,Erica verecunda,Ericaceae,Erica verecunda,Salisb.,Ericaceae,1,0,1,0,1,0,0,1,0,1,0,Jan,Jul,NA,NA,150,0,0,0,0,1,0,0,0,0,0,0,0,0,0,0,0,1,1,0,0,0,0,0.424,0,0,leaf,2,h,i,p,0,0,0,0
Erica versicolor,Erica versicolor,Ericaceae,Erica versicolor,Andrews,Ericaceae,1,0,1,0,1,0,0,1,0,0,0,Jan,Dec,NA,NA,200,0,0,0,0,0,1,0,0,0,0,0,0,0,0,0,0,1,0,0,0,0,0,0.535,0,0,leaf,2,h,m,p,0,0,0,0
Erica vestita,Erica vestita,Ericaceae,Erica vestita,Thunb.,Ericaceae,1,0,1,0,1,0,0,1,0,0,0,Jan,Dec,NA,NA,100,0,0,0,1,0,0,0,0,0,0,0,0,0,0,0,0,1,0,0,0,0,0,1.948,0,0,leaf,2,h,m,p,0,0,0,0
Erica viscaria,Erica patersonia,Ericaceae,Erica viscaria,L.,Ericaceae,1,0,1,0,1,0,0,1,0,0,0,Apr,Nov,NA,NA,100,0,0,0,1,0,0,0,0,0,0,0,0,0,0,0,0,1,0,0,0,0,0,5.462,0,0,leaf,2,h,m,p,0,0,0,0
Erica winteri,Erica winteri,Ericaceae,Erica lambertii,Andrews,Ericaceae,1,0,1,0,1,0,0,1,0,0,0,May,Oct,NA,NA,100,0,0,0,1,0,0,0,0,0,0,0,0,0,0,0,0,1,0,0,0,0,0,NA,0,0,leaf,2,h,i,p,0,0,0,0
Eriocephalus africanus,Eriocephalus africanus,Asteraceae,Eriocephalus africanus,L.,Asteraceae,1,0,1,0,1,0,0,0,0,0,0,Jan,Jun,NA,NA,100,0,0,0,1,0,0,0,0,0,0,0,0,0,0,0,0,1,0,0,0,0,0,0.974117647,0,0,leaf,2,h,i,w,0,0,0,0
Eriocephalus racemosus,Eriocephalus racemosus,Asteraceae,Eriocephalus racemosus,L.,Asteraceae,1,0,1,0,1,0,0,0,0,0,0,Jul,Sep,NA,NA,150,0,0,0,0,1,0,0,0,0,0,0,0,0,0,0,0,1,0,0,0,0,0,0.62,0,0,leaf,2,h,i,w,0,0,0,0
Eriospermum capense,Eriospermum capense,Convallariaceae,Eriospermum capense,(L.) T.M.Salter,Asparagaceae,1,0,1,0,0,1,1,1,0,1,0,Nov,Mar,NA,NA,50,0,1,0,0,0,0,0,0,0,0,0,0,0,0,0,0,0,0,1,0,0,0,NA,0,0,leaf,2,l,i,w,0,0,0,0
Eriospermum lanuginosum,Eriospermum lanuginosum,Convallariaceae,Eriospermum lanuginosum,Jacq.,Asparagaceae,1,0,1,0,0,1,1,1,0,1,0,Feb,Mar,NA,NA,38,0,1,0,0,0,0,0,0,0,0,0,0,0,0,0,0,0,0,1,0,0,0,NA,0,0,leaf,2,l,i,w,0,0,0,0
Euchaetis vallis-simiae,Euchaetis vallis-simiae,Rutaceae,Euchaetis vallis-simiae,I.Williams,Rutaceae,1,0,1,0,1,0,0,0,0,0,0,Aug,Oct,NA,NA,120,0,0,0,1,0,0,0,0,0,0,0,0,0,0,0,0,0,0,1,0,0,0,0.555,0,0,leaf,2,h,i,p,0,0,0,0
Euclea acutifolia,Euclea acutifolia,Ebenaceae,Euclea acutifolia,E.Mey. ex A.DC.,Ebenaceae,1,0,0,1,1,0,0,0,0,1,0,Aug,Sep,NA,NA,100,0,0,0,1,0,0,0,0,0,0,0,0,0,0,0,0,0,0,1,0,0,0,NA,0,0,leaf,3,h,i,m,0,0,0,0
Euclea crispa,Euclea crispa,Ebenaceae,Euclea crispa,(Thunb.) Gürke,Ebenaceae,1,0,0,1,1,0,0,0,0,1,0,Sep,Feb,NA,NA,800,0,0,0,0,0,1,1,0,0,0,0,0,0,0,0,0,0,1,1,0,0,0,NA,0,0,leaf,3,h,i,m,0,0,0,0
Euclea lancea,Euclea lancea,Ebenaceae,Euclea lancea,Thunb.,Ebenaceae,1,0,0,1,1,0,0,0,0,1,0,Sep,Sep,NA,NA,100,0,0,0,1,0,0,0,0,0,0,0,0,0,0,0,0,0,0,1,0,0,0,5.1,0,0,leaf,3,h,i,m,0,0,0,0
Euclea natalensis,Euclea natalensis,Ebenaceae,Euclea natalensis,A.DC.,Ebenaceae,1,0,0,1,1,0,0,0,0,1,0,May,Jan,NA,NA,1200,0,0,0,0,0,1,1,0,0,0,0,0,0,0,0,0,0,0,1,0,0,0,NA,0,0,leaf,3,h,i,m,0,0,0,0
Euclea polyandra,Euclea polyandra,Ebenaceae,Euclea polyandra,(L.f.) E.Mey. ex Hiern,Ebenaceae,1,0,0,1,1,0,0,0,0,1,0,Oct,Nov,NA,NA,250,0,0,0,0,1,1,0,0,0,0,0,0,0,0,0,0,0,0,1,0,0,0,4.145454545,0,0,leaf,3,h,i,m,0,0,0,0
Euclea racemosa,Euclea racemosa,Ebenaceae,Euclea racemosa,L.,Ebenaceae,1,0,0,1,1,0,0,0,0,1,0,Dec,Jun,NA,NA,600,0,0,0,0,0,1,1,0,0,0,0,0,0,0,0,0,0,0,1,0,0,0,4.06,0,0,leaf,3,h,i,m,0,0,0,0
Euclea schimperi,Euclea schimperi,Ebenaceae,Euclea racemosa subsp. schimperi,(A.DC.) F.White,Ebenaceae,1,0,0,1,1,0,0,0,0,1,0,Dec,May,NA,NA,800,0,0,0,0,0,0,1,0,0,0,0,0,0,0,0,0,0,0,1,0,0,0,3.783333333,0,0,leaf,3,h,i,m,0,0,0,0
Euclea tomentosa,Euclea tomentosa,Ebenaceae,Euclea tomentosa,E.Mey. ex A.DC.,Ebenaceae,1,0,0,1,1,0,0,0,0,1,0,Sep,Oct,NA,NA,150,0,0,0,0,0,1,1,0,0,0,0,0,0,0,0,0,0,0,1,0,0,0,5.9,0,0,leaf,3,h,i,m,0,0,0,0
Euclea undulata,Euclea undulata,Ebenaceae,Euclea undulata,Thunb.,Ebenaceae,1,0,0,1,1,0,0,0,0,1,0,Dec,Apr,NA,NA,700,0,0,0,0,0,1,1,0,0,0,0,0,0,0,0,0,0,1,0,0,0,0,2.266666667,0,0,leaf,3,m,i,m,0,0,0,0
Euphorbia erythrina,Euphorbia erythrina,Euphorbiaceae,Euphorbia genistoides,P.J.Bergius,Euphorbiaceae,1,0,1,0,1,0,0,0,0,0,0,Jul,Oct,NA,NA,80,1,0,0,0,0,0,0,0,0,0,0,0,0,0,0,0,0,0,1,0,0,0,0.9,0,0,leaf,2,l,i,i,0,0,0,0
Euphorbia genistoides,Euphorbia genistoides,Euphorbiaceae,Euphorbia genistoides,P.J.Bergius,Euphorbiaceae,1,0,1,0,1,0,0,0,0,0,0,Jul,Oct,NA,NA,80,1,0,0,0,0,0,0,0,0,0,0,0,0,0,0,0,1,0,0,0,0,0,1.5,0,0,leaf,2,l,i,i,0,0,0,0
Euphorbia grandidens,Euphorbia grandidens,Euphorbiaceae,Euphorbia grandidens,Haw.,Euphorbiaceae,1,0,1,0,1,0,0,0,0,0,0,Jun,Aug,NA,NA,1600,0,0,0,0,0,0,1,0,0,0,0,0,1,0,1,0,0,0,1,0,0,0,12.02,1,1,culm_stem,3,l,i,i,0,0,0,0
Euphorbia heptagona,Euphorbia heptagona,Euphorbiaceae,Euphorbia heptagona,L.,Euphorbiaceae,1,0,1,0,1,0,0,0,0,0,0,Jun,Nov,NA,NA,100,0,0,0,0,1,0,0,0,0,0,0,0,1,0,1,0,0,0,1,0,0,0,11.855,1,1,culm_stem,3,l,i,i,0,0,0,0
Euphorbia loricata,Euphorbia loricata,Euphorbiaceae,Euphorbia loricata,Lam.,Euphorbiaceae,1,0,1,0,1,0,0,0,0,0,0,May,Sep,NA,NA,150,0,0,0,0,1,0,0,0,0,0,0,0,1,0,1,0,0,1,0,0,0,0,2.9,0,1,mixed,3,l,i,i,0,0,0,0
Euphorbia mauritanica,Euphorbia mauritanica,Euphorbiaceae,Euphorbia mauritanica,L.,Euphorbiaceae,1,0,1,0,1,0,0,0,0,0,0,May,Oct,NA,NA,200,0,0,0,0,0,1,0,0,0,0,0,0,1,0,1,0,0,1,0,0,0,0,11.34333333,1,1,culm_stem,3,l,i,i,0,0,0,0
Euphorbia polygona,Euphorbia polygona,Euphorbiaceae,Euphorbia polygona,Haw.,Euphorbiaceae,1,0,1,0,1,0,0,0,0,0,0,Feb,Jun,NA,NA,200,0,0,0,0,0,1,0,0,0,0,0,0,1,0,1,0,0,1,0,0,0,0,NA,1,1,culm_stem,3,l,i,i,0,0,0,0
Euphorbia rhombifolia,Euphorbia rhombifolia,Euphorbiaceae,Euphorbia rhombifolia,Boiss.,Euphorbiaceae,1,0,1,0,1,0,0,0,0,0,0,Jun,Nov,NA,NA,50,0,0,0,1,0,0,0,0,0,0,0,0,1,0,1,0,0,1,0,0,0,0,13.83333333,1,1,culm_stem,3,l,i,i,0,0,0,0
Euphorbia silenifolia,Euphorbia silenifolia,Euphorbiaceae,Euphorbia silenifolia,(Haw.) Sweet,Euphorbiaceae,1,0,1,0,1,0,0,0,0,1,0,Jun,Sep,NA,NA,5,1,0,0,0,0,0,0,0,0,0,0,0,1,0,1,1,0,1,0,0,0,0,32.91,0,0,leaf,3,l,i,i,0,0,0,0
Euphorbia tuberosa,Euphorbia tuberosa,Euphorbiaceae,Euphorbia tuberosa,L.,Euphorbiaceae,1,0,0,1,1,0,0,0,0,1,0,Jun,Sep,NA,NA,5,1,0,0,0,0,0,0,0,0,0,0,0,1,0,1,1,0,1,0,0,0,0,3.2,0,0,leaf,3,l,i,i,0,0,0,0
Euryops abrotanifolius,Euryops abrotanifolius,Asteraceae,Euryops abrotanifolius,(L.) DC.,Asteraceae,1,0,1,0,1,0,0,0,0,0,0,Jul,Dec,NA,NA,100,0,0,0,1,0,0,0,0,0,0,0,0,0,0,0,0,1,0,0,0,1,1,3.6625,0,0,leaf,2,m,i,i,0,0,0,0
Euryops erectus,Euryops erectus,Asteraceae,Euryops erectus,(Compton) B.Nord.,Asteraceae,1,0,1,0,1,0,0,0,0,0,0,Aug,Oct,NA,NA,100,0,0,0,1,0,0,0,0,0,0,0,0,0,0,0,0,1,0,0,0,0,0,NA,0,0,leaf,2,h,i,i,0,0,0,0
Euryops euryopoides,Euryops euryopoides,Asteraceae,Euryops euryopoides,(DC.) B.Nord.,Asteraceae,1,0,1,0,1,0,0,0,0,0,0,Mar,Dec,NA,NA,90,0,0,0,1,0,0,0,0,0,0,0,0,0,0,0,0,1,0,0,0,1,0,NA,0,0,leaf,2,h,i,i,0,0,0,0
Euryops munitus,Euryops munitus,Asteraceae,Euryops munitus,(L.f.) B.Nord.,Asteraceae,1,0,1,0,1,0,0,0,0,0,0,Mar,Jun,NA,NA,40,0,0,0,1,0,0,0,0,0,0,0,0,0,0,0,0,1,0,0,0,1,0,0.511666667,0,0,leaf,2,m,i,i,0,0,0,0
Euryops pinnatipartitus,Euryops pinnatipartitus,Asteraceae,Euryops pinnatipartitus,(DC.) B.Nord.,Asteraceae,1,0,1,0,1,0,0,0,0,0,0,Jul,Jan,NA,NA,90,0,0,0,1,0,0,0,0,0,0,0,0,0,0,0,0,1,0,0,0,1,1,1.3,0,0,leaf,2,m,i,i,0,0,0,0
Euryops rehmannii,Euryops rehmannii,Asteraceae,Euryops rehmannii,Compton,Asteraceae,1,0,1,0,1,0,0,0,0,0,0,Jul,Oct,NA,NA,40,0,0,0,1,0,0,0,0,0,0,0,0,0,0,0,0,1,0,0,0,1,0,2.266666667,0,0,leaf,2,h,i,i,0,0,0,0
Euryops spathaceus,Euryops spathaceus,Asteraceae,Euryops spathaceus,DC.,Asteraceae,1,0,1,0,1,0,0,0,0,1,0,Jan,Apr,NA,NA,100,0,0,0,1,0,0,0,0,0,0,0,0,0,0,0,0,1,1,0,0,0,0,2.9,0,0,leaf,2,h,i,i,0,0,0,0
Euryops speciosissimus,Euryops speciosissimus,Asteraceae,Euryops speciosissimus,DC.,Asteraceae,1,0,1,0,1,0,0,0,0,0,0,Aug,Nov,NA,NA,200,0,0,0,0,0,1,0,0,0,0,0,0,0,0,0,0,1,0,0,0,1,1,12.6,0,0,leaf,2,h,i,i,0,0,0,0
Euryops tenuissimus,Euryops tenuissimus,Asteraceae,Euryops tenuissimus,(L.) DC.,Asteraceae,1,0,1,0,1,0,0,0,0,1,0,Aug,Oct,NA,NA,250,0,0,0,0,0,1,0,0,0,0,0,0,0,0,0,0,1,0,0,0,1,0,3.892,0,0,leaf,2,h,i,i,0,0,0,0
Euryops ursinoides,Euryops ursinoides,Asteraceae,Euryops ursinoides,B.Nord.,Asteraceae,1,0,1,0,1,0,0,0,0,0,0,Jul,Dec,NA,NA,200,0,0,0,0,0,1,0,0,0,0,0,0,0,0,0,0,1,0,0,0,1,0,NA,0,0,leaf,2,h,i,i,0,0,0,0
Eustachys paspaloides,Eustachys paspaloides,Poaceae,Eustachys paspaloides,(Vahl) Lanza & Mattei,Poaceae,1,0,1,0,1,0,0,0,0,1,0,Oct,May,NA,NA,100,0,0,1,0,0,0,0,0,0,0,0,0,0,0,0,0,0,1,0,0,0,0,8.2,0,0,leaf,2,m,w,w,0,0,0,0
Evotella carnosa,Corycium carnosum,Orchidaceae,Evotella carnosa,(Lindl.) J.C.Manning & Goldblatt,Orchidaceae,1,0,1,0,0,1,1,1,1,1,0,Oct,Jan,NA,NA,55,0,1,0,0,0,0,0,0,0,0,0,0,0,0,0,0,0,1,0,0,0,0,NA,0,0,leaf,2,l,i,p,0,0,0,0
Exomis microphylla,Exomis microphylla,Amaranthaceae,Exomis microphylla,(Thunb.) Aellen,Chenopodiaceae,1,0,1,0,1,0,0,0,0,0,0,Jan,Apr,NA,NA,100,0,0,0,1,0,0,0,0,0,0,0,0,0,0,0,0,0,0,1,0,0,0,1.6,0,0,leaf,3,m,i,p,0,0,0,0
Falkia repens,Falkia repens,Convolvulaceae,Falkia repens,L.f.,Convolvulaceae,1,0,1,0,1,0,0,0,0,0,0,Oct,Dec,NA,NA,5,1,0,0,0,0,0,0,1,0,0,0,0,0,0,0,0,0,0,1,0,0,0,NA,0,0,leaf,2,l,i,p,0,0,0,0
Felicia cymbalariae,Felicia cymbalariae,Asteraceae,Felicia cymbalariae,(Aiton) Bolus & Wolley-Dod ex Levyns,Asteraceae,1,0,1,0,1,0,0,1,0,0,0,Sep,Feb,NA,NA,30,1,0,0,0,0,0,0,0,0,0,0,0,0,0,0,0,0,0,1,0,0,0,NA,0,0,leaf,2,l,i,w,0,0,0,0
Felicia diffusa,Felicia diffusa,Asteraceae,Felicia diffusa,(DC.) Grau,Asteraceae,1,0,1,0,1,0,0,1,0,0,0,Oct,Oct,NA,NA,15,0,0,0,1,0,0,0,0,0,0,0,0,0,0,0,0,0,0,1,0,0,0,NA,0,0,leaf,2,l,i,w,0,0,0,0
Felicia filifolia,Felicia filifolia,Asteraceae,Felicia filifolia,Burtt Davy,Asteraceae,1,0,1,0,1,0,0,0,0,0,0,Oct,Dec,NA,NA,100,0,0,0,1,0,0,0,0,0,0,0,0,0,0,0,0,1,0,0,0,0,0,1.165,0,0,leaf,3,h,i,w,0,0,0,0
Felicia fruticosa,Felicia fruticosa,Asteraceae,Felicia fruticosa,G.Nicholson,Asteraceae,1,0,1,0,1,0,0,1,0,0,0,Sep,Nov,NA,NA,100,0,0,0,1,0,0,0,0,0,0,0,0,0,0,0,0,0,1,0,0,0,0,NA,0,0,leaf,3,h,i,w,0,0,0,0
Felicia joubertinae,Felicia joubertinae,Asteraceae,Felicia joubertinae,Grau,Asteraceae,1,0,1,0,1,0,0,1,0,0,0,Oct,Jan,NA,NA,40,0,0,0,1,0,0,0,0,0,0,0,0,0,0,0,0,0,1,0,0,0,0,NA,0,0,leaf,2,l,i,w,0,0,0,0
Felicia microcephala,Felicia microcephala,Asteraceae,Felicia microcephala,Grau,Asteraceae,1,0,1,0,1,0,0,1,0,0,0,Sep,Jan,NA,NA,120,0,0,0,1,0,0,0,0,0,0,0,0,0,0,0,0,0,0,1,0,0,0,NA,0,0,leaf,2,l,i,w,0,0,0,0
Felicia muricata,Felicia muricata,Asteraceae,Felicia muricata,Nees,Asteraceae,1,0,1,0,1,0,0,0,0,0,0,Nov,Apr,NA,NA,70,0,0,0,1,0,0,0,0,0,0,0,0,0,0,0,0,1,0,0,0,0,0,0.658,0,0,leaf,2,m,i,w,0,0,0,0
Festuca scabra,Festuca scabra,Poaceae,Festuca scabra,Vahl,Poaceae,1,0,1,0,1,0,0,1,0,1,0,Sep,Dec,NA,NA,90,0,0,1,0,0,0,0,0,0,0,0,0,0,0,0,0,1,0,0,0,0,0,13.44,0,0,leaf,2,h,w,w,0,0,0,0
Ficinia acuminata,Ficinia acuminata,Cyperaceae,Ficinia acuminata,(Nees) Nees,Cyperaceae,1,0,1,0,1,0,0,0,0,1,0,Aug,Dec,NA,NA,70,0,0,1,0,0,0,0,0,0,0,0,0,0,0,0,0,1,0,0,0,0,0,43.51,1,1,culm_stem,2,m,w,i,0,0,0,0
Ficinia anceps,Ficinia anceps,Cyperaceae,Ficinia anceps,Nees,Cyperaceae,1,0,1,0,1,0,0,0,0,1,0,Apr,Nov,NA,NA,25,0,0,1,0,0,0,0,0,0,0,0,0,0,0,0,0,1,0,0,0,0,0,5.833333333,0,1,mixed,1,m,w,i,0,0,0,0
Ficinia brevifolia,Ficinia brevifolia,Cyperaceae,Ficinia brevifolia,Nees ex Kunth,Cyperaceae,1,0,1,0,1,0,0,0,0,1,0,Aug,Dec,NA,NA,60,0,0,1,0,0,0,0,0,0,0,0,0,0,0,0,0,1,0,0,0,0,0,61.65454545,0,1,mixed,1,m,w,i,0,0,0,0
Ficinia bulbosa,Ficinia bulbosa,Cyperaceae,Ficinia bulbosa,(L.) Nees,Cyperaceae,1,0,1,0,1,0,0,0,0,1,0,Feb,Sep,NA,NA,30,0,0,1,0,0,0,0,0,0,0,0,0,0,0,0,0,1,0,0,0,0,0,6.558823529,0,1,mixed,1,l,w,i,0,0,0,0
Ficinia capillifolia,Ficinia capillifolia,Cyperaceae,Ficinia capillifolia,(Schrad.) C.B.Clarke,Cyperaceae,1,0,1,0,1,0,0,0,0,1,0,Sep,Nov,NA,NA,30,0,0,1,0,0,0,0,0,0,0,0,0,0,0,0,0,1,0,0,0,0,0,NA,0,1,mixed,1,m,w,i,0,0,0,0
Ficinia capitella,Ficinia capitella,Cyperaceae,Ficinia capitella,(Thunb.) Nees,Cyperaceae,1,0,1,0,1,0,0,0,0,1,0,Jul,Nov,NA,NA,25,0,0,1,0,0,0,0,0,0,0,0,0,0,0,0,0,1,0,0,0,0,0,15.63333333,0,1,mixed,1,l,w,i,0,0,0,0
Ficinia cedarbergensis,Ficinia cedarbergensis,Cyperaceae,Ficinia cedarbergensis,T.H.Arnold & Gordon-Gray,Cyperaceae,1,0,1,0,1,0,0,0,0,1,0,Sep,Apr,NA,NA,60,0,0,1,0,0,0,0,0,0,0,0,0,0,0,0,0,1,0,0,0,0,0,30.74,0,1,mixed,2,m,w,i,0,0,0,0
Ficinia deusta,Ficinia deusta,Cyperaceae,Ficinia deusta,(P.J.Bergius) Levyns,Cyperaceae,1,0,1,0,1,0,0,0,0,1,0,Mar,Aug,NA,NA,40,0,0,1,0,0,0,0,0,0,0,0,0,0,0,0,0,1,0,0,0,0,0,21.26296296,0,1,mixed,2,m,w,i,0,0,0,0
Ficinia dunensis,Ficinia dunensis,Cyperaceae,Ficinia dunensis,Levyns,Cyperaceae,1,0,1,0,1,0,0,0,0,1,0,Aug,Oct,NA,NA,20,0,0,1,0,0,0,0,0,0,0,0,0,0,0,0,0,1,0,0,0,0,0,28.0375,0,1,mixed,2,m,w,i,0,0,0,0
Ficinia fascicularis,Ficinia fascicularis,Cyperaceae,Ficinia fascicularis,Nees,Cyperaceae,1,0,1,0,1,0,0,0,0,1,0,Oct,Nov,NA,NA,60,0,0,1,0,0,0,0,0,0,0,0,0,0,0,0,0,1,0,0,0,0,0,NA,0,1,mixed,2,h,w,i,0,0,0,0
Ficinia indica,Ficinia indica,Cyperaceae,Ficinia indica,(Lam.) H.Pfeiff.,Cyperaceae,1,0,1,0,1,0,0,0,0,1,0,Jul,Nov,NA,NA,40,0,0,1,0,0,0,0,0,0,0,0,0,0,0,0,0,1,0,0,0,0,0,17.24166667,0,1,mixed,2,m,w,i,0,0,0,0
Ficinia laciniata,Ficinia laciniata,Cyperaceae,Ficinia laciniata,(Thunb.) Nees,Cyperaceae,1,0,1,0,1,0,0,0,0,1,0,Jul,Oct,NA,NA,20,0,0,1,0,0,0,0,0,0,0,0,0,0,0,0,0,1,0,0,0,0,0,NA,0,1,mixed,2,m,w,i,0,0,0,0
Ficinia lateralis,Ficinia lateralis,Cyperaceae,Ficinia lateralis,(Vahl) Kunth,Cyperaceae,1,0,1,0,1,0,0,0,0,1,0,Mar,Aug,NA,NA,25,0,0,1,0,0,0,0,0,0,0,0,0,0,0,0,0,1,0,0,0,0,0,NA,0,1,mixed,2,m,w,i,0,0,0,0
Ficinia levynsiae,Ficinia levynsiae,Cyperaceae,Ficinia levynsiae,T.H.Arnold & Gordon-Gray,Cyperaceae,1,0,1,0,1,0,0,0,0,1,0,Oct,Jan,NA,NA,15,0,0,1,0,0,0,0,0,0,0,0,0,0,0,0,0,1,0,0,0,0,0,NA,0,1,mixed,2,m,w,i,0,0,0,0
Ficinia monticola,Ficinia monticola,Cyperaceae,Ficinia monticola,Kunth,Cyperaceae,1,0,1,0,1,0,0,0,0,1,0,Jun,Nov,NA,NA,40,0,0,1,0,0,0,0,0,0,0,0,0,0,0,0,0,1,0,0,0,0,0,13.67142857,0,1,mixed,1,m,w,i,0,0,0,0
Ficinia nigrescens,Ficinia nigrescens,Cyperaceae,Ficinia nigrescens,(Schrad.) J.Raynal,Cyperaceae,1,0,1,0,1,0,0,0,0,1,0,May,Oct,NA,NA,40,0,0,1,0,0,0,0,0,0,0,0,0,0,0,0,0,1,0,0,0,0,0,19.48611111,0,1,mixed,1,m,w,i,0,0,0,0
Ficinia nodosa,Scirpoides nodosus,Cyperaceae,Ficinia nodosa,"(Rottb.) Goetgh., Muasya & D.A.Simpson",Cyperaceae,1,0,1,0,1,0,0,0,0,1,0,Dec,Mar,NA,NA,100,0,0,1,0,0,0,0,0,0,0,0,0,0,0,0,0,1,0,0,0,0,0,21.96,0,1,mixed,1,m,w,i,0,0,0,0
Ficinia oligantha,Ficinia oligantha,Cyperaceae,Ficinia oligantha,(Steud.) J.Raynal,Cyperaceae,1,0,1,0,1,0,0,0,0,1,0,Sep,Jan,NA,NA,25,0,0,1,0,0,0,0,0,0,0,0,0,0,0,0,0,1,0,0,0,0,0,10.23458333,0,1,leaf,1,l,w,i,0,0,0,0
Ficinia paradoxa,Ficinia paradoxa,Cyperaceae,Ficinia paradoxa,(Schrad.) Nees,Cyperaceae,1,0,1,0,1,0,0,0,0,1,0,May,Nov,NA,NA,35,0,0,1,0,0,0,0,0,0,0,0,0,0,0,0,0,1,0,0,0,0,0,NA,0,1,leaf,1,m,w,i,0,0,0,0
Ficinia pinguior,Ficinia pinguior,Cyperaceae,Ficinia pinguior,C.B.Clarke,Cyperaceae,1,0,1,0,1,0,0,0,0,1,0,Mar,Jun,NA,NA,60,0,0,1,0,0,0,0,0,0,0,0,0,0,0,0,0,1,0,0,0,0,0,33.6,0,1,mixed,2,m,w,i,0,0,0,0
Ficinia ramosissima,Ficinia ramosissima,Cyperaceae,Ficinia ramosissima,Kunth,Cyperaceae,1,0,1,0,1,0,0,0,0,1,0,Jul,Sep,NA,NA,20,0,0,1,0,0,0,0,0,0,0,0,0,0,0,0,0,1,0,0,0,0,0,0.95325,0,1,leaf,2,m,w,i,0,0,0,0
Ficinia rigida,Ficinia rigida,Cyperaceae,Ficinia rigida,Levyns,Cyperaceae,1,0,1,0,1,0,0,0,0,1,0,Jan,Mar,NA,NA,35,0,0,1,0,0,0,0,0,0,0,0,0,0,0,0,0,1,0,0,0,0,0,9.233333333,0,1,mixed,1,m,w,i,0,0,0,0
Ficinia secunda,Ficinia secunda,Cyperaceae,Ficinia secunda,(Vahl) Kunth,Cyperaceae,1,0,1,0,1,0,0,0,0,1,0,Mar,Oct,NA,NA,60,0,0,1,0,0,0,0,0,0,0,0,0,0,0,0,0,1,0,0,0,0,0,21.3,0,1,mixed,2,h,w,i,0,0,0,0
Ficinia stolonifera,Ficinia stolonifera,Cyperaceae,Ficinia stolonifera,Boeckeler,Cyperaceae,1,0,1,0,1,0,0,0,0,1,0,Sep,Dec,NA,NA,15,0,0,1,0,0,0,0,0,0,0,0,0,0,0,0,0,1,0,0,0,0,0,4.6625,0,1,mixed,2,m,w,i,0,0,0,0
Ficinia trichodes,Ficinia trichodes,Cyperaceae,Ficinia trichodes,(Schrad.) B.D.Jacks.,Cyperaceae,1,0,1,0,1,0,0,0,0,1,0,Jun,Sep,NA,NA,45,0,0,1,0,0,0,0,0,0,0,0,0,0,0,0,0,1,0,0,0,0,0,2.739,0,1,leaf,2,m,w,i,0,0,0,0
Ficinia zeyheri,Ficinia zeyheri,Cyperaceae,Ficinia zeyheri,Boeckeler,Cyperaceae,1,0,1,0,1,0,0,0,1,1,0,Aug,Oct,NA,NA,30,0,0,1,0,0,0,0,0,0,0,0,0,0,0,0,0,1,0,0,0,0,0,17.376,0,1,leaf,1,l,w,i,0,0,0,0
Frankenia repens,Frankenia repens,Frankeniaceae,Frankenia repens,(P.J.Bergius) Fourc.,Frankeniaceae,1,0,1,0,1,0,0,0,0,0,0,Sep,Jan,NA,NA,5,1,0,0,0,0,0,0,0,0,0,0,0,0,0,0,0,1,0,0,0,0,0,NA,0,0,leaf,2,l,i,u,0,0,0,0
Freesia corymbosa,Freesia corymbosa,Iridaceae,Freesia corymbosa,(Burm.f.) N.E.Br.,Iridaceae,1,0,1,0,0,1,1,1,0,1,0,Aug,Nov,NA,NA,50,0,1,0,0,0,0,0,0,0,0,0,0,0,0,0,0,0,1,0,0,0,0,NA,0,0,leaf,2,l,i,w,0,0,0,0
Freylinia lanceolata,Freylinia lanceolata,Scrophulariaceae,Freylinia lanceolata,(L.f.) G.Don,Scrophulariaceae,1,0,1,0,1,0,0,0,0,1,0,Feb,Jul,NA,NA,500,0,0,0,0,0,0,1,0,0,0,0,0,0,0,0,0,0,1,0,0,0,0,5.64,0,0,leaf,2,h,i,p,0,0,0,0
Freylinia undulata,Freylinia undulata,Scrophulariaceae,Freylinia undulata,(L.f.) Benth.,Scrophulariaceae,1,0,1,0,1,0,0,0,0,0,0,Jun,Dec,NA,NA,200,0,0,0,0,0,1,0,0,0,0,0,0,0,0,0,0,0,0,1,0,0,0,1.27,0,0,leaf,2,h,i,p,0,0,0,0
Fuirena hirsuta,Fuirena hirsuta,Cyperaceae,Fuirena hirsuta,(P.J.Bergius) P.L.Forbes,Cyperaceae,1,0,1,0,1,0,0,0,0,1,0,Oct,Feb,NA,NA,50,0,0,1,0,0,0,0,0,0,0,0,0,0,0,0,0,1,0,0,0,0,0,NA,0,1,mixed,2,h,w,p,0,0,0,0
Galenia papulosa,Galenia papulosa,Aizoaceae,Aizoon papulosum,Eckl. & Zeyh.,Aizoaceae,1,0,1,0,1,0,0,1,0,0,0,Aug,Oct,NA,NA,80,0,0,0,1,0,0,0,0,0,0,0,0,1,1,0,0,0,0,1,0,0,0,1.633333333,0,0,leaf,2,l,i,p,0,0,0,0
Galenia pubescens,Galenia pubescens,Aizoaceae,Aizoon pubescens,Eckl. & Zeyh.,Aizoaceae,1,0,1,0,1,0,0,1,0,0,0,Oct,Dec,NA,NA,80,0,0,0,1,0,0,0,0,0,0,0,0,0,0,0,0,1,0,0,0,0,0,NA,0,0,leaf,2,l,i,p,0,0,0,0
Galium capense,Galium capense,Rubiaceae,Galium capense,Thunb.,Rubiaceae,1,0,0,1,1,0,0,0,0,0,0,Sep,Dec,NA,NA,90,1,0,0,0,0,0,0,1,0,0,0,0,0,0,0,0,1,0,0,0,0,0,NA,0,0,leaf,2,l,w,p,0,0,0,0
Galium tomentosum,Galium tomentosum,Rubiaceae,Galium tomentosum,Thunb.,Rubiaceae,1,0,0,1,1,0,0,0,0,0,0,Sep,Nov,NA,NA,300,1,0,0,0,0,0,0,1,0,0,0,0,0,0,0,0,0,0,1,0,0,0,NA,0,0,leaf,2,l,w,p,0,0,0,0
Galium undulatum,Galium undulatum,Rubiaceae,Galium undulatum,Puff,Rubiaceae,1,0,0,1,1,0,0,0,0,0,0,Sep,Dec,NA,NA,150,1,0,0,0,0,0,0,1,0,0,0,0,0,0,0,0,0,0,1,0,0,0,NA,0,0,leaf,2,l,w,p,0,0,0,0
Gazania ciliaris,Gazania ciliaris,Asteraceae,Gazania ciliaris,DC.,Asteraceae,1,0,1,0,1,0,0,1,0,1,0,Jul,Sep,NA,NA,15,1,0,0,0,0,0,0,0,0,0,0,0,0,0,0,0,0,1,0,0,0,1,NA,0,0,leaf,2,l,i,w,0,0,0,0
Gazania krebsiana,Gazania krebsiana,Asteraceae,Gazania krebsiana,Less.,Asteraceae,1,0,1,0,1,0,0,1,0,1,0,Sep,Jan,NA,NA,20,1,0,0,0,0,0,0,0,0,0,0,0,0,0,0,0,0,1,0,0,0,1,11.61666667,0,0,leaf,2,l,i,w,0,0,0,0
Gazania pectinata,Gazania pectinata,Asteraceae,Gazania pectinata,Spreng.,Asteraceae,0,1,1,0,1,0,1,1,0,1,0,Aug,Nov,NA,NA,20,1,0,0,0,0,0,0,0,0,0,0,0,0,0,0,0,0,1,0,0,1,1,NA,0,0,leaf,2,l,i,w,0,0,0,0
Gazania serrata,Gazania serrata,Asteraceae,Gazania serrata,DC.,Asteraceae,1,0,1,0,1,0,0,1,0,1,0,Aug,Oct,NA,NA,25,1,0,0,0,0,0,0,0,0,0,0,0,0,0,0,0,1,0,0,0,1,1,NA,0,0,leaf,2,l,i,w,0,0,0,0
Geissorhiza confusa,Geissorhiza confusa,Iridaceae,Geissorhiza confusa,Goldblatt,Iridaceae,1,0,1,0,1,0,1,1,1,1,0,Oct,Nov,NA,NA,30,0,1,0,0,0,0,0,0,0,0,0,0,0,0,0,0,1,1,0,0,0,0,NA,0,0,leaf,2,l,i,p,0,0,0,0
Geissorhiza juncea,Geissorhiza juncea,Iridaceae,Geissorhiza juncea,(Link) A.Dietr.,Iridaceae,1,0,1,0,1,0,1,1,0,1,0,Aug,Nov,NA,NA,40,0,1,0,0,0,0,0,0,0,0,0,0,0,0,0,0,1,0,0,0,0,0,NA,0,0,leaf,2,l,i,p,0,0,0,0
Geissorhiza tenella,Geissorhiza tenella,Iridaceae,Geissorhiza tenella,Goldblatt,Iridaceae,1,0,1,0,1,0,1,1,0,1,0,Oct,Dec,NA,NA,30,0,1,0,0,0,0,0,0,0,0,0,0,0,0,0,0,1,0,0,0,0,0,NA,0,0,leaf,2,l,i,p,0,0,0,0
Geochloa decora,Merxmuellera decora,Poaceae,Geochloa decora,(Nees) N.P.Barker & H.P.Linder,Poaceae,1,0,1,0,1,0,0,1,0,1,0,Sep,Nov,NA,NA,60,0,0,1,0,0,0,0,0,0,0,0,0,0,0,0,0,1,0,0,0,0,0,16.24,0,0,leaf,2,l,w,w,0,0,0,0
Geochloa rufa,Merxmuellera rufa,Poaceae,Geochloa rufa,(Nees) N.P.Barker & H.P.Linder,Poaceae,1,0,1,0,1,0,0,0,0,1,0,Sep,Nov,NA,NA,45,0,0,1,0,0,0,0,0,0,0,0,0,0,0,0,0,1,0,0,0,0,0,17.46833333,0,0,leaf,2,l,w,w,0,0,0,0
Geranium incanum,Geranium incanum,Geraniaceae,Geranium incanum,Burm.f.,Geraniaceae,1,0,1,0,1,0,0,0,0,1,0,Aug,Oct,NA,NA,10,1,0,0,0,0,0,0,0,0,0,0,0,0,0,0,0,1,0,0,1,1,1,3.4,0,0,leaf,2,l,i,w,0,0,0,0
Gerbera crocea,Gerbera crocea,Asteraceae,Gerbera crocea,Kuntze,Asteraceae,1,0,1,0,1,0,0,0,1,1,0,Sep,May,NA,NA,40,1,0,0,0,0,0,0,0,0,0,0,0,0,0,0,0,0,1,1,0,0,0,7.64,0,0,leaf,2,l,i,w,0,0,0,0
Gerbera piloselloides,Gerbera piloselloides,Asteraceae,Gerbera piloselloides,(L.) Cass.,Asteraceae,1,0,1,0,1,0,0,0,0,1,0,Jul,Feb,NA,NA,30,1,0,0,0,0,0,0,0,0,0,0,0,0,0,0,0,0,0,1,0,0,0,NA,0,0,leaf,2,l,i,w,0,0,0,0
Gerbera serrata,Gerbera serrata,Asteraceae,Gerbera serrata,Druce,Asteraceae,1,0,1,0,1,0,0,0,1,1,0,Aug,Nov,NA,NA,30,1,0,0,0,0,0,0,0,0,0,0,0,0,0,0,0,0,1,1,0,0,0,4.04,0,0,leaf,2,l,i,w,0,0,0,0
Gerbera tomentosa,Gerbera tomentosa,Asteraceae,Gerbera tomentosa,DC.,Asteraceae,1,0,1,0,1,0,0,0,1,1,0,Oct,Nov,NA,NA,30,1,0,0,0,0,0,0,0,0,0,0,0,0,0,0,0,0,0,1,0,0,0,NA,0,0,leaf,2,l,i,w,0,0,0,0
Gladiolus grandiflorus,Gladiolus floribundus,Iridaceae,Gladiolus grandiflorus,Andrews,Iridaceae,1,0,1,0,1,0,1,1,0,1,0,Sep,Nov,NA,NA,45,0,1,0,0,0,0,0,0,0,0,0,0,0,0,0,0,0,1,0,0,0,0,NA,0,0,leaf,2,l,i,w,0,0,0,0
Gladiolus rogersii,Gladiolus rogersii,Iridaceae,Gladiolus rogersii,Baker,Iridaceae,1,0,1,0,1,0,1,1,0,1,0,Sep,Oct,NA,NA,60,0,1,0,0,0,0,0,0,0,0,0,0,0,0,0,0,1,0,0,0,0,0,NA,0,0,leaf,2,l,i,w,0,0,0,0
Gladiolus stellatus,Gladiolus stellatus,Iridaceae,Gladiolus stellatus,G.J.Lewis,Iridaceae,1,0,1,0,1,0,1,1,0,1,0,Sep,Nov,NA,NA,50,0,1,0,0,0,0,0,0,0,0,0,0,0,0,0,0,1,0,0,0,0,0,NA,0,0,leaf,2,l,i,w,0,0,0,0
Gleichenia polypodioides,Gleichenia polypodioides,Gleicheniaceae,Gleichenia polypodioides,(L.) Sm.,Gleicheniaceae,1,0,1,0,1,0,0,0,0,1,0,NA,NA,NA,NA,120,0,0,0,0,0,0,0,1,0,0,0,1,0,0,0,0,0,1,1,1,1,1,12.3,0,0,leaf,2,h,w,w,1,0,0,0
Glia prolifera,Glia prolifera,Apiaceae,Glia prolifera,(Burm.f.) B.L.Burtt,Apiaceae,1,0,1,0,1,0,1,1,0,1,0,Dec,Mar,NA,NA,200,0,0,0,0,0,1,0,0,0,0,0,0,0,0,0,0,1,0,0,0,1,0,NA,0,0,leaf,3,h,i,w,0,0,0,0
Gnidia anomala,Gnidia anomala,Thymelaeaceae,Gnidia anomala,Meisn.,Thymelaeaceae,1,0,1,0,1,0,0,1,0,0,0,Sep,Dec,NA,NA,200,0,0,0,0,0,1,0,0,0,0,0,0,0,0,0,0,0,0,1,0,0,0,NA,0,0,leaf,2,h,i,p,0,0,0,0
Gnidia francisci,Gnidia francisci,Thymelaeaceae,Gnidia francisci,Bolus,Thymelaeaceae,1,0,1,0,1,0,0,1,0,0,0,Nov,Apr,NA,NA,60,0,0,0,1,0,0,0,0,0,0,0,0,0,0,0,0,0,1,0,0,0,0,NA,0,0,leaf,2,m,i,p,0,0,0,0
Gnidia galpinii,Gnidia galpinii,Thymelaeaceae,Gnidia galpini,C.H.Wright,Thymelaeaceae,1,0,1,0,1,0,0,1,0,0,0,Sep,May,NA,NA,60,0,0,0,1,0,0,0,0,0,0,0,0,0,0,0,0,0,1,0,0,0,0,1.26,0,0,leaf,2,m,i,p,0,0,0,0
Gnidia geminiflora,Gnidia geminiflora,Thymelaeaceae,Gnidia geminiflora,E.Mey. ex Meisn.,Thymelaeaceae,1,0,1,0,1,0,0,1,0,1,0,Jun,Dec,NA,NA,60,0,0,0,1,0,0,0,0,0,0,0,0,0,0,0,0,0,1,0,0,0,0,1.038,0,0,leaf,2,m,i,p,0,0,0,0
Gnidia imbricata,Gnidia imbricata,Thymelaeaceae,Gnidia imbricata,L.f.,Thymelaeaceae,1,0,1,0,1,0,0,1,0,0,0,Jun,Jan,NA,NA,30,0,0,0,1,0,0,0,0,0,0,0,0,0,0,0,0,0,0,1,0,0,0,0.74,0,0,leaf,2,l,i,p,0,0,0,0
Gnidia juniperifolia,Gnidia juniperifolia,Thymelaeaceae,Gnidia juniperifolia,Lam.,Thymelaeaceae,1,0,1,0,1,0,0,1,0,1,0,Jan,Dec,NA,NA,50,0,0,0,1,0,0,0,0,0,0,0,0,0,0,0,0,1,0,0,0,0,0,1.046923077,0,0,leaf,2,m,i,p,0,0,0,0
Gnidia oppositifolia,Gnidia oppositifolia,Thymelaeaceae,Gnidia oppositifolia,L.,Thymelaeaceae,1,0,1,0,1,0,0,1,0,0,0,Jan,Dec,NA,NA,300,0,0,0,0,0,1,0,0,0,0,0,0,0,0,0,0,0,1,1,0,0,0,1.089333333,0,0,leaf,2,h,i,p,0,0,0,0
Gnidia pinifolia,Gnidia pinifolia,Thymelaeaceae,Gnidia pinifolia,L.,Thymelaeaceae,1,0,1,0,1,0,0,1,0,1,0,Jan,Dec,NA,NA,100,0,0,0,1,0,0,0,0,0,0,0,0,0,0,0,0,0,1,0,0,0,0,1.227272727,0,0,leaf,2,h,i,p,0,0,0,0
Gnidia simplex,Gnidia simplex,Thymelaeaceae,Gnidia simplex,L.,Thymelaeaceae,1,0,1,0,1,0,0,1,0,0,0,Nov,Apr,NA,NA,30,0,0,0,1,0,0,0,0,0,0,0,0,0,0,0,0,0,1,0,0,0,0,1,0,0,leaf,2,l,i,p,0,0,0,0
Gomphocarpus cancellatus,Gomphocarpus cancellatus,Apocynaceae,Gomphocarpus cancellatus,(Burm.f.) Bruyns,Apocynaceae,1,0,1,0,1,0,0,0,0,1,0,Mar,Dec,NA,NA,150,0,0,0,0,1,0,0,0,0,0,0,0,0,0,0,0,0,1,1,0,0,0,NA,0,0,leaf,3,l,i,w,0,0,0,0
Gosela eckloniana,Gosela eckloniana,Scrophulariaceae,Gosela eckloniana,Choisy,Scrophulariaceae,1,0,1,0,1,0,0,1,0,0,0,Sep,Dec,NA,NA,80,0,0,0,1,0,0,0,0,0,0,0,0,0,0,0,0,1,0,0,0,0,0,NA,0,0,leaf,2,m,i,p,0,0,0,0
Grewia occidentalis,Grewia occidentalis,Malvaceae,Grewia occidentalis,L.,Malvaceae,1,0,1,0,1,0,0,0,0,1,0,Oct,Nov,NA,NA,300,0,0,0,0,0,1,1,0,0,0,0,0,0,0,0,0,0,1,0,0,0,0,2.366666667,0,0,leaf,3,h,i,m,0,0,0,0
Grewia robusta,Grewia robusta,Malvaceae,Grewia robusta,Burch.,Malvaceae,1,0,1,0,1,0,0,0,0,1,0,Sep,Dec,NA,NA,300,0,0,0,0,0,1,0,0,0,0,0,0,0,0,0,0,0,0,1,0,0,0,1.45,0,0,leaf,3,h,i,m,0,0,0,0
Grubbia rosmarinifolia,Grubbia rosmarinifolia,Grubbiaceae,Grubbia rosmarinifolia,P.J.Bergius,Grubbiaceae,1,0,1,0,1,0,0,0,0,0,0,Aug,Nov,NA,NA,150,0,0,0,0,1,0,0,0,0,0,0,0,0,0,0,0,0,1,0,0,0,0,0.785,0,0,leaf,2,h,w,p,0,0,0,0
Grubbia tomentosa,Grubbia tomentosa,Grubbiaceae,Grubbia tomentosa,(Thunb.) Harms,Grubbiaceae,1,0,1,0,1,0,0,0,0,1,0,Dec,Jan,NA,NA,150,0,0,0,0,1,0,0,0,0,0,0,0,0,0,0,0,0,0,1,0,0,0,12.48,0,0,mixed,3,h,w,p,0,0,0,0
Gymnodiscus capillaris,Gymnodiscus capillaris,Asteraceae,Gymnodiscus capillaris,Less.,Asteraceae,0,1,1,0,0,1,1,1,0,0,0,Jul,Oct,NA,NA,20,1,0,0,0,0,0,0,0,0,0,0,0,1,1,0,0,0,1,0,0,1,0,0.88,0,0,leaf,0,l,i,w,0,0,0,0
Gymnosporia buxifolia,Gymnosporia buxifolia,Celastraceae,Gymnosporia buxifolia,(L.) Szyszył.,Celastraceae,1,0,1,0,1,0,0,0,0,1,0,Jul,Apr,NA,NA,700,0,0,0,0,0,1,1,0,0,0,0,0,0,0,0,0,0,0,1,0,0,0,6.366666667,0,0,leaf,3,m,i,m,0,0,0,0
Haemanthus coccineus,Haemanthus coccineus,Amaryllidaceae,Haemanthus coccineus,L.,Amaryllidaceae,1,0,1,0,0,1,1,1,0,1,0,Feb,Apr,NA,NA,20,0,1,0,0,0,0,0,0,0,0,0,0,0,0,0,0,0,0,1,0,0,0,NA,0,0,leaf,3,l,i,m,0,0,0,0
Hakea sericea,Hakea sericea,Proteaceae,Hakea sericea,Schrad. & J.C.Wendl.,Proteaceae,1,0,1,0,1,0,0,0,0,0,0,Jun,Oct,NA,NA,500,0,0,0,0,0,0,1,0,0,0,0,0,0,0,0,0,1,0,0,0,0,0,NA,0,0,leaf,2,h,w,w,0,0,0,0
Halleria elliptica,Halleria elliptica,Scrophulariaceae,Halleria elliptica,L.,Stilbaceae,1,0,1,0,1,0,0,0,0,1,0,Sep,Apr,NA,NA,120,0,0,0,0,1,0,0,0,0,0,0,0,0,0,0,0,0,0,1,0,0,0,NA,0,0,leaf,3,h,m,m,0,0,0,0
Halleria lucida,Halleria lucida,Scrophulariaceae,Halleria lucida,L.,Stilbaceae,1,0,1,0,1,0,0,0,0,1,0,Jul,Feb,NA,NA,500,0,0,0,0,0,0,1,0,0,0,0,0,0,0,0,0,0,0,1,0,0,0,7.26,0,0,leaf,3,h,m,m,0,0,0,0
Haplocarpha lanata,Haplocarpha lanata,Asteraceae,Haplocarpha lanata,Less.,Asteraceae,1,0,1,0,1,0,0,1,1,1,0,Mar,Jun,NA,NA,15,1,0,0,0,0,0,0,0,0,0,0,0,0,0,0,0,0,1,1,0,0,0,NA,0,0,leaf,2,l,i,w,0,0,0,0
Haplocarpha lyrata,Haplocarpha lyrata,Asteraceae,Haplocarpha lyrata,Harv.,Asteraceae,1,0,1,0,1,0,0,1,0,1,0,Nov,Jan,NA,NA,20,1,0,0,0,0,0,0,0,0,0,0,0,0,0,0,0,0,1,1,0,0,1,NA,0,0,leaf,2,l,i,w,0,0,0,0
Haplocarpha parvifolia,Haplocarpha parvifolia,Asteraceae,Haplocarpha parvifolia,Beauverd,Asteraceae,1,0,1,0,1,0,0,1,0,1,0,Sep,Oct,NA,NA,15,1,0,0,0,0,0,0,0,0,0,0,0,0,0,0,0,0,0,1,0,0,0,4.28,0,0,leaf,2,l,i,w,0,0,0,0
Harveya pauciflora,Harveya tubulosa,Orobanchaceae,Harveya pauciflora,(Benth.) Hiern,Orobanchaceae,1,0,1,0,0,1,1,1,0,1,0,Nov,Mar,NA,NA,60,1,0,0,0,0,0,0,0,0,0,1,0,0,0,0,0,0,0,0,0,0,0,NA,1,0,none,2,l,m,p,0,0,0,0
Harveya purpurea,Harveya purpurea,Orobanchaceae,Harveya purpurea,Harv. ex Hook.,Orobanchaceae,1,0,1,0,0,1,1,1,0,1,0,Sep,Dec,NA,NA,15,1,0,0,0,0,0,0,0,0,0,1,0,0,0,0,0,0,0,0,0,0,0,NA,1,0,none,2,l,m,p,0,0,0,0
Harveya stenosiphon,Harveya stenosiphon,Orobanchaceae,Harveya stenosiphon,Hiern,Orobanchaceae,1,0,1,0,0,1,1,1,0,1,0,Nov,Feb,NA,NA,60,1,0,0,0,0,0,0,0,0,0,1,0,0,0,0,0,0,0,0,0,0,0,NA,1,0,none,2,l,m,p,0,0,0,0
Haworthia arachnoidea,Haworthia arachnoidea,Asphodelaceae,Haworthia arachnoidea,(L.) Duval,Asphodelaceae,1,0,1,0,1,0,0,0,0,1,0,Nov,Dec,NA,NA,5,0,0,0,0,0,0,0,0,0,0,0,1,1,1,0,0,0,1,0,0,0,0,NA,0,0,leaf,2,l,i,p,0,0,0,0
Haworthia mucronata,Haworthia mucronata,Asphodelaceae,Haworthia mucronata,Haw.,Asphodelaceae,1,0,1,0,1,0,0,0,0,1,0,Aug,Sep,NA,NA,4,0,0,0,0,0,0,0,0,0,0,0,1,1,1,0,0,0,1,0,0,0,0,2.966666667,0,0,leaf,2,l,i,p,0,0,0,0
Haworthia viscosa,Haworthia viscosa,Asphodelaceae,Haworthiopsis viscosa,(L.) Gildenh. & Klopper,Asphodelaceae,1,0,1,0,1,0,0,0,0,1,0,Oct,Nov,NA,NA,10,0,0,0,0,0,0,0,0,0,0,0,1,1,1,0,0,0,1,0,0,0,0,1.766666667,0,0,leaf,2,l,i,p,0,0,0,0
Heeria argentea,Heeria argentea,Anacardiaceae,Heeria argentea,Meisn.,Anacardiaceae,1,0,1,0,1,0,0,0,0,1,0,Jan,Jul,NA,NA,500,0,0,0,0,0,0,1,0,0,0,0,0,0,0,0,0,0,0,1,0,0,0,5.6,0,0,leaf,3,m,i,m,0,0,0,0
Helichrysum anomalum,Helichrysum anomalum,Asteraceae,Helichrysum anomalum,Less.,Asteraceae,1,0,1,0,1,0,0,0,0,0,0,Sep,May,NA,NA,30,0,0,0,1,0,0,0,0,0,0,0,0,0,0,0,0,1,0,0,0,0,0,0.581666667,0,0,leaf,1,m,i,w,0,0,0,0
Helichrysum asperum,Helichrysum asperum,Asteraceae,Helichrysum asperum,(Thunb.) Hilliard & B.L.Burtt,Asteraceae,1,0,1,0,1,0,0,0,0,0,0,Oct,Jan,NA,NA,40,0,0,0,1,0,0,0,0,0,0,0,0,0,0,0,0,1,0,0,0,0,0,NA,0,0,leaf,2,h,i,w,0,0,0,0
Helichrysum capense,Helichrysum capense,Asteraceae,Helichrysum capense,Hilliard,Asteraceae,1,0,1,0,1,0,0,0,0,0,0,Nov,Dec,NA,NA,50,0,0,0,1,0,0,0,0,0,0,0,0,0,0,0,0,0,0,1,0,0,0,NA,0,0,leaf,2,h,i,w,0,0,0,0
Helichrysum crispum,Helichrysum crispum,Asteraceae,Helichrysum crispum,(L.) D.Don ex G.Don,Asteraceae,1,0,1,0,1,0,0,0,0,0,0,Oct,Dec,NA,NA,50,0,0,0,1,0,0,0,0,0,0,0,0,0,0,0,0,0,0,1,0,0,0,NA,0,0,leaf,2,h,i,w,0,0,0,0
Helichrysum cylindriflorum,Helichrysum cylindriflorum,Asteraceae,Helichrysum cylindriflorum,(L.) Hilliard & B.L.Burtt,Asteraceae,1,0,1,0,1,0,0,0,0,0,0,Sep,Dec,NA,NA,30,0,0,0,1,0,0,0,0,0,0,0,0,0,0,0,0,0,1,0,0,0,0,NA,0,0,leaf,1,m,i,w,0,0,0,0
Helichrysum cymosum,Helichrysum cymosum,Asteraceae,Helichrysum cymosum,(L.) D.Don,Asteraceae,1,0,1,0,1,0,0,0,0,0,0,Sep,Apr,NA,NA,100,0,0,0,1,0,0,0,0,0,0,0,0,0,0,0,0,1,0,1,0,0,0,1.383571429,0,0,leaf,1,m,i,w,0,0,0,0
Helichrysum dasyanthum,Helichrysum dasyanthum,Asteraceae,Helichrysum dasyanthum,Sweet,Asteraceae,1,0,1,0,1,0,0,0,0,0,0,Sep,Nov,NA,NA,150,0,0,0,0,1,0,0,0,0,0,0,0,0,0,0,0,0,1,1,0,0,0,1.864285714,0,0,leaf,2,h,i,w,0,0,0,0
Helichrysum felinum,Helichrysum felinum,Asteraceae,Helichrysum felinum,Less.,Asteraceae,1,0,1,0,1,0,0,0,0,0,0,Sep,Dec,NA,NA,80,0,0,0,1,0,0,0,0,0,0,0,0,0,0,0,0,0,0,1,0,0,0,1.685714286,0,0,leaf,2,m,i,w,0,0,0,0
Helichrysum herbaceum,Helichrysum herbaceum,Asteraceae,Helichrysum herbaceum,(Andrews) Sweet,Asteraceae,1,0,1,0,1,0,0,0,0,0,0,Oct,Apr,NA,NA,40,0,0,0,1,0,0,0,0,0,0,0,0,0,0,0,0,0,1,0,0,0,0,NA,0,0,leaf,2,m,i,w,0,0,0,0
Helichrysum indicum,Helichrysum indicum,Asteraceae,Helichrysum indicum,(L.) Grierson,Asteraceae,0,1,1,0,0,1,1,1,0,0,0,Oct,Feb,NA,NA,30,1,0,0,0,0,0,0,0,0,0,0,0,0,0,0,0,0,1,0,0,0,0,NA,0,0,leaf,2,l,i,w,0,0,0,0
Helichrysum lambertianum,Helichrysum lambertianum,Asteraceae,Helichrysum lambertianum,DC.,Asteraceae,1,0,1,0,1,0,0,0,0,0,0,Oct,Jan,NA,NA,60,0,0,0,1,0,0,0,0,0,0,0,0,0,0,0,0,0,1,0,0,0,0,NA,0,0,leaf,2,h,i,w,0,0,0,0
Helichrysum litorale,Helichrysum litorale,Asteraceae,Helichrysum litorale,Bolus,Asteraceae,1,1,1,0,1,0,1,1,0,0,0,Sep,Dec,NA,NA,10,1,0,0,0,0,0,0,0,0,0,0,0,0,0,0,0,0,0,1,0,0,0,1.72,0,0,leaf,1,m,i,w,0,0,0,0
Helichrysum moeserianum,Helichrysum moeserianum,Asteraceae,Helichrysum moeserianum,Thell.,Asteraceae,0,1,1,0,0,1,1,1,0,0,0,Aug,Feb,NA,NA,30,1,0,0,0,0,0,0,0,0,0,0,0,0,0,0,0,0,1,0,0,0,0,NA,0,0,leaf,0,l,i,w,0,0,0,0
Helichrysum niveum,Helichrysum niveum,Asteraceae,Helichrysum niveum,(L.) Less.,Asteraceae,1,0,1,0,1,0,0,0,0,0,0,Dec,Feb,NA,NA,20,0,0,0,1,0,0,0,0,0,0,0,0,0,0,0,0,1,0,0,0,0,0,NA,0,0,leaf,2,h,i,w,0,0,0,0
Helichrysum nudifolium,Helichrysum nudifolium,Asteraceae,Helichrysum nudifolium,(L.) Less.,Asteraceae,1,0,1,0,1,0,0,0,0,1,0,Nov,Mar,NA,NA,150,0,0,0,0,1,0,0,0,0,0,0,0,0,0,0,0,0,1,0,0,0,0,12.5,0,0,leaf,2,m,i,w,0,0,0,0
Helichrysum odoratissimum,Helichrysum odoratissimum,Asteraceae,Helichrysum odoratissimum,(L.) Sweet,Asteraceae,1,0,1,0,1,0,0,0,0,0,0,Aug,Dec,NA,NA,50,0,0,0,1,0,0,0,0,0,0,0,0,0,0,0,0,1,0,0,0,0,0,1.3,0,0,leaf,2,h,i,w,0,0,0,0
Helichrysum oxyphyllum,Helichrysum oxyphyllum,Asteraceae,Helichrysum nudifolium var. oxyphyllum,(DC.) Beentje,Asteraceae,1,0,1,0,1,0,0,0,0,0,0,Aug,Jan,NA,NA,60,0,0,0,1,0,0,0,0,0,0,0,0,0,0,0,0,0,0,1,0,0,0,NA,0,0,leaf,2,h,i,w,0,0,0,0
Helichrysum pandurifolium,Helichrysum pandurifolium,Asteraceae,Helichrysum pandurifolium,Schrank,Asteraceae,1,0,1,0,1,0,0,0,0,0,0,Oct,Jan,NA,NA,100,0,0,0,1,0,0,0,0,0,0,0,0,0,0,0,0,0,0,1,0,0,0,NA,0,0,leaf,2,h,i,w,0,0,0,0
Helichrysum patulum,Helichrysum patulum,Asteraceae,Helichrysum patulum,D.Don,Asteraceae,1,0,1,0,1,0,0,0,0,0,0,Dec,Jan,NA,NA,100,0,0,0,1,0,0,0,0,0,0,0,0,0,0,0,0,0,0,1,0,0,0,1.861538462,0,0,leaf,2,h,i,w,0,0,0,0
Helichrysum petiolare,Helichrysum petiolare,Asteraceae,Helichrysum petiolare,Hilliard & B.L.Burtt,Asteraceae,1,0,1,0,1,0,0,0,0,0,0,Dec,Jan,NA,NA,450,0,0,0,0,0,1,0,0,0,0,0,0,0,0,0,0,0,0,1,0,0,0,NA,0,0,leaf,2,h,i,w,0,0,0,0
Helichrysum rosum,Helichrysum rosum,Asteraceae,Helichrysum rosum,Less.,Asteraceae,1,0,1,0,1,0,0,0,0,0,0,Sep,Mar,NA,NA,200,0,0,0,0,0,1,0,0,0,0,0,0,0,0,0,0,0,1,1,0,0,0,NA,0,0,leaf,2,h,i,w,0,0,0,0
Helichrysum rotundifolium,Helichrysum rotundifolium,Asteraceae,Helichrysum rotundifolium,Less.,Asteraceae,1,0,1,0,1,0,0,0,0,0,0,Nov,Jan,NA,NA,15,0,0,0,1,0,0,0,0,0,0,0,0,0,0,0,0,0,0,1,0,0,0,NA,0,0,leaf,2,l,i,w,0,0,0,0
Helichrysum rutilans,Helichrysum rutilans,Asteraceae,Helichrysum rutilans,(L.) D.Don ex G.Don,Asteraceae,1,0,1,0,1,0,0,0,0,0,0,Jan,Dec,NA,NA,60,0,0,0,1,0,0,0,0,0,0,0,0,0,0,0,0,1,0,1,0,0,0,NA,0,0,leaf,2,m,i,w,0,0,0,0
Helichrysum scabrum,Helichrysum scabrum,Asteraceae,Helichrysum scabrum,Less.,Asteraceae,1,0,1,0,1,0,0,0,0,0,0,Aug,Dec,NA,NA,200,0,0,0,0,0,1,0,0,0,0,0,0,0,0,0,0,1,1,0,0,0,0,1.176,0,0,leaf,2,h,i,w,0,0,0,0
Helichrysum spiralepis,Helichrysum spiralepis,Asteraceae,Helichrysum spiralepis,Hilliard & B.L.Burtt,Asteraceae,1,0,1,0,1,0,0,0,0,0,0,Sep,Feb,NA,NA,30,1,0,0,0,0,0,0,0,0,0,0,0,0,0,0,0,0,1,0,0,0,0,NA,0,0,leaf,1,m,i,w,0,0,0,0
Helichrysum teretifolium,Helichrysum teretifolium,Asteraceae,Helichrysum teretifolium,(L.) D.Don,Asteraceae,1,0,1,0,1,0,0,0,0,1,0,Jul,Nov,NA,NA,30,0,0,0,1,0,0,0,0,0,0,0,0,0,0,0,0,1,0,0,0,0,0,0.42,0,0,leaf,2,h,i,w,0,0,0,0
Helichrysum tinctum,Helichrysum tinctum,Asteraceae,Helichrysum tinctum,(Thunb.) Hilliard & B.L.Burtt,Asteraceae,1,1,1,0,1,0,1,1,0,0,0,Sep,Dec,NA,NA,5,1,0,0,0,0,0,0,0,0,0,0,0,0,0,0,0,0,1,1,0,0,0,NA,0,0,leaf,2,l,i,w,0,0,0,0
Helichrysum zeyheri,Helichrysum zeyheri,Asteraceae,Helichrysum zeyheri,Less.,Asteraceae,1,0,1,0,1,0,0,0,0,0,0,Nov,May,NA,NA,70,0,0,0,1,0,0,0,0,0,0,0,0,0,0,0,0,0,0,1,0,0,0,1.084545455,0,0,leaf,2,h,i,w,0,0,0,0
Helichrysum zwartbergense,Helichrysum zwartbergense,Asteraceae,Helichrysum zwartbergense,Bolus,Asteraceae,1,0,1,0,1,0,0,0,0,0,0,Dec,Jan,NA,NA,10,1,0,0,0,0,0,0,0,0,0,0,0,0,0,0,0,0,1,1,0,0,0,NA,0,0,leaf,2,l,i,w,0,0,0,0
Heliophila carnosa,Heliophila carnosa,Brassicaceae,Heliophila carnosa,(Thunb.) Steud.,Brassicaceae,1,0,1,0,1,0,0,1,0,1,0,Aug,Oct,NA,NA,60,0,0,0,1,0,0,0,0,0,0,0,0,1,1,0,0,1,0,0,0,1,0,NA,0,0,leaf,3,h,i,p,0,0,0,0
Heliophila dregeana,Heliophila dregeana,Brassicaceae,Heliophila dregeana,Sond.,Brassicaceae,1,0,1,0,1,0,0,1,0,0,0,Aug,Oct,NA,NA,35,0,0,0,1,0,0,0,0,0,0,0,0,1,1,0,0,0,0,1,0,0,0,NA,0,0,leaf,2,l,i,p,0,0,0,0
Heliophila elongata,Heliophila elongata,Brassicaceae,Heliophila elongata,DC.,Brassicaceae,1,0,1,0,1,0,0,1,0,1,0,May,Jul,Nov,Dec,60,0,0,0,1,0,0,0,0,0,0,0,0,0,0,0,0,0,1,0,0,0,0,NA,0,0,leaf,2,m,i,p,0,0,0,0
Heliophila glauca,Heliophila glauca,Brassicaceae,Heliophila glauca,Burch. ex DC.,Brassicaceae,1,0,1,0,1,0,0,1,0,1,0,Aug,Apr,NA,NA,200,0,0,0,0,0,1,0,0,0,0,0,0,1,1,0,0,0,1,0,0,0,0,1.2,0,0,leaf,2,m,i,p,0,0,0,0
Heliophila linearis,Heliophila linearis,Brassicaceae,Heliophila linearis,DC.,Brassicaceae,1,0,1,0,1,0,0,1,0,0,0,Aug,Feb,NA,NA,90,1,0,0,0,0,0,0,0,0,0,0,0,0,0,0,0,1,0,1,0,0,0,NA,0,0,leaf,2,m,i,p,0,0,0,0
Heliophila scoparia,Heliophila scoparia,Brassicaceae,Heliophila scoparia,Burch. ex DC.,Brassicaceae,1,0,1,0,1,0,0,0,0,0,0,Apr,Feb,NA,NA,100,0,0,0,1,0,0,0,0,0,0,0,0,0,0,0,0,0,1,0,0,0,0,NA,0,0,leaf,2,h,i,p,0,0,0,0
Hemimeris racemosa,Hemimeris racemosa,Scrophulariaceae,Hemimeris racemosa,(Houtt.) Merr.,Scrophulariaceae,0,1,1,0,0,1,1,1,0,0,0,Jul,Oct,NA,NA,44,1,0,0,0,0,0,0,0,0,0,0,0,0,0,0,0,0,0,1,0,0,1,NA,0,0,leaf,0,l,i,p,0,0,0,0
Hermannia althaeifolia,Hermannia althaeifolia,Malvaceae,Hermannia althaeifolia,L.,Malvaceae,1,0,1,0,1,0,0,1,0,0,0,Aug,Oct,NA,NA,50,0,0,0,1,0,0,0,0,0,0,0,0,0,0,0,0,0,0,1,0,0,0,NA,0,0,leaf,1,m,i,p,0,0,0,0
Hermannia althaeoides,Hermannia althaeoides,Malvaceae,Hermannia althaeoides,Hort ex Link,Malvaceae,1,0,1,0,1,0,0,1,0,0,0,Oct,Dec,NA,NA,60,0,0,0,1,0,0,0,0,0,0,0,0,0,0,0,0,0,0,1,0,0,0,NA,0,0,leaf,1,m,i,p,0,0,0,0
Hermannia angularis,Hermannia angularis,Malvaceae,Hermannia angularis,Jacq.,Malvaceae,1,0,1,0,1,0,0,1,0,0,0,Sep,Oct,NA,NA,60,0,0,0,1,0,0,0,0,0,0,0,0,0,0,0,0,0,1,0,0,0,0,1.292,0,0,leaf,1,h,i,p,0,0,0,0
Hermannia filifolia,Hermannia filifolia,Malvaceae,Hermannia filifolia,L.f.,Malvaceae,1,0,1,0,1,0,0,1,0,0,0,Aug,Oct,NA,NA,100,0,0,0,1,0,0,0,0,0,0,0,0,0,0,0,0,1,0,0,0,0,0,NA,0,0,leaf,1,h,i,p,0,0,0,0
Hermannia flammea,Hermannia flammea,Malvaceae,Hermannia flammea,Jacq.,Malvaceae,1,0,1,0,1,0,0,1,0,0,0,Sep,Oct,NA,NA,80,0,0,0,1,0,0,0,0,0,0,0,0,0,0,0,0,0,1,0,0,0,0,1.7,0,0,leaf,1,m,i,p,0,0,0,0
Hermannia gracilis,Hermannia gracilis,Malvaceae,Hermannia gracilis,Eckl. & Zeyh.,Malvaceae,1,0,1,0,1,0,0,1,0,0,0,Aug,Nov,NA,NA,60,0,0,0,1,0,0,0,0,0,0,0,0,0,0,0,0,0,1,0,0,0,0,NA,0,0,leaf,1,h,i,p,0,0,0,0
Hermannia holosericea,Hermannia holosericea,Malvaceae,Hermannia holosericea,Jacq.,Malvaceae,1,0,1,0,1,0,0,1,0,0,0,Jul,Oct,NA,NA,150,0,0,0,0,1,0,0,0,0,0,0,0,0,0,0,0,0,0,1,0,0,0,NA,0,0,leaf,1,h,i,p,0,0,0,0
Hermannia involucrata,Hermannia involucrata,Malvaceae,Hermannia involucrata,Cav.,Malvaceae,1,0,1,0,1,0,0,1,0,0,0,Aug,Oct,NA,NA,120,0,0,0,0,1,0,0,0,0,0,0,0,0,0,0,0,0,0,1,0,0,0,1.816666667,0,0,leaf,1,h,i,p,0,0,0,0
Hermannia mucronulata,Hermannia mucronulata,Malvaceae,Hermannia mucronulata,Turcz.,Malvaceae,1,0,1,0,1,0,0,1,0,0,0,Sep,Oct,NA,NA,200,0,0,0,0,0,1,0,0,0,0,0,0,0,0,0,0,0,1,0,0,0,0,NA,0,0,leaf,1,h,i,p,0,0,0,0
Hermannia multiflora,Hermannia multiflora,Malvaceae,Hermannia multiflora,Jacq.,Malvaceae,1,0,1,0,1,0,0,1,0,0,0,Aug,Oct,NA,NA,75,0,0,0,1,0,0,0,0,0,0,0,0,0,0,0,0,0,0,1,0,0,0,1.34,0,0,leaf,1,h,i,p,0,0,0,0
Hermannia odorata,Hermannia odorata,Malvaceae,Hermannia odorata,Aiton,Malvaceae,1,0,1,0,1,0,0,1,0,0,0,Jul,Oct,NA,NA,150,0,0,0,0,1,0,0,0,0,0,0,0,0,0,0,0,0,1,0,0,0,0,NA,0,0,leaf,1,h,i,p,0,0,0,0
Hermannia saccifera,Hermannia saccifera,Malvaceae,Hermannia saccifera,(Turcz.) K.Schum.,Malvaceae,1,0,1,0,1,0,0,1,0,1,0,Aug,Oct,NA,NA,40,0,0,0,1,0,0,0,0,0,0,0,0,0,0,0,0,0,0,1,0,0,0,2.583333333,0,0,leaf,1,h,i,p,0,0,0,0
Hermannia salviifolia,Hermannia salviifolia,Malvaceae,Hermannia salviifolia,L.f.,Malvaceae,1,0,1,0,1,0,0,1,0,0,0,Sep,Oct,Dec,Apr,200,0,0,0,0,0,1,0,0,0,0,0,0,0,0,0,0,0,0,1,0,0,0,NA,0,0,leaf,1,h,i,p,0,0,0,0
Hermannia sisymbriifolia,Hermannia sisymbriifolia,Malvaceae,Hermannia sisymbriifolia,(Turcz.) Hochr.,Malvaceae,1,0,1,0,1,0,0,1,0,1,0,Jun,Oct,NA,NA,40,0,0,0,1,0,0,0,0,0,0,0,0,0,0,0,0,0,1,1,0,0,1,NA,0,0,leaf,1,m,i,p,0,0,0,0
Hermannia stipulacea,Hermannia stipulacea,Malvaceae,Hermannia stipulacea,Lehm. ex Eckl. & Zeyh.,Malvaceae,1,0,1,0,1,0,0,1,0,0,0,Sep,Nov,NA,NA,40,0,0,0,1,0,0,0,0,0,0,0,0,0,0,0,0,0,0,1,0,0,0,NA,0,0,leaf,1,h,i,p,0,0,0,0
Hermannia ternifolia,Hermannia ternifolia,Malvaceae,Hermannia ternifolia,C.Presl ex Harv.,Malvaceae,1,0,1,0,1,0,0,1,0,0,0,Aug,Sep,NA,NA,20,0,0,0,1,0,0,0,0,0,0,0,0,0,0,0,0,0,0,1,0,0,0,1.44,0,0,leaf,1,m,i,p,0,0,0,0
Hermannia velutina,Hermannia velutina,Malvaceae,Hermannia velutina,DC.,Malvaceae,1,0,1,0,1,0,0,1,0,0,0,Aug,Oct,NA,NA,300,0,0,0,1,0,0,0,0,0,0,0,0,0,0,0,0,0,1,1,0,0,0,2.35,0,0,leaf,1,h,i,p,0,0,0,0
Hermas capitata,Hermas capitata,Apiaceae,Hermas capitata,L.f.,Apiaceae,1,0,1,0,1,0,0,0,0,1,0,Dec,Mar,NA,NA,25,1,0,0,0,0,0,0,0,0,0,0,0,0,0,0,0,0,0,1,0,0,0,NA,0,0,leaf,2,m,i,w,0,0,0,0
Hermas ciliata,Hermas ciliata,Apiaceae,Hermas ciliata,L.f.,Apiaceae,1,0,1,0,1,0,0,0,0,1,0,Dec,Mar,NA,NA,60,1,0,0,0,0,0,0,0,0,0,0,0,0,0,0,0,0,0,1,0,0,0,NA,0,0,leaf,2,m,i,w,0,0,0,0
Hermas villosa,Hermas villosa,Apiaceae,Hermas villosa,(L.) Thunb.,Apiaceae,1,0,1,0,1,0,0,0,0,1,0,Dec,May,NA,NA,100,0,0,0,1,0,0,0,0,0,0,0,0,0,0,0,0,0,0,1,0,0,0,9.772727273,0,0,leaf,2,m,i,w,0,0,0,0
Hertia kraussii,Hertia kraussii,Asteraceae,Hertia kraussii,(Sch.Bip.) Fourc.,Asteraceae,1,0,1,0,1,0,0,0,0,0,0,Jun,Jul,NA,NA,50,0,0,0,1,0,0,0,0,0,0,0,0,1,1,0,0,0,1,0,0,0,0,2.916666667,0,0,leaf,1,m,i,w,0,0,0,0
Hesperantha radiata,Hesperantha radiata,Iridaceae,Hesperantha radiata,(Jacq.) Ker Gawl.,Iridaceae,1,0,1,0,0,1,1,1,0,1,0,Aug,Oct,NA,NA,40,0,1,0,0,0,0,0,0,0,0,0,0,0,0,0,0,1,0,0,0,0,0,NA,0,0,leaf,2,l,i,w,0,0,0,0
Heterolepis aliena,Heterolepis aliena,Asteraceae,Heterolepis aliena,(L.f.) Druce,Asteraceae,1,0,1,0,1,0,0,0,0,1,0,Sep,Dec,NA,NA,30,0,0,0,1,0,0,0,0,0,0,0,0,0,0,0,0,1,0,0,0,0,0,2.474,0,0,leaf,3,h,i,w,0,0,0,0
Heteropogon contortus,Heteropogon contortus,Poaceae,Heteropogon contortus,(L.) P.Beauv. ex Roem. & Schult.,Poaceae,1,0,1,0,1,0,0,1,0,1,0,Oct,Jun,NA,NA,70,0,0,1,0,0,0,0,0,0,0,0,0,0,0,0,0,1,0,0,0,0,0,14.07272727,0,1,mixed,1,h,w,w,0,0,0,0
Hibiscus aethiopicus,Hibiscus aethiopicus,Malvaceae,Hibiscus aethiopicus,L.,Malvaceae,1,0,1,0,1,0,0,1,0,1,0,Aug,Dec,NA,NA,30,0,0,0,1,0,0,0,0,0,0,0,0,0,0,0,0,0,0,1,0,0,0,2.883333333,0,0,leaf,2,l,i,p,0,0,0,0
Hibiscus pusillus,Hibiscus pusillus,Malvaceae,Hibiscus pusillus,Thunb.,Malvaceae,1,0,1,0,1,0,0,1,0,1,0,Jan,May,NA,NA,30,0,0,0,1,0,0,0,0,0,0,0,0,0,0,0,0,0,0,1,0,1,0,NA,0,0,leaf,2,l,i,p,0,0,0,0
Hilliardiella pinifolia,Vernonia capensis,Asteraceae,Hilliardiella pinifolia,(Less.) H.Rob.,Asteraceae,1,0,1,0,1,0,0,1,0,1,0,Oct,Jan,NA,NA,50,1,0,0,0,0,0,0,0,0,0,0,0,0,0,0,0,1,0,0,0,0,0,NA,0,0,leaf,3,h,i,w,0,0,0,0
Hippia integrifolia,Hippia integrifolia,Asteraceae,Hippia integrifolia,Less.,Asteraceae,1,0,1,0,1,0,0,0,0,0,0,Sep,Jan,NA,NA,20,0,0,0,1,0,0,0,0,0,0,0,0,0,0,0,0,0,0,1,0,1,0,0.756,0,0,leaf,1,l,i,w,0,0,0,0
Hippia pilosa,Hippia pilosa,Asteraceae,Hippia pilosa,(P.J.Bergius) Druce,Asteraceae,1,0,1,0,1,0,0,0,0,0,0,Aug,Nov,NA,NA,30,0,0,0,1,0,0,0,0,0,0,0,0,0,0,0,0,0,1,0,0,1,1,0.78,0,0,leaf,1,l,i,w,0,0,0,0
Hippobromus pauciflorus,Hippobromus pauciflorus,Sapindaceae,Hippobromus pauciflorus,(L.f.) Radlk.,Sapindaceae,1,0,1,0,1,0,0,0,0,0,0,Jul,Nov,NA,NA,500,0,0,0,0,0,0,1,0,0,0,0,0,0,0,0,0,0,0,1,1,0,0,4.6,0,0,leaf,3,h,i,m,0,0,0,0
Holothrix secunda,Holothrix secunda,Orchidaceae,Holothrix secunda,(Thunb.) Rchb.f.,Orchidaceae,1,0,1,0,0,1,1,1,0,1,0,Jun,Oct,NA,NA,30,0,1,0,0,0,0,0,0,0,0,0,0,0,0,0,0,0,0,1,0,0,0,NA,0,0,leaf,2,l,i,p,0,0,0,0
Holothrix villosa,Holothrix villosa,Orchidaceae,Holothrix villosa,Lindl.,Orchidaceae,1,0,1,0,0,1,1,1,0,1,0,Oct,Jan,NA,NA,36,0,1,0,0,0,0,0,0,0,0,0,0,0,0,0,0,0,0,1,0,0,0,NA,0,0,leaf,2,l,i,p,0,0,0,0
Hyobanche sanguinea,Hyobanche sanguinea,Orobanchaceae,Hyobanche sanguinea,L.,Orobanchaceae,1,0,1,0,0,1,1,1,0,1,0,Aug,Oct,NA,NA,25,0,0,0,0,0,0,0,0,0,0,1,1,0,0,0,0,0,0,0,0,0,0,NA,1,0,none,1,l,m,p,0,0,0,0
Hyparrhenia hirta,Hyparrhenia hirta,Poaceae,Hyparrhenia hirta,(L.) Stapf,Poaceae,1,0,1,0,1,0,0,1,0,0,0,Nov,May,NA,NA,200,0,0,1,0,0,0,0,0,0,0,0,0,0,0,0,0,1,0,0,0,0,0,NA,0,1,mixed,2,h,w,w,0,0,0,0
Hypocalyptus sophoroides,Hypocalyptus sophoroides,Fabaceae,Hypocalyptus sophoroides,(P.J.Bergius) Baill.,Fabaceae,1,0,1,0,1,0,0,0,0,1,0,Oct,Dec,NA,NA,600,0,0,0,0,0,0,1,0,0,0,0,0,0,0,0,0,0,0,1,1,0,0,NA,0,0,leaf,2,h,i,p,0,0,0,0
Hypodiscus albo-aristatus,Hypodiscus albo-aristatus,Restionaceae,Hypodiscus alboaristatus,Mast.,Restionaceae,1,0,0,1,1,0,0,0,0,0,0,May,Sep,NA,NA,70,0,0,1,0,0,0,0,0,0,0,0,0,0,0,0,0,1,0,0,0,0,0,58.77368421,1,1,culm_stem,2,h,w,i,0,0,0,0
Hypodiscus alternans,Hypodiscus alternans,Restionaceae,Hypodiscus alternans,Pillans,Restionaceae,1,0,0,1,1,0,0,0,0,0,0,Nov,Dec,NA,NA,55,0,0,1,0,0,0,0,0,0,0,0,0,0,0,0,0,1,0,0,0,0,0,71.48,1,1,culm_stem,2,h,w,i,0,0,0,0
Hypodiscus argenteus,Hypodiscus argenteus,Restionaceae,Hypodiscus argenteus,Mast.,Restionaceae,1,0,0,1,1,0,0,0,0,1,0,Mar,Jul,NA,NA,100,0,0,1,0,0,0,0,0,0,0,0,0,0,0,0,0,1,0,0,0,0,0,54.25555556,1,1,culm_stem,2,h,w,i,0,0,0,0
Hypodiscus aristatus,Hypodiscus aristatus,Restionaceae,Hypodiscus aristatus,(Thunb.) C.Krauss,Restionaceae,1,0,0,1,1,0,0,0,0,1,0,May,May,NA,NA,80,0,0,1,0,0,0,0,0,0,0,0,0,0,0,0,0,1,0,0,0,0,0,44.78846154,1,1,culm_stem,2,h,w,i,0,0,0,0
Hypodiscus laevigatus,Hypodiscus laevigatus,Restionaceae,Hypodiscus laevigatus,(Kunth) H.P.Linder,Restionaceae,1,0,0,1,1,0,0,0,0,1,0,Feb,May,NA,NA,80,0,0,1,0,0,0,0,0,0,0,0,0,0,0,0,0,1,0,0,0,0,0,86.76,1,1,culm_stem,2,h,w,i,0,0,0,0
Hypodiscus neesii,Hypodiscus neesii,Restionaceae,Hypodiscus neesii,Mast.,Restionaceae,1,0,0,1,1,0,0,0,0,0,0,Jun,Jun,NA,NA,50,0,0,1,0,0,0,0,0,0,0,0,0,0,0,0,0,1,0,0,0,0,0,36.6,1,1,culm_stem,2,h,w,i,0,0,0,0
Hypodiscus striatus,Hypodiscus striatus,Restionaceae,Hypodiscus striatus,(Kunth) Mast.,Restionaceae,1,0,0,1,1,0,0,0,0,1,0,Apr,Jun,NA,NA,60,0,0,1,0,0,0,0,0,0,0,0,0,0,0,0,0,1,0,0,0,0,0,35.41875,1,1,culm_stem,2,h,w,i,0,0,0,0
Hypodiscus synchroolepis,Hypodiscus synchroolepis,Restionaceae,Hypodiscus synchroolepis,Mast.,Restionaceae,1,0,0,1,1,0,0,0,0,0,0,Feb,Feb,NA,NA,40,0,0,1,0,0,0,0,0,0,0,0,0,0,0,0,0,1,0,0,0,0,0,NA,1,1,culm_stem,2,h,w,i,0,0,0,0
Hypodiscus willdenowia,Hypodiscus willdenowia,Restionaceae,Hypodiscus willdenovia,Mast.,Restionaceae,1,0,0,1,1,0,0,0,0,1,0,Jun,Aug,NA,NA,40,0,0,1,0,0,0,0,0,0,0,0,0,0,0,0,0,1,0,0,0,0,0,17.78888889,1,1,culm_stem,2,h,w,i,0,0,0,0
Hypoestes forskaolii,Hypoestes forskaolii,Acanthaceae,Hypoestes forskaolii,(Vahl) R.Br.,Acanthaceae,1,0,1,0,1,0,0,1,0,0,0,Jan,Apr,NA,NA,150,0,0,0,0,1,0,0,0,0,0,0,0,0,0,0,0,0,1,1,0,0,0,NA,0,0,leaf,2,m,i,p,0,0,0,0
Ifloga ambigua,Trichogyne ambigua,Asteraceae,Ifloga ambigua,(L.) Druce,Asteraceae,1,0,1,0,1,0,0,0,0,0,0,Apr,Nov,NA,NA,50,0,0,0,1,0,0,0,0,0,0,0,0,0,0,0,0,1,0,0,0,0,0,0.333333333,0,0,leaf,2,h,i,w,0,0,0,0
Ilex mitis,Ilex mitis,Aquifoliaceae,Ilex mitis,Radlk.,Aquifoliaceae,1,0,1,0,1,0,0,0,0,0,0,Sep,Dec,NA,NA,3000,0,0,0,0,0,0,1,0,0,0,0,0,0,0,0,0,0,0,1,0,0,0,10.7,0,0,leaf,3,m,i,m,0,0,0,0
Imperata cylindrica,Imperata cylindrica,Poaceae,Imperata cylindrica,(L.) Raeusch.,Poaceae,1,0,1,0,1,0,0,1,0,1,0,Jan,Dec,NA,NA,100,0,0,1,0,0,0,0,0,0,0,0,0,0,0,0,0,0,1,0,0,0,0,NA,0,0,leaf,2,h,w,w,0,0,0,0
Indigofera alopecuroides,Indigofera alopecuroides,Fabaceae,Indigofera alopecuroides,DC.,Fabaceae,1,0,1,0,1,0,0,1,0,0,0,Jul,Feb,NA,NA,90,0,0,0,1,0,0,0,0,0,0,0,0,0,0,0,0,0,1,1,1,0,0,NA,0,0,leaf,2,h,i,p,0,0,0,0
Indigofera angustifolia,Indigofera angustifolia,Fabaceae,Indigofera brachystachya,E.Mey.,Fabaceae,1,0,1,0,1,0,0,1,0,0,0,May,Dec,NA,NA,60,0,0,0,1,0,0,0,0,0,0,0,0,0,0,0,0,1,0,0,1,0,0,1.56,0,0,leaf,2,h,i,p,0,0,0,0
Indigofera brachystachya,Indigofera brachystachya,Fabaceae,Indigofera brachystachya,E.Mey.,Fabaceae,1,0,1,0,1,0,0,1,0,0,0,Nov,Sep,NA,NA,150,0,0,0,0,1,0,0,0,0,0,0,0,0,0,0,0,1,0,0,1,0,0,1.4,0,0,leaf,2,h,i,p,0,0,0,0
Indigofera candolleana,Indigofera candolleana,Fabaceae,Indigofera candolleana,Meisn.,Fabaceae,1,0,1,0,1,0,0,1,0,0,0,Aug,Mar,NA,NA,30,0,0,0,1,0,0,0,0,0,0,0,0,0,0,0,0,0,0,1,1,0,0,1.04,0,0,leaf,2,m,i,p,0,0,0,0
Indigofera concava,Indigofera concava,Fabaceae,Indigofera concava,Harv.,Fabaceae,1,0,1,0,1,0,0,1,0,0,0,Jun,Sep,NA,NA,30,0,0,0,1,0,0,0,0,0,0,0,0,0,0,0,0,0,1,0,1,0,0,NA,0,0,leaf,2,m,i,p,0,0,0,0
Indigofera denudata,Indigofera denudata,Fabaceae,Indigofera denudata,L.f.,Fabaceae,1,0,1,0,1,0,0,1,0,0,0,Sep,Jul,NA,NA,120,0,0,0,0,1,0,0,0,0,0,0,0,0,0,0,0,0,1,0,1,0,0,0.897777778,0,0,leaf,2,h,i,p,0,0,0,0
Indigofera disticha,Indigofera disticha,Fabaceae,Indigofera disticha,Eckl. & Zeyh.,Fabaceae,1,0,1,0,1,0,0,1,0,0,0,Oct,Apr,NA,NA,80,0,0,0,1,0,0,0,0,0,0,0,0,0,0,0,0,1,0,1,1,0,0,NA,0,0,leaf,2,h,i,p,0,0,0,0
Indigofera flabellata,Indigofera flabellata,Fabaceae,Indigofera flabellata,Harv.,Fabaceae,1,0,1,0,1,0,0,1,0,0,0,Jan,Sep,NA,NA,150,0,0,0,0,1,0,0,0,0,0,0,0,0,0,0,0,0,1,0,1,0,0,1.466666667,0,0,leaf,2,h,i,p,0,0,0,0
Indigofera frutescens,Indigofera frutescens,Fabaceae,Indigofera frutescens,L.f.,Fabaceae,1,0,1,0,1,0,0,1,0,1,0,Jul,Mar,NA,NA,300,0,0,0,0,0,1,0,0,0,0,0,0,0,0,0,0,0,0,1,1,0,0,1.98,0,0,leaf,2,h,i,p,0,0,0,0
Indigofera glomerata,Indigofera glomerata,Fabaceae,Indigofera glomerata,E.Mey.,Fabaceae,1,0,1,0,1,0,0,1,0,0,0,Aug,Nov,NA,NA,20,0,0,0,1,0,0,0,0,0,0,0,0,0,0,0,0,0,0,1,1,0,0,0.52,0,0,leaf,2,m,i,p,0,0,0,0
Indigofera heterophylla,Indigofera heterophylla,Fabaceae,Indigofera heterophylla,Thunb.,Fabaceae,1,0,1,0,1,0,0,1,0,1,0,May,Feb,NA,NA,100,0,0,0,1,0,0,0,0,0,0,0,0,0,0,0,0,0,1,1,1,0,0,NA,0,0,leaf,2,m,i,p,0,0,0,0
Indigofera ionii,Indigofera filifolia,Fabaceae,Indigofera ionii,Jarvie & C.H.Stirt.,Fabaceae,1,0,1,0,1,0,0,1,0,1,0,Oct,Apr,NA,NA,300,0,0,0,0,0,1,0,0,0,0,0,0,0,0,0,0,0,0,1,1,0,0,NA,1,1,mixed,2,m,i,p,0,0,0,0
Indigofera langebergensis,Indigofera langebergensis,Fabaceae,Indigofera langebergensis,L.Bolus,Fabaceae,1,0,1,0,1,0,0,1,0,1,0,Sep,Apr,NA,NA,100,0,0,0,1,0,0,0,0,0,0,0,0,0,0,0,0,0,0,1,1,0,0,4.5,0,0,leaf,2,h,i,p,0,0,0,0
Indigofera ovata,Indigofera ovata,Fabaceae,Indigofera ovata,Thunb.,Fabaceae,1,0,1,0,1,0,0,1,0,0,0,Sep,Jan,NA,NA,20,0,0,0,1,0,0,0,0,0,0,0,0,0,0,0,0,0,0,1,1,0,0,NA,0,0,leaf,2,l,i,p,0,0,0,0
Indigofera pappei,Indigofera pappei,Fabaceae,Indigofera pappei,Fourc.,Fabaceae,1,0,1,0,1,0,0,1,0,0,0,Jan,Jul,NA,NA,100,0,0,0,1,0,0,0,0,0,0,0,0,0,0,0,0,1,0,0,1,0,0,NA,0,0,leaf,2,h,i,p,0,0,0,0
Indigofera psoraloides,Indigofera psoraloides,Fabaceae,Indigofera psoraloides,(L.) L.,Fabaceae,1,0,1,0,1,0,0,1,0,0,0,Jun,Dec,NA,NA,80,0,0,0,1,0,0,0,0,0,0,0,0,0,0,0,0,0,1,0,1,0,0,NA,0,0,leaf,2,h,i,p,0,0,0,0
Indigofera sarmentosa,Indigofera sarmentosa,Fabaceae,Indigofera sarmentosa,L.f.,Fabaceae,1,0,1,0,1,0,0,1,0,0,0,Jul,Mar,NA,NA,20,0,0,0,1,0,0,0,0,0,0,0,0,0,0,0,0,0,0,1,1,0,0,1.07625,0,0,leaf,2,h,i,p,0,0,0,0
Indigofera stricta,Indigofera stricta,Fabaceae,Indigofera stricta,L.f.,Fabaceae,1,0,1,0,1,0,0,1,0,1,0,Jun,Apr,NA,NA,120,0,0,0,0,1,0,0,0,0,0,0,0,0,0,0,0,0,0,1,1,0,0,NA,0,0,leaf,2,h,i,p,0,0,0,0
Indigofera sulcata,Indigofera sulcata,Fabaceae,Indigofera sulcata,DC.,Fabaceae,1,0,1,0,1,0,0,1,0,0,0,Mar,Aug,NA,NA,80,0,0,0,1,0,0,0,0,0,0,0,0,0,0,0,0,1,0,0,1,0,0,NA,0,0,leaf,2,h,i,p,0,0,0,0
Isolepis marginata,Isolepis marginata,Cyperaceae,Isolepis marginata,(Thunb.) A.Dietr.,Cyperaceae,0,1,1,0,0,1,1,1,0,0,0,Sep,Dec,NA,NA,15,0,0,1,0,0,0,0,0,0,0,0,0,0,0,0,0,1,0,0,0,0,0,5.833333333,0,0,leaf,0,l,w,p,0,0,0,0
Itasina filifolia,Itasina filifolia,Apiaceae,Itasina filifolia,(Thunb.) Raf.,Apiaceae,1,0,1,0,0,1,1,1,0,1,0,Nov,Apr,NA,NA,45,1,0,0,0,0,0,0,0,0,0,0,0,0,0,0,0,1,0,0,0,0,0,7.25,0,1,leaf,2,m,i,w,0,0,0,0
Jamesbrittenia aspalathoides,Jamesbrittenia aspalathoides,Scrophulariaceae,Jamesbrittenia aspalathoides,(Benth.) Hilliard,Scrophulariaceae,1,0,1,0,1,0,0,1,0,0,0,Jan,Dec,NA,NA,50,0,0,0,1,0,0,0,0,0,0,0,0,0,0,0,0,1,0,0,0,0,0,NA,0,0,leaf,2,m,i,p,0,0,0,0
Jamesbrittenia tenuifolia,Jamesbrittenia tenuifolia,Scrophulariaceae,Jamesbrittenia tenuifolia,(Bernh.) Hilliard,Scrophulariaceae,1,0,1,0,1,0,0,1,0,0,0,Jan,Dec,NA,NA,60,0,0,0,1,0,0,0,0,0,0,0,0,0,0,0,0,1,0,0,0,0,0,NA,0,0,leaf,2,m,i,p,0,0,0,0
Jasminum glaucum,Jasminum glaucum,Oleaceae,Jasminum glaucum,(L.f.) Aiton,Oleaceae,1,0,1,0,1,0,0,1,0,0,0,Oct,Dec,NA,NA,240,0,0,0,0,0,1,0,0,0,0,0,0,0,0,0,0,0,0,1,0,0,0,NA,0,0,leaf,2,m,i,m,0,0,0,0
Jatropha capensis,Jatropha capensis,Euphorbiaceae,Jatropha capensis,(L.f.) Sond.,Euphorbiaceae,1,0,1,0,1,0,0,0,0,0,0,Nov,Jan,NA,NA,300,0,0,0,0,0,1,0,0,0,0,0,0,1,0,1,0,0,1,1,0,0,0,3.933333333,0,1,leaf,3,l,i,i,0,0,0,0
Juncus capensis,Juncus capensis,Juncaceae,Juncus capensis,Thunb.,Juncaceae,1,0,1,0,1,0,0,1,0,1,0,Nov,Apr,NA,NA,60,0,0,1,0,0,0,0,0,0,0,0,0,0,0,0,0,1,0,0,0,0,0,113.52,0,0,leaf,1,l,w,p,0,0,0,0
Juncus kraussii,Juncus kraussii,Juncaceae,Juncus kraussii,Hochst.,Juncaceae,1,0,1,0,1,0,0,0,0,1,0,Sep,Jan,NA,NA,120,0,0,1,0,0,0,0,0,0,0,0,0,0,0,0,0,1,0,0,0,0,0,80.86,1,1,culm_stem,3,h,w,p,0,0,0,0
Juncus lomatophyllus,Juncus lomatophyllus,Juncaceae,Juncus lomatophyllus,Spreng.,Juncaceae,1,0,1,0,1,0,0,0,0,1,0,Oct,Apr,NA,NA,80,0,0,1,0,0,0,0,0,0,0,0,0,0,0,0,0,0,1,0,0,0,0,NA,0,0,leaf,2,m,w,p,0,0,0,0
Kalanchoe rotundifolia,Kalanchoe rotundifolia,Crassulaceae,Kalanchoe rotundifolia,Haw.,Crassulaceae,1,0,1,0,1,0,0,0,0,0,0,Mar,Jun,NA,NA,100,0,0,0,1,0,0,0,0,0,0,0,0,1,1,1,0,0,0,1,0,0,0,3.1,0,0,leaf,2,l,i,p,0,0,0,0
Kedrostis nana,Kedrostis nana,Cucurbitaceae,Kedrostis nana,(Lam.) Cogn.,Cucurbitaceae,1,0,1,0,1,0,0,0,0,1,0,Feb,Mar,NA,NA,50,1,0,0,0,0,0,0,1,1,0,0,0,1,1,0,0,0,0,0,0,1,1,4.785714286,0,0,leaf,2,l,i,m,0,0,0,0
Kiggelaria africana,Kiggelaria africana,Achariaceae,Kiggelaria africana,L.,Achariaceae,1,0,1,0,1,0,0,0,0,0,0,Feb,Jul,NA,NA,1700,0,0,0,0,0,0,1,0,0,0,0,0,0,0,0,0,0,0,1,0,0,0,8.88,0,0,leaf,3,h,i,m,0,0,0,0
Kniphofia uvaria,Kniphofia uvaria,Asphodelaceae,Kniphofia uvaria,(L.) Oken,Asphodelaceae,1,0,1,0,1,0,0,0,0,1,0,Oct,Dec,NA,NA,120,1,0,0,0,0,0,0,0,0,0,0,0,0,0,0,0,0,0,1,0,0,0,NA,0,0,leaf,3,h,m,m,0,0,0,0
Lachenalia elegans,Lachenalia elegans,Hyacinthaceae,Lachenalia elegans,W.F.Barker,Asparagaceae,1,0,1,0,0,1,1,1,0,1,0,Jul,Oct,NA,NA,30,0,1,0,0,0,0,0,0,0,0,0,0,0,0,0,0,0,1,1,0,0,0,NA,0,0,leaf,2,l,i,p,0,0,0,0
Lachnaea densiflora,Lachnaea densiflora,Thymelaeaceae,Lachnaea densiflora,Meisn.,Thymelaeaceae,1,0,1,0,0,1,0,1,0,0,0,Aug,Mar,NA,NA,50,0,0,0,1,0,0,0,0,0,0,0,0,0,0,0,0,1,0,0,0,0,0,0.86,0,0,leaf,2,m,i,p,0,0,0,0
Lachnaea funicaulis,Lachnaea funicaulis,Thymelaeaceae,Lachnaea funicaulis,Schinz,Thymelaeaceae,1,0,1,0,1,0,0,1,0,0,0,Jul,Mar,NA,NA,45,0,0,0,1,0,0,0,0,0,0,0,0,0,0,0,0,0,0,1,0,0,0,NA,0,0,leaf,2,m,i,p,0,0,0,0
Lachnaea globulifera,Lachnaea globulifera,Thymelaeaceae,Lachnaea globulifera,Meisn.,Thymelaeaceae,1,0,1,0,1,0,0,1,0,0,0,Jan,Dec,NA,NA,60,0,0,0,1,0,0,0,0,0,0,0,0,0,0,0,0,0,0,1,0,0,0,0.444,0,0,leaf,2,m,i,p,0,0,0,0
Lachnaea glomerata,Lachnaea glomerata,Thymelaeaceae,Lachnaea glomerata,Fourc.,Thymelaeaceae,1,0,1,0,1,0,0,1,0,0,0,Aug,Oct,NA,NA,45,0,0,0,1,0,0,0,0,0,0,0,0,0,0,0,0,1,0,1,0,0,0,0.693333333,0,0,leaf,2,m,i,p,0,0,0,0
Lachnaea grandiflora,Lachnaea grandiflora,Thymelaeaceae,Lachnaea grandiflora,(L.f.) Baill.,Thymelaeaceae,1,0,1,0,1,0,0,0,0,1,0,Aug,Jun,NA,NA,60,0,0,0,1,0,0,0,0,0,0,0,0,0,0,0,0,0,0,1,0,0,0,NA,0,0,leaf,3,h,i,p,0,0,0,0
Lachnaea macrantha,Lachnaea macrantha,Thymelaeaceae,Lachnaea macrantha,Meisn.,Thymelaeaceae,1,0,1,0,1,0,0,1,0,0,0,Sep,Jan,NA,NA,150,0,0,0,0,1,0,0,0,0,0,0,0,0,0,0,0,0,0,1,0,0,0,NA,0,0,leaf,2,m,i,p,0,0,0,0
Lachnaea penicillata,Lachnaea penicillata,Thymelaeaceae,Lachnaea penicillata,Meisn.,Thymelaeaceae,1,0,1,0,1,0,0,1,0,0,0,Jan,Dec,NA,NA,40,0,0,0,1,0,0,0,0,0,0,0,0,0,0,0,0,0,1,0,0,0,0,0.228,0,0,leaf,2,m,i,p,0,0,0,0
Lachnaea sociorum,Lachnaea sociorum,Thymelaeaceae,Lachnaea sociorum,Beyers,Thymelaeaceae,1,0,1,0,1,0,0,1,0,1,0,Aug,Jan,NA,NA,50,0,0,0,1,0,0,0,0,0,0,0,0,0,0,0,0,1,0,0,0,0,0,0.398,0,0,leaf,2,h,i,p,0,0,0,0
Lachnaea striata,Lachnaea striata,Thymelaeaceae,Lachnaea striata,(Lam.) Meisn.,Thymelaeaceae,1,0,1,0,1,0,0,0,0,1,0,Sep,Jan,NA,NA,60,0,0,0,1,0,0,0,0,0,0,0,0,0,0,0,0,0,0,1,0,0,0,0.5625,0,0,leaf,2,h,i,p,0,0,0,0
Lachnospermum fasciculatum,Lachnospermum fasciculatum,Asteraceae,Lachnospermum fasciculatum,(Thunb.) Baill.,Asteraceae,1,0,1,0,1,0,0,0,0,1,0,Jan,Mar,NA,NA,60,0,0,0,1,0,0,0,0,0,0,0,0,0,0,0,0,1,1,0,0,0,0,0.2,0,0,leaf,2,h,i,w,0,0,0,0
Lachnospermum umbellatum,Lachnospermum umbellatum,Asteraceae,Lachnospermum umbellatum,(D.Don) Pillans,Asteraceae,1,0,1,0,1,0,0,0,0,1,0,Nov,Mar,NA,NA,30,0,0,0,1,0,0,0,0,0,0,0,0,0,0,0,0,1,1,0,0,0,0,0.49,0,0,leaf,2,h,i,w,0,0,0,0
Lampranthus bicolor,Lampranthus bicolor,Aizoaceae,Lampranthus bicolor,(L.) N.E.Br.,Aizoaceae,1,0,1,0,1,0,0,1,0,0,0,Oct,Jan,NA,NA,30,0,0,0,1,0,0,0,0,0,0,0,0,1,1,1,0,0,1,0,0,0,0,1.75,0,0,leaf,2,l,i,p,0,0,0,0
Lampranthus elegans,Lampranthus elegans,Aizoaceae,Lampranthus elegans,(Jacq.) Schwantes,Aizoaceae,1,0,1,0,1,0,0,1,0,0,0,Sep,Nov,NA,NA,30,0,0,0,1,0,0,0,0,0,0,0,0,1,1,1,0,1,0,0,0,0,0,NA,0,0,leaf,2,l,i,p,0,0,0,0
Lampranthus emarginatus,Lampranthus emarginatus,Aizoaceae,Lampranthus emarginatus,(L.) N.E.Br.,Aizoaceae,1,0,1,0,1,0,0,1,0,0,0,Sep,Dec,NA,NA,30,0,0,0,1,0,0,0,0,0,0,0,0,1,1,1,0,1,1,0,0,0,0,NA,0,0,leaf,2,l,i,p,0,0,0,0
Lampranthus falcatus,Lampranthus falcatus,Aizoaceae,Lampranthus falcatus,(L.) N.E.Br.,Aizoaceae,1,0,1,0,1,0,0,1,0,0,0,Nov,Dec,NA,NA,30,0,0,0,1,0,0,0,0,0,0,0,0,1,1,1,0,0,1,0,0,0,0,NA,0,0,leaf,2,l,i,p,0,0,0,0
Lampranthus falciformis,Lampranthus falciformis,Aizoaceae,Lampranthus falciformis,(Haw.) N.E.Br.,Aizoaceae,1,0,1,0,1,0,0,1,0,0,0,Nov,Feb,NA,NA,20,0,0,0,1,0,0,0,0,0,0,0,0,1,1,1,0,1,1,0,0,0,0,1.5,0,0,leaf,2,l,i,p,0,0,0,0
Lampranthus laetus,Lampranthus laetus,Aizoaceae,Lampranthus laetus,(L.Bolus) L.Bolus,Aizoaceae,1,0,1,0,1,0,0,1,0,0,0,Oct,Oct,NA,NA,20,0,0,0,1,0,0,0,0,0,0,0,0,1,1,1,0,1,0,0,0,0,0,NA,0,0,leaf,2,l,i,p,0,0,0,0
Lampranthus promontorii,Lampranthus promontorii,Aizoaceae,Lampranthus promontorii,(L.Bolus) N.E.Br.,Aizoaceae,1,0,1,0,1,0,0,1,0,0,0,Dec,Jan,NA,NA,20,0,0,0,1,0,0,0,0,0,0,0,0,1,1,1,0,1,0,0,0,0,0,1.22,0,0,leaf,2,l,i,p,0,0,0,0
Lampranthus scaber,Lampranthus scaber,Aizoaceae,Lampranthus scaber,(L.) N.E.Br.,Aizoaceae,1,0,1,0,1,0,0,1,0,0,0,Aug,Aug,NA,NA,30,0,0,0,1,0,0,0,0,0,0,0,0,1,1,1,0,1,0,0,0,0,0,0.948,0,0,leaf,2,l,i,p,0,0,0,0
Lampranthus stenus,Lampranthus stenus,Aizoaceae,Lampranthus stenus,(Haw.) N.E.Br.,Aizoaceae,1,0,1,0,1,0,0,1,0,0,0,Nov,Feb,NA,NA,50,0,0,0,1,0,0,0,0,0,0,0,0,1,1,1,0,1,0,0,0,0,0,NA,0,0,leaf,2,l,i,p,0,0,0,0
Lampranthus tenuifolius,Lampranthus tenuifolius,Aizoaceae,Lampranthus tenuifolius,(L.) N.E.Br.,Aizoaceae,1,0,1,0,1,0,0,1,0,0,0,Oct,Nov,NA,NA,20,0,0,0,1,0,0,0,0,0,0,0,0,1,1,1,0,1,0,0,0,0,0,NA,0,0,leaf,2,l,i,p,0,0,0,0
Lanaria lanata,Lanaria lanata,Lanariaceae,Lanaria lanata,(L.) T.Durand & Schinz,Lanariaceae,1,0,1,0,1,0,0,0,0,1,0,Nov,Jan,NA,NA,80,1,0,0,0,0,0,0,0,0,0,0,0,0,0,0,0,1,0,0,0,0,0,79.27,0,0,leaf,3,h,i,u,0,0,0,0
Langebergia canescens,Langebergia canescens,Asteraceae,Langebergia canescens,(DC.) Anderb.,Asteraceae,1,0,1,0,1,0,0,0,0,0,0,Aug,Dec,NA,NA,30,0,0,0,1,0,0,0,0,0,0,0,0,0,0,0,0,0,1,0,0,0,0,NA,0,0,leaf,2,m,i,w,0,0,0,0
Lantana rugosa,Lantana rugosa,Verbenaceae,Lantana rugosa,Thunb.,Verbenaceae,1,0,1,0,1,0,0,0,0,0,0,Sep,May,NA,NA,100,0,0,0,0,1,0,0,0,0,0,0,0,0,0,0,0,0,0,1,0,0,0,2.7,0,0,leaf,1,h,i,m,0,0,0,0
Laurembergia repens,Laurembergia repens,Haloragaceae,Laurembergia repens,P.J.Bergius,Haloragaceae,1,0,1,1,1,0,0,0,0,0,0,Nov,Apr,NA,NA,10,1,0,0,0,0,0,0,0,0,0,0,0,0,0,0,0,0,1,0,0,0,0,0.9,0,0,leaf,2,l,u,p,0,0,0,0
Laurophyllus capensis,Laurophyllus capensis,Anacardiaceae,Laurophyllus capensis,Thunb.,Anacardiaceae,1,0,1,0,1,0,0,0,0,1,1,Aug,Jan,NA,NA,600,0,0,0,0,0,1,1,0,0,0,0,0,0,0,0,0,0,0,1,0,0,0,6.56,0,0,leaf,3,h,i,w,0,0,0,0
Lebeckia longipes,Lebeckia longipes,Fabaceae,Lebeckia longipes,Bolus,Fabaceae,1,0,1,0,1,0,0,0,0,0,0,Dec,Dec,NA,NA,60,0,0,0,1,0,0,0,1,0,0,0,0,0,0,0,0,1,0,0,0,0,0,NA,0,0,leaf,2,l,i,p,0,0,0,0
Lebeckia meyeriana,Lebeckia meyeriana,Fabaceae,Lebeckia meyeriana,Eckl. & Zeyh.,Fabaceae,1,0,1,0,1,0,0,0,0,0,0,Oct,Dec,NA,NA,40,0,0,0,1,0,0,0,0,0,0,0,0,0,0,0,0,1,0,0,0,0,0,NA,0,0,leaf,2,l,i,p,0,0,0,0
Leonotis ocymifolia,Leonotis ocymifolia,Lamiaceae,Leonotis ocymifolia,(Burm.f.) Iwarsson,Lamiaceae,1,0,1,0,1,0,0,0,0,0,0,Mar,May,NA,NA,500,0,0,0,0,0,1,0,0,0,0,0,0,0,0,0,0,0,0,1,0,0,0,NA,0,0,leaf,2,h,m,p,0,0,0,0
Leucadendron album,Leucadendron album,Proteaceae,Leucadendron album,(Thunb.) Fourc.,Proteaceae,1,0,0,1,1,0,0,0,0,0,1,Nov,Dec,NA,NA,200,0,0,0,1,0,0,0,0,0,0,0,0,0,0,0,0,0,1,0,0,0,0,NA,0,0,leaf,2,h,i,w,0,0,0,0
Leucadendron coniferum,Leucadendron coniferum,Proteaceae,Leucadendron coniferum,Meisn.,Proteaceae,1,0,0,1,1,0,0,0,0,0,1,Aug,Sep,NA,NA,400,0,0,0,0,0,1,1,0,0,0,0,0,0,0,0,0,0,1,0,0,0,0,4.55,0,0,leaf,2,h,w,w,0,0,0,0
Leucadendron dubium,Leucadendron dubium,Proteaceae,Leucadendron dubium,H.Buek ex Meisn.,Proteaceae,1,0,0,1,1,0,0,0,0,0,0,Aug,Sep,NA,NA,150,0,0,0,0,1,0,0,0,0,0,0,0,0,0,0,0,0,0,1,0,0,0,0.748,0,0,leaf,2,h,w,p,0,0,0,0
Leucadendron eucalyptifolium,Leucadendron eucalyptifolium,Proteaceae,Leucadendron eucalyptifolium,H.Buek ex Meisn.,Proteaceae,1,0,0,1,1,0,0,0,0,0,1,Jul,Oct,NA,NA,500,0,0,0,0,0,1,1,0,0,0,0,0,0,0,0,0,0,1,0,0,0,0,7.827272727,0,0,leaf,2,h,i,w,0,0,0,0
Leucadendron gandogeri,Leucadendron gandogeri,Proteaceae,Leucadendron gandogeri,Schinz ex Gand.,Proteaceae,1,0,0,1,1,0,0,0,0,0,1,Aug,Oct,NA,NA,160,0,0,0,0,1,0,0,0,0,0,0,0,0,0,0,0,0,0,1,0,0,0,6.14,0,0,leaf,2,h,i,w,0,0,0,0
Leucadendron glaberrimum,Leucadendron glaberrimum,Proteaceae,Leucadendron glaberrimum,(Schltr.) Compton,Proteaceae,1,0,0,1,1,0,0,0,0,1,1,Aug,Oct,NA,NA,130,0,0,0,0,1,0,0,0,0,0,0,0,0,0,0,0,0,1,0,0,0,0,2.5,0,0,leaf,2,h,i,p,0,0,0,0
Leucadendron laureolum,Leucadendron laureolum,Proteaceae,Leucadendron laureolum,(Lam.) Fourc.,Proteaceae,1,0,0,1,1,0,0,0,0,0,1,Jun,Jul,NA,NA,200,0,0,0,0,0,1,0,0,0,0,0,0,0,0,0,0,0,0,1,0,0,0,6.635135135,0,0,leaf,2,h,i,w,0,0,0,0
Leucadendron microcephalum,Leucadendron microcephalum,Proteaceae,Leucadendron microcephalum,Gand. & Schinz,Proteaceae,1,0,0,1,1,0,0,0,0,0,1,Jul,Jul,NA,NA,200,0,0,0,0,0,1,0,0,0,0,0,0,0,0,0,0,0,0,1,0,0,0,7.18,0,0,leaf,2,h,i,p,0,0,0,0
Leucadendron nitidum,Leucadendron nitidum,Proteaceae,Leucadendron nitidum,H.Buek ex Meisn.,Proteaceae,1,0,0,1,1,0,0,0,0,0,1,May,Nov,NA,NA,200,0,0,0,0,0,1,0,0,0,0,0,0,0,0,0,0,0,1,0,0,0,0,1.626,0,0,leaf,2,h,i,w,0,0,0,0
Leucadendron nobile,Leucadendron nobile,Proteaceae,Leucadendron nobile,I.Williams,Proteaceae,1,0,0,1,1,0,0,0,0,0,1,Oct,Mar,NA,NA,400,0,0,0,0,0,1,0,0,0,0,0,0,0,0,0,0,1,0,0,0,0,0,3.992222222,0,0,leaf,2,h,i,w,0,0,0,0
Leucadendron olens,Leucadendron olens,Proteaceae,Leucadendron olens,I.Williams,Proteaceae,1,0,0,1,1,0,0,0,0,0,0,Jun,Jul,NA,NA,120,0,0,0,0,1,0,0,0,0,0,0,0,0,0,0,0,0,1,0,0,0,0,NA,0,0,leaf,2,h,w,p,0,0,0,0
Leucadendron pubescens,Leucadendron pubescens,Proteaceae,Leucadendron pubescens,R.Br.,Proteaceae,1,0,0,1,1,0,0,0,0,0,0,Jul,Oct,NA,NA,250,0,0,0,0,0,1,0,0,0,0,0,0,0,0,0,0,0,1,0,0,0,0,4.1,0,0,leaf,2,h,i,p,0,0,0,0
Leucadendron pubibracteolatum,Leucadendron pubibracteolatum,Proteaceae,Leucadendron pubibracteolatum,I.Williams,Proteaceae,1,0,0,1,1,0,0,0,0,0,0,Jul,Aug,NA,NA,130,0,0,0,0,1,0,0,0,0,0,0,0,0,0,0,0,0,0,1,0,0,0,6.633333333,0,0,leaf,2,h,i,p,0,0,0,0
Leucadendron rourkei,Leucadendron rourkei,Proteaceae,Leucadendron rourkei,I.Williams,Proteaceae,1,0,0,1,1,0,0,0,0,0,1,Dec,Jan,NA,NA,600,0,0,0,0,0,1,1,0,0,0,0,0,0,0,0,0,1,0,0,0,0,0,NA,0,0,leaf,2,h,i,w,0,0,0,0
Leucadendron rubrum,Leucadendron rubrum,Proteaceae,Leucadendron rubrum,Burm.f.,Proteaceae,1,0,0,1,1,0,0,0,0,0,1,Aug,Sep,NA,NA,250,0,0,0,0,0,1,0,0,0,0,0,0,0,0,0,0,0,1,0,0,0,0,4.12875,0,0,leaf,2,h,w,w,0,0,0,0
Leucadendron salignum,Leucadendron salignum,Proteaceae,Leucadendron salignum,P.J.Bergius,Proteaceae,1,0,0,1,1,0,0,0,0,1,1,Apr,Nov,NA,NA,200,0,0,0,0,0,1,0,0,0,0,0,0,0,0,0,0,0,1,0,0,0,0,3.881086957,0,0,leaf,3,h,i,w,0,0,0,0
Leucadendron sorocephalodes,Leucadendron sorocephalodes,Proteaceae,Leucadendron sorocephalodes,E.Phillips & Hutch.,Proteaceae,1,0,0,1,1,0,0,0,0,0,0,Aug,Aug,NA,NA,30,0,0,0,1,0,0,0,0,0,0,0,0,0,0,0,0,1,0,0,0,0,0,NA,0,0,leaf,2,h,i,p,0,0,0,0
Leucadendron spirale,Leucadendron spirale,Proteaceae,Leucadendron spirale,(Salisb. ex Knight) I.Williams,Proteaceae,1,0,0,1,1,0,0,0,0,0,1,Nov,Jan,NA,NA,100,0,0,0,1,0,0,0,0,0,0,0,0,0,0,0,0,1,0,0,0,0,0,NA,0,0,leaf,2,h,i,w,0,0,0,0
Leucadendron spissifolium,Leucadendron spissifolium,Proteaceae,Leucadendron spissifolium,(Salisb. ex Knight) I.Williams,Proteaceae,1,0,0,1,1,0,0,0,0,1,1,Aug,Oct,NA,NA,130,0,0,0,0,1,0,0,0,0,0,0,0,0,0,0,0,0,1,0,0,0,0,2.88,0,0,leaf,3,h,i,w,0,0,0,0
Leucadendron tinctum,Leucadendron tinctum,Proteaceae,Leucadendron tinctum,I.Williams,Proteaceae,1,0,0,1,1,0,0,0,0,0,0,Jul,Aug,NA,NA,130,0,0,0,0,1,0,0,0,0,0,0,0,0,0,0,0,0,1,0,0,0,0,6.78,0,0,leaf,2,h,i,p,0,0,0,0
Leucadendron uliginosum,Leucadendron uliginosum,Proteaceae,Leucadendron uliginosum,R.Br.,Proteaceae,1,0,0,1,1,0,0,0,0,0,1,Oct,Dec,NA,NA,400,0,0,0,0,0,1,0,0,0,0,0,0,0,0,0,0,0,0,1,0,0,0,3.883333333,0,0,leaf,2,h,i,w,0,0,0,0
Leucadendron xanthoconus,Leucadendron xanthoconus,Proteaceae,Leucadendron xanthoconus,(Kuntze) K.Schum.,Proteaceae,1,0,0,1,1,0,0,0,0,0,1,Aug,Aug,NA,NA,200,0,0,0,0,0,1,0,0,0,0,0,0,0,0,0,0,0,1,0,0,0,0,4.257142857,0,0,leaf,2,h,w,w,0,0,0,0
Leucospermum calligerum,Leucospermum calligerum,Proteaceae,Leucospermum calligerum,(Salisb. ex Knight) Rourke.,Proteaceae,1,0,1,0,1,0,0,0,0,0,0,Jul,Jan,NA,NA,200,0,0,0,0,0,1,0,0,0,0,0,0,0,0,0,0,0,1,1,0,0,0,1.954,0,0,leaf,2,h,m,i,0,0,0,0
Leucospermum conocarpodendron,Leucospermum conocarpodendron,Proteaceae,Leucospermum conocarpodendron,(L.) H.Buek,Proteaceae,1,0,1,0,1,0,0,0,0,1,0,Aug,Dec,NA,NA,500,0,0,0,0,0,1,1,0,0,0,0,0,0,0,0,0,0,0,1,0,0,0,9.14,0,0,leaf,3,h,m,i,0,0,0,0
Leucospermum cuneiforme,Leucospermum cuneiforme,Proteaceae,Leucospermum cuneiforme,(Burm.f.) Rourke,Proteaceae,1,0,1,0,1,0,0,0,0,1,0,Aug,Feb,NA,NA,200,0,0,0,0,0,1,0,0,0,0,0,0,0,0,0,0,0,0,1,0,0,0,7.278571429,0,0,leaf,3,h,m,i,0,0,0,0
Leucospermum erubescens,Leucospermum erubescens,Proteaceae,Leucospermum erubescens,Rourke,Proteaceae,1,0,1,0,1,0,0,0,0,0,0,Aug,Jan,NA,NA,200,0,0,0,0,0,1,0,0,0,0,0,0,0,0,0,0,0,1,0,0,0,0,NA,0,0,leaf,2,h,m,i,0,0,0,0
Leucospermum hypophyllocarpodendron,Leucospermum hypophyllocarpodendron,Proteaceae,Leucospermum hypophyllocarpodendron,(L.) Druce,Proteaceae,1,0,1,0,1,0,0,0,0,1,0,Aug,Jan,NA,NA,20,0,0,0,1,0,0,0,0,0,0,0,0,0,0,0,0,1,1,0,0,0,0,NA,0,0,leaf,3,m,m,i,0,0,0,0
Leucospermum mundii,Leucospermum mundii,Proteaceae,Leucospermum mundii,Meisn.,Proteaceae,1,0,1,0,1,0,0,0,0,0,0,Jul,Nov,NA,NA,100,0,0,0,1,0,0,0,0,0,0,0,0,0,0,0,0,0,0,1,0,0,0,6.06,0,0,leaf,2,h,m,i,0,0,0,0
Leucospermum winteri,Leucospermum winteri,Proteaceae,Leucospermum winteri,Rourke,Proteaceae,1,0,1,0,1,0,0,0,0,0,0,Jul,Dec,NA,NA,130,0,0,0,0,1,0,0,0,0,0,0,0,0,0,0,0,0,0,1,0,0,0,NA,0,0,leaf,2,h,m,i,0,0,0,0
Leucospermum wittebergense,Leucospermum wittebergense,Proteaceae,Leucospermum wittebergense,Compton,Proteaceae,1,0,1,0,1,0,0,0,0,0,0,Aug,Jan,NA,NA,200,0,0,0,0,0,1,0,0,0,0,0,0,0,0,0,0,0,0,1,0,0,0,2.3,0,0,leaf,2,h,m,i,0,0,0,0
Leysera gnaphalodes,Leysera gnaphalodes,Asteraceae,Leysera gnaphalodes,(L.) L.,Asteraceae,1,0,1,0,1,0,0,0,0,0,0,Sep,Nov,NA,NA,40,0,0,0,1,0,0,0,0,0,0,0,0,0,0,0,0,1,0,0,0,0,0,NA,0,0,leaf,1,m,i,w,0,0,0,0
Lichtensteinia lacera,Lichtensteinia lacera,Apiaceae,Lichtensteinia lacera,Cham. & Schltdl.,Apiaceae,1,0,1,0,1,0,0,0,0,1,0,Dec,Mar,NA,NA,140,1,0,0,0,0,0,0,0,0,0,0,0,0,0,0,0,0,0,1,0,1,0,NA,0,0,leaf,3,l,i,w,0,0,0,0
Lichtensteinia latifolia,Lichtensteinia latifolia,Apiaceae,Lichtensteinia latifolia,Eckl. & Zeyh.,Apiaceae,1,0,1,0,1,0,0,0,0,1,0,Nov,Feb,NA,NA,140,1,0,0,0,0,0,0,0,0,0,0,0,0,0,0,0,0,0,1,0,1,0,NA,0,0,leaf,3,l,i,w,0,0,0,0
Lidbeckia quinqueloba,Lidbeckia lobata,Asteraceae,Lidbeckia quinqueloba,(L.f.) Cass.,Asteraceae,1,0,1,0,1,0,0,0,0,0,0,Sep,Dec,NA,NA,60,0,0,0,1,0,0,0,0,0,0,0,0,0,0,0,0,0,0,1,0,1,0,1.76,0,0,leaf,2,l,i,w,0,0,0,0
Limeum aethiopicum,Limeum aethiopicum,Molluginaceae,Limeum aethiopicum,Burm.f.,Limeaceae,1,0,1,0,1,0,0,0,0,1,0,Feb,Mar,NA,NA,15,0,0,0,1,0,0,0,0,0,0,0,0,0,0,0,0,0,0,1,0,0,0,NA,0,0,leaf,2,l,i,u,0,0,0,0
Limonium scabrum,Limonium scabrum,Plumbaginaceae,Limonium scabrum,(Thunb.) Kuntze,Plumbaginaceae,1,0,1,0,1,0,0,0,0,0,0,Oct,May,NA,NA,25,1,0,0,0,0,0,0,0,0,0,0,0,0,0,0,0,0,0,1,0,0,0,2.64,0,0,leaf,2,l,i,w,0,0,0,0
Linconia alopecuroidea,Linconia alopecuroidea,Bruniaceae,Linconia alopecuroidea,L.,Bruniaceae,1,0,1,0,1,0,0,0,0,1,0,Sep,Nov,NA,NA,100,0,0,0,1,0,0,0,0,0,0,0,0,0,0,0,0,0,1,0,0,0,0,NA,0,0,leaf,3,h,i,w,0,0,0,0
Linum africanum,Linum africanum,Linaceae,Linum africanum,L.,Linaceae,1,0,1,0,1,0,0,0,0,1,0,Nov,Jan,NA,NA,50,0,0,0,1,0,0,0,0,0,0,0,0,0,0,0,0,0,1,0,0,0,0,NA,0,0,leaf,2,m,i,p,0,0,0,0
Linum gracile,Linum gracile,Linaceae,Linum gracile,Sm. ex Planch.,Linaceae,1,0,1,0,1,0,0,0,0,1,0,Sep,Feb,NA,NA,50,0,0,0,1,0,0,0,0,0,0,0,0,0,0,0,0,0,0,1,0,0,0,NA,0,0,leaf,2,m,i,p,0,0,0,0
Linum pungens,Linum pungens,Linaceae,Linum pungens,Planch.,Linaceae,1,0,1,0,1,0,0,0,0,1,0,Dec,Jan,NA,NA,50,0,0,0,1,0,0,0,0,0,0,0,0,0,0,0,0,0,1,1,0,0,0,NA,0,0,leaf,2,m,i,p,0,0,0,0
Linum thunbergii,Linum thunbergii,Linaceae,Linum thunbergii,Eckl. & Zeyh.,Linaceae,1,0,1,0,1,0,0,0,0,1,0,Oct,Jan,NA,NA,50,0,0,0,1,0,0,0,0,0,0,0,0,0,0,0,0,1,0,0,0,0,0,NA,0,0,leaf,2,m,i,p,0,0,0,0
Liparia calycina,Liparia calycina,Fabaceae,Liparia calycina,(L.Bolus) A.L.Schutte,Fabaceae,1,0,1,0,1,0,0,0,0,0,0,Aug,Nov,NA,NA,250,0,0,0,0,0,1,0,0,0,0,0,0,0,0,0,0,0,0,1,0,0,0,NA,0,0,leaf,2,h,i,p,0,0,0,0
Liparia parva,Liparia parva,Fabaceae,Liparia parva,Vogel ex Walp.,Fabaceae,1,0,1,0,1,0,0,0,0,1,0,May,Nov,NA,NA,20,0,0,0,1,0,0,0,0,0,0,0,0,0,0,0,0,0,0,1,0,0,0,1.7,0,0,leaf,3,h,m,p,0,0,0,0
Lobelia anceps,Lobelia anceps,Campanulaceae,Lobelia anceps,L.f.,Campanulaceae,1,0,1,0,1,0,0,0,0,0,0,Nov,Jun,NA,NA,5,1,0,0,0,0,0,0,0,0,0,0,0,0,0,0,0,0,0,1,0,0,0,NA,0,1,leaf,1,m,i,p,0,0,0,0
Lobelia capillifolia,Lobelia capillifolia,Campanulaceae,Lobelia capillifolia,A.DC.,Campanulaceae,1,0,1,0,1,0,0,0,0,0,0,Sep,May,NA,NA,50,1,0,0,0,0,0,0,0,0,0,0,0,0,0,0,0,1,0,0,0,0,0,2.173,0,1,leaf,1,l,i,p,0,0,0,0
Lobelia chamaepitys,Lobelia chamaepitys,Campanulaceae,Lobelia chamaepitys,Lam.,Campanulaceae,1,0,1,0,1,0,0,0,0,0,0,Sep,Apr,NA,NA,30,0,0,0,1,0,0,0,0,0,0,0,0,0,0,0,0,1,0,0,0,0,1,NA,0,0,leaf,1,l,i,p,0,0,0,0
Lobelia comosa,Lobelia comosa,Campanulaceae,Lobelia comosa,L.,Campanulaceae,0,1,1,0,1,0,0,0,0,0,0,Aug,Jan,NA,NA,50,0,0,0,1,0,0,0,0,0,0,0,0,0,0,0,0,1,1,0,0,0,0,NA,0,1,leaf,0,l,i,p,0,0,0,0
Lobelia coronopifolia,Lobelia coronopifolia,Campanulaceae,Lobelia coronopifolia,L.,Campanulaceae,1,0,1,0,1,0,0,0,0,0,0,Oct,Apr,NA,NA,30,0,0,0,1,0,0,0,0,0,0,0,0,0,0,0,0,1,1,0,0,0,1,2.165,0,0,leaf,1,l,i,p,0,0,0,0
Lobelia jasionoides,Lobelia jasionoides,Campanulaceae,Lobelia jasionoides,(A.DC.) E.Wimm.,Campanulaceae,1,0,1,0,1,0,0,0,0,0,0,Oct,Feb,NA,NA,50,1,0,0,0,0,0,0,0,0,0,0,0,0,0,0,0,0,0,1,0,0,0,NA,0,0,leaf,1,l,i,p,0,0,0,0
Lobelia linearis,Lobelia linearis,Campanulaceae,Lobelia linearis,Thunb.,Campanulaceae,1,0,1,0,1,0,0,0,0,0,0,Sep,Mar,NA,NA,70,0,0,0,1,0,0,0,0,0,0,0,0,0,0,0,0,1,0,0,0,0,0,NA,0,1,leaf,2,m,i,p,0,0,0,0
Lobelia neglecta,Lobelia neglecta,Campanulaceae,Lobelia neglecta,Roem. & Schult.,Campanulaceae,1,0,1,0,1,0,0,0,0,0,0,Jan,Dec,NA,NA,50,0,0,0,1,0,0,0,0,0,0,0,0,0,0,0,0,0,0,1,0,0,0,1.19,0,0,leaf,1,l,i,p,0,0,0,0
Lobelia patula,Lobelia patula,Campanulaceae,Lobelia patula,L.f.,Campanulaceae,1,0,1,0,1,0,0,0,0,0,0,Oct,Dec,NA,NA,40,1,0,0,0,0,0,0,0,0,0,0,0,0,0,0,0,0,0,1,0,0,0,NA,0,0,leaf,1,l,i,p,0,0,0,0
Lobelia pinifolia,Lobelia pinifolia,Campanulaceae,Lobelia pinifolia,L.,Campanulaceae,1,0,1,0,1,0,0,0,0,0,0,Dec,Apr,NA,NA,50,0,0,0,1,0,0,0,0,0,0,0,0,0,0,0,0,1,0,0,0,0,0,1.936363636,0,0,leaf,2,m,i,p,0,0,0,0
Lobelia pubescens,Lobelia pubescens,Campanulaceae,Lobelia pubescens,Dryand.,Campanulaceae,1,1,1,0,1,0,0,0,0,0,0,Oct,Mar,NA,NA,50,1,0,0,0,0,0,0,0,0,0,0,0,0,0,0,0,0,0,1,0,0,1,NA,0,1,leaf,1,l,i,p,0,0,0,0
Lobelia setacea,Lobelia setacea,Campanulaceae,Lobelia setacea,Thunb.,Campanulaceae,1,0,1,0,1,0,0,0,0,0,0,Nov,Apr,NA,NA,60,1,0,0,0,0,0,0,0,0,0,0,0,0,0,0,0,1,0,0,0,0,0,7.325,0,1,leaf,1,l,i,p,0,0,0,0
Lobelia tomentosa,Lobelia tomentosa,Campanulaceae,Lobelia tomentosa,L.f.,Campanulaceae,1,0,1,0,1,0,0,0,0,0,0,Nov,Jun,NA,NA,40,0,0,0,1,0,0,0,0,0,0,0,0,0,0,0,0,0,0,1,0,0,1,1.67,0,0,leaf,1,l,i,p,0,0,0,0
Lobostemon cinereus,Lobostemon trichotomus,Boraginaceae,Lobostemon cinereus,DC. & A.DC,Boraginaceae,1,0,1,0,1,0,0,0,0,0,0,Aug,Nov,NA,NA,100,0,0,0,1,0,0,0,0,0,0,0,0,0,0,0,0,0,1,0,0,0,0,1.23,0,0,leaf,2,h,i,p,0,0,0,0
Lobostemon decorus,Lobostemon decorus,Boraginaceae,Lobostemon decorus,Levyns,Boraginaceae,1,0,1,0,1,0,0,0,0,0,0,Aug,Oct,NA,NA,100,0,0,0,1,0,0,0,0,0,0,0,0,0,0,0,0,1,0,0,0,0,0,NA,0,0,leaf,2,h,i,p,0,0,0,0
Lobostemon echioides,Lobostemon echioides,Boraginaceae,Lobostemon echioides,Lehm.,Boraginaceae,1,0,1,0,1,0,0,0,0,0,0,Aug,Oct,NA,NA,80,0,0,0,1,0,0,0,0,0,0,0,0,0,0,0,0,0,1,0,0,0,0,2.0925,0,0,leaf,2,h,i,p,0,0,0,0
Lobostemon fruticosus,Lobostemon fruticosus,Boraginaceae,Lobostemon fruticosus,H.Buek,Boraginaceae,1,0,1,0,1,0,0,0,0,0,0,May,Dec,NA,NA,80,0,0,0,1,0,0,0,0,0,0,0,0,0,0,0,0,0,1,0,0,0,0,3.645454545,0,0,leaf,2,h,i,p,0,0,0,0
Lobostemon glaucophyllus,Lobostemon glaucophyllus,Boraginaceae,Lobostemon glaucophyllus,Buek.,Boraginaceae,1,0,1,0,1,0,0,0,0,0,0,Jul,Oct,NA,NA,80,0,0,0,1,0,0,0,0,0,0,0,0,0,0,0,0,0,1,0,0,0,0,5.68,0,0,leaf,2,h,i,p,0,0,0,0
Lobostemon montanus,Lobostemon montanus,Boraginaceae,Lobostemon montanus,H.Buek,Boraginaceae,1,0,1,0,1,0,0,0,0,0,0,Jul,Sep,NA,NA,120,0,0,0,0,1,0,0,0,0,0,0,0,0,0,0,0,0,1,0,0,0,0,5.18,0,0,leaf,2,h,i,p,0,0,0,0
Lobostemon muirii,Lobostemon muirii,Boraginaceae,Lobostemon muirii,Levyns,Boraginaceae,1,0,1,0,1,0,0,0,0,1,0,Jun,Aug,NA,NA,90,0,0,0,1,0,0,0,0,0,0,0,0,0,0,0,0,0,1,0,0,0,0,3.62,0,0,leaf,2,h,i,p,0,0,0,0
Lotononis pungens,Lotononis pungens,Fabaceae,Lotononis pungens,Eckl. & Zeyh.,Fabaceae,1,0,1,0,1,0,0,0,0,1,0,Aug,Mar,NA,NA,20,0,0,0,1,0,0,0,0,0,0,0,0,0,0,0,0,1,0,1,1,0,0,NA,0,0,leaf,2,l,i,p,0,0,0,0
Loxostylis alata,Loxostylis alata,Anacardiaceae,Loxostylis alata,Spreng. ex Rchb.,Anacardiaceae,1,0,1,0,1,0,0,0,0,1,0,Sep,Mar,NA,NA,600,0,0,0,0,0,0,1,0,0,0,0,0,0,0,0,0,0,0,1,1,0,0,10.45,0,0,leaf,3,h,i,m,0,0,0,0
Lycium afrum,Lycium afrum,Solanaceae,Lycium afrum,L.,Solanaceae,1,0,1,0,1,0,0,0,0,0,0,Jul,Sep,NA,NA,300,0,0,0,0,0,1,1,0,0,0,0,0,0,0,0,0,1,0,0,0,0,0,NA,0,0,leaf,3,m,i,m,0,0,0,0
Lycium ferocissimum,Lycium ferocissimum,Solanaceae,Lycium ferocissimum,Miers,Solanaceae,1,0,1,0,1,0,0,0,0,0,0,Jul,Sep,NA,NA,200,0,0,0,0,0,1,0,0,0,0,0,0,0,0,0,0,0,0,1,0,0,0,2.166666667,0,0,leaf,3,m,i,m,0,0,0,0
Lycopodium zanclophyllum,Lycopodium complanatum,Lycopodiaceae,Diphasiastrum zanclophyllum,(J.H.Wilce) Holub,Lycopodiaceae,1,0,1,0,1,0,0,0,0,1,0,NA,NA,NA,NA,25,1,0,0,0,0,0,0,0,0,0,0,0,0,0,0,0,1,0,0,0,0,0,0.3,0,0,leaf,2,l,w,w,0,0,0,1
Machairophyllum albidum,Machairophyllum cookii,Aizoaceae,Machairophyllum albidum,(L.) Schwantes,Aizoaceae,1,0,1,0,1,0,0,1,0,1,0,Oct,Nov,NA,NA,8,1,0,0,0,0,0,0,0,0,0,0,0,1,1,0,0,0,1,0,0,0,0,NA,0,0,leaf,2,l,i,p,0,0,0,0
Machairophyllum bijliae,Machairophyllum acuminatum,Aizoaceae,Machairophyllum bijlii,(N.E.Br.) L.Bolus,Aizoaceae,1,0,1,0,1,0,0,1,0,1,0,Nov,Nov,NA,NA,4,1,0,0,0,0,0,0,0,0,0,0,0,1,1,0,0,0,1,0,0,0,0,NA,0,0,leaf,2,l,i,p,0,0,0,0
Macledium spinosum,Dicoma spinosa,Asteraceae,Macledium spinosum,(L.) S.Ortiz,Asteraceae,1,0,1,0,1,0,0,0,0,1,0,Sep,Feb,NA,NA,20,0,0,0,1,0,0,0,0,0,0,0,0,0,0,0,0,0,0,1,0,0,0,1.78,0,0,leaf,2,m,i,w,0,0,0,0
Macrostylis squarrosa,Macrostylis squarrosa,Rutaceae,Macrostylis squarrosa,Bartl. & H.L.Wendl.,Rutaceae,1,0,1,0,1,0,0,0,0,0,0,Aug,Feb,NA,NA,30,0,0,0,1,0,0,0,0,0,0,0,0,0,0,0,0,0,0,1,0,0,0,0.248,0,0,leaf,2,h,i,p,0,0,0,0
Macrostylis tenuis,Macrostylis tenuis,Rutaceae,Macrostylis tenuis,E.Mey.,Rutaceae,1,0,1,0,1,0,0,0,0,1,0,Sep,Mar,NA,NA,90,0,0,0,1,0,0,0,0,0,0,0,0,0,0,0,0,0,0,1,0,0,0,0.256,0,0,leaf,2,h,i,p,0,0,0,0
Macrostylis villosa,Macrostylis villosa,Rutaceae,Macrostylis villosa,(Thunb.) Sond.,Rutaceae,1,0,1,0,1,0,0,0,0,1,0,Dec,Jul,NA,NA,30,0,0,0,1,0,0,0,0,0,0,0,0,0,0,0,0,0,1,0,0,0,0,0.675,0,0,leaf,3,m,i,p,0,0,0,0
Mairia coriacea,Mairia coriacea,Asteraceae,Mairia coriacea,H.Bol,Asteraceae,1,0,1,0,1,0,0,0,1,1,0,Nov,Mar,NA,NA,12,1,0,0,0,0,0,0,0,0,0,0,0,0,0,0,0,0,0,1,0,0,0,NA,0,0,leaf,2,l,i,w,0,0,0,0
Mairia crenata,Mairia crenata,Asteraceae,Zyrphelis crenata,(Thunb.) Kuntze,Asteraceae,1,0,1,0,1,0,0,0,1,1,0,Sep,Mar,NA,NA,15,1,0,0,0,0,0,0,0,0,0,0,0,0,0,0,0,0,0,1,0,0,0,NA,0,0,leaf,2,l,i,w,0,0,0,0
Mairia hirsuta,Mairia hirsuta,Asteraceae,Mairia purpurata,(L.) J.C.Manning,Asteraceae,1,0,1,0,1,0,0,0,1,1,0,Jul,Sep,NA,NA,30,1,0,0,0,0,0,0,0,0,0,0,0,0,0,0,0,0,1,0,0,0,0,NA,0,0,leaf,2,l,i,w,0,0,0,0
Manulea cephalotes,Manulea cephalotes,Scrophulariaceae,Manulea cephalotes,Thunb.,Scrophulariaceae,1,0,1,0,1,0,0,1,0,0,0,Dec,Apr,NA,NA,100,1,0,0,0,0,0,0,0,0,0,0,0,0,0,0,0,0,0,1,0,0,0,NA,0,0,leaf,1,l,i,p,0,0,0,0
Manulea cheiranthus,Manulea cheiranthus,Scrophulariaceae,Manulea cheiranthus,(L.) L.,Scrophulariaceae,0,1,1,0,0,1,1,1,0,0,0,Jul,Nov,NA,NA,30,1,0,0,0,0,0,0,0,0,0,0,0,0,0,0,0,0,1,1,0,0,0,NA,0,0,leaf,0,l,i,p,0,0,0,0
Manulea laxa,Manulea laxa,Scrophulariaceae,Manulea laxa,Schltr.,Scrophulariaceae,1,0,1,0,1,0,0,1,0,0,0,Sep,Oct,NA,NA,80,1,0,0,0,0,0,0,0,0,0,0,0,0,0,0,0,0,1,0,0,0,0,NA,0,0,leaf,1,l,i,p,0,0,0,0
Manulea tomentosa,Manulea tomentosa,Scrophulariaceae,Manulea tomentosa,(L.) L.,Scrophulariaceae,1,0,1,0,1,0,0,1,0,0,0,Aug,Dec,NA,NA,60,1,0,0,0,0,0,0,0,0,0,0,0,0,0,0,0,0,1,0,0,0,0,NA,0,0,leaf,1,l,i,p,0,0,0,0
Mastersiella digitata,Mastersiella digitata,Restionaceae,Mastersiella digitata,(Thunb.) Gilg-Ben.,Restionaceae,1,0,0,1,1,0,0,0,0,0,0,Mar,Sep,NA,NA,100,0,0,1,0,0,0,0,0,0,0,0,0,0,0,0,0,1,0,0,0,0,0,29.22,1,1,culm_stem,2,h,w,i,0,0,0,0
Mastersiella purpurea,Mastersiella purpurea,Restionaceae,Mastersiella purpurea,(Pillans) H.P.Linder,Restionaceae,1,0,0,1,1,0,0,0,0,0,0,Feb,Feb,NA,NA,100,0,0,1,0,0,0,0,0,0,0,0,0,0,0,0,0,1,0,0,0,0,0,50.45,1,1,culm_stem,2,h,w,i,0,0,0,0
Mastersiella spathulata,Mastersiella spathulata,Restionaceae,Mastersiella spathulata,(Pillans) H.P.Linder,Restionaceae,1,0,0,1,1,0,0,0,0,1,0,Sep,Sep,NA,NA,100,0,0,1,0,0,0,0,0,0,0,0,0,0,0,0,0,1,0,0,0,0,0,NA,1,1,culm_stem,2,h,w,i,0,0,0,0
Maurocenia frangula,Maurocenia frangula,Celastraceae,Maurocenia frangula,Mill.,Celastraceae,1,0,1,0,1,0,0,0,0,1,0,Jan,May,NA,NA,500,0,0,0,0,0,1,1,0,0,0,0,0,0,0,0,0,0,0,1,0,0,0,4.666666667,0,0,leaf,3,m,i,m,0,0,0,0
Maytenus acuminata,Maytenus acuminata,Celastraceae,Maytenus acuminata,(L.f.) Loes.,Celastraceae,1,0,1,0,1,0,0,0,0,0,0,May,Jan,NA,NA,1000,0,0,0,0,0,0,1,0,0,0,0,0,0,0,0,0,0,1,1,0,0,0,6.18,0,0,leaf,3,m,i,m,0,0,0,0
Maytenus lucida,Maytenus lucida,Celastraceae,Maytenus lucida,(L.) Loes.,Celastraceae,1,0,1,0,1,0,0,0,0,1,0,Jun,Jan,NA,NA,150,0,0,0,0,1,0,0,0,0,0,0,0,0,0,0,0,0,0,1,0,0,0,3.666666667,0,0,leaf,3,m,i,m,0,0,0,0
Maytenus oleoides,Maytenus oleoides,Celastraceae,Maytenus oleoides,(Lam.) Loes.,Celastraceae,1,0,1,0,1,0,0,0,0,1,0,Apr,Sep,NA,NA,400,0,0,0,0,0,0,1,0,0,0,0,0,0,0,0,0,0,1,1,0,0,0,2.8,0,0,leaf,3,h,i,m,0,0,0,0
Maytenus undata,Maytenus undata,Celastraceae,Maytenus undata,(Thunb.) Blakelock,Celastraceae,1,0,1,0,1,0,0,0,0,0,0,Nov,Mar,NA,NA,1000,0,0,0,0,0,0,1,0,0,0,0,0,0,0,0,0,0,0,1,0,0,0,NA,0,0,leaf,3,h,i,m,0,0,0,0
Melianthus major,Melianthus major,Melianthaceae,Melianthus major,L.,Francoaceae,1,0,1,0,1,0,0,0,0,1,0,Aug,Sep,NA,NA,200,0,0,0,0,0,1,0,0,0,0,0,0,0,0,0,0,0,0,1,1,0,0,15.56,0,0,leaf,2,m,m,p,0,0,0,0
Melica racemosa,Melica racemosa,Poaceae,Melica racemosa,Thunb.,Poaceae,1,0,1,0,1,0,0,1,0,1,0,Oct,Mar,NA,NA,100,0,0,1,0,0,0,0,0,0,0,0,0,0,0,0,0,1,0,0,0,0,0,NA,0,0,leaf,2,h,w,i,0,0,0,0
Melinis nerviglumis,Melinis nerviglumis,Poaceae,Melinis nerviglumis,(Franch.) Zizka,Poaceae,1,0,1,0,1,0,0,1,0,0,0,Nov,Dec,NA,NA,80,0,0,1,0,0,0,0,0,0,0,0,0,0,0,0,0,1,0,0,0,0,0,NA,0,0,leaf,2,h,w,w,0,0,0,0
Melinis repens,Melinis repens,Poaceae,Melinis repens,(Willd.) Zizka,Poaceae,1,1,1,0,1,0,0,1,0,0,0,Oct,Feb,NA,NA,80,0,0,1,0,0,0,0,0,0,0,0,0,0,0,0,0,1,0,0,0,0,0,9.248333333,0,0,leaf,1,h,w,w,0,0,0,0
Melolobium candicans,Melolobium candicans,Fabaceae,Melolobium candicans,Eckl. & Zeyh.,Fabaceae,1,0,1,0,1,0,0,0,0,0,0,May,Jan,NA,NA,60,0,0,0,1,0,0,0,0,0,0,0,0,0,0,0,0,0,1,0,1,0,0,NA,0,0,leaf,2,l,i,p,0,0,0,0
Merciera azurea,Merciera azurea,Campanulaceae,Merciera azurea,Schltr.,Campanulaceae,1,0,1,0,1,0,0,0,0,1,0,Nov,Feb,NA,NA,30,0,0,0,1,0,0,0,0,0,0,0,0,0,0,0,0,1,0,0,0,0,0,1.554,0,0,leaf,2,m,i,p,0,0,0,0
Merciera brevifolia,Merciera brevifolia,Campanulaceae,Merciera brevifolia,A.DC.,Campanulaceae,1,0,1,0,1,0,0,0,0,1,0,Nov,Mar,NA,NA,30,0,0,0,1,0,0,0,0,0,0,0,0,0,0,0,0,1,0,0,0,0,0,NA,0,0,leaf,2,m,i,p,0,0,0,0
Merciera tenuifolia,Merciera tenuifolia,Campanulaceae,Merciera tenuifolia,(L.f.) A.DC.,Campanulaceae,1,0,1,0,1,0,0,0,0,1,0,Dec,Mar,NA,NA,30,0,0,0,1,0,0,0,0,0,0,0,0,0,0,0,0,1,0,0,0,0,0,0.608,0,0,leaf,2,m,i,p,0,0,0,0
Mesembryanthemum crystallinum,Mesembryanthemum crystallinum,Aizoaceae,Mesembryanthemum crystallinum,L.,Aizoaceae,1,0,1,0,1,0,0,1,0,0,0,Nov,Dec,NA,NA,20,0,0,0,1,0,0,0,1,0,0,0,0,1,1,1,0,0,0,1,0,0,0,2.24,0,0,leaf,0,l,i,p,0,0,0,0
Metalasia brevifolia,Metalasia brevifolia,Asteraceae,Metalasia brevifolia,(Lam.) Levyns,Asteraceae,1,0,1,0,1,0,0,0,0,0,0,Sep,Dec,NA,NA,100,0,0,0,1,0,0,0,0,0,0,0,0,0,0,0,0,1,1,0,0,0,0,0.766666667,0,0,leaf,2,h,i,w,0,0,0,0
Metalasia capitata,Metalasia capitata,Asteraceae,Metalasia capitata,(Lam.) Less.,Asteraceae,1,0,1,0,1,0,0,0,0,0,0,Aug,Sep,NA,NA,60,0,0,0,1,0,0,0,0,0,0,0,0,0,0,0,0,1,0,0,0,0,0,NA,0,0,leaf,2,h,i,w,0,0,0,0
Metalasia cephalotes,Metalasia cephalotes,Asteraceae,Metalasia cephalotes,(Thunb.) Less.,Asteraceae,1,0,1,0,1,0,0,0,0,0,0,Aug,Nov,NA,NA,100,0,0,0,1,0,0,0,0,0,0,0,0,0,0,0,0,1,1,0,0,0,0,0.59,0,0,leaf,2,h,i,w,0,0,0,0
Metalasia densa,Metalasia densa,Asteraceae,Metalasia densa,(Lam.) P.O.Karis,Asteraceae,1,0,1,0,1,0,0,0,0,0,0,Jun,Oct,NA,NA,250,0,0,0,0,0,1,0,0,0,0,0,0,0,0,0,0,0,1,1,0,0,0,0.597333333,0,0,leaf,2,h,i,w,0,0,0,0
Metalasia dregeana,Metalasia dregeana,Asteraceae,Metalasia dregeana,DC.,Asteraceae,1,0,1,0,1,0,0,0,0,0,0,Mar,Apr,NA,NA,250,0,0,0,0,0,1,0,0,0,0,0,0,0,0,0,0,0,1,1,0,0,0,0.73,0,0,leaf,2,h,i,w,0,0,0,0
Metalasia fastigiata,Metalasia fastigiata,Asteraceae,Metalasia fastigiata,(Thunb.) D.Don,Asteraceae,1,0,1,0,1,0,0,0,0,0,0,Aug,Dec,NA,NA,150,0,0,0,0,1,0,0,0,0,0,0,0,0,0,0,0,1,1,0,0,0,0,NA,0,0,leaf,2,h,i,w,0,0,0,0
Metalasia galpinii,Metalasia galpinii,Asteraceae,Metalasia galpinii,L.Bolus,Asteraceae,1,0,1,0,1,0,0,0,0,0,0,Nov,Dec,NA,NA,120,0,0,0,0,1,0,0,0,0,0,0,0,0,0,0,0,1,0,0,0,0,0,1.21,0,0,leaf,2,h,i,w,0,0,0,0
Metalasia lichtensteinii,Metalasia lichtensteinii,Asteraceae,Metalasia lichtensteinii,Less.,Asteraceae,1,0,1,0,1,0,0,0,0,1,0,Aug,Jan,NA,NA,150,0,0,0,0,1,0,0,0,0,0,0,0,0,0,0,0,1,1,0,0,0,0,0.476,0,0,leaf,2,h,i,w,0,0,0,0
Metalasia massonii,Metalasia massonii,Asteraceae,Metalasia massonii,S.Moore,Asteraceae,1,0,1,0,1,0,0,0,0,0,0,Aug,Oct,NA,NA,250,0,0,0,0,0,1,0,0,0,0,0,0,0,0,0,0,1,0,0,0,0,0,0.545,0,0,leaf,2,h,i,w,0,0,0,0
Metalasia muricata,Metalasia muricata,Asteraceae,Metalasia muricata,(L.) D.Don,Asteraceae,1,0,1,0,1,0,0,0,0,0,0,May,Sep,NA,NA,250,0,0,0,0,0,1,0,0,0,0,0,0,0,0,0,0,0,1,1,0,0,0,0.521428571,0,0,leaf,2,h,i,w,0,0,0,0
Metalasia pallida,Metalasia pallida,Asteraceae,Metalasia pallida,Bolus,Asteraceae,1,0,1,0,1,0,0,0,0,0,0,Aug,Nov,NA,NA,200,0,0,0,0,0,1,0,0,0,0,0,0,0,0,0,0,1,0,0,0,0,0,NA,0,0,leaf,2,h,i,w,0,0,0,0
Metalasia pungens,Metalasia pungens,Asteraceae,Metalasia pungens,D.Don,Asteraceae,1,0,1,0,1,0,0,0,0,0,0,Apr,Jul,NA,NA,250,0,0,0,0,0,1,0,0,0,0,0,0,0,0,0,0,1,1,0,0,0,0,0.602142857,0,0,leaf,2,h,i,w,0,0,0,0
Metalasia trivialis,Metalasia trivialis,Asteraceae,Metalasia trivialis,P.O.Karis,Asteraceae,1,0,1,0,1,0,0,0,0,0,0,Sep,Dec,NA,NA,300,0,0,0,0,0,1,0,0,0,0,0,0,0,0,0,0,1,0,0,0,0,0,NA,0,0,leaf,2,h,i,w,0,0,0,0
Metrosideros angustifolia,Metrosideros angustifolia,Myrtaceae,Metrosideros angustifolia,(L.) Sm.,Myrtaceae,1,0,1,0,1,0,0,0,0,1,0,Dec,Feb,NA,NA,500,0,0,0,0,0,0,1,0,0,0,0,0,0,0,0,0,0,0,1,0,0,0,6.35,0,0,leaf,3,h,i,p,0,0,0,0
Microdon dubius,Microdon dubius,Scrophulariaceae,Microdon dubius,(L.) Hilliard,Scrophulariaceae,1,0,1,0,1,0,0,0,0,0,0,Sep,Jan,NA,NA,70,0,0,0,1,0,0,0,0,0,0,0,0,0,0,0,0,1,0,0,0,0,0,1.0625,0,0,leaf,0,m,i,p,0,0,0,0
Microloma tenuifolium,Microloma tenuifolium,Apocynaceae,Microloma tenuifolium,(L.) K.Schum.,Apocynaceae,1,0,1,0,0,1,1,1,0,1,0,Jun,Nov,NA,NA,100,0,0,0,0,0,0,0,0,1,0,0,1,0,0,0,0,1,0,0,0,0,0,NA,0,0,leaf,2,l,i,w,0,0,0,0
Mimetes cucullatus,Mimetes cucullatus,Proteaceae,Mimetes cucullatus,(L.) R.Br.,Proteaceae,1,0,1,0,1,0,0,0,0,1,0,Aug,Mar,NA,NA,140,0,0,0,0,1,0,0,0,0,0,0,0,0,0,0,0,0,0,1,0,0,0,4.24,0,0,leaf,3,h,m,i,0,0,0,0
Mimetes fimbriifolius,Mimetes fimbriifolius,Proteaceae,Mimetes fimbriifolius,Knight,Proteaceae,1,0,1,0,1,0,0,0,0,1,0,Jul,Dec,NA,NA,400,0,0,0,0,0,0,1,0,0,0,0,0,0,0,0,0,0,0,1,0,0,0,7.266666667,0,0,leaf,3,h,m,i,0,0,0,0
Mimetes splendidus,Mimetes splendidus,Proteaceae,Mimetes splendidus,Knight,Proteaceae,1,0,1,0,1,0,0,0,0,1,0,May,Jul,NA,NA,300,0,0,0,0,0,1,0,0,0,0,0,0,0,0,0,0,0,1,1,0,0,0,NA,0,0,leaf,2,h,m,i,0,0,0,0
Mohria caffrorum,Mohria caffrorum,Anemiaceae,Anemia afrorum,(L.) Christenh.,Anemiaceae,1,0,1,0,1,0,0,0,0,1,0,NA,NA,NA,NA,20,1,0,0,0,0,0,0,0,0,0,0,0,0,0,0,0,1,0,0,1,0,1,NA,0,0,leaf,2,m,w,w,1,0,0,0
Monopsis lutea,Monopsis lutea,Campanulaceae,Monopsis lutea,Urb.,Campanulaceae,1,0,1,0,1,0,0,1,0,0,0,Nov,Apr,NA,NA,60,1,0,0,0,0,0,0,0,0,0,0,0,0,0,0,0,1,0,1,0,0,0,1.766666667,0,0,leaf,2,l,i,p,0,0,0,0
Monsonia emarginata,Monsonia emarginata,Geraniaceae,Monsonia emarginata,(L.f.) L'Hér.,Geraniaceae,1,1,1,0,1,0,0,0,0,0,0,Sep,Mar,NA,NA,15,0,0,0,0,0,0,0,0,0,0,0,1,0,0,0,0,0,0,1,0,0,0,1.533333333,0,0,leaf,1,l,i,w,0,0,0,0
Montinia caryophyllacea,Montinia caryophyllacea,Montiniaceae,Montinia caryophyllacea,Thunb.,Montiniaceae,1,0,0,1,0,1,0,0,0,1,0,May,Oct,NA,NA,150,0,0,0,0,1,0,0,0,0,0,0,0,0,0,0,0,0,1,0,0,0,0,3.587272727,1,1,culm_stem,3,h,i,w,0,0,0,0
Moraea fugax,Moraea fugax,Iridaceae,Moraea fugax,Jacq.,Iridaceae,1,0,1,0,0,1,1,1,0,1,0,Aug,Nov,NA,NA,80,0,1,0,0,0,0,0,0,0,0,0,0,0,0,0,0,1,0,0,0,0,0,NA,0,0,leaf,2,l,i,w,0,0,0,0
Moraea tripetala,Moraea tripetala,Iridaceae,Moraea tripetala,(L.f.) Ker Gawl.,Iridaceae,1,0,1,0,0,1,1,1,0,1,0,Aug,Sep,NA,NA,45,0,1,0,0,0,0,0,0,0,0,0,0,0,0,0,0,1,0,0,0,0,0,NA,0,0,leaf,2,l,i,w,0,0,0,0
Morella cordifolia,Morella cordifolia,Myricaceae,Myrica cordifolia,L.,Myricaceae,1,0,0,1,1,0,0,0,0,1,0,May,Aug,NA,NA,300,0,0,0,0,0,1,0,0,0,0,0,0,0,0,0,0,0,0,1,0,0,0,0.81,0,0,leaf,3,h,i,p,0,0,0,0
Morella diversifolia,Morella diversifolia,Myricaceae,Morella diversifolia,Killick,Myricaceae,1,0,0,1,1,0,0,0,0,1,0,Aug,Sep,NA,NA,100,0,0,0,1,0,0,0,0,0,0,0,0,0,0,0,0,0,0,1,0,0,0,NA,0,0,leaf,3,h,i,p,0,0,0,0
Morella humilis,Morella humilis,Myricaceae,Myrica humilis,Cham.,Myricaceae,1,0,0,1,1,0,0,0,0,1,0,Jul,Nov,NA,NA,100,0,0,0,1,0,0,0,0,0,0,0,0,0,0,0,0,0,0,1,0,0,0,NA,0,0,leaf,3,h,i,p,0,0,0,0
Morella kraussiana,Morella kraussiana,Myricaceae,Myrica kraussiana,Buchinger,Myricaceae,1,0,0,1,1,0,0,0,0,1,0,Aug,Oct,NA,NA,100,0,0,0,1,0,0,0,0,0,0,0,0,0,0,0,0,0,0,1,0,0,0,4.5,0,0,leaf,3,h,i,p,0,0,0,0
Morella quercifolia,Morella quercifolia,Myricaceae,Myrica quercifolia,L.,Myricaceae,1,0,0,1,1,0,0,0,0,1,0,Jul,Sep,NA,NA,60,0,0,0,1,0,0,0,0,0,0,0,0,0,0,0,0,0,0,1,0,1,1,2.992857143,0,0,leaf,3,h,i,p,0,0,0,0
Morella serrata,Morella serrata,Myricaceae,Myrica serrata,Lam.,Myricaceae,1,0,0,1,1,0,0,0,0,1,0,Aug,Dec,NA,NA,300,0,0,0,0,0,1,1,0,0,0,0,0,0,0,0,0,0,0,1,0,1,1,7.1375,0,0,leaf,3,h,i,p,0,0,0,0
Muraltia acipetala,Muraltia acipetala,Polygalaceae,Muraltia acipetala,Harv.,Polygalaceae,1,0,1,0,1,0,0,1,0,0,0,Sep,Nov,NA,NA,15,0,0,0,1,0,0,0,0,0,0,0,0,0,0,0,0,1,0,0,0,0,0,NA,0,0,leaf,2,h,i,i,0,0,0,0
Muraltia alopecuroides,Muraltia alopecuroides,Polygalaceae,Muraltia alopecuroides,DC.,Polygalaceae,1,0,1,0,1,0,0,1,0,0,0,Oct,Dec,NA,NA,100,0,0,0,1,0,0,0,0,0,0,0,0,0,0,0,0,0,0,1,0,0,0,0.693,0,0,leaf,2,h,i,i,0,0,0,0
Muraltia ciliaris,Muraltia ciliaris,Polygalaceae,Muraltia ciliaris,DC.,Polygalaceae,1,0,1,0,1,0,0,1,0,0,0,Apr,Dec,NA,NA,30,0,0,0,1,0,0,0,0,0,0,0,0,0,0,0,0,0,1,0,0,0,0,0.63,0,0,leaf,2,h,i,i,0,0,0,0
Muraltia demissa,Muraltia demissa,Polygalaceae,Muraltia demissa,Wolley-Dod,Polygalaceae,1,0,1,0,1,0,0,1,0,0,0,Aug,Nov,NA,NA,30,0,0,0,1,0,0,0,0,0,0,0,0,0,0,0,0,1,0,0,0,0,0,NA,0,0,leaf,2,h,i,i,0,0,0,0
Muraltia depressa,Muraltia depressa,Polygalaceae,Muraltia depressa,Burch. ex DC.,Polygalaceae,1,0,1,0,1,0,0,1,0,0,0,Sep,Nov,NA,NA,25,0,0,0,1,0,0,0,0,0,0,0,0,0,0,0,0,0,1,1,0,0,0,NA,0,0,leaf,2,h,i,i,0,0,0,0
Muraltia ericaefolia,Muraltia ericifolia,Polygalaceae,Muraltia ericaefolia,DC.,Polygalaceae,1,0,1,0,1,0,0,1,0,0,0,Dec,Jan,NA,NA,70,0,0,0,1,0,0,0,0,0,0,0,0,0,0,0,0,0,0,1,0,0,0,0.764,0,0,leaf,2,h,i,i,0,0,0,0
Muraltia ericoides,Muraltia ericoides,Polygalaceae,Muraltia ericoides,(Burm.f.) Steud.,Polygalaceae,1,0,1,0,1,0,0,1,0,0,0,Aug,Apr,NA,NA,40,0,0,0,1,0,0,0,0,0,0,0,0,0,0,0,0,1,0,1,0,0,0,0.65,0,0,leaf,2,h,i,i,0,0,0,0
Muraltia filiformis,Muraltia filiformis,Polygalaceae,Muraltia filiformis,DC.,Polygalaceae,1,0,1,0,1,0,0,1,0,0,0,Sep,Dec,NA,NA,30,0,0,0,1,0,0,0,0,0,0,0,0,0,0,0,0,1,1,0,0,0,0,NA,0,0,leaf,2,h,i,i,0,0,0,0
Muraltia heisteria,Muraltia heisteria,Polygalaceae,Muraltia heisteria,(L.) DC.,Polygalaceae,1,0,1,0,1,0,0,1,0,0,0,Oct,Dec,NA,NA,100,0,0,0,1,0,0,0,0,0,0,0,0,0,0,0,0,0,1,0,0,0,0,0.836,0,0,leaf,2,h,i,i,0,0,0,0
Muraltia juniperifolia,Muraltia juniperifolia,Polygalaceae,Muraltia juniperifolia,DC.,Polygalaceae,1,0,1,0,1,0,0,1,0,1,0,May,Oct,NA,NA,50,0,0,0,1,0,0,0,0,0,0,0,0,0,0,0,0,1,0,0,0,0,0,0.823333333,0,0,leaf,2,h,i,i,0,0,0,0
Muraltia pageae,Muraltia pageae,Polygalaceae,Muraltia pageae,Levyns,Polygalaceae,1,0,1,0,1,0,0,1,0,0,0,Apr,May,NA,NA,30,0,0,0,1,0,0,0,0,0,0,0,0,0,0,0,0,0,0,1,0,0,0,0.625,0,0,leaf,2,h,i,i,0,0,0,0
Muraltia pauciflora,Muraltia pauciflora,Polygalaceae,Muraltia pauciflora,DC.,Polygalaceae,1,0,1,0,1,0,0,1,0,0,0,Nov,Jan,NA,NA,30,0,0,0,1,0,0,0,0,0,0,0,0,0,0,0,0,1,0,0,0,0,0,NA,0,0,leaf,2,m,i,i,0,0,0,0
Muraltia rhamnoides,Muraltia rhamnoides,Polygalaceae,Muraltia rhamnoides,Chodat,Polygalaceae,1,0,1,0,1,0,0,1,0,0,0,Aug,Nov,NA,NA,60,0,0,0,1,0,0,0,0,0,0,0,0,0,0,0,0,1,1,0,0,0,0,NA,0,0,leaf,2,h,i,i,0,0,0,0
Muraltia rosmarinifolia,Muraltia rosmarinifolia,Polygalaceae,Muraltia rosmarinifolia,Levyns,Polygalaceae,1,0,1,0,1,0,0,1,0,0,0,Nov,Jan,NA,NA,25,0,0,0,1,0,0,0,0,0,0,0,0,0,0,0,0,1,1,0,0,0,0,0.576,0,0,leaf,2,h,i,i,0,0,0,0
Muraltia satureioides,Muraltia satureioides,Polygalaceae,Muraltia satureioides,Burch. ex DC.,Polygalaceae,1,0,1,0,1,0,0,1,0,0,0,Sep,Oct,NA,NA,60,0,0,0,1,0,0,0,0,0,0,0,0,0,0,0,0,1,0,1,0,0,0,NA,0,0,leaf,2,h,i,i,0,0,0,0
Muraltia spinosa,Nylandtia spinosa,Polygalaceae,Muraltia spinosa,(L.) F.Forest & J.C.Manning,Polygalaceae,1,0,1,0,1,0,0,1,0,0,0,Jun,Jul,NA,NA,100,0,0,0,1,0,0,0,0,0,0,0,0,0,0,0,0,0,0,1,0,0,0,0.6625,0,0,leaf,2,h,i,i,0,0,0,0
Muraltia squarrosa,Muraltia squarrosa,Polygalaceae,Muraltia squarrosa,DC.,Polygalaceae,1,0,1,0,1,0,0,1,0,0,0,Oct,May,NA,NA,100,0,0,0,1,0,0,0,0,0,0,0,0,0,0,0,0,0,0,1,0,0,0,0.688333333,0,0,leaf,2,h,i,i,0,0,0,0
Muraltia thunbergii,Muraltia thunbergii,Polygalaceae,Muraltia thunbergii,Eckl. & Zeyh.,Polygalaceae,1,0,1,0,1,0,0,1,0,0,0,Sep,Dec,NA,NA,40,0,0,0,1,0,0,0,0,0,0,0,0,0,0,0,0,0,1,0,0,0,0,0.566666667,0,0,leaf,2,h,i,i,0,0,0,0
Myrsine africana,Myrsine africana,Myrsinaceae,Myrsine africana,L.,Primulaceae,1,0,0,1,1,0,0,0,0,1,0,Jan,Dec,NA,NA,300,0,0,0,0,0,1,0,0,0,0,0,0,0,0,0,0,0,0,1,0,0,0,1.38,0,0,leaf,3,h,i,m,0,0,0,0
Nanobubon strictum,Peucedanum strictum,Apiaceae,Nanobubon strictum,(Spreng.) Magee,Apiaceae,1,0,1,0,1,0,0,1,0,1,0,Dec,Feb,NA,NA,60,1,0,0,0,0,0,0,0,0,0,0,0,0,0,0,0,1,0,0,1,0,1,NA,0,1,mixed,2,m,i,w,0,0,0,0
Neesenbeckia punctoria,Neesenbeckia punctoria,Cyperaceae,Neesenbeckia punctoria,(Vahl) Levyns,Cyperaceae,1,0,1,0,1,0,0,0,0,1,0,Mar,Apr,NA,NA,200,0,0,1,0,0,0,0,0,0,0,0,0,0,0,0,0,1,0,0,0,0,0,83.56,1,1,culm_stem,3,h,w,p,0,0,0,0
Nemesia barbata,Nemesia barbata,Scrophulariaceae,Nemesia barbata,(Thunb.) Benth.,Scrophulariaceae,0,1,1,0,0,1,1,1,1,0,0,Aug,Oct,NA,NA,30,1,0,0,0,0,0,0,0,0,0,0,0,0,0,0,0,0,0,1,0,0,0,NA,0,0,leaf,0,l,i,p,0,0,0,0
Nemesia fruticans,Nemesia fruticans,Scrophulariaceae,Nemesia fruticans,(Thunb.) Benth.,Scrophulariaceae,1,0,1,0,1,0,0,1,0,0,0,Sep,Nov,NA,NA,40,0,0,0,1,0,0,0,0,0,0,0,0,0,0,0,0,0,1,0,0,0,0,NA,0,0,leaf,1,l,i,p,0,0,0,0
Nemesia ligulata,Nemesia ligulata,Scrophulariaceae,Nemesia ligulata,E.Mey. ex Benth.,Scrophulariaceae,0,1,1,0,0,1,0,1,0,0,0,Aug,Oct,NA,NA,40,1,0,0,0,0,0,0,0,0,0,0,0,0,0,0,0,0,1,0,0,0,0,NA,0,0,leaf,0,l,i,p,0,0,0,0
Nenax acerosa,Nenax acerosa,Rubiaceae,Nenax acerosa,Gaertn.,Rubiaceae,1,0,0,1,1,0,0,0,0,0,0,Jul,Nov,NA,NA,40,0,0,0,1,0,0,0,0,0,0,0,0,0,0,0,0,1,0,0,0,0,0,NA,0,0,leaf,2,m,w,p,0,0,0,0
Nevillea obtusissima,Nevillea obtusissima,Restionaceae,Nevillea obtusissima,(Steud.) H.P.Linder,Restionaceae,1,0,0,1,1,0,0,0,0,1,0,Feb,Mar,NA,NA,150,0,0,1,0,0,0,0,0,0,0,0,0,0,0,0,0,1,0,0,0,0,0,52.86,1,1,culm_stem,3,h,i,w,0,0,0,0
Nivenia fruticosa,Nivenia fruticosa,Iridaceae,Nivenia fruticosa,(L.f.) Baker,Iridaceae,1,0,1,0,1,0,0,0,0,1,0,Nov,Jan,NA,NA,20,0,0,0,1,0,0,0,0,0,0,0,0,0,0,0,0,0,1,0,0,0,0,NA,0,0,leaf,3,h,i,w,0,0,0,0
Nivenia levynsiae,Nivenia levynsiae,Iridaceae,Nivenia levynsiae,Weim.,Iridaceae,1,0,1,0,1,0,0,0,0,1,0,Dec,Feb,NA,NA,25,0,0,0,1,0,0,0,0,0,0,0,0,0,0,0,0,0,1,0,0,0,0,12.6,0,0,leaf,3,h,i,w,0,0,0,0
Nivenia stokoei,Nivenia stokoei,Iridaceae,Nivenia stokoei,(L.Guthrie) N.E.Br.,Iridaceae,1,0,1,0,1,0,0,0,0,1,0,Feb,Mar,NA,NA,60,0,0,0,1,0,0,0,0,0,0,0,0,0,0,0,0,0,1,0,0,0,0,NA,0,0,leaf,3,h,i,w,0,0,0,0
Notobubon ferulaceum,Peucedanum ferulaceum,Apiaceae,Notobubon ferulaceum,(Thunb.) Magee,Apiaceae,1,0,1,0,1,0,0,0,0,0,0,Dec,Mar,NA,NA,150,1,0,0,0,0,0,0,0,0,0,0,0,0,0,0,0,1,0,0,1,0,1,NA,0,0,leaf,2,h,i,w,0,0,0,0
Notobubon striatum,Peucedanum striatum,Apiaceae,Notobubon striatum,(Thunb.) Magee,Apiaceae,1,0,1,0,1,0,0,0,0,0,0,May,Sep,NA,NA,40,0,0,0,1,0,0,0,0,0,0,0,0,0,0,0,0,1,0,0,1,0,0,NA,0,0,leaf,2,h,i,w,0,0,0,0
Notobubon tenuifolium,Peucedanum tenuifolium,Apiaceae,Notobubon tenuifolium,(Thunb.) Magee,Apiaceae,1,0,1,0,1,0,0,0,0,0,0,Sep,Jan,NA,NA,200,0,0,0,0,0,1,0,0,0,0,0,0,0,0,0,0,1,0,0,1,0,0,5.433333333,0,0,leaf,2,h,i,w,0,0,0,0
Nymania capensis,Nymania capensis,Meliaceae,Nymania capensis,(Thunb.) Lindb.,Meliaceae,1,0,1,0,1,0,0,0,0,0,0,Oct,Dec,NA,NA,500,0,0,0,0,0,1,0,0,0,0,0,0,0,0,0,0,0,1,0,0,0,0,3.483333333,0,0,leaf,3,h,i,w,0,0,0,0
Ochna serrulata,Ochna serrulata,Ochnaceae,Ochna serrulata,(Hochst.) Walp.,Ochnaceae,1,0,1,0,1,0,0,0,0,0,0,Apr,Oct,NA,NA,200,0,0,0,0,0,1,1,0,0,0,0,0,0,0,0,0,0,0,1,0,0,0,NA,0,0,leaf,3,h,i,m,0,0,0,0
Ocotea bullata,Ocotea bullata,Lauraceae,Ocotea bullata,(Burch.) Baill.,Lauraceae,1,0,1,0,1,0,0,0,0,0,0,Dec,Feb,NA,NA,3000,0,0,0,0,0,0,1,0,0,0,0,0,0,0,0,0,0,0,1,0,0,0,12.24,0,0,leaf,3,h,i,m,0,0,0,0
Oedera capensis,Oedera capensis,Asteraceae,Oedera capensis,(L.) Druce,Asteraceae,1,0,1,0,1,0,0,0,0,0,0,Jun,Sep,NA,NA,30,0,0,0,1,0,0,0,0,0,0,0,0,0,0,0,0,0,1,0,0,0,0,NA,0,0,leaf,2,h,i,w,0,0,0,0
Oedera imbricata,Oedera imbricata,Asteraceae,Oedera imbricata,Lam.,Asteraceae,1,0,1,0,1,0,0,0,0,0,0,Aug,Nov,NA,NA,30,0,0,0,1,0,0,0,0,0,0,0,0,0,0,0,0,0,1,1,0,0,0,1.166666667,0,0,leaf,2,m,i,w,0,0,0,0
Oedera sedifolia,Oedera sedifolia,Asteraceae,Oedera sedifolia,(DC.) Anderb. & K.Bremer,Asteraceae,1,0,1,0,1,0,0,0,0,1,0,Aug,Dec,NA,NA,100,0,0,0,1,0,0,0,0,0,0,0,0,0,0,0,0,0,1,1,0,0,0,0.762,0,0,leaf,2,m,i,w,0,0,0,0
Oedera squarrosa,Oedera squarrosa,Asteraceae,Oedera squarrosa,(L.) Anderb. & K.Bremer,Asteraceae,1,0,1,0,1,0,0,0,0,0,0,Sep,Nov,NA,NA,100,0,0,0,1,0,0,0,0,0,0,0,0,0,0,0,0,0,0,1,0,0,0,0.79,0,0,leaf,2,h,i,w,0,0,0,0
Oftia africana,Oftia africana,Scrophulariaceae,Oftia africana,(L.) Bocq. ex Baill.,Scrophulariaceae,1,0,1,0,1,0,0,0,0,0,0,Sep,Dec,NA,NA,100,0,0,0,1,0,0,0,0,0,0,0,0,0,0,0,0,0,0,1,0,0,0,NA,0,0,leaf,2,h,i,p,0,0,0,0
Oldenburgia paradoxa,Oldenburgia paradoxa,Asteraceae,Oldenburgia paradoxa,Less.,Asteraceae,1,0,1,0,1,0,0,0,0,1,0,Jan,Jun,NA,NA,30,0,0,0,1,0,0,0,0,0,0,0,0,0,0,0,0,0,1,0,0,0,0,4.14,0,0,leaf,3,l,i,w,0,0,0,0
Olea capensis,Olea capensis,Oleaceae,Olea capensis,L.,Oleaceae,1,0,1,0,1,0,0,0,0,1,0,Feb,Dec,NA,NA,1200,0,0,0,0,0,0,1,0,0,0,0,0,0,0,0,0,0,0,1,0,0,0,5.85,0,0,leaf,3,h,i,m,0,0,0,0
Olea europaea,Olea europaea,Oleaceae,Olea europaea,L.,Oleaceae,1,0,1,0,1,0,0,0,0,1,0,Oct,Mar,NA,NA,1400,0,0,0,0,0,0,1,0,0,0,0,0,0,0,0,0,0,0,1,0,0,0,5.2,0,0,leaf,3,h,i,m,0,0,0,0
Olea exasperata,Olea exasperata,Oleaceae,Olea exasperata,Jacq.,Oleaceae,1,0,1,0,1,0,0,0,0,1,0,Aug,Oct,NA,NA,700,0,0,0,0,0,0,1,0,0,0,0,0,0,0,0,0,0,1,0,0,0,0,3.74,0,0,leaf,3,h,i,m,0,0,0,0
Olinia ventosa,Olinia ventosa,Oliniaceae,Olinia ventosa,(L.) Cufod.,Penaeaceae,1,0,1,0,1,0,0,0,0,0,0,Aug,Oct,NA,NA,1000,0,0,0,0,0,0,1,0,0,0,0,0,0,0,0,0,0,0,1,0,0,0,6.02,0,0,leaf,3,m,i,m,0,0,0,0
Ornithogalum conicum,Ornithogalum conicum,Hyacinthaceae,Eliokarmos thyrsoides,(Jacq.) Raf.,Asparagaceae,1,0,1,0,0,1,1,1,0,1,0,Nov,Dec,NA,NA,80,0,1,0,0,0,0,0,0,0,0,0,0,0,0,0,0,1,0,1,0,0,0,NA,0,0,leaf,2,l,i,p,0,0,0,0
Ornithogalum dubium,Ornithogalum dubium,Hyacinthaceae,Eliokarmos dubius,"(Houtt.) Mart.-Azorín, M.B.Crespo & Juan",Asparagaceae,1,0,1,0,0,1,1,1,0,1,0,Aug,Dec,NA,NA,50,0,1,0,0,0,0,0,0,0,0,0,0,0,0,0,0,1,0,0,0,0,0,NA,0,0,leaf,2,l,i,p,0,0,0,0
Ornithogalum juncifolium,Ornithogalum juncifolium,Hyacinthaceae,Nicipe juncifolia,"(Jacq.) Mart.-Azorín, M.B.Crespo & Juan",Asparagaceae,1,0,1,0,0,1,1,1,0,1,0,Nov,Mar,NA,NA,40,0,1,0,0,0,0,0,0,0,0,0,0,0,0,0,0,1,0,0,0,0,0,NA,0,0,leaf,2,l,i,p,0,0,0,0
Ornithogalum thyrsoides,Ornithogalum thyrsoides,Hyacinthaceae,Eliokarmos thyrsoides,(Jacq.) Raf.,Asparagaceae,1,0,1,0,0,1,1,1,0,1,0,Oct,Dec,NA,NA,80,0,1,0,0,0,0,0,0,0,0,0,0,0,0,0,0,1,1,0,0,0,0,NA,0,0,leaf,2,l,i,p,0,0,0,0
Oscularia cedarbergensis,Oscularia cedarbergensis,Aizoaceae,Oscularia lunata,(Willd.) H.E.K.Hartmann,Aizoaceae,1,0,1,0,1,0,0,1,0,0,0,Sep,Oct,NA,NA,15,0,0,0,1,0,0,0,0,0,0,0,0,1,1,1,0,0,1,0,0,0,0,NA,0,0,leaf,2,l,i,p,0,0,0,0
Oscularia deltoides,Oscularia deltoides,Aizoaceae,Oscularia deltoides,(L.) Schwantes,Aizoaceae,1,0,1,0,1,0,0,0,0,0,0,Oct,Dec,NA,NA,20,0,0,0,1,0,0,0,1,0,0,0,0,1,1,1,0,0,0,1,0,0,0,1.1,0,0,leaf,2,l,i,p,0,0,0,0
Oscularia steenbergensis,Oscularia steenbergensis,Aizoaceae,Oscularia steenbergensis,(L.Bolus) H.E.K.Hartmann,Aizoaceae,1,0,1,0,1,0,0,1,0,0,0,Jun,Jul,NA,NA,10,0,0,0,1,0,0,0,0,0,0,0,0,1,1,1,0,0,0,1,0,0,0,1.86,0,0,leaf,2,l,i,p,0,0,0,0
Osmitopsis asteriscoides,Osmitopsis asteriscoides,Asteraceae,Osmitopsis asteriscoides,(L.) Less.,Asteraceae,1,0,1,0,1,0,0,0,0,0,0,Aug,Dec,NA,NA,200,0,0,0,0,0,1,0,0,0,0,0,0,0,0,0,0,0,1,0,0,0,0,3.535714286,0,0,leaf,2,h,i,i,0,0,0,0
Osmitopsis osmitoides,Osmitopsis osmitoides,Asteraceae,Osmitopsis osmitoides,(Less.) K.Bremer,Asteraceae,1,0,1,0,1,0,0,0,0,0,0,Aug,Jan,NA,NA,60,0,0,0,1,0,0,0,0,0,0,0,0,0,0,0,0,0,1,0,0,0,0,NA,0,0,leaf,2,h,i,i,0,0,0,0
Osmitopsis parvifolia,Osmitopsis parvifolia,Asteraceae,Osmitopsis parvifolia,Hofmeyr,Asteraceae,1,0,1,0,1,0,0,0,0,0,0,Sep,Feb,NA,NA,40,0,0,0,1,0,0,0,0,0,0,0,0,0,0,0,0,0,0,1,0,0,0,NA,0,0,leaf,1,h,i,i,0,0,0,0
Osteospermum bidens,Osteospermum bidens,Asteraceae,Osteospermum bidens,Thunb.,Asteraceae,1,0,1,0,1,0,0,1,0,1,0,Sep,Dec,NA,NA,60,1,0,0,0,0,0,0,0,0,0,0,0,0,0,0,0,0,1,0,0,0,0,NA,0,0,leaf,2,h,i,i,0,0,0,0
Osteospermum connatum,Tripteris amplexicaulis,Asteraceae,Osteospermum connatum,DC.,Asteraceae,1,0,1,0,1,0,0,1,0,0,0,Sep,Nov,NA,NA,60,1,0,0,0,0,0,0,1,0,0,0,0,0,0,0,0,0,0,1,0,0,0,NA,0,0,leaf,2,h,i,i,0,0,0,0
Osteospermum corymbosum,Osteospermum corymbosum,Asteraceae,Osteospermum corymbosum,L.,Asteraceae,1,0,1,0,1,0,0,1,0,0,0,Aug,Feb,NA,NA,250,0,0,0,0,0,1,0,0,0,0,0,0,0,0,0,0,0,1,0,0,0,0,NA,0,0,leaf,2,h,i,i,0,0,0,0
Osteospermum glabrum,Osteospermum glabrum,Asteraceae,Osteospermum glabrum,N.E.Br.,Asteraceae,1,0,1,0,1,0,0,1,0,1,0,Aug,Sep,NA,NA,70,0,0,0,1,0,0,0,0,0,0,0,0,0,0,0,0,1,0,0,0,0,0,NA,0,0,leaf,2,h,i,i,0,0,0,0
Osteospermum ilicifolium,Gibbaria ilicifolia,Asteraceae,Nephrotheca ilicifolia,(L.) B.Nord. & Källersjö,Asteraceae,1,0,1,0,1,0,0,0,0,0,0,Aug,Mar,NA,NA,100,0,0,0,1,0,0,0,1,0,0,0,0,0,0,0,0,0,1,1,0,0,0,3.594,0,0,leaf,1,h,i,i,0,0,0,0
Osteospermum junceum,Osteospermum junceum,Asteraceae,Osteospermum junceum,Thunb. ex Harv.,Asteraceae,1,0,1,0,1,0,0,0,0,1,0,Jul,Jan,NA,NA,300,0,0,0,0,0,1,0,0,0,0,0,0,0,0,0,0,0,1,0,0,0,0,7.95,0,0,leaf,2,h,i,i,0,0,0,0
Osteospermum moniliferum,Chrysanthemoides monilifera,Asteraceae,Chrysanthemoides monilifera,(L.) Norl.,Asteraceae,1,0,1,0,1,0,0,0,0,0,0,Mar,Jul,NA,NA,250,0,0,0,0,0,0,0,0,0,0,0,1,0,0,0,0,0,0,1,0,0,0,4.084210526,0,0,leaf,2,h,i,i,0,0,0,0
Osteospermum monstrosum,Tripteris clandestina,Asteraceae,Osteospermum monstrosum,(Burm.f.) J.C.Manning & Goldblatt,Asteraceae,0,1,1,0,0,1,1,1,0,0,0,Jul,Sep,NA,NA,40,1,0,0,0,0,0,0,0,0,0,0,0,0,0,0,0,0,1,0,0,1,0,NA,0,0,leaf,0,h,i,i,0,0,0,0
Osteospermum polygaloides,Osteospermum polygaloides,Asteraceae,Osteospermum polygaloides,Thunb.,Asteraceae,1,0,1,0,1,0,0,1,0,1,0,Aug,Dec,NA,NA,200,0,0,0,0,0,1,0,0,0,0,0,0,0,0,0,0,0,0,1,0,0,0,3.164705882,0,0,leaf,1,h,i,i,0,0,0,0
Osteospermum rigidum,Osteospermum rigidum,Asteraceae,Osteospermum rigidum,Aiton,Asteraceae,1,0,1,0,1,0,0,1,0,0,0,Aug,Sep,NA,NA,60,0,0,0,1,0,0,0,0,0,0,0,0,0,0,0,0,0,1,1,0,1,1,7.5,0,0,leaf,2,h,i,i,0,0,0,0
Osteospermum rotundifolium,Osteospermum rotundifolium,Asteraceae,Osteospermum rotundifolium,(DC.) Norl.,Asteraceae,1,0,1,0,1,0,0,1,0,0,0,Oct,Dec,NA,NA,200,0,0,0,0,0,1,0,0,0,0,0,0,0,0,0,0,0,0,1,0,0,0,NA,0,0,leaf,2,h,i,i,0,0,0,0
Osteospermum scabrum,Gibbaria scabra,Asteraceae,Gibbaria scabra,(Thunb.) Norl.,Asteraceae,1,0,1,0,1,0,0,0,0,1,0,Aug,Sep,NA,NA,20,0,0,0,1,0,0,0,0,0,0,0,0,0,0,0,0,1,0,0,0,0,0,1.79,0,0,leaf,2,h,i,i,0,0,0,0
Osteospermum triquetrum,Osteospermum triquetrum,Asteraceae,Osteospermum triquetrum,L.f.,Asteraceae,1,0,1,0,1,0,0,1,0,1,0,Oct,Dec,NA,NA,30,0,0,0,1,0,0,0,0,0,0,0,0,0,0,0,0,1,0,0,0,0,0,4.76,0,0,leaf,2,h,i,i,0,0,0,0
Otholobium bracteolatum,Otholobium bracteolatum,Fabaceae,Psoralea bracteolata,Eckl. & Zeyh.,Fabaceae,1,0,1,0,1,0,0,0,0,0,0,Nov,Apr,NA,NA,200,0,0,0,0,0,1,0,0,0,0,0,0,0,0,0,0,0,0,1,1,0,0,NA,0,0,leaf,2,h,i,p,0,0,0,0
Otholobium carneum,Otholobium carneum,Fabaceae,Psoralea reticulata,C.H.Stirt. & Muasya,Fabaceae,1,0,1,0,1,0,0,1,0,0,0,Oct,Nov,NA,NA,50,0,0,0,1,0,0,0,0,0,0,0,0,0,0,0,0,0,1,0,1,0,0,NA,0,0,leaf,2,h,i,p,0,0,0,0
Otholobium fruticans,Otholobium fruticans,Fabaceae,Psoralea fruticans,(L.) Druce,Fabaceae,1,0,1,0,1,0,0,0,0,0,0,Sep,Dec,NA,NA,40,0,0,0,1,0,0,0,0,0,0,0,0,0,0,0,0,0,0,1,1,0,0,1.7,0,0,leaf,2,h,i,p,0,0,0,0
Otholobium pictum,Otholobium pictum,Fabaceae,Psoralea picta,(C.H.Stirt.) C.H.Stirt.,Fabaceae,1,0,1,0,1,0,0,1,0,1,0,Aug,Sep,NA,NA,200,0,0,0,0,0,1,0,0,0,0,0,0,0,0,0,0,0,1,0,1,0,0,NA,0,0,leaf,2,h,i,p,0,0,0,0
Othonna arborescens,Othonna arborescens,Asteraceae,Othonna arborescens,L.,Asteraceae,1,0,1,0,1,0,0,0,0,0,0,May,Sep,NA,NA,60,0,0,0,1,0,0,0,0,0,0,0,0,1,1,1,0,0,1,0,0,1,0,NA,0,0,leaf,3,l,i,w,0,0,0,0
Othonna auriculifolia,Othonna auriculifolia,Asteraceae,Othonna auriculifolia,Licht. ex Less.,Asteraceae,1,0,1,0,1,0,0,0,0,1,0,Apr,Sep,NA,NA,15,1,0,0,0,0,0,0,0,0,0,0,0,1,1,1,0,0,1,0,0,1,1,3.6,0,0,leaf,3,l,i,w,0,0,0,0
Othonna carnosa,Othonna carnosa,Asteraceae,Othonna carnosa,Less.,Asteraceae,1,0,1,0,1,0,0,0,0,1,0,Apr,Oct,NA,NA,10,1,0,0,0,0,0,0,0,0,0,0,0,1,1,1,0,1,0,0,0,0,0,5.516666667,0,0,leaf,2,l,i,w,0,0,0,0
Othonna digitata,Othonna digitata,Asteraceae,Othonna digitata,L.f.,Asteraceae,1,0,1,0,1,0,0,0,0,1,0,Jun,Oct,NA,NA,30,1,1,0,0,0,0,0,0,0,0,0,0,1,1,1,0,0,1,0,0,1,1,7.1,0,0,leaf,2,l,i,w,0,0,0,0
Othonna perfoliata,Othonna amplexifolia,Asteraceae,Othonna perfoliata,Thunb.,Asteraceae,1,0,1,0,0,1,0,0,0,1,0,May,Sep,NA,NA,70,1,1,0,0,0,0,0,0,0,0,0,0,1,1,1,0,0,1,1,0,0,0,NA,0,0,leaf,2,l,i,w,0,0,0,0
Othonna quinquedentata,Othonna quinquedentata,Asteraceae,Othonna quinquedentata,Thunb.,Asteraceae,1,0,1,0,1,0,0,0,0,0,0,Oct,Mar,NA,NA,100,0,0,0,1,0,0,0,0,0,0,0,0,0,0,0,0,0,1,1,0,0,0,6.6,0,0,leaf,2,m,i,w,0,0,0,0
Othonna retrofracta,Othonna retrofracta,Asteraceae,Othonna retrofracta,Jacq.,Asteraceae,1,0,1,0,0,1,0,0,0,1,0,May,Jul,NA,NA,30,0,0,0,1,0,0,0,0,0,0,0,0,1,1,1,0,0,1,0,0,0,1,NA,0,0,leaf,2,l,i,w,0,0,0,0
Oxalis algoensis,Oxalis algoensis,Oxalidaceae,Oxalis algoensis,Eckl. & Zeyh.,Oxalidaceae,1,0,1,0,0,1,1,1,0,1,0,Jun,Sep,NA,NA,12,0,1,0,0,0,0,0,0,0,0,0,0,0,0,0,0,0,1,0,1,0,0,NA,0,0,leaf,2,l,i,p,0,0,0,0
Oxalis obtusa,Oxalis obtusa,Oxalidaceae,Oxalis obtusa,Jacq.,Oxalidaceae,1,0,1,0,0,1,1,1,0,1,0,Jun,Oct,NA,NA,10,0,1,0,0,0,0,0,0,0,0,0,0,0,0,0,0,0,0,1,1,0,0,NA,0,0,leaf,2,l,i,p,0,0,0,0
Oxalis purpurea,Oxalis purpurea,Oxalidaceae,Oxalis purpurea,L.,Oxalidaceae,1,0,1,0,0,1,1,1,0,1,0,May,Sep,NA,NA,5,0,1,0,0,0,0,0,0,0,0,0,0,0,0,0,0,0,0,1,1,0,0,NA,0,0,leaf,2,l,i,p,0,0,0,0
Oxalis stellata,Oxalis stellata,Oxalidaceae,Oxalis stellata,Eckl. & Zeyh.,Oxalidaceae,1,0,1,0,0,1,1,1,0,1,0,Apr,Jun,NA,NA,9,0,1,0,0,0,0,0,0,0,0,0,0,0,0,0,0,0,0,1,1,1,0,NA,0,0,leaf,2,l,i,p,0,0,0,0
Oxalis versicolor,Oxalis versicolor,Oxalidaceae,Oxalis versicolor,L.,Oxalidaceae,1,0,1,0,0,1,1,1,0,1,0,May,Nov,NA,NA,20,0,1,0,0,0,0,0,0,0,0,0,0,0,0,0,0,1,0,0,1,0,0,NA,0,0,leaf,2,l,i,p,0,0,0,0
Pachycarpus dealbatus,Pachycarpus dealbatus,Apocynaceae,Pachycarpus dealbatus,E.Mey.,Apocynaceae,1,0,1,0,1,0,0,0,0,1,0,Dec,Feb,NA,NA,50,1,0,0,0,0,0,0,0,0,0,0,0,0,0,0,0,0,1,0,0,0,0,NA,0,0,leaf,3,m,i,w,0,0,0,0
Pachypodium bispinosum,Pachypodium bispinosum,Apocynaceae,Pachypodium bispinosum,(L.f.) A.DC.,Apocynaceae,1,0,1,0,1,0,0,0,0,1,0,Aug,Dec,NA,NA,50,0,0,0,1,0,0,0,0,0,0,0,0,1,0,1,1,0,1,0,0,0,0,NA,0,0,leaf,3,l,i,w,0,0,0,0
Pachypodium succulentum,Pachypodium succulentum,Apocynaceae,Pachypodium succulentum,(L.f.) Sweet,Apocynaceae,1,0,1,0,1,0,0,0,0,1,0,Sep,Dec,NA,NA,50,0,0,0,1,0,0,0,0,0,0,0,0,1,0,1,1,0,1,0,0,0,0,2.5,0,0,leaf,3,l,i,w,0,0,0,0
Panicum maximum,Panicum maximum,Poaceae,Megathyrsus maximus,(Jacq.) B.K.Simon & S.W.L.Jacobs,Poaceae,1,0,1,0,1,0,0,0,0,0,0,Jan,May,NA,NA,200,0,0,1,0,0,0,0,0,0,0,0,0,0,0,0,0,0,1,0,0,0,0,15.56666667,0,0,leaf,2,m,w,w,0,0,0,0
Pappea capensis,Pappea capensis,Sapindaceae,Pappea capensis,Eckl. & Zeyh.,Sapindaceae,1,0,1,0,1,0,0,0,0,1,0,Nov,Mar,NA,NA,700,0,0,0,0,0,0,1,0,0,0,0,0,0,0,0,0,0,0,1,0,0,0,3.2,0,0,leaf,3,l,i,m,0,0,0,0
Paranomus bracteolaris,Paranomus bracteolaris,Proteaceae,Paranomus bracteolaris,Knight,Proteaceae,1,0,1,0,1,0,0,0,0,0,0,Aug,Oct,NA,NA,250,0,0,0,0,0,1,0,0,0,0,0,0,0,0,0,0,0,1,0,0,0,1,NA,0,0,leaf,2,h,i,i,0,0,0,0
Paranomus esterhuyseniae,Paranomus esterhuyseniae,Proteaceae,Paranomus esterhuyseniae,Levyns,Proteaceae,1,0,1,0,1,0,0,0,0,0,0,Aug,Nov,NA,NA,70,0,0,0,1,0,0,0,0,0,0,0,0,0,0,0,0,0,1,0,0,0,1,4.466666667,0,0,leaf,2,h,i,i,0,0,0,0
Paranomus spathulatus,Paranomus spathulatus,Proteaceae,Paranomus spathulatus,Kuntze,Proteaceae,1,0,1,0,1,0,0,0,0,0,0,May,Dec,NA,NA,250,0,0,0,0,0,1,0,0,0,0,0,0,0,0,0,0,0,0,1,0,0,1,3.2,0,0,leaf,2,h,i,i,0,0,0,0
Paranomus tomentosus,Paranomus tomentosus,Proteaceae,Paranomus tomentosus,(E.Phillips & Hutch.) N.E.Br.,Proteaceae,1,0,1,0,1,0,0,0,0,0,0,Aug,Oct,NA,NA,300,0,0,0,0,0,1,0,0,0,0,0,0,0,0,0,0,0,1,0,0,0,1,4.32,0,0,leaf,2,h,i,i,0,0,0,0
Passerina corymbosa,Passerina vulgaris,Thymelaeaceae,Passerina corymbosa,Eckl. ex C.H.Wright,Thymelaeaceae,1,0,1,0,1,0,0,0,0,0,0,Oct,Nov,NA,NA,200,0,0,0,0,0,1,0,0,0,0,0,0,0,0,0,0,1,0,0,0,0,0,0.460909091,0,0,leaf,2,h,w,p,0,0,0,0
Passerina obtusifolia,Passerina obtusifolia,Thymelaeaceae,Passerina obtusifolia,Thoday,Thymelaeaceae,1,0,1,0,1,0,0,0,0,0,0,Oct,Nov,NA,NA,150,0,0,0,0,1,1,0,0,0,0,0,0,0,0,0,0,1,1,0,0,0,0,0.702173913,0,0,leaf,2,h,w,p,0,0,0,0
Passerina paleacea,Passerina paleacea,Thymelaeaceae,Passerina paleacea,Wikstr.,Thymelaeaceae,1,0,1,0,1,0,0,0,0,0,0,Oct,Nov,NA,NA,100,0,0,0,1,0,0,0,0,0,0,0,0,0,0,0,0,1,1,1,0,0,0,0.38,0,0,leaf,2,h,w,p,0,0,0,0
Passerina rigida,Passerina rigida,Thymelaeaceae,Passerina rigida,Wikstr.,Thymelaeaceae,1,0,1,0,1,0,0,0,0,0,0,Nov,Nov,NA,NA,200,0,0,0,0,0,1,0,0,0,0,0,0,0,0,0,0,1,1,0,0,0,0,NA,0,0,leaf,2,h,w,p,0,0,0,0
Passerina truncata,Passerina glomerata,Thymelaeaceae,Passerina truncata,(Meisn.) Bredenk. & A.E.van Wyk,Thymelaeaceae,1,0,1,0,1,0,0,0,0,0,0,Oct,Nov,NA,NA,70,0,0,0,1,0,0,0,0,0,0,0,0,0,0,0,0,0,1,1,0,0,0,0.272,0,0,leaf,2,h,w,p,0,0,0,0
Pegolettia baccaridifolia,Pegolettia baccaridifolia,Asteraceae,Pegolettia baccharidifolia,Less.,Asteraceae,1,0,1,0,1,0,0,0,0,0,0,Jul,Nov,NA,NA,30,0,0,0,1,0,0,0,0,0,0,0,0,0,0,0,0,0,0,1,0,0,0,1.5,0,0,leaf,2,h,i,w,0,0,0,0
Pelargonium alchemilloides,Pelargonium alchemilloides,Geraniaceae,Pelargonium alchemilloides,(L.) L'Hér.,Geraniaceae,1,0,1,0,1,0,0,0,0,1,0,Sep,Nov,NA,NA,20,1,0,0,0,0,0,0,0,0,0,0,0,0,0,0,0,0,0,1,0,1,0,NA,0,0,leaf,2,m,i,w,0,0,0,0
Pelargonium alternans,Pelargonium alternans,Geraniaceae,Pelargonium alternans,J.C.Wendl.,Geraniaceae,1,0,1,0,1,0,0,0,0,0,0,Apr,Jan,NA,NA,40,0,0,0,1,0,0,0,0,0,0,0,0,1,0,1,0,0,0,1,0,1,1,1.46,0,0,leaf,2,m,i,w,0,0,0,0
Pelargonium betulinum,Pelargonium betulinum,Geraniaceae,Pelargonium betulinum,(L.) L'Hér.,Geraniaceae,1,0,1,0,1,0,0,0,0,0,0,Aug,Jan,NA,NA,50,0,0,0,1,0,0,0,0,0,0,0,0,0,0,0,0,0,0,1,0,0,0,1.933333333,0,0,leaf,2,h,i,w,0,0,0,0
Pelargonium candicans,Pelargonium candicans,Geraniaceae,Pelargonium candicans,Spreng.,Geraniaceae,1,0,1,0,1,0,0,0,0,0,0,Sep,Nov,NA,NA,30,0,0,0,1,0,0,0,0,0,0,0,0,0,0,0,0,0,0,1,0,1,1,2.52,0,0,leaf,2,l,i,w,0,0,0,0
Pelargonium capitatum,Pelargonium capitatum,Geraniaceae,Pelargonium capitatum,(L.) L'Hér.,Geraniaceae,1,0,1,0,1,0,0,0,0,0,0,Sep,Oct,NA,NA,50,0,0,0,1,0,0,0,1,0,0,0,0,0,0,0,0,0,0,1,0,1,0,5.036363636,0,0,leaf,2,m,i,w,0,0,0,0
Pelargonium caucalifolium,Pelargonium caucalifolium,Geraniaceae,Pelargonium caucalifolium,Jacq.,Geraniaceae,1,0,1,0,1,0,0,0,0,0,0,Oct,Apr,NA,NA,50,0,0,0,1,0,0,0,1,0,0,0,0,0,0,0,0,0,0,1,0,1,0,NA,0,0,leaf,2,m,i,w,0,0,0,0
Pelargonium cordifolium,Pelargonium cordifolium,Geraniaceae,Pelargonium cordifolium,Curtis,Geraniaceae,1,0,1,0,1,0,0,0,0,0,0,Aug,Jan,NA,NA,100,0,0,0,1,0,0,0,0,0,0,0,0,0,0,0,0,0,0,1,0,0,0,NA,0,0,leaf,2,m,i,w,0,0,0,0
Pelargonium coronopifolium,Pelargonium coronopifolium,Geraniaceae,Pelargonium coronopifolium,Jacq.,Geraniaceae,1,0,1,0,1,0,0,0,0,1,0,Sep,Mar,NA,NA,20,1,0,0,0,0,0,0,0,0,0,0,0,0,0,0,0,1,0,1,0,0,0,NA,0,0,leaf,2,l,i,w,0,0,0,0
Pelargonium cucullatum,Pelargonium cucullatum,Geraniaceae,Pelargonium cucullatum,(L.) L'Her.,Geraniaceae,1,0,1,0,1,0,0,0,0,1,0,Sep,Feb,NA,NA,200,0,0,0,0,0,1,0,0,0,0,0,0,1,0,1,0,0,0,1,0,0,0,5.611764706,0,0,leaf,2,h,i,w,0,0,0,0
Pelargonium englerianum,Pelargonium englerianum,Geraniaceae,Pelargonium englerianum,R.Knuth,Geraniaceae,1,0,1,0,1,0,0,0,0,1,0,Aug,Apr,NA,NA,100,0,0,0,1,0,0,0,0,0,0,0,0,0,0,0,0,0,0,1,0,0,0,1.02,0,0,leaf,2,h,i,w,0,0,0,0
Pelargonium fruticosum,Pelargonium fruticosum,Geraniaceae,Pelargonium fruticosum,Willd.,Geraniaceae,1,0,1,0,1,0,0,0,0,0,0,Jan,Dec,NA,NA,100,0,0,0,1,0,0,0,0,0,0,0,0,0,0,0,0,0,0,1,0,1,1,NA,0,0,leaf,2,h,i,w,0,0,0,0
Pelargonium gibbosum,Pelargonium gibbosum,Geraniaceae,Pelargonium gibbosum,(L.) L'Hér.,Geraniaceae,1,0,1,0,1,0,0,0,0,0,0,Nov,Apr,NA,NA,40,0,0,0,1,0,0,0,0,0,0,0,0,1,1,1,0,0,0,1,0,0,1,3.833333333,0,0,leaf,3,m,i,w,0,0,0,0
Pelargonium grossularioides,Pelargonium grossularioides,Geraniaceae,Pelargonium grossularioides,(L.) L'Hér.,Geraniaceae,1,1,1,0,1,0,1,1,0,0,0,Dec,Nov,NA,NA,5,1,0,0,0,0,0,0,0,0,0,0,0,0,0,0,0,0,0,1,0,1,1,2,0,0,leaf,2,m,i,w,0,0,0,0
Pelargonium laevigatum,Pelargonium laevigatum,Geraniaceae,Pelargonium laevigatum,(L.f.) Willd.,Geraniaceae,1,0,1,0,1,0,0,0,0,0,0,Jan,Dec,NA,NA,50,0,0,0,1,0,0,0,0,0,0,0,0,1,1,0,0,0,1,1,0,1,1,5.285714286,0,0,leaf,2,m,i,w,0,0,0,0
Pelargonium longifolium,Pelargonium longifolium,Geraniaceae,Pelargonium longifolium,(Burm.f.) Jacq.,Geraniaceae,1,0,1,0,0,1,1,1,0,1,0,Oct,Dec,NA,NA,25,1,1,0,0,0,0,0,0,0,0,0,0,0,0,0,0,1,1,0,0,1,1,4.2,0,0,leaf,2,l,i,w,0,0,0,0
Pelargonium multicaule,Pelargonium multicaule,Geraniaceae,Pelargonium multicaule,Jacq.,Geraniaceae,1,0,1,0,1,0,0,0,0,0,0,Jan,Dec,NA,NA,30,0,0,0,1,0,0,0,0,0,0,0,0,0,0,0,0,0,0,1,0,1,1,NA,0,0,leaf,2,l,i,w,0,0,0,0
Pelargonium myrrhifolium,Pelargonium myrrhifolium,Geraniaceae,Pelargonium myrrhifolium,(L.) L'Hér.,Geraniaceae,1,0,1,0,1,0,0,0,0,1,0,Aug,Feb,NA,NA,30,0,0,0,1,0,0,0,0,0,0,0,0,0,0,0,0,0,1,1,0,1,1,20.31944444,0,0,leaf,2,l,i,w,0,0,0,0
Pelargonium odoratissimum,Pelargonium odoratissimum,Geraniaceae,Pelargonium odoratissimum,Soland.,Geraniaceae,1,0,1,0,1,0,0,0,0,0,0,Jan,Dec,NA,NA,20,0,0,0,1,0,0,0,1,0,0,0,0,0,0,0,0,0,0,1,0,1,0,6.6,0,0,leaf,2,l,i,w,0,0,0,0
Pelargonium ovale,Pelargonium ovale,Geraniaceae,Pelargonium ovale,(Burm.f.) L'Hér.,Geraniaceae,1,0,1,0,1,0,0,0,0,1,0,Jul,Mar,NA,NA,30,0,0,0,1,0,0,0,0,0,0,0,0,0,0,0,0,0,0,1,0,0,0,3.244444444,0,0,leaf,2,m,i,w,0,0,0,0
Pelargonium panduriforme,Pelargonium panduriforme,Geraniaceae,Pelargonium panduriforme,Eckl. & Zeyh.,Geraniaceae,1,0,1,0,1,0,0,0,0,0,0,Aug,Jan,NA,NA,120,0,0,0,0,1,0,0,0,0,0,0,0,0,0,0,0,0,0,1,0,1,0,4.033333333,0,0,leaf,2,h,i,w,0,0,0,0
Pelargonium peltatum,Pelargonium peltatum,Geraniaceae,Pelargonium peltatum,(L.) L'Hér.,Geraniaceae,1,0,1,0,1,0,0,0,0,0,0,Sep,Dec,NA,NA,400,1,0,0,0,0,0,0,1,0,0,0,0,1,1,0,0,0,0,1,0,1,0,6.244444444,0,0,leaf,2,l,i,w,0,0,0,0
Pelargonium pulverulentum,Pelargonium pulverulentum,Geraniaceae,Pelargonium pulverulentum,Colv. ex Sweet,Geraniaceae,1,0,1,0,0,1,0,0,0,1,0,Sep,Feb,NA,NA,20,0,1,0,0,0,0,0,0,0,0,0,0,0,0,0,0,0,0,1,0,1,0,NA,0,0,leaf,3,l,i,w,0,0,0,0
Pelargonium reniforme,Pelargonium reniforme,Geraniaceae,Pelargonium reniforme,(Andrews) Curtis,Geraniaceae,1,0,1,0,1,0,0,0,0,1,0,Jan,Dec,NA,NA,40,0,0,0,1,0,0,0,0,0,0,0,0,0,0,0,0,0,0,1,0,0,0,2.441666667,0,0,leaf,2,l,i,w,0,0,0,0
Pelargonium scabrum,Pelargonium scabrum,Geraniaceae,Pelargonium scabrum,(L.) L'Hér.,Geraniaceae,1,0,1,0,1,0,0,0,0,0,0,Aug,Jan,NA,NA,120,0,0,0,0,1,0,0,0,0,0,0,0,0,0,0,0,0,0,1,0,1,0,3.84,0,0,leaf,2,h,i,w,0,0,0,0
Pelargonium schizopetalum,Pelargonium schizopetalum,Geraniaceae,Pelargonium schizopetalum,Sweet,Geraniaceae,1,0,1,0,0,1,0,0,0,1,0,Oct,Feb,NA,NA,40,0,1,0,0,0,0,0,0,0,0,0,0,0,0,0,0,0,1,1,0,1,1,NA,0,0,leaf,3,l,i,w,0,0,0,0
Pelargonium sidoides,Pelargonium sidoides,Geraniaceae,Pelargonium sidoides,DC.,Geraniaceae,1,0,1,0,0,1,0,0,0,1,0,Oct,Jan,NA,NA,20,1,0,0,0,0,0,0,0,0,0,0,0,0,0,0,0,0,0,1,0,1,0,4.7,0,0,leaf,2,m,i,w,0,0,0,0
Pelargonium tabulare,Pelargonium tabulare,Geraniaceae,Pelargonium tabulare,(L.) L'Hér.,Geraniaceae,1,0,1,0,1,0,0,0,0,0,0,Sep,Jan,NA,NA,30,0,0,0,1,0,0,0,0,0,0,0,0,0,0,0,0,0,0,1,0,1,0,NA,0,0,leaf,2,m,i,w,0,0,0,0
Pelargonium ternatum,Pelargonium ternatum,Geraniaceae,Pelargonium ternatum,(L.f.) Jacq.,Geraniaceae,1,0,1,0,1,0,0,0,0,0,0,Apr,Dec,NA,NA,60,0,0,0,1,0,0,0,0,0,0,0,0,1,1,0,0,0,0,1,0,1,1,1.76,0,0,leaf,2,h,i,w,0,0,0,0
Pelargonium tetragonum,Pelargonium tetragonum,Geraniaceae,Pelargonium tetragonum,(L.f.) L'Hér.,Geraniaceae,1,0,1,0,1,0,0,0,0,0,0,Sep,Dec,NA,NA,25,0,0,0,1,0,0,0,0,0,0,0,0,1,1,1,0,0,0,1,0,1,0,5.22,0,1,leaf,2,l,i,w,0,0,0,0
Pelargonium triandrum,Pelargonium triandrum,Geraniaceae,Pelargonium triandrum,E.M.Marais,Geraniaceae,1,0,1,0,1,0,0,0,0,1,0,Oct,Nov,NA,NA,20,0,1,0,0,0,0,0,0,0,0,0,0,0,0,0,0,0,0,1,0,0,0,NA,0,0,leaf,3,l,i,w,0,0,0,0
Pelargonium tricolor,Pelargonium tricolor,Geraniaceae,Pelargonium tricolor,Curtis,Geraniaceae,1,0,1,0,1,0,0,0,0,1,0,Sep,Jan,NA,NA,30,0,0,0,1,0,0,0,0,0,0,0,0,0,0,0,0,0,0,1,0,0,0,2.34,0,0,leaf,2,m,i,w,0,0,0,0
Pelargonium triphyllum,Pelargonium triphyllum,Geraniaceae,Pelargonium triphyllum,Jacq.,Geraniaceae,1,0,1,0,1,0,0,0,0,1,0,Oct,Dec,NA,NA,18,0,1,0,0,0,0,0,0,0,0,0,0,0,0,0,0,0,0,1,0,1,0,NA,0,0,leaf,3,l,i,w,0,0,0,0
Pelargonium triste,Pelargonium triste,Geraniaceae,Pelargonium triste,(L.) L'Hér.,Geraniaceae,1,0,1,0,1,0,0,0,0,1,0,Aug,Feb,NA,NA,20,0,1,0,0,0,0,0,0,0,0,0,0,0,0,0,0,0,1,1,0,1,1,8.82,0,0,leaf,3,l,i,w,0,0,0,0
Pelargonium zonale,Pelargonium zonale,Geraniaceae,Pelargonium zonale,(L.) L'Hér.,Geraniaceae,1,0,1,0,1,0,0,0,0,0,0,Sep,Dec,NA,NA,200,0,0,0,0,0,1,0,0,0,0,0,0,1,0,1,0,0,0,1,0,1,0,8.5,0,0,leaf,2,h,i,w,0,0,0,0
Pellaea calomelanos,Pellaea calomelanos,Pteridaceae,Choristosoria calomelanos,(Sw.) Windham & Schuettp.,Pteridaceae,1,0,1,0,1,0,0,0,0,1,0,NA,NA,NA,NA,20,1,0,0,0,0,0,0,0,0,0,0,0,0,0,0,0,1,0,0,1,0,0,1.283333333,0,0,leaf,2,l,w,w,1,0,0,0
Penaea cneorum,Penaea cneorum,Penaeaceae,Penaea cneorum,Meerb.,Penaeaceae,1,0,1,0,1,0,0,0,0,1,0,Sep,Jan,NA,NA,130,0,0,0,0,1,0,0,0,0,0,0,0,0,0,0,0,0,0,1,0,0,0,0.675,0,0,leaf,3,h,i,i,0,0,0,0
Penaea mucronata,Penaea mucronata,Penaeaceae,Penaea mucronata,L.,Penaeaceae,1,0,1,0,1,0,0,0,0,1,0,Oct,Dec,NA,NA,130,0,0,0,0,1,0,0,0,0,0,0,0,0,0,0,0,0,1,0,0,0,0,0.788333333,0,0,leaf,3,h,i,i,0,0,0,0
Pentameris acinosa,Pentaschistis acinosa,Poaceae,Pentameris acinosa,(Stapf) Galley & H.P.Linder,Poaceae,1,0,1,0,1,0,0,1,0,1,0,Oct,Jan,NA,NA,30,0,0,1,0,0,0,0,0,0,0,0,0,0,0,0,0,0,1,0,0,0,0,NA,0,0,leaf,2,m,w,w,0,0,0,0
Pentameris ampla,Pentaschistis ampla,Poaceae,Pentameris ampla,(Nees) Galley & H.P.Linder,Poaceae,1,0,1,0,1,0,0,1,0,0,0,Dec,Mar,NA,NA,70,0,0,1,0,0,0,0,0,0,0,0,0,0,0,0,0,1,0,0,0,0,0,17.12,0,0,leaf,2,m,w,w,0,0,0,0
Pentameris aristidoides,Pentaschistis aristidoides,Poaceae,Pentameris aristidoides,(Thunb.) Galley & H.P.Linder,Poaceae,1,0,1,0,1,0,0,1,1,1,0,Sep,Nov,NA,NA,100,0,0,1,0,0,0,0,0,0,0,0,0,0,0,0,0,1,0,0,0,0,0,32.74,0,0,leaf,2,h,w,w,0,0,0,0
Pentameris aurea,Pentaschistis aurea,Poaceae,Pentameris aurea,(Steud.) Galley & H.P.Linder,Poaceae,1,0,1,0,1,0,0,1,0,0,0,Jan,Mar,NA,NA,45,0,0,1,0,0,0,0,0,0,0,0,0,0,0,0,0,1,0,0,0,0,0,NA,0,0,leaf,2,m,w,w,0,0,0,0
Pentameris colorata,Pentaschistis colorata,Poaceae,Pentameris colorata,(Steud.) Galley & H.P.Linder,Poaceae,1,0,1,0,1,0,0,1,0,1,0,Aug,Dec,NA,NA,60,0,0,1,0,0,0,0,0,0,0,0,0,0,0,0,0,1,0,0,0,0,0,15.81428571,0,0,leaf,2,h,w,w,0,0,0,0
Pentameris curvifolia,Pentaschistis curvifolia,Poaceae,Pentameris curvifolia,(Schrad.) Nees,Poaceae,1,0,1,0,1,0,0,0,0,0,0,Oct,Nov,NA,NA,50,0,0,1,0,0,0,0,0,0,0,0,0,0,0,0,0,1,0,0,0,0,0,13.37619048,0,0,leaf,2,h,w,w,0,0,0,0
Pentameris distichophylla,Pentameris distichophylla,Poaceae,Pentameris dregeana,Stapf,Poaceae,1,0,1,0,1,0,0,1,0,1,0,Sep,Dec,NA,NA,120,0,0,1,0,0,0,0,0,0,0,0,0,0,0,0,0,1,0,0,0,0,0,9.736363636,0,0,leaf,2,h,w,w,0,0,0,0
Pentameris eriostoma,Pentaschistis eriostoma,Poaceae,Pentameris eriostoma,(Nees) Steud.,Poaceae,1,0,1,0,1,0,0,0,0,1,0,Sep,Nov,NA,NA,90,0,0,1,0,0,0,0,0,0,0,0,0,0,0,0,0,1,0,0,0,0,0,39.45925926,0,0,leaf,2,h,w,w,0,0,0,0
Pentameris macrocalycina,Pentameris macrocalycina,Poaceae,Pentameris macrocalycina,(Steud.) Schweick.,Poaceae,1,0,1,0,1,0,0,0,0,1,0,Sep,Dec,NA,NA,100,0,0,1,0,0,0,0,0,0,0,0,0,0,0,0,0,1,0,0,0,0,0,17.06842105,0,0,leaf,3,h,w,w,0,0,0,0
Pentameris malouinensis,Pentaschistis malouinensis,Poaceae,Pentameris malouinensis,(Steud.) Galley & H.P.Linder,Poaceae,1,0,1,0,1,0,0,1,0,0,0,Nov,Jan,NA,NA,30,0,0,1,0,0,0,0,0,0,0,0,0,0,0,0,0,1,0,0,0,0,0,13.15,0,0,leaf,2,m,w,w,0,0,0,0
Pentameris pallida,Pentaschistis pallida,Poaceae,Pentameris pallida,(Thunb.) Galley & H.P.Linder,Poaceae,1,0,1,0,1,0,0,1,0,0,0,Sep,Oct,NA,NA,40,0,0,1,0,0,0,0,0,0,0,0,0,0,0,0,0,1,0,0,0,0,0,9.888888889,0,0,leaf,2,h,w,w,0,0,0,0
Pentameris scabra,Pentaschistis papillosa,Poaceae,Pentameris scabra,(Nees) Steud.,Poaceae,1,0,1,0,1,0,0,0,0,0,0,Oct,Nov,NA,NA,40,0,0,1,0,0,0,0,0,0,0,0,0,0,0,0,0,1,0,0,0,0,0,3.3,0,0,leaf,2,h,w,w,0,0,0,0
Pentameris thuarii,Pentameris thuarii,Poaceae,Pentameris thuarii,P.Beauv.,Poaceae,1,0,1,0,1,0,0,0,0,1,0,Sep,Dec,NA,NA,170,0,0,1,0,0,0,0,0,0,0,0,0,0,0,0,0,1,0,0,0,0,0,NA,0,0,leaf,2,h,w,w,0,0,0,0
Pentameris velutina,Pentaschistis velutina,Poaceae,Pentameris velutina,(H.P.Linder) Galley & H.P.Linder,Poaceae,1,0,1,0,1,0,0,1,0,1,0,Oct,Nov,NA,NA,60,0,0,1,0,0,0,0,0,0,0,0,0,0,0,0,0,1,0,0,0,0,0,13.12,0,0,leaf,2,h,w,w,0,0,0,0
Pentameris viscidula,Pentaschistis viscidula,Poaceae,Pentameris viscidula,(Nees) Steud.,Poaceae,1,0,1,0,1,0,0,1,0,1,0,Oct,Nov,NA,NA,50,0,0,1,0,0,0,0,0,0,0,0,0,0,0,0,0,1,0,0,0,0,0,NA,0,0,leaf,2,h,w,w,0,0,0,0
Pentzia elegans,Pentzia elegans,Asteraceae,Pentzia elegans,DC.,Asteraceae,1,0,1,0,1,0,0,1,0,0,0,Mar,Aug,NA,NA,40,0,0,0,1,0,0,0,0,0,0,0,0,0,0,0,0,0,1,0,0,1,0,NA,0,0,leaf,2,h,i,w,0,0,0,0
Pentzia incana,Pentzia incana,Asteraceae,Pentzia incana,(Thunb.) Kuntze,Asteraceae,1,0,1,0,1,0,0,1,0,0,0,Nov,Jan,NA,NA,100,0,0,0,1,0,0,0,0,0,0,0,0,0,0,0,0,1,0,0,0,1,1,NA,0,0,leaf,2,h,i,w,0,0,0,0
Peperomia retusa,Peperomia retusa,Piperaceae,Peperomia retusa,A.Dietr.,Piperaceae,1,0,1,0,1,0,0,0,0,0,0,Jan,Mar,NA,NA,20,1,0,0,0,0,0,0,0,0,0,0,0,1,1,0,0,0,0,1,0,0,0,NA,0,0,leaf,2,l,u,u,0,0,0,0
Petalacte coronata,Petalacte coronata,Asteraceae,Petalacte coronata,D.Don,Asteraceae,1,0,1,0,1,0,0,0,0,1,0,Aug,Nov,NA,NA,50,0,0,0,1,0,0,0,0,0,0,0,0,0,0,0,0,0,1,0,0,0,0,2.25,0,0,leaf,3,h,i,w,0,0,0,0
Phaenocoma prolifera,Phaenocoma prolifera,Asteraceae,Phaenocoma prolifera,D.Don,Asteraceae,1,0,1,0,1,0,0,0,0,0,0,Sep,Mar,NA,NA,60,0,0,0,1,0,0,0,0,0,0,0,0,0,0,0,0,1,0,0,0,0,0,0.772,0,0,leaf,2,h,i,w,0,0,0,0
Pharnaceum cordifolium,Pharnaceum cordifolium,Molluginaceae,Pharnaceum cordifolium,L.,Molluginaceae,1,1,1,0,1,0,0,0,0,0,0,May,Nov,NA,NA,50,1,0,0,0,0,0,0,0,0,0,0,0,0,0,0,0,0,1,0,0,0,0,NA,0,0,leaf,2,l,i,p,0,0,0,0
Pharnaceum incanum,Pharnaceum incanum,Molluginaceae,Pharnaceum incanum,L.,Molluginaceae,1,0,1,0,1,0,0,0,0,0,0,Aug,Oct,NA,NA,40,0,0,0,1,0,0,0,0,0,0,0,0,0,0,0,0,1,0,0,0,0,0,NA,0,0,leaf,2,l,i,p,0,0,0,0
Pharnaceum lanuginosum,Pharnaceum lanatum,Molluginaceae,Pharnaceum lanuginosum,J.C.Manning & Goldblatt,Molluginaceae,1,0,1,0,1,0,0,0,0,0,0,Aug,Oct,NA,NA,80,0,0,0,1,0,0,0,0,0,0,0,0,0,0,0,0,1,0,0,0,0,0,NA,0,0,leaf,2,l,i,p,0,0,0,0
Phiambolia hallii,Phiambolia hallii,Aizoaceae,Phiambolia hallii,(L.Bolus) Klak,Aizoaceae,1,0,1,0,1,0,0,1,0,1,0,Jul,Aug,NA,NA,10,0,0,0,0,0,0,0,1,0,0,0,0,1,1,1,0,1,0,0,0,0,0,2.4,0,0,leaf,2,l,i,p,0,0,0,0
Phiambolia mentiens,Phiambolia mentiens,Aizoaceae,Phiambolia mentiens,Klak,Aizoaceae,1,0,1,0,1,0,0,1,0,0,0,Aug,Sep,NA,NA,35,0,0,0,1,0,0,0,0,0,0,0,0,1,1,1,0,1,0,0,0,0,0,1.9,0,0,leaf,2,l,i,p,0,0,0,0
Phragmites australis,Phragmites australis,Poaceae,Phragmites australis,(Cav.) Steud.,Poaceae,1,0,1,0,1,0,0,0,0,1,0,Feb,May,NA,NA,300,0,0,1,0,0,0,0,0,0,0,0,0,0,0,0,0,0,1,0,0,0,0,NA,0,0,leaf,3,h,w,w,0,0,0,0
Phylica abietina,Phylica abietina,Rhamnaceae,Phylica abietina,Eckl. & Zeyh.,Rhamnaceae,1,0,1,0,1,0,0,0,0,0,0,Apr,Aug,NA,NA,100,0,0,0,1,0,0,0,0,0,0,0,0,0,0,0,0,0,1,0,0,0,0,NA,0,0,leaf,2,h,i,i,0,0,0,0
Phylica ambigua,Phylica ambigua,Rhamnaceae,Phylica ambigua,Sond.,Rhamnaceae,1,0,1,0,1,0,0,0,0,0,0,Aug,Nov,NA,NA,60,0,0,0,1,0,0,0,0,0,0,0,0,0,0,0,0,1,0,0,0,0,0,0.808,0,0,leaf,2,h,i,i,0,0,0,0
Phylica atrata,Phylica atrata,Rhamnaceae,Phylica atrata,Licht. ex Roem. & Schult.,Rhamnaceae,1,0,1,0,1,0,0,0,0,0,0,Oct,Mar,NA,NA,60,0,0,0,1,0,0,0,0,0,0,0,0,0,0,0,0,0,1,0,0,0,0,NA,0,0,leaf,2,h,i,i,0,0,0,0
Phylica axillaris,Phylica axillaris,Rhamnaceae,Phylica axillaris,Lam.,Rhamnaceae,1,0,1,0,1,0,0,0,0,0,0,Dec,Apr,NA,NA,80,0,0,0,1,0,0,0,0,0,0,0,0,0,0,0,0,1,1,0,0,0,0,0.758333333,0,0,leaf,2,h,i,i,0,0,0,0
Phylica barnardii,Phylica barnardii,Rhamnaceae,Phylica barnardii,Pillans,Rhamnaceae,1,0,1,0,1,0,0,0,0,0,0,Aug,Oct,NA,NA,60,0,0,0,1,0,0,0,0,0,0,0,0,0,0,0,0,1,0,0,0,0,0,NA,0,0,leaf,2,h,i,i,0,0,0,0
Phylica buxifolia,Phylica buxifolia,Rhamnaceae,Phylica buxifolia,L.,Rhamnaceae,1,0,1,0,1,0,0,0,0,0,0,Apr,Aug,NA,NA,400,0,0,0,0,0,1,1,0,0,0,0,0,0,0,0,0,0,0,1,0,0,0,1.7,0,0,leaf,2,h,i,i,0,0,0,0
Phylica cryptandroides,Phylica cryptandroides,Rhamnaceae,Phylica cryptandroides,Sond.,Rhamnaceae,1,0,1,0,1,0,0,0,0,0,0,Sep,Oct,NA,NA,300,0,0,0,0,0,1,0,0,0,0,0,0,0,0,0,0,1,0,0,0,0,0,NA,0,0,leaf,2,h,i,i,0,0,0,0
Phylica debilis,Phylica debilis,Rhamnaceae,Phylica debilis,Eckl. & Zeyh.,Rhamnaceae,1,0,1,0,1,0,0,0,0,0,0,Nov,Dec,NA,NA,60,0,0,0,1,0,0,0,0,0,0,0,0,0,0,0,0,0,1,0,0,0,0,0.22,0,0,leaf,2,h,i,i,0,0,0,0
Phylica dodii,Phylica dodii,Rhamnaceae,Phylica dodii,N.E.Br.,Rhamnaceae,1,0,1,0,1,0,0,0,0,0,0,Jun,Sep,NA,NA,40,0,0,0,1,0,0,0,0,0,0,0,0,0,0,0,0,1,0,0,0,0,0,NA,0,0,leaf,2,h,i,i,0,0,0,0
Phylica ericoides,Phylica ericoides,Rhamnaceae,Phylica ericoides,L.,Rhamnaceae,1,0,1,0,1,0,0,0,0,0,0,Jan,Dec,NA,NA,100,0,0,0,1,0,0,0,0,0,0,0,0,0,0,0,0,1,0,0,0,0,0,0.457142857,0,0,leaf,2,h,i,i,0,0,0,0
Phylica fruticosa,Phylica fruticosa,Rhamnaceae,Phylica fruticosa,Schltr.,Rhamnaceae,1,0,1,0,1,0,0,0,0,0,0,Mar,Apr,NA,NA,150,0,0,0,0,1,0,0,0,0,0,0,0,0,0,0,0,0,1,1,0,0,0,NA,0,0,leaf,2,h,i,i,0,0,0,0
Phylica humilis,Phylica humilis,Rhamnaceae,Phylica humilis,Sond.,Rhamnaceae,1,0,1,0,1,0,0,0,0,0,0,Aug,Nov,NA,NA,30,0,0,0,1,0,0,0,0,0,0,0,0,0,0,0,0,0,0,1,0,0,0,0.202,0,0,leaf,2,h,i,i,0,0,0,0
Phylica imberbis,Phylica imberbis,Rhamnaceae,Phylica imberbis,P.J.Bergius,Rhamnaceae,1,0,1,0,1,0,0,0,0,1,0,Nov,Apr,NA,NA,50,0,0,0,1,0,0,0,0,0,0,0,0,0,0,0,0,1,0,0,0,0,0,1.320714286,0,0,leaf,3,h,i,i,0,0,0,0
Phylica lachneaeoides,Phylica lachneaeoides,Rhamnaceae,Phylica lachneaeoides,Pillans,Rhamnaceae,1,0,1,0,1,0,0,0,0,0,0,May,Sep,NA,NA,100,0,0,0,1,0,0,0,0,0,0,0,0,0,0,0,0,0,0,1,0,0,0,0.424444444,0,0,leaf,2,h,i,i,0,0,0,0
Phylica lasiocarpa,Phylica lasiocarpa,Rhamnaceae,Phylica lasiocarpa,Sond.,Rhamnaceae,1,0,1,0,1,0,0,0,0,1,0,Dec,Apr,NA,NA,60,0,0,0,1,0,0,0,0,0,0,0,0,0,0,0,0,1,1,0,0,0,0,1.64,0,0,leaf,3,h,i,i,0,0,0,0
Phylica leipoldtii,Phylica leipoldtii,Rhamnaceae,Phylica leipoldtii,Pillans,Rhamnaceae,1,0,1,0,1,0,0,0,0,1,0,Aug,Jan,NA,NA,50,0,0,0,1,0,0,0,0,0,0,0,0,0,0,0,0,1,0,0,0,0,0,1.006,0,0,leaf,2,h,i,i,0,0,0,0
Phylica mairei,Phylica mairei,Rhamnaceae,Phylica mairei,Pillans,Rhamnaceae,1,0,1,0,1,0,0,0,0,0,0,Feb,Apr,NA,NA,40,0,0,0,1,0,0,0,0,0,0,0,0,0,0,0,0,0,0,1,0,0,0,NA,0,0,leaf,2,h,i,i,0,0,0,0
Phylica oleaefolia,Phylica oleaefolia,Rhamnaceae,Phylica oleaefolia,Vent.,Rhamnaceae,1,0,1,0,1,0,0,0,0,1,0,Mar,May,NA,NA,200,0,0,0,0,0,1,0,0,0,0,0,0,0,0,0,0,0,0,1,0,0,0,NA,0,0,leaf,2,h,i,i,0,0,0,0
Phylica paniculata,Phylica paniculata,Rhamnaceae,Phylica paniculata,Willd.,Rhamnaceae,1,0,1,0,1,0,0,0,0,0,0,May,Jun,NA,NA,300,0,0,0,0,0,1,0,0,0,0,0,0,0,0,0,0,0,1,1,0,0,0,1.222222222,0,0,leaf,2,h,i,i,0,0,0,0
Phylica parviflora,Phylica parviflora,Rhamnaceae,Phylica parviflora,P.J.Bergius,Rhamnaceae,1,0,1,0,1,0,0,0,0,0,0,Jan,May,NA,NA,40,0,0,0,1,0,0,0,0,0,0,0,0,0,0,0,0,0,1,0,0,0,0,0.45,0,0,leaf,2,h,i,i,0,0,0,0
Phylica pinea,Phylica pinea,Rhamnaceae,Phylica pinea,Thunb.,Rhamnaceae,1,0,1,0,1,0,0,0,0,0,0,Dec,Aug,NA,NA,100,0,0,0,1,0,0,0,0,0,0,0,0,0,0,0,0,0,1,0,0,0,0,0.95,0,0,leaf,2,h,i,i,0,0,0,0
Phylica purpurea,Phylica purpurea,Rhamnaceae,Phylica purpurea,Sond.,Rhamnaceae,1,0,1,0,1,0,0,0,0,0,0,Apr,Oct,NA,NA,300,0,0,0,0,0,1,0,0,0,0,0,0,0,0,0,0,0,1,0,0,0,0,0.735,0,0,leaf,2,h,i,i,0,0,0,0
Phylica rigida,Phylica rigida,Rhamnaceae,Phylica rigida,Eckl. & Zeyh.,Rhamnaceae,1,0,1,0,1,0,0,0,0,0,0,Sep,Nov,NA,NA,100,0,0,0,1,0,0,0,0,0,0,0,0,0,0,0,0,1,0,0,0,0,0,NA,0,0,leaf,2,h,i,i,0,0,0,0
Phylica rigidifolia,Phylica rigidifolia,Rhamnaceae,Phylica rigidifolia,Sond.,Rhamnaceae,1,0,1,0,1,0,0,0,0,0,0,May,Oct,NA,NA,100,0,0,0,1,0,0,0,0,0,0,0,0,0,0,0,0,1,0,0,0,0,0,0.858,0,0,leaf,2,h,i,i,0,0,0,0
Phylica rubra,Phylica rubra,Rhamnaceae,Phylica rubra,Willd. ex Roem. & Schult.,Rhamnaceae,1,0,1,0,1,0,0,0,0,0,0,Mar,Jul,NA,NA,200,0,0,0,0,0,1,0,0,0,0,0,0,0,0,0,0,1,1,0,0,0,0,NA,0,0,leaf,2,h,i,i,0,0,0,0
Phylica spicata,Phylica spicata,Rhamnaceae,Phylica spicata,L.f.,Rhamnaceae,1,0,1,0,1,0,0,0,0,0,0,Apr,Aug,NA,NA,200,0,0,0,0,0,1,0,0,0,0,0,0,0,0,0,0,0,0,1,0,0,0,NA,0,0,leaf,2,h,i,i,0,0,0,0
Phylica villosa,Phylica villosa,Rhamnaceae,Phylica villosa,Thunb.,Rhamnaceae,1,0,1,0,1,0,0,0,0,0,0,Feb,Jul,NA,NA,100,0,0,0,1,0,0,0,0,0,0,0,0,0,0,0,0,1,0,0,0,0,0,1.804,0,0,leaf,2,h,i,i,0,0,0,0
Phyllosma capensis,Phyllosma capensis,Rutaceae,Phyllosma capensis,Bolus ex Schltr.,Rutaceae,1,0,1,0,1,0,0,0,0,1,0,Jul,Sep,NA,NA,40,0,0,0,1,0,0,0,0,0,0,0,0,0,0,0,0,0,1,0,0,0,0,1.158,0,0,leaf,2,h,i,i,0,0,0,0
Pittosporum viridiflorum,Pittosporum viridiflorum,Pittosporaceae,Pittosporum viridiflorum,Sims,Pittosporaceae,1,0,1,0,1,0,0,0,0,0,0,Nov,Dec,NA,NA,2000,0,0,0,0,0,1,1,0,0,0,0,0,0,0,0,0,0,1,0,0,0,0,6.066666667,0,0,leaf,3,h,i,m,0,0,0,0
Plantago crassifolia,Plantago crassifolia,Plantaginaceae,Plantago crassifolia,Forssk.,Plantaginaceae,1,0,1,0,1,0,0,0,0,1,0,Nov,Mar,NA,NA,30,1,0,0,0,0,0,0,0,0,0,0,0,1,1,0,0,0,1,0,0,0,1,NA,0,0,leaf,2,l,w,p,0,0,0,0
Platycaulos acutus,Platycaulos acutus,Restionaceae,Platycaulos acutus,Esterh.,Restionaceae,1,0,0,1,1,0,0,0,0,1,0,Feb,Mar,NA,NA,30,0,0,1,0,0,0,0,0,0,0,0,0,0,0,0,0,1,0,0,0,0,0,NA,1,1,culm_stem,2,h,w,p,0,0,0,0
Platycaulos anceps,Platycaulos anceps,Restionaceae,Platycaulos anceps,(Mast.) H.P.Linder,Restionaceae,1,0,0,1,1,0,0,0,0,1,0,Oct,Nov,NA,NA,100,0,0,1,0,0,0,0,1,0,0,0,0,0,0,0,0,1,0,0,0,0,0,30.06,1,1,culm_stem,2,h,w,p,0,0,0,0
Platycaulos compressus,Platycaulos compressus,Restionaceae,Platycaulos compressus,(Rottb.) H.P.Linder,Restionaceae,1,0,0,1,1,0,0,0,0,1,0,Aug,Aug,NA,NA,100,0,0,1,0,0,0,0,0,0,0,0,0,0,0,0,0,1,0,0,0,0,0,60.78,1,1,culm_stem,2,h,w,p,0,0,0,0
Platycaulos major,Platycaulos major,Restionaceae,Platycaulos major,(Mast.) H.P.Linder,Restionaceae,1,0,0,1,1,0,0,0,0,1,0,Mar,Apr,NA,NA,100,0,0,1,0,0,0,0,0,0,0,0,0,0,0,0,0,1,0,0,0,0,0,NA,1,1,culm_stem,2,h,w,p,0,0,0,0
Platylophus trifoliatus,Platylophus trifoliatus,Cunoniaceae,Platylophus trifoliatus,(L.f.) D.Don,Cunoniaceae,1,0,1,0,1,0,0,0,0,1,0,Dec,Feb,NA,NA,3000,0,0,0,0,0,0,1,0,0,0,0,0,0,0,0,0,0,0,1,1,0,0,18.3,0,0,leaf,3,l,i,m,0,0,0,0
Plecostachys serpyllifolia,Plecostachys serpyllifolia,Asteraceae,Plecostachys serpyllifolia,(P.J.Bergius) Hilliard & B.L.Burtt,Asteraceae,1,0,1,0,1,0,0,0,0,0,0,Mar,May,NA,NA,100,0,0,0,1,0,0,0,0,0,0,0,0,0,0,0,0,0,0,1,0,0,0,0.925,0,0,leaf,2,h,i,w,0,0,0,0
Plectranthus fruticosus,Plectranthus fruticosus,Lamiaceae,Plectranthus fruticosus,L'Hér.,Lamiaceae,1,0,1,0,1,0,0,0,0,1,0,Nov,Apr,NA,NA,200,0,0,0,0,0,1,0,0,0,0,0,0,0,0,0,0,0,0,1,0,0,0,NA,0,0,leaf,2,l,i,p,0,0,0,0
Plumbago auriculata,Plumbago auriculata,Plumbaginaceae,Plumbago auriculata,Lam.,Plumbaginaceae,1,0,1,0,1,0,0,0,0,1,0,Dec,May,NA,NA,2000,0,0,0,0,0,1,0,1,0,0,0,0,0,0,0,0,0,0,1,0,0,0,4.066666667,0,0,leaf,3,h,i,p,0,0,0,0
Podalyria biflora,Podalyria biflora,Fabaceae,Podalyria biflora,(L.) Lam.,Fabaceae,1,0,1,0,1,0,0,0,0,1,0,Aug,Nov,NA,NA,30,0,0,0,1,0,0,0,0,0,0,0,0,0,0,0,0,0,0,1,0,0,0,NA,0,0,leaf,2,h,i,p,0,0,0,0
Podalyria burchellii,Podalyria burchellii,Fabaceae,Podalyria burchellii,DC.,Fabaceae,1,0,1,0,1,0,0,0,0,1,0,Aug,Jun,NA,NA,100,0,0,0,1,1,0,0,0,0,0,0,0,0,0,0,0,0,0,1,0,0,0,1.98,0,0,leaf,2,h,i,p,0,0,0,0
Podalyria calyptrata,Podalyria calyptrata,Fabaceae,Podalyria calyptrata,(Retz.) Willd.,Fabaceae,1,0,1,0,1,0,0,0,0,0,0,Aug,Oct,NA,NA,500,0,0,0,0,0,0,1,0,0,0,0,0,0,0,0,0,0,0,1,0,0,0,3,0,0,leaf,2,h,i,i,0,0,0,0
Podocarpus elongatus,Podocarpus elongatus,Podocarpaceae,Podocarpus elongatus,(Aiton) L'Hér. ex Pers.,Podocarpaceae,1,0,0,1,1,0,0,0,0,1,0,Jan,May,NA,NA,500,0,0,0,0,0,0,1,0,0,0,0,0,0,0,0,0,1,0,0,0,0,0,3.92,0,0,leaf,3,m,w,m,0,0,0,0
Podocarpus latifolius,Podocarpus latifolius,Podocarpaceae,Podocarpus latifolius,(Thunb.) R.Br. ex Mirb.,Podocarpaceae,1,0,0,1,1,0,0,0,0,0,0,Aug,Dec,NA,NA,3000,0,0,0,0,0,0,1,0,0,0,0,0,0,0,0,0,1,0,0,0,0,0,10.15,0,0,leaf,3,m,w,m,0,0,0,0
Pollichia campestris,Pollichia campestris,Caryophyllaceae,Pollichia campestris,Aiton,Caryophyllaceae,1,0,1,0,1,0,0,0,0,0,0,Jan,Dec,NA,NA,60,0,0,0,1,0,0,0,0,0,0,0,0,0,0,0,0,0,1,0,0,0,0,NA,0,0,leaf,2,l,i,p,0,0,0,0
Polpoda capensis,Polpoda capensis,Molluginaceae,Polpoda capensis,C.Presl,Molluginaceae,1,0,1,0,1,0,0,0,0,0,0,Apr,Jul,NA,NA,50,0,0,0,1,0,0,0,0,0,0,0,0,0,0,0,0,0,0,1,0,0,0,NA,0,0,leaf,2,l,u,p,0,0,0,0
Polyarrhena reflexa,Polyarrhena reflexa,Asteraceae,Polyarrhena reflexa,(L.) Cass.,Asteraceae,1,0,1,0,1,0,0,0,0,0,0,Jun,Oct,NA,NA,100,0,0,0,1,0,0,0,0,0,0,0,0,0,0,0,0,0,1,1,0,0,0,0.934615385,0,0,leaf,2,h,i,w,0,0,0,0
Polygala asbestina,Polygala asbestina,Polygalaceae,Polygala asbestina,Burch.,Polygalaceae,1,0,1,0,1,0,0,0,0,0,0,Nov,Mar,NA,NA,20,0,0,0,1,0,0,0,0,0,0,0,0,0,0,0,0,0,0,1,0,0,0,NA,0,0,leaf,2,l,i,i,0,0,0,0
Polygala brachyphylla,Polygala brachyphylla,Polygalaceae,Polygala brachyphylla,Chodat,Polygalaceae,1,0,1,0,1,0,0,0,0,0,0,Sep,Dec,NA,NA,35,0,0,0,1,0,0,0,0,0,0,0,0,0,0,0,0,0,0,1,0,0,0,NA,0,0,leaf,2,h,i,i,0,0,0,0
Polygala bracteolata,Polygala bracteolata,Polygalaceae,Polygala bracteolata,L.,Polygalaceae,1,0,1,0,1,0,0,0,0,0,0,Sep,Nov,NA,NA,100,0,0,0,1,0,0,0,1,0,0,0,0,0,0,0,0,0,1,1,0,0,0,1.6125,0,0,leaf,2,l,i,i,0,0,0,0
Polygala ericaefolia,Polygala ericaefolia,Polygalaceae,Polygala ericaefolia,DC.,Polygalaceae,1,0,1,0,1,0,0,0,0,0,0,Aug,Nov,NA,NA,40,0,0,0,1,0,0,0,0,0,0,0,0,0,0,0,0,1,0,0,0,0,0,NA,0,0,leaf,2,h,i,i,0,0,0,0
Polygala fruticosa,Polygala fruticosa,Polygalaceae,Polygala fruticosa,P.J.Bergius,Polygalaceae,1,0,1,0,1,0,0,0,0,1,0,Sep,Nov,NA,NA,200,0,0,0,0,0,1,0,0,0,0,0,0,0,0,0,0,0,1,1,0,0,0,1.666666667,0,0,leaf,2,h,i,i,0,0,0,0
Polygala garcinii,Polygala garcinii,Polygalaceae,Polygala garcinii,DC.,Polygalaceae,1,0,1,0,1,0,0,0,0,1,0,Sep,Dec,NA,NA,40,0,0,0,1,0,0,0,0,0,0,0,0,0,0,0,0,1,0,0,0,0,0,1,0,0,leaf,2,l,i,i,0,0,0,0
Polygala illepida,Polygala illepida,Polygalaceae,Polygala illepida,E.Mey. ex Harv. & Sond.,Polygalaceae,1,0,1,0,1,0,0,0,0,0,0,Oct,Nov,NA,NA,15,0,0,0,1,0,0,0,0,0,0,0,0,0,0,0,0,0,0,1,0,0,0,0.723333333,0,0,leaf,2,l,i,i,0,0,0,0
Polygala microlopha,Polygala microlopha,Polygalaceae,Polygala microlopha,Burch. ex DC.,Polygalaceae,1,0,1,0,1,0,0,0,0,0,0,Aug,Nov,NA,NA,60,0,0,0,1,0,0,0,0,0,0,0,0,0,0,0,0,1,0,1,0,0,0,NA,0,0,leaf,2,m,i,i,0,0,0,0
Polygala myrtifolia,Polygala myrtifolia,Polygalaceae,Polygala myrtifolia,L.,Polygalaceae,1,0,1,0,1,0,0,0,0,0,0,Jul,Oct,NA,NA,200,0,0,0,0,0,1,0,0,0,0,0,0,0,0,0,0,1,0,1,0,0,0,2.45,0,0,leaf,2,h,i,i,0,0,0,0
Polygala pappeana,Polygala pappeana,Polygalaceae,Polygala pappeana,Eckl. & Zeyh.,Polygalaceae,1,1,1,0,1,0,0,0,0,0,0,Sep,Dec,NA,NA,30,1,0,0,0,0,0,0,0,0,0,0,0,0,0,0,0,1,0,0,0,0,0,NA,0,0,leaf,1,l,i,i,0,0,0,0
Polygala recognita,Polygala recognita,Polygalaceae,Polygala recognita,Chodat,Polygalaceae,1,0,1,0,1,0,0,0,0,1,0,Sep,Oct,NA,NA,40,0,0,0,1,0,0,0,0,0,0,0,0,0,0,0,0,1,0,0,0,0,0,NA,0,0,leaf,2,l,i,i,0,0,0,0
Polygala refracta,Polygala refracta,Polygalaceae,Polygala refracta,Burch. ex DC.,Polygalaceae,1,0,1,0,1,0,0,0,0,0,0,Sep,Apr,NA,NA,40,0,0,0,1,0,0,0,0,0,0,0,0,0,0,0,0,0,1,0,0,0,0,NA,0,0,leaf,2,l,i,i,0,0,0,0
Polygala umbellata,Polygala umbellata,Polygalaceae,Polygala umbellata,Thunb.,Polygalaceae,1,0,1,0,1,0,0,0,0,1,0,Aug,Nov,NA,NA,40,0,0,0,1,0,0,0,0,0,0,0,0,0,0,0,0,1,0,0,0,0,0,NA,0,0,leaf,2,l,i,i,0,0,0,0
Polygala virgata,Polygala virgata,Polygalaceae,Polygala virgata,Thunb.,Polygalaceae,1,0,1,0,1,0,0,0,0,0,0,Oct,Dec,NA,NA,200,0,0,0,0,0,1,0,0,0,0,0,0,0,0,0,0,0,1,1,0,0,0,NA,0,0,leaf,2,m,i,i,0,0,0,0
Polygala wittebergensis,Polygala wittebergensis,Polygalaceae,Polygala wittebergensis,Compton,Polygalaceae,1,0,1,0,1,0,0,0,0,0,0,Aug,Oct,NA,NA,60,0,0,0,1,0,0,0,0,0,0,0,0,0,0,0,0,1,1,0,0,0,0,NA,0,0,leaf,2,m,i,i,0,0,0,0
Polypogon strictus,Polypogon strictus,Poaceae,Polypogon tenuis,Brongn.,Poaceae,0,1,1,0,0,1,1,1,0,0,0,Oct,Apr,NA,NA,50,0,0,1,0,0,0,0,0,0,0,0,0,0,0,0,0,1,0,0,0,0,0,NA,0,0,leaf,2,m,w,w,0,0,0,0
Portulacaria afra,Portulacaria afra,Portulacaceae,Portulacaria afra,Jacq.,Didiereaceae,1,0,1,0,1,0,0,0,0,1,0,Oct,Nov,NA,NA,300,0,0,0,0,0,1,1,1,0,0,0,0,1,1,1,0,0,0,1,0,0,0,1.455789474,0,0,leaf,3,l,i,w,0,0,0,0
Printzia polifolia,Printzia polifolia,Asteraceae,Printzia polifolia,(L.) Hutch.,Asteraceae,1,0,1,0,1,0,0,0,0,1,0,Jul,Nov,NA,NA,200,0,0,0,0,0,1,0,0,0,0,0,0,0,0,0,0,0,0,1,0,0,0,1.16,0,0,leaf,2,h,i,w,0,0,0,0
Prionium serratum,Prionium serratum,Prioniaceae,Prionium serratum,(L.f.) Drège,Thurniaceae,1,0,1,0,1,0,0,0,0,1,0,Sep,Feb,NA,NA,200,0,0,0,0,0,1,0,0,0,0,0,0,0,0,0,0,0,1,0,0,0,0,62.82,0,0,leaf,3,h,w,w,0,0,0,0
Prismatocarpus brevilobus,Prismatocarpus brevilobus,Campanulaceae,Prismatocarpus brevilobus,A.DC.,Campanulaceae,1,0,1,0,1,0,0,1,0,0,0,Dec,May,NA,NA,50,0,0,0,1,0,0,0,0,0,0,0,0,0,0,0,0,0,0,1,0,0,0,NA,0,0,leaf,1,m,i,p,0,0,0,0
Prismatocarpus fruticosus,Prismatocarpus fruticosus,Campanulaceae,Prismatocarpus fruticosus,L'Hér.,Campanulaceae,1,0,1,0,1,0,0,1,0,0,0,Nov,Apr,NA,NA,50,0,0,0,1,0,0,0,0,0,0,0,0,0,0,0,0,0,1,0,0,0,0,0.632,0,0,leaf,1,m,i,p,0,0,0,0
Prismatocarpus sessilis,Prismatocarpus sessilis,Campanulaceae,Prismatocarpus sessilis,Eckl. ex A.DC.,Campanulaceae,1,0,1,0,1,0,0,1,0,0,0,Dec,Mar,NA,NA,60,0,0,0,1,0,0,0,1,0,0,0,0,0,0,0,0,1,1,0,0,0,0,0.533333333,0,0,leaf,1,h,i,p,0,0,0,0
Protea acaulos,Protea acaulos,Proteaceae,Protea acaulos,(L.) Reichard,Proteaceae,1,0,1,0,1,0,0,0,0,1,1,Jun,Nov,NA,NA,15,0,0,0,1,0,0,0,0,0,0,0,0,0,0,0,0,0,1,0,0,0,0,9.04,0,0,leaf,3,h,m,w,0,0,0,0
Protea acuminata,Protea acuminata,Proteaceae,Protea acuminata,Sims,Proteaceae,1,0,1,0,1,0,0,0,0,0,1,Jul,Aug,NA,NA,200,0,0,0,0,0,1,0,0,0,0,0,0,0,0,0,0,1,0,0,0,0,0,7.84,0,0,leaf,2,h,m,w,0,0,0,0
Protea angustata,Protea angustata,Proteaceae,Protea angustata,R.Br.,Proteaceae,1,0,1,0,1,0,0,0,0,1,1,Jul,Oct,NA,NA,30,0,0,0,1,0,0,0,0,0,0,0,0,0,0,0,0,1,0,0,0,0,0,NA,0,0,leaf,3,h,m,w,0,0,0,0
Protea aspera,Protea aspera,Proteaceae,Protea aspera,E.Phillips,Proteaceae,1,0,1,0,1,0,0,0,0,1,1,Sep,Oct,NA,NA,20,0,0,0,1,0,0,0,0,0,0,0,0,0,0,0,0,1,0,0,0,0,0,NA,0,0,leaf,3,h,m,w,0,0,0,0
Protea aurea,Protea aurea,Proteaceae,Protea aurea,(Burm.f.) Rourke,Proteaceae,1,0,1,0,1,0,0,0,0,0,1,Jan,Jun,NA,NA,500,0,0,0,0,0,0,1,0,0,0,0,0,0,0,0,0,0,0,1,0,0,0,8.32,0,0,leaf,2,h,m,w,0,0,0,0
Protea cordata,Protea cordata,Proteaceae,Protea cordata,Thunb.,Proteaceae,1,0,1,0,1,0,0,0,0,1,1,Jun,Jul,NA,NA,50,0,0,0,1,0,0,0,0,0,0,0,0,0,0,0,0,0,0,1,0,0,0,NA,0,0,leaf,3,h,m,w,0,0,0,0
Protea cynaroides,Protea cynaroides,Proteaceae,Protea cynaroides,(L.) L.,Proteaceae,1,0,1,0,1,0,0,0,0,1,1,Jan,Dec,NA,NA,300,0,0,0,0,0,1,0,0,0,0,0,0,0,0,0,0,0,0,1,0,0,0,11.27454545,0,0,leaf,3,h,m,w,0,0,0,0
Protea eximia,Protea eximia,Proteaceae,Protea eximia,(Knight) Fourc.,Proteaceae,1,0,1,0,1,0,0,0,0,0,1,Aug,Oct,NA,NA,400,0,0,0,0,0,1,0,0,0,0,0,0,0,0,0,0,0,0,1,0,0,0,12.03636364,0,0,leaf,2,h,m,w,0,0,0,0
Protea glabra,Protea glabra,Proteaceae,Protea glabra,Thunb.,Proteaceae,1,0,1,0,1,0,0,0,0,1,1,Aug,Sep,NA,NA,500,0,0,0,0,0,1,1,0,0,0,0,0,0,0,0,0,0,0,1,0,0,0,6.28,0,0,leaf,3,h,m,w,0,0,0,0
Protea grandiceps,Protea grandiceps,Proteaceae,Protea grandiceps,Tratt.,Proteaceae,1,0,1,0,1,0,0,0,0,0,1,Dec,Jan,NA,NA,200,0,0,0,0,0,1,0,0,0,0,0,0,0,0,0,0,0,0,1,0,0,0,NA,0,0,leaf,2,h,m,w,0,0,0,0
Protea intonsa,Protea intonsa,Proteaceae,Protea intonsa,Rourke,Proteaceae,1,0,1,0,1,0,0,0,0,1,1,Sep,Nov,NA,NA,25,0,0,0,1,0,0,0,0,0,0,0,0,0,0,0,0,1,0,0,0,0,0,16.8,0,0,leaf,3,h,m,w,0,0,0,0
Protea laevis,Protea laevis,Proteaceae,Protea laevis,R.Br.,Proteaceae,1,0,1,0,1,0,0,0,0,0,1,Sep,Nov,NA,NA,30,0,0,0,1,0,0,0,1,0,0,0,0,0,0,0,0,0,0,1,0,0,0,8.82,0,0,leaf,2,h,m,w,0,0,0,0
Protea laurifolia,Protea laurifolia,Proteaceae,Protea laurifolia,Thunb.,Proteaceae,1,0,1,0,1,0,0,0,0,0,1,May,Jul,NA,NA,800,0,0,0,0,0,0,1,0,0,0,0,0,0,0,0,0,0,0,1,0,0,0,9.76,0,0,leaf,2,h,m,w,0,0,0,0
Protea lepidocarpodendron,Protea lepidocarpodendron,Proteaceae,Protea lepidocarpodendron,L.,Proteaceae,1,0,1,0,1,0,0,0,0,0,1,Apr,Aug,NA,NA,800,0,0,0,0,0,0,1,0,0,0,0,0,0,0,0,0,0,1,0,0,0,0,9.9,0,0,leaf,2,h,m,w,0,0,0,0
Protea lorea,Protea lorea,Proteaceae,Protea lorea,R.Br.,Proteaceae,1,0,1,0,1,0,0,0,0,1,1,Jan,Feb,NA,NA,30,0,0,0,1,0,0,0,1,0,0,0,0,0,0,0,0,1,0,0,0,0,0,NA,0,0,leaf,2,h,m,w,0,0,0,0
Protea lorifolia,Protea lorifolia,Proteaceae,Protea lorifolia,(Knight) Fourc.,Proteaceae,1,0,1,0,1,0,0,0,0,0,1,Apr,Jun,NA,NA,300,0,0,0,0,0,1,1,0,0,0,0,0,0,0,0,0,0,1,0,0,0,0,15.96666667,0,0,leaf,2,h,m,w,0,0,0,0
Protea mundii,Protea mundii,Proteaceae,Protea mundii,Klotzsch,Proteaceae,1,0,1,0,1,0,0,0,0,0,1,Feb,Apr,NA,NA,800,0,0,0,0,0,0,1,0,0,0,0,0,0,0,0,0,0,0,1,0,0,0,8.133333333,0,0,leaf,2,h,m,w,0,0,0,0
Protea neriifolia,Protea neriifolia,Proteaceae,Protea neriifolia,R.Br.,Proteaceae,1,0,1,0,1,0,0,0,0,0,1,Feb,Nov,NA,NA,800,0,0,0,0,0,0,1,0,0,0,0,0,0,0,0,0,0,0,1,0,0,0,11.71428571,0,0,leaf,2,h,m,w,0,0,0,0
Protea nitida,Protea nitida,Proteaceae,Protea nitida,Mill.,Proteaceae,1,0,1,0,1,0,0,0,0,1,1,May,Aug,NA,NA,1000,0,0,0,0,0,0,1,0,0,0,0,0,0,0,0,0,0,0,1,0,0,0,10.24761905,0,0,leaf,3,h,m,w,0,0,0,0
Protea piscina,Protea piscina,Proteaceae,Protea piscina,Rourke,Proteaceae,1,0,1,0,1,0,0,0,0,1,1,Jun,Jan,NA,NA,30,0,0,0,1,0,0,0,1,0,0,0,0,0,0,0,0,1,0,0,0,0,0,14.6,0,0,leaf,3,h,m,w,0,0,0,0
Protea punctata,Protea punctata,Proteaceae,Protea punctata,Meisn.,Proteaceae,1,0,1,0,1,0,0,0,0,0,1,Mar,Apr,NA,NA,400,0,0,0,1,0,0,0,0,0,0,0,0,0,0,0,0,0,0,1,0,0,0,6.15,0,0,leaf,2,h,m,w,0,0,0,0
Protea repens,Protea repens,Proteaceae,Protea repens,(L.) L.,Proteaceae,1,0,1,0,1,0,0,0,0,0,1,Jan,Dec,NA,NA,450,0,0,0,0,0,1,1,0,0,0,0,0,0,0,0,0,1,0,0,0,0,0,10.34545455,0,0,leaf,2,h,m,w,0,0,0,0
Protea scabra,Protea scabra,Proteaceae,Protea scabra,R.Br.,Proteaceae,1,0,1,0,1,0,0,0,0,1,1,Jul,Oct,NA,NA,25,0,0,0,1,0,0,0,0,0,0,0,0,0,0,0,0,1,1,0,0,0,0,23,0,0,leaf,3,h,m,w,0,0,0,0
Protea scolopendriifolia,Protea scolopendriifolia,Proteaceae,Protea scolopendriifolia,(Salisb. ex Knight) Rourke,Proteaceae,1,0,1,0,1,0,0,0,0,1,1,Sep,Dec,NA,NA,30,0,0,0,1,0,0,0,0,0,0,0,0,0,0,0,0,0,1,0,0,0,0,17.54,0,0,leaf,3,h,m,w,0,0,0,0
Protea speciosa,Protea speciosa,Proteaceae,Protea speciosa,L.,Proteaceae,1,0,1,0,1,0,0,0,0,1,1,Sep,Oct,NA,NA,120,0,0,0,0,1,0,0,0,0,0,0,0,0,0,0,0,0,0,1,0,0,0,NA,0,0,leaf,3,h,m,w,0,0,0,0
Protea tenax,Protea tenax,Proteaceae,Protea tenax,(Salisb.) R.Br.,Proteaceae,1,0,1,0,1,0,0,0,0,1,1,May,Sep,NA,NA,30,0,0,0,1,0,0,0,1,0,0,0,0,0,0,0,0,0,1,0,0,0,0,12.61666667,0,0,leaf,3,h,m,w,0,0,0,0
Psammotropha anguina,Psammotropha anguina,Molluginaceae,Psammotropha anguina,Compton,Molluginaceae,1,0,1,0,1,0,0,0,0,0,0,Sep,Oct,NA,NA,30,0,0,0,1,0,0,0,0,0,0,0,0,0,0,0,0,1,0,0,0,0,0,NA,0,0,leaf,2,l,u,u,0,0,0,0
Psammotropha quadrangularis,Psammotropha quadrangularis,Molluginaceae,Psammotropha quadrangularis,Fenzl,Molluginaceae,1,0,1,0,1,0,0,0,0,0,0,Sep,Oct,NA,NA,30,0,0,0,1,0,0,0,0,0,0,0,0,0,0,0,0,1,0,0,0,0,0,0.232,0,0,leaf,2,l,u,u,0,0,0,0
Pseudopentameris brachyphylla,Pseudopentameris brachyphylla,Poaceae,Pseudopentameris brachyphylla,(Stapf) Conert,Poaceae,1,0,1,0,1,0,0,0,0,1,0,Sep,Oct,NA,NA,80,0,0,1,0,0,0,0,0,0,0,0,0,0,0,0,0,1,0,0,0,0,0,6.46,0,0,leaf,2,h,w,w,0,0,0,0
Pseudopentameris macrantha,Pseudopentameris macrantha,Poaceae,Pseudopentameris macrantha,(Schrad.) Conert,Poaceae,1,0,1,0,1,0,0,0,0,1,0,Aug,Sep,NA,NA,150,0,0,1,0,0,0,0,0,0,0,0,0,0,0,0,0,1,0,0,0,0,0,20.25882353,0,0,leaf,2,h,w,w,0,0,0,0
Pseudoselago humilis,Pseudoselago humilis,Scrophulariaceae,Pseudoselago humilis,(Rolfe) Hilliard,Scrophulariaceae,1,0,1,0,1,0,0,1,0,0,0,Dec,Feb,NA,NA,20,1,0,0,0,0,0,0,0,0,0,0,0,0,0,0,0,0,0,1,0,0,0,NA,0,0,leaf,1,m,i,p,0,0,0,0
Pseudoselago recurvifolia,Pseudoselago recurvifolia,Scrophulariaceae,Pseudoselago recurvifolia,Hilliard,Scrophulariaceae,1,0,1,0,1,0,0,1,0,0,0,Dec,Feb,NA,NA,50,1,0,0,0,0,0,0,0,0,0,0,0,0,0,0,0,0,0,1,0,0,0,NA,0,0,leaf,1,m,i,p,0,0,0,0
Pseudoselago serrata,Pseudoselago serrata,Scrophulariaceae,Pseudoselago serrata,(P.J.Bergius) Hilliard,Scrophulariaceae,1,0,1,0,1,0,0,1,0,0,0,Sep,Mar,NA,NA,40,1,0,0,0,0,0,0,0,0,0,0,0,0,0,0,0,0,0,1,0,0,0,0.758,0,0,leaf,1,m,i,p,0,0,0,0
Pseudoselago spuria,Pseudoselago spuria,Scrophulariaceae,Pseudoselago spuria,(L.) Hilliard,Scrophulariaceae,1,0,1,0,1,0,0,1,0,0,0,Aug,Feb,NA,NA,75,1,0,0,0,0,0,0,0,0,0,0,0,0,0,0,0,0,1,0,0,0,0,NA,0,0,leaf,1,m,i,p,0,0,0,0
Psoralea aphylla,Psoralea aphylla,Fabaceae,Psoralea aphylla,L.,Fabaceae,1,0,1,0,1,0,0,0,0,0,0,Sep,May,NA,NA,400,0,0,0,0,0,1,0,0,0,0,0,0,0,0,0,0,1,0,0,0,0,0,14.67,0,1,mixed,2,h,i,p,0,0,0,0
Psoralea asarina,Psoralea asarina,Fabaceae,Psoralea asarina,(P.J.Bergius) T.M.Salter,Fabaceae,1,0,1,0,1,0,0,1,0,1,0,Oct,Feb,NA,NA,10,0,0,0,1,0,0,0,1,0,0,0,0,0,0,0,0,0,1,0,0,0,0,NA,0,0,leaf,2,l,i,p,0,0,0,0
Psoralea imbricata,Psoralea imbricata,Fabaceae,Psoralea imbricata,(L.f.) T.M.Salter,Fabaceae,1,0,1,0,1,0,0,1,0,1,0,Oct,Jan,NA,NA,50,0,0,0,1,0,0,0,1,0,0,0,0,0,0,0,0,0,0,1,0,0,0,NA,0,0,leaf,2,l,i,p,0,0,0,0
Psoralea laxa,Psoralea laxa,Fabaceae,Psoralea laxa,T.M.Salter,Fabaceae,1,0,1,0,1,0,0,1,0,0,0,Nov,Mar,NA,NA,40,0,0,0,1,0,0,0,1,0,0,0,0,0,0,0,0,0,0,1,0,0,0,NA,0,0,leaf,2,l,i,p,0,0,0,0
Psoralea monophylla,Psoralea monophylla,Fabaceae,Psoralea monophylla,(L.) C.H.Stirt.,Fabaceae,1,0,1,0,1,0,0,1,0,1,0,Nov,Jan,NA,NA,30,0,0,0,1,0,0,0,1,0,0,0,0,0,0,0,0,0,0,1,0,0,0,2.24,0,0,leaf,2,l,i,p,0,0,0,0
Psoralea oligophylla,Psoralea oligophylla,Fabaceae,Psoralea oligophylla,Eckl. & Zeyh.,Fabaceae,1,0,1,0,1,0,0,1,0,0,0,Oct,Apr,NA,NA,200,0,0,0,0,0,1,0,0,0,0,0,0,0,0,0,0,1,1,0,1,0,0,1.53,0,0,leaf,2,h,i,p,0,0,0,0
Psoralea oreophila,Psoralea oreophila,Fabaceae,Psoralea oreophila,Schltr.,Fabaceae,1,0,1,0,1,0,0,1,0,0,0,Jan,Jan,NA,NA,50,0,0,0,1,0,0,0,1,0,0,0,0,0,0,0,0,0,1,0,1,0,0,NA,0,0,leaf,2,h,i,p,0,0,0,0
Psoralea pinnata,Psoralea pinnata,Fabaceae,Psoralea pinnata,L.,Fabaceae,1,0,1,0,1,0,0,1,0,0,0,Oct,Apr,NA,NA,400,0,0,0,0,0,1,1,0,0,0,0,0,0,0,0,0,0,1,0,1,0,0,2.586086957,0,0,leaf,2,h,i,p,0,0,0,0
Psoralea repens,Psoralea repens,Fabaceae,Psoralea repens,P.J.Bergius,Fabaceae,1,0,1,0,1,0,0,1,0,1,0,Nov,Feb,NA,NA,20,0,0,0,1,0,0,0,1,0,0,0,0,0,0,0,0,0,0,1,1,0,0,1.76,0,0,leaf,2,l,i,p,0,0,0,0
Psoralea verrucosa,Psoralea verrucosa,Fabaceae,Psoralea verrucosa,Willd. ex Spreng.,Fabaceae,1,0,1,0,1,0,0,1,0,0,0,Dec,Mar,NA,NA,200,0,0,0,0,0,1,0,0,0,0,0,0,0,0,0,0,0,1,0,1,0,0,NA,0,0,leaf,2,h,i,p,0,0,0,0
Pteridium aquilinum,Pteridium aquilinum,Dennstaedtiaceae,Pteridium aquilinum,(L.) Kuhn,Dennstaedtiaceae,1,0,1,0,0,1,0,0,0,1,0,NA,NA,NA,NA,150,0,0,0,0,0,0,0,0,0,0,0,1,0,0,0,0,0,0,1,1,1,1,20.5,0,0,leaf,2,h,w,w,1,0,0,0
Pterocelastrus rostratus,Pterocelastrus rostratus,Celastraceae,Pterocelastrus rostratus,(Thunb.) Walp.,Celastraceae,1,0,1,0,1,0,0,0,0,1,0,Apr,Jun,NA,NA,1000,0,0,0,0,0,0,1,0,0,0,0,0,0,0,0,0,0,1,0,0,0,0,7.96,0,0,leaf,3,m,i,m,0,0,0,0
Pterocelastrus tricuspidatus,Pterocelastrus tricuspidatus,Celastraceae,Pterocelastrus tricuspidatus,(Lam.) Walp.,Celastraceae,1,0,1,0,1,0,0,0,0,1,0,May,Nov,NA,NA,700,0,0,0,0,0,0,1,0,0,0,0,0,0,0,0,0,0,0,1,0,0,0,4.171428571,0,0,leaf,3,h,i,m,0,0,0,0
Pteronia ambrariifolia,Pteronia ambrariifolia,Asteraceae,Pteronia ambrariifolia,Schltr.,Asteraceae,1,0,1,0,1,0,0,0,0,0,0,Aug,Sep,NA,NA,25,0,0,0,1,0,0,0,0,0,0,0,0,0,0,0,0,1,0,0,0,0,0,NA,0,0,leaf,2,h,i,w,0,0,0,0
Pteronia camphorata,Pteronia camphorata,Asteraceae,Pteronia camphorata,(L.) L.,Asteraceae,1,0,1,0,1,0,0,0,0,0,0,Aug,Nov,NA,NA,100,0,0,0,1,0,0,0,0,0,0,0,0,0,0,0,0,1,0,0,0,0,0,3.236,0,0,leaf,2,h,i,w,0,0,0,0
Pteronia incana,Pteronia incana,Asteraceae,Pteronia incana,(Burm.f.) DC.,Asteraceae,1,0,1,0,1,0,0,0,0,0,0,Sep,Oct,NA,NA,100,0,0,0,1,0,0,0,0,0,0,0,0,0,0,0,0,1,0,0,0,0,0,1.081666667,0,0,leaf,2,h,i,w,0,0,0,0
Pteronia teretifolia,Pteronia teretifolia,Asteraceae,Pteronia teretifolia,(Thunb.) Fourc.,Asteraceae,1,0,1,0,1,0,0,0,0,1,0,Jan,Jun,NA,NA,50,0,0,0,1,0,0,0,0,0,0,0,0,0,0,0,0,1,0,0,0,0,0,0.683333333,0,0,leaf,3,h,i,w,0,0,0,0
Pterygodium acutifolium,Pterygodium acutifolium,Orchidaceae,Pterygodium acutifolium,Lindl.,Orchidaceae,1,0,1,0,0,1,1,1,1,1,0,Sep,Dec,NA,NA,35,0,1,0,0,0,0,0,0,0,0,0,0,0,0,0,0,0,0,1,0,0,0,21.8,0,0,leaf,2,l,i,p,0,0,0,0
Putterlickia pyracantha,Putterlickia pyracantha,Celastraceae,Putterlickia pyracantha,(L.) Szyszył.,Celastraceae,1,0,1,0,1,0,0,0,0,1,0,Feb,Aug,NA,NA,300,0,0,0,0,0,1,0,0,0,0,0,0,0,0,0,0,0,0,1,0,0,0,1.633333333,0,0,leaf,3,m,i,p,0,0,0,0
Rafnia acuminata,Rafnia perfoliata,Fabaceae,Rafnia acuminata,(E.Mey.) G.J.Campb. & B.-E.van Wyk,Fabaceae,1,0,1,0,1,0,0,1,0,1,0,Sep,Apr,NA,NA,30,0,0,0,1,0,0,0,0,0,0,0,0,0,0,0,0,0,1,1,0,0,0,2.7,0,0,leaf,3,h,i,p,0,0,0,0
Rafnia capensis,Rafnia capensis,Fabaceae,Rafnia capensis,(L.) Schinz,Fabaceae,1,0,1,0,1,0,0,1,0,1,0,Jan,Dec,NA,NA,100,0,0,0,1,0,0,0,0,0,0,0,0,0,0,0,0,1,1,0,0,0,0,2.726666667,0,0,leaf,3,h,i,p,0,0,0,0
Rafnia crassifolia,Rafnia crassifolia,Fabaceae,Rafnia crassifolia,Harv.,Fabaceae,1,0,1,0,1,0,0,1,0,1,0,Oct,Mar,NA,NA,60,0,0,0,1,0,0,0,0,0,0,0,0,0,0,0,0,0,1,0,0,0,0,3.866666667,0,0,leaf,3,h,i,p,0,0,0,0
Rafnia diffusa,Rafnia diffusa,Fabaceae,Rafnia diffusa,Thunb.,Fabaceae,1,0,1,0,1,0,0,1,0,1,0,Aug,Jan,NA,NA,60,0,0,0,1,0,0,0,0,0,0,0,0,0,0,0,0,1,0,1,0,0,0,1.22,0,0,leaf,3,h,i,p,0,0,0,0
Rafnia ovata,Rafnia ovata,Fabaceae,Rafnia ovata,E.Mey.,Fabaceae,1,0,1,0,1,0,0,1,0,1,0,Aug,Jan,NA,NA,120,0,0,0,0,1,0,0,0,0,0,0,0,0,0,0,0,0,0,1,0,0,0,NA,0,0,leaf,3,h,i,p,0,0,0,0
Rafnia racemosa,Rafnia racemosa,Fabaceae,Rafnia racemosa,Eckl. & Zeyh.,Fabaceae,1,0,1,0,1,0,0,1,0,1,0,Oct,Jan,NA,NA,150,0,0,0,0,1,0,0,0,0,0,0,0,0,0,0,0,0,1,1,0,0,0,NA,0,0,leaf,3,h,i,p,0,0,0,0
Rapanea melanophloeos,Rapanea melanophloeos,Myrsinaceae,Myrsine melanophloeos,(L.) R.Br. ex Sweet,Primulaceae,1,0,0,1,1,0,0,0,0,1,0,Oct,Dec,NA,NA,2000,0,0,0,0,0,0,1,0,0,0,0,0,0,0,0,0,0,0,1,0,0,0,11.96,0,0,leaf,3,m,i,m,0,0,0,0
Relhania calycina,Relhania calycina,Asteraceae,Oedera calycina,(L.f.) N.G.Bergh,Asteraceae,1,0,1,0,1,0,0,0,0,0,0,Oct,Jan,NA,NA,100,0,0,0,1,0,0,0,0,0,0,0,0,0,0,0,0,0,1,0,0,0,0,NA,0,0,leaf,2,h,i,w,0,0,0,0
Relhania decussata,Relhania decussata,Asteraceae,Oedera decussata,(L'Hér.) N.G.Bergh,Asteraceae,1,0,1,0,1,0,0,0,0,1,0,Sep,Nov,NA,NA,30,0,0,0,1,0,0,0,0,0,0,0,0,0,0,0,0,1,0,0,0,0,0,0.456666667,0,0,leaf,2,m,i,w,0,0,0,0
Relhania pungens,Relhania pungens,Asteraceae,Oedera pungens,(L'Hér.) N.G.Bergh,Asteraceae,1,0,1,0,1,0,0,0,0,0,0,Oct,Feb,NA,NA,50,0,0,0,1,0,0,0,0,0,0,0,0,0,0,0,0,1,0,0,0,0,0,1.28,0,0,leaf,2,h,i,w,0,0,0,0
Relhania speciosa,Relhania speciosa,Asteraceae,Oedera speciosa,(DC.) N.G.Bergh,Asteraceae,1,0,1,0,1,0,0,0,0,0,0,Sep,Dec,NA,NA,100,0,0,0,1,0,0,0,0,0,0,0,0,0,0,0,0,0,1,1,0,0,0,1.566666667,0,0,leaf,2,h,i,w,0,0,0,0
Restio arcuatus,Restio arcuatus,Restionaceae,Restio arcuatus,Mast.,Restionaceae,1,0,0,1,1,0,0,0,0,1,0,Dec,Feb,NA,NA,60,0,0,1,0,0,0,0,1,0,0,0,0,0,0,0,0,1,0,0,0,0,0,21.13,1,1,culm_stem,2,h,w,p,0,0,0,0
Restio asperus,Calopsis aspera,Restionaceae,Restio asperus,(Mast.) H.P.Linder & C.R.Hardy,Restionaceae,1,0,0,1,1,0,0,0,0,0,0,Nov,Jan,NA,NA,50,0,0,1,0,0,0,0,0,0,0,0,0,0,0,0,0,1,0,0,0,0,0,27.18,1,1,culm_stem,2,h,w,p,0,0,0,0
Restio bifarius,Restio bifarius,Restionaceae,Restio bifarius,Mast.,Restionaceae,1,0,0,1,1,0,0,0,0,0,0,Apr,May,NA,NA,80,0,0,1,0,0,0,0,0,0,0,0,0,0,0,0,0,1,0,0,0,0,0,56.08,1,1,culm_stem,2,h,w,p,0,0,0,0
Restio bifidus,Restio bifidus,Restionaceae,Restio bifidus,Thunb.,Restionaceae,1,0,0,1,1,0,0,0,0,0,0,Mar,Apr,NA,NA,60,0,0,1,0,0,0,0,0,0,0,0,0,0,0,0,0,1,0,0,0,0,0,25.24,1,1,culm_stem,2,h,w,p,0,0,0,0
Restio bifurcus,Restio bifurcus,Restionaceae,Restio bifurcus,Nees ex Mast.,Restionaceae,1,0,0,1,1,0,0,0,0,0,0,May,Aug,NA,NA,100,0,0,1,0,0,0,0,0,0,0,0,0,0,0,0,0,1,0,0,0,0,0,40.83478261,1,1,culm_stem,2,h,w,p,0,0,0,0
Restio brachiatus,Restio brachiatus,Restionaceae,Restio brachiatus,(Mast.) Pillans,Restionaceae,1,0,0,1,1,0,0,0,0,0,0,Sep,Oct,NA,NA,80,0,0,1,0,0,0,0,0,0,0,0,0,0,0,0,0,1,0,0,0,0,0,56.24,1,1,culm_stem,2,h,w,p,0,0,0,0
Restio burchellii,Restio burchellii,Restionaceae,Restio burchellii,Pillans,Restionaceae,1,0,0,1,1,0,0,0,0,0,0,Oct,Nov,NA,NA,50,0,0,1,0,0,0,0,0,0,0,0,0,0,0,0,0,1,0,0,0,0,0,NA,1,1,culm_stem,2,h,w,p,0,0,0,0
Restio calcicola,Calopsis fruticosa,Restionaceae,Restio calcicola,H.P.Linder & C.R.Hardy,Restionaceae,1,0,0,1,1,0,0,0,0,0,0,Aug,Nov,NA,NA,60,0,0,1,0,0,0,0,0,0,0,0,0,0,0,0,0,1,0,0,0,0,0,NA,1,1,culm_stem,2,h,w,p,0,0,0,0
Restio capensis,Ischyrolepis capensis,Restionaceae,Restio capensis,(L. ex C.B.Clarke) H.P.Linder & C.R.Hardy,Restionaceae,1,0,0,1,1,0,0,0,0,1,0,Oct,Nov,NA,NA,50,0,0,1,0,0,0,0,0,0,0,0,0,0,0,0,0,1,0,0,0,0,0,22.61333333,1,1,culm_stem,2,h,w,p,0,0,0,0
Restio capillaris,Restio capillaris,Restionaceae,Restio capillaris,Kunth,Restionaceae,1,0,0,1,1,0,0,0,0,1,0,Aug,Oct,NA,NA,60,0,0,1,0,0,0,0,0,0,0,0,0,0,0,0,0,1,0,0,0,0,0,34.78,1,1,culm_stem,2,h,w,p,0,0,0,0
Restio cincinnatus,Ischyrolepis cincinnata,Restionaceae,Restio cincinnatus,Mast.,Restionaceae,1,0,0,1,1,0,0,0,0,1,0,Oct,Nov,NA,NA,50,0,0,1,0,0,0,0,1,0,0,0,0,0,0,0,0,1,0,0,0,0,0,10.29,1,1,culm_stem,2,h,w,p,0,0,0,0
Restio curviramis,Ischyrolepis curviramis,Restionaceae,Restio curviramis,Kunth,Restionaceae,1,0,0,1,1,0,0,0,0,1,0,Aug,Oct,NA,NA,50,0,0,1,0,0,0,0,1,0,0,0,0,0,0,0,0,1,0,0,0,0,0,16.36,1,1,culm_stem,2,h,w,p,0,0,0,0
Restio debilis,Restio debilis,Restionaceae,Restio debilis,Nees,Restionaceae,1,0,0,1,1,0,0,0,0,0,0,Mar,May,NA,NA,40,0,0,1,0,0,0,0,0,0,0,0,0,0,0,0,0,1,0,0,0,0,0,24.56,1,1,culm_stem,2,h,w,p,0,0,0,0
Restio decipiens,Restio decipiens,Restionaceae,Restio decipiens,(N.E.Br.) H.P.Linder,Restionaceae,1,0,0,1,1,0,0,0,0,0,0,Oct,Nov,NA,NA,50,0,0,1,0,0,0,0,0,0,0,0,0,0,0,0,0,1,0,0,0,0,0,NA,1,1,culm_stem,2,h,w,p,0,0,0,0
Restio dispar,Restio dispar,Restionaceae,Restio dispar,Mast.,Restionaceae,1,0,0,1,1,0,0,0,0,1,0,Mar,Apr,NA,NA,100,0,0,1,0,0,0,0,0,0,0,0,0,0,0,0,0,1,0,0,0,0,0,124.12,1,1,culm_stem,2,h,w,p,0,0,0,0
Restio distichus,Restio distichus,Restionaceae,Restio distichus,Rottb.,Restionaceae,1,0,0,1,1,0,0,0,0,1,0,Oct,Dec,NA,NA,50,0,0,1,0,0,0,0,0,0,0,0,0,0,0,0,0,1,0,0,0,0,0,NA,1,1,culm_stem,2,h,w,p,0,0,0,0
Restio dodii,Restio dodii,Restionaceae,Restio dodii,Pillans,Restionaceae,1,0,0,1,1,0,0,0,0,0,0,Jan,Jan,NA,NA,100,0,0,1,0,0,0,0,0,0,0,0,0,0,0,0,0,1,0,0,0,0,0,49.93333333,1,1,culm_stem,2,h,w,p,0,0,0,0
Restio egregius,Restio egregius,Restionaceae,Restio egregius,Hochst.,Restionaceae,1,0,0,1,1,0,0,0,0,1,0,Feb,Mar,NA,NA,100,0,0,1,0,0,0,0,0,0,0,0,0,0,0,0,0,1,0,0,0,0,0,66.11666667,1,1,culm_stem,2,h,w,p,0,0,0,0
Restio eleocharis,Ischyrolepis eleocharis,Restionaceae,Restio eleocharis,Nees ex Mast.,Restionaceae,1,0,0,1,1,0,0,0,0,1,0,Mar,Jun,NA,NA,40,0,0,1,0,0,0,0,0,0,0,0,0,0,0,0,0,1,0,0,0,0,0,15.68,1,1,culm_stem,2,h,w,p,0,0,0,0
Restio festuciformis,Restio festuciformis,Restionaceae,Restio festuciformis,Nees ex Mast.,Restionaceae,1,0,0,1,1,0,0,0,0,0,0,Jul,Aug,NA,NA,40,0,0,1,0,0,0,0,0,0,0,0,0,0,0,0,0,1,0,0,0,0,0,NA,1,1,culm_stem,2,h,w,p,0,0,0,0
Restio filiformis,Restio filiformis,Restionaceae,Restio filiformis,Poir.,Restionaceae,1,0,0,1,1,0,0,0,0,0,0,Aug,Aug,NA,NA,60,0,0,1,0,0,0,0,0,0,0,0,0,0,0,0,0,1,0,0,0,0,0,38.77333333,1,1,culm_stem,2,h,w,p,0,0,0,0
Restio fragilis,Restio fragilis,Restionaceae,Restio fragilis,Esterh.,Restionaceae,1,0,0,1,1,0,0,0,0,1,0,Sep,Oct,NA,NA,30,0,0,1,0,0,0,0,0,0,0,0,0,0,0,0,0,1,0,0,0,0,0,NA,1,1,culm_stem,2,h,w,p,0,0,0,0
Restio fusiformis,Restio fusiformis,Restionaceae,Restio fusiformis,Pillans,Restionaceae,1,0,0,1,1,0,0,0,0,0,0,May,Sep,NA,NA,40,0,0,1,0,0,0,0,0,0,0,0,0,0,0,0,0,1,0,0,0,0,0,NA,1,1,culm_stem,2,h,w,p,0,0,0,0
Restio gaudichaudianus,Ischyrolepis gaudichaudiana,Restionaceae,Restio gaudichaudianus,Kunth,Restionaceae,1,0,0,1,1,0,0,0,0,1,0,Mar,Apr,NA,NA,100,0,0,1,0,0,0,0,0,0,0,0,0,0,0,0,0,1,0,0,0,0,0,46.48125,1,1,culm_stem,2,h,w,p,0,0,0,0
Restio gossypinus,Ischyrolepis gossypina,Restionaceae,Restio gossypinus,Mast.,Restionaceae,1,0,0,1,1,0,0,0,0,1,0,Sep,Dec,NA,NA,50,0,0,1,0,0,0,0,0,0,0,0,0,0,0,0,0,1,0,0,0,0,0,35.18,1,1,culm_stem,2,h,w,p,0,0,0,0
Restio hyalinus,Calopsis hyalina,Restionaceae,Restio hyalinus,(Mast.) H.P.Linder & C.R.Hardy,Restionaceae,1,0,0,1,1,0,0,0,0,1,0,Aug,Nov,NA,NA,50,0,0,1,0,0,0,0,0,0,0,0,0,0,0,0,0,1,0,0,0,0,0,24.96,1,1,culm_stem,2,h,w,p,0,0,0,0
Restio hystrix,Ischyrolepis hystrix,Restionaceae,Restio hystrix,Mast.,Restionaceae,1,0,0,1,1,0,0,0,0,0,0,Jul,Sep,NA,NA,150,0,0,1,0,0,0,0,0,0,0,0,0,0,0,0,0,1,0,0,0,0,0,53.3,1,1,culm_stem,2,h,w,p,0,0,0,0
Restio implicatus,Restio implicatus,Restionaceae,Restio implicatus,Esterh.,Restionaceae,1,0,0,1,1,0,0,0,0,1,0,Dec,Dec,NA,NA,60,0,0,1,0,0,0,0,0,0,0,0,0,0,0,0,0,1,0,0,0,0,0,NA,1,1,culm_stem,2,h,w,p,0,0,0,0
Restio inconspicuus,Restio inconspicuus,Restionaceae,Restio inconspicuus,Esterh.,Restionaceae,1,0,0,1,1,0,0,0,0,1,0,Mar,Apr,NA,NA,100,0,0,1,0,0,0,0,0,0,0,0,0,0,0,0,0,1,0,0,0,0,0,66.1,1,1,culm_stem,2,h,w,p,0,0,0,0
Restio laniger,Ischyrolepis laniger,Restionaceae,Restio laniger,Kunth,Restionaceae,1,0,0,1,1,0,0,0,0,1,0,Sep,Dec,NA,NA,30,0,0,1,0,0,0,0,0,0,0,0,0,0,0,0,0,1,0,0,0,0,0,NA,1,1,culm_stem,2,h,w,p,0,0,0,0
Restio leptostachyus,Restio leptostachyus,Restionaceae,Restio leptostachyus,Kunth,Restionaceae,1,0,0,1,1,0,0,0,0,1,0,Feb,May,NA,NA,40,0,0,1,0,0,0,0,0,0,0,0,0,0,0,0,0,1,0,0,0,0,0,NA,1,1,culm_stem,2,h,w,p,0,0,0,0
Restio monanthos,Ischyrolepis monanthos,Restionaceae,Restio monanthos,Mast.,Restionaceae,1,0,0,1,1,0,0,0,0,0,0,Aug,Oct,NA,NA,60,0,0,1,0,0,0,0,0,0,0,0,0,0,0,0,0,1,0,0,0,0,0,52.72,1,1,culm_stem,2,h,w,p,0,0,0,0
Restio monostylis,Calopsis monostylis,Restionaceae,Restio monostylis,(Pillans) H.P.Linder & C.R.Hardy,Restionaceae,1,0,0,1,1,0,0,0,0,0,0,Feb,Feb,NA,NA,40,0,0,1,0,0,0,0,0,0,0,0,0,0,0,0,0,1,0,0,0,0,0,NA,1,1,culm_stem,2,h,w,p,0,0,0,0
Restio occultus,Restio occultus,Restionaceae,Restio occultus,(Mast.) Pillans,Restionaceae,1,0,0,1,1,0,0,0,0,0,0,Aug,Sep,NA,NA,100,0,0,1,0,0,0,0,0,0,0,0,0,0,0,0,0,1,0,0,0,0,0,93.25,1,1,culm_stem,2,h,w,p,0,0,0,0
Restio ocreatus,Ischyrolepis ocreata,Restionaceae,Restio ocreatus,Kunth,Restionaceae,1,0,0,1,1,0,0,0,0,0,0,Nov,Jan,NA,NA,80,0,0,1,0,0,0,0,0,0,0,0,0,0,0,0,0,1,0,0,0,0,0,59.1,1,1,culm_stem,2,h,w,p,0,0,0,0
Restio paludosus,Ischyrolepis paludosa,Restionaceae,Restio paludosus,Pillans,Restionaceae,1,0,0,1,1,0,0,0,0,1,0,Nov,Dec,NA,NA,30,0,0,1,0,0,0,0,0,0,0,0,0,0,0,0,0,1,0,0,0,0,0,12.63333333,1,1,culm_stem,2,h,w,p,0,0,0,0
Restio paniculatus,Calopsis paniculata,Restionaceae,Restio paniculatus,Rottb.,Restionaceae,1,0,0,1,1,0,0,0,0,1,0,May,Jun,NA,NA,200,0,0,1,0,0,0,0,0,0,0,0,0,0,0,0,0,1,0,0,0,0,0,39.2,1,1,culm_stem,2,h,w,p,0,0,0,0
Restio parvispiculus,Calopsis membranacea,Restionaceae,Restio parvispiculus,H.P.Linder & C.R.Hardy,Restionaceae,1,0,0,1,1,0,0,0,0,1,0,Apr,Jun,NA,NA,30,0,0,1,0,0,0,0,0,0,0,0,0,0,0,0,0,1,0,0,0,0,0,36.88421053,1,1,culm_stem,2,h,w,p,0,0,0,0
Restio patens,Restio patens,Restionaceae,Restio patens,Mast.,Restionaceae,1,0,0,1,1,0,0,0,0,0,0,Mar,Apr,NA,NA,50,0,0,1,0,0,0,0,0,0,0,0,0,0,0,0,0,1,0,0,0,0,0,NA,1,1,culm_stem,2,h,w,p,0,0,0,0
Restio pedicellatus,Restio filicaulis,Restionaceae,Restio pedicellatus,Mast.,Restionaceae,1,0,0,1,1,0,0,0,0,1,0,Aug,Oct,NA,NA,30,0,0,1,0,0,0,0,0,0,0,0,0,0,0,0,0,1,0,0,0,0,0,NA,1,1,culm_stem,2,h,w,p,0,0,0,0
Restio perplexus,Restio perplexus,Restionaceae,Restio perplexus,Kunth,Restionaceae,1,0,0,1,1,0,0,0,0,1,0,Jul,Aug,NA,NA,60,0,0,1,0,0,0,0,1,0,0,0,0,0,0,0,0,1,0,0,0,0,0,33.33,1,1,culm_stem,2,h,w,p,0,0,0,0
Restio purpurascens,Restio purpurascens,Restionaceae,Restio purpurascens,Nees ex Mast.,Restionaceae,1,0,0,1,1,0,0,0,0,0,0,Mar,Apr,NA,NA,100,0,0,1,0,0,0,0,0,0,0,0,0,0,0,0,0,1,0,0,0,0,0,NA,1,1,culm_stem,2,h,w,p,0,0,0,0
Restio quinquefarius,Restio quinquefarius,Restionaceae,Restio quinquefarius,Nees,Restionaceae,1,0,0,1,1,0,0,0,0,0,0,Aug,Aug,NA,NA,80,0,0,1,0,0,0,0,0,0,0,0,0,0,0,0,0,1,0,0,0,0,0,26.32,1,1,culm_stem,2,h,w,p,0,0,0,0
Restio ramosissimus,Calopsis gracilis,Restionaceae,Restio ramosissimus,H.P.Linder & C.R.Hardy,Restionaceae,1,0,0,1,1,0,0,0,0,0,0,Jul,Oct,NA,NA,60,0,0,1,0,0,0,0,0,0,0,0,0,0,0,0,0,1,0,0,0,0,0,23.38,1,1,culm_stem,2,h,w,p,0,0,0,0
Restio rigidus,Calopsis rigida,Restionaceae,Restio rigidus,(Mast.) H.P.Linder & C.R.Hardy,Restionaceae,1,0,0,1,1,0,0,0,0,0,0,Mar,Apr,NA,NA,50,0,0,1,0,0,0,0,0,0,0,0,0,0,0,0,0,1,0,0,0,0,0,NA,1,1,culm_stem,2,h,w,p,0,0,0,0
Restio rudolfii,Calopsis marlothii,Restionaceae,Restio rudolfii,H.P.Linder & C.R.Hardy,Restionaceae,1,0,0,1,1,0,0,0,0,0,0,Apr,Jun,NA,NA,100,0,0,1,0,0,0,0,0,0,0,0,0,0,0,0,0,1,0,0,0,0,0,NA,1,1,culm_stem,2,h,w,p,0,0,0,0
Restio sarocladus,Restio sarocladus,Restionaceae,Restio saroclados,Mast.,Restionaceae,1,0,0,1,1,0,0,0,0,1,0,Mar,Apr,NA,NA,50,0,0,1,0,0,0,0,0,0,0,0,0,0,0,0,0,1,0,0,0,0,0,29.2,1,1,culm_stem,2,h,w,p,0,0,0,0
Restio scaber,Restio scaber,Restionaceae,Restio scaber,Mast.,Restionaceae,1,0,0,1,1,0,0,0,0,0,0,Apr,Apr,NA,NA,40,0,0,1,0,0,0,0,0,0,0,0,0,0,0,0,0,1,0,0,0,0,0,NA,1,1,culm_stem,2,h,w,p,0,0,0,0
Restio schoenoides,Ischyrolepis schoenoides,Restionaceae,Restio schoenoides,Kunth,Restionaceae,1,0,0,1,1,0,0,0,0,1,0,Sep,Sep,NA,NA,60,0,0,1,0,0,0,0,0,0,0,0,0,0,0,0,0,1,0,0,0,0,0,NA,1,1,culm_stem,2,h,w,p,0,0,0,0
Restio sejunctus,Restio sejunctus,Restionaceae,Restio sejunctus,Mast.,Restionaceae,1,0,0,1,1,0,0,0,0,0,0,Apr,Jun,NA,NA,60,0,0,1,0,0,0,0,0,0,0,0,0,0,0,0,0,1,0,0,0,0,0,8.666666667,1,1,culm_stem,2,h,w,p,0,0,0,0
Restio sieberi,Ischyrolepis sieberi,Restionaceae,Restio sieberi,Kunth,Restionaceae,1,0,0,1,1,0,0,0,0,1,0,Dec,May,NA,NA,100,0,0,1,0,0,0,0,0,0,0,0,0,0,0,0,0,1,0,0,0,0,0,57.94,1,1,culm_stem,2,h,w,p,0,0,0,0
Restio similis,Restio similis,Restionaceae,Restio similis,Pillans,Restionaceae,1,0,0,1,1,0,0,0,0,0,0,Mar,Apr,NA,NA,60,0,0,1,0,0,0,0,0,0,0,0,0,0,0,0,0,1,0,0,0,0,0,33.72,1,1,culm_stem,2,h,w,p,0,0,0,0
Restio stokoei,Restio stokoei,Restionaceae,Restio stokoei,Pillans,Restionaceae,1,0,0,1,1,0,0,0,0,0,0,Mar,Apr,NA,NA,100,0,0,1,0,0,0,0,0,0,0,0,0,0,0,0,0,1,0,0,0,0,0,38.68,1,1,culm_stem,2,h,w,p,0,0,0,0
Restio strictus,Restio strictus,Restionaceae,Restio strictus,N.E.Br.,Restionaceae,1,0,0,1,1,0,0,0,0,1,0,Sep,Oct,NA,NA,40,0,0,1,0,0,0,0,0,0,0,0,0,0,0,0,0,1,0,0,0,0,0,NA,1,1,culm_stem,2,h,w,p,0,0,0,0
Restio subverticellatus,Ischyrolepis subverticillata,Restionaceae,Restio subverticillatus,(Steud.) Mast.,Restionaceae,1,0,0,1,1,0,0,0,0,1,0,Mar,Apr,NA,NA,150,0,0,1,0,0,0,0,0,0,0,0,0,0,0,0,0,1,0,0,0,0,0,18.575,1,1,culm_stem,2,h,w,p,0,0,0,0
Restio tenuispicatus,Calopsis filiformis,Restionaceae,Restio tenuispicatus,H.P.Linder & C.R.Hardy,Restionaceae,1,0,0,1,1,0,0,0,0,0,0,Jun,Oct,NA,NA,60,0,0,1,0,0,0,0,0,0,0,0,0,0,0,0,0,1,0,0,0,0,0,23.92,1,1,culm_stem,2,h,w,p,0,0,0,0
Restio tenuissimus,Ischyrolepis tenuissima,Restionaceae,Restio tenuissimus,Kunth,Restionaceae,1,0,0,1,1,0,0,0,0,1,0,Nov,May,NA,NA,25,0,0,1,0,0,0,0,1,0,0,0,0,0,0,0,0,1,0,0,0,0,0,8.76,1,1,culm_stem,2,h,w,p,0,0,0,0
Restio triticeus,Restio triticeus,Restionaceae,Restio triticeus,Rottb.,Restionaceae,1,0,0,1,1,0,0,0,0,1,0,Feb,Apr,NA,NA,80,0,0,1,0,0,0,0,0,0,0,0,0,0,0,0,0,1,0,0,0,0,0,44.82272727,1,1,culm_stem,2,h,w,p,0,0,0,0
Restio unispicatus,Ischyrolepis unispicata,Restionaceae,Restio unispicatus,(H.P.Linder) H.P.Linder & C.R.Hardy,Restionaceae,1,0,0,1,1,0,0,0,0,1,0,Nov,Jan,NA,NA,60,0,0,1,0,0,0,0,0,0,0,0,0,0,0,0,0,1,0,0,0,0,0,25.46,1,1,culm_stem,2,h,w,p,0,0,0,0
Restio vallis-simius,Restio vallis-simius,Restionaceae,Restio vallis-simius,H.P.Linder,Restionaceae,1,0,0,1,1,0,0,0,0,1,0,May,Jun,NA,NA,100,0,0,1,0,0,0,0,0,0,0,0,0,0,0,0,0,1,0,0,0,0,0,NA,1,1,culm_stem,2,h,w,p,0,0,0,0
Restio versatilis,Restio versatilis,Restionaceae,Restio versatilis,H.P.Linder,Restionaceae,1,0,0,1,1,0,0,0,0,0,0,Sep,Nov,NA,NA,40,0,0,1,0,0,0,0,1,0,0,0,0,0,0,0,0,1,0,0,0,0,0,37.7,1,1,culm_stem,2,h,w,p,0,0,0,0
Restio vimineus,Calopsis viminea,Restionaceae,Restio vimineus,Rottb.,Restionaceae,1,0,0,1,1,0,0,0,0,1,0,Aug,May,NA,NA,100,0,0,1,0,0,0,0,0,0,0,0,0,0,0,0,0,1,0,0,0,0,0,NA,1,1,culm_stem,2,h,w,p,0,0,0,0
Restio virgeus,Ischyrolepis virgea,Restionaceae,Restio virgeus,Mast.,Restionaceae,1,0,0,1,1,0,0,0,0,1,0,Oct,Mar,NA,NA,60,0,0,1,0,0,0,0,0,0,0,0,0,0,0,0,0,1,0,0,0,0,0,46.1,1,1,culm_stem,2,h,w,p,0,0,0,0
Retzia capensis,Retzia capensis,Stilbaceae,Retzia capensis,Thunb.,Stilbaceae,1,0,1,0,1,0,0,0,0,1,0,Sep,Mar,NA,NA,100,0,0,0,1,0,0,0,0,0,0,0,0,0,0,0,0,0,1,0,0,0,0,4.06,0,0,leaf,3,h,i,p,0,0,0,0
Rhodocoma capensis,Rhodocoma capensis,Restionaceae,Rhodocoma capense,Nees ex Steud.,Restionaceae,1,0,0,1,1,0,0,0,0,1,0,Oct,Nov,NA,NA,200,0,0,1,0,0,0,0,0,0,0,0,0,0,0,0,0,1,0,0,0,0,0,6.216666667,1,1,culm_stem,2,h,i,p,0,0,0,0
Rhodocoma fruticosa,Rhodocoma fruticosa,Restionaceae,Rhodocoma fruticosa,(Thunb.) H.P.Linder,Restionaceae,1,0,0,1,1,0,0,0,0,1,0,May,Jul,NA,NA,60,0,0,1,0,0,0,0,0,0,0,0,0,0,0,0,0,1,0,0,0,0,0,65.09285714,1,1,culm_stem,2,h,i,p,0,0,0,0
Rhodocoma gigantea,Rhodocoma gigantea,Restionaceae,Rhodocoma gigantea,(Kunth) H.P.Linder,Restionaceae,1,0,0,1,1,0,0,0,0,0,0,Jun,Jul,NA,NA,300,0,0,1,0,0,0,0,0,0,0,0,0,0,0,0,0,1,0,0,0,0,0,10.68,1,1,culm_stem,2,h,i,p,0,0,0,0
Rhoicissus digitata,Rhoicissus digitata,Vitaceae,Rhoicissus digitata,(L.f.) Gilg & M.Brandt,Vitaceae,1,0,1,0,1,0,0,0,0,0,0,Jan,May,NA,NA,500,0,0,0,0,0,0,0,1,1,0,0,0,0,0,0,0,0,0,1,1,0,0,2.2,0,0,leaf,3,m,i,m,0,0,0,0
Rhynchosia capensis,Rhynchosia capensis,Fabaceae,Rhynchosia capensis,Schinz,Fabaceae,1,0,1,0,1,0,0,1,0,1,0,Aug,Mar,NA,NA,100,0,0,0,0,0,0,0,1,0,0,0,0,0,0,0,0,0,0,1,1,0,0,NA,0,0,leaf,3,m,i,p,0,0,0,0
Rhynchosia ferulifolia,Rhynchosia ferulifolia,Fabaceae,Rhynchosia ferulifolia,(C.Presl) Benth. ex Harv.,Fabaceae,1,0,1,0,1,0,0,1,0,1,0,Jul,Jan,NA,NA,10,0,0,0,1,0,0,0,1,0,0,0,0,0,0,0,0,0,1,0,1,0,0,NA,0,0,leaf,2,m,i,p,0,0,0,0
Rhynchosia leucoscias,Rhynchosia leucoscias,Fabaceae,Rhynchosia leucoscias,Benth. ex Harv.,Fabaceae,1,0,1,0,1,0,0,1,0,0,0,Sep,Dec,NA,NA,200,0,0,0,0,0,0,0,1,1,0,0,0,0,0,0,0,0,1,0,1,0,0,NA,0,0,leaf,2,m,i,p,0,0,0,0
Robsonodendron maritimum,Robsonodendron maritimum,Celastraceae,Robsonodendron maritimum,(Bolus) R.H.Archer,Celastraceae,1,0,1,0,1,0,0,0,0,1,0,Jun,Oct,NA,NA,200,0,0,0,0,0,1,1,0,0,0,0,0,0,0,0,0,0,0,1,0,0,0,4.825,0,0,leaf,3,m,i,m,0,0,0,0
Roella amplexicaulis,Roella amplexicaulis,Campanulaceae,Roella amplexicaulis,Dod,Campanulaceae,1,0,1,0,1,0,0,0,0,0,0,Nov,Apr,NA,NA,50,0,0,0,1,0,0,0,0,0,0,0,0,0,0,0,0,0,0,1,0,0,0,0.933333333,0,0,leaf,1,h,i,p,0,0,0,0
Roella ciliata,Roella ciliata,Campanulaceae,Roella ciliata,L.,Campanulaceae,1,0,1,0,1,0,0,0,0,0,0,Aug,Mar,NA,NA,50,0,0,0,1,0,0,0,0,0,0,0,0,0,0,0,0,1,0,0,0,0,0,0.543,0,0,leaf,1,m,i,p,0,0,0,0
Roella compacta,Roella compacta,Campanulaceae,Roella compacta,Schltr.,Campanulaceae,1,0,1,0,1,0,0,0,0,0,0,Dec,Feb,NA,NA,30,0,0,0,1,0,0,0,0,0,0,0,0,0,0,0,0,1,0,0,0,0,0,NA,0,0,leaf,1,m,i,p,0,0,0,0
Roella decurrens,Roella decurrens,Campanulaceae,Roella decurrens,L'Hér.,Campanulaceae,1,1,1,0,1,0,0,0,0,0,0,Feb,Apr,NA,NA,70,1,0,0,0,0,0,0,0,0,0,0,0,0,0,0,0,0,0,1,0,0,0,0.256833333,0,0,leaf,1,m,i,p,0,0,0,0
Roella prostrata,Roella prostrata,Campanulaceae,Roella prostrata,E.Mey. ex A.DC.,Campanulaceae,1,0,1,0,1,0,0,0,0,0,0,Dec,Mar,NA,NA,50,0,0,0,1,0,0,0,0,0,0,0,0,0,0,0,0,1,0,0,0,0,0,NA,0,0,leaf,1,l,i,p,0,0,0,0
Roella recurvata,Roella recurvata,Campanulaceae,Roella recurvata,A.DC.,Campanulaceae,1,0,1,0,1,0,0,0,0,0,0,Jan,Feb,NA,NA,25,0,0,0,1,0,0,0,0,0,0,0,0,0,0,0,0,0,0,1,0,0,0,0.2,0,0,leaf,1,m,i,p,0,0,0,0
Roella squarrosa,Roella squarrosa,Campanulaceae,Roella squarrosa,P.J.Bergius,Campanulaceae,1,0,1,0,1,0,0,0,0,0,0,Dec,Mar,NA,NA,50,0,0,0,1,0,0,0,0,0,0,0,0,0,0,0,0,0,0,1,0,0,0,NA,0,0,leaf,1,m,i,p,0,0,0,0
Roella triflora,Roella triflora,Campanulaceae,Roella triflora,(R.D.Good) Adamson,Campanulaceae,1,0,1,0,1,0,0,0,0,0,0,Dec,May,NA,NA,20,0,0,0,1,0,0,0,0,0,0,0,0,0,0,0,0,1,0,0,0,0,0,0.304285714,0,0,leaf,1,m,i,p,0,0,0,0
Roepera flexuosa,Zygophyllum flexuosum,Zygophyllaceae,Roepera flexuosa,(Eckl. & Zeyh.) Beier & Thulin,Zygophyllaceae,1,0,1,0,1,0,0,0,0,0,0,Jun,Oct,NA,NA,70,0,0,0,1,0,0,0,0,0,0,0,0,1,1,0,0,0,0,1,1,0,0,1.8,0,0,leaf,2,m,i,i,0,0,0,0
Roepera foetida,Zygophyllum foetidum,Zygophyllaceae,Roepera foetida,(Schrad. & J.C.Wendl.) Beier & Thulin,Zygophyllaceae,1,0,1,0,0,1,0,0,0,0,0,Jul,Oct,NA,NA,200,0,0,0,0,0,1,0,1,0,0,0,0,1,1,0,0,0,0,1,1,0,0,NA,0,0,leaf,2,l,i,i,0,0,0,0
Roepera fulva,Zygophyllum fulvum,Zygophyllaceae,Roepera fulva,(L.) Beier & Thulin,Zygophyllaceae,1,0,1,0,1,0,0,0,0,0,0,Jul,Oct,NA,NA,100,0,0,0,1,0,0,0,0,0,0,0,0,1,1,0,0,0,0,1,1,0,0,1.68,0,0,leaf,2,m,i,i,0,0,0,0
Roepera morgsana,Zygophyllum morgsana,Zygophyllaceae,Roepera morgsana,(L.) Beier & Thulin,Zygophyllaceae,1,0,1,0,0,1,0,0,0,0,0,Apr,Oct,NA,NA,150,0,0,0,0,1,0,0,1,0,0,0,0,1,1,0,0,0,0,1,1,0,0,5.066666667,0,0,leaf,2,l,i,i,0,0,0,0
Roepera spinosa,Zygophyllum procumbens,Zygophyllaceae,Roepera spinosa,(L.) Beier & Thulin,Zygophyllaceae,1,0,1,0,1,0,0,0,0,0,0,Jun,Aug,NA,NA,20,0,0,0,1,0,0,0,0,0,0,0,0,1,1,0,0,1,0,0,1,0,0,1.155555556,0,0,leaf,2,m,i,i,0,0,0,0
Rumohra adiantiformis,Rumohra adiantiformis,Dryopteridaceae,Rumohra adiantiformis,(G.Forst.) Ching,Dryopteridaceae,1,0,1,0,1,0,0,0,0,1,0,NA,NA,NA,NA,100,1,0,0,0,0,0,0,0,0,0,0,0,0,0,0,0,0,0,1,1,0,1,46.44,0,0,leaf,3,l,w,w,1,0,0,0
Ruschia aspera,Ruschia aspera,Aizoaceae,Ruschia aspera,L.Bolus,Aizoaceae,1,0,1,0,1,0,0,1,0,0,0,Sep,Oct,NA,NA,20,0,0,0,1,0,0,0,0,0,0,0,0,1,1,1,0,0,1,0,0,0,0,2.712,0,0,leaf,2,l,i,p,0,0,0,0
Ruschia decumbens,Ruschia decumbens,Aizoaceae,Ruschia decumbens,L.Bolus,Aizoaceae,1,0,1,0,1,0,0,1,0,0,0,Dec,Dec,NA,NA,10,0,0,0,1,0,0,0,0,0,0,0,0,1,1,1,0,1,0,0,0,0,0,1.5,0,0,leaf,2,l,i,p,0,0,0,0
Ruschia dichroa,Ruschia dichroa,Aizoaceae,Ruschia dichroa,(Rolfe) L.Bolus,Aizoaceae,1,0,1,0,1,0,0,1,0,0,0,May,Jul,NA,NA,10,0,0,0,1,0,0,0,0,0,0,0,0,1,1,1,0,1,0,0,0,0,0,5.46,0,0,leaf,2,l,i,p,0,0,0,0
Ruschia fredericii,Ruschia fredericii,Aizoaceae,Ruschia frederici,(L.Bolus) L.Bolus,Aizoaceae,1,0,1,0,1,0,0,1,0,0,0,Sep,Oct,NA,NA,50,0,0,0,1,0,0,0,0,0,0,0,0,1,1,1,0,1,0,0,0,0,0,2,0,0,leaf,2,l,i,p,0,0,0,0
Ruschia knysnana,Ruschia knysnana,Aizoaceae,Ruschia knysnana,(L.Bolus) L.Bolus,Aizoaceae,1,0,1,0,1,0,0,1,0,0,0,Jan,Mar,NA,NA,40,0,0,0,1,0,0,0,0,0,0,0,0,1,1,1,0,1,1,0,0,0,0,3,0,0,leaf,2,l,i,p,0,0,0,0
Ruschia lineolata,Ruschia lineolata,Aizoaceae,Ruschia lineolata,(Haw.) Schwantes,Aizoaceae,1,0,1,0,1,0,0,1,0,0,0,Aug,Sep,NA,NA,15,0,0,0,1,0,0,0,1,0,0,0,0,1,1,1,0,1,0,0,0,0,0,1,0,0,leaf,2,l,i,p,0,0,0,0
Ruschia macowanii,Ruschia macowanii,Aizoaceae,Ruschia macowanii,(L.Bolus) Schwantes,Aizoaceae,1,0,1,0,1,0,0,1,0,0,0,Aug,Oct,NA,NA,20,0,0,0,1,0,0,0,1,0,0,0,0,1,1,1,0,1,0,0,0,0,0,2.5,0,0,leaf,2,l,i,p,0,0,0,0
Ruschia sarmentosa,Ruschia sarmentosa,Aizoaceae,Ruschia sarmentosa,(Haw.) Schwantes,Aizoaceae,1,0,1,0,1,0,0,1,0,0,0,Jul,Aug,NA,NA,15,0,0,0,1,0,0,0,1,0,0,0,0,1,1,1,0,1,0,0,0,0,0,3.133333333,0,0,leaf,2,l,i,p,0,0,0,0
Ruschia tardissima,Ruschia tardissima,Aizoaceae,Ruschia tardissima,L.Bolus,Aizoaceae,1,0,1,0,1,0,0,1,0,0,0,Jun,Jul,NA,NA,10,0,0,0,1,0,0,0,0,0,0,0,0,1,1,1,0,1,0,0,0,0,0,NA,0,0,leaf,2,l,i,p,0,0,0,0
Ruschia virgata,Ruschia virgata,Aizoaceae,Ruschia virgata,(Haw.) L.Bolus,Aizoaceae,1,0,1,0,1,0,0,1,0,0,0,Oct,Oct,NA,NA,30,0,0,0,1,0,0,0,0,0,0,0,0,1,1,1,0,1,1,0,0,0,0,1.920952381,0,0,leaf,2,l,i,p,0,0,0,0
Salix mucronata,Salix mucronata,Salicaceae,Salix mucronata,Thunb.,Salicaceae,1,0,1,0,1,0,0,0,0,0,0,Sep,Oct,NA,NA,1200,0,0,0,0,0,1,1,0,0,0,0,0,0,0,0,0,0,1,0,0,0,0,NA,0,0,leaf,3,m,i,p,0,0,0,0
Saltera sarcocolla,Saltera sarcocolla,Penaeaceae,Penaea sarcocolla,L.,Penaeaceae,1,0,1,0,1,0,0,0,0,1,0,Aug,Dec,NA,NA,150,0,0,0,0,1,0,0,0,0,0,0,0,0,0,0,0,0,1,0,0,0,0,0.983333333,0,0,leaf,3,h,i,p,0,0,0,0
Salvia africana-lutea,Salvia africana-lutea,Lamiaceae,Salvia aurea,L.,Lamiaceae,1,0,1,0,1,0,0,0,0,1,0,Jun,Dec,NA,NA,200,0,0,0,0,0,1,0,0,0,0,0,0,0,0,0,0,0,0,1,0,0,0,2.34,0,0,leaf,3,h,i,p,0,0,0,0
Salvia albicaulis,Salvia albicaulis,Lamiaceae,Salvia albicaulis,Benth.,Lamiaceae,1,0,1,0,1,0,0,0,0,1,0,Nov,May,NA,NA,60,0,0,0,1,0,0,0,0,0,0,0,0,0,0,0,0,0,1,0,0,0,0,3.44,0,0,leaf,3,h,i,p,0,0,0,0
Samolus valerandi,Samolus valerandi,Primulaceae,Samolus valerandi,L.,Primulaceae,1,0,1,0,0,1,0,0,0,0,0,Nov,Jan,NA,NA,60,1,0,0,0,0,0,0,0,0,0,0,0,0,0,0,0,0,0,1,0,0,0,NA,0,1,leaf,2,m,i,p,0,0,0,0
Sarcostemma viminale,Sarcostemma viminale,Apocynaceae,Cynanchum viminale,(L.) L.,Apocynaceae,1,0,1,0,1,0,0,0,0,0,0,Jan,Dec,NA,NA,300,0,0,0,0,0,0,0,1,1,0,0,1,1,0,1,0,0,0,0,0,0,0,17.66666667,1,1,culm_stem,3,l,i,w,0,0,0,0
Satyrium longicolle,Satyrium longicolle,Orchidaceae,Satyrium longicolle,Lindl.,Orchidaceae,1,0,1,0,0,1,1,1,1,1,0,Oct,Dec,NA,NA,40,0,1,0,0,0,0,0,0,0,0,0,0,0,0,0,0,0,0,1,0,0,0,NA,0,0,leaf,2,l,i,p,0,0,0,0
Satyrium odorum,Satyrium odorum,Orchidaceae,Satyrium odorum,Sond.,Orchidaceae,1,0,1,0,0,1,1,1,0,1,0,Aug,Oct,NA,NA,55,0,1,0,0,0,0,0,0,0,0,0,0,0,0,0,0,0,0,1,0,0,0,NA,0,0,leaf,2,l,i,p,0,0,0,0
Satyrium stenopetalum,Satyrium stenopetalum,Orchidaceae,Satyrium stenopetalum,Lindl.,Orchidaceae,1,0,1,0,0,1,1,1,0,1,0,Sep,Dec,NA,NA,60,0,1,0,0,0,0,0,0,0,0,0,0,0,0,0,0,0,0,1,0,0,0,NA,0,0,leaf,2,l,i,p,0,0,0,0
Scabiosa africana,Scabiosa africana,Dipsacaceae,Scabiosa africana,L.,Caprifoliaceae,1,0,1,0,1,0,0,0,0,0,0,Jul,Nov,NA,NA,100,0,0,0,1,0,0,0,0,0,0,0,0,0,0,0,0,0,1,0,0,1,1,11.7375,0,0,leaf,2,h,i,i,0,0,0,0
Scabiosa columbaria,Scabiosa columbaria,Dipsacaceae,Scabiosa columbaria,L.,Caprifoliaceae,1,0,1,0,1,0,0,0,0,0,0,Aug,Feb,NA,NA,80,1,0,0,0,0,0,0,0,0,0,0,0,0,0,0,0,0,1,0,0,1,1,5.7375,0,0,leaf,2,m,i,i,0,0,0,0
Schizaea pectinata,Schizaea pectinata,Schizaeaceae,Schizaea pectinata,(L.) Sw.,Schizaeaceae,1,0,1,0,1,0,0,0,0,1,0,NA,NA,NA,NA,20,0,0,0,0,0,0,0,0,0,0,0,1,0,0,0,0,1,0,0,0,0,1,14.75,0,0,leaf,2,l,w,w,1,0,0,0
Schizoglossum aschersonianum,Schizoglossum aschersonianum,Apocynaceae,Schizoglossum aschersonianum,Schltr.,Apocynaceae,1,0,1,0,1,0,0,1,0,1,0,Dec,Apr,NA,NA,15,1,0,0,0,0,0,0,0,0,0,0,0,0,0,0,0,1,0,0,0,0,0,NA,0,0,leaf,2,l,i,w,0,0,0,0
Schoenoxiphium ecklonii,Schoenoxiphium ecklonii,Cyperaceae,Carex capensis,Thunb.,Cyperaceae,1,0,1,0,1,0,0,1,0,0,0,Jun,Oct,NA,NA,30,0,0,1,0,0,0,0,0,0,0,0,0,0,0,0,0,1,0,0,0,0,0,14.58333333,0,0,leaf,2,l,w,p,0,0,0,0
Schoenoxiphium lanceum,Schoenoxiphium lanceum,Cyperaceae,Carex lancea,(Thunb.) Baill.,Cyperaceae,1,0,1,0,1,0,0,1,0,0,0,Jun,Nov,NA,NA,60,0,0,1,0,0,0,0,0,0,0,0,0,0,0,0,0,1,1,0,0,0,0,NA,0,0,leaf,2,l,w,p,0,0,0,0
Schotia latifolia,Schotia latifolia,Fabaceae,Schotia latifolia,Jacq.,Fabaceae,1,0,1,0,1,0,0,0,0,1,0,Nov,Jan,NA,NA,500,0,0,0,0,0,0,1,0,0,0,0,0,0,0,0,0,0,0,1,1,0,0,4.788888889,0,0,leaf,3,l,i,m,0,0,0,0
Searsia angustifolia,Rhus angustifolia,Anacardiaceae,Searsia angustifolia,(L.) F.A.Barkley,Anacardiaceae,1,0,1,0,1,0,0,0,0,1,0,Oct,Nov,NA,NA,400,0,0,0,0,0,1,1,0,0,0,0,0,0,0,0,0,0,1,1,1,0,0,7.88,0,0,leaf,3,h,i,m,0,0,0,0
Searsia dentata,Rhus dentata,Anacardiaceae,Searsia dentata,(Thunb.) F.A.Barkley,Anacardiaceae,1,0,1,0,0,1,0,0,0,1,0,Oct,Nov,NA,NA,200,0,0,0,0,0,1,0,0,0,0,0,0,0,0,0,0,0,0,1,1,0,0,1.6,0,0,leaf,3,h,i,m,0,0,0,0
Searsia dissecta,Searsia dissecta,Anacardiaceae,Searsia dissecta,(Thunb.) Moffett,Anacardiaceae,1,0,1,0,0,1,0,0,0,1,0,Jul,Jul,NA,NA,150,0,0,0,0,1,0,0,0,0,0,0,0,0,0,0,0,0,0,1,1,0,1,2.12,0,0,leaf,3,h,i,m,0,0,0,0
Searsia glauca,Rhus glauca,Anacardiaceae,Searsia glauca,(Thunb.) Moffett,Anacardiaceae,1,0,1,0,1,0,0,0,0,1,0,Jun,Sep,NA,NA,400,0,0,0,0,0,1,1,0,0,0,0,0,0,0,0,0,0,0,1,1,0,0,2.99,0,0,leaf,3,h,i,m,0,0,0,0
Searsia incisa,Rhus incisa,Anacardiaceae,Searsia incisa,(L.f.) F.A.Barkley,Anacardiaceae,1,0,1,0,0,1,0,0,0,1,0,Jun,Jun,NA,NA,300,0,0,0,0,0,1,0,0,0,0,0,0,0,0,0,0,0,0,1,1,1,0,3,0,0,leaf,3,h,i,m,0,0,0,0
Searsia laevigata,Rhus laevigata,Anacardiaceae,Searsia laevigata,(L.) F.A.Barkley,Anacardiaceae,1,0,1,0,0,1,0,0,0,1,0,Oct,Dec,NA,NA,250,0,0,0,0,0,1,0,0,0,0,0,0,0,0,0,0,0,0,1,1,0,0,6.390909091,0,0,leaf,3,h,i,m,0,0,0,0
Searsia longispina,Rhus longispina,Anacardiaceae,Searsia longispina,(Eckl. & Zeyh.) Moffett,Anacardiaceae,1,0,1,0,1,0,0,0,0,1,0,May,Jul,NA,NA,400,0,0,0,0,0,1,0,0,0,0,0,0,0,0,0,0,0,1,0,1,0,0,2,0,0,leaf,3,h,i,m,0,0,0,0
Searsia lucida,Rhus lucida,Anacardiaceae,Searsia lucida,(L.) F.A.Barkley,Anacardiaceae,1,0,1,0,1,0,0,0,0,1,0,Aug,Oct,NA,NA,300,0,0,0,0,0,1,0,0,0,0,0,0,0,0,0,0,0,0,1,1,0,0,3.46875,0,0,leaf,3,h,i,m,0,0,0,0
Searsia pallens,Rhus pallens,Anacardiaceae,Searsia pallens,(Eckl. & Zeyh.) Moffett,Anacardiaceae,1,0,1,0,1,0,0,0,0,1,0,Mar,Jul,NA,NA,300,0,0,0,0,0,1,0,0,0,0,0,0,0,0,0,0,0,1,0,1,0,0,NA,0,0,leaf,3,h,i,m,0,0,0,0
Searsia rimosa,Rhus rimosa,Anacardiaceae,Searsia rimosa,(Eckl. & Zeyh.) Moffett,Anacardiaceae,1,0,1,0,1,0,0,0,0,1,0,Sep,Oct,NA,NA,250,0,0,0,0,0,1,0,0,0,0,0,0,0,0,0,0,0,1,0,1,0,0,3.392,0,0,leaf,3,h,i,m,0,0,0,0
Searsia rosmarinifolia,Rhus rosmarinifolia,Anacardiaceae,Searsia rosmarinifolia,(Vakl) F.A.Barkley,Anacardiaceae,1,0,1,0,1,0,0,0,0,1,0,May,Aug,NA,NA,100,0,0,0,1,0,0,0,0,0,0,0,0,0,0,0,0,1,0,0,1,0,0,2.301428571,0,0,leaf,3,h,i,m,0,0,0,0
Searsia scytophylla,Rhus scytophylla,Anacardiaceae,Searsia scytophylla,(Eckl. & Zeyh.) Moffett,Anacardiaceae,1,0,1,0,1,0,0,0,0,1,0,Jun,Jul,NA,NA,200,0,0,0,0,0,1,0,0,0,0,0,0,0,0,0,0,0,0,1,1,0,0,3.972,0,0,leaf,3,h,i,m,0,0,0,0
Searsia tomentosa,Rhus tomentosa,Anacardiaceae,Searsia tomentosa,(L.) F.A.Barkley,Anacardiaceae,1,0,1,0,1,0,0,0,0,1,0,Jul,Aug,NA,NA,600,0,0,0,0,0,1,1,0,0,0,0,0,0,0,0,0,0,0,1,1,0,0,6.71,0,0,leaf,3,h,i,m,0,0,0,0
Searsia undulata,Rhus undulata,Anacardiaceae,Searsia undulata,"(Jacq.) T.S.Yi, A.J.Mill. & J.Wen",Anacardiaceae,1,0,1,0,1,0,0,0,0,1,0,Apr,May,NA,NA,300,0,0,0,0,0,1,0,0,0,0,0,0,0,0,0,0,0,1,0,1,0,0,2.9,0,0,leaf,3,h,i,m,0,0,0,0
Sebaea aurea,Sebaea aurea,Gentianaceae,Sebaea aurea,(L.f.) Sm.,Gentianaceae,0,1,1,0,0,1,1,1,0,0,0,Oct,Dec,NA,NA,30,1,0,0,0,0,0,0,0,0,0,0,0,0,0,0,0,0,0,1,0,0,0,NA,0,0,leaf,0,l,i,p,0,0,0,0
Sebaea capitata,Sebaea capitata,Gentianaceae,Sebaea capitata,Schltdl.,Gentianaceae,0,1,1,0,0,1,1,1,0,0,0,Oct,Jan,NA,NA,30,1,0,0,0,0,0,0,0,0,0,0,0,0,0,0,0,0,0,1,0,0,0,NA,0,0,leaf,0,l,i,p,0,0,0,0
Sebaea exacoides,Sebaea exacoides,Gentianaceae,Sebaea exacoides,(L.) Schinz,Gentianaceae,0,1,1,0,0,1,1,1,0,0,0,Aug,Oct,NA,NA,30,1,0,0,0,0,0,0,0,0,0,0,0,0,0,0,0,0,0,1,0,0,0,NA,0,0,leaf,0,l,i,p,0,0,0,0
Sebaea stricta,Sebaea stricta,Gentianaceae,Sebaea stricta,(E.Mey.) Gilg,Gentianaceae,1,0,1,0,1,0,1,1,0,0,0,Mar,Oct,NA,NA,60,1,0,0,0,0,0,0,0,0,0,0,0,0,0,0,0,0,0,1,0,0,0,NA,0,0,leaf,1,l,i,p,0,0,0,0
Sebaea sulphurea,Sebaea sulphurea,Gentianaceae,Sebaea sulphurea,Schltdl.,Gentianaceae,0,1,1,0,0,1,1,1,0,0,0,Sep,Nov,NA,NA,15,1,0,0,0,0,0,0,0,0,0,0,0,0,0,0,0,0,0,1,0,0,0,NA,0,0,leaf,0,l,i,p,0,0,0,0
Sebaea zeyheri,Sebaea zeyheri,Gentianaceae,Sebaea zeyheri,Schinz,Gentianaceae,0,1,1,0,0,1,1,1,0,0,0,Sep,Nov,NA,NA,25,1,0,0,0,0,0,0,0,0,0,0,0,0,0,0,0,0,0,1,0,0,0,NA,0,0,leaf,0,l,i,p,0,0,0,0
Secamone alpini,Secamone alpini,Apocynaceae,Secamone alpini,Schult.,Apocynaceae,1,0,1,0,1,0,0,0,0,0,0,Oct,Jan,NA,NA,1000,0,0,0,0,0,1,0,1,1,0,0,0,0,0,0,0,0,1,1,0,0,0,4.1,0,0,leaf,3,l,i,w,0,0,0,0
Selago brevifolia,Selago brevifolia,Scrophulariaceae,Selago brevifolia,Rolfe,Scrophulariaceae,1,0,1,0,1,0,0,1,0,0,0,Oct,Nov,NA,NA,30,0,0,0,1,0,0,0,0,0,0,0,0,0,0,0,0,0,0,1,0,0,0,NA,0,0,leaf,1,m,i,p,0,0,0,0
Selago canescens,Selago canescens,Scrophulariaceae,Selago canescens,L.f.,Scrophulariaceae,1,0,1,0,1,0,0,1,0,0,0,Jul,Sep,NA,NA,50,0,0,0,1,0,0,0,0,0,0,0,0,0,0,0,0,0,1,0,0,0,0,1.213333333,0,0,leaf,1,m,i,p,0,0,0,0
Selago corymbosa,Selago corymbosa,Scrophulariaceae,Selago corymbosa,L.,Scrophulariaceae,1,0,1,0,1,0,0,1,0,0,0,Feb,Apr,NA,NA,60,0,0,0,1,0,0,0,0,0,0,0,0,0,0,0,0,1,0,0,0,0,0,0.501666667,0,0,leaf,1,m,i,p,0,0,0,0
Selago glomerata,Selago glomerata,Scrophulariaceae,Selago glomerata,Thunb.,Scrophulariaceae,1,0,1,0,1,0,0,1,0,0,0,Sep,Mar,NA,NA,100,0,0,0,1,0,0,0,0,0,0,0,0,0,0,0,0,0,1,0,0,0,0,0.523333333,0,0,leaf,1,m,i,p,0,0,0,0
Selago glutinosa,Selago glutinosa,Scrophulariaceae,Selago glutinosa,E.Mey.,Scrophulariaceae,1,0,1,0,1,0,0,1,0,0,0,Aug,Nov,NA,NA,30,0,0,0,0,0,0,0,0,0,0,0,0,0,0,0,0,1,0,0,0,0,0,NA,0,0,leaf,1,m,i,p,0,0,0,0
Selago lamprocarpa,Selago lamprocarpa,Scrophulariaceae,Selago lamprocarpa,Schltr. ex Rolfe,Scrophulariaceae,1,0,1,0,1,0,0,1,0,0,0,Oct,Jan,NA,NA,100,0,0,0,0,0,0,0,0,0,0,0,0,0,0,0,0,0,1,0,0,0,0,NA,0,0,leaf,1,m,i,p,0,0,0,0
Selago levynsiae,Selago scabrida,Scrophulariaceae,Selago levynsiae,Hilliard,Scrophulariaceae,1,0,1,0,1,0,0,1,0,0,0,Oct,Mar,NA,NA,45,0,0,0,1,0,0,0,0,0,0,0,0,0,0,0,0,0,0,1,0,0,0,NA,0,0,leaf,1,m,i,p,0,0,0,0
Selago pustulosa,Selago pustulosa,Scrophulariaceae,Selago pustulosa,Hilliard,Scrophulariaceae,1,0,1,0,1,0,0,1,0,0,0,Sep,Nov,NA,NA,50,0,0,0,0,0,0,0,0,0,0,0,0,0,0,0,0,1,0,0,0,0,0,0.468,0,0,leaf,1,m,i,p,0,0,0,0
Senecio acaulis,Senecio acaulis,Asteraceae,Senecio acaulis,(L.f.) Sch.Bip.,Asteraceae,1,0,1,0,1,0,0,1,0,1,0,Oct,Nov,NA,NA,30,1,0,0,0,0,0,0,0,0,0,0,0,1,1,1,0,1,0,0,0,0,0,8.101666667,0,0,leaf,2,l,i,w,0,0,0,0
Senecio albanensis,Senecio albanensis,Asteraceae,Senecio albanensis,DC.,Asteraceae,1,0,1,0,1,0,0,1,0,1,0,Aug,Apr,NA,NA,80,1,0,0,0,0,0,0,0,0,0,0,0,0,0,0,0,0,1,0,0,0,0,NA,0,0,leaf,2,l,i,w,0,0,0,0
Senecio arenarius,Senecio arenarius,Asteraceae,Senecio arenarius,Thunb.,Asteraceae,0,1,1,0,1,0,1,1,0,0,0,Jul,Sep,NA,NA,40,1,0,0,0,0,0,0,0,0,0,0,0,0,0,0,0,0,0,1,0,0,1,NA,0,0,leaf,0,l,i,w,0,0,0,0
Senecio arniciflorus,Senecio arniciflorus,Asteraceae,Senecio arniciflorus,DC.,Asteraceae,1,0,1,0,1,0,0,1,0,0,0,Aug,Oct,NA,NA,30,0,0,0,1,0,0,0,0,0,0,0,0,0,0,0,0,0,1,0,0,0,0,NA,0,0,leaf,2,m,i,w,0,0,0,0
Senecio bipinnatus,Senecio bipinnatus,Asteraceae,Senecio bipinnatus,Less.,Asteraceae,1,0,1,0,1,0,0,1,0,1,0,Jan,Mar,NA,NA,50,1,0,0,0,0,0,0,0,0,0,0,0,0,0,0,0,0,1,0,0,1,1,NA,0,0,leaf,2,m,i,w,0,0,0,0
Senecio burchellii,Senecio burchellii,Asteraceae,Senecio burchellii,DC.,Asteraceae,1,1,1,0,1,0,1,1,0,0,0,Apr,Jul,NA,NA,40,0,0,0,1,0,0,0,0,0,0,0,0,0,0,0,0,1,0,0,0,0,0,NA,0,0,leaf,1,l,i,w,0,0,0,0
Senecio chrysocoma,Senecio chrysocoma,Asteraceae,Senecio chrysocoma,Meerb.,Asteraceae,1,0,1,0,1,0,0,1,0,0,0,Nov,Jan,NA,NA,100,1,0,0,0,0,0,0,0,0,0,0,0,0,0,0,0,1,0,0,0,0,0,NA,0,0,leaf,1,m,i,w,0,0,0,0
Senecio cordifolius,Senecio cordifolius,Asteraceae,Senecio cordifolius,L.f.,Asteraceae,1,0,1,0,1,0,0,1,0,1,0,Jan,Apr,NA,NA,40,1,0,0,0,0,0,0,0,0,0,0,0,0,0,0,0,0,0,1,0,0,0,NA,0,0,leaf,2,l,i,w,0,0,0,0
Senecio crassiusculus,Senecio crassiusculus,Asteraceae,Senecio crassiusculus,DC.,Asteraceae,1,0,1,0,1,0,0,1,0,1,0,Oct,Mar,NA,NA,50,0,0,0,1,0,0,0,0,0,0,0,0,1,1,1,0,1,1,0,0,1,0,NA,0,0,leaf,2,l,i,w,0,0,0,0
Senecio crassulifolius,Senecio crassulaefolius,Asteraceae,Senecio crassulifolius,Sch.Bip.,Asteraceae,1,0,1,0,1,0,0,1,0,1,0,Aug,Dec,NA,NA,30,1,0,0,0,0,0,0,0,0,0,0,0,1,1,1,0,1,0,0,0,0,0,7,0,0,leaf,2,l,i,w,0,0,0,0
Senecio crenatus,Senecio crenatus,Asteraceae,Senecio crenatus,Thunb.,Asteraceae,1,0,1,0,1,0,0,1,0,1,0,Nov,May,NA,NA,100,0,0,0,1,0,0,0,0,0,0,0,0,0,0,0,0,0,0,1,0,0,0,5.6,0,0,leaf,2,h,i,w,0,0,0,0
Senecio crenulatus,Senecio crenulatus,Asteraceae,Senecio crenulatus,DC.,Asteraceae,1,0,1,0,1,0,0,1,0,1,0,Apr,May,NA,NA,30,1,0,0,0,0,0,0,0,0,0,0,0,0,0,0,0,0,1,0,0,0,0,NA,0,0,leaf,2,h,i,w,0,0,0,0
Senecio elegans,Senecio elegans,Asteraceae,Senecio elegans,L.,Asteraceae,0,1,1,0,1,0,1,1,0,0,0,Sep,Nov,NA,NA,100,1,0,0,0,0,0,0,0,0,0,0,0,0,0,0,0,0,1,0,0,0,1,8.14,0,0,leaf,0,l,i,w,0,0,0,0
Senecio erosus,Senecio erosus,Asteraceae,Senecio erosus,L.f.,Asteraceae,1,0,1,0,1,0,0,1,0,1,0,Aug,Sep,NA,NA,60,1,0,0,0,0,0,0,0,0,0,0,0,0,0,0,0,0,1,0,0,1,1,NA,0,0,leaf,2,m,i,w,0,0,0,0
Senecio ficoides,Senecio ficoides,Asteraceae,Senecio ficoides,Sch.Bip.,Asteraceae,1,0,1,0,1,0,0,0,0,1,0,Mar,Jul,NA,NA,50,1,0,0,0,0,0,0,0,0,0,0,0,1,1,1,0,1,0,0,0,0,0,5.816666667,0,0,leaf,3,l,i,w,0,0,0,0
Senecio gramineus,Senecio gramineus,Asteraceae,Senecio gramineus,Harv.,Asteraceae,1,0,1,0,1,0,0,1,0,1,0,Nov,Jan,NA,NA,25,1,0,0,0,0,0,0,0,0,0,0,0,0,0,0,0,1,0,0,0,0,0,NA,0,0,leaf,2,m,i,w,0,0,0,0
Senecio halimifolius,Senecio halimifolius,Asteraceae,Senecio halimifolius,L.,Asteraceae,1,0,1,0,1,0,0,0,0,0,0,Nov,Jan,NA,NA,150,0,0,0,0,1,0,0,0,0,0,0,0,0,0,0,0,0,1,1,0,0,0,4.28,0,0,leaf,2,h,i,w,0,0,0,0
Senecio hastatus,Senecio hastatus,Asteraceae,Senecio hastatus,L.,Asteraceae,1,0,1,0,1,0,0,1,0,0,0,Sep,May,NA,NA,40,1,0,0,0,0,0,0,0,0,0,0,0,0,0,0,0,0,1,0,0,0,1,NA,0,0,leaf,2,m,i,w,0,0,0,0
Senecio hollandii,Senecio hollandii,Asteraceae,Senecio hollandii,Compton,Asteraceae,1,0,1,0,1,0,0,0,0,1,0,Sep,Dec,NA,NA,70,0,0,0,1,0,0,0,0,0,0,0,0,0,0,0,0,0,0,1,0,0,0,2.75,0,0,leaf,2,m,i,w,0,0,0,0
Senecio ilicifolius,Senecio ilicifolius,Asteraceae,Senecio ilicifolius,L.,Asteraceae,1,0,1,0,1,0,0,1,0,0,0,Jun,Jan,NA,NA,100,0,0,0,1,0,0,0,0,0,0,0,0,0,0,0,0,0,0,1,0,1,0,NA,0,0,leaf,1,m,i,w,0,0,0,0
Senecio incertus,Senecio tuberosus,Asteraceae,Senecio tuberosus,Harv.,Asteraceae,1,0,1,0,1,0,0,1,0,1,0,Sep,Oct,NA,NA,40,1,0,0,0,0,0,0,0,0,0,0,0,0,0,0,0,0,1,1,0,1,1,NA,0,0,leaf,2,m,i,w,0,0,0,0
Senecio lanifer,Senecio lanifer,Asteraceae,Senecio lanifer,Mart. ex C.Jeffrey,Asteraceae,1,0,1,0,1,0,0,1,0,1,0,Jul,Oct,NA,NA,60,1,0,0,0,0,0,0,0,0,0,0,0,0,0,0,0,0,1,0,0,1,1,9.92,0,0,leaf,2,h,i,w,0,0,0,0
Senecio lineatus,Senecio lineatus,Asteraceae,Senecio lineatus,DC.,Asteraceae,1,0,1,0,1,0,0,1,0,1,0,Jan,May,NA,NA,60,0,0,0,1,0,0,0,0,0,0,0,0,0,0,0,0,0,0,1,0,1,0,NA,0,0,leaf,2,h,i,w,0,0,0,0
Senecio linifolius,Senecio linifolius,Asteraceae,Senecio linifolius,L.,Asteraceae,1,0,1,0,1,0,0,1,0,1,0,Apr,Nov,NA,NA,100,0,0,0,0,1,0,0,0,0,0,0,0,1,1,0,0,1,0,0,0,0,0,9.5,0,0,leaf,2,h,i,w,0,0,0,0
Senecio othonniflorus,Senecio othonniflorus,Asteraceae,Senecio othonniflorus,DC.,Asteraceae,1,0,1,0,1,0,0,1,0,1,0,Nov,Jun,NA,NA,60,1,0,0,0,0,0,0,0,0,0,0,0,0,0,0,0,0,1,0,0,0,0,NA,0,0,leaf,2,h,i,w,0,0,0,0
Senecio paniculatus,Senecio paniculatus,Asteraceae,Senecio paniculatus,P.J.Bergius,Asteraceae,1,0,1,0,1,0,0,1,0,0,0,Oct,Dec,NA,NA,80,1,0,0,0,0,0,0,0,0,0,0,0,0,0,0,0,1,0,0,0,1,1,5.46,0,0,leaf,1,h,i,w,0,0,0,0
Senecio pauciflosculosus,Senecio pauciflosculosus,Asteraceae,Senecio pauciflosculosus,C.Jeffrey,Asteraceae,1,0,1,0,1,0,0,0,0,1,0,Feb,May,NA,NA,30,0,0,0,1,0,0,0,0,0,0,0,0,0,0,0,0,0,0,1,0,0,0,1.6,0,0,leaf,2,h,i,w,0,0,0,0
Senecio pinifolius,Senecio pinifolius,Asteraceae,Senecio pinifolius,Dusén,Asteraceae,1,0,1,0,1,0,0,1,0,1,0,Mar,May,NA,NA,40,0,0,0,1,0,0,0,0,0,0,0,0,0,0,0,0,1,0,0,0,0,0,0.80625,0,0,leaf,2,h,i,w,0,0,0,0
Senecio pinnatifidus,Senecio pinnatifidus,Asteraceae,Senecio pinnatifidus,Less.,Asteraceae,1,0,1,0,1,0,0,1,0,1,0,Sep,Feb,NA,NA,50,1,0,0,0,0,0,0,0,0,0,0,0,0,0,0,0,0,1,0,0,1,1,NA,0,0,leaf,2,h,i,w,0,0,0,0
Senecio pterophorus,Senecio pterophorus,Asteraceae,Senecio pterophorus,DC.,Asteraceae,1,1,1,0,1,0,0,1,0,0,0,Oct,Jan,NA,NA,200,1,0,0,0,0,0,0,0,0,0,0,0,0,0,0,0,0,1,0,0,1,0,NA,0,0,leaf,1,h,i,w,0,0,0,0
Senecio pubigerus,Senecio pubigerus,Asteraceae,Senecio pubigerus,L.,Asteraceae,1,0,1,0,1,0,0,1,0,0,0,Mar,Jul,NA,NA,100,0,0,0,1,0,0,0,0,0,0,0,0,0,0,0,0,0,0,1,0,0,0,1.866666667,0,0,leaf,1,h,i,w,0,0,0,0
Senecio purpureus,Senecio purpureus,Asteraceae,Senecio purpureus,L.,Asteraceae,1,0,1,0,1,0,0,1,1,0,0,Oct,Feb,NA,NA,60,1,0,0,0,0,0,0,0,0,0,0,0,0,0,0,0,0,1,0,0,1,1,NA,0,0,leaf,2,h,i,w,0,0,0,0
Senecio repandus,Senecio repandus,Asteraceae,Senecio repandus,Thunb.,Asteraceae,0,1,1,0,1,0,0,1,0,0,0,Jul,Oct,NA,NA,30,1,0,0,0,0,0,0,0,0,0,0,0,0,0,0,0,0,0,1,0,1,1,NA,0,0,leaf,0,l,i,w,0,0,0,0
Senecio rosmarinifolius,Senecio rosmarinifolius,Asteraceae,Senecio rosmarinifolius,L.f.,Asteraceae,1,0,1,0,1,0,0,1,0,0,0,Oct,Mar,NA,NA,80,0,0,0,1,0,0,0,0,0,0,0,0,0,0,0,0,1,0,0,0,0,0,NA,0,0,leaf,2,h,i,w,0,0,0,0
Senecio triqueter,Senecio triqueter,Asteraceae,Senecio triqueter,DC.,Asteraceae,1,0,1,0,1,0,0,1,0,1,0,Mar,Jul,NA,NA,40,0,0,0,1,0,0,0,0,0,0,0,0,0,0,0,0,1,0,0,0,0,0,0.633333333,0,0,leaf,2,h,i,w,0,0,0,0
Senecio umbellatus,Senecio umbellatus,Asteraceae,Senecio umbellatus,L.,Asteraceae,1,0,1,0,1,0,0,1,0,0,0,Sep,Dec,NA,NA,80,1,0,0,0,0,0,0,0,0,0,0,0,0,0,0,0,1,0,0,0,1,1,4.65,0,0,leaf,1,m,i,w,0,0,0,0
Senecio vestitus,Senecio vestitus,Asteraceae,Senecio vestitus,P.J.Bergius,Asteraceae,1,0,1,0,1,0,0,1,0,0,0,Sep,Jan,NA,NA,150,0,0,0,0,1,0,0,0,0,0,0,0,0,0,0,0,0,1,0,0,1,0,NA,0,0,leaf,2,h,i,w,0,0,0,0
Serruria adscendens,Serruria adscendens,Proteaceae,Serruria adscendens,R.Br.,Proteaceae,1,0,1,0,1,0,0,0,0,0,0,Jul,Oct,NA,NA,100,0,0,0,1,0,0,0,0,0,0,0,0,0,0,0,0,0,1,1,0,0,1,5,0,0,leaf,2,h,i,i,0,0,0,0
Serruria aitonii,Serruria aitonii,Proteaceae,Serruria aitonii,R.Br.,Proteaceae,1,0,1,0,1,0,0,0,0,0,0,Jul,Nov,NA,NA,100,0,0,0,1,0,0,0,0,0,0,0,0,0,0,0,0,0,0,1,0,0,1,1.84,0,0,leaf,2,h,i,i,0,0,0,0
Serruria balanocephala,Serruria balanocephala,Proteaceae,Serruria balanocephala,Rourke,Proteaceae,1,0,1,0,1,0,0,0,0,0,0,Aug,Nov,NA,NA,100,0,0,0,1,0,0,0,0,0,0,0,0,0,0,0,0,0,0,1,0,0,1,5,0,0,leaf,2,h,i,i,0,0,0,0
Serruria decumbens,Serruria decumbens,Proteaceae,Serruria decumbens,R.Br.,Proteaceae,1,0,1,0,1,0,0,0,0,0,0,Jul,Oct,NA,NA,20,0,0,0,0,0,0,0,0,0,0,0,1,0,0,0,0,0,1,0,0,0,1,NA,0,0,leaf,2,h,i,i,0,0,0,0
Serruria effusa,Serruria effusa,Proteaceae,Serruria effusa,Rourke,Proteaceae,1,0,1,0,1,0,0,0,0,0,0,Aug,Sep,NA,NA,20,0,0,0,1,0,0,0,0,0,0,0,0,0,0,0,0,0,0,1,0,0,1,6.2,0,0,leaf,2,h,i,i,0,0,0,0
Serruria elongata,Serruria elongata,Proteaceae,Serruria elongata,(P.J.Bergius) R.Br.,Proteaceae,1,0,1,0,1,0,0,0,0,0,0,Jul,Oct,NA,NA,150,0,0,0,0,1,0,0,0,0,0,0,0,0,0,0,0,0,1,0,0,0,1,8.46,0,0,leaf,2,h,i,i,0,0,0,0
Serruria fasciflora,Serruria fasciflora,Proteaceae,Serruria fasciflora,Knight,Proteaceae,1,0,1,0,1,0,0,0,0,0,0,May,Dec,NA,NA,100,0,0,0,1,0,0,0,0,0,0,0,0,0,0,0,0,0,1,0,0,0,1,4.34,0,0,leaf,1,h,i,i,0,0,0,0
Serruria glomerata,Serruria glomerata,Proteaceae,Serruria glomerata,(L.) R.Br.,Proteaceae,1,0,1,0,1,0,0,0,0,0,0,Aug,Oct,NA,NA,50,0,0,0,1,0,0,0,0,0,0,0,0,0,0,0,0,0,1,0,0,0,1,6.77,0,0,leaf,1,h,i,i,0,0,0,0
Serruria leipoldtii,Serruria leipoldtii,Proteaceae,Serruria leipoldtii,E.Phillips & Hutch.,Proteaceae,1,0,1,0,1,0,0,0,0,0,0,Sep,Dec,NA,NA,100,0,0,0,1,0,0,0,0,0,0,0,0,0,0,0,0,0,1,1,0,0,1,8,0,0,leaf,3,h,i,i,0,0,0,0
Serruria villosa,Serruria villosa,Proteaceae,Serruria villosa,(Lam.) R.Br.,Proteaceae,1,0,1,0,1,0,0,0,0,0,0,Aug,Dec,NA,NA,80,0,0,0,1,0,0,0,0,0,0,0,0,0,0,0,0,0,1,0,0,0,1,2.69,0,0,leaf,2,h,i,i,0,0,0,0
Setaria sphacelata,Setaria sphacelata,Poaceae,Setaria sphacelata,(Schumach.) Stapf & C.E.Hubb. ex Moss,Poaceae,1,0,1,0,1,0,0,1,0,0,0,Sep,Mar,NA,NA,100,0,0,1,0,0,0,0,0,0,0,0,0,0,0,0,0,1,0,0,0,0,0,17.4,0,0,leaf,2,h,w,w,0,0,0,0
Sideroxylon inerme,Sideroxylon inerme,Sapotaceae,Sideroxylon inerme,L.,Sapotaceae,1,0,1,0,1,0,0,0,0,1,0,Dec,Jun,NA,NA,1000,0,0,0,0,0,0,1,0,0,0,0,0,0,0,0,0,0,0,1,0,0,0,5.42,0,0,leaf,3,m,i,m,0,0,0,0
Silene undulata,Silene undulata,Caryophyllaceae,Silene undulata,Aiton,Caryophyllaceae,1,1,1,0,1,0,0,0,0,0,0,Aug,Apr,NA,NA,60,1,0,0,0,0,0,0,0,0,0,0,0,0,0,0,0,0,1,0,0,0,0,NA,0,0,leaf,1,m,i,p,0,0,0,0
Smelophyllum capense,Smelophyllum capense,Sapindaceae,Smelophyllum capense,Radlk.,Sapindaceae,1,0,1,0,1,0,0,0,0,1,0,Dec,Jan,NA,NA,400,0,0,0,0,0,0,1,0,0,0,0,0,0,0,0,0,0,0,1,1,0,0,4.933333333,0,0,leaf,3,h,i,m,0,0,0,0
Solanum guineense,Solanum guineense,Solanaceae,Solanum guineense,L.,Solanaceae,1,0,1,0,1,0,0,0,0,0,0,Mar,Aug,NA,NA,150,0,0,0,0,1,0,0,1,0,0,0,0,0,0,0,0,0,0,1,0,0,0,7,0,0,leaf,3,m,i,m,0,0,0,0
Solanum tomentosum,Solanum tomentosum,Solanaceae,Solanum tomentosum,L.,Solanaceae,1,0,1,0,1,0,0,0,0,0,0,Aug,Oct,NA,NA,100,0,0,0,1,0,0,0,0,0,0,0,0,0,0,0,0,0,0,1,0,0,0,3.566666667,0,0,leaf,2,h,i,m,0,0,0,0
Sonderothamnus petraeus,Sonderothamnus petraeus,Penaeaceae,Penaea petraea,(W.F.Barker) Byng & Christenh.,Penaeaceae,1,0,1,0,1,0,0,0,0,1,0,Oct,Dec,NA,NA,35,0,0,0,1,0,0,0,0,0,0,0,0,0,0,0,0,0,0,1,0,0,0,0.88,0,0,leaf,3,m,i,i,0,0,0,0
Soroveta ambigua,Restio ambiguus,Restionaceae,Soroveta ambigua,(Masters) H.P.Linder & C.R.Hardy,Restionaceae,1,0,0,1,1,0,0,0,0,1,0,Nov,Nov,NA,NA,50,0,0,1,0,0,0,0,0,0,0,0,0,0,0,0,0,1,0,0,0,0,0,47.24,1,1,culm_stem,3,h,w,p,0,0,0,0
Spatalla colorata,Spatalla colorata,Proteaceae,Spatalla colorata,Meisn.,Proteaceae,1,0,1,0,1,0,0,0,0,0,0,Jul,Nov,NA,NA,80,0,0,0,1,0,0,0,0,0,0,0,0,0,0,0,0,1,0,0,0,0,0,1.5,0,0,leaf,2,h,i,i,0,0,0,0
Spatalla incurva,Spatalla incurva,Proteaceae,Spatalla incurva,(Thunb.) R.Br.,Proteaceae,1,0,1,0,1,0,0,0,0,0,0,Sep,Mar,NA,NA,100,0,0,0,1,0,0,0,0,0,0,0,0,0,0,0,0,1,0,0,0,0,0,1.5,0,0,leaf,2,h,i,i,0,0,0,0
Spatalla nubicola,Spatalla nubicola,Proteaceae,Spatalla nubicola,Rourke,Proteaceae,1,0,1,0,1,0,0,0,0,0,0,Sep,Dec,NA,NA,150,0,0,0,0,1,0,0,0,0,0,0,0,0,0,0,0,1,0,0,0,0,0,1.5,0,0,leaf,2,h,i,i,0,0,0,0
Spatalla parilis,Spatalla parilis,Proteaceae,Spatalla parilis,Knight,Proteaceae,1,0,1,0,1,0,0,0,0,0,0,Jan,Dec,NA,NA,150,0,0,0,0,1,0,0,0,0,0,0,0,0,0,0,0,1,0,0,0,0,0,1.416,0,0,leaf,2,h,i,i,0,0,0,0
Spergularia media,Spergularia media,Caryophyllaceae,Spergularia media,(L.) C.Presl,Caryophyllaceae,1,0,1,0,1,0,0,0,0,0,0,Oct,Jan,NA,NA,50,1,0,0,0,0,0,0,0,0,0,0,0,0,0,0,0,1,0,0,0,0,0,1,0,0,leaf,2,l,i,p,0,0,0,0
Spiloxene capensis,Spiloxene capensis,Hypoxidaceae,Pauridia capensis,(L.) Snijman & Kocyan,Hypoxidaceae,1,0,1,0,0,1,1,1,0,1,0,Jul,Oct,NA,NA,30,0,1,0,0,0,0,0,0,0,0,0,0,0,0,0,0,1,0,0,0,0,0,10,0,0,leaf,2,l,i,p,0,0,0,0
Sporobolus africanus,Sporobolus africanus,Poaceae,Sporobolus africanus,(Poir.) Robyns & Tournay,Poaceae,1,0,1,0,1,0,0,1,0,1,0,Oct,Apr,NA,NA,100,0,0,1,0,0,0,0,0,0,0,0,0,0,0,0,0,1,0,0,0,0,0,NA,0,0,leaf,2,h,w,p,0,0,0,0
Sporobolus virginicus,Sporobolus virginicus,Poaceae,Sporobolus virginicus,(L.) Kunth,Poaceae,1,0,1,0,1,0,0,1,0,1,0,Oct,Apr,NA,NA,30,0,0,1,0,0,0,0,0,0,0,0,0,0,0,0,0,1,0,0,0,0,0,NA,0,0,leaf,2,l,w,p,0,0,0,0
Staavia radiata,Staavia radiata,Bruniaceae,Staavia radiata,(L.) Dahl,Bruniaceae,1,0,1,0,1,0,0,0,0,1,0,Sep,Dec,NA,NA,60,0,0,0,1,0,0,0,0,0,0,0,0,0,0,0,0,1,1,0,0,0,0,0.469,0,0,leaf,3,h,i,p,0,0,0,0
Staberoha aemula,Staberoha aemula,Restionaceae,Staberoha aemula,(Kunth) Pillans,Restionaceae,1,0,0,1,1,0,0,0,0,0,0,Jun,Sep,NA,NA,60,0,0,1,0,0,0,0,0,0,0,0,0,0,0,0,0,1,0,0,0,0,0,34.36,1,1,culm_stem,2,h,w,w,0,0,0,0
Staberoha banksii,Staberoha banksii,Restionaceae,Staberoha banksii,Pillans,Restionaceae,1,0,0,1,1,0,0,0,0,0,0,Mar,Apr,NA,NA,60,0,0,1,0,0,0,0,0,0,0,0,0,0,0,0,0,1,0,0,0,0,0,32.21666667,1,1,culm_stem,2,h,w,w,0,0,0,0
Staberoha cernua,Staberoha cernua,Restionaceae,Staberoha cernua,(L.f.) T.Durand & Schinz,Restionaceae,1,0,0,1,1,0,0,0,0,0,0,Mar,Aug,NA,NA,60,0,0,1,0,0,0,0,0,0,0,0,0,0,0,0,0,1,0,0,0,0,0,22.83125,1,1,culm_stem,2,h,w,w,0,0,0,0
Staberoha distachyos,Staberoha distachyos,Restionaceae,Staberoha distachyos,(Rottb.) Kunth,Restionaceae,1,0,0,1,1,0,0,0,0,1,0,Feb,Dec,NA,NA,75,0,0,1,0,0,0,0,0,0,0,0,0,0,0,0,0,1,0,0,0,0,0,39.3,1,1,culm_stem,2,h,w,w,0,0,0,0
Stachys aethiopica,Stachys aethiopica,Lamiaceae,Stachys aethiopica,L.,Lamiaceae,1,0,1,0,1,0,0,0,0,0,0,Aug,Sep,NA,NA,50,1,0,0,0,0,0,0,0,0,0,0,0,0,0,0,0,0,0,1,0,0,0,0.883333333,0,0,leaf,2,m,i,p,0,0,0,0
Stachys rugosa,Stachys rugosa,Lamiaceae,Stachys rugosa,Aiton,Lamiaceae,1,0,1,0,1,0,0,1,0,0,0,Sep,Dec,NA,NA,120,0,0,0,0,1,0,0,0,0,0,0,0,0,0,0,0,0,1,0,0,0,0,NA,0,0,leaf,2,h,i,p,0,0,0,0
Stellaria media,Stellaria media,Caryophyllaceae,Stellaria media,(L.) Vill.,Caryophyllaceae,0,1,1,0,1,0,1,1,0,0,0,Jun,Nov,NA,NA,30,1,0,0,0,0,0,0,0,0,0,0,0,0,0,0,0,0,0,1,0,0,0,1,0,0,leaf,0,l,i,p,0,0,0,0
Stenotaphrum secundatum,Stenotaphrum secundatum,Poaceae,Stenotaphrum secundatum,(Walter) Kuntze,Poaceae,1,0,1,0,1,0,0,0,0,1,0,Oct,Jan,NA,NA,30,0,0,1,0,0,0,0,0,0,0,0,0,0,0,0,0,0,0,1,0,0,0,25.4125,0,1,leaf,2,l,w,w,0,0,0,0
Stilbe ericoides,Stilbe ericoides,Stilbaceae,Stilbe ericoides,(L.) L.,Stilbaceae,1,0,1,0,1,0,0,0,0,1,0,Apr,Sep,NA,NA,80,0,0,0,1,0,0,0,0,0,0,0,0,0,0,0,0,1,0,0,0,0,0,0.397636364,0,0,leaf,3,h,i,p,0,0,0,0
Stilbe vestita,Stilbe vestita,Stilbaceae,Stilbe vestita,Berg.,Stilbaceae,1,0,1,0,1,0,0,0,0,1,0,Jul,Dec,NA,NA,120,0,0,0,0,1,0,0,0,0,0,0,0,0,0,0,0,1,0,0,0,0,0,0.5,0,0,leaf,3,h,i,p,0,0,0,0
Stipa dregeana,Stipa dregeana,Poaceae,Stipa dregeana,Steud.,Poaceae,1,0,1,0,1,0,0,1,0,0,0,Aug,May,NA,NA,100,0,0,1,0,0,0,0,0,0,0,0,0,0,0,0,0,1,0,0,0,0,0,33.6,0,0,leaf,2,h,w,w,0,0,0,0
Stipagrostis zeyheri,Stipagrostis zeyheri,Poaceae,Stipagrostis zeyheri,(Nees) De Winter,Poaceae,1,0,1,0,1,0,0,1,0,1,0,Oct,Apr,NA,NA,100,0,0,1,0,0,0,0,0,0,0,0,0,0,0,0,0,1,0,0,0,0,0,29.5,0,0,leaf,2,h,w,w,0,0,0,0
Stoebe aethiopica,Stoebe aethiopica,Asteraceae,Stoebe aethiopica,L.,Asteraceae,1,0,1,0,1,0,0,0,0,0,0,Sep,Nov,NA,NA,150,0,0,0,0,1,0,0,0,0,0,0,0,0,0,0,0,1,0,0,0,0,0,0.898,0,0,leaf,2,h,i,w,0,0,0,0
Stoebe alopecuroides,Stoebe alopecuroides,Asteraceae,Stoebe alopecuroides,(Lam.) Less.,Asteraceae,1,0,1,0,1,0,0,0,0,0,0,Jul,Dec,NA,NA,10,0,0,0,1,0,0,0,0,0,0,0,0,0,0,0,0,1,0,0,0,0,0,1,0,0,leaf,2,h,i,w,0,0,0,0
Stoebe capitata,Stoebe capitata,Asteraceae,Stoebe capitata,P.J.Bergius,Asteraceae,1,0,1,0,1,0,0,0,0,0,0,Dec,Mar,NA,NA,50,0,0,0,1,0,0,0,0,0,0,0,0,0,0,0,0,1,0,0,0,0,0,0.547272727,0,0,leaf,2,h,i,w,0,0,0,0
Stoebe cinerea,Stoebe cinerea,Asteraceae,Stoebe cinerea,(L.) Thunb.,Asteraceae,1,0,1,0,1,0,0,0,0,0,0,Apr,May,NA,NA,150,0,0,0,0,1,0,0,0,0,0,0,0,0,0,0,0,1,0,0,0,0,0,0.18,0,0,leaf,2,h,i,w,0,0,0,0
Stoebe cyathuloides,Stoebe cyathuloides,Asteraceae,Stoebe cyathuloides,Schltr.,Asteraceae,1,0,1,0,1,0,0,0,0,0,0,Nov,Feb,NA,NA,40,0,0,0,1,0,0,0,0,0,0,0,0,0,0,0,0,1,1,0,0,0,0,0.9,0,0,leaf,2,h,i,w,0,0,0,0
Stoebe fusca,Stoebe fusca,Asteraceae,Stoebe fusca,Thunb.,Asteraceae,1,0,1,0,1,0,0,0,0,0,0,Mar,May,NA,NA,25,0,0,0,1,0,0,0,0,0,0,0,0,0,0,0,0,1,0,0,0,0,0,0.5,0,0,leaf,2,h,i,w,0,0,0,0
Stoebe incana,Stoebe incana,Asteraceae,Stoebe incana,Thunb.,Asteraceae,1,0,1,0,1,0,0,0,0,0,0,Feb,May,NA,NA,60,0,0,0,1,0,0,0,0,0,0,0,0,0,0,0,0,1,0,0,0,0,0,0.42,0,0,leaf,2,h,i,w,0,0,0,0
Stoebe leucocephala,Stoebe leucocephala,Asteraceae,Stoebe leucocephala,DC.,Asteraceae,1,0,1,0,1,0,0,0,0,0,0,Oct,Jan,NA,NA,15,0,0,0,1,0,0,0,0,0,0,0,0,0,0,0,0,1,0,0,0,0,0,NA,0,0,leaf,2,h,i,w,0,0,0,0
Stoebe microphylla,Stoebe microphylla,Asteraceae,Stoebe microphylla,DC.,Asteraceae,1,0,1,0,1,0,0,0,0,0,0,Feb,May,NA,NA,20,0,0,0,1,0,0,0,0,0,0,0,0,0,0,0,0,1,0,0,0,0,0,0.2,0,0,leaf,2,h,i,w,0,0,0,0
Stoebe plumosa,Stoebe plumosa,Asteraceae,Stoebe plumosa,(L.) Thunb.,Asteraceae,1,0,1,0,1,0,0,0,0,0,0,Apr,Jun,NA,NA,100,0,0,0,1,0,0,0,0,0,0,0,0,0,0,0,0,1,0,0,0,0,0,0.102470588,0,0,leaf,2,h,i,w,0,0,0,0
Stoebe rosea,Stoebe rosea,Asteraceae,Stoebe rosea,Wolley-Dod,Asteraceae,1,0,1,0,1,0,0,0,0,0,0,Jan,Mar,NA,NA,50,0,0,0,1,0,0,0,0,0,0,0,0,0,0,0,0,1,0,0,0,0,0,NA,0,0,leaf,2,h,i,w,0,0,0,0
Stoebe saxatilis,Stoebe saxatilis,Asteraceae,Stoebe saxatilis,Levyns,Asteraceae,1,0,1,0,1,0,0,0,0,0,0,Mar,May,NA,NA,60,0,0,0,1,0,0,0,0,0,0,0,0,0,0,0,0,0,1,0,0,0,0,0.5,0,0,leaf,2,h,i,w,0,0,0,0
Stoebe spiralis,Stoebe spiralis,Asteraceae,Stoebe spiralis,Less.,Asteraceae,1,0,1,0,1,0,0,0,0,0,0,Mar,May,NA,NA,60,0,0,0,1,0,0,0,0,0,0,0,0,0,0,0,0,1,0,0,0,0,0,0.437333333,0,0,leaf,2,h,i,w,0,0,0,0
Struthiola argentea,Struthiola argentea,Thymelaeaceae,Struthiola argentea,Lehm.,Thymelaeaceae,1,0,1,0,1,0,0,0,0,0,0,Mar,Dec,NA,NA,200,0,0,0,0,0,1,0,0,0,0,0,0,0,0,0,0,0,0,1,0,0,0,1.137777778,0,0,leaf,2,h,i,p,0,0,0,0
Struthiola ciliata,Struthiola ciliata,Thymelaeaceae,Struthiola ciliata,(L.) Lam.,Thymelaeaceae,1,0,1,0,1,0,0,0,0,0,0,Jan,Dec,NA,NA,150,0,0,0,0,1,0,0,0,0,0,0,0,0,0,0,0,0,1,0,0,0,0,0.933181818,0,0,leaf,2,h,i,p,0,0,0,0
Struthiola dodecandra,Struthiola dodecandra,Thymelaeaceae,Struthiola dodecandra,(L.) Druce,Thymelaeaceae,1,0,1,0,1,0,0,0,0,0,0,Jan,Dec,NA,NA,80,0,0,0,1,0,0,0,0,0,0,0,0,0,0,0,0,0,1,0,0,0,0,0.8,0,0,leaf,2,h,i,p,0,0,0,0
Struthiola eckloniana,Struthiola eckloniana,Thymelaeaceae,Struthiola eckloniana,Meisn.,Thymelaeaceae,1,0,1,0,1,0,0,0,0,0,0,Jan,Dec,NA,NA,200,0,0,0,0,0,1,0,0,0,0,0,0,0,0,0,0,0,1,0,0,0,0,1.328,0,0,leaf,2,h,i,p,0,0,0,0
Struthiola garciana,Struthiola garciana,Thymelaeaceae,Struthiola garciana,C.H.Wright,Thymelaeaceae,1,0,1,0,1,0,0,0,0,0,0,Mar,Nov,NA,NA,100,0,0,0,1,0,0,0,0,0,0,0,0,0,0,0,0,0,1,0,0,0,0,1.22,0,0,leaf,2,h,i,p,0,0,0,0
Struthiola leptantha,Struthiola leptantha,Thymelaeaceae,Struthiola leptantha,Bolus,Thymelaeaceae,1,0,1,0,1,0,0,0,0,0,0,Jun,Oct,NA,NA,200,0,0,0,0,0,1,0,0,0,0,0,0,0,0,0,0,0,0,1,0,0,0,1,0,0,leaf,2,h,i,p,0,0,0,0
Struthiola macowanii,Struthiola macowanii,Thymelaeaceae,Struthiola macowanii,C.H.Wright,Thymelaeaceae,1,0,1,0,1,0,0,0,0,0,0,Jan,Dec,NA,NA,130,0,0,0,0,1,0,0,0,0,0,0,0,0,0,0,0,1,1,0,0,0,0,0.9,0,0,leaf,2,h,i,p,0,0,0,0
Struthiola myrsinites,Struthiola myrsinites,Thymelaeaceae,Struthiola myrsinites,Lam.,Thymelaeaceae,1,0,1,0,1,0,0,0,0,0,0,Jan,Dec,NA,NA,200,0,0,0,0,0,1,0,0,0,0,0,0,0,0,0,0,0,0,1,0,0,0,1,0,0,leaf,2,h,i,p,0,0,0,0
Struthiola salteri,Struthiola salteri,Thymelaeaceae,Struthiola salteri,Levyns,Thymelaeaceae,1,0,1,0,1,0,0,0,0,0,0,Jan,Dec,NA,NA,80,0,0,0,1,0,0,0,0,0,0,0,0,0,0,0,0,0,0,1,0,0,0,1,0,0,leaf,2,h,i,p,0,0,0,0
Struthiola tomentosa,Struthiola tomentosa,Thymelaeaceae,Struthiola tomentosa,Andrews,Thymelaeaceae,1,0,1,0,1,0,0,0,0,0,0,Jul,Dec,NA,NA,60,0,0,0,1,0,0,0,0,0,0,0,0,0,0,0,0,0,0,1,0,0,0,0.864,0,0,leaf,2,h,i,p,0,0,0,0
Stylapterus dubius,Stylapterus dubius,Penaeaceae,Penaea dubia,Stephens,Penaeaceae,1,0,1,0,1,0,0,0,0,0,0,Sep,Oct,NA,NA,50,0,0,0,1,0,0,0,0,0,0,0,0,0,0,0,0,0,1,1,0,0,0,NA,0,0,leaf,2,h,i,i,0,0,0,0
Stylapterus fruticulosus,Stylapterus fruticulosus,Penaeaceae,Penaea fruticulosa,L.f.,Penaeaceae,1,0,1,0,1,0,0,0,0,1,0,Jul,Nov,NA,NA,60,0,0,0,1,0,0,0,0,0,0,0,0,0,0,0,0,0,0,1,0,0,0,0.666666667,0,0,leaf,3,h,i,i,0,0,0,0
Syncarpha canescens,Syncarpha canescens,Asteraceae,Syncarpha canescens,(L.) B.Nord.,Asteraceae,1,0,1,0,1,0,0,0,0,0,0,Jan,Sep,NA,NA,50,0,0,0,1,0,0,0,0,0,0,0,0,0,0,0,0,0,0,1,0,0,0,0.913125,0,0,leaf,1,h,i,w,0,0,0,0
Syncarpha dregeana,Syncarpha dregeana,Asteraceae,Syncarpha dregeana,(DC.) B.Nord.,Asteraceae,1,0,1,0,1,0,0,0,0,0,0,Oct,Jan,NA,NA,60,0,0,0,1,0,0,0,0,0,0,0,0,0,0,0,0,0,0,1,0,0,0,NA,0,0,leaf,1,h,i,w,0,0,0,0
Syncarpha eximia,Syncarpha eximia,Asteraceae,Syncarpha eximia,(L.) B.Nord.,Asteraceae,1,0,1,0,1,0,0,0,0,0,0,Nov,Mar,NA,NA,40,0,0,0,1,0,0,0,0,0,0,0,0,0,0,0,0,0,0,1,0,0,0,NA,0,0,leaf,1,h,i,w,0,0,0,0
Syncarpha flava,Syncarpha flava,Asteraceae,Syncarpha flava,(Compton) B.Nord.,Asteraceae,1,0,1,0,1,0,0,0,0,0,0,Dec,Mar,NA,NA,40,0,0,0,1,0,0,0,0,0,0,0,0,0,0,0,0,0,0,1,0,0,0,NA,0,0,leaf,1,h,i,w,0,0,0,0
Syncarpha gnaphaloides,Syncarpha gnaphaloides,Asteraceae,Syncarpha gnaphaloides,DC.,Asteraceae,1,0,1,0,1,0,0,0,0,0,0,Oct,Dec,NA,NA,30,0,0,0,1,0,0,0,0,0,0,0,0,0,0,0,0,1,0,0,0,0,0,5.27,0,0,leaf,1,h,i,w,0,0,0,0
Syncarpha milleflora,Syncarpha milleflora,Asteraceae,Syncarpha milleflora,(L.f.) B.Nord.,Asteraceae,1,0,1,0,1,0,0,0,0,0,0,Jul,Dec,NA,NA,200,0,0,0,0,0,1,0,0,0,0,0,0,0,0,0,0,0,1,0,0,0,0,7.875,0,0,leaf,1,h,i,w,0,0,0,0
Syncarpha paniculata,Syncarpha paniculata,Asteraceae,Achyranthemum paniculatum,(L.) N.G.Bergh,Asteraceae,1,0,1,0,1,0,0,0,0,0,0,Oct,Jun,NA,NA,60,0,0,0,1,0,0,0,0,0,0,0,0,0,0,0,0,1,0,0,0,0,0,2.46,0,0,leaf,1,h,i,w,0,0,0,0
Syncarpha speciosissima,Syncarpha speciosissima,Asteraceae,Syncarpha speciosissima,(L.) B.Nord.,Asteraceae,1,0,1,0,1,0,0,0,0,0,0,Jul,Jan,NA,NA,60,0,0,0,1,0,0,0,0,0,0,0,0,0,0,0,0,1,0,1,0,0,0,3.5125,0,0,leaf,1,h,i,w,0,0,0,0
Syncarpha staehelina,Syncarpha virgata,Asteraceae,Syncarpha staehelina,(L.) B.Nord.,Asteraceae,1,0,1,0,1,0,0,0,0,0,0,Oct,Jan,NA,NA,40,0,0,0,1,0,0,0,0,0,0,0,0,0,0,0,0,0,1,0,0,0,0,NA,0,0,leaf,1,h,i,w,0,0,0,0
Syncarpha vestita,Syncarpha vestita,Asteraceae,Syncarpha vestita,(L.) B.Nord.,Asteraceae,1,0,1,0,1,0,0,0,0,0,0,Nov,Jan,NA,NA,100,0,0,0,1,0,0,0,0,0,0,0,0,0,0,0,0,0,1,0,0,0,0,5.4375,0,0,leaf,1,h,i,w,0,0,0,0
Tarchonanthus littoralis,Tarchonanthus camphoratus,Asteraceae,Tarchonanthus littoralis,P.P.J.Herman,Asteraceae,1,0,1,0,1,0,0,0,0,1,0,Dec,Apr,NA,NA,500,0,0,0,0,0,1,1,0,0,0,0,0,0,0,0,0,0,0,1,0,0,0,4.1125,0,0,leaf,3,h,i,w,0,0,0,0
Teedia lucida,Teedia lucida,Scrophulariaceae,Teedia lucida,(Aiton) Rudolphi,Scrophulariaceae,1,0,1,0,1,0,0,0,0,1,0,Sep,Jan,NA,NA,120,0,0,0,0,1,0,0,1,0,0,0,0,0,0,0,0,0,0,1,0,0,0,1,0,0,leaf,2,l,i,m,0,0,0,0
Teedia pubescens,Teedia pubescens,Scrophulariaceae,Teedia pubescens,Burch.,Scrophulariaceae,1,0,1,0,1,0,0,0,0,1,0,Sep,Nov,NA,NA,60,0,0,0,1,0,0,0,0,0,0,0,0,0,0,0,0,0,0,1,0,0,0,1.94,0,0,leaf,2,l,i,m,0,0,0,0
Tenaxia stricta,Merxmuellera stricta,Poaceae,Tenaxia stricta,(Schrad.) N.P.Barker & H.P.Linder,Poaceae,1,0,1,0,1,0,0,1,0,1,0,Sep,Dec,NA,NA,80,0,0,1,0,0,0,0,0,0,0,0,0,0,0,0,0,1,0,0,0,0,0,29.74444444,0,0,leaf,2,h,w,w,0,0,0,0
Tephrosia capensis,Tephrosia capensis,Fabaceae,Tephrosia capensis,(Jacq.) Pers.,Fabaceae,1,0,1,0,1,0,0,0,0,1,0,Aug,Jun,NA,NA,60,0,0,0,1,0,0,0,1,0,0,0,0,0,0,0,0,1,0,0,1,0,0,1.395,0,0,leaf,2,h,i,p,0,0,0,0
Tetragonia decumbens,Tetragonia decumbens,Aizoaceae,Tetragonia decumbens,Mill.,Aizoaceae,1,0,1,0,1,0,0,0,0,0,0,Aug,Nov,NA,NA,100,1,0,0,0,0,0,0,1,0,0,0,0,1,1,1,0,0,0,1,0,0,0,3.733333333,0,0,leaf,3,l,i,p,0,0,0,0
Tetragonia fruticosa,Tetragonia fruticosa,Aizoaceae,Tetragonia fruticosa,L.,Aizoaceae,1,0,1,0,1,0,0,0,0,0,0,Sep,Nov,NA,NA,100,0,0,0,1,0,0,0,1,0,0,0,0,1,1,1,0,0,0,1,0,0,0,2.16,0,0,leaf,2,l,i,w,0,0,0,0
Tetraria bolusii,Tetraria bolusii,Cyperaceae,Schoenus bolusii,(C.B.Clarke) T.L.Elliott & Muasya,Cyperaceae,1,0,1,0,1,0,0,0,0,1,0,Jul,Aug,NA,NA,30,0,0,1,0,0,0,0,0,0,0,0,0,0,0,0,0,1,0,0,0,0,0,8.925,0,1,mixed,2,m,w,p,0,0,0,0
Tetraria brachyphylla,Tetraria brachyphylla,Cyperaceae,Schoenus arenicola,T.L.Elliott & Muasya,Cyperaceae,1,0,1,0,1,0,0,0,0,1,0,Jul,Nov,NA,NA,60,0,0,1,0,0,0,0,0,0,0,0,0,0,0,0,0,1,0,0,0,0,0,20,0,1,mixed,2,h,w,p,0,0,0,0
Tetraria bromoides,Tetraria bromoides,Cyperaceae,Tetraria bromoides,(Lam.) H.Pfeiff.,Cyperaceae,1,0,1,0,1,0,0,0,0,1,0,Oct,Feb,NA,NA,150,0,0,1,0,0,0,0,0,0,0,0,0,0,0,0,0,1,1,0,0,0,0,46.39230769,0,1,mixed,2,h,w,p,0,0,0,0
Tetraria burmannii,Tetraria burmannii,Cyperaceae,Tetraria burmanni,(Vahl) C.B.Clarke,Cyperaceae,1,0,1,0,1,0,0,0,0,1,0,Nov,Apr,NA,NA,30,0,0,1,0,0,0,0,0,0,0,0,0,0,0,0,0,1,0,0,0,0,0,13.7,0,1,mixed,2,m,w,p,0,0,0,0
Tetraria capillacea,Tetraria capillacea,Cyperaceae,Tetraria capillacea,(Thunb.) C.B.Clarke,Cyperaceae,1,0,1,0,1,0,0,0,0,1,0,Oct,Nov,NA,NA,80,0,0,1,0,0,0,0,0,0,0,0,0,0,0,0,0,1,0,0,0,0,0,30.33888889,0,1,mixed,2,h,w,p,0,0,0,0
Tetraria compacta,Tetraria compacta,Cyperaceae,Schoenus compactus,(Levyns) T.L.Elliott & Muasya,Cyperaceae,1,0,1,0,1,0,0,0,0,1,0,Aug,Nov,NA,NA,60,0,0,1,0,0,0,0,0,0,0,0,0,0,0,0,0,1,0,0,0,0,0,20,0,1,mixed,2,h,w,p,0,0,0,0
Tetraria compar,Tetraria compar,Cyperaceae,Schoenus compar,L.,Cyperaceae,1,0,1,0,1,0,0,0,0,1,0,Apr,Jun,NA,NA,90,0,0,1,0,0,0,0,0,0,0,0,0,0,0,0,0,1,0,0,0,0,0,34.47234043,0,1,mixed,2,h,w,p,0,0,0,0
Tetraria crassa,Tetraria crassa,Cyperaceae,Schoenus crassus,(Levyns) T.L.Elliott & Muasya,Cyperaceae,1,0,1,0,1,0,0,0,0,1,0,Apr,Jun,NA,NA,60,0,0,1,0,0,0,0,0,0,0,0,0,0,0,0,0,1,0,0,0,0,0,27.11818182,0,1,mixed,2,h,w,p,0,0,0,0
Tetraria crinifolia,Tetraria crinifolia,Cyperaceae,Tetraria crinifolia,(Nees) C.B.Clarke,Cyperaceae,1,0,1,0,1,0,0,0,0,1,0,Aug,Oct,NA,NA,30,0,0,1,0,0,0,0,0,0,0,0,0,0,0,0,0,1,0,0,0,0,0,23.2,0,1,mixed,2,h,w,p,0,0,0,0
Tetraria cuspidata,Tetraria cuspidata,Cyperaceae,Schoenus cuspidatus,Rottb.,Cyperaceae,1,0,1,0,1,0,0,0,0,1,0,Aug,Nov,NA,NA,60,0,0,1,0,0,0,0,0,0,0,0,0,0,0,0,0,1,0,0,0,0,0,24.56388889,0,1,mixed,2,h,w,p,0,0,0,0
Tetraria exilis,Tetraria exilis,Cyperaceae,Schoenus exilis,(Levyns) T.L.Elliott & Muasya,Cyperaceae,1,0,1,0,1,0,0,0,0,1,0,Apr,Jun,NA,NA,30,0,0,1,0,0,0,0,0,0,0,0,0,0,0,0,0,1,0,0,0,0,0,22.03333333,0,1,mixed,2,h,w,p,0,0,0,0
Tetraria eximia,Tetraria eximia,Cyperaceae,Tetraria eximia,C.B.Clarke,Cyperaceae,1,0,1,0,1,0,0,0,0,1,0,May,Aug,NA,NA,90,0,0,1,0,0,0,0,0,0,0,0,0,0,0,0,0,0,1,0,0,0,0,20.21666667,0,1,mixed,1,h,w,p,0,0,0,0
Tetraria fasciata,Tetraria fasciata,Cyperaceae,Tetraria fasciata,(Rottb.) C.B.Clarke,Cyperaceae,1,0,1,0,1,0,0,0,0,1,0,Nov,May,NA,NA,80,0,0,1,0,0,0,0,0,0,0,0,0,0,0,0,0,1,0,0,0,0,0,12.9,0,1,mixed,2,h,w,p,0,0,0,0
Tetraria fimbriolata,Tetraria fimbriolata,Cyperaceae,Tetraria fimbriolata,(Nees) C.B.Clarke,Cyperaceae,1,0,1,0,1,0,0,0,0,1,0,Jan,Apr,NA,NA,45,0,0,1,0,0,0,0,0,0,0,0,0,0,0,0,0,1,0,0,0,0,0,20.78333333,0,1,mixed,2,h,w,p,0,0,0,0
Tetraria flexuosa,Tetraria flexuosa,Cyperaceae,Tetraria flexuosa,(Thunb.) C.B.Clarke,Cyperaceae,1,0,1,0,1,0,0,0,0,1,0,Jan,May,NA,NA,75,0,0,1,0,0,0,0,0,0,0,0,0,0,0,0,0,1,0,0,0,0,0,22.42727273,0,1,mixed,2,h,w,p,0,0,0,0
Tetraria involucrata,Tetraria involucrata,Cyperaceae,Tetraria involucrata,(Rottb.) C.B.Clarke,Cyperaceae,1,0,1,0,1,0,0,0,0,1,0,Jan,Apr,NA,NA,200,0,0,1,0,0,0,0,0,0,0,0,0,0,0,0,0,1,0,0,0,0,0,66.31428571,0,1,mixed,2,h,w,p,0,0,0,0
Tetraria ligulata,Tetraria autumnalis,Cyperaceae,Schoenus ligulatus,(Boeckeler) Kuntze,Cyperaceae,1,0,1,0,1,0,0,0,0,1,0,Apr,Jun,NA,NA,40,0,0,1,0,0,0,0,0,0,0,0,0,0,0,0,0,1,0,0,0,0,0,20,0,1,mixed,2,h,w,p,0,0,0,0
Tetraria microstachys,Tetraria microstachys,Cyperaceae,Tetraria microstachys,(Vahl) H.Pfeiff.,Cyperaceae,1,0,1,0,1,0,0,0,0,1,0,Dec,Feb,NA,NA,25,0,0,1,0,0,0,0,0,0,0,0,0,0,0,0,0,1,0,0,0,0,0,11.48333333,0,1,mixed,2,m,w,p,0,0,0,0
Tetraria nigrovaginata,Tetraria nigrovaginata,Cyperaceae,Tetraria nigrovaginata,(Nees) C.B.Clarke,Cyperaceae,1,0,1,0,1,0,0,0,0,1,0,Jan,Apr,NA,NA,45,0,0,1,0,0,0,0,0,0,0,0,0,0,0,0,0,1,0,0,0,0,0,19.28,0,1,mixed,2,h,w,p,0,0,0,0
Tetraria picta,Tetraria picta,Cyperaceae,Schoenus pictus,(Boeckeler) Kuntze,Cyperaceae,1,0,1,0,1,0,0,0,1,1,0,Dec,May,NA,NA,40,0,0,1,0,0,0,0,0,0,0,0,0,0,0,0,0,1,0,0,0,0,0,20,0,1,mixed,2,h,w,p,0,0,0,0
Tetraria pillansii,Tetraria pillansii,Cyperaceae,Tetraria pillansii,Levyns,Cyperaceae,1,0,1,0,1,0,0,0,0,1,0,Jan,Feb,NA,NA,25,0,0,1,0,0,0,0,0,0,0,0,0,0,0,0,0,1,0,0,0,0,0,12.54,0,1,mixed,2,h,w,p,0,0,0,0
Tetraria pubescens,Tetraria pubescens,Cyperaceae,Tetraria pubescens,Schönland & Turrill,Cyperaceae,1,0,1,0,1,0,0,0,0,1,0,Oct,Apr,NA,NA,12,0,0,1,0,0,0,0,0,0,0,0,0,0,0,0,0,1,0,0,0,0,0,8.38,0,1,mixed,2,h,w,p,0,0,0,0
Tetraria pygmaea,Tetraria pygmaea,Cyperaceae,Tetraria pygmaea,Levyns,Cyperaceae,1,0,1,0,1,0,0,0,0,1,0,Feb,Apr,NA,NA,15,0,0,1,0,0,0,0,0,0,0,0,0,0,0,0,0,1,0,0,0,0,0,5,0,1,mixed,2,l,w,p,0,0,0,0
Tetraria robusta,Tetraria compressa,Cyperaceae,Tetraria robusta,(Kunth) C.B.Clarke,Cyperaceae,1,0,1,0,1,0,0,0,0,1,0,Feb,Feb,NA,NA,100,0,0,1,0,0,0,0,0,0,0,0,0,0,0,0,0,1,0,0,0,0,0,40,0,1,mixed,2,h,w,p,0,0,0,0
Tetraria sylvatica,Tetraria sylvatica,Cyperaceae,Schoenus auritus,(Nees) T.L.Elliott & Muasya,Cyperaceae,1,0,1,0,1,0,0,0,0,1,0,May,Dec,NA,NA,40,0,0,1,0,0,0,0,0,0,0,0,0,0,0,0,0,1,0,0,0,0,0,11.65,0,1,mixed,1,m,w,p,0,0,0,0
Tetraria thermalis,Tetraria thermalis,Cyperaceae,Tetraria thermalis,(L.) C.B.Clarke,Cyperaceae,1,0,1,0,1,0,0,0,0,1,0,Jun,Oct,NA,NA,200,0,0,1,0,0,0,0,0,0,0,0,0,0,0,0,0,0,1,0,0,0,0,52.93333333,0,1,mixed,3,h,w,p,0,0,0,0
Tetraria triangularis,Tetraria triangularis,Cyperaceae,Tetraria triangularis,(Boeckeler) C.B.Clarke,Cyperaceae,1,0,1,0,1,0,0,0,0,1,0,Feb,Apr,NA,NA,60,0,0,1,0,0,0,0,0,0,0,0,0,0,0,0,0,0,1,0,0,0,0,40,0,1,mixed,2,h,w,p,0,0,0,0
Tetraria ustulata,Tetraria ustulata,Cyperaceae,Tetraria ustulata,(L.) C.B.Clarke,Cyperaceae,1,0,1,0,1,0,0,0,0,1,0,Jan,May,NA,NA,90,0,0,1,0,0,0,0,0,0,0,0,0,0,0,0,0,1,0,0,0,0,0,31.525,0,1,mixed,2,h,w,p,0,0,0,0
Teucrium africanum,Teucrium africanum,Lamiaceae,Teucrium africanum,Thunb.,Lamiaceae,1,0,1,0,1,0,0,0,0,0,0,Nov,Apr,NA,NA,30,0,0,0,1,0,0,0,0,0,0,0,0,0,0,0,0,0,1,0,0,1,0,1.8,0,0,leaf,1,h,u,i,0,0,0,0
Thaminophyllum multiflorum,Thaminophyllum multiflorum,Asteraceae,Thaminophyllum multiflorum,Harv.,Asteraceae,1,0,1,0,1,0,0,0,0,0,0,Aug,Jan,NA,NA,60,0,0,0,1,0,0,0,0,0,0,0,0,0,0,0,0,1,0,0,0,0,0,0.8,0,0,leaf,2,h,i,w,0,0,0,0
Thamnochortus arenarius,Thamnochortus arenarius,Restionaceae,Thamnochortus arenarius,Esterh.,Restionaceae,1,0,0,1,1,0,0,0,0,1,0,May,Jun,NA,NA,60,0,0,1,0,0,0,0,0,0,0,0,0,0,0,0,0,1,0,0,0,0,0,101.02,1,1,mixed,2,h,w,w,0,0,0,0
Thamnochortus cinereus,Thamnochortus cinereus,Restionaceae,Thamnochortus cinereus,H.P.Linder,Restionaceae,1,0,0,1,1,0,0,0,0,1,0,May,Sep,NA,NA,80,0,0,1,0,0,0,0,0,0,0,0,0,0,0,0,0,1,0,0,0,0,0,6.079090909,1,1,mixed,2,h,w,w,0,0,0,0
Thamnochortus ellipticus,Thamnochortus ellipticus,Restionaceae,Thamnochortus ellipticus,Pillans,Restionaceae,1,0,0,1,1,0,0,0,0,1,0,Apr,Apr,NA,NA,50,0,0,1,0,0,0,0,0,0,0,0,0,0,0,0,0,1,0,0,0,0,0,NA,1,1,mixed,2,h,w,w,0,0,0,0
Thamnochortus erectus,Thamnochortus erectus,Restionaceae,Thamnochortus erectus,Mast.,Restionaceae,1,0,0,1,1,0,0,0,0,1,0,Sep,Oct,NA,NA,150,0,0,1,0,0,0,0,0,0,0,0,0,0,0,0,0,1,0,0,0,0,0,NA,1,1,mixed,2,h,w,w,0,0,0,0
Thamnochortus fraternus,Thamnochortus fraternus,Restionaceae,Thamnochortus fraternus,Pillans,Restionaceae,1,0,0,1,1,0,0,0,0,0,0,Apr,May,NA,NA,100,0,0,1,0,0,0,0,0,0,0,0,0,0,0,0,0,1,0,0,0,0,0,63.13666667,1,1,mixed,2,h,w,w,0,0,0,0
Thamnochortus fruticosus,Thamnochortus fruticosus,Restionaceae,Thamnochortus fruticosus,P.J.Bergius,Restionaceae,1,0,0,1,1,0,0,0,0,1,0,Jul,Nov,NA,NA,60,0,0,1,0,0,0,0,0,0,0,0,0,0,0,0,0,1,0,0,0,0,0,15.38,1,1,mixed,2,h,w,w,0,0,0,0
Thamnochortus gracilis,Thamnochortus gracilis,Restionaceae,Thamnochortus gracilis,Mast.,Restionaceae,1,0,0,1,1,0,0,0,0,1,0,Apr,Apr,NA,NA,70,0,0,1,0,0,0,0,0,0,0,0,0,0,0,0,0,1,0,0,0,0,0,52.10666667,1,1,mixed,2,h,w,w,0,0,0,0
Thamnochortus insignis,Thamnochortus insignis,Restionaceae,Thamnochortus insignis,Mast.,Restionaceae,1,0,0,1,1,0,0,0,0,0,0,Mar,Apr,NA,NA,200,0,0,1,0,0,0,0,0,0,0,0,0,0,0,0,0,1,0,0,0,0,0,159.45,1,1,mixed,2,h,w,w,0,0,0,0
Thamnochortus karooica,Thamnochortus karooica,Restionaceae,Thamnochortus karooica,H.P.Linder,Restionaceae,1,0,0,1,1,0,0,0,0,0,0,May,May,NA,NA,100,0,0,1,0,0,0,0,0,0,0,0,0,0,0,0,0,1,0,0,0,0,0,68.85,1,1,mixed,2,h,w,w,0,0,0,0
Thamnochortus lucens,Thamnochortus lucens,Restionaceae,Thamnochortus lucens,(Poir.) H.P.Linder,Restionaceae,1,0,0,1,1,0,0,0,0,1,0,Mar,Jul,NA,NA,60,0,0,1,0,0,0,0,0,0,0,0,0,0,0,0,0,1,0,0,0,0,0,29.53333333,1,1,mixed,2,h,w,w,0,0,0,0
Thamnochortus obtusus,Thamnochortus obtusus,Restionaceae,Thamnochortus obtusus,Pillans,Restionaceae,1,0,0,1,1,0,0,0,0,1,0,Jan,Apr,NA,NA,30,0,0,1,0,0,0,0,0,0,0,0,0,0,0,0,0,1,0,0,0,0,0,NA,1,1,mixed,2,h,w,w,0,0,0,0
Thamnochortus pellucidus,Thamnochortus pellucidus,Restionaceae,Thamnochortus pellucidus,Pillans,Restionaceae,1,0,0,1,1,0,0,0,0,0,0,Jul,Jul,NA,NA,60,0,0,1,0,0,0,0,0,0,0,0,0,0,0,0,0,1,0,0,0,0,0,NA,1,1,mixed,2,h,w,w,0,0,0,0
Thamnochortus platypteris,Thamnochortus platypteris,Restionaceae,Thamnochortus platypteris,Kunth,Restionaceae,1,0,0,1,1,0,0,0,0,0,0,Aug,Sep,NA,NA,60,0,0,1,0,0,0,0,0,0,0,0,0,0,0,0,0,1,0,0,0,0,0,44.44,1,1,mixed,2,h,w,w,0,0,0,0
Thamnochortus pulcher,Thamnochortus pulcher,Restionaceae,Thamnochortus pulcher,Pillans,Restionaceae,1,0,0,1,1,0,0,0,0,1,0,Aug,Dec,NA,NA,40,0,0,1,0,0,0,0,0,0,0,0,0,0,0,0,0,1,0,0,0,0,0,NA,1,1,mixed,2,h,w,w,0,0,0,0
Themeda triandra,Themeda triandra,Poaceae,Themeda triandra,Forssk.,Poaceae,1,0,1,0,1,0,0,1,0,1,0,Oct,Jul,NA,NA,80,0,0,1,0,0,0,0,0,0,0,0,0,0,0,0,0,1,0,0,0,0,0,13.30870968,0,0,leaf,2,h,w,w,0,0,0,0
Thesidium fragile,Thesidium fragile,Santalaceae,Thesium confusum,J.C.Manning & F.Forest,Santalaceae,1,0,1,0,1,0,0,0,0,0,0,Jan,Dec,NA,NA,50,0,0,0,1,0,0,0,0,0,1,0,0,1,1,1,0,1,0,0,0,0,0,5.1,1,1,culm_stem,2,l,i,p,0,0,0,0
Thesidium hirtum,Thesidium hirtum,Santalaceae,Thesium globosum,A.DC.,Santalaceae,1,0,1,0,1,0,0,0,0,0,0,Jan,Dec,NA,NA,20,0,0,0,1,0,0,0,0,0,1,0,0,0,0,0,0,0,1,0,0,0,0,NA,0,1,mixed,2,l,i,p,0,0,0,0
Thesium acuminatum,Thesium acuminatum,Santalaceae,Thesium acuminatum,A.W.Hill,Santalaceae,1,0,1,0,1,0,0,0,0,1,0,Sep,Nov,NA,NA,20,0,0,0,1,0,0,0,0,0,1,0,0,0,0,0,0,1,0,0,0,0,0,1.15,0,1,mixed,1,l,i,i,0,0,0,0
Thesium aggregatum,Thesium aggregatum,Santalaceae,Thesium aggregatum,A.W.Hill,Santalaceae,1,0,1,0,1,0,0,0,0,0,0,Aug,Jan,NA,NA,50,0,0,0,1,0,0,0,0,0,1,0,0,0,0,0,0,1,0,0,0,0,0,0.3,0,1,mixed,1,m,i,i,0,0,0,0
Thesium capituliflorum,Thesium capituliflorum,Santalaceae,Thesium capituliflorum,Sond.,Santalaceae,1,0,1,0,1,0,0,0,0,0,0,Aug,Jan,NA,NA,15,0,0,0,1,0,0,0,0,0,1,0,0,0,0,0,0,0,1,0,0,0,0,0.2,0,1,mixed,1,l,i,i,0,0,0,0
Thesium carinatum,Thesium carinatum,Santalaceae,Thesium carinatum,A.DC.,Santalaceae,1,0,1,0,1,0,0,0,0,0,0,Jan,Dec,NA,NA,30,0,0,0,1,0,0,0,0,0,1,0,0,0,0,0,0,1,0,0,0,0,0,1.629090909,0,1,mixed,1,m,i,i,0,0,0,0
Thesium commutatum,Thesium commutatum,Santalaceae,Thesium commutatum,Sond.,Santalaceae,1,0,1,0,1,0,0,0,0,0,0,Nov,Mar,NA,NA,30,0,0,0,1,0,0,0,0,0,1,0,0,0,0,0,0,1,1,0,0,0,0,0.606666667,0,1,mixed,1,m,i,i,0,0,0,0
Thesium ericaefolium,Thesium ericifolium,Santalaceae,Thesium ericaefolium,A.DC.,Santalaceae,1,0,1,0,1,0,0,0,0,0,0,Sep,Jan,NA,NA,20,0,0,0,1,0,0,0,0,0,1,0,0,0,0,0,0,1,0,0,0,0,0,0.264,0,1,mixed,1,l,i,i,0,0,0,0
Thesium euphorbioides,Thesium euphorbioides,Santalaceae,Thesium euphorbioides,P.J.Bergius,Santalaceae,1,0,1,0,1,0,0,0,0,0,0,Aug,Jan,NA,NA,200,0,0,0,0,0,1,0,0,0,1,0,0,0,0,0,0,0,0,1,0,0,0,4.76,0,1,mixed,1,m,i,i,0,0,0,0
Thesium flexuosum,Thesium flexuosum,Santalaceae,Thesium flexuosum,A.DC.,Santalaceae,1,0,1,0,1,0,0,0,0,0,0,May,Sep,NA,NA,30,0,0,0,1,0,0,0,0,0,1,0,0,0,0,0,0,1,0,0,0,0,0,NA,0,1,mixed,1,m,i,i,0,0,0,0
Thesium gnidiaceum,Thesium gnidiaceum,Santalaceae,Thesium gnidiaceum,A.DC.,Santalaceae,1,0,1,0,1,0,0,0,0,0,0,Aug,Dec,NA,NA,50,0,0,0,1,0,0,0,0,0,1,0,0,0,0,0,0,1,0,0,0,0,0,NA,0,1,mixed,1,m,i,i,0,0,0,0
Thesium junceum,Thesium junceum,Santalaceae,Thesium junceum,Bernh. ex Krauss,Santalaceae,1,0,1,0,1,0,0,0,0,0,0,Oct,Feb,NA,NA,60,0,0,0,1,0,0,0,0,0,1,0,0,0,0,0,0,1,0,0,0,0,0,NA,0,1,mixed,1,m,i,i,0,0,0,0
Thesium nigromontanum,Thesium nigromontanum,Santalaceae,Thesium nigromontanum,Sond.,Santalaceae,1,0,1,0,1,0,0,0,0,0,0,Sep,Nov,NA,NA,25,0,0,0,1,0,0,0,0,0,1,0,0,0,0,0,0,1,1,0,0,0,0,5.260833333,0,1,mixed,1,m,i,i,0,0,0,0
Thesium nudicaule,Thesium nudicaule,Santalaceae,Thesium nudicaule,A.W.Hill,Santalaceae,1,0,1,0,1,0,0,0,0,0,0,Aug,Jan,NA,NA,50,0,0,0,1,0,0,0,0,0,1,0,0,0,0,0,0,0,0,1,0,0,0,NA,0,1,mixed,1,m,i,i,0,0,0,0
Thesium pseudovirgatum,Thesium pseudovirgatum,Santalaceae,Thesium pseudovirgatum,Levyns,Santalaceae,1,0,1,0,1,0,0,0,0,0,0,Sep,Feb,NA,NA,30,0,0,0,1,0,0,0,0,0,1,0,0,0,0,0,0,1,0,0,0,0,0,9.336363636,0,1,mixed,1,m,i,i,0,0,0,0
Thesium scandens,Thesium scandens,Santalaceae,Thesium scandens,E.Mey.,Santalaceae,1,0,1,0,1,0,0,0,0,0,0,Jun,Dec,NA,NA,40,0,0,0,0,0,0,0,0,0,1,0,1,0,0,0,0,1,0,0,0,0,0,NA,0,1,mixed,1,l,i,i,0,0,0,0
Thesium schumannianum,Thesium schumannianum,Santalaceae,Thesium schumannianum,Schltr.,Santalaceae,1,0,1,0,1,0,0,0,0,0,0,Aug,Feb,NA,NA,40,0,0,0,1,0,0,0,0,0,1,0,0,0,0,0,0,0,1,0,0,0,0,NA,0,1,mixed,1,l,i,i,0,0,0,0
Thesium spicatum,Thesium spicatum,Santalaceae,Thesium spicatum,L.,Santalaceae,1,0,1,0,1,0,0,0,0,0,0,Jul,Dec,NA,NA,50,0,0,0,1,0,0,0,0,0,1,0,0,0,0,0,0,1,0,0,0,0,0,1.4,0,1,mixed,1,l,i,i,0,0,0,0
Thesium squarrosum,Thesium squarrosum,Santalaceae,Thesium squarrosum,L.f.,Santalaceae,1,0,1,0,1,0,0,0,0,0,0,Nov,Jan,NA,NA,20,0,0,0,1,0,0,0,0,0,1,0,0,0,0,0,0,1,0,0,0,0,0,NA,0,1,mixed,1,l,i,i,0,0,0,0
Thesium strictum,Thesium strictum,Santalaceae,Thesium strictum,P.J.Bergius,Santalaceae,1,0,1,0,1,0,0,0,0,0,0,Sep,Feb,NA,NA,200,0,0,0,0,0,1,0,0,0,1,0,0,0,0,0,0,1,1,0,0,0,0,13.97454545,0,1,mixed,1,m,i,i,0,0,0,0
Thesium subnudum,Thesium subnudum,Santalaceae,Thesium subnudum,Sond.,Santalaceae,1,0,1,0,1,0,0,0,0,0,0,Jul,Jan,NA,NA,60,0,0,0,1,0,0,0,0,0,1,0,0,0,0,0,0,1,0,0,0,0,0,28.06,0,1,mixed,1,m,i,i,0,0,0,0
Thesium susannae,Thesium susannae,Santalaceae,Thesium susannae,A.W.Hill,Santalaceae,1,0,1,0,1,0,0,0,0,0,0,Sep,Nov,NA,NA,250,0,0,0,0,0,1,0,0,0,1,0,0,0,0,0,0,1,0,0,0,0,0,NA,0,1,mixed,1,m,i,i,0,0,0,0
Thesium virgatum,Thesium virgatum,Santalaceae,Thesium virgatum,Lam.,Santalaceae,1,0,1,0,1,0,0,0,0,0,0,Aug,Feb,NA,NA,60,0,0,0,1,0,0,0,0,0,1,0,0,0,0,0,0,1,0,0,0,0,0,28.67333333,0,1,mixed,1,m,i,i,0,0,0,0
Thesium viridifolium,Thesium viridifolium,Santalaceae,Thesium viridifolium,Levyns,Santalaceae,1,0,1,0,1,0,0,0,0,0,0,Jul,Dec,NA,NA,50,0,0,0,1,0,0,0,0,0,1,0,0,0,0,0,0,1,0,0,0,0,0,0.8,0,1,mixed,1,l,i,i,0,0,0,0
Todea barbara,Todea barbara,Osmundaceae,Todea barbara,(L.) T.Moore,Osmundaceae,1,0,1,0,1,0,0,0,0,1,0,NA,NA,NA,NA,300,1,0,0,0,0,0,0,0,0,0,0,0,0,0,0,0,0,0,1,0,0,1,39.18,0,0,leaf,3,h,w,w,1,0,0,0
Trachyandra hirsutiflora,Trachyandra hirsutiflora,Asphodelaceae,Trachyandra hirsutiflora,(Adamson) Oberm.,Asphodelaceae,1,0,1,0,1,0,0,0,0,1,0,Sep,Oct,NA,NA,60,1,0,0,0,0,0,0,0,0,0,0,0,1,1,0,0,1,0,0,0,0,0,24.03,0,0,leaf,2,l,i,w,0,0,0,0
Trachyandra revoluta,Trachyandra revoluta,Asphodelaceae,Trachyandra revoluta,(L.) Kunth,Asphodelaceae,1,0,1,0,1,0,0,0,0,1,0,Aug,Oct,NA,NA,90,1,0,0,0,0,0,0,0,0,0,0,0,1,1,0,0,1,0,0,0,0,0,33.94,0,0,leaf,2,l,i,w,0,0,0,0
Trachyandra tabularis,Trachyandra tabularis,Asphodelaceae,Trachyandra tabularis,(Baker) Oberm.,Asphodelaceae,1,0,1,0,1,0,0,0,0,1,0,Sep,Feb,NA,NA,120,1,0,0,0,0,0,0,0,0,0,0,0,1,1,0,0,0,1,0,0,0,0,49,0,0,leaf,2,l,i,w,0,0,0,0
Tragus berteronianus,Tragus berteronianus,Poaceae,Tragus berteronianus,Schult.,Poaceae,0,1,1,0,0,1,1,1,0,1,0,Jan,Dec,NA,NA,60,0,0,1,0,0,0,0,0,0,0,0,0,0,0,0,0,0,1,0,0,0,0,5.611666667,0,0,leaf,2,l,w,p,0,0,0,0
Tribolium brachystachyum,Tribolium brachystachyum,Poaceae,Tribolium brachystachyum,(Nees) Renvoize,Poaceae,1,0,1,0,1,0,0,1,0,1,0,Nov,Dec,NA,NA,30,0,0,1,0,0,0,0,0,0,0,0,0,0,0,0,0,1,1,0,0,0,0,7.68,0,0,leaf,2,m,w,w,0,0,0,0
Tribolium hispidum,Tribolium hispidum,Poaceae,Tribolium hispidum,(Thunb.) Desv.,Poaceae,1,0,1,0,1,0,0,1,0,1,0,Sep,Dec,NA,NA,25,0,0,1,0,0,0,0,0,0,0,0,0,0,0,0,0,1,0,0,0,0,0,15,0,0,leaf,2,h,w,w,0,0,0,0
Tribolium uniolae,Tribolium uniolae,Poaceae,Tribolium uniolae,(L.f.) Renvoize,Poaceae,1,0,1,0,1,0,0,1,0,1,0,Oct,Dec,NA,NA,60,0,0,1,0,0,0,0,0,0,0,0,0,0,0,0,0,1,0,0,0,0,0,30.15,0,0,leaf,2,h,w,w,0,0,0,0
Trichocephalus stipularis,Trichocephalus stipularis,Rhamnaceae,Trichocephalus stipularis,(L.) Brongn.,Rhamnaceae,1,0,1,0,1,0,0,0,0,1,0,May,Sep,NA,NA,90,0,0,0,1,0,0,0,0,0,0,0,0,0,0,0,0,0,1,0,0,0,0,0.968,0,0,leaf,3,h,i,i,0,0,0,0
Trichodiadema barbatum,Trichodiadema barbatum,Aizoaceae,Trichodiadema barbatum,(L.) Schwantes,Aizoaceae,1,0,1,0,1,0,0,1,0,1,0,Apr,Sep,NA,NA,10,0,0,0,0,0,0,0,0,0,0,0,1,1,1,1,0,1,0,0,0,0,0,1.2,0,0,leaf,3,l,i,p,0,0,0,0
Trichodiadema mirabile,Trichodiadema mirabile,Aizoaceae,Trichodiadema mirabile,(N.E.Br.) Schwantes,Aizoaceae,1,0,1,0,1,0,0,1,0,1,0,Nov,Jan,NA,NA,8,0,0,0,1,0,0,0,0,0,0,0,0,1,1,1,0,1,1,0,0,0,0,0.9,0,0,leaf,3,l,i,p,0,0,0,0
Triraphis andropogonoides,Triraphis andropogonoides,Poaceae,Triraphis andropogonoides,(Steud.) E.Phillips,Poaceae,1,0,1,0,1,0,0,1,0,0,0,Oct,May,NA,NA,120,0,0,1,0,0,0,0,0,0,0,0,0,0,0,0,0,1,0,0,0,0,0,16.85,0,1,mixed,2,h,w,w,0,0,0,0
Tristachya leucothrix,Tristachya leucothrix,Poaceae,Tristachya leucothrix,Trin. ex Nees,Poaceae,1,0,1,0,1,0,0,0,0,1,0,Oct,Mar,NA,NA,90,0,0,1,0,0,0,0,0,0,0,0,0,0,0,0,0,1,0,0,0,0,0,18.93333333,0,0,leaf,2,h,w,w,0,0,0,0
Tritoniopsis antholyza,Tritoniopsis antholyza,Iridaceae,Tritoniopsis antholyza,(Poir.) Goldblatt,Iridaceae,1,0,1,0,1,0,0,0,0,1,0,Nov,Apr,NA,NA,90,0,1,0,0,0,0,0,0,0,0,0,0,0,0,0,0,1,1,0,0,0,0,42.12,0,0,leaf,3,m,i,w,0,0,0,0
Tritoniopsis triticea,Tritoniopsis triticea,Iridaceae,Tritoniopsis triticea,(Burm.f.) Goldblatt,Iridaceae,1,0,1,0,1,0,0,0,0,1,0,Feb,Apr,NA,NA,90,0,1,0,0,0,0,0,0,0,0,0,0,0,0,0,0,1,1,0,0,0,0,30,0,0,leaf,3,m,i,w,0,0,0,0
Troglophyton capillaceum,Troglophyton capillaceum,Asteraceae,Troglophyton capillaceum,(Thunb.) Hilliard & B.L.Burtt,Asteraceae,0,1,1,0,0,1,1,1,0,0,0,Sep,Oct,NA,NA,30,1,0,0,0,0,0,0,0,0,0,0,0,0,0,0,0,0,0,1,0,0,0,1.5,0,0,leaf,0,l,i,w,0,0,0,0
Tylecodon paniculatus,Tylecodon paniculatus,Crassulaceae,Tylecodon paniculatus,(L.f.) Toelken,Crassulaceae,1,0,1,0,1,0,0,0,0,0,0,Nov,Jan,NA,NA,150,0,0,0,0,1,0,0,0,0,0,0,0,1,1,1,0,0,0,1,0,0,0,10.26666667,0,0,leaf,3,l,m,p,0,0,0,0
Ursinia anethoides,Ursinia anethoides,Asteraceae,Ursinia anethoides,N.E.Br.,Asteraceae,1,0,1,0,1,0,0,1,0,0,0,Nov,Apr,NA,NA,90,0,0,0,1,0,0,0,0,0,0,0,0,0,0,0,0,1,0,0,0,1,1,3.5,0,0,leaf,1,m,i,w,0,0,0,0
Ursinia chrysanthemoides,Ursinia chrysanthemoides,Asteraceae,Ursinia chrysanthemoides,(Less.) Harv.,Asteraceae,1,1,1,0,1,0,0,1,0,0,0,Aug,Nov,NA,NA,45,1,0,0,0,0,0,0,1,0,0,0,0,0,0,0,0,1,0,0,0,1,1,1.016666667,0,0,leaf,1,m,i,w,0,0,0,0
Ursinia dentata,Ursinia dentata,Asteraceae,Ursinia dentata,Poir.,Asteraceae,1,0,1,0,1,0,0,1,0,0,0,Sep,Feb,NA,NA,50,0,0,0,1,0,0,0,0,0,0,0,0,0,0,0,0,1,0,0,0,1,1,1.5,0,0,leaf,1,m,i,w,0,0,0,0
Ursinia heterodonta,Ursinia heterodonta,Asteraceae,Ursinia heterodonta,N.E.Br.,Asteraceae,1,0,1,0,1,0,0,1,0,0,0,Aug,Aug,NA,NA,50,0,0,0,1,0,0,0,0,0,0,0,0,0,0,0,0,1,0,0,0,1,1,1.5,0,0,leaf,1,m,i,w,0,0,0,0
Ursinia hispida,Ursinia hispida,Asteraceae,Ursinia hispida,N.E.Br.,Asteraceae,1,0,1,0,1,0,0,1,0,0,0,Sep,Dec,NA,NA,40,0,0,0,1,0,0,0,0,0,0,0,0,0,0,0,0,1,0,0,0,1,1,2,0,0,leaf,1,m,i,w,0,0,0,0
Ursinia nudicaulis,Ursinia nudicaulis,Asteraceae,Ursinia nudicaulis,N.E.Br.,Asteraceae,1,0,1,0,1,0,0,1,0,0,0,Sep,Mar,NA,NA,50,0,0,0,1,0,0,0,0,0,0,0,0,0,0,0,0,1,0,0,0,1,1,5,0,0,leaf,1,m,i,w,0,0,0,0
Ursinia paleacea,Ursinia paleacea,Asteraceae,Ursinia paleacea,(L.) Moench,Asteraceae,1,0,1,0,1,0,0,1,0,0,0,Aug,Dec,NA,NA,90,0,0,0,1,0,0,0,0,0,0,0,0,0,0,0,0,1,0,0,0,1,1,3,0,0,leaf,1,m,i,w,0,0,0,0
Ursinia pilifera,Ursinia pilifera,Asteraceae,Ursinia pilifera,Gaertn.,Asteraceae,1,0,1,0,1,0,0,1,0,0,0,Jul,Nov,NA,NA,35,0,0,0,1,0,0,0,0,0,0,0,0,0,0,0,0,1,0,0,0,0,1,1.7,0,0,leaf,1,m,i,w,0,0,0,0
Ursinia punctata,Ursinia punctata,Asteraceae,Ursinia punctata,N.E.Br.,Asteraceae,1,0,1,0,1,0,0,1,0,0,0,Sep,Mar,NA,NA,50,0,0,0,1,0,0,0,0,0,0,0,0,0,0,0,0,0,0,1,0,1,1,0.74,0,0,leaf,1,m,i,w,0,0,0,0
Ursinia quinquepartita,Ursinia quinquepartita,Asteraceae,Ursinia quinquepartita,(DC.) N.E.Br.,Asteraceae,1,0,1,0,1,0,0,1,0,0,0,Nov,Apr,NA,NA,40,0,0,0,1,0,0,0,0,0,0,0,0,0,0,0,0,1,0,0,0,1,1,1.56,0,0,leaf,1,m,i,w,0,0,0,0
Ursinia scariosa,Ursinia scariosa,Asteraceae,Ursinia scariosa,Poir.,Asteraceae,1,0,1,0,1,0,0,1,0,0,0,Sep,Feb,NA,NA,150,0,0,0,0,1,0,0,0,0,0,0,0,0,0,0,0,1,0,0,0,1,1,2.5,0,0,leaf,1,m,i,w,0,0,0,0
Ursinia sericea,Ursinia sericea,Asteraceae,Ursinia sericea,(Thunb.) N.E.Br.,Asteraceae,1,0,1,0,1,0,0,1,0,0,0,Sep,Feb,NA,NA,90,0,0,0,1,0,0,0,0,0,0,0,0,0,0,0,0,1,0,0,0,1,1,3.2,0,0,leaf,1,m,i,w,0,0,0,0
Ursinia serrata,Ursinia serrata,Asteraceae,Ursinia serrata,(L.f.) Poir.,Asteraceae,1,0,1,0,1,0,0,1,0,0,0,Aug,Jan,NA,NA,150,0,0,0,0,1,0,0,0,0,0,0,0,0,0,0,0,0,0,1,0,0,1,3.5,0,0,leaf,1,m,i,w,0,0,0,0
Ursinia tenuifolia,Ursinia tenuifolia,Asteraceae,Ursinia tenuifolia,(L.) Poir.,Asteraceae,1,0,1,0,1,0,0,1,0,0,0,Sep,Mar,NA,NA,50,0,0,0,1,0,0,0,0,0,0,0,0,0,0,0,0,1,0,0,0,1,1,5.95,0,0,leaf,1,m,i,w,0,0,0,0
Ursinia trifida,Ursinia trifida,Asteraceae,Ursinia trifida,(Thunb.) N.E.Br.,Asteraceae,1,0,1,0,1,0,0,1,0,0,0,Nov,Apr,NA,NA,60,0,0,0,1,0,0,0,0,0,0,0,0,0,0,0,0,1,0,0,0,1,1,1.68,0,0,leaf,1,m,i,w,0,0,0,0
Utricularia bisquamata,Utricularia bisquamata,Lentibulariaceae,Utricularia bisquamata,Schrank,Lentibulariaceae,0,1,1,0,0,1,1,1,0,0,0,Sep,Jan,NA,NA,12,1,0,0,0,0,0,0,0,0,0,0,0,0,0,0,0,1,0,0,0,0,0,0.5,0,0,leaf,0,l,i,p,0,0,0,0
Vachellia karroo,Acacia karroo,Fabaceae,Vachellia karroo,(Hayne) Banfi & Galasso,Fabaceae,1,0,1,0,0,1,0,0,0,1,0,Nov,Dec,NA,NA,1200,0,0,0,0,0,1,1,0,0,0,0,0,0,0,0,0,0,1,0,1,0,0,1.3,0,0,leaf,3,l,i,m,0,0,0,0
Vellereophyton dealbatum,Vellereophyton dealbatum,Asteraceae,Vellereophyton dealbatum,(Thunb.) Hilliard & B.L.Burtt,Asteraceae,1,0,1,0,1,0,0,0,0,1,0,Jul,Mar,NA,NA,20,1,0,0,0,0,0,0,1,0,0,0,0,0,0,0,0,0,1,0,0,0,0,2.5,0,0,leaf,2,l,i,w,0,0,0,0
Villarsia capensis,Villarsia capensis,Menyanthaceae,Villarsia capensis,(Houtt.) Merr.,Menyanthaceae,1,1,1,0,1,0,1,1,0,0,0,Oct,Feb,NA,NA,20,1,0,0,0,0,0,0,0,0,0,0,0,0,0,0,0,0,0,1,0,0,0,3.88,0,0,leaf,2,l,i,p,0,0,0,0
Virgilia oroboides,Virgilia oroboides,Fabaceae,Virgilia oroboides,(P.J.Bergius) T.M.Salter,Fabaceae,1,0,1,0,0,1,0,0,0,0,0,Jan,Apr,NA,NA,2000,0,0,0,0,0,0,1,0,0,0,0,0,0,0,0,0,0,0,1,1,0,0,2.7,0,0,leaf,2,h,i,p,0,0,0,0
Viscum capense,Viscum capense,Viscaceae,Viscum capense,L.f.,Santalaceae,1,0,0,1,1,0,0,0,0,0,0,Jul,Oct,NA,NA,50,0,0,0,0,0,0,0,0,0,0,1,1,1,1,1,0,1,0,0,0,0,0,13.7,1,1,mixed,2,l,i,m,0,0,0,0
Viscum pauciflorum,Viscum pauciflorum,Viscaceae,Viscum pauciflorum,L.f.,Santalaceae,1,0,1,0,1,0,0,0,0,0,0,Apr,Oct,NA,NA,75,0,0,0,0,0,0,0,0,0,0,1,1,1,1,1,0,0,0,1,0,0,0,3,0,1,mixed,2,l,i,m,0,0,0,0
Viscum rotundifolium,Viscum rotundifolium,Viscaceae,Viscum rotundifolium,L.f.,Santalaceae,1,0,1,0,1,0,0,0,0,0,0,Feb,May,NA,NA,75,0,0,0,0,0,0,0,0,0,0,1,1,1,1,1,0,0,0,1,0,0,0,1.2,0,1,mixed,2,l,i,m,0,0,0,0
Wachendorfia paniculata,Wachendorfia paniculata,Haemodoraceae,Wachendorfia paniculata,L.,Haemodoraceae,1,0,1,0,1,0,0,0,0,1,0,Aug,Nov,NA,NA,70,0,1,0,0,0,0,0,0,0,0,0,0,0,0,0,0,1,0,0,0,0,0,26.36666667,0,0,leaf,3,m,i,m,0,0,0,0
Wahlenbergia albens,Wahlenbergia albens,Campanulaceae,Wahlenbergia albens,(Spreng. ex A.DC.) Lammers,Campanulaceae,1,0,1,0,1,0,0,1,0,0,0,Oct,Jan,NA,NA,50,0,0,0,1,0,0,0,0,0,0,0,0,0,0,0,0,1,0,0,0,0,0,1,0,0,leaf,1,m,i,p,0,0,0,0
Wahlenbergia cinerea,Wahlenbergia cinerea,Campanulaceae,Wahlenbergia cinerea,(L.f.) Lammers,Campanulaceae,1,0,1,0,1,0,0,1,0,0,0,Nov,May,NA,NA,50,0,0,0,1,0,0,0,0,0,0,0,0,0,0,0,0,0,1,0,0,0,0,1,0,0,leaf,1,m,i,p,0,0,0,0
Wahlenbergia desmantha,Wahlenbergia desmantha,Campanulaceae,Wahlenbergia desmantha,Lammers,Campanulaceae,1,0,1,0,1,0,0,1,0,0,0,Jan,Apr,NA,NA,80,0,0,0,1,0,0,0,0,0,0,0,0,0,0,0,0,0,0,1,0,0,0,0.5,0,0,leaf,1,m,i,p,0,0,0,0
Wahlenbergia ecklonii,Wahlenbergia ecklonii,Campanulaceae,Wahlenbergia ecklonii,H.Buek,Campanulaceae,1,0,1,0,1,0,0,1,0,0,0,Oct,Dec,NA,NA,30,1,0,0,0,0,0,0,0,0,0,0,0,0,0,0,0,0,1,0,0,0,0,1,0,0,leaf,1,m,i,p,0,0,0,0
Wahlenbergia fruticosa,Wahlenbergia fruticosa,Campanulaceae,Wahlenbergia fruticosa,Brehmer,Campanulaceae,1,0,1,0,1,0,0,1,0,0,0,Feb,May,NA,NA,50,0,0,0,1,0,0,0,0,0,0,0,0,0,0,0,0,1,0,0,0,0,0,1,0,0,leaf,1,m,i,p,0,0,0,0
Wahlenbergia macrostachys,Wahlenbergia macrostachys,Campanulaceae,Wahlenbergia macrostachys,(A.DC.) Lammers,Campanulaceae,1,0,1,0,1,0,0,1,0,0,0,Sep,Jan,NA,NA,50,0,0,0,1,0,0,0,0,0,0,0,0,0,0,0,0,0,1,0,0,0,0,0.43,0,0,leaf,1,m,i,p,0,0,0,0
Wahlenbergia neorigida,Wahlenbergia neorigida,Campanulaceae,Wahlenbergia neorigida,Lammers,Campanulaceae,1,0,1,0,1,0,0,1,0,0,0,Nov,Apr,NA,NA,60,0,0,0,1,0,0,0,0,0,0,0,0,0,0,0,0,0,0,1,0,0,0,0.266363636,0,0,leaf,1,m,i,p,0,0,0,0
Wahlenbergia obovata,Wahlenbergia obovata,Campanulaceae,Wahlenbergia obovata,Brehmer,Campanulaceae,0,1,1,0,1,0,0,1,0,0,0,Sep,Feb,NA,NA,50,1,0,0,0,0,0,0,0,0,0,0,0,0,0,0,0,0,0,1,0,0,0,1.5,0,0,leaf,0,m,i,p,0,0,0,0
Wahlenbergia rubens,Wahlenbergia rubens,Campanulaceae,Wahlenbergia rubens,(H.Buek) Lammers,Campanulaceae,1,0,1,0,1,0,0,1,0,0,0,Sep,Mar,NA,NA,50,0,0,0,1,0,0,0,0,0,0,0,0,0,0,0,0,0,1,0,0,0,0,0.7,0,0,leaf,1,m,i,p,0,0,0,0
Wahlenbergia tenella,Wahlenbergia tenella,Campanulaceae,Wahlenbergia tenella,(L.f.) Lammers,Campanulaceae,1,0,1,0,1,0,0,1,0,0,0,Nov,May,NA,NA,80,0,0,0,1,0,0,0,0,0,0,0,0,0,0,0,0,0,0,1,0,0,0,1.36,0,0,leaf,1,m,i,p,0,0,0,0
Wahlenbergia unidentata,Wahlenbergia unidentata,Campanulaceae,Wahlenbergia unidentata,(L.f.) Lammers,Campanulaceae,1,0,1,0,1,0,0,1,0,0,0,Dec,Apr,NA,NA,40,0,0,0,1,0,0,0,0,0,0,0,0,0,0,0,0,0,1,0,0,0,0,1,0,0,leaf,1,m,i,p,0,0,0,0
Watsonia fourcadei,Watsonia fourcadei,Iridaceae,Watsonia fourcadei,J.W.Mathews & L.Bolus,Iridaceae,1,0,1,0,0,1,0,1,0,1,0,Nov,Jan,NA,NA,200,0,1,0,0,0,0,0,0,0,0,0,0,0,0,0,0,0,1,0,0,0,0,43.6,0,0,leaf,2,h,i,w,0,0,0,0
Watsonia knysnana,Watsonia knysnana,Iridaceae,Watsonia knysnana,L.Bolus,Iridaceae,1,0,1,0,0,1,0,1,0,1,0,Nov,Jan,NA,NA,160,0,1,0,0,0,0,0,0,0,0,0,0,0,0,0,0,0,1,0,0,0,0,50,0,0,leaf,2,h,i,w,0,0,0,0
Watsonia marginata,Watsonia marginata,Iridaceae,Watsonia marginata,(L.f.) Ker Gawl.,Iridaceae,1,0,1,0,0,1,0,1,0,1,0,Sep,Dec,NA,NA,200,0,1,0,0,0,0,0,0,0,0,0,0,0,0,0,0,0,1,0,0,0,0,50,0,0,leaf,2,h,i,w,0,0,0,0
Watsonia meriana,Watsonia borbonica,Iridaceae,Watsonia meriana,(L.) Mill.,Iridaceae,1,0,1,0,0,1,0,1,0,1,0,Oct,Jan,NA,NA,200,0,1,0,0,0,0,0,0,0,0,0,0,0,0,0,0,0,1,0,0,0,0,35.01666667,0,0,leaf,2,h,i,w,0,0,0,0
Watsonia schlechteri,Watsonia schlechteri,Iridaceae,Watsonia schlechteri,L.Bolus,Iridaceae,1,0,1,0,0,1,0,1,1,1,0,Nov,Feb,NA,NA,100,0,1,0,0,0,0,0,0,0,0,0,0,0,0,0,0,0,1,0,0,0,0,50,0,0,leaf,2,h,i,w,0,0,0,0
Watsonia tabularis,Watsonia tabularis,Iridaceae,Watsonia tabularis,J.W.Mathews & L.Bolus,Iridaceae,1,0,1,0,0,1,0,1,0,1,0,Nov,Dec,NA,NA,150,0,1,0,0,0,0,0,0,0,0,0,0,0,0,0,0,0,1,0,0,0,0,58.13333333,0,0,leaf,2,h,i,w,0,0,0,0
Watsonia vanderspuyiae,Watsonia vanderspuyiae,Iridaceae,Watsonia vanderspuyae,L.Bolus,Iridaceae,1,0,1,0,0,1,0,1,0,1,0,Sep,Nov,NA,NA,200,0,1,0,0,0,0,0,0,0,0,0,0,0,0,0,0,0,1,1,0,0,0,82.84,0,0,leaf,2,h,i,w,0,0,0,0
Wiborgia tetraptera,Wiborgia tetraptera,Fabaceae,Wiborgia tetraptera,E.Mey.,Fabaceae,1,0,1,0,0,1,0,1,0,0,0,Sep,Nov,NA,NA,150,0,0,0,0,1,1,0,0,0,0,0,0,0,0,0,0,0,0,1,1,0,0,0.62,0,0,leaf,2,h,i,w,0,0,0,0
Widdringtonia cedarbergensis,Widdringtonia cedarbergensis,Cupressaceae,Widdringtonia cedarbergensis,J.A.Marsh,Cupressaceae,1,0,1,0,1,0,0,0,0,0,0,Jan,Apr,NA,NA,1000,0,0,0,0,0,0,1,0,0,0,0,0,0,0,0,0,0,0,1,0,0,0,2.94,0,0,leaf,3,h,w,w,0,0,0,0
Widdringtonia nodiflora,Widdringtonia nodiflora,Cupressaceae,Widdringtonia nodiflora,(L.) Powrie,Cupressaceae,1,0,1,0,1,0,0,0,0,1,0,Jan,Dec,NA,NA,500,0,0,0,0,0,1,1,0,0,0,0,0,0,0,0,0,0,0,1,0,0,0,4.716,0,0,leaf,3,h,w,w,0,0,0,0
Willdenowia arescens,Willdenowia arescens,Restionaceae,Willdenowia arescens,Kunth,Restionaceae,1,0,0,1,1,0,0,0,0,1,0,Aug,Nov,NA,NA,100,0,0,1,0,0,0,0,0,0,0,0,0,0,0,0,0,1,0,0,0,0,0,43.2,1,1,culm_stem,2,h,w,i,0,0,0,0
Willdenowia bolusii,Willdenowia bolusii,Restionaceae,Willdenowia bolusii,Pillans,Restionaceae,1,0,0,1,1,0,0,0,0,0,0,Feb,Feb,NA,NA,100,0,0,1,0,0,0,0,0,0,0,0,0,0,0,0,0,1,0,0,0,0,0,93.8,1,1,culm_stem,2,h,w,i,0,0,0,0
Willdenowia glomerata,Willdenowia glomerata,Restionaceae,Willdenowia glomerata,(Thunb.) H.P.Linder,Restionaceae,1,0,0,1,1,0,0,0,0,0,0,Apr,Aug,NA,NA,100,0,0,1,0,0,0,0,0,0,0,0,0,0,0,0,0,1,0,0,0,0,0,68.88235294,1,1,culm_stem,2,h,w,i,0,0,0,0
Willdenowia humilis,Willdenowia humilis,Restionaceae,Willdenowia humilis,Nees ex Mast.,Restionaceae,1,0,0,1,1,0,0,0,0,1,0,Oct,Nov,NA,NA,30,0,0,1,0,0,0,0,0,0,0,0,0,0,0,0,0,1,0,0,0,0,0,70,1,1,culm_stem,2,h,w,i,0,0,0,0
Willdenowia incurvata,Willdenowia incurvata,Restionaceae,Willdenowia incurvata,(Thunb.) H.P.Linder,Restionaceae,1,0,0,1,1,0,0,0,0,1,0,Jun,Jun,NA,NA,200,0,0,1,0,0,0,0,0,0,0,0,0,0,0,0,0,1,0,0,0,0,0,80.875,1,1,culm_stem,2,h,w,i,0,0,0,0
Willdenowia stokoei,Willdenowia stokoei,Restionaceae,Willdenowia stokoei,Pillans,Restionaceae,1,0,0,1,1,0,0,0,0,1,0,Oct,Oct,NA,NA,60,0,0,1,0,0,0,0,0,0,0,0,0,0,0,0,0,1,0,0,0,0,0,40,1,1,culm_stem,2,h,w,i,0,0,0,0
Willdenowia sulcata,Willdenowia sulcata,Restionaceae,Willdenowia sulcata,Mast.,Restionaceae,1,0,0,1,1,0,0,0,0,1,0,Sep,Sep,NA,NA,50,0,0,1,0,0,0,0,0,0,0,0,0,0,0,0,0,1,0,0,0,0,0,36.28,1,1,culm_stem,2,h,w,i,0,0,0,0
Willdenowia teres,Willdenowia teres,Restionaceae,Willdenowia teres,Thunb.,Restionaceae,1,0,0,1,1,0,0,0,0,1,0,Sep,Sep,NA,NA,100,0,0,1,0,0,0,0,0,0,0,0,0,0,0,0,0,1,0,0,0,0,0,27.9875,1,1,culm_stem,2,h,w,i,0,0,0,0
Zantedeschia aethiopica,Zantedeschia aethiopica,Araceae,Zantedeschia aethiopica,(L.) Spreng.,Araceae,1,0,1,0,1,0,0,0,0,1,0,Jun,Dec,NA,NA,100,0,1,0,0,0,0,0,0,0,0,0,0,0,0,0,0,0,0,1,0,0,0,23.94,0,0,leaf,2,l,w,m,0,0,0,0
Zyrphelis microcephala,Zyrphelis microcephala,Asteraceae,Zyrphelis microcephala,Nees,Asteraceae,1,0,1,0,1,0,0,1,0,0,0,Sep,Apr,NA,NA,30,0,0,0,1,0,0,0,0,0,0,0,0,0,0,0,0,1,0,0,0,0,0,0.8,0,0,leaf,2,h,w,i,0,0,0,0
Alatoseta tenuis,Alatoseta tenuis,Asteraceae,Alatoseta tenuis,Compton,Asteraceae,0,1,1,0,NA,NA,1,1,0,0,0,Oct,Oct,NA,NA,5,1,0,0,0,0,0,0,0,0,0,0,0,0,0,0,0,1,0,0,0,0,0,2,0,0,leaf,0,l,i,w,0,0,0,0
Albuca concordiana,Albuca concordiana,Hyacinthaceae,Coilonox concordianum,(Baker) Speta,Asparagaceae,1,0,1,0,0,1,1,1,0,0,0,Aug,Sep,NA,NA,20,1,1,0,0,0,0,0,0,0,0,0,0,0,0,0,0,1,0,0,0,0,0,20,0,0,leaf,2,l,i,w,0,0,0,0
Aloe comosa,Aloe comosa,Asphodelaceae,Aloe comosa,Marloth & A.Berger,Asphodelaceae,1,0,1,0,1,0,0,0,0,0,0,NA,NA,NA,NA,200,0,0,0,0,1,0,0,0,0,0,0,0,1,1,1,0,0,1,0,0,0,0,70,0,0,leaf,3,l,b,w,0,0,0,0
Aloe dichotoma var. dichotoma,Aloe dichotoma var. dichotoma,Asphodelaceae,Qualea cordata var. dichotoma,(Mart.) M.Lisboa & K.Yamam.,Vochysiaceae,1,0,1,0,1,0,0,0,0,0,0,NA,NA,NA,NA,900,0,0,0,0,0,0,1,0,0,0,0,0,1,1,1,NA,0,1,0,0,0,0,30,0,0,leaf,3,l,b,w,0,0,0,0
Aloe microstigma,Aloe microstigma,Asphodelaceae,Aloe microstigma,Salm-Dyck,Asphodelaceae,1,0,1,0,1,0,0,0,0,0,0,May,Jul,NA,NA,50,0,0,0,0,0,0,0,0,0,0,0,NA,1,1,1,0,0,1,0,0,0,0,21,0,0,leaf,3,l,"i,b",w,0,0,0,0
Alyssum minutum,Alyssum minutum,Brassicaceae,Alyssum minutum,Patrin ex DC.,Brassicaceae,0,1,1,0,NA,NA,1,1,0,0,0,NA,NA,NA,NA,12,1,0,0,0,0,0,0,0,0,0,0,0,0,0,0,0,0,1,0,0,0,0,1.5,0,0,leaf,0,l,i,w,0,0,0,0
Amphiglossa tomentosa,Amphiglossa tomentosa,Asteraceae,Pterothrix tomentosa,DC.,Asteraceae,1,0,1,0,1,0,0,0,0,0,0,Nov,Feb,NA,NA,60,0,0,0,1,0,0,0,0,0,0,0,0,0,0,0,0,1,0,0,0,0,0,1.3,0,0,leaf,2,h,i,w,0,0,0,0
Amphiglossa triflora,Amphiglossa triflora,Asteraceae,Pterothrix spinescens,DC.,Asteraceae,1,0,1,0,1,0,0,0,0,0,0,NA,NA,NA,NA,50,0,0,0,1,0,0,0,0,0,0,0,0,0,0,0,0,1,0,0,0,0,0,0.6,0,0,leaf,3,m,i,w,0,0,0,0
Amsinckia calycina,Amsinckia calycina,Boraginaceae,Amsinckia calycina,(Moris) Chater,Boraginaceae,0,1,1,0,NA,NA,1,1,0,0,0,NA,NA,NA,NA,50,1,0,0,0,0,0,0,0,0,0,0,0,0,0,0,0,0,0,1,0,0,0,6,0,0,leaf,0,l,i,p,0,0,0,0
Amsinckia menziesii,Amsinckia menziesii,Boraginaceae,Amsinckia menziesii,(Lehm.) A.Nelson & J.F.Macbr.,Boraginaceae,0,1,1,0,NA,NA,1,1,0,0,0,NA,NA,NA,NA,50,1,0,0,0,0,0,0,0,0,0,0,0,0,0,0,0,0,0,1,0,0,0,9,0,0,leaf,0,l,i,p,0,0,0,0
Anacampseros albidiflora,Anacampseros albidiflora,Portulacaceae,Anacampseros albidiflora,Poelln.,Anacampserotaceae,1,0,1,0,1,0,0,0,0,0,0,NA,NA,NA,NA,12,1,0,0,0,0,0,0,0,0,0,0,0,1,1,1,0,0,1,0,0,0,0,0.3,0,0,leaf,2,l,m,w,0,0,0,0
Colchicum coloratum subsp. burchellii,Androcymbium burchellii,Colchicaceae,Colchicum burchellii,(Baker) J.C.Manning & Vinn.,Colchicaceae,1,0,1,0,1,0,0,0,0,1,0,NA,NA,NA,NA,10,1,1,0,0,0,0,0,0,0,0,0,0,0,0,0,0,0,0,1,0,0,0,21,0,0,leaf,2,l,m,w,0,0,0,0
Colchicum volutare,Androcymbium volutare,Colchicaceae,Colchicum volutare,(Burch.) J.C.Manning & Vinn.,Colchicaceae,1,0,1,0,1,0,0,0,0,1,0,NA,NA,NA,NA,15,1,1,0,0,0,0,0,0,0,0,0,0,0,0,0,0,0,1,0,0,0,0,15,0,0,leaf,2,l,m,w,0,0,0,0
Anginon fruticosum,Anginon fruticosum,Apiaceae,Anginon fruticosum,I.Allison & B.-E.van Wyk,Apiaceae,1,0,1,0,1,0,0,0,0,0,0,Jan,Apr,NA,NA,300,0,0,0,0,1,0,0,0,0,0,0,0,0,0,0,0,0,0,1,1,0,1,5.2,0,0,leaf,2,m,i,w,0,0,0,0
Anisodontea triloba,Anisodontea triloba,Malvaceae,Anisodontea triloba,(Thunb.) D.M.Bates,Malvaceae,1,0,1,0,1,0,0,0,0,0,0,Sep,Oct,NA,NA,150,0,0,0,0,1,0,0,0,0,0,0,0,0,0,0,0,0,0,1,0,1,0,1.2,0,0,leaf,2,h,i,p,0,0,0,0
Anthospermum anthiopicum,Anthospermum anthiopicum,Rubiaceae,Anthospermum aethiopicum,L.,Rubiaceae,1,0,1,0,1,0,0,0,0,0,0,Aug,Jan,NA,NA,200,0,0,0,0,1,0,0,0,0,0,0,0,0,0,0,0,1,0,0,0,0,0,1,0,0,leaf,2,h,w,p,0,0,0,0
Anthospermum dregei,Anthospermum dregei,Rubiaceae,Anthospermum dregei,Sond.,Rubiaceae,1,0,1,0,1,0,0,0,0,0,0,Aug,Oct,NA,NA,40,0,0,0,1,0,0,0,0,0,0,0,0,0,0,0,0,1,0,0,0,0,0,1,0,0,leaf,2,h,w,p,0,0,0,0
Antimima gracillima,Antimima gracillima,Aizoaceae,Antimima gracillima,(L.Bolus) H.E.K.Hartmann,Aizoaceae,1,0,1,0,1,0,0,0,0,0,0,Jul,Sep,NA,NA,30,0,0,0,1,0,0,0,0,0,0,0,0,1,1,0,0,0,1,0,0,0,0,1.3,0,0,leaf,2,l,i,p,0,0,0,0
Antimima triquetra,Antimima triquetra,Aizoaceae,Antimima triquetra,(L.Bolus) H.E.K.Hartmann,Aizoaceae,1,0,1,0,1,0,0,0,0,0,0,Jun,NA,NA,NA,10,0,0,0,1,0,0,0,0,0,0,0,0,1,1,0,0,0,0,1,0,0,0,0.8,0,0,leaf,2,l,i,p,0,0,0,0
Aptosimum indivisum,Aptosimum indivisum,Scrophulariaceae,Aptosimum indivisum,Burch. ex Benth.,Scrophulariaceae,1,0,1,0,1,0,0,0,0,0,0,Aug,Dec,NA,NA,10,0,0,0,1,0,0,0,0,0,0,0,0,0,0,0,0,0,1,0,0,0,0,2.1,0,0,leaf,3,l,i,p,0,0,0,0
Aptosimum procumbens,Aptosimum procumbens,Scrophulariaceae,Aptosimum procumbens,(Lehm.) Burch. ex Steud.,Scrophulariaceae,1,0,1,0,1,0,0,0,0,0,0,NA,NA,NA,NA,10,0,0,0,1,0,0,0,1,0,0,0,0,0,0,0,0,0,0,1,0,0,0,4,0,0,leaf,3,l,i,p,0,0,0,0
Aptosimum spinescens,Aptosimum spinescens,Scrophulariaceae,Aptosimum spinescens,(Thunb.) Emil Weber,Scrophulariaceae,1,0,1,0,1,0,0,0,0,0,0,Oct,Dec,NA,NA,25,0,0,0,1,0,0,0,0,0,0,0,0,0,0,0,0,1,0,0,0,0,0,0.7,0,0,leaf,3,l,i,p,0,0,0,0
Arctotis fastuosa,Arctotis fastuosa,Asteraceae,Arctotis fastuosa,Jacq.,Asteraceae,0,1,1,0,NA,NA,1,1,0,0,0,NA,NA,NA,NA,50,1,0,0,0,0,0,0,0,0,0,0,0,0,0,0,0,0,1,0,1,1,NA,20,0,0,leaf,0,l,i,w,0,0,0,0
Mesembryanthemum noctiflora,Aridaria noctiflora,Aizoaceae,Mesembryanthemum noctiflorum,L.,Aizoaceae,1,0,1,0,1,0,0,0,0,0,0,Oct,Nov,NA,NA,100,0,0,0,1,0,0,0,0,0,0,0,0,1,1,0,0,0,1,0,0,0,0,2,0,0,leaf,3,l,i,p,0,0,0,0
Aristida vestita,Aristida vestita,Poaceae,Aristida vestita,Thunb.,Poaceae,1,0,1,0,NA,NA,0,0,0,0,0,Nov,NA,NA,NA,85,0,0,1,0,0,0,0,0,0,0,0,0,0,0,0,0,1,0,0,0,0,0,20,0,1,leaf,2,h,w,w,0,0,0,0
Asparagus asparagoides,Asparagus asparagoides,Asparagaceae,Asparagus asparagoides,(L.) Druce,Asparagaceae,1,0,1,0,1,0,0,0,0,1,0,NA,NA,NA,NA,100,0,1,0,0,1,0,0,1,0,0,0,0,0,0,0,0,0,0,1,0,0,0,2,0,0,leaf,3,m,i,m,0,1,0,0
Asparagus multituberosus,Asparagus multituberosus,Asparagaceae,Asparagus multituberosus,R.A.Dyer,Asparagaceae,1,0,1,0,1,0,0,0,0,1,0,NA,NA,NA,NA,45,0,1,0,1,0,0,0,1,0,0,0,0,0,0,0,0,0,0,1,0,0,0,2,0,0,leaf,3,m,i,m,0,1,0,0
Asparagus ovatus,Asparagus ovatus,Asparagaceae,Asparagus ovatus,T.M.Salter,Asparagaceae,1,0,1,0,1,0,0,0,0,1,0,Jul,NA,NA,NA,100,0,1,0,1,1,0,0,1,0,0,0,0,0,0,0,0,0,0,1,0,0,0,2,0,0,leaf,2,l,i,m,0,1,0,0
Athanasia minuta,Athanasia minuta,Asteraceae,Athanasia minuta,(L.f.) Källersjö,Asteraceae,1,0,1,0,1,0,0,0,0,0,0,NA,NA,NA,NA,25,0,0,0,1,0,0,0,0,0,0,0,0,0,0,0,0,1,0,0,0,0,0,2,0,0,leaf,2,l,i,w,0,0,0,0
Atriplex cinerea,Atriplex cinerea subsp. bolusii,Amaranthaceae,Atriplex cinerea,Poir.,Chenopodiaceae,1,0,1,0,1,0,0,0,0,0,0,Sep,Oct,NA,NA,60,0,0,0,1,0,0,0,0,0,0,0,0,0,0,0,0,0,0,1,0,0,0,3,0,0,leaf,2,l,u,p,0,0,0,0
Atriplex lindleyi,Atriplex lindleyi,Amaranthaceae,Atriplex lindleyi,Moq.,Chenopodiaceae,1,0,1,0,1,0,0,0,0,0,0,May,Oct,NA,NA,30,1,0,0,0,0,0,0,0,0,0,0,0,0,0,0,0,0,0,1,0,0,0,2,0,0,leaf,1,l,u,p,0,0,0,0
Atriplex semibaccata,Atriplex semibaccata,Amaranthaceae,Atriplex semibaccata,R.Br.,Chenopodiaceae,1,0,1,0,1,0,0,0,0,0,0,Sep,Dec,NA,NA,30,1,0,0,0,0,0,0,1,0,0,0,0,0,0,0,0,0,1,0,0,0,0,1.5,0,0,leaf,1,l,u,p,0,0,0,0
Augea capensis,Augea capensis,Zygophyllaceae,Zygophyllum augea,Christenh. & Byng,Zygophyllaceae,1,0,1,0,1,0,0,0,0,0,0,Aug,Oct,NA,NA,40,0,0,0,1,0,0,0,0,0,0,0,0,1,1,1,0,0,1,0,0,0,0,5,0,0,leaf,1,l,i,w,0,0,0,0
Babiana flabellifolia,Babiana flabellifolia,Iridaceae,Babiana flabellifolia,Harv. ex Klatt,Iridaceae,1,0,1,0,1,0,0,0,0,1,0,NA,NA,NA,NA,10,0,1,0,0,0,0,0,0,0,0,0,0,0,0,0,0,0,1,0,0,0,0,5,0,0,leaf,3,l,i,w,0,0,0,0
Babiana framesii,Babiana framesii,Iridaceae,Babiana framesii,L.Bolus,Iridaceae,1,0,1,0,1,0,0,0,0,1,0,NA,NA,NA,NA,10,0,1,0,0,0,0,0,0,0,0,0,0,0,0,0,0,0,1,0,0,0,0,10,0,0,leaf,3,l,i,w,0,0,0,0
Babiana pauciflora,Babiana pauciflora,Iridaceae,Babiana pauciflora,G.J.Lewis,Iridaceae,1,0,1,0,1,0,1,1,0,1,0,Jun,NA,NA,NA,10,0,1,0,0,0,0,0,0,0,0,0,0,0,0,0,0,1,0,0,0,0,0,10,0,0,leaf,2,l,i,w,0,0,0,0
Babiana sambucina,Babiana sambucina var. longibracteata,Iridaceae,Babiana sambucina,(Jacq.) Ker Gawl.,Iridaceae,1,0,1,0,1,0,1,1,0,1,0,Jul,Sep,NA,NA,15,0,1,0,0,0,0,0,0,0,0,0,0,0,0,0,0,1,0,0,0,0,0,23,0,0,leaf,2,l,i,w,0,0,0,0
Babiana spathacea,Babiana spathaceae,Iridaceae,Babiana spathacea,(L.f.) Ker Gawl.,Iridaceae,1,0,1,0,1,0,0,0,0,1,0,NA,NA,NA,NA,40,0,1,0,0,0,0,0,0,0,0,0,0,0,0,0,0,0,1,0,0,0,0,30,0,0,leaf,3,l,i,w,0,0,0,0
Berkheya eriobasis,Berkheya eriobasis,Asteraceae,Berkheya eriobasis,(DC.) Roessler,Asteraceae,1,0,1,0,1,0,0,0,0,1,0,Oct,Dec,NA,NA,100,0,0,0,1,0,0,0,0,0,0,0,0,0,0,0,0,0,1,0,0,1,1,10,0,0,leaf,2,m,i,w,0,0,0,0
Berkheya fruticosa,Berkheya fruticosa,Asteraceae,Berkheya fruticosa,(L.) Ehrh.,Asteraceae,1,0,1,0,1,0,0,0,0,0,0,NA,NA,NA,NA,150,0,0,0,0,1,0,0,0,0,0,0,0,0,0,0,0,0,1,0,0,0,0,5,0,0,leaf,2,m,i,w,0,0,0,0
Berkheya glabrata,Berkheya glabrata,Asteraceae,Berkheya glabrata,(Thunb.) Fourc.,Asteraceae,1,0,1,0,1,0,0,0,0,0,0,Oct,NA,NA,NA,100,0,0,0,1,0,0,0,0,0,0,0,0,0,0,0,0,0,1,0,0,1,1,20,0,0,leaf,2,m,i,w,0,0,0,0
Berkheya heterophylla,Berkheya heterophylla,Asteraceae,Berkheya heterophylla,O.Hoffm.,Asteraceae,1,0,1,0,1,0,0,0,0,0,0,Sep,Jan,NA,NA,100,0,0,0,1,0,0,0,0,0,0,0,0,0,0,0,0,0,1,0,0,1,1,20,0,0,leaf,2,m,i,w,0,0,0,0
Berkheya onobromoides,Berkheya onobromoides,Asteraceae,Berkheya onobromoides,O.Hoffm. & Muschl.,Asteraceae,1,0,1,0,1,0,0,0,0,0,0,NA,NA,NA,NA,100,0,0,0,1,0,0,0,0,0,0,0,0,0,0,0,0,0,1,0,1,1,NA,40,0,0,leaf,2,m,i,w,0,0,0,0
Boophane disticha,Boophane disticha,Amaryllidaceae,Boophone disticha,Herb.,Amaryllidaceae,1,0,1,0,0,1,0,0,0,1,0,NA,NA,NA,NA,50,0,1,0,0,0,0,0,0,0,0,0,0,1,0,1,0,1,0,0,0,0,0,30,0,0,leaf,3,l,m,w,0,0,0,0
Bromus pectinatus,Bromus pectinatus,Poaceae,Bromus pectinatus,Thunb.,Poaceae,0,1,1,0,NA,NA,1,1,0,0,0,Jul,Nov,NA,NA,80,0,0,1,0,0,0,0,0,0,0,0,0,0,0,0,0,1,0,0,0,0,0,10,0,0,leaf,0,l,w,p,0,0,0,0
Brunsvigia bosmaniae,Brunsvigia bosmaniae,Amaryllidaceae,Brunsvigia bosmaniae,F.M.Leight.,Amaryllidaceae,1,0,1,0,0,1,1,1,0,0,0,Mar,May,NA,NA,20,0,1,0,0,0,0,0,0,0,0,0,0,0,0,0,0,0,1,0,0,0,0,35,0,0,leaf,3,l,m,w,0,0,0,0
Brunsvigia striata,Brunsvigia cf. minor,Amaryllidaceae,Brunsvigia nervosa,(Poir.) Masw.,Amaryllidaceae,1,0,1,0,0,1,0,0,0,1,0,NA,NA,NA,NA,35,0,1,0,0,0,0,0,0,0,0,0,0,0,0,0,0,0,1,0,0,0,0,20,0,0,leaf,3,l,m,w,0,0,0,0
Bulbine aloides,Bulbine aloides,Asphodelaceae,Bulbine alooides,Willd.,Asphodelaceae,1,0,1,0,0,1,1,1,0,0,0,Mar,May,NA,NA,40,0,1,0,0,0,0,0,0,0,0,0,0,1,1,0,0,1,0,0,0,0,0,15,0,0,leaf,2,l,i,w,0,0,0,0
Bulbinella nutans,Bulbine nutans,Asphodelaceae,Bulbinella nutans,(Thunb.) T.Durand & Schinz,Asphodelaceae,1,0,1,0,1,0,1,1,0,0,0,Jul,Oct,NA,NA,100,0,1,0,0,0,0,0,0,0,0,0,0,0,0,0,0,1,0,0,0,0,0,45,0,0,leaf,2,l,i,w,0,0,0,0
Bulbine praemorsa,Bulbine praemorsa,Asphodelaceae,Bulbine praemorsa,(Jacq.) Spreng.,Asphodelaceae,1,0,1,0,1,0,0,0,0,0,0,NA,NA,NA,NA,60,0,1,0,0,0,0,0,0,0,0,0,0,1,1,0,0,1,0,0,0,0,0,4,0,0,leaf,2,l,i,w,0,0,0,0
Bulbine succulenta,Bulbine succulenta,Asphodelaceae,Bulbine succulenta,Compton,Asphodelaceae,1,0,1,0,1,0,1,1,0,0,0,Jul,Sep,NA,NA,20,0,1,0,0,0,0,0,0,0,0,0,0,1,0,0,0,1,0,0,0,0,0,10,0,0,leaf,2,l,i,w,0,0,0,0
Bulbine torta,Bulbine torta,Asphodelaceae,Bulbine torta,N.E.Br.,Asphodelaceae,1,0,1,0,0,1,1,1,1,1,0,NA,NA,NA,NA,25,1,1,0,0,0,0,0,0,0,0,0,0,1,1,0,0,1,0,0,0,0,0,10,0,0,leaf,3,l,i,w,0,0,0,0
Capsella bursa-pastoris,Capsella bursa-pastoris,Brassicaceae,Capsella bursa-pastoris,Medik.,Brassicaceae,0,1,1,0,NA,NA,1,1,0,0,0,NA,NA,NA,NA,45,1,0,0,0,0,0,0,0,0,0,0,0,0,0,0,0,0,1,0,0,1,0,8,0,0,leaf,0,l,i,p,0,0,0,0
Cephalophyllum curtophyllum,Cephalophyllum curtophyllum,Aizoaceae,Cephalophyllum curtophyllum,(L.Bolus) Schwantes,Aizoaceae,1,0,1,0,1,0,0,0,0,0,0,Aug,NA,NA,NA,10,0,0,0,1,0,0,0,1,0,0,0,0,1,1,0,0,0,1,0,0,0,0,5,0,0,leaf,3,l,i,p,0,0,0,0
Cephalophyllum framesii,Cephalophyllum framesii,Aizoaceae,Cephalophyllum framesii,L.Bolus,Aizoaceae,1,0,1,0,1,0,0,0,0,0,0,Jun,Aug,NA,NA,10,0,0,0,1,0,0,0,1,0,0,0,0,1,1,0,0,0,1,0,0,0,0,7,0,0,leaf,3,l,i,p,0,0,0,0
Cephalophyllum hallii,Cephalophyllum hallii,Aizoaceae,Cephalophyllum hallii,L.Bolus,Aizoaceae,1,0,1,0,1,0,0,0,0,0,0,NA,NA,NA,NA,8,0,0,0,1,0,0,0,0,0,0,0,0,1,1,0,0,0,1,0,0,0,0,5,0,0,leaf,3,l,i,p,0,0,0,0
Chaenostoma caeruleum,Chaenostoma caeruleum,Scrophulariaceae,Chaenostoma caeruleum,(L.f.) Kornhall,Scrophulariaceae,1,0,1,0,1,0,0,0,0,0,0,Jul,Oct,NA,NA,100,0,0,0,1,0,0,0,0,0,0,0,0,0,0,0,0,0,1,0,0,0,0,2.5,0,0,leaf,2,l,i,p,0,0,0,0
Chaetobromus involucratus,Chaetobromus involucratus,Poaceae,Chaetobromus involucratus,(Schrad.) Nees,Poaceae,1,0,1,0,1,0,0,0,0,1,0,NA,NA,NA,NA,60,0,0,1,0,0,0,0,0,0,0,0,0,0,0,0,0,1,0,0,0,0,0,25,0,1,mixed,2,h,w,w,0,0,0,0
Cheiridopsis namaquensis,Cheiridopsis namaquensis,Aizoaceae,Cheiridopsis namaquensis,(Sond.) H.E.K.Hartmann,Aizoaceae,1,0,1,0,1,0,0,0,0,0,0,Jul,Sep,NA,NA,5,0,0,0,0,0,0,0,0,0,0,0,0,1,1,0,0,0,1,0,0,0,0,4,0,0,leaf,3,l,i,p,0,0,0,0
Chlorophytum undulatum,Chlorophytum undulatum,Agavaceae,Chlorophytum graminifolium,(Willd.) Kunth,Asparagaceae,1,0,1,0,0,1,1,1,0,0,0,Jul,Oct,NA,NA,60,0,1,0,0,0,0,0,0,0,0,0,0,0,0,0,0,0,1,0,0,0,0,15,0,0,leaf,2,l,i,w,0,0,0,0
Chrysocoma oblongifolia,Chrysocoma oblongifolia,Asteraceae,Chrysocoma oblongifolia,DC.,Asteraceae,1,0,1,0,1,0,0,0,0,0,0,NA,NA,NA,NA,30,0,0,0,1,0,0,0,0,0,0,0,0,0,0,0,0,0,1,0,0,0,0,2,0,0,leaf,3,m,i,w,0,0,0,0
Cladoraphis spinosa,Cladoraphis spinosa,Poaceae,Cladoraphis spinosa,(L.f.) S.M.Phillips,Poaceae,1,0,1,0,1,0,0,0,0,0,0,Aug,May,NA,NA,60,0,0,1,0,0,0,0,0,0,0,0,0,0,0,0,0,0,1,0,0,0,0,5,0,1,mixed,2,l,w,w,0,0,0,0
Cleretum bellidiforme,Cleretum bellidiforme,Aizoaceae,Cleretum bellidiforme,(Burm.f.) G.D.Rowley,Aizoaceae,0,1,1,0,NA,NA,1,1,0,0,0,Aug,Sep,NA,NA,5,1,0,0,0,0,0,0,0,0,0,0,0,1,1,0,0,0,0,1,0,0,0,3,0,0,leaf,0,l,i,p,0,0,0,0
Cleretum lyratifolium,Cleretum lyratifolium,Aizoaceae,Cleretum lyratifolium,Ihlenf. & Struck,Aizoaceae,0,1,1,0,NA,NA,1,1,0,0,0,NA,NA,NA,NA,5,1,0,0,0,0,0,0,0,0,0,0,0,1,1,0,0,0,1,0,0,0,0,4,0,0,leaf,0,l,i,p,0,0,0,0
Cleretum maughanii,Cleretum maughanii,Aizoaceae,Cleretum maughanii,(N.E.Br.) Klak,Aizoaceae,0,1,1,0,NA,NA,1,1,0,0,0,Jul,Sep,NA,NA,10,1,0,0,0,0,0,0,0,0,0,0,0,1,1,0,0,0,0,1,0,0,0,5,0,0,leaf,0,l,i,p,0,0,0,0
Cleretum papulosum,Cleretum papulosum,Aizoaceae,Cleretum papulosum,(L.f.) L.Bolus,Aizoaceae,0,1,1,0,NA,NA,1,1,0,0,0,NA,NA,NA,NA,5,1,0,0,0,0,0,0,0,0,0,0,0,1,1,0,0,0,1,0,0,0,0,4,0,0,leaf,0,l,i,p,0,0,0,0
Cliffortia arborea,Cliffortia arborea,Rosaceae,Cliffortia arborea,Marloth,Rosaceae,1,0,1,1,1,0,0,0,0,1,1,Nov,NA,NA,NA,500,0,0,0,0,0,1,1,0,0,0,0,0,0,0,0,0,0,1,0,0,0,0,2,0,0,leaf,3,h,w,p,0,0,0,0
Colchicum albomarginatum,Colchicum albomarginatum,Colchicaceae,Colchicum albomarginatum,(Schinz) J.C.Manning & Vinn.,Colchicaceae,1,0,1,0,0,1,1,1,0,1,0,NA,NA,NA,NA,10,1,1,0,0,0,0,0,0,0,0,0,0,0,0,0,0,0,0,1,0,0,0,15,0,0,leaf,2,l,m,p,0,0,0,0
Colchicum capense subsp. ciliolatum,Colchicum capense subsp. ciliolatum,Colchicaceae,Colchicum capense subsp. ciliolatum,(Schltr. & K.Krause) J.C.Manning & Vinn.,Colchicaceae,1,0,1,0,0,1,1,1,0,1,0,NA,NA,NA,NA,12,1,1,0,0,0,0,0,0,0,0,0,0,0,0,0,0,0,1,0,0,0,0,12,0,0,leaf,2,l,m,p,0,0,0,0
Colchicum crispum,Colchicum crispum,Colchicaceae,Colchicum crispum,(Schinz) J.C.Manning & Vinn.,Colchicaceae,1,0,1,0,0,1,1,1,0,0,0,Jul,Aug,NA,NA,10,1,1,0,0,0,0,0,0,0,0,0,0,0,0,0,0,0,1,0,0,0,0,10,0,0,leaf,2,l,m,p,0,0,0,0
Convolvulus capensis,Convolvulus capensis,Convolvulaceae,Convolvulus capensis,Burm.f.,Convolvulaceae,1,0,1,0,1,0,0,0,0,0,0,Sep,Oct,NA,NA,200,0,0,0,0,0,0,0,1,1,0,0,0,0,0,0,0,0,0,1,0,1,0,2,0,0,leaf,2,l,i,w,0,0,0,0
Nidorella ivifolia,Conyza scabrida,Asteraceae,Nidorella ivifolia,(L.) J.C.Manning & Goldblatt,Asteraceae,1,0,1,0,1,0,0,0,0,0,0,Nov,Apr,NA,NA,200,0,0,0,0,1,0,0,0,0,0,0,0,0,0,0,0,0,1,0,0,0,0,5,0,0,leaf,2,m,i,w,0,0,0,0
Cotula barbata,Cotula barbata,Asteraceae,Cotula barbata,DC.,Asteraceae,0,1,1,0,NA,NA,1,1,0,0,0,NA,NA,NA,NA,15,1,0,0,0,0,0,0,0,0,0,0,0,0,0,0,0,1,0,0,0,1,1,5,0,0,leaf,0,l,i,w,0,0,0,0
Cotula bipinnata,Cotula bipinnata,Asteraceae,Cotula bipinnata,Thunb.,Asteraceae,0,1,1,0,NA,NA,1,1,0,0,0,NA,NA,NA,NA,30,1,0,0,0,0,0,0,0,0,0,0,0,0,0,0,0,0,1,0,0,1,1,5,0,0,leaf,0,l,i,w,0,0,0,0
Cotula microglossa,Cotula microglossa,Asteraceae,Cotula microglossa,O.Hoffm. & Kuntze ex Kuntze,Asteraceae,0,1,1,0,NA,NA,1,1,0,0,0,Sep,Oct,NA,NA,10,1,0,0,0,0,0,0,0,0,0,0,0,0,0,0,0,0,1,0,0,1,1,5,0,0,leaf,0,l,i,w,0,0,0,0
Cotula nudicaulis,Cotula nudicaulis,Asteraceae,Cotula nudicaulis,Thunb.,Asteraceae,0,1,1,0,NA,NA,1,1,0,0,0,Jul,Sep,NA,NA,15,1,0,0,0,0,0,0,0,0,0,0,0,0,0,0,0,0,1,0,0,1,1,2,0,0,leaf,0,l,i,w,0,0,0,0
Cotula sororia,Cotula sororia,Asteraceae,Cotula sororia,DC.,Asteraceae,0,1,1,0,NA,NA,1,1,0,0,0,NA,NA,NA,NA,15,1,0,0,0,0,0,0,0,0,0,0,0,0,0,0,0,0,1,0,0,1,1,2,0,0,leaf,0,l,i,w,0,0,0,0
Crassula alpestris,Crassula alpestris,Crassulaceae,Crassula alpestris,Thunb.,Crassulaceae,1,0,1,0,1,0,0,0,NA,0,0,NA,NA,NA,NA,8,1,0,0,0,0,0,0,0,0,0,0,0,1,1,0,0,0,1,0,0,0,0,2,0,0,leaf,3,l,i,p,0,0,0,0
Crassula barbata,Crassula barbata,Crassulaceae,Crassula barbata,Thunb.,Crassulaceae,1,0,1,0,1,0,0,0,0,0,0,Sep,Nov,NA,NA,10,1,0,0,0,0,0,0,0,0,0,0,0,1,1,0,0,0,0,1,0,0,0,4,0,0,leaf,2,l,i,p,0,0,0,0
Crassula dichotoma,Crassula dichotoma,Crassulaceae,Crassula dichotoma,L.,Crassulaceae,0,1,1,0,NA,NA,1,1,0,0,0,NA,NA,NA,NA,20,1,0,0,0,0,0,0,0,0,0,0,0,1,1,0,0,0,0,1,0,0,0,1,0,0,leaf,0,l,i,p,0,0,0,0
Crassula glomerata,Crassula glomerata,Crassulaceae,Crassula glomerata,P.J.Bergius,Crassulaceae,0,1,1,0,NA,NA,1,1,0,0,0,NA,NA,NA,NA,15,1,0,0,0,0,0,0,0,0,0,0,0,1,1,0,0,0,1,0,0,0,0,0.7,0,0,leaf,0,l,i,p,0,0,0,0
Crassula sericea,Crassula sericea,Crassulaceae,Crassula sericea,Schönland,Crassulaceae,1,0,1,0,1,0,0,0,0,0,0,NA,NA,NA,NA,20,0,0,0,1,0,0,0,0,0,0,0,0,1,1,0,0,0,0,1,0,0,0,3.5,0,0,leaf,3,l,i,p,0,0,0,0
Crassula subaphylla,Crassula subaphylla,Crassulaceae,Crassula subaphylla,(Eckl. & Zeyh.) Harv.,Crassulaceae,1,0,1,0,1,0,0,0,0,0,0,NA,NA,NA,NA,80,0,0,0,1,0,0,0,0,0,0,0,0,1,1,0,0,1,1,0,0,0,0,4,0,0,leaf,3,l,i,p,0,0,0,0
Crassula thunbergiana,Crassula thunbergiana,Crassulaceae,Crassula thunbergiana,Roem. & Schult.,Crassulaceae,0,1,1,0,NA,NA,1,1,0,0,0,NA,NA,NA,NA,8,1,0,0,0,0,0,0,1,0,0,0,0,1,1,0,0,1,1,0,0,0,0,1.2,0,0,leaf,0,l,i,p,0,0,0,0
Crassula umbella,Crassula umbella,Crassulaceae,Crassula umbella,Jacq.,Crassulaceae,0,1,1,0,NA,NA,1,1,0,0,0,Jul,Oct,NA,NA,10,1,0,0,0,0,0,0,0,0,0,0,0,1,1,0,0,0,0,1,0,0,0,8,0,0,leaf,0,l,i,p,0,0,0,0
Crassula vaillantii,Crassula vaillantii,Crassulaceae,Crassula vaillantii,(Willd.) Roth,Crassulaceae,0,1,1,0,NA,NA,1,1,0,0,0,NA,NA,NA,NA,15,1,0,0,0,0,0,0,0,0,0,0,0,1,1,0,0,1,0,0,0,0,0,0.4,0,0,leaf,0,l,i,p,0,0,0,0
Cromidon corrigioloides,Cromidon corrigioloides,Scrophulariaceae,Cromidon corrigioloides,(Rolfe) Compton,Scrophulariaceae,0,1,1,0,NA,NA,1,1,0,0,0,NA,NA,NA,NA,15,1,0,0,0,0,0,0,0,0,0,0,0,0,0,0,0,0,1,0,0,0,0,0.6,0,0,leaf,0,l,i,p,0,0,0,0
Cromidon varicalyx,Cromidon varicalyx,Scrophulariaceae,Cromidon varicalyx,Hilliard,Scrophulariaceae,0,1,1,0,NA,NA,1,1,0,0,0,NA,NA,NA,NA,10,1,0,0,0,0,0,0,0,0,0,0,0,0,0,0,0,0,1,0,0,0,0,2,0,0,leaf,0,l,i,p,0,0,0,0
Crossyne guttata,Crossyne guttata,Amaryllidaceae,Crossyne guttata,(L.) D.Müll.-Doblies & U.Müll.-Doblies,Amaryllidaceae,1,0,1,0,0,1,1,1,1,1,0,Feb,Apr,NA,NA,45,0,1,0,0,0,0,0,0,0,0,0,0,0,0,0,0,0,1,0,0,0,0,30,0,0,leaf,3,l,i,w,0,0,0,0
Cyperus marginatus,Cyperus marginatus,Cyperaceae,Cyperus marginatus,Thunb.,Cyperaceae,1,0,1,0,1,0,0,0,0,0,0,NA,NA,NA,NA,150,0,0,1,0,0,0,0,0,0,0,0,0,0,0,0,0,1,0,0,0,0,0,100,1,1,mixed,2,h,w,w,0,0,0,0
Cyphia volubilis,Cyphia volubilis,Lobeliaceae,Cyphia volubilis,Willd.,Campanulaceae,1,0,1,0,1,0,1,1,0,1,0,Aug,Sep,NA,NA,50,0,1,0,0,0,0,0,0,1,0,0,0,0,0,0,0,1,0,0,0,0,0,2,0,1,mixed,2,l,i,p,0,0,0,0
Cysticapnos vesicaria,Cysticapnos vesicaria,Fumariaceae,Cysticapnos vesicaria,(L.) Fedde,Papaveraceae,0,1,1,0,NA,NA,1,1,0,0,0,NA,NA,NA,NA,100,1,0,0,0,0,0,0,1,0,0,0,0,0,0,0,0,0,1,0,0,1,1,1.5,0,0,leaf,0,l,i,p,0,0,0,0
Deverra denudata,Deverra denudata,Apiaceae,Deverra denudata,(Viv.) Pfisterer & Podlech,Apiaceae,1,0,1,0,0,1,0,0,0,1,0,NA,NA,NA,NA,200,0,0,0,0,1,0,0,0,0,0,0,0,0,0,0,0,1,0,0,1,1,1,5,1,1,mixed,3,m,w,p,0,0,0,0
Diascia macrophylla,Diascia macrophylla,Scrophulariaceae,Diascia macrophylla,(Thunb.) Spreng.,Scrophulariaceae,0,1,1,0,NA,NA,1,1,0,0,0,NA,NA,NA,NA,60,1,0,0,0,0,0,0,0,0,0,0,0,0,0,0,0,0,0,1,0,0,0,1.5,0,0,leaf,0,l,i,p,0,0,0,0
Diascia namaquensis,Diascia namaquensis,Scrophulariaceae,Diascia namaquensis,Hiern,Scrophulariaceae,0,1,1,0,NA,NA,1,1,0,0,0,NA,NA,NA,NA,40,1,0,0,0,0,0,0,0,0,0,0,0,0,0,0,0,0,1,1,0,1,0,2,0,0,leaf,0,l,i,p,0,0,0,0
Diascia nana,Diascia nana,Scrophulariaceae,Diascia nana,Diels,Scrophulariaceae,0,1,1,0,NA,NA,1,1,0,0,0,NA,NA,NA,NA,13,1,0,0,0,0,0,0,0,0,0,0,0,0,0,0,0,0,0,1,0,1,0,2,0,0,leaf,0,l,i,p,0,0,0,0
Didelta spinosa,Didelta spinosa,Asteraceae,Didelta spinosa,(L.f.) Aiton,Asteraceae,1,0,1,0,1,0,0,0,0,0,0,Jul,Sep,NA,NA,200,0,0,0,0,1,0,0,0,0,0,0,0,1,1,0,0,0,0,1,0,0,0,4,0,0,leaf,3,l,i,w,0,0,0,0
Dimorphotheca cuneata,Dimorphotheca cuneata,Asteraceae,Dimorphotheca cuneata,DC.,Asteraceae,1,0,1,0,1,0,0,0,0,0,0,Sep,Nov,NA,NA,50,0,0,0,1,0,0,0,0,0,0,0,0,0,0,0,0,0,0,1,0,0,0,2,0,0,leaf,3,l,i,w,0,0,0,0
Dimorphotheca pinnata,Dimorphotheca pinnata,Asteraceae,Osteospermum pinnatum,(Thunb.) Norl.,Asteraceae,0,1,1,0,NA,NA,1,1,0,0,0,Jul,Sep,NA,NA,15,1,0,0,0,0,0,0,0,0,0,0,0,0,0,0,0,1,0,0,0,0,1,4,0,0,leaf,0,l,i,w,0,0,0,0
Dimorphotheca pluvialis,Dimorphotheca pluvialis,Asteraceae,Dimorphotheca pluvialis,Moench,Asteraceae,0,1,1,0,NA,NA,1,1,0,0,0,Aug,Oct,NA,NA,30,1,0,0,0,0,0,0,0,0,0,0,0,0,0,0,0,0,1,0,0,1,0,3,0,0,leaf,0,l,i,w,0,0,0,0
Dimorphotheca sinuata,Dimorphotheca sinuata,Asteraceae,Dimorphotheca sinuata,DC.,Asteraceae,0,1,1,0,NA,NA,1,1,0,0,0,NA,NA,NA,NA,30,1,0,0,0,0,0,0,0,0,0,0,0,0,0,0,0,0,1,0,0,1,0,3,0,0,leaf,0,l,i,w,0,0,0,0
Disperis purpurata,Disperis purpurata,Orchidaceae,Disperis purpurata,Rchb.f.,Orchidaceae,1,0,1,0,0,1,1,1,1,1,0,NA,NA,NA,NA,20,1,1,0,0,0,0,0,0,0,0,0,0,0,0,0,0,0,0,1,0,0,0,5,0,0,leaf,2,l,i,p,0,0,0,0
Drimia physodes,Drimia physodes,Hyacinthaceae,Fusifilum physodes,(Jacq.) Raf. ex Speta,Asparagaceae,1,0,1,0,0,1,1,1,0,1,0,Oct,Apr,NA,NA,15,0,1,0,0,0,0,0,0,0,0,0,0,0,0,0,0,1,0,0,0,0,0,10,0,0,leaf,3,l,i,p,0,0,0,0
Drosanthemum floribundum,Drosanthemum floribundum,Aizoaceae,Drosanthemum floribundum,(Haw.) Schwantes,Aizoaceae,1,0,1,0,1,0,0,0,0,0,0,Sep,Dec,NA,NA,30,0,0,0,1,0,0,0,1,0,0,0,0,1,1,0,0,1,0,0,0,0,0,2,0,0,leaf,2,l,i,p,0,0,0,0
Drosanthemum framesii,Drosanthemum framesii,Aizoaceae,Drosanthemum framesii,L.Bolus,Aizoaceae,1,0,1,0,1,0,0,0,0,0,0,Sep,NA,NA,NA,8,0,0,0,1,0,0,0,1,0,0,0,0,1,1,0,0,0,1,0,0,0,0,1.5,0,0,leaf,2,l,i,p,0,0,0,0
Drosanthemum karrooense,Drosanthemum karrooense,Aizoaceae,Drosanthemum karrooense,L.Bolus,Aizoaceae,1,0,1,0,1,0,0,0,0,0,0,Aug,NA,NA,NA,20,0,0,0,1,0,0,0,0,0,0,0,0,1,1,0,0,1,0,0,0,0,0,1.1,0,0,leaf,2,l,i,p,0,0,0,0
Ehrharta delicatula,Ehrharta delicatula,Poaceae,Ehrharta delicatula,Stapf,Poaceae,0,1,1,0,NA,NA,1,1,0,0,0,NA,NA,NA,NA,45,0,0,1,0,0,0,0,0,0,0,0,0,0,0,0,0,1,0,0,0,0,0,15,0,1,mixed,0,l,w,w,0,0,0,0
Ehrharta longiflora,Ehrharta longiflora,Poaceae,Ehrharta longiflora,Sm.,Poaceae,0,1,1,0,NA,NA,1,1,0,0,0,NA,NA,NA,NA,90,0,0,1,0,0,0,0,0,0,0,0,0,0,0,0,0,1,0,0,0,0,0,30,0,0,mixed,0,l,w,w,0,0,0,0
Ehrharta longifolia,Ehrharta longifolia,Poaceae,Ehrharta longifolia,Schrad.,Poaceae,1,0,1,0,1,0,0,0,0,1,0,NA,NA,NA,NA,120,0,0,1,0,0,0,0,0,0,0,0,0,0,0,0,0,1,0,0,0,0,0,60,0,1,mixed,2,l,w,w,0,0,0,0
Ehrharta melicoides,Ehrharta melicoides,Poaceae,Ehrharta melicoides,Thunb.,Poaceae,1,0,1,0,0,1,0,0,0,0,0,Sep,Nov,NA,NA,80,0,0,1,0,0,0,0,0,0,0,0,0,0,0,0,0,0,1,0,0,0,0,20,0,1,mixed,2,m,w,w,0,0,0,0
Ehrharta ramosa,Ehrharta ramosa subsp. ramosa,Poaceae,Ehrharta ramosa,Thunb.,Poaceae,1,0,1,0,1,0,0,0,0,1,0,Sep,Jan,NA,NA,100,0,0,1,0,0,0,0,0,0,0,0,0,0,0,0,0,1,0,0,0,0,0,10,0,1,mixed,2,h,w,w,0,0,0,0
Emilia hantamensis,Emilia hantamensis,Asteraceae,Emilia hantamensis,J.C.Manning & Goldblatt,Asteraceae,0,1,1,0,NA,NA,1,1,0,0,0,NA,NA,NA,NA,30,1,0,0,0,0,0,0,0,0,0,0,0,0,0,0,0,0,1,0,0,1,0,7,0,0,leaf,2,l,i,w,0,0,0,0
Erica inaequalis,Erica inaequalis,Ericaceae,Erica inaequalis,(Klotzsch) E.G.H.Oliv.,Ericaceae,1,0,1,0,1,0,0,0,0,1,0,Sep,Feb,NA,NA,20,0,0,0,1,0,0,0,0,0,0,0,0,0,0,0,0,1,0,0,0,0,0,0.3,0,0,leaf,3,h,i,p,0,0,0,0
Eriocephalus decussatus,Eriocephalus decussatus,Asteraceae,Eriocephalus decussatus,Burch.,Asteraceae,1,0,1,0,1,0,0,0,0,0,0,Jul,Sep,NA,NA,150,0,0,0,1,1,0,0,0,0,0,0,0,0,0,0,0,1,0,0,0,0,0,0.3,0,0,leaf,2,m,i,w,0,0,0,0
Eriocephalus ericoides,Eriocephalus ericoides,Asteraceae,Eriocephalus ericoides,(L.f.) Druce,Asteraceae,1,0,1,0,1,0,0,0,0,0,0,Jul,Nov,NA,NA,100,0,0,0,1,0,0,0,0,0,0,0,0,0,0,0,0,1,0,0,0,0,0,0.4,0,0,leaf,2,m,i,w,0,0,0,0
Eriocephalus microphyllus,Eriocephalus microphyllus,Asteraceae,Eriocephalus microphyllus,DC.,Asteraceae,1,0,1,0,1,0,0,0,0,0,0,Jun,Jul,Aug,NA,80,0,0,0,1,0,0,0,0,0,0,0,0,0,0,0,0,1,0,0,0,0,0,0.4,0,0,leaf,2,m,i,w,0,0,0,0
Eriocephalus namaquensis,Eriocephalus namaquensis,Asteraceae,Eriocephalus namaquensis,M.A.N.Müll.,Asteraceae,1,0,1,0,1,0,0,0,0,0,0,Jul,Oct,NA,NA,45,0,0,0,1,0,0,0,0,0,0,0,0,0,0,0,0,1,0,0,0,0,0,0.3,0,0,leaf,2,l,i,w,0,0,0,0
Eriocephalus pauperrimus,Eriocephalus pauperrimus,Asteraceae,Eriocephalus pauperrimus,Merxm. & Eberle,Asteraceae,1,0,1,0,1,0,0,0,0,0,0,Jun,Sep,NA,NA,100,0,0,0,1,1,0,0,0,0,0,0,0,0,0,0,0,1,0,0,0,0,0,0.3,0,0,leaf,2,m,i,w,0,0,0,0
Eriocephalus punctulatus,Eriocephalus punctulatus,Asteraceae,Eriocephalus punctulatus,DC.,Asteraceae,1,0,1,0,1,0,0,0,0,0,0,Aug,Oct,NA,NA,100,0,0,0,1,1,0,0,0,0,0,0,0,0,0,0,0,1,0,0,0,0,0,0.5,0,0,leaf,2,m,i,w,0,0,0,0
Eriocephalus purpureus,Eriocephalus purpureus,Asteraceae,Eriocephalus purpureus,Burch.,Asteraceae,1,0,1,0,1,0,0,0,0,0,0,Jul,Aug,NA,NA,60,0,0,0,1,0,0,0,0,0,0,0,0,0,0,0,0,1,0,0,0,0,0,0.5,0,0,leaf,2,m,i,w,0,0,0,0
Eriocephalus spinescens,Eriocephalus spinescens,Asteraceae,Eriocephalus spinescens,Burch.,Asteraceae,1,0,1,0,1,0,0,0,0,0,0,NA,NA,NA,NA,40,0,0,0,1,0,0,0,0,0,0,0,0,0,0,0,0,1,0,0,0,0,0,0.3,0,0,leaf,2,l,i,w,0,0,0,0
Erodium cicutarium,Erodium cicutarium,Geraniaceae,Erodium cicutarium,(L.) L'Hér.,Geraniaceae,0,1,1,0,NA,NA,1,1,0,0,0,All year,NA,NA,NA,50,1,0,0,0,0,0,0,0,0,0,0,0,0,0,0,0,0,1,0,1,0,1,4,0,0,leaf,0,l,i,w,0,0,0,0
Erodium moschatum,Erodium moschatum,Geraniaceae,Erodium moschatum,(Burm.f.) L'Hér.,Geraniaceae,0,1,1,0,NA,NA,1,1,0,0,0,NA,NA,NA,NA,30,1,0,0,0,0,0,0,0,0,0,0,0,0,0,0,0,0,1,0,1,1,1,5,0,0,leaf,0,l,i,w,0,0,0,0
Euchlora hirsuta,Euchlora hirsuta,Fabaceae,Euchlora hirsuta,(Thunb.) Druce,Fabaceae,1,0,1,0,0,1,1,1,0,1,0,Jun,Oct,NA,NA,20,1,1,0,1,0,0,0,0,0,0,0,0,0,0,0,0,0,1,0,0,0,0,2,0,0,leaf,3,l,i,p,0,0,0,0
Euphorbia hamata,Euphorbia hamata,Euphorbiaceae,Euphorbia hamata,(Haw.) Sweet,Euphorbiaceae,1,0,0,1,1,0,0,0,0,0,0,NA,NA,NA,NA,60,0,0,0,1,0,0,0,0,0,0,0,0,1,0,1,0,0,1,1,0,0,0,2,1,1,mixed,3,l,i,p,0,0,0,0
Euphorbia multiceps,Euphorbia multiceps,Euphorbiaceae,Euphorbia multiceps,A.Berger,Euphorbiaceae,1,0,1,0,1,0,0,0,0,0,0,NA,NA,NA,NA,60,0,0,0,1,0,0,0,0,0,0,0,0,1,0,1,0,1,0,0,0,0,0,1.2,1,1,mixed,3,l,i,p,0,0,0,0
Euryops annuus,Euryops annuus,Asteraceae,Euryops annuus,Compton,Asteraceae,0,1,1,0,NA,NA,1,1,0,0,0,NA,NA,NA,NA,40,1,0,0,0,0,0,0,0,0,0,0,0,0,0,0,0,1,0,0,1,NA,1,8,0,0,leaf,0,l,i,w,0,0,0,0
Euryops imbricatus,Euryops imbricatus,Asteraceae,Euryops imbricatus,Less.,Asteraceae,1,0,1,0,1,0,0,0,0,0,0,NA,NA,NA,NA,120,0,0,0,1,1,0,0,0,0,0,0,0,0,0,0,0,0,1,0,0,0,0,1.7,0,0,leaf,2,m,i,w,0,0,0,0
Euryops lateriflorus,Euryops lateriflorus,Asteraceae,Euryops lateriflorus,(L.f.) DC.,Asteraceae,1,0,1,0,1,0,0,0,0,1,0,May,Aug,NA,NA,150,0,0,0,1,1,0,0,0,0,0,0,0,0,0,0,0,0,1,0,0,0,0,3,0,0,leaf,3,h,i,w,0,0,0,0
Euryops marlothii,Euryops marlothii,Asteraceae,Euryops marlothii,B.Nord.,Asteraceae,1,0,1,0,1,0,0,0,0,0,0,Jul,Dec,NA,NA,150,0,0,0,1,1,0,0,0,0,0,0,0,0,0,0,0,1,0,0,0,1,0,1.5,0,0,leaf,2,h,i,w,0,0,0,0
Euryops multifidus,Euryops multifidus,Asteraceae,Euryops multifidus,(Thunb.) DC.,Asteraceae,1,0,1,0,1,0,0,0,0,0,0,Jun,Sep,NA,NA,150,0,0,0,1,1,0,0,0,0,0,0,0,0,0,0,0,1,0,0,0,1,0,1,0,0,leaf,2,h,i,w,0,0,0,0
Euryops trifidus,Euryops trifidus,Asteraceae,Euryops trifidus,(L.f.) DC.,Asteraceae,1,0,1,0,1,0,0,0,0,0,0,NA,NA,NA,NA,100,0,0,0,1,0,0,0,0,0,0,0,0,0,0,0,0,1,0,0,0,0,1,1.5,0,0,leaf,2,h,i,w,0,0,0,0
Felicia merxmuelleri,Felicia merxmuelleri,Asteraceae,Felicia merxmuelleri,Grau,Asteraceae,0,1,1,0,NA,NA,1,1,0,0,0,NA,NA,NA,NA,25,1,0,0,0,0,0,0,0,0,0,0,0,0,0,0,0,0,1,0,0,0,0,2,0,0,leaf,0,l,i,w,0,0,0,0
Felicia australis,Felicia australis,Asteraceae,Felicia australis,(Alston) E.Phillips,Asteraceae,0,1,1,0,NA,NA,1,1,0,0,0,Aug,Sep,NA,NA,25,1,0,0,0,0,0,0,0,0,0,0,0,0,0,0,0,1,0,0,0,0,0,1.5,0,0,leaf,0,l,i,w,0,0,0,0
Felicia bergiana,Felicia bergiana,Asteraceae,Felicia bergeriana,(Spreng.) O.Hoffm.,Asteraceae,0,1,1,0,NA,NA,1,1,0,0,0,Aug,Oct,NA,NA,20,1,0,0,0,0,0,0,0,0,0,0,0,0,0,0,0,0,0,1,0,0,0,1.5,0,0,leaf,0,l,i,w,0,0,0,0
Felicia brevifolia,Felicia brevifolia,Asteraceae,Felicia brevifolia,(DC.) Grau,Asteraceae,1,0,1,0,1,0,0,0,0,0,0,May,Oct,NA,NA,150,0,0,0,0,1,0,0,0,0,0,0,0,0,0,0,0,0,1,0,0,0,0,2,0,0,leaf,3,h,i,i,0,0,0,0
Felicia hirsuta,Felicia hirsuta,Asteraceae,Felicia hirsuta,DC.,Asteraceae,1,0,1,0,1,0,0,0,0,0,0,Mar,Oct,NA,NA,50,0,0,0,1,0,0,0,0,0,0,0,0,0,0,0,0,1,0,0,0,0,0,0.9,0,0,leaf,2,m,i,w,0,0,0,0
Felicia hirta,Felicia hirta,Asteraceae,Felicia hirta,(Thunb.) Grau,Asteraceae,1,0,1,0,1,0,0,0,0,0,0,Jul,Oct,NA,NA,35,0,0,0,1,0,0,0,0,0,0,0,0,0,0,0,0,1,0,0,0,0,0,0.8,0,0,leaf,2,m,i,w,0,0,0,0
Felicia hispida,Felicia hispida,Asteraceae,Felicia hispida,(DC.) Grau,Asteraceae,1,0,1,0,1,0,0,0,0,0,0,NA,NA,NA,NA,30,1,0,0,0,0,0,0,0,0,0,0,0,0,0,0,0,0,1,0,0,0,0,1,0,0,leaf,1,l,i,w,0,0,0,0
Felicia macrorrhiza,Felicia macrorrhiza,Asteraceae,Felicia macrorrhiza,DC.,Asteraceae,1,0,1,0,1,0,0,0,0,0,0,Jul,Sep,NA,NA,20,0,0,0,1,0,0,0,0,0,0,0,0,0,0,0,0,1,0,0,0,0,0,2,0,0,leaf,3,m,i,w,0,0,0,0
Felicia ovata,Felicia ovata,Asteraceae,Felicia ovata,(Thunb.) Compton,Asteraceae,1,0,1,0,1,0,0,0,0,0,0,May,Nov,NA,NA,60,0,0,0,1,0,0,0,0,0,0,0,0,0,0,0,0,0,1,1,0,0,0,1,0,0,leaf,2,m,i,w,0,0,0,0
Felicia rogersii,Felicia rogersii,Asteraceae,Felicia rogersii,S.Moore,Asteraceae,1,0,1,0,1,0,0,0,0,0,0,Aug,Sep,NA,NA,30,0,0,0,1,0,0,0,0,0,0,0,0,0,0,0,0,1,0,0,0,0,0,1,0,0,leaf,3,m,i,w,0,0,0,0
Fingerhuthia africana,Fingerhuthia africana,Poaceae,Fingerhuthia africana,Nees ex Lehm.,Poaceae,1,1,1,0,0,1,0,0,0,0,0,Sep,Dec,NA,NA,80,0,0,1,0,0,0,0,0,0,0,0,0,0,0,0,0,1,0,0,0,0,0,15,0,1,mixed,2,h,w,w,0,0,0,0
Forsskaolea candida,Forsskaolea candida,Urticaceae,Forsskaolea candida,L.f.,Urticaceae,1,0,1,0,1,0,0,0,0,0,0,NA,NA,NA,NA,80,0,0,0,1,0,0,0,0,0,0,0,0,0,0,0,0,0,0,1,0,0,0,NA,0,0,leaf,2,m,i,p,0,0,0,0
Foveolina dichotoma,Foveolina dichotoma,Asteraceae,Foveolina dichotoma,(DC.) Källersjö,Asteraceae,0,1,1,0,NA,NA,1,1,0,0,0,Aug,Nov,NA,NA,25,1,0,0,0,0,0,0,0,0,0,0,0,0,0,0,0,1,0,0,1,1,0,1,0,0,leaf,0,l,i,w,0,0,0,0
Galenia africana,Galenia africana,Aizoaceae,Aizoon africanum,(L.) Klak,Aizoaceae,1,0,1,0,1,0,0,0,0,0,0,Oct,Dec,NA,NA,100,0,0,0,1,0,0,0,0,0,0,0,0,0,0,0,0,1,0,0,0,0,0,2,0,0,leaf,2,h,i,p,0,0,0,0
Galenia filiformis,Galenia filiformis,Aizoaceae,Aizoon filiforme,(Thunb.) Klak,Aizoaceae,1,0,1,0,1,0,0,0,0,0,0,Aug,Oct,NA,NA,10,1,0,0,0,0,0,0,1,0,0,0,0,1,1,0,0,0,1,0,0,0,0,1.5,0,0,leaf,2,l,i,p,0,0,0,0
Galenia fruticosa,Galenia fruticosa,Aizoaceae,Aizoon fruticosum,L.f.,Aizoaceae,1,0,1,0,1,0,0,0,0,0,0,Aug,Dec,NA,NA,50,0,0,0,1,0,0,0,0,0,0,0,0,0,0,0,0,0,0,1,0,0,0,1.3,0,0,leaf,2,l,i,p,0,0,0,0
Galenia namaensis,Galenia namaensis,Aizoaceae,Aizoon namaense,(Schinz) Klak,Aizoaceae,1,0,1,0,1,0,0,0,0,0,0,Nov,Dec,NA,NA,100,0,0,0,1,0,0,0,0,0,0,0,0,0,0,0,0,1,1,0,0,0,0,1.5,0,0,leaf,2,l,i,p,0,0,0,0
Galenia sarcophylla,Galenia sarcophylla,Aizoaceae,Aizoon sarcophyllum,(Fenzl ex Sond.) Klak,Aizoaceae,1,0,1,0,1,0,0,0,0,0,0,Jul,Oct,NA,NA,20,0,0,0,1,0,0,0,0,0,0,0,0,1,1,0,0,0,1,0,0,0,0,1.5,0,0,leaf,2,l,i,p,0,0,0,0
Gazania lichtensteinii,Gazania lichtensteinianum,Asteraceae,Gazania lichtensteinii,Less.,Asteraceae,0,1,1,0,NA,NA,1,1,0,0,0,Aug,Sep,NA,NA,30,1,0,0,0,0,0,0,0,0,0,0,0,0,0,0,0,0,1,0,0,0,0,3,0,0,leaf,0,l,i,w,0,0,0,0
Gazania rigida,Gazania rigida,Asteraceae,Gazania rigida,(Burm.f.) Roessler,Asteraceae,1,0,1,0,1,0,0,0,0,1,0,NA,NA,NA,NA,25,1,0,0,0,0,0,0,0,0,0,0,0,0,0,0,0,0,1,0,0,1,1,12,0,0,leaf,2,l,i,w,0,0,0,0
Gazania tenuifolia,Gazania tenuifolia,Asteraceae,Gazania tenuifolia,Less.,Asteraceae,0,1,1,0,NA,NA,1,1,0,0,0,NA,NA,NA,NA,15,1,0,0,0,0,0,0,0,0,0,0,0,0,0,0,0,1,1,0,0,1,1,10,0,0,leaf,0,l,i,w,0,0,0,0
Geissorhiza corrigata,Geissorhiza corrigata,Iridaceae,Geissorhiza corrugata,Klatt,Iridaceae,1,0,1,0,0,1,0,0,0,0,0,Aug,Sep,NA,NA,5,0,1,0,0,0,0,0,0,0,0,0,0,0,0,0,0,1,0,0,0,0,0,3,0,0,leaf,3,l,i,w,0,0,0,0
Geissorhiza divaricata,Geissorhiza divaricata,Iridaceae,Geissorhiza divaricata,Goldblatt,Iridaceae,1,0,1,0,0,1,1,1,1,1,0,NA,NA,NA,NA,45,0,1,0,0,0,0,0,0,0,0,0,0,0,0,0,0,1,0,0,0,0,0,10,0,0,leaf,2,l,i,w,0,0,0,0
Gnidia deserticola,Gnidia deserticola,Thymelaeaceae,Lasiosiphon deserticola,(Gilg) C.H.Wright,Thymelaeaceae,1,0,1,0,1,0,0,0,0,0,0,NA,NA,NA,NA,60,0,0,0,1,0,0,0,0,0,0,0,0,0,0,0,0,0,1,0,0,0,0,1,0,0,leaf,2,h,i,p,0,0,0,0
Gnidia meyeri,Gnidia meyeri,Thymelaeaceae,Gnidia meyeri,Meisn.,Thymelaeaceae,1,0,1,0,1,0,0,0,0,0,0,Aug,Oct,NA,NA,80,0,0,0,1,0,0,0,0,0,0,0,0,0,0,0,0,1,0,0,0,0,0,1.5,0,0,leaf,2,h,i,p,0,0,0,0
Gnidia scabra,Gnidia scabra,Thymelaeaceae,Gnidia scabra,Thunb.,Thymelaeaceae,1,0,1,0,1,0,0,0,0,1,0,Sep,Apr,NA,NA,100,0,0,0,1,0,0,0,0,0,0,0,0,0,0,0,0,1,0,0,0,0,0,1,0,0,leaf,2,h,i,p,0,0,0,0
Gorteria diffusa,Gorteria diffusa,Asteraceae,Gorteria diffusa,Thunb.,Asteraceae,0,1,1,0,NA,NA,1,1,0,0,0,Jul,Oct,NA,NA,10,1,0,0,0,0,0,0,0,0,0,0,0,0,0,0,0,0,1,0,0,1,1,5,0,0,leaf,0,l,i,w,0,0,0,0
Grielum humifusum,Grielum humifusum,Neuradaceae,Grielum humifusum,Thunb.,Neuradaceae,0,1,1,0,NA,NA,1,1,0,0,0,NA,NA,NA,NA,25,1,0,0,0,0,0,0,0,0,0,0,0,0,0,0,0,0,1,0,0,1,1,2,0,0,leaf,0,l,i,m,0,0,0,0
Haemanthus barkerae,Haemanthus barkerii,Amaryllidaceae,Haemanthus barkerae,Snijman,Amaryllidaceae,1,0,1,0,0,1,1,1,0,1,0,Mar,Apr,NA,NA,25,0,1,0,0,0,0,0,0,0,0,0,0,0,0,0,0,0,1,0,0,0,0,20,0,0,leaf,3,l,i,m,0,0,0,0
Haworthia venosa,Haworthia venosa,Asphodelaceae,Haworthiopsis venosa,(Lam.) G.D.Rowley,Asphodelaceae,1,0,1,0,1,0,0,0,0,0,0,Nov,Dec,NA,NA,5,1,0,0,0,0,0,0,0,0,0,0,0,1,1,0,0,0,0,1,0,0,0,4,0,0,leaf,3,l,i,p,0,0,0,0
Hebenstretia robusta,Hebenstretia robusta,Scrophulariaceae,Hebenstretia robusta,E.Mey.,Scrophulariaceae,1,0,1,0,1,0,0,0,0,0,0,NA,NA,NA,NA,50,0,0,0,1,0,0,0,0,0,0,0,0,0,0,0,0,1,0,0,0,0,0,2,0,0,leaf,1,l,i,p,0,0,0,0
Helichrysum hamulosum,Helichrysum hamulosum,Asteraceae,Helichrysum hamulosum,DC.,Asteraceae,1,0,1,0,1,0,0,0,0,0,0,Dec,Mar,NA,NA,60,0,0,0,1,0,0,0,0,0,0,0,0,0,0,0,0,1,0,0,0,0,0,1.2,0,0,leaf,2,h,i,w,0,0,0,0
Helichrysum leontonyx,Helichrysum leontonyx,Asteraceae,Helichrysum leontonyx,DC.,Asteraceae,0,1,1,0,NA,NA,1,1,0,0,0,NA,NA,NA,NA,5,1,0,0,0,0,0,0,1,0,0,0,0,0,0,0,0,0,1,0,0,0,0,2.5,0,0,leaf,0,l,i,w,0,0,0,0
Helichrysum lucilioides,Helichrysum lucilioides,Asteraceae,Helichrysum lucilioides,Less.,Asteraceae,1,0,1,0,1,0,0,0,0,0,0,NA,NA,NA,NA,60,0,0,0,1,0,0,0,0,0,0,0,0,0,0,0,0,0,0,1,0,0,0,1.2,0,0,leaf,2,m,i,w,0,0,0,0
Helichrysum obtusum,Helichrysum obtusum,Asteraceae,Helichrysum obtusum,Moeser,Asteraceae,1,0,1,0,1,0,0,0,0,0,0,Sep,NA,NA,NA,30,0,0,0,1,0,0,0,0,0,0,0,0,0,0,0,0,0,0,1,0,0,0,1,0,0,leaf,2,l,i,w,0,0,0,0
Helichrysum revolutum,Helichrysum revolutum,Asteraceae,Helichrysum revolutum,Less.,Asteraceae,1,0,1,0,1,0,0,0,0,0,0,Jul,Oct,NA,NA,200,0,0,0,0,1,0,0,0,0,0,0,0,0,0,0,0,1,0,0,0,0,0,1.3,0,0,leaf,2,h,i,w,0,0,0,0
Helichrysum stellatum,Helichrysum stellatum,Asteraceae,Helichrysum stellatum,Less.,Asteraceae,1,0,1,0,1,0,0,0,0,0,0,Sep,Oct,NA,NA,45,0,0,0,1,0,0,0,0,0,0,0,0,0,0,0,0,0,1,0,0,0,0,2,0,0,leaf,2,m,i,w,0,0,0,0
Heliophila amplexicaulis,Heliophila amplexicaulis,Brassicaceae,Heliophila amplexicaulis,L.f.,Brassicaceae,0,1,1,0,NA,NA,1,1,0,0,0,Aug,Oct,NA,NA,45,1,0,0,0,0,0,0,0,0,0,0,0,0,0,0,0,0,1,0,0,0,0,2,0,0,leaf,0,l,i,p,0,0,0,0
Heliophila collina,Heliophila collina,Brassicaceae,Heliophila collina,O.E.Schulz,Brassicaceae,0,1,1,0,NA,NA,1,1,0,0,0,Aug,Sep,NA,NA,20,1,0,0,0,0,0,0,0,0,0,0,0,0,0,0,0,1,0,0,0,1,1,2,0,0,leaf,0,l,i,p,0,0,0,0
Heliophila crithmifolia,Heliophila crithmifolia,Brassicaceae,Heliophila crithmifolia,Willd.,Brassicaceae,0,1,1,0,NA,NA,1,1,0,0,0,Jul,Oct,NA,NA,60,1,0,0,0,0,0,0,0,0,0,0,0,0,0,0,0,1,0,0,0,1,1,3,0,0,leaf,0,l,i,p,0,0,0,0
Heliophila deserticola,Heliophila deserticola,Brassicaceae,Heliophila deserticola,Schltr.,Brassicaceae,0,1,1,0,NA,NA,1,1,0,0,0,NA,NA,NA,NA,30,1,0,0,0,0,0,0,0,0,0,0,0,0,0,0,0,1,0,0,0,1,1,3,0,0,leaf,0,l,i,p,0,0,0,0
Heliophila pinnata,Heliophila pinnata,Brassicaceae,Heliophila pinnata,L.f.,Brassicaceae,0,1,1,0,NA,NA,1,1,0,0,0,Aug,Oct,NA,NA,20,1,0,0,0,0,0,0,0,0,0,0,0,0,0,0,0,1,0,0,0,1,1,2.4,0,0,leaf,0,l,i,p,0,0,0,0
Heliophila seselifolia,Heliophila seselifolia,Brassicaceae,Heliophila seselifolia,Burch. ex DC.,Brassicaceae,0,1,1,0,NA,NA,1,1,0,0,0,NA,NA,NA,NA,35,1,0,0,0,0,0,0,0,0,0,0,0,0,0,0,0,1,0,0,0,1,1,5,0,0,leaf,0,l,i,p,0,0,0,0
Heliophila suborbicularis,Heliophila suborbicularis,Brassicaceae,Heliophila suborbicularis,Al-Shehbaz & Mumm.,Brassicaceae,0,1,1,0,NA,NA,1,1,0,0,0,NA,NA,NA,NA,35,1,0,0,0,0,0,0,0,0,0,0,0,0,0,0,0,1,0,0,0,1,1,10,0,0,leaf,0,l,i,p,0,0,0,0
Heliophila variabilis,Heliophila variabilis,Brassicaceae,Heliophila variabilis,Burch. ex DC.,Brassicaceae,0,1,1,0,NA,NA,1,1,0,0,0,NA,NA,NA,NA,35,1,0,0,0,0,0,0,0,0,0,0,0,0,0,0,0,1,0,0,0,1,1,7,0,0,leaf,0,l,i,p,0,0,0,0
Hemimeris centrodes,Hemimeris centrodes,Scrophulariaceae,Hemimeris centrodes,Hiern,Scrophulariaceae,0,1,1,0,NA,NA,1,1,0,0,0,NA,NA,NA,NA,30,1,0,0,0,0,0,0,0,0,0,0,0,0,0,0,0,0,0,1,0,0,0,1.5,0,0,leaf,0,l,i,p,0,0,0,0
Hermannia alnifolia,Hermannia alnifolia,Scrophulariaceae,Hermannia alnifolia,L.,Malvaceae,1,0,1,0,1,0,0,0,0,0,0,NA,NA,NA,NA,100,0,0,0,1,0,0,0,0,0,0,0,0,0,0,0,0,0,0,1,0,0,0,1.5,0,0,leaf,1,h,i,p,0,0,0,0
Hermannia cernua,Hermannia cernua,Malvaceae,Hermannia cernua,Thunb.,Malvaceae,1,0,1,0,1,0,0,0,0,1,0,NA,NA,NA,NA,35,0,0,0,1,0,0,0,0,0,0,0,0,0,0,0,0,0,1,0,0,0,0,2,0,0,leaf,1,m,i,p,0,0,0,0
Hermannia coccocarpa,Hermannia coccocarpa,Malvaceae,Hermannia coccocarpa,(Eckl. & Zeyh.) Kuntze,Malvaceae,1,0,1,0,1,0,0,0,0,0,0,Sep,May,NA,NA,30,0,0,0,1,0,0,0,0,0,0,0,0,0,0,0,0,0,1,0,0,0,0,2,0,0,leaf,2,l,i,p,0,0,0,0
Hermannia cuneifolia,Hermannia cuneifolia,Malvaceae,Hermannia cuneifolia,Jacq.,Malvaceae,1,0,1,0,1,0,0,0,0,0,0,Aug,Oct,NA,NA,100,0,0,0,1,1,0,0,0,0,0,0,0,0,0,0,0,0,0,1,0,0,0,2,0,0,leaf,2,h,i,p,0,0,0,0
Hermannia grandiflora,Hermannia grandiflora,Malvaceae,Hermannia grandiflora,W.T.Aiton,Malvaceae,1,0,1,0,1,0,0,0,0,0,0,NA,NA,NA,NA,100,0,0,0,1,0,0,0,0,0,0,0,0,0,0,0,0,0,1,0,0,0,0,2,0,0,leaf,2,m,i,p,0,0,0,0
Hermannia spinosa,Hermannia spinosa,Malvaceae,Hermannia spinosa,(Burch.) E.Mey. ex Harv.,Malvaceae,1,0,1,0,1,0,0,0,0,0,0,Aug,Sep,NA,NA,40,0,0,0,1,0,0,0,0,0,0,0,0,0,0,0,0,0,0,1,0,0,0,1.5,0,0,leaf,3,l,i,p,0,0,0,0
Hesperantha bachmannii,Hesperantha bachmannii,Iridaceae,Hesperantha bachmannii,Baker,Iridaceae,1,0,1,0,0,1,1,1,0,1,0,NA,NA,NA,NA,30,0,1,0,0,0,0,0,0,0,0,0,0,0,0,0,0,1,0,0,0,0,0,10,0,0,leaf,2,l,i,p,0,0,0,0
Hesperantha cucullata,Hesperantha cucullata,Iridaceae,Hesperantha cucullata,Klatt,Iridaceae,1,0,1,0,0,1,1,1,0,1,0,NA,NA,NA,NA,30,0,1,0,0,0,0,0,0,0,0,0,0,0,0,0,0,1,0,0,0,0,0,10,0,0,leaf,2,l,i,p,0,0,0,0
Hesperantha luticola,Hesperantha luticola,Iridaceae,Hesperantha luticola,Goldblatt,Iridaceae,1,0,1,0,0,1,1,1,0,1,0,Jul,Aug,NA,NA,12,0,1,0,0,0,0,0,0,0,0,0,0,0,0,0,0,1,0,0,0,0,0,7,0,0,leaf,2,l,i,p,0,0,0,0
Hesperantha pauciflora,Hesperantha pauciflora,Iridaceae,Hesperantha pauciflora,G.J.Lewis,Iridaceae,1,0,1,0,0,1,1,1,0,1,0,Aug,Sep,NA,NA,24,0,1,0,0,0,0,0,0,0,0,0,0,0,0,0,0,1,0,0,0,0,0,10,0,0,leaf,2,l,i,p,0,0,0,0
Hirpicium alienatum,Hirpicium alienatum,Asteraceae,Hirpicium alienatum,Druce,Asteraceae,1,0,1,0,1,0,0,0,0,0,0,Aug,Dec,NA,NA,50,0,0,0,1,0,0,0,0,0,0,0,0,0,0,0,0,0,1,0,0,0,0,0.7,0,0,leaf,3,m,i,w,0,0,0,0
Hirpicium echinus,Hirpicium echinus,Asteraceae,Hirpicium echinus,Less.,Asteraceae,1,0,1,0,1,0,0,0,0,0,0,NA,NA,NA,NA,40,1,0,0,0,0,0,0,0,0,0,0,0,0,0,0,0,1,0,0,0,0,1,1,0,0,leaf,2,m,i,w,0,0,0,0
Hoodia gordonii,Hoodia gordonii,Apocynaceae,Hoodia gordonii,(Masson) Sweet ex Decne.,Apocynaceae,1,0,1,0,1,0,0,0,0,0,0,Sep,Apr,NA,NA,100,0,0,0,1,0,0,0,0,0,0,0,0,1,0,1,0,0,0,0,0,0,0,4,1,1,culm_stem,3,l,i,p,NA,NA,NA,NA
Hordeum murinum,Hordeum murinum,Poaceae,Hordeum murinum,L.,Poaceae,0,1,1,0,NA,NA,1,1,0,0,0,NA,NA,NA,NA,50,0,0,1,0,0,0,0,0,0,0,0,0,0,0,0,0,1,0,0,0,0,0,15,0,1,mixed,0,l,w,w,0,0,0,0
Hypertelis salsoloides,Hypertelis salsoloides,Molluginaceae,Kewa salsoloides,(Burch.) Christenh.,Kewaceae,1,0,1,0,1,0,0,0,0,0,0,NA,NA,NA,NA,30,0,0,0,1,0,0,0,0,0,0,0,0,1,1,0,0,1,0,0,0,0,0,3,0,0,leaf,1,l,i,p,0,0,0,0
Ifloga glomerata,Ifloga glomerata,Asteraceae,Ifloga glomerata,(Harv.) Schltr.,Asteraceae,0,1,1,0,NA,NA,0,0,0,0,0,Aug,Nov,NA,NA,10,1,0,0,0,0,0,0,0,0,0,0,0,0,0,0,0,1,0,0,0,0,0,0.8,0,0,leaf,0,l,w,w,0,0,0,0
Indigofera nigromontana,Indigofera nigromontana,Fabaceae,Indigofera nigromontana,Eckl. & Zeyh.,Fabaceae,1,0,1,0,1,0,0,0,0,0,0,Jun,Mar,NA,NA,200,0,0,0,0,1,0,0,0,0,0,0,0,0,0,0,0,0,0,1,1,0,0,1,0,0,leaf,2,h,i,p,0,0,0,0
Ixia rapunculoides,Ixia rapunculoides,Iridaceae,Ixia rapunculoides,Redouté,Iridaceae,1,0,1,0,0,1,1,1,0,1,0,Aug,Sep,NA,NA,70,0,1,0,0,0,0,0,0,0,0,0,0,0,0,0,0,1,0,0,0,0,0,15,0,0,leaf,2,m,i,w,0,0,0,0
Justicia cuneata,Justicia cuneata,Acanthaceae,Justicia cuneata,Vahl,Acanthaceae,1,0,1,0,1,0,0,0,0,0,0,NA,NA,NA,NA,60,0,0,0,1,0,0,0,0,0,0,0,0,0,0,0,0,0,1,0,0,0,0,2,0,0,leaf,3,m,i,p,0,0,0,0
Lachenalia obscura,Lachenalia obscura,Hyacinthaceae,Lachenalia obscura,Schltr. ex G.D.Duncan,Asparagaceae,1,0,1,0,0,1,1,1,0,1,0,Jun,Oct,NA,NA,38,0,1,0,0,0,0,0,0,0,0,0,0,0,0,0,0,0,1,0,0,0,0,15,0,0,leaf,2,l,i,p,0,0,0,0
Lachenalia violacea,Lachenalia violacea,Hyacinthaceae,Lachenalia violacea,Jacq.,Asparagaceae,1,0,1,0,0,1,1,1,0,1,0,NA,NA,NA,NA,35,0,1,0,0,0,0,0,0,0,0,0,0,0,0,0,0,0,1,0,0,0,0,10,0,0,leaf,2,l,i,p,0,0,0,0
Lampranthus watermeyeri,Lampranthus watermeyeri,Aizoaceae,Lampranthus watermeyeri,(L.Bolus) N.E.Br.,Aizoaceae,1,0,1,0,1,0,0,0,0,0,0,Jun,Oct,NA,NA,50,0,0,0,1,0,0,0,0,0,0,0,0,0,0,0,0,0,1,0,0,0,0,4,0,0,leaf,3,l,i,p,0,0,0,0
Lapeirousia falcata,Lapeirousia falcata,Iridaceae,Codonorhiza falcata,(L.f.) Goldblatt & J.C.Manning,Iridaceae,1,0,1,0,0,1,1,1,1,1,0,Sep,Oct,NA,NA,10,0,1,0,0,0,0,0,0,0,0,0,0,0,0,0,0,0,1,0,0,0,0,9,0,0,leaf,2,l,i,p,0,0,0,0
Lapeirousia montana,Lapeirousia montana,Iridaceae,Lapeirousia montana,Klatt,Iridaceae,1,0,1,0,0,1,1,1,0,1,0,NA,NA,NA,NA,10,0,1,0,0,0,0,0,0,0,0,0,0,0,0,0,0,1,0,0,0,0,0,4,0,0,leaf,2,l,i,p,0,0,0,0
Lapeirousia plicata,Lapeirousia plicata,Iridaceae,Lapeirousia plicata,(Jacq.) Diels,Iridaceae,1,0,1,0,0,1,1,1,0,1,0,Jul,Sep,NA,NA,5,0,1,0,0,0,0,0,0,0,0,0,0,0,0,0,0,0,1,0,0,0,0,2,0,0,leaf,2,l,i,p,0,0,0,0
Lapeirousia jacquinii,Lapeirousia jacquinii,Iridaceae,Lapeirousia jacquinii,N.E.Br.,Iridaceae,1,0,1,0,1,0,1,1,0,0,0,Aug,Sep,NA,NA,12,0,1,0,0,0,0,0,0,0,0,0,0,0,0,0,0,0,1,0,0,0,0,3,0,0,leaf,2,l,i,p,0,0,0,0
Lasiopogon muscoides,Lasiopogon muscoides,Asteraceae,Lasiopogon muscoides,(Desf.) DC.,Asteraceae,0,1,1,0,NA,NA,1,1,0,0,0,Aug,Sep,NA,NA,5,1,0,0,0,0,0,0,0,0,0,0,0,0,0,0,0,0,0,1,0,0,0,0.5,0,0,leaf,0,l,w,w,0,0,0,0
Lasiospermum brachyglossum,Lasiospermum brachyglossum,Asteraceae,Lasiospermum brachyglossum,DC.,Asteraceae,0,1,1,0,NA,NA,1,1,0,0,0,Jul,Oct,NA,NA,40,1,0,0,0,0,0,0,0,0,0,0,0,0,0,0,0,1,0,0,0,1,1,5,0,0,leaf,0,l,i,w,0,0,0,0
Lasiospermum poterioides,Lasiospermum poterioides,Asteraceae,Lasiospermum poterioides,Hutch.,Asteraceae,1,0,1,0,1,0,0,0,0,1,0,NA,NA,NA,NA,20,0,0,0,1,0,0,0,1,0,0,0,0,0,0,0,0,1,0,0,0,1,1,15,0,0,leaf,3,l,i,w,0,0,0,0
Leipoldtia schultzei,Leipoldtia schultzei,Aizoaceae,Leipoldtia schultzei,(Schltr. & Diels) Friedrich,Aizoaceae,1,0,1,0,1,0,0,0,0,0,0,Apr,Sep,NA,NA,70,0,0,0,1,0,0,0,0,0,0,0,0,1,1,0,0,0,1,0,0,0,0,2,0,0,leaf,3,l,i,p,0,0,0,0
Lessertia diffusa,Lessertia diffusa,Fabaceae,Lessertia diffusa,R.Br.,Fabaceae,1,0,1,0,1,0,0,0,0,1,0,NA,NA,NA,NA,45,1,0,0,0,0,0,0,1,0,0,0,0,0,0,0,0,1,0,0,1,0,1,6,0,0,leaf,2,l,i,w,0,0,0,0
Leucadendron brunioides,Leucadendron brunioides,Proteaceae,Leucadendron brunioides,Meisn.,Proteaceae,1,0,0,1,1,0,0,0,0,1,1,Oct,Nov,NA,NA,200,0,0,0,0,1,0,0,0,0,0,0,0,0,0,0,0,1,0,0,0,0,0,2.3,0,0,leaf,3,h,i,p,0,0,0,0
Leucadendron remotum,Leucadendron remotum,Proteaceae,Leucadendron remotum,I.Williams,Proteaceae,1,0,0,1,1,0,0,0,0,1,1,Aug,Sep,NA,NA,150,0,0,0,0,1,0,0,0,0,0,0,0,0,0,0,0,0,1,0,0,0,0,4,0,0,leaf,2,h,i,p,0,0,0,0
Leysera tenella,Leysera tenella,Asteraceae,Leysera tenella,DC.,Asteraceae,1,1,1,0,1,0,1,1,0,0,0,Aug,Oct,NA,NA,20,0,0,0,1,0,0,0,0,0,0,0,0,0,0,0,0,1,0,0,0,0,0,1.5,0,0,leaf,1,m,i,w,0,0,0,0
Lotononis falcata,Lotononis falcata (form C),Fabaceae,Lotononis falcata,(E.Mey.) Benth.,Fabaceae,0,1,1,0,NA,NA,1,1,0,0,0,Jul,Oct,NA,NA,20,1,0,0,0,0,0,0,0,0,0,0,0,0,0,0,0,0,1,0,1,0,0,1.5,0,0,leaf,0,l,i,p,0,0,0,0
Lotononis parvifolia,Lotononis parvifolia,Fabaceae,Lotononis,(DC.) Eckl. & Zeyh.,Fabaceae,0,1,1,0,NA,NA,1,1,0,0,0,NA,NA,NA,NA,20,1,0,0,0,0,0,0,0,0,0,0,0,0,0,0,0,0,1,0,1,0,0,2,0,0,leaf,0,l,i,p,0,0,0,0
Lycium amoenum,Lycium amoenum,Solanaceae,Lycium amoenum,Dammer,Solanaceae,1,0,1,0,1,0,0,0,0,1,0,Jun,Jul,Sep,NA,300,0,0,0,0,1,1,0,0,0,0,0,0,0,0,0,0,0,0,1,0,0,0,2.4,0,0,leaf,3,m,i,m,0,0,0,0
Lycium cinereum,Lycium cinereum,Solanaceae,Lycium cinereum,Thunb.,Solanaceae,1,0,1,0,1,0,0,0,0,1,0,Jul,Sep,NA,NA,200,0,0,0,0,1,0,0,0,0,0,0,0,0,0,0,0,0,0,1,0,0,0,1.7,0,0,leaf,3,m,i,m,0,0,0,0
Lyperia tristis,Lyperia tristis,Scrophulariaceae,Lyperia tristis,(L.f.) Benth.,Scrophulariaceae,0,1,1,0,NA,NA,1,1,0,0,0,NA,NA,NA,NA,60,1,0,0,0,0,0,0,0,0,0,0,0,0,0,0,0,0,1,0,0,0,0,7,0,0,leaf,0,l,i,p,0,0,0,0
Malephora crassa,Malephora crassa,Aizoaceae,Malephora crassa,(L.Bolus) H.Jacobsen & Schwantes,Aizoaceae,1,0,1,0,1,0,0,0,0,0,0,Aug,Oct,NA,NA,8,0,0,0,1,0,0,0,1,0,0,0,0,1,1,0,0,0,1,0,0,0,0,4,0,0,leaf,3,l,i,p,0,0,0,0
Manochlamys albicans,Manochlamys albicans,Amaranthaceae,Manochlamys albicans,(Aiton) Aellen,Chenopodiaceae,1,0,1,0,1,0,0,0,0,0,0,NA,NA,NA,NA,200,0,0,0,0,1,0,0,0,0,0,0,0,0,0,0,0,0,1,0,0,0,0,4,0,0,leaf,3,l,i,p,0,0,0,0
Massonia depressa,Massonia depressa,Hyacinthaceae,Massonia depressa,Houtt.,Asparagaceae,1,0,1,0,1,0,1,1,0,1,0,May,Jul,Aug,NA,5,0,1,0,0,0,0,0,0,0,0,0,0,0,0,0,0,0,0,1,0,0,0,10,0,0,leaf,3,l,i,p,0,0,0,0
Medicargo polymorpha,Medicargo polymorpha,Fabaceae,Medicago polymorpha,L.,Fabaceae,0,1,1,0,NA,NA,1,1,0,0,0,NA,NA,NA,NA,20,1,0,0,0,0,0,0,1,0,0,0,0,0,0,0,0,0,0,1,1,0,0,3,0,0,leaf,0,l,i,m,0,0,0,0
Melasphaerula ramosa,Melasphaerula ramosa,Iridaceae,Ixia scillaris subsp. scillaris,NA,Iridaceae,1,0,1,0,0,1,1,1,0,1,0,NA,NA,NA,NA,60,0,1,0,0,0,0,0,0,0,0,0,0,0,0,0,0,1,0,0,0,0,0,15,0,0,leaf,2,l,i,p,0,0,0,0
Melianthus comosus,Melianthus comosus,Melianthaceae,Melianthus comosus,Vahl,Francoaceae,1,0,1,0,1,0,0,0,0,0,0,Aug,Oct,NA,NA,200,0,0,0,0,1,0,0,0,0,0,0,0,0,0,0,0,0,1,0,1,1,1,4,0,0,leaf,2,h,i,w,0,0,0,0
Mentha longiflora,Mentha longiflora,Lamiaceae,Dracaena longiflora,(Sims) Byng & Christenh.,Asparagaceae,1,0,1,0,1,0,0,0,0,0,0,NA,NA,NA,NA,150,0,0,0,1,1,0,0,0,0,0,0,0,0,0,0,0,0,1,0,0,0,0,8,0,0,leaf,2,m,i,p,0,0,0,0
Mesembryanthemum emarcidum,Mesembryanthemum emarcidum,Aizoaceae,Mesembryanthemum emarcidum,Thunb.,Aizoaceae,1,0,1,0,1,0,0,0,0,0,0,Aug,Oct,NA,NA,25,0,0,0,1,0,0,0,1,0,0,0,0,1,1,0,0,0,1,0,0,0,0,3.5,0,0,leaf,2,l,i,p,0,0,0,0
Mesembryanthemum guerichianum,Mesembryanthemum guerichianum,Aizoaceae,Mesembryanthemum guerichianum,Pax,Aizoaceae,0,1,1,0,NA,NA,1,1,0,0,0,Sep,Dec,NA,NA,20,0,0,0,1,0,0,0,1,0,0,0,0,1,1,1,0,0,0,1,0,0,0,6,0,0,leaf,0,l,i,p,0,0,0,0
Mesembryanthemum junceum,Mesembryanthemum junceum,Aizoaceae,Mesembryanthemum junceum,Haw.,Aizoaceae,1,0,1,0,1,0,0,0,0,0,0,Oct,Nov,NA,NA,55,0,0,0,1,1,0,0,0,0,0,0,0,1,1,1,0,0,1,0,0,0,0,1.5,0,0,leaf,2,l,i,p,0,0,0,0
Mesembryanthemum nitidum,Mesembryanthemum nitidum,Aizoaceae,Mesembryanthemum nitidum,Haw.,Aizoaceae,1,0,1,0,1,0,0,0,0,0,0,Sep,Oct,NA,NA,30,0,0,0,1,0,0,0,1,0,0,0,0,1,1,0,0,0,1,0,0,0,0,3,0,0,leaf,3,l,i,p,0,0,0,0
Mesembryanthemum resurgens,Mesembryanthemum resurgens,Aizoaceae,Mesembryanthemum resurgens,Kensit,Aizoaceae,1,0,1,0,1,0,0,0,0,1,0,Jun,Sep,NA,NA,10,0,1,0,1,0,0,0,0,0,0,0,0,1,1,1,0,1,0,0,0,0,0,5,0,0,leaf,3,l,i,p,0,0,0,0
Mesembryanthemum stenandrum,Mesembryanthemum stenandrum,Aizoaceae,Mesembryanthemum stenandrum,(L.Bolus) L.Bolus,Aizoaceae,0,1,1,0,1,0,0,0,0,0,0,Nov,Dec,NA,NA,10,1,0,0,0,0,0,0,1,0,0,0,0,1,1,1,0,1,0,0,0,0,0,2,0,0,leaf,0,l,i,p,0,0,0,0
Mesembryanthemum vaginatum,Mesembryanthemum vaginatus,Aizoaceae,Mesembryanthemum vaginatum,Lam.,Aizoaceae,1,0,1,0,1,0,0,0,0,0,0,Oct,Nov,NA,NA,25,0,0,0,1,0,0,0,1,0,0,0,0,1,1,0,0,1,0,0,0,0,0,1,1,1,mixed,3,l,i,p,0,0,0,0
Microloma armatum,Microloma armatum,Apocynaceae,Microloma armatum,(Thunb.) Schltr. ex E.Gilg & Benedict,Apocynaceae,1,0,1,0,1,0,0,0,0,0,0,NA,NA,NA,NA,20,0,0,0,1,0,0,0,0,0,0,0,0,0,0,0,0,0,1,0,0,0,0,0.8,0,0,leaf,3,l,i,w,0,0,0,0
Microloma calycinum,Microloma calycinum,Apocynaceae,Microloma calycinum,E.Mey.,Apocynaceae,1,0,1,0,1,0,0,0,0,0,0,NA,NA,NA,NA,100,0,0,0,1,0,0,0,0,1,0,0,0,0,0,0,0,1,0,0,0,0,0,1.8,0,0,leaf,3,l,i,w,0,0,0,0
Microloma namaquense,Microloma namaquense,Apocynaceae,Microloma namaquense,Bolus,Apocynaceae,1,0,1,0,1,0,0,0,0,0,0,NA,NA,NA,NA,100,0,0,0,0,0,0,0,0,1,0,0,0,0,0,0,0,1,0,0,0,0,0,3.5,0,0,leaf,3,l,i,w,0,0,0,0
Microloma sagittatum,Microloma sagittatum,Apocynaceae,Microloma sagittatum,(L.) R.Br.,Apocynaceae,1,0,1,0,1,0,0,0,0,1,0,Jun,Oct,NA,NA,100,1,0,0,0,0,0,0,0,1,0,0,0,0,0,0,0,0,1,0,0,1,0,1,0,1,mixed,2,l,i,w,0,0,0,0
Monechma spartioides,Monechma spartioides,Thurniaceae,Pogonospermum patulum,(Licht. ex Roem. & Schult.) I.Darbysh. & Kiel,Acanthaceae,1,0,1,0,1,0,0,0,0,0,0,Feb,Dec,NA,NA,200,0,0,0,1,1,0,0,0,0,0,0,0,0,0,0,0,0,1,0,0,0,0,1.5,0,0,leaf,3,l,i,p,0,0,0,0
Osteospermum hyoseroides,Monoculus hyoseroides,Asteraceae,Monoculus hyoseroides,(DC.) B.Nord.,Asteraceae,0,1,1,0,NA,NA,1,1,0,0,0,NA,NA,NA,NA,60,1,0,0,0,0,0,0,0,0,0,0,0,0,0,0,0,0,1,0,0,0,0,10,0,0,leaf,0,l,i,w,0,0,0,0
Moraea amabilis,Moraea amabilis,Iridaceae,Moraea amabilis,Diels,Iridaceae,1,0,1,0,0,1,1,1,0,1,0,Aug,Sep,NA,NA,45,0,1,0,0,0,0,0,0,0,0,0,0,0,0,0,0,1,0,0,0,0,0,15,0,0,leaf,2,l,i,w,0,0,0,0
Moraea bifida,Moraea bifida,Iridaceae,Moraea bifida,(L.Bolus) Goldblatt,Iridaceae,1,0,1,0,0,1,1,1,0,1,0,Aug,Sep,NA,NA,60,0,1,0,0,0,0,0,0,0,0,0,0,0,0,0,0,1,0,0,0,0,0,30,0,0,leaf,2,l,i,w,0,0,0,0
Moraea brachygyne,Moraea brachygyne,Iridaceae,Moraea brachygyne,(Schltr.) Goldblatt,Iridaceae,1,0,1,0,0,1,1,1,0,1,0,Jul,Sep,NA,NA,25,0,1,0,0,0,0,0,0,0,0,0,0,0,0,0,0,1,0,0,0,0,0,15,0,0,leaf,2,l,i,w,0,0,0,0
Moraea ciliata,Moraea ciliata,Iridaceae,Moraea ciliata,(L.f.) Ker Gawl.,Iridaceae,1,0,1,0,0,1,1,1,0,1,0,Jul,Sep,NA,NA,10,0,1,0,0,0,0,0,0,0,0,0,0,0,0,0,0,1,0,0,0,0,0,5,0,0,leaf,2,l,i,w,0,0,0,0
Moraea falcifolia,Moraea falcifolia,Iridaceae,Moraea falcifolia,Klatt,Iridaceae,1,0,1,0,0,1,1,1,0,1,0,May,Aug,NA,NA,5,0,1,0,0,0,0,0,0,0,0,0,0,0,0,0,0,1,0,0,0,0,0,4,0,0,leaf,2,l,i,w,0,0,0,0
Moraea fenestrata,Moraea fenestrata,Iridaceae,Moraea fenestrata,(Goldblatt) Goldblatt,Iridaceae,1,0,1,0,0,1,1,1,0,1,0,Aug,NA,NA,NA,30,0,1,0,0,0,0,0,0,0,0,0,0,0,0,0,0,1,0,0,0,0,0,20,0,0,leaf,2,l,i,w,0,0,0,0
Moraea miniata,Moraea miniata,Iridaceae,Moraea miniata,Andrews,Iridaceae,1,0,1,0,0,1,1,1,0,1,0,NA,NA,NA,NA,60,0,1,0,0,0,0,0,0,0,0,0,0,0,0,0,0,1,0,0,0,0,0,20,0,0,leaf,2,l,i,w,0,0,0,0
Moraea pritzeliana,Moraea pritzeliana,Iridaceae,Moraea pritzeliana,Diels,Iridaceae,1,0,1,0,0,1,1,1,0,1,0,Sep,Oct,NA,NA,25,0,1,0,0,0,0,0,0,0,0,0,0,0,0,0,0,1,0,0,0,0,0,20,0,0,leaf,2,l,i,w,0,0,0,0
Muraltia divaricata,Muraltia divaricata,Polygalaceae,Muraltia divaricata,Eckl. & Zeyh.,Polygalaceae,1,0,1,0,1,0,0,0,0,0,0,Sep,Dec,NA,NA,50,0,0,0,1,0,0,0,0,0,0,0,0,0,0,0,0,1,0,0,0,0,0,1,0,0,leaf,2,h,i,i,0,0,0,0
Muraltia vulnerans,Muraltia vulnerans,Polygalaceae,Muraltia vulnerans,Levyns,Polygalaceae,1,0,1,0,1,0,0,0,0,0,0,NA,NA,NA,NA,80,0,0,0,1,0,0,0,0,0,0,0,0,0,0,0,0,1,0,0,0,0,0,1.3,0,0,leaf,2,h,i,i,0,0,0,0
Nemesia anisocarpa,Nemesia anisocarpa,Scrophulariaceae,Nemesia anisocarpa,E.Mey. ex Benth.,Scrophulariaceae,0,1,1,0,NA,NA,1,1,0,0,0,NA,NA,NA,NA,40,1,0,0,0,0,0,0,0,0,0,0,0,0,0,0,0,0,1,0,0,0,0,2.5,0,0,leaf,0,l,i,p,0,0,0,0
Nemesia cheiranthus,Nemesia cheiranthus,Scrophulariaceae,Nemesia cheiranthus,E.Mey. ex Benth.,Scrophulariaceae,0,1,1,0,NA,NA,1,1,0,0,0,Aug,Sep,NA,NA,40,1,0,0,0,0,0,0,0,0,0,0,0,0,0,0,0,0,1,0,0,0,0,2,0,0,leaf,0,l,i,p,0,0,0,0
Nemesia leipoldtii,Nemesia leipoldtii,Scrophulariaceae,Nemesia leipoldtii,Hiern,Scrophulariaceae,0,1,1,0,NA,NA,1,1,0,0,0,Aug,Sep,NA,NA,30,1,0,0,0,0,0,0,0,0,0,0,0,0,0,0,0,0,0,1,0,0,0,2.6,0,0,leaf,0,l,i,p,0,0,0,0
Nenax cinerea,Nenax cinerea,Rubiaceae,Nenax cinerea,(Thunb.) Puff,Rubiaceae,1,0,0,1,1,0,0,0,0,0,0,Aug,NA,NA,NA,100,0,0,0,1,1,0,0,0,0,0,0,0,0,0,0,0,0,0,1,0,0,0,0.5,0,0,leaf,3,m,w,p,0,0,0,0
Nenax microphylla,Nenax microphylla,Rubiaceae,Nenax microphylla,(Sond.) Salter,Rubiaceae,1,0,0,1,1,0,0,0,0,0,0,NA,NA,NA,NA,50,0,0,0,1,0,0,0,0,0,0,0,0,0,0,0,0,0,1,0,0,0,0,0.4,0,0,leaf,2,m,w,p,0,0,0,0
Oedera genistifolia,Oedera genistifolia,Asteraceae,Oedera genistifolia,(L.) Anderb. & K.Bremer,Asteraceae,1,0,1,0,1,0,0,0,0,0,0,Aug,Nov,NA,NA,100,0,0,0,1,1,0,0,0,0,0,0,0,0,0,0,0,0,1,0,0,0,0,1.4,0,0,leaf,2,h,i,w,0,0,0,0
Oncosiphon grandiflorum,Oncosiphon grandiflorum,Asteraceae,Oncosiphon grandiflorus,(Thunb.) Källersjö,Asteraceae,0,1,1,0,NA,NA,1,1,0,0,0,Aug,Nov,NA,NA,45,1,0,0,0,0,0,0,0,0,0,0,0,0,0,0,0,1,0,0,1,0,1,5,0,0,leaf,0,l,i,w,0,0,0,0
Oncosiphon suffruticosum,Oncosiphon suffruticosum,Asteraceae,Oncosiphon suffruticosum,(L.) Källersjö,Asteraceae,0,1,1,0,NA,NA,1,1,0,0,0,Sep,Dec,NA,NA,50,1,0,0,0,0,0,0,0,0,0,0,0,0,0,0,0,1,0,0,1,0,1,8,0,0,leaf,0,l,i,w,0,0,0,0
Ophioglossum polyphyllum,Ophioglossum polyphyllum,Ophioglossaceae,Ophioglossum polyphyllum,A.Braun ex Seub.,Ophioglossaceae,1,0,1,0,1,0,0,0,0,1,0,NA,NA,NA,NA,10,1,0,0,0,0,0,0,0,0,0,0,0,0,0,0,0,0,1,0,0,0,0,6,0,0,leaf,3,l,w,w,1,0,0,0
Ornithogalum rupestre,Ornithogalum multifolium,Hyacinthaceae,Eliokarmos rupestris,"(L.f.) Mart.-Azorín, M.B.Crespo & Juan",Asparagaceae,1,0,1,0,0,1,1,1,0,0,0,NA,NA,NA,NA,25,0,1,0,0,0,0,0,0,0,0,0,0,1,1,0,0,1,0,0,0,0,0,15,0,0,leaf,3,l,i,w,0,0,0,0
Ornithogalum pruinosum,Ornithogalum pruinosum,Hyacinthaceae,Eliokarmos pruinosus,"(F.M.Leight.) Mart.-Azorín, M.B.Crespo & Juan",Asparagaceae,1,0,1,0,0,1,1,1,0,0,0,NA,NA,NA,NA,30,0,1,0,0,0,0,0,0,0,0,0,0,0,0,0,0,0,1,0,0,0,0,10,0,0,leaf,3,l,i,w,0,0,0,0
Albuca secunda,Ornithogalum secundum,Hyacinthaceae,Coilonox secundum,(Jacq.) Speta,Asparagaceae,1,0,1,0,0,1,1,1,0,1,0,NA,NA,NA,NA,35,0,1,0,0,0,0,0,0,0,0,0,0,0,0,0,0,0,1,0,0,0,0,15,0,0,leaf,3,l,i,w,0,0,0,0
Ornithogalum tanquanum,Ornithogalum tanquanum,Hyacinthaceae,Ethesia tanquana,Mart.-Azorín & M.B.Crespo,Asparagaceae,1,0,1,0,0,1,1,1,0,1,0,NA,NA,NA,NA,30,0,1,0,0,0,0,0,0,0,0,0,0,0,0,0,0,1,0,0,0,0,0,10,0,0,leaf,2,l,i,w,0,0,0,0
Ornithogalum xanthochlorum,Ornithogalum xanthochlorum,Hyacinthaceae,Ethesia xanthochlora,"(Baker) Mart.-Azorín, M.B.Crespo & Juan",Asparagaceae,1,0,1,0,0,1,1,1,0,1,0,NA,NA,NA,NA,60,0,1,0,0,0,0,0,0,0,0,0,0,0,0,0,0,1,0,0,0,0,0,35,0,0,leaf,3,l,i,w,0,0,0,0
Ornithoglossum parviflorum,Ornithoglossum parviflorum,Colchicaceae,Ornithoglossum parviflorum,B.Nord.,Colchicaceae,1,0,1,0,0,1,1,1,0,1,0,Jun,Oct,NA,NA,30,0,1,0,0,0,0,0,0,0,0,0,0,0,0,0,0,0,1,0,0,0,0,5,0,0,leaf,3,l,i,w,0,0,0,0
Ornithoglossum viride,Ornithoglossum viride,Colchicaceae,Ornithoglossum viride,(L.f.) Dryand. ex W.T.Aiton,Colchicaceae,1,0,1,0,0,1,1,1,0,1,0,NA,NA,NA,NA,30,0,1,0,0,0,0,0,0,0,0,0,0,0,0,0,0,0,1,0,0,0,0,5,0,0,leaf,3,l,i,w,0,0,0,0
Ornithoglossum vulgare,Ornithoglossum vulgare,Colchicaceae,Ornithoglossum vulgare,B.Nord.,Colchicaceae,1,0,1,0,0,1,1,1,0,1,0,NA,NA,NA,NA,20,0,1,0,0,0,0,0,0,0,0,0,0,0,0,0,0,0,1,0,0,0,0,5,0,0,leaf,3,l,i,w,0,0,0,0
Osteospermum acanthospermum,Osteospermum acanthospermum,Asteraceae,Osteospermum acanthospermum,(DC.) Norl.,Asteraceae,0,1,1,0,NA,NA,1,1,0,0,0,Aug,Oct,NA,NA,15,1,0,0,0,0,0,0,1,0,0,0,0,0,0,0,0,0,1,0,0,1,0,2.5,0,0,leaf,0,l,i,m,0,0,0,0
Osteospermum incanum subsp. incanum,Osteospermum incanum,Asteraceae,Chrysanthemoides incana,(Burm.f.) Norl.,Asteraceae,1,0,1,0,1,0,0,0,0,0,0,Dec,May,NA,NA,80,0,0,0,1,0,0,0,1,0,0,0,0,0,0,0,0,0,1,0,0,0,0,3.5,0,0,leaf,2,h,i,m,0,0,0,0
Osteospermum leptolobum,Osteospermum leptolobum,Asteraceae,Osteospermum leptolobum,(Harv.) Norl.,Asteraceae,1,0,1,0,1,0,0,0,0,0,0,Aug,Sep,NA,NA,60,0,0,0,1,0,0,0,0,0,0,0,0,0,0,0,0,1,0,0,1,0,1,1.5,0,0,leaf,2,h,i,w,0,0,0,0
Osteospermum scariosum,Osteospermum scariosum,Asteraceae,Osteospermum scariosum,DC.,Asteraceae,1,0,1,0,1,0,0,0,0,1,0,Jul,Oct,NA,NA,30,0,0,0,1,0,0,0,0,0,0,0,0,0,0,0,0,0,1,0,0,1,0,1.5,0,0,leaf,3,h,i,w,0,0,0,0
Osteospermum sinuatum,Osteospermum sinuatum,Asteraceae,Osteospermum sinuatum,(DC.) Norl.,Asteraceae,1,0,1,0,1,0,0,0,0,0,0,Jun,Sep,NA,NA,50,0,0,0,1,0,0,0,0,0,0,0,0,0,0,0,0,0,1,0,0,0,0,2,0,0,leaf,2,l,i,w,0,0,0,0
Osteospermum spinescens,Osteospermum spinescens,Asteraceae,Osteospermum spinescens,Thunb.,Asteraceae,1,0,1,0,1,0,0,0,0,0,0,NA,NA,NA,NA,100,0,0,0,1,0,0,0,0,0,0,0,0,0,0,0,0,1,1,0,0,0,0,NA,0,0,leaf,3,l,i,w,0,0,0,0
Otholobium candicans,Otholobium candicans,Fabaceae,Psoralea candicans,Eckl. & Zeyh.,Fabaceae,1,0,1,0,1,0,0,0,0,0,0,Sep,Nov,NA,NA,150,0,0,0,0,1,0,0,0,0,0,0,0,0,0,0,0,0,1,0,1,0,0,1.5,0,0,leaf,2,h,i,p,0,0,0,0
Otholobium arborescens,Otholobium arborescens,Fabaceae,Psoralea arborescens,(C.H.Stirt.) C.H.Stirt.,Fabaceae,1,0,1,0,1,0,0,0,0,0,0,NA,NA,NA,NA,500,0,0,0,0,0,1,1,0,0,0,0,0,0,0,0,0,0,0,1,1,0,0,2,0,0,leaf,2,h,i,p,0,0,0,0
Otholobium candicans,Otholobium candicans,Fabaceae,Psoralea candicans,Eckl. & Zeyh.,Fabaceae,1,0,1,0,1,0,0,0,0,0,0,NA,NA,NA,NA,150,0,0,0,0,1,0,0,0,0,0,0,0,0,0,0,0,0,1,0,1,0,0,2,0,0,leaf,2,h,i,p,0,0,0,0
Othonna cylindrica,Othonna cylindrica,Asteraceae,Othonna cylindrica,DC.,Asteraceae,1,0,1,0,1,0,0,0,0,0,0,NA,NA,NA,NA,100,0,0,0,1,0,0,0,0,0,0,0,0,1,1,1,0,0,1,0,0,0,0,4,0,0,leaf,3,l,i,w,0,0,0,0
Othonna hederifolia,Othonna hederifolia,Asteraceae,Othonna hederifolia,B.Nord.,Asteraceae,1,0,1,0,0,1,1,1,1,1,0,Jun,Aug,NA,NA,15,1,1,0,0,0,0,0,0,0,0,0,0,0,0,0,0,0,0,1,0,0,0,4,0,0,leaf,2,l,i,w,0,0,0,0
Othonna pteronioides,Othonna pteronioides,Asteraceae,Othonna pteronioides,Harv.,Asteraceae,1,0,1,0,1,0,0,0,0,0,0,Aug,NA,NA,NA,100,0,0,0,1,0,0,0,0,0,0,0,0,0,0,0,0,0,1,0,0,0,0,0.8,0,0,leaf,3,l,i,w,0,0,0,0
Othonna protecta,Othonna rechingeri,Asteraceae,Othonna protecta,Dinter,Asteraceae,1,0,1,0,1,0,0,0,0,0,0,Jul,Sep,NA,NA,20,1,1,0,0,0,0,0,0,0,0,0,0,1,1,1,0,1,0,0,0,0,0,2.5,0,0,leaf,2,l,i,w,0,0,0,0
Othonna undulosa,Othonna undulosa,Asteraceae,Othonna undulosa,(DC.) J.C.Manning & Goldblatt,Asteraceae,1,0,1,0,0,1,1,1,0,1,0,May,Aug,NA,NA,70,1,1,0,0,0,0,0,0,0,0,0,0,1,1,0,0,0,0,1,0,0,0,4,0,0,leaf,2,l,i,w,0,0,0,0
Oxalis flava,Oxalis flava,Oxalidaceae,Oxalis flava,L.,Oxalidaceae,1,0,1,0,0,1,1,1,0,1,0,May,Jun,NA,NA,5,1,1,0,0,0,0,0,0,0,0,0,0,0,0,0,0,1,0,0,1,0,0,4,0,0,leaf,2,l,i,p,0,0,0,0
Oxalis luteola,Oxalis luteola,Oxalidaceae,Oxalis luteola,Jacq.,Oxalidaceae,1,0,1,0,0,1,1,1,0,1,0,May,Jun,NA,NA,2,1,1,0,0,0,0,0,0,0,0,0,0,0,0,0,0,0,0,1,1,0,0,2,0,0,leaf,2,l,i,p,0,0,0,0
Oxalis pardalis,Oxalis massoniana var. massoniana,Oxalidaceae,Oxalis pardalis,Sond.,Oxalidaceae,1,0,1,0,0,1,1,1,0,1,0,May,Jun,NA,NA,30,1,1,0,0,0,0,0,0,0,0,0,0,0,0,0,0,1,0,0,1,0,0,0.5,0,0,leaf,2,l,i,p,0,0,0,0
Oxalis pes-caprae,Oxalis pes-caprae,Oxalidaceae,Oxalis pes-caprae,L.,Oxalidaceae,1,0,1,0,0,1,1,1,0,1,0,Jun,Oct,NA,NA,20,1,1,0,0,0,0,0,0,0,0,0,0,0,0,0,0,0,0,1,1,0,0,2,0,0,leaf,2,l,i,p,0,0,0,0
Oxalis pocockiae,Oxalis pocockiae,Oxalidaceae,Oxalis pocockiae,L.Bolus,Oxalidaceae,1,0,1,0,0,1,1,1,0,1,0,May,Jun,NA,NA,10,1,1,0,0,0,0,0,0,0,0,0,0,1,1,0,0,0,0,1,1,0,0,1,0,0,leaf,2,l,i,p,0,0,0,0
Pelargonium abrotanifolium,Pelargonium abrotanifolium,Geraniaceae,Pelargonium abrotanifolium,(L.f.) Jacq.,Geraniaceae,1,0,1,0,1,0,0,0,0,0,0,Almost all year,NA,NA,NA,50,0,0,0,1,0,0,0,0,0,0,0,0,0,0,0,0,1,0,0,0,1,1,1,0,0,leaf,2,h,i,w,0,0,0,0
Pelargonium articulatum,Pelargonium articulatum,Geraniaceae,Pelargonium articulatum,Willd.,Geraniaceae,1,0,1,0,0,1,1,1,0,1,0,Oct,Dec,NA,NA,20,1,1,0,0,0,0,0,0,0,0,0,0,0,0,0,0,0,0,1,0,1,0,6,0,0,leaf,2,l,i,w,0,0,0,0
Pelargonium polycephalum,Pelargonium cf. polycephalum,Geraniaceae,Pelargonium polycephalum,(Harv.) E.Mey. ex R.Knuth,Geraniaceae,1,0,1,0,0,1,0,0,0,1,0,Aug,Sep,NA,NA,100,1,1,0,0,0,0,0,0,0,0,0,0,1,0,1,0,0,0,1,1,1,1,7,0,0,leaf,2,l,i,w,0,0,0,0
Pelargonium crithmifolium,Pelargonium crithifolium,Geraniaceae,Pelargonium crithmifolium,Sm.,Geraniaceae,1,0,1,0,0,1,0,0,0,0,0,Mar,May,Sep,Nov,100,0,0,0,1,0,0,0,0,0,0,0,0,1,1,1,0,1,0,0,1,1,1,10,0,0,leaf,3,l,i,w,0,0,0,0
Pelargonium magenteum,Pelargonium magenteum,Geraniaceae,Pelargonium magenteum,J.J.A.Van der Walt,Geraniaceae,1,0,1,0,1,0,0,0,0,0,0,May,Oct,NA,NA,100,0,0,0,1,0,0,0,0,0,0,0,0,0,0,0,0,0,0,1,0,1,0,1.5,0,0,leaf,3,m,i,w,0,0,0,0
Pelargonium moniliforme,Pelargonium monoliforme,Geraniaceae,Pelargonium moniliforme,E.Mey. ex Harv.,Geraniaceae,1,0,1,0,0,1,1,1,0,1,0,Sep,NA,NA,NA,40,1,1,0,0,0,0,0,0,0,0,0,0,0,0,0,0,0,0,1,0,0,0,4,0,0,leaf,2,l,i,w,0,0,0,0
Pelargonium oreophilum,Pelargonium oreophilum,Geraniaceae,Pelargonium oreophilum,Schltr.,Geraniaceae,1,0,1,0,1,0,0,0,0,0,0,Aug,Oct,NA,NA,30,0,0,0,1,0,0,0,0,0,0,0,0,1,0,1,0,1,0,0,1,1,1,3,0,0,leaf,2,m,i,w,0,0,0,0
Pelargonium praemorsum,Pelargonium praemorsum,Geraniaceae,Pelargonium praemorsum,(Andrews) F.Dietr.,Geraniaceae,1,0,1,0,1,0,0,0,0,0,0,Aug,Apr,NA,NA,200,0,0,0,0,1,0,0,0,0,0,0,0,0,0,0,0,1,0,0,0,1,1,1,0,0,leaf,2,m,i,w,0,0,0,0
Pelargonium rapaceum,Pelargonium rapaceum,Geraniaceae,Pelargonium rapaceum,(L.) L'Hér.,Geraniaceae,1,0,1,0,0,1,1,1,0,1,0,Oct,Feb,NA,NA,40,1,1,0,0,0,0,0,0,0,0,0,0,0,0,0,0,1,0,0,1,1,1,20,0,0,leaf,3,l,i,w,0,0,0,0
Pelargonium redactum,Pelargonium reductum,Geraniaceae,Pelargonium redactum,Vorster,Geraniaceae,0,1,1,0,NA,NA,1,1,0,0,0,NA,NA,NA,NA,25,1,0,0,0,0,0,0,0,0,0,0,0,0,0,0,0,0,1,0,1,1,NA,20,0,0,leaf,0,l,i,w,0,0,0,0
Pelargonium reflexum,Pelargonium reflexum,Geraniaceae,Pelargonium reflexum,Pers.,Geraniaceae,1,0,1,0,0,1,1,1,0,1,0,Dec,Jan,NA,NA,15,1,1,0,0,0,0,0,0,0,0,0,0,0,0,0,0,0,0,1,0,1,0,2,0,0,leaf,2,l,i,w,0,0,0,0
Pelargonium pachypodium,Pelargonium sp,Geraniaceae,Pelargonium pachypodium,J.P.Roux,Geraniaceae,1,0,1,0,0,1,0,0,0,1,0,NA,NA,NA,NA,30,1,1,0,0,0,0,0,0,0,0,0,0,1,0,1,0,1,0,0,0,1,1,3,0,0,leaf,2,l,i,w,0,0,0,0
Pentameris rupestris,Pentameris rupestris,Poaceae,Pentameris rupestris,(Nees) Steud.,Poaceae,1,0,1,0,0,1,0,0,0,1,0,Oct,NA,NA,NA,100,0,0,1,0,0,0,0,0,0,0,0,0,0,0,0,0,1,0,0,0,0,0,30,0,1,mixed,2,h,w,w,0,0,0,0
Pentameris airoides,Pentaschistis airoides,Poaceae,Pentameris airoides,(Nees) Steud.,Poaceae,0,1,1,0,NA,NA,1,1,0,0,0,NA,NA,NA,NA,35,0,0,1,0,0,0,0,0,0,0,0,0,0,0,0,0,1,0,0,0,0,0,15,0,1,mixed,0,l,w,w,0,0,0,0
Pentameris patula,Pentaschistis patula,Poaceae,Pentameris patula,(Nees) Steud.,Poaceae,0,1,1,0,NA,NA,1,1,0,0,0,NA,NA,NA,NA,30,0,0,1,0,0,0,0,0,0,0,0,0,0,0,0,0,1,0,0,0,0,0,15,0,1,mixed,0,l,w,w,0,0,0,0
Pentzia dentata,Pentzia dentata,Asteraceae,Pentzia dentata,(L.) Kuntze,Asteraceae,1,0,1,0,1,0,0,0,0,0,0,NA,NA,NA,NA,60,0,0,0,1,0,0,0,0,0,0,0,0,0,0,0,0,0,1,0,0,1,0,0.8,0,0,leaf,2,h,i,w,0,0,0,0
Pentzia lanata,Pentzia lanata,Asteraceae,Pentzia lanata,Hutch.,Asteraceae,1,0,1,0,1,0,0,0,0,0,0,NA,NA,NA,NA,100,0,0,0,1,0,0,0,0,0,0,0,0,0,0,0,0,1,0,0,0,1,1,2.5,0,0,leaf,2,h,i,w,0,0,0,0
Pentzia sphaerocephala,Pentzia sphaerocephala,Asteraceae,Pentzia sphaerocephala,DC.,Asteraceae,1,0,1,0,1,0,0,0,0,0,0,NA,NA,NA,NA,100,0,0,0,1,0,0,0,0,0,0,0,0,0,0,0,0,1,0,0,0,1,1,1,0,0,leaf,2,h,i,w,0,0,0,0
Pentzia spinescens,Pentzia spinescens,Asteraceae,Pentzia spinescens,Less.,Asteraceae,1,0,1,0,1,0,0,0,0,0,0,Oct,NA,NA,NA,50,0,0,0,1,0,0,0,0,0,0,0,0,0,0,0,0,1,0,0,0,1,1,0.8,0,0,leaf,2,h,i,w,0,0,0,0
Pharnaceum aurantium,Pharnaceum aurantium,Molluginaceae,Pharnaceum aurantium,(DC.) Druce,Molluginaceae,1,0,1,0,1,0,0,0,0,0,0,Sep,Oct,NA,NA,80,0,0,0,1,0,0,0,0,0,0,0,0,0,0,0,0,1,0,0,0,0,0,0.7,0,0,leaf,2,l,i,p,0,0,0,0
Pharnaceum ciliare,Pharnaceum ciliare,Molluginaceae,Pharnaceum ciliare,Adamson,Molluginaceae,1,0,1,0,1,0,0,0,0,0,0,Sep,Oct,NA,NA,40,0,0,0,1,0,0,0,0,0,0,0,0,0,0,0,0,1,0,0,0,0,0,0.5,0,0,leaf,2,l,i,p,0,0,0,0
Pharnaceum croceum,Pharnaceum croceum,Molluginaceae,Pharnaceum croceum,E.Mey. ex Fenzl,Molluginaceae,0,1,1,0,NA,NA,1,1,0,0,0,NA,NA,NA,NA,10,1,0,0,0,0,0,0,0,0,0,0,0,1,1,0,0,1,0,0,0,0,0,0.7,0,0,leaf,0,l,i,p,0,0,0,0
Phylica agathosmoides,Phylica agathosmoides,Rhamnaceae,Phylica agathosmoides,Pillans,Rhamnaceae,1,0,1,0,1,0,0,0,0,0,0,Aug,Sep,NA,NA,60,0,0,0,1,0,0,0,0,0,0,0,0,0,0,0,0,1,0,0,0,0,0,1,0,0,leaf,2,h,i,p,0,0,0,0
Mesembryantheum tenuiflorum,Phyllobolus tenuiflorus,Aizoaceae,Mesembryanthemum tenuiflorum,Jacq.,Aizoaceae,1,0,1,0,1,0,0,0,0,0,0,NA,NA,NA,NA,10,0,1,0,1,0,0,0,1,0,0,0,0,1,1,1,0,0,1,0,0,0,0,NA,0,0,leaf,3,l,i,p,0,0,0,0
Plantago cafra,Plantago cafra,Plantaginaceae,Plantago capillaris,E.Mey. ex Decne.,Plantaginaceae,0,1,1,0,NA,NA,1,1,0,0,0,Aug,Sep,NA,NA,15,1,0,0,0,0,0,0,0,0,0,0,0,0,0,0,0,1,0,0,0,0,0,1,0,0,leaf,0,l,i,p,0,0,0,0
Poa bulbosa,Poa bulbosa,Poaceae,Poa bulbosa,L.,Poaceae,1,0,1,0,0,1,1,1,0,1,0,Aug,Oct,NA,NA,30,0,0,1,0,0,0,0,0,0,0,0,0,0,0,0,0,1,0,0,0,0,0,10,0,1,mixed,2,m,w,w,0,0,0,0
Polycarena aurea,Polycarena aurea,Scrophulariaceae,Polycarena aurea,Benth.,Scrophulariaceae,0,1,1,0,NA,NA,1,1,0,0,0,Sep,Oct,NA,NA,20,1,0,0,0,0,0,0,0,0,0,0,0,0,0,0,0,1,0,0,0,0,0,1,0,0,leaf,0,l,i,p,0,0,0,0
Polygala ephedroides,Polygala ephedroides,Polygalaceae,Polygala ephedroides,Burch.,Polygalaceae,1,0,1,0,0,1,0,0,0,1,0,Aug,Feb,NA,NA,200,0,0,0,0,1,0,0,0,0,0,0,0,0,0,0,0,1,0,0,0,0,0,7,1,1,mixed,3,m,i,i,0,0,0,0
Polygala scabra,Polygala scabra,Polygalaceae,Polygala bowkerae,Harv.,Polygalaceae,1,0,1,0,1,0,0,0,0,0,0,Jul,Oct,NA,NA,40,0,0,0,1,0,0,0,0,0,0,0,0,0,0,0,0,1,0,0,0,0,0,1,0,0,leaf,2,h,i,i,0,0,0,0
Mesembryanthemum pallens,Prenia pallens,Aizoaceae,Mesembryanthemum pallens,Aiton,Aizoaceae,1,0,1,0,1,0,0,0,0,0,0,Sep,Dec,NA,NA,8,0,0,0,1,0,0,0,0,0,0,0,0,1,1,1,0,0,0,1,0,0,0,5,0,0,leaf,2,l,i,p,0,0,0,0
Mesembryanthemum tetragonum,Prenia tetragona,Aizoaceae,Mesembryanthemum tetragonum,Thunb.,Aizoaceae,1,0,1,0,1,0,0,0,0,0,0,NA,NA,NA,NA,60,0,0,0,1,0,0,0,0,0,0,0,0,1,1,1,0,1,0,0,0,0,0,5,0,0,leaf,2,l,i,p,0,0,0,0
Prosopis glandulosa,Prosopis glandulosa,Fabaceae,Neltuma glandulosa,(Torr.) Britton & Rose,Fabaceae,1,0,1,0,1,0,0,0,0,0,0,NA,NA,NA,NA,1000,0,0,0,0,0,0,1,0,0,0,0,0,0,0,0,0,0,1,0,1,0,1,15,0,0,leaf,3,h,i,m,0,0,0,0
Pseudoschoenus inanis,Pseudoschoenus inanis,Cyperaceae,Pseudoschoenus inanis,(Thunb.) Oteng-Yeb.,Cyperaceae,1,0,1,0,1,0,0,0,0,1,0,Nov,Dec,NA,NA,200,0,0,1,0,0,0,0,0,0,0,0,0,0,0,0,0,0,0,0,0,0,0,120,1,1,culm_stem,3,h,w,p,0,0,0,0
Mesembryanthemum coriarium,Psilocaulon coriarium,Aizoaceae,Mesembryanthemum coriarium,Burch. ex N.E.Br.,Aizoaceae,1,0,1,0,1,0,0,0,0,0,0,NA,NA,NA,NA,150,0,0,0,1,1,0,0,0,0,0,0,0,1,1,1,0,0,1,0,0,0,0,0.8,0,0,leaf,3,l,i,p,0,0,0,0
Pteronia adenocarpa,Pteronia adenocarpa,Asteraceae,Pteronia adenocarpa,Harv.,Asteraceae,1,0,1,0,1,0,0,0,0,0,0,Aug,Dec,NA,NA,50,0,0,0,1,0,0,0,0,0,0,0,0,0,0,0,0,0,0,1,0,0,0,1,0,0,leaf,3,m,i,w,0,0,0,0
Pteronia aspalatha,Pteronia aspalatha,Asteraceae,Pteronia aspalatha,DC.,Asteraceae,1,0,1,0,1,0,0,0,0,0,0,NA,NA,NA,NA,60,0,0,0,1,0,0,0,0,0,0,0,0,0,0,0,0,1,0,0,0,0,0,0.5,0,0,leaf,3,m,i,w,0,0,0,0
Pteronia divaricata,Pteronia divaricata,Asteraceae,Pteronia divaricata,(P.J.Bergius) Less.,Asteraceae,1,0,1,0,1,0,0,0,0,0,0,Aug,Nov,NA,NA,200,0,0,0,0,1,0,0,0,0,0,0,0,0,0,0,0,0,0,1,0,0,0,2,0,0,leaf,3,h,i,w,0,0,0,0
Pteronia empetrifolia,Pteronia empetrifolia,Asteraceae,Pteronia empetrifolia,DC.,Asteraceae,1,0,1,0,1,0,0,0,0,0,0,Jul,Nov,NA,NA,60,0,0,0,1,0,0,0,0,0,0,0,0,0,0,0,0,1,0,0,0,0,0,0.6,0,0,leaf,3,m,i,w,0,0,0,0
Pteronia flexicaulis,Pteronia flexicaulis,Asteraceae,Pteronia flexicaulis,L.f.,Asteraceae,1,0,1,0,1,0,0,0,0,0,0,Nov,Dec,NA,NA,75,0,0,0,1,0,0,0,0,0,0,0,0,0,0,0,0,1,0,0,0,0,0,4,0,0,leaf,3,m,i,w,0,0,0,0
Pteronia glabrata,Pteronia glabrata,Asteraceae,Pteronia glabrata,L.f.,Asteraceae,1,0,1,0,1,0,0,0,0,0,0,Jul,Dec,NA,NA,80,0,0,0,1,0,0,0,0,0,0,0,0,1,1,0,0,0,1,0,0,0,0,2,0,0,leaf,3,l,i,w,0,0,0,0
Pteronia glauca,Pteronia glauca,Asteraceae,Pteronia glauca,Thunb.,Asteraceae,1,0,1,0,1,0,0,0,0,0,0,Jul,Oct,NA,NA,60,0,0,0,1,0,0,0,0,0,0,0,0,0,0,0,0,0,0,1,0,0,0,0.5,0,0,leaf,3,m,i,w,0,0,0,0
Pteronia glomerata,Pteronia glomerata,Asteraceae,Pteronia glomerata,L.f.,Asteraceae,1,0,1,0,1,0,0,0,0,0,0,Aug,Nov,NA,NA,30,0,0,0,1,0,0,0,0,0,0,0,0,0,0,0,0,0,1,0,0,0,0,0.3,0,0,leaf,3,m,i,w,0,0,0,0
Pteronia oblanceolata,Pteronia oblanceolata,Asteraceae,Pteronia oblanceolata,E.Phillips,Asteraceae,1,0,1,0,1,0,0,0,0,0,0,Sep,Nov,NA,NA,30,0,0,0,1,0,0,0,1,0,0,0,0,0,0,0,0,0,1,0,0,0,0,1,0,0,leaf,3,m,i,w,0,0,0,0
Pteronia pallens,Pteronia pallens,Asteraceae,Pteronia pallens,L.f.,Asteraceae,1,0,1,0,1,0,0,0,0,0,0,Sep,Dec,NA,NA,60,0,0,0,1,0,0,0,0,0,0,0,0,0,0,0,0,1,0,0,0,0,0,2,0,0,leaf,3,h,i,w,0,0,0,0
Pteronia paniculata,Pteronia paniculata,Asteraceae,Pteronia paniculata,Thunb.,Asteraceae,1,0,1,0,1,0,0,0,0,0,0,Nov,Jan,NA,NA,100,0,0,0,1,0,0,0,0,0,0,0,0,0,0,0,0,1,0,0,0,0,0,2,0,0,leaf,3,h,i,w,0,0,0,0
Pteronia scariosa,Pteronia scariosa,Asteraceae,Pteronia scariosa,L.f.,Asteraceae,1,0,1,0,1,0,0,0,0,0,0,NA,NA,NA,NA,60,0,0,0,1,0,0,0,0,0,0,0,0,0,0,0,0,0,0,1,0,0,0,1,0,0,leaf,3,m,i,w,0,0,0,0
Pteronia sordida,Pteronia sordida,Asteraceae,Pteronia sordida,N.E.Br.,Asteraceae,1,0,1,0,1,0,0,0,0,0,0,NA,NA,NA,NA,30,0,0,0,1,0,0,0,0,0,0,0,0,0,0,0,0,0,1,0,0,0,0,0.4,0,0,leaf,3,m,i,w,0,0,0,0
Pteronia villosa,Pteronia villosa,Asteraceae,Pteronia villosa,L.f.,Asteraceae,1,0,1,0,1,0,0,0,0,0,0,Aug,Sep,NA,NA,25,0,0,0,1,0,0,0,0,0,0,0,0,0,0,0,0,0,1,0,0,0,0,1.5,0,0,leaf,3,m,i,w,0,0,0,0
Relhania corymbosa,Relhania corymbosa,Asteraceae,Oedera corymbosa,(Bolus) N.G.Bergh,Asteraceae,1,0,1,0,1,0,0,0,0,0,0,Oct,Apr,NA,NA,40,0,0,0,1,0,0,0,0,0,0,0,0,0,0,0,0,1,0,0,0,0,0,1.3,0,0,leaf,2,h,i,w,0,0,0,0
Restio longiaristatus,Restio longiaristatus,Restionaceae,Restio longiaristatus,(Pillans ex H.P.Linder) H.P.Linder & C.R.Hardy,Restionaceae,1,0,0,1,1,0,0,0,0,1,0,Oct,NA,NA,NA,50,0,0,1,0,0,0,0,0,0,0,0,0,0,0,0,0,1,0,0,0,0,0,25,1,1,culm_stem,2,h,w,p,0,0,0,0
Restio macer,Restio macer,Restionaceae,Restio macer,Kunth,Restionaceae,1,0,0,1,1,0,0,0,0,1,0,Aug,Nov,NA,NA,40,0,0,1,0,0,0,0,0,0,0,0,0,0,0,0,0,1,0,0,0,0,0,40,1,1,culm_stem,2,h,w,p,0,0,0,0
Romulea hantamensis,Romulea hantamensis,Iridaceae,Romulea hantamensis,(Diels) Goldblatt,Iridaceae,1,0,1,0,0,1,1,1,0,1,0,NA,NA,NA,NA,15,0,1,0,0,0,0,0,0,0,0,0,0,0,0,0,0,1,0,0,0,0,0,7,0,0,leaf,2,l,i,p,0,0,0,0
Romulea montana,Romulea montana,Iridaceae,Romulea montana,Schltr. ex Bég.,Iridaceae,1,0,1,0,0,1,1,1,0,1,0,NA,NA,NA,NA,15,0,1,0,0,0,0,0,0,0,0,0,0,0,0,0,0,1,0,0,0,0,0,5,0,0,leaf,2,l,i,p,0,0,0,0
Romulea sabulosa,Romulea sabulosa,Iridaceae,Romulea sabulosa,Schltr. ex Bég.,Iridaceae,1,0,1,0,0,1,1,1,0,1,0,Jul,Sep,NA,NA,10,0,1,0,0,0,0,0,0,0,0,0,0,0,0,0,0,1,0,0,0,0,0,8,0,0,leaf,2,l,i,p,0,0,0,0
Romulea tortuosa,Romulea tortuosa,Iridaceae,Romulea tortuosa,(Licht. ex Roem. & Schult.) Baker,Iridaceae,1,0,1,0,0,1,1,1,0,1,0,Jun,Sep,NA,NA,20,0,1,0,0,0,0,0,0,0,0,0,0,0,0,0,0,1,0,0,0,0,0,6,0,0,leaf,2,l,i,p,0,0,0,0
Rosenia glandulosa,Rosenia glandulosa,Asteraceae,Rosenia glandulosa,Thunb.,Asteraceae,1,0,1,0,1,0,0,0,0,0,0,Aug,NA,NA,NA,30,0,0,0,1,0,0,0,0,0,0,0,0,0,0,0,0,0,1,0,0,0,0,1,0,0,leaf,3,m,i,w,0,0,0,0
Rosenia humilis,Rosenia humilis,Asteraceae,Rosenia humilis,(Less.) K.Bremer,Asteraceae,1,0,1,0,1,0,0,0,0,0,0,Aug,Oct,NA,NA,30,0,0,0,1,0,0,0,0,0,0,0,0,0,0,0,0,1,1,0,0,0,0,1,0,0,leaf,3,m,i,w,0,0,0,0
Rosenia oppositifolia,Rosenia oppositifolia,Asteraceae,Rosenia oppositifolia,(DC.) K.Bremer,Asteraceae,1,0,1,0,1,0,0,0,0,0,0,Sep,Oct,NA,NA,30,0,0,0,1,0,0,0,0,0,0,0,0,0,0,0,0,0,1,0,0,0,0,0.6,0,0,leaf,3,m,i,w,0,0,0,0
Rumex crispus,Rumex crispus,Polygonaceae,Rumex crispus,L.,Polygonaceae,1,0,0,1,1,0,0,0,0,0,0,NA,NA,NA,NA,150,1,0,0,0,0,0,0,0,0,0,0,0,0,0,0,0,0,1,0,0,0,0,40,0,0,leaf,1,l,w,w,0,0,0,0
Rumex sagittatus,Rumex sagittatus,Polygonaceae,Rumex sagittatus,Thunb.,Polygonaceae,1,0,0,1,1,0,0,0,0,0,0,NA,NA,NA,NA,30,1,0,0,0,0,0,0,1,1,0,0,0,0,0,0,0,0,1,0,0,0,0,6,0,0,leaf,2,l,w,w,0,0,0,0
Ruschia burtoniae,Ruschia burtoniae,Aizoaceae,Ruschia burtoniae,L.Bolus,Aizoaceae,1,0,1,0,1,0,0,0,0,0,0,NA,NA,NA,NA,60,0,0,0,1,0,0,0,0,0,0,0,0,1,1,0,0,1,0,0,0,0,0,NA,0,0,leaf,3,l,i,p,0,0,0,0
Ruschia cradockensis,Ruschia cradockensis,Aizoaceae,Ruschia cradockensis,"(Kuntze) H.E.K.Hartmann & Stüber, D.",Aizoaceae,1,0,1,0,1,0,0,0,0,0,0,Jul,Aug,NA,NA,30,0,0,0,1,0,0,0,0,0,0,0,0,1,1,0,0,0,1,0,0,0,0,2,0,0,leaf,3,l,i,p,0,0,0,0
Ruschia decurvans,Ruschia decurvans,Aizoaceae,Ruschia decurvans,L.Bolus,Aizoaceae,1,0,1,0,1,0,0,0,0,0,0,Sep,Oct,NA,NA,95,0,0,0,1,0,0,0,0,0,0,0,0,1,1,0,0,1,0,0,0,0,0,5,0,0,leaf,3,l,i,p,0,0,0,0
Ruschia grisea,Ruschia grisea,Aizoaceae,Ruschia grisea,(L.Bolus) Schwantes,Aizoaceae,1,0,1,0,1,0,0,0,0,0,0,Nov,Dec,NA,NA,30,0,0,0,1,0,0,0,0,0,0,0,0,1,1,0,0,0,1,0,0,0,0,1,0,1,mixed,3,l,i,p,0,0,0,0
Ruschia intricata,Ruschia intricata,Aizoaceae,Ruschia intricata,"(N.E.Br.) H.E.K.Hartmann & Stüber, D.",Aizoaceae,1,0,1,0,1,0,0,0,0,0,0,Sep,Oct,NA,NA,50,0,0,0,1,0,0,0,0,0,0,0,0,1,1,0,0,0,1,0,0,0,0,1.5,0,0,leaf,3,l,i,p,0,0,0,0
Ruschia laxipetala,Ruschia laxipetala,Aizoaceae,Ruschia laxipetala,L.Bolus,Aizoaceae,1,0,1,0,1,0,0,0,0,0,0,Oct,Dec,NA,NA,15,0,0,0,1,0,0,0,0,0,0,0,0,1,1,0,0,0,1,0,0,0,0,1,0,1,mixed,3,l,i,p,0,0,0,0
Ruschia muelleri,Ruschia muelleri,Aizoaceae,Ruschia muelleri,(L.Bolus) Schwantes,Aizoaceae,1,0,1,0,1,0,0,0,0,0,0,Aug,Oct,NA,NA,60,0,0,0,1,0,0,0,0,0,0,0,0,1,1,0,0,1,0,0,0,0,0,6,0,0,leaf,3,l,i,p,0,0,0,0
Ruschia robusta,Ruschia robusta,Aizoaceae,Ruschia robusta,L.Bolus,Aizoaceae,1,0,1,0,1,0,0,0,0,0,0,NA,NA,NA,NA,50,0,0,0,1,0,0,0,0,0,0,0,0,1,1,0,0,0,1,0,0,0,0,0.9,0,0,leaf,3,l,i,p,0,0,0,0
Phiambolia unca,Ruschia unca,Aizoaceae,Phiambolia unca,(L.Bolus) Klak,Aizoaceae,1,0,1,0,1,0,0,0,0,0,0,NA,NA,NA,NA,25,0,0,0,1,0,0,0,1,0,0,0,0,1,1,0,0,1,0,0,0,0,0,2.5,0,0,leaf,3,l,i,p,0,0,0,0
Salsola aphylla,Salsola aphylla,Amaranthaceae,Caroxylon aphyllum,(L.f.) Tzvelev,Chenopodiaceae,1,0,1,0,1,0,0,0,0,0,0,Dec,Feb,NA,NA,120,0,0,0,0,1,0,0,0,0,0,0,0,0,0,0,0,0,0,1,0,0,0,0.4,0,0,leaf,3,l,w,p,0,0,0,0
Salsola glabrescens,Salsola glabrescens,Amaranthaceae,Caroxylon glabrescens,(Burtt Davy) Akhani & Roalson,Chenopodiaceae,1,0,1,0,1,0,0,0,0,0,0,NA,NA,NA,NA,40,0,0,0,1,0,0,0,0,0,0,0,0,0,0,0,0,0,0,1,0,0,0,0.4,0,0,leaf,3,l,w,p,0,0,0,0
Salsola kali,Salsola kali,Amaranthaceae,Salsola kali,L.,Chenopodiaceae,0,1,1,0,NA,NA,1,1,0,0,0,Sep,Nov,NA,NA,50,0,0,0,1,0,0,0,0,0,0,0,0,0,0,0,0,0,1,0,0,0,0,1,0,0,leaf,0,l,w,w,0,0,0,0
Salsola tuberculata,Salsola tuberculata,Amaranthaceae,Caroxylon tuberculatum,Moq.,Chenopodiaceae,1,0,1,0,1,0,0,0,0,0,0,NA,NA,NA,NA,30,0,0,0,1,0,0,0,0,0,0,0,0,0,0,0,0,0,0,1,0,0,0,0.3,0,0,leaf,3,l,w,p,0,0,0,0
Salsola zeyheri,Salsola zeyheri,Amaranthaceae,Salsola zeyheri,Schinz,Chenopodiaceae,1,0,1,0,1,0,0,0,0,0,0,Aug,Sep,NA,NA,50,0,0,0,1,0,0,0,0,0,0,0,0,0,0,0,0,0,1,0,0,0,0,0.5,0,0,leaf,3,l,w,p,0,0,0,0
Salvia disermas,Salvia disermas,Lamiaceae,Salvia disermas,L.,Lamiaceae,1,0,1,0,1,0,0,0,0,0,0,Aug,May,NA,NA,120,0,0,0,0,1,0,0,0,0,0,0,0,0,0,0,0,0,0,1,0,0,0,6,0,0,leaf,3,m,i,p,0,0,0,0
Monsonia crassicaulis,Sarcocaulon crassicaule,Geraniaceae,Sarcocaulon spinosum,Kuntze,Geraniaceae,1,0,1,0,0,1,0,0,0,0,0,May,Jun,NA,NA,50,0,0,0,1,0,0,0,0,0,0,0,0,1,0,1,0,0,0,1,0,1,0,2,0,0,leaf,3,l,i,w,0,0,0,0
Satyrium erectum,Satyrium erectum,Orchidaceae,Satyrium erectum,Sw.,Orchidaceae,1,0,1,0,0,1,1,1,1,1,0,Jul,Oct,NA,NA,60,0,1,0,0,0,0,0,0,0,0,0,0,0,0,0,0,0,0,1,0,0,0,10,0,0,leaf,2,l,i,p,0,0,0,0
Mesembryanthemum tortuosum,Sceletium tortuosum,Aizoaceae,Mesembryanthemum tortuosum,L.,Aizoaceae,1,0,1,0,1,0,0,0,0,0,0,NA,NA,NA,NA,20,0,0,0,1,0,0,0,1,0,0,0,0,1,1,1,0,0,1,0,0,0,0,4,0,0,leaf,3,l,i,p,0,0,0,0
Schismus barbatus,Schismus barbatus,Poaceae,Schismus barbatus,(L.) Thell.,Poaceae,0,1,1,0,NA,NA,1,1,0,0,0,Jun,Dec,NA,NA,25,0,0,1,0,0,0,0,0,0,0,0,0,0,0,0,0,1,0,0,0,0,0,10,0,0,leaf,0,l,w,w,0,0,0,0
Schismus scaberrimus,Schismus scaberrimus,Poaceae,Schismus scaberrimus,Nees,Poaceae,1,0,1,0,1,0,0,0,0,0,0,NA,NA,NA,NA,45,0,0,1,0,0,0,0,0,0,0,0,0,0,0,0,0,1,0,0,0,0,0,15,0,0,leaf,2,m,w,w,0,0,0,0
Schismus schismoides,Schismus schismoides,Poaceae,Schismus schismoides,(Stapf ex Conert) Verboom & H.P.Linder,Poaceae,0,1,1,0,NA,NA,1,1,0,0,0,Jul,Oct,NA,NA,15,0,0,1,0,0,0,0,0,0,0,0,0,0,0,0,0,1,0,0,0,0,0,10,0,0,leaf,0,l,w,w,0,0,0,0
Scirpoides dioecus,Scirpoides dioecus,Cyperaceae,Afroscirpoides dioeca,(Kunth) García-Madr.,Cyperaceae,1,0,1,0,1,0,0,0,0,0,0,Sep,Dec,NA,NA,50,0,0,1,0,0,0,0,0,0,0,0,0,0,0,0,0,1,0,0,0,0,0,50,1,1,culm_stem,3,h,w,p,0,0,0,0
Scleranthus annuus,Scleranthus annuus,Caryophyllaceae,Scleranthus annuus,L.,Caryophyllaceae,0,1,1,0,NA,NA,1,1,0,0,0,NA,NA,NA,NA,20,1,0,0,0,0,0,0,0,0,0,0,0,0,0,0,0,1,0,0,0,0,0,1,0,0,leaf,0,l,i,p,0,0,0,0
Searsia burchellii,Searsia burchellii,Anacardiaceae,Searsia burchellii,(Sond. ex Engl.) Moffett,Anacardiaceae,1,0,0,1,1,0,0,0,0,1,0,Apr,May,NA,NA,500,0,0,0,0,0,1,1,0,0,0,0,0,0,0,0,0,0,0,1,1,0,0,3,0,0,leaf,3,h,i,m,0,0,0,0
Searsia lancea,Searsia lancea,Anacardiaceae,Searsia lancea,(L.f.) F.A.Barkley,Anacardiaceae,1,0,0,1,1,0,0,0,0,1,0,Apr,Jul,NA,NA,1200,0,0,0,0,0,1,1,0,0,0,0,0,0,0,0,0,1,0,0,1,0,0,10,0,0,leaf,3,h,i,m,0,0,0,0
Selago albida,Selago albida,Scrophulariaceae,Selago albida,Choisy,Scrophulariaceae,1,0,1,0,1,0,0,0,0,0,0,May,Sep,NA,NA,40,0,0,0,1,0,0,0,0,0,0,0,0,0,0,0,0,1,0,0,0,0,0,0.8,0,0,leaf,2,h,i,p,0,0,0,0
Selago articulata,Selago articulata,Scrophulariaceae,Selago articulata,Thunb.,Scrophulariaceae,1,0,1,0,1,0,0,0,0,0,0,Sep,Oct,NA,NA,20,0,0,0,1,0,0,0,0,0,0,0,0,0,0,0,0,1,0,0,0,0,0,0.3,0,0,leaf,2,m,i,p,0,0,0,0
Selago divaricata,Selago divaricata,Scrophulariaceae,Selago divaricata,L.f.,Scrophulariaceae,1,0,1,0,1,0,0,0,0,0,0,NA,NA,NA,NA,100,0,0,0,1,0,0,0,0,0,0,0,0,0,0,0,0,1,0,0,0,0,0,0.5,0,0,leaf,3,m,i,p,0,0,0,0
Selago glabrata,Selago glabrata,Scrophulariaceae,Selago glabrata,Choisy,Scrophulariaceae,1,0,1,0,1,0,0,0,0,0,0,Sep,Oct,NA,NA,35,0,0,0,1,0,0,0,0,0,0,0,0,0,0,0,0,1,0,0,0,0,0,0.4,0,0,leaf,2,m,i,p,0,0,0,0
Selago rigida,Selago rigida,Scrophulariaceae,Selago rigida,Rolfe,Scrophulariaceae,1,0,1,0,1,0,0,0,0,0,0,Jul,Oct,NA,NA,60,0,0,0,1,0,0,0,0,0,0,0,0,0,0,0,0,0,1,0,0,0,0,0.5,0,0,leaf,2,m,i,p,0,0,0,0
Selago subspinosa,Selago subspinosa,Scrophulariaceae,Selago subspinosa,Hilliard,Scrophulariaceae,1,0,1,0,1,0,0,0,0,0,0,Aug,Sep,NA,NA,35,0,0,0,1,0,0,0,0,0,0,0,0,0,0,0,0,1,0,0,0,0,0,0.8,0,0,leaf,3,m,i,p,0,0,0,0
Senecio abbreviatus,Senecio abbreviatus,Asteraceae,Senecio abbreviatus,S.Moore,Asteraceae,1,0,1,0,1,0,0,0,0,0,0,Jun,Aug,NA,NA,10,1,0,0,0,0,0,0,1,0,0,0,0,1,1,0,0,0,1,0,0,0,0,2,0,0,leaf,3,l,i,w,0,0,0,0
Senecio abruptus,Senecio abruptus,Asteraceae,Senecio abruptus,Thunb.,Asteraceae,0,1,1,0,NA,NA,1,1,0,0,0,NA,NA,NA,NA,60,1,0,0,0,0,0,0,0,0,0,0,0,0,0,0,0,0,1,1,0,1,0,7,0,0,leaf,0,l,i,w,0,0,0,0
Senecio cardaminifolius,Senecio cardaminifolius,Asteraceae,Senecio cardaminifolius,DC.,Asteraceae,0,1,1,0,NA,NA,1,1,0,0,0,Jul,Oct,NA,NA,60,1,0,0,0,0,0,0,0,0,0,0,0,0,0,0,0,0,1,0,0,0,1,8,0,0,leaf,0,l,i,w,0,0,0,0
Senecio cinerascens,Senecio cinerascens,Asteraceae,Senecio cinerascens,Aiton,Asteraceae,1,0,1,0,1,0,0,0,0,0,0,NA,NA,NA,NA,200,0,0,0,0,1,0,0,0,0,0,0,0,0,0,0,0,1,1,0,0,1,1,12,0,0,leaf,2,m,i,w,0,0,0,0
Senecio leptophyllus,Senecio leptophyllus,Asteraceae,Senecio leptophyllus,DC.,Asteraceae,1,0,1,0,1,0,0,0,0,0,0,NA,NA,NA,NA,60,0,0,0,1,0,0,0,0,0,0,0,0,0,0,0,0,1,0,0,0,0,0,5,0,0,leaf,1,l,i,w,0,0,0,0
Senecio radicans,Senecio radicans,Asteraceae,Senecio radicans,(L.f.) Sch.Bip.,Asteraceae,1,0,1,0,1,0,0,0,0,0,0,Apr,Sep,NA,NA,6,1,0,0,0,0,0,0,1,0,0,0,0,1,1,1,0,0,0,1,0,0,0,2,0,0,leaf,3,l,i,w,0,0,0,0
Septulina glauca,Septulina glauca,Loranthaceae,Septulina glauca,Tiegh.,Loranthaceae,1,0,1,0,1,0,0,0,0,0,0,Feb,Sep,NA,NA,50,0,0,0,0,0,0,0,0,0,0,1,0,0,0,0,0,0,1,0,0,0,0,3,0,0,leaf,2,l,i,m,0,0,0,0
Silene clandestina,Silene clandestina,Caryophyllaceae,Silene cretica,L.,Caryophyllaceae,0,1,1,0,NA,NA,1,1,0,0,0,Aug,Jan,NA,NA,45,1,0,0,0,0,0,0,0,0,0,0,0,0,0,0,0,0,1,0,0,0,0,2,0,0,leaf,0,l,i,p,0,0,0,0
Stachys lamarckii,Stachys lamarckii,Lamiaceae,Stachys lamarckii,Benth.,Lamiaceae,1,0,1,0,1,0,0,0,0,0,0,NA,NA,NA,NA,100,0,0,0,1,0,0,0,0,0,0,0,0,0,0,0,0,0,1,0,0,0,0,2,0,0,leaf,3,m,i,p,0,0,0,0
Stipagrostis brevifolia,Stipagrostis brevifolia,Poaceae,Stipagrostis brevifolia,(Nees) De Winter,Poaceae,1,0,1,0,1,0,0,0,0,0,0,NA,NA,NA,NA,100,0,0,0,0,0,0,0,0,0,0,0,0,0,0,0,0,1,0,0,0,0,0,10,0,1,mixed,2,h,w,w,0,0,0,0
Stipagrostis ciliata,Stipagrostis ciliata,Poaceae,Stipagrostis ciliata,(Desf.) De Winter,Poaceae,1,0,1,0,1,0,0,0,0,0,0,Aug,Oct,NA,NA,100,0,0,1,0,0,0,0,0,0,0,0,0,0,0,0,0,1,0,0,0,0,0,8,0,1,mixed,2,h,w,w,0,0,0,0
Stipagrostis namaquensis,Stipagrostis namaquensis,Poaceae,Stipagrostis namaquensis,(Nees) De Winter,Poaceae,1,0,1,0,1,0,0,0,0,0,0,Feb,Jul,Dec,NA,100,0,0,1,0,0,0,0,0,0,0,0,0,0,0,0,0,1,0,0,0,0,0,6,0,1,mixed,2,h,w,w,0,0,0,0
Stipagrostis obtusa,Stipagrostis obtusa,Poaceae,Stipagrostis obtusa,(Delile) Nees,Poaceae,1,0,1,0,1,0,0,0,0,0,0,Jul,May,NA,NA,60,0,0,1,0,0,0,0,0,0,0,0,0,0,0,0,0,1,0,0,0,0,0,6,0,1,mixed,2,m,w,w,0,0,0,0
Lessertia frutescens,Sutherlandia frutescens,Fabaceae,Lessertia frutescens,(L.) Goldblatt & J.C.Manning,Fabaceae,1,0,1,0,1,0,0,0,0,0,0,Jul,Dec,NA,NA,150,0,0,0,0,1,0,0,0,0,0,0,0,0,0,0,0,0,1,0,1,0,1,6,0,0,leaf,2,h,i,w,0,0,0,0
Tenaxia dura,Tenaxia dura,Poaceae,Tenaxia dura,(Stapf) N.P.Barker & H.P.Linder,Poaceae,1,0,1,0,1,0,0,0,0,1,0,Jul,Nov,NA,NA,90,0,0,1,0,0,0,0,0,0,0,0,0,0,0,0,0,1,0,0,0,0,0,21,0,1,mixed,2,h,w,w,0,0,0,0
Tetragonia enchinata,Tetragonia microptera,Aizoaceae,Tetragonia echinata,Aiton,Aizoaceae,0,1,1,0,NA,NA,1,1,0,0,0,Jun,Sep,NA,NA,30,1,0,0,0,0,0,0,1,0,0,0,0,1,1,0,0,0,0,1,0,0,0,2,0,0,leaf,0,l,i,p,0,0,0,0
Tetragonia nigrescens,Tetragonia nigrescens,Aizoaceae,Tetragonia nigrescens,Eckl. & Zeyh.,Aizoaceae,1,0,1,0,1,0,0,0,0,1,0,Jul,Oct,NA,NA,10,1,1,0,0,0,0,0,1,0,0,0,0,1,1,0,0,0,0,1,0,0,0,3,0,0,leaf,2,l,i,w,0,0,0,0
Tetragonia sarcophylla,Tetragonia sarcophylla,Aizoaceae,Tetragonia sarcophylla,Fenzl,Aizoaceae,1,0,1,0,1,0,0,0,0,0,0,Jun,Sep,NA,NA,40,0,0,0,1,0,0,0,0,0,0,0,0,1,1,0,0,0,0,1,0,0,0,2,0,0,leaf,2,l,i,w,0,0,0,0
Thesium hispidulum,Thesium hispidulum,Santalaceae,Thesium hispidulum,Lam.,Santalaceae,1,0,1,0,1,0,0,0,0,0,0,Sep,Dec,NA,NA,20,1,0,0,0,0,0,0,0,0,1,0,0,0,0,0,0,1,0,0,0,0,0,1,0,1,mixed,1,l,i,p,0,0,0,0
Thesium horridum,Thesium horridum,Santalaceae,Thesium horridum,Pilg.,Santalaceae,1,0,1,0,1,0,0,0,0,0,0,Sep,NA,NA,NA,30,0,0,0,1,0,0,0,0,0,1,0,0,0,0,0,0,0,1,0,0,0,0,1,0,1,mixed,2,l,i,p,0,0,0,0
Thesium hystrix,Thesium hystrix,Santalaceae,Thesium hystrix,A.W.Hill,Santalaceae,1,0,1,0,1,0,0,0,0,0,0,NA,NA,NA,NA,100,0,0,0,1,0,0,0,0,0,1,0,0,0,0,0,0,1,0,0,0,0,0,1,1,1,mixed,2,l,i,p,0,0,0,0
Thesium lineatum,Thesium lineatum,Santalaceae,Lacomucinaea lineata,(L.f.) Nickrent & M.A.García,Santalaceae,1,0,1,0,1,0,0,0,0,0,0,Aug,Feb,NA,NA,200,0,0,0,0,1,0,0,0,0,1,0,0,0,0,0,0,1,0,0,0,0,0,0.5,1,1,mixed,2,l,i,p,0,0,0,0
Trachyandra divaricata,Trachyandra divaricata,Asphodelaceae,Trachyandra divaricata,Kunth,Asphodelaceae,1,0,1,0,1,0,0,0,0,1,0,Jul,Sep,NA,NA,90,1,1,0,0,0,0,0,0,0,0,0,0,1,1,0,0,1,0,0,0,0,0,30,0,0,leaf,2,l,i,p,0,0,0,0
Trachyandra falcata,Trachyandra falcata,Asphodelaceae,Trachyandra falcata,(L.f.) Kunth,Asphodelaceae,1,0,1,0,1,0,0,0,0,1,0,Jul,Oct,NA,NA,100,1,1,0,0,0,0,0,0,0,0,0,0,1,1,0,0,1,0,0,0,0,0,30,0,0,leaf,2,l,i,p,0,0,0,0
Trachyandra jacquiniana,Trachyandra jacquiniana,Asphodelaceae,Trachyandra jacquiniana,(Roem. & Schult.) Oberm.,Asphodelaceae,1,0,1,0,1,0,0,0,0,1,0,Jul,Sep,NA,NA,50,1,1,0,0,0,0,0,0,0,0,0,0,1,1,0,0,1,0,0,0,0,0,15,0,0,leaf,3,l,i,p,0,0,0,0
Tribolium tenella,Tribolium tenellum,Poaceae,Tribolium tenellum,(Nees) Verboom & H.P.Linder,Poaceae,0,1,1,0,NA,NA,1,1,0,0,0,Aug,Oct,NA,NA,15,0,0,1,0,0,0,0,0,0,0,0,0,0,0,0,0,1,0,0,0,0,0,1,0,1,mixed,0,l,w,w,0,0,0,0
Tribolium utriculosum,Tribolium utriculosum,Poaceae,Tribolium utriculosum,(Nees) Renvoize,Poaceae,0,1,1,0,NA,NA,1,1,0,0,0,NA,NA,NA,NA,12,0,0,1,0,0,0,0,0,0,0,0,0,0,0,0,0,1,0,0,0,0,0,5,0,1,mixed,0,l,w,w,0,0,0,0
Trichodiadema promeridiana,Trichodiadema promeridiana,Aizoaceae,Trichodiadema pomeridianum,L.Bolus,Aizoaceae,1,0,1,0,1,0,0,0,0,1,0,NA,NA,NA,NA,25,0,1,0,1,0,0,0,0,0,0,0,0,1,1,0,0,0,1,0,0,0,0,1.5,0,0,leaf,3,l,i,p,0,0,0,0
Tylecodon reticulatus,Tylecodon reticulatus,Crassulaceae,Tylecodon reticulatus,(L.f.) Toelken,Crassulaceae,1,0,1,0,1,0,0,0,0,0,0,Nov,Dec,NA,NA,30,0,0,0,1,0,0,0,0,0,0,0,0,1,1,1,0,0,0,1,0,0,0,4,0,0,leaf,3,l,i,p,0,0,0,0
Tylecodon wallichii,Tylecodon wallichii,Crassulaceae,Tylecodon wallichii,(Harv.) Toelken,Crassulaceae,1,0,1,0,1,0,0,0,0,0,0,Dec,Feb,NA,NA,100,0,0,0,1,0,0,0,0,0,0,0,0,1,1,1,0,1,0,0,0,0,0,8,0,0,leaf,3,l,i,p,0,0,0,0
Ursinia anthemoides,Ursinia anthemoides,Asteraceae,Ursinia anthemoides,(L.) Poir.,Asteraceae,0,1,1,0,NA,NA,1,1,0,0,0,Aug,Oct,NA,NA,50,1,0,0,0,0,0,0,0,0,0,0,0,0,0,0,0,1,0,0,1,0,0,3,0,0,leaf,0,l,i,w,0,0,0,0
Ursinia cakilefolia,Ursinia cakilefolia,Asteraceae,Ursinia cakilefolia,DC.,Asteraceae,0,1,1,0,NA,NA,1,1,0,0,0,Jul,Oct,NA,NA,45,1,0,0,0,0,0,0,0,0,0,0,0,0,0,0,0,1,0,0,1,1,0,3,0,0,leaf,0,l,i,w,0,0,0,0
Ursinia calenduliflora,Ursinia calenduliflora,Asteraceae,Ursinia calenduliflora,(DC.) N.E.Br.,Asteraceae,0,1,1,0,NA,NA,1,1,0,0,0,NA,NA,NA,NA,35,1,0,0,0,0,0,0,0,0,0,0,0,0,0,0,0,1,0,0,1,1,0,6,0,0,leaf,0,l,i,w,0,0,0,0
Ursinia nana subsp. nana,Ursinia nana subsp. nana,Asteraceae,Ursinia nana subsp. nana,NA,Asteraceae,1,1,1,0,NA,NA,1,1,0,0,0,Aug,Oct,NA,NA,20,1,0,0,0,0,0,0,0,0,0,0,0,0,0,0,0,1,0,0,1,1,0,1,0,0,leaf,0,l,i,w,0,0,0,0
Wahlenbergia androsacea,Wahlenbergia androsacea,Campanulaceae,Wahlenbergia androsacea,A.DC.,Campanulaceae,0,1,1,0,NA,NA,1,1,0,0,0,NA,NA,NA,NA,40,1,0,0,0,0,0,0,0,0,0,0,0,0,0,0,0,0,1,0,0,0,0,4,0,0,leaf,0,l,i,p,0,0,0,0
Wahlenbergia annularis,Wahlenbergia annularis,Campanulaceae,Wahlenbergia annularis,A.DC.,Campanulaceae,0,1,1,0,NA,NA,1,1,0,0,0,NA,NA,NA,NA,40,1,0,0,0,0,0,0,0,0,0,0,0,0,0,0,0,1,0,0,0,0,0,4,0,0,leaf,0,l,i,p,0,0,0,0
Wahlenbergia prostrata,Wahlenbergia prostrata,Campanulaceae,Wahlenbergia prostrata,E.Mey.,Campanulaceae,0,1,1,0,NA,NA,1,1,0,0,0,NA,NA,NA,NA,15,1,0,0,0,0,0,0,0,0,0,0,0,0,0,0,0,1,0,0,0,0,0,1,0,0,leaf,0,l,i,p,0,0,0,0
Wahlenbergia thunbergiana,Wahlenbergia thunbergiana,Campanulaceae,Wahlenbergia thunbergiana,(H.Buek) Lammers,Campanulaceae,1,0,1,0,1,0,0,0,0,0,0,NA,NA,NA,NA,60,0,0,0,1,0,0,0,1,0,0,0,0,0,0,0,0,1,1,0,0,0,0,1,0,0,leaf,1,l,i,p,0,0,0,0
Wiborgia monoptera,Wiborgia monoptera,Fabaceae,Wiborgia monoptera,E.Mey.,Fabaceae,1,0,1,0,1,0,0,0,0,0,0,NA,NA,NA,NA,100,0,0,0,1,0,0,0,0,0,0,0,0,0,0,0,0,0,0,1,1,0,0,1,0,0,leaf,3,m,i,w,0,0,0,0
Wiborgia sericea,Wiborgia sericea,Fabaceae,Wiborgia sericea,Thunb.,Fabaceae,1,0,1,0,0,1,0,0,0,0,0,May,Sep,NA,NA,120,0,0,0,0,1,0,0,0,0,0,0,0,0,0,0,0,0,0,1,1,0,0,1,0,0,leaf,2,m,i,p,0,0,0,0
Wiborgiella leipoldtiana,Wiborgiella leipoldtiana,Fabaceae,Wiborgiella leipoldtiana,(Schltr. ex R.Dahlgren) Boatwr. & B.-E.van Wyk,Fabaceae,1,0,1,0,0,1,0,0,0,0,0,Aug,Oct,NA,NA,120,0,0,0,0,1,0,0,0,0,0,0,0,0,0,0,0,0,1,0,1,0,0,1.5,0,0,leaf,2,m,i,p,0,0,0,0
Zaluzianskya affinis,Zaluzianskya affinis,Scrophulariaceae,Zaluzianskya affinis,Hilliard,Scrophulariaceae,0,1,1,0,NA,NA,1,1,0,0,0,NA,NA,NA,NA,30,1,0,0,0,0,0,0,0,0,0,0,0,0,0,0,0,0,1,0,0,0,0,1,0,0,leaf,0,l,i,p,0,0,0,0
Zaluzianskya benthamiana,Zaluzianskya benthamiana,Scrophulariaceae,Zaluzianskya benthamiana,Walp.,Scrophulariaceae,0,1,1,0,NA,NA,1,1,0,0,0,NA,NA,NA,NA,33,1,0,0,0,0,0,0,0,0,0,0,0,0,0,0,0,0,1,0,0,0,0,3.5,0,0,leaf,0,l,i,p,0,0,0,0
Zaluzianskya cohabitans,Zaluzianskya cohabitans,Scrophulariaceae,Zaluzianskya cohabitans,Hilliard,Scrophulariaceae,0,1,1,0,NA,NA,1,1,0,0,0,Aug,Sep,NA,NA,10,1,0,0,0,0,0,0,0,0,0,0,0,0,0,0,0,0,0,1,0,0,0,0.5,0,0,leaf,0,l,i,p,0,0,0,0
Zaluzianskya minima,Zaluzianskya minima,Scrophulariaceae,Zaluzianskya minima,(Hiern) Hilliard,Scrophulariaceae,0,1,1,0,NA,NA,1,1,0,0,0,NA,NA,NA,NA,10,1,0,0,0,0,0,0,0,0,0,0,0,0,0,0,0,0,0,1,0,0,0,1,0,0,leaf,0,l,i,p,0,0,0,0
Zaluzianskya pusilla,Zaluzianskya pusilla,Scrophulariaceae,Zaluzianskya pusilla,(Benth.) Walp.,Scrophulariaceae,0,1,1,0,NA,NA,1,1,0,0,0,Jul,Oct,NA,NA,15,1,0,0,0,0,0,0,0,0,0,0,0,0,0,0,0,0,1,0,0,0,0,1.5,0,0,leaf,0,l,i,p,0,0,0,0
Zaluzianskya villosa,Zaluzianskya villosa,Scrophulariaceae,Zaluzianskya villosa,(Thunb.) F.W.Schmidt,Scrophulariaceae,0,1,1,0,NA,NA,1,1,0,0,0,NA,NA,NA,NA,30,1,0,0,0,0,0,0,0,0,0,0,0,0,0,0,0,0,1,0,0,0,0,2,0,0,leaf,0,l,i,p,0,0,0,0
Zaluzianskya violacea,Zaluzianskya violacea,Scrophulariaceae,Zaluzianskya violacea,Schltr.,Scrophulariaceae,0,1,1,0,NA,NA,1,1,0,0,0,Jul,Sep,NA,NA,15,1,0,0,0,0,0,0,0,0,0,0,0,0,0,0,0,0,0,1,0,0,0,1.3,0,0,leaf,0,l,i,p,0,0,0,0
Roepera lichtensteiniana,Zygophyllum lichtensteinianum,Zygophyllaceae,Roepera lichtensteiniana,(Cham.) Beier & Thulin,Zygophyllaceae,1,0,1,0,1,0,0,0,0,0,0,Sep,NA,NA,NA,80,0,0,0,1,0,0,0,0,0,0,0,0,0,0,0,0,0,0,1,1,0,0,1,0,0,leaf,3,l,i,w,0,0,0,0
Roepera pygmaea,Zygophyllum pygmaeum,Zygophyllaceae,Roepera pygmaea,(Eckl. & Zeyh.) Beier & Thulin,Zygophyllaceae,1,0,1,0,1,0,0,0,0,0,0,Jun,Sep,NA,NA,60,0,0,0,1,0,0,0,1,0,0,0,0,0,0,0,0,0,0,1,1,0,0,0.7,0,0,leaf,3,l,i,w,0,0,0,0
Tetraena retrofracta,Zygophyllum retrofractum,Zygophyllaceae,Zygophyllum retrofractum,Thunb.,Zygophyllaceae,1,0,1,0,1,0,0,0,0,0,0,Jul,Dec,NA,NA,150,0,0,0,1,1,0,0,0,0,0,0,0,1,1,0,0,0,0,1,1,0,0,0.6,0,1,mixed,3,l,i,w,0,0,0,0
