"scientific_name_original","scientific_name_MG","family_MG","scientific_name_WFO","scientific_name_authorship_WFO","family_WFO","perennial","annual","monoecious","dioecious","evergreen","deciduous","seasonally_apparent","seasonally_identifiable","flower_postfire","resprout_postfire","serotinous","flower_begin","flower_end","flower_begin_alt","flower_end_alt","max_height_cm","herb","geophyte","graminoid","low_shrub","mid_shrub","tall_shrub","tree","scrambler","liana","hemiparasite","parasite","missing_growthform_class","succulent","leaf_succulent","stem_succulent","other_succulent","leaf_type","lvs_linear","lvs_intermediate","lvs_oval","lvs_compound","lvs_lobed","lvs_dissected","leaf_length","virtually_no_leaves","stems_photosynthetic","functional_leaf","plant_longevity","flammability","pollination","dispersal","scientific_name_authorship"
"Abutilon sonneratianum","Abutilon sonneratianum","Malvaceae","Abutilon sonneratianum","Abutilon sonneratianum","Malvaceae",1,0,1,0,1,0,0,0,0,0,0,"Nov","Jan",NA,NA,200,0,0,0,0,0,1,0,0,0,0,0,0,0,0,0,0,"leaf",0,0,1,0,1,0,3.966666667,0,0,"leaf",2,"l","i","w","Abutilon sonneratianum"
"Acacia cyclops","Acacia cyclops","Fabaceae","Acacia cyclops","Acacia cyclops","Fabaceae",1,0,1,0,1,0,0,0,0,0,0,"Oct","May",NA,NA,400,0,0,0,0,0,0,1,0,0,0,0,0,0,0,0,0,"phyllode",0,0,1,0,0,0,NA,0,0,"leaf",3,"h","i","m","Acacia cyclops"
"Acacia mearnsii","Acacia mearnsii","Fabaceae","Acacia mearnsii","Acacia mearnsii","Fabaceae",1,0,1,0,1,0,0,0,0,0,0,"Aug","Nov",NA,NA,1500,0,0,0,0,0,0,1,0,0,0,0,0,0,0,0,0,"leaf",0,0,0,1,0,0,NA,0,0,"leaf",3,"h","i","m","Acacia mearnsii"
"Acacia saligna","Acacia saligna","Fabaceae","Acacia saligna","Acacia saligna","Fabaceae",1,0,1,0,1,0,0,0,0,1,0,"Aug","Oct",NA,NA,600,0,0,0,0,0,1,1,0,0,0,0,0,0,0,0,0,"phyllode",0,1,1,0,0,0,NA,0,0,"leaf",3,"m","i","m","Acacia saligna"
"Acalypha glabrata","Acalypha glabrata","Euphorbiaceae","Acalypha glabrata","Acalypha glabrata","Euphorbiaceae",1,0,1,0,1,0,0,0,0,0,0,"Oct","Dec",NA,NA,500,0,0,0,0,0,1,1,0,0,0,0,0,0,0,0,0,"leaf",0,0,1,0,0,0,NA,0,0,"leaf",3,"m","i","i","Acalypha glabrata"
"Acmadenia latifolia","Acmadenia latifolia","Rutaceae","Acmadenia latifolia","Acmadenia latifolia","Rutaceae",1,0,1,0,1,0,0,0,0,0,0,"Oct","Dec",NA,NA,40,0,0,0,1,0,0,0,0,0,0,0,0,0,0,0,0,"leaf",0,1,0,0,0,0,1.32,0,0,"leaf",2,"h","i","p","Acmadenia latifolia"
"Acmadenia nivea","Acmadenia nivea","Rutaceae","Acmadenia nivea","Acmadenia nivea","Rutaceae",1,0,1,0,1,0,0,0,0,0,0,"Mar","Aug",NA,NA,30,0,0,0,1,0,0,0,0,0,0,0,0,0,0,0,0,"leaf",0,1,0,0,0,0,NA,0,0,"leaf",2,"h","i","p","Acmadenia nivea"
"Acmadenia nivenii","Acmadenia nivenii","Rutaceae","Acmadenia nivenii","Acmadenia nivenii","Rutaceae",1,0,1,0,1,0,0,0,0,0,0,"Sep","Dec",NA,NA,40,0,0,0,1,0,0,0,0,0,0,0,0,0,0,0,0,"leaf",1,0,1,0,0,0,0.644,0,0,"leaf",2,"h","i","p","Acmadenia nivenii"
"Acmadenia tetragona","Acmadenia tetragona","Rutaceae","Acmadenia tetragona","Acmadenia tetragona","Rutaceae",1,0,1,0,1,0,0,0,0,0,0,"Jul","Nov",NA,NA,40,0,0,0,1,0,0,0,0,0,0,0,0,0,0,0,0,"leaf",0,1,0,0,0,0,NA,0,0,"leaf",2,"h","i","p","Acmadenia tetragona"
"Acmadenia trigona","Acmadenia trigona","Rutaceae","Acmadenia trigona","Acmadenia trigona","Rutaceae",1,0,1,0,1,0,0,0,0,0,0,"Sep","Nov",NA,NA,40,0,0,0,1,0,0,0,0,0,0,0,0,0,0,0,0,"leaf",0,1,0,0,0,0,1.132,0,0,"leaf",2,"h","i","p","Acmadenia trigona"
"Acrolophia barbata","Acrolophia barbata","Orchidaceae","Eulophia barbata","Eulophia barbata","Orchidaceae",1,0,1,0,1,0,1,1,0,1,0,"Nov","Dec",NA,NA,100,0,1,0,0,0,0,0,0,0,0,0,0,0,0,0,0,"leaf",1,0,0,0,0,0,NA,0,0,"leaf",2,"l","i","p","Eulophia barbata"
"Acrolophia capensis","Acrolophia capensis","Orchidaceae","Eulophia tristis","Eulophia tristis","Orchidaceae",1,0,1,0,1,0,1,1,0,1,0,"Dec","Jan",NA,NA,80,0,1,0,0,0,0,0,0,0,0,0,0,0,0,0,0,"leaf",1,0,0,0,0,0,NA,0,0,"leaf",2,"l","i","p","Eulophia tristis"
"Acrosanthes angustifolia","Acrosanthes angustifolia","Aizoaceae","Acrosanthes angustifolia","Acrosanthes angustifolia","Aizoaceae",1,0,1,0,1,0,0,0,0,0,0,"Nov","Dec",NA,NA,10,0,0,0,1,0,0,0,0,0,0,0,0,0,0,0,0,"leaf",0,1,0,0,0,0,NA,0,0,"leaf",2,"l","i","p","Acrosanthes angustifolia"
"Adenandra brachyphylla","Adenandra brachyphylla","Rutaceae","Adenandra brachyphylla","Adenandra brachyphylla","Rutaceae",1,0,1,0,1,0,0,0,0,1,0,"Jul","Nov",NA,NA,80,0,0,0,1,0,0,0,0,0,0,0,0,0,0,0,0,"leaf",0,0,1,0,0,0,NA,0,0,"leaf",2,"h","i","p","Adenandra brachyphylla"
"Adenandra fragrans","Adenandra fragrans","Rutaceae","Adenandra fragrans","Adenandra fragrans","Rutaceae",1,0,1,0,1,0,0,0,0,0,0,"Sep","Nov",NA,NA,120,0,0,0,0,1,0,0,0,0,0,0,0,0,0,0,0,"leaf",0,0,1,0,0,0,2.52,0,0,"leaf",2,"h","i","p","Adenandra fragrans"
"Adenandra mundiifolia","Adenandra mundiifolia","Rutaceae","Adenandra mundiifolia","Adenandra mundiifolia","Rutaceae",1,0,1,0,1,0,0,0,0,0,0,"Aug","Nov",NA,NA,70,0,0,0,1,0,0,0,0,0,0,0,0,0,0,0,0,"leaf",0,0,1,0,0,0,NA,0,0,"leaf",2,"h","i","p","Adenandra mundiifolia"
"Adenandra uniflora","Adenandra uniflora","Rutaceae","Adenandra uniflora","Adenandra uniflora","Rutaceae",1,0,1,0,1,0,0,0,0,0,0,"Aug","Oct",NA,NA,50,0,0,0,1,0,0,0,0,0,0,0,0,0,0,0,0,"leaf",0,1,1,0,0,0,0.833333333,0,0,"leaf",2,"h","i","p","Adenandra uniflora"
"Adenandra villosa","Adenandra villosa","Rutaceae","Adenandra villosa","Adenandra villosa","Rutaceae",1,0,1,0,1,0,0,0,0,0,0,"Aug","Nov",NA,NA,100,0,0,0,1,0,0,0,0,0,0,0,0,0,0,0,0,"leaf",0,0,1,0,0,0,1.61,0,0,"leaf",2,"h","i","p","Adenandra villosa"
"Adenocline pauciflora","Adenocline pauciflora","Euphorbiaceae","Adenocline pauciflora","Adenocline pauciflora","Euphorbiaceae",1,1,0,1,1,0,0,0,0,1,0,"Sep","Dec",NA,NA,30,1,0,0,0,0,0,0,0,0,0,0,0,0,0,0,0,"leaf",0,1,0,0,0,0,NA,0,0,"leaf",2,"l","i","p","Adenocline pauciflora"
"Adenogramma glomerata","Adenogramma glomerata","Molluginaceae","Adenogramma glomerata","Adenogramma glomerata","Molluginaceae",0,1,1,0,0,1,1,1,0,0,0,"Aug","Oct",NA,NA,15,1,0,0,0,0,0,0,0,0,0,0,0,0,0,0,0,"leaf",1,0,0,0,0,0,NA,0,0,"leaf",0,"l","i","p","Adenogramma glomerata"
"Adromischus cristatus","Adromischus cristatus","Crassulaceae","Adromischus cristatus","Adromischus cristatus","Crassulaceae",1,0,1,0,1,0,0,0,0,0,0,"Dec","Mar",NA,NA,40,1,0,0,0,0,0,0,0,0,0,0,0,1,1,1,0,"leaf",0,0,1,0,0,0,NA,0,0,"leaf",3,"l","i","p","Adromischus cristatus"
"Adromischus maculatus","Adromischus maculatus","Crassulaceae","Adromischus maculatus","Adromischus maculatus","Crassulaceae",1,0,1,0,1,0,0,0,0,0,0,"Dec","Jan",NA,NA,35,1,0,0,0,0,0,0,0,0,0,0,0,1,1,1,0,"leaf",0,0,1,0,0,0,6.090909091,0,0,"leaf",3,"l","i","p","Adromischus maculatus"
"Adromischus triflorus","Adromischus triflorus","Crassulaceae","Adromischus triflorus","Adromischus triflorus","Crassulaceae",1,0,1,0,1,0,0,0,0,0,0,"Nov","Jan",NA,NA,35,1,0,0,0,0,0,0,0,0,0,0,0,1,1,1,0,"leaf",0,0,1,0,0,0,NA,0,0,"leaf",3,"l","i","p","Adromischus triflorus"
"Agapanthus praecox","Agapanthus praecox","Agapanthaceae","Agapanthus praecox","Agapanthus praecox","Amaryllidaceae",1,0,1,0,0,1,1,1,0,1,0,"Dec","Feb",NA,NA,100,0,1,0,0,0,0,0,0,0,0,0,0,0,0,0,0,"leaf",1,0,0,0,0,0,NA,0,0,"leaf",3,"l","i","w","Agapanthus praecox"
"Agapanthus walshii","Agapanthus africanus","Agapanthaceae","Agapanthus walshii","Agapanthus walshii","Amaryllidaceae",1,0,1,0,0,1,1,1,1,1,0,"Dec","Apr",NA,NA,70,0,1,0,0,0,0,0,0,0,0,0,0,0,0,0,0,"leaf",1,0,0,0,0,0,13.86,0,0,"leaf",3,"l","i","w","Agapanthus walshii"
"Agathosma anomala","Agathosma anomala","Rutaceae","Agathosma anomala","Agathosma anomala","Rutaceae",1,0,1,0,1,0,0,0,0,0,0,"Oct","Apr",NA,NA,30,0,0,0,1,0,0,0,0,0,0,0,0,0,0,0,0,"leaf",0,1,0,0,0,0,0.8,0,0,"leaf",2,"h","i","p","Agathosma anomala"
"Agathosma betulina","Agathosma betulina","Rutaceae","Agathosma betulina","Agathosma betulina","Rutaceae",1,0,1,0,1,0,0,0,0,1,0,"Jun","Nov",NA,NA,200,0,0,0,0,0,1,0,0,0,0,0,0,0,0,0,0,"leaf",0,0,1,0,0,0,1.3,0,0,"leaf",3,"h","i","p","Agathosma betulina"
"Agathosma bicolor","Agathosma bicolor","Rutaceae","Agathosma bicolor","Agathosma bicolor","Rutaceae",1,0,1,0,1,0,0,0,0,1,0,"Aug","Sep",NA,NA,35,0,0,0,1,0,0,0,0,0,0,0,0,0,0,0,0,"leaf",1,0,0,0,0,0,1,0,0,"leaf",2,"h","i","p","Agathosma bicolor"
"Agathosma bifida","Agathosma bifida","Rutaceae","Agathosma bifida","Agathosma bifida","Rutaceae",1,0,1,0,1,0,0,0,0,1,0,"Jan","Dec",NA,NA,80,0,0,0,1,0,0,0,0,0,0,0,0,0,0,0,0,"leaf",1,0,0,0,0,0,0.796,0,0,"leaf",3,"h","i","p","Agathosma bifida"
"Agathosma bisulca","Agathosma bisulca","Rutaceae","Agathosma bisulca","Agathosma bisulca","Rutaceae",1,0,1,0,1,0,0,0,0,1,0,"Jun","Nov",NA,NA,100,0,0,0,1,0,0,0,0,0,0,0,0,0,0,0,0,"leaf",1,1,0,0,0,0,1.5,0,0,"leaf",2,"h","i","p","Agathosma bisulca"
"Agathosma capensis","Agathosma capensis","Rutaceae","Agathosma capensis","Agathosma capensis","Rutaceae",1,0,1,0,1,0,0,0,0,1,0,"Jan","Dec",NA,NA,90,0,0,0,1,0,0,0,0,0,0,0,0,0,0,0,0,"leaf",1,0,0,0,0,0,0.474482759,0,0,"leaf",2,"h","i","p","Agathosma capensis"
"Agathosma cerefolium","Agathosma cerefolium","Rutaceae","Agathosma cerefolium","Agathosma cerefolium","Rutaceae",1,0,1,0,1,0,0,0,0,0,0,"Aug","Jan",NA,NA,140,0,0,0,0,1,0,0,0,0,0,0,0,0,0,0,0,"leaf",0,1,0,0,0,0,NA,0,0,"leaf",2,"h","i","p","Agathosma cerefolium"
"Agathosma ciliaris","Agathosma ciliaris","Rutaceae","Agathosma ciliaris","Agathosma ciliaris","Rutaceae",1,0,1,0,1,0,0,0,0,0,0,"May","Dec",NA,NA,45,0,0,0,1,0,0,0,0,0,0,0,0,0,0,0,0,"leaf",0,1,0,0,0,0,0.62,0,0,"leaf",2,"h","i","p","Agathosma ciliaris"
"Agathosma crenulata","Agathosma crenulata","Rutaceae","Agathosma crenulata","Agathosma crenulata","Rutaceae",1,0,1,0,1,0,0,0,0,0,0,"Jun","Nov",NA,NA,250,0,0,0,0,0,1,0,0,0,0,0,0,0,0,0,0,"leaf",0,0,1,0,0,0,NA,0,0,"leaf",2,"h","i","p","Agathosma crenulata"
"Agathosma distans","Agathosma distans","Rutaceae","Agathosma distans","Agathosma distans","Rutaceae",1,0,1,0,1,0,0,0,0,0,0,"Sep","Sep",NA,NA,100,0,0,0,1,0,0,0,0,0,0,0,0,0,0,0,0,"leaf",0,1,1,0,0,0,2,0,0,"leaf",2,"h","i","p","Agathosma distans"
"Agathosma divaricata","Agathosma divaricata","Rutaceae","Agathosma divaricata","Agathosma divaricata","Rutaceae",1,0,1,0,1,0,0,0,0,0,0,"Sep","Nov",NA,NA,30,0,0,0,1,0,0,0,0,0,0,0,0,0,0,0,0,"leaf",0,0,1,0,0,0,0.5,0,0,"leaf",2,"h","i","p","Agathosma divaricata"
"Agathosma hookeri","Agathosma hookeri","Rutaceae","Agathosma hookeri","Agathosma hookeri","Rutaceae",1,0,1,0,1,0,0,0,0,1,0,"Aug","Nov",NA,NA,30,0,0,0,1,0,0,0,0,0,0,0,0,0,0,0,0,"leaf",1,0,0,0,0,0,0.7,0,0,"leaf",2,"h","i","p","Agathosma hookeri"
"Agathosma imbricata","Agathosma imbricata","Rutaceae","Agathosma imbricata","Agathosma imbricata","Rutaceae",1,0,1,0,1,0,0,0,0,1,0,"Jun","Jan",NA,NA,100,0,0,0,1,0,0,0,0,0,0,0,0,0,0,0,0,"leaf",0,1,0,0,0,0,0.348461538,0,0,"leaf",2,"h","i","p","Agathosma imbricata"
"Agathosma kougaense","Agathosma kougaense","Rutaceae","Agathosma kougaense","Agathosma kougaense","Rutaceae",1,0,1,0,1,0,0,0,0,0,0,"Jul","Nov",NA,NA,20,0,0,0,1,0,0,0,0,0,0,0,0,0,0,0,0,"leaf",0,1,0,0,0,0,1,0,0,"leaf",2,"m","i","p","Agathosma kougaense"
"Agathosma lanceolata","Agathosma lanceolata","Rutaceae","Agathosma lanceolata","Agathosma lanceolata","Rutaceae",1,0,1,0,1,0,0,0,0,0,0,"Apr","Oct",NA,NA,50,0,0,0,1,0,0,0,0,0,0,0,0,0,0,0,0,"leaf",0,0,1,0,0,0,0.483333333,0,0,"leaf",2,"h","i","p","Agathosma lanceolata"
"Agathosma martiana","Agathosma martiana","Rutaceae","Agathosma martiana","Agathosma martiana","Rutaceae",1,0,1,0,1,0,0,0,0,0,0,"Jul","Sep",NA,NA,300,0,0,0,0,0,1,0,0,0,0,0,0,0,0,0,0,"leaf",0,1,0,0,0,0,0.966666667,0,0,"leaf",2,"h","i","p","Agathosma martiana"
"Agathosma minuta","Agathosma minuta","Rutaceae","Agathosma minuta","Agathosma minuta","Rutaceae",1,0,1,0,1,0,0,0,0,1,0,"Jun","Sep",NA,NA,15,0,0,0,1,0,0,0,0,0,0,0,0,0,0,0,0,"leaf",0,1,0,0,0,0,NA,0,0,"leaf",2,"h","i","p","Agathosma minuta"
"Agathosma mucronulata","Agathosma mucronulata","Rutaceae","Agathosma mucronulata","Agathosma mucronulata","Rutaceae",1,0,1,0,1,0,0,0,0,0,0,"Sep","Oct",NA,NA,100,0,0,0,1,0,0,0,0,0,0,0,0,0,0,0,0,"leaf",0,1,0,0,0,0,0.7,0,0,"leaf",2,"h","i","p","Agathosma mucronulata"
"Agathosma mundtii","Agathosma mundtii","Rutaceae","Agathosma mundtii","Agathosma mundtii","Rutaceae",1,0,1,0,1,0,0,0,0,0,0,"Jun","Nov",NA,NA,100,0,0,0,1,0,0,0,0,0,0,0,0,0,0,0,0,"leaf",1,0,0,0,0,0,0.741111111,0,0,"leaf",2,"h","i","p","Agathosma mundtii"
"Agathosma orbicularis","Agathosma orbicularis","Rutaceae","Agathosma orbicularis","Agathosma orbicularis","Rutaceae",1,0,1,0,1,0,0,0,0,0,0,"Jul","Nov",NA,NA,25,0,0,0,1,0,0,0,0,0,0,0,0,0,0,0,0,"leaf",0,0,1,0,0,0,0.2,0,0,"leaf",2,"h","i","p","Agathosma orbicularis"
"Agathosma ovata","Agathosma ovata","Rutaceae","Agathosma ovata","Agathosma ovata","Rutaceae",1,0,1,0,1,0,0,0,0,0,0,"Jan","Dec",NA,NA,300,0,0,0,0,0,1,0,0,0,0,0,0,0,0,0,0,"leaf",0,0,1,0,0,0,1.007777778,0,0,"leaf",2,"h","i","i","Agathosma ovata"
"Agathosma pilifera","Agathosma pilifera","Rutaceae","Agathosma pilifera","Agathosma pilifera","Rutaceae",1,0,1,0,1,0,0,0,0,0,0,"Sep","Oct",NA,NA,60,0,0,0,1,0,0,0,0,0,0,0,0,0,0,0,0,"leaf",0,0,1,0,0,0,0.5,0,0,"leaf",2,"h","i","p","Agathosma pilifera"
"Agathosma puberula","Agathosma puberula","Rutaceae","Agathosma puberula","Agathosma puberula","Rutaceae",1,0,1,0,1,0,0,0,0,0,0,"Mar","Oct",NA,NA,300,0,0,0,0,0,1,0,0,0,0,0,0,0,0,0,0,"leaf",0,1,0,0,0,0,0.8,0,0,"leaf",2,"h","i","p","Agathosma puberula"
"Agathosma pubigera","Agathosma pubigera","Rutaceae","Agathosma pubigera","Agathosma pubigera","Rutaceae",1,0,1,0,1,0,0,0,0,0,0,"Aug","Sep",NA,NA,60,0,0,0,1,0,0,0,0,0,0,0,0,0,0,0,0,"leaf",0,0,1,0,0,0,0.542,0,0,"leaf",2,"h","i","p","Agathosma pubigera"
"Agathosma pungens","Agathosma pungens","Rutaceae","Agathosma pungens","Agathosma pungens","Rutaceae",1,0,1,0,1,0,0,0,0,0,0,"May","Nov",NA,NA,80,0,0,0,1,0,0,0,0,0,0,0,0,0,0,0,0,"leaf",1,0,0,0,0,0,1.5,0,0,"leaf",2,"h","i","p","Agathosma pungens"
"Agathosma recurvifolia","Agathosma recurvifolia","Rutaceae","Agathosma recurvifolia","Agathosma recurvifolia","Rutaceae",1,0,1,0,1,0,0,0,0,0,0,"May","Nov",NA,NA,150,0,0,0,0,1,0,0,0,0,0,0,0,0,0,0,0,"leaf",0,1,0,0,0,0,0.503333333,0,0,"leaf",2,"h","i","p","Agathosma recurvifolia"
"Agathosma serpyllacea","Agathosma serpyllacea","Rutaceae","Agathosma serpyllacea","Agathosma serpyllacea","Rutaceae",1,0,1,0,1,0,0,0,0,0,0,"May","Dec",NA,NA,80,0,0,0,1,0,0,0,0,0,0,0,0,0,0,0,0,"leaf",0,1,0,0,0,0,0.675,0,0,"leaf",2,"h","i","p","Agathosma serpyllacea"
"Agathosma stilbeoides","Agathosma stilbeoides","Rutaceae","Agathosma stilbeoides","Agathosma stilbeoides","Rutaceae",1,0,1,0,1,0,0,0,0,0,0,"Oct","Mar",NA,NA,100,0,0,0,1,0,0,0,0,0,0,0,0,0,0,0,0,"leaf",0,1,0,0,0,0,0.5,0,0,"leaf",2,"h","i","p","Agathosma stilbeoides"
"Agathosma unicarpellata","Agathosma unicarpellata","Rutaceae","Agathosma unicarpellata","Agathosma unicarpellata","Rutaceae",1,0,1,0,1,0,0,0,0,0,0,"Apr","Dec",NA,NA,45,0,0,0,1,0,0,0,0,0,0,0,0,0,0,0,0,"leaf",0,1,0,0,0,0,1.4,0,0,"leaf",2,"h","i","p","Agathosma unicarpellata"
"Agathosma venusta","Agathosma venusta","Rutaceae","Agathosma venusta","Agathosma venusta","Rutaceae",1,0,1,0,1,0,0,0,0,0,0,"Jul","Feb",NA,NA,100,0,0,0,1,0,0,0,0,0,0,0,0,0,0,0,0,"leaf",0,1,0,0,0,0,0.915,0,0,"leaf",2,"h","i","p","Agathosma venusta"
"Agrostis lachnantha","Agrostis lachnantha","Poaceae","Lachnagrostis lachnantha","Lachnagrostis lachnantha","Poaceae",0,1,1,0,0,1,1,1,0,0,0,"Oct","Mar",NA,NA,90,0,0,1,0,0,0,0,0,0,0,0,0,0,0,0,0,"leaf",1,0,0,0,0,0,NA,0,0,"mixed",0,"l","w","u","Lachnagrostis lachnantha"
"Aizoon paniculatum","Aizoon paniculatum","Aizoaceae","Aizoon paniculatum","Aizoon paniculatum","Aizoaceae",1,0,1,0,1,0,0,1,0,0,0,"Jul","Oct",NA,NA,50,0,0,0,1,0,0,0,1,0,0,0,0,1,1,1,0,"leaf",0,1,0,0,0,0,NA,0,0,"leaf",1,"l","i","p","Aizoon paniculatum"
"Aizoon rigidum","Aizoon rigidum","Aizoaceae","Aizoon rigidum","Aizoon rigidum","Aizoaceae",1,0,1,0,1,0,0,1,0,0,0,"Sep","Oct",NA,NA,15,0,0,0,1,0,0,0,0,0,0,0,0,1,1,1,0,"leaf",0,0,1,0,0,0,NA,0,0,"leaf",1,"l","i","p","Aizoon rigidum"
"Aizoon sarmentosum","Aizoon sarmentosum","Aizoaceae","Aizoon sarmentosum","Aizoon sarmentosum","Aizoaceae",1,0,1,0,1,0,0,1,0,0,0,"Jun","Oct",NA,NA,50,0,0,0,1,0,0,0,1,0,0,0,0,1,1,1,0,"leaf",1,0,0,0,0,0,NA,0,0,"leaf",1,"l","i","p","Aizoon sarmentosum"
"Albuca cooperi","Albuca cooperi","Hyacinthaceae","Albuca cooperi","Albuca cooperi","Asparagaceae",1,0,1,0,0,1,1,1,0,1,0,"Sep","Nov",NA,NA,60,0,1,0,0,0,0,0,0,0,0,0,0,0,0,0,0,"leaf",1,0,0,0,0,0,NA,0,0,"leaf",2,"l","i","p","Albuca cooperi"
"Albuca flaccida","Albuca flaccida","Hyacinthaceae","Albuca flaccida","Albuca flaccida","Asparagaceae",1,0,1,0,0,1,1,1,0,1,0,"Aug","Oct",NA,NA,100,0,1,0,0,0,0,0,0,0,0,0,0,0,0,0,0,"leaf",1,0,0,0,0,0,NA,0,0,"leaf",2,"l","i","p","Albuca flaccida"
"Alepidea capensis","Alepidea capensis","Apiaceae","Alepidea capensis","Alepidea capensis","Apiaceae",1,0,1,0,1,0,0,1,0,1,0,"Nov","Feb",NA,NA,40,1,0,0,0,0,0,0,0,0,0,0,0,0,0,0,0,"leaf",0,1,0,0,0,0,2.34,0,0,"leaf",2,"l","i","p","Alepidea capensis"
"Alepidea delicatula","Alepidea delicatula","Apiaceae","Alepidea delicatula","Alepidea delicatula","Apiaceae",1,0,1,0,1,0,0,1,0,1,0,"Jan","Feb",NA,NA,20,1,0,0,0,0,0,0,0,0,0,0,0,0,0,0,0,"leaf",0,1,0,0,0,0,NA,0,0,"leaf",2,"l","i","p","Alepidea delicatula"
"Allophylus decipiens","Allophylus decipiens","Sapindaceae","Allophylus decipiens","Allophylus decipiens","Sapindaceae",1,0,1,0,1,0,0,0,0,0,0,"Nov","Jan",NA,NA,400,0,0,0,0,0,1,1,0,0,0,0,0,0,0,0,0,"leaf",0,0,1,1,0,0,NA,0,0,"leaf",3,"m","i","m","Allophylus decipiens"
"Aloe arborescens","Aloe arborescens","Asphodelaceae","Aloe arborescens","Aloe arborescens","Asphodelaceae",1,0,1,0,1,0,0,0,0,1,0,"May","Jun",NA,NA,300,0,0,0,0,0,1,0,0,0,0,0,0,1,1,1,0,"leaf",0,1,0,0,0,0,31.322,0,0,"leaf",3,"l","b","w","Aloe arborescens"
"Aloe ciliaris","Aloe ciliaris","Asphodelaceae","Aloiampelos ciliaris","Aloiampelos ciliaris","Asphodelaceae",1,0,1,0,1,0,0,0,0,0,0,"Nov","Apr",NA,NA,500,0,0,0,1,1,0,0,0,0,0,0,0,1,1,1,0,"leaf",0,1,0,0,0,0,NA,0,0,"leaf",3,"l","b","w","Aloiampelos ciliaris"
"Aloe comptonii","Aloe comptonii","Asphodelaceae","Aloe comptonii","Aloe comptonii","Asphodelaceae",1,0,1,0,1,0,0,0,0,0,0,"Aug","Dec",NA,NA,100,0,0,0,0,0,0,0,0,0,0,0,1,1,1,1,0,"leaf",0,1,0,0,0,0,29.53333333,0,0,"leaf",3,"l","b","w","Aloe comptonii"
"Aloe ferox","Aloe ferox","Asphodelaceae","Aloe ferox","Aloe ferox","Asphodelaceae",1,0,1,0,1,0,0,0,0,1,0,"May","Nov",NA,NA,300,0,0,0,0,0,1,1,0,0,0,0,0,1,1,1,0,"leaf",0,1,0,0,0,0,49.86666667,0,0,"leaf",3,"l","b","w","Aloe ferox"
"Aloe perfoliata","Aloe mitriformis","Asphodelaceae","Aloe perfoliata","Aloe perfoliata","Asphodelaceae",1,0,1,0,1,0,0,0,0,0,0,"Dec","Feb",NA,NA,200,0,0,0,1,0,0,0,0,0,0,0,1,1,1,1,0,"leaf",0,0,1,0,0,0,NA,0,0,"leaf",3,"l","b","w","Aloe perfoliata"
"Aloe speciosa","Aloe speciosa","Asphodelaceae","Aloe speciosa","Aloe speciosa","Asphodelaceae",1,0,1,0,1,0,0,0,0,0,0,"Aug","Sep",NA,NA,400,0,0,0,0,0,1,1,0,0,0,0,0,1,1,1,0,"leaf",0,1,0,0,0,0,71,0,0,"leaf",3,"l","b","w","Aloe speciosa"
"Alsophila capensis","Cyathea capensis","Cyatheaceae","Alsophila capensis","Alsophila capensis","Cyatheaceae",1,0,1,0,1,0,0,0,0,1,0,"Jan","Dec",NA,NA,450,0,0,0,0,0,0,1,0,0,0,0,0,0,0,0,0,"frond",0,0,1,0,0,1,NA,0,0,"leaf",3,"l","w","w","Alsophila capensis"
"Amphithalea axillaris","Amphithalea axillaris","Fabaceae","Amphithalea axillaris","Amphithalea axillaris","Fabaceae",1,0,1,0,1,0,0,1,0,0,0,"Apr","Aug",NA,NA,100,0,0,0,1,0,0,0,0,0,0,0,0,0,0,0,0,"leaf",0,1,0,0,0,0,NA,0,0,"leaf",2,"h","i","p","Amphithalea axillaris"
"Amphithalea cymbifolia","Amphithalea cymbifolia","Fabaceae","Amphithalea cymbifolia","Amphithalea cymbifolia","Fabaceae",1,0,1,0,1,0,0,1,0,1,0,"Oct","Nov",NA,NA,30,0,0,0,1,0,0,0,0,0,0,0,0,0,0,0,0,"leaf",1,0,0,0,0,0,0.976666667,0,0,"leaf",2,"h","i","p","Amphithalea cymbifolia"
"Amphithalea ericifolia","Amphithalea ericifolia","Fabaceae","Amphithalea ericifolia","Amphithalea ericifolia","Fabaceae",1,0,1,0,1,0,0,1,0,1,0,"Apr","Jan",NA,NA,100,0,0,0,1,0,0,0,0,0,0,0,0,0,0,0,0,"leaf",0,1,0,0,0,0,0.533333333,0,0,"leaf",3,"h","i","p","Amphithalea ericifolia"
"Amphithalea micrantha","Amphithalea micrantha","Fabaceae","Amphithalea micrantha","Amphithalea micrantha","Fabaceae",1,0,1,0,1,0,0,1,0,1,0,"Apr","Jul",NA,NA,50,0,0,0,1,0,0,0,0,0,0,0,0,0,0,0,0,"leaf",0,0,1,0,0,0,NA,0,0,"leaf",2,"h","i","p","Amphithalea micrantha"
"Amphithalea violacea","Amphithalea violacea","Fabaceae","Amphithalea violacea","Amphithalea violacea","Fabaceae",1,0,1,0,1,0,0,1,0,1,0,"Mar","Aug",NA,NA,100,0,0,0,1,0,0,0,0,0,0,0,0,0,0,0,0,"leaf",0,1,0,0,0,0,0.565,0,0,"leaf",2,"h","i","p","Amphithalea violacea"
"Amphithalea williamsonii","Amphithalea williamsonii","Fabaceae","Amphithalea williamsonii","Amphithalea williamsonii","Fabaceae",1,0,1,0,1,0,0,1,0,1,0,"May","Aug",NA,NA,200,0,0,0,0,0,1,0,0,0,0,0,0,0,0,0,0,"leaf",0,0,1,0,0,0,0.868333333,0,0,"leaf",2,"h","i","p","Amphithalea williamsonii"
"Anacampseros arachnoides","Anacampseros arachnoides","Portulacaceae","Anacampseros arachnoides","Anacampseros arachnoides","Anacampserotaceae",1,0,1,0,1,0,0,0,0,0,0,"Nov","Jan",NA,NA,12,0,0,0,0,0,0,0,0,0,0,0,1,1,1,1,0,"leaf",0,0,1,0,0,0,NA,0,0,"leaf",2,"l","i","p","Anacampseros arachnoides"
"Anacampseros telephiastrum","Anacampseros telephiastrum","Portulacaceae","Anacampseros telephiastrum","Anacampseros telephiastrum","Anacampserotaceae",1,0,1,0,1,0,0,0,0,0,0,"Nov","Dec",NA,NA,15,0,0,0,0,0,0,0,0,0,0,0,1,1,1,1,0,"leaf",0,0,1,0,0,0,NA,0,0,"leaf",2,"l","i","p","Anacampseros telephiastrum"
"Anaxeton asperum","Anaxeton asperum","Asteraceae","Anaxeton asperum","Anaxeton asperum","Asteraceae",1,0,1,0,1,0,0,0,0,0,0,"Aug","Dec",NA,NA,30,0,0,0,1,0,0,0,0,0,0,0,0,0,0,0,0,"leaf",1,0,0,0,0,0,NA,0,0,"leaf",1,"m","i","w","Anaxeton asperum"
"Anaxeton laeve","Anaxeton laeve","Asteraceae","Anaxeton laeve","Anaxeton laeve","Asteraceae",1,0,1,0,1,0,0,0,0,0,0,"Dec","May",NA,NA,45,0,0,0,1,0,0,0,0,0,0,0,0,0,0,0,0,"leaf",1,0,0,0,0,0,2.183333333,0,0,"leaf",1,"m","i","w","Anaxeton laeve"
"Anaxeton nycthemerum","Anaxeton nycthemerum","Asteraceae","Anaxeton nycthemerum","Anaxeton nycthemerum","Asteraceae",1,0,1,0,1,0,0,0,0,0,0,"Oct","Dec",NA,NA,30,0,0,0,1,0,0,0,0,0,0,0,0,0,0,0,0,"leaf",0,0,1,0,0,0,NA,0,0,"leaf",1,"m","i","w","Anaxeton nycthemerum"
"Anderbergia epaleata","Anderbergia epaleata","Asteraceae","Anderbergia epaleata","Anderbergia epaleata","Asteraceae",1,0,1,0,1,0,0,0,0,1,0,"Sep","Sep",NA,NA,50,0,0,0,1,0,0,0,0,0,0,0,0,0,0,0,0,"leaf",0,1,0,0,0,0,NA,0,0,"leaf",2,"h","i","w","Anderbergia epaleata"
"Andropogon appendiculatus","Andropogon appendiculatus","Poaceae","Andropogon appendiculatus","Andropogon appendiculatus","Poaceae",1,0,1,0,1,0,0,1,0,0,0,"Oct","Apr",NA,NA,120,0,0,1,0,0,0,0,0,0,0,0,0,0,0,0,0,"leaf",1,0,0,0,0,0,13.41666667,0,1,"leaf",2,"h","w","w","Andropogon appendiculatus"
"Anemone knowltonia","Knowltonia capensis","Ranunculaceae","Knowltonia capensis","Knowltonia capensis","Ranunculaceae",1,0,1,0,1,0,0,0,0,1,0,"Jun","Sep",NA,NA,30,1,0,0,0,0,0,0,0,0,0,0,0,0,0,0,0,"leaf",0,0,1,1,0,0,8.52,0,0,"leaf",2,"l","i","i","Knowltonia capensis"
"Anemone tenuifolia","Anemone tenuifolia","Ranunculaceae","Pulsatilla vulgaris","Pulsatilla vulgaris","Ranunculaceae",1,0,1,0,1,0,0,0,0,1,0,"Jun","Feb",NA,NA,40,1,0,0,0,0,0,0,0,0,0,0,0,0,0,0,0,"leaf",0,1,0,1,0,0,NA,0,0,"leaf",2,"l","i","i","Pulsatilla vulgaris"
"Anemone vesicatoria","Knowltonia vesicatoria","Ranunculaceae","Anemone vesicatoria","Anemone vesicatoria","Ranunculaceae",1,0,1,0,1,0,0,0,0,1,0,"Aug","Oct",NA,NA,120,1,0,0,0,0,0,0,0,0,0,0,0,0,0,0,0,"leaf",0,0,1,1,1,0,7.733333333,0,0,"leaf",2,"l","i","i","Anemone vesicatoria"
"Anginon difforme","Anginon difforme","Apiaceae","Anginon difforme","Anginon difforme","Apiaceae",1,0,1,0,1,0,0,0,0,0,0,"Dec","Apr",NA,NA,300,0,0,0,0,0,1,0,0,0,0,0,0,0,0,0,0,"leaf",1,0,0,0,0,0,NA,0,0,"leaf",2,"m","i","w","Anginon difforme"
"Anisodontea scabrosa","Anisodontea scabrosa","Malvaceae","Anisodontea scabrosa","Anisodontea scabrosa","Malvaceae",1,0,1,0,1,0,0,0,0,0,0,"Sep","Dec",NA,NA,200,0,0,0,0,0,1,0,0,0,0,0,0,0,0,0,0,"leaf",0,0,1,0,1,0,NA,0,0,"leaf",2,"m","i","w","Anisodontea scabrosa"
"Annesorhiza altiscapa","Annesorhiza altiscapa","Apiaceae","Annesorhiza altiscapa","Annesorhiza altiscapa","Apiaceae",1,0,1,0,1,1,1,1,0,1,0,"Aug","Sep",NA,NA,150,1,0,0,0,0,0,0,0,0,0,0,0,0,0,0,0,"leaf",0,1,0,1,1,1,NA,0,0,"leaf",2,"m","i","w","Annesorhiza altiscapa"
"Anthochortus capensis","Anthochortus capensis","Restionaceae","Anthochortus capensis","Anthochortus capensis","Restionaceae",1,0,0,1,1,0,0,0,0,0,0,"Aug","Aug",NA,NA,50,0,0,1,0,0,0,0,0,0,0,0,0,0,0,0,0,"leaf",1,0,0,0,0,0,11.4,1,1,"culm_stem",2,"h","w","p","Anthochortus capensis"
"Anthochortus crinalis","Anthochortus crinalis","Restionaceae","Anthochortus crinalis","Anthochortus crinalis","Restionaceae",1,0,0,1,1,0,0,0,0,1,0,"May","May",NA,NA,80,0,0,1,0,0,0,0,0,0,0,0,0,0,0,0,0,"leaf",1,0,0,0,0,0,45.52,1,1,"culm_stem",2,"h","w","p","Anthochortus crinalis"
"Anthochortus ecklonii","Anthochortus ecklonii","Restionaceae","Anthochortus ecklonii","Anthochortus ecklonii","Restionaceae",1,0,0,1,1,0,0,0,0,1,0,"Jan","Dec",NA,NA,50,0,0,1,0,0,0,0,0,0,0,0,0,0,0,0,0,"leaf",1,0,0,0,0,0,NA,1,1,"culm_stem",2,"h","w","p","Anthochortus ecklonii"
"Anthochortus laxiflorus","Anthochortus laxiflorus","Restionaceae","Anthochortus laxiflorus","Anthochortus laxiflorus","Restionaceae",1,0,0,1,1,0,0,0,0,0,0,"Nov","Dec",NA,NA,50,0,0,1,0,0,0,0,0,0,0,0,0,0,0,0,0,"leaf",1,0,0,0,0,0,32.56,1,1,"culm_stem",2,"h","w","p","Anthochortus laxiflorus"
"Anthospermum aethiopicum","Anthospermum aethiopicum","Rubiaceae","Anthospermum aethiopicum","Anthospermum aethiopicum","Rubiaceae",1,0,0,1,1,0,0,0,0,0,0,"Aug","Jan",NA,NA,200,0,0,0,0,0,1,0,0,0,0,0,0,0,0,0,0,"leaf",1,0,0,0,0,0,0.575526316,0,0,"leaf",2,"h","w","p","Anthospermum aethiopicum"
"Anthospermum bergianum","Anthospermum bergianum","Rubiaceae","Anthospermum bergianum","Anthospermum bergianum","Rubiaceae",1,0,0,1,1,0,0,0,0,0,0,"Jul","Jan",NA,NA,70,0,0,0,1,0,0,0,0,0,0,0,0,0,0,0,0,"leaf",0,1,0,0,0,0,1,0,0,"leaf",2,"h","w","p","Anthospermum bergianum"
"Anthospermum galioides","Anthospermum galioides","Rubiaceae","Anthospermum galioides","Anthospermum galioides","Rubiaceae",1,0,0,1,1,0,0,0,0,0,0,"Jul","Jan",NA,NA,50,0,0,0,1,0,0,0,0,0,0,0,0,0,0,0,0,"leaf",1,1,0,0,0,0,0.8825,0,0,"leaf",2,"m","w","p","Anthospermum galioides"
"Anthospermum prostratum","Anthospermum prostratum","Rubiaceae","Anthospermum prostratum","Anthospermum prostratum","Rubiaceae",1,0,0,1,1,0,0,0,0,0,0,"Aug","Oct",NA,NA,10,0,0,0,1,0,0,0,0,0,0,0,0,0,0,0,0,"leaf",0,1,0,0,0,0,NA,0,0,"leaf",2,"l","w","p","Anthospermum prostratum"
"Anthospermum spathulatum","Anthospermum spathulatum","Rubiaceae","Anthospermum spathulatum","Anthospermum spathulatum","Rubiaceae",1,0,0,1,1,0,0,0,0,0,0,"Jun","Feb",NA,NA,200,0,0,0,0,0,1,0,0,0,0,0,0,0,0,0,0,"leaf",1,0,0,0,0,0,NA,0,0,"leaf",2,"h","w","p","Anthospermum spathulatum"
"Antimima dasyphylla","Antimima dasyphylla","Aizoaceae","Antimima dasyphylla","Antimima dasyphylla","Aizoaceae",1,0,1,0,1,0,0,1,0,0,0,"Aug","Aug",NA,NA,20,0,0,0,1,0,0,0,0,0,0,0,0,1,1,1,1,"leaf",0,1,0,0,0,0,0.496,0,0,"leaf",2,"l","i","p","Antimima dasyphylla"
"Apium decumbens","Apium decumbens","Apiaceae","Apium graveolens","Apium graveolens","Apiaceae",1,1,1,0,1,0,1,1,0,0,0,"Jan","Mar",NA,NA,10,1,0,0,0,0,0,0,0,0,0,0,0,0,0,0,0,"leaf",0,0,1,0,0,0,3.9375,0,0,"leaf",0,"l","i","u","Apium graveolens"
"Apodytes dimidiata","Apodytes dimidiata","Icacinaceae","Apodytes dimidiata","Apodytes dimidiata","Metteniusaceae",1,0,1,0,1,0,0,0,0,0,0,"Nov","Jan",NA,NA,2000,0,0,0,0,0,0,1,0,0,0,0,0,0,0,0,0,"leaf",0,0,1,0,0,0,NA,0,0,"leaf",3,"l","i","m","Apodytes dimidiata"
"Arctopus echinatus","Arctopus echinatus","Apiaceae","Arctopus echinatus","Arctopus echinatus","Apiaceae",1,0,1,0,1,0,0,0,0,1,0,"May","Jul",NA,NA,5,1,1,0,0,0,0,0,0,0,0,0,0,0,0,0,0,"leaf",0,0,1,0,1,0,7.52,0,0,"leaf",2,"l","i","m","Arctopus echinatus"
"Arctotheca calendula","Arctotheca calendula","Asteraceae","Arctotheca calendula","Arctotheca calendula","Asteraceae",0,1,1,0,0,1,1,1,0,0,0,"Jul","Nov",NA,NA,20,1,0,0,0,0,0,0,0,0,0,0,0,0,0,0,0,"leaf",0,0,1,0,1,1,NA,0,0,"leaf",0,"l","i","w","Arctotheca calendula"
"Arctotis acaulis","Arctotis acaulis","Asteraceae","Arctotis acaulis","Arctotis acaulis","Asteraceae",1,0,1,0,1,0,0,1,0,0,0,"Aug","Oct",NA,NA,20,1,0,0,0,0,0,0,0,0,0,0,0,0,0,0,0,"leaf",0,1,1,0,1,1,NA,0,0,"leaf",1,"l","i","w","Arctotis acaulis"
"Arctotis adpressa","Arctotis adpressa","Asteraceae","Arctotis adpressa","Arctotis adpressa","Asteraceae",1,0,1,0,1,0,0,1,0,1,0,"Sep","Nov",NA,NA,20,1,1,0,0,0,0,0,0,0,0,0,0,0,0,0,0,"leaf",0,1,0,0,0,1,5.46,0,0,"leaf",2,"l","i","w","Arctotis adpressa"
"Arctotis aspera","Arctotis aspera","Asteraceae","Arctotis aspera","Arctotis aspera","Asteraceae",1,0,1,0,1,0,0,1,0,0,0,"Aug","Oct",NA,NA,200,1,0,0,0,0,0,0,0,0,0,0,0,0,0,0,0,"leaf",0,1,0,0,0,1,8.32,0,0,"leaf",1,"m","i","w","Arctotis aspera"
"Arctotis scabra","Arctotis scabra","Asteraceae","Arctotis semipapposa","Arctotis semipapposa","Asteraceae",1,0,1,0,1,0,0,1,0,0,0,"Sep","Apr",NA,NA,20,1,0,0,0,0,0,0,0,0,0,0,0,0,0,0,0,"leaf",1,0,0,0,0,0,12.625,0,0,"leaf",1,"m","i","w","Arctotis semipapposa"
"Arctotis stoechadifolia","Arctotis stoechadifolia","Asteraceae","Arctotis stoechadifolia","Arctotis stoechadifolia","Asteraceae",1,0,1,0,1,0,0,0,0,0,0,"Sep","Dec",NA,NA,35,1,0,0,0,0,0,0,1,0,0,0,0,0,0,0,0,"leaf",0,1,0,0,1,1,5.433333333,0,0,"leaf",2,"l","i","w","Arctotis stoechadifolia"
"Argyrolobium collinum","Argyrolobium collinum","Fabaceae","Argyrolobium collinum","Argyrolobium collinum","Fabaceae",1,0,1,0,1,0,0,1,0,1,0,"Sep","Feb",NA,NA,300,0,0,0,0,1,0,0,0,0,0,0,0,0,0,0,0,"leaf",0,0,1,1,0,0,0.75,0,0,"leaf",3,"h","i","p","Argyrolobium collinum"
"Argyrolobium filiforme","Argyrolobium filiforme","Fabaceae","Argyrolobium filifolia","Argyrolobium filifolia","Fabaceae",1,0,1,0,1,0,0,1,0,1,0,"Sep","Jan",NA,NA,15,0,0,0,1,0,0,0,0,0,0,0,0,0,0,0,0,"leaf",0,1,0,1,0,0,NA,0,0,"leaf",3,"l","i","p","Argyrolobium filifolia"
"Argyrolobium incanum","Argyrolobium incanum","Fabaceae","Argyrolobium incanum","Argyrolobium incanum","Fabaceae",1,0,1,0,1,0,0,1,0,1,0,"Jul","Jan",NA,NA,200,0,0,0,0,1,0,0,0,0,0,0,0,0,0,0,0,"leaf",0,0,1,1,0,0,NA,0,0,"leaf",3,"h","i","p","Argyrolobium incanum"
"Argyrolobium parviflorum","Argyrolobium parviflorum","Fabaceae","Argyrolobium parviflorum","Argyrolobium parviflorum","Fabaceae",1,0,1,0,1,0,0,1,0,1,0,"Nov","May",NA,NA,100,0,0,0,1,0,0,0,0,0,0,0,0,0,0,0,0,"leaf",0,0,1,1,0,0,NA,0,0,"leaf",3,"h","i","p","Argyrolobium parviflorum"
"Aristea africana","Aristea africana","Iridaceae","Aristea africana","Aristea africana","Iridaceae",1,0,1,0,1,0,0,0,0,1,0,"Oct","Jan",NA,NA,15,1,0,0,0,0,0,0,0,0,0,0,0,0,0,0,0,"leaf",1,0,0,0,0,0,8.25,0,0,"leaf",2,"l","i","p","Aristea africana"
"Aristea anceps","Aristea anceps","Iridaceae","Aristea anceps","Aristea anceps","Iridaceae",1,0,1,0,1,0,0,1,0,1,0,"Sep","Jan",NA,NA,30,1,0,0,0,0,0,0,0,0,0,0,0,0,0,0,0,"leaf",0,1,0,0,0,0,NA,0,0,"leaf",2,"m","i","p","Aristea anceps"
"Aristea bakeri","Aristea bakeri","Iridaceae","Aristea bakeri","Aristea bakeri","Iridaceae",1,0,1,0,1,0,0,1,1,1,0,"Oct","Dec",NA,NA,100,1,0,0,0,0,0,0,0,0,0,0,0,0,0,0,0,"leaf",0,1,0,0,0,0,NA,0,0,"leaf",2,"m","i","p","Aristea bakeri"
"Aristea capitata","Aristea major","Iridaceae","Aristea capitata","Aristea capitata","Iridaceae",1,0,1,0,1,0,0,0,0,1,0,"Oct","Dec",NA,NA,150,1,0,0,0,0,0,0,0,0,0,0,0,0,0,0,0,"leaf",0,1,0,0,0,0,60.16,0,0,"leaf",2,"m","i","p","Aristea capitata"
"Aristea cuspidata","Aristea cuspidata","Iridaceae","Aristea cuspidata","Aristea cuspidata","Iridaceae",1,0,1,0,1,0,0,1,0,1,0,"Oct","Dec",NA,NA,60,1,0,0,0,0,0,0,0,0,0,0,0,0,0,0,0,"leaf",1,0,0,0,0,0,NA,0,0,"leaf",2,"m","i","p","Aristea cuspidata"
"Aristea dichotoma","Aristea dichotoma","Iridaceae","Aristea dichotoma","Aristea dichotoma","Iridaceae",1,0,1,0,1,0,0,0,0,1,0,"Dec","Mar",NA,NA,30,1,0,0,0,0,0,0,0,0,0,0,0,0,0,0,0,"leaf",1,0,0,0,0,0,NA,0,0,"leaf",2,"l","i","p","Aristea dichotoma"
"Aristea glauca","Aristea glauca","Iridaceae","Aristea glauca","Aristea glauca","Iridaceae",1,0,1,0,1,0,0,1,0,1,0,"Oct","Dec",NA,NA,15,1,0,0,0,0,0,0,0,0,0,0,0,0,0,0,0,"leaf",1,0,0,0,0,0,58.22,0,0,"leaf",2,"l","i","p","Aristea glauca"
"Aristea oligocephala","Aristea oligocephala","Iridaceae","Aristea oligocephala","Aristea oligocephala","Iridaceae",1,0,1,0,1,0,0,1,0,1,0,"Nov","Jan",NA,NA,25,1,0,0,0,0,0,0,0,0,0,0,0,0,0,0,0,"leaf",1,0,0,0,0,0,NA,0,0,"leaf",2,"l","i","p","Aristea oligocephala"
"Aristea pusilla","Aristea pusilla","Iridaceae","Aristea pusilla","Aristea pusilla","Iridaceae",1,0,1,0,1,0,0,1,0,1,0,"Sep","Nov",NA,NA,20,1,0,0,0,0,0,0,0,0,0,0,0,0,0,0,0,"leaf",0,1,0,0,0,0,10.03333333,0,0,"leaf",2,"l","i","p","Aristea pusilla"
"Aristea racemosa","Aristea racemosa","Iridaceae","Aristea racemosa","Aristea racemosa","Iridaceae",1,0,1,0,1,0,0,1,0,1,0,"Oct","Dec",NA,NA,40,1,0,0,0,0,0,0,0,0,0,0,0,0,0,0,0,"leaf",1,0,0,0,0,0,50.9,0,0,"leaf",2,"m","i","p","Aristea racemosa"
"Aristida adscensionis","Aristida adscensionis","Poaceae","Aristida adscensionis","Aristida adscensionis","Poaceae",0,1,1,0,0,1,1,1,0,1,0,"Dec","Sep",NA,NA,100,0,0,1,0,0,0,0,0,0,0,0,0,0,0,0,0,"leaf",1,0,0,0,0,0,NA,0,1,"mixed",0,"l","w","w","Aristida adscensionis"
"Aristida congesta","Aristida congesta","Poaceae","Aristida congesta","Aristida congesta","Poaceae",1,1,1,0,1,1,1,1,0,0,0,"Dec","May",NA,NA,90,0,0,1,0,0,0,0,0,0,0,0,0,0,0,0,0,"leaf",1,0,0,0,0,0,6.066666667,0,1,"mixed",1,"l","w","w","Aristida congesta"
"Aristida diffusa","Aristida diffusa","Poaceae","Aristida diffusa","Aristida diffusa","Poaceae",1,0,1,0,1,0,0,1,0,1,0,"Oct","Apr",NA,NA,100,0,0,1,0,0,0,0,0,0,0,0,0,0,0,0,0,"leaf",1,0,0,0,0,0,NA,0,1,"mixed",1,"h","w","w","Aristida diffusa"
"Aristida junciformis","Aristida junciformis","Poaceae","Aristida junciformis","Aristida junciformis","Poaceae",1,0,1,0,1,0,0,1,0,1,0,"Nov","May",NA,NA,90,0,0,1,0,0,0,0,0,0,0,0,0,0,0,0,0,"leaf",1,0,0,0,0,0,17.1,0,1,"mixed",2,"h","w","w","Aristida junciformis"
"Asclepias crispa","Asclepias crispa","Apocynaceae","Asclepias crispa","Asclepias crispa","Apocynaceae",1,0,1,0,1,0,0,0,0,1,0,"Nov","May",NA,NA,30,1,0,0,0,0,0,0,0,0,0,0,0,0,0,0,0,"leaf",1,0,0,0,0,0,NA,0,0,"leaf",3,"l","i","w","Asclepias crispa"
"Askidiosperma capitatum","Askidiosperma capitatum","Restionaceae","Askidiosperma capitatum","Askidiosperma capitatum","Restionaceae",1,0,0,1,1,0,0,0,0,0,0,"Sep","Nov",NA,NA,80,0,0,1,0,0,0,0,0,0,0,0,0,0,0,0,0,"leaf",0,0,0,0,0,0,35.44,1,1,"culm_stem",2,"h","w","w","Askidiosperma capitatum"
"Askidiosperma nitidum","Askidiosperma nitidum","Restionaceae","Askidiosperma nitidum","Askidiosperma nitidum","Restionaceae",1,0,0,1,1,0,0,0,0,0,0,"Aug","Sep",NA,NA,120,0,0,1,0,0,0,0,0,0,0,0,0,0,0,0,0,"leaf",0,0,0,0,0,0,81.54,1,1,"culm_stem",2,"h","w","w","Askidiosperma nitidum"
"Askidiosperma paniculatum","Askidiosperma paniculatum","Restionaceae","Askidiosperma paniculatum","Askidiosperma paniculatum","Restionaceae",1,0,0,1,1,0,0,0,0,1,0,"Apr","Apr",NA,NA,100,0,0,1,0,0,0,0,0,0,0,0,0,0,0,0,0,"leaf",0,0,0,0,0,0,NA,1,1,"culm_stem",2,"h","w","w","Askidiosperma paniculatum"
"Aspalathus abietina","Aspalathus abietina","Fabaceae","Aspalathus abietina","Aspalathus abietina","Fabaceae",1,0,1,0,1,0,0,1,0,0,0,"Sep","Dec",NA,NA,60,0,0,0,1,0,0,0,0,0,0,0,0,0,0,0,0,"leaf",1,0,0,1,0,0,0.433333333,0,0,"leaf",1,"h","i","p","Aspalathus abietina"
"Aspalathus acanthes","Aspalathus acanthes","Fabaceae","Aspalathus acanthes","Aspalathus acanthes","Fabaceae",1,0,1,0,1,0,0,1,0,0,0,"Aug","Dec",NA,NA,150,0,0,0,0,1,0,0,0,0,0,0,0,0,0,0,0,"leaf",1,0,0,1,0,0,1.252,0,0,"leaf",1,"h","i","p","Aspalathus acanthes"
"Aspalathus aciphylla","Aspalathus aciphylla","Fabaceae","Aspalathus aciphylla","Aspalathus aciphylla","Fabaceae",1,0,1,0,1,0,0,1,0,0,0,"Jul","Nov",NA,NA,200,0,0,0,0,0,1,0,0,0,0,0,0,0,0,0,0,"leaf",0,0,1,1,0,0,0.836666667,0,0,"leaf",1,"h","i","p","Aspalathus aciphylla"
"Aspalathus argyrella","Aspalathus argyrella","Fabaceae","Aspalathus argyrella","Aspalathus argyrella","Fabaceae",1,0,1,0,1,0,0,1,0,0,0,"Sep","Oct",NA,NA,10,0,0,0,1,0,0,0,1,0,0,0,0,0,0,0,0,"leaf",0,1,0,1,0,0,NA,0,0,"leaf",1,"h","i","p","Aspalathus argyrella"
"Aspalathus aspalathoides","Aspalathus aspalathoides","Fabaceae","Aspalathus aspalathoides","Aspalathus aspalathoides","Fabaceae",1,0,1,0,1,0,0,1,0,0,0,"Oct","Jan",NA,NA,40,0,0,0,1,0,0,0,0,0,0,0,0,0,0,0,0,"leaf",0,1,0,1,0,0,NA,0,0,"leaf",1,"h","i","p","Aspalathus aspalathoides"
"Aspalathus asparagoides","Aspalathus asparagoides","Fabaceae","Aspalathus asparagoides","Aspalathus asparagoides","Fabaceae",1,0,1,0,1,0,0,1,0,0,0,"Sep","Feb",NA,NA,100,0,0,0,1,0,0,0,0,0,0,0,0,0,0,0,0,"leaf",1,0,0,1,0,0,NA,0,0,"leaf",1,"h","i","p","Aspalathus asparagoides"
"Aspalathus biflora","Aspalathus biflora","Fabaceae","Aspalathus biflora","Aspalathus biflora","Fabaceae",1,0,1,0,1,0,0,1,0,0,0,"Aug","Apr",NA,NA,200,0,0,0,1,0,0,0,0,0,0,0,0,0,0,0,0,"leaf",1,0,0,1,0,0,NA,0,0,"leaf",1,"h","i","p","Aspalathus biflora"
"Aspalathus callosa","Aspalathus callosa","Fabaceae","Aspalathus callosa","Aspalathus callosa","Fabaceae",1,0,1,0,1,0,0,1,0,0,0,"Oct","Jan",NA,NA,60,0,0,0,1,0,0,0,0,0,0,0,0,0,0,0,0,"leaf",1,0,0,1,0,0,NA,0,0,"leaf",1,"h","i","p","Aspalathus callosa"
"Aspalathus capensis","Aspalathus capensis","Fabaceae","Aspalathus capensis","Aspalathus capensis","Fabaceae",1,0,1,0,1,0,0,1,0,0,0,"Jul","Dec",NA,NA,250,0,0,0,0,1,0,0,0,0,0,0,0,0,0,0,0,"leaf",1,0,0,1,0,0,0.716666667,0,0,"leaf",1,"h","i","p","Aspalathus capensis"
"Aspalathus carnosa","Aspalathus carnosa","Fabaceae","Aspalathus carnosa","Aspalathus carnosa","Fabaceae",1,0,1,0,1,0,0,1,0,0,0,"Aug","Dec",NA,NA,250,0,0,0,0,1,0,0,0,0,0,0,0,0,0,0,0,"leaf",1,0,0,1,0,0,0.4,0,0,"leaf",1,"h","i","p","Aspalathus carnosa"
"Aspalathus chenopoda","Aspalathus chenopoda","Fabaceae","Aspalathus chenopoda","Aspalathus chenopoda","Fabaceae",1,0,1,0,1,0,0,1,0,0,0,"Aug","Dec",NA,NA,200,0,0,0,0,1,0,0,0,0,0,0,0,0,0,0,0,"leaf",1,0,0,1,0,0,0.82,0,0,"leaf",1,"h","i","p","Aspalathus chenopoda"
"Aspalathus chortophila","Aspalathus chortophila","Fabaceae","Aspalathus chortophila","Aspalathus chortophila","Fabaceae",1,0,1,0,1,0,0,1,0,0,0,"Oct","Dec",NA,NA,100,0,0,0,1,0,0,0,0,0,0,0,0,0,0,0,0,"leaf",1,0,0,1,0,0,NA,0,0,"leaf",1,"h","i","p","Aspalathus chortophila"
"Aspalathus ciliaris","Aspalathus ciliaris","Fabaceae","Aspalathus ciliaris","Aspalathus ciliaris","Fabaceae",1,0,1,0,1,0,0,1,0,0,0,"Sep","Feb",NA,NA,150,0,0,0,0,1,0,0,0,0,0,0,0,0,0,0,0,"leaf",1,0,0,1,0,0,0.384,0,0,"leaf",1,"h","i","p","Aspalathus ciliaris"
"Aspalathus collina","Aspalathus collina","Fabaceae","Aspalathus collina","Aspalathus collina","Fabaceae",1,0,1,0,1,0,0,1,0,0,0,"Jul","Dec",NA,NA,130,0,0,0,0,1,0,0,0,0,0,0,0,0,0,0,0,"leaf",1,0,0,1,0,0,0.441666667,0,0,"leaf",1,"h","i","p","Aspalathus collina"
"Aspalathus crassisepala","Aspalathus crassisepala","Fabaceae","Aspalathus crassisepala","Aspalathus crassisepala","Fabaceae",1,0,1,0,1,0,0,1,0,0,0,"Sep","Sep",NA,NA,100,0,0,0,1,0,0,0,0,0,0,0,0,0,0,0,0,"leaf",1,0,0,1,0,0,NA,0,0,"leaf",1,"h","i","p","Aspalathus crassisepala"
"Aspalathus decora","Aspalathus decora","Fabaceae","Aspalathus decora","Aspalathus decora","Fabaceae",1,0,1,0,1,0,0,1,0,0,0,"Nov","Dec",NA,NA,400,0,0,0,0,0,1,0,0,0,0,0,0,0,0,0,0,"leaf",1,0,0,1,0,0,1.364,0,0,"leaf",1,"h","i","p","Aspalathus decora"
"Aspalathus divaricata","Aspalathus divaricata","Fabaceae","Aspalathus divaricata","Aspalathus divaricata","Fabaceae",1,0,1,0,1,0,0,1,0,0,0,"Oct","Feb",NA,NA,100,0,0,0,1,0,0,0,1,0,0,0,0,0,0,0,0,"leaf",1,0,0,1,0,0,NA,0,0,"leaf",1,"h","i","p","Aspalathus divaricata"
"Aspalathus ericifolia","Aspalathus ericifolia","Fabaceae","Aspalathus ericifolia","Aspalathus ericifolia","Fabaceae",1,0,1,0,1,0,0,1,0,0,0,"Sep","Nov",NA,NA,60,0,0,0,1,0,0,0,0,0,0,0,0,0,0,0,0,"leaf",1,0,0,1,0,0,0.366666667,0,0,"leaf",1,"h","i","p","Aspalathus ericifolia"
"Aspalathus forbesii","Aspalathus forbesii","Fabaceae","Aspalathus forbesii","Aspalathus forbesii","Fabaceae",1,0,1,0,1,0,0,1,0,0,0,"Jul","Apr",NA,NA,250,0,0,0,0,0,1,0,0,0,0,0,0,0,0,0,0,"leaf",1,0,0,1,0,0,0.332,0,0,"leaf",1,"h","i","p","Aspalathus forbesii"
"Aspalathus fourcadei","Aspalathus fourcadei","Fabaceae","Aspalathus fourcadei","Aspalathus fourcadei","Fabaceae",1,0,1,0,1,0,0,1,0,0,0,"Sep","Sep",NA,NA,200,0,0,0,0,0,1,0,0,0,0,0,0,0,0,0,0,"leaf",1,0,0,1,0,0,NA,0,0,"leaf",1,"h","i","p","Aspalathus fourcadei"
"Aspalathus galeata","Aspalathus galeata","Fabaceae","Aspalathus galeata","Aspalathus galeata","Fabaceae",1,0,1,0,1,0,0,1,0,0,0,"Sep","Jan",NA,NA,60,0,0,0,1,0,0,0,0,0,0,0,0,0,0,0,0,"leaf",1,0,0,1,0,0,NA,0,0,"leaf",1,"h","i","p","Aspalathus galeata"
"Aspalathus grandiflora","Aspalathus grandiflora","Fabaceae","Aspalathus grandiflora","Aspalathus grandiflora","Fabaceae",1,0,1,0,1,0,0,1,0,0,0,"Aug","Dec",NA,NA,130,0,0,0,0,1,0,0,0,0,0,0,0,0,0,0,0,"leaf",1,0,0,1,0,0,NA,0,0,"leaf",1,"h","i","p","Aspalathus grandiflora"
"Aspalathus hirta","Aspalathus hirta","Fabaceae","Aspalathus hirta","Aspalathus hirta","Fabaceae",1,0,1,0,1,0,0,1,0,0,0,"Sep","Dec",NA,NA,200,0,0,0,0,0,1,0,0,0,0,0,0,0,0,0,0,"leaf",1,0,0,1,0,0,1.048,0,0,"leaf",1,"h","i","p","Aspalathus hirta"
"Aspalathus hispida","Aspalathus hispida","Fabaceae","Aspalathus hispida","Aspalathus hispida","Fabaceae",1,0,1,0,1,0,0,1,0,0,0,"Sep","Jan",NA,NA,60,0,0,0,1,0,0,0,0,0,0,0,0,0,0,0,0,"leaf",1,0,1,1,0,0,0.415,0,0,"leaf",1,"h","i","p","Aspalathus hispida"
"Aspalathus hypnoides","Aspalathus hypnoides","Fabaceae","Aspalathus hypnoides","Aspalathus hypnoides","Fabaceae",1,0,1,0,1,0,0,1,0,0,0,"Sep","Sep",NA,NA,30,0,0,0,1,0,0,0,1,0,0,0,0,0,0,0,0,"leaf",1,0,0,1,0,0,NA,0,0,"leaf",1,"h","i","p","Aspalathus hypnoides"
"Aspalathus hystrix","Aspalathus hystrix","Fabaceae","Aspalathus hystrix","Aspalathus hystrix","Fabaceae",1,0,1,0,1,0,0,1,0,0,0,"Aug","Nov",NA,NA,200,0,0,0,0,1,1,0,0,0,0,0,0,0,0,0,0,"leaf",1,0,0,1,0,0,NA,0,0,"leaf",1,"h","i","p","Aspalathus hystrix"
"Aspalathus incompta","Aspalathus incompta","Fabaceae","Aspalathus incomta","Aspalathus incomta","Fabaceae",1,0,1,0,1,0,0,1,0,0,0,"Aug","Sep",NA,NA,50,0,0,0,1,0,0,0,0,0,0,0,0,0,0,0,0,"leaf",1,0,0,1,0,0,NA,0,0,"leaf",1,"h","i","p","Aspalathus incomta"
"Aspalathus inops","Aspalathus inops","Fabaceae","Aspalathus inops","Aspalathus inops","Fabaceae",1,0,1,0,1,0,0,1,0,0,0,"Oct","Nov",NA,NA,30,0,0,0,1,0,0,0,1,0,0,0,0,0,0,0,0,"leaf",0,1,0,1,0,0,NA,0,0,"leaf",1,"h","i","p","Aspalathus inops"
"Aspalathus kougaensis","Aspalathus kougaensis","Fabaceae","Aspalathus kougaensis","Aspalathus kougaensis","Fabaceae",1,0,1,0,1,0,0,1,0,0,0,"Aug","Mar",NA,NA,100,0,0,0,1,0,0,0,0,0,0,0,0,0,0,0,0,"leaf",1,0,0,1,0,0,0.667888889,0,0,"leaf",1,"h","i","p","Aspalathus kougaensis"
"Aspalathus lanata","Aspalathus lanata","Fabaceae","Aspalathus lanata","Aspalathus lanata","Fabaceae",1,0,1,0,1,0,0,1,0,1,0,"Oct","Dec",NA,NA,60,0,0,0,0,0,0,0,1,0,0,0,1,0,0,0,0,"leaf",0,1,0,1,0,0,1.72,0,0,"leaf",2,"h","i","p","Aspalathus lanata"
"Aspalathus laricifolia","Aspalathus laricifolia","Fabaceae","Aspalathus laricifolia","Aspalathus laricifolia","Fabaceae",1,0,1,0,1,0,0,1,0,0,0,"Sep","Dec",NA,NA,50,0,0,0,1,0,0,0,0,0,0,0,0,0,0,0,0,"leaf",1,0,0,1,0,0,NA,0,0,"leaf",1,"h","i","p","Aspalathus laricifolia"
"Aspalathus linearis","Aspalathus linearis","Fabaceae","Aspalathus linearis","Aspalathus linearis","Fabaceae",1,0,1,0,1,0,0,1,0,1,0,"Aug","Feb",NA,NA,200,0,0,0,0,0,1,0,0,0,0,0,0,0,0,0,0,"leaf",1,0,0,1,0,0,1.3,0,0,"leaf",2,"h","i","p","Aspalathus linearis"
"Aspalathus linguiloba","Aspalathus linguiloba","Fabaceae","Aspalathus linguiloba","Aspalathus linguiloba","Fabaceae",1,0,1,0,1,0,0,1,0,1,0,"Nov","Jan",NA,NA,30,0,0,0,1,0,0,0,0,0,0,0,0,0,0,0,0,"leaf",1,0,0,1,0,0,NA,0,0,"leaf",2,"h","i","p","Aspalathus linguiloba"
"Aspalathus microphylla","Aspalathus microphylla","Fabaceae","Aspalathus microphylla","Aspalathus microphylla","Fabaceae",1,0,1,0,1,0,0,1,0,1,0,"Oct","Feb",NA,NA,80,0,0,0,1,0,0,0,0,0,0,0,0,0,0,0,0,"leaf",1,0,0,1,0,0,0.2585,0,0,"leaf",2,"h","i","p","Aspalathus microphylla"
"Aspalathus opaca","Aspalathus opaca","Fabaceae","Aspalathus opaca","Aspalathus opaca","Fabaceae",1,0,1,0,1,0,0,1,0,0,0,"Jan","Dec",NA,NA,60,0,0,0,1,0,0,0,0,0,0,0,0,0,0,0,0,"leaf",1,0,0,1,0,0,NA,0,0,"leaf",1,"h","i","p","Aspalathus opaca"
"Aspalathus pachyloba","Aspalathus pachyloba","Fabaceae","Aspalathus pachyloba","Aspalathus pachyloba","Fabaceae",1,0,1,0,1,0,0,1,0,1,0,"Oct","Dec",NA,NA,200,0,0,0,0,0,1,0,0,0,0,0,0,0,0,0,0,"leaf",1,0,1,1,0,0,NA,0,0,"leaf",2,"h","i","p","Aspalathus pachyloba"
"Aspalathus polycephala","Aspalathus polycephala","Fabaceae","Aspalathus polycephala","Aspalathus polycephala","Fabaceae",1,0,1,0,1,0,0,1,0,1,0,"Aug","Dec",NA,NA,150,0,0,0,0,1,0,0,0,0,0,0,0,0,0,0,0,"leaf",0,1,0,1,0,0,2.966,0,0,"leaf",2,"h","i","p","Aspalathus polycephala"
"Aspalathus quinquefolia","Aspalathus quinquefolia","Fabaceae","Aspalathus quinquefolia","Aspalathus quinquefolia","Fabaceae",1,0,1,0,1,0,0,1,0,1,0,"Aug","Jan",NA,NA,150,0,0,0,0,1,0,0,0,0,0,0,0,0,0,0,0,"leaf",0,0,1,1,0,0,0.326,0,0,"leaf",2,"h","i","p","Aspalathus quinquefolia"
"Aspalathus retroflexa","Aspalathus retroflexa","Fabaceae","Aspalathus retroflexa","Aspalathus retroflexa","Fabaceae",1,0,1,0,1,0,0,1,0,0,0,"Sep","Mar",NA,NA,40,0,0,0,0,0,0,0,1,0,0,0,1,0,0,0,0,"leaf",1,0,0,1,0,0,0.201,0,0,"leaf",1,"h","i","p","Aspalathus retroflexa"
"Aspalathus rubens","Aspalathus rubens","Fabaceae","Aspalathus rubens","Aspalathus rubens","Fabaceae",1,0,1,0,1,0,0,1,0,0,0,"Jan","Dec",NA,NA,25,0,0,0,1,0,0,0,1,0,0,0,0,0,0,0,0,"leaf",1,0,0,1,0,0,0.283333333,0,0,"leaf",1,"h","i","p","Aspalathus rubens"
"Aspalathus securifolia","Aspalathus securifolia","Fabaceae","Aspalathus securifolia","Aspalathus securifolia","Fabaceae",1,0,1,0,1,0,0,1,0,1,0,"Jan","Dec",NA,NA,120,0,0,0,0,1,0,0,0,0,0,0,0,0,0,0,0,"leaf",0,0,1,1,0,0,1.06,0,0,"leaf",2,"h","i","p","Aspalathus securifolia"
"Aspalathus sericea","Aspalathus sericea","Fabaceae","Aspalathus sericea","Aspalathus sericea","Fabaceae",1,0,1,0,1,0,0,1,0,0,0,"Sep","Nov",NA,NA,100,0,0,0,1,0,0,0,0,0,0,0,0,0,0,0,0,"leaf",0,0,1,1,0,0,NA,0,0,"leaf",1,"h","i","p","Aspalathus sericea"
"Aspalathus serpens","Aspalathus serpens","Fabaceae","Aspalathus serpens","Aspalathus serpens","Fabaceae",1,0,1,0,1,0,0,1,0,0,0,"Sep","Feb",NA,NA,150,0,0,0,0,1,0,0,0,0,0,0,0,0,0,0,0,"leaf",1,0,0,1,0,0,NA,0,0,"leaf",1,"h","i","p","Aspalathus serpens"
"Aspalathus setacea","Aspalathus setacea","Fabaceae","Aspalathus setacea","Aspalathus setacea","Fabaceae",1,0,1,0,1,0,0,1,0,0,0,"Jul","Mar",NA,NA,200,0,0,0,0,0,1,0,0,0,0,0,0,0,0,0,0,"leaf",1,0,0,1,0,0,NA,0,0,"leaf",1,"h","i","p","Aspalathus setacea"
"Aspalathus spinosa","Aspalathus spinosa","Fabaceae","Aspalathus spinosa","Aspalathus spinosa","Fabaceae",1,0,1,0,1,0,0,1,0,0,0,"Aug","Mar",NA,NA,200,0,0,0,0,0,1,0,0,0,0,0,0,0,0,0,0,"leaf",1,0,1,1,0,0,NA,0,0,"leaf",1,"h","i","p","Aspalathus spinosa"
"Aspalathus subtingens","Aspalathus subtingens","Fabaceae","Aspalathus subtingens","Aspalathus subtingens","Fabaceae",1,0,1,0,1,0,0,1,0,0,0,"Oct","Mar",NA,NA,200,0,0,0,0,0,1,0,0,0,0,0,0,0,0,0,0,"leaf",1,0,0,1,0,0,0.584,0,0,"leaf",1,"h","i","p","Aspalathus subtingens"
"Aspalathus triquetra","Aspalathus triquetra","Fabaceae","Aspalathus triquetra","Aspalathus triquetra","Fabaceae",1,0,1,0,1,0,0,1,0,0,0,"Sep","Jan",NA,NA,150,0,0,0,0,1,0,0,0,0,0,0,0,0,0,0,0,"leaf",1,0,0,1,0,0,0.4,0,0,"leaf",1,"h","i","p","Aspalathus triquetra"
"Aspalathus verbasciformis","Aspalathus verbasciformis","Fabaceae","Aspalathus verbasciformis","Aspalathus verbasciformis","Fabaceae",1,0,1,0,1,0,0,1,0,0,0,"Oct","Oct",NA,NA,250,0,0,0,0,0,1,0,0,0,0,0,0,0,0,0,0,"leaf",1,0,0,1,0,0,NA,0,0,"leaf",1,"h","i","p","Aspalathus verbasciformis"
"Aspalathus villosa","Aspalathus villosa","Fabaceae","Aspalathus villosa","Aspalathus villosa","Fabaceae",1,0,1,0,1,0,0,1,0,0,0,"Oct","Dec",NA,NA,40,0,0,0,1,0,0,0,0,0,0,0,0,0,0,0,0,"leaf",0,1,0,1,0,0,NA,0,0,"leaf",1,"h","i","p","Aspalathus villosa"
"Aspalathus vulnerans","Aspalathus vulnerans","Fabaceae","Aspalathus vulnerans","Aspalathus vulnerans","Fabaceae",1,0,1,0,1,0,0,1,0,0,0,"Sep","Dec",NA,NA,300,0,0,0,0,0,0,0,0,0,0,0,0,0,0,0,0,"leaf",1,0,0,1,0,0,1.08,0,0,"leaf",1,"h","i","p","Aspalathus vulnerans"
"Aspalathus wittebergensis","Aspalathus wittebergensis","Fabaceae","Aspalathus wittebergensis","Aspalathus wittebergensis","Fabaceae",1,0,1,0,1,0,0,1,0,0,0,"Aug","Jan",NA,NA,50,0,0,0,1,0,0,0,0,0,0,0,0,0,0,0,0,"leaf",1,0,0,1,0,0,NA,0,0,"leaf",1,"h","i","p","Aspalathus wittebergensis"
"Asparagus aethiopicus","Asparagus aethiopicus","Asparagaceae","Asparagus aethiopicus","Asparagus aethiopicus","Asparagaceae",1,0,1,0,1,0,0,0,0,1,0,"Jan","Jun",NA,NA,300,0,0,0,0,0,0,0,0,1,0,0,1,0,0,0,0,"cladode",1,0,0,0,0,0,NA,0,0,"mixed",3,"m","i","m","Asparagus aethiopicus"
"Asparagus africanus","Asparagus africanus","Asparagaceae","Asparagus africanus","Asparagus africanus","Asparagaceae",1,0,1,0,1,0,0,0,0,1,0,"Aug","Dec",NA,NA,100,0,0,0,1,0,0,0,0,1,0,0,0,0,0,0,0,"cladode",1,0,0,0,0,0,0.566666667,0,0,"mixed",3,"m","i","m","Asparagus africanus"
"Asparagus burchellii","Asparagus burchellii","Asparagaceae","Asparagus burchellii","Asparagus burchellii","Asparagaceae",1,0,1,0,1,0,0,0,0,1,0,"Feb","May",NA,NA,150,0,0,0,0,1,0,0,0,0,0,0,0,0,0,0,0,"cladode",1,0,0,0,0,0,1.393333333,0,0,"mixed",3,"m","i","m","Asparagus burchellii"
"Asparagus capensis","Asparagus capensis","Asparagaceae","Asparagus capensis","Asparagus capensis","Asparagaceae",1,0,1,0,1,0,0,0,0,1,0,"Apr","Aug",NA,NA,100,0,0,0,1,0,0,0,0,0,0,0,0,0,0,0,0,"cladode",1,0,0,0,0,0,1.08,0,0,"mixed",3,"m","i","m","Asparagus capensis"
"Asparagus crassicladus","Asparagus crassicladus","Asparagaceae","Asparagus crassicladus","Asparagus crassicladus","Asparagaceae",1,0,1,0,1,0,0,0,0,1,0,"Nov","Dec",NA,NA,200,0,0,0,0,0,1,0,0,0,0,0,0,0,0,0,0,"cladode",1,0,0,0,0,0,NA,0,0,"mixed",3,"m","i","m","Asparagus crassicladus"
"Asparagus declinatus","Asparagus declinatus","Asparagaceae","Asparagus declinatus","Asparagus declinatus","Asparagaceae",1,0,1,0,1,0,0,0,0,1,0,"Jun","Oct",NA,NA,100,0,0,0,0,0,0,0,1,0,0,0,1,0,0,0,0,"cladode",1,0,0,0,0,0,NA,0,0,"mixed",3,"m","i","m","Asparagus declinatus"
"Asparagus kraussianus","Asparagus kraussianus","Asparagaceae","Asparagus krausianus","Asparagus krausianus","Asparagaceae",1,0,1,0,1,0,0,0,0,1,0,"Sep","Oct",NA,NA,100,0,0,0,1,0,0,0,0,0,0,0,0,0,0,0,0,"cladode",0,1,0,0,0,0,NA,0,0,"mixed",3,"m","i","m","Asparagus krausianus"
"Asparagus lignosus","Asparagus lignosus","Asparagaceae","Asparagus lignosus","Asparagus lignosus","Asparagaceae",1,0,1,0,1,0,0,0,0,1,0,"Oct","May",NA,NA,80,0,0,0,1,0,0,0,0,0,0,0,0,0,0,0,0,"cladode",1,0,0,0,0,0,1.30875,0,0,"mixed",3,"m","i","m","Asparagus lignosus"
"Asparagus mucronatus","Asparagus mucronatus","Asparagaceae","Asparagus mucronatus","Asparagus mucronatus","Asparagaceae",1,0,1,0,1,0,0,0,0,1,0,"Oct","Dec",NA,NA,100,0,0,0,1,0,0,0,0,0,0,0,0,0,0,0,0,"cladode",1,0,0,0,0,0,NA,0,0,"mixed",3,"m","i","m","Asparagus mucronatus"
"Asparagus retrofractus","Asparagus retrofractus","Asparagaceae","Asparagus retrofractus","Asparagus retrofractus","Asparagaceae",1,0,1,0,1,0,0,0,0,1,0,"Apr","Jun",NA,NA,300,0,0,0,0,0,1,0,1,0,0,0,0,0,0,0,0,"cladode",1,0,0,0,0,0,2.696,0,0,"mixed",3,"m","i","m","Asparagus retrofractus"
"Asparagus rubicundus","Asparagus rubicundus","Asparagaceae","Asparagus rubicundus","Asparagus rubicundus","Asparagaceae",1,0,1,0,1,0,0,0,0,1,0,"Mar","Jun",NA,NA,150,0,0,0,0,1,0,0,0,0,0,0,0,0,0,0,0,"cladode",1,0,0,0,0,0,0.862307692,0,0,"mixed",3,"m","i","m","Asparagus rubicundus"
"Asparagus scandens","Asparagus scandens","Asparagaceae","Asparagus scandens","Asparagus scandens","Asparagaceae",1,0,1,0,1,0,0,0,0,1,0,"Sep","Jan",NA,NA,200,0,0,0,0,0,1,0,0,0,0,0,0,0,0,0,0,"cladode",1,0,0,0,0,0,NA,0,0,"mixed",3,"m","i","m","Asparagus scandens"
"Asparagus striatus","Asparagus striatus","Asparagaceae","Asparagus striatus","Asparagus striatus","Asparagaceae",1,0,1,0,1,0,0,0,0,1,0,"Aug","Jan",NA,NA,60,0,0,0,1,0,0,0,0,0,0,0,0,0,0,0,0,"cladode",1,0,0,0,0,0,2.083333333,0,0,"mixed",3,"m","i","m","Asparagus striatus"
"Asparagus suaveolens","Asparagus suaveolens","Asparagaceae","Asparagus suaveolens","Asparagus suaveolens","Asparagaceae",1,0,1,0,1,0,0,0,0,1,0,"Apr","Sep",NA,NA,100,0,0,0,1,0,0,0,0,0,0,0,0,0,0,0,0,"cladode",1,0,0,0,0,0,NA,0,0,"mixed",3,"m","i","m","Asparagus suaveolens"
"Asparagus subulatus","Asparagus subulatus","Asparagaceae","Asparagus subulatus","Asparagus subulatus","Asparagaceae",1,0,1,0,1,0,0,0,0,1,0,"Sep","Dec",NA,NA,200,0,0,0,0,0,1,0,0,0,0,0,0,0,0,0,0,"cladode",1,0,0,0,0,0,NA,0,0,"mixed",3,"m","i","m","Asparagus subulatus"
"Asplenium cordatum","Ceterach cordatum","Aspleniaceae","Asplenium cordatum","Asplenium cordatum","Aspleniaceae",1,0,1,0,1,0,0,0,0,0,0,NA,NA,NA,NA,15,1,0,0,0,0,0,0,0,0,0,0,0,0,0,0,0,"frond",1,0,0,1,0,1,NA,0,0,"leaf",2,"m","w","w","Asplenium cordatum"
"Atalaya capensis","Atalaya capensis","Sapindaceae","Atalaya capensis","Atalaya capensis","Sapindaceae",1,0,1,0,1,0,0,0,0,0,0,"Dec","Jan",NA,NA,600,0,0,0,0,0,0,1,0,0,0,0,0,0,0,0,0,"leaf",0,1,0,1,0,0,NA,0,0,"leaf",3,"m","i","w","Atalaya capensis"
"Athanasia bremeri","Athanasia bremeri","Asteraceae","Athanasia bremeri","Athanasia bremeri","Asteraceae",1,0,1,0,1,0,0,0,0,0,0,"Sep","Feb",NA,NA,60,0,0,0,1,0,0,0,0,0,0,0,0,0,0,0,0,"leaf",1,0,0,0,0,0,NA,0,0,"leaf",2,"h","i","w","Athanasia bremeri"
"Athanasia calophylla","Athanasia calophylla","Asteraceae","Athanasia calophylla","Athanasia calophylla","Asteraceae",1,0,1,0,1,0,0,0,0,0,0,"Dec","Dec",NA,NA,100,0,0,0,1,0,0,0,0,0,0,0,0,0,0,0,0,"leaf",0,0,1,0,1,0,NA,0,0,"leaf",2,"h","i","w","Athanasia calophylla"
"Athanasia flexuosa","Athanasia flexuosa","Asteraceae","Athanasia flexuosa","Athanasia flexuosa","Asteraceae",1,0,1,0,1,0,0,0,0,0,0,"Sep","Nov",NA,NA,200,0,0,0,0,0,1,0,0,0,0,0,0,0,0,0,0,"leaf",1,0,0,0,0,0,0.92,0,0,"leaf",2,"h","i","w","Athanasia flexuosa"
"Athanasia linifolia","Athanasia linifolia","Asteraceae","Athanasia linifolia","Athanasia linifolia","Asteraceae",1,0,1,0,1,0,0,0,0,0,0,"Aug","Feb",NA,NA,150,0,0,0,0,1,0,0,0,0,0,0,0,0,0,0,0,"leaf",1,0,0,0,0,0,3.016666667,0,0,"leaf",2,"h","i","w","Athanasia linifolia"
"Athanasia microphylla","Athanasia microphylla","Asteraceae","Athanasia microphylla","Athanasia microphylla","Asteraceae",1,0,1,0,1,0,0,0,0,1,0,"Mar","Apr",NA,NA,60,0,0,0,1,0,0,0,0,0,0,0,0,0,0,0,0,"leaf",1,0,0,0,0,0,0.416,0,0,"leaf",2,"h","i","w","Athanasia microphylla"
"Athanasia pinnata","Athanasia pinnata","Asteraceae","Athanasia pinnata","Athanasia pinnata","Asteraceae",1,0,1,0,1,0,0,0,0,0,0,"Oct","Dec",NA,NA,200,0,0,0,0,0,1,0,0,0,0,0,0,0,0,0,0,"leaf",1,0,0,0,1,1,2.1,0,0,"leaf",2,"h","i","w","Athanasia pinnata"
"Athanasia tomentosa","Athanasia tomentosa","Asteraceae","Athanasia tomentosa","Athanasia tomentosa","Asteraceae",1,0,1,0,1,0,0,0,0,0,0,"Nov","Dec",NA,NA,200,0,0,0,0,0,1,0,0,0,0,0,0,0,0,0,0,"leaf",0,1,0,0,0,0,NA,0,0,"leaf",2,"h","i","w","Athanasia tomentosa"
"Athanasia trifurcata","Athanasia trifurcata","Asteraceae","Athanasia trifurcata","Athanasia trifurcata","Asteraceae",1,0,1,0,1,0,0,0,0,0,0,"Oct","Nov",NA,NA,150,0,0,0,0,1,0,0,0,0,0,0,0,0,0,0,0,"leaf",0,0,1,0,1,0,1.56,0,0,"leaf",1,"h","i","w","Athanasia trifurcata"
"Athrixia heterophylla","Athrixia heterophylla","Asteraceae","Athrixia heterophylla","Athrixia heterophylla","Asteraceae",1,0,1,0,1,0,0,0,0,1,0,"Aug","Dec",NA,NA,45,0,0,0,1,0,0,0,0,0,0,0,0,0,0,0,0,"leaf",1,0,1,0,0,0,1.299090909,0,0,"leaf",3,"m","i","w","Athrixia heterophylla"
"Aulax cancellata","Aulax cancellata","Proteaceae","Aulax cancellata","Aulax cancellata","Proteaceae",1,0,0,1,1,0,0,0,0,0,1,"Nov","Feb",NA,NA,250,0,0,0,0,0,1,0,0,0,0,0,0,0,0,0,0,"leaf",1,0,0,0,0,0,NA,0,0,"leaf",2,"h","i","w","Aulax cancellata"
"Aulax pallasia","Aulax pallasia","Proteaceae","Aulax pallasia","Aulax pallasia","Proteaceae",1,0,0,1,1,0,0,0,0,1,1,"Jan","Apr",NA,NA,200,0,0,0,0,0,1,0,0,0,0,0,0,0,0,0,0,"leaf",1,0,0,0,0,0,NA,0,0,"leaf",3,"h","i","w","Aulax pallasia"
"Aulax umbellata","Aulax umbellata","Proteaceae","Aulax umbellata","Aulax umbellata","Proteaceae",1,0,0,1,1,0,0,0,0,0,1,"Nov","Feb",NA,NA,250,0,0,0,0,0,1,0,0,0,0,0,0,0,0,0,0,"leaf",0,1,0,0,0,0,6,0,0,"leaf",2,"h","i","w","Aulax umbellata"
"Azima tetracantha","Azima tetracantha","Salvadoraceae","Azima tetracantha","Azima tetracantha","Salvadoraceae",1,0,1,0,1,0,0,0,0,1,0,"Oct","Feb",NA,NA,900,0,0,0,0,0,1,0,1,0,0,0,0,0,0,0,0,"leaf",0,0,1,0,0,0,2.7,0,0,"leaf",3,"m","i","m","Azima tetracantha"
"Babiana ambigua","Babiana ambigua","Iridaceae","Babiana ambigua","Babiana ambigua","Iridaceae",1,0,1,0,1,0,0,1,0,1,0,"Aug","Sep",NA,NA,8,0,1,0,0,0,0,0,0,0,0,0,0,0,0,0,0,"leaf",1,0,0,0,0,0,NA,0,0,"leaf",2,"l","i","w","Babiana ambigua"
"Babiana sambucina","Babiana sambucina","Iridaceae","Babiana sambucina","Babiana sambucina","Iridaceae",1,0,1,0,1,0,0,1,0,1,0,"Jul","Sep",NA,NA,14,0,1,0,0,0,0,0,0,0,0,0,0,0,0,0,0,"leaf",0,1,0,0,0,0,11.88333333,0,0,"leaf",2,"l","i","w","Babiana sambucina"
"Babiana villosula","Babiana villosula","Iridaceae","Babiana villosula","Babiana villosula","Iridaceae",1,0,1,0,1,0,0,1,0,1,0,"May","Jul",NA,NA,8,0,1,0,0,0,0,0,0,0,0,0,0,0,0,0,0,"leaf",0,1,0,0,0,0,NA,0,0,"leaf",2,"l","i","w","Babiana villosula"
"Barleria obtusa","Barleria obtusa","Acanthaceae","Barleria obtusa","Barleria obtusa","Acanthaceae",1,0,1,0,1,0,0,0,0,0,0,"Feb","Dec",NA,NA,200,0,0,0,0,0,1,0,0,0,0,0,0,0,0,0,0,"leaf",0,0,1,0,0,0,1.666666667,0,0,"leaf",2,"m","i","w","Barleria obtusa"
"Berkheya barbata","Berkheya barbata","Asteraceae","Berkheya barbata","Berkheya barbata","Asteraceae",1,0,1,0,1,0,0,0,0,1,0,"Aug","Nov",NA,NA,60,0,0,0,1,0,0,0,0,0,0,0,0,0,0,0,0,"leaf",0,0,1,0,0,0,2.87,0,0,"leaf",2,"m","i","w","Berkheya barbata"
"Berkheya cruciata","Berkheya cruciata","Asteraceae","Berkheya cruciata","Berkheya cruciata","Asteraceae",1,0,1,0,1,0,0,0,0,0,0,"Nov","Feb",NA,NA,100,0,0,0,1,0,0,0,0,0,0,0,0,0,0,0,0,"leaf",0,0,1,0,1,0,NA,0,0,"leaf",1,"m","i","w","Berkheya cruciata"
"Berzelia abrotanoides","Berzelia abrotanoides","Bruniaceae","Berzelia abrotanoides","Berzelia abrotanoides","Bruniaceae",1,0,1,0,1,0,0,0,0,1,0,"Aug","Oct",NA,NA,150,0,0,0,0,1,0,0,0,0,0,0,0,0,0,0,0,"leaf",0,1,0,0,0,0,0.3298,0,0,"leaf",2,"h","i","w","Berzelia abrotanoides"
"Berzelia albiflora","Brunia albiflora","Bruniaceae","Berzelia albiflora","Berzelia albiflora","Bruniaceae",1,0,1,0,1,0,0,0,0,0,0,"Feb","Apr",NA,NA,300,0,0,0,0,1,1,0,0,0,0,0,0,0,0,0,0,"leaf",1,0,0,0,0,0,1.036,0,0,"leaf",2,"h","i","w","Berzelia albiflora"
"Berzelia alopecuroides","Brunia alopecuroides","Bruniaceae","Berzelia alopecuroides","Berzelia alopecuroides","Bruniaceae",1,0,1,0,1,0,0,0,0,0,0,"Sep","Dec",NA,NA,100,0,0,0,1,0,0,0,0,0,0,0,0,0,0,0,0,"leaf",0,1,0,0,0,0,NA,0,0,"leaf",2,"h","i","w","Berzelia alopecuroides"
"Berzelia burchellii","Berzelia burchellii","Bruniaceae","Berzelia burchellii","Berzelia burchellii","Bruniaceae",1,0,1,0,1,0,0,0,0,1,1,"Oct","Nov",NA,NA,150,0,0,0,0,1,0,0,0,0,0,0,0,0,0,0,0,"leaf",1,0,0,0,0,0,NA,0,0,"leaf",2,"h","i","w","Berzelia burchellii"
"Berzelia dregeana","Berzelia dregeana","Bruniaceae","Berzelia dregeana","Berzelia dregeana","Bruniaceae",1,0,1,0,1,0,0,0,0,1,1,"Aug","Sep",NA,NA,150,0,0,0,0,1,0,0,0,0,0,0,0,0,0,0,0,"leaf",1,0,0,0,0,0,NA,0,0,"leaf",2,"h","i","w","Berzelia dregeana"
"Berzelia ecklonii","Berzelia ecklonii","Bruniaceae","Berzelia ecklonii","Berzelia ecklonii","Bruniaceae",1,0,1,0,1,0,0,0,0,0,0,"Sep","Nov",NA,NA,150,0,0,0,0,1,0,0,0,0,0,0,0,0,0,0,0,"leaf",1,0,0,0,0,0,NA,0,0,"leaf",2,"h","i","w","Berzelia ecklonii"
"Berzelia galpinii","Berzelia galpinii","Bruniaceae","Berzelia galpinii","Berzelia galpinii","Bruniaceae",1,0,1,0,1,0,0,0,0,1,0,"Sep","Oct",NA,NA,150,0,0,0,0,1,0,0,0,0,0,0,0,0,0,0,0,"leaf",1,0,0,0,0,0,0.942,0,0,"leaf",2,"h","i","w","Berzelia galpinii"
"Berzelia intermedia","Berzelia intermedia","Bruniaceae","Berzelia intermedia","Berzelia intermedia","Bruniaceae",1,0,1,0,1,0,0,0,0,1,0,"Nov","Feb",NA,NA,150,0,0,0,0,1,0,0,0,0,0,0,0,0,0,0,0,"leaf",1,0,0,0,0,0,NA,0,0,"leaf",2,"h","i","w","Berzelia intermedia"
"Berzelia lanuginosa","Berzelia lanuginosa","Bruniaceae","Berzelia lanuginosa","Berzelia lanuginosa","Bruniaceae",1,0,1,0,1,0,0,0,0,0,0,"Sep","Dec",NA,NA,200,0,0,0,0,1,1,0,0,0,0,0,0,0,0,0,0,"leaf",1,0,0,0,0,0,0.417108108,0,0,"leaf",2,"h","i","w","Berzelia lanuginosa"
"Berzelia stokoei","Brunia stokoei","Bruniaceae","Berzelia stokoei","Berzelia stokoei","Bruniaceae",1,0,1,0,1,0,0,0,0,0,0,"Feb","Mar",NA,NA,300,0,0,0,0,1,1,0,0,0,0,0,0,0,0,0,0,"leaf",1,0,0,0,0,0,0.765,0,0,"leaf",2,"h","i","w","Berzelia stokoei"
"Blechnum capense","Blechnum capense","Blechnaceae","Parablechnum capense","Parablechnum capense","Blechnaceae",1,0,1,0,1,0,0,0,0,1,0,NA,NA,NA,NA,100,1,0,0,0,0,0,0,0,0,0,0,0,0,0,0,0,"frond",1,0,0,0,0,1,NA,0,0,"leaf",3,"m","w","w","Parablechnum capense"
"Blechnum punctulatum","Blechnum punctulatum","Blechnaceae","Blechnum punctulatum","Blechnum punctulatum","Blechnaceae",1,0,1,0,1,0,0,0,0,1,0,NA,NA,NA,NA,150,1,0,0,0,0,0,0,0,0,0,0,0,0,0,0,0,"frond",1,0,1,1,0,1,NA,0,0,"leaf",3,"m","w","w","Blechnum punctulatum"
"Blechnum tabulare","Blechnum tabulare","Blechnaceae","Lomariocycas tabularis","Lomariocycas tabularis","Blechnaceae",1,0,1,0,1,0,0,0,0,1,0,NA,NA,NA,NA,150,1,0,0,0,0,0,0,0,0,0,0,0,0,0,0,0,"frond",0,0,1,1,0,1,10.8,0,0,"leaf",3,"m","w","w","Lomariocycas tabularis"
"Blepharis capensis","Blepharis capensis","Acanthaceae","Blepharis capensis","Blepharis capensis","Acanthaceae",1,0,1,0,1,0,0,0,0,1,0,"Dec","Apr",NA,NA,150,0,0,0,1,0,0,0,0,0,0,0,0,0,0,0,0,"leaf",0,1,0,0,0,0,1.65,0,0,"leaf",2,"l","i","m","Blepharis capensis"
"Bobartia filiformis","Bobartia filiformis","Iridaceae","Bobartia filiformis","Bobartia filiformis","Iridaceae",1,0,1,0,1,0,0,1,1,1,0,"Sep","Dec",NA,NA,55,1,0,0,0,0,0,0,0,0,0,0,0,0,0,0,0,"leaf",1,0,0,0,0,0,NA,0,0,"culm_stem",2,"h","i","w","Bobartia filiformis"
"Bobartia gladiata","Bobartia gladiata","Iridaceae","Bobartia gladiata","Bobartia gladiata","Iridaceae",1,0,1,0,1,0,0,0,0,1,0,"Sep","Dec",NA,NA,80,1,0,0,0,0,0,0,0,0,0,0,0,0,0,0,0,"leaf",1,0,0,0,0,0,27.57272727,0,0,"leaf",2,"m","i","w","Bobartia gladiata"
"Bobartia indica","Bobartia indica","Iridaceae","Bobartia indica","Bobartia indica","Iridaceae",1,0,1,0,1,0,0,1,0,1,0,"Oct","Mar",NA,NA,100,1,0,0,0,0,0,0,0,0,0,0,0,0,0,0,0,"leaf",1,0,0,0,0,0,79.11764706,0,0,"mixed",2,"h","i","w","Bobartia indica"
"Bobartia macrocarpa","Bobartia macrocarpa","Iridaceae","Bobartia macrocarpa","Bobartia macrocarpa","Iridaceae",1,0,1,0,1,0,0,1,0,1,0,"Aug","Feb",NA,NA,100,1,0,0,0,0,0,0,0,0,0,0,0,0,0,0,0,"leaf",1,0,0,0,0,0,NA,0,0,"culm_stem",2,"h","i","w","Bobartia macrocarpa"
"Bobartia macrospatha","Bobartia macrospatha","Iridaceae","Bobartia macrospatha","Bobartia macrospatha","Iridaceae",1,0,1,0,1,0,0,1,0,1,0,"Aug","Nov",NA,NA,110,1,0,0,0,0,0,0,0,0,0,0,0,0,0,0,0,"leaf",1,0,0,0,0,0,106.66,0,0,"culm_stem",2,"h","i","w","Bobartia macrospatha"
"Bobartia orientalis","Bobartia orientalis","Iridaceae","Bobartia orientalis","Bobartia orientalis","Iridaceae",1,0,1,0,1,0,0,1,0,1,0,"Aug","Nov",NA,NA,130,1,0,0,0,0,0,0,0,0,0,0,0,0,0,0,0,"leaf",1,0,0,0,0,0,NA,0,0,"culm_stem",2,"h","i","w","Bobartia orientalis"
"Bobartia parva","Bobartia parva","Iridaceae","Bobartia parva","Bobartia parva","Iridaceae",1,0,1,0,1,0,0,1,0,1,0,"Nov","Feb",NA,NA,40,1,0,0,0,0,0,0,0,0,0,0,0,0,0,0,0,"leaf",1,0,0,0,0,0,NA,0,0,"culm_stem",2,"h","i","w","Bobartia parva"
"Bobartia rufa","Bobartia rufa","Iridaceae","Bobartia rufa","Bobartia rufa","Iridaceae",1,0,1,0,1,0,0,1,0,1,0,"Sep","Nov",NA,NA,50,1,0,0,0,0,0,0,0,0,0,0,0,0,0,0,0,"leaf",1,0,0,0,0,0,91.78,0,0,"culm_stem",2,"h","i","w","Bobartia rufa"
"Bolusafra bituminosa","Bolusafra bituminosa","Fabaceae","Bolusafra bituminosa","Bolusafra bituminosa","Fabaceae",1,0,1,0,1,0,0,0,0,0,0,"Aug","Jan",NA,NA,250,0,0,0,0,0,1,0,0,0,0,0,0,0,0,0,0,"leaf",0,0,1,1,0,0,2.383333333,0,0,"leaf",2,"m","i","p","Bolusafra bituminosa"
"Boophone disticha","Boophone disticha","Amaryllidaceae","Boophone disticha","Boophone disticha","Amaryllidaceae",1,0,1,0,0,1,0,0,0,1,0,"Sep","Mar",NA,NA,25,0,1,0,0,0,0,0,0,0,0,0,0,1,0,1,0,"leaf",1,0,0,0,0,0,NA,0,0,"leaf",3,"l","m","w","Boophone disticha"
"Boscia oleoides","Boscia oleoides","Capparaceae","Boscia oleoides","Boscia oleoides","Capparaceae",1,0,1,0,1,0,0,0,0,1,0,"Aug","Jan",NA,NA,400,0,0,0,0,0,0,1,0,0,0,0,0,0,0,0,0,"leaf",0,0,1,0,0,0,3.866666667,0,0,"leaf",3,"l","i","m","Boscia oleoides"
"Brabejum stellatifolium","Brabejum stellatifolium","Proteaceae","Brabejum stellatifolium","Brabejum stellatifolium","Proteaceae",1,0,1,0,1,0,0,0,0,1,0,"Dec","Jan",NA,NA,800,0,0,0,0,0,0,1,0,0,0,0,0,0,0,0,0,"leaf",0,1,0,0,1,0,13.86,0,0,"leaf",3,"h","i","p","Brabejum stellatifolium"
"Brachiaria serrata","Brachiaria serrata","Poaceae","Urochloa serrata","Urochloa serrata","Poaceae",1,0,1,0,1,0,0,0,0,1,0,"Oct","May",NA,NA,75,0,0,1,0,0,0,0,0,0,0,0,0,0,0,0,0,"leaf",1,1,0,0,0,0,2.531666667,0,0,"mixed",2,"l","w","w","Urochloa serrata"
"Brachylaena neriifolia","Brachylaena neriifolia","Asteraceae","Brachylaena neriifolia","Brachylaena neriifolia","Asteraceae",1,0,1,0,1,0,0,0,0,1,0,"Jan","Mar",NA,NA,800,0,0,0,0,0,1,1,0,0,0,0,0,0,0,0,0,"leaf",0,1,0,0,0,0,8.16,0,0,"leaf",3,"h","i","w","Brachylaena neriifolia"
"Brunia fragarioides","Nebelia fragarioides","Bruniaceae","Brunia fragarioides","Brunia fragarioides","Bruniaceae",1,0,1,0,1,0,0,0,0,1,0,"Mar","Sep",NA,NA,150,0,0,0,0,1,0,0,0,0,0,0,0,0,0,0,0,"leaf",1,0,0,0,0,0,0.35,0,0,"leaf",3,"h","i","w","Brunia fragarioides"
"Brunia laevis","Brunia laevis","Bruniaceae","Brunia laevis","Brunia laevis","Bruniaceae",1,0,1,0,1,0,0,0,0,1,0,"Dec","Feb",NA,NA,150,0,0,0,0,1,0,0,0,0,0,0,0,0,0,0,0,"leaf",0,0,1,0,0,0,0.48,0,0,"leaf",3,"h","i","w","Brunia laevis"
"Brunia microphylla","Raspalia microphylla","Bruniaceae","Brunia microphylla","Brunia microphylla","Bruniaceae",1,0,1,0,1,0,0,0,0,1,0,"Oct","Jan",NA,NA,50,0,0,0,1,0,0,0,0,0,0,0,0,0,0,0,0,"leaf",0,1,0,0,0,0,NA,0,0,"leaf",3,"h","u","u","Brunia microphylla"
"Brunia noduliflora","Brunia nodiflora","Bruniaceae","Brunia noduliflora","Brunia noduliflora","Bruniaceae",1,0,1,0,1,0,0,0,0,1,0,"Mar","Jun",NA,NA,150,0,0,0,0,1,0,0,0,0,0,0,0,0,0,0,0,"leaf",0,1,0,0,0,0,0.254545455,0,0,"leaf",3,"h","i","w","Brunia noduliflora"
"Brunia paleacea","Nebelia paleacea","Bruniaceae","Brunia paleacea","Brunia paleacea","Bruniaceae",1,0,1,0,1,0,0,0,0,1,0,"Oct","Apr",NA,NA,150,0,0,0,0,1,0,0,0,0,0,0,0,0,0,0,0,"leaf",1,0,0,0,0,0,0.24,0,0,"leaf",3,"h","i","w","Brunia paleacea"
"Brunia virgata","Raspalia virgata","Bruniaceae","Brunia virgata","Brunia virgata","Bruniaceae",1,0,1,0,1,0,0,0,0,0,0,"Aug","Oct",NA,NA,100,0,0,0,1,0,0,0,0,0,0,0,0,0,0,0,0,"leaf",0,1,0,0,0,0,NA,0,0,"leaf",2,"h","u","u","Brunia virgata"
"Buddleja saligna","Buddleja saligna","Buddlejaceae","Buddleja saligna","Buddleja saligna","Scrophulariaceae",1,0,1,0,1,0,0,0,0,0,0,"Aug","Jan",NA,NA,700,0,0,0,0,0,0,1,0,0,0,0,0,0,0,0,0,"leaf",0,1,0,0,0,0,NA,0,0,"leaf",3,"h","i","w","Buddleja saligna"
"Bulbine abyssinica","Bulbine abyssinica","Asphodelaceae","Bulbine abyssinica","Bulbine abyssinica","Asphodelaceae",1,0,1,0,1,0,0,0,0,1,0,"Aug","Nov",NA,NA,60,0,1,0,0,0,0,0,0,0,0,0,0,1,1,1,0,"leaf",1,0,0,0,0,0,30.0875,0,0,"leaf",2,"l","i","w","Bulbine abyssinica"
"Bulbine alooides","Bulbine alooides","Asphodelaceae","Bulbine alooides","Bulbine alooides","Asphodelaceae",1,0,1,0,1,0,0,0,0,1,0,"Mar","May",NA,NA,40,0,1,0,0,0,0,0,0,0,0,0,0,1,1,1,0,"leaf",0,1,0,0,0,0,23.1,0,0,"leaf",2,"l","i","w","Bulbine alooides"
"Bulbine cepacea","Bulbine cepacea","Asphodelaceae","Bulbine cepacea","Bulbine cepacea","Asphodelaceae",1,0,1,0,1,0,0,0,0,1,0,"Mar","May",NA,NA,40,0,1,0,0,0,0,0,0,0,0,0,0,1,1,1,0,"leaf",0,1,0,0,0,0,NA,0,0,"leaf",2,"l","i","w","Bulbine cepacea"
"Bulbine frutescens","Bulbine frutescens","Asphodelaceae","Bulbine frutescens","Bulbine frutescens","Asphodelaceae",1,0,1,0,1,0,0,0,0,1,0,"Sep","Apr",NA,NA,60,0,0,0,1,0,0,0,0,0,0,0,0,1,1,1,0,"leaf",1,0,0,0,0,0,NA,0,0,"leaf",2,"l","i","w","Bulbine frutescens"
"Bulbine lagopus","Bulbine lagopus","Asphodelaceae","Bulbine lagopus","Bulbine lagopus","Asphodelaceae",1,0,1,0,1,0,0,0,0,1,0,"Jul","Dec",NA,NA,40,0,1,0,0,0,0,0,0,0,0,0,0,1,1,1,0,"leaf",1,0,0,0,0,0,NA,0,0,"leaf",2,"l","i","w","Bulbine lagopus"
"Bulbine latifolia","Bulbine latifolia","Asphodelaceae","Bulbine latifolia","Bulbine latifolia","Asphodelaceae",1,0,1,0,1,0,0,0,0,1,0,"Aug","Nov",NA,NA,60,0,1,0,0,0,0,0,0,0,0,0,0,1,1,1,0,"leaf",0,1,0,0,0,0,21.12,0,0,"leaf",2,"l","i","w","Bulbine latifolia"
"Cadaba aphylla","Cadaba aphylla","Capparaceae","Cadaba aphylla","Cadaba aphylla","Capparaceae",1,0,1,0,1,0,0,0,0,0,0,"Aug","Apr",NA,NA,200,0,0,0,0,0,1,0,0,0,0,0,0,1,0,1,0,"leaf",0,0,0,0,0,0,10.7,1,1,"culm_stem",3,"l","i","u","Cadaba aphylla"
"Caesia contorta","Caesia contorta","Hemerocallidaceae","Caesia contorta","Caesia contorta","Asphodelaceae",1,0,1,0,1,0,0,1,0,1,0,"Nov","Mar",NA,NA,30,0,1,0,0,0,0,0,0,0,0,0,0,0,0,0,0,"leaf",1,0,0,0,0,0,NA,0,0,"leaf",2,"l","i","p","Caesia contorta"
"Calobota cytisoides","Lebeckia cytisoides","Fabaceae","Calobota cytisoides","Calobota cytisoides","Fabaceae",1,0,1,0,1,0,0,0,0,1,0,"Jul","Mar",NA,NA,200,0,0,0,0,0,1,1,0,0,0,0,0,0,0,0,0,"leaf",0,0,1,1,0,0,3.06,0,0,"leaf",2,"h","i","p","Calobota cytisoides"
"Campylostachys cernua","Campylostachys cernua","Stilbaceae","Campylostachys cernua","Campylostachys cernua","Stilbaceae",1,0,1,0,1,0,0,0,0,1,0,"Nov","Mar",NA,NA,80,0,0,0,1,0,0,0,0,0,0,0,0,0,0,0,0,"leaf",0,1,0,0,0,0,1.34,0,0,"leaf",2,"l","i","p","Campylostachys cernua"
"Cannomois grandis","Cannomois grandis","Restionaceae","Cannomois grandis","Cannomois grandis","Restionaceae",1,0,0,1,1,0,0,0,0,0,0,"Oct","Dec",NA,NA,400,0,0,1,0,0,0,0,0,0,0,0,0,0,0,0,0,"leaf",0,0,0,0,0,0,NA,1,1,"culm_stem",2,"h","w","i","Cannomois grandis"
"Cannomois parviflora","Cannomois parviflora","Restionaceae","Cannomois parviflora","Cannomois parviflora","Restionaceae",1,0,0,1,1,0,0,0,0,1,0,"Aug","Aug",NA,NA,100,0,0,1,0,0,0,0,0,0,0,0,0,0,0,0,0,"leaf",0,0,0,0,0,0,61.44,1,1,"culm_stem",2,"h","w","i","Cannomois parviflora"
"Cannomois schlechteri","Cannomois taylorii","Restionaceae","Cannomois parviflora","Cannomois parviflora","Restionaceae",1,0,0,1,1,0,0,0,0,0,0,"Jun","Aug",NA,NA,200,0,0,1,0,0,0,0,0,0,0,0,0,0,0,0,0,"leaf",0,0,0,0,0,0,138.26,1,1,"culm_stem",2,"h","w","i","Cannomois parviflora"
"Cannomois scirpoides","Cannomois scirpoides","Restionaceae","Cannomois scirpoides","Cannomois scirpoides","Restionaceae",1,0,0,1,1,0,0,0,0,1,0,"Mar","Jun",NA,NA,100,0,0,1,0,0,0,0,0,0,0,0,0,0,0,0,0,"leaf",0,0,0,0,0,0,82.06666667,1,1,"culm_stem",2,"h","w","i","Cannomois scirpoides"
"Cannomois virgata","Cannomois virgata","Restionaceae","Cannomois virgata","Cannomois virgata","Restionaceae",1,0,0,1,1,0,0,0,0,1,0,"Oct","Jan",NA,NA,300,0,0,1,0,0,0,0,0,0,0,0,0,0,0,0,0,"leaf",0,0,0,0,0,0,35.76923077,1,1,"culm_stem",2,"h","w","i","Cannomois virgata"
"Capelio tabularis","Alciope tabularis","Asteraceae","Capelio tabularis","Capelio tabularis","Asteraceae",1,0,1,0,1,0,0,0,1,1,0,"Apr","Jul",NA,NA,50,0,0,0,1,0,0,0,0,0,0,0,0,0,0,0,0,"leaf",0,0,1,0,0,0,7.8,0,0,"leaf",3,"m","i","w","Capelio tabularis"
"Capelio tomentosa","Alciope lanata","Asteraceae","Capelio tomentosa","Capelio tomentosa","Asteraceae",1,0,1,0,1,0,0,0,0,1,0,"Nov","Jan",NA,NA,60,1,0,0,0,0,0,0,0,0,0,0,0,0,0,0,0,"leaf",0,0,1,0,0,0,7.36,0,0,"leaf",3,"m","i","w","Capelio tomentosa"
"Capeobolus brevicaulis","Capeobolus brevicaulis","Cyperaceae","Capeobolus brevicaulis","Capeobolus brevicaulis","Cyperaceae",1,0,1,0,1,0,0,0,0,0,0,"Oct","Mar",NA,NA,20,0,0,1,0,0,0,0,0,0,0,0,0,0,0,0,0,"leaf",0,1,0,0,0,0,9.23,0,0,"leaf",2,"m","w","p","Capeobolus brevicaulis"
"Capeochloa arundinacea","Merxmuellera arundinacea","Poaceae","Capeochloa arundinacea","Capeochloa arundinacea","Poaceae",1,0,1,0,1,0,0,0,0,1,0,"Sep","Nov",NA,NA,100,0,0,1,0,0,0,0,0,0,0,0,0,0,0,0,0,"leaf",1,0,0,0,0,0,56.25454545,0,0,"leaf",3,"h","w","w","Capeochloa arundinacea"
"Capeochloa cincta","Merxmuellera cincta","Poaceae","Capeochloa cincta","Capeochloa cincta","Poaceae",1,0,1,0,1,0,0,0,0,1,0,"Oct","Apr",NA,NA,200,0,0,1,0,0,0,0,0,0,0,0,0,0,0,0,0,"leaf",1,0,0,0,0,0,78.22,0,0,"leaf",2,"h","w","w","Capeochloa cincta"
"Capparis sepiaria","Capparis sepiaria","Capparaceae","Capparis sepiaria","Capparis sepiaria","Capparaceae",1,0,1,0,1,0,0,0,0,1,0,"Aug","Jan",NA,NA,500,0,0,0,0,0,1,0,1,0,0,0,0,0,0,0,0,"leaf",0,0,1,0,0,0,NA,0,0,"leaf",3,"m","i","m","Capparis sepiaria"
"Carissa bispinosa","Carissa bispinosa","Apocynaceae","Carissa bispinosa","Carissa bispinosa","Apocynaceae",1,0,1,0,1,0,0,0,0,0,0,"Sep","Dec",NA,NA,500,0,0,0,0,0,1,0,0,0,0,0,0,0,0,0,0,"leaf",0,0,1,0,0,0,2.116666667,0,0,"leaf",3,"l","i","m","Carissa bispinosa"
"Carpacoce gigantea","Carpacoce gigantea","Rubiaceae","Carpacoce gigantea","Carpacoce gigantea","Rubiaceae",1,0,1,0,1,0,0,0,0,0,0,"Nov","Jan",NA,NA,90,0,0,0,1,0,0,0,0,0,0,0,0,0,0,0,0,"leaf",0,1,0,0,0,0,NA,0,0,"leaf",2,"l","w","p","Carpacoce gigantea"
"Carpacoce heteromorpha","Carpacoce heteromorpha","Rubiaceae","Carpacoce heteromorpha","Carpacoce heteromorpha","Rubiaceae",1,0,1,0,1,0,0,0,0,0,0,"Jul","Jan",NA,NA,45,0,0,0,1,0,0,0,0,0,0,0,0,0,0,0,0,"leaf",1,0,0,0,0,0,1.82,0,0,"leaf",2,"m","w","p","Carpacoce heteromorpha"
"Carpacoce spermacocea","Carpacoce spermacocea","Rubiaceae","Carpacoce spermacocea","Carpacoce spermacocea","Rubiaceae",1,0,1,0,1,0,0,0,0,0,0,"Jul","Jan",NA,NA,90,1,0,0,0,0,0,0,0,0,0,0,0,0,0,0,0,"leaf",0,1,0,0,0,0,1.3,0,0,"mixed",2,"m","w","p","Carpacoce spermacocea"
"Carpacoce vaginellata","Carpacoce vaginellata","Rubiaceae","Carpacoce vaginellata","Carpacoce vaginellata","Rubiaceae",1,0,1,0,1,0,0,0,0,0,0,"Jul","May",NA,NA,45,0,0,0,1,0,0,0,0,0,0,0,0,0,0,0,0,"leaf",0,1,0,0,0,0,3.066666667,0,0,"mixed",2,"m","w","p","Carpacoce vaginellata"
"Carpha glomerata","Carpha glomerata","Cyperaceae","Carpha glomerata","Carpha glomerata","Cyperaceae",1,0,1,0,1,0,0,0,0,1,0,"Aug","Jan",NA,NA,200,0,0,1,0,0,0,0,0,0,0,0,0,0,0,0,0,"leaf",0,2,0,0,0,0,93.34,0,0,"leaf",3,"h","w","u","Carpha glomerata"
"Carpobrotus acinaciformis","Carpobrotus acinaciformis","Aizoaceae","Carpobrotus acinaciformis","Carpobrotus acinaciformis","Aizoaceae",1,0,1,0,1,0,0,0,0,0,0,"Aug","Dec",NA,NA,20,0,0,0,1,0,0,0,0,0,0,0,0,1,1,1,0,"leaf",0,1,0,0,0,0,8.141666667,0,0,"leaf",2,"l","i","m","Carpobrotus acinaciformis"
"Carpobrotus edulis","Carpobrotus edulis","Aizoaceae","Carpobrotus edulis","Carpobrotus edulis","Aizoaceae",1,0,1,0,1,0,0,0,0,0,0,"Aug","Oct",NA,NA,20,0,0,0,1,0,0,0,0,0,0,0,0,1,1,1,0,"leaf",0,1,0,0,0,0,8.478666667,0,0,"leaf",2,"l","i","m","Carpobrotus edulis"
"Cassine peragua","Cassine peragua","Celastraceae","Cassine peragua","Cassine peragua","Celastraceae",1,0,1,0,1,0,0,0,0,1,0,"Feb","Jul",NA,NA,1500,0,0,0,0,0,1,1,0,0,0,0,0,0,0,0,0,"leaf",0,0,1,0,0,0,4.168421053,0,0,"leaf",3,"m","i","m","Cassine peragua"
"Cassine schinoides","Cassine schinoides","Celastraceae","Elaeodendron schinoides","Elaeodendron schinoides","Celastraceae",1,0,1,0,1,0,0,0,0,1,0,"Oct","Dec",NA,NA,1000,0,0,0,0,0,0,1,0,0,0,0,0,0,0,0,0,"leaf",0,0,1,0,0,0,7.89,0,0,"leaf",3,"m","i","m","Elaeodendron schinoides"
"Cassytha ciliolata","Cassytha ciliolata","Lauraceae","Cassytha ciliolata","Cassytha ciliolata","Lauraceae",1,0,1,0,1,0,0,0,0,0,0,"Sep","Jan",NA,NA,200,0,0,0,0,0,0,1,0,1,0,1,0,0,0,0,0,"leaf",0,0,0,0,0,0,34.75,1,1,"leaf",2,"l","i","m","Cassytha ciliolata"
"Cassytha filiformis","Cassytha filiformis","Lauraceae","Cassytha filiformis","Cassytha filiformis","Lauraceae",1,0,1,0,1,0,0,0,0,0,0,"Sep","Jan",NA,NA,200,0,0,0,0,0,0,0,0,1,0,1,0,0,0,0,0,"leaf",0,0,0,0,0,0,23.4,1,1,"leaf",2,"l","i","m","Cassytha filiformis"
"Celtis africana","Celtis africana","Celtidaceae","Celtis africana","Celtis africana","Cannabaceae",1,0,1,0,0,1,0,0,0,0,0,"Jan","Apr",NA,NA,3000,0,0,0,0,0,0,1,0,0,0,0,0,0,0,0,0,"leaf",0,0,1,0,0,0,NA,0,0,"leaf",3,"l","i","m","Celtis africana"
"Cenchrus ciliaris","Cenchrus ciliaris","Poaceae","Cenchrus ciliaris","Cenchrus ciliaris","Poaceae",1,0,1,0,1,0,0,0,0,0,0,"Aug","Apr",NA,NA,100,0,0,1,0,0,0,0,0,0,0,0,0,0,0,0,0,"leaf",1,0,0,0,0,0,15,0,1,"mixed",1,"h","w","w","Cenchrus ciliaris"
"Centella affinis","Centella affinis","Apiaceae","Centella affinis","Centella affinis","Apiaceae",1,0,1,0,1,0,0,1,0,0,0,"Aug","Jan",NA,NA,30,1,0,0,0,0,0,0,0,0,0,0,0,0,0,0,0,"leaf",1,0,0,0,0,0,NA,0,0,"leaf",2,"l","w","p","Centella affinis"
"Centella cochlearia","Centella recticarpa","Apiaceae","Centella cochlearia","Centella cochlearia","Apiaceae",1,0,1,0,1,0,0,1,0,1,0,"Sep","Apr",NA,NA,20,1,0,0,0,0,0,0,0,0,0,0,0,0,0,0,0,"leaf",1,0,0,0,0,0,NA,0,0,"leaf",2,"l","i","p","Centella cochlearia"
"Centella difformis","Centella difformis","Apiaceae","Centella difformis","Centella difformis","Apiaceae",1,0,1,0,1,0,0,1,0,0,0,"Aug","Apr",NA,NA,40,1,0,0,0,0,0,0,0,0,0,0,0,0,0,0,0,"leaf",0,1,0,0,1,0,4.4,0,0,"leaf",2,"l","i","p","Centella difformis"
"Centella glabrata","Centella glabrata","Apiaceae","Centella glabrata","Centella glabrata","Apiaceae",1,0,1,0,1,0,0,1,0,0,0,"Sep","Jan",NA,NA,20,1,0,0,0,0,0,0,0,0,0,0,0,0,0,0,0,"leaf",0,1,0,0,0,0,4.82,0,0,"leaf",2,"l","i","p","Centella glabrata"
"Centella lanata","Centella lanata","Apiaceae","Centella lanata","Centella lanata","Apiaceae",1,0,1,0,1,0,0,1,0,0,0,"Jan","May",NA,NA,50,1,0,0,0,0,0,0,0,0,0,0,0,0,0,0,0,"leaf",0,0,1,0,1,0,3.56,0,0,"leaf",2,"l","i","p","Centella lanata"
"Centella lasiophylla","Centella lasiophylla","Apiaceae","Centella lasiophylla","Centella lasiophylla","Apiaceae",1,0,1,0,1,0,0,1,0,0,0,"Sep","Dec",NA,NA,50,1,0,0,0,0,0,0,0,0,0,0,0,0,0,0,0,"leaf",0,0,1,0,0,0,NA,0,0,"leaf",2,"l","i","p","Centella lasiophylla"
"Centella linifolia","Centella linifolia","Apiaceae","Centella linifolia","Centella linifolia","Apiaceae",1,0,1,0,1,0,0,1,0,0,0,"Sep","Dec",NA,NA,50,0,0,0,1,0,0,0,0,0,0,0,0,0,0,0,0,"leaf",1,0,0,0,0,0,NA,0,0,"leaf",2,"l","i","p","Centella linifolia"
"Centella macrocarpa","Centella macrocarpa","Apiaceae","Centella macrocarpa","Centella macrocarpa","Apiaceae",1,0,1,0,1,0,0,1,0,0,0,"Apr","Jan",NA,NA,35,1,0,0,0,0,0,0,0,0,0,0,0,0,0,0,0,"leaf",0,0,1,0,0,0,3.6,0,0,"leaf",2,"l","i","p","Centella macrocarpa"
"Centella montana","Centella montana","Apiaceae","Centella montana","Centella montana","Apiaceae",1,0,1,0,1,0,0,1,0,0,0,"Aug","Jan",NA,NA,10,1,0,0,0,0,0,0,0,0,0,0,0,0,0,0,0,"leaf",0,1,1,0,0,0,NA,0,0,"leaf",2,"l","i","p","Centella montana"
"Centella restioides","Centella restioides","Apiaceae","Centella restioides","Centella restioides","Apiaceae",1,0,1,0,1,0,0,1,0,1,0,"Oct","Dec",NA,NA,50,1,0,0,0,0,0,0,0,0,0,0,0,0,0,0,0,"leaf",0,1,0,0,0,0,4.308333333,0,0,"leaf",2,"l","i","p","Centella restioides"
"Centella sessilis","Centella sessilis","Apiaceae","Centella sessilis","Centella sessilis","Apiaceae",1,0,1,0,1,0,0,1,0,0,0,"Sep","Jan",NA,NA,15,1,0,0,0,0,0,0,0,0,0,0,0,0,0,0,0,"leaf",0,1,0,0,0,0,NA,0,0,"leaf",2,"l","i","p","Centella sessilis"
"Centella stenophylla","Centella stenophylla","Apiaceae","Centella stenophylla","Centella stenophylla","Apiaceae",1,0,1,0,1,0,0,1,0,0,0,"Aug","Jan",NA,NA,40,1,0,0,0,0,0,0,0,0,0,0,0,0,0,0,0,"leaf",0,1,0,0,0,0,NA,0,0,"leaf",2,"l","i","p","Centella stenophylla"
"Centella tridentata","Centella tridentata","Apiaceae","Centella tridentata","Centella tridentata","Apiaceae",1,0,1,0,1,0,0,1,0,0,0,"Aug","Dec",NA,NA,20,1,0,0,0,0,0,0,0,0,0,0,0,0,0,0,0,"leaf",0,0,1,0,1,0,1.733333333,0,0,"leaf",2,"l","i","p","Centella tridentata"
"Centella triloba","Centella triloba","Apiaceae","Centella triloba","Centella triloba","Apiaceae",1,0,1,0,1,0,0,0,0,1,0,"Aug","Apr",NA,NA,50,1,0,0,0,0,0,0,0,0,0,0,0,0,0,0,0,"leaf",0,0,1,0,1,0,3.22,0,0,"leaf",2,"l","i","p","Centella triloba"
"Centella villosa","Centella villosa","Apiaceae","Centella villosa","Centella villosa","Apiaceae",1,0,1,0,1,0,0,1,0,1,0,"Sep","Dec",NA,NA,40,1,0,0,0,0,0,0,0,0,0,0,0,0,0,0,0,"leaf",0,0,1,0,0,0,1.32,0,0,"leaf",2,"l","i","p","Centella villosa"
"Centella virgata","Centella virgata","Apiaceae","Centella virgata","Centella virgata","Apiaceae",1,0,1,0,1,0,0,1,0,0,0,"Sep","Dec",NA,NA,60,1,0,0,0,0,0,0,0,0,0,0,0,0,0,0,0,"leaf",1,0,0,0,0,0,3.712727273,0,0,"leaf",2,"l","i","p","Centella virgata"
"Cephalaria humilis","Cephalaria humilis","Dipsacaceae","Cephalaria humilis","Cephalaria humilis","Caprifoliaceae",1,0,1,0,1,0,0,1,0,1,0,"Dec","Jan",NA,NA,100,1,0,0,0,0,0,0,0,0,0,0,0,0,0,0,0,"leaf",0,1,0,0,0,1,NA,0,0,"leaf",2,"l","i","w","Cephalaria humilis"
"Ceratocaryum argenteum","Ceratocaryum argenteum","Restionaceae","Ceratocaryum argenteum","Ceratocaryum argenteum","Restionaceae",1,0,0,1,1,0,0,0,0,0,0,"Feb","Apr",NA,NA,150,0,0,1,0,0,0,0,0,0,0,0,0,0,0,0,0,"leaf",0,0,0,0,0,0,NA,1,1,"culm_stem",2,"h","w","i","Ceratocaryum argenteum"
"Ceratocaryum decipiens","Ceratocaryum decipiens","Restionaceae","Ceratocaryum decipiens","Ceratocaryum decipiens","Restionaceae",1,0,0,1,1,0,0,0,0,1,0,"Feb","Mar",NA,NA,200,0,0,1,0,0,0,0,0,0,0,0,0,0,0,0,0,"leaf",0,0,0,0,0,0,NA,1,1,"culm_stem",2,"h","w","i","Ceratocaryum decipiens"
"Chaenostoma denudatum","Sutera denudata","Scrophulariaceae","Chaenostoma denudatum","Chaenostoma denudatum","Scrophulariaceae",1,0,1,0,1,0,0,1,0,0,0,"Jan","Dec",NA,NA,45,1,0,0,0,0,0,0,0,0,0,0,0,0,0,0,0,"leaf",0,1,0,0,0,0,1.471111111,0,0,"leaf",1,"m","i","p","Chaenostoma denudatum"
"Chaenostoma hispidum","Sutera hispida","Scrophulariaceae","Chaenostoma hispidum","Chaenostoma hispidum","Scrophulariaceae",1,0,1,0,1,0,0,1,0,0,0,"Jan","Dec",NA,NA,50,0,0,0,1,0,0,0,0,0,0,0,0,0,0,0,0,"leaf",0,0,1,0,0,0,0.78,0,0,"leaf",1,"m","i","p","Chaenostoma hispidum"
"Chaenostoma longipedicellatum","Sutera longipedicellata","Scrophulariaceae","Chaenostoma longipedicellatum","Chaenostoma longipedicellatum","Scrophulariaceae",1,0,1,0,1,0,0,1,0,0,0,"Jun","Sep",NA,NA,60,0,0,0,1,0,0,0,0,0,0,0,0,0,0,0,0,"leaf",0,1,0,0,0,0,NA,0,0,"leaf",1,"m","i","p","Chaenostoma longipedicellatum"
"Chamarea capensis","Chamarea capensis","Apiaceae","Chamarea capensis","Chamarea capensis","Apiaceae",1,0,1,0,0,1,1,1,0,1,0,"Nov","Apr",NA,NA,50,1,0,0,0,0,0,0,0,0,0,0,0,0,0,0,0,"leaf",0,0,1,1,1,1,NA,0,0,"leaf",2,"l","i","p","Chamarea capensis"
"Chamarea gracillima","Chamarea gracillima","Apiaceae","Chamarea gracillima","Chamarea gracillima","Apiaceae",1,0,1,0,0,1,1,1,0,1,0,"Nov","Apr",NA,NA,50,1,0,0,0,0,0,0,0,0,0,0,0,0,0,0,0,"leaf",0,0,1,1,1,1,NA,0,0,"leaf",2,"l","i","p","Chamarea gracillima"
"Chascanum cuneifolium","Chascanum cuneifolium","Verbenaceae","Chascanum cuneifolium","Chascanum cuneifolium","Verbenaceae",1,0,1,0,1,0,0,0,0,0,0,"Jul","Nov",NA,NA,50,0,0,0,1,0,0,0,0,0,0,0,0,0,0,0,0,"leaf",0,0,1,0,0,0,1.266666667,0,0,"leaf",2,"l","i","u","Chascanum cuneifolium"
"Cheilanthes contracta","Cheilanthes contracta","Pteridaceae","Anthonya contracta","Anthonya contracta","Pteridaceae",1,0,1,0,1,0,0,0,0,1,0,NA,NA,NA,NA,25,1,0,0,0,0,0,0,0,0,0,0,0,0,0,0,0,"frond",0,1,0,1,1,1,1.46,0,0,"leaf",2,"l","w","w","Anthonya contracta"
"Cheilanthes induta","Cheilanthes induta","Pteridaceae","Choristosoria induta","Choristosoria induta","Pteridaceae",1,0,1,0,1,0,0,0,0,1,0,NA,NA,NA,NA,25,1,0,0,0,0,0,0,0,0,0,0,0,0,0,0,0,"frond",0,1,0,1,0,1,NA,0,0,"leaf",2,"l","w","w","Choristosoria induta"
"Cheilanthes involuta","Cheilanthes involuta","Pteridaceae","Choristosoria involuta","Choristosoria involuta","Pteridaceae",1,0,1,0,1,0,0,0,0,1,0,NA,NA,NA,NA,25,1,0,0,0,0,0,0,0,0,0,0,0,0,0,0,0,"frond",1,1,0,1,0,1,NA,0,0,"leaf",2,"l","w","w","Choristosoria involuta"
"Cheilanthes multifida","Cheilanthes multifida","Pteridaceae","Choristosoria multifida","Choristosoria multifida","Pteridaceae",1,0,1,0,1,0,0,0,0,1,0,NA,NA,NA,NA,25,1,0,0,0,0,0,0,0,0,0,0,0,0,0,0,0,"frond",0,0,1,0,1,1,NA,0,0,"leaf",2,"l","w","w","Choristosoria multifida"
"Cheilanthes parviloba","Cheilanthes parviloba","Pteridaceae","Anthonya parviloba","Anthonya parviloba","Pteridaceae",1,0,1,0,1,0,0,0,0,1,0,NA,NA,NA,NA,35,1,0,0,0,0,0,0,0,0,0,0,0,0,0,0,0,"frond",0,0,1,1,0,1,7.976666667,0,0,"leaf",2,"l","w","w","Anthonya parviloba"
"Chenolea diffusa","Chenolea diffusa","Amaranthaceae","Chenolea diffusa","Chenolea diffusa","Chenopodiaceae",1,0,1,0,1,0,0,0,0,0,0,"Feb","Apr",NA,NA,30,1,0,0,0,0,0,0,1,0,0,0,0,1,1,1,0,"leaf",0,1,1,0,0,0,0.86,0,0,"leaf",2,"l","u","p","Chenolea diffusa"
"Chironia baccifera","Chironia baccifera","Gentianaceae","Chironia baccifera","Chironia baccifera","Gentianaceae",1,0,1,0,1,0,0,0,0,0,0,"Nov","Feb",NA,NA,100,0,0,0,1,0,0,0,0,0,0,0,0,0,0,0,0,"leaf",1,0,0,0,0,0,1.135833333,0,1,"leaf",2,"m","i","m","Chironia baccifera"
"Chironia decumbens","Chironia decumbens","Gentianaceae","Chironia decumbens","Chironia decumbens","Gentianaceae",1,0,1,0,1,0,0,0,0,0,0,"Oct","Jan",NA,NA,15,1,0,0,0,0,0,0,1,0,0,0,0,0,0,0,0,"leaf",1,0,1,0,0,0,NA,0,1,"leaf",2,"l","i","m","Chironia decumbens"
"Chironia jasminoides","Chironia jasminoides","Gentianaceae","Chironia jasminoides","Chironia jasminoides","Gentianaceae",1,0,1,0,1,0,0,0,0,0,0,"Aug","Jan",NA,NA,90,0,0,0,1,0,0,0,0,0,0,0,0,0,0,0,0,"leaf",1,0,1,0,0,0,NA,0,1,"leaf",2,"l","i","m","Chironia jasminoides"
"Chironia linoides","Chironia linoides","Gentianaceae","Chironia linoides","Chironia linoides","Gentianaceae",1,0,1,0,1,0,0,0,0,0,0,"Oct","Jan",NA,NA,90,0,0,0,1,0,0,0,0,0,0,0,0,0,0,0,0,"leaf",1,0,0,0,0,0,1.62,0,1,"leaf",2,"l","i","m","Chironia linoides"
"Chironia melampyrifolia","Chironia melampyrifolia","Gentianaceae","Chironia melampyrifolia","Chironia melampyrifolia","Gentianaceae",1,0,1,0,1,0,0,0,0,0,0,"Sep","Jan",NA,NA,80,0,0,0,1,0,0,0,0,0,0,0,0,0,0,0,0,"leaf",0,0,1,0,0,0,7.26,0,1,"leaf",2,"l","i","m","Chironia melampyrifolia"
"Chlorophytum crispum","Chlorophytum crispum","Anthericaceae","Chlorophytum crispum","Chlorophytum crispum","Asparagaceae",1,0,1,0,1,0,0,1,0,1,0,"Sep","Apr",NA,NA,50,0,1,0,0,0,0,0,0,0,0,0,0,0,0,0,0,"leaf",0,1,0,0,0,0,NA,0,0,"leaf",2,"l","i","w","Chlorophytum crispum"
"Chrysitrix capensis","Chrysitrix capensis","Cyperaceae","Chrysitrix capensis","Chrysitrix capensis","Cyperaceae",1,0,1,0,1,0,0,0,0,1,0,"Apr","Nov",NA,NA,40,0,0,1,0,0,0,0,0,0,0,0,0,0,0,0,0,"leaf",1,0,0,0,0,0,23.88,0,0,"leaf",2,"m","w","p","Chrysitrix capensis"
"Chrysitrix junciformis","Chrysitrix junciformis","Cyperaceae","Chrysitrix junciformis","Chrysitrix junciformis","Cyperaceae",1,0,1,0,1,0,0,0,0,1,0,"Apr","Dec",NA,NA,30,0,0,1,0,0,0,0,0,0,0,0,0,0,0,0,0,"leaf",1,0,0,0,0,0,49.14,0,0,"culm_stem",2,"m","w","p","Chrysitrix junciformis"
"Chrysocoma ciliata","Chrysocoma ciliata","Asteraceae","Chrysocoma ciliata","Chrysocoma ciliata","Asteraceae",1,0,1,0,1,0,0,0,0,0,0,"Oct","Jan",NA,NA,60,0,0,0,1,0,0,0,0,0,0,0,0,0,0,0,0,"leaf",1,0,0,0,0,0,0.648181818,0,0,"leaf",2,"h","i","w","Chrysocoma ciliata"
"Chrysocoma coma-aurea","Chrysocoma coma-aurea","Asteraceae","Chrysocoma coma-aurea","Chrysocoma coma-aurea","Asteraceae",1,0,1,0,1,0,0,0,0,0,0,"Oct","Jan",NA,NA,50,0,0,0,1,0,0,0,0,0,0,0,0,0,0,0,0,"leaf",1,0,0,0,0,0,1.21,0,0,"leaf",2,"h","i","w","Chrysocoma coma-aurea"
"Cineraria geifolia","Cineraria geifolia","Asteraceae","Cineraria geifolia","Cineraria geifolia","Asteraceae",1,0,1,0,1,0,0,0,0,0,0,"Aug","Nov",NA,NA,60,1,0,0,0,0,0,0,0,0,0,0,0,0,0,0,0,"leaf",0,0,1,0,1,0,NA,0,0,"leaf",1,"l","i","w","Cineraria geifolia"
"Cineraria lobata","Cineraria lobata","Asteraceae","Cineraria lobata","Cineraria lobata","Asteraceae",1,0,1,0,1,0,0,0,0,0,0,"Nov","Jan",NA,NA,60,1,0,0,0,0,0,0,0,0,0,0,0,0,0,0,0,"leaf",0,0,1,0,1,0,NA,0,0,"leaf",1,"l","i","w","Cineraria lobata"
"Cineraria platycarpa","Cineraria platycarpa","Asteraceae","Cineraria platycarpa","Cineraria platycarpa","Asteraceae",0,1,1,0,1,0,0,0,0,0,0,"Aug","Sep",NA,NA,20,1,0,0,0,0,0,0,0,0,0,0,0,0,0,0,0,"leaf",0,0,1,0,1,0,NA,0,0,"leaf",0,"l","i","w","Cineraria platycarpa"
"Cineraria saxifraga","Cineraria saxifraga","Asteraceae","Cineraria saxifraga","Cineraria saxifraga","Asteraceae",1,0,1,0,1,0,0,0,0,0,0,"Sep","Nov",NA,NA,30,1,0,0,0,0,0,0,0,0,0,0,0,0,0,0,0,"leaf",0,0,1,0,1,0,1.948333333,0,0,"leaf",1,"l","i","w","Cineraria saxifraga"
"Cissampelos capensis","Cissampelos capensis","Menispermaceae","Cissampelos capensis","Cissampelos capensis","Menispermaceae",1,0,1,0,1,0,0,0,0,0,0,"Feb","May",NA,NA,100,0,0,0,1,0,0,0,1,0,0,0,0,0,0,0,0,"leaf",0,0,1,0,0,0,2.233333333,0,0,"leaf",2,"l","i","u","Cissampelos capensis"
"Cliffortia atrata","Cliffortia atrata","Rosaceae","Cliffortia atrata","Cliffortia atrata","Rosaceae",1,0,1,1,1,0,0,0,0,0,0,"Jul","Dec",NA,NA,100,0,0,0,1,0,0,0,0,0,0,0,0,0,0,0,0,"leaf",1,0,0,1,0,0,1.28375,0,0,"leaf",2,"h","w","i","Cliffortia atrata"
"Cliffortia baccans","Cliffortia baccans","Rosaceae","Cliffortia baccans","Cliffortia baccans","Rosaceae",1,0,1,1,1,0,0,0,0,1,0,"Sep","Oct",NA,NA,60,0,0,0,1,0,0,0,0,0,0,0,0,0,0,0,0,"leaf",1,0,0,1,0,0,NA,0,0,"leaf",2,"h","w","m","Cliffortia baccans"
"Cliffortia burchellii","Cliffortia burchellii","Rosaceae","Cliffortia burchellii","Cliffortia burchellii","Rosaceae",1,0,1,1,1,0,0,0,0,0,0,"Apr","May",NA,NA,200,0,0,0,0,0,1,0,0,0,0,0,0,0,0,0,0,"leaf",1,0,0,1,0,0,1.458,0,0,"leaf",2,"h","w","p","Cliffortia burchellii"
"Cliffortia cervicornu","Cliffortia cervicornu","Rosaceae","Cliffortia cervicornu","Cliffortia cervicornu","Rosaceae",1,0,1,1,1,0,0,0,0,0,0,"Oct","Oct",NA,NA,50,0,0,0,1,0,0,0,0,0,0,0,0,0,0,0,0,"leaf",0,0,1,1,1,0,NA,0,0,"leaf",2,"h","w","p","Cliffortia cervicornu"
"Cliffortia complanata","Cliffortia complanata","Rosaceae","Cliffortia complanata","Cliffortia complanata","Rosaceae",1,0,1,1,1,0,0,0,0,1,0,"Nov","Mar",NA,NA,60,0,0,0,1,0,0,0,0,0,0,0,0,0,0,0,0,"leaf",0,0,1,1,0,0,NA,0,0,"leaf",2,"h","w","p","Cliffortia complanata"
"Cliffortia densa","Cliffortia densa","Rosaceae","Cliffortia densa","Cliffortia densa","Rosaceae",1,0,1,1,1,0,0,0,0,0,0,"May","May",NA,NA,300,0,0,0,0,0,1,0,0,0,0,0,0,0,0,0,0,"leaf",1,0,0,1,0,0,1.126,0,0,"leaf",2,"h","w","p","Cliffortia densa"
"Cliffortia dentata","Cliffortia gracilis","Rosaceae","Cliffortia dentata","Cliffortia dentata","Rosaceae",1,0,1,1,1,0,0,0,0,0,0,"Oct","Oct",NA,NA,60,0,0,0,1,0,0,0,0,0,0,0,0,0,0,0,0,"leaf",0,0,1,1,0,0,0.59,0,0,"leaf",2,"h","w","p","Cliffortia dentata"
"Cliffortia drepanoides","Cliffortia drepanoides","Rosaceae","Cliffortia drepanoides","Cliffortia drepanoides","Rosaceae",1,0,1,1,1,0,0,0,0,0,0,"Mar","Apr",NA,NA,100,0,0,0,1,0,0,0,0,0,0,0,0,0,0,0,0,"leaf",0,1,0,1,0,0,1.383333333,0,0,"leaf",2,"h","w","p","Cliffortia drepanoides"
"Cliffortia falcata","Cliffortia falcata","Rosaceae","Cliffortia falcata","Cliffortia falcata","Rosaceae",1,0,1,1,1,0,0,0,0,0,0,"Aug","Oct",NA,NA,100,0,0,0,1,0,0,0,0,0,0,0,0,0,0,0,0,"leaf",0,1,0,1,0,0,0.78,0,0,"leaf",2,"h","w","p","Cliffortia falcata"
"Cliffortia ferruginea","Cliffortia ferruginea","Rosaceae","Cliffortia ferruginea","Cliffortia ferruginea","Rosaceae",1,0,1,1,1,0,0,0,0,1,0,"Nov","Jul",NA,NA,120,0,0,0,1,0,0,0,0,0,0,0,0,0,0,0,0,"leaf",0,1,0,0,1,0,1.983846154,0,0,"leaf",2,"h","w","p","Cliffortia ferruginea"
"Cliffortia filicaulis","Cliffortia filicaulis","Rosaceae","Cliffortia filicaulis","Cliffortia filicaulis","Rosaceae",1,0,1,1,1,0,0,0,0,0,0,"Aug","Dec",NA,NA,100,0,0,0,1,0,0,0,0,0,0,0,0,0,0,0,0,"leaf",0,0,1,1,1,0,0.374,0,0,"leaf",2,"h","w","p","Cliffortia filicaulis"
"Cliffortia filifolia","Cliffortia filifolia","Rosaceae","Cliffortia filifolia","Cliffortia filifolia","Rosaceae",1,0,1,1,1,0,0,0,0,0,0,"May","Aug",NA,NA,100,0,0,0,1,0,0,0,0,0,0,0,0,0,0,0,0,"leaf",1,0,0,1,0,0,0.98,0,0,"leaf",2,"h","w","p","Cliffortia filifolia"
"Cliffortia glauca","Cliffortia glauca","Rosaceae","Cliffortia glauca","Cliffortia glauca","Rosaceae",1,0,1,1,1,0,0,0,0,1,0,"Nov","Feb",NA,NA,150,0,0,0,0,1,0,0,0,0,0,0,0,0,0,0,0,"leaf",0,0,1,1,0,0,NA,0,0,"leaf",2,"h","w","p","Cliffortia glauca"
"Cliffortia graminea","Cliffortia graminea","Rosaceae","Cliffortia graminea","Cliffortia graminea","Rosaceae",1,0,1,1,1,0,0,0,0,1,0,"Aug","Mar",NA,NA,200,0,0,0,0,0,1,0,0,0,0,0,0,0,0,0,0,"leaf",0,1,0,0,1,0,NA,0,0,"leaf",2,"h","w","p","Cliffortia graminea"
"Cliffortia heterophylla","Cliffortia heterophylla","Rosaceae","Cliffortia heterophylla","Cliffortia heterophylla","Rosaceae",1,0,1,1,1,0,0,0,0,0,0,"Sep","Jun",NA,NA,250,0,0,0,0,0,1,0,0,0,0,0,0,0,0,0,0,"leaf",1,1,1,0,0,0,9.9,0,0,"leaf",2,"h","w","p","Cliffortia heterophylla"
"Cliffortia hexandra","Cliffortia hexandra","Rosaceae","Cliffortia hexandra","Cliffortia hexandra","Rosaceae",1,0,1,1,1,0,0,0,0,0,0,"Sep","Oct",NA,NA,60,0,0,0,1,0,0,0,0,0,0,0,0,0,0,0,0,"leaf",0,1,0,1,0,0,0.486666667,0,0,"leaf",2,"h","w","i","Cliffortia hexandra"
"Cliffortia hirsuta","Cliffortia hirsuta","Rosaceae","Cliffortia hirsuta","Cliffortia hirsuta","Rosaceae",1,0,1,1,1,0,0,0,0,0,0,"Apr","Dec",NA,NA,100,0,0,0,1,0,0,0,0,0,0,0,0,0,0,0,0,"leaf",0,0,1,0,1,0,NA,0,0,"leaf",2,"h","w","p","Cliffortia hirsuta"
"Cliffortia ilicifolia","Cliffortia ilicifolia","Rosaceae","Cliffortia ilicifolia","Cliffortia ilicifolia","Rosaceae",1,0,1,1,1,0,0,0,0,0,0,"Nov","Dec",NA,NA,200,0,0,0,0,0,1,0,0,0,0,0,0,0,0,0,0,"leaf",0,0,1,0,1,0,1.466666667,0,0,"leaf",2,"h","w","p","Cliffortia ilicifolia"
"Cliffortia linearifolia","Cliffortia linearifolia","Rosaceae","Cliffortia linearifolia","Cliffortia linearifolia","Rosaceae",1,0,1,1,1,0,0,0,0,1,0,"Oct","Jan",NA,NA,150,0,0,0,0,1,0,0,0,0,0,0,0,0,0,0,0,"leaf",1,0,0,1,0,0,0.476666667,0,0,"leaf",2,"h","w","p","Cliffortia linearifolia"
"Cliffortia neglecta","Cliffortia neglecta","Rosaceae","Cliffortia neglecta","Cliffortia neglecta","Rosaceae",1,0,1,1,1,0,0,0,0,0,0,"Sep","Oct",NA,NA,50,0,0,0,1,0,0,0,0,0,0,0,0,0,0,0,0,"leaf",1,0,0,0,0,0,NA,0,0,"leaf",2,"h","w","i","Cliffortia neglecta"
"Cliffortia obcordata","Cliffortia obcordata","Rosaceae","Cliffortia obcordata","Cliffortia obcordata","Rosaceae",1,0,1,1,1,0,0,0,0,0,0,"Mar","Nov",NA,NA,150,0,0,0,0,1,0,0,0,0,0,0,0,0,0,0,0,"leaf",0,0,1,1,0,0,0.96,0,0,"leaf",2,"h","w","p","Cliffortia obcordata"
"Cliffortia odorata","Cliffortia discolor","Rosaceae","Cliffortia odorata","Cliffortia odorata","Rosaceae",1,0,1,1,1,0,0,0,0,0,0,"Jan","Jan",NA,NA,200,0,0,0,0,0,0,0,0,0,0,0,0,0,0,0,0,"leaf",0,0,1,0,0,0,NA,0,0,"leaf",2,"h","w","p","Cliffortia odorata"
"Cliffortia paucistaminea","Cliffortia paucistaminea","Rosaceae","Cliffortia paucistaminea","Cliffortia paucistaminea","Rosaceae",1,0,1,1,1,0,0,0,0,1,0,"Jan","Apr",NA,NA,120,0,0,0,0,1,0,0,0,0,0,0,0,0,0,0,0,"leaf",1,0,0,1,0,0,NA,0,0,"leaf",2,"h","w","p","Cliffortia paucistaminea"
"Cliffortia polita","Cliffortia polita","Rosaceae","Cliffortia polita","Cliffortia polita","Rosaceae",1,0,1,1,1,0,0,0,0,1,0,"Nov","Jan",NA,NA,60,0,0,0,1,0,0,0,0,0,0,0,0,0,0,0,0,"leaf",1,0,0,1,0,0,0.523333333,0,0,"leaf",2,"h","w","p","Cliffortia polita"
"Cliffortia polygonifolia","Cliffortia polygonifolia","Rosaceae","Cliffortia polygonifolia","Cliffortia polygonifolia","Rosaceae",1,0,1,1,1,0,0,0,0,0,0,"Apr","Nov",NA,NA,150,0,0,0,0,1,0,0,0,0,0,0,0,0,0,0,0,"leaf",0,1,0,1,0,0,0.7125,0,0,"leaf",2,"h","w","i","Cliffortia polygonifolia"
"Cliffortia pterocarpa","Cliffortia pterocarpa","Rosaceae","Cliffortia pterocarpa","Cliffortia pterocarpa","Rosaceae",1,0,1,1,1,0,0,0,0,1,0,"Aug","Dec",NA,NA,100,0,0,0,1,0,0,0,0,0,0,0,0,0,0,0,0,"leaf",1,0,0,1,0,0,NA,0,0,"leaf",2,"h","w","p","Cliffortia pterocarpa"
"Cliffortia pulchella","Cliffortia pulchella","Rosaceae","Cliffortia pulchella","Cliffortia pulchella","Rosaceae",1,0,1,1,1,0,0,0,0,1,0,"Apr","May",NA,NA,60,0,0,0,1,0,0,0,0,0,0,0,0,0,0,0,0,"leaf",0,0,1,1,0,0,NA,0,0,"leaf",2,"m","w","p","Cliffortia pulchella"
"Cliffortia ruscifolia","Cliffortia ruscifolia","Rosaceae","Cliffortia ruscifolia","Cliffortia ruscifolia","Rosaceae",1,0,1,1,1,0,0,0,0,1,0,"Aug","Oct",NA,NA,150,0,0,0,0,1,0,0,0,0,0,0,0,0,0,0,0,"leaf",0,1,0,0,0,0,1.686666667,0,0,"leaf",2,"h","w","i","Cliffortia ruscifolia"
"Cliffortia sericea","Cliffortia sericea","Rosaceae","Cliffortia sericea","Cliffortia sericea","Rosaceae",1,0,1,1,1,0,0,0,0,0,0,"Aug","Nov",NA,NA,60,0,0,0,1,0,0,0,0,0,0,0,0,0,0,0,0,"leaf",0,1,0,1,0,0,NA,0,0,"leaf",2,"h","w","i","Cliffortia sericea"
"Cliffortia serpyllifolia","Cliffortia serpyllifolia","Rosaceae","Cliffortia serpyllifolia","Cliffortia serpyllifolia","Rosaceae",1,0,1,1,1,0,0,0,0,0,0,"Nov","May",NA,NA,200,0,0,0,0,0,1,0,0,0,0,0,0,0,0,0,0,"leaf",0,1,0,1,0,0,0.35,0,0,"leaf",2,"h","w","p","Cliffortia serpyllifolia"
"Cliffortia stricta","Cliffortia stricta","Rosaceae","Cliffortia stricta","Cliffortia stricta","Rosaceae",1,0,1,1,1,0,0,0,0,0,0,"Oct","Jun",NA,NA,150,0,0,0,0,1,0,0,0,0,0,0,0,0,0,0,0,"leaf",1,0,0,1,0,0,0.69625,0,0,"leaf",2,"h","w","p","Cliffortia stricta"
"Cliffortia strobilifera","Cliffortia strobilifera","Rosaceae","Cliffortia strobilifera","Cliffortia strobilifera","Rosaceae",1,0,1,1,1,0,0,0,0,1,0,"Jan","Apr",NA,NA,300,0,0,0,0,0,1,0,0,0,0,0,0,0,0,0,0,"leaf",1,0,0,0,0,0,NA,0,0,"leaf",2,"h","w","p","Cliffortia strobilifera"
"Cliffortia subdura","Cliffortia subdura","Rosaceae","Cliffortia subdura","Cliffortia subdura","Rosaceae",1,0,1,1,1,0,0,0,0,0,0,"May","May",NA,NA,100,0,0,0,1,0,0,0,0,0,0,0,0,0,0,0,0,"leaf",0,1,0,1,0,0,NA,0,0,"leaf",2,"h","w","p","Cliffortia subdura"
"Cliffortia subsetacea","Cliffortia subsetacea","Rosaceae","Cliffortia subsetacea","Cliffortia subsetacea","Rosaceae",1,0,1,1,1,0,0,0,0,0,0,"Aug","Jan",NA,NA,200,0,0,0,0,0,1,0,0,0,0,0,0,0,0,0,0,"leaf",1,0,0,1,0,0,0.428571429,0,0,"leaf",2,"h","w","p","Cliffortia subsetacea"
"Cliffortia teretifolia","Cliffortia teretifolia","Rosaceae","Cliffortia teretifolia","Cliffortia teretifolia","Rosaceae",1,0,1,1,1,0,0,0,0,1,0,"Sep","Dec",NA,NA,100,0,0,0,1,0,0,0,0,0,0,0,0,0,0,0,0,"leaf",1,0,0,1,0,0,NA,0,0,"leaf",2,"h","w","p","Cliffortia teretifolia"
"Cliffortia triloba","Cliffortia triloba","Rosaceae","Cliffortia triloba","Cliffortia triloba","Rosaceae",1,0,1,1,1,0,0,0,0,1,0,"Aug","Sep",NA,NA,30,0,0,0,1,0,0,0,0,0,0,0,0,0,0,0,0,"leaf",0,0,1,1,1,0,NA,0,0,"leaf",2,"h","w","p","Cliffortia triloba"
"Cliffortia tuberculata","Cliffortia tuberculata","Rosaceae","Cliffortia tuberculata","Cliffortia tuberculata","Rosaceae",1,0,1,1,1,0,0,0,0,1,0,"Oct","Nov",NA,NA,100,0,0,0,1,0,0,0,0,0,0,0,0,0,0,0,0,"leaf",1,0,0,1,0,0,NA,0,0,"leaf",2,"h","w","i","Cliffortia tuberculata"
"Clutia alaternoides","Clutia alaternoides","Euphorbiaceae","Clutia alaternoides","Clutia alaternoides","Peraceae",1,0,0,1,1,0,0,0,0,1,0,"Aug","Oct",NA,NA,60,0,0,0,1,0,0,0,0,0,0,0,0,0,0,0,0,"leaf",0,0,1,0,0,0,1.506363636,0,0,"leaf",2,"m","i","p","Clutia alaternoides"
"Clutia daphnoides","Clutia daphnoides","Euphorbiaceae","Clutia daphnoides","Clutia daphnoides","Peraceae",1,0,0,1,1,0,0,0,0,0,0,"Jun","Sep",NA,NA,200,0,0,0,0,0,1,0,0,0,0,0,0,0,0,0,0,"leaf",0,1,0,0,0,0,NA,0,0,"leaf",2,"h","i","p","Clutia daphnoides"
"Clutia ericoides","Clutia ericoides","Euphorbiaceae","Clutia ericoides","Clutia ericoides","Peraceae",1,0,0,1,1,0,0,0,0,0,0,"May","Jul",NA,NA,60,0,0,0,1,0,0,0,0,0,0,0,0,0,0,0,0,"leaf",0,1,0,0,0,0,1.044166667,0,0,"leaf",2,"m","i","p","Clutia ericoides"
"Clutia laxa","Clutia laxa","Euphorbiaceae","Clutia laxa","Clutia laxa","Peraceae",1,0,0,1,1,0,0,0,0,1,0,"Jul","Sep",NA,NA,100,0,0,0,1,0,0,0,0,0,0,0,0,0,0,0,0,"leaf",0,0,1,0,0,0,1.012,0,0,"leaf",2,"m","i","p","Clutia laxa"
"Clutia polifolia","Clutia polifolia","Euphorbiaceae","Clutia polifolia","Clutia polifolia","Peraceae",1,0,0,1,1,0,0,0,0,0,0,"Jul","Sep",NA,NA,100,0,0,0,1,0,0,0,0,0,0,0,0,0,0,0,0,"leaf",0,1,0,0,0,0,0.637272727,0,0,"leaf",2,"h","i","p","Clutia polifolia"
"Clutia polygonoides","Clutia polygonoides","Euphorbiaceae","Clutia polygonoides","Clutia polygonoides","Peraceae",1,0,0,1,1,0,0,0,0,1,0,"Oct","Apr",NA,NA,60,0,0,0,1,0,0,0,0,0,0,0,0,0,0,0,0,"leaf",0,0,1,0,0,0,NA,0,0,"leaf",2,"h","i","p","Clutia polygonoides"
"Clutia pulchella","Clutia pulchella","Euphorbiaceae","Clutia pulchella","Clutia pulchella","Peraceae",1,0,0,1,1,0,0,0,0,1,0,"Aug","Sep",NA,NA,200,0,0,0,0,0,1,1,0,0,0,0,0,0,0,0,0,"leaf",0,1,1,0,0,0,3.12,0,0,"leaf",2,"h","i","p","Clutia pulchella"
"Coleonema album","Coleonema album","Rutaceae","Coleonema album","Coleonema album","Rutaceae",1,0,1,0,1,0,0,0,0,0,0,"Aug","Oct",NA,NA,200,0,0,0,0,0,1,0,0,0,0,0,0,0,0,0,0,"leaf",0,1,0,0,0,0,0.832,0,0,"leaf",2,"h","i","p","Coleonema album"
"Coleonema aspalathoides","Coleonema aspalathoides","Rutaceae","Coleonema aspalathoides","Coleonema aspalathoides","Rutaceae",1,0,1,0,1,0,0,0,0,0,0,"Apr","Nov",NA,NA,150,0,0,0,0,1,0,0,0,0,0,0,0,0,0,0,0,"leaf",0,1,0,0,0,0,0.803333333,0,0,"leaf",2,"h","i","p","Coleonema aspalathoides"
"Coleonema juniperinum","Coleonema juniperinum","Rutaceae","Coleonema juniperinum","Coleonema juniperinum","Rutaceae",1,0,1,0,1,0,0,0,0,0,0,"May","Nov",NA,NA,50,0,0,0,1,0,0,0,0,0,0,0,0,0,0,0,0,"leaf",0,1,0,0,0,0,0.642,0,0,"leaf",2,"h","i","p","Coleonema juniperinum"
"Colpoon compressum","Osyris compressa","Santalaceae","Osyris compressa","Osyris compressa","Santalaceae",1,0,1,0,1,0,0,0,0,0,0,"Dec","Jun",NA,NA,500,0,0,0,0,0,1,1,0,0,1,0,0,0,0,0,0,"leaf",0,0,1,0,0,0,3.284615385,0,0,"leaf",2,"h","i","m","Osyris compressa"
"Commelina africana","Commelina africana","Commelinaceae","Commelina africana","Commelina africana","Commelinaceae",1,0,1,0,1,0,0,0,0,0,0,"Nov","Jun",NA,NA,50,1,0,0,0,0,0,0,1,0,0,0,0,0,0,0,0,"leaf",0,0,1,0,0,0,5.716666667,0,0,"leaf",1,"l","i","u","Commelina africana"
"Commelina benghalensis","Commelina benghalensis","Commelinaceae","Commelina benghalensis","Commelina benghalensis","Commelinaceae",0,1,1,0,0,1,0,0,0,0,0,"Nov","Apr",NA,NA,30,1,0,0,0,0,0,0,1,0,0,0,0,0,0,0,0,"leaf",0,0,1,0,0,0,20.5,0,0,"leaf",1,"l","i","u","Commelina benghalensis"
"Conophytum minusculum","Conophytum minusculum","Aizoaceae","Conophytum minusculum","Conophytum minusculum","Aizoaceae",1,0,1,0,1,0,0,1,0,0,0,"Mar","Jun",NA,NA,1,1,0,0,0,0,0,0,0,0,0,0,0,1,1,1,0,"leaf",0,0,1,0,0,0,0.634,1,0,"leaf",2,"l","i","p","Conophytum minusculum"
"Conyza pinnatifida","Conyza pinnatifida","Asteraceae","Conyza pinnatifida","Conyza pinnatifida","Asteraceae",1,0,1,0,1,0,0,0,0,0,0,"Jan","May",NA,NA,45,1,0,0,0,0,0,0,0,0,0,0,0,0,0,0,0,"leaf",0,1,0,0,1,1,NA,0,0,"leaf",2,"h","i","w","Conyza pinnatifida"
"Corymbium africanum","Corymbium africanum","Asteraceae","Corymbium africanum","Corymbium africanum","Asteraceae",1,0,1,0,1,0,0,0,0,1,0,"Oct","Nov",NA,NA,30,1,0,0,0,0,0,0,0,0,0,0,0,0,0,0,0,"leaf",1,0,0,0,0,0,22.47222222,0,0,"leaf",3,"l","i","w","Corymbium africanum"
"Corymbium glabrum","Corymbium glabrum","Asteraceae","Corymbium glabrum","Corymbium glabrum","Asteraceae",1,0,1,0,1,0,0,0,0,1,0,"Nov","Jan",NA,NA,60,1,0,0,0,0,0,0,0,0,0,0,0,0,0,0,0,"leaf",1,1,0,0,0,0,16.53125,0,0,"leaf",3,"l","i","w","Corymbium glabrum"
"Cotula turbinata","Cotula turbinata","Asteraceae","Cotula turbinata","Cotula turbinata","Asteraceae",0,1,1,0,0,1,1,1,0,0,0,"Jul","Oct",NA,NA,30,1,0,0,0,0,0,0,0,0,0,0,0,0,0,0,0,"leaf",1,0,0,0,1,1,NA,0,0,"leaf",0,"l","i","w","Cotula turbinata"
"Cotyledon orbiculata","Cotyledon orbiculata","Crassulaceae","Cotyledon orbiculata","Cotyledon orbiculata","Crassulaceae",1,0,1,0,1,0,0,0,0,0,0,"Sep","Dec",NA,NA,100,0,0,0,1,0,0,0,0,0,0,0,0,1,1,1,0,"leaf",0,0,1,0,0,0,15.13333333,0,0,"leaf",3,"l","m","w","Cotyledon orbiculata"
"Cotyledon velutina","Cotyledon velutina","Crassulaceae","Cotyledon velutina","Cotyledon velutina","Crassulaceae",1,0,1,0,1,0,0,0,0,0,0,"Oct","Dec",NA,NA,100,0,0,0,1,0,0,0,0,0,0,0,0,1,1,1,0,"leaf",0,0,1,0,0,0,13.2,0,0,"leaf",3,"l","m","w","Cotyledon velutina"
"Cotyledon woodii","Cotyledon woodii","Crassulaceae","Cotyledon woodii","Cotyledon woodii","Crassulaceae",1,0,1,0,1,0,0,0,0,0,0,"Dec","Apr",NA,NA,100,0,0,0,1,0,0,0,0,0,0,0,0,1,1,1,0,"leaf",0,0,1,0,0,0,3.985714286,0,0,"leaf",3,"l","m","w","Cotyledon woodii"
"Crassula arborescens","Crassula arborescens","Crassulaceae","Crassula arborescens","Crassula arborescens","Crassulaceae",1,0,1,0,1,0,0,0,0,0,0,"Oct","Dec",NA,NA,200,0,0,0,0,0,1,0,0,0,0,0,0,1,1,1,0,"leaf",0,0,1,0,0,0,NA,0,0,"leaf",3,"l","i","p","Crassula arborescens"
"Crassula atropurpurea","Crassula atropurpurea","Crassulaceae","Crassula atropurpurea","Crassula atropurpurea","Crassulaceae",1,0,1,0,1,0,0,0,0,0,0,"Oct","Dec",NA,NA,60,0,0,0,1,0,0,0,0,0,0,0,0,1,1,1,0,"leaf",0,1,1,0,0,0,2.53,0,0,"leaf",2,"l","i","p","Crassula atropurpurea"
"Crassula biplanata","Crassula biplanata","Crassulaceae","Crassula biplanata","Crassula biplanata","Crassulaceae",1,0,1,0,1,0,0,0,0,0,0,"Feb","Apr",NA,NA,30,1,0,0,0,0,0,0,0,0,0,0,0,1,1,1,0,"leaf",0,1,0,0,0,0,0.73,0,0,"leaf",2,"l","i","p","Crassula biplanata"
"Crassula capensis","Crassula capensis","Crassulaceae","Crassula capensis","Crassula capensis","Crassulaceae",1,0,1,0,1,0,0,0,0,0,0,"May","Nov",NA,NA,10,0,1,0,0,0,0,0,0,0,0,0,0,1,1,1,0,"leaf",0,0,1,0,0,0,2.32,0,0,"leaf",2,"l","i","p","Crassula capensis"
"Crassula capitella","Crassula capitella","Crassulaceae","Crassula capitella","Crassula capitella","Crassulaceae",1,0,1,0,1,0,0,0,0,0,0,"Nov","Mar",NA,NA,40,1,0,0,0,0,0,0,0,0,0,0,0,1,1,1,0,"leaf",0,1,0,0,0,0,NA,0,0,"leaf",2,"l","i","p","Crassula capitella"
"Crassula coccinea","Crassula coccinea","Crassulaceae","Crassula coccinea","Crassula coccinea","Crassulaceae",1,0,1,0,1,0,0,0,0,0,0,"Dec","Mar",NA,NA,40,0,0,0,1,0,0,0,0,0,0,0,0,1,1,1,0,"leaf",0,0,1,0,0,0,2.571428571,0,0,"leaf",2,"l","i","p","Crassula coccinea"
"Crassula cotyledonis","Crassula cotyledonis","Crassulaceae","Crassula cotyledonis","Crassula cotyledonis","Crassulaceae",1,0,1,0,1,0,0,0,0,0,0,"Nov","Jan",NA,NA,20,1,0,0,0,0,0,0,0,0,0,0,0,1,1,1,0,"leaf",0,1,0,0,0,0,5.2,0,0,"leaf",2,"l","i","p","Crassula cotyledonis"
"Crassula cultrata","Crassula cultrata","Crassulaceae","Crassula cultrata","Crassula cultrata","Crassulaceae",1,0,1,0,1,0,0,0,0,0,0,"Dec","Jan",NA,NA,80,0,0,0,1,0,0,0,0,0,0,0,0,1,1,1,0,"leaf",0,1,0,0,0,0,6.2,0,0,"leaf",2,"l","i","p","Crassula cultrata"
"Crassula cymosa","Crassula cymosa","Crassulaceae","Crassula cymosa","Crassula cymosa","Crassulaceae",1,0,1,0,1,0,0,0,0,0,0,"Oct","Jan",NA,NA,25,0,0,0,1,0,0,0,0,0,0,0,0,1,1,1,0,"leaf",1,1,0,0,0,0,14.46,0,0,"leaf",2,"l","i","p","Crassula cymosa"
"Crassula decumbens","Crassula decumbens","Crassulaceae","Crassula decumbens","Crassula decumbens","Crassulaceae",0,1,1,0,1,0,0,0,0,0,0,"Sep","Nov",NA,NA,12,1,0,0,0,0,0,0,0,0,0,0,0,1,1,1,0,"leaf",0,1,0,0,0,0,NA,0,0,"leaf",2,"l","i","p","Crassula decumbens"
"Crassula dejecta","Crassula dejecta","Crassulaceae","Crassula undulata","Crassula undulata","Crassulaceae",1,0,1,0,1,0,0,0,0,0,0,"Nov","Feb",NA,NA,40,0,0,0,1,0,0,0,0,0,0,0,0,1,1,1,0,"leaf",0,0,1,0,0,0,1.64,0,0,"leaf",2,"l","i","p","Crassula undulata"
"Crassula dentata","Crassula dentata","Crassulaceae","Crassula dentata","Crassula dentata","Crassulaceae",1,0,1,0,1,0,0,0,0,0,0,"Sep","Nov",NA,NA,15,0,1,0,0,0,0,0,0,0,0,0,0,1,1,1,0,"leaf",0,0,1,0,0,0,NA,0,0,"leaf",2,"l","i","p","Crassula dentata"
"Crassula ericoides","Crassula ericoides","Crassulaceae","Crassula ericoides","Crassula ericoides","Crassulaceae",1,0,1,0,1,0,0,0,0,0,0,"Dec","Mar",NA,NA,40,1,0,0,0,0,0,0,0,0,0,0,0,1,1,1,0,"leaf",0,1,1,0,0,0,0.496666667,0,0,"leaf",2,"l","i","p","Crassula ericoides"
"Crassula expansa","Crassula expansa","Crassulaceae","Crassula expansa","Crassula expansa","Crassulaceae",1,0,1,0,1,0,0,0,0,0,0,"Jul","Dec",NA,NA,40,1,0,0,0,0,0,0,0,0,0,0,0,1,1,1,0,"leaf",0,0,1,0,0,0,NA,0,0,"leaf",1,"l","i","p","Crassula expansa"
"Crassula fascicularis","Crassula fascicularis","Crassulaceae","Crassula fascicularis","Crassula fascicularis","Crassulaceae",1,0,1,0,1,0,0,0,0,0,0,"Sep","Nov",NA,NA,40,0,0,0,1,0,0,0,0,0,0,0,0,1,1,1,0,"leaf",0,1,0,0,0,0,2.222222222,0,0,"leaf",2,"l","i","p","Crassula fascicularis"
"Crassula flava","Crassula flava","Crassulaceae","Crassula flava","Crassula flava","Crassulaceae",1,0,1,0,1,0,0,0,0,0,0,"Dec","Feb",NA,NA,40,0,0,0,1,0,0,0,0,0,0,0,0,1,1,1,0,"leaf",0,1,0,0,0,0,NA,0,0,"leaf",2,"l","i","p","Crassula flava"
"Crassula lactea","Crassula lactea","Crassulaceae","Crassula lactea","Crassula lactea","Crassulaceae",1,0,1,0,1,0,0,0,0,0,0,"May","Jul",NA,NA,15,1,0,0,0,0,0,0,0,0,0,0,0,1,1,1,0,"leaf",0,0,1,0,0,0,4.4,0,0,"leaf",2,"l","i","p","Crassula lactea"
"Crassula lanceolata","Crassula lanceolata","Crassulaceae","Crassula schimperi var. illecebroides","Crassula schimperi var. illecebroides","Crassulaceae",1,0,1,0,1,0,0,0,0,0,0,"Dec","Jul",NA,NA,15,1,0,0,0,0,0,0,0,0,0,0,0,1,1,1,0,"leaf",0,1,0,0,0,0,NA,0,0,"leaf",2,"l","i","p","Crassula schimperi var. illecebroides"
"Crassula mollis","Crassula mollis","Crassulaceae","Crassula mollis","Crassula mollis","Crassulaceae",1,0,1,0,1,0,0,0,0,0,0,"Dec","Feb",NA,NA,50,0,0,0,1,0,0,0,0,0,0,0,0,1,1,1,0,"leaf",1,0,0,0,0,0,2.456666667,0,0,"leaf",2,"l","i","p","Crassula mollis"
"Crassula muscosa","Crassula muscosa","Crassulaceae","Crassula muscosa","Crassula muscosa","Crassulaceae",1,0,1,0,1,0,0,0,0,0,0,"Oct","Feb",NA,NA,50,1,0,0,0,0,0,0,0,0,0,0,0,1,1,1,0,"leaf",0,0,1,0,0,0,0.242777778,0,0,"leaf",3,"l","i","p","Crassula muscosa"
"Crassula nudicaulis","Crassula nudicaulis","Crassulaceae","Crassula nudicaulis","Crassula nudicaulis","Crassulaceae",1,0,1,0,1,0,0,0,0,0,0,"Sep","Dec",NA,NA,20,1,0,0,0,0,0,0,0,0,0,0,0,1,1,1,0,"leaf",0,0,1,0,0,0,9.1,0,0,"leaf",2,"l","i","p","Crassula nudicaulis"
"Crassula obtusa","Crassula obtusa","Crassulaceae","Crassula obtusa","Crassula obtusa","Crassulaceae",1,0,1,0,1,0,0,0,0,0,0,"Nov","Jan",NA,NA,15,0,0,0,1,0,0,0,0,0,0,0,0,1,1,1,0,"leaf",0,1,1,0,0,0,NA,0,0,"leaf",2,"l","i","p","Crassula obtusa"
"Crassula orbicularis","Crassula orbicularis","Crassulaceae","Crassula orbicularis","Crassula orbicularis","Crassulaceae",1,0,1,0,1,0,0,0,0,0,0,"Jun","Nov",NA,NA,25,1,0,0,0,0,0,0,0,0,0,0,0,1,1,1,0,"leaf",0,0,1,0,0,0,6.933333333,0,0,"leaf",2,"l","i","p","Crassula orbicularis"
"Crassula ovata","Crassula ovata","Crassulaceae","Crassula ovata","Crassula ovata","Crassulaceae",1,0,1,0,1,0,0,0,0,0,0,"Jun","Aug",NA,NA,200,0,0,0,0,0,1,0,0,0,0,0,0,1,1,1,0,"leaf",0,0,1,0,0,0,3.785714286,0,0,"leaf",3,"l","i","p","Crassula ovata"
"Crassula pellucida","Crassula pellucida","Crassulaceae","Crassula pellucida","Crassula pellucida","Crassulaceae",1,1,1,0,1,0,0,0,0,0,0,"Sep","Feb",NA,NA,5,1,0,0,0,0,0,0,0,0,0,0,0,1,1,1,0,"leaf",0,0,1,0,0,0,1.8,0,0,"leaf",1,"l","i","p","Crassula pellucida"
"Crassula perfoliata","Crassula perfoliata","Crassulaceae","Crassula perfoliata","Crassula perfoliata","Crassulaceae",1,0,1,0,1,0,0,0,0,0,0,"Oct","Jan",NA,NA,150,1,0,0,0,0,0,0,0,0,0,0,0,1,1,1,0,"leaf",0,1,0,0,0,0,NA,0,0,"leaf",3,"l","i","p","Crassula perfoliata"
"Crassula perforata","Crassula perforata","Crassulaceae","Crassula perforata","Crassula perforata","Crassulaceae",1,0,1,0,1,0,0,0,0,0,0,"Nov","Apr",NA,NA,60,0,0,0,1,0,0,0,0,0,0,0,0,1,1,1,0,"leaf",0,1,1,0,0,0,1.433333333,0,0,"leaf",3,"l","i","p","Crassula perforata"
"Crassula pubescens","Crassula pubescens","Crassulaceae","Crassula pubescens","Crassula pubescens","Crassulaceae",1,0,1,0,1,0,0,0,0,0,0,"Sep","Nov",NA,NA,30,0,0,0,1,0,0,0,0,0,0,0,0,1,1,1,0,"leaf",0,0,1,0,0,0,4.333333333,0,0,"leaf",2,"l","i","p","Crassula pubescens"
"Crassula rogersii","Crassula rogersii","Crassulaceae","Crassula rogersii","Crassula rogersii","Crassulaceae",1,0,1,0,1,0,0,0,0,0,0,"Dec","Mar",NA,NA,30,0,0,0,1,0,0,0,0,0,0,0,0,1,1,1,0,"leaf",0,1,0,0,0,0,5.2,0,0,"leaf",3,"l","i","p","Crassula rogersii"
"Crassula rupestris","Crassula rupestris","Crassulaceae","Crassula rupestris","Crassula rupestris","Crassulaceae",1,0,1,0,1,0,0,0,0,0,0,"Jun","Oct",NA,NA,50,0,0,0,1,0,0,0,0,0,0,0,0,1,1,1,0,"leaf",0,1,1,0,0,0,1.632857143,0,0,"leaf",3,"l","i","p","Crassula rupestris"
"Crassula saxifraga","Crassula saxifraga","Crassulaceae","Crassula saxifraga","Crassula saxifraga","Crassulaceae",1,0,1,0,1,0,0,0,0,0,0,"Apr","Jun",NA,NA,25,0,1,0,0,0,0,0,0,0,0,0,0,1,1,1,0,"leaf",0,0,1,0,0,0,NA,0,0,"leaf",2,"l","i","p","Crassula saxifraga"
"Crassula sebaeoides","Crassula sebaeoides","Crassulaceae","Crassula sebaeoides","Crassula sebaeoides","Crassulaceae",0,1,1,0,1,0,0,0,0,0,0,"Sep","Nov",NA,NA,8,1,0,0,0,0,0,0,0,0,0,0,0,1,1,1,0,"leaf",0,0,1,0,0,0,NA,0,0,"leaf",0,"l","i","p","Crassula sebaeoides"
"Crassula subulata","Crassula subulata","Crassulaceae","Crassula subulata","Crassula subulata","Crassulaceae",1,0,1,0,1,0,0,0,0,0,0,"Oct","Dec",NA,NA,100,0,0,0,1,0,0,0,0,0,0,0,0,1,1,1,0,"leaf",0,1,0,0,0,0,NA,0,0,"leaf",2,"l","i","p","Crassula subulata"
"Crassula tecta","Crassula tecta","Crassulaceae","Crassula tecta","Crassula tecta","Crassulaceae",1,0,1,0,1,0,0,0,0,0,0,"Apr","Jun",NA,NA,10,1,0,0,0,0,0,0,0,0,0,0,0,1,1,1,0,"leaf",0,1,0,0,0,0,NA,0,0,"leaf",3,"l","i","p","Crassula tecta"
"Crassula tetragona","Crassula tetragona","Crassulaceae","Crassula tetragona","Crassula tetragona","Crassulaceae",1,0,1,0,1,0,0,0,0,0,0,"Dec","Mar",NA,NA,100,1,0,0,0,0,0,0,0,0,0,0,0,1,1,1,0,"leaf",0,1,0,0,0,0,1.566666667,0,0,"leaf",2,"l","i","p","Crassula tetragona"
"Crotalaria capensis","Crotalaria capensis","Fabaceae","Crotalaria capensis","Crotalaria capensis","Fabaceae",1,0,1,0,1,0,0,0,0,0,0,"May","Dec",NA,NA,300,0,0,0,0,0,1,0,0,0,0,0,0,0,0,0,0,"leaf",0,0,1,1,0,0,NA,0,0,"leaf",2,"m","i","p","Crotalaria capensis"
"Crotalaria lebeckioides","Crotalaria lebeckioides","Fabaceae","Crotalaria lebeckioides","Crotalaria lebeckioides","Fabaceae",1,0,1,0,1,0,0,0,0,0,0,"Jul","Dec",NA,NA,100,0,0,0,1,0,0,0,0,0,0,0,0,0,0,0,0,"leaf",1,0,0,1,0,0,NA,0,0,"leaf",2,"m","i","p","Crotalaria lebeckioides"
"Cullumia aculeata","Cullumia aculeata","Asteraceae","Cullumia aculeata","Cullumia aculeata","Asteraceae",1,0,1,0,1,0,0,0,0,1,0,"Sep","Mar",NA,NA,100,0,0,0,1,0,0,0,1,0,0,0,0,0,0,0,0,"leaf",0,1,0,0,0,0,2.85,0,0,"leaf",1,"h","i","i","Cullumia aculeata"
"Cullumia bisulca","Cullumia bisulca","Asteraceae","Cullumia bisulca","Cullumia bisulca","Asteraceae",1,0,1,0,1,0,0,0,0,0,0,"Aug","Nov",NA,NA,100,0,0,0,1,0,0,0,0,0,0,0,0,0,0,0,0,"leaf",0,1,0,0,0,0,NA,0,0,"leaf",1,"h","i","i","Cullumia bisulca"
"Cullumia decurrens","Cullumia decurrens","Asteraceae","Cullumia decurrens","Cullumia decurrens","Asteraceae",1,0,1,0,1,0,0,0,0,0,0,"Aug","Jan",NA,NA,90,0,0,0,1,0,0,0,0,0,0,0,0,0,0,0,0,"leaf",0,1,0,0,0,0,NA,0,0,"leaf",2,"h","i","i","Cullumia decurrens"
"Cullumia squarrosa","Cullumia squarrosa","Asteraceae","Cullumia setosa","Cullumia setosa","Asteraceae",1,0,1,0,1,0,0,0,0,0,0,"Sep","Nov",NA,NA,50,0,0,0,1,0,0,0,0,0,0,0,0,0,0,0,0,"leaf",0,1,0,0,0,0,1.666666667,0,0,"leaf",3,"h","i","i","Cullumia setosa"
"Cunonia capensis","Cunonia capensis","Cunoniaceae","Cunonia capensis","Cunonia capensis","Cunoniaceae",1,0,1,0,1,0,0,0,0,1,0,"Mar","Jun",NA,NA,3000,0,0,0,0,0,0,1,0,0,0,0,0,0,0,0,0,"leaf",0,0,1,1,0,0,9.99,0,0,"leaf",3,"l","i","m","Cunonia capensis"
"Curtisia dentata","Curtisia dentata","Cornaceae","Curtisia dentata","Curtisia dentata","Curtisiaceae",1,0,1,0,1,0,0,0,0,1,0,"Jan","Feb",NA,NA,1300,0,0,0,0,0,0,1,0,0,0,0,0,0,0,0,0,"leaf",0,0,1,0,0,0,11.64,0,0,"leaf",3,"l","i","m","Curtisia dentata"
"Cuscuta africana","Cuscuta africana","Convolvulaceae","Cuscuta africana","Cuscuta africana","Convolvulaceae",1,1,1,0,1,0,0,0,0,0,0,"Oct","Dec",NA,NA,100,1,0,0,0,0,0,0,1,1,0,1,0,0,0,0,0,"leaf",0,0,0,0,0,0,NA,1,1,"leaf",2,"l","u","u","Cuscuta africana"
"Cussonia spicata","Cussonia spicata","Araliaceae","Cussonia spicata","Cussonia spicata","Araliaceae",1,0,1,0,1,0,0,0,0,0,0,"Nov","May",NA,NA,1000,0,0,0,0,0,0,1,0,0,0,0,0,1,0,1,0,"leaf",0,0,1,1,1,1,16.27142857,0,0,"leaf",3,"l","i","m","Cussonia spicata"
"Cussonia thyrsiflora","Cussonia thyrsiflora","Araliaceae","Cussonia thyrsiflora","Cussonia thyrsiflora","Araliaceae",1,0,1,0,1,0,0,0,0,1,0,"Nov","Jan",NA,NA,500,0,0,0,0,1,1,1,0,0,0,0,0,1,0,0,0,"leaf",0,0,1,1,0,0,7.825,0,0,"leaf",3,"l","i","m","Cussonia thyrsiflora"
"Cyanella lutea","Cyanella lutea","Tecophilaeaceae","Cyanella lutea","Cyanella lutea","Tecophilaeaceae",1,0,1,0,1,0,0,1,0,1,0,"Sep","Oct",NA,NA,25,0,1,0,0,0,0,0,0,0,0,0,0,0,0,0,0,"leaf",0,1,0,0,0,0,9.866666667,0,0,"leaf",2,"l","i","w","Cyanella lutea"
"Cyanotis speciosa","Cyanotis speciosa","Commelinaceae","Cyanotis speciosa","Cyanotis speciosa","Commelinaceae",1,0,1,0,1,0,0,0,0,0,0,"Nov","May",NA,NA,50,1,0,0,0,0,0,0,0,0,0,0,0,0,0,0,0,"leaf",0,1,0,0,0,0,NA,0,0,"leaf",2,"l","i","u","Cyanotis speciosa"
"Cyathocoma ecklonii","Cyathocoma ecklonii","Cyperaceae","Cyathocoma ecklonii","Cyathocoma ecklonii","Cyperaceae",1,0,1,0,1,0,0,0,0,1,0,"Nov","Apr",NA,NA,125,0,0,1,0,0,0,0,0,0,0,0,0,0,0,0,0,"leaf",0,1,0,0,0,0,62.36,0,0,"mixed",3,"l","w","p","Cyathocoma ecklonii"
"Cyclopia bowieana","Cyclopia bowieana","Fabaceae","Cyclopia bowieana","Cyclopia bowieana","Fabaceae",1,0,1,0,1,0,0,1,0,1,0,"Oct","Dec",NA,NA,180,0,0,0,0,1,0,0,0,0,0,0,0,0,0,0,0,"leaf",0,1,0,1,0,0,NA,0,0,"leaf",3,"h","i","p","Cyclopia bowieana"
"Cyclopia intermedia","Cyclopia intermedia","Fabaceae","Cyclopia intermedia","Cyclopia intermedia","Fabaceae",1,0,1,0,1,0,0,1,0,1,0,"Sep","Nov",NA,NA,200,0,0,0,0,0,1,0,0,0,0,0,0,0,0,0,0,"leaf",0,1,0,1,0,0,1.938571429,0,0,"leaf",3,"h","i","p","Cyclopia intermedia"
"Cyclopia sessiliflora","Cyclopia sessiliflora","Fabaceae","Cyclopia sessiliflora","Cyclopia sessiliflora","Fabaceae",1,0,1,0,1,0,0,1,0,1,0,"Apr","Sep",NA,NA,100,0,0,0,1,0,0,0,0,0,0,0,0,0,0,0,0,"leaf",0,0,1,1,0,0,NA,0,0,"leaf",3,"h","i","p","Cyclopia sessiliflora"
"Cyclopia subternata","Cyclopia subternata","Fabaceae","Cyclopia subternata","Cyclopia subternata","Fabaceae",1,0,1,0,1,0,0,1,0,1,0,"Sep","Sep",NA,NA,350,0,0,0,0,0,1,0,0,0,0,0,0,0,0,0,0,"leaf",0,0,1,1,0,0,NA,0,0,"leaf",3,"h","i","p","Cyclopia subternata"
"Cymbopogon marginatus","Cymbopogon marginatus","Poaceae","Cymbopogon marginatus","Cymbopogon marginatus","Poaceae",1,0,1,0,1,0,0,0,0,0,0,"Oct","May",NA,NA,80,0,0,1,0,0,0,0,0,0,0,0,0,0,0,0,0,"leaf",1,0,0,0,0,0,32.26296296,0,0,"leaf",2,"h","w","w","Cymbopogon marginatus"
"Cynanchum africanum","Cynanchum africanum","Apocynaceae","Cynanchum africanum","Cynanchum africanum","Apocynaceae",1,0,1,0,1,0,0,0,0,0,0,"Jun","Dec",NA,NA,60,0,0,0,0,0,0,0,0,1,0,0,1,0,0,0,0,"leaf",0,0,1,0,0,0,NA,0,1,"mixed",2,"l","i","w","Cynanchum africanum"
"Cynanchum obtusifolium","Cynanchum obtusifolium","Apocynaceae","Cynanchum obtusifolium","Cynanchum obtusifolium","Apocynaceae",1,0,1,0,1,0,0,0,0,1,0,"Jan","Dec",NA,NA,300,0,0,0,0,0,0,0,0,1,0,0,1,0,0,0,0,"leaf",0,0,1,0,0,0,NA,0,1,"mixed",2,"l","i","w","Cynanchum obtusifolium"
"Cynodon dactylon","Cynodon dactylon","Poaceae","Cynodon dactylon","Cynodon dactylon","Poaceae",1,0,1,0,1,0,0,0,0,1,0,"Sep","May",NA,NA,40,0,0,1,0,0,0,0,0,0,0,0,0,0,0,0,0,"leaf",1,0,0,1,0,0,7.954545455,0,1,"leaf",2,"l","i","w","Cynodon dactylon"
"Cyperus thunbergii","Mariscus thunbergii","Cyperaceae","Cyperus thunbergii","Cyperus thunbergii","Cyperaceae",1,0,1,0,1,0,0,0,0,1,0,"Jun","Dec",NA,NA,150,0,0,1,0,0,0,0,0,0,0,0,0,0,0,0,0,"leaf",0,1,0,0,0,0,NA,0,0,"leaf",3,"h","w","p","Cyperus thunbergii"
"Cyperus uitenhagensis","Mariscus uitenhagensis","Cyperaceae","Cyperus uitenhagensis","Cyperus uitenhagensis","Cyperaceae",1,0,1,0,1,0,0,0,0,1,0,"Oct","Mar",NA,NA,25,0,0,1,0,0,0,0,0,0,0,0,0,0,0,0,0,"leaf",1,0,0,0,0,0,NA,0,0,"leaf",2,"l","w","p","Cyperus uitenhagensis"
"Cyphia angustiloba","Cyphia volubilis","Campanulaceae","Cyphia volubilis","Cyphia volubilis","Campanulaceae",1,0,1,0,1,0,0,1,0,1,0,"Aug","Oct",NA,NA,50,1,1,0,0,0,0,0,0,1,0,0,0,0,0,0,0,"leaf",0,1,0,1,1,0,NA,0,1,"mixed",2,"l","i","p","Cyphia volubilis"
"Cyphia digitata","Cyphia digitata","Campanulaceae","Cyphia digitata","Cyphia digitata","Campanulaceae",1,0,1,0,1,0,1,1,0,1,0,"Jul","Oct",NA,NA,50,1,1,0,0,0,0,0,0,0,0,0,0,0,0,0,0,"leaf",0,1,0,0,1,0,4.166666667,0,1,"mixed",2,"l","i","p","Cyphia digitata"
"Cyphia linarioides","Cyphia bulbosa","Campanulaceae","Cyphia linarioides","Cyphia linarioides","Campanulaceae",1,0,1,0,1,0,1,1,1,1,0,"Aug","Nov",NA,NA,30,1,1,0,0,0,0,0,0,0,0,0,0,0,0,0,0,"leaf",1,0,0,0,0,0,2.566666667,0,1,"mixed",2,"l","i","p","Cyphia linarioides"
"Cyphia undulata","Cyphia undulata","Campanulaceae","Cyphia undulata","Cyphia undulata","Campanulaceae",1,0,1,0,1,0,1,1,0,1,0,"Apr","Oct",NA,NA,50,1,1,0,0,0,0,0,0,1,0,0,0,0,0,0,0,"leaf",0,1,0,0,0,0,NA,0,1,"mixed",2,"l","i","p","Cyphia undulata"
"Cyphia zeyheriana","Cyphia zeyheriana","Campanulaceae","Cyphia zeyheriana","Cyphia zeyheriana","Campanulaceae",1,0,1,0,1,0,1,1,0,1,0,"Aug","Oct",NA,NA,50,1,1,0,0,0,0,0,0,1,0,0,0,0,0,0,0,"leaf",0,1,0,1,1,0,NA,0,1,"mixed",2,"l","i","p","Cyphia zeyheriana"
"Cysticapnos cracca","Cysticapnos cracca","Fumariaceae","Cysticapnos cracca","Cysticapnos cracca","Papaveraceae",0,1,1,0,0,1,1,1,0,0,0,"Sep","Nov",NA,NA,100,1,0,0,0,0,0,0,1,0,0,0,0,0,0,0,0,"leaf",0,1,0,1,0,0,NA,0,0,"leaf",2,"l","i","m","Cysticapnos cracca"
"Dasispermum hispidum","Sonderina hispida","Apiaceae","Dasispermum hispidum","Dasispermum hispidum","Apiaceae",0,1,1,0,0,1,1,1,0,0,0,"Sep","Jan",NA,NA,45,1,0,0,0,0,0,0,0,0,0,0,0,0,0,0,0,"leaf",1,0,0,1,0,1,NA,0,0,"leaf",1,"l","i","p","Dasispermum hispidum"
"Delosperma ecklonis","Delosperma ecklonis","Aizoaceae","Delosperma ecklonis","Delosperma ecklonis","Aizoaceae",1,0,1,0,1,0,0,1,0,0,0,"Jul","Oct",NA,NA,20,0,0,0,1,0,0,0,0,0,0,0,0,1,1,1,0,"leaf",1,0,0,0,0,0,25,0,0,"leaf",2,"l","i","p","Delosperma ecklonis"
"Delosperma multiflorum","Delosperma multiflorum","Aizoaceae","Delosperma multiflorum","Delosperma multiflorum","Aizoaceae",1,0,1,0,1,0,0,1,0,0,0,"Mar","Jul",NA,NA,20,0,0,0,1,0,0,0,0,0,0,0,0,1,1,1,0,"leaf",1,0,0,0,0,0,NA,0,0,"leaf",2,"l","i","p","Delosperma multiflorum"
"Diascia patens","Diascia patens","Scrophulariaceae","Diascia patens","Diascia patens","Scrophulariaceae",1,0,1,0,1,0,0,1,0,0,0,"Jul","Sep",NA,NA,100,1,0,0,0,0,0,0,0,0,0,0,0,0,0,0,0,"leaf",1,0,1,0,0,0,NA,0,0,"leaf",2,"l","i","p","Diascia patens"
"Diastella divaricata","Diastella divaricata","Proteaceae","Diastella divaricata","Diastella divaricata","Proteaceae",1,0,1,0,1,0,0,1,0,0,0,"Jan","Dec",NA,NA,50,0,0,0,1,0,0,0,1,0,0,0,0,0,0,0,0,"leaf",0,0,1,0,0,0,0.741666667,0,0,"leaf",2,"h","i","i","Diastella divaricata"
"Diastella thymelaeoides","Diastella thymelaeoides","Proteaceae","Diastella thymelaeoides","Diastella thymelaeoides","Proteaceae",1,0,1,0,1,0,0,0,0,0,0,"Aug","Nov",NA,NA,150,0,0,0,0,1,0,0,0,0,0,0,0,0,0,0,0,"leaf",0,0,1,0,0,0,1.716,0,0,"leaf",2,"h","i","i","Diastella thymelaeoides"
"Didymodoxa capensis","Didymodoxa capensis","Urticaceae","Didymodoxa capensis","Didymodoxa capensis","Urticaceae",0,1,1,0,0,1,1,1,0,0,0,"Aug","Nov",NA,NA,30,1,0,0,0,0,0,0,0,0,0,0,0,0,0,0,0,"leaf",0,0,1,0,0,0,NA,0,0,"leaf",0,"l","i","u","Didymodoxa capensis"
"Digitaria eriantha","Digitaria eriantha","Poaceae","Digitaria eriantha","Digitaria eriantha","Poaceae",1,0,1,0,1,0,0,1,0,1,0,"Jan","Apr",NA,NA,100,0,0,1,0,0,0,0,0,0,0,0,0,0,0,0,0,"leaf",1,1,0,1,0,0,20.67777778,0,0,"leaf",1,"h","w","w","Digitaria eriantha"
"Dilatris corymbosa","Dilatris corymbosa","Haemodoraceae","Dilatris corymbosa","Dilatris corymbosa","Haemodoraceae",1,0,1,0,1,0,0,0,0,1,0,"Aug","Jan",NA,NA,60,0,1,0,0,0,0,0,0,0,0,0,0,0,0,0,0,"leaf",0,1,0,0,0,0,31.56666667,0,0,"leaf",3,"m","i","w","Dilatris corymbosa"
"Dilatris ixioides","Dilatris ixioides","Haemodoraceae","Dilatris ixioides","Dilatris ixioides","Haemodoraceae",1,0,1,0,1,0,0,1,0,1,0,"Sep","Feb",NA,NA,40,0,1,0,0,0,0,0,0,0,0,0,0,0,0,0,0,"leaf",1,0,0,0,0,0,NA,0,0,"leaf",3,"m","i","w","Dilatris ixioides"
"Dilatris pillansii","Dilatris pillansii","Haemodoraceae","Dilatris pillansii","Dilatris pillansii","Haemodoraceae",1,0,1,0,1,0,0,0,0,1,0,"Aug","Jan",NA,NA,45,0,1,0,0,0,0,0,0,0,0,0,0,0,0,0,0,"leaf",1,0,0,0,0,0,21.07857143,0,0,"leaf",3,"m","i","w","Dilatris pillansii"
"Dimorphotheca acutifolia","Dimorphotheca acutifolia","Asteraceae","Dimorphotheca acutifolia","Dimorphotheca acutifolia","Asteraceae",1,0,1,0,1,0,0,0,0,0,0,"Aug","Nov",NA,NA,50,0,0,0,1,0,0,0,0,0,0,0,0,0,0,0,0,"leaf",0,1,0,0,0,0,3.094,0,0,"leaf",2,"m","i","w","Dimorphotheca acutifolia"
"Dimorphotheca nudicaulis","Dimorphotheca nudicaulis","Asteraceae","Dimorphotheca nudicaulis","Dimorphotheca nudicaulis","Asteraceae",1,0,1,0,1,0,0,0,0,0,0,"Aug","Oct",NA,NA,30,0,0,0,1,0,0,0,0,0,0,0,0,0,0,0,0,"leaf",0,1,0,0,0,0,6.82,0,0,"leaf",2,"m","i","w","Dimorphotheca nudicaulis"
"Dioscorea elephantipes","Dioscorea elephantipes","Dioscoreaceae","Dioscorea elephantipes","Dioscorea elephantipes","Dioscoreaceae",1,0,1,0,0,1,0,0,0,1,0,"Nov","Feb",NA,NA,90,1,0,0,0,0,0,0,0,0,0,0,0,1,0,0,1,"leaf",0,0,1,0,0,0,NA,0,0,"leaf",3,"l","i","w","Dioscorea elephantipes"
"Diosma acmaeophylla","Diosma acmaeophylla","Rutaceae","Diosma acmaephylla","Diosma acmaephylla","Rutaceae",1,0,1,0,1,0,0,0,0,1,0,"Aug","Oct",NA,NA,250,0,0,0,0,0,1,0,0,0,0,0,0,0,0,0,0,"leaf",1,0,0,0,0,0,15.929,0,0,"leaf",2,"h","i","p","Diosma acmaephylla"
"Diosma hirsuta","Diosma hirsuta","Rutaceae","Diosma hirsuta","Diosma hirsuta","Rutaceae",1,0,1,0,1,0,0,0,0,1,0,"Sep","Nov",NA,NA,50,0,0,0,1,0,0,0,0,0,0,0,0,0,0,0,0,"leaf",1,0,0,0,0,0,0.914444444,0,0,"leaf",2,"h","i","p","Diosma hirsuta"
"Diosma meyeriana","Diosma meyeriana","Rutaceae","Diosma meyeriana","Diosma meyeriana","Rutaceae",1,0,1,0,1,0,0,0,0,1,0,"Jul","Dec",NA,NA,100,0,0,0,1,0,0,0,0,0,0,0,0,0,0,0,0,"leaf",0,1,0,0,0,0,NA,0,0,"leaf",2,"h","i","p","Diosma meyeriana"
"Diosma oppositifolia","Diosma oppositifolia","Rutaceae","Diosma oppositifolia","Diosma oppositifolia","Rutaceae",1,0,1,0,1,0,0,0,0,1,0,"Sep","Jan",NA,NA,100,0,0,0,1,0,0,0,0,0,0,0,0,0,0,0,0,"leaf",0,1,0,0,0,0,0.508181818,0,0,"leaf",3,"h","i","p","Diosma oppositifolia"
"Diosma prama","Diosma prama","Rutaceae","Diosma prama","Diosma prama","Rutaceae",1,0,1,0,1,0,0,0,0,0,0,"Sep","Dec",NA,NA,40,0,0,0,1,0,0,0,0,0,0,0,0,0,0,0,0,"leaf",1,0,0,0,0,0,0.283333333,0,0,"leaf",2,"h","i","p","Diosma prama"
"Diosma rourkei","Diosma rourkei","Rutaceae","Diosma rourkei","Diosma rourkei","Rutaceae",1,0,1,0,1,0,0,0,0,0,0,"Jun","Aug",NA,NA,300,0,0,0,1,0,0,0,0,0,0,0,0,0,0,0,0,"leaf",0,1,0,0,0,0,NA,0,0,"leaf",2,"h","i","p","Diosma rourkei"
"Diosma tenella","Diosma tenella","Rutaceae","Diosma tenella","Diosma tenella","Rutaceae",1,0,1,0,1,0,0,0,0,1,0,"Jun","Dec",NA,NA,50,0,0,0,1,0,0,0,0,0,0,0,0,0,0,0,0,"leaf",0,1,0,0,0,0,NA,0,0,"leaf",2,"h","i","p","Diosma tenella"
"Diospyros austro-africana","Diospyros austro-africana","Ebenaceae","Diospyros pubescens","Diospyros pubescens","Ebenaceae",1,0,0,1,1,0,0,0,0,1,0,"Aug","Oct",NA,NA,300,0,0,0,0,0,1,0,0,0,0,0,0,0,0,0,0,"leaf",0,1,0,0,0,0,1.82,0,0,"leaf",3,"h","i","m","Diospyros pubescens"
"Diospyros dichrophylla","Diospyros dichrophylla","Ebenaceae","Diospyros dichrophylla","Diospyros dichrophylla","Ebenaceae",1,0,0,1,1,0,0,0,0,0,0,"Nov","Mar",NA,NA,1300,0,0,0,0,0,1,1,0,0,0,0,0,0,0,0,0,"leaf",0,1,0,0,0,0,2.916666667,0,0,"leaf",3,"h","i","m","Diospyros dichrophylla"
"Diospyros glabra","Diospyros glabra","Ebenaceae","Diospyros glabra","Diospyros glabra","Ebenaceae",1,0,0,1,1,0,0,0,0,1,0,"Oct","Dec",NA,NA,200,0,0,0,0,0,1,0,0,0,0,0,0,0,0,0,0,"leaf",0,0,1,0,0,0,1.905555556,0,0,"leaf",3,"h","i","m","Diospyros glabra"
"Diospyros scabrida","Diospyros scabrida","Ebenaceae","Diospyros scabrida","Diospyros scabrida","Ebenaceae",1,0,0,1,1,0,0,0,0,0,0,"Nov","Apr",NA,NA,300,0,0,0,0,0,0,1,0,0,0,0,0,0,0,0,0,"leaf",0,0,1,0,0,0,2.918333333,0,0,"leaf",3,"h","i","m","Diospyros scabrida"
"Diospyros whyteana","Diospyros whyteana","Ebenaceae","Diospyros whyteana","Diospyros whyteana","Ebenaceae",1,0,0,1,1,0,0,0,0,0,0,"Aug","Nov",NA,NA,600,0,0,0,0,0,1,1,0,0,0,0,0,0,0,0,0,"leaf",0,0,1,0,0,0,4.8,0,0,"leaf",3,"h","i","m","Diospyros whyteana"
"Disa obliqua","Schizodium obliquum","Orchidaceae","Disa obliqua","Disa obliqua","Orchidaceae",1,0,1,0,0,1,1,1,0,1,0,"Aug","Sep",NA,NA,30,0,1,0,0,0,0,0,0,0,0,0,0,0,0,0,0,"leaf",0,0,1,0,0,0,NA,0,0,"leaf",2,"l","i","p","Disa obliqua"
"Dischisma ciliatum","Dischisma ciliatum","Scrophulariaceae","Dischisma ciliatum","Dischisma ciliatum","Scrophulariaceae",1,0,1,0,1,0,1,1,0,0,0,"Aug","Nov",NA,NA,40,0,0,0,1,0,0,0,0,0,0,0,0,0,0,0,0,"leaf",1,0,0,0,0,0,NA,0,0,"leaf",1,"l","i","p","Dischisma ciliatum"
"Disparago anomala","Disparago anomala","Asteraceae","Stoebe anomala","Stoebe anomala","Asteraceae",1,0,1,0,1,0,0,0,0,0,0,"Dec","Apr",NA,NA,80,0,0,0,1,0,0,0,0,0,0,0,0,0,0,0,0,"leaf",1,0,0,0,0,0,NA,0,0,"leaf",2,"h","i","w","Stoebe anomala"
"Disparago tortilis","Disparago ericoides","Asteraceae","Stoebe tortilis","Stoebe tortilis","Asteraceae",1,0,1,0,1,0,0,0,0,0,0,"Nov","Mar",NA,NA,30,0,0,0,1,0,0,0,0,0,0,0,0,0,0,0,0,"leaf",1,0,0,0,0,0,0.447692308,0,0,"leaf",2,"h","i","w","Stoebe tortilis"
"Disperis capensis","Disperis capensis","Orchidaceae","Disperis capensis","Disperis capensis","Orchidaceae",1,0,1,0,0,1,1,1,0,1,0,"Jul","Sep",NA,NA,50,0,1,0,0,0,0,0,0,0,0,0,0,0,0,0,0,"leaf",0,1,0,0,0,0,NA,0,0,"leaf",2,"l","i","p","Disperis capensis"
"Disperis paludosa","Disperis paludosa","Orchidaceae","Disperis paludosa","Disperis paludosa","Orchidaceae",1,0,1,0,0,1,1,1,1,1,0,"Nov","Jan",NA,NA,50,0,1,0,0,0,0,0,0,0,0,0,0,0,0,0,0,"leaf",0,1,0,0,0,0,NA,0,0,"leaf",2,"l","i","p","Disperis paludosa"
"Dodonaea viscosa","Dodonaea angustifolia","Sapindaceae","Dodonaea viscosa","Dodonaea viscosa","Sapindaceae",1,0,1,0,1,0,0,0,0,1,0,"Jul","Oct",NA,NA,500,0,0,0,0,0,0,1,0,0,0,0,0,0,0,0,0,"leaf",0,1,0,0,0,0,6.247619048,0,0,"leaf",3,"h","w","w","Dodonaea viscosa"
"Dolichothrix ericoides","Dolichothrix ericoides","Asteraceae","Dolichothrix ericoides","Dolichothrix ericoides","Asteraceae",1,0,1,0,1,0,0,0,0,1,0,"Nov","Feb",NA,NA,70,0,0,0,1,0,0,0,0,0,0,0,0,0,0,0,0,"leaf",1,0,0,0,0,0,NA,0,0,"leaf",3,"m","i","w","Dolichothrix ericoides"
"Drimia capensis","Drimia capensis","Hyacinthaceae","Urginavia capensis","Urginavia capensis","Asparagaceae",1,0,1,0,0,1,1,1,0,1,0,"Dec","Mar",NA,NA,200,0,1,0,0,0,0,0,0,0,0,0,0,0,0,0,0,"leaf",0,1,1,0,0,0,NA,0,0,"leaf",3,"l","i","w","Urginavia capensis"
"Drimia intricata","Drimia intricata","Hyacinthaceae","Schizobasis intricata","Schizobasis intricata","Asparagaceae",1,0,1,0,0,1,1,1,0,1,0,"Jan","Mar",NA,NA,50,0,1,0,0,0,0,0,0,0,0,0,0,0,0,0,0,"leaf",1,0,0,0,0,0,NA,0,0,"leaf",2,"l","i","w","Schizobasis intricata"
"Drosanthemum candens","Drosanthemum candens","Aizoaceae","Drosanthemum candens","Drosanthemum candens","Aizoaceae",1,0,1,0,1,0,0,1,0,0,0,"Oct","Jan",NA,NA,20,0,0,0,1,0,0,0,1,0,0,0,0,1,1,1,0,"leaf",0,1,0,0,0,0,1.02,0,1,"mixed",2,"l","i","p","Drosanthemum candens"
"Drosanthemum delicatulum","Drosanthemum delicatulum","Aizoaceae","Drosanthemum delicatulum","Drosanthemum delicatulum","Aizoaceae",1,0,1,0,1,0,0,1,0,0,0,"Oct","Nov",NA,NA,10,0,0,0,1,0,0,0,0,0,0,0,0,1,1,1,0,"leaf",0,0,1,0,0,0,NA,0,1,"leaf",2,"l","i","p","Drosanthemum delicatulum"
"Drosanthemum lique","Drosanthemum lique","Aizoaceae","Drosanthemum lique","Drosanthemum lique","Aizoaceae",1,0,1,0,1,0,0,1,0,0,0,"Oct","Feb",NA,NA,45,0,0,0,1,0,0,0,0,0,0,0,0,1,1,1,0,"leaf",0,1,0,0,0,0,NA,0,0,"leaf",3,"l","i","p","Drosanthemum lique"
"Drosera aliciae","Drosera aliciae","Droseraceae","Drosera aliciae","Drosera aliciae","Droseraceae",1,0,1,0,1,0,0,0,0,1,0,"Nov","Jan",NA,NA,40,1,0,0,0,0,0,0,0,0,0,0,1,1,1,0,0,"leaf",0,0,1,0,0,0,1.6375,0,0,"leaf",1,"l","i","p","Drosera aliciae"
"Drosera glabripes","Drosera glabripes","Droseraceae","Drosera glabripes","Drosera glabripes","Droseraceae",1,0,1,0,1,0,0,0,0,0,0,"Dec","Jan",NA,NA,30,0,0,0,0,0,0,0,0,0,0,0,1,1,1,0,0,"leaf",0,0,1,0,0,0,NA,0,0,"leaf",1,"l","i","p","Drosera glabripes"
"Drosera trinervia","Drosera trinervia","Droseraceae","Drosera trinervia","Drosera trinervia","Droseraceae",1,0,1,0,1,0,0,0,0,0,0,"Aug","Nov",NA,NA,10,1,0,0,0,0,0,0,0,0,0,0,1,1,1,0,0,"leaf",0,1,0,0,0,0,1.1,0,0,"leaf",1,"l","i","p","Drosera trinervia"
"Dyschoriste setigera","Chaetacanthus setiger","Acanthaceae","Dyschoriste setigera","Dyschoriste setigera","Acanthaceae",1,0,1,0,1,0,0,0,0,1,0,"Aug","Jan",NA,NA,30,0,0,0,1,0,0,0,0,0,0,0,0,0,0,0,0,"leaf",0,0,1,0,0,0,NA,0,0,"leaf",2,"l","i","p","Dyschoriste setigera"
"Edmondia pinifolia","Edmondia pinifolia","Asteraceae","Edmondia pinifolia","Edmondia pinifolia","Asteraceae",1,0,1,0,1,0,0,0,0,0,0,"Sep","Dec",NA,NA,60,0,0,0,1,0,0,0,0,0,0,0,0,0,0,0,0,"leaf",1,0,0,0,0,0,NA,0,0,"leaf",1,"l","i","w","Edmondia pinifolia"
"Edmondia sesamoides","Edmondia sesamoides","Asteraceae","Edmondia sesamoides","Edmondia sesamoides","Asteraceae",1,0,1,0,1,0,0,0,0,0,0,"Aug","Dec",NA,NA,30,0,0,0,1,0,0,0,0,0,0,0,0,0,0,0,0,"leaf",1,0,0,0,0,0,1.182105263,0,0,"leaf",1,"l","i","w","Edmondia sesamoides"
"Ehretia rigida","Ehretia rigida","Boraginaceae","Ehretia rigida","Ehretia rigida","Ehretiaceae",1,0,1,0,1,0,0,0,0,1,0,"Aug","Sep",NA,NA,600,0,0,0,0,0,1,1,0,0,0,0,0,0,0,0,0,"leaf",0,0,1,0,0,0,1.99,0,0,"leaf",3,"m","i","m","Ehretia rigida"
"Ehrharta brevifolia","Ehrharta brevifolia","Poaceae","Ehrharta brevifolia","Ehrharta brevifolia","Poaceae",0,1,1,0,0,1,1,1,0,0,0,"Aug","Nov",NA,NA,50,0,0,1,0,0,0,0,0,0,0,0,0,0,0,0,0,"leaf",0,1,0,0,0,0,NA,0,1,"mixed",1,"m","w","w","Ehrharta brevifolia"
"Ehrharta bulbosa","Ehrharta bulbosa","Poaceae","Ehrharta bulbosa","Ehrharta bulbosa","Poaceae",1,0,1,0,1,0,0,1,1,1,0,"Oct","Dec",NA,NA,70,0,0,1,0,0,0,0,0,0,0,0,0,0,0,0,0,"leaf",0,1,0,0,0,0,17.62,0,1,"mixed",2,"h","w","w","Ehrharta bulbosa"
"Ehrharta calycina","Ehrharta calycina","Poaceae","Ehrharta calycina","Ehrharta calycina","Poaceae",1,1,1,0,1,0,0,1,0,1,0,"Jul","Dec",NA,NA,70,0,0,1,0,0,0,0,0,0,0,0,0,0,0,0,0,"leaf",0,1,0,0,0,0,17.15,0,0,"mixed",1,"h","w","w","Ehrharta calycina"
"Ehrharta capensis","Ehrharta capensis","Poaceae","Ehrharta capensis","Ehrharta capensis","Poaceae",1,0,1,0,1,0,0,1,1,1,0,"Sep","Dec",NA,NA,100,0,0,1,0,0,0,0,0,0,0,0,0,0,0,0,0,"leaf",0,1,0,0,0,0,NA,0,0,"mixed",2,"h","w","w","Ehrharta capensis"
"Ehrharta dura","Ehrharta dura","Poaceae","Ehrharta dura","Ehrharta dura","Poaceae",1,0,1,0,1,0,0,0,1,1,0,"Oct","Feb",NA,NA,80,0,0,1,0,0,0,0,0,0,0,0,0,0,0,0,0,"leaf",0,1,0,0,0,0,26.5625,0,0,"leaf",3,"h","w","w","Ehrharta dura"
"Ehrharta ramosa","Ehrharta ramosa","Poaceae","Ehrharta ramosa","Ehrharta ramosa","Poaceae",1,0,1,0,1,0,0,0,0,1,0,"Sep","Jan",NA,NA,100,0,0,1,0,0,0,0,0,0,0,0,0,0,0,0,0,"leaf",0,1,0,0,0,0,49.8728125,0,0,"mixed",2,"h","w","w","Ehrharta ramosa"
"Ehrharta rehmannii","Ehrharta rehmannii","Poaceae","Ehrharta rehmannii","Ehrharta rehmannii","Poaceae",1,0,1,0,1,0,0,1,0,0,0,"Aug","Jan",NA,NA,100,0,0,1,0,0,0,0,0,0,0,0,0,0,0,0,0,"leaf",0,1,0,0,0,0,NA,0,0,"mixed",2,"m","w","w","Ehrharta rehmannii"
"Ehrharta rupestris","Ehrharta rupestris","Poaceae","Ehrharta rupestris","Ehrharta rupestris","Poaceae",1,0,1,0,1,0,0,1,0,0,0,"Nov","Feb",NA,NA,45,0,0,1,0,0,0,0,0,0,0,0,0,0,0,0,0,"leaf",0,1,0,0,0,0,NA,0,0,"mixed",2,"m","w","w","Ehrharta rupestris"
"Ehrharta setacea","Ehrharta setacea","Poaceae","Ehrharta setacea","Ehrharta setacea","Poaceae",1,0,1,0,1,0,0,1,0,1,0,"Sep","Jan",NA,NA,6,0,0,1,0,0,0,0,0,0,0,0,0,0,0,0,0,"leaf",0,1,0,0,0,0,5.498,0,0,"mixed",2,"m","w","w","Ehrharta setacea"
"Ehrharta villosa","Ehrharta villosa","Poaceae","Ehrharta villosa","Ehrharta villosa","Poaceae",1,0,1,0,1,0,0,0,0,1,0,"Sep","Mar",NA,NA,150,0,0,1,0,0,0,0,0,0,0,0,0,0,0,0,0,"leaf",1,0,0,0,0,0,79.5,0,0,"culm_stem",2,"h","w","w","Ehrharta villosa"
"Elaphoglossum angustatum","Elaphoglossum angustatum","Lomariopsidaceae","Elaphoglossum angustatum","Elaphoglossum angustatum","Dryopteridaceae",1,0,1,0,1,0,0,0,0,1,0,NA,NA,NA,NA,25,1,0,0,0,0,0,0,0,0,0,0,0,0,0,0,0,"frond",0,1,0,0,0,0,NA,0,0,"leaf",3,"l","w","w","Elaphoglossum angustatum"
"Elegia capensis","Elegia capensis","Restionaceae","Elegia capensis","Elegia capensis","Restionaceae",1,0,0,1,1,0,0,0,0,1,0,"Mar","Nov",NA,NA,200,0,0,1,0,0,0,0,0,0,0,0,0,0,0,0,0,"leaf",1,0,0,0,0,0,22.53333333,1,1,"culm_stem",2,"h","w","p","Elegia capensis"
"Elegia cuspidata","Elegia cuspidata","Restionaceae","Elegia cuspidata","Elegia cuspidata","Restionaceae",1,0,0,1,1,0,0,0,0,0,0,"Oct","Jan",NA,NA,100,0,0,1,0,0,0,0,0,0,0,0,0,0,0,0,0,"leaf",1,0,0,0,0,0,75,1,1,"culm_stem",2,"h","w","p","Elegia cuspidata"
"Elegia deustum","Chondropetalum deustum","Restionaceae","Elegia deusta","Elegia deusta","Restionaceae",1,0,0,1,1,0,0,0,0,0,0,"Mar","Apr",NA,NA,70,0,0,1,0,0,0,0,0,0,0,0,0,0,0,0,0,"leaf",1,0,0,0,0,0,NA,1,1,"culm_stem",2,"h","w","p","Elegia deusta"
"Elegia dregeana","Elegia asperiflora","Restionaceae","Elegia asperiflora","Elegia asperiflora","Restionaceae",1,0,0,1,1,0,0,0,0,1,0,"Nov","Feb",NA,NA,70,0,0,1,0,0,0,0,0,0,0,0,0,0,0,0,0,"leaf",1,0,0,0,0,0,116.72,1,1,"culm_stem",2,"h","w","p","Elegia asperiflora"
"Elegia ebracteata","Chondropetalum ebracteatum","Restionaceae","Elegia ebracteata","Elegia ebracteata","Restionaceae",1,0,0,1,1,1,0,0,0,0,0,"Oct","Apr",NA,NA,80,0,0,1,0,0,0,0,0,0,0,0,0,0,0,0,0,"leaf",1,0,0,0,0,0,57.98,1,1,"culm_stem",2,"h","w","p","Elegia ebracteata"
"Elegia equisetacea","Elegia equisetacea","Restionaceae","Elegia equisetacea","Elegia equisetacea","Restionaceae",1,0,0,1,1,0,0,0,0,0,0,"Sep","Sep",NA,NA,100,0,0,1,0,0,0,0,0,0,0,0,0,0,0,0,0,"leaf",1,0,0,0,0,0,14.18,1,1,"culm_stem",2,"h","w","p","Elegia equisetacea"
"Elegia filacea","Elegia filacea","Restionaceae","Elegia filacea","Elegia filacea","Restionaceae",1,0,0,1,1,1,0,0,0,0,0,"Feb","Feb",NA,NA,50,0,0,1,0,0,0,0,0,0,0,0,0,0,0,0,0,"leaf",1,0,0,0,0,0,30.55416667,1,1,"culm_stem",2,"h","w","p","Elegia filacea"
"Elegia fistulosa","Elegia fistulosa","Restionaceae","Elegia fistulosa","Elegia fistulosa","Restionaceae",1,0,0,1,1,1,0,0,0,0,0,"Apr","Nov",NA,NA,70,0,0,1,0,0,0,0,0,0,0,0,0,0,0,0,0,"leaf",1,0,0,0,0,0,NA,1,1,"culm_stem",2,"h","w","p","Elegia fistulosa"
"Elegia galpinii","Elegia galpinii","Restionaceae","Elegia galpinii","Elegia galpinii","Restionaceae",1,0,0,1,1,1,0,0,0,1,0,"Aug","Aug",NA,NA,100,0,0,1,0,0,0,0,0,0,0,0,0,0,0,0,0,"leaf",1,0,0,0,0,0,90.08,1,1,"culm_stem",2,"h","w","p","Elegia galpinii"
"Elegia hookeriana","Elegia hookeriana","Restionaceae","Elegia hookeriana","Elegia hookeriana","Restionaceae",1,0,0,1,1,0,0,0,0,0,0,"Feb","Mar",NA,NA,80,0,0,1,0,0,0,0,0,0,0,0,0,0,0,0,0,"leaf",1,0,0,0,0,0,33.24,1,1,"culm_stem",2,"h","w","p","Elegia hookeriana"
"Elegia juncea","Elegia juncea","Restionaceae","Elegia juncea","Elegia juncea","Restionaceae",1,0,0,1,1,1,0,0,0,1,0,"Aug","Aug",NA,NA,80,0,0,1,0,0,0,0,0,0,0,0,0,0,0,0,0,"leaf",1,0,0,0,0,0,61.6,1,1,"culm_stem",2,"h","w","p","Elegia juncea"
"Elegia microcarpa","Chondropetalum microcarpum","Restionaceae","Elegia microcarpa","Elegia microcarpa","Restionaceae",1,0,0,1,1,0,0,0,0,0,0,"Apr","Apr",NA,NA,30,0,0,1,0,0,0,0,0,0,0,0,0,0,0,0,0,"leaf",1,0,0,0,0,0,21.16666667,1,1,"culm_stem",2,"h","w","p","Elegia microcarpa"
"Elegia mucronata","Chondropetalum mucronatum","Restionaceae","Elegia mucronata","Elegia mucronata","Restionaceae",1,0,0,1,1,0,0,0,0,0,0,"Oct","Nov",NA,NA,200,0,0,1,0,0,0,0,0,0,0,0,0,0,0,0,0,"leaf",1,0,0,0,0,0,160.84,1,1,"culm_stem",2,"h","w","p","Elegia mucronata"
"Elegia neesii","Elegia neesii","Restionaceae","Elegia neesii","Elegia neesii","Restionaceae",1,0,0,1,1,0,0,0,0,0,0,"Oct","Oct",NA,NA,70,0,0,1,0,0,0,0,0,0,0,0,0,0,0,0,0,"leaf",1,0,0,0,0,0,51.12,1,1,"culm_stem",2,"h","w","p","Elegia neesii"
"Elegia nuda","Chondropetalum nudum","Restionaceae","Elegia nuda","Elegia nuda","Restionaceae",1,0,0,1,1,0,0,0,0,0,0,"Apr","Jun",NA,NA,50,0,0,1,0,0,0,0,0,0,0,0,0,0,0,0,0,"leaf",1,0,0,0,0,0,32.64285714,1,1,"culm_stem",2,"h","w","p","Elegia nuda"
"Elegia persistens","Elegia persistens","Restionaceae","Elegia persistens","Elegia persistens","Restionaceae",1,0,0,1,1,0,0,0,0,0,0,"Mar","May",NA,NA,100,0,0,1,0,0,0,0,0,0,0,0,0,0,0,0,0,"leaf",1,0,0,0,0,0,46.21,1,1,"culm_stem",2,"h","w","p","Elegia persistens"
"Elegia racemosa","Elegia racemosa","Restionaceae","Elegia racemosa","Elegia racemosa","Restionaceae",1,0,0,1,1,1,0,0,0,1,0,"Sep","Sep",NA,NA,100,0,0,1,0,0,0,0,0,0,0,0,0,0,0,0,0,"leaf",1,0,0,0,0,0,111.04,1,1,"culm_stem",2,"h","w","p","Elegia racemosa"
"Elegia spathacea","Elegia spathacea","Restionaceae","Elegia spathacea","Elegia spathacea","Restionaceae",1,0,0,1,1,0,0,0,0,0,0,"Oct","Feb",NA,NA,60,0,0,1,0,0,0,0,0,0,0,0,0,0,0,0,0,"leaf",1,0,0,0,0,0,42.1,1,1,"culm_stem",2,"h","w","p","Elegia spathacea"
"Elegia stipularis","Elegia stipularis","Restionaceae","Elegia stipularis","Elegia stipularis","Restionaceae",1,0,0,1,1,0,0,0,0,0,0,"Jun","Jul",NA,NA,50,0,0,1,0,0,0,0,0,0,0,0,0,0,0,0,0,"leaf",1,0,0,0,0,0,30.99411765,1,1,"culm_stem",2,"h","w","p","Elegia stipularis"
"Elegia tectorum","Chondropetalum tectorum","Restionaceae","Elegia tectorum","Elegia tectorum","Restionaceae",1,0,0,1,1,1,0,0,0,0,0,"Apr","Jun",NA,NA,100,0,0,1,0,0,0,0,0,0,0,0,0,0,0,0,0,"leaf",1,0,0,0,0,0,51.3,1,1,"culm_stem",2,"h","w","p","Elegia tectorum"
"Elegia thyrsifera","Elegia thyrsifera","Restionaceae","Elegia thyrsifera","Elegia thyrsifera","Restionaceae",1,0,0,1,1,1,0,0,0,1,0,"Nov","Jan",NA,NA,100,0,0,1,0,0,0,0,0,0,0,0,0,0,0,0,0,"leaf",1,0,0,0,0,0,77,1,1,"culm_stem",2,"h","w","p","Elegia thyrsifera"
"Elegia vaginulata","Elegia vaginulata","Restionaceae","Elegia vaginulata","Elegia vaginulata","Restionaceae",1,0,0,1,1,0,0,0,0,1,0,"Oct","Jan",NA,NA,40,0,0,1,0,0,0,0,0,0,0,0,0,0,0,0,0,"leaf",1,0,0,0,0,0,24.3,1,1,"culm_stem",2,"h","w","p","Elegia vaginulata"
"Elytropappus adpressus","Elytropappus adpressus","Asteraceae","Stoebe gracilis","Stoebe gracilis","Asteraceae",1,0,1,0,1,0,0,0,0,0,0,"Mar","Jul",NA,NA,200,0,0,0,0,0,1,0,0,0,0,0,0,0,0,0,0,"leaf",1,0,0,0,0,0,3.08,0,0,"leaf",2,"h","i","w","Stoebe gracilis"
"Elytropappus glandulosus","Elytropappus glandulosus","Asteraceae","Stoebe glandulosa","Stoebe glandulosa","Asteraceae",1,0,1,0,1,0,0,0,0,0,0,"Mar","Jun",NA,NA,50,0,0,0,1,0,0,0,0,0,0,0,0,0,0,0,0,"leaf",1,0,0,0,0,0,0.916,0,0,"leaf",2,"h","i","w","Stoebe glandulosa"
"Elytropappus gnaphaloides","Elytropappus gnaphaloides","Asteraceae","Stoebe gnaphaloides","Stoebe gnaphaloides","Asteraceae",1,0,1,0,1,0,0,0,0,0,0,"Jan","Apr",NA,NA,50,0,0,0,1,0,0,0,0,0,0,0,0,0,0,0,0,"leaf",1,0,0,0,0,0,0.466,0,0,"leaf",2,"h","i","w","Stoebe gnaphaloides"
"Elytropappus intricata","Elytropappus intricata","Asteraceae","Stoebe","Stoebe","Asteraceae",1,0,1,0,1,0,0,0,0,0,0,"Apr","Jul",NA,NA,100,0,0,0,0,1,0,0,0,0,0,0,0,0,0,0,0,"leaf",1,0,0,0,0,0,0.255,0,0,"leaf",2,"h","i","w","Stoebe"
"Elytropappus longifolius","Elytropappus longifolius","Asteraceae","Stoebe longifolia","Stoebe longifolia","Asteraceae",1,0,1,0,1,0,0,0,0,0,0,"Feb","Apr",NA,NA,100,0,0,0,1,0,0,0,0,0,0,0,0,0,0,0,0,"leaf",1,0,0,0,0,0,1.006,0,0,"leaf",2,"h","i","w","Stoebe longifolia"
"Elytropappus rhinocerotis","Elytropappus rhinocerotis","Asteraceae","Stoebe rhinocerotis","Stoebe rhinocerotis","Asteraceae",1,0,1,0,1,0,0,0,0,0,0,"Feb","Apr",NA,NA,200,0,0,0,0,0,1,0,0,0,0,0,0,0,0,0,0,"leaf",1,0,0,0,0,0,0.472380952,0,0,"leaf",2,"h","i","w","Stoebe rhinocerotis"
"Elytropappus scaber","Elytropappus scaber","Asteraceae","Stoebe scabra","Stoebe scabra","Asteraceae",1,0,1,0,1,0,0,0,0,0,0,"Feb","May",NA,NA,100,0,0,0,1,0,0,0,0,0,0,0,0,0,0,0,0,"leaf",1,0,0,0,0,0,0.388370588,0,0,"leaf",2,"h","i","w","Stoebe scabra"
"Enneapogon scoparius","Enneapogon scoparius","Poaceae","Enneapogon scoparius","Enneapogon scoparius","Poaceae",1,0,1,0,1,0,0,0,0,0,0,"Sep","Mar",NA,NA,35,0,0,1,0,0,0,0,0,0,0,0,0,0,0,0,0,"leaf",1,0,0,0,0,0,8.22,0,0,"leaf",2,"m","w","w","Enneapogon scoparius"
"Epischoenus adnatus","Epischoenus adnatus","Cyperaceae","Schoenus adnatus","Schoenus adnatus","Cyperaceae",1,0,1,0,1,0,0,0,0,1,0,"Feb","Aug",NA,NA,100,0,0,1,0,0,0,0,0,0,0,0,0,0,0,0,0,"leaf",0,0,0,0,0,0,NA,1,1,"culm_stem",2,"h","w","p","Schoenus adnatus"
"Epischoenus gracilis","Epischoenus gracilis","Cyperaceae","Schoenus gracillimus","Schoenus gracillimus","Cyperaceae",1,0,1,0,1,0,0,0,0,1,0,"Dec","Mar",NA,NA,90,0,0,1,0,0,0,0,0,0,0,0,0,0,0,0,0,"leaf",0,0,0,0,0,0,67.62,1,1,"culm_stem",2,"h","w","p","Schoenus gracillimus"
"Epischoenus quadrangularis","Epischoenus quadrangularis","Cyperaceae","Schoenus quadrangularis","Schoenus quadrangularis","Cyperaceae",1,0,1,0,1,0,0,0,0,1,0,"Nov","May",NA,NA,75,0,0,1,0,0,0,0,0,0,0,0,0,0,0,0,0,"leaf",0,0,0,0,0,0,56.875,1,1,"culm_stem",2,"h","w","p","Schoenus quadrangularis"
"Eragrostis capensis","Eragrostis capensis","Poaceae","Eragrostis capensis","Eragrostis capensis","Poaceae",1,0,1,0,1,0,0,1,0,1,0,"Sep","Apr",NA,NA,90,0,0,1,0,0,0,0,0,0,0,0,0,0,0,0,0,"leaf",1,0,0,0,0,0,14.11666667,0,0,"leaf",2,"h","w","w","Eragrostis capensis"
"Eragrostis curvula","Eragrostis curvula","Poaceae","Eragrostis curvula","Eragrostis curvula","Poaceae",1,0,1,0,1,0,0,1,0,1,0,"Jan","Dec",NA,NA,100,0,0,1,0,0,0,0,0,0,0,0,0,0,0,0,0,"leaf",1,0,0,0,0,0,35.91666667,0,0,"leaf",2,"h","w","w","Eragrostis curvula"
"Eragrostis obtusa","Eragrostis obtusa","Poaceae","Eragrostis obtusa","Eragrostis obtusa","Poaceae",1,0,1,0,1,0,0,1,0,0,0,"Jul","May",NA,NA,45,0,0,1,0,0,0,0,0,0,0,0,0,0,0,0,0,"leaf",1,0,0,0,0,0,4.408333333,0,0,"leaf",2,"m","w","w","Eragrostis obtusa"
"Eragrostis plana","Eragrostis plana","Poaceae","Eragrostis plana","Eragrostis plana","Poaceae",1,0,1,0,1,0,0,1,0,1,0,"Nov","May",NA,NA,100,0,0,1,0,0,0,0,0,0,0,0,0,0,0,0,0,"leaf",1,0,0,0,0,0,NA,0,0,"leaf",2,"h","w","w","Eragrostis plana"
"Eragrostis racemosa","Eragrostis racemosa","Poaceae","Eragrostis racemosa","Eragrostis racemosa","Poaceae",1,0,1,0,1,0,0,1,0,1,0,"Aug","May",NA,NA,8,0,0,1,0,0,0,0,0,0,0,0,0,0,0,0,0,"leaf",1,0,0,0,0,0,NA,0,0,"leaf",2,"h","w","w","Eragrostis racemosa"
"Eragrostis sabulosa","Eragrostis sabulosa","Poaceae","Eragrostis sabulosa","Eragrostis sabulosa","Poaceae",1,0,1,0,1,0,0,1,0,1,0,"Oct","Nov",NA,NA,15,0,0,1,0,0,0,0,0,0,0,0,0,0,0,0,0,"leaf",1,0,0,0,0,0,NA,0,0,"leaf",2,"h","w","w","Eragrostis sabulosa"
"Erepsia anceps","Erepsia anceps","Aizoaceae","Erepsia anceps","Erepsia anceps","Aizoaceae",1,0,1,0,1,0,0,1,1,0,0,"Dec","Mar",NA,NA,30,0,0,0,1,0,0,0,0,0,0,0,0,1,1,0,0,"leaf",1,0,0,0,0,0,2.38,0,0,"leaf",1,"l","i","p","Erepsia anceps"
"Erepsia aspera","Erepsia aspera","Aizoaceae","Erepsia aspera","Erepsia aspera","Aizoaceae",1,0,1,0,1,0,0,1,1,1,0,"Dec","Mar",NA,NA,40,0,0,0,1,0,0,0,0,0,0,0,0,1,1,0,0,"leaf",0,1,0,0,0,0,1.308,0,0,"leaf",2,"l","i","p","Erepsia aspera"
"Erepsia bracteata","Erepsia bracteata","Aizoaceae","Erepsia bracteata","Erepsia bracteata","Aizoaceae",1,0,1,0,1,0,0,1,0,0,0,"Jan","Apr",NA,NA,50,0,0,0,1,0,0,0,0,0,0,0,0,1,1,0,0,"leaf",0,1,0,0,0,0,NA,0,0,"leaf",1,"l","i","p","Erepsia bracteata"
"Erepsia distans","Erepsia distans","Aizoaceae","Erepsia distans","Erepsia distans","Aizoaceae",1,0,1,0,1,0,0,1,1,1,0,"Nov","Mar",NA,NA,70,0,0,0,1,0,0,0,0,0,0,0,0,1,1,0,0,"leaf",1,0,0,0,0,0,NA,0,0,"leaf",2,"l","i","p","Erepsia distans"
"Erepsia promontorii","Erepsia promontorii","Aizoaceae","Erepsia promontorii","Erepsia promontorii","Aizoaceae",1,0,1,0,1,0,0,1,0,0,0,"Jan","Jan",NA,NA,20,0,0,0,1,0,0,0,0,0,0,0,0,1,1,0,0,"leaf",1,0,0,0,0,0,NA,0,0,"leaf",2,"l","i","p","Erepsia promontorii"
"Erepsia saturata","Erepsia saturata","Aizoaceae","Erepsia saturata","Erepsia saturata","Aizoaceae",1,0,1,0,1,0,0,1,0,0,0,"Feb","May",NA,NA,40,0,0,0,1,0,0,0,0,0,0,0,0,1,1,0,0,"leaf",1,0,0,0,0,0,NA,0,0,"leaf",2,"l","i","p","Erepsia saturata"
"Erica abietina","Erica abietina","Ericaceae","Erica abietina","Erica abietina","Ericaceae",1,0,1,0,1,0,0,1,0,0,0,"Jan","Sep",NA,NA,100,0,0,0,1,0,0,0,0,0,0,0,0,0,0,0,0,"leaf",1,0,0,0,0,0,0.66,0,0,"leaf",2,"h","m","p","Erica abietina"
"Erica affinis","Erica affinis","Ericaceae","Erica affinis","Erica affinis","Ericaceae",1,0,1,0,1,0,0,1,0,0,0,"Sep","Dec",NA,NA,100,0,0,0,1,0,0,0,0,0,0,0,0,0,0,0,0,"leaf",1,0,0,0,0,0,NA,0,0,"leaf",2,"h","i","p","Erica affinis"
"Erica albens","Erica albens","Ericaceae","Erica albens","Erica albens","Ericaceae",1,0,1,0,1,0,0,1,0,0,0,"Apr","Dec",NA,NA,120,0,0,0,0,1,0,0,0,0,0,0,0,0,0,0,0,"leaf",1,0,0,0,0,0,NA,0,0,"leaf",2,"h","i","p","Erica albens"
"Erica amphigena","Erica amphigena","Ericaceae","Erica amphigena","Erica amphigena","Ericaceae",1,0,1,0,1,0,0,1,0,0,0,"Sep","Dec",NA,NA,60,0,0,0,1,0,0,0,0,0,0,0,0,0,0,0,0,"leaf",1,0,0,0,0,0,NA,0,0,"leaf",2,"h","i","p","Erica amphigena"
"Erica anguliger","Erica anguliger","Ericaceae","Erica anguliger","Erica anguliger","Ericaceae",1,0,1,0,1,0,0,1,0,0,0,"Apr","Sep",NA,NA,20,0,0,0,1,0,0,0,0,0,0,0,0,0,0,0,0,"leaf",1,0,0,0,0,0,0.214666667,0,0,"leaf",2,"h","i","p","Erica anguliger"
"Erica angulosa","Erica angulosa","Ericaceae","Erica angulosa","Erica angulosa","Ericaceae",1,0,1,0,1,0,0,1,0,0,0,"Mar","Apr",NA,NA,50,0,0,0,1,0,0,0,0,0,0,0,0,0,0,0,0,"leaf",1,0,0,0,0,0,NA,0,0,"leaf",2,"h","i","p","Erica angulosa"
"Erica ardens","Erica ardens","Ericaceae","Erica ardens","Erica ardens","Ericaceae",1,0,1,0,1,0,0,1,0,0,0,"Apr","Oct",NA,NA,70,0,0,0,1,0,0,0,0,0,0,0,0,0,0,0,0,"leaf",1,0,0,0,0,0,NA,0,0,"leaf",2,"h","i","p","Erica ardens"
"Erica areolata","Erica areolata","Ericaceae","Erica areolata","Erica areolata","Ericaceae",1,0,1,0,1,0,0,1,0,0,0,"Aug","Nov",NA,NA,50,0,0,0,1,0,0,0,0,0,0,0,0,0,0,0,0,"leaf",1,0,0,0,0,0,0.35,0,0,"leaf",2,"h","w","p","Erica areolata"
"Erica articularis","Erica articularis","Ericaceae","Erica articularis","Erica articularis","Ericaceae",1,0,1,0,1,0,0,1,0,0,0,"Jan","Dec",NA,NA,100,0,0,0,1,0,0,0,0,0,0,0,0,0,0,0,0,"leaf",1,0,0,0,0,0,0.456111111,0,0,"leaf",2,"h","i","p","Erica articularis"
"Erica atropurpurea","Erica atropurpurea","Ericaceae","Erica atropurpurea","Erica atropurpurea","Ericaceae",1,0,1,0,1,0,0,1,0,0,0,"Aug","Nov",NA,NA,30,0,0,0,1,0,0,0,0,0,0,0,0,0,0,0,0,"leaf",1,0,0,0,0,0,NA,0,0,"leaf",2,"m","i","p","Erica atropurpurea"
"Erica axillaris","Erica axillaris","Ericaceae","Erica axillaris","Erica axillaris","Ericaceae",1,0,1,0,1,0,0,1,0,0,0,"May","Dec",NA,NA,80,0,0,0,1,0,0,0,0,0,0,0,0,0,0,0,0,"leaf",1,0,0,0,0,0,0.39375,0,0,"leaf",2,"h","w","p","Erica axillaris"
"Erica azaleifolia","Erica azaleifolia","Ericaceae","Erica azaleifolia","Erica azaleifolia","Ericaceae",1,0,1,0,1,0,0,1,0,0,0,"Oct","Feb",NA,NA,30,0,0,0,1,0,0,0,0,0,0,0,0,0,0,0,0,"leaf",0,1,0,0,0,0,NA,0,0,"leaf",2,"m","i","p","Erica azaleifolia"
"Erica banksii","Erica comptonii","Ericaceae","Erica banksii","Erica banksii","Ericaceae",1,0,1,0,1,0,0,1,0,1,0,"Jan","Jul",NA,NA,60,0,0,0,1,0,0,0,0,0,0,0,0,0,0,0,0,"leaf",1,0,0,0,0,0,NA,0,0,"leaf",2,"h","m","p","Erica banksii"
"Erica blenna","Erica blenna","Ericaceae","Erica blenna","Erica blenna","Ericaceae",1,0,1,0,1,0,0,1,0,0,0,"Apr","Nov",NA,NA,100,0,0,0,1,0,0,0,0,0,0,0,0,0,0,0,0,"leaf",1,0,0,0,0,0,NA,0,0,"leaf",2,"h","i","p","Erica blenna"
"Erica bolusanthus","Erica bolusanthus","Ericaceae","Erica bolusanthus","Erica bolusanthus","Ericaceae",1,0,1,0,1,0,0,1,0,0,0,"Nov","Apr",NA,NA,25,0,0,0,1,0,0,0,0,0,0,0,0,0,0,0,0,"leaf",1,0,0,0,0,0,NA,0,0,"leaf",2,"h","i","p","Erica bolusanthus"
"Erica brachialis","Erica brachialis","Ericaceae","Erica brachialis","Erica brachialis","Ericaceae",1,0,1,0,1,0,0,1,0,1,0,"Dec","Mar",NA,NA,200,0,0,0,0,0,1,0,0,0,0,0,0,0,0,0,0,"leaf",1,0,0,0,0,0,0.64,0,0,"leaf",3,"h","m","p","Erica brachialis"
"Erica bracteolaris","Erica bracteolaris","Ericaceae","Erica bracteolaris","Erica bracteolaris","Ericaceae",1,0,1,0,1,0,0,1,0,0,0,"Jul","Feb",NA,NA,50,0,0,0,1,0,0,0,0,0,0,0,0,0,0,0,0,"leaf",1,0,0,0,0,0,NA,0,0,"leaf",2,"h","i","p","Erica bracteolaris"
"Erica brevicaulis","Erica brevicaulis","Ericaceae","Erica brevicaulis","Erica brevicaulis","Ericaceae",1,0,1,0,1,0,0,1,0,0,0,"Nov","Jan",NA,NA,10,0,0,0,1,0,0,0,0,0,0,0,0,0,0,0,0,"leaf",0,1,0,0,0,0,NA,0,0,"leaf",2,"h","i","p","Erica brevicaulis"
"Erica bruniades","Erica bruniades","Ericaceae","Erica bruniades","Erica bruniades","Ericaceae",1,0,1,0,1,0,0,1,0,0,0,"Aug","Dec",NA,NA,50,0,0,0,1,0,0,0,0,0,0,0,0,0,0,0,0,"leaf",1,0,0,0,0,0,0.242857143,0,0,"leaf",2,"h","i","p","Erica bruniades"
"Erica caffra","Erica caffra","Ericaceae","Erica afra","Erica afra","Ericaceae",1,0,1,0,1,0,0,1,0,1,0,"Jul","Dec",NA,NA,400,0,0,0,0,0,1,1,0,0,0,0,0,0,0,0,0,"leaf",1,0,0,0,0,0,1.012,0,0,"leaf",3,"h","i","p","Erica afra"
"Erica calycina","Erica langebergensis","Ericaceae","Erica calycina","Erica calycina","Ericaceae",1,0,1,0,1,0,0,1,0,0,0,"Oct","Oct",NA,NA,50,0,0,0,1,0,0,0,0,0,0,0,0,0,0,0,0,"leaf",1,0,0,0,0,0,0.362,0,0,"leaf",2,"h","i","p","Erica calycina"
"Erica capensis","Erica capensis","Ericaceae","Erica turbiniflora","Erica turbiniflora","Ericaceae",1,0,1,0,1,0,0,1,0,0,0,"Dec","Apr",NA,NA,50,0,0,0,1,0,0,0,0,0,0,0,0,0,0,0,0,"leaf",1,0,0,0,0,0,0.42,0,0,"leaf",2,"m","i","p","Erica turbiniflora"
"Erica capillaris","Erica capillaris","Ericaceae","Erica capillaris","Erica capillaris","Ericaceae",1,0,1,0,1,0,0,1,0,0,0,"Dec","Apr",NA,NA,30,0,0,0,1,0,0,0,0,0,0,0,0,0,0,0,0,"leaf",1,0,0,0,0,0,0.275,0,0,"leaf",2,"h","i","p","Erica capillaris"
"Erica carduifolia","Erica carduifolia","Ericaceae","Erica carduifolia","Erica carduifolia","Ericaceae",1,0,1,0,1,0,0,1,0,0,0,"Aug","Nov",NA,NA,40,0,0,0,1,0,0,0,0,0,0,0,0,0,0,0,0,"leaf",0,1,0,0,0,0,NA,0,0,"leaf",2,"h","i","p","Erica carduifolia"
"Erica cerinthoides","Erica cerinthoides","Ericaceae","Erica cerinthoides","Erica cerinthoides","Ericaceae",1,0,1,0,1,0,0,1,1,1,0,"Jan","Dec",NA,NA,30,0,0,0,1,0,0,0,0,0,0,0,0,0,0,0,0,"leaf",1,0,0,0,0,0,0.636428571,0,0,"leaf",3,"h","i","p","Erica cerinthoides"
"Erica chamissonis","Erica chamissonis","Ericaceae","Erica chamissonis","Erica chamissonis","Ericaceae",1,0,1,0,1,0,0,1,0,0,0,"Oct","May",NA,NA,60,0,0,0,1,0,0,0,0,0,0,0,0,0,0,0,0,"leaf",1,0,0,0,0,0,0.204,0,0,"leaf",2,"h","i","p","Erica chamissonis"
"Erica clavisepala","Erica clavisepala","Ericaceae","Erica clavisepala","Erica clavisepala","Ericaceae",1,0,1,0,1,0,0,1,0,0,0,"Feb","Apr",NA,NA,30,0,0,0,1,0,0,0,0,0,0,0,0,0,0,0,0,"leaf",0,0,1,0,0,0,0.228571429,0,0,"leaf",2,"h","i","p","Erica clavisepala"
"Erica coarctata","Erica coarctata","Ericaceae","Erica coarctata","Erica coarctata","Ericaceae",1,0,1,0,1,0,0,1,0,0,0,"Apr","Sep",NA,NA,30,0,0,0,1,0,0,0,0,0,0,0,0,0,0,0,0,"leaf",1,0,0,0,0,0,0.88,0,0,"leaf",2,"h","w","p","Erica coarctata"
"Erica coccinea","Erica coccinea","Ericaceae","Erica coccinea","Erica coccinea","Ericaceae",1,0,1,0,1,0,0,1,0,1,0,"Jan","Dec",NA,NA,120,0,0,0,0,1,0,0,0,0,0,0,0,0,0,0,0,"leaf",1,0,0,0,0,0,0.522777778,0,0,"leaf",2,"h","i","p","Erica coccinea"
"Erica condensata","Erica condensata","Ericaceae","Erica condensata","Erica condensata","Ericaceae",1,0,1,0,1,0,0,1,0,0,0,"Sep","Feb",NA,NA,50,0,0,0,1,0,0,0,0,0,0,0,0,0,0,0,0,"leaf",1,0,0,0,0,0,NA,0,0,"leaf",2,"h","i","p","Erica condensata"
"Erica conferta","Erica conferta","Ericaceae","Erica conferta","Erica conferta","Ericaceae",1,0,1,0,1,0,0,1,0,0,0,"Jan","Apr",NA,NA,100,0,0,0,1,0,0,0,0,0,0,0,0,0,0,0,0,"leaf",1,0,0,0,0,0,NA,0,0,"leaf",2,"h","i","p","Erica conferta"
"Erica copiosa","Erica copiosa","Ericaceae","Erica copiosa","Erica copiosa","Ericaceae",1,0,1,0,1,0,0,1,0,0,0,"Jan","Dec",NA,NA,150,0,0,0,0,1,0,0,0,0,0,0,0,0,0,0,0,"leaf",0,1,0,0,0,0,NA,0,0,"leaf",2,"h","w","p","Erica copiosa"
"Erica cordata","Erica cordata","Ericaceae","Erica cordata","Erica cordata","Ericaceae",1,0,1,0,1,0,0,1,0,0,0,"May","Nov",NA,NA,100,0,0,0,1,0,0,0,0,0,0,0,0,0,0,0,0,"leaf",0,0,1,0,0,0,0.40625,0,0,"leaf",2,"m","i","p","Erica cordata"
"Erica corifolia","Erica corifolia","Ericaceae","Erica corifolia","Erica corifolia","Ericaceae",1,0,1,0,1,0,0,1,0,0,0,"Jan","Dec",NA,NA,100,0,0,0,1,0,0,0,0,0,0,0,0,0,0,0,0,"leaf",1,0,0,0,0,0,0.467,0,0,"leaf",2,"h","i","p","Erica corifolia"
"Erica corydalis","Erica corydalis","Ericaceae","Erica corydalis","Erica corydalis","Ericaceae",1,0,1,0,1,0,0,1,0,0,0,"Oct","Jan",NA,NA,50,0,0,0,1,0,0,0,0,0,0,0,0,0,0,0,0,"leaf",0,1,0,0,0,0,NA,0,0,"leaf",2,"h","i","p","Erica corydalis"
"Erica cristata","Erica cristata","Ericaceae","Erica cristata","Erica cristata","Ericaceae",1,0,1,0,1,0,0,1,0,0,0,"Dec","Jun",NA,NA,60,0,0,0,1,0,0,0,0,0,0,0,0,0,0,0,0,"leaf",1,0,0,0,0,0,0.282,0,0,"leaf",2,"m","i","p","Erica cristata"
"Erica cubica","Erica cubica","Ericaceae","Erica cubica","Erica cubica","Ericaceae",1,0,1,0,1,0,0,1,0,0,0,"Jul","Dec",NA,NA,45,0,0,0,1,0,0,0,0,0,0,0,0,0,0,0,0,"leaf",1,0,0,0,0,0,0.472,0,0,"leaf",2,"h","i","p","Erica cubica"
"Erica curviflora","Erica curviflora","Ericaceae","Erica curviflora","Erica curviflora","Ericaceae",1,0,1,0,1,0,0,1,0,0,0,"Jan","Dec",NA,NA,160,0,0,0,0,1,0,0,0,0,0,0,0,0,0,0,0,"leaf",1,0,0,0,0,0,0.442,0,0,"leaf",2,"h","m","p","Erica curviflora"
"Erica curvifolia","Erica curvifolia","Ericaceae","Erica curvifolia","Erica curvifolia","Ericaceae",1,0,1,0,1,0,0,1,0,0,0,"Dec","Mar",NA,NA,45,0,0,0,1,0,0,0,0,0,0,0,0,0,0,0,0,"leaf",1,0,0,0,0,0,NA,0,0,"leaf",2,"h","i","p","Erica curvifolia"
"Erica daphniflora","Erica daphniflora","Ericaceae","Erica daphniflora","Erica daphniflora","Ericaceae",1,0,1,0,1,0,0,1,0,0,0,"Jul","Mar",NA,NA,100,0,0,0,1,0,0,0,0,0,0,0,0,0,0,0,0,"leaf",1,0,0,0,0,0,0.438,0,0,"leaf",2,"h","i","p","Erica daphniflora"
"Erica demissa","Erica demissa","Ericaceae","Erica coccinea","Erica coccinea","Ericaceae",1,0,1,0,1,0,0,1,0,0,0,"Jan","Dec",NA,NA,50,0,0,0,1,0,0,0,0,0,0,0,0,0,0,0,0,"leaf",1,0,0,0,0,0,0.311111111,0,0,"leaf",2,"h","i","p","Erica coccinea"
"Erica densifolia","Erica densifolia","Ericaceae","Erica densifolia","Erica densifolia","Ericaceae",1,0,1,0,1,0,0,1,0,0,0,"Sep","May",NA,NA,150,0,0,0,0,1,0,0,0,0,0,0,0,0,0,0,0,"leaf",1,0,0,0,0,0,NA,0,0,"leaf",2,"h","m","p","Erica densifolia"
"Erica desmantha","Erica desmantha","Ericaceae","Erica desmantha","Erica desmantha","Ericaceae",1,0,1,0,1,0,0,1,0,0,0,"Feb","May",NA,NA,100,0,0,0,1,0,0,0,0,0,0,0,0,0,0,0,0,"leaf",1,0,0,0,0,0,NA,0,0,"leaf",2,"h","i","p","Erica desmantha"
"Erica dianthifolia","Erica dianthifolia","Ericaceae","Erica dianthifolia","Erica dianthifolia","Ericaceae",1,0,1,0,1,0,0,1,0,0,0,"Aug","Dec",NA,NA,70,0,0,0,1,0,0,0,0,0,0,0,0,0,0,0,0,"leaf",1,0,0,0,0,0,NA,0,0,"leaf",2,"h","i","p","Erica dianthifolia"
"Erica discolor","Erica discolor","Ericaceae","Erica discolor","Erica discolor","Ericaceae",1,0,1,0,1,0,0,1,0,0,0,"Jan","Dec",NA,NA,100,0,0,0,1,0,0,0,0,0,0,0,0,0,0,0,0,"leaf",1,0,0,0,0,0,0.538,0,0,"leaf",2,"h","m","p","Erica discolor"
"Erica distorta","Erica speciosa","Ericaceae","Erica distorta","Erica distorta","Ericaceae",1,0,1,0,1,0,0,1,0,1,0,"Jul","Mar",NA,NA,100,0,0,0,1,0,0,0,0,0,0,0,0,0,0,0,0,"leaf",1,0,0,0,0,0,0.453333333,0,0,"leaf",2,"h","i","p","Erica distorta"
"Erica dodii","Erica dodii","Ericaceae","Erica dodii","Erica dodii","Ericaceae",1,0,1,0,1,0,0,1,0,0,0,"Oct","Dec",NA,NA,40,0,0,0,1,0,0,0,0,0,0,0,0,0,0,0,0,"leaf",1,0,0,0,0,0,NA,0,0,"leaf",2,"h","i","p","Erica dodii"
"Erica eburnea","Erica eburnea","Ericaceae","Erica eburnea","Erica eburnea","Ericaceae",1,0,1,0,1,0,0,1,0,0,0,"Dec","Jan",NA,NA,60,0,0,0,1,0,0,0,0,0,0,0,0,0,0,0,0,"leaf",1,0,0,0,0,0,NA,0,0,"leaf",2,"h","i","p","Erica eburnea"
"Erica equisetifolia","Erica equisetifolia","Ericaceae","Erica equisetifolia","Erica equisetifolia","Ericaceae",1,0,1,0,1,0,0,1,0,0,0,"Oct","Apr",NA,NA,20,0,0,0,1,0,0,0,0,0,0,0,0,0,0,0,0,"leaf",1,0,0,0,0,0,0.27,0,0,"leaf",2,"h","i","p","Erica equisetifolia"
"Erica ericoides","Erica ericoides","Ericaceae","Erica ericoides","Erica ericoides","Ericaceae",1,0,1,0,1,0,0,1,0,0,0,"Jan","Apr",NA,NA,80,0,0,0,1,0,0,0,0,0,0,0,0,0,0,0,0,"leaf",1,0,0,0,0,0,0.237,0,0,"leaf",2,"h","i","p","Erica ericoides"
"Erica exleeana","Erica exleeana","Ericaceae","Erica exleeana","Erica exleeana","Ericaceae",1,0,1,0,1,0,0,1,0,0,0,"Aug","Apr",NA,NA,30,0,0,0,1,0,0,0,0,0,0,0,0,0,0,0,0,"leaf",0,1,0,0,0,0,0.125,0,0,"leaf",2,"h","w","p","Erica exleeana"
"Erica fascicularis","Erica fascicularis","Ericaceae","Erica fascicularis","Erica fascicularis","Ericaceae",1,0,1,0,1,0,0,1,0,0,0,"Apr","Dec",NA,NA,180,0,0,0,0,1,0,0,0,0,0,0,0,0,0,0,0,"leaf",1,0,0,0,0,0,3.83,0,0,"leaf",2,"m","m","p","Erica fascicularis"
"Erica fastigiata","Erica fastigiata","Ericaceae","Erica fastigiata","Erica fastigiata","Ericaceae",1,0,1,0,1,0,0,1,0,0,0,"Jul","Dec",NA,NA,50,0,0,0,1,0,0,0,0,0,0,0,0,0,0,0,0,"leaf",1,0,0,0,0,0,NA,0,0,"leaf",2,"h","i","p","Erica fastigiata"
"Erica galpinii","Erica galpinii","Ericaceae","Erica galpinii","Erica galpinii","Ericaceae",1,0,1,0,1,0,0,1,0,0,0,"Apr","Jun",NA,NA,90,0,0,0,1,0,0,0,0,0,0,0,0,0,0,0,0,"leaf",1,0,0,0,0,0,NA,0,0,"leaf",2,"h","m","p","Erica galpinii"
"Erica gigantea","Erica gigantea","Ericaceae","Erica gigantea","Erica gigantea","Ericaceae",1,0,1,0,1,0,0,1,0,0,0,"Aug","Sep",NA,NA,200,0,0,0,0,0,1,0,0,0,0,0,0,0,0,0,0,"leaf",1,0,0,0,0,0,NA,0,0,"leaf",2,"h","i","p","Erica gigantea"
"Erica glabella","Erica glabella","Ericaceae","Erica glabella","Erica glabella","Ericaceae",1,0,1,0,1,0,0,1,0,0,0,"Jan","Dec",NA,NA,50,0,0,0,1,0,0,0,0,0,0,0,0,0,0,0,0,"leaf",1,0,0,0,0,0,0.291111111,0,0,"leaf",2,"h","i","p","Erica glabella"
"Erica gnaphaloides","Erica gnaphaloides","Ericaceae","Erica gnaphaloides","Erica gnaphaloides","Ericaceae",1,0,1,0,1,0,0,1,0,0,0,"Aug","Dec",NA,NA,40,0,0,0,1,0,0,0,0,0,0,0,0,0,0,0,0,"leaf",1,0,0,0,0,0,0.205,0,0,"leaf",2,"h","i","p","Erica gnaphaloides"
"Erica gracilipes","Erica gracilipes","Ericaceae","Erica gracilipes","Erica gracilipes","Ericaceae",1,0,1,0,1,0,0,1,0,0,0,"Aug","Dec",NA,NA,30,0,0,0,1,0,0,0,0,0,0,0,0,0,0,0,0,"leaf",1,0,0,0,0,0,NA,0,0,"leaf",2,"h","i","p","Erica gracilipes"
"Erica gracilis","Erica gracilis","Ericaceae","Erica gracilis","Erica gracilis","Ericaceae",1,0,1,0,1,0,0,1,0,0,0,"Jan","Dec",NA,NA,50,0,0,0,1,0,0,0,0,0,0,0,0,0,0,0,0,"leaf",1,0,0,0,0,0,0.284,0,0,"leaf",2,"h","i","p","Erica gracilis"
"Erica granulatifolia","Erica granulatifolia","Ericaceae","Erica granulatifolia","Erica granulatifolia","Ericaceae",1,0,1,0,1,0,0,1,0,0,0,"Oct","Oct",NA,NA,60,0,0,0,1,0,0,0,0,0,0,0,0,0,0,0,0,"leaf",0,1,0,0,0,0,NA,0,0,"leaf",2,"h","w","p","Erica granulatifolia"
"Erica grata","Erica grata","Ericaceae","Erica grata","Erica grata","Ericaceae",1,0,1,0,1,0,0,1,0,0,0,"Aug","Oct",NA,NA,40,0,0,0,1,0,0,0,0,0,0,0,0,0,0,0,0,"leaf",0,1,0,0,0,0,0.428,0,0,"leaf",2,"h","i","p","Erica grata"
"Erica gysbertii","Erica gysbertii","Ericaceae","Erica gysbertii","Erica gysbertii","Ericaceae",1,0,1,0,1,0,0,1,0,0,0,"Nov","Mar",NA,NA,100,0,0,0,1,0,0,0,0,0,0,0,0,0,0,0,0,"leaf",0,1,0,0,0,0,NA,0,0,"leaf",2,"m","i","p","Erica gysbertii"
"Erica haematosiphon","Erica haematosiphon","Ericaceae","Erica haematosiphon","Erica haematosiphon","Ericaceae",1,0,1,0,1,0,0,1,0,0,0,"Nov","Mar",NA,NA,120,0,0,0,0,1,0,0,0,0,0,0,0,0,0,0,0,"leaf",1,0,0,0,0,0,NA,0,0,"leaf",2,"h","m","p","Erica haematosiphon"
"Erica hirtiflora","Erica hirtiflora","Ericaceae","Erica hirtiflora","Erica hirtiflora","Ericaceae",1,0,1,0,1,0,0,1,0,0,0,"Jan","Dec",NA,NA,100,0,0,0,1,0,0,0,0,0,0,0,0,0,0,0,0,"leaf",1,0,0,0,0,0,3.455555556,0,0,"leaf",2,"h","i","p","Erica hirtiflora"
"Erica hispidula","Erica hispidula","Ericaceae","Erica hispidula","Erica hispidula","Ericaceae",1,0,1,0,1,0,0,1,0,0,0,"Jan","Dec",NA,NA,100,0,0,0,1,0,0,0,0,0,0,0,0,0,0,0,0,"leaf",0,1,1,0,0,0,0.351727273,0,0,"leaf",2,"h","w","p","Erica hispidula"
"Erica imbricata","Erica imbricata","Ericaceae","Erica imbricata","Erica imbricata","Ericaceae",1,0,1,0,1,0,0,1,0,0,0,"Jan","Dec",NA,NA,80,0,0,0,1,0,0,0,0,0,0,0,0,0,0,0,0,"leaf",1,0,0,0,0,0,0.363784,0,0,"leaf",2,"h","i","p","Erica imbricata"
"Erica inflata","Erica inflata","Ericaceae","Erica inflata","Erica inflata","Ericaceae",1,0,1,0,1,0,0,1,0,0,0,"Sep","May",NA,NA,100,0,0,0,1,0,0,0,0,0,0,0,0,0,0,0,0,"leaf",1,0,0,0,0,0,NA,0,0,"leaf",2,"h","i","p","Erica inflata"
"Erica infundibuliformis","Erica infundibuliformis","Ericaceae","Erica infundibuliformis","Erica infundibuliformis","Ericaceae",1,0,1,0,1,0,0,1,0,0,0,"Nov","Jul",NA,NA,90,0,0,0,1,0,0,0,0,0,0,0,0,0,0,0,0,"leaf",1,0,0,0,0,0,NA,0,0,"leaf",2,"h","i","p","Erica infundibuliformis"
"Erica intervallaris","Erica intervallaris","Ericaceae","Erica intervallaris","Erica intervallaris","Ericaceae",1,0,1,0,1,0,0,1,0,0,0,"Jul","Jan",NA,NA,60,0,0,0,1,0,0,0,0,0,0,0,0,0,0,0,0,"leaf",1,0,0,0,0,0,0.33,0,0,"leaf",2,"h","i","p","Erica intervallaris"
"Erica intonsa","Erica intonsa","Ericaceae","Erica intonsa","Erica intonsa","Ericaceae",1,0,1,0,1,0,0,1,0,0,0,"Oct","Feb",NA,NA,30,0,0,0,1,0,0,0,0,0,0,0,0,0,0,0,0,"leaf",1,1,0,0,0,0,0.264,0,0,"leaf",2,"m","i","p","Erica intonsa"
"Erica kougabergensis","Erica kougabergensis","Ericaceae","Erica kougabergensis","Erica kougabergensis","Ericaceae",1,0,1,0,1,0,0,1,0,0,0,"Sep","Nov",NA,NA,50,0,0,0,1,0,0,0,0,0,0,0,0,0,0,0,0,"leaf",0,1,1,0,0,0,0.246666667,0,0,"leaf",2,"h","i","p","Erica kougabergensis"
"Erica labialis","Erica labialis","Ericaceae","Erica labialis","Erica labialis","Ericaceae",1,0,1,0,1,0,0,1,0,0,0,"Jan","Dec",NA,NA,50,0,0,0,1,0,0,0,0,0,0,0,0,0,0,0,0,"leaf",1,0,0,0,0,0,0.292285714,0,0,"leaf",2,"h","i","p","Erica labialis"
"Erica laeta","Erica laeta","Ericaceae","Erica laeta","Erica laeta","Ericaceae",1,0,1,0,1,0,0,1,0,0,0,"Dec","Apr",NA,NA,40,0,0,0,1,0,0,0,0,0,0,0,0,0,0,0,0,"leaf",1,0,0,0,0,0,0.45875,0,0,"leaf",2,"h","i","p","Erica laeta"
"Erica lasciva","Erica lasciva","Ericaceae","Erica lasciva","Erica lasciva","Ericaceae",1,0,1,0,1,0,0,1,0,1,0,"Feb","Aug",NA,NA,90,0,0,0,1,0,0,0,0,0,0,0,0,0,0,0,0,"leaf",1,0,0,0,0,0,0.2375,0,0,"leaf",3,"h","i","p","Erica lasciva"
"Erica longimontana","Erica longimontana","Ericaceae","Erica longimontana","Erica longimontana","Ericaceae",1,0,1,0,1,0,0,1,0,0,0,"Dec","Jun",NA,NA,60,0,0,0,1,0,0,0,0,0,0,0,0,0,0,0,0,"leaf",0,1,0,0,0,0,NA,0,0,"leaf",2,"h","i","p","Erica longimontana"
"Erica macowanii","Erica macowanii","Ericaceae","Erica macowanii","Erica macowanii","Ericaceae",1,0,1,0,1,0,0,1,0,0,0,"Aug","Mar",NA,NA,150,0,0,0,0,1,0,0,0,0,0,0,0,0,0,0,0,"leaf",1,0,0,0,0,0,NA,0,0,"leaf",2,"h","m","p","Erica macowanii"
"Erica madida","Erica madida","Ericaceae","Erica madida","Erica madida","Ericaceae",1,0,1,0,1,0,0,1,0,0,0,"Nov","Dec",NA,NA,250,0,0,0,0,0,1,0,0,0,0,0,0,0,0,0,0,"leaf",0,0,1,0,0,0,0.2,0,0,"leaf",2,"h","w","p","Erica madida"
"Erica mammosa","Erica mammosa","Ericaceae","Erica mammosa","Erica mammosa","Ericaceae",1,0,1,0,1,0,0,1,0,1,0,"Nov","May",NA,NA,150,0,0,0,0,1,0,0,0,0,0,0,0,0,0,0,0,"leaf",1,0,0,0,0,0,0.844444444,0,0,"leaf",3,"h","m","p","Erica mammosa"
"Erica massonii","Erica massonii","Ericaceae","Erica massonii","Erica massonii","Ericaceae",1,0,1,0,1,0,0,1,0,0,0,"Nov","Mar",NA,NA,100,0,0,0,1,0,0,0,0,0,0,0,0,0,0,0,0,"leaf",1,1,0,0,0,0,0.49,0,0,"leaf",2,"m","m","p","Erica massonii"
"Erica melanthera","Erica melanthera","Ericaceae","Erica melanthera","Erica melanthera","Ericaceae",1,0,1,0,1,0,0,1,0,0,0,"Jun","Dec",NA,NA,60,0,0,0,1,0,0,0,0,0,0,0,0,0,0,0,0,"leaf",1,1,0,0,0,0,0.252,0,0,"leaf",2,"h","i","p","Erica melanthera"
"Erica monadelphia","Erica monadelphia","Ericaceae","Erica monadelphia","Erica monadelphia","Ericaceae",1,0,1,0,1,0,0,1,0,1,0,"Jan","Apr",NA,NA,50,0,0,0,1,0,0,0,0,0,0,0,0,0,0,0,0,"leaf",1,0,0,0,0,0,NA,0,0,"leaf",2,"h","m","p","Erica monadelphia"
"Erica mucronata","Erica mucronata","Ericaceae","Erica mucronata","Erica mucronata","Ericaceae",1,0,1,0,1,0,0,1,0,0,0,"Nov","Jan",NA,NA,50,0,0,0,1,0,0,0,0,0,0,0,0,0,0,0,0,"leaf",1,1,0,0,0,0,NA,0,0,"leaf",2,"h","i","p","Erica mucronata"
"Erica multumbellifera","Erica multumbellifera","Ericaceae","Erica multumbellifera","Erica multumbellifera","Ericaceae",1,0,1,0,1,0,0,1,0,0,0,"Nov","Jun",NA,NA,40,0,0,0,1,0,0,0,0,0,0,0,0,0,0,0,0,"leaf",1,0,0,0,0,0,NA,0,0,"leaf",2,"h","i","p","Erica multumbellifera"
"Erica muscosa","Erica muscosa","Ericaceae","Erica muscosa","Erica muscosa","Ericaceae",1,0,1,0,1,0,0,1,0,0,0,"Jan","Dec",NA,NA,100,0,0,0,1,0,0,0,0,0,0,0,0,0,0,0,0,"leaf",1,0,0,0,0,0,0.476,0,0,"leaf",2,"h","w","p","Erica muscosa"
"Erica nabea","Erica nabea","Ericaceae","Erica nabea","Erica nabea","Ericaceae",1,0,1,0,1,0,0,1,0,0,0,"May","Aug",NA,NA,150,0,0,0,0,1,0,0,0,0,0,0,0,0,0,0,0,"leaf",1,0,0,0,0,0,NA,0,0,"leaf",2,"h","i","p","Erica nabea"
"Erica newdigateae","Erica newdigateae","Ericaceae","Erica newdigateae","Erica newdigateae","Ericaceae",1,0,1,0,1,0,0,1,0,0,0,"Jun","Oct",NA,NA,50,0,0,0,1,0,0,0,0,0,0,0,0,0,0,0,0,"leaf",1,1,0,0,0,0,0.263333333,0,0,"leaf",2,"h","i","p","Erica newdigateae"
"Erica nudiflora","Erica nudiflora","Ericaceae","Erica nudiflora","Erica nudiflora","Ericaceae",1,0,1,0,1,0,0,1,0,0,0,"Feb","Jun",NA,NA,30,0,0,0,1,0,0,0,0,0,0,0,0,0,0,0,0,"leaf",1,0,0,0,0,0,0.375,0,0,"leaf",2,"h","i","p","Erica nudiflora"
"Erica nutans","Erica deliciosa","Ericaceae","Erica nutans","Erica nutans","Ericaceae",1,0,1,0,1,0,0,1,0,0,0,"Jun","Dec",NA,NA,150,0,0,0,0,1,0,0,0,0,0,0,0,0,0,0,0,"leaf",1,0,0,0,0,0,NA,0,0,"leaf",2,"h","i","p","Erica nutans"
"Erica obliqua","Erica obliqua","Ericaceae","Erica obliqua","Erica obliqua","Ericaceae",1,0,1,0,1,0,0,1,0,0,0,"Nov","May",NA,NA,50,0,0,0,1,0,0,0,0,0,0,0,0,0,0,0,0,"leaf",1,0,0,0,0,0,0.3875,0,0,"leaf",2,"h","i","p","Erica obliqua"
"Erica omninoglabra","Erica omninoglabra","Ericaceae","Erica omninoglabra","Erica omninoglabra","Ericaceae",1,0,1,0,1,0,0,1,0,0,0,"Sep","Dec",NA,NA,10,0,0,0,1,0,0,0,0,0,0,0,0,0,0,0,0,"leaf",1,1,0,0,0,0,NA,0,0,"leaf",2,"l","i","p","Erica omninoglabra"
"Erica oresigena","Erica oresigena","Ericaceae","Erica oresigena","Erica oresigena","Ericaceae",1,0,1,0,1,0,0,1,0,0,0,"Oct","Jan",NA,NA,200,0,0,0,0,0,1,0,0,0,0,0,0,0,0,0,0,"leaf",1,0,0,0,0,0,NA,0,0,"leaf",2,"h","i","p","Erica oresigena"
"Erica palliiflora","Erica palliiflora","Ericaceae","Erica palliiflora","Erica palliiflora","Ericaceae",1,0,1,0,1,0,0,1,0,0,0,"Oct","Apr",NA,NA,60,0,0,0,1,0,0,0,0,0,0,0,0,0,0,0,0,"leaf",1,0,0,0,0,0,0.4,0,0,"leaf",2,"m","i","p","Erica palliiflora"
"Erica parilis","Erica parilis","Ericaceae","Erica parilis","Erica parilis","Ericaceae",1,0,1,0,1,0,0,1,0,1,0,"Jan","May",NA,NA,100,0,0,0,1,0,0,0,0,0,0,0,0,0,0,0,0,"leaf",1,0,0,0,0,0,NA,0,0,"leaf",3,"h","i","p","Erica parilis"
"Erica parviflora","Erica parviflora","Ericaceae","Erica parviflora","Erica parviflora","Ericaceae",1,0,1,0,1,0,0,1,0,0,0,"Apr","Nov",NA,NA,100,0,0,0,1,0,0,0,0,0,0,0,0,0,0,0,0,"leaf",1,0,0,0,0,0,NA,0,0,"leaf",2,"h","i","p","Erica parviflora"
"Erica passerinaee","Erica passerinae","Ericaceae","Erica passerina","Erica passerina","Ericaceae",1,0,1,0,1,0,0,1,0,1,0,"Jul","Oct",NA,NA,60,0,0,0,1,0,0,0,0,0,0,0,0,0,0,0,0,"leaf",0,1,1,0,0,0,0.378333333,0,0,"leaf",3,"h","i","p","Erica passerina"
"Erica pectinifolia","Erica pectinifolia","Ericaceae","Erica pectinifolia","Erica pectinifolia","Ericaceae",1,0,1,0,1,0,0,1,0,1,0,"Jan","Dec",NA,NA,150,0,0,0,0,1,0,0,0,0,0,0,0,0,0,0,0,"leaf",1,0,0,0,0,0,0.53,0,0,"leaf",2,"h","m","p","Erica pectinifolia"
"Erica penicilliformis","Erica penicilliformis","Ericaceae","Erica penicilliformis","Erica penicilliformis","Ericaceae",1,0,1,0,1,0,0,1,0,0,0,"Jan","Dec",NA,NA,50,0,0,0,1,0,0,0,0,0,0,0,0,0,0,0,0,"leaf",1,0,0,0,0,0,NA,0,0,"leaf",2,"h","i","p","Erica penicilliformis"
"Erica perspicua","Erica perspicua","Ericaceae","Erica perspicua","Erica perspicua","Ericaceae",1,0,1,0,1,0,0,1,0,0,0,"Sep","Apr",NA,NA,200,0,0,0,0,0,1,0,0,0,0,0,0,0,0,0,0,"leaf",1,0,0,0,0,0,0.338,0,0,"leaf",2,"h","m","p","Erica perspicua"
"Erica petraea","Erica petraea","Ericaceae","Erica petraea","Erica petraea","Ericaceae",1,0,1,0,1,0,0,1,0,0,0,"Jan","Jul",NA,NA,40,0,0,0,1,0,0,0,0,0,0,0,0,0,0,0,0,"leaf",1,1,0,0,0,0,0.283333333,0,0,"leaf",2,"h","i","p","Erica petraea"
"Erica placentiflora","Erica placentiflora","Ericaceae","Erica placentiflora","Erica placentiflora","Ericaceae",1,0,1,0,1,0,0,1,0,0,0,"Jun","Dec",NA,NA,60,0,0,0,1,0,0,0,0,0,0,0,0,0,0,0,0,"leaf",1,0,0,0,0,0,0.3975,0,0,"leaf",2,"h","i","p","Erica placentiflora"
"Erica plukenetii","Erica breviflora","Ericaceae","Erica plukenetii","Erica plukenetii","Ericaceae",1,0,1,0,1,0,0,1,0,0,0,"Sep","Jan",NA,NA,150,0,0,0,0,1,0,0,0,0,0,0,0,0,0,0,0,"leaf",1,0,0,0,0,0,0.961,0,0,"leaf",2,"h","m","p","Erica plukenetii"
"Erica plumosa","Erica plumosa","Ericaceae","Erica plumosa","Erica plumosa","Ericaceae",1,0,1,0,1,0,0,1,0,0,0,"Jun","Sep",NA,NA,50,0,0,0,1,0,0,0,0,0,0,0,0,0,0,0,0,"leaf",0,1,1,0,0,0,0.202,0,0,"leaf",2,"h","i","p","Erica plumosa"
"Erica podophylla","Erica podophylla","Ericaceae","Erica podophylla","Erica podophylla","Ericaceae",1,0,1,0,1,0,0,1,0,0,0,"Oct","Dec",NA,NA,50,0,0,0,1,0,0,0,0,0,0,0,0,0,0,0,0,"leaf",1,0,0,0,0,0,NA,0,0,"leaf",2,"h","i","p","Erica podophylla"
"Erica pubigera","Erica pubigera","Ericaceae","Erica pubigera","Erica pubigera","Ericaceae",1,0,1,0,1,0,0,1,0,0,0,"Aug","Oct",NA,NA,80,0,0,0,1,0,0,0,0,0,0,0,0,0,0,0,0,"leaf",1,0,0,0,0,0,NA,0,0,"leaf",2,"h","i","p","Erica pubigera"
"Erica pulchella","Erica pulchella","Ericaceae","Erica pulchella","Erica pulchella","Ericaceae",1,0,1,0,1,0,0,1,0,0,0,"Dec","May",NA,NA,60,0,0,0,1,0,0,0,0,0,0,0,0,0,0,0,0,"leaf",1,0,0,0,0,0,0.860909091,0,0,"leaf",2,"h","i","p","Erica pulchella"
"Erica quadrangularis","Erica quadrangularis","Ericaceae","Erica quadrangularis","Erica quadrangularis","Ericaceae",1,0,1,0,1,0,0,1,0,0,0,"Jul","Dec",NA,NA,50,0,0,0,1,0,0,0,0,0,0,0,0,0,0,0,0,"leaf",1,0,0,0,0,0,NA,0,0,"leaf",2,"h","i","p","Erica quadrangularis"
"Erica regerminans","Erica regerminans","Ericaceae","Erica regerminans","Erica regerminans","Ericaceae",1,0,1,0,1,0,0,1,0,0,0,"Aug","Dec",NA,NA,150,0,0,0,0,1,0,0,0,0,0,0,0,0,0,0,0,"leaf",1,0,0,0,0,0,NA,0,0,"leaf",2,"h","i","p","Erica regerminans"
"Erica retorta","Erica retorta","Ericaceae","Erica retorta","Erica retorta","Ericaceae",1,0,1,0,1,0,0,1,0,0,0,"Jan","Dec",NA,NA,30,0,0,0,1,0,0,0,0,0,0,0,0,0,0,0,0,"leaf",0,1,0,0,0,0,NA,0,0,"leaf",2,"m","i","p","Erica retorta"
"Erica rhodantha","Erica rhodantha","Ericaceae","Erica rhodella","Erica rhodella","Ericaceae",1,0,1,0,1,0,0,1,0,0,0,"Sep","Oct",NA,NA,30,0,0,0,1,0,0,0,0,0,0,0,0,0,0,0,0,"leaf",1,1,0,0,0,0,NA,0,0,"leaf",2,"h","i","p","Erica rhodella"
"Erica rigidula","Erica rigidula","Ericaceae","Erica rigidula","Erica rigidula","Ericaceae",1,0,1,0,1,0,0,1,0,0,0,"Jul","Jan",NA,NA,50,0,0,0,1,0,0,0,0,0,0,0,0,0,0,0,0,"leaf",0,1,1,0,0,0,0.1,0,0,"leaf",2,"h","w","p","Erica rigidula"
"Erica rosacea","Erica rosacea","Ericaceae","Erica rosacea","Erica rosacea","Ericaceae",1,0,1,0,1,0,0,1,0,1,0,"Mar","Oct",NA,NA,50,0,0,0,1,0,0,0,0,0,0,0,0,0,0,0,0,"leaf",1,0,0,0,0,0,0.185875,0,0,"leaf",2,"h","i","p","Erica rosacea"
"Erica seriphiifolia","Erica seriphiifolia","Ericaceae","Erica seriphiifolia","Erica seriphiifolia","Ericaceae",1,0,1,0,1,0,0,1,0,0,0,"Sep","Jan",NA,NA,30,0,0,0,1,0,0,0,0,0,0,0,0,0,0,0,0,"leaf",1,0,0,0,0,0,NA,0,0,"leaf",2,"h","i","p","Erica seriphiifolia"
"Erica serrata","Erica serrata","Ericaceae","Erica serrata","Erica serrata","Ericaceae",1,0,1,0,1,0,0,1,0,0,0,"Jan","Dec",NA,NA,100,0,0,0,1,0,0,0,0,0,0,0,0,0,0,0,0,"leaf",1,1,0,0,0,0,0.324,0,0,"leaf",2,"h","w","p","Erica serrata"
"Erica sessiliflora","Erica sessiliflora","Ericaceae","Erica sessiliflora","Erica sessiliflora","Ericaceae",1,0,1,0,1,0,0,1,0,0,1,"Jan","Dec",NA,NA,200,0,0,0,0,0,1,0,0,0,0,0,0,0,0,0,0,"leaf",1,0,0,0,0,0,0.698,0,0,"leaf",2,"h","m","p","Erica sessiliflora"
"Erica similis","Erica similis","Ericaceae","Erica similis","Erica similis","Ericaceae",1,0,1,0,1,0,0,1,0,0,0,"Feb","Jul",NA,NA,30,0,0,0,1,0,0,0,0,0,0,0,0,0,0,0,0,"leaf",1,0,0,0,0,0,1.34,0,0,"leaf",2,"h","i","p","Erica similis"
"Erica simulans","Erica simulans","Ericaceae","Erica simulans","Erica simulans","Ericaceae",1,0,1,0,1,0,0,1,0,0,0,"Jan","Dec",NA,NA,200,0,0,0,1,0,0,0,0,0,0,0,0,0,0,0,0,"leaf",1,0,0,0,0,0,NA,0,0,"leaf",2,"h","w","p","Erica simulans"
"Erica sitiens","Erica sitiens","Ericaceae","Erica sitiens","Erica sitiens","Ericaceae",1,0,1,0,1,0,0,1,0,0,0,"Jan","Dec",NA,NA,60,0,0,0,1,0,0,0,0,0,0,0,0,0,0,0,0,"leaf",1,0,0,0,0,0,0.63,0,0,"leaf",2,"h","i","p","Erica sitiens"
"Erica sparrmannii","Erica sparrmannii","Ericaceae","Erica sparrmannii","Erica sparrmannii","Ericaceae",1,0,1,0,1,0,0,1,0,0,0,"Jan","Dec",NA,NA,100,0,0,0,1,0,0,0,0,0,0,0,0,0,0,0,0,"leaf",1,1,0,0,0,0,0.523333333,0,0,"leaf",2,"h","i","p","Erica sparrmannii"
"Erica spumosa","Erica spumosa","Ericaceae","Erica spumosa","Erica spumosa","Ericaceae",1,0,1,0,1,0,0,1,0,0,0,"Aug","Dec",NA,NA,45,0,0,0,1,0,0,0,0,0,0,0,0,0,0,0,0,"leaf",1,0,0,0,0,0,0.38,0,0,"leaf",2,"m","i","p","Erica spumosa"
"Erica squarrosa","Erica squarrosa","Ericaceae","Erica squarrosa","Erica squarrosa","Ericaceae",1,0,1,0,1,0,0,1,0,0,0,"Nov","Feb",NA,NA,30,0,0,0,1,0,0,0,0,0,0,0,0,0,0,0,0,"leaf",1,1,0,0,0,0,NA,0,0,"leaf",2,"h","i","p","Erica squarrosa"
"Erica stenantha","Erica stenantha","Ericaceae","Erica cylindrica","Erica cylindrica","Ericaceae",1,0,1,0,1,0,0,1,0,0,0,"Aug","Dec",NA,NA,50,0,0,0,1,0,0,0,0,0,0,0,0,0,0,0,0,"leaf",1,0,0,0,0,0,NA,0,0,"leaf",2,"h","i","p","Erica cylindrica"
"Erica strigilifolia","Erica strigilifolia","Ericaceae","Erica strigilifolia","Erica strigilifolia","Ericaceae",1,0,1,0,1,0,0,1,0,1,0,"Jan","Dec",NA,NA,100,0,0,0,1,0,0,0,0,0,0,0,0,0,0,0,0,"leaf",1,0,0,0,0,0,0.523888889,0,0,"leaf",2,"h","i","p","Erica strigilifolia"
"Erica subcapitata","Erica subcapitata","Ericaceae","Erica subcapitata","Erica subcapitata","Ericaceae",1,0,1,0,1,0,0,1,0,0,0,"Sep","Apr",NA,NA,80,0,0,0,1,0,0,0,0,0,0,0,0,0,0,0,0,"leaf",1,0,0,0,0,0,0.284,0,0,"leaf",2,"h","w","p","Erica subcapitata"
"Erica subdivaricata","Erica subdivaricata","Ericaceae","Erica subdivaricata","Erica subdivaricata","Ericaceae",1,0,1,0,1,0,0,1,0,0,0,"Jan","Jun","Nov","Nov",100,0,0,0,1,0,0,0,0,0,0,0,0,0,0,0,0,"leaf",1,0,0,0,0,0,0.3132,0,0,"leaf",2,"m","i","p","Erica subdivaricata"
"Erica thamnoides","Erica thamnoides","Ericaceae","Erica thamnoides","Erica thamnoides","Ericaceae",1,0,1,0,1,0,0,1,0,0,0,"Jan","Dec",NA,NA,150,0,0,0,0,1,0,0,0,0,0,0,0,0,0,0,0,"leaf",1,0,0,0,0,0,0.166666667,0,0,"leaf",2,"h","w","p","Erica thamnoides"
"Erica thomae","Erica tenax","Ericaceae","Erica thomae","Erica thomae","Ericaceae",1,0,1,0,1,0,0,1,0,0,0,"Dec","Mar",NA,NA,100,0,0,0,1,0,0,0,0,0,0,0,0,0,0,0,0,"leaf",1,0,0,0,0,0,1.344,0,0,"leaf",2,"h","m","p","Erica thomae"
"Erica trachysantha","Erica trachysantha","Ericaceae","Erica trachysantha","Erica trachysantha","Ericaceae",1,0,1,0,1,0,0,1,0,0,0,"Aug","Nov",NA,NA,60,0,0,0,1,0,0,0,0,0,0,0,0,0,0,0,0,"leaf",0,1,1,0,0,0,NA,0,0,"leaf",2,"m","i","p","Erica trachysantha"
"Erica tragulifera","Erica tragulifera","Ericaceae","Erica tragulifera","Erica tragulifera","Ericaceae",1,0,1,0,1,0,0,1,0,0,0,"Jul","Nov",NA,NA,50,0,0,0,1,0,0,0,0,0,0,0,0,0,0,0,0,"leaf",1,0,0,0,0,0,NA,0,0,"leaf",2,"h","i","p","Erica tragulifera"
"Erica transparens","Erica transparens","Ericaceae","Erica transparens","Erica transparens","Ericaceae",1,0,1,0,1,0,0,1,0,0,0,"Nov","Mar",NA,NA,40,0,0,0,1,0,0,0,0,0,0,0,0,0,0,0,0,"leaf",1,0,0,0,0,0,NA,0,0,"leaf",2,"h","i","p","Erica transparens"
"Erica triceps","Erica triceps","Ericaceae","Erica triceps","Erica triceps","Ericaceae",1,0,1,0,1,0,0,1,0,0,0,"Jan","Dec",NA,NA,60,0,0,0,1,0,0,0,0,0,0,0,0,0,0,0,0,"leaf",1,0,0,0,0,0,0.392,0,0,"leaf",2,"h","i","p","Erica triceps"
"Erica tristis","Erica tristis","Ericaceae","Erica tristis","Erica tristis","Ericaceae",1,0,1,0,1,0,0,1,0,0,0,"Nov","May",NA,NA,300,0,0,0,0,0,1,1,0,0,0,0,0,0,0,0,0,"leaf",1,1,0,0,0,0,0.28,0,0,"leaf",3,"h","w","p","Erica tristis"
"Erica uberiflora","Erica uberiflora","Ericaceae","Erica uberiflora","Erica uberiflora","Ericaceae",1,0,1,0,1,0,0,1,0,0,0,"Nov","May",NA,NA,100,0,0,0,1,0,0,0,0,0,0,0,0,0,0,0,0,"leaf",1,0,0,0,0,0,NA,0,0,"leaf",2,"h","i","p","Erica uberiflora"
"Erica umbelliflora","Erica umbelliflora","Ericaceae","Erica umbelliflora","Erica umbelliflora","Ericaceae",1,0,1,0,1,0,0,1,0,1,0,"May","Nov",NA,NA,40,0,0,0,1,0,0,0,0,0,0,0,0,0,0,0,0,"leaf",1,1,0,0,0,0,0.316666667,0,0,"leaf",2,"h","i","p","Erica umbelliflora"
"Erica unilateralis","Erica unilateralis","Ericaceae","Erica unilateralis","Erica unilateralis","Ericaceae",1,0,1,0,1,0,0,1,0,1,0,"Feb","Aug",NA,NA,60,0,0,0,1,0,0,0,0,0,0,0,0,0,0,0,0,"leaf",1,0,0,0,0,0,NA,0,0,"leaf",2,"h","i","p","Erica unilateralis"
"Erica velitaris","Erica velitaris","Ericaceae","Erica velitaris","Erica velitaris","Ericaceae",1,0,1,0,1,0,0,1,0,0,0,NA,NA,NA,NA,30,0,0,0,1,0,0,0,0,0,0,0,0,0,0,0,0,"leaf",1,0,0,0,0,0,NA,0,0,"leaf",2,"h","i","p","Erica velitaris"
"Erica verecunda","Erica verecunda","Ericaceae","Erica verecunda","Erica verecunda","Ericaceae",1,0,1,0,1,0,0,1,0,1,0,"Jan","Jul",NA,NA,150,0,0,0,0,1,0,0,0,0,0,0,0,0,0,0,0,"leaf",1,1,0,0,0,0,0.424,0,0,"leaf",2,"h","i","p","Erica verecunda"
"Erica versicolor","Erica versicolor","Ericaceae","Erica versicolor","Erica versicolor","Ericaceae",1,0,1,0,1,0,0,1,0,0,0,"Jan","Dec",NA,NA,200,0,0,0,0,0,1,0,0,0,0,0,0,0,0,0,0,"leaf",1,0,0,0,0,0,0.535,0,0,"leaf",2,"h","m","p","Erica versicolor"
"Erica vestita","Erica vestita","Ericaceae","Erica vestita","Erica vestita","Ericaceae",1,0,1,0,1,0,0,1,0,0,0,"Jan","Dec",NA,NA,100,0,0,0,1,0,0,0,0,0,0,0,0,0,0,0,0,"leaf",1,0,0,0,0,0,1.948,0,0,"leaf",2,"h","m","p","Erica vestita"
"Erica viscaria","Erica patersonia","Ericaceae","Erica viscaria","Erica viscaria","Ericaceae",1,0,1,0,1,0,0,1,0,0,0,"Apr","Nov",NA,NA,100,0,0,0,1,0,0,0,0,0,0,0,0,0,0,0,0,"leaf",1,0,0,0,0,0,5.462,0,0,"leaf",2,"h","m","p","Erica viscaria"
"Erica winteri","Erica winteri","Ericaceae","Erica lambertii","Erica lambertii","Ericaceae",1,0,1,0,1,0,0,1,0,0,0,"May","Oct",NA,NA,100,0,0,0,1,0,0,0,0,0,0,0,0,0,0,0,0,"leaf",1,0,0,0,0,0,NA,0,0,"leaf",2,"h","i","p","Erica lambertii"
"Eriocephalus africanus","Eriocephalus africanus","Asteraceae","Eriocephalus africanus","Eriocephalus africanus","Asteraceae",1,0,1,0,1,0,0,0,0,0,0,"Jan","Jun",NA,NA,100,0,0,0,1,0,0,0,0,0,0,0,0,0,0,0,0,"leaf",1,0,0,0,0,0,0.974117647,0,0,"leaf",2,"h","i","w","Eriocephalus africanus"
"Eriocephalus racemosus","Eriocephalus racemosus","Asteraceae","Eriocephalus racemosus","Eriocephalus racemosus","Asteraceae",1,0,1,0,1,0,0,0,0,0,0,"Jul","Sep",NA,NA,150,0,0,0,0,1,0,0,0,0,0,0,0,0,0,0,0,"leaf",1,0,0,0,0,0,0.62,0,0,"leaf",2,"h","i","w","Eriocephalus racemosus"
"Eriospermum capense","Eriospermum capense","Convallariaceae","Eriospermum capense","Eriospermum capense","Asparagaceae",1,0,1,0,0,1,1,1,0,1,0,"Nov","Mar",NA,NA,50,0,1,0,0,0,0,0,0,0,0,0,0,0,0,0,0,"leaf",0,0,1,0,0,0,NA,0,0,"leaf",2,"l","i","w","Eriospermum capense"
"Eriospermum lanuginosum","Eriospermum lanuginosum","Convallariaceae","Eriospermum lanuginosum","Eriospermum lanuginosum","Asparagaceae",1,0,1,0,0,1,1,1,0,1,0,"Feb","Mar",NA,NA,38,0,1,0,0,0,0,0,0,0,0,0,0,0,0,0,0,"leaf",0,0,1,0,0,0,NA,0,0,"leaf",2,"l","i","w","Eriospermum lanuginosum"
"Euchaetis vallis-simiae","Euchaetis vallis-simiae","Rutaceae","Euchaetis vallis-simiae","Euchaetis vallis-simiae","Rutaceae",1,0,1,0,1,0,0,0,0,0,0,"Aug","Oct",NA,NA,120,0,0,0,1,0,0,0,0,0,0,0,0,0,0,0,0,"leaf",0,0,1,0,0,0,0.555,0,0,"leaf",2,"h","i","p","Euchaetis vallis-simiae"
"Euclea acutifolia","Euclea acutifolia","Ebenaceae","Euclea acutifolia","Euclea acutifolia","Ebenaceae",1,0,0,1,1,0,0,0,0,1,0,"Aug","Sep",NA,NA,100,0,0,0,1,0,0,0,0,0,0,0,0,0,0,0,0,"leaf",0,0,1,0,0,0,NA,0,0,"leaf",3,"h","i","m","Euclea acutifolia"
"Euclea crispa","Euclea crispa","Ebenaceae","Euclea crispa","Euclea crispa","Ebenaceae",1,0,0,1,1,0,0,0,0,1,0,"Sep","Feb",NA,NA,800,0,0,0,0,0,1,1,0,0,0,0,0,0,0,0,0,"leaf",0,1,1,0,0,0,NA,0,0,"leaf",3,"h","i","m","Euclea crispa"
"Euclea lancea","Euclea lancea","Ebenaceae","Euclea lancea","Euclea lancea","Ebenaceae",1,0,0,1,1,0,0,0,0,1,0,"Sep","Sep",NA,NA,100,0,0,0,1,0,0,0,0,0,0,0,0,0,0,0,0,"leaf",0,0,1,0,0,0,5.1,0,0,"leaf",3,"h","i","m","Euclea lancea"
"Euclea natalensis","Euclea natalensis","Ebenaceae","Euclea natalensis","Euclea natalensis","Ebenaceae",1,0,0,1,1,0,0,0,0,1,0,"May","Jan",NA,NA,1200,0,0,0,0,0,1,1,0,0,0,0,0,0,0,0,0,"leaf",0,0,1,0,0,0,NA,0,0,"leaf",3,"h","i","m","Euclea natalensis"
"Euclea polyandra","Euclea polyandra","Ebenaceae","Euclea polyandra","Euclea polyandra","Ebenaceae",1,0,0,1,1,0,0,0,0,1,0,"Oct","Nov",NA,NA,250,0,0,0,0,1,1,0,0,0,0,0,0,0,0,0,0,"leaf",0,0,1,0,0,0,4.145454545,0,0,"leaf",3,"h","i","m","Euclea polyandra"
"Euclea racemosa","Euclea racemosa","Ebenaceae","Euclea racemosa","Euclea racemosa","Ebenaceae",1,0,0,1,1,0,0,0,0,1,0,"Dec","Jun",NA,NA,600,0,0,0,0,0,1,1,0,0,0,0,0,0,0,0,0,"leaf",0,0,1,0,0,0,4.06,0,0,"leaf",3,"h","i","m","Euclea racemosa"
"Euclea schimperi","Euclea schimperi","Ebenaceae","Euclea racemosa subsp. schimperi","Euclea racemosa subsp. schimperi","Ebenaceae",1,0,0,1,1,0,0,0,0,1,0,"Dec","May",NA,NA,800,0,0,0,0,0,0,1,0,0,0,0,0,0,0,0,0,"leaf",0,0,1,0,0,0,3.783333333,0,0,"leaf",3,"h","i","m","Euclea racemosa subsp. schimperi"
"Euclea tomentosa","Euclea tomentosa","Ebenaceae","Euclea tomentosa","Euclea tomentosa","Ebenaceae",1,0,0,1,1,0,0,0,0,1,0,"Sep","Oct",NA,NA,150,0,0,0,0,0,1,1,0,0,0,0,0,0,0,0,0,"leaf",0,0,1,0,0,0,5.9,0,0,"leaf",3,"h","i","m","Euclea tomentosa"
"Euclea undulata","Euclea undulata","Ebenaceae","Euclea undulata","Euclea undulata","Ebenaceae",1,0,0,1,1,0,0,0,0,1,0,"Dec","Apr",NA,NA,700,0,0,0,0,0,1,1,0,0,0,0,0,0,0,0,0,"leaf",0,1,0,0,0,0,2.266666667,0,0,"leaf",3,"m","i","m","Euclea undulata"
"Euphorbia erythrina","Euphorbia erythrina","Euphorbiaceae","Euphorbia genistoides","Euphorbia genistoides","Euphorbiaceae",1,0,1,0,1,0,0,0,0,0,0,"Jul","Oct",NA,NA,80,1,0,0,0,0,0,0,0,0,0,0,0,0,0,0,0,"leaf",0,0,1,0,0,0,0.9,0,0,"leaf",2,"l","i","i","Euphorbia genistoides"
"Euphorbia genistoides","Euphorbia genistoides","Euphorbiaceae","Euphorbia genistoides","Euphorbia genistoides","Euphorbiaceae",1,0,1,0,1,0,0,0,0,0,0,"Jul","Oct",NA,NA,80,1,0,0,0,0,0,0,0,0,0,0,0,0,0,0,0,"leaf",1,0,0,0,0,0,1.5,0,0,"leaf",2,"l","i","i","Euphorbia genistoides"
"Euphorbia grandidens","Euphorbia grandidens","Euphorbiaceae","Euphorbia grandidens","Euphorbia grandidens","Euphorbiaceae",1,0,1,0,1,1,0,0,0,0,0,"Jun","Aug",NA,NA,1600,0,0,0,0,0,0,1,0,0,0,0,0,1,0,1,0,"leaf",0,0,1,0,0,0,12.02,1,1,"culm_stem",3,"l","i","i","Euphorbia grandidens"
"Euphorbia heptagona","Euphorbia heptagona","Euphorbiaceae","Euphorbia heptagona","Euphorbia heptagona","Euphorbiaceae",1,0,1,0,1,0,0,0,0,0,0,"Jun","Nov",NA,NA,100,0,0,0,0,1,0,0,0,0,0,0,0,1,0,1,0,"leaf",0,0,1,0,0,0,11.855,1,1,"culm_stem",3,"l","i","i","Euphorbia heptagona"
"Euphorbia loricata","Euphorbia loricata","Euphorbiaceae","Euphorbia loricata","Euphorbia loricata","Euphorbiaceae",1,0,1,0,1,0,0,0,0,0,0,"May","Sep",NA,NA,150,0,0,0,0,1,0,0,0,0,0,0,0,1,0,1,0,"leaf",0,1,0,0,0,0,2.9,0,1,"mixed",3,"l","i","i","Euphorbia loricata"
"Euphorbia mauritanica","Euphorbia mauritanica","Euphorbiaceae","Euphorbia mauritanica","Euphorbia mauritanica","Euphorbiaceae",1,0,1,0,1,0,0,0,0,0,0,"May","Oct",NA,NA,200,0,0,0,0,0,1,0,0,0,0,0,0,1,0,1,0,"leaf",0,1,0,0,0,0,11.34333333,1,1,"culm_stem",3,"l","i","i","Euphorbia mauritanica"
"Euphorbia polygona","Euphorbia polygona","Euphorbiaceae","Euphorbia polygona","Euphorbia polygona","Euphorbiaceae",1,0,1,0,1,0,0,0,0,0,0,"Feb","Jun",NA,NA,200,0,0,0,0,0,1,0,0,0,0,0,0,1,0,1,0,"leaf",0,1,0,0,0,0,NA,1,1,"culm_stem",3,"l","i","i","Euphorbia polygona"
"Euphorbia rhombifolia","Euphorbia rhombifolia","Euphorbiaceae","Euphorbia rhombifolia","Euphorbia rhombifolia","Euphorbiaceae",1,0,1,0,1,0,0,0,0,0,0,"Jun","Nov",NA,NA,50,0,0,0,1,0,0,0,0,0,0,0,0,1,0,1,0,"leaf",0,1,0,0,0,0,13.83333333,1,1,"culm_stem",3,"l","i","i","Euphorbia rhombifolia"
"Euphorbia silenifolia","Euphorbia silenifolia","Euphorbiaceae","Euphorbia silenifolia","Euphorbia silenifolia","Euphorbiaceae",1,0,1,0,1,0,0,0,0,1,0,"Jun","Sep",NA,NA,5,1,0,0,0,0,0,0,0,0,0,0,0,1,0,1,1,"leaf",0,1,0,0,0,0,32.91,0,0,"leaf",3,"l","i","i","Euphorbia silenifolia"
"Euphorbia tuberosa","Euphorbia tuberosa","Euphorbiaceae","Euphorbia tuberosa","Euphorbia tuberosa","Euphorbiaceae",1,0,0,1,1,0,0,0,0,1,0,"Jun","Sep",NA,NA,5,1,0,0,0,0,0,0,0,0,0,0,0,1,0,1,1,"leaf",0,1,0,0,0,0,3.2,0,0,"leaf",3,"l","i","i","Euphorbia tuberosa"
"Euryops abrotanifolius","Euryops abrotanifolius","Asteraceae","Euryops abrotanifolius","Euryops abrotanifolius","Asteraceae",1,0,1,0,1,0,0,0,0,0,0,"Jul","Dec",NA,NA,100,0,0,0,1,0,0,0,0,0,0,0,0,0,0,0,0,"leaf",1,0,0,0,1,1,3.6625,0,0,"leaf",2,"m","i","i","Euryops abrotanifolius"
"Euryops erectus","Euryops erectus","Asteraceae","Euryops erectus","Euryops erectus","Asteraceae",1,0,1,0,1,0,0,0,0,0,0,"Aug","Oct",NA,NA,100,0,0,0,1,0,0,0,0,0,0,0,0,0,0,0,0,"leaf",1,0,0,0,0,0,NA,0,0,"leaf",2,"h","i","i","Euryops erectus"
"Euryops euryopoides","Euryops euryopoides","Asteraceae","Euryops euryopoides","Euryops euryopoides","Asteraceae",1,0,1,0,1,0,0,0,0,0,0,"Mar","Dec",NA,NA,90,0,0,0,1,0,0,0,0,0,0,0,0,0,0,0,0,"leaf",1,0,0,0,1,0,NA,0,0,"leaf",2,"h","i","i","Euryops euryopoides"
"Euryops munitus","Euryops munitus","Asteraceae","Euryops munitus","Euryops munitus","Asteraceae",1,0,1,0,1,0,0,0,0,0,0,"Mar","Jun",NA,NA,40,0,0,0,1,0,0,0,0,0,0,0,0,0,0,0,0,"leaf",1,0,0,0,1,0,0.511666667,0,0,"leaf",2,"m","i","i","Euryops munitus"
"Euryops pinnatipartitus","Euryops pinnatipartitus","Asteraceae","Euryops pinnatipartitus","Euryops pinnatipartitus","Asteraceae",1,0,1,0,1,0,0,0,0,0,0,"Jul","Jan",NA,NA,90,0,0,0,1,0,0,0,0,0,0,0,0,0,0,0,0,"leaf",1,0,0,0,1,1,1.3,0,0,"leaf",2,"m","i","i","Euryops pinnatipartitus"
"Euryops rehmannii","Euryops rehmannii","Asteraceae","Euryops rehmannii","Euryops rehmannii","Asteraceae",1,0,1,0,1,0,0,0,0,0,0,"Jul","Oct",NA,NA,40,0,0,0,1,0,0,0,0,0,0,0,0,0,0,0,0,"leaf",1,0,0,0,1,0,2.266666667,0,0,"leaf",2,"h","i","i","Euryops rehmannii"
"Euryops spathaceus","Euryops spathaceus","Asteraceae","Euryops spathaceus","Euryops spathaceus","Asteraceae",1,0,1,0,1,0,0,0,0,1,0,"Jan","Apr",NA,NA,100,0,0,0,1,0,0,0,0,0,0,0,0,0,0,0,0,"leaf",1,1,0,0,0,0,2.9,0,0,"leaf",2,"h","i","i","Euryops spathaceus"
"Euryops speciosissimus","Euryops speciosissimus","Asteraceae","Euryops speciosissimus","Euryops speciosissimus","Asteraceae",1,0,1,0,1,0,0,0,0,0,0,"Aug","Nov",NA,NA,200,0,0,0,0,0,1,0,0,0,0,0,0,0,0,0,0,"leaf",1,0,0,0,1,1,12.6,0,0,"leaf",2,"h","i","i","Euryops speciosissimus"
"Euryops tenuissimus","Euryops tenuissimus","Asteraceae","Euryops tenuissimus","Euryops tenuissimus","Asteraceae",1,0,1,0,1,0,0,0,0,1,0,"Aug","Oct",NA,NA,250,0,0,0,0,0,1,0,0,0,0,0,0,0,0,0,0,"leaf",1,0,0,0,1,0,3.892,0,0,"leaf",2,"h","i","i","Euryops tenuissimus"
"Euryops ursinoides","Euryops ursinoides","Asteraceae","Euryops ursinoides","Euryops ursinoides","Asteraceae",1,0,1,0,1,0,0,0,0,0,0,"Jul","Dec",NA,NA,200,0,0,0,0,0,1,0,0,0,0,0,0,0,0,0,0,"leaf",1,0,0,0,1,0,NA,0,0,"leaf",2,"h","i","i","Euryops ursinoides"
"Eustachys paspaloides","Eustachys paspaloides","Poaceae","Eustachys paspaloides","Eustachys paspaloides","Poaceae",1,0,1,0,1,0,0,0,0,1,0,"Oct","May",NA,NA,100,0,0,1,0,0,0,0,0,0,0,0,0,0,0,0,0,"leaf",0,1,0,0,0,0,8.2,0,0,"leaf",2,"m","w","w","Eustachys paspaloides"
"Evotella carnosa","Corycium carnosum","Orchidaceae","Evotella carnosa","Evotella carnosa","Orchidaceae",1,0,1,0,0,1,1,1,1,1,0,"Oct","Jan",NA,NA,55,0,1,0,0,0,0,0,0,0,0,0,0,0,0,0,0,"leaf",0,1,0,0,0,0,NA,0,0,"leaf",2,"l","i","p","Evotella carnosa"
"Exomis microphylla","Exomis microphylla","Amaranthaceae","Exomis microphylla","Exomis microphylla","Chenopodiaceae",1,0,1,0,1,0,0,0,0,0,0,"Jan","Apr",NA,NA,100,0,0,0,1,0,0,0,0,0,0,0,0,0,0,0,0,"leaf",0,0,1,0,0,0,1.6,0,0,"leaf",3,"m","i","p","Exomis microphylla"
"Falkia repens","Falkia repens","Convolvulaceae","Falkia repens","Falkia repens","Convolvulaceae",1,0,1,0,1,0,0,0,0,0,0,"Oct","Dec",NA,NA,5,1,0,0,0,0,0,0,1,0,0,0,0,0,0,0,0,"leaf",0,0,1,0,0,0,NA,0,0,"leaf",2,"l","i","p","Falkia repens"
"Felicia cymbalariae","Felicia cymbalariae","Asteraceae","Felicia cymbalariae","Felicia cymbalariae","Asteraceae",1,0,1,0,1,0,0,1,0,0,0,"Sep","Feb",NA,NA,30,1,0,0,0,0,0,0,0,0,0,0,0,0,0,0,0,"leaf",0,0,1,0,0,0,NA,0,0,"leaf",2,"l","i","w","Felicia cymbalariae"
"Felicia diffusa","Felicia diffusa","Asteraceae","Felicia diffusa","Felicia diffusa","Asteraceae",1,0,1,0,1,0,0,1,0,0,0,"Oct","Oct",NA,NA,15,0,0,0,1,0,0,0,0,0,0,0,0,0,0,0,0,"leaf",0,0,1,0,0,0,NA,0,0,"leaf",2,"l","i","w","Felicia diffusa"
"Felicia filifolia","Felicia filifolia","Asteraceae","Felicia filifolia","Felicia filifolia","Asteraceae",1,0,1,0,1,0,0,0,0,0,0,"Oct","Dec",NA,NA,100,0,0,0,1,0,0,0,0,0,0,0,0,0,0,0,0,"leaf",1,0,0,0,0,0,1.165,0,0,"leaf",3,"h","i","w","Felicia filifolia"
"Felicia fruticosa","Felicia fruticosa","Asteraceae","Felicia fruticosa","Felicia fruticosa","Asteraceae",1,0,1,0,1,0,0,1,0,0,0,"Sep","Nov",NA,NA,100,0,0,0,1,0,0,0,0,0,0,0,0,0,0,0,0,"leaf",0,1,0,0,0,0,NA,0,0,"leaf",3,"h","i","w","Felicia fruticosa"
"Felicia joubertinae","Felicia joubertinae","Asteraceae","Felicia joubertinae","Felicia joubertinae","Asteraceae",1,0,1,0,1,0,0,1,0,0,0,"Oct","Jan",NA,NA,40,0,0,0,1,0,0,0,0,0,0,0,0,0,0,0,0,"leaf",0,1,0,0,0,0,NA,0,0,"leaf",2,"l","i","w","Felicia joubertinae"
"Felicia microcephala","Felicia microcephala","Asteraceae","Felicia microcephala","Felicia microcephala","Asteraceae",1,0,1,0,1,0,0,1,0,0,0,"Sep","Jan",NA,NA,120,0,0,0,1,0,0,0,0,0,0,0,0,0,0,0,0,"leaf",0,0,1,0,0,0,NA,0,0,"leaf",2,"l","i","w","Felicia microcephala"
"Felicia muricata","Felicia muricata","Asteraceae","Felicia muricata","Felicia muricata","Asteraceae",1,0,1,0,1,0,0,0,0,0,0,"Nov","Apr",NA,NA,70,0,0,0,1,0,0,0,0,0,0,0,0,0,0,0,0,"leaf",1,0,0,0,0,0,0.658,0,0,"leaf",2,"m","i","w","Felicia muricata"
"Festuca scabra","Festuca scabra","Poaceae","Festuca scabra","Festuca scabra","Poaceae",1,0,1,0,1,0,0,1,0,1,0,"Sep","Dec",NA,NA,90,0,0,1,0,0,0,0,0,0,0,0,0,0,0,0,0,"leaf",1,0,0,0,0,0,13.44,0,0,"leaf",2,"h","w","w","Festuca scabra"
"Ficinia acuminata","Ficinia acuminata","Cyperaceae","Ficinia acuminata","Ficinia acuminata","Cyperaceae",1,0,1,0,1,0,0,0,0,1,0,"Aug","Dec",NA,NA,70,0,0,1,0,0,0,0,0,0,0,0,0,0,0,0,0,"leaf",1,0,0,0,0,0,43.51,0,1,"culm_stem",2,"m","w","i","Ficinia acuminata"
"Ficinia anceps","Ficinia anceps","Cyperaceae","Ficinia anceps","Ficinia anceps","Cyperaceae",1,0,1,0,1,0,0,0,0,1,0,"Apr","Nov",NA,NA,25,0,0,1,0,0,0,0,0,0,0,0,0,0,0,0,0,"leaf",1,0,0,0,0,0,5.833333333,0,1,"mixed",1,"m","w","i","Ficinia anceps"
"Ficinia brevifolia","Ficinia brevifolia","Cyperaceae","Ficinia brevifolia","Ficinia brevifolia","Cyperaceae",1,0,1,0,1,0,0,0,0,1,0,"Aug","Dec",NA,NA,60,0,0,1,0,0,0,0,0,0,0,0,0,0,0,0,0,"leaf",1,0,0,0,0,0,61.65454545,0,1,"mixed",1,"m","w","i","Ficinia brevifolia"
"Ficinia bulbosa","Ficinia bulbosa","Cyperaceae","Ficinia bulbosa","Ficinia bulbosa","Cyperaceae",1,0,1,0,1,0,0,0,0,1,0,"Feb","Sep",NA,NA,30,0,0,1,0,0,0,0,0,0,0,0,0,0,0,0,0,"leaf",1,0,0,0,0,0,6.558823529,0,1,"mixed",1,"l","w","i","Ficinia bulbosa"
"Ficinia capillifolia","Ficinia capillifolia","Cyperaceae","Ficinia capillifolia","Ficinia capillifolia","Cyperaceae",1,0,1,0,1,0,0,0,0,1,0,"Sep","Nov",NA,NA,30,0,0,1,0,0,0,0,0,0,0,0,0,0,0,0,0,"leaf",1,0,0,0,0,0,NA,0,1,"mixed",1,"m","w","i","Ficinia capillifolia"
"Ficinia capitella","Ficinia capitella","Cyperaceae","Ficinia capitella","Ficinia capitella","Cyperaceae",1,0,1,0,1,0,0,0,0,1,0,"Jul","Nov",NA,NA,25,0,0,1,0,0,0,0,0,0,0,0,0,0,0,0,0,"leaf",1,0,0,0,0,0,15.63333333,0,1,"mixed",1,"l","w","i","Ficinia capitella"
"Ficinia cedarbergensis","Ficinia cedarbergensis","Cyperaceae","Ficinia cedarbergensis","Ficinia cedarbergensis","Cyperaceae",1,0,1,0,1,0,0,0,0,1,0,"Sep","Apr",NA,NA,60,0,0,1,0,0,0,0,0,0,0,0,0,0,0,0,0,"leaf",1,0,0,0,0,0,30.74,0,1,"mixed",2,"m","w","i","Ficinia cedarbergensis"
"Ficinia deusta","Ficinia deusta","Cyperaceae","Ficinia deusta","Ficinia deusta","Cyperaceae",1,0,1,0,1,0,0,0,0,1,0,"Mar","Aug",NA,NA,40,0,0,1,0,0,0,0,0,0,0,0,0,0,0,0,0,"leaf",1,0,0,0,0,0,21.26296296,0,1,"mixed",2,"m","w","i","Ficinia deusta"
"Ficinia dunensis","Ficinia dunensis","Cyperaceae","Ficinia dunensis","Ficinia dunensis","Cyperaceae",1,0,1,0,1,0,0,0,0,1,0,"Aug","Oct",NA,NA,20,0,0,1,0,0,0,0,0,0,0,0,0,0,0,0,0,"leaf",1,0,0,0,0,0,28.0375,0,1,"mixed",2,"m","w","i","Ficinia dunensis"
"Ficinia fascicularis","Ficinia fascicularis","Cyperaceae","Ficinia fascicularis","Ficinia fascicularis","Cyperaceae",1,0,1,0,1,0,0,0,0,1,0,"Oct","Nov",NA,NA,60,0,0,1,0,0,0,0,0,0,0,0,0,0,0,0,0,"leaf",1,0,0,0,0,0,NA,0,1,"mixed",2,"h","w","i","Ficinia fascicularis"
"Ficinia indica","Ficinia indica","Cyperaceae","Ficinia indica","Ficinia indica","Cyperaceae",1,0,1,0,1,0,0,0,0,1,0,"Jul","Nov",NA,NA,40,0,0,1,0,0,0,0,0,0,0,0,0,0,0,0,0,"leaf",1,0,0,0,0,0,17.24166667,0,1,"mixed",2,"m","w","i","Ficinia indica"
"Ficinia laciniata","Ficinia laciniata","Cyperaceae","Ficinia laciniata","Ficinia laciniata","Cyperaceae",1,0,1,0,1,0,0,0,0,1,0,"Jul","Oct",NA,NA,20,0,0,1,0,0,0,0,0,0,0,0,0,0,0,0,0,"leaf",1,0,0,0,0,0,NA,0,1,"mixed",2,"m","w","i","Ficinia laciniata"
"Ficinia lateralis","Ficinia lateralis","Cyperaceae","Ficinia lateralis","Ficinia lateralis","Cyperaceae",1,0,1,0,1,0,0,0,0,1,0,"Mar","Aug",NA,NA,25,0,0,1,0,0,0,0,0,0,0,0,0,0,0,0,0,"leaf",1,0,0,0,0,0,NA,0,1,"mixed",2,"m","w","i","Ficinia lateralis"
"Ficinia levynsiae","Ficinia levynsiae","Cyperaceae","Ficinia levynsiae","Ficinia levynsiae","Cyperaceae",1,0,1,0,1,0,0,0,0,1,0,"Oct","Jan",NA,NA,15,0,0,1,0,0,0,0,0,0,0,0,0,0,0,0,0,"leaf",1,0,0,0,0,0,NA,0,1,"mixed",2,"m","w","i","Ficinia levynsiae"
"Ficinia monticola","Ficinia monticola","Cyperaceae","Ficinia monticola","Ficinia monticola","Cyperaceae",1,0,1,0,1,0,0,0,0,1,0,"Jun","Nov",NA,NA,40,0,0,1,0,0,0,0,0,0,0,0,0,0,0,0,0,"leaf",1,0,0,0,0,0,13.67142857,0,1,"mixed",1,"m","w","i","Ficinia monticola"
"Ficinia nigrescens","Ficinia nigrescens","Cyperaceae","Ficinia nigrescens","Ficinia nigrescens","Cyperaceae",1,0,1,0,1,0,0,0,0,1,0,"May","Oct",NA,NA,40,0,0,1,0,0,0,0,0,0,0,0,0,0,0,0,0,"leaf",1,0,0,0,0,0,19.48611111,0,1,"mixed",1,"m","w","i","Ficinia nigrescens"
"Ficinia nodosa","Scirpoides nodosus","Cyperaceae","Ficinia nodosa","Ficinia nodosa","Cyperaceae",1,0,1,0,1,0,0,0,0,1,0,"Dec","Mar",NA,NA,100,0,0,1,0,0,0,0,0,0,0,0,0,0,0,0,0,"leaf",1,0,0,0,0,0,21.96,0,1,"mixed",1,"m","w","i","Ficinia nodosa"
"Ficinia oligantha","Ficinia oligantha","Cyperaceae","Ficinia oligantha","Ficinia oligantha","Cyperaceae",1,0,1,0,1,0,0,0,0,1,0,"Sep","Jan",NA,NA,25,0,0,1,0,0,0,0,0,0,0,0,0,0,0,0,0,"leaf",1,0,0,0,0,0,10.23458333,0,1,"leaf",1,"l","w","i","Ficinia oligantha"
"Ficinia paradoxa","Ficinia paradoxa","Cyperaceae","Ficinia paradoxa","Ficinia paradoxa","Cyperaceae",1,0,1,0,1,0,0,0,0,1,0,"May","Nov",NA,NA,35,0,0,1,0,0,0,0,0,0,0,0,0,0,0,0,0,"leaf",1,0,0,0,0,0,NA,0,1,"leaf",1,"m","w","i","Ficinia paradoxa"
"Ficinia pinguior","Ficinia pinguior","Cyperaceae","Ficinia pinguior","Ficinia pinguior","Cyperaceae",1,0,1,0,1,0,0,0,0,1,0,"Mar","Jun",NA,NA,60,0,0,1,0,0,0,0,0,0,0,0,0,0,0,0,0,"leaf",1,0,0,0,0,0,33.6,0,1,"mixed",2,"m","w","i","Ficinia pinguior"
"Ficinia ramosissima","Ficinia ramosissima","Cyperaceae","Ficinia ramosissima","Ficinia ramosissima","Cyperaceae",1,0,1,0,1,0,0,0,0,1,0,"Jul","Sep",NA,NA,20,0,0,1,0,0,0,0,0,0,0,0,0,0,0,0,0,"leaf",1,0,0,0,0,0,0.95325,0,1,"leaf",2,"m","w","i","Ficinia ramosissima"
"Ficinia rigida","Ficinia rigida","Cyperaceae","Ficinia rigida","Ficinia rigida","Cyperaceae",1,0,1,0,1,0,0,0,0,1,0,"Jan","Mar",NA,NA,35,0,0,1,0,0,0,0,0,0,0,0,0,0,0,0,0,"leaf",1,0,0,0,0,0,9.233333333,0,1,"mixed",1,"m","w","i","Ficinia rigida"
"Ficinia secunda","Ficinia secunda","Cyperaceae","Ficinia secunda","Ficinia secunda","Cyperaceae",1,0,1,0,1,0,0,0,0,1,0,"Mar","Oct",NA,NA,60,0,0,1,0,0,0,0,0,0,0,0,0,0,0,0,0,"leaf",1,0,0,0,0,0,21.3,0,1,"mixed",2,"h","w","i","Ficinia secunda"
"Ficinia stolonifera","Ficinia stolonifera","Cyperaceae","Ficinia stolonifera","Ficinia stolonifera","Cyperaceae",1,0,1,0,1,0,0,0,0,1,0,"Sep","Dec",NA,NA,15,0,0,1,0,0,0,0,0,0,0,0,0,0,0,0,0,"leaf",1,0,0,0,0,0,4.6625,0,1,"mixed",2,"m","w","i","Ficinia stolonifera"
"Ficinia trichodes","Ficinia trichodes","Cyperaceae","Ficinia trichodes","Ficinia trichodes","Cyperaceae",1,0,1,0,1,0,0,0,0,1,0,"Jun","Sep",NA,NA,45,0,0,1,0,0,0,0,0,0,0,0,0,0,0,0,0,"leaf",1,0,0,0,0,0,2.739,0,1,"leaf",2,"m","w","i","Ficinia trichodes"
"Ficinia zeyheri","Ficinia zeyheri","Cyperaceae","Ficinia zeyheri","Ficinia zeyheri","Cyperaceae",1,0,1,0,1,0,0,0,1,1,0,"Aug","Oct",NA,NA,30,0,0,1,0,0,0,0,0,0,0,0,0,0,0,0,0,"leaf",1,0,0,0,0,0,17.376,0,1,"leaf",1,"l","w","i","Ficinia zeyheri"
"Frankenia repens","Frankenia repens","Frankeniaceae","Frankenia repens","Frankenia repens","Frankeniaceae",1,0,1,0,1,0,0,0,0,0,0,"Sep","Jan",NA,NA,5,1,0,0,0,0,0,0,0,0,0,0,0,0,0,0,0,"leaf",1,0,0,0,0,0,NA,0,0,"leaf",2,"l","i","u","Frankenia repens"
"Freesia corymbosa","Freesia corymbosa","Iridaceae","Freesia corymbosa","Freesia corymbosa","Iridaceae",1,0,1,0,0,1,1,1,0,1,0,"Aug","Nov",NA,NA,50,0,1,0,0,0,0,0,0,0,0,0,0,0,0,0,0,"leaf",0,1,0,0,0,0,NA,0,0,"leaf",2,"l","i","w","Freesia corymbosa"
"Freylinia lanceolata","Freylinia lanceolata","Scrophulariaceae","Freylinia lanceolata","Freylinia lanceolata","Scrophulariaceae",1,0,1,0,1,0,0,0,0,1,0,"Feb","Jul",NA,NA,500,0,0,0,0,0,0,1,0,0,0,0,0,0,0,0,0,"leaf",0,1,0,0,0,0,5.64,0,0,"leaf",2,"h","i","p","Freylinia lanceolata"
"Freylinia undulata","Freylinia undulata","Scrophulariaceae","Freylinia undulata","Freylinia undulata","Scrophulariaceae",1,0,1,0,1,0,0,0,0,0,0,"Jun","Dec",NA,NA,200,0,0,0,0,0,1,0,0,0,0,0,0,0,0,0,0,"leaf",0,0,1,0,0,0,1.27,0,0,"leaf",2,"h","i","p","Freylinia undulata"
"Fuirena hirsuta","Fuirena hirsuta","Cyperaceae","Fuirena hirsuta","Fuirena hirsuta","Cyperaceae",1,0,1,0,1,0,0,0,0,1,0,"Oct","Feb",NA,NA,50,0,0,1,0,0,0,0,0,0,0,0,0,0,0,0,0,"leaf",1,0,0,0,0,0,NA,0,1,"mixed",2,"h","w","p","Fuirena hirsuta"
"Galenia papulosa","Galenia papulosa","Aizoaceae","Aizoon papulosum","Aizoon papulosum","Aizoaceae",1,0,1,0,1,0,0,1,0,0,0,"Aug","Oct",NA,NA,80,0,0,0,1,0,0,0,0,0,0,0,0,1,1,0,0,"leaf",0,0,1,0,0,0,1.633333333,0,0,"leaf",2,"l","i","p","Aizoon papulosum"
"Galenia pubescens","Galenia pubescens","Aizoaceae","Aizoon pubescens","Aizoon pubescens","Aizoaceae",1,0,1,0,1,0,0,1,0,0,0,"Oct","Dec",NA,NA,80,0,0,0,1,0,0,0,0,0,0,0,0,0,0,0,0,"leaf",1,0,0,0,0,0,NA,0,0,"leaf",2,"l","i","p","Aizoon pubescens"
"Galium capense","Galium capense","Rubiaceae","Galium capense","Galium capense","Rubiaceae",1,0,0,1,1,0,0,0,0,0,0,"Sep","Dec",NA,NA,90,1,0,0,0,0,0,0,1,0,0,0,0,0,0,0,0,"leaf",1,0,0,0,0,0,NA,0,0,"leaf",2,"l","w","p","Galium capense"
"Galium tomentosum","Galium tomentosum","Rubiaceae","Galium tomentosum","Galium tomentosum","Rubiaceae",1,0,0,1,1,0,0,0,0,0,0,"Sep","Nov",NA,NA,300,1,0,0,0,0,0,0,1,0,0,0,0,0,0,0,0,"leaf",0,0,1,0,0,0,NA,0,0,"leaf",2,"l","w","p","Galium tomentosum"
"Galium undulatum","Galium undulatum","Rubiaceae","Galium undulatum","Galium undulatum","Rubiaceae",1,0,0,1,1,0,0,0,0,0,0,"Sep","Dec",NA,NA,150,1,0,0,0,0,0,0,1,0,0,0,0,0,0,0,0,"leaf",0,0,1,0,0,0,NA,0,0,"leaf",2,"l","w","p","Galium undulatum"
"Gazania ciliaris","Gazania ciliaris","Asteraceae","Gazania ciliaris","Gazania ciliaris","Asteraceae",1,0,1,0,1,0,0,1,0,1,0,"Jul","Sep",NA,NA,15,1,0,0,0,0,0,0,0,0,0,0,0,0,0,0,0,"leaf",0,1,0,0,0,1,NA,0,0,"leaf",2,"l","i","w","Gazania ciliaris"
"Gazania krebsiana","Gazania krebsiana","Asteraceae","Gazania krebsiana","Gazania krebsiana","Asteraceae",1,0,1,0,1,0,0,1,0,1,0,"Sep","Jan",NA,NA,20,1,0,0,0,0,0,0,0,0,0,0,0,0,0,0,0,"leaf",0,1,0,0,0,1,11.61666667,0,0,"leaf",2,"l","i","w","Gazania krebsiana"
"Gazania pectinata","Gazania pectinata","Asteraceae","Gazania pectinata","Gazania pectinata","Asteraceae",0,1,1,0,1,0,1,1,0,1,0,"Aug","Nov",NA,NA,20,1,0,0,0,0,0,0,0,0,0,0,0,0,0,0,0,"leaf",0,1,0,0,1,1,NA,0,0,"leaf",2,"l","i","w","Gazania pectinata"
"Gazania serrata","Gazania serrata","Asteraceae","Gazania serrata","Gazania serrata","Asteraceae",1,0,1,0,1,0,0,1,0,1,0,"Aug","Oct",NA,NA,25,1,0,0,0,0,0,0,0,0,0,0,0,0,0,0,0,"leaf",1,0,0,0,1,1,NA,0,0,"leaf",2,"l","i","w","Gazania serrata"
"Geissorhiza confusa","Geissorhiza confusa","Iridaceae","Geissorhiza confusa","Geissorhiza confusa","Iridaceae",1,0,1,0,1,0,1,1,1,1,0,"Oct","Nov",NA,NA,30,0,1,0,0,0,0,0,0,0,0,0,0,0,0,0,0,"leaf",1,1,0,0,0,0,NA,0,0,"leaf",2,"l","i","p","Geissorhiza confusa"
"Geissorhiza juncea","Geissorhiza juncea","Iridaceae","Geissorhiza juncea","Geissorhiza juncea","Iridaceae",1,0,1,0,1,0,1,1,0,1,0,"Aug","Nov",NA,NA,40,0,1,0,0,0,0,0,0,0,0,0,0,0,0,0,0,"leaf",1,0,0,0,0,0,NA,0,0,"leaf",2,"l","i","p","Geissorhiza juncea"
"Geissorhiza tenella","Geissorhiza tenella","Iridaceae","Geissorhiza tenella","Geissorhiza tenella","Iridaceae",1,0,1,0,1,0,1,1,0,1,0,"Oct","Dec",NA,NA,30,0,1,0,0,0,0,0,0,0,0,0,0,0,0,0,0,"leaf",1,0,0,0,0,0,NA,0,0,"leaf",2,"l","i","p","Geissorhiza tenella"
"Geochloa decora","Merxmuellera decora","Poaceae","Geochloa decora","Geochloa decora","Poaceae",1,0,1,0,1,0,0,1,0,1,0,"Sep","Nov",NA,NA,60,0,0,1,0,0,0,0,0,0,0,0,0,0,0,0,0,"leaf",1,0,0,0,0,0,16.24,0,0,"leaf",2,"l","w","w","Geochloa decora"
"Geochloa rufa","Merxmuellera rufa","Poaceae","Geochloa rufa","Geochloa rufa","Poaceae",1,0,1,0,1,0,0,0,0,1,0,"Sep","Nov",NA,NA,45,0,0,1,0,0,0,0,0,0,0,0,0,0,0,0,0,"leaf",1,0,0,0,0,0,17.46833333,0,0,"leaf",2,"l","w","w","Geochloa rufa"
"Geranium incanum","Geranium incanum","Geraniaceae","Geranium incanum","Geranium incanum","Geraniaceae",1,0,1,0,1,0,0,0,0,1,0,"Aug","Oct",NA,NA,10,1,0,0,0,0,0,0,0,0,0,0,0,0,0,0,0,"leaf",1,0,0,1,1,1,3.4,0,0,"leaf",2,"l","i","w","Geranium incanum"
"Gerbera crocea","Gerbera crocea","Asteraceae","Gerbera crocea","Gerbera crocea","Asteraceae",1,0,1,0,1,0,0,0,1,1,0,"Sep","May",NA,NA,40,1,0,0,0,0,0,0,0,0,0,0,0,0,0,0,0,"leaf",0,1,1,0,0,0,7.64,0,0,"leaf",2,"l","i","w","Gerbera crocea"
"Gerbera piloselloides","Gerbera piloselloides","Asteraceae","Gerbera piloselloides","Gerbera piloselloides","Asteraceae",1,0,1,0,1,0,0,0,0,1,0,"Jul","Feb",NA,NA,30,1,0,0,0,0,0,0,0,0,0,0,0,0,0,0,0,"leaf",0,0,1,0,0,0,NA,0,0,"leaf",2,"l","i","w","Gerbera piloselloides"
"Gerbera serrata","Gerbera serrata","Asteraceae","Gerbera serrata","Gerbera serrata","Asteraceae",1,0,1,0,1,0,0,0,1,1,0,"Aug","Nov",NA,NA,30,1,0,0,0,0,0,0,0,0,0,0,0,0,0,0,0,"leaf",0,1,1,0,0,0,4.04,0,0,"leaf",2,"l","i","w","Gerbera serrata"
"Gerbera tomentosa","Gerbera tomentosa","Asteraceae","Gerbera tomentosa","Gerbera tomentosa","Asteraceae",1,0,1,0,1,0,0,0,1,1,0,"Oct","Nov",NA,NA,30,1,0,0,0,0,0,0,0,0,0,0,0,0,0,0,0,"leaf",0,0,1,0,0,0,NA,0,0,"leaf",2,"l","i","w","Gerbera tomentosa"
"Gladiolus grandiflorus","Gladiolus floribundus","Iridaceae","Gladiolus grandiflorus","Gladiolus grandiflorus","Iridaceae",1,0,1,0,1,0,1,1,0,1,0,"Sep","Nov",NA,NA,45,0,1,0,0,0,0,0,0,0,0,0,0,0,0,0,0,"leaf",0,1,0,0,0,0,NA,0,0,"leaf",2,"l","i","w","Gladiolus grandiflorus"
"Gladiolus rogersii","Gladiolus rogersii","Iridaceae","Gladiolus rogersii","Gladiolus rogersii","Iridaceae",1,0,1,0,1,0,1,1,0,1,0,"Sep","Oct",NA,NA,60,0,1,0,0,0,0,0,0,0,0,0,0,0,0,0,0,"leaf",1,0,0,0,0,0,NA,0,0,"leaf",2,"l","i","w","Gladiolus rogersii"
"Gladiolus stellatus","Gladiolus stellatus","Iridaceae","Gladiolus stellatus","Gladiolus stellatus","Iridaceae",1,0,1,0,1,0,1,1,0,1,0,"Sep","Nov",NA,NA,50,0,1,0,0,0,0,0,0,0,0,0,0,0,0,0,0,"leaf",1,0,0,0,0,0,NA,0,0,"leaf",2,"l","i","w","Gladiolus stellatus"
"Gleichenia polypodioides","Gleichenia polypodioides","Gleicheniaceae","Gleichenia polypodioides","Gleichenia polypodioides","Gleicheniaceae",1,0,1,0,1,0,0,0,0,1,0,NA,NA,NA,NA,120,0,0,0,0,0,0,0,1,0,0,0,1,0,0,0,0,"frond",0,1,1,1,1,1,12.3,0,0,"leaf",2,"h","w","w","Gleichenia polypodioides"
"Glia prolifera","Glia prolifera","Apiaceae","Glia prolifera","Glia prolifera","Apiaceae",1,0,1,0,1,0,1,1,0,1,0,"Dec","Mar",NA,NA,200,0,0,0,0,0,1,0,0,0,0,0,0,0,0,0,0,"leaf",1,0,0,0,1,0,NA,0,0,"leaf",3,"h","i","w","Glia prolifera"
"Gnidia anomala","Gnidia anomala","Thymelaeaceae","Gnidia anomala","Gnidia anomala","Thymelaeaceae",1,0,1,0,1,0,0,1,0,0,0,"Sep","Dec",NA,NA,200,0,0,0,0,0,1,0,0,0,0,0,0,0,0,0,0,"leaf",0,0,1,0,0,0,NA,0,0,"leaf",2,"h","i","p","Gnidia anomala"
"Gnidia francisci","Gnidia francisci","Thymelaeaceae","Gnidia francisci","Gnidia francisci","Thymelaeaceae",1,0,1,0,1,0,0,1,0,0,0,"Nov","Apr",NA,NA,60,0,0,0,1,0,0,0,0,0,0,0,0,0,0,0,0,"leaf",0,1,0,0,0,0,NA,0,0,"leaf",2,"m","i","p","Gnidia francisci"
"Gnidia galpinii","Gnidia galpinii","Thymelaeaceae","Gnidia galpini","Gnidia galpini","Thymelaeaceae",1,0,1,0,1,0,0,1,0,0,0,"Sep","May",NA,NA,60,0,0,0,1,0,0,0,0,0,0,0,0,0,0,0,0,"leaf",0,1,0,0,0,0,1.26,0,0,"leaf",2,"m","i","p","Gnidia galpini"
"Gnidia geminiflora","Gnidia geminiflora","Thymelaeaceae","Gnidia geminiflora","Gnidia geminiflora","Thymelaeaceae",1,0,1,0,1,0,0,1,0,1,0,"Jun","Dec",NA,NA,60,0,0,0,1,0,0,0,0,0,0,0,0,0,0,0,0,"leaf",0,1,0,0,0,0,1.038,0,0,"leaf",2,"m","i","p","Gnidia geminiflora"
"Gnidia imbricata","Gnidia imbricata","Thymelaeaceae","Gnidia imbricata","Gnidia imbricata","Thymelaeaceae",1,0,1,0,1,0,0,1,0,0,0,"Jun","Jan",NA,NA,30,0,0,0,1,0,0,0,0,0,0,0,0,0,0,0,0,"leaf",0,0,1,0,0,0,0.74,0,0,"leaf",2,"l","i","p","Gnidia imbricata"
"Gnidia juniperifolia","Gnidia juniperifolia","Thymelaeaceae","Gnidia juniperifolia","Gnidia juniperifolia","Thymelaeaceae",1,0,1,0,1,0,0,1,0,1,0,"Jan","Dec",NA,NA,50,0,0,0,1,0,0,0,0,0,0,0,0,0,0,0,0,"leaf",1,0,0,0,0,0,1.046923077,0,0,"leaf",2,"m","i","p","Gnidia juniperifolia"
"Gnidia oppositifolia","Gnidia oppositifolia","Thymelaeaceae","Gnidia oppositifolia","Gnidia oppositifolia","Thymelaeaceae",1,0,1,0,1,0,0,1,0,0,0,"Jan","Dec",NA,NA,300,0,0,0,0,0,1,0,0,0,0,0,0,0,0,0,0,"leaf",0,1,1,0,0,0,1.089333333,0,0,"leaf",2,"h","i","p","Gnidia oppositifolia"
"Gnidia pinifolia","Gnidia pinifolia","Thymelaeaceae","Gnidia pinifolia","Gnidia pinifolia","Thymelaeaceae",1,0,1,0,1,0,0,1,0,1,0,"Jan","Dec",NA,NA,100,0,0,0,1,0,0,0,0,0,0,0,0,0,0,0,0,"leaf",0,1,0,0,0,0,1.227272727,0,0,"leaf",2,"h","i","p","Gnidia pinifolia"
"Gnidia simplex","Gnidia simplex","Thymelaeaceae","Gnidia simplex","Gnidia simplex","Thymelaeaceae",1,0,1,0,1,0,0,1,0,0,0,"Nov","Apr",NA,NA,30,0,0,0,1,0,0,0,0,0,0,0,0,0,0,0,0,"leaf",0,1,0,0,0,0,1,0,0,"leaf",2,"l","i","p","Gnidia simplex"
"Gomphocarpus cancellatus","Gomphocarpus cancellatus","Apocynaceae","Gomphocarpus cancellatus","Gomphocarpus cancellatus","Apocynaceae",1,0,1,0,1,0,0,0,0,1,0,"Mar","Dec",NA,NA,150,0,0,0,0,1,0,0,0,0,0,0,0,0,0,0,0,"leaf",0,1,1,0,0,0,NA,0,0,"leaf",3,"l","i","w","Gomphocarpus cancellatus"
"Gosela eckloniana","Gosela eckloniana","Scrophulariaceae","Gosela eckloniana","Gosela eckloniana","Scrophulariaceae",1,0,1,0,1,0,0,1,0,0,0,"Sep","Dec",NA,NA,80,0,0,0,1,0,0,0,0,0,0,0,0,0,0,0,0,"leaf",1,0,0,0,0,0,NA,0,0,"leaf",2,"m","i","p","Gosela eckloniana"
"Grewia occidentalis","Grewia occidentalis","Malvaceae","Grewia occidentalis","Grewia occidentalis","Malvaceae",1,0,1,0,1,0,0,0,0,1,0,"Oct","Nov",NA,NA,300,0,0,0,0,0,1,1,0,0,0,0,0,0,0,0,0,"leaf",0,1,0,0,0,0,2.366666667,0,0,"leaf",3,"h","i","m","Grewia occidentalis"
"Grewia robusta","Grewia robusta","Malvaceae","Grewia robusta","Grewia robusta","Malvaceae",1,0,1,0,1,0,0,0,0,1,0,"Sep","Dec",NA,NA,300,0,0,0,0,0,1,0,0,0,0,0,0,0,0,0,0,"leaf",0,0,1,0,0,0,1.45,0,0,"leaf",3,"h","i","m","Grewia robusta"
"Grubbia rosmarinifolia","Grubbia rosmarinifolia","Grubbiaceae","Grubbia rosmarinifolia","Grubbia rosmarinifolia","Grubbiaceae",1,0,1,0,1,0,0,0,0,0,0,"Aug","Nov",NA,NA,150,0,0,0,0,1,0,0,0,0,0,0,0,0,0,0,0,"leaf",0,1,0,0,0,0,0.785,0,0,"leaf",2,"h","w","p","Grubbia rosmarinifolia"
"Grubbia tomentosa","Grubbia tomentosa","Grubbiaceae","Grubbia tomentosa","Grubbia tomentosa","Grubbiaceae",1,0,1,0,1,0,0,0,0,1,0,"Dec","Jan",NA,NA,150,0,0,0,0,1,0,0,0,0,0,0,0,0,0,0,0,"leaf",0,0,1,0,0,0,12.48,0,0,"mixed",3,"h","w","p","Grubbia tomentosa"
"Gymnodiscus capillaris","Gymnodiscus capillaris","Asteraceae","Gymnodiscus capillaris","Gymnodiscus capillaris","Asteraceae",0,1,1,0,0,1,1,1,0,0,0,"Jul","Oct",NA,NA,20,1,0,0,0,0,0,0,0,0,0,0,0,1,1,0,0,"leaf",0,1,0,0,1,0,0.88,0,0,"leaf",0,"l","i","w","Gymnodiscus capillaris"
"Gymnosporia buxifolia","Gymnosporia buxifolia","Celastraceae","Gymnosporia buxifolia","Gymnosporia buxifolia","Celastraceae",1,0,1,0,1,0,0,0,0,1,0,"Jul","Apr",NA,NA,700,0,0,0,0,0,1,1,0,0,0,0,0,0,0,0,0,"leaf",0,0,1,0,0,0,6.366666667,0,0,"leaf",3,"m","i","m","Gymnosporia buxifolia"
"Haemanthus coccineus","Haemanthus coccineus","Amaryllidaceae","Haemanthus coccineus","Haemanthus coccineus","Amaryllidaceae",1,0,1,0,0,1,1,1,0,1,0,"Feb","Apr",NA,NA,20,0,1,0,0,0,0,0,0,0,0,0,0,0,0,0,0,"leaf",0,0,1,0,0,0,NA,0,0,"leaf",3,"l","i","m","Haemanthus coccineus"
"Hakea sericea","Hakea sericea","Proteaceae","Hakea sericea","Hakea sericea","Proteaceae",1,0,1,0,1,0,0,0,0,0,0,"Jun","Oct",NA,NA,500,0,0,0,0,0,0,1,0,0,0,0,0,0,0,0,0,"leaf",1,0,0,0,0,0,NA,0,0,"leaf",2,"h","w","w","Hakea sericea"
"Halleria elliptica","Halleria elliptica","Scrophulariaceae","Halleria elliptica","Halleria elliptica","Stilbaceae",1,0,1,0,1,0,0,0,0,1,0,"Sep","Apr",NA,NA,120,0,0,0,0,1,0,0,0,0,0,0,0,0,0,0,0,"leaf",0,0,1,0,0,0,NA,0,0,"leaf",3,"h","m","m","Halleria elliptica"
"Halleria lucida","Halleria lucida","Scrophulariaceae","Halleria lucida","Halleria lucida","Stilbaceae",1,0,1,0,1,0,0,0,0,1,0,"Jul","Feb",NA,NA,500,0,0,0,0,0,0,1,0,0,0,0,0,0,0,0,0,"leaf",0,0,1,0,0,0,7.26,0,0,"leaf",3,"h","m","m","Halleria lucida"
"Haplocarpha lanata","Haplocarpha lanata","Asteraceae","Haplocarpha lanata","Haplocarpha lanata","Asteraceae",1,0,1,0,1,0,0,1,1,1,0,"Mar","Jun",NA,NA,15,1,0,0,0,0,0,0,0,0,0,0,0,0,0,0,0,"leaf",0,1,1,0,0,0,NA,0,0,"leaf",2,"l","i","w","Haplocarpha lanata"
"Haplocarpha lyrata","Haplocarpha lyrata","Asteraceae","Haplocarpha lyrata","Haplocarpha lyrata","Asteraceae",1,0,1,0,1,0,0,1,0,1,0,"Nov","Jan",NA,NA,20,1,0,0,0,0,0,0,0,0,0,0,0,0,0,0,0,"leaf",0,1,1,0,0,1,NA,0,0,"leaf",2,"l","i","w","Haplocarpha lyrata"
"Haplocarpha parvifolia","Haplocarpha parvifolia","Asteraceae","Haplocarpha parvifolia","Haplocarpha parvifolia","Asteraceae",1,0,1,0,1,0,0,1,0,1,0,"Sep","Oct",NA,NA,15,1,0,0,0,0,0,0,0,0,0,0,0,0,0,0,0,"leaf",0,0,1,0,0,0,4.28,0,0,"leaf",2,"l","i","w","Haplocarpha parvifolia"
"Harveya pauciflora","Harveya tubulosa","Orobanchaceae","Harveya pauciflora","Harveya pauciflora","Orobanchaceae",1,0,1,0,0,1,1,1,0,1,0,"Nov","Mar",NA,NA,60,1,0,0,0,0,0,0,0,0,0,1,0,0,0,0,0,"none",0,0,0,0,0,0,NA,1,0,"none",2,"l","m","p","Harveya pauciflora"
"Harveya purpurea","Harveya purpurea","Orobanchaceae","Harveya purpurea","Harveya purpurea","Orobanchaceae",1,0,1,0,0,1,1,1,0,1,0,"Sep","Dec",NA,NA,15,1,0,0,0,0,0,0,0,0,0,1,0,0,0,0,0,"none",0,0,0,0,0,0,NA,1,0,"none",2,"l","m","p","Harveya purpurea"
"Harveya stenosiphon","Harveya stenosiphon","Orobanchaceae","Harveya stenosiphon","Harveya stenosiphon","Orobanchaceae",1,0,1,0,0,1,1,1,0,1,0,"Nov","Feb",NA,NA,60,1,0,0,0,0,0,0,0,0,0,1,0,0,0,0,0,"none",0,0,0,0,0,0,NA,1,0,"none",2,"l","m","p","Harveya stenosiphon"
"Haworthia arachnoidea","Haworthia arachnoidea","Asphodelaceae","Haworthia arachnoidea","Haworthia arachnoidea","Asphodelaceae",1,0,1,0,1,0,0,0,0,1,0,"Nov","Dec",NA,NA,5,0,0,0,0,0,0,0,0,0,0,0,1,1,1,0,0,"leaf",0,1,0,0,0,0,NA,0,0,"leaf",2,"l","i","p","Haworthia arachnoidea"
"Haworthia mucronata","Haworthia mucronata","Asphodelaceae","Haworthia mucronata","Haworthia mucronata","Asphodelaceae",1,0,1,0,1,0,0,0,0,1,0,"Aug","Sep",NA,NA,4,0,0,0,0,0,0,0,0,0,0,0,1,1,1,0,0,"leaf",0,1,0,0,0,0,2.966666667,0,0,"leaf",2,"l","i","p","Haworthia mucronata"
"Haworthia viscosa","Haworthia viscosa","Asphodelaceae","Haworthiopsis viscosa","Haworthiopsis viscosa","Asphodelaceae",1,0,1,0,1,0,0,0,0,1,0,"Oct","Nov",NA,NA,10,0,0,0,0,0,0,0,0,0,0,0,1,1,1,0,0,"leaf",0,1,0,0,0,0,1.766666667,0,0,"leaf",2,"l","i","p","Haworthiopsis viscosa"
"Heeria argentea","Heeria argentea","Anacardiaceae","Heeria argentea","Heeria argentea","Anacardiaceae",1,0,1,0,1,0,0,0,0,1,0,"Jan","Jul",NA,NA,500,0,0,0,0,0,0,1,0,0,0,0,0,0,0,0,0,"leaf",0,0,1,0,0,0,5.6,0,0,"leaf",3,"m","i","m","Heeria argentea"
"Helichrysum anomalum","Helichrysum anomalum","Asteraceae","Helichrysum anomalum","Helichrysum anomalum","Asteraceae",1,0,1,0,1,0,0,0,0,0,0,"Sep","May",NA,NA,30,0,0,0,1,0,0,0,0,0,0,0,0,0,0,0,0,"leaf",1,0,0,0,0,0,0.581666667,0,0,"leaf",1,"m","i","w","Helichrysum anomalum"
"Helichrysum asperum","Helichrysum asperum","Asteraceae","Helichrysum asperum","Helichrysum asperum","Asteraceae",1,0,1,0,1,0,0,0,0,0,0,"Oct","Jan",NA,NA,40,0,0,0,1,0,0,0,0,0,0,0,0,0,0,0,0,"leaf",1,0,0,0,0,0,NA,0,0,"leaf",2,"h","i","w","Helichrysum asperum"
"Helichrysum capense","Helichrysum capense","Asteraceae","Helichrysum capense","Helichrysum capense","Asteraceae",1,0,1,0,1,0,0,0,0,0,0,"Nov","Dec",NA,NA,50,0,0,0,1,0,0,0,0,0,0,0,0,0,0,0,0,"leaf",0,0,1,0,0,0,NA,0,0,"leaf",2,"h","i","w","Helichrysum capense"
"Helichrysum crispum","Helichrysum crispum","Asteraceae","Helichrysum crispum","Helichrysum crispum","Asteraceae",1,0,1,0,1,0,0,0,0,0,0,"Oct","Dec",NA,NA,50,0,0,0,1,0,0,0,0,0,0,0,0,0,0,0,0,"leaf",0,0,1,0,0,0,NA,0,0,"leaf",2,"h","i","w","Helichrysum crispum"
"Helichrysum cylindriflorum","Helichrysum cylindriflorum","Asteraceae","Helichrysum cylindriflorum","Helichrysum cylindriflorum","Asteraceae",1,0,1,0,1,0,0,0,0,0,0,"Sep","Dec",NA,NA,30,0,0,0,1,0,0,0,0,0,0,0,0,0,0,0,0,"leaf",0,1,0,0,0,0,NA,0,0,"leaf",1,"m","i","w","Helichrysum cylindriflorum"
"Helichrysum cymosum","Helichrysum cymosum","Asteraceae","Helichrysum cymosum","Helichrysum cymosum","Asteraceae",1,0,1,0,1,0,0,0,0,0,0,"Sep","Apr",NA,NA,100,0,0,0,1,0,0,0,0,0,0,0,0,0,0,0,0,"leaf",1,0,1,0,0,0,1.383571429,0,0,"leaf",1,"m","i","w","Helichrysum cymosum"
"Helichrysum dasyanthum","Helichrysum dasyanthum","Asteraceae","Helichrysum dasyanthum","Helichrysum dasyanthum","Asteraceae",1,0,1,0,1,0,0,0,0,0,0,"Sep","Nov",NA,NA,150,0,0,0,0,1,0,0,0,0,0,0,0,0,0,0,0,"leaf",0,1,1,0,0,0,1.864285714,0,0,"leaf",2,"h","i","w","Helichrysum dasyanthum"
"Helichrysum felinum","Helichrysum felinum","Asteraceae","Helichrysum felinum","Helichrysum felinum","Asteraceae",1,0,1,0,1,0,0,0,0,0,0,"Sep","Dec",NA,NA,80,0,0,0,1,0,0,0,0,0,0,0,0,0,0,0,0,"leaf",0,0,1,0,0,0,1.685714286,0,0,"leaf",2,"m","i","w","Helichrysum felinum"
"Helichrysum herbaceum","Helichrysum herbaceum","Asteraceae","Helichrysum herbaceum","Helichrysum herbaceum","Asteraceae",1,0,1,0,1,0,0,0,0,0,0,"Oct","Apr",NA,NA,40,0,0,0,1,0,0,0,0,0,0,0,0,0,0,0,0,"leaf",0,1,0,0,0,0,NA,0,0,"leaf",2,"m","i","w","Helichrysum herbaceum"
"Helichrysum indicum","Helichrysum indicum","Asteraceae","Helichrysum indicum","Helichrysum indicum","Asteraceae",0,1,1,0,0,1,1,1,0,0,0,"Oct","Feb",NA,NA,30,1,0,0,0,0,0,0,0,0,0,0,0,0,0,0,0,"leaf",0,1,0,0,0,0,NA,0,0,"leaf",2,"l","i","w","Helichrysum indicum"
"Helichrysum lambertianum","Helichrysum lambertianum","Asteraceae","Helichrysum lambertianum","Helichrysum lambertianum","Asteraceae",1,0,1,0,1,0,0,0,0,0,0,"Oct","Jan",NA,NA,60,0,0,0,1,0,0,0,0,0,0,0,0,0,0,0,0,"leaf",0,1,0,0,0,0,NA,0,0,"leaf",2,"h","i","w","Helichrysum lambertianum"
"Helichrysum litorale","Helichrysum litorale","Asteraceae","Helichrysum litorale","Helichrysum litorale","Asteraceae",1,1,1,0,1,1,1,1,0,0,0,"Sep","Dec",NA,NA,10,1,0,0,0,0,0,0,0,0,0,0,0,0,0,0,0,"leaf",0,0,1,0,0,0,1.72,0,0,"leaf",1,"m","i","w","Helichrysum litorale"
"Helichrysum moeserianum","Helichrysum moeserianum","Asteraceae","Helichrysum moeserianum","Helichrysum moeserianum","Asteraceae",0,1,1,0,0,1,1,1,0,0,0,"Aug","Feb",NA,NA,30,1,0,0,0,0,0,0,0,0,0,0,0,0,0,0,0,"leaf",0,1,0,0,0,0,NA,0,0,"leaf",0,"l","i","w","Helichrysum moeserianum"
"Helichrysum niveum","Helichrysum niveum","Asteraceae","Helichrysum niveum","Helichrysum niveum","Asteraceae",1,0,1,0,1,0,0,0,0,0,0,"Dec","Feb",NA,NA,20,0,0,0,1,0,0,0,0,0,0,0,0,0,0,0,0,"leaf",1,0,0,0,0,0,NA,0,0,"leaf",2,"h","i","w","Helichrysum niveum"
"Helichrysum nudifolium","Helichrysum nudifolium","Asteraceae","Helichrysum nudifolium","Helichrysum nudifolium","Asteraceae",1,0,1,0,1,0,0,0,0,1,0,"Nov","Mar",NA,NA,150,0,0,0,0,1,0,0,0,0,0,0,0,0,0,0,0,"leaf",0,1,0,0,0,0,12.5,0,0,"leaf",2,"m","i","w","Helichrysum nudifolium"
"Helichrysum odoratissimum","Helichrysum odoratissimum","Asteraceae","Helichrysum odoratissimum","Helichrysum odoratissimum","Asteraceae",1,0,1,0,1,0,0,0,0,0,0,"Aug","Dec",NA,NA,50,0,0,0,1,0,0,0,0,0,0,0,0,0,0,0,0,"leaf",1,0,0,0,0,0,1.3,0,0,"leaf",2,"h","i","w","Helichrysum odoratissimum"
"Helichrysum oxyphyllum","Helichrysum oxyphyllum","Asteraceae","Helichrysum nudifolium var. oxyphyllum","Helichrysum nudifolium var. oxyphyllum","Asteraceae",1,0,1,0,1,0,0,0,0,0,0,"Aug","Jan",NA,NA,60,0,0,0,1,0,0,0,0,0,0,0,0,0,0,0,0,"leaf",0,0,1,0,0,0,NA,0,0,"leaf",2,"h","i","w","Helichrysum nudifolium var. oxyphyllum"
"Helichrysum pandurifolium","Helichrysum pandurifolium","Asteraceae","Helichrysum pandurifolium","Helichrysum pandurifolium","Asteraceae",1,0,1,0,1,0,0,0,0,0,0,"Oct","Jan",NA,NA,100,0,0,0,1,0,0,0,0,0,0,0,0,0,0,0,0,"leaf",0,0,1,0,0,0,NA,0,0,"leaf",2,"h","i","w","Helichrysum pandurifolium"
"Helichrysum patulum","Helichrysum patulum","Asteraceae","Helichrysum patulum","Helichrysum patulum","Asteraceae",1,0,1,0,1,0,0,0,0,0,0,"Dec","Jan",NA,NA,100,0,0,0,1,0,0,0,0,0,0,0,0,0,0,0,0,"leaf",0,0,1,0,0,0,1.861538462,0,0,"leaf",2,"h","i","w","Helichrysum patulum"
"Helichrysum petiolare","Helichrysum petiolare","Asteraceae","Helichrysum petiolare","Helichrysum petiolare","Asteraceae",1,0,1,0,1,0,0,0,0,0,0,"Dec","Jan",NA,NA,450,0,0,0,0,0,1,0,0,0,0,0,0,0,0,0,0,"leaf",0,0,1,0,0,0,NA,0,0,"leaf",2,"h","i","w","Helichrysum petiolare"
"Helichrysum rosum","Helichrysum rosum","Asteraceae","Helichrysum rosum","Helichrysum rosum","Asteraceae",1,0,1,0,1,0,0,0,0,0,0,"Sep","Mar",NA,NA,200,0,0,0,0,0,1,0,0,0,0,0,0,0,0,0,0,"leaf",0,1,1,0,0,0,NA,0,0,"leaf",2,"h","i","w","Helichrysum rosum"
"Helichrysum rotundifolium","Helichrysum rotundifolium","Asteraceae","Helichrysum rotundifolium","Helichrysum rotundifolium","Asteraceae",1,0,1,0,1,0,0,0,0,0,0,"Nov","Jan",NA,NA,15,0,0,0,1,0,0,0,0,0,0,0,0,0,0,0,0,"leaf",0,0,1,0,0,0,NA,0,0,"leaf",2,"l","i","w","Helichrysum rotundifolium"
"Helichrysum rutilans","Helichrysum rutilans","Asteraceae","Helichrysum rutilans","Helichrysum rutilans","Asteraceae",1,0,1,0,1,0,0,0,0,0,0,"Jan","Dec",NA,NA,60,0,0,0,1,0,0,0,0,0,0,0,0,0,0,0,0,"leaf",1,0,1,0,0,0,NA,0,0,"leaf",2,"m","i","w","Helichrysum rutilans"
"Helichrysum scabrum","Helichrysum scabrum","Asteraceae","Helichrysum scabrum","Helichrysum scabrum","Asteraceae",1,0,1,0,1,0,0,0,0,0,0,"Aug","Dec",NA,NA,200,0,0,0,0,0,1,0,0,0,0,0,0,0,0,0,0,"leaf",1,1,0,0,0,0,1.176,0,0,"leaf",2,"h","i","w","Helichrysum scabrum"
"Helichrysum spiralepis","Helichrysum spiralepis","Asteraceae","Helichrysum spiralepis","Helichrysum spiralepis","Asteraceae",1,0,1,0,1,0,0,0,0,0,0,"Sep","Feb",NA,NA,30,1,0,0,0,0,0,0,0,0,0,0,0,0,0,0,0,"leaf",0,1,0,0,0,0,NA,0,0,"leaf",1,"m","i","w","Helichrysum spiralepis"
"Helichrysum teretifolium","Helichrysum teretifolium","Asteraceae","Helichrysum teretifolium","Helichrysum teretifolium","Asteraceae",1,0,1,0,1,0,0,0,0,1,0,"Jul","Nov",NA,NA,30,0,0,0,1,0,0,0,0,0,0,0,0,0,0,0,0,"leaf",1,0,0,0,0,0,0.42,0,0,"leaf",2,"h","i","w","Helichrysum teretifolium"
"Helichrysum tinctum","Helichrysum tinctum","Asteraceae","Helichrysum tinctum","Helichrysum tinctum","Asteraceae",1,1,1,0,1,1,1,1,0,0,0,"Sep","Dec",NA,NA,5,1,0,0,0,0,0,0,0,0,0,0,0,0,0,0,0,"leaf",0,1,1,0,0,0,NA,0,0,"leaf",2,"l","i","w","Helichrysum tinctum"
"Helichrysum zeyheri","Helichrysum zeyheri","Asteraceae","Helichrysum zeyheri","Helichrysum zeyheri","Asteraceae",1,0,1,0,1,0,0,0,0,0,0,"Nov","May",NA,NA,70,0,0,0,1,0,0,0,0,0,0,0,0,0,0,0,0,"leaf",0,0,1,0,0,0,1.084545455,0,0,"leaf",2,"h","i","w","Helichrysum zeyheri"
"Helichrysum zwartbergense","Helichrysum zwartbergense","Asteraceae","Helichrysum zwartbergense","Helichrysum zwartbergense","Asteraceae",1,0,1,0,1,0,0,0,0,0,0,"Dec","Jan",NA,NA,10,1,0,0,0,0,0,0,0,0,0,0,0,0,0,0,0,"leaf",0,1,1,0,0,0,NA,0,0,"leaf",2,"l","i","w","Helichrysum zwartbergense"
"Heliophila carnosa","Heliophila carnosa","Brassicaceae","Heliophila carnosa","Heliophila carnosa","Brassicaceae",1,0,1,0,1,0,0,1,0,1,0,"Aug","Oct",NA,NA,60,0,0,0,1,0,0,0,0,0,0,0,0,1,1,0,0,"leaf",1,0,0,0,1,0,NA,0,0,"leaf",3,"h","i","p","Heliophila carnosa"
"Heliophila dregeana","Heliophila dregeana","Brassicaceae","Heliophila dregeana","Heliophila dregeana","Brassicaceae",1,0,1,0,1,0,0,1,0,0,0,"Aug","Oct",NA,NA,35,0,0,0,1,0,0,0,0,0,0,0,0,1,1,0,0,"leaf",0,0,1,0,0,0,NA,0,0,"leaf",2,"l","i","p","Heliophila dregeana"
"Heliophila elongata","Heliophila elongata","Brassicaceae","Heliophila elongata","Heliophila elongata","Brassicaceae",1,0,1,0,1,0,0,1,0,1,0,"May","Jul","Nov","Dec",60,0,0,0,1,0,0,0,0,0,0,0,0,0,0,0,0,"leaf",0,1,0,0,0,0,NA,0,0,"leaf",2,"m","i","p","Heliophila elongata"
"Heliophila glauca","Heliophila glauca","Brassicaceae","Heliophila glauca","Heliophila glauca","Brassicaceae",1,0,1,0,1,0,0,1,0,1,0,"Aug","Apr",NA,NA,200,0,0,0,0,0,1,0,0,0,0,0,0,1,1,0,0,"leaf",0,1,0,0,0,0,1.2,0,0,"leaf",2,"m","i","p","Heliophila glauca"
"Heliophila linearis","Heliophila linearis","Brassicaceae","Heliophila linearis","Heliophila linearis","Brassicaceae",1,0,1,0,1,0,0,1,0,0,0,"Aug","Feb",NA,NA,90,1,0,0,0,0,0,0,0,0,0,0,0,0,0,0,0,"leaf",1,0,1,0,0,0,NA,0,0,"leaf",2,"m","i","p","Heliophila linearis"
"Heliophila scoparia","Heliophila scoparia","Brassicaceae","Heliophila scoparia","Heliophila scoparia","Brassicaceae",1,0,1,0,1,0,0,0,0,0,0,"Apr","Feb",NA,NA,100,0,0,0,1,0,0,0,0,0,0,0,0,0,0,0,0,"leaf",0,1,0,0,0,0,NA,0,0,"leaf",2,"h","i","p","Heliophila scoparia"
"Hemimeris racemosa","Hemimeris racemosa","Scrophulariaceae","Hemimeris racemosa","Hemimeris racemosa","Scrophulariaceae",0,1,1,0,0,1,1,1,0,0,0,"Jul","Oct",NA,NA,44,1,0,0,0,0,0,0,0,0,0,0,0,0,0,0,0,"leaf",0,0,1,0,0,1,NA,0,0,"leaf",0,"l","i","p","Hemimeris racemosa"
"Hermannia althaeifolia","Hermannia althaeifolia","Malvaceae","Hermannia althaeifolia","Hermannia althaeifolia","Malvaceae",1,0,1,0,1,0,0,1,0,0,0,"Aug","Oct",NA,NA,50,0,0,0,1,0,0,0,0,0,0,0,0,0,0,0,0,"leaf",0,0,1,0,0,0,NA,0,0,"leaf",1,"m","i","p","Hermannia althaeifolia"
"Hermannia althaeoides","Hermannia althaeoides","Malvaceae","Hermannia althaeoides","Hermannia althaeoides","Malvaceae",1,0,1,0,1,0,0,1,0,0,0,"Oct","Dec",NA,NA,60,0,0,0,1,0,0,0,0,0,0,0,0,0,0,0,0,"leaf",0,0,1,0,0,0,NA,0,0,"leaf",1,"m","i","p","Hermannia althaeoides"
"Hermannia angularis","Hermannia angularis","Malvaceae","Hermannia angularis","Hermannia angularis","Malvaceae",1,0,1,0,1,0,0,1,0,0,0,"Sep","Oct",NA,NA,60,0,0,0,1,0,0,0,0,0,0,0,0,0,0,0,0,"leaf",0,1,0,0,0,0,1.292,0,0,"leaf",1,"h","i","p","Hermannia angularis"
"Hermannia filifolia","Hermannia filifolia","Malvaceae","Hermannia filifolia","Hermannia filifolia","Malvaceae",1,0,1,0,1,0,0,1,0,0,0,"Aug","Oct",NA,NA,100,0,0,0,1,0,0,0,0,0,0,0,0,0,0,0,0,"leaf",1,0,0,0,0,0,NA,0,0,"leaf",1,"h","i","p","Hermannia filifolia"
"Hermannia flammea","Hermannia flammea","Malvaceae","Hermannia flammea","Hermannia flammea","Malvaceae",1,0,1,0,1,0,0,1,0,0,0,"Sep","Oct",NA,NA,80,0,0,0,1,0,0,0,0,0,0,0,0,0,0,0,0,"leaf",0,1,0,0,0,0,1.7,0,0,"leaf",1,"m","i","p","Hermannia flammea"
"Hermannia gracilis","Hermannia gracilis","Malvaceae","Hermannia gracilis","Hermannia gracilis","Malvaceae",1,0,1,0,1,0,0,1,0,0,0,"Aug","Nov",NA,NA,60,0,0,0,1,0,0,0,0,0,0,0,0,0,0,0,0,"leaf",0,1,0,0,0,0,NA,0,0,"leaf",1,"h","i","p","Hermannia gracilis"
"Hermannia holosericea","Hermannia holosericea","Malvaceae","Hermannia holosericea","Hermannia holosericea","Malvaceae",1,0,1,0,1,0,0,1,0,0,0,"Jul","Oct",NA,NA,150,0,0,0,0,1,0,0,0,0,0,0,0,0,0,0,0,"leaf",0,0,1,0,0,0,NA,0,0,"leaf",1,"h","i","p","Hermannia holosericea"
"Hermannia involucrata","Hermannia involucrata","Malvaceae","Hermannia involucrata","Hermannia involucrata","Malvaceae",1,0,1,0,1,0,0,1,0,0,0,"Aug","Oct",NA,NA,120,0,0,0,0,1,0,0,0,0,0,0,0,0,0,0,0,"leaf",0,0,1,0,0,0,1.816666667,0,0,"leaf",1,"h","i","p","Hermannia involucrata"
"Hermannia mucronulata","Hermannia mucronulata","Malvaceae","Hermannia mucronulata","Hermannia mucronulata","Malvaceae",1,0,1,0,1,0,0,1,0,0,0,"Sep","Oct",NA,NA,200,0,0,0,0,0,1,0,0,0,0,0,0,0,0,0,0,"leaf",0,1,0,0,0,0,NA,0,0,"leaf",1,"h","i","p","Hermannia mucronulata"
"Hermannia multiflora","Hermannia multiflora","Malvaceae","Hermannia multiflora","Hermannia multiflora","Malvaceae",1,0,1,0,1,0,0,1,0,0,0,"Aug","Oct",NA,NA,75,0,0,0,1,0,0,0,0,0,0,0,0,0,0,0,0,"leaf",0,0,1,0,0,0,1.34,0,0,"leaf",1,"h","i","p","Hermannia multiflora"
"Hermannia odorata","Hermannia odorata","Malvaceae","Hermannia odorata","Hermannia odorata","Malvaceae",1,0,1,0,1,0,0,1,0,0,0,"Jul","Oct",NA,NA,150,0,0,0,0,1,0,0,0,0,0,0,0,0,0,0,0,"leaf",0,1,0,0,0,0,NA,0,0,"leaf",1,"h","i","p","Hermannia odorata"
"Hermannia saccifera","Hermannia saccifera","Malvaceae","Hermannia saccifera","Hermannia saccifera","Malvaceae",1,0,1,0,1,0,0,1,0,1,0,"Aug","Oct",NA,NA,40,0,0,0,1,0,0,0,0,0,0,0,0,0,0,0,0,"leaf",0,0,1,0,0,0,2.583333333,0,0,"leaf",1,"h","i","p","Hermannia saccifera"
"Hermannia salviifolia","Hermannia salviifolia","Malvaceae","Hermannia salviifolia","Hermannia salviifolia","Malvaceae",1,0,1,0,1,0,0,1,0,0,0,"Sep","Oct","Dec","Apr",200,0,0,0,0,0,1,0,0,0,0,0,0,0,0,0,0,"leaf",0,0,1,0,0,0,NA,0,0,"leaf",1,"h","i","p","Hermannia salviifolia"
"Hermannia sisymbriifolia","Hermannia sisymbriifolia","Malvaceae","Hermannia sisymbriifolia","Hermannia sisymbriifolia","Malvaceae",1,0,1,0,1,0,0,1,0,1,0,"Jun","Oct",NA,NA,40,0,0,0,1,0,0,0,0,0,0,0,0,0,0,0,0,"leaf",0,1,1,0,0,1,NA,0,0,"leaf",1,"m","i","p","Hermannia sisymbriifolia"
"Hermannia stipulacea","Hermannia stipulacea","Malvaceae","Hermannia stipulacea","Hermannia stipulacea","Malvaceae",1,0,1,0,1,0,0,1,0,0,0,"Sep","Nov",NA,NA,40,0,0,0,1,0,0,0,0,0,0,0,0,0,0,0,0,"leaf",0,0,1,0,0,0,NA,0,0,"leaf",1,"h","i","p","Hermannia stipulacea"
"Hermannia ternifolia","Hermannia ternifolia","Malvaceae","Hermannia ternifolia","Hermannia ternifolia","Malvaceae",1,0,1,0,1,0,0,1,0,0,0,"Aug","Sep",NA,NA,20,0,0,0,1,0,0,0,0,0,0,0,0,0,0,0,0,"leaf",0,0,1,0,0,0,1.44,0,0,"leaf",1,"m","i","p","Hermannia ternifolia"
"Hermannia velutina","Hermannia velutina","Malvaceae","Hermannia velutina","Hermannia velutina","Malvaceae",1,0,1,0,1,0,0,1,0,0,0,"Aug","Oct",NA,NA,300,0,0,0,1,0,0,0,0,0,0,0,0,0,0,0,0,"leaf",0,1,1,0,0,0,2.35,0,0,"leaf",1,"h","i","p","Hermannia velutina"
"Hermas capitata","Hermas capitata","Apiaceae","Hermas capitata","Hermas capitata","Apiaceae",1,0,1,0,1,0,0,0,0,1,0,"Dec","Mar",NA,NA,25,1,0,0,0,0,0,0,0,0,0,0,0,0,0,0,0,"leaf",0,0,1,0,0,0,NA,0,0,"leaf",2,"m","i","w","Hermas capitata"
"Hermas ciliata","Hermas ciliata","Apiaceae","Hermas ciliata","Hermas ciliata","Apiaceae",1,0,1,0,1,0,0,0,0,1,0,"Dec","Mar",NA,NA,60,1,0,0,0,0,0,0,0,0,0,0,0,0,0,0,0,"leaf",0,0,1,0,0,0,NA,0,0,"leaf",2,"m","i","w","Hermas ciliata"
"Hermas villosa","Hermas villosa","Apiaceae","Hermas villosa","Hermas villosa","Apiaceae",1,0,1,0,1,0,0,0,0,1,0,"Dec","May",NA,NA,100,0,0,0,1,0,0,0,0,0,0,0,0,0,0,0,0,"leaf",0,0,1,0,0,0,9.772727273,0,0,"leaf",2,"m","i","w","Hermas villosa"
"Hertia kraussii","Hertia kraussii","Asteraceae","Hertia kraussii","Hertia kraussii","Asteraceae",1,0,1,0,1,0,0,0,0,0,0,"Jun","Jul",NA,NA,50,0,0,0,1,0,0,0,0,0,0,0,0,1,1,0,0,"leaf",0,1,0,0,0,0,2.916666667,0,0,"leaf",1,"m","i","w","Hertia kraussii"
"Hesperantha radiata","Hesperantha radiata","Iridaceae","Hesperantha radiata","Hesperantha radiata","Iridaceae",1,0,1,0,0,1,1,1,0,1,0,"Aug","Oct",NA,NA,40,0,1,0,0,0,0,0,0,0,0,0,0,0,0,0,0,"leaf",1,0,0,0,0,0,NA,0,0,"leaf",2,"l","i","w","Hesperantha radiata"
"Heterolepis aliena","Heterolepis aliena","Asteraceae","Heterolepis aliena","Heterolepis aliena","Asteraceae",1,0,1,0,1,0,0,0,0,1,0,"Sep","Dec",NA,NA,30,0,0,0,1,0,0,0,0,0,0,0,0,0,0,0,0,"leaf",1,0,0,0,0,0,2.474,0,0,"leaf",3,"h","i","w","Heterolepis aliena"
"Heteropogon contortus","Heteropogon contortus","Poaceae","Heteropogon contortus","Heteropogon contortus","Poaceae",1,0,1,0,1,0,0,1,0,1,0,"Oct","Jun",NA,NA,70,0,0,1,0,0,0,0,0,0,0,0,0,0,0,0,0,"leaf",1,0,0,0,0,0,14.07272727,0,1,"mixed",1,"h","w","w","Heteropogon contortus"
"Hibiscus aethiopicus","Hibiscus aethiopicus","Malvaceae","Hibiscus aethiopicus","Hibiscus aethiopicus","Malvaceae",1,0,1,0,1,0,0,1,0,1,0,"Aug","Dec",NA,NA,30,0,0,0,1,0,0,0,0,0,0,0,0,0,0,0,0,"leaf",0,0,1,0,0,0,2.883333333,0,0,"leaf",2,"l","i","p","Hibiscus aethiopicus"
"Hibiscus pusillus","Hibiscus pusillus","Malvaceae","Hibiscus pusillus","Hibiscus pusillus","Malvaceae",1,0,1,0,1,0,0,1,0,1,0,"Jan","May",NA,NA,30,0,0,0,1,0,0,0,0,0,0,0,0,0,0,0,0,"leaf",0,0,1,0,1,0,NA,0,0,"leaf",2,"l","i","p","Hibiscus pusillus"
"Hilliardiella pinifolia","Vernonia capensis","Asteraceae","Hilliardiella pinifolia","Hilliardiella pinifolia","Asteraceae",1,0,1,0,1,0,0,1,0,1,0,"Oct","Jan",NA,NA,50,1,0,0,0,0,0,0,0,0,0,0,0,0,0,0,0,"leaf",1,0,0,0,0,0,NA,0,0,"leaf",3,"h","i","w","Hilliardiella pinifolia"
"Hippia integrifolia","Hippia integrifolia","Asteraceae","Hippia integrifolia","Hippia integrifolia","Asteraceae",1,0,1,0,1,0,0,0,0,0,0,"Sep","Jan",NA,NA,20,0,0,0,1,0,0,0,0,0,0,0,0,0,0,0,0,"leaf",0,0,1,0,1,0,0.756,0,0,"leaf",1,"l","i","w","Hippia integrifolia"
"Hippia pilosa","Hippia pilosa","Asteraceae","Hippia pilosa","Hippia pilosa","Asteraceae",1,0,1,0,1,0,0,0,0,0,0,"Aug","Nov",NA,NA,30,0,0,0,1,0,0,0,0,0,0,0,0,0,0,0,0,"leaf",0,1,0,0,1,1,0.78,0,0,"leaf",1,"l","i","w","Hippia pilosa"
"Hippobromus pauciflorus","Hippobromus pauciflorus","Sapindaceae","Hippobromus pauciflorus","Hippobromus pauciflorus","Sapindaceae",1,0,1,0,1,0,0,0,0,0,0,"Jul","Nov",NA,NA,500,0,0,0,0,0,0,1,0,0,0,0,0,0,0,0,0,"leaf",0,0,1,1,0,0,4.6,0,0,"leaf",3,"h","i","m","Hippobromus pauciflorus"
"Holothrix secunda","Holothrix secunda","Orchidaceae","Holothrix secunda","Holothrix secunda","Orchidaceae",1,0,1,0,0,1,1,1,0,1,0,"Jun","Oct",NA,NA,30,0,1,0,0,0,0,0,0,0,0,0,0,0,0,0,0,"leaf",0,0,1,0,0,0,NA,0,0,"leaf",2,"l","i","p","Holothrix secunda"
"Holothrix villosa","Holothrix villosa","Orchidaceae","Holothrix villosa","Holothrix villosa","Orchidaceae",1,0,1,0,0,1,1,1,0,1,0,"Oct","Jan",NA,NA,36,0,1,0,0,0,0,0,0,0,0,0,0,0,0,0,0,"leaf",0,0,1,0,0,0,NA,0,0,"leaf",2,"l","i","p","Holothrix villosa"
"Hyobanche sanguinea","Hyobanche sanguinea","Orobanchaceae","Hyobanche sanguinea","Hyobanche sanguinea","Orobanchaceae",1,0,1,0,0,1,1,1,0,1,0,"Aug","Oct",NA,NA,25,0,0,0,0,0,0,0,0,0,0,1,1,0,0,0,0,"none",0,0,0,0,0,0,NA,1,0,"none",1,"l","m","p","Hyobanche sanguinea"
"Hyparrhenia hirta","Hyparrhenia hirta","Poaceae","Hyparrhenia hirta","Hyparrhenia hirta","Poaceae",1,0,1,0,1,0,0,1,0,0,0,"Nov","May",NA,NA,200,0,0,1,0,0,0,0,0,0,0,0,0,0,0,0,0,"leaf",1,0,0,0,0,0,NA,0,1,"mixed",2,"h","w","w","Hyparrhenia hirta"
"Hypocalyptus sophoroides","Hypocalyptus sophoroides","Fabaceae","Hypocalyptus sophoroides","Hypocalyptus sophoroides","Fabaceae",1,0,1,0,1,0,0,0,0,1,0,"Oct","Dec",NA,NA,600,0,0,0,0,0,0,1,0,0,0,0,0,0,0,0,0,"leaf",0,0,1,1,0,0,NA,0,0,"leaf",2,"h","i","p","Hypocalyptus sophoroides"
"Hypodiscus albo-aristatus","Hypodiscus albo-aristatus","Restionaceae","Hypodiscus alboaristatus","Hypodiscus alboaristatus","Restionaceae",1,0,0,1,1,0,0,0,0,0,0,"May","Sep",NA,NA,70,0,0,1,0,0,0,0,0,0,0,0,0,0,0,0,0,"leaf",1,0,0,0,0,0,58.77368421,1,1,"culm_stem",2,"h","w","i","Hypodiscus alboaristatus"
"Hypodiscus alternans","Hypodiscus alternans","Restionaceae","Hypodiscus alternans","Hypodiscus alternans","Restionaceae",1,0,0,1,1,0,0,0,0,0,0,"Nov","Dec",NA,NA,55,0,0,1,0,0,0,0,0,0,0,0,0,0,0,0,0,"leaf",1,0,0,0,0,0,71.48,1,1,"culm_stem",2,"h","w","i","Hypodiscus alternans"
"Hypodiscus argenteus","Hypodiscus argenteus","Restionaceae","Hypodiscus argenteus","Hypodiscus argenteus","Restionaceae",1,0,0,1,1,0,0,0,0,1,0,"Mar","Jul",NA,NA,100,0,0,1,0,0,0,0,0,0,0,0,0,0,0,0,0,"leaf",1,0,0,0,0,0,54.25555556,1,1,"culm_stem",2,"h","w","i","Hypodiscus argenteus"
"Hypodiscus aristatus","Hypodiscus aristatus","Restionaceae","Hypodiscus aristatus","Hypodiscus aristatus","Restionaceae",1,0,0,1,1,0,0,0,0,1,0,"May","May",NA,NA,80,0,0,1,0,0,0,0,0,0,0,0,0,0,0,0,0,"leaf",1,0,0,0,0,0,44.78846154,1,1,"culm_stem",2,"h","w","i","Hypodiscus aristatus"
"Hypodiscus laevigatus","Hypodiscus laevigatus","Restionaceae","Hypodiscus laevigatus","Hypodiscus laevigatus","Restionaceae",1,0,0,1,1,0,0,0,0,1,0,"Feb","May",NA,NA,80,0,0,1,0,0,0,0,0,0,0,0,0,0,0,0,0,"leaf",1,0,0,0,0,0,86.76,1,1,"culm_stem",2,"h","w","i","Hypodiscus laevigatus"
"Hypodiscus neesii","Hypodiscus neesii","Restionaceae","Hypodiscus neesii","Hypodiscus neesii","Restionaceae",1,0,0,1,1,0,0,0,0,0,0,"Jun","Jun",NA,NA,50,0,0,1,0,0,0,0,0,0,0,0,0,0,0,0,0,"leaf",1,0,0,0,0,0,36.6,1,1,"culm_stem",2,"h","w","i","Hypodiscus neesii"
"Hypodiscus striatus","Hypodiscus striatus","Restionaceae","Hypodiscus striatus","Hypodiscus striatus","Restionaceae",1,0,0,1,1,0,0,0,0,1,0,"Apr","Jun",NA,NA,60,0,0,1,0,0,0,0,0,0,0,0,0,0,0,0,0,"leaf",1,0,0,0,0,0,35.41875,1,1,"culm_stem",2,"h","w","i","Hypodiscus striatus"
"Hypodiscus synchroolepis","Hypodiscus synchroolepis","Restionaceae","Hypodiscus synchroolepis","Hypodiscus synchroolepis","Restionaceae",1,0,0,1,1,0,0,0,0,0,0,"Feb","Feb",NA,NA,40,0,0,1,0,0,0,0,0,0,0,0,0,0,0,0,0,"leaf",1,0,0,0,0,0,NA,1,1,"culm_stem",2,"h","w","i","Hypodiscus synchroolepis"
"Hypodiscus willdenowia","Hypodiscus willdenowia","Restionaceae","Hypodiscus willdenovia","Hypodiscus willdenovia","Restionaceae",1,0,0,1,1,0,0,0,0,1,0,"Jun","Aug",NA,NA,40,0,0,1,0,0,0,0,0,0,0,0,0,0,0,0,0,"leaf",1,0,0,0,0,0,17.78888889,1,1,"culm_stem",2,"h","w","i","Hypodiscus willdenovia"
"Hypoestes forskaolii","Hypoestes forskaolii","Acanthaceae","Hypoestes forskaolii","Hypoestes forskaolii","Acanthaceae",1,0,1,0,1,0,0,1,0,0,0,"Jan","Apr",NA,NA,150,0,0,0,0,1,0,0,0,0,0,0,0,0,0,0,0,"leaf",0,1,1,0,0,0,NA,0,0,"leaf",2,"m","i","p","Hypoestes forskaolii"
"Ifloga ambigua","Trichogyne ambigua","Asteraceae","Ifloga ambigua","Ifloga ambigua","Asteraceae",1,0,1,0,1,0,0,0,0,0,0,"Apr","Nov",NA,NA,50,0,0,0,1,0,0,0,0,0,0,0,0,0,0,0,0,"leaf",1,0,0,0,0,0,0.333333333,0,0,"leaf",2,"h","i","w","Ifloga ambigua"
"Ilex mitis","Ilex mitis","Aquifoliaceae","Ilex mitis","Ilex mitis","Aquifoliaceae",1,0,1,0,1,0,0,0,0,0,0,"Sep","Dec",NA,NA,3000,0,0,0,0,0,0,1,0,0,0,0,0,0,0,0,0,"leaf",0,0,1,0,0,0,10.7,0,0,"leaf",3,"m","i","m","Ilex mitis"
"Imperata cylindrica","Imperata cylindrica","Poaceae","Imperata cylindrica","Imperata cylindrica","Poaceae",1,0,1,0,1,0,0,1,0,1,0,"Jan","Dec",NA,NA,100,0,0,1,0,0,0,0,0,0,0,0,0,0,0,0,0,"leaf",0,1,0,0,0,0,NA,0,0,"leaf",2,"h","w","w","Imperata cylindrica"
"Indigofera alopecuroides","Indigofera alopecuroides","Fabaceae","Indigofera alopecuroides","Indigofera alopecuroides","Fabaceae",1,0,1,0,1,0,0,1,0,0,0,"Jul","Feb",NA,NA,90,0,0,0,1,0,0,0,0,0,0,0,0,0,0,0,0,"leaf",0,1,1,1,0,0,NA,0,0,"leaf",2,"h","i","p","Indigofera alopecuroides"
"Indigofera angustifolia","Indigofera angustifolia","Fabaceae","Indigofera brachystachya","Indigofera brachystachya","Fabaceae",1,0,1,0,1,0,0,1,0,0,0,"May","Dec",NA,NA,60,0,0,0,1,0,0,0,0,0,0,0,0,0,0,0,0,"leaf",1,0,0,1,0,0,1.56,0,0,"leaf",2,"h","i","p","Indigofera brachystachya"
"Indigofera brachystachya","Indigofera brachystachya","Fabaceae","Indigofera brachystachya","Indigofera brachystachya","Fabaceae",1,0,1,0,1,0,0,1,0,0,0,"Nov","Sep",NA,NA,150,0,0,0,0,1,0,0,0,0,0,0,0,0,0,0,0,"leaf",1,0,0,1,0,0,1.4,0,0,"leaf",2,"h","i","p","Indigofera brachystachya"
"Indigofera candolleana","Indigofera candolleana","Fabaceae","Indigofera candolleana","Indigofera candolleana","Fabaceae",1,0,1,0,1,0,0,1,0,0,0,"Aug","Mar",NA,NA,30,0,0,0,1,0,0,0,0,0,0,0,0,0,0,0,0,"leaf",0,0,1,1,0,0,1.04,0,0,"leaf",2,"m","i","p","Indigofera candolleana"
"Indigofera concava","Indigofera concava","Fabaceae","Indigofera concava","Indigofera concava","Fabaceae",1,0,1,0,1,0,0,1,0,0,0,"Jun","Sep",NA,NA,30,0,0,0,1,0,0,0,0,0,0,0,0,0,0,0,0,"leaf",0,1,0,1,0,0,NA,0,0,"leaf",2,"m","i","p","Indigofera concava"
"Indigofera denudata","Indigofera denudata","Fabaceae","Indigofera denudata","Indigofera denudata","Fabaceae",1,0,1,0,1,0,0,1,0,0,0,"Sep","Jul",NA,NA,120,0,0,0,0,1,0,0,0,0,0,0,0,0,0,0,0,"leaf",0,1,0,1,0,0,0.897777778,0,0,"leaf",2,"h","i","p","Indigofera denudata"
"Indigofera disticha","Indigofera disticha","Fabaceae","Indigofera disticha","Indigofera disticha","Fabaceae",1,0,1,0,1,0,0,1,0,0,0,"Oct","Apr",NA,NA,80,0,0,0,1,0,0,0,0,0,0,0,0,0,0,0,0,"leaf",1,0,1,1,0,0,NA,0,0,"leaf",2,"h","i","p","Indigofera disticha"
"Indigofera flabellata","Indigofera flabellata","Fabaceae","Indigofera flabellata","Indigofera flabellata","Fabaceae",1,0,1,0,1,0,0,1,0,0,0,"Jan","Sep",NA,NA,150,0,0,0,0,1,0,0,0,0,0,0,0,0,0,0,0,"leaf",0,1,0,1,0,0,1.466666667,0,0,"leaf",2,"h","i","p","Indigofera flabellata"
"Indigofera frutescens","Indigofera frutescens","Fabaceae","Indigofera frutescens","Indigofera frutescens","Fabaceae",1,0,1,0,1,0,0,1,0,1,0,"Jul","Mar",NA,NA,300,0,0,0,0,0,1,0,0,0,0,0,0,0,0,0,0,"leaf",0,0,1,1,0,0,1.98,0,0,"leaf",2,"h","i","p","Indigofera frutescens"
"Indigofera glomerata","Indigofera glomerata","Fabaceae","Indigofera glomerata","Indigofera glomerata","Fabaceae",1,0,1,0,1,0,0,1,0,0,0,"Aug","Nov",NA,NA,20,0,0,0,1,0,0,0,0,0,0,0,0,0,0,0,0,"leaf",0,0,1,1,0,0,0.52,0,0,"leaf",2,"m","i","p","Indigofera glomerata"
"Indigofera heterophylla","Indigofera heterophylla","Fabaceae","Indigofera heterophylla","Indigofera heterophylla","Fabaceae",1,0,1,0,1,0,0,1,0,1,0,"May","Feb",NA,NA,100,0,0,0,1,0,0,0,0,0,0,0,0,0,0,0,0,"leaf",0,1,1,1,0,0,NA,0,0,"leaf",2,"m","i","p","Indigofera heterophylla"
"Indigofera ionii","Indigofera filifolia","Fabaceae","Indigofera ionii","Indigofera ionii","Fabaceae",1,0,1,0,1,0,0,1,0,1,0,"Oct","Apr",NA,NA,300,0,0,0,0,0,1,0,0,0,0,0,0,0,0,0,0,"leaf",0,0,1,1,0,0,NA,1,1,"leaf",2,"m","i","p","Indigofera ionii"
"Indigofera langebergensis","Indigofera langebergensis","Fabaceae","Indigofera langebergensis","Indigofera langebergensis","Fabaceae",1,0,1,0,1,0,0,1,0,1,0,"Sep","Apr",NA,NA,100,0,0,0,1,0,0,0,0,0,0,0,0,0,0,0,0,"leaf",0,0,1,1,0,0,4.5,0,0,"leaf",2,"h","i","p","Indigofera langebergensis"
"Indigofera ovata","Indigofera ovata","Fabaceae","Indigofera ovata","Indigofera ovata","Fabaceae",1,0,1,0,1,0,0,1,0,0,0,"Sep","Jan",NA,NA,20,0,0,0,1,0,0,0,0,0,0,0,0,0,0,0,0,"leaf",0,0,1,1,0,0,NA,0,0,"leaf",2,"l","i","p","Indigofera ovata"
"Indigofera pappei","Indigofera pappei","Fabaceae","Indigofera pappei","Indigofera pappei","Fabaceae",1,0,1,0,1,0,0,1,0,0,0,"Jan","Jul",NA,NA,100,0,0,0,1,0,0,0,0,0,0,0,0,0,0,0,0,"leaf",1,0,0,1,0,0,NA,0,0,"leaf",2,"h","i","p","Indigofera pappei"
"Indigofera psoraloides","Indigofera psoraloides","Fabaceae","Indigofera psoraloides","Indigofera psoraloides","Fabaceae",1,0,1,0,1,0,0,1,0,0,0,"Jun","Dec",NA,NA,80,0,0,0,1,0,0,0,0,0,0,0,0,0,0,0,0,"leaf",0,1,0,1,0,0,NA,0,0,"leaf",2,"h","i","p","Indigofera psoraloides"
"Indigofera sarmentosa","Indigofera sarmentosa","Fabaceae","Indigofera sarmentosa","Indigofera sarmentosa","Fabaceae",1,0,1,0,1,0,0,1,0,0,0,"Jul","Mar",NA,NA,20,0,0,0,1,0,0,0,0,0,0,0,0,0,0,0,0,"leaf",0,0,1,1,0,0,1.07625,0,0,"leaf",2,"h","i","p","Indigofera sarmentosa"
"Indigofera stricta","Indigofera stricta","Fabaceae","Indigofera stricta","Indigofera stricta","Fabaceae",1,0,1,0,1,0,0,1,0,1,0,"Jun","Apr",NA,NA,120,0,0,0,0,1,0,0,0,0,0,0,0,0,0,0,0,"leaf",0,0,1,1,0,0,NA,0,0,"leaf",2,"h","i","p","Indigofera stricta"
"Indigofera sulcata","Indigofera sulcata","Fabaceae","Indigofera sulcata","Indigofera sulcata","Fabaceae",1,0,1,0,1,0,0,1,0,0,0,"Mar","Aug",NA,NA,80,0,0,0,1,0,0,0,0,0,0,0,0,0,0,0,0,"leaf",1,0,0,1,0,0,NA,0,0,"leaf",2,"h","i","p","Indigofera sulcata"
"Isolepis marginata","Isolepis marginata","Cyperaceae","Isolepis marginata","Isolepis marginata","Cyperaceae",0,1,1,0,0,1,1,1,0,0,0,"Sep","Dec",NA,NA,15,0,0,1,0,0,0,0,0,0,0,0,0,0,0,0,0,"leaf",1,0,0,0,0,0,5.833333333,0,0,"leaf",0,"l","w","p","Isolepis marginata"
"Itasina filifolia","Itasina filifolia","Apiaceae","Itasina filifolia","Itasina filifolia","Apiaceae",1,0,1,0,0,1,1,1,0,1,0,"Nov","Apr",NA,NA,45,1,0,0,0,0,0,0,0,0,0,0,0,0,0,0,0,"leaf",1,0,0,0,0,0,7.25,0,1,"leaf",2,"m","i","w","Itasina filifolia"
"Jamesbrittenia aspalathoides","Jamesbrittenia aspalathoides","Scrophulariaceae","Jamesbrittenia aspalathoides","Jamesbrittenia aspalathoides","Scrophulariaceae",1,0,1,0,1,0,0,1,0,0,0,"Jan","Dec",NA,NA,50,0,0,0,1,0,0,0,0,0,0,0,0,0,0,0,0,"leaf",1,0,0,0,0,0,NA,0,0,"leaf",2,"m","i","p","Jamesbrittenia aspalathoides"
"Jamesbrittenia tenuifolia","Jamesbrittenia tenuifolia","Scrophulariaceae","Jamesbrittenia tenuifolia","Jamesbrittenia tenuifolia","Scrophulariaceae",1,0,1,0,1,0,0,1,0,0,0,"Jan","Dec",NA,NA,60,0,0,0,1,0,0,0,0,0,0,0,0,0,0,0,0,"leaf",1,0,0,0,0,0,NA,0,0,"leaf",2,"m","i","p","Jamesbrittenia tenuifolia"
"Jasminum glaucum","Jasminum glaucum","Oleaceae","Jasminum glaucum","Jasminum glaucum","Oleaceae",1,0,1,0,1,0,0,1,0,0,0,"Oct","Dec",NA,NA,240,0,0,0,0,0,1,0,0,0,0,0,0,0,0,0,0,"leaf",0,0,1,0,0,0,NA,0,0,"leaf",2,"m","i","m","Jasminum glaucum"
"Jatropha capensis","Jatropha capensis","Euphorbiaceae","Jatropha capensis","Jatropha capensis","Euphorbiaceae",1,0,1,0,1,0,0,0,0,0,0,"Nov","Jan",NA,NA,300,0,0,0,0,0,1,0,0,0,0,0,0,1,0,1,0,"leaf",0,1,1,0,0,0,3.933333333,0,1,"leaf",3,"l","i","i","Jatropha capensis"
"Juncus capensis","Juncus capensis","Juncaceae","Juncus capensis","Juncus capensis","Juncaceae",1,0,1,0,1,0,0,1,0,1,0,"Nov","Apr",NA,NA,60,0,0,1,0,0,0,0,0,0,0,0,0,0,0,0,0,"leaf",1,0,0,0,0,0,113.52,0,0,"leaf",1,"l","w","p","Juncus capensis"
"Juncus kraussii","Juncus kraussii","Juncaceae","Juncus kraussii","Juncus kraussii","Juncaceae",1,0,1,0,1,0,0,0,0,1,0,"Sep","Jan",NA,NA,120,0,0,1,0,0,0,0,0,0,0,0,0,0,0,0,0,"leaf",1,0,0,0,0,0,80.86,1,1,"leaf",3,"h","w","p","Juncus kraussii"
"Juncus lomatophyllus","Juncus lomatophyllus","Juncaceae","Juncus lomatophyllus","Juncus lomatophyllus","Juncaceae",1,0,1,0,1,0,0,0,0,1,0,"Oct","Apr",NA,NA,80,0,0,1,0,0,0,0,0,0,0,0,0,0,0,0,0,"leaf",0,1,0,0,0,0,NA,0,0,"leaf",2,"m","w","p","Juncus lomatophyllus"
"Kalanchoe rotundifolia","Kalanchoe rotundifolia","Crassulaceae","Kalanchoe rotundifolia","Kalanchoe rotundifolia","Crassulaceae",1,0,1,0,1,0,0,0,0,0,0,"Mar","Jun",NA,NA,100,0,0,0,1,0,0,0,0,0,0,0,0,1,1,1,0,"leaf",0,0,1,0,0,0,3.1,0,0,"leaf",2,"l","i","p","Kalanchoe rotundifolia"
"Kedrostis nana","Kedrostis nana","Cucurbitaceae","Kedrostis nana","Kedrostis nana","Cucurbitaceae",1,0,1,0,1,0,0,0,0,1,0,"Feb","Mar",NA,NA,50,1,0,0,0,0,0,0,1,1,0,0,0,1,1,0,0,"leaf",0,0,0,0,1,1,4.785714286,0,0,"leaf",2,"l","i","m","Kedrostis nana"
"Kiggelaria africana","Kiggelaria africana","Achariaceae","Kiggelaria africana","Kiggelaria africana","Achariaceae",1,0,1,0,1,1,0,0,0,0,0,"Feb","Jul",NA,NA,1700,0,0,0,0,0,0,1,0,0,0,0,0,0,0,0,0,"leaf",0,0,1,0,0,0,8.88,0,0,"leaf",3,"h","i","m","Kiggelaria africana"
"Kniphofia uvaria","Kniphofia uvaria","Asphodelaceae","Kniphofia uvaria","Kniphofia uvaria","Asphodelaceae",1,0,1,0,1,0,0,0,0,1,0,"Oct","Dec",NA,NA,120,1,0,0,0,0,0,0,0,0,0,0,0,0,0,0,0,"leaf",0,0,1,0,0,0,NA,0,0,"leaf",3,"h","m","m","Kniphofia uvaria"
"Lachenalia elegans","Lachenalia elegans","Hyacinthaceae","Lachenalia elegans","Lachenalia elegans","Asparagaceae",1,0,1,0,0,1,1,1,0,1,0,"Jul","Oct",NA,NA,30,0,1,0,0,0,0,0,0,0,0,0,0,0,0,0,0,"leaf",0,1,1,0,0,0,NA,0,0,"leaf",2,"l","i","p","Lachenalia elegans"
"Lachnaea densiflora","Lachnaea densiflora","Thymelaeaceae","Lachnaea densiflora","Lachnaea densiflora","Thymelaeaceae",1,0,1,0,0,1,0,1,0,0,0,"Aug","Mar",NA,NA,50,0,0,0,1,0,0,0,0,0,0,0,0,0,0,0,0,"leaf",1,0,0,0,0,0,0.86,0,0,"leaf",2,"m","i","p","Lachnaea densiflora"
"Lachnaea funicaulis","Lachnaea funicaulis","Thymelaeaceae","Lachnaea funicaulis","Lachnaea funicaulis","Thymelaeaceae",1,0,1,0,1,0,0,1,0,0,0,"Jul","Mar",NA,NA,45,0,0,0,1,0,0,0,0,0,0,0,0,0,0,0,0,"leaf",0,0,1,0,0,0,NA,0,0,"leaf",2,"m","i","p","Lachnaea funicaulis"
"Lachnaea globulifera","Lachnaea globulifera","Thymelaeaceae","Lachnaea globulifera","Lachnaea globulifera","Thymelaeaceae",1,0,1,0,1,0,0,1,0,0,0,"Jan","Dec",NA,NA,60,0,0,0,1,0,0,0,0,0,0,0,0,0,0,0,0,"leaf",0,0,1,0,0,0,0.444,0,0,"leaf",2,"m","i","p","Lachnaea globulifera"
"Lachnaea glomerata","Lachnaea glomerata","Thymelaeaceae","Lachnaea glomerata","Lachnaea glomerata","Thymelaeaceae",1,0,1,0,1,0,0,1,0,0,0,"Aug","Oct",NA,NA,45,0,0,0,1,0,0,0,0,0,0,0,0,0,0,0,0,"leaf",1,0,1,0,0,0,0.693333333,0,0,"leaf",2,"m","i","p","Lachnaea glomerata"
"Lachnaea grandiflora","Lachnaea grandiflora","Thymelaeaceae","Lachnaea grandiflora","Lachnaea grandiflora","Thymelaeaceae",1,0,1,0,1,0,0,0,0,1,0,"Aug","Jun",NA,NA,60,0,0,0,1,0,0,0,0,0,0,0,0,0,0,0,0,"leaf",0,0,1,0,0,0,NA,0,0,"leaf",3,"h","i","p","Lachnaea grandiflora"
"Lachnaea macrantha","Lachnaea macrantha","Thymelaeaceae","Lachnaea macrantha","Lachnaea macrantha","Thymelaeaceae",1,0,1,0,1,0,0,1,0,0,0,"Sep","Jan",NA,NA,150,0,0,0,0,1,0,0,0,0,0,0,0,0,0,0,0,"leaf",0,0,1,0,0,0,NA,0,0,"leaf",2,"m","i","p","Lachnaea macrantha"
"Lachnaea penicillata","Lachnaea penicillata","Thymelaeaceae","Lachnaea penicillata","Lachnaea penicillata","Thymelaeaceae",1,0,1,0,1,0,0,1,0,0,0,"Jan","Dec",NA,NA,40,0,0,0,1,0,0,0,0,0,0,0,0,0,0,0,0,"leaf",0,1,0,0,0,0,0.228,0,0,"leaf",2,"m","i","p","Lachnaea penicillata"
"Lachnaea sociorum","Lachnaea sociorum","Thymelaeaceae","Lachnaea sociorum","Lachnaea sociorum","Thymelaeaceae",1,0,1,0,1,0,0,1,0,1,0,"Aug","Jan",NA,NA,50,0,0,0,1,0,0,0,0,0,0,0,0,0,0,0,0,"leaf",1,0,0,0,0,0,0.398,0,0,"leaf",2,"h","i","p","Lachnaea sociorum"
"Lachnaea striata","Lachnaea striata","Thymelaeaceae","Lachnaea striata","Lachnaea striata","Thymelaeaceae",1,0,1,0,1,0,0,0,0,1,0,"Sep","Jan",NA,NA,60,0,0,0,1,0,0,0,0,0,0,0,0,0,0,0,0,"leaf",0,0,1,0,0,0,0.5625,0,0,"leaf",2,"h","i","p","Lachnaea striata"
"Lachnospermum fasciculatum","Lachnospermum fasciculatum","Asteraceae","Lachnospermum fasciculatum","Lachnospermum fasciculatum","Asteraceae",1,0,1,0,1,0,0,0,0,1,0,"Jan","Mar",NA,NA,60,0,0,0,1,0,0,0,0,0,0,0,0,0,0,0,0,"leaf",1,1,0,0,0,0,0.2,0,0,"leaf",2,"h","i","w","Lachnospermum fasciculatum"
"Lachnospermum umbellatum","Lachnospermum umbellatum","Asteraceae","Lachnospermum umbellatum","Lachnospermum umbellatum","Asteraceae",1,0,1,0,1,0,0,0,0,1,0,"Nov","Mar",NA,NA,30,0,0,0,1,0,0,0,0,0,0,0,0,0,0,0,0,"leaf",1,1,0,0,0,0,0.49,0,0,"leaf",2,"h","i","w","Lachnospermum umbellatum"
"Lampranthus bicolor","Lampranthus bicolor","Aizoaceae","Lampranthus bicolor","Lampranthus bicolor","Aizoaceae",1,0,1,0,1,0,0,1,0,0,0,"Oct","Jan",NA,NA,30,0,0,0,1,0,0,0,0,0,0,0,0,1,1,1,0,"leaf",0,1,0,0,0,0,1.75,0,0,"leaf",2,"l","i","p","Lampranthus bicolor"
"Lampranthus elegans","Lampranthus elegans","Aizoaceae","Lampranthus elegans","Lampranthus elegans","Aizoaceae",1,0,1,0,1,0,0,1,0,0,0,"Sep","Nov",NA,NA,30,0,0,0,1,0,0,0,0,0,0,0,0,1,1,1,0,"leaf",1,0,0,0,0,0,NA,0,0,"leaf",2,"l","i","p","Lampranthus elegans"
"Lampranthus emarginatus","Lampranthus emarginatus","Aizoaceae","Lampranthus emarginatus","Lampranthus emarginatus","Aizoaceae",1,0,1,0,1,0,0,1,0,0,0,"Sep","Dec",NA,NA,30,0,0,0,1,0,0,0,0,0,0,0,0,1,1,1,0,"leaf",1,1,0,0,0,0,NA,0,0,"leaf",2,"l","i","p","Lampranthus emarginatus"
"Lampranthus falcatus","Lampranthus falcatus","Aizoaceae","Lampranthus falcatus","Lampranthus falcatus","Aizoaceae",1,0,1,0,1,0,0,1,0,0,0,"Nov","Dec",NA,NA,30,0,0,0,1,0,0,0,0,0,0,0,0,1,1,1,0,"leaf",0,1,0,0,0,0,NA,0,0,"leaf",2,"l","i","p","Lampranthus falcatus"
"Lampranthus falciformis","Lampranthus falciformis","Aizoaceae","Lampranthus falciformis","Lampranthus falciformis","Aizoaceae",1,0,1,0,1,0,0,1,0,0,0,"Nov","Feb",NA,NA,20,0,0,0,1,0,0,0,0,0,0,0,0,1,1,1,0,"leaf",1,1,0,0,0,0,1.5,0,0,"leaf",2,"l","i","p","Lampranthus falciformis"
"Lampranthus laetus","Lampranthus laetus","Aizoaceae","Lampranthus laetus","Lampranthus laetus","Aizoaceae",1,0,1,0,1,0,0,1,0,0,0,"Oct","Oct",NA,NA,20,0,0,0,1,0,0,0,0,0,0,0,0,1,1,1,0,"leaf",1,0,0,0,0,0,NA,0,0,"leaf",2,"l","i","p","Lampranthus laetus"
"Lampranthus promontorii","Lampranthus promontorii","Aizoaceae","Lampranthus promontorii","Lampranthus promontorii","Aizoaceae",1,0,1,0,1,0,0,1,0,0,0,"Dec","Jan",NA,NA,20,0,0,0,1,0,0,0,0,0,0,0,0,1,1,1,0,"leaf",1,0,0,0,0,0,1.22,0,0,"leaf",2,"l","i","p","Lampranthus promontorii"
"Lampranthus scaber","Lampranthus scaber","Aizoaceae","Lampranthus scaber","Lampranthus scaber","Aizoaceae",1,0,1,0,1,1,0,1,0,0,0,"Aug","Aug",NA,NA,30,0,0,0,1,0,0,0,0,0,0,0,0,1,1,1,0,"leaf",1,0,0,0,0,0,0.948,0,0,"leaf",2,"l","i","p","Lampranthus scaber"
"Lampranthus stenus","Lampranthus stenus","Aizoaceae","Lampranthus stenus","Lampranthus stenus","Aizoaceae",1,0,1,0,1,0,0,1,0,0,0,"Nov","Feb",NA,NA,50,0,0,0,1,0,0,0,0,0,0,0,0,1,1,1,0,"leaf",1,0,0,0,0,0,NA,0,0,"leaf",2,"l","i","p","Lampranthus stenus"
"Lampranthus tenuifolius","Lampranthus tenuifolius","Aizoaceae","Lampranthus tenuifolius","Lampranthus tenuifolius","Aizoaceae",1,0,1,0,1,0,0,1,0,0,0,"Oct","Nov",NA,NA,20,0,0,0,1,0,0,0,0,0,0,0,0,1,1,1,0,"leaf",1,0,0,0,0,0,NA,0,0,"leaf",2,"l","i","p","Lampranthus tenuifolius"
"Lanaria lanata","Lanaria lanata","Lanariaceae","Lanaria lanata","Lanaria lanata","Lanariaceae",1,0,1,0,1,0,0,0,0,1,0,"Nov","Jan",NA,NA,80,1,0,0,0,0,0,0,0,0,0,0,0,0,0,0,0,"leaf",1,0,0,0,0,0,79.27,0,0,"leaf",3,"h","i","u","Lanaria lanata"
"Langebergia canescens","Langebergia canescens","Asteraceae","Langebergia canescens","Langebergia canescens","Asteraceae",1,0,1,0,1,0,0,0,0,0,0,"Aug","Dec",NA,NA,30,0,0,0,1,0,0,0,0,0,0,0,0,0,0,0,0,"leaf",0,1,0,0,0,0,NA,0,0,"leaf",2,"m","i","w","Langebergia canescens"
"Lantana rugosa","Lantana rugosa","Verbenaceae","Lantana rugosa","Lantana rugosa","Verbenaceae",1,0,1,0,1,0,0,0,0,0,0,"Sep","May",NA,NA,100,0,0,0,0,1,0,0,0,0,0,0,0,0,0,0,0,"leaf",0,0,1,0,0,0,2.7,0,0,"leaf",1,"h","i","m","Lantana rugosa"
"Laurembergia repens","Laurembergia repens","Haloragaceae","Laurembergia repens","Laurembergia repens","Haloragaceae",1,0,1,1,1,0,0,0,0,0,0,"Nov","Apr",NA,NA,10,1,0,0,0,0,0,0,0,0,0,0,0,0,0,0,0,"leaf",0,1,0,0,0,0,0.9,0,0,"leaf",2,"l","u","p","Laurembergia repens"
"Laurophyllus capensis","Laurophyllus capensis","Anacardiaceae","Laurophyllus capensis","Laurophyllus capensis","Anacardiaceae",1,0,1,0,1,0,0,0,0,1,1,"Aug","Jan",NA,NA,600,0,0,0,0,0,1,1,0,0,0,0,0,0,0,0,0,"leaf",0,0,1,0,0,0,6.56,0,0,"leaf",3,"h","i","w","Laurophyllus capensis"
"Lebeckia longipes","Lebeckia longipes","Fabaceae","Lebeckia longipes","Lebeckia longipes","Fabaceae",1,0,1,0,1,0,0,0,0,0,0,"Dec","Dec",NA,NA,60,0,0,0,1,0,0,0,1,0,0,0,0,0,0,0,0,"leaf",1,0,0,0,0,0,NA,0,0,"leaf",2,"l","i","p","Lebeckia longipes"
"Lebeckia meyeriana","Lebeckia meyeriana","Fabaceae","Lebeckia meyeriana","Lebeckia meyeriana","Fabaceae",1,0,1,0,1,0,0,0,0,0,0,"Oct","Dec",NA,NA,40,0,0,0,1,0,0,0,0,0,0,0,0,0,0,0,0,"leaf",1,0,0,0,0,0,NA,0,0,"leaf",2,"l","i","p","Lebeckia meyeriana"
"Leonotis ocymifolia","Leonotis ocymifolia","Lamiaceae","Leonotis ocymifolia","Leonotis ocymifolia","Lamiaceae",1,0,1,0,1,0,0,0,0,0,0,"Mar","May",NA,NA,500,0,0,0,0,0,1,0,0,0,0,0,0,0,0,0,0,"leaf",0,0,1,0,0,0,NA,0,0,"leaf",2,"h","m","p","Leonotis ocymifolia"
"Leucadendron album","Leucadendron album","Proteaceae","Leucadendron album","Leucadendron album","Proteaceae",1,0,0,1,1,0,0,0,0,0,1,"Nov","Dec",NA,NA,200,0,0,0,1,0,0,0,0,0,0,0,0,0,0,0,0,"leaf",0,1,0,0,0,0,NA,0,0,"leaf",2,"h","i","w","Leucadendron album"
"Leucadendron coniferum","Leucadendron coniferum","Proteaceae","Leucadendron coniferum","Leucadendron coniferum","Proteaceae",1,0,0,1,1,0,0,0,0,0,1,"Aug","Sep",NA,NA,400,0,0,0,0,0,1,1,0,0,0,0,0,0,0,0,0,"leaf",0,1,0,0,0,0,4.55,0,0,"leaf",2,"h","w","w","Leucadendron coniferum"
"Leucadendron dubium","Leucadendron dubium","Proteaceae","Leucadendron dubium","Leucadendron dubium","Proteaceae",1,0,0,1,1,0,0,0,0,0,0,"Aug","Sep",NA,NA,150,0,0,0,0,1,0,0,0,0,0,0,0,0,0,0,0,"leaf",0,0,1,0,0,0,0.748,0,0,"leaf",2,"h","w","p","Leucadendron dubium"
"Leucadendron eucalyptifolium","Leucadendron eucalyptifolium","Proteaceae","Leucadendron eucalyptifolium","Leucadendron eucalyptifolium","Proteaceae",1,0,0,1,1,0,0,0,0,0,1,"Jul","Oct",NA,NA,500,0,0,0,0,0,1,1,0,0,0,0,0,0,0,0,0,"leaf",0,1,0,0,0,0,7.827272727,0,0,"leaf",2,"h","i","w","Leucadendron eucalyptifolium"
"Leucadendron gandogeri","Leucadendron gandogeri","Proteaceae","Leucadendron gandogeri","Leucadendron gandogeri","Proteaceae",1,0,0,1,1,0,0,0,0,0,1,"Aug","Oct",NA,NA,160,0,0,0,0,1,0,0,0,0,0,0,0,0,0,0,0,"leaf",0,0,1,0,0,0,6.14,0,0,"leaf",2,"h","i","w","Leucadendron gandogeri"
"Leucadendron glaberrimum","Leucadendron glaberrimum","Proteaceae","Leucadendron glaberrimum","Leucadendron glaberrimum","Proteaceae",1,0,0,1,1,0,0,0,0,1,1,"Aug","Oct",NA,NA,130,0,0,0,0,1,0,0,0,0,0,0,0,0,0,0,0,"leaf",0,1,0,0,0,0,2.5,0,0,"leaf",2,"h","i","p","Leucadendron glaberrimum"
"Leucadendron laureolum","Leucadendron laureolum","Proteaceae","Leucadendron laureolum","Leucadendron laureolum","Proteaceae",1,0,0,1,1,0,0,0,0,0,1,"Jun","Jul",NA,NA,200,0,0,0,0,0,1,0,0,0,0,0,0,0,0,0,0,"leaf",0,0,1,0,0,0,6.635135135,0,0,"leaf",2,"h","i","w","Leucadendron laureolum"
"Leucadendron microcephalum","Leucadendron microcephalum","Proteaceae","Leucadendron microcephalum","Leucadendron microcephalum","Proteaceae",1,0,0,1,1,0,0,0,0,0,1,"Jul","Jul",NA,NA,200,0,0,0,0,0,1,0,0,0,0,0,0,0,0,0,0,"leaf",0,0,1,0,0,0,7.18,0,0,"leaf",2,"h","i","p","Leucadendron microcephalum"
"Leucadendron nitidum","Leucadendron nitidum","Proteaceae","Leucadendron nitidum","Leucadendron nitidum","Proteaceae",1,0,0,1,1,0,0,0,0,0,1,"May","Nov",NA,NA,200,0,0,0,0,0,1,0,0,0,0,0,0,0,0,0,0,"leaf",0,1,0,0,0,0,1.626,0,0,"leaf",2,"h","i","w","Leucadendron nitidum"
"Leucadendron nobile","Leucadendron nobile","Proteaceae","Leucadendron nobile","Leucadendron nobile","Proteaceae",1,0,0,1,1,0,0,0,0,0,1,"Oct","Mar",NA,NA,400,0,0,0,0,0,1,0,0,0,0,0,0,0,0,0,0,"leaf",1,0,0,0,0,0,3.992222222,0,0,"leaf",2,"h","i","w","Leucadendron nobile"
"Leucadendron olens","Leucadendron olens","Proteaceae","Leucadendron olens","Leucadendron olens","Proteaceae",1,0,0,1,1,0,0,0,0,0,0,"Jun","Jul",NA,NA,120,0,0,0,0,1,0,0,0,0,0,0,0,0,0,0,0,"leaf",0,1,0,0,0,0,NA,0,0,"leaf",2,"h","w","p","Leucadendron olens"
"Leucadendron pubescens","Leucadendron pubescens","Proteaceae","Leucadendron pubescens","Leucadendron pubescens","Proteaceae",1,0,0,1,1,0,0,0,0,0,0,"Jul","Oct",NA,NA,250,0,0,0,0,0,1,0,0,0,0,0,0,0,0,0,0,"leaf",0,1,0,0,0,0,4.1,0,0,"leaf",2,"h","i","p","Leucadendron pubescens"
"Leucadendron pubibracteolatum","Leucadendron pubibracteolatum","Proteaceae","Leucadendron pubibracteolatum","Leucadendron pubibracteolatum","Proteaceae",1,0,0,1,1,0,0,0,0,0,0,"Jul","Aug",NA,NA,130,0,0,0,0,1,0,0,0,0,0,0,0,0,0,0,0,"leaf",0,0,1,0,0,0,6.633333333,0,0,"leaf",2,"h","i","p","Leucadendron pubibracteolatum"
"Leucadendron rourkei","Leucadendron rourkei","Proteaceae","Leucadendron rourkei","Leucadendron rourkei","Proteaceae",1,0,0,1,1,0,0,0,0,0,1,"Dec","Jan",NA,NA,600,0,0,0,0,0,1,1,0,0,0,0,0,0,0,0,0,"leaf",1,0,0,0,0,0,NA,0,0,"leaf",2,"h","i","w","Leucadendron rourkei"
"Leucadendron rubrum","Leucadendron rubrum","Proteaceae","Leucadendron rubrum","Leucadendron rubrum","Proteaceae",1,0,0,1,1,0,0,0,0,0,1,"Aug","Sep",NA,NA,250,0,0,0,0,0,1,0,0,0,0,0,0,0,0,0,0,"leaf",0,1,0,0,0,0,4.12875,0,0,"leaf",2,"h","w","w","Leucadendron rubrum"
"Leucadendron salignum","Leucadendron salignum","Proteaceae","Leucadendron salignum","Leucadendron salignum","Proteaceae",1,0,0,1,1,0,0,0,0,1,1,"Apr","Nov",NA,NA,200,0,0,0,0,0,1,0,0,0,0,0,0,0,0,0,0,"leaf",0,1,0,0,0,0,3.881086957,0,0,"leaf",3,"h","i","w","Leucadendron salignum"
"Leucadendron sorocephalodes","Leucadendron sorocephalodes","Proteaceae","Leucadendron sorocephalodes","Leucadendron sorocephalodes","Proteaceae",1,0,0,1,1,0,0,0,0,0,0,"Aug","Aug",NA,NA,30,0,0,0,1,0,0,0,0,0,0,0,0,0,0,0,0,"leaf",1,0,0,0,0,0,NA,0,0,"leaf",2,"h","i","p","Leucadendron sorocephalodes"
"Leucadendron spirale","Leucadendron spirale","Proteaceae","Leucadendron spirale","Leucadendron spirale","Proteaceae",1,0,0,1,1,0,0,0,0,0,1,"Nov","Jan",NA,NA,100,0,0,0,1,0,0,0,0,0,0,0,0,0,0,0,0,"leaf",1,0,0,0,0,0,NA,0,0,"leaf",2,"h","i","w","Leucadendron spirale"
"Leucadendron spissifolium","Leucadendron spissifolium","Proteaceae","Leucadendron spissifolium","Leucadendron spissifolium","Proteaceae",1,0,0,1,1,0,0,0,0,1,1,"Aug","Oct",NA,NA,130,0,0,0,0,1,0,0,0,0,0,0,0,0,0,0,0,"leaf",0,1,0,0,0,0,2.88,0,0,"leaf",3,"h","i","w","Leucadendron spissifolium"
"Leucadendron tinctum","Leucadendron tinctum","Proteaceae","Leucadendron tinctum","Leucadendron tinctum","Proteaceae",1,0,0,1,1,0,0,0,0,0,0,"Jul","Aug",NA,NA,130,0,0,0,0,1,0,0,0,0,0,0,0,0,0,0,0,"leaf",0,1,0,0,0,0,6.78,0,0,"leaf",2,"h","i","p","Leucadendron tinctum"
"Leucadendron uliginosum","Leucadendron uliginosum","Proteaceae","Leucadendron uliginosum","Leucadendron uliginosum","Proteaceae",1,0,0,1,1,0,0,0,0,0,1,"Oct","Dec",NA,NA,400,0,0,0,0,0,1,0,0,0,0,0,0,0,0,0,0,"leaf",0,0,1,0,0,0,3.883333333,0,0,"leaf",2,"h","i","w","Leucadendron uliginosum"
"Leucadendron xanthoconus","Leucadendron xanthoconus","Proteaceae","Leucadendron xanthoconus","Leucadendron xanthoconus","Proteaceae",1,0,0,1,1,0,0,0,0,0,1,"Aug","Aug",NA,NA,200,0,0,0,0,0,1,0,0,0,0,0,0,0,0,0,0,"leaf",0,1,0,0,0,0,4.257142857,0,0,"leaf",2,"h","w","w","Leucadendron xanthoconus"
"Leucospermum calligerum","Leucospermum calligerum","Proteaceae","Leucospermum calligerum","Leucospermum calligerum","Proteaceae",1,0,1,0,1,0,0,0,0,0,0,"Jul","Jan",NA,NA,200,0,0,0,0,0,1,0,0,0,0,0,0,0,0,0,0,"leaf",0,1,1,0,0,0,1.954,0,0,"leaf",2,"h","m","i","Leucospermum calligerum"
"Leucospermum conocarpodendron","Leucospermum conocarpodendron","Proteaceae","Leucospermum conocarpodendron","Leucospermum conocarpodendron","Proteaceae",1,0,1,0,1,0,0,0,0,1,0,"Aug","Dec",NA,NA,500,0,0,0,0,0,1,1,0,0,0,0,0,0,0,0,0,"leaf",0,0,1,0,0,0,9.14,0,0,"leaf",3,"h","m","i","Leucospermum conocarpodendron"
"Leucospermum cuneiforme","Leucospermum cuneiforme","Proteaceae","Leucospermum cuneiforme","Leucospermum cuneiforme","Proteaceae",1,0,1,0,1,0,0,0,0,1,0,"Aug","Feb",NA,NA,200,0,0,0,0,0,1,0,0,0,0,0,0,0,0,0,0,"leaf",0,0,1,0,0,0,7.278571429,0,0,"leaf",3,"h","m","i","Leucospermum cuneiforme"
"Leucospermum erubescens","Leucospermum erubescens","Proteaceae","Leucospermum erubescens","Leucospermum erubescens","Proteaceae",1,0,1,0,1,0,0,0,0,0,0,"Aug","Jan",NA,NA,200,0,0,0,0,0,1,0,0,0,0,0,0,0,0,0,0,"leaf",0,1,0,0,0,0,NA,0,0,"leaf",2,"h","m","i","Leucospermum erubescens"
"Leucospermum hypophyllocarpodendron","Leucospermum hypophyllocarpodendron","Proteaceae","Leucospermum hypophyllocarpodendron","Leucospermum hypophyllocarpodendron","Proteaceae",1,0,1,0,1,0,0,0,0,1,0,"Aug","Jan",NA,NA,20,0,0,0,1,0,0,0,0,0,0,0,0,0,0,0,0,"leaf",1,1,0,0,0,0,NA,0,0,"leaf",3,"m","m","i","Leucospermum hypophyllocarpodendron"
"Leucospermum mundii","Leucospermum mundii","Proteaceae","Leucospermum mundii","Leucospermum mundii","Proteaceae",1,0,1,0,1,0,0,0,0,0,0,"Jul","Nov",NA,NA,100,0,0,0,1,0,0,0,0,0,0,0,0,0,0,0,0,"leaf",0,0,1,0,0,0,6.06,0,0,"leaf",2,"h","m","i","Leucospermum mundii"
"Leucospermum winteri","Leucospermum winteri","Proteaceae","Leucospermum winteri","Leucospermum winteri","Proteaceae",1,0,1,0,1,0,0,0,0,0,0,"Jul","Dec",NA,NA,130,0,0,0,0,1,0,0,0,0,0,0,0,0,0,0,0,"leaf",0,0,1,0,0,0,NA,0,0,"leaf",2,"h","m","i","Leucospermum winteri"
"Leucospermum wittebergense","Leucospermum wittebergense","Proteaceae","Leucospermum wittebergense","Leucospermum wittebergense","Proteaceae",1,0,1,0,1,0,0,0,0,0,0,"Aug","Jan",NA,NA,200,0,0,0,0,0,1,0,0,0,0,0,0,0,0,0,0,"leaf",0,0,1,0,0,0,2.3,0,0,"leaf",2,"h","m","i","Leucospermum wittebergense"
"Leysera gnaphalodes","Leysera gnaphalodes","Asteraceae","Leysera gnaphalodes","Leysera gnaphalodes","Asteraceae",1,0,1,0,1,0,0,0,0,0,0,"Sep","Nov",NA,NA,40,0,0,0,1,0,0,0,0,0,0,0,0,0,0,0,0,"leaf",1,0,0,0,0,0,NA,0,0,"leaf",1,"m","i","w","Leysera gnaphalodes"
"Lichtensteinia lacera","Lichtensteinia lacera","Apiaceae","Lichtensteinia lacera","Lichtensteinia lacera","Apiaceae",1,0,1,0,1,0,0,0,0,1,0,"Dec","Mar",NA,NA,140,1,0,0,0,0,0,0,0,0,0,0,0,0,0,0,0,"leaf",0,0,1,0,1,0,NA,0,0,"leaf",3,"l","i","w","Lichtensteinia lacera"
"Lichtensteinia latifolia","Lichtensteinia latifolia","Apiaceae","Lichtensteinia latifolia","Lichtensteinia latifolia","Apiaceae",1,0,1,0,1,0,0,0,0,1,0,"Nov","Feb",NA,NA,140,1,0,0,0,0,0,0,0,0,0,0,0,0,0,0,0,"leaf",0,0,1,0,1,0,NA,0,0,"leaf",3,"l","i","w","Lichtensteinia latifolia"
"Lidbeckia quinqueloba","Lidbeckia lobata","Asteraceae","Lidbeckia quinqueloba","Lidbeckia quinqueloba","Asteraceae",1,0,1,0,1,0,0,0,0,0,0,"Sep","Dec",NA,NA,60,0,0,0,1,0,0,0,0,0,0,0,0,0,0,0,0,"leaf",0,0,1,0,1,0,1.76,0,0,"leaf",2,"l","i","w","Lidbeckia quinqueloba"
"Limeum aethiopicum","Limeum aethiopicum","Molluginaceae","Limeum aethiopicum","Limeum aethiopicum","Limeaceae",1,0,1,0,1,0,0,0,0,1,0,"Feb","Mar",NA,NA,15,0,0,0,1,0,0,0,0,0,0,0,0,0,0,0,0,"leaf",0,0,1,0,0,0,NA,0,0,"leaf",2,"l","i","u","Limeum aethiopicum"
"Limonium scabrum","Limonium scabrum","Plumbaginaceae","Limonium scabrum","Limonium scabrum","Plumbaginaceae",1,0,1,0,1,0,0,0,0,0,0,"Oct","May",NA,NA,25,1,0,0,0,0,0,0,0,0,0,0,0,0,0,0,0,"leaf",0,0,1,0,0,0,2.64,0,0,"leaf",2,"l","i","w","Limonium scabrum"
"Linconia alopecuroidea","Linconia alopecuroidea","Bruniaceae","Linconia alopecuroidea","Linconia alopecuroidea","Bruniaceae",1,0,1,0,1,0,0,0,0,1,0,"Sep","Nov",NA,NA,100,0,0,0,1,0,0,0,0,0,0,0,0,0,0,0,0,"leaf",0,1,0,0,0,0,NA,0,0,"leaf",3,"h","i","w","Linconia alopecuroidea"
"Linum africanum","Linum africanum","Linaceae","Linum africanum","Linum africanum","Linaceae",1,0,1,0,1,0,0,0,0,1,0,"Nov","Jan",NA,NA,50,0,0,0,1,0,0,0,0,0,0,0,0,0,0,0,0,"leaf",0,1,0,0,0,0,NA,0,0,"leaf",2,"m","i","p","Linum africanum"
"Linum gracile","Linum gracile","Linaceae","Linum gracile","Linum gracile","Linaceae",1,0,1,0,1,0,0,0,0,1,0,"Sep","Feb",NA,NA,50,0,0,0,1,0,0,0,0,0,0,0,0,0,0,0,0,"leaf",0,0,1,0,0,0,NA,0,0,"leaf",2,"m","i","p","Linum gracile"
"Linum pungens","Linum pungens","Linaceae","Linum pungens","Linum pungens","Linaceae",1,0,1,0,1,0,0,0,0,1,0,"Dec","Jan",NA,NA,50,0,0,0,1,0,0,0,0,0,0,0,0,0,0,0,0,"leaf",0,1,1,0,0,0,NA,0,0,"leaf",2,"m","i","p","Linum pungens"
"Linum thunbergii","Linum thunbergii","Linaceae","Linum thunbergii","Linum thunbergii","Linaceae",1,0,1,0,1,0,0,0,0,1,0,"Oct","Jan",NA,NA,50,0,0,0,1,0,0,0,0,0,0,0,0,0,0,0,0,"leaf",1,0,0,0,0,0,NA,0,0,"leaf",2,"m","i","p","Linum thunbergii"
"Liparia calycina","Liparia calycina","Fabaceae","Liparia calycina","Liparia calycina","Fabaceae",1,0,1,0,1,0,0,0,0,0,0,"Aug","Nov",NA,NA,250,0,0,0,0,0,1,0,0,0,0,0,0,0,0,0,0,"leaf",0,0,1,0,0,0,NA,0,0,"leaf",2,"h","i","p","Liparia calycina"
"Liparia parva","Liparia parva","Fabaceae","Liparia parva","Liparia parva","Fabaceae",1,0,1,0,1,0,0,0,0,1,0,"May","Nov",NA,NA,20,0,0,0,1,0,0,0,0,0,0,0,0,0,0,0,0,"leaf",0,0,1,0,0,0,1.7,0,0,"leaf",3,"h","m","p","Liparia parva"
"Lobelia anceps","Lobelia anceps","Campanulaceae","Lobelia anceps","Lobelia anceps","Campanulaceae",1,0,1,0,1,0,0,0,0,0,0,"Nov","Jun",NA,NA,5,1,0,0,0,0,0,0,0,0,0,0,0,0,0,0,0,"leaf",0,0,1,0,0,0,NA,0,1,"leaf",1,"m","i","p","Lobelia anceps"
"Lobelia capillifolia","Lobelia capillifolia","Campanulaceae","Lobelia capillifolia","Lobelia capillifolia","Campanulaceae",1,0,1,0,1,0,0,0,0,0,0,"Sep","May",NA,NA,50,1,0,0,0,0,0,0,0,0,0,0,0,0,0,0,0,"leaf",1,0,0,0,0,0,2.173,0,1,"leaf",1,"l","i","p","Lobelia capillifolia"
"Lobelia chamaepitys","Lobelia chamaepitys","Campanulaceae","Lobelia chamaepitys","Lobelia chamaepitys","Campanulaceae",1,0,1,0,1,0,0,0,0,0,0,"Sep","Apr",NA,NA,30,0,0,0,1,0,0,0,0,0,0,0,0,0,0,0,0,"leaf",1,0,0,0,0,1,NA,0,0,"leaf",1,"l","i","p","Lobelia chamaepitys"
"Lobelia comosa","Lobelia comosa","Campanulaceae","Lobelia comosa","Lobelia comosa","Campanulaceae",0,1,1,0,1,0,0,0,0,0,0,"Aug","Jan",NA,NA,50,0,0,0,1,0,0,0,0,0,0,0,0,0,0,0,0,"leaf",1,1,0,0,0,0,NA,0,1,"leaf",0,"l","i","p","Lobelia comosa"
"Lobelia coronopifolia","Lobelia coronopifolia","Campanulaceae","Lobelia coronopifolia","Lobelia coronopifolia","Campanulaceae",1,0,1,0,1,0,0,0,0,0,0,"Oct","Apr",NA,NA,30,0,0,0,1,0,0,0,0,0,0,0,0,0,0,0,0,"leaf",1,1,0,0,0,1,2.165,0,0,"leaf",1,"l","i","p","Lobelia coronopifolia"
"Lobelia jasionoides","Lobelia jasionoides","Campanulaceae","Lobelia jasionoides","Lobelia jasionoides","Campanulaceae",1,0,1,0,1,0,0,0,0,0,0,"Oct","Feb",NA,NA,50,1,0,0,0,0,0,0,0,0,0,0,0,0,0,0,0,"leaf",0,0,1,0,0,0,NA,0,0,"leaf",1,"l","i","p","Lobelia jasionoides"
"Lobelia linearis","Lobelia linearis","Campanulaceae","Lobelia linearis","Lobelia linearis","Campanulaceae",1,0,1,0,1,0,0,0,0,0,0,"Sep","Mar",NA,NA,70,0,0,0,1,0,0,0,0,0,0,0,0,0,0,0,0,"leaf",1,0,0,0,0,0,NA,0,1,"leaf",2,"m","i","p","Lobelia linearis"
"Lobelia neglecta","Lobelia neglecta","Campanulaceae","Lobelia neglecta","Lobelia neglecta","Campanulaceae",1,0,1,0,1,0,0,0,0,0,0,"Jan","Dec",NA,NA,50,0,0,0,1,0,0,0,0,0,0,0,0,0,0,0,0,"leaf",0,0,1,0,0,0,1.19,0,0,"leaf",1,"l","i","p","Lobelia neglecta"
"Lobelia patula","Lobelia patula","Campanulaceae","Lobelia patula","Lobelia patula","Campanulaceae",1,0,1,0,1,0,0,0,0,0,0,"Oct","Dec",NA,NA,40,1,0,0,0,0,0,0,0,0,0,0,0,0,0,0,0,"leaf",0,0,1,0,0,0,NA,0,0,"leaf",1,"l","i","p","Lobelia patula"
"Lobelia pinifolia","Lobelia pinifolia","Campanulaceae","Lobelia pinifolia","Lobelia pinifolia","Campanulaceae",1,0,1,0,1,0,0,0,0,0,0,"Dec","Apr",NA,NA,50,0,0,0,1,0,0,0,0,0,0,0,0,0,0,0,0,"leaf",1,0,0,0,0,0,1.936363636,0,0,"leaf",2,"m","i","p","Lobelia pinifolia"
"Lobelia pubescens","Lobelia pubescens","Campanulaceae","Lobelia pubescens","Lobelia pubescens","Campanulaceae",1,1,1,0,1,0,0,0,0,0,0,"Oct","Mar",NA,NA,50,1,0,0,0,0,0,0,0,0,0,0,0,0,0,0,0,"leaf",0,0,1,0,0,1,NA,0,1,"leaf",1,"l","i","p","Lobelia pubescens"
"Lobelia setacea","Lobelia setacea","Campanulaceae","Lobelia setacea","Lobelia setacea","Campanulaceae",1,0,1,0,1,0,0,0,0,0,0,"Nov","Apr",NA,NA,60,1,0,0,0,0,0,0,0,0,0,0,0,0,0,0,0,"leaf",1,0,0,0,0,0,7.325,0,1,"leaf",1,"l","i","p","Lobelia setacea"
"Lobelia tomentosa","Lobelia tomentosa","Campanulaceae","Lobelia tomentosa","Lobelia tomentosa","Campanulaceae",1,0,1,0,1,0,0,0,0,0,0,"Nov","Jun",NA,NA,40,0,0,0,1,0,0,0,0,0,0,0,0,0,0,0,0,"leaf",0,0,1,0,0,1,1.67,0,0,"leaf",1,"l","i","p","Lobelia tomentosa"
"Lobostemon cinereus","Lobostemon trichotomus","Boraginaceae","Lobostemon cinereus","Lobostemon cinereus","Boraginaceae",1,0,1,0,1,0,0,0,0,0,0,"Aug","Nov",NA,NA,100,0,0,0,1,0,0,0,0,0,0,0,0,0,0,0,0,"leaf",0,1,0,0,0,0,1.23,0,0,"leaf",2,"h","i","p","Lobostemon cinereus"
"Lobostemon decorus","Lobostemon decorus","Boraginaceae","Lobostemon decorus","Lobostemon decorus","Boraginaceae",1,0,1,0,1,0,0,0,0,0,0,"Aug","Oct",NA,NA,100,0,0,0,1,0,0,0,0,0,0,0,0,0,0,0,0,"leaf",1,0,0,0,0,0,NA,0,0,"leaf",2,"h","i","p","Lobostemon decorus"
"Lobostemon echioides","Lobostemon echioides","Boraginaceae","Lobostemon echioides","Lobostemon echioides","Boraginaceae",1,0,1,0,1,0,0,0,0,0,0,"Aug","Oct",NA,NA,80,0,0,0,1,0,0,0,0,0,0,0,0,0,0,0,0,"leaf",0,1,0,0,0,0,2.0925,0,0,"leaf",2,"h","i","p","Lobostemon echioides"
"Lobostemon fruticosus","Lobostemon fruticosus","Boraginaceae","Lobostemon fruticosus","Lobostemon fruticosus","Boraginaceae",1,0,1,0,1,0,0,0,0,0,0,"May","Dec",NA,NA,80,0,0,0,1,0,0,0,0,0,0,0,0,0,0,0,0,"leaf",0,1,0,0,0,0,3.645454545,0,0,"leaf",2,"h","i","p","Lobostemon fruticosus"
"Lobostemon glaucophyllus","Lobostemon glaucophyllus","Boraginaceae","Lobostemon glaucophyllus","Lobostemon glaucophyllus","Boraginaceae",1,0,1,0,1,0,0,0,0,0,0,"Jul","Oct",NA,NA,80,0,0,0,1,0,0,0,0,0,0,0,0,0,0,0,0,"leaf",0,1,0,0,0,0,5.68,0,0,"leaf",2,"h","i","p","Lobostemon glaucophyllus"
"Lobostemon montanus","Lobostemon montanus","Boraginaceae","Lobostemon montanus","Lobostemon montanus","Boraginaceae",1,0,1,0,1,0,0,0,0,0,0,"Jul","Sep",NA,NA,120,0,0,0,0,1,0,0,0,0,0,0,0,0,0,0,0,"leaf",0,1,0,0,0,0,5.18,0,0,"leaf",2,"h","i","p","Lobostemon montanus"
"Lobostemon muirii","Lobostemon muirii","Boraginaceae","Lobostemon muirii","Lobostemon muirii","Boraginaceae",1,0,1,0,1,0,0,0,0,1,0,"Jun","Aug",NA,NA,90,0,0,0,1,0,0,0,0,0,0,0,0,0,0,0,0,"leaf",0,1,0,0,0,0,3.62,0,0,"leaf",2,"h","i","p","Lobostemon muirii"
"Lotononis pungens","Lotononis pungens","Fabaceae","Lotononis pungens","Lotononis pungens","Fabaceae",1,0,1,0,1,0,0,0,0,1,0,"Aug","Mar",NA,NA,20,0,0,0,1,0,0,0,0,0,0,0,0,0,0,0,0,"leaf",1,0,1,1,0,0,NA,0,0,"leaf",2,"l","i","p","Lotononis pungens"
"Loxostylis alata","Loxostylis alata","Anacardiaceae","Loxostylis alata","Loxostylis alata","Anacardiaceae",1,0,1,0,1,0,0,0,0,1,0,"Sep","Mar",NA,NA,600,0,0,0,0,0,0,1,0,0,0,0,0,0,0,0,0,"leaf",0,0,1,1,0,0,10.45,0,0,"leaf",3,"h","i","m","Loxostylis alata"
"Lycium afrum","Lycium afrum","Solanaceae","Lycium afrum","Lycium afrum","Solanaceae",1,0,1,0,1,0,0,0,0,0,0,"Jul","Sep",NA,NA,300,0,0,0,0,0,1,1,0,0,0,0,0,0,0,0,0,"leaf",1,0,0,0,0,0,NA,0,0,"leaf",3,"m","i","m","Lycium afrum"
"Lycium ferocissimum","Lycium ferocissimum","Solanaceae","Lycium ferocissimum","Lycium ferocissimum","Solanaceae",1,0,1,0,1,0,0,0,0,0,0,"Jul","Sep",NA,NA,200,0,0,0,0,0,1,0,0,0,0,0,0,0,0,0,0,"leaf",0,0,1,0,0,0,2.166666667,0,0,"leaf",3,"m","i","m","Lycium ferocissimum"
"Lycopodium zanclophyllum","Lycopodium complanatum","Lycopodiaceae","Diphasiastrum zanclophyllum","Diphasiastrum zanclophyllum","Lycopodiaceae",1,0,1,0,1,0,0,0,0,1,0,NA,NA,NA,NA,25,1,0,0,0,0,0,0,0,0,0,0,0,0,0,0,0,"microphyll",1,0,0,0,0,0,0.3,0,0,"leaf",2,"l","w","w","Diphasiastrum zanclophyllum"
"Machairophyllum albidum","Machairophyllum cookii","Aizoaceae","Machairophyllum albidum","Machairophyllum albidum","Aizoaceae",1,0,1,0,1,0,0,1,0,1,0,"Oct","Nov",NA,NA,8,1,0,0,0,0,0,0,0,0,0,0,0,1,1,0,0,"leaf",0,1,0,0,0,0,NA,0,0,"leaf",2,"l","i","p","Machairophyllum albidum"
"Machairophyllum bijliae","Machairophyllum acuminatum","Aizoaceae","Machairophyllum bijlii","Machairophyllum bijlii","Aizoaceae",1,0,1,0,1,0,0,1,0,1,0,"Nov","Nov",NA,NA,4,1,0,0,0,0,0,0,0,0,0,0,0,1,1,0,0,"leaf",0,1,0,0,0,0,NA,0,0,"leaf",2,"l","i","p","Machairophyllum bijlii"
"Macledium spinosum","Dicoma spinosa","Asteraceae","Macledium spinosum","Macledium spinosum","Asteraceae",1,0,1,0,1,0,0,0,0,1,0,"Sep","Feb",NA,NA,20,0,0,0,1,0,0,0,0,0,0,0,0,0,0,0,0,"leaf",0,0,1,0,0,0,1.78,0,0,"leaf",2,"m","i","w","Macledium spinosum"
"Macrostylis squarrosa","Macrostylis squarrosa","Rutaceae","Macrostylis squarrosa","Macrostylis squarrosa","Rutaceae",1,0,1,0,1,0,0,0,0,0,0,"Aug","Feb",NA,NA,30,0,0,0,1,0,0,0,0,0,0,0,0,0,0,0,0,"leaf",0,0,1,0,0,0,0.248,0,0,"leaf",2,"h","i","p","Macrostylis squarrosa"
"Macrostylis tenuis","Macrostylis tenuis","Rutaceae","Macrostylis tenuis","Macrostylis tenuis","Rutaceae",1,0,1,0,1,0,0,0,0,1,0,"Sep","Mar",NA,NA,90,0,0,0,1,0,0,0,0,0,0,0,0,0,0,0,0,"leaf",0,0,1,0,0,0,0.256,0,0,"leaf",2,"h","i","p","Macrostylis tenuis"
"Macrostylis villosa","Macrostylis villosa","Rutaceae","Macrostylis villosa","Macrostylis villosa","Rutaceae",1,0,1,0,1,0,0,0,0,1,0,"Dec","Jul",NA,NA,30,0,0,0,1,0,0,0,0,0,0,0,0,0,0,0,0,"leaf",0,1,0,0,0,0,0.675,0,0,"leaf",3,"m","i","p","Macrostylis villosa"
"Mairia coriacea","Mairia coriacea","Asteraceae","Mairia coriacea","Mairia coriacea","Asteraceae",1,0,1,0,1,0,0,0,1,1,0,"Nov","Mar",NA,NA,12,1,0,0,0,0,0,0,0,0,0,0,0,0,0,0,0,"leaf",0,0,1,0,0,0,NA,0,0,"leaf",2,"l","i","w","Mairia coriacea"
"Mairia crenata","Mairia crenata","Asteraceae","Zyrphelis crenata","Zyrphelis crenata","Asteraceae",1,0,1,0,1,0,0,0,1,1,0,"Sep","Mar",NA,NA,15,1,0,0,0,0,0,0,0,0,0,0,0,0,0,0,0,"leaf",0,0,1,0,0,0,NA,0,0,"leaf",2,"l","i","w","Zyrphelis crenata"
"Mairia hirsuta","Mairia hirsuta","Asteraceae","Mairia purpurata","Mairia purpurata","Asteraceae",1,0,1,0,1,0,0,0,1,1,0,"Jul","Sep",NA,NA,30,1,0,0,0,0,0,0,0,0,0,0,0,0,0,0,0,"leaf",0,1,0,0,0,0,NA,0,0,"leaf",2,"l","i","w","Mairia purpurata"
"Manulea cephalotes","Manulea cephalotes","Scrophulariaceae","Manulea cephalotes","Manulea cephalotes","Scrophulariaceae",1,0,1,0,1,0,0,1,0,0,0,"Dec","Apr",NA,NA,100,1,0,0,0,0,0,0,0,0,0,0,0,0,0,0,0,"leaf",0,0,1,0,0,0,NA,0,0,"leaf",1,"l","i","p","Manulea cephalotes"
"Manulea cheiranthus","Manulea cheiranthus","Scrophulariaceae","Manulea cheiranthus","Manulea cheiranthus","Scrophulariaceae",0,1,1,0,0,1,1,1,0,0,0,"Jul","Nov",NA,NA,30,1,0,0,0,0,0,0,0,0,0,0,0,0,0,0,0,"leaf",0,1,1,0,0,0,NA,0,0,"leaf",0,"l","i","p","Manulea cheiranthus"
"Manulea laxa","Manulea laxa","Scrophulariaceae","Manulea laxa","Manulea laxa","Scrophulariaceae",1,0,1,0,1,0,0,1,0,0,0,"Sep","Oct",NA,NA,80,1,0,0,0,0,0,0,0,0,0,0,0,0,0,0,0,"leaf",0,1,0,0,0,0,NA,0,0,"leaf",1,"l","i","p","Manulea laxa"
"Manulea tomentosa","Manulea tomentosa","Scrophulariaceae","Manulea tomentosa","Manulea tomentosa","Scrophulariaceae",1,0,1,0,1,0,0,1,0,0,0,"Aug","Dec",NA,NA,60,1,0,0,0,0,0,0,0,0,0,0,0,0,0,0,0,"leaf",0,1,0,0,0,0,NA,0,0,"leaf",1,"l","i","p","Manulea tomentosa"
"Mastersiella digitata","Mastersiella digitata","Restionaceae","Mastersiella digitata","Mastersiella digitata","Restionaceae",1,0,0,1,1,0,0,0,0,0,0,"Mar","Sep",NA,NA,100,0,0,1,0,0,0,0,0,0,0,0,0,0,0,0,0,"leaf",1,0,0,0,0,0,29.22,1,1,"culm_stem",2,"h","w","i","Mastersiella digitata"
"Mastersiella purpurea","Mastersiella purpurea","Restionaceae","Mastersiella purpurea","Mastersiella purpurea","Restionaceae",1,0,0,1,1,0,0,0,0,0,0,"Feb","Feb",NA,NA,100,0,0,1,0,0,0,0,0,0,0,0,0,0,0,0,0,"leaf",1,0,0,0,0,0,50.45,1,1,"culm_stem",2,"h","w","i","Mastersiella purpurea"
"Mastersiella spathulata","Mastersiella spathulata","Restionaceae","Mastersiella spathulata","Mastersiella spathulata","Restionaceae",1,0,0,1,1,0,0,0,0,1,0,"Sep","Sep",NA,NA,100,0,0,1,0,0,0,0,0,0,0,0,0,0,0,0,0,"leaf",1,0,0,0,0,0,NA,1,1,"culm_stem",2,"h","w","i","Mastersiella spathulata"
"Maurocenia frangula","Maurocenia frangula","Celastraceae","Maurocenia frangula","Maurocenia frangula","Celastraceae",1,0,1,0,1,0,0,0,0,1,0,"Jan","May",NA,NA,500,0,0,0,0,0,1,1,0,0,0,0,0,0,0,0,0,"leaf",0,0,1,0,0,0,4.666666667,0,0,"leaf",3,"m","i","m","Maurocenia frangula"
"Maytenus acuminata","Maytenus acuminata","Celastraceae","Maytenus acuminata","Maytenus acuminata","Celastraceae",1,0,1,0,1,0,0,0,0,0,0,"May","Jan",NA,NA,1000,0,0,0,0,0,0,1,0,0,0,0,0,0,0,0,0,"leaf",0,1,1,0,0,0,6.18,0,0,"leaf",3,"m","i","m","Maytenus acuminata"
"Maytenus lucida","Maytenus lucida","Celastraceae","Maytenus lucida","Maytenus lucida","Celastraceae",1,0,1,0,1,0,0,0,0,1,0,"Jun","Jan",NA,NA,150,0,0,0,0,1,0,0,0,0,0,0,0,0,0,0,0,"leaf",0,0,1,0,0,0,3.666666667,0,0,"leaf",3,"m","i","m","Maytenus lucida"
"Maytenus oleoides","Maytenus oleoides","Celastraceae","Maytenus oleoides","Maytenus oleoides","Celastraceae",1,0,1,0,1,0,0,0,0,1,0,"Apr","Sep",NA,NA,400,0,0,0,0,0,0,1,0,0,0,0,0,0,0,0,0,"leaf",0,1,1,0,0,0,2.8,0,0,"leaf",3,"h","i","m","Maytenus oleoides"
"Maytenus undata","Maytenus undata","Celastraceae","Maytenus undata","Maytenus undata","Celastraceae",1,0,1,0,1,0,0,0,0,0,0,"Nov","Mar",NA,NA,1000,0,0,0,0,0,0,1,0,0,0,0,0,0,0,0,0,"leaf",0,0,1,0,0,0,NA,0,0,"leaf",3,"h","i","m","Maytenus undata"
"Melianthus major","Melianthus major","Melianthaceae","Melianthus major","Melianthus major","Francoaceae",1,0,1,0,1,0,0,0,0,1,0,"Aug","Sep",NA,NA,200,0,0,0,0,0,1,0,0,0,0,0,0,0,0,0,0,"leaf",0,0,1,1,0,0,15.56,0,0,"leaf",2,"m","m","p","Melianthus major"
"Melica racemosa","Melica racemosa","Poaceae","Melica racemosa","Melica racemosa","Poaceae",1,0,1,0,1,0,0,1,0,1,0,"Oct","Mar",NA,NA,100,0,0,1,0,0,0,0,0,0,0,0,0,0,0,0,0,"leaf",1,0,0,0,0,0,NA,0,0,"leaf",2,"h","w","i","Melica racemosa"
"Melinis nerviglumis","Melinis nerviglumis","Poaceae","Melinis nerviglumis","Melinis nerviglumis","Poaceae",1,0,1,0,1,0,0,1,0,0,0,"Nov","Dec",NA,NA,80,0,0,1,0,0,0,0,0,0,0,0,0,0,0,0,0,"leaf",1,0,0,0,0,0,NA,0,0,"leaf",2,"h","w","w","Melinis nerviglumis"
"Melinis repens","Melinis repens","Poaceae","Melinis repens","Melinis repens","Poaceae",1,1,1,0,1,0,0,1,0,0,0,"Oct","Feb",NA,NA,80,0,0,1,0,0,0,0,0,0,0,0,0,0,0,0,0,"leaf",1,0,0,0,0,0,9.248333333,0,0,"leaf",1,"h","w","w","Melinis repens"
"Melolobium candicans","Melolobium candicans","Fabaceae","Melolobium candicans","Melolobium candicans","Fabaceae",1,0,1,0,1,0,0,0,0,0,0,"May","Jan",NA,NA,60,0,0,0,1,0,0,0,0,0,0,0,0,0,0,0,0,"leaf",0,1,0,1,0,0,NA,0,0,"leaf",2,"l","i","p","Melolobium candicans"
"Merciera azurea","Merciera azurea","Campanulaceae","Merciera azurea","Merciera azurea","Campanulaceae",1,0,1,0,1,0,0,0,0,1,0,"Nov","Feb",NA,NA,30,0,0,0,1,0,0,0,0,0,0,0,0,0,0,0,0,"leaf",1,0,0,0,0,0,1.554,0,0,"leaf",2,"m","i","p","Merciera azurea"
"Merciera brevifolia","Merciera brevifolia","Campanulaceae","Merciera brevifolia","Merciera brevifolia","Campanulaceae",1,0,1,0,1,0,0,0,0,1,0,"Nov","Mar",NA,NA,30,0,0,0,1,0,0,0,0,0,0,0,0,0,0,0,0,"leaf",1,0,0,0,0,0,NA,0,0,"leaf",2,"m","i","p","Merciera brevifolia"
"Merciera tenuifolia","Merciera tenuifolia","Campanulaceae","Merciera tenuifolia","Merciera tenuifolia","Campanulaceae",1,0,1,0,1,0,0,0,0,1,0,"Dec","Mar",NA,NA,30,0,0,0,1,0,0,0,0,0,0,0,0,0,0,0,0,"leaf",1,0,0,0,0,0,0.608,0,0,"leaf",2,"m","i","p","Merciera tenuifolia"
"Mesembryanthemum crystallinum","Mesembryanthemum crystallinum","Aizoaceae","Mesembryanthemum crystallinum","Mesembryanthemum crystallinum","Aizoaceae",1,0,1,0,1,0,0,1,0,0,0,"Nov","Dec",NA,NA,20,0,0,0,1,0,0,0,1,0,0,0,0,1,1,1,0,"leaf",0,0,1,0,0,0,2.24,0,0,"leaf",0,"l","i","p","Mesembryanthemum crystallinum"
"Metalasia brevifolia","Metalasia brevifolia","Asteraceae","Metalasia brevifolia","Metalasia brevifolia","Asteraceae",1,0,1,0,1,0,0,0,0,0,0,"Sep","Dec",NA,NA,100,0,0,0,1,0,0,0,0,0,0,0,0,0,0,0,0,"leaf",1,1,0,0,0,0,0.766666667,0,0,"leaf",2,"h","i","w","Metalasia brevifolia"
"Metalasia capitata","Metalasia capitata","Asteraceae","Metalasia capitata","Metalasia capitata","Asteraceae",1,0,1,0,1,0,0,0,0,0,0,"Aug","Sep",NA,NA,60,0,0,0,1,0,0,0,0,0,0,0,0,0,0,0,0,"leaf",1,0,0,0,0,0,NA,0,0,"leaf",2,"h","i","w","Metalasia capitata"
"Metalasia cephalotes","Metalasia cephalotes","Asteraceae","Metalasia cephalotes","Metalasia cephalotes","Asteraceae",1,0,1,0,1,0,0,0,0,0,0,"Aug","Nov",NA,NA,100,0,0,0,1,0,0,0,0,0,0,0,0,0,0,0,0,"leaf",1,1,0,0,0,0,0.59,0,0,"leaf",2,"h","i","w","Metalasia cephalotes"
"Metalasia densa","Metalasia densa","Asteraceae","Metalasia densa","Metalasia densa","Asteraceae",1,0,1,0,1,0,0,0,0,0,0,"Jun","Oct",NA,NA,250,0,0,0,0,0,1,0,0,0,0,0,0,0,0,0,0,"leaf",0,1,1,0,0,0,0.597333333,0,0,"leaf",2,"h","i","w","Metalasia densa"
"Metalasia dregeana","Metalasia dregeana","Asteraceae","Metalasia dregeana","Metalasia dregeana","Asteraceae",1,0,1,0,1,0,0,0,0,0,0,"Mar","Apr",NA,NA,250,0,0,0,0,0,1,0,0,0,0,0,0,0,0,0,0,"leaf",0,1,1,0,0,0,0.73,0,0,"leaf",2,"h","i","w","Metalasia dregeana"
"Metalasia fastigiata","Metalasia fastigiata","Asteraceae","Metalasia fastigiata","Metalasia fastigiata","Asteraceae",1,0,1,0,1,0,0,0,0,0,0,"Aug","Dec",NA,NA,150,0,0,0,0,1,0,0,0,0,0,0,0,0,0,0,0,"leaf",1,1,0,0,0,0,NA,0,0,"leaf",2,"h","i","w","Metalasia fastigiata"
"Metalasia galpinii","Metalasia galpinii","Asteraceae","Metalasia galpinii","Metalasia galpinii","Asteraceae",1,0,1,0,1,0,0,0,0,0,0,"Nov","Dec",NA,NA,120,0,0,0,0,1,0,0,0,0,0,0,0,0,0,0,0,"leaf",1,0,0,0,0,0,1.21,0,0,"leaf",2,"h","i","w","Metalasia galpinii"
"Metalasia lichtensteinii","Metalasia lichtensteinii","Asteraceae","Metalasia lichtensteinii","Metalasia lichtensteinii","Asteraceae",1,0,1,0,1,0,0,0,0,1,0,"Aug","Jan",NA,NA,150,0,0,0,0,1,0,0,0,0,0,0,0,0,0,0,0,"leaf",1,1,0,0,0,0,0.476,0,0,"leaf",2,"h","i","w","Metalasia lichtensteinii"
"Metalasia massonii","Metalasia massonii","Asteraceae","Metalasia massonii","Metalasia massonii","Asteraceae",1,0,1,0,1,0,0,0,0,0,0,"Aug","Oct",NA,NA,250,0,0,0,0,0,1,0,0,0,0,0,0,0,0,0,0,"leaf",1,0,0,0,0,0,0.545,0,0,"leaf",2,"h","i","w","Metalasia massonii"
"Metalasia muricata","Metalasia muricata","Asteraceae","Metalasia muricata","Metalasia muricata","Asteraceae",1,0,1,0,1,0,0,0,0,0,0,"May","Sep",NA,NA,250,0,0,0,0,0,1,0,0,0,0,0,0,0,0,0,0,"leaf",0,1,1,0,0,0,0.521428571,0,0,"leaf",2,"h","i","w","Metalasia muricata"
"Metalasia pallida","Metalasia pallida","Asteraceae","Metalasia pallida","Metalasia pallida","Asteraceae",1,0,1,0,1,0,0,0,0,0,0,"Aug","Nov",NA,NA,200,0,0,0,0,0,1,0,0,0,0,0,0,0,0,0,0,"leaf",1,0,0,0,0,0,NA,0,0,"leaf",2,"h","i","w","Metalasia pallida"
"Metalasia pungens","Metalasia pungens","Asteraceae","Metalasia pungens","Metalasia pungens","Asteraceae",1,0,1,0,1,0,0,0,0,0,0,"Apr","Jul",NA,NA,250,0,0,0,0,0,1,0,0,0,0,0,0,0,0,0,0,"leaf",1,1,0,0,0,0,0.602142857,0,0,"leaf",2,"h","i","w","Metalasia pungens"
"Metalasia trivialis","Metalasia trivialis","Asteraceae","Metalasia trivialis","Metalasia trivialis","Asteraceae",1,0,1,0,1,0,0,0,0,0,0,"Sep","Dec",NA,NA,300,0,0,0,0,0,1,0,0,0,0,0,0,0,0,0,0,"leaf",1,0,0,0,0,0,NA,0,0,"leaf",2,"h","i","w","Metalasia trivialis"
"Metrosideros angustifolia","Metrosideros angustifolia","Myrtaceae","Metrosideros angustifolia","Metrosideros angustifolia","Myrtaceae",1,0,1,0,1,0,0,0,0,1,0,"Dec","Feb",NA,NA,500,0,0,0,0,0,0,1,0,0,0,0,0,0,0,0,0,"leaf",0,0,1,0,0,0,6.35,0,0,"leaf",3,"h","i","p","Metrosideros angustifolia"
"Microdon dubius","Microdon dubius","Scrophulariaceae","Microdon dubius","Microdon dubius","Scrophulariaceae",1,0,1,0,1,0,0,0,0,0,0,"Sep","Jan",NA,NA,70,0,0,0,1,0,0,0,0,0,0,0,0,0,0,0,0,"leaf",1,0,0,0,0,0,1.0625,0,0,"leaf",0,"m","i","p","Microdon dubius"
"Microloma tenuifolium","Microloma tenuifolium","Apocynaceae","Microloma tenuifolium","Microloma tenuifolium","Apocynaceae",1,0,1,0,0,1,1,1,0,1,0,"Jun","Nov",NA,NA,100,0,0,0,0,0,0,0,0,1,0,0,1,0,0,0,0,"leaf",1,0,0,0,0,0,NA,0,0,"leaf",2,"l","i","w","Microloma tenuifolium"
"Mimetes cucullatus","Mimetes cucullatus","Proteaceae","Mimetes cucullatus","Mimetes cucullatus","Proteaceae",1,0,1,0,1,0,0,0,0,1,0,"Aug","Mar",NA,NA,140,0,0,0,0,1,0,0,0,0,0,0,0,0,0,0,0,"leaf",0,0,1,0,0,0,4.24,0,0,"leaf",3,"h","m","i","Mimetes cucullatus"
"Mimetes fimbriifolius","Mimetes fimbriifolius","Proteaceae","Mimetes fimbriifolius","Mimetes fimbriifolius","Proteaceae",1,0,1,0,1,0,0,0,0,1,0,"Jul","Dec",NA,NA,400,0,0,0,0,0,0,1,0,0,0,0,0,0,0,0,0,"leaf",0,0,1,0,0,0,7.266666667,0,0,"leaf",3,"h","m","i","Mimetes fimbriifolius"
"Mimetes splendidus","Mimetes splendidus","Proteaceae","Mimetes splendidus","Mimetes splendidus","Proteaceae",1,0,1,0,1,0,0,0,0,1,0,"May","Jul",NA,NA,300,0,0,0,0,0,1,0,0,0,0,0,0,0,0,0,0,"leaf",0,1,1,0,0,0,NA,0,0,"leaf",2,"h","m","i","Mimetes splendidus"
"Mohria caffrorum","Mohria caffrorum","Anemiaceae","Anemia afrorum","Anemia afrorum","Anemiaceae",1,0,1,0,1,0,0,0,0,1,0,NA,NA,NA,NA,20,1,0,0,0,0,0,0,0,0,0,0,0,0,0,0,0,"frond",1,0,0,1,0,1,NA,0,0,"leaf",2,"m","w","w","Anemia afrorum"
"Monopsis lutea","Monopsis lutea","Campanulaceae","Monopsis lutea","Monopsis lutea","Campanulaceae",1,0,1,0,1,0,0,1,0,0,0,"Nov","Apr",NA,NA,60,1,0,0,0,0,0,0,0,0,0,0,0,0,0,0,0,"leaf",1,0,1,0,0,0,1.766666667,0,0,"leaf",2,"l","i","p","Monopsis lutea"
"Monsonia emarginata","Monsonia emarginata","Geraniaceae","Monsonia emarginata","Monsonia emarginata","Geraniaceae",1,1,1,0,1,0,0,0,0,0,0,"Sep","Mar",NA,NA,15,0,0,0,0,0,0,0,0,0,0,0,1,0,0,0,0,"leaf",0,0,1,0,0,0,1.533333333,0,0,"leaf",1,"l","i","w","Monsonia emarginata"
"Montinia caryophyllacea","Montinia caryophyllacea","Montiniaceae","Montinia caryophyllacea","Montinia caryophyllacea","Montiniaceae",1,0,0,1,0,1,0,0,0,1,0,"May","Oct",NA,NA,150,0,0,0,0,1,0,0,0,0,0,0,0,0,0,0,0,"leaf",0,1,0,0,0,0,3.587272727,1,1,"culm_stem",3,"h","i","w","Montinia caryophyllacea"
"Moraea fugax","Moraea fugax","Iridaceae","Moraea fugax","Moraea fugax","Iridaceae",1,0,1,0,0,1,1,1,0,1,0,"Aug","Nov",NA,NA,80,0,1,0,0,0,0,0,0,0,0,0,0,0,0,0,0,"leaf",1,0,0,0,0,0,NA,0,0,"leaf",2,"l","i","w","Moraea fugax"
"Moraea tripetala","Moraea tripetala","Iridaceae","Moraea tripetala","Moraea tripetala","Iridaceae",1,0,1,0,0,1,1,1,0,1,0,"Aug","Sep",NA,NA,45,0,1,0,0,0,0,0,0,0,0,0,0,0,0,0,0,"leaf",1,0,0,0,0,0,NA,0,0,"leaf",2,"l","i","w","Moraea tripetala"
"Morella cordifolia","Morella cordifolia","Myricaceae","Myrica cordifolia","Myrica cordifolia","Myricaceae",1,0,0,1,1,0,0,0,0,1,0,"May","Aug",NA,NA,300,0,0,0,0,0,1,0,0,0,0,0,0,0,0,0,0,"leaf",0,0,1,0,0,0,0.81,0,0,"leaf",3,"h","i","p","Myrica cordifolia"
"Morella diversifolia","Morella diversifolia","Myricaceae","Morella diversifolia","Morella diversifolia","Myricaceae",1,0,0,1,1,0,0,0,0,1,0,"Aug","Sep",NA,NA,100,0,0,0,1,0,0,0,0,0,0,0,0,0,0,0,0,"leaf",0,0,1,0,0,0,NA,0,0,"leaf",3,"h","i","p","Morella diversifolia"
"Morella humilis","Morella humilis","Myricaceae","Myrica humilis","Myrica humilis","Myricaceae",1,0,0,1,1,0,0,0,0,1,0,"Jul","Nov",NA,NA,100,0,0,0,1,0,0,0,0,0,0,0,0,0,0,0,0,"leaf",0,0,1,0,0,0,NA,0,0,"leaf",3,"h","i","p","Myrica humilis"
"Morella kraussiana","Morella kraussiana","Myricaceae","Myrica kraussiana","Myrica kraussiana","Myricaceae",1,0,0,1,1,0,0,0,0,1,0,"Aug","Oct",NA,NA,100,0,0,0,1,0,0,0,0,0,0,0,0,0,0,0,0,"leaf",0,0,1,0,0,0,4.5,0,0,"leaf",3,"h","i","p","Myrica kraussiana"
"Morella quercifolia","Morella quercifolia","Myricaceae","Myrica quercifolia","Myrica quercifolia","Myricaceae",1,0,0,1,1,0,0,0,0,1,0,"Jul","Sep",NA,NA,60,0,0,0,1,0,0,0,0,0,0,0,0,0,0,0,0,"leaf",0,0,1,0,1,1,2.992857143,0,0,"leaf",3,"h","i","p","Myrica quercifolia"
"Morella serrata","Morella serrata","Myricaceae","Myrica serrata","Myrica serrata","Myricaceae",1,0,0,1,1,0,0,0,0,1,0,"Aug","Dec",NA,NA,300,0,0,0,0,0,1,1,0,0,0,0,0,0,0,0,0,"leaf",0,0,1,0,1,1,7.1375,0,0,"leaf",3,"h","i","p","Myrica serrata"
"Muraltia acipetala","Muraltia acipetala","Polygalaceae","Muraltia acipetala","Muraltia acipetala","Polygalaceae",1,0,1,0,1,0,0,1,0,0,0,"Sep","Nov",NA,NA,15,0,0,0,1,0,0,0,0,0,0,0,0,0,0,0,0,"leaf",1,0,0,0,0,0,NA,0,0,"leaf",2,"h","i","i","Muraltia acipetala"
"Muraltia alopecuroides","Muraltia alopecuroides","Polygalaceae","Muraltia alopecuroides","Muraltia alopecuroides","Polygalaceae",1,0,1,0,1,0,0,1,0,0,0,"Oct","Dec",NA,NA,100,0,0,0,1,0,0,0,0,0,0,0,0,0,0,0,0,"leaf",0,0,1,0,0,0,0.693,0,0,"leaf",2,"h","i","i","Muraltia alopecuroides"
"Muraltia ciliaris","Muraltia ciliaris","Polygalaceae","Muraltia ciliaris","Muraltia ciliaris","Polygalaceae",1,0,1,0,1,0,0,1,0,0,0,"Apr","Dec",NA,NA,30,0,0,0,1,0,0,0,0,0,0,0,0,0,0,0,0,"leaf",0,1,0,0,0,0,0.63,0,0,"leaf",2,"h","i","i","Muraltia ciliaris"
"Muraltia demissa","Muraltia demissa","Polygalaceae","Muraltia demissa","Muraltia demissa","Polygalaceae",1,0,1,0,1,0,0,1,0,0,0,"Aug","Nov",NA,NA,30,0,0,0,1,0,0,0,0,0,0,0,0,0,0,0,0,"leaf",1,0,0,0,0,0,NA,0,0,"leaf",2,"h","i","i","Muraltia demissa"
"Muraltia depressa","Muraltia depressa","Polygalaceae","Muraltia depressa","Muraltia depressa","Polygalaceae",1,0,1,0,1,0,0,1,0,0,0,"Sep","Nov",NA,NA,25,0,0,0,1,0,0,0,0,0,0,0,0,0,0,0,0,"leaf",0,1,1,0,0,0,NA,0,0,"leaf",2,"h","i","i","Muraltia depressa"
"Muraltia ericaefolia","Muraltia ericifolia","Polygalaceae","Muraltia ericaefolia","Muraltia ericaefolia","Polygalaceae",1,0,1,0,1,0,0,1,0,0,0,"Dec","Jan",NA,NA,70,0,0,0,1,0,0,0,0,0,0,0,0,0,0,0,0,"leaf",0,0,1,0,0,0,0.764,0,0,"leaf",2,"h","i","i","Muraltia ericaefolia"
"Muraltia ericoides","Muraltia ericoides","Polygalaceae","Muraltia ericoides","Muraltia ericoides","Polygalaceae",1,0,1,0,1,0,0,1,0,0,0,"Aug","Apr",NA,NA,40,0,0,0,1,0,0,0,0,0,0,0,0,0,0,0,0,"leaf",1,0,1,0,0,0,0.65,0,0,"leaf",2,"h","i","i","Muraltia ericoides"
"Muraltia filiformis","Muraltia filiformis","Polygalaceae","Muraltia filiformis","Muraltia filiformis","Polygalaceae",1,0,1,0,1,0,0,1,0,0,0,"Sep","Dec",NA,NA,30,0,0,0,1,0,0,0,0,0,0,0,0,0,0,0,0,"leaf",1,1,0,0,0,0,NA,0,0,"leaf",2,"h","i","i","Muraltia filiformis"
"Muraltia heisteria","Muraltia heisteria","Polygalaceae","Muraltia heisteria","Muraltia heisteria","Polygalaceae",1,0,1,0,1,0,0,1,0,0,0,"Oct","Dec",NA,NA,100,0,0,0,1,0,0,0,0,0,0,0,0,0,0,0,0,"leaf",0,1,0,0,0,0,0.836,0,0,"leaf",2,"h","i","i","Muraltia heisteria"
"Muraltia juniperifolia","Muraltia juniperifolia","Polygalaceae","Muraltia juniperifolia","Muraltia juniperifolia","Polygalaceae",1,0,1,0,1,0,0,1,0,1,0,"May","Oct",NA,NA,50,0,0,0,1,0,0,0,0,0,0,0,0,0,0,0,0,"leaf",1,0,0,0,0,0,0.823333333,0,0,"leaf",2,"h","i","i","Muraltia juniperifolia"
"Muraltia pageae","Muraltia pageae","Polygalaceae","Muraltia pageae","Muraltia pageae","Polygalaceae",1,0,1,0,1,0,0,1,0,0,0,"Apr","May",NA,NA,30,0,0,0,1,0,0,0,0,0,0,0,0,0,0,0,0,"leaf",0,0,1,0,0,0,0.625,0,0,"leaf",2,"h","i","i","Muraltia pageae"
"Muraltia pauciflora","Muraltia pauciflora","Polygalaceae","Muraltia pauciflora","Muraltia pauciflora","Polygalaceae",1,0,1,0,1,0,0,1,0,0,0,"Nov","Jan",NA,NA,30,0,0,0,1,0,0,0,0,0,0,0,0,0,0,0,0,"leaf",1,0,0,0,0,0,NA,0,0,"leaf",2,"m","i","i","Muraltia pauciflora"
"Muraltia rhamnoides","Muraltia rhamnoides","Polygalaceae","Muraltia rhamnoides","Muraltia rhamnoides","Polygalaceae",1,0,1,0,1,0,0,1,0,0,0,"Aug","Nov",NA,NA,60,0,0,0,1,0,0,0,0,0,0,0,0,0,0,0,0,"leaf",1,1,0,0,0,0,NA,0,0,"leaf",2,"h","i","i","Muraltia rhamnoides"
"Muraltia rosmarinifolia","Muraltia rosmarinifolia","Polygalaceae","Muraltia rosmarinifolia","Muraltia rosmarinifolia","Polygalaceae",1,0,1,0,1,0,0,1,0,0,0,"Nov","Jan",NA,NA,25,0,0,0,1,0,0,0,0,0,0,0,0,0,0,0,0,"leaf",1,1,0,0,0,0,0.576,0,0,"leaf",2,"h","i","i","Muraltia rosmarinifolia"
"Muraltia satureioides","Muraltia satureioides","Polygalaceae","Muraltia satureioides","Muraltia satureioides","Polygalaceae",1,0,1,0,1,0,0,1,0,0,0,"Sep","Oct",NA,NA,60,0,0,0,1,0,0,0,0,0,0,0,0,0,0,0,0,"leaf",1,0,1,0,0,0,NA,0,0,"leaf",2,"h","i","i","Muraltia satureioides"
"Muraltia spinosa","Nylandtia spinosa","Polygalaceae","Muraltia spinosa","Muraltia spinosa","Polygalaceae",1,0,1,0,1,0,0,1,0,0,0,"Jun","Jul",NA,NA,100,0,0,0,1,0,0,0,0,0,0,0,0,0,0,0,0,"leaf",0,0,1,0,0,0,0.6625,0,0,"leaf",2,"h","i","i","Muraltia spinosa"
"Muraltia squarrosa","Muraltia squarrosa","Polygalaceae","Muraltia squarrosa","Muraltia squarrosa","Polygalaceae",1,0,1,0,1,0,0,1,0,0,0,"Oct","May",NA,NA,100,0,0,0,1,0,0,0,0,0,0,0,0,0,0,0,0,"leaf",0,0,1,0,0,0,0.688333333,0,0,"leaf",2,"h","i","i","Muraltia squarrosa"
"Muraltia thunbergii","Muraltia thunbergii","Polygalaceae","Muraltia thunbergii","Muraltia thunbergii","Polygalaceae",1,0,1,0,1,0,0,1,0,0,0,"Sep","Dec",NA,NA,40,0,0,0,1,0,0,0,0,0,0,0,0,0,0,0,0,"leaf",0,1,0,0,0,0,0.566666667,0,0,"leaf",2,"h","i","i","Muraltia thunbergii"
"Myrsine africana","Myrsine africana","Myrsinaceae","Myrsine africana","Myrsine africana","Primulaceae",1,0,0,1,1,0,0,0,0,1,0,"Jan","Dec",NA,NA,300,0,0,0,0,0,1,0,0,0,0,0,0,0,0,0,0,"leaf",0,0,1,0,0,0,1.38,0,0,"leaf",3,"h","i","m","Myrsine africana"
"Nanobubon strictum","Peucedanum strictum","Apiaceae","Nanobubon strictum","Nanobubon strictum","Apiaceae",1,0,1,0,1,0,0,1,0,1,0,"Dec","Feb",NA,NA,60,1,0,0,0,0,0,0,0,0,0,0,0,0,0,0,0,"leaf",1,0,0,1,0,1,NA,0,1,"mixed",2,"m","i","w","Nanobubon strictum"
"Neesenbeckia punctoria","Neesenbeckia punctoria","Cyperaceae","Neesenbeckia punctoria","Neesenbeckia punctoria","Cyperaceae",1,0,1,0,1,0,0,0,0,1,0,"Mar","Apr",NA,NA,200,0,0,1,0,0,0,0,0,0,0,0,0,0,0,0,0,"leaf",1,0,0,0,0,0,83.56,1,1,"culm_stem",3,"h","w","p","Neesenbeckia punctoria"
"Nemesia barbata","Nemesia barbata","Scrophulariaceae","Nemesia barbata","Nemesia barbata","Scrophulariaceae",0,1,1,0,0,1,1,1,1,0,0,"Aug","Oct",NA,NA,30,1,0,0,0,0,0,0,0,0,0,0,0,0,0,0,0,"leaf",0,0,1,0,0,0,NA,0,0,"leaf",0,"l","i","p","Nemesia barbata"
"Nemesia fruticans","Nemesia fruticans","Scrophulariaceae","Nemesia fruticans","Nemesia fruticans","Scrophulariaceae",1,0,1,0,1,0,0,1,0,0,0,"Sep","Nov",NA,NA,40,0,0,0,1,0,0,0,0,0,0,0,0,0,0,0,0,"leaf",0,1,0,0,0,0,NA,0,0,"leaf",1,"l","i","p","Nemesia fruticans"
"Nemesia ligulata","Nemesia ligulata","Scrophulariaceae","Nemesia ligulata","Nemesia ligulata","Scrophulariaceae",0,1,1,0,0,1,0,1,0,0,0,"Aug","Oct",NA,NA,40,1,0,0,0,0,0,0,0,0,0,0,0,0,0,0,0,"leaf",0,1,0,0,0,0,NA,0,0,"leaf",0,"l","i","p","Nemesia ligulata"
"Nenax acerosa","Nenax acerosa","Rubiaceae","Nenax acerosa","Nenax acerosa","Rubiaceae",1,0,0,1,1,0,0,0,0,0,0,"Jul","Nov",NA,NA,40,0,0,0,1,0,0,0,0,0,0,0,0,0,0,0,0,"leaf",1,0,0,0,0,0,NA,0,0,"leaf",2,"m","w","p","Nenax acerosa"
"Nevillea obtusissima","Nevillea obtusissima","Restionaceae","Nevillea obtusissima","Nevillea obtusissima","Restionaceae",1,0,0,1,1,0,0,0,0,1,0,"Feb","Mar",NA,NA,150,0,0,1,0,0,0,0,0,0,0,0,0,0,0,0,0,"leaf",1,0,0,0,0,0,52.86,1,1,"culm_stem",3,"h","i","w","Nevillea obtusissima"
"Nivenia fruticosa","Nivenia fruticosa","Iridaceae","Nivenia fruticosa","Nivenia fruticosa","Iridaceae",1,0,1,0,1,0,0,0,0,1,0,"Nov","Jan",NA,NA,20,0,0,0,1,0,0,0,0,0,0,0,0,0,0,0,0,"leaf",0,1,0,0,0,0,NA,0,0,"leaf",3,"h","i","w","Nivenia fruticosa"
"Nivenia levynsiae","Nivenia levynsiae","Iridaceae","Nivenia levynsiae","Nivenia levynsiae","Iridaceae",1,0,1,0,1,0,0,0,0,1,0,"Dec","Feb",NA,NA,25,0,0,0,1,0,0,0,0,0,0,0,0,0,0,0,0,"leaf",0,1,0,0,0,0,12.6,0,0,"leaf",3,"h","i","w","Nivenia levynsiae"
"Nivenia stokoei","Nivenia stokoei","Iridaceae","Nivenia stokoei","Nivenia stokoei","Iridaceae",1,0,1,0,1,0,0,0,0,1,0,"Feb","Mar",NA,NA,60,0,0,0,1,0,0,0,0,0,0,0,0,0,0,0,0,"leaf",0,1,0,0,0,0,NA,0,0,"leaf",3,"h","i","w","Nivenia stokoei"
"Notobubon ferulaceum","Peucedanum ferulaceum","Apiaceae","Notobubon ferulaceum","Notobubon ferulaceum","Apiaceae",1,0,1,0,1,0,0,0,0,0,0,"Dec","Mar",NA,NA,150,1,0,0,0,0,0,0,0,0,0,0,0,0,0,0,0,"leaf",1,0,0,1,0,1,NA,0,0,"leaf",2,"h","i","w","Notobubon ferulaceum"
"Notobubon striatum","Peucedanum striatum","Apiaceae","Notobubon striatum","Notobubon striatum","Apiaceae",1,0,1,0,1,0,0,0,0,0,0,"May","Sep",NA,NA,40,0,0,0,1,0,0,0,0,0,0,0,0,0,0,0,0,"leaf",1,0,0,1,0,0,NA,0,0,"leaf",2,"h","i","w","Notobubon striatum"
"Notobubon tenuifolium","Peucedanum tenuifolium","Apiaceae","Notobubon tenuifolium","Notobubon tenuifolium","Apiaceae",1,0,1,0,1,0,0,0,0,0,0,"Sep","Jan",NA,NA,200,0,0,0,0,0,1,0,0,0,0,0,0,0,0,0,0,"leaf",1,0,0,1,0,0,5.433333333,0,0,"leaf",2,"h","i","w","Notobubon tenuifolium"
"Nymania capensis","Nymania capensis","Meliaceae","Nymania capensis","Nymania capensis","Meliaceae",1,0,1,0,1,0,0,0,0,0,0,"Oct","Dec",NA,NA,500,0,0,0,0,0,1,0,0,0,0,0,0,0,0,0,0,"leaf",0,1,0,0,0,0,3.483333333,0,0,"leaf",3,"h","i","w","Nymania capensis"
"Ochna serrulata","Ochna serrulata","Ochnaceae","Ochna serrulata","Ochna serrulata","Ochnaceae",1,0,1,0,1,1,0,0,0,0,0,"Apr","Oct",NA,NA,200,0,0,0,0,0,1,1,0,0,0,0,0,0,0,0,0,"leaf",0,0,1,0,0,0,NA,0,0,"leaf",3,"h","i","m","Ochna serrulata"
"Ocotea bullata","Ocotea bullata","Lauraceae","Ocotea bullata","Ocotea bullata","Lauraceae",1,0,1,0,1,0,0,0,0,0,0,"Dec","Feb",NA,NA,3000,0,0,0,0,0,0,1,0,0,0,0,0,0,0,0,0,"leaf",0,0,1,0,0,0,12.24,0,0,"leaf",3,"h","i","m","Ocotea bullata"
"Oedera capensis","Oedera capensis","Asteraceae","Oedera capensis","Oedera capensis","Asteraceae",1,0,1,0,1,0,0,0,0,0,0,"Jun","Sep",NA,NA,30,0,0,0,1,0,0,0,0,0,0,0,0,0,0,0,0,"leaf",0,1,0,0,0,0,NA,0,0,"leaf",2,"h","i","w","Oedera capensis"
"Oedera imbricata","Oedera imbricata","Asteraceae","Oedera imbricata","Oedera imbricata","Asteraceae",1,0,1,0,1,0,0,0,0,0,0,"Aug","Nov",NA,NA,30,0,0,0,1,0,0,0,0,0,0,0,0,0,0,0,0,"leaf",0,1,1,0,0,0,1.166666667,0,0,"leaf",2,"m","i","w","Oedera imbricata"
"Oedera sedifolia","Oedera sedifolia","Asteraceae","Oedera sedifolia","Oedera sedifolia","Asteraceae",1,0,1,0,1,0,0,0,0,1,0,"Aug","Dec",NA,NA,100,0,0,0,1,0,0,0,0,0,0,0,0,0,0,0,0,"leaf",0,1,1,0,0,0,0.762,0,0,"leaf",2,"m","i","w","Oedera sedifolia"
"Oedera squarrosa","Oedera squarrosa","Asteraceae","Oedera squarrosa","Oedera squarrosa","Asteraceae",1,0,1,0,1,0,0,0,0,0,0,"Sep","Nov",NA,NA,100,0,0,0,1,0,0,0,0,0,0,0,0,0,0,0,0,"leaf",0,0,1,0,0,0,0.79,0,0,"leaf",2,"h","i","w","Oedera squarrosa"
"Oftia africana","Oftia africana","Scrophulariaceae","Oftia africana","Oftia africana","Scrophulariaceae",1,0,1,0,1,0,0,0,0,0,0,"Sep","Dec",NA,NA,100,0,0,0,1,0,0,0,0,0,0,0,0,0,0,0,0,"leaf",0,0,1,0,0,0,NA,0,0,"leaf",2,"h","i","p","Oftia africana"
"Oldenburgia paradoxa","Oldenburgia paradoxa","Asteraceae","Oldenburgia paradoxa","Oldenburgia paradoxa","Asteraceae",1,0,1,0,1,0,0,0,0,1,0,"Jan","Jun",NA,NA,30,0,0,0,1,0,0,0,0,0,0,0,0,0,0,0,0,"leaf",0,1,0,0,0,0,4.14,0,0,"leaf",3,"l","i","w","Oldenburgia paradoxa"
"Olea capensis","Olea capensis","Oleaceae","Olea capensis","Olea capensis","Oleaceae",1,0,1,0,1,0,0,0,0,1,0,"Feb","Dec",NA,NA,1200,0,0,0,0,0,0,1,0,0,0,0,0,0,0,0,0,"leaf",0,0,1,0,0,0,5.85,0,0,"leaf",3,"h","i","m","Olea capensis"
"Olea europaea","Olea europaea","Oleaceae","Olea europaea","Olea europaea","Oleaceae",1,0,1,0,1,0,0,0,0,1,0,"Oct","Mar",NA,NA,1400,0,0,0,0,0,0,1,0,0,0,0,0,0,0,0,0,"leaf",0,0,1,0,0,0,5.2,0,0,"leaf",3,"h","i","m","Olea europaea"
"Olea exasperata","Olea exasperata","Oleaceae","Olea exasperata","Olea exasperata","Oleaceae",1,0,1,0,1,0,0,0,0,1,0,"Aug","Oct",NA,NA,700,0,0,0,0,0,0,1,0,0,0,0,0,0,0,0,0,"leaf",0,1,0,0,0,0,3.74,0,0,"leaf",3,"h","i","m","Olea exasperata"
"Olinia ventosa","Olinia ventosa","Oliniaceae","Olinia ventosa","Olinia ventosa","Penaeaceae",1,0,1,0,1,0,0,0,0,0,0,"Aug","Oct",NA,NA,1000,0,0,0,0,0,0,1,0,0,0,0,0,0,0,0,0,"leaf",0,0,1,0,0,0,6.02,0,0,"leaf",3,"m","i","m","Olinia ventosa"
"Ornithogalum conicum","Ornithogalum conicum","Hyacinthaceae","Eliokarmos thyrsoides","Eliokarmos thyrsoides","Asparagaceae",1,0,1,0,0,1,1,1,0,1,0,"Nov","Dec",NA,NA,80,0,1,0,0,0,0,0,0,0,0,0,0,0,0,0,0,"leaf",1,0,1,0,0,0,NA,0,0,"leaf",2,"l","i","p","Eliokarmos thyrsoides"
"Ornithogalum dubium","Ornithogalum dubium","Hyacinthaceae","Eliokarmos dubius","Eliokarmos dubius","Asparagaceae",1,0,1,0,0,1,1,1,0,1,0,"Aug","Dec",NA,NA,50,0,1,0,0,0,0,0,0,0,0,0,0,0,0,0,0,"leaf",1,0,0,0,0,0,NA,0,0,"leaf",2,"l","i","p","Eliokarmos dubius"
"Ornithogalum juncifolium","Ornithogalum juncifolium","Hyacinthaceae","Nicipe juncifolia","Nicipe juncifolia","Asparagaceae",1,0,1,0,0,1,1,1,0,1,0,"Nov","Mar",NA,NA,40,0,1,0,0,0,0,0,0,0,0,0,0,0,0,0,0,"leaf",1,0,0,0,0,0,NA,0,0,"leaf",2,"l","i","p","Nicipe juncifolia"
"Ornithogalum thyrsoides","Ornithogalum thyrsoides","Hyacinthaceae","Eliokarmos thyrsoides","Eliokarmos thyrsoides","Asparagaceae",1,0,1,0,0,1,1,1,0,1,0,"Oct","Dec",NA,NA,80,0,1,0,0,0,0,0,0,0,0,0,0,0,0,0,0,"leaf",1,1,0,0,0,0,NA,0,0,"leaf",2,"l","i","p","Eliokarmos thyrsoides"
"Oscularia cedarbergensis","Oscularia cedarbergensis","Aizoaceae","Oscularia lunata","Oscularia lunata","Aizoaceae",1,0,1,0,1,0,0,1,0,0,0,"Sep","Oct",NA,NA,15,0,0,0,1,0,0,0,0,0,0,0,0,1,1,1,0,"leaf",0,1,0,0,0,0,NA,0,0,"leaf",2,"l","i","p","Oscularia lunata"
"Oscularia deltoides","Oscularia deltoides","Aizoaceae","Oscularia deltoides","Oscularia deltoides","Aizoaceae",1,0,1,0,1,0,0,0,0,0,0,"Oct","Dec",NA,NA,20,0,0,0,1,0,0,0,1,0,0,0,0,1,1,1,0,"leaf",0,0,1,0,0,0,1.1,0,0,"leaf",2,"l","i","p","Oscularia deltoides"
"Oscularia steenbergensis","Oscularia steenbergensis","Aizoaceae","Oscularia steenbergensis","Oscularia steenbergensis","Aizoaceae",1,0,1,0,1,0,0,1,0,0,0,"Jun","Jul",NA,NA,10,0,0,0,1,0,0,0,0,0,0,0,0,1,1,1,0,"leaf",0,0,1,0,0,0,1.86,0,0,"leaf",2,"l","i","p","Oscularia steenbergensis"
"Osmitopsis asteriscoides","Osmitopsis asteriscoides","Asteraceae","Osmitopsis asteriscoides","Osmitopsis asteriscoides","Asteraceae",1,0,1,0,1,0,0,0,0,0,0,"Aug","Dec",NA,NA,200,0,0,0,0,0,1,0,0,0,0,0,0,0,0,0,0,"leaf",0,1,0,0,0,0,3.535714286,0,0,"leaf",2,"h","i","i","Osmitopsis asteriscoides"
"Osmitopsis osmitoides","Osmitopsis osmitoides","Asteraceae","Osmitopsis osmitoides","Osmitopsis osmitoides","Asteraceae",1,0,1,0,1,0,0,0,0,0,0,"Aug","Jan",NA,NA,60,0,0,0,1,0,0,0,0,0,0,0,0,0,0,0,0,"leaf",0,1,0,0,0,0,NA,0,0,"leaf",2,"h","i","i","Osmitopsis osmitoides"
"Osmitopsis parvifolia","Osmitopsis parvifolia","Asteraceae","Osmitopsis parvifolia","Osmitopsis parvifolia","Asteraceae",1,0,1,0,1,0,0,0,0,0,0,"Sep","Feb",NA,NA,40,0,0,0,1,0,0,0,0,0,0,0,0,0,0,0,0,"leaf",0,0,1,0,0,0,NA,0,0,"leaf",1,"h","i","i","Osmitopsis parvifolia"
"Osteospermum bidens","Osteospermum bidens","Asteraceae","Osteospermum bidens","Osteospermum bidens","Asteraceae",1,0,1,0,1,0,0,1,0,1,0,"Sep","Dec",NA,NA,60,1,0,0,0,0,0,0,0,0,0,0,0,0,0,0,0,"leaf",0,1,0,0,0,0,NA,0,0,"leaf",2,"h","i","i","Osteospermum bidens"
"Osteospermum connatum","Tripteris amplexicaulis","Asteraceae","Osteospermum connatum","Osteospermum connatum","Asteraceae",1,0,1,0,1,0,0,1,0,0,0,"Sep","Nov",NA,NA,60,1,0,0,0,0,0,0,1,0,0,0,0,0,0,0,0,"leaf",0,0,1,0,0,0,NA,0,0,"leaf",2,"h","i","i","Osteospermum connatum"
"Osteospermum corymbosum","Osteospermum corymbosum","Asteraceae","Osteospermum corymbosum","Osteospermum corymbosum","Asteraceae",1,0,1,0,1,0,0,1,0,0,0,"Aug","Feb",NA,NA,250,0,0,0,0,0,1,0,0,0,0,0,0,0,0,0,0,"leaf",0,1,0,0,0,0,NA,0,0,"leaf",2,"h","i","i","Osteospermum corymbosum"
"Osteospermum glabrum","Osteospermum glabrum","Asteraceae","Osteospermum glabrum","Osteospermum glabrum","Asteraceae",1,0,1,0,1,0,0,1,0,1,0,"Aug","Sep",NA,NA,70,0,0,0,1,0,0,0,0,0,0,0,0,0,0,0,0,"leaf",1,0,0,0,0,0,NA,0,0,"leaf",2,"h","i","i","Osteospermum glabrum"
"Osteospermum ilicifolium","Gibbaria ilicifolia","Asteraceae","Nephrotheca ilicifolia","Nephrotheca ilicifolia","Asteraceae",1,0,1,0,1,0,0,0,0,0,0,"Aug","Mar",NA,NA,100,0,0,0,1,0,0,0,1,0,0,0,0,0,0,0,0,"leaf",0,1,1,0,0,0,3.594,0,0,"leaf",1,"h","i","i","Nephrotheca ilicifolia"
"Osteospermum junceum","Osteospermum junceum","Asteraceae","Osteospermum junceum","Osteospermum junceum","Asteraceae",1,0,1,0,1,0,0,0,0,1,0,"Jul","Jan",NA,NA,300,0,0,0,0,0,1,0,0,0,0,0,0,0,0,0,0,"leaf",0,1,0,0,0,0,7.95,0,0,"leaf",2,"h","i","i","Osteospermum junceum"
"Osteospermum moniliferum","Chrysanthemoides monilifera","Asteraceae","Chrysanthemoides monilifera","Chrysanthemoides monilifera","Asteraceae",1,0,1,0,1,0,0,0,0,0,0,"Mar","Jul",NA,NA,250,0,0,0,0,0,0,0,0,0,0,0,1,0,0,0,0,"leaf",0,0,1,0,0,0,4.084210526,0,0,"leaf",2,"h","i","i","Chrysanthemoides monilifera"
"Osteospermum monstrosum","Tripteris clandestina","Asteraceae","Osteospermum monstrosum","Osteospermum monstrosum","Asteraceae",0,1,1,0,0,1,1,1,0,0,0,"Jul","Sep",NA,NA,40,1,0,0,0,0,0,0,0,0,0,0,0,0,0,0,0,"leaf",0,1,0,0,1,0,NA,0,0,"leaf",0,"h","i","i","Osteospermum monstrosum"
"Osteospermum polygaloides","Osteospermum polygaloides","Asteraceae","Osteospermum polygaloides","Osteospermum polygaloides","Asteraceae",1,0,1,0,1,0,0,1,0,1,0,"Aug","Dec",NA,NA,200,0,0,0,0,0,1,0,0,0,0,0,0,0,0,0,0,"leaf",0,0,1,0,0,0,3.164705882,0,0,"leaf",1,"h","i","i","Osteospermum polygaloides"
"Osteospermum rigidum","Osteospermum rigidum","Asteraceae","Osteospermum rigidum","Osteospermum rigidum","Asteraceae",1,0,1,0,1,0,0,1,0,0,0,"Aug","Sep",NA,NA,60,0,0,0,1,0,0,0,0,0,0,0,0,0,0,0,0,"leaf",0,1,1,0,1,1,7.5,0,0,"leaf",2,"h","i","i","Osteospermum rigidum"
"Osteospermum rotundifolium","Osteospermum rotundifolium","Asteraceae","Osteospermum rotundifolium","Osteospermum rotundifolium","Asteraceae",1,0,1,0,1,0,0,1,0,0,0,"Oct","Dec",NA,NA,200,0,0,0,0,0,1,0,0,0,0,0,0,0,0,0,0,"leaf",0,0,1,0,0,0,NA,0,0,"leaf",2,"h","i","i","Osteospermum rotundifolium"
"Osteospermum scabrum","Gibbaria scabra","Asteraceae","Gibbaria scabra","Gibbaria scabra","Asteraceae",1,0,1,0,1,0,0,0,0,1,0,"Aug","Sep",NA,NA,20,0,0,0,1,0,0,0,0,0,0,0,0,0,0,0,0,"leaf",1,0,0,0,0,0,1.79,0,0,"leaf",2,"h","i","i","Gibbaria scabra"
"Osteospermum triquetrum","Osteospermum triquetrum","Asteraceae","Osteospermum triquetrum","Osteospermum triquetrum","Asteraceae",1,0,1,0,1,0,0,1,0,1,0,"Oct","Dec",NA,NA,30,0,0,0,1,0,0,0,0,0,0,0,0,0,0,0,0,"leaf",1,0,0,0,0,0,4.76,0,0,"leaf",2,"h","i","i","Osteospermum triquetrum"
"Otholobium bracteolatum","Otholobium bracteolatum","Fabaceae","Psoralea bracteolata","Psoralea bracteolata","Fabaceae",1,0,1,0,1,0,0,0,0,0,0,"Nov","Apr",NA,NA,200,0,0,0,0,0,1,0,0,0,0,0,0,0,0,0,0,"leaf",0,0,1,1,0,0,NA,0,0,"leaf",2,"h","i","p","Psoralea bracteolata"
"Otholobium carneum","Otholobium carneum","Fabaceae","Psoralea reticulata","Psoralea reticulata","Fabaceae",1,0,1,0,1,0,0,1,0,0,0,"Oct","Nov",NA,NA,50,0,0,0,1,0,0,0,0,0,0,0,0,0,0,0,0,"leaf",0,1,0,1,0,0,NA,0,0,"leaf",2,"h","i","p","Psoralea reticulata"
"Otholobium fruticans","Otholobium fruticans","Fabaceae","Psoralea fruticans","Psoralea fruticans","Fabaceae",1,0,1,0,1,0,0,0,0,0,0,"Sep","Dec",NA,NA,40,0,0,0,1,0,0,0,0,0,0,0,0,0,0,0,0,"leaf",0,0,1,1,0,0,1.7,0,0,"leaf",2,"h","i","p","Psoralea fruticans"
"Otholobium pictum","Otholobium pictum","Fabaceae","Psoralea picta","Psoralea picta","Fabaceae",1,0,1,0,1,0,0,1,0,1,0,"Aug","Sep",NA,NA,200,0,0,0,0,0,1,0,0,0,0,0,0,0,0,0,0,"leaf",0,1,0,1,0,0,NA,0,0,"leaf",2,"h","i","p","Psoralea picta"
"Othonna arborescens","Othonna arborescens","Asteraceae","Othonna arborescens","Othonna arborescens","Asteraceae",1,0,1,0,1,0,0,0,0,0,0,"May","Sep",NA,NA,60,0,0,0,1,0,0,0,0,0,0,0,0,1,1,1,0,"leaf",0,1,0,0,1,0,NA,0,0,"leaf",3,"l","i","w","Othonna arborescens"
"Othonna auriculifolia","Othonna auriculifolia","Asteraceae","Othonna auriculifolia","Othonna auriculifolia","Asteraceae",1,0,1,0,1,0,0,0,0,1,0,"Apr","Sep",NA,NA,15,1,0,0,0,0,0,0,0,0,0,0,0,1,1,1,0,"leaf",0,1,0,0,1,1,3.6,0,0,"leaf",3,"l","i","w","Othonna auriculifolia"
"Othonna carnosa","Othonna carnosa","Asteraceae","Othonna carnosa","Othonna carnosa","Asteraceae",1,0,1,0,1,0,0,0,0,1,0,"Apr","Oct",NA,NA,10,1,0,0,0,0,0,0,0,0,0,0,0,1,1,1,0,"leaf",1,0,0,0,0,0,5.516666667,0,0,"leaf",2,"l","i","w","Othonna carnosa"
"Othonna digitata","Othonna digitata","Asteraceae","Othonna digitata","Othonna digitata","Asteraceae",1,0,1,0,1,0,0,0,0,1,0,"Jun","Oct",NA,NA,30,1,1,0,0,0,0,0,0,0,0,0,0,1,1,1,0,"leaf",0,1,0,0,1,1,7.1,0,0,"leaf",2,"l","i","w","Othonna digitata"
"Othonna perfoliata","Othonna amplexifolia","Asteraceae","Othonna perfoliata","Othonna perfoliata","Asteraceae",1,0,1,0,0,1,0,0,0,1,0,"May","Sep",NA,NA,70,1,1,0,0,0,0,0,0,0,0,0,0,1,1,1,0,"leaf",0,1,1,0,0,0,NA,0,0,"leaf",2,"l","i","w","Othonna perfoliata"
"Othonna quinquedentata","Othonna quinquedentata","Asteraceae","Othonna quinquedentata","Othonna quinquedentata","Asteraceae",1,0,1,0,1,0,0,0,0,0,0,"Oct","Mar",NA,NA,100,0,0,0,1,0,0,0,0,0,0,0,0,0,0,0,0,"leaf",0,1,1,0,0,0,6.6,0,0,"leaf",2,"m","i","w","Othonna quinquedentata"
"Othonna retrofracta","Othonna retrofracta","Asteraceae","Othonna retrofracta","Othonna retrofracta","Asteraceae",1,0,1,0,0,1,0,0,0,1,0,"May","Jul",NA,NA,30,0,0,0,1,0,0,0,0,0,0,0,0,1,1,1,0,"leaf",0,1,0,0,0,1,NA,0,0,"leaf",2,"l","i","w","Othonna retrofracta"
"Oxalis algoensis","Oxalis algoensis","Oxalidaceae","Oxalis algoensis","Oxalis algoensis","Oxalidaceae",1,0,1,0,0,1,1,1,0,1,0,"Jun","Sep",NA,NA,12,0,1,0,0,0,0,0,0,0,0,0,0,0,0,0,0,"leaf",0,1,0,1,0,0,NA,0,0,"leaf",2,"l","i","p","Oxalis algoensis"
"Oxalis obtusa","Oxalis obtusa","Oxalidaceae","Oxalis obtusa","Oxalis obtusa","Oxalidaceae",1,0,1,0,0,1,1,1,0,1,0,"Jun","Oct",NA,NA,10,0,1,0,0,0,0,0,0,0,0,0,0,0,0,0,0,"leaf",0,0,1,1,0,0,NA,0,0,"leaf",2,"l","i","p","Oxalis obtusa"
"Oxalis purpurea","Oxalis purpurea","Oxalidaceae","Oxalis purpurea","Oxalis purpurea","Oxalidaceae",1,0,1,0,0,1,1,1,0,1,0,"May","Sep",NA,NA,5,0,1,0,0,0,0,0,0,0,0,0,0,0,0,0,0,"leaf",0,0,1,1,0,0,NA,0,0,"leaf",2,"l","i","p","Oxalis purpurea"
"Oxalis stellata","Oxalis stellata","Oxalidaceae","Oxalis stellata","Oxalis stellata","Oxalidaceae",1,0,1,0,0,1,1,1,0,1,0,"Apr","Jun",NA,NA,9,0,1,0,0,0,0,0,0,0,0,0,0,0,0,0,0,"leaf",0,0,1,1,1,0,NA,0,0,"leaf",2,"l","i","p","Oxalis stellata"
"Oxalis versicolor","Oxalis versicolor","Oxalidaceae","Oxalis versicolor","Oxalis versicolor","Oxalidaceae",1,0,1,0,0,1,1,1,0,1,0,"May","Nov",NA,NA,20,0,1,0,0,0,0,0,0,0,0,0,0,0,0,0,0,"leaf",1,0,0,1,0,0,NA,0,0,"leaf",2,"l","i","p","Oxalis versicolor"
"Pachycarpus dealbatus","Pachycarpus dealbatus","Apocynaceae","Pachycarpus dealbatus","Pachycarpus dealbatus","Apocynaceae",1,0,1,0,1,0,0,0,0,1,0,"Dec","Feb",NA,NA,50,1,0,0,0,0,0,0,0,0,0,0,0,0,0,0,0,"leaf",0,1,0,0,0,0,NA,0,0,"leaf",3,"m","i","w","Pachycarpus dealbatus"
"Pachypodium bispinosum","Pachypodium bispinosum","Apocynaceae","Pachypodium bispinosum","Pachypodium bispinosum","Apocynaceae",1,0,1,0,1,0,0,0,0,1,0,"Aug","Dec",NA,NA,50,0,0,0,1,0,0,0,0,0,0,0,0,1,0,1,1,"leaf",0,1,0,0,0,0,NA,0,0,"leaf",3,"l","i","w","Pachypodium bispinosum"
"Pachypodium succulentum","Pachypodium succulentum","Apocynaceae","Pachypodium succulentum","Pachypodium succulentum","Apocynaceae",1,0,1,0,1,0,0,0,0,1,0,"Sep","Dec",NA,NA,50,0,0,0,1,0,0,0,0,0,0,0,0,1,0,1,1,"leaf",0,1,0,0,0,0,2.5,0,0,"leaf",3,"l","i","w","Pachypodium succulentum"
"Panicum maximum","Panicum maximum","Poaceae","Megathyrsus maximus","Megathyrsus maximus","Poaceae",1,0,1,0,1,0,0,0,0,0,0,"Jan","May",NA,NA,200,0,0,1,0,0,0,0,0,0,0,0,0,0,0,0,0,"leaf",0,1,0,0,0,0,15.56666667,0,0,"leaf",2,"m","w","w","Megathyrsus maximus"
"Pappea capensis","Pappea capensis","Sapindaceae","Pappea capensis","Pappea capensis","Sapindaceae",1,0,1,0,1,0,0,0,0,1,0,"Nov","Mar",NA,NA,700,0,0,0,0,0,0,1,0,0,0,0,0,0,0,0,0,"leaf",0,0,1,0,0,0,3.2,0,0,"leaf",3,"l","i","m","Pappea capensis"
"Paranomus bracteolaris","Paranomus bracteolaris","Proteaceae","Paranomus bracteolaris","Paranomus bracteolaris","Proteaceae",1,0,1,0,1,0,0,0,0,0,0,"Aug","Oct",NA,NA,250,0,0,0,0,0,1,0,0,0,0,0,0,0,0,0,0,"leaf",0,1,0,0,0,1,NA,0,0,"leaf",2,"h","i","i","Paranomus bracteolaris"
"Paranomus esterhuyseniae","Paranomus esterhuyseniae","Proteaceae","Paranomus esterhuyseniae","Paranomus esterhuyseniae","Proteaceae",1,0,1,0,1,0,0,0,0,0,0,"Aug","Nov",NA,NA,70,0,0,0,1,0,0,0,0,0,0,0,0,0,0,0,0,"leaf",0,1,0,0,0,1,4.466666667,0,0,"leaf",2,"h","i","i","Paranomus esterhuyseniae"
"Paranomus spathulatus","Paranomus spathulatus","Proteaceae","Paranomus spathulatus","Paranomus spathulatus","Proteaceae",1,0,1,0,1,0,0,0,0,0,0,"May","Dec",NA,NA,250,0,0,0,0,0,1,0,0,0,0,0,0,0,0,0,0,"leaf",0,0,1,0,0,1,3.2,0,0,"leaf",2,"h","i","i","Paranomus spathulatus"
"Paranomus tomentosus","Paranomus tomentosus","Proteaceae","Paranomus tomentosus","Paranomus tomentosus","Proteaceae",1,0,1,0,1,0,0,0,0,0,0,"Aug","Oct",NA,NA,300,0,0,0,0,0,1,0,0,0,0,0,0,0,0,0,0,"leaf",0,1,0,0,0,1,4.32,0,0,"leaf",2,"h","i","i","Paranomus tomentosus"
"Passerina corymbosa","Passerina vulgaris","Thymelaeaceae","Passerina corymbosa","Passerina corymbosa","Thymelaeaceae",1,0,1,0,1,0,0,0,0,0,0,"Oct","Nov",NA,NA,200,0,0,0,0,0,1,0,0,0,0,0,0,0,0,0,0,"leaf",1,0,0,0,0,0,0.460909091,0,0,"leaf",2,"h","w","p","Passerina corymbosa"
"Passerina obtusifolia","Passerina obtusifolia","Thymelaeaceae","Passerina obtusifolia","Passerina obtusifolia","Thymelaeaceae",1,0,1,0,1,0,0,0,0,0,0,"Oct","Nov",NA,NA,150,0,0,0,0,1,1,0,0,0,0,0,0,0,0,0,0,"leaf",1,1,0,0,0,0,0.702173913,0,0,"leaf",2,"h","w","p","Passerina obtusifolia"
"Passerina paleacea","Passerina paleacea","Thymelaeaceae","Passerina paleacea","Passerina paleacea","Thymelaeaceae",1,0,1,0,1,0,0,0,0,0,0,"Oct","Nov",NA,NA,100,0,0,0,1,0,0,0,0,0,0,0,0,0,0,0,0,"leaf",1,1,1,0,0,0,0.38,0,0,"leaf",2,"h","w","p","Passerina paleacea"
"Passerina rigida","Passerina rigida","Thymelaeaceae","Passerina rigida","Passerina rigida","Thymelaeaceae",1,0,1,0,1,0,0,0,0,0,0,"Nov","Nov",NA,NA,200,0,0,0,0,0,1,0,0,0,0,0,0,0,0,0,0,"leaf",1,1,0,0,0,0,NA,0,0,"leaf",2,"h","w","p","Passerina rigida"
"Passerina truncata","Passerina glomerata","Thymelaeaceae","Passerina truncata","Passerina truncata","Thymelaeaceae",1,0,1,0,1,0,0,0,0,0,0,"Oct","Nov",NA,NA,70,0,0,0,1,0,0,0,0,0,0,0,0,0,0,0,0,"leaf",0,1,1,0,0,0,0.272,0,0,"leaf",2,"h","w","p","Passerina truncata"
"Pegolettia baccaridifolia","Pegolettia baccaridifolia","Asteraceae","Pegolettia baccharidifolia","Pegolettia baccharidifolia","Asteraceae",1,0,1,0,1,0,0,0,0,0,0,"Jul","Nov",NA,NA,30,0,0,0,1,0,0,0,0,0,0,0,0,0,0,0,0,"leaf",0,0,1,0,0,0,1.5,0,0,"leaf",2,"h","i","w","Pegolettia baccharidifolia"
"Pelargonium alchemilloides","Pelargonium alchemilloides","Geraniaceae","Pelargonium alchemilloides","Pelargonium alchemilloides","Geraniaceae",1,0,1,0,1,0,0,0,0,1,0,"Sep","Nov",NA,NA,20,1,0,0,0,0,0,0,0,0,0,0,0,0,0,0,0,"leaf",0,0,1,0,1,0,NA,0,0,"leaf",2,"m","i","w","Pelargonium alchemilloides"
"Pelargonium alternans","Pelargonium alternans","Geraniaceae","Pelargonium alternans","Pelargonium alternans","Geraniaceae",1,0,1,0,1,0,0,0,0,0,0,"Apr","Jan",NA,NA,40,0,0,0,1,0,0,0,0,0,0,0,0,1,0,1,0,"leaf",0,0,1,0,1,1,1.46,0,0,"leaf",2,"m","i","w","Pelargonium alternans"
"Pelargonium betulinum","Pelargonium betulinum","Geraniaceae","Pelargonium betulinum","Pelargonium betulinum","Geraniaceae",1,0,1,0,1,0,0,0,0,0,0,"Aug","Jan",NA,NA,50,0,0,0,1,0,0,0,0,0,0,0,0,0,0,0,0,"leaf",0,0,1,0,0,0,1.933333333,0,0,"leaf",2,"h","i","w","Pelargonium betulinum"
"Pelargonium candicans","Pelargonium candicans","Geraniaceae","Pelargonium candicans","Pelargonium candicans","Geraniaceae",1,0,1,0,1,0,0,0,0,0,0,"Sep","Nov",NA,NA,30,0,0,0,1,0,0,0,0,0,0,0,0,0,0,0,0,"leaf",0,0,1,0,1,1,2.52,0,0,"leaf",2,"l","i","w","Pelargonium candicans"
"Pelargonium capitatum","Pelargonium capitatum","Geraniaceae","Pelargonium capitatum","Pelargonium capitatum","Geraniaceae",1,0,1,0,1,0,0,0,0,0,0,"Sep","Oct",NA,NA,50,0,0,0,1,0,0,0,1,0,0,0,0,0,0,0,0,"leaf",0,0,1,0,1,0,5.036363636,0,0,"leaf",2,"m","i","w","Pelargonium capitatum"
"Pelargonium caucalifolium","Pelargonium caucalifolium","Geraniaceae","Pelargonium caucalifolium","Pelargonium caucalifolium","Geraniaceae",1,0,1,0,1,0,0,0,0,0,0,"Oct","Apr",NA,NA,50,0,0,0,1,0,0,0,1,0,0,0,0,0,0,0,0,"leaf",0,0,1,0,1,0,NA,0,0,"leaf",2,"m","i","w","Pelargonium caucalifolium"
"Pelargonium cordifolium","Pelargonium cordifolium","Geraniaceae","Pelargonium cordifolium","Pelargonium cordifolium","Geraniaceae",1,0,1,0,1,0,0,0,0,0,0,"Aug","Jan",NA,NA,100,0,0,0,1,0,0,0,0,0,0,0,0,0,0,0,0,"leaf",0,0,1,0,0,0,NA,0,0,"leaf",2,"m","i","w","Pelargonium cordifolium"
"Pelargonium coronopifolium","Pelargonium coronopifolium","Geraniaceae","Pelargonium coronopifolium","Pelargonium coronopifolium","Geraniaceae",1,0,1,0,1,0,0,0,0,1,0,"Sep","Mar",NA,NA,20,1,0,0,0,0,0,0,0,0,0,0,0,0,0,0,0,"leaf",1,0,1,0,0,0,NA,0,0,"leaf",2,"l","i","w","Pelargonium coronopifolium"
"Pelargonium cucullatum","Pelargonium cucullatum","Geraniaceae","Pelargonium cucullatum","Pelargonium cucullatum","Geraniaceae",1,0,1,0,1,0,0,0,0,1,0,"Sep","Feb",NA,NA,200,0,0,0,0,0,1,0,0,0,0,0,0,1,0,1,0,"leaf",0,0,1,0,0,0,5.611764706,0,0,"leaf",2,"h","i","w","Pelargonium cucullatum"
"Pelargonium englerianum","Pelargonium englerianum","Geraniaceae","Pelargonium englerianum","Pelargonium englerianum","Geraniaceae",1,0,1,0,1,0,0,0,0,1,0,"Aug","Apr",NA,NA,100,0,0,0,1,0,0,0,0,0,0,0,0,0,0,0,0,"leaf",0,0,1,0,0,0,1.02,0,0,"leaf",2,"h","i","w","Pelargonium englerianum"
"Pelargonium fruticosum","Pelargonium fruticosum","Geraniaceae","Pelargonium fruticosum","Pelargonium fruticosum","Geraniaceae",1,0,1,0,1,0,0,0,0,0,0,"Jan","Dec",NA,NA,100,0,0,0,1,0,0,0,0,0,0,0,0,0,0,0,0,"leaf",0,0,1,0,1,1,NA,0,0,"leaf",2,"h","i","w","Pelargonium fruticosum"
"Pelargonium gibbosum","Pelargonium gibbosum","Geraniaceae","Pelargonium gibbosum","Pelargonium gibbosum","Geraniaceae",1,0,1,0,1,0,0,0,0,0,0,"Nov","Apr",NA,NA,40,0,0,0,1,0,0,0,0,0,0,0,0,1,1,1,0,"leaf",0,0,1,0,0,1,3.833333333,0,0,"leaf",3,"m","i","w","Pelargonium gibbosum"
"Pelargonium grossularioides","Pelargonium grossularioides","Geraniaceae","Pelargonium grossularioides","Pelargonium grossularioides","Geraniaceae",1,1,1,0,1,0,1,1,0,0,0,"Dec","Nov",NA,NA,5,1,0,0,0,0,0,0,0,0,0,0,0,0,0,0,0,"leaf",0,0,1,0,1,1,2,0,0,"leaf",2,"m","i","w","Pelargonium grossularioides"
"Pelargonium laevigatum","Pelargonium laevigatum","Geraniaceae","Pelargonium laevigatum","Pelargonium laevigatum","Geraniaceae",1,0,1,0,1,0,0,0,0,0,0,"Jan","Dec",NA,NA,50,0,0,0,1,0,0,0,0,0,0,0,0,1,1,0,0,"leaf",0,1,1,0,1,1,5.285714286,0,0,"leaf",2,"m","i","w","Pelargonium laevigatum"
"Pelargonium longifolium","Pelargonium longifolium","Geraniaceae","Pelargonium longifolium","Pelargonium longifolium","Geraniaceae",1,0,1,0,0,1,1,1,0,1,0,"Oct","Dec",NA,NA,25,1,1,0,0,0,0,0,0,0,0,0,0,0,0,0,0,"leaf",1,1,0,0,1,1,4.2,0,0,"leaf",2,"l","i","w","Pelargonium longifolium"
"Pelargonium multicaule","Pelargonium multicaule","Geraniaceae","Pelargonium multicaule","Pelargonium multicaule","Geraniaceae",1,0,1,0,1,0,0,0,0,0,0,"Jan","Dec",NA,NA,30,0,0,0,1,0,0,0,0,0,0,0,0,0,0,0,0,"leaf",0,0,1,0,1,1,NA,0,0,"leaf",2,"l","i","w","Pelargonium multicaule"
"Pelargonium myrrhifolium","Pelargonium myrrhifolium","Geraniaceae","Pelargonium myrrhifolium","Pelargonium myrrhifolium","Geraniaceae",1,0,1,0,1,0,0,0,0,1,0,"Aug","Feb",NA,NA,30,0,0,0,1,0,0,0,0,0,0,0,0,0,0,0,0,"leaf",0,1,1,0,1,1,20.31944444,0,0,"leaf",2,"l","i","w","Pelargonium myrrhifolium"
"Pelargonium odoratissimum","Pelargonium odoratissimum","Geraniaceae","Pelargonium odoratissimum","Pelargonium odoratissimum","Geraniaceae",1,0,1,0,1,0,0,0,0,0,0,"Jan","Dec",NA,NA,20,0,0,0,1,0,0,0,1,0,0,0,0,0,0,0,0,"leaf",0,0,1,0,1,0,6.6,0,0,"leaf",2,"l","i","w","Pelargonium odoratissimum"
"Pelargonium ovale","Pelargonium ovale","Geraniaceae","Pelargonium ovale","Pelargonium ovale","Geraniaceae",1,0,1,0,1,0,0,0,0,1,0,"Jul","Mar",NA,NA,30,0,0,0,1,0,0,0,0,0,0,0,0,0,0,0,0,"leaf",0,0,1,0,0,0,3.244444444,0,0,"leaf",2,"m","i","w","Pelargonium ovale"
"Pelargonium panduriforme","Pelargonium panduriforme","Geraniaceae","Pelargonium panduriforme","Pelargonium panduriforme","Geraniaceae",1,0,1,0,1,0,0,0,0,0,0,"Aug","Jan",NA,NA,120,0,0,0,0,1,0,0,0,0,0,0,0,0,0,0,0,"leaf",0,0,1,0,1,0,4.033333333,0,0,"leaf",2,"h","i","w","Pelargonium panduriforme"
"Pelargonium peltatum","Pelargonium peltatum","Geraniaceae","Pelargonium peltatum","Pelargonium peltatum","Geraniaceae",1,0,1,0,1,0,0,0,0,0,0,"Sep","Dec",NA,NA,400,1,0,0,0,0,0,0,1,0,0,0,0,1,1,0,0,"leaf",0,0,1,0,1,0,6.244444444,0,0,"leaf",2,"l","i","w","Pelargonium peltatum"
"Pelargonium pulverulentum","Pelargonium pulverulentum","Geraniaceae","Pelargonium pulverulentum","Pelargonium pulverulentum","Geraniaceae",1,0,1,0,0,1,0,0,0,1,0,"Sep","Feb",NA,NA,20,0,1,0,0,0,0,0,0,0,0,0,0,0,0,0,0,"leaf",0,0,1,0,1,0,NA,0,0,"leaf",3,"l","i","w","Pelargonium pulverulentum"
"Pelargonium reniforme","Pelargonium reniforme","Geraniaceae","Pelargonium reniforme","Pelargonium reniforme","Geraniaceae",1,0,1,0,1,0,0,0,0,1,0,"Jan","Dec",NA,NA,40,0,0,0,1,0,0,0,0,0,0,0,0,0,0,0,0,"leaf",0,0,1,0,0,0,2.441666667,0,0,"leaf",2,"l","i","w","Pelargonium reniforme"
"Pelargonium scabrum","Pelargonium scabrum","Geraniaceae","Pelargonium scabrum","Pelargonium scabrum","Geraniaceae",1,0,1,0,1,0,0,0,0,0,0,"Aug","Jan",NA,NA,120,0,0,0,0,1,0,0,0,0,0,0,0,0,0,0,0,"leaf",0,0,1,0,1,0,3.84,0,0,"leaf",2,"h","i","w","Pelargonium scabrum"
"Pelargonium schizopetalum","Pelargonium schizopetalum","Geraniaceae","Pelargonium schizopetalum","Pelargonium schizopetalum","Geraniaceae",1,0,1,0,0,1,0,0,0,1,0,"Oct","Feb",NA,NA,40,0,1,0,0,0,0,0,0,0,0,0,0,0,0,0,0,"leaf",0,1,1,0,1,1,NA,0,0,"leaf",3,"l","i","w","Pelargonium schizopetalum"
"Pelargonium sidoides","Pelargonium sidoides","Geraniaceae","Pelargonium sidoides","Pelargonium sidoides","Geraniaceae",1,0,1,0,0,1,0,0,0,1,0,"Oct","Jan",NA,NA,20,1,0,0,0,0,0,0,0,0,0,0,0,0,0,0,0,"leaf",0,0,1,0,1,0,4.7,0,0,"leaf",2,"m","i","w","Pelargonium sidoides"
"Pelargonium tabulare","Pelargonium tabulare","Geraniaceae","Pelargonium tabulare","Pelargonium tabulare","Geraniaceae",1,0,1,0,1,0,0,0,0,0,0,"Sep","Jan",NA,NA,30,0,0,0,1,0,0,0,0,0,0,0,0,0,0,0,0,"leaf",0,0,1,0,1,0,NA,0,0,"leaf",2,"m","i","w","Pelargonium tabulare"
"Pelargonium ternatum","Pelargonium ternatum","Geraniaceae","Pelargonium ternatum","Pelargonium ternatum","Geraniaceae",1,0,1,0,1,0,0,0,0,0,0,"Apr","Dec",NA,NA,60,0,0,0,1,0,0,0,0,0,0,0,0,1,1,0,0,"leaf",0,0,1,0,1,1,1.76,0,0,"leaf",2,"h","i","w","Pelargonium ternatum"
"Pelargonium tetragonum","Pelargonium tetragonum","Geraniaceae","Pelargonium tetragonum","Pelargonium tetragonum","Geraniaceae",1,0,1,0,1,0,0,0,0,0,0,"Sep","Dec",NA,NA,25,0,0,0,1,0,0,0,0,0,0,0,0,1,1,1,0,"leaf",0,0,1,0,1,0,5.22,0,1,"leaf",2,"l","i","w","Pelargonium tetragonum"
"Pelargonium triandrum","Pelargonium triandrum","Geraniaceae","Pelargonium triandrum","Pelargonium triandrum","Geraniaceae",1,0,1,0,1,0,0,0,0,1,0,"Oct","Nov",NA,NA,20,0,1,0,0,0,0,0,0,0,0,0,0,0,0,0,0,"leaf",0,0,1,0,0,0,NA,0,0,"leaf",3,"l","i","w","Pelargonium triandrum"
"Pelargonium tricolor","Pelargonium tricolor","Geraniaceae","Pelargonium tricolor","Pelargonium tricolor","Geraniaceae",1,0,1,0,1,0,0,0,0,1,0,"Sep","Jan",NA,NA,30,0,0,0,1,0,0,0,0,0,0,0,0,0,0,0,0,"leaf",0,0,1,0,0,0,2.34,0,0,"leaf",2,"m","i","w","Pelargonium tricolor"
"Pelargonium triphyllum","Pelargonium triphyllum","Geraniaceae","Pelargonium triphyllum","Pelargonium triphyllum","Geraniaceae",1,0,1,0,1,0,0,0,0,1,0,"Oct","Dec",NA,NA,18,0,1,0,0,0,0,0,0,0,0,0,0,0,0,0,0,"leaf",0,0,1,0,1,0,NA,0,0,"leaf",3,"l","i","w","Pelargonium triphyllum"
"Pelargonium triste","Pelargonium triste","Geraniaceae","Pelargonium triste","Pelargonium triste","Geraniaceae",1,0,1,0,1,0,0,0,0,1,0,"Aug","Feb",NA,NA,20,0,1,0,0,0,0,0,0,0,0,0,0,0,0,0,0,"leaf",0,1,1,0,1,1,8.82,0,0,"leaf",3,"l","i","w","Pelargonium triste"
"Pelargonium zonale","Pelargonium zonale","Geraniaceae","Pelargonium zonale","Pelargonium zonale","Geraniaceae",1,0,1,0,1,0,0,0,0,0,0,"Sep","Dec",NA,NA,200,0,0,0,0,0,1,0,0,0,0,0,0,1,0,1,0,"leaf",0,0,1,0,1,0,8.5,0,0,"leaf",2,"h","i","w","Pelargonium zonale"
"Pellaea calomelanos","Pellaea calomelanos","Pteridaceae","Choristosoria calomelanos","Choristosoria calomelanos","Pteridaceae",1,0,1,0,1,0,0,0,0,1,0,NA,NA,NA,NA,20,1,0,0,0,0,0,0,0,0,0,0,0,0,0,0,0,"frond",1,0,0,1,0,0,1.283333333,0,0,"leaf",2,"l","w","w","Choristosoria calomelanos"
"Penaea cneorum","Penaea cneorum","Penaeaceae","Penaea cneorum","Penaea cneorum","Penaeaceae",1,0,1,0,1,0,0,0,0,1,0,"Sep","Jan",NA,NA,130,0,0,0,0,1,0,0,0,0,0,0,0,0,0,0,0,"leaf",0,0,1,0,0,0,0.675,0,0,"leaf",3,"h","i","i","Penaea cneorum"
"Penaea mucronata","Penaea mucronata","Penaeaceae","Penaea mucronata","Penaea mucronata","Penaeaceae",1,0,1,0,1,0,0,0,0,1,0,"Oct","Dec",NA,NA,130,0,0,0,0,1,0,0,0,0,0,0,0,0,0,0,0,"leaf",0,1,0,0,0,0,0.788333333,0,0,"leaf",3,"h","i","i","Penaea mucronata"
"Pentameris acinosa","Pentaschistis acinosa","Poaceae","Pentameris acinosa","Pentameris acinosa","Poaceae",1,0,1,0,1,0,0,1,0,1,0,"Oct","Jan",NA,NA,30,0,0,1,0,0,0,0,0,0,0,0,0,0,0,0,0,"leaf",0,1,0,0,0,0,NA,0,0,"leaf",2,"m","w","w","Pentameris acinosa"
"Pentameris ampla","Pentaschistis ampla","Poaceae","Pentameris ampla","Pentameris ampla","Poaceae",1,0,1,0,1,0,0,1,0,0,0,"Dec","Mar",NA,NA,70,0,0,1,0,0,0,0,0,0,0,0,0,0,0,0,0,"leaf",1,0,0,0,0,0,17.12,0,0,"leaf",2,"m","w","w","Pentameris ampla"
"Pentameris aristidoides","Pentaschistis aristidoides","Poaceae","Pentameris aristidoides","Pentameris aristidoides","Poaceae",1,0,1,0,1,0,0,1,1,1,0,"Sep","Nov",NA,NA,100,0,0,1,0,0,0,0,0,0,0,0,0,0,0,0,0,"leaf",1,0,0,0,0,0,32.74,0,0,"leaf",2,"h","w","w","Pentameris aristidoides"
"Pentameris aurea","Pentaschistis aurea","Poaceae","Pentameris aurea","Pentameris aurea","Poaceae",1,0,1,0,1,0,0,1,0,0,0,"Jan","Mar",NA,NA,45,0,0,1,0,0,0,0,0,0,0,0,0,0,0,0,0,"leaf",1,0,0,0,0,0,NA,0,0,"leaf",2,"m","w","w","Pentameris aurea"
"Pentameris colorata","Pentaschistis colorata","Poaceae","Pentameris colorata","Pentameris colorata","Poaceae",1,0,1,0,1,0,0,1,0,1,0,"Aug","Dec",NA,NA,60,0,0,1,0,0,0,0,0,0,0,0,0,0,0,0,0,"leaf",1,0,0,0,0,0,15.81428571,0,0,"leaf",2,"h","w","w","Pentameris colorata"
"Pentameris curvifolia","Pentaschistis curvifolia","Poaceae","Pentameris curvifolia","Pentameris curvifolia","Poaceae",1,0,1,0,1,0,0,0,0,0,0,"Oct","Nov",NA,NA,50,0,0,1,0,0,0,0,0,0,0,0,0,0,0,0,0,"leaf",1,0,0,0,0,0,13.37619048,0,0,"leaf",2,"h","w","w","Pentameris curvifolia"
"Pentameris distichophylla","Pentameris distichophylla","Poaceae","Pentameris dregeana","Pentameris dregeana","Poaceae",1,0,1,0,1,0,0,1,0,1,0,"Sep","Dec",NA,NA,120,0,0,1,0,0,0,0,0,0,0,0,0,0,0,0,0,"leaf",1,0,0,0,0,0,9.736363636,0,0,"leaf",2,"h","w","w","Pentameris dregeana"
"Pentameris eriostoma","Pentaschistis eriostoma","Poaceae","Pentameris eriostoma","Pentameris eriostoma","Poaceae",1,0,1,0,1,0,0,0,0,1,0,"Sep","Nov",NA,NA,90,0,0,1,0,0,0,0,0,0,0,0,0,0,0,0,0,"leaf",1,0,0,0,0,0,39.45925926,0,0,"leaf",2,"h","w","w","Pentameris eriostoma"
"Pentameris macrocalycina","Pentameris macrocalycina","Poaceae","Pentameris macrocalycina","Pentameris macrocalycina","Poaceae",1,0,1,0,1,0,0,0,0,1,0,"Sep","Dec",NA,NA,100,0,0,1,0,0,0,0,0,0,0,0,0,0,0,0,0,"leaf",1,0,0,0,0,0,17.06842105,0,0,"leaf",3,"h","w","w","Pentameris macrocalycina"
"Pentameris malouinensis","Pentaschistis malouinensis","Poaceae","Pentameris malouinensis","Pentameris malouinensis","Poaceae",1,0,1,0,1,0,0,1,0,0,0,"Nov","Jan",NA,NA,30,0,0,1,0,0,0,0,0,0,0,0,0,0,0,0,0,"leaf",1,0,0,0,0,0,13.15,0,0,"leaf",2,"m","w","w","Pentameris malouinensis"
"Pentameris pallida","Pentaschistis pallida","Poaceae","Pentameris pallida","Pentameris pallida","Poaceae",1,0,1,0,1,0,0,1,0,0,0,"Sep","Oct",NA,NA,40,0,0,1,0,0,0,0,0,0,0,0,0,0,0,0,0,"leaf",1,0,0,0,0,0,9.888888889,0,0,"leaf",2,"h","w","w","Pentameris pallida"
"Pentameris scabra","Pentaschistis papillosa","Poaceae","Pentameris scabra","Pentameris scabra","Poaceae",1,0,1,0,1,0,0,0,0,0,0,"Oct","Nov",NA,NA,40,0,0,1,0,0,0,0,0,0,0,0,0,0,0,0,0,"leaf",1,0,0,0,0,0,3.3,0,0,"leaf",2,"h","w","w","Pentameris scabra"
"Pentameris thuarii","Pentameris thuarii","Poaceae","Pentameris thuarii","Pentameris thuarii","Poaceae",1,0,1,0,1,0,0,0,0,1,0,"Sep","Dec",NA,NA,170,0,0,1,0,0,0,0,0,0,0,0,0,0,0,0,0,"leaf",1,0,0,0,0,0,NA,0,0,"leaf",2,"h","w","w","Pentameris thuarii"
"Pentameris velutina","Pentaschistis velutina","Poaceae","Pentameris velutina","Pentameris velutina","Poaceae",1,0,1,0,1,0,0,1,0,1,0,"Oct","Nov",NA,NA,60,0,0,1,0,0,0,0,0,0,0,0,0,0,0,0,0,"leaf",1,0,0,0,0,0,13.12,0,0,"leaf",2,"h","w","w","Pentameris velutina"
"Pentameris viscidula","Pentaschistis viscidula","Poaceae","Pentameris viscidula","Pentameris viscidula","Poaceae",1,0,1,0,1,0,0,1,0,1,0,"Oct","Nov",NA,NA,50,0,0,1,0,0,0,0,0,0,0,0,0,0,0,0,0,"leaf",1,0,0,0,0,0,NA,0,0,"leaf",2,"h","w","w","Pentameris viscidula"
"Pentzia elegans","Pentzia elegans","Asteraceae","Pentzia elegans","Pentzia elegans","Asteraceae",1,0,1,0,1,0,0,1,0,0,0,"Mar","Aug",NA,NA,40,0,0,0,1,0,0,0,0,0,0,0,0,0,0,0,0,"leaf",0,1,0,0,1,0,NA,0,0,"leaf",2,"h","i","w","Pentzia elegans"
"Pentzia incana","Pentzia incana","Asteraceae","Pentzia incana","Pentzia incana","Asteraceae",1,0,1,0,1,0,0,1,0,0,0,"Nov","Jan",NA,NA,100,0,0,0,1,0,0,0,0,0,0,0,0,0,0,0,0,"leaf",1,0,0,0,1,1,NA,0,0,"leaf",2,"h","i","w","Pentzia incana"
"Peperomia retusa","Peperomia retusa","Piperaceae","Peperomia retusa","Peperomia retusa","Piperaceae",1,0,1,0,1,0,0,0,0,0,0,"Jan","Mar",NA,NA,20,1,0,0,0,0,0,0,0,0,0,0,0,1,1,0,0,"leaf",0,0,1,0,0,0,NA,0,0,"leaf",2,"l","u","u","Peperomia retusa"
"Petalacte coronata","Petalacte coronata","Asteraceae","Petalacte coronata","Petalacte coronata","Asteraceae",1,0,1,0,1,0,0,0,0,1,0,"Aug","Nov",NA,NA,50,0,0,0,1,0,0,0,0,0,0,0,0,0,0,0,0,"leaf",0,1,0,0,0,0,2.25,0,0,"leaf",3,"h","i","w","Petalacte coronata"
"Phaenocoma prolifera","Phaenocoma prolifera","Asteraceae","Phaenocoma prolifera","Phaenocoma prolifera","Asteraceae",1,0,1,0,1,0,0,0,0,0,0,"Sep","Mar",NA,NA,60,0,0,0,1,0,0,0,0,0,0,0,0,0,0,0,0,"leaf",1,0,0,0,0,0,0.772,0,0,"leaf",2,"h","i","w","Phaenocoma prolifera"
"Pharnaceum cordifolium","Pharnaceum cordifolium","Molluginaceae","Pharnaceum cordifolium","Pharnaceum cordifolium","Molluginaceae",1,1,1,0,1,0,0,0,0,0,0,"May","Nov",NA,NA,50,1,0,0,0,0,0,0,0,0,0,0,0,0,0,0,0,"leaf",0,1,0,0,0,0,NA,0,0,"leaf",2,"l","i","p","Pharnaceum cordifolium"
"Pharnaceum incanum","Pharnaceum incanum","Molluginaceae","Pharnaceum incanum","Pharnaceum incanum","Molluginaceae",1,0,1,0,1,0,0,0,0,0,0,"Aug","Oct",NA,NA,40,0,0,0,1,0,0,0,0,0,0,0,0,0,0,0,0,"leaf",1,0,0,0,0,0,NA,0,0,"leaf",2,"l","i","p","Pharnaceum incanum"
"Pharnaceum lanuginosum","Pharnaceum lanatum","Molluginaceae","Pharnaceum lanuginosum","Pharnaceum lanuginosum","Molluginaceae",1,0,1,0,1,0,0,0,0,0,0,"Aug","Oct",NA,NA,80,0,0,0,1,0,0,0,0,0,0,0,0,0,0,0,0,"leaf",1,0,0,0,0,0,NA,0,0,"leaf",2,"l","i","p","Pharnaceum lanuginosum"
"Phiambolia hallii","Phiambolia hallii","Aizoaceae","Phiambolia hallii","Phiambolia hallii","Aizoaceae",1,0,1,0,1,0,0,1,0,1,0,"Jul","Aug",NA,NA,10,0,0,0,0,0,0,0,1,0,0,0,0,1,1,1,0,"leaf",1,0,0,0,0,0,2.4,0,0,"leaf",2,"l","i","p","Phiambolia hallii"
"Phiambolia mentiens","Phiambolia mentiens","Aizoaceae","Phiambolia mentiens","Phiambolia mentiens","Aizoaceae",1,0,1,0,1,0,0,1,0,0,0,"Aug","Sep",NA,NA,35,0,0,0,1,0,0,0,0,0,0,0,0,1,1,1,0,"leaf",1,0,0,0,0,0,1.9,0,0,"leaf",2,"l","i","p","Phiambolia mentiens"
"Phragmites australis","Phragmites australis","Poaceae","Phragmites australis","Phragmites australis","Poaceae",1,0,1,0,1,0,0,0,0,1,0,"Feb","May",NA,NA,300,0,0,1,0,0,0,0,0,0,0,0,0,0,0,0,0,"leaf",0,1,0,0,0,0,NA,0,0,"leaf",3,"h","w","w","Phragmites australis"
"Phylica abietina","Phylica abietina","Rhamnaceae","Phylica abietina","Phylica abietina","Rhamnaceae",1,0,1,0,1,0,0,0,0,0,0,"Apr","Aug",NA,NA,100,0,0,0,1,0,0,0,0,0,0,0,0,0,0,0,0,"leaf",0,1,0,0,0,0,NA,0,0,"leaf",2,"h","i","i","Phylica abietina"
"Phylica ambigua","Phylica ambigua","Rhamnaceae","Phylica ambigua","Phylica ambigua","Rhamnaceae",1,0,1,0,1,0,0,0,0,0,0,"Aug","Nov",NA,NA,60,0,0,0,1,0,0,0,0,0,0,0,0,0,0,0,0,"leaf",1,0,0,0,0,0,0.808,0,0,"leaf",2,"h","i","i","Phylica ambigua"
"Phylica atrata","Phylica atrata","Rhamnaceae","Phylica atrata","Phylica atrata","Rhamnaceae",1,0,1,0,1,0,0,0,0,0,0,"Oct","Mar",NA,NA,60,0,0,0,1,0,0,0,0,0,0,0,0,0,0,0,0,"leaf",0,1,0,0,0,0,NA,0,0,"leaf",2,"h","i","i","Phylica atrata"
"Phylica axillaris","Phylica axillaris","Rhamnaceae","Phylica axillaris","Phylica axillaris","Rhamnaceae",1,0,1,0,1,0,0,0,0,0,0,"Dec","Apr",NA,NA,80,0,0,0,1,0,0,0,0,0,0,0,0,0,0,0,0,"leaf",1,1,0,0,0,0,0.758333333,0,0,"leaf",2,"h","i","i","Phylica axillaris"
"Phylica barnardii","Phylica barnardii","Rhamnaceae","Phylica barnardii","Phylica barnardii","Rhamnaceae",1,0,1,0,1,0,0,0,0,0,0,"Aug","Oct",NA,NA,60,0,0,0,1,0,0,0,0,0,0,0,0,0,0,0,0,"leaf",1,0,0,0,0,0,NA,0,0,"leaf",2,"h","i","i","Phylica barnardii"
"Phylica buxifolia","Phylica buxifolia","Rhamnaceae","Phylica buxifolia","Phylica buxifolia","Rhamnaceae",1,0,1,0,1,0,0,0,0,0,0,"Apr","Aug",NA,NA,400,0,0,0,0,0,1,1,0,0,0,0,0,0,0,0,0,"leaf",0,0,1,0,0,0,1.7,0,0,"leaf",2,"h","i","i","Phylica buxifolia"
"Phylica cryptandroides","Phylica cryptandroides","Rhamnaceae","Phylica cryptandroides","Phylica cryptandroides","Rhamnaceae",1,0,1,0,1,0,0,0,0,0,0,"Sep","Oct",NA,NA,300,0,0,0,0,0,1,0,0,0,0,0,0,0,0,0,0,"leaf",1,0,0,0,0,0,NA,0,0,"leaf",2,"h","i","i","Phylica cryptandroides"
"Phylica debilis","Phylica debilis","Rhamnaceae","Phylica debilis","Phylica debilis","Rhamnaceae",1,0,1,0,1,0,0,0,0,0,0,"Nov","Dec",NA,NA,60,0,0,0,1,0,0,0,0,0,0,0,0,0,0,0,0,"leaf",0,1,0,0,0,0,0.22,0,0,"leaf",2,"h","i","i","Phylica debilis"
"Phylica dodii","Phylica dodii","Rhamnaceae","Phylica dodii","Phylica dodii","Rhamnaceae",1,0,1,0,1,0,0,0,0,0,0,"Jun","Sep",NA,NA,40,0,0,0,1,0,0,0,0,0,0,0,0,0,0,0,0,"leaf",1,0,0,0,0,0,NA,0,0,"leaf",2,"h","i","i","Phylica dodii"
"Phylica ericoides","Phylica ericoides","Rhamnaceae","Phylica ericoides","Phylica ericoides","Rhamnaceae",1,0,1,0,1,0,0,0,0,0,0,"Jan","Dec",NA,NA,100,0,0,0,1,0,0,0,0,0,0,0,0,0,0,0,0,"leaf",1,0,0,0,0,0,0.457142857,0,0,"leaf",2,"h","i","i","Phylica ericoides"
"Phylica fruticosa","Phylica fruticosa","Rhamnaceae","Phylica fruticosa","Phylica fruticosa","Rhamnaceae",1,0,1,0,1,0,0,0,0,0,0,"Mar","Apr",NA,NA,150,0,0,0,0,1,0,0,0,0,0,0,0,0,0,0,0,"leaf",0,1,1,0,0,0,NA,0,0,"leaf",2,"h","i","i","Phylica fruticosa"
"Phylica humilis","Phylica humilis","Rhamnaceae","Phylica humilis","Phylica humilis","Rhamnaceae",1,0,1,0,1,0,0,0,0,0,0,"Aug","Nov",NA,NA,30,0,0,0,1,0,0,0,0,0,0,0,0,0,0,0,0,"leaf",0,0,1,0,0,0,0.202,0,0,"leaf",2,"h","i","i","Phylica humilis"
"Phylica imberbis","Phylica imberbis","Rhamnaceae","Phylica imberbis","Phylica imberbis","Rhamnaceae",1,0,1,0,1,0,0,0,0,1,0,"Nov","Apr",NA,NA,50,0,0,0,1,0,0,0,0,0,0,0,0,0,0,0,0,"leaf",1,0,0,0,0,0,1.320714286,0,0,"leaf",3,"h","i","i","Phylica imberbis"
"Phylica lachneaeoides","Phylica lachneaeoides","Rhamnaceae","Phylica lachneaeoides","Phylica lachneaeoides","Rhamnaceae",1,0,1,0,1,0,0,0,0,0,0,"May","Sep",NA,NA,100,0,0,0,1,0,0,0,0,0,0,0,0,0,0,0,0,"leaf",0,0,1,0,0,0,0.424444444,0,0,"leaf",2,"h","i","i","Phylica lachneaeoides"
"Phylica lasiocarpa","Phylica lasiocarpa","Rhamnaceae","Phylica lasiocarpa","Phylica lasiocarpa","Rhamnaceae",1,0,1,0,1,0,0,0,0,1,0,"Dec","Apr",NA,NA,60,0,0,0,1,0,0,0,0,0,0,0,0,0,0,0,0,"leaf",1,1,0,0,0,0,1.64,0,0,"leaf",3,"h","i","i","Phylica lasiocarpa"
"Phylica leipoldtii","Phylica leipoldtii","Rhamnaceae","Phylica leipoldtii","Phylica leipoldtii","Rhamnaceae",1,0,1,0,1,0,0,0,0,1,0,"Aug","Jan",NA,NA,50,0,0,0,1,0,0,0,0,0,0,0,0,0,0,0,0,"leaf",1,0,0,0,0,0,1.006,0,0,"leaf",2,"h","i","i","Phylica leipoldtii"
"Phylica mairei","Phylica mairei","Rhamnaceae","Phylica mairei","Phylica mairei","Rhamnaceae",1,0,1,0,1,0,0,0,0,0,0,"Feb","Apr",NA,NA,40,0,0,0,1,0,0,0,0,0,0,0,0,0,0,0,0,"leaf",0,0,1,0,0,0,NA,0,0,"leaf",2,"h","i","i","Phylica mairei"
"Phylica oleaefolia","Phylica oleaefolia","Rhamnaceae","Phylica oleaefolia","Phylica oleaefolia","Rhamnaceae",1,0,1,0,1,0,0,0,0,1,0,"Mar","May",NA,NA,200,0,0,0,0,0,1,0,0,0,0,0,0,0,0,0,0,"leaf",0,0,1,0,0,0,NA,0,0,"leaf",2,"h","i","i","Phylica oleaefolia"
"Phylica paniculata","Phylica paniculata","Rhamnaceae","Phylica paniculata","Phylica paniculata","Rhamnaceae",1,0,1,0,1,0,0,0,0,0,0,"May","Jun",NA,NA,300,0,0,0,0,0,1,0,0,0,0,0,0,0,0,0,0,"leaf",0,1,1,0,0,0,1.222222222,0,0,"leaf",2,"h","i","i","Phylica paniculata"
"Phylica parviflora","Phylica parviflora","Rhamnaceae","Phylica parviflora","Phylica parviflora","Rhamnaceae",1,0,1,0,1,0,0,0,0,0,0,"Jan","May",NA,NA,40,0,0,0,1,0,0,0,0,0,0,0,0,0,0,0,0,"leaf",0,1,0,0,0,0,0.45,0,0,"leaf",2,"h","i","i","Phylica parviflora"
"Phylica pinea","Phylica pinea","Rhamnaceae","Phylica pinea","Phylica pinea","Rhamnaceae",1,0,1,0,1,0,0,0,0,0,0,"Dec","Aug",NA,NA,100,0,0,0,1,0,0,0,0,0,0,0,0,0,0,0,0,"leaf",0,1,0,0,0,0,0.95,0,0,"leaf",2,"h","i","i","Phylica pinea"
"Phylica purpurea","Phylica purpurea","Rhamnaceae","Phylica purpurea","Phylica purpurea","Rhamnaceae",1,0,1,0,1,0,0,0,0,0,0,"Apr","Oct",NA,NA,300,0,0,0,0,0,1,0,0,0,0,0,0,0,0,0,0,"leaf",0,1,0,0,0,0,0.735,0,0,"leaf",2,"h","i","i","Phylica purpurea"
"Phylica rigida","Phylica rigida","Rhamnaceae","Phylica rigida","Phylica rigida","Rhamnaceae",1,0,1,0,1,0,0,0,0,0,0,"Sep","Nov",NA,NA,100,0,0,0,1,0,0,0,0,0,0,0,0,0,0,0,0,"leaf",1,0,0,0,0,0,NA,0,0,"leaf",2,"h","i","i","Phylica rigida"
"Phylica rigidifolia","Phylica rigidifolia","Rhamnaceae","Phylica rigidifolia","Phylica rigidifolia","Rhamnaceae",1,0,1,0,1,0,0,0,0,0,0,"May","Oct",NA,NA,100,0,0,0,1,0,0,0,0,0,0,0,0,0,0,0,0,"leaf",1,0,0,0,0,0,0.858,0,0,"leaf",2,"h","i","i","Phylica rigidifolia"
"Phylica rubra","Phylica rubra","Rhamnaceae","Phylica rubra","Phylica rubra","Rhamnaceae",1,0,1,0,1,0,0,0,0,0,0,"Mar","Jul",NA,NA,200,0,0,0,0,0,1,0,0,0,0,0,0,0,0,0,0,"leaf",1,1,0,0,0,0,NA,0,0,"leaf",2,"h","i","i","Phylica rubra"
"Phylica spicata","Phylica spicata","Rhamnaceae","Phylica spicata","Phylica spicata","Rhamnaceae",1,0,1,0,1,0,0,0,0,0,0,"Apr","Aug",NA,NA,200,0,0,0,0,0,1,0,0,0,0,0,0,0,0,0,0,"leaf",0,0,1,0,0,0,NA,0,0,"leaf",2,"h","i","i","Phylica spicata"
"Phylica villosa","Phylica villosa","Rhamnaceae","Phylica villosa","Phylica villosa","Rhamnaceae",1,0,1,0,1,0,0,0,0,0,0,"Feb","Jul",NA,NA,100,0,0,0,1,0,0,0,0,0,0,0,0,0,0,0,0,"leaf",1,0,0,0,0,0,1.804,0,0,"leaf",2,"h","i","i","Phylica villosa"
"Phyllosma capensis","Phyllosma capensis","Rutaceae","Phyllosma capensis","Phyllosma capensis","Rutaceae",1,0,1,0,1,0,0,0,0,1,0,"Jul","Sep",NA,NA,40,0,0,0,1,0,0,0,0,0,0,0,0,0,0,0,0,"leaf",0,1,0,0,0,0,1.158,0,0,"leaf",2,"h","i","i","Phyllosma capensis"
"Pittosporum viridiflorum","Pittosporum viridiflorum","Pittosporaceae","Pittosporum viridiflorum","Pittosporum viridiflorum","Pittosporaceae",1,0,1,0,1,0,0,0,0,0,0,"Nov","Dec",NA,NA,2000,0,0,0,0,0,1,1,0,0,0,0,0,0,0,0,0,"leaf",0,1,0,0,0,0,6.066666667,0,0,"leaf",3,"h","i","m","Pittosporum viridiflorum"
"Plantago crassifolia","Plantago crassifolia","Plantaginaceae","Plantago crassifolia","Plantago crassifolia","Plantaginaceae",1,0,1,0,1,0,0,0,0,1,0,"Nov","Mar",NA,NA,30,1,0,0,0,0,0,0,0,0,0,0,0,1,1,0,0,"leaf",0,1,0,0,0,1,NA,0,0,"leaf",2,"l","w","p","Plantago crassifolia"
"Platycaulos acutus","Platycaulos acutus","Restionaceae","Platycaulos acutus","Platycaulos acutus","Restionaceae",1,0,0,1,1,0,0,0,0,1,0,"Feb","Mar",NA,NA,30,0,0,1,0,0,0,0,0,0,0,0,0,0,0,0,0,"leaf",1,0,0,0,0,0,NA,1,1,"culm_stem",2,"h","w","p","Platycaulos acutus"
"Platycaulos anceps","Platycaulos anceps","Restionaceae","Platycaulos anceps","Platycaulos anceps","Restionaceae",1,0,0,1,1,0,0,0,0,1,0,"Oct","Nov",NA,NA,100,0,0,1,0,0,0,0,1,0,0,0,0,0,0,0,0,"leaf",1,0,0,0,0,0,30.06,1,1,"culm_stem",2,"h","w","p","Platycaulos anceps"
"Platycaulos compressus","Platycaulos compressus","Restionaceae","Platycaulos compressus","Platycaulos compressus","Restionaceae",1,0,0,1,1,0,0,0,0,1,0,"Aug","Aug",NA,NA,100,0,0,1,0,0,0,0,0,0,0,0,0,0,0,0,0,"leaf",1,0,0,0,0,0,60.78,1,1,"culm_stem",2,"h","w","p","Platycaulos compressus"
"Platycaulos major","Platycaulos major","Restionaceae","Platycaulos major","Platycaulos major","Restionaceae",1,0,0,1,1,0,0,0,0,1,0,"Mar","Apr",NA,NA,100,0,0,1,0,0,0,0,0,0,0,0,0,0,0,0,0,"leaf",1,0,0,0,0,0,NA,1,1,"culm_stem",2,"h","w","p","Platycaulos major"
"Platylophus trifoliatus","Platylophus trifoliatus","Cunoniaceae","Platylophus trifoliatus","Platylophus trifoliatus","Cunoniaceae",1,0,1,0,1,0,0,0,0,1,0,"Dec","Feb",NA,NA,3000,0,0,0,0,0,0,1,0,0,0,0,0,0,0,0,0,"leaf",0,0,1,1,0,0,18.3,0,0,"leaf",3,"l","i","m","Platylophus trifoliatus"
"Plecostachys serpyllifolia","Plecostachys serpyllifolia","Asteraceae","Plecostachys serpyllifolia","Plecostachys serpyllifolia","Asteraceae",1,0,1,0,1,0,0,0,0,0,0,"Mar","May",NA,NA,100,0,0,0,1,0,0,0,0,0,0,0,0,0,0,0,0,"leaf",0,0,1,0,0,0,0.925,0,0,"leaf",2,"h","i","w","Plecostachys serpyllifolia"
"Plectranthus fruticosus","Plectranthus fruticosus","Lamiaceae","Plectranthus fruticosus","Plectranthus fruticosus","Lamiaceae",1,0,1,0,1,0,0,0,0,1,0,"Nov","Apr",NA,NA,200,0,0,0,0,0,1,0,0,0,0,0,0,0,0,0,0,"leaf",0,0,1,0,0,0,NA,0,0,"leaf",2,"l","i","p","Plectranthus fruticosus"
"Plumbago auriculata","Plumbago auriculata","Plumbaginaceae","Plumbago auriculata","Plumbago auriculata","Plumbaginaceae",1,0,1,0,1,0,0,0,0,1,0,"Dec","May",NA,NA,2000,0,0,0,0,0,1,0,1,0,0,0,0,0,0,0,0,"leaf",0,0,1,0,0,0,4.066666667,0,0,"leaf",3,"h","i","p","Plumbago auriculata"
"Podalyria biflora","Podalyria biflora","Fabaceae","Podalyria biflora","Podalyria biflora","Fabaceae",1,0,1,0,1,0,0,0,0,1,0,"Aug","Nov",NA,NA,30,0,0,0,1,0,0,0,0,0,0,0,0,0,0,0,0,"leaf",0,0,1,0,0,0,NA,0,0,"leaf",2,"h","i","p","Podalyria biflora"
"Podalyria burchellii","Podalyria burchellii","Fabaceae","Podalyria burchellii","Podalyria burchellii","Fabaceae",1,0,1,0,1,0,0,0,0,1,0,"Aug","Jun",NA,NA,100,0,0,0,1,1,0,0,0,0,0,0,0,0,0,0,0,"leaf",0,0,1,0,0,0,1.98,0,0,"leaf",2,"h","i","p","Podalyria burchellii"
"Podalyria calyptrata","Podalyria calyptrata","Fabaceae","Podalyria calyptrata","Podalyria calyptrata","Fabaceae",1,0,1,0,1,0,0,0,0,0,0,"Aug","Oct",NA,NA,500,0,0,0,0,0,0,1,0,0,0,0,0,0,0,0,0,"leaf",0,0,1,0,0,0,3,0,0,"leaf",2,"h","i","i","Podalyria calyptrata"
"Podocarpus elongatus","Podocarpus elongatus","Podocarpaceae","Podocarpus elongatus","Podocarpus elongatus","Podocarpaceae",1,0,0,1,1,0,0,0,0,1,0,"Jan","May",NA,NA,500,0,0,0,0,0,0,1,0,0,0,0,0,0,0,0,0,"leaf",1,0,0,0,0,0,3.92,0,0,"leaf",3,"m","w","m","Podocarpus elongatus"
"Podocarpus latifolius","Podocarpus latifolius","Podocarpaceae","Podocarpus latifolius","Podocarpus latifolius","Podocarpaceae",1,0,0,1,1,0,0,0,0,0,0,"Aug","Dec",NA,NA,3000,0,0,0,0,0,0,1,0,0,0,0,0,0,0,0,0,"leaf",1,0,0,0,0,0,10.15,0,0,"leaf",3,"m","w","m","Podocarpus latifolius"
"Pollichia campestris","Pollichia campestris","Caryophyllaceae","Pollichia campestris","Pollichia campestris","Caryophyllaceae",1,0,1,0,1,0,0,0,0,0,0,"Jan","Dec",NA,NA,60,0,0,0,1,0,0,0,0,0,0,0,0,0,0,0,0,"leaf",0,1,0,0,0,0,NA,0,0,"leaf",2,"l","i","p","Pollichia campestris"
"Polpoda capensis","Polpoda capensis","Molluginaceae","Polpoda capensis","Polpoda capensis","Molluginaceae",1,0,1,0,1,0,0,0,0,0,0,"Apr","Jul",NA,NA,50,0,0,0,1,0,0,0,0,0,0,0,0,0,0,0,0,"leaf",0,0,1,0,0,0,NA,0,0,"leaf",2,"l","u","p","Polpoda capensis"
"Polyarrhena reflexa","Polyarrhena reflexa","Asteraceae","Polyarrhena reflexa","Polyarrhena reflexa","Asteraceae",1,0,1,0,1,0,0,0,0,0,0,"Jun","Oct",NA,NA,100,0,0,0,1,0,0,0,0,0,0,0,0,0,0,0,0,"leaf",0,1,1,0,0,0,0.934615385,0,0,"leaf",2,"h","i","w","Polyarrhena reflexa"
"Polygala asbestina","Polygala asbestina","Polygalaceae","Polygala asbestina","Polygala asbestina","Polygalaceae",1,0,1,0,1,0,0,0,0,0,0,"Nov","Mar",NA,NA,20,0,0,0,1,0,0,0,0,0,0,0,0,0,0,0,0,"leaf",0,0,1,0,0,0,NA,0,0,"leaf",2,"l","i","i","Polygala asbestina"
"Polygala brachyphylla","Polygala brachyphylla","Polygalaceae","Polygala brachyphylla","Polygala brachyphylla","Polygalaceae",1,0,1,0,1,0,0,0,0,0,0,"Sep","Dec",NA,NA,35,0,0,0,1,0,0,0,0,0,0,0,0,0,0,0,0,"leaf",0,0,1,0,0,0,NA,0,0,"leaf",2,"h","i","i","Polygala brachyphylla"
"Polygala bracteolata","Polygala bracteolata","Polygalaceae","Polygala bracteolata","Polygala bracteolata","Polygalaceae",1,0,1,0,1,0,0,0,0,0,0,"Sep","Nov",NA,NA,100,0,0,0,1,0,0,0,1,0,0,0,0,0,0,0,0,"leaf",0,1,1,0,0,0,1.6125,0,0,"leaf",2,"l","i","i","Polygala bracteolata"
"Polygala ericaefolia","Polygala ericaefolia","Polygalaceae","Polygala ericaefolia","Polygala ericaefolia","Polygalaceae",1,0,1,0,1,0,0,0,0,0,0,"Aug","Nov",NA,NA,40,0,0,0,1,0,0,0,0,0,0,0,0,0,0,0,0,"leaf",1,0,0,0,0,0,NA,0,0,"leaf",2,"h","i","i","Polygala ericaefolia"
"Polygala fruticosa","Polygala fruticosa","Polygalaceae","Polygala fruticosa","Polygala fruticosa","Polygalaceae",1,0,1,0,1,0,0,0,0,1,0,"Sep","Nov",NA,NA,200,0,0,0,0,0,1,0,0,0,0,0,0,0,0,0,0,"leaf",0,1,1,0,0,0,1.666666667,0,0,"leaf",2,"h","i","i","Polygala fruticosa"
"Polygala garcinii","Polygala garcinii","Polygalaceae","Polygala garcinii","Polygala garcinii","Polygalaceae",1,0,1,0,1,0,0,0,0,1,0,"Sep","Dec",NA,NA,40,0,0,0,1,0,0,0,0,0,0,0,0,0,0,0,0,"leaf",1,0,0,0,0,0,1,0,0,"leaf",2,"l","i","i","Polygala garcinii"
"Polygala illepida","Polygala illepida","Polygalaceae","Polygala illepida","Polygala illepida","Polygalaceae",1,0,1,0,1,0,0,0,0,0,0,"Oct","Nov",NA,NA,15,0,0,0,1,0,0,0,0,0,0,0,0,0,0,0,0,"leaf",0,0,1,0,0,0,0.723333333,0,0,"leaf",2,"l","i","i","Polygala illepida"
"Polygala microlopha","Polygala microlopha","Polygalaceae","Polygala microlopha","Polygala microlopha","Polygalaceae",1,0,1,0,1,0,0,0,0,0,0,"Aug","Nov",NA,NA,60,0,0,0,1,0,0,0,0,0,0,0,0,0,0,0,0,"leaf",1,0,1,0,0,0,NA,0,0,"leaf",2,"m","i","i","Polygala microlopha"
"Polygala myrtifolia","Polygala myrtifolia","Polygalaceae","Polygala myrtifolia","Polygala myrtifolia","Polygalaceae",1,0,1,0,1,0,0,0,0,0,0,"Jul","Oct",NA,NA,200,0,0,0,0,0,1,0,0,0,0,0,0,0,0,0,0,"leaf",1,0,1,0,0,0,2.45,0,0,"leaf",2,"h","i","i","Polygala myrtifolia"
"Polygala pappeana","Polygala pappeana","Polygalaceae","Polygala pappeana","Polygala pappeana","Polygalaceae",1,1,1,0,1,0,0,0,0,0,0,"Sep","Dec",NA,NA,30,1,0,0,0,0,0,0,0,0,0,0,0,0,0,0,0,"leaf",1,0,0,0,0,0,NA,0,0,"leaf",1,"l","i","i","Polygala pappeana"
"Polygala recognita","Polygala recognita","Polygalaceae","Polygala recognita","Polygala recognita","Polygalaceae",1,0,1,0,1,0,0,0,0,1,0,"Sep","Oct",NA,NA,40,0,0,0,1,0,0,0,0,0,0,0,0,0,0,0,0,"leaf",1,0,0,0,0,0,NA,0,0,"leaf",2,"l","i","i","Polygala recognita"
"Polygala refracta","Polygala refracta","Polygalaceae","Polygala refracta","Polygala refracta","Polygalaceae",1,0,1,0,1,0,0,0,0,0,0,"Sep","Apr",NA,NA,40,0,0,0,1,0,0,0,0,0,0,0,0,0,0,0,0,"leaf",0,1,0,0,0,0,NA,0,0,"leaf",2,"l","i","i","Polygala refracta"
"Polygala umbellata","Polygala umbellata","Polygalaceae","Polygala umbellata","Polygala umbellata","Polygalaceae",1,0,1,0,1,0,0,0,0,1,0,"Aug","Nov",NA,NA,40,0,0,0,1,0,0,0,0,0,0,0,0,0,0,0,0,"leaf",1,0,0,0,0,0,NA,0,0,"leaf",2,"l","i","i","Polygala umbellata"
"Polygala virgata","Polygala virgata","Polygalaceae","Polygala virgata","Polygala virgata","Polygalaceae",1,0,1,0,1,0,0,0,0,0,0,"Oct","Dec",NA,NA,200,0,0,0,0,0,1,0,0,0,0,0,0,0,0,0,0,"leaf",0,1,1,0,0,0,NA,0,0,"leaf",2,"m","i","i","Polygala virgata"
"Polygala wittebergensis","Polygala wittebergensis","Polygalaceae","Polygala wittebergensis","Polygala wittebergensis","Polygalaceae",1,0,1,0,1,0,0,0,0,0,0,"Aug","Oct",NA,NA,60,0,0,0,1,0,0,0,0,0,0,0,0,0,0,0,0,"leaf",1,1,0,0,0,0,NA,0,0,"leaf",2,"m","i","i","Polygala wittebergensis"
"Polypogon strictus","Polypogon strictus","Poaceae","Polypogon tenuis","Polypogon tenuis","Poaceae",0,1,1,0,0,1,1,1,0,0,0,"Oct","Apr",NA,NA,50,0,0,1,0,0,0,0,0,0,0,0,0,0,0,0,0,"leaf",1,0,0,0,0,0,NA,0,0,"leaf",2,"m","w","w","Polypogon tenuis"
"Portulacaria afra","Portulacaria afra","Portulacaceae","Portulacaria afra","Portulacaria afra","Didiereaceae",1,0,1,0,1,0,0,0,0,1,0,"Oct","Nov",NA,NA,300,0,0,0,0,0,1,1,1,0,0,0,0,1,1,1,0,"leaf",0,0,1,0,0,0,1.455789474,0,0,"leaf",3,"l","i","w","Portulacaria afra"
"Printzia polifolia","Printzia polifolia","Asteraceae","Printzia polifolia","Printzia polifolia","Asteraceae",1,0,1,0,1,0,0,0,0,1,0,"Jul","Nov",NA,NA,200,0,0,0,0,0,1,0,0,0,0,0,0,0,0,0,0,"leaf",0,0,1,0,0,0,1.16,0,0,"leaf",2,"h","i","w","Printzia polifolia"
"Prionium serratum","Prionium serratum","Prioniaceae","Prionium serratum","Prionium serratum","Thurniaceae",1,0,1,0,1,0,0,0,0,1,0,"Sep","Feb",NA,NA,200,0,0,0,0,0,1,0,0,0,0,0,0,0,0,0,0,"leaf",0,1,0,0,0,0,62.82,0,0,"leaf",3,"h","w","w","Prionium serratum"
"Prismatocarpus brevilobus","Prismatocarpus brevilobus","Campanulaceae","Prismatocarpus brevilobus","Prismatocarpus brevilobus","Campanulaceae",1,0,1,0,1,0,0,1,0,0,0,"Dec","May",NA,NA,50,0,0,0,1,0,0,0,0,0,0,0,0,0,0,0,0,"leaf",0,0,1,0,0,0,NA,0,0,"leaf",1,"m","i","p","Prismatocarpus brevilobus"
"Prismatocarpus fruticosus","Prismatocarpus fruticosus","Campanulaceae","Prismatocarpus fruticosus","Prismatocarpus fruticosus","Campanulaceae",1,0,1,0,1,0,0,1,0,0,0,"Nov","Apr",NA,NA,50,0,0,0,1,0,0,0,0,0,0,0,0,0,0,0,0,"leaf",0,1,0,0,0,0,0.632,0,0,"leaf",1,"m","i","p","Prismatocarpus fruticosus"
"Prismatocarpus sessilis","Prismatocarpus sessilis","Campanulaceae","Prismatocarpus sessilis","Prismatocarpus sessilis","Campanulaceae",1,0,1,0,1,0,0,1,0,0,0,"Dec","Mar",NA,NA,60,0,0,0,1,0,0,0,1,0,0,0,0,0,0,0,0,"leaf",1,1,0,0,0,0,0.533333333,0,0,"leaf",1,"h","i","p","Prismatocarpus sessilis"
"Protea acaulos","Protea acaulos","Proteaceae","Protea acaulos","Protea acaulos","Proteaceae",1,0,1,0,1,0,0,0,0,1,1,"Jun","Nov",NA,NA,15,0,0,0,1,0,0,0,0,0,0,0,0,0,0,0,0,"leaf",0,1,0,0,0,0,9.04,0,0,"leaf",3,"h","m","w","Protea acaulos"
"Protea acuminata","Protea acuminata","Proteaceae","Protea acuminata","Protea acuminata","Proteaceae",1,0,1,0,1,0,0,0,0,0,1,"Jul","Aug",NA,NA,200,0,0,0,0,0,1,0,0,0,0,0,0,0,0,0,0,"leaf",1,0,0,0,0,0,7.84,0,0,"leaf",2,"h","m","w","Protea acuminata"
"Protea angustata","Protea angustata","Proteaceae","Protea angustata","Protea angustata","Proteaceae",1,0,1,0,1,0,0,0,0,1,1,"Jul","Oct",NA,NA,30,0,0,0,1,0,0,0,0,0,0,0,0,0,0,0,0,"leaf",1,0,0,0,0,0,NA,0,0,"leaf",3,"h","m","w","Protea angustata"
"Protea aspera","Protea aspera","Proteaceae","Protea aspera","Protea aspera","Proteaceae",1,0,1,0,1,0,0,0,0,1,1,"Sep","Oct",NA,NA,20,0,0,0,1,0,0,0,0,0,0,0,0,0,0,0,0,"leaf",1,0,0,0,0,0,NA,0,0,"leaf",3,"h","m","w","Protea aspera"
"Protea aurea","Protea aurea","Proteaceae","Protea aurea","Protea aurea","Proteaceae",1,0,1,0,1,0,0,0,0,0,1,"Jan","Jun",NA,NA,500,0,0,0,0,0,0,1,0,0,0,0,0,0,0,0,0,"leaf",0,0,1,0,0,0,8.32,0,0,"leaf",2,"h","m","w","Protea aurea"
"Protea cordata","Protea cordata","Proteaceae","Protea cordata","Protea cordata","Proteaceae",1,0,1,0,1,0,0,0,0,1,1,"Jun","Jul",NA,NA,50,0,0,0,1,0,0,0,0,0,0,0,0,0,0,0,0,"leaf",0,0,1,0,0,0,NA,0,0,"leaf",3,"h","m","w","Protea cordata"
"Protea cynaroides","Protea cynaroides","Proteaceae","Protea cynaroides","Protea cynaroides","Proteaceae",1,0,1,0,1,0,0,0,0,1,1,"Jan","Dec",NA,NA,300,0,0,0,0,0,1,0,0,0,0,0,0,0,0,0,0,"leaf",0,0,1,0,0,0,11.27454545,0,0,"leaf",3,"h","m","w","Protea cynaroides"
"Protea eximia","Protea eximia","Proteaceae","Protea eximia","Protea eximia","Proteaceae",1,0,1,0,1,0,0,0,0,0,1,"Aug","Oct",NA,NA,400,0,0,0,0,0,1,0,0,0,0,0,0,0,0,0,0,"leaf",0,0,1,0,0,0,12.03636364,0,0,"leaf",2,"h","m","w","Protea eximia"
"Protea glabra","Protea glabra","Proteaceae","Protea glabra","Protea glabra","Proteaceae",1,0,1,0,1,0,0,0,0,1,1,"Aug","Sep",NA,NA,500,0,0,0,0,0,1,1,0,0,0,0,0,0,0,0,0,"leaf",0,0,1,0,0,0,6.28,0,0,"leaf",3,"h","m","w","Protea glabra"
"Protea grandiceps","Protea grandiceps","Proteaceae","Protea grandiceps","Protea grandiceps","Proteaceae",1,0,1,0,1,0,0,0,0,0,1,"Dec","Jan",NA,NA,200,0,0,0,0,0,1,0,0,0,0,0,0,0,0,0,0,"leaf",0,0,1,0,0,0,NA,0,0,"leaf",2,"h","m","w","Protea grandiceps"
"Protea intonsa","Protea intonsa","Proteaceae","Protea intonsa","Protea intonsa","Proteaceae",1,0,1,0,1,0,0,0,0,1,1,"Sep","Nov",NA,NA,25,0,0,0,1,0,0,0,0,0,0,0,0,0,0,0,0,"leaf",1,0,0,0,0,0,16.8,0,0,"leaf",3,"h","m","w","Protea intonsa"
"Protea laevis","Protea laevis","Proteaceae","Protea laevis","Protea laevis","Proteaceae",1,0,1,0,1,0,0,0,0,0,1,"Sep","Nov",NA,NA,30,0,0,0,1,0,0,0,1,0,0,0,0,0,0,0,0,"leaf",0,0,1,0,0,0,8.82,0,0,"leaf",2,"h","m","w","Protea laevis"
"Protea laurifolia","Protea laurifolia","Proteaceae","Protea laurifolia","Protea laurifolia","Proteaceae",1,0,1,0,1,0,0,0,0,0,1,"May","Jul",NA,NA,800,0,0,0,0,0,0,1,0,0,0,0,0,0,0,0,0,"leaf",0,0,1,0,0,0,9.76,0,0,"leaf",2,"h","m","w","Protea laurifolia"
"Protea lepidocarpodendron","Protea lepidocarpodendron","Proteaceae","Protea lepidocarpodendron","Protea lepidocarpodendron","Proteaceae",1,0,1,0,1,0,0,0,0,0,1,"Apr","Aug",NA,NA,800,0,0,0,0,0,0,1,0,0,0,0,0,0,0,0,0,"leaf",0,1,0,0,0,0,9.9,0,0,"leaf",2,"h","m","w","Protea lepidocarpodendron"
"Protea lorea","Protea lorea","Proteaceae","Protea lorea","Protea lorea","Proteaceae",1,0,1,0,1,0,0,0,0,1,1,"Jan","Feb",NA,NA,30,0,0,0,1,0,0,0,1,0,0,0,0,0,0,0,0,"leaf",1,0,0,0,0,0,NA,0,0,"leaf",2,"h","m","w","Protea lorea"
"Protea lorifolia","Protea lorifolia","Proteaceae","Protea lorifolia","Protea lorifolia","Proteaceae",1,0,1,0,1,0,0,0,0,0,1,"Apr","Jun",NA,NA,300,0,0,0,0,0,1,1,0,0,0,0,0,0,0,0,0,"leaf",0,1,0,0,0,0,15.96666667,0,0,"leaf",2,"h","m","w","Protea lorifolia"
"Protea mundii","Protea mundii","Proteaceae","Protea mundii","Protea mundii","Proteaceae",1,0,1,0,1,0,0,0,0,0,1,"Feb","Apr",NA,NA,800,0,0,0,0,0,0,1,0,0,0,0,0,0,0,0,0,"leaf",0,0,1,0,0,0,8.133333333,0,0,"leaf",2,"h","m","w","Protea mundii"
"Protea neriifolia","Protea neriifolia","Proteaceae","Protea neriifolia","Protea neriifolia","Proteaceae",1,0,1,0,1,0,0,0,0,0,1,"Feb","Nov",NA,NA,800,0,0,0,0,0,0,1,0,0,0,0,0,0,0,0,0,"leaf",0,0,1,0,0,0,11.71428571,0,0,"leaf",2,"h","m","w","Protea neriifolia"
"Protea nitida","Protea nitida","Proteaceae","Protea nitida","Protea nitida","Proteaceae",1,0,1,0,1,0,0,0,0,1,1,"May","Aug",NA,NA,1000,0,0,0,0,0,0,1,0,0,0,0,0,0,0,0,0,"leaf",0,0,1,0,0,0,10.24761905,0,0,"leaf",3,"h","m","w","Protea nitida"
"Protea piscina","Protea piscina","Proteaceae","Protea piscina","Protea piscina","Proteaceae",1,0,1,0,1,0,0,0,0,1,1,"Jun","Jan",NA,NA,30,0,0,0,1,0,0,0,1,0,0,0,0,0,0,0,0,"leaf",1,0,0,0,0,0,14.6,0,0,"leaf",3,"h","m","w","Protea piscina"
"Protea punctata","Protea punctata","Proteaceae","Protea punctata","Protea punctata","Proteaceae",1,0,1,0,1,0,0,0,0,0,1,"Mar","Apr",NA,NA,400,0,0,0,1,0,0,0,0,0,0,0,0,0,0,0,0,"leaf",0,0,1,0,0,0,6.15,0,0,"leaf",2,"h","m","w","Protea punctata"
"Protea repens","Protea repens","Proteaceae","Protea repens","Protea repens","Proteaceae",1,0,1,0,1,0,0,0,0,0,1,"Jan","Dec",NA,NA,450,0,0,0,0,0,1,1,0,0,0,0,0,0,0,0,0,"leaf",1,0,0,0,0,0,10.34545455,0,0,"leaf",2,"h","m","w","Protea repens"
"Protea scabra","Protea scabra","Proteaceae","Protea scabra","Protea scabra","Proteaceae",1,0,1,0,1,0,0,0,0,1,1,"Jul","Oct",NA,NA,25,0,0,0,1,0,0,0,0,0,0,0,0,0,0,0,0,"leaf",1,1,0,0,0,0,23,0,0,"leaf",3,"h","m","w","Protea scabra"
"Protea scolopendriifolia","Protea scolopendriifolia","Proteaceae","Protea scolopendriifolia","Protea scolopendriifolia","Proteaceae",1,0,1,0,1,0,0,0,0,1,1,"Sep","Dec",NA,NA,30,0,0,0,1,0,0,0,0,0,0,0,0,0,0,0,0,"leaf",0,1,0,0,0,0,17.54,0,0,"leaf",3,"h","m","w","Protea scolopendriifolia"
"Protea speciosa","Protea speciosa","Proteaceae","Protea speciosa","Protea speciosa","Proteaceae",1,0,1,0,1,0,0,0,0,1,1,"Sep","Oct",NA,NA,120,0,0,0,0,1,0,0,0,0,0,0,0,0,0,0,0,"leaf",0,0,1,0,0,0,NA,0,0,"leaf",3,"h","m","w","Protea speciosa"
"Protea tenax","Protea tenax","Proteaceae","Protea tenax","Protea tenax","Proteaceae",1,0,1,0,1,0,0,0,0,1,1,"May","Sep",NA,NA,30,0,0,0,1,0,0,0,1,0,0,0,0,0,0,0,0,"leaf",0,1,0,0,0,0,12.61666667,0,0,"leaf",3,"h","m","w","Protea tenax"
"Psammotropha anguina","Psammotropha anguina","Molluginaceae","Psammotropha anguina","Psammotropha anguina","Molluginaceae",1,0,1,0,1,0,0,0,0,0,0,"Sep","Oct",NA,NA,30,0,0,0,1,0,0,0,0,0,0,0,0,0,0,0,0,"leaf",1,0,0,0,0,0,NA,0,0,"leaf",2,"l","u","u","Psammotropha anguina"
"Psammotropha quadrangularis","Psammotropha quadrangularis","Molluginaceae","Psammotropha quadrangularis","Psammotropha quadrangularis","Molluginaceae",1,0,1,0,1,0,0,0,0,0,0,"Sep","Oct",NA,NA,30,0,0,0,1,0,0,0,0,0,0,0,0,0,0,0,0,"leaf",1,0,0,0,0,0,0.232,0,0,"leaf",2,"l","u","u","Psammotropha quadrangularis"
"Pseudopentameris brachyphylla","Pseudopentameris brachyphylla","Poaceae","Pseudopentameris brachyphylla","Pseudopentameris brachyphylla","Poaceae",1,0,1,0,1,0,0,0,0,1,0,"Sep","Oct",NA,NA,80,0,0,1,0,0,0,0,0,0,0,0,0,0,0,0,0,"leaf",1,0,0,0,0,0,6.46,0,0,"leaf",2,"h","w","w","Pseudopentameris brachyphylla"
"Pseudopentameris macrantha","Pseudopentameris macrantha","Poaceae","Pseudopentameris macrantha","Pseudopentameris macrantha","Poaceae",1,0,1,0,1,0,0,0,0,1,0,"Aug","Sep",NA,NA,150,0,0,1,0,0,0,0,0,0,0,0,0,0,0,0,0,"leaf",1,0,0,0,0,0,20.25882353,0,0,"leaf",2,"h","w","w","Pseudopentameris macrantha"
"Pseudoselago humilis","Pseudoselago humilis","Scrophulariaceae","Pseudoselago humilis","Pseudoselago humilis","Scrophulariaceae",1,0,1,0,1,0,0,1,0,0,0,"Dec","Feb",NA,NA,20,1,0,0,0,0,0,0,0,0,0,0,0,0,0,0,0,"leaf",0,0,1,0,0,0,NA,0,0,"leaf",1,"m","i","p","Pseudoselago humilis"
"Pseudoselago recurvifolia","Pseudoselago recurvifolia","Scrophulariaceae","Pseudoselago recurvifolia","Pseudoselago recurvifolia","Scrophulariaceae",1,0,1,0,1,0,0,1,0,0,0,"Dec","Feb",NA,NA,50,1,0,0,0,0,0,0,0,0,0,0,0,0,0,0,0,"leaf",0,0,1,0,0,0,NA,0,0,"leaf",1,"m","i","p","Pseudoselago recurvifolia"
"Pseudoselago serrata","Pseudoselago serrata","Scrophulariaceae","Pseudoselago serrata","Pseudoselago serrata","Scrophulariaceae",1,0,1,0,1,0,0,1,0,0,0,"Sep","Mar",NA,NA,40,1,0,0,0,0,0,0,0,0,0,0,0,0,0,0,0,"leaf",0,0,1,0,0,0,0.758,0,0,"leaf",1,"m","i","p","Pseudoselago serrata"
"Pseudoselago spuria","Pseudoselago spuria","Scrophulariaceae","Pseudoselago spuria","Pseudoselago spuria","Scrophulariaceae",1,0,1,0,1,0,0,1,0,0,0,"Aug","Feb",NA,NA,75,1,0,0,0,0,0,0,0,0,0,0,0,0,0,0,0,"leaf",0,1,0,0,0,0,NA,0,0,"leaf",1,"m","i","p","Pseudoselago spuria"
"Psoralea aphylla","Psoralea aphylla","Fabaceae","Psoralea aphylla","Psoralea aphylla","Fabaceae",1,0,1,0,1,0,0,0,0,0,0,"Sep","May",NA,NA,400,0,0,0,0,0,1,0,0,0,0,0,0,0,0,0,0,"leaf",1,0,0,0,0,0,14.67,0,1,"mixed",2,"h","i","p","Psoralea aphylla"
"Psoralea asarina","Psoralea asarina","Fabaceae","Psoralea asarina","Psoralea asarina","Fabaceae",1,0,1,0,1,0,0,1,0,1,0,"Oct","Feb",NA,NA,10,0,0,0,1,0,0,0,1,0,0,0,0,0,0,0,0,"leaf",0,1,0,0,0,0,NA,0,0,"leaf",2,"l","i","p","Psoralea asarina"
"Psoralea imbricata","Psoralea imbricata","Fabaceae","Psoralea imbricata","Psoralea imbricata","Fabaceae",1,0,1,0,1,0,0,1,0,1,0,"Oct","Jan",NA,NA,50,0,0,0,1,0,0,0,1,0,0,0,0,0,0,0,0,"leaf",0,0,1,0,0,0,NA,0,0,"leaf",2,"l","i","p","Psoralea imbricata"
"Psoralea laxa","Psoralea laxa","Fabaceae","Psoralea laxa","Psoralea laxa","Fabaceae",1,0,1,0,1,0,0,1,0,0,0,"Nov","Mar",NA,NA,40,0,0,0,1,0,0,0,1,0,0,0,0,0,0,0,0,"leaf",0,0,1,0,0,0,NA,0,0,"leaf",2,"l","i","p","Psoralea laxa"
"Psoralea monophylla","Psoralea monophylla","Fabaceae","Psoralea monophylla","Psoralea monophylla","Fabaceae",1,0,1,0,1,0,0,1,0,1,0,"Nov","Jan",NA,NA,30,0,0,0,1,0,0,0,1,0,0,0,0,0,0,0,0,"leaf",0,0,1,0,0,0,2.24,0,0,"leaf",2,"l","i","p","Psoralea monophylla"
"Psoralea oligophylla","Psoralea oligophylla","Fabaceae","Psoralea oligophylla","Psoralea oligophylla","Fabaceae",1,0,1,0,1,0,0,1,0,0,0,"Oct","Apr",NA,NA,200,0,0,0,0,0,1,0,0,0,0,0,0,0,0,0,0,"leaf",1,1,0,1,0,0,1.53,0,0,"leaf",2,"h","i","p","Psoralea oligophylla"
"Psoralea oreophila","Psoralea oreophila","Fabaceae","Psoralea oreophila","Psoralea oreophila","Fabaceae",1,0,1,0,1,0,0,1,0,0,0,"Jan","Jan",NA,NA,50,0,0,0,1,0,0,0,1,0,0,0,0,0,0,0,0,"leaf",0,1,0,1,0,0,NA,0,0,"leaf",2,"h","i","p","Psoralea oreophila"
"Psoralea pinnata","Psoralea pinnata","Fabaceae","Psoralea pinnata","Psoralea pinnata","Fabaceae",1,0,1,0,1,0,0,1,0,0,0,"Oct","Apr",NA,NA,400,0,0,0,0,0,1,1,0,0,0,0,0,0,0,0,0,"leaf",0,1,0,1,0,0,2.586086957,0,0,"leaf",2,"h","i","p","Psoralea pinnata"
"Psoralea repens","Psoralea repens","Fabaceae","Psoralea repens","Psoralea repens","Fabaceae",1,0,1,0,1,0,0,1,0,1,0,"Nov","Feb",NA,NA,20,0,0,0,1,0,0,0,1,0,0,0,0,0,0,0,0,"leaf",0,0,1,1,0,0,1.76,0,0,"leaf",2,"l","i","p","Psoralea repens"
"Psoralea verrucosa","Psoralea verrucosa","Fabaceae","Psoralea verrucosa","Psoralea verrucosa","Fabaceae",1,0,1,0,1,0,0,1,0,0,0,"Dec","Mar",NA,NA,200,0,0,0,0,0,1,0,0,0,0,0,0,0,0,0,0,"leaf",0,1,0,1,0,0,NA,0,0,"leaf",2,"h","i","p","Psoralea verrucosa"
"Pteridium aquilinum","Pteridium aquilinum","Dennstaedtiaceae","Pteridium aquilinum","Pteridium aquilinum","Dennstaedtiaceae",1,0,1,0,0,1,0,0,0,1,0,NA,NA,NA,NA,150,0,0,0,0,0,0,0,0,0,0,0,1,0,0,0,0,"frond",0,0,1,1,1,1,20.5,0,0,"leaf",2,"h","w","w","Pteridium aquilinum"
"Pterocelastrus rostratus","Pterocelastrus rostratus","Celastraceae","Pterocelastrus rostratus","Pterocelastrus rostratus","Celastraceae",1,0,1,0,1,0,0,0,0,1,0,"Apr","Jun",NA,NA,1000,0,0,0,0,0,0,1,0,0,0,0,0,0,0,0,0,"leaf",0,1,0,0,0,0,7.96,0,0,"leaf",3,"m","i","m","Pterocelastrus rostratus"
"Pterocelastrus tricuspidatus","Pterocelastrus tricuspidatus","Celastraceae","Pterocelastrus tricuspidatus","Pterocelastrus tricuspidatus","Celastraceae",1,0,1,0,1,0,0,0,0,1,0,"May","Nov",NA,NA,700,0,0,0,0,0,0,1,0,0,0,0,0,0,0,0,0,"leaf",0,0,1,0,0,0,4.171428571,0,0,"leaf",3,"h","i","m","Pterocelastrus tricuspidatus"
"Pteronia ambrariifolia","Pteronia ambrariifolia","Asteraceae","Pteronia ambrariifolia","Pteronia ambrariifolia","Asteraceae",1,0,1,0,1,0,0,0,0,0,0,"Aug","Sep",NA,NA,25,0,0,0,1,0,0,0,0,0,0,0,0,0,0,0,0,"leaf",1,0,0,0,0,0,NA,0,0,"leaf",2,"h","i","w","Pteronia ambrariifolia"
"Pteronia camphorata","Pteronia camphorata","Asteraceae","Pteronia camphorata","Pteronia camphorata","Asteraceae",1,0,1,0,1,0,0,0,0,0,0,"Aug","Nov",NA,NA,100,0,0,0,1,0,0,0,0,0,0,0,0,0,0,0,0,"leaf",1,0,0,0,0,0,3.236,0,0,"leaf",2,"h","i","w","Pteronia camphorata"
"Pteronia incana","Pteronia incana","Asteraceae","Pteronia incana","Pteronia incana","Asteraceae",1,0,1,0,1,0,0,0,0,0,0,"Sep","Oct",NA,NA,100,0,0,0,1,0,0,0,0,0,0,0,0,0,0,0,0,"leaf",1,0,0,0,0,0,1.081666667,0,0,"leaf",2,"h","i","w","Pteronia incana"
"Pteronia teretifolia","Pteronia teretifolia","Asteraceae","Pteronia teretifolia","Pteronia teretifolia","Asteraceae",1,0,1,0,1,0,0,0,0,1,0,"Jan","Jun",NA,NA,50,0,0,0,1,0,0,0,0,0,0,0,0,0,0,0,0,"leaf",1,0,0,0,0,0,0.683333333,0,0,"leaf",3,"h","i","w","Pteronia teretifolia"
"Pterygodium acutifolium","Pterygodium acutifolium","Orchidaceae","Pterygodium acutifolium","Pterygodium acutifolium","Orchidaceae",1,0,1,0,0,1,1,1,1,1,0,"Sep","Dec",NA,NA,35,0,1,0,0,0,0,0,0,0,0,0,0,0,0,0,0,"leaf",0,0,1,0,0,0,21.8,0,0,"leaf",2,"l","i","p","Pterygodium acutifolium"
"Putterlickia pyracantha","Putterlickia pyracantha","Celastraceae","Putterlickia pyracantha","Putterlickia pyracantha","Celastraceae",1,0,1,0,1,0,0,0,0,1,0,"Feb","Aug",NA,NA,300,0,0,0,0,0,1,0,0,0,0,0,0,0,0,0,0,"leaf",0,0,1,0,0,0,1.633333333,0,0,"leaf",3,"m","i","p","Putterlickia pyracantha"
"Rafnia acuminata","Rafnia perfoliata","Fabaceae","Rafnia acuminata","Rafnia acuminata","Fabaceae",1,0,1,0,1,0,0,1,0,1,0,"Sep","Apr",NA,NA,30,0,0,0,1,0,0,0,0,0,0,0,0,0,0,0,0,"leaf",0,1,1,0,0,0,2.7,0,0,"leaf",3,"h","i","p","Rafnia acuminata"
"Rafnia capensis","Rafnia capensis","Fabaceae","Rafnia capensis","Rafnia capensis","Fabaceae",1,0,1,0,1,0,0,1,0,1,0,"Jan","Dec",NA,NA,100,0,0,0,1,0,0,0,0,0,0,0,0,0,0,0,0,"leaf",1,1,0,0,0,0,2.726666667,0,0,"leaf",3,"h","i","p","Rafnia capensis"
"Rafnia crassifolia","Rafnia crassifolia","Fabaceae","Rafnia crassifolia","Rafnia crassifolia","Fabaceae",1,0,1,0,1,0,0,1,0,1,0,"Oct","Mar",NA,NA,60,0,0,0,1,0,0,0,0,0,0,0,0,0,0,0,0,"leaf",0,1,0,0,0,0,3.866666667,0,0,"leaf",3,"h","i","p","Rafnia crassifolia"
"Rafnia diffusa","Rafnia diffusa","Fabaceae","Rafnia diffusa","Rafnia diffusa","Fabaceae",1,0,1,0,1,0,0,1,0,1,0,"Aug","Jan",NA,NA,60,0,0,0,1,0,0,0,0,0,0,0,0,0,0,0,0,"leaf",1,0,1,0,0,0,1.22,0,0,"leaf",3,"h","i","p","Rafnia diffusa"
"Rafnia ovata","Rafnia ovata","Fabaceae","Rafnia ovata","Rafnia ovata","Fabaceae",1,0,1,0,1,0,0,1,0,1,0,"Aug","Jan",NA,NA,120,0,0,0,0,1,0,0,0,0,0,0,0,0,0,0,0,"leaf",0,0,1,0,0,0,NA,0,0,"leaf",3,"h","i","p","Rafnia ovata"
"Rafnia racemosa","Rafnia racemosa","Fabaceae","Rafnia racemosa","Rafnia racemosa","Fabaceae",1,0,1,0,1,0,0,1,0,1,0,"Oct","Jan",NA,NA,150,0,0,0,0,1,0,0,0,0,0,0,0,0,0,0,0,"leaf",0,1,1,0,0,0,NA,0,0,"leaf",3,"h","i","p","Rafnia racemosa"
"Rapanea melanophloeos","Rapanea melanophloeos","Myrsinaceae","Myrsine melanophloeos","Myrsine melanophloeos","Primulaceae",1,0,0,1,1,0,0,0,0,1,0,"Oct","Dec",NA,NA,2000,0,0,0,0,0,0,1,0,0,0,0,0,0,0,0,0,"leaf",0,0,1,0,0,0,11.96,0,0,"leaf",3,"m","i","m","Myrsine melanophloeos"
"Relhania calycina","Relhania calycina","Asteraceae","Oedera calycina","Oedera calycina","Asteraceae",1,0,1,0,1,0,0,0,0,0,0,"Oct","Jan",NA,NA,100,0,0,0,1,0,0,0,0,0,0,0,0,0,0,0,0,"leaf",0,1,0,0,0,0,NA,0,0,"leaf",2,"h","i","w","Oedera calycina"
"Relhania decussata","Relhania decussata","Asteraceae","Oedera decussata","Oedera decussata","Asteraceae",1,0,1,0,1,0,0,0,0,1,0,"Sep","Nov",NA,NA,30,0,0,0,1,0,0,0,0,0,0,0,0,0,0,0,0,"leaf",1,0,0,0,0,0,0.456666667,0,0,"leaf",2,"m","i","w","Oedera decussata"
"Relhania pungens","Relhania pungens","Asteraceae","Oedera pungens","Oedera pungens","Asteraceae",1,0,1,0,1,0,0,0,0,0,0,"Oct","Feb",NA,NA,50,0,0,0,1,0,0,0,0,0,0,0,0,0,0,0,0,"leaf",1,0,0,0,0,0,1.28,0,0,"leaf",2,"h","i","w","Oedera pungens"
"Relhania speciosa","Relhania speciosa","Asteraceae","Oedera speciosa","Oedera speciosa","Asteraceae",1,0,1,0,1,0,0,0,0,0,0,"Sep","Dec",NA,NA,100,0,0,0,1,0,0,0,0,0,0,0,0,0,0,0,0,"leaf",0,1,1,0,0,0,1.566666667,0,0,"leaf",2,"h","i","w","Oedera speciosa"
"Restio arcuatus","Restio arcuatus","Restionaceae","Restio arcuatus","Restio arcuatus","Restionaceae",1,0,0,1,1,0,0,0,0,1,0,"Dec","Feb",NA,NA,60,0,0,1,0,0,0,0,1,0,0,0,0,0,0,0,0,"leaf",1,0,0,0,0,0,21.13,1,1,"culm_stem",2,"h","w","p","Restio arcuatus"
"Restio asperus","Calopsis aspera","Restionaceae","Restio asperus","Restio asperus","Restionaceae",1,0,0,1,1,0,0,0,0,0,0,"Nov","Jan",NA,NA,50,0,0,1,0,0,0,0,0,0,0,0,0,0,0,0,0,"leaf",1,0,0,0,0,0,27.18,1,1,"culm_stem",2,"h","w","p","Restio asperus"
"Restio bifarius","Restio bifarius","Restionaceae","Restio bifarius","Restio bifarius","Restionaceae",1,0,0,1,1,0,0,0,0,0,0,"Apr","May",NA,NA,80,0,0,1,0,0,0,0,0,0,0,0,0,0,0,0,0,"leaf",1,0,0,0,0,0,56.08,1,1,"culm_stem",2,"h","w","p","Restio bifarius"
"Restio bifidus","Restio bifidus","Restionaceae","Restio bifidus","Restio bifidus","Restionaceae",1,0,0,1,1,0,0,0,0,0,0,"Mar","Apr",NA,NA,60,0,0,1,0,0,0,0,0,0,0,0,0,0,0,0,0,"leaf",1,0,0,0,0,0,25.24,1,1,"culm_stem",2,"h","w","p","Restio bifidus"
"Restio bifurcus","Restio bifurcus","Restionaceae","Restio bifurcus","Restio bifurcus","Restionaceae",1,0,0,1,1,0,0,0,0,0,0,"May","Aug",NA,NA,100,0,0,1,0,0,0,0,0,0,0,0,0,0,0,0,0,"leaf",1,0,0,0,0,0,40.83478261,1,1,"culm_stem",2,"h","w","p","Restio bifurcus"
"Restio brachiatus","Restio brachiatus","Restionaceae","Restio brachiatus","Restio brachiatus","Restionaceae",1,0,0,1,1,0,0,0,0,0,0,"Sep","Oct",NA,NA,80,0,0,1,0,0,0,0,0,0,0,0,0,0,0,0,0,"leaf",1,0,0,0,0,0,56.24,1,1,"culm_stem",2,"h","w","p","Restio brachiatus"
"Restio burchellii","Restio burchellii","Restionaceae","Restio burchellii","Restio burchellii","Restionaceae",1,0,0,1,1,0,0,0,0,0,0,"Oct","Nov",NA,NA,50,0,0,1,0,0,0,0,0,0,0,0,0,0,0,0,0,"leaf",1,0,0,0,0,0,NA,1,1,"culm_stem",2,"h","w","p","Restio burchellii"
"Restio calcicola","Calopsis fruticosa","Restionaceae","Restio calcicola","Restio calcicola","Restionaceae",1,0,0,1,1,0,0,0,0,0,0,"Aug","Nov",NA,NA,60,0,0,1,0,0,0,0,0,0,0,0,0,0,0,0,0,"leaf",1,0,0,0,0,0,NA,1,1,"culm_stem",2,"h","w","p","Restio calcicola"
"Restio capensis","Ischyrolepis capensis","Restionaceae","Restio capensis","Restio capensis","Restionaceae",1,0,0,1,1,0,0,0,0,1,0,"Oct","Nov",NA,NA,50,0,0,1,0,0,0,0,0,0,0,0,0,0,0,0,0,"leaf",1,0,0,0,0,0,22.61333333,1,1,"culm_stem",2,"h","w","p","Restio capensis"
"Restio capillaris","Restio capillaris","Restionaceae","Restio capillaris","Restio capillaris","Restionaceae",1,0,0,1,1,0,0,0,0,1,0,"Aug","Oct",NA,NA,60,0,0,1,0,0,0,0,0,0,0,0,0,0,0,0,0,"leaf",1,0,0,0,0,0,34.78,1,1,"culm_stem",2,"h","w","p","Restio capillaris"
"Restio cincinnatus","Ischyrolepis cincinnata","Restionaceae","Restio cincinnatus","Restio cincinnatus","Restionaceae",1,0,0,1,1,0,0,0,0,1,0,"Oct","Nov",NA,NA,50,0,0,1,0,0,0,0,1,0,0,0,0,0,0,0,0,"leaf",1,0,0,0,0,0,10.29,1,1,"culm_stem",2,"h","w","p","Restio cincinnatus"
"Restio curviramis","Ischyrolepis curviramis","Restionaceae","Restio curviramis","Restio curviramis","Restionaceae",1,0,0,1,1,0,0,0,0,1,0,"Aug","Oct",NA,NA,50,0,0,1,0,0,0,0,1,0,0,0,0,0,0,0,0,"leaf",1,0,0,0,0,0,16.36,1,1,"culm_stem",2,"h","w","p","Restio curviramis"
"Restio debilis","Restio debilis","Restionaceae","Restio debilis","Restio debilis","Restionaceae",1,0,0,1,1,0,0,0,0,0,0,"Mar","May",NA,NA,40,0,0,1,0,0,0,0,0,0,0,0,0,0,0,0,0,"leaf",1,0,0,0,0,0,24.56,1,1,"culm_stem",2,"h","w","p","Restio debilis"
"Restio decipiens","Restio decipiens","Restionaceae","Restio decipiens","Restio decipiens","Restionaceae",1,0,0,1,1,0,0,0,0,0,0,"Oct","Nov",NA,NA,50,0,0,1,0,0,0,0,0,0,0,0,0,0,0,0,0,"leaf",1,0,0,0,0,0,NA,1,1,"culm_stem",2,"h","w","p","Restio decipiens"
"Restio dispar","Restio dispar","Restionaceae","Restio dispar","Restio dispar","Restionaceae",1,0,0,1,1,0,0,0,0,1,0,"Mar","Apr",NA,NA,100,0,0,1,0,0,0,0,0,0,0,0,0,0,0,0,0,"leaf",1,0,0,0,0,0,124.12,1,1,"culm_stem",2,"h","w","p","Restio dispar"
"Restio distichus","Restio distichus","Restionaceae","Restio distichus","Restio distichus","Restionaceae",1,0,0,1,1,0,0,0,0,1,0,"Oct","Dec",NA,NA,50,0,0,1,0,0,0,0,0,0,0,0,0,0,0,0,0,"leaf",1,0,0,0,0,0,NA,1,1,"culm_stem",2,"h","w","p","Restio distichus"
"Restio dodii","Restio dodii","Restionaceae","Restio dodii","Restio dodii","Restionaceae",1,0,0,1,1,0,0,0,0,0,0,"Jan","Jan",NA,NA,100,0,0,1,0,0,0,0,0,0,0,0,0,0,0,0,0,"leaf",1,0,0,0,0,0,49.93333333,1,1,"culm_stem",2,"h","w","p","Restio dodii"
"Restio egregius","Restio egregius","Restionaceae","Restio egregius","Restio egregius","Restionaceae",1,0,0,1,1,0,0,0,0,1,0,"Feb","Mar",NA,NA,100,0,0,1,0,0,0,0,0,0,0,0,0,0,0,0,0,"leaf",1,0,0,0,0,0,66.11666667,1,1,"culm_stem",2,"h","w","p","Restio egregius"
"Restio eleocharis","Ischyrolepis eleocharis","Restionaceae","Restio eleocharis","Restio eleocharis","Restionaceae",1,0,0,1,1,0,0,0,0,1,0,"Mar","Jun",NA,NA,40,0,0,1,0,0,0,0,0,0,0,0,0,0,0,0,0,"leaf",1,0,0,0,0,0,15.68,1,1,"culm_stem",2,"h","w","p","Restio eleocharis"
"Restio festuciformis","Restio festuciformis","Restionaceae","Restio festuciformis","Restio festuciformis","Restionaceae",1,0,0,1,1,0,0,0,0,0,0,"Jul","Aug",NA,NA,40,0,0,1,0,0,0,0,0,0,0,0,0,0,0,0,0,"leaf",1,0,0,0,0,0,NA,1,1,"culm_stem",2,"h","w","p","Restio festuciformis"
"Restio filiformis","Restio filiformis","Restionaceae","Restio filiformis","Restio filiformis","Restionaceae",1,0,0,1,1,0,0,0,0,0,0,"Aug","Aug",NA,NA,60,0,0,1,0,0,0,0,0,0,0,0,0,0,0,0,0,"leaf",1,0,0,0,0,0,38.77333333,1,1,"culm_stem",2,"h","w","p","Restio filiformis"
"Restio fragilis","Restio fragilis","Restionaceae","Restio fragilis","Restio fragilis","Restionaceae",1,0,0,1,1,0,0,0,0,1,0,"Sep","Oct",NA,NA,30,0,0,1,0,0,0,0,0,0,0,0,0,0,0,0,0,"leaf",1,0,0,0,0,0,NA,1,1,"culm_stem",2,"h","w","p","Restio fragilis"
"Restio fusiformis","Restio fusiformis","Restionaceae","Restio fusiformis","Restio fusiformis","Restionaceae",1,0,0,1,1,0,0,0,0,0,0,"May","Sep",NA,NA,40,0,0,1,0,0,0,0,0,0,0,0,0,0,0,0,0,"leaf",1,0,0,0,0,0,NA,1,1,"culm_stem",2,"h","w","p","Restio fusiformis"
"Restio gaudichaudianus","Ischyrolepis gaudichaudiana","Restionaceae","Restio gaudichaudianus","Restio gaudichaudianus","Restionaceae",1,0,0,1,1,0,0,0,0,1,0,"Mar","Apr",NA,NA,100,0,0,1,0,0,0,0,0,0,0,0,0,0,0,0,0,"leaf",1,0,0,0,0,0,46.48125,1,1,"culm_stem",2,"h","w","p","Restio gaudichaudianus"
"Restio gossypinus","Ischyrolepis gossypina","Restionaceae","Restio gossypinus","Restio gossypinus","Restionaceae",1,0,0,1,1,0,0,0,0,1,0,"Sep","Dec",NA,NA,50,0,0,1,0,0,0,0,0,0,0,0,0,0,0,0,0,"leaf",1,0,0,0,0,0,35.18,1,1,"culm_stem",2,"h","w","p","Restio gossypinus"
"Restio hyalinus","Calopsis hyalina","Restionaceae","Restio hyalinus","Restio hyalinus","Restionaceae",1,0,0,1,1,0,0,0,0,1,0,"Aug","Nov",NA,NA,50,0,0,1,0,0,0,0,0,0,0,0,0,0,0,0,0,"leaf",1,0,0,0,0,0,24.96,1,1,"culm_stem",2,"h","w","p","Restio hyalinus"
"Restio hystrix","Ischyrolepis hystrix","Restionaceae","Restio hystrix","Restio hystrix","Restionaceae",1,0,0,1,1,0,0,0,0,0,0,"Jul","Sep",NA,NA,150,0,0,1,0,0,0,0,0,0,0,0,0,0,0,0,0,"leaf",1,0,0,0,0,0,53.3,1,1,"culm_stem",2,"h","w","p","Restio hystrix"
"Restio implicatus","Restio implicatus","Restionaceae","Restio implicatus","Restio implicatus","Restionaceae",1,0,0,1,1,0,0,0,0,1,0,"Dec","Dec",NA,NA,60,0,0,1,0,0,0,0,0,0,0,0,0,0,0,0,0,"leaf",1,0,0,0,0,0,NA,1,1,"culm_stem",2,"h","w","p","Restio implicatus"
"Restio inconspicuus","Restio inconspicuus","Restionaceae","Restio inconspicuus","Restio inconspicuus","Restionaceae",1,0,0,1,1,0,0,0,0,1,0,"Mar","Apr",NA,NA,100,0,0,1,0,0,0,0,0,0,0,0,0,0,0,0,0,"leaf",1,0,0,0,0,0,66.1,1,1,"culm_stem",2,"h","w","p","Restio inconspicuus"
"Restio laniger","Ischyrolepis laniger","Restionaceae","Restio laniger","Restio laniger","Restionaceae",1,0,0,1,1,0,0,0,0,1,0,"Sep","Dec",NA,NA,30,0,0,1,0,0,0,0,0,0,0,0,0,0,0,0,0,"leaf",1,0,0,0,0,0,NA,1,1,"culm_stem",2,"h","w","p","Restio laniger"
"Restio leptostachyus","Restio leptostachyus","Restionaceae","Restio leptostachyus","Restio leptostachyus","Restionaceae",1,0,0,1,1,0,0,0,0,1,0,"Feb","May",NA,NA,40,0,0,1,0,0,0,0,0,0,0,0,0,0,0,0,0,"leaf",1,0,0,0,0,0,NA,1,1,"culm_stem",2,"h","w","p","Restio leptostachyus"
"Restio monanthos","Ischyrolepis monanthos","Restionaceae","Restio monanthos","Restio monanthos","Restionaceae",1,0,0,1,1,0,0,0,0,0,0,"Aug","Oct",NA,NA,60,0,0,1,0,0,0,0,0,0,0,0,0,0,0,0,0,"leaf",1,0,0,0,0,0,52.72,1,1,"culm_stem",2,"h","w","p","Restio monanthos"
"Restio monostylis","Calopsis monostylis","Restionaceae","Restio monostylis","Restio monostylis","Restionaceae",1,0,0,1,1,0,0,0,0,0,0,"Feb","Feb",NA,NA,40,0,0,1,0,0,0,0,0,0,0,0,0,0,0,0,0,"leaf",1,0,0,0,0,0,NA,1,1,"culm_stem",2,"h","w","p","Restio monostylis"
"Restio occultus","Restio occultus","Restionaceae","Restio occultus","Restio occultus","Restionaceae",1,0,0,1,1,0,0,0,0,0,0,"Aug","Sep",NA,NA,100,0,0,1,0,0,0,0,0,0,0,0,0,0,0,0,0,"leaf",1,0,0,0,0,0,93.25,1,1,"culm_stem",2,"h","w","p","Restio occultus"
"Restio ocreatus","Ischyrolepis ocreata","Restionaceae","Restio ocreatus","Restio ocreatus","Restionaceae",1,0,0,1,1,0,0,0,0,0,0,"Nov","Jan",NA,NA,80,0,0,1,0,0,0,0,0,0,0,0,0,0,0,0,0,"leaf",1,0,0,0,0,0,59.1,1,1,"culm_stem",2,"h","w","p","Restio ocreatus"
"Restio paludosus","Ischyrolepis paludosa","Restionaceae","Restio paludosus","Restio paludosus","Restionaceae",1,0,0,1,1,0,0,0,0,1,0,"Nov","Dec",NA,NA,30,0,0,1,0,0,0,0,0,0,0,0,0,0,0,0,0,"leaf",1,0,0,0,0,0,12.63333333,1,1,"culm_stem",2,"h","w","p","Restio paludosus"
"Restio paniculatus","Calopsis paniculata","Restionaceae","Restio paniculatus","Restio paniculatus","Restionaceae",1,0,0,1,1,0,0,0,0,1,0,"May","Jun",NA,NA,200,0,0,1,0,0,0,0,0,0,0,0,0,0,0,0,0,"leaf",1,0,0,0,0,0,39.2,1,1,"culm_stem",2,"h","w","p","Restio paniculatus"
"Restio parvispiculus","Calopsis membranacea","Restionaceae","Restio parvispiculus","Restio parvispiculus","Restionaceae",1,0,0,1,1,0,0,0,0,1,0,"Apr","Jun",NA,NA,30,0,0,1,0,0,0,0,0,0,0,0,0,0,0,0,0,"leaf",1,0,0,0,0,0,36.88421053,1,1,"culm_stem",2,"h","w","p","Restio parvispiculus"
"Restio patens","Restio patens","Restionaceae","Restio patens","Restio patens","Restionaceae",1,0,0,1,1,0,0,0,0,0,0,"Mar","Apr",NA,NA,50,0,0,1,0,0,0,0,0,0,0,0,0,0,0,0,0,"leaf",1,0,0,0,0,0,NA,1,1,"culm_stem",2,"h","w","p","Restio patens"
"Restio pedicellatus","Restio filicaulis","Restionaceae","Restio pedicellatus","Restio pedicellatus","Restionaceae",1,0,0,1,1,0,0,0,0,1,0,"Aug","Oct",NA,NA,30,0,0,1,0,0,0,0,0,0,0,0,0,0,0,0,0,"leaf",1,0,0,0,0,0,NA,1,1,"culm_stem",2,"h","w","p","Restio pedicellatus"
"Restio perplexus","Restio perplexus","Restionaceae","Restio perplexus","Restio perplexus","Restionaceae",1,0,0,1,1,0,0,0,0,1,0,"Jul","Aug",NA,NA,60,0,0,1,0,0,0,0,1,0,0,0,0,0,0,0,0,"leaf",1,0,0,0,0,0,33.33,1,1,"culm_stem",2,"h","w","p","Restio perplexus"
"Restio purpurascens","Restio purpurascens","Restionaceae","Restio purpurascens","Restio purpurascens","Restionaceae",1,0,0,1,1,0,0,0,0,0,0,"Mar","Apr",NA,NA,100,0,0,1,0,0,0,0,0,0,0,0,0,0,0,0,0,"leaf",1,0,0,0,0,0,NA,1,1,"culm_stem",2,"h","w","p","Restio purpurascens"
"Restio quinquefarius","Restio quinquefarius","Restionaceae","Restio quinquefarius","Restio quinquefarius","Restionaceae",1,0,0,1,1,0,0,0,0,0,0,"Aug","Aug",NA,NA,80,0,0,1,0,0,0,0,0,0,0,0,0,0,0,0,0,"leaf",1,0,0,0,0,0,26.32,1,1,"culm_stem",2,"h","w","p","Restio quinquefarius"
"Restio ramosissimus","Calopsis gracilis","Restionaceae","Restio ramosissimus","Restio ramosissimus","Restionaceae",1,0,0,1,1,0,0,0,0,0,0,"Jul","Oct",NA,NA,60,0,0,1,0,0,0,0,0,0,0,0,0,0,0,0,0,"leaf",1,0,0,0,0,0,23.38,1,1,"culm_stem",2,"h","w","p","Restio ramosissimus"
"Restio rigidus","Calopsis rigida","Restionaceae","Restio rigidus","Restio rigidus","Restionaceae",1,0,0,1,1,0,0,0,0,0,0,"Mar","Apr",NA,NA,50,0,0,1,0,0,0,0,0,0,0,0,0,0,0,0,0,"leaf",1,0,0,0,0,0,NA,1,1,"culm_stem",2,"h","w","p","Restio rigidus"
"Restio rudolfii","Calopsis marlothii","Restionaceae","Restio rudolfii","Restio rudolfii","Restionaceae",1,0,0,1,1,0,0,0,0,0,0,"Apr","Jun",NA,NA,100,0,0,1,0,0,0,0,0,0,0,0,0,0,0,0,0,"leaf",1,0,0,0,0,0,NA,1,1,"culm_stem",2,"h","w","p","Restio rudolfii"
"Restio sarocladus","Restio sarocladus","Restionaceae","Restio saroclados","Restio saroclados","Restionaceae",1,0,0,1,1,0,0,0,0,1,0,"Mar","Apr",NA,NA,50,0,0,1,0,0,0,0,0,0,0,0,0,0,0,0,0,"leaf",1,0,0,0,0,0,29.2,1,1,"culm_stem",2,"h","w","p","Restio saroclados"
"Restio scaber","Restio scaber","Restionaceae","Restio scaber","Restio scaber","Restionaceae",1,0,0,1,1,0,0,0,0,0,0,"Apr","Apr",NA,NA,40,0,0,1,0,0,0,0,0,0,0,0,0,0,0,0,0,"leaf",1,0,0,0,0,0,NA,1,1,"culm_stem",2,"h","w","p","Restio scaber"
"Restio schoenoides","Ischyrolepis schoenoides","Restionaceae","Restio schoenoides","Restio schoenoides","Restionaceae",1,0,0,1,1,0,0,0,0,1,0,"Sep","Sep",NA,NA,60,0,0,1,0,0,0,0,0,0,0,0,0,0,0,0,0,"leaf",1,0,0,0,0,0,NA,1,1,"culm_stem",2,"h","w","p","Restio schoenoides"
"Restio sejunctus","Restio sejunctus","Restionaceae","Restio sejunctus","Restio sejunctus","Restionaceae",1,0,0,1,1,0,0,0,0,0,0,"Apr","Jun",NA,NA,60,0,0,1,0,0,0,0,0,0,0,0,0,0,0,0,0,"leaf",1,0,0,0,0,0,8.666666667,1,1,"culm_stem",2,"h","w","p","Restio sejunctus"
"Restio sieberi","Ischyrolepis sieberi","Restionaceae","Restio sieberi","Restio sieberi","Restionaceae",1,0,0,1,1,0,0,0,0,1,0,"Dec","May",NA,NA,100,0,0,1,0,0,0,0,0,0,0,0,0,0,0,0,0,"leaf",1,0,0,0,0,0,57.94,1,1,"culm_stem",2,"h","w","p","Restio sieberi"
"Restio similis","Restio similis","Restionaceae","Restio similis","Restio similis","Restionaceae",1,0,0,1,1,0,0,0,0,0,0,"Mar","Apr",NA,NA,60,0,0,1,0,0,0,0,0,0,0,0,0,0,0,0,0,"leaf",1,0,0,0,0,0,33.72,1,1,"culm_stem",2,"h","w","p","Restio similis"
"Restio stokoei","Restio stokoei","Restionaceae","Restio stokoei","Restio stokoei","Restionaceae",1,0,0,1,1,0,0,0,0,0,0,"Mar","Apr",NA,NA,100,0,0,1,0,0,0,0,0,0,0,0,0,0,0,0,0,"leaf",1,0,0,0,0,0,38.68,1,1,"culm_stem",2,"h","w","p","Restio stokoei"
"Restio strictus","Restio strictus","Restionaceae","Restio strictus","Restio strictus","Restionaceae",1,0,0,1,1,0,0,0,0,1,0,"Sep","Oct",NA,NA,40,0,0,1,0,0,0,0,0,0,0,0,0,0,0,0,0,"leaf",1,0,0,0,0,0,NA,1,1,"culm_stem",2,"h","w","p","Restio strictus"
"Restio subverticellatus","Ischyrolepis subverticillata","Restionaceae","Restio subverticillatus","Restio subverticillatus","Restionaceae",1,0,0,1,1,0,0,0,0,1,0,"Mar","Apr",NA,NA,150,0,0,1,0,0,0,0,0,0,0,0,0,0,0,0,0,"leaf",1,0,0,0,0,0,18.575,1,1,"culm_stem",2,"h","w","p","Restio subverticillatus"
"Restio tenuispicatus","Calopsis filiformis","Restionaceae","Restio tenuispicatus","Restio tenuispicatus","Restionaceae",1,0,0,1,1,0,0,0,0,0,0,"Jun","Oct",NA,NA,60,0,0,1,0,0,0,0,0,0,0,0,0,0,0,0,0,"leaf",1,0,0,0,0,0,23.92,1,1,"culm_stem",2,"h","w","p","Restio tenuispicatus"
"Restio tenuissimus","Ischyrolepis tenuissima","Restionaceae","Restio tenuissimus","Restio tenuissimus","Restionaceae",1,0,0,1,1,0,0,0,0,1,0,"Nov","May",NA,NA,25,0,0,1,0,0,0,0,1,0,0,0,0,0,0,0,0,"leaf",1,0,0,0,0,0,8.76,1,1,"culm_stem",2,"h","w","p","Restio tenuissimus"
"Restio triticeus","Restio triticeus","Restionaceae","Restio triticeus","Restio triticeus","Restionaceae",1,0,0,1,1,0,0,0,0,1,0,"Feb","Apr",NA,NA,80,0,0,1,0,0,0,0,0,0,0,0,0,0,0,0,0,"leaf",1,0,0,0,0,0,44.82272727,1,1,"culm_stem",2,"h","w","p","Restio triticeus"
"Restio unispicatus","Ischyrolepis unispicata","Restionaceae","Restio unispicatus","Restio unispicatus","Restionaceae",1,0,0,1,1,0,0,0,0,1,0,"Nov","Jan",NA,NA,60,0,0,1,0,0,0,0,0,0,0,0,0,0,0,0,0,"leaf",1,0,0,0,0,0,25.46,1,1,"culm_stem",2,"h","w","p","Restio unispicatus"
"Restio vallis-simius","Restio vallis-simius","Restionaceae","Restio vallis-simius","Restio vallis-simius","Restionaceae",1,0,0,1,1,0,0,0,0,1,0,"May","Jun",NA,NA,100,0,0,1,0,0,0,0,0,0,0,0,0,0,0,0,0,"leaf",1,0,0,0,0,0,NA,1,1,"culm_stem",2,"h","w","p","Restio vallis-simius"
"Restio versatilis","Restio versatilis","Restionaceae","Restio versatilis","Restio versatilis","Restionaceae",1,0,0,1,1,0,0,0,0,0,0,"Sep","Nov",NA,NA,40,0,0,1,0,0,0,0,1,0,0,0,0,0,0,0,0,"leaf",1,0,0,0,0,0,37.7,1,1,"culm_stem",2,"h","w","p","Restio versatilis"
"Restio vimineus","Calopsis viminea","Restionaceae","Restio vimineus","Restio vimineus","Restionaceae",1,0,0,1,1,0,0,0,0,1,0,"Aug","May",NA,NA,100,0,0,1,0,0,0,0,0,0,0,0,0,0,0,0,0,"leaf",1,0,0,0,0,0,NA,1,1,"culm_stem",2,"h","w","p","Restio vimineus"
"Restio virgeus","Ischyrolepis virgea","Restionaceae","Restio virgeus","Restio virgeus","Restionaceae",1,0,0,1,1,0,0,0,0,1,0,"Oct","Mar",NA,NA,60,0,0,1,0,0,0,0,0,0,0,0,0,0,0,0,0,"leaf",1,0,0,0,0,0,46.1,1,1,"culm_stem",2,"h","w","p","Restio virgeus"
"Retzia capensis","Retzia capensis","Stilbaceae","Retzia capensis","Retzia capensis","Stilbaceae",1,0,1,0,1,0,0,0,0,1,0,"Sep","Mar",NA,NA,100,0,0,0,1,0,0,0,0,0,0,0,0,0,0,0,0,"leaf",0,1,0,0,0,0,4.06,0,0,"leaf",3,"h","i","p","Retzia capensis"
"Rhodocoma capensis","Rhodocoma capensis","Restionaceae","Rhodocoma capense","Rhodocoma capense","Restionaceae",1,0,0,1,1,0,0,0,0,1,0,"Oct","Nov",NA,NA,200,0,0,1,0,0,0,0,0,0,0,0,0,0,0,0,0,"leaf",1,0,0,0,0,0,6.216666667,1,1,"culm_stem",2,"h","i","p","Rhodocoma capense"
"Rhodocoma fruticosa","Rhodocoma fruticosa","Restionaceae","Rhodocoma fruticosa","Rhodocoma fruticosa","Restionaceae",1,0,0,1,1,0,0,0,0,1,0,"May","Jul",NA,NA,60,0,0,1,0,0,0,0,0,0,0,0,0,0,0,0,0,"leaf",1,0,0,0,0,0,65.09285714,1,1,"culm_stem",2,"h","i","p","Rhodocoma fruticosa"
"Rhodocoma gigantea","Rhodocoma gigantea","Restionaceae","Rhodocoma gigantea","Rhodocoma gigantea","Restionaceae",1,0,0,1,1,0,0,0,0,0,0,"Jun","Jul",NA,NA,300,0,0,1,0,0,0,0,0,0,0,0,0,0,0,0,0,"leaf",1,0,0,0,0,0,10.68,1,1,"culm_stem",2,"h","i","p","Rhodocoma gigantea"
"Rhoicissus digitata","Rhoicissus digitata","Vitaceae","Rhoicissus digitata","Rhoicissus digitata","Vitaceae",1,0,1,0,1,1,0,0,0,0,0,"Jan","May",NA,NA,500,0,0,0,0,0,0,0,1,1,0,0,0,0,0,0,0,"leaf",0,0,1,1,0,0,2.2,0,0,"leaf",3,"m","i","m","Rhoicissus digitata"
"Rhynchosia capensis","Rhynchosia capensis","Fabaceae","Rhynchosia capensis","Rhynchosia capensis","Fabaceae",1,0,1,0,1,0,0,1,0,1,0,"Aug","Mar",NA,NA,100,0,0,0,0,0,0,0,1,0,0,0,0,0,0,0,0,"leaf",0,0,1,1,0,0,NA,0,0,"leaf",3,"m","i","p","Rhynchosia capensis"
"Rhynchosia ferulifolia","Rhynchosia ferulifolia","Fabaceae","Rhynchosia ferulifolia","Rhynchosia ferulifolia","Fabaceae",1,0,1,0,1,0,0,1,0,1,0,"Jul","Jan",NA,NA,10,0,0,0,1,0,0,0,1,0,0,0,0,0,0,0,0,"leaf",0,1,0,1,0,0,NA,0,0,"leaf",2,"m","i","p","Rhynchosia ferulifolia"
"Rhynchosia leucoscias","Rhynchosia leucoscias","Fabaceae","Rhynchosia leucoscias","Rhynchosia leucoscias","Fabaceae",1,0,1,0,1,0,0,1,0,0,0,"Sep","Dec",NA,NA,200,0,0,0,0,0,0,0,1,1,0,0,0,0,0,0,0,"leaf",0,1,0,1,0,0,NA,0,0,"leaf",2,"m","i","p","Rhynchosia leucoscias"
"Robsonodendron maritimum","Robsonodendron maritimum","Celastraceae","Robsonodendron maritimum","Robsonodendron maritimum","Celastraceae",1,0,1,0,1,0,0,0,0,1,0,"Jun","Oct",NA,NA,200,0,0,0,0,0,1,1,0,0,0,0,0,0,0,0,0,"leaf",0,0,1,0,0,0,4.825,0,0,"leaf",3,"m","i","m","Robsonodendron maritimum"
"Roella amplexicaulis","Roella amplexicaulis","Campanulaceae","Roella amplexicaulis","Roella amplexicaulis","Campanulaceae",1,0,1,0,1,0,0,0,0,0,0,"Nov","Apr",NA,NA,50,0,0,0,1,0,0,0,0,0,0,0,0,0,0,0,0,"leaf",0,0,1,0,0,0,0.933333333,0,0,"leaf",1,"h","i","p","Roella amplexicaulis"
"Roella ciliata","Roella ciliata","Campanulaceae","Roella ciliata","Roella ciliata","Campanulaceae",1,0,1,0,1,0,0,0,0,0,0,"Aug","Mar",NA,NA,50,0,0,0,1,0,0,0,0,0,0,0,0,0,0,0,0,"leaf",1,0,0,0,0,0,0.543,0,0,"leaf",1,"m","i","p","Roella ciliata"
"Roella compacta","Roella compacta","Campanulaceae","Roella compacta","Roella compacta","Campanulaceae",1,0,1,0,1,0,0,0,0,0,0,"Dec","Feb",NA,NA,30,0,0,0,1,0,0,0,0,0,0,0,0,0,0,0,0,"leaf",1,0,0,0,0,0,NA,0,0,"leaf",1,"m","i","p","Roella compacta"
"Roella decurrens","Roella decurrens","Campanulaceae","Roella decurrens","Roella decurrens","Campanulaceae",1,1,1,0,1,0,0,0,0,0,0,"Feb","Apr",NA,NA,70,1,0,0,0,0,0,0,0,0,0,0,0,0,0,0,0,"leaf",0,0,1,0,0,0,0.256833333,0,0,"leaf",1,"m","i","p","Roella decurrens"
"Roella prostrata","Roella prostrata","Campanulaceae","Roella prostrata","Roella prostrata","Campanulaceae",1,0,1,0,1,0,0,0,0,0,0,"Dec","Mar",NA,NA,50,0,0,0,1,0,0,0,0,0,0,0,0,0,0,0,0,"leaf",1,0,0,0,0,0,NA,0,0,"leaf",1,"l","i","p","Roella prostrata"
"Roella recurvata","Roella recurvata","Campanulaceae","Roella recurvata","Roella recurvata","Campanulaceae",1,0,1,0,1,0,0,0,0,0,0,"Jan","Feb",NA,NA,25,0,0,0,1,0,0,0,0,0,0,0,0,0,0,0,0,"leaf",0,0,1,0,0,0,0.2,0,0,"leaf",1,"m","i","p","Roella recurvata"
"Roella squarrosa","Roella squarrosa","Campanulaceae","Roella squarrosa","Roella squarrosa","Campanulaceae",1,0,1,0,1,0,0,0,0,0,0,"Dec","Mar",NA,NA,50,0,0,0,1,0,0,0,0,0,0,0,0,0,0,0,0,"leaf",0,0,1,0,0,0,NA,0,0,"leaf",1,"m","i","p","Roella squarrosa"
"Roella triflora","Roella triflora","Campanulaceae","Roella triflora","Roella triflora","Campanulaceae",1,0,1,0,1,0,0,0,0,0,0,"Dec","May",NA,NA,20,0,0,0,1,0,0,0,0,0,0,0,0,0,0,0,0,"leaf",1,0,0,0,0,0,0.304285714,0,0,"leaf",1,"m","i","p","Roella triflora"
"Roepera flexuosa","Zygophyllum flexuosum","Zygophyllaceae","Roepera flexuosa","Roepera flexuosa","Zygophyllaceae",1,0,1,0,1,0,0,0,0,0,0,"Jun","Oct",NA,NA,70,0,0,0,1,0,0,0,0,0,0,0,0,1,1,0,0,"leaf",0,0,1,1,0,0,1.8,0,0,"leaf",2,"m","i","i","Roepera flexuosa"
"Roepera foetida","Zygophyllum foetidum","Zygophyllaceae","Roepera foetida","Roepera foetida","Zygophyllaceae",1,0,1,0,0,1,0,0,0,0,0,"Jul","Oct",NA,NA,200,0,0,0,0,0,1,0,1,0,0,0,0,1,1,0,0,"leaf",0,0,1,1,0,0,NA,0,0,"leaf",2,"l","i","i","Roepera foetida"
"Roepera fulva","Zygophyllum fulvum","Zygophyllaceae","Roepera fulva","Roepera fulva","Zygophyllaceae",1,0,1,0,1,0,0,0,0,0,0,"Jul","Oct",NA,NA,100,0,0,0,1,0,0,0,0,0,0,0,0,1,1,0,0,"leaf",0,0,1,1,0,0,1.68,0,0,"leaf",2,"m","i","i","Roepera fulva"
"Roepera morgsana","Zygophyllum morgsana","Zygophyllaceae","Roepera morgsana","Roepera morgsana","Zygophyllaceae",1,0,1,0,0,1,0,0,0,0,0,"Apr","Oct",NA,NA,150,0,0,0,0,1,0,0,1,0,0,0,0,1,1,0,0,"leaf",0,0,1,1,0,0,5.066666667,0,0,"leaf",2,"l","i","i","Roepera morgsana"
"Roepera spinosa","Zygophyllum procumbens","Zygophyllaceae","Roepera spinosa","Roepera spinosa","Zygophyllaceae",1,0,1,0,1,0,0,0,0,0,0,"Jun","Aug",NA,NA,20,0,0,0,1,0,0,0,0,0,0,0,0,1,1,0,0,"leaf",1,0,0,1,0,0,1.155555556,0,0,"leaf",2,"m","i","i","Roepera spinosa"
"Rumohra adiantiformis","Rumohra adiantiformis","Dryopteridaceae","Rumohra adiantiformis","Rumohra adiantiformis","Dryopteridaceae",1,0,1,0,1,0,0,0,0,1,0,NA,NA,NA,NA,100,1,0,0,0,0,0,0,0,0,0,0,0,0,0,0,0,"frond",0,0,1,1,0,1,46.44,0,0,"leaf",3,"l","w","w","Rumohra adiantiformis"
"Ruschia aspera","Ruschia aspera","Aizoaceae","Ruschia aspera","Ruschia aspera","Aizoaceae",1,0,1,0,1,0,0,1,0,0,0,"Sep","Oct",NA,NA,20,0,0,0,1,0,0,0,0,0,0,0,0,1,1,1,0,"leaf",0,1,0,0,0,0,2.712,0,0,"leaf",2,"l","i","p","Ruschia aspera"
"Ruschia decumbens","Ruschia decumbens","Aizoaceae","Ruschia decumbens","Ruschia decumbens","Aizoaceae",1,0,1,0,1,0,0,1,0,0,0,"Dec","Dec",NA,NA,10,0,0,0,1,0,0,0,0,0,0,0,0,1,1,1,0,"leaf",1,0,0,0,0,0,1.5,0,0,"leaf",2,"l","i","p","Ruschia decumbens"
"Ruschia dichroa","Ruschia dichroa","Aizoaceae","Ruschia dichroa","Ruschia dichroa","Aizoaceae",1,0,1,0,1,0,0,1,0,0,0,"May","Jul",NA,NA,10,0,0,0,1,0,0,0,0,0,0,0,0,1,1,1,0,"leaf",1,0,0,0,0,0,5.46,0,0,"leaf",2,"l","i","p","Ruschia dichroa"
"Ruschia fredericii","Ruschia fredericii","Aizoaceae","Ruschia frederici","Ruschia frederici","Aizoaceae",1,0,1,0,1,0,0,1,0,0,0,"Sep","Oct",NA,NA,50,0,0,0,1,0,0,0,0,0,0,0,0,1,1,1,0,"leaf",1,0,0,0,0,0,2,0,0,"leaf",2,"l","i","p","Ruschia frederici"
"Ruschia knysnana","Ruschia knysnana","Aizoaceae","Ruschia knysnana","Ruschia knysnana","Aizoaceae",1,0,1,0,1,0,0,1,0,0,0,"Jan","Mar",NA,NA,40,0,0,0,1,0,0,0,0,0,0,0,0,1,1,1,0,"leaf",1,1,0,0,0,0,3,0,0,"leaf",2,"l","i","p","Ruschia knysnana"
"Ruschia lineolata","Ruschia lineolata","Aizoaceae","Ruschia lineolata","Ruschia lineolata","Aizoaceae",1,0,1,0,1,0,0,1,0,0,0,"Aug","Sep",NA,NA,15,0,0,0,1,0,0,0,1,0,0,0,0,1,1,1,0,"leaf",1,0,0,0,0,0,1,0,0,"leaf",2,"l","i","p","Ruschia lineolata"
"Ruschia macowanii","Ruschia macowanii","Aizoaceae","Ruschia macowanii","Ruschia macowanii","Aizoaceae",1,0,1,0,1,0,0,1,0,0,0,"Aug","Oct",NA,NA,20,0,0,0,1,0,0,0,1,0,0,0,0,1,1,1,0,"leaf",1,0,0,0,0,0,2.5,0,0,"leaf",2,"l","i","p","Ruschia macowanii"
"Ruschia sarmentosa","Ruschia sarmentosa","Aizoaceae","Ruschia sarmentosa","Ruschia sarmentosa","Aizoaceae",1,0,1,0,1,0,0,1,0,0,0,"Jul","Aug",NA,NA,15,0,0,0,1,0,0,0,1,0,0,0,0,1,1,1,0,"leaf",1,0,0,0,0,0,3.133333333,0,0,"leaf",2,"l","i","p","Ruschia sarmentosa"
"Ruschia tardissima","Ruschia tardissima","Aizoaceae","Ruschia tardissima","Ruschia tardissima","Aizoaceae",1,0,1,0,1,0,0,1,0,0,0,"Jun","Jul",NA,NA,10,0,0,0,1,0,0,0,0,0,0,0,0,1,1,1,0,"leaf",1,0,0,0,0,0,NA,0,0,"leaf",2,"l","i","p","Ruschia tardissima"
"Ruschia virgata","Ruschia virgata","Aizoaceae","Ruschia virgata","Ruschia virgata","Aizoaceae",1,0,1,0,1,0,0,1,0,0,0,"Oct","Oct",NA,NA,30,0,0,0,1,0,0,0,0,0,0,0,0,1,1,1,0,"leaf",1,1,0,0,0,0,1.920952381,0,0,"leaf",2,"l","i","p","Ruschia virgata"
"Salix mucronata","Salix mucronata","Salicaceae","Salix mucronata","Salix mucronata","Salicaceae",1,0,1,0,1,0,0,0,0,0,0,"Sep","Oct",NA,NA,1200,0,0,0,0,0,1,1,0,0,0,0,0,0,0,0,0,"leaf",0,1,0,0,0,0,NA,0,0,"leaf",3,"m","i","p","Salix mucronata"
"Saltera sarcocolla","Saltera sarcocolla","Penaeaceae","Penaea sarcocolla","Penaea sarcocolla","Penaeaceae",1,0,1,0,1,0,0,0,0,1,0,"Aug","Dec",NA,NA,150,0,0,0,0,1,0,0,0,0,0,0,0,0,0,0,0,"leaf",0,1,0,0,0,0,0.983333333,0,0,"leaf",3,"h","i","p","Penaea sarcocolla"
"Salvia africana-lutea","Salvia africana-lutea","Lamiaceae","Salvia aurea","Salvia aurea","Lamiaceae",1,0,1,0,1,0,0,0,0,1,0,"Jun","Dec",NA,NA,200,0,0,0,0,0,1,0,0,0,0,0,0,0,0,0,0,"leaf",0,0,1,0,0,0,2.34,0,0,"leaf",3,"h","i","p","Salvia aurea"
"Salvia albicaulis","Salvia albicaulis","Lamiaceae","Salvia albicaulis","Salvia albicaulis","Lamiaceae",1,0,1,0,1,0,0,0,0,1,0,"Nov","May",NA,NA,60,0,0,0,1,0,0,0,0,0,0,0,0,0,0,0,0,"leaf",0,1,0,0,0,0,3.44,0,0,"leaf",3,"h","i","p","Salvia albicaulis"
"Samolus valerandi","Samolus valerandi","Primulaceae","Samolus valerandi","Samolus valerandi","Primulaceae",1,0,1,0,0,1,0,0,0,0,0,"Nov","Jan",NA,NA,60,1,0,0,0,0,0,0,0,0,0,0,0,0,0,0,0,"leaf",0,0,1,0,0,0,NA,0,1,"leaf",2,"m","i","p","Samolus valerandi"
"Sarcostemma viminale","Sarcostemma viminale","Apocynaceae","Cynanchum viminale","Cynanchum viminale","Apocynaceae",1,0,1,0,1,0,0,0,0,0,0,"Jan","Dec",NA,NA,300,0,0,0,0,0,0,0,1,1,0,0,1,1,0,1,0,"leaf",0,0,0,0,0,0,17.66666667,1,1,"culm_stem",3,"l","i","w","Cynanchum viminale"
"Satyrium longicolle","Satyrium longicolle","Orchidaceae","Satyrium longicolle","Satyrium longicolle","Orchidaceae",1,0,1,0,0,1,1,1,1,1,0,"Oct","Dec",NA,NA,40,0,1,0,0,0,0,0,0,0,0,0,0,0,0,0,0,"leaf",0,0,1,0,0,0,NA,0,0,"leaf",2,"l","i","p","Satyrium longicolle"
"Satyrium odorum","Satyrium odorum","Orchidaceae","Satyrium odorum","Satyrium odorum","Orchidaceae",1,0,1,0,0,1,1,1,0,1,0,"Aug","Oct",NA,NA,55,0,1,0,0,0,0,0,0,0,0,0,0,0,0,0,0,"leaf",0,0,1,0,0,0,NA,0,0,"leaf",2,"l","i","p","Satyrium odorum"
"Satyrium stenopetalum","Satyrium stenopetalum","Orchidaceae","Satyrium stenopetalum","Satyrium stenopetalum","Orchidaceae",1,0,1,0,0,1,1,1,0,1,0,"Sep","Dec",NA,NA,60,0,1,0,0,0,0,0,0,0,0,0,0,0,0,0,0,"leaf",0,0,1,0,0,0,NA,0,0,"leaf",2,"l","i","p","Satyrium stenopetalum"
"Scabiosa africana","Scabiosa africana","Dipsacaceae","Scabiosa africana","Scabiosa africana","Caprifoliaceae",1,0,1,0,1,0,0,0,0,0,0,"Jul","Nov",NA,NA,100,0,0,0,1,0,0,0,0,0,0,0,0,0,0,0,0,"leaf",0,1,0,0,1,1,11.7375,0,0,"leaf",2,"h","i","i","Scabiosa africana"
"Scabiosa columbaria","Scabiosa columbaria","Dipsacaceae","Scabiosa columbaria","Scabiosa columbaria","Caprifoliaceae",1,0,1,0,1,0,0,0,0,0,0,"Aug","Feb",NA,NA,80,1,0,0,0,0,0,0,0,0,0,0,0,0,0,0,0,"leaf",0,1,0,0,1,1,5.7375,0,0,"leaf",2,"m","i","i","Scabiosa columbaria"
"Schizaea pectinata","Schizaea pectinata","Schizaeaceae","Schizaea pectinata","Schizaea pectinata","Schizaeaceae",1,0,1,0,1,0,0,0,0,1,0,NA,NA,NA,NA,20,0,0,0,0,0,0,0,0,0,0,0,1,0,0,0,0,"frond",1,0,0,0,0,1,14.75,0,0,"leaf",2,"l","w","w","Schizaea pectinata"
"Schizoglossum aschersonianum","Schizoglossum aschersonianum","Apocynaceae","Schizoglossum aschersonianum","Schizoglossum aschersonianum","Apocynaceae",1,0,1,0,1,0,0,1,0,1,0,"Dec","Apr",NA,NA,15,1,0,0,0,0,0,0,0,0,0,0,0,0,0,0,0,"leaf",1,0,0,0,0,0,NA,0,0,"leaf",2,"l","i","w","Schizoglossum aschersonianum"
"Schoenoxiphium ecklonii","Schoenoxiphium ecklonii","Cyperaceae","Carex capensis","Carex capensis","Cyperaceae",1,0,1,0,1,0,0,1,0,0,0,"Jun","Oct",NA,NA,30,0,0,1,0,0,0,0,0,0,0,0,0,0,0,0,0,"leaf",1,0,0,0,0,0,14.58333333,0,0,"leaf",2,"l","w","p","Carex capensis"
"Schoenoxiphium lanceum","Schoenoxiphium lanceum","Cyperaceae","Carex lancea","Carex lancea","Cyperaceae",1,0,1,0,1,0,0,1,0,0,0,"Jun","Nov",NA,NA,60,0,0,1,0,0,0,0,0,0,0,0,0,0,0,0,0,"leaf",1,1,0,0,0,0,NA,0,0,"leaf",2,"l","w","p","Carex lancea"
"Schotia latifolia","Schotia latifolia","Fabaceae","Schotia latifolia","Schotia latifolia","Fabaceae",1,0,1,0,1,0,0,0,0,1,0,"Nov","Jan",NA,NA,500,0,0,0,0,0,0,1,0,0,0,0,0,0,0,0,0,"leaf",0,0,1,1,0,0,4.788888889,0,0,"leaf",3,"l","i","m","Schotia latifolia"
"Searsia angustifolia","Rhus angustifolia","Anacardiaceae","Searsia angustifolia","Searsia angustifolia","Anacardiaceae",1,0,1,0,1,0,0,0,0,1,0,"Oct","Nov",NA,NA,400,0,0,0,0,0,1,1,0,0,0,0,0,0,0,0,0,"leaf",0,1,1,1,0,0,7.88,0,0,"leaf",3,"h","i","m","Searsia angustifolia"
"Searsia dentata","Rhus dentata","Anacardiaceae","Searsia dentata","Searsia dentata","Anacardiaceae",1,0,1,0,0,1,0,0,0,1,0,"Oct","Nov",NA,NA,200,0,0,0,0,0,1,0,0,0,0,0,0,0,0,0,0,"leaf",0,0,1,1,0,0,1.6,0,0,"leaf",3,"h","i","m","Searsia dentata"
"Searsia dissecta","Searsia dissecta","Anacardiaceae","Searsia dissecta","Searsia dissecta","Anacardiaceae",1,0,1,0,0,1,0,0,0,1,0,"Jul","Jul",NA,NA,150,0,0,0,0,1,0,0,0,0,0,0,0,0,0,0,0,"leaf",0,0,1,1,0,1,2.12,0,0,"leaf",3,"h","i","m","Searsia dissecta"
"Searsia glauca","Rhus glauca","Anacardiaceae","Searsia glauca","Searsia glauca","Anacardiaceae",1,0,1,0,1,0,0,0,0,1,0,"Jun","Sep",NA,NA,400,0,0,0,0,0,1,1,0,0,0,0,0,0,0,0,0,"leaf",0,0,1,1,0,0,2.99,0,0,"leaf",3,"h","i","m","Searsia glauca"
"Searsia incisa","Rhus incisa","Anacardiaceae","Searsia incisa","Searsia incisa","Anacardiaceae",1,0,1,0,0,1,0,0,0,1,0,"Jun","Jun",NA,NA,300,0,0,0,0,0,1,0,0,0,0,0,0,0,0,0,0,"leaf",0,0,1,1,1,0,3,0,0,"leaf",3,"h","i","m","Searsia incisa"
"Searsia laevigata","Rhus laevigata","Anacardiaceae","Searsia laevigata","Searsia laevigata","Anacardiaceae",1,0,1,0,0,1,0,0,0,1,0,"Oct","Dec",NA,NA,250,0,0,0,0,0,1,0,0,0,0,0,0,0,0,0,0,"leaf",0,0,1,1,0,0,6.390909091,0,0,"leaf",3,"h","i","m","Searsia laevigata"
"Searsia longispina","Rhus longispina","Anacardiaceae","Searsia longispina","Searsia longispina","Anacardiaceae",1,0,1,0,1,0,0,0,0,1,0,"May","Jul",NA,NA,400,0,0,0,0,0,1,0,0,0,0,0,0,0,0,0,0,"leaf",0,1,0,1,0,0,2,0,0,"leaf",3,"h","i","m","Searsia longispina"
"Searsia lucida","Rhus lucida","Anacardiaceae","Searsia lucida","Searsia lucida","Anacardiaceae",1,0,1,0,1,0,0,0,0,1,0,"Aug","Oct",NA,NA,300,0,0,0,0,0,1,0,0,0,0,0,0,0,0,0,0,"leaf",0,0,1,1,0,0,3.46875,0,0,"leaf",3,"h","i","m","Searsia lucida"
"Searsia pallens","Rhus pallens","Anacardiaceae","Searsia pallens","Searsia pallens","Anacardiaceae",1,0,1,0,1,0,0,0,0,1,0,"Mar","Jul",NA,NA,300,0,0,0,0,0,1,0,0,0,0,0,0,0,0,0,0,"leaf",0,1,0,1,0,0,NA,0,0,"leaf",3,"h","i","m","Searsia pallens"
"Searsia rimosa","Rhus rimosa","Anacardiaceae","Searsia rimosa","Searsia rimosa","Anacardiaceae",1,0,1,0,1,0,0,0,0,1,0,"Sep","Oct",NA,NA,250,0,0,0,0,0,1,0,0,0,0,0,0,0,0,0,0,"leaf",0,1,0,1,0,0,3.392,0,0,"leaf",3,"h","i","m","Searsia rimosa"
"Searsia rosmarinifolia","Rhus rosmarinifolia","Anacardiaceae","Searsia rosmarinifolia","Searsia rosmarinifolia","Anacardiaceae",1,0,1,0,1,0,0,0,0,1,0,"May","Aug",NA,NA,100,0,0,0,1,0,0,0,0,0,0,0,0,0,0,0,0,"leaf",1,0,0,1,0,0,2.301428571,0,0,"leaf",3,"h","i","m","Searsia rosmarinifolia"
"Searsia scytophylla","Rhus scytophylla","Anacardiaceae","Searsia scytophylla","Searsia scytophylla","Anacardiaceae",1,0,1,0,1,0,0,0,0,1,0,"Jun","Jul",NA,NA,200,0,0,0,0,0,1,0,0,0,0,0,0,0,0,0,0,"leaf",0,0,1,1,0,0,3.972,0,0,"leaf",3,"h","i","m","Searsia scytophylla"
"Searsia tomentosa","Rhus tomentosa","Anacardiaceae","Searsia tomentosa","Searsia tomentosa","Anacardiaceae",1,0,1,0,1,0,0,0,0,1,0,"Jul","Aug",NA,NA,600,0,0,0,0,0,1,1,0,0,0,0,0,0,0,0,0,"leaf",0,0,1,1,0,0,6.71,0,0,"leaf",3,"h","i","m","Searsia tomentosa"
"Searsia undulata","Rhus undulata","Anacardiaceae","Searsia undulata","Searsia undulata","Anacardiaceae",1,0,1,0,1,0,0,0,0,1,0,"Apr","May",NA,NA,300,0,0,0,0,0,1,0,0,0,0,0,0,0,0,0,0,"leaf",0,1,0,1,0,0,2.9,0,0,"leaf",3,"h","i","m","Searsia undulata"
"Sebaea aurea","Sebaea aurea","Gentianaceae","Sebaea aurea","Sebaea aurea","Gentianaceae",0,1,1,0,0,1,1,1,0,0,0,"Oct","Dec",NA,NA,30,1,0,0,0,0,0,0,0,0,0,0,0,0,0,0,0,"leaf",0,0,1,0,0,0,NA,0,0,"leaf",0,"l","i","p","Sebaea aurea"
"Sebaea capitata","Sebaea capitata","Gentianaceae","Sebaea capitata","Sebaea capitata","Gentianaceae",0,1,1,0,0,1,1,1,0,0,0,"Oct","Jan",NA,NA,30,1,0,0,0,0,0,0,0,0,0,0,0,0,0,0,0,"leaf",0,0,1,0,0,0,NA,0,0,"leaf",0,"l","i","p","Sebaea capitata"
"Sebaea exacoides","Sebaea exacoides","Gentianaceae","Sebaea exacoides","Sebaea exacoides","Gentianaceae",0,1,1,0,0,1,1,1,0,0,0,"Aug","Oct",NA,NA,30,1,0,0,0,0,0,0,0,0,0,0,0,0,0,0,0,"leaf",0,0,1,0,0,0,NA,0,0,"leaf",0,"l","i","p","Sebaea exacoides"
"Sebaea stricta","Sebaea stricta","Gentianaceae","Sebaea stricta","Sebaea stricta","Gentianaceae",1,0,1,0,1,0,1,1,0,0,0,"Mar","Oct",NA,NA,60,1,0,0,0,0,0,0,0,0,0,0,0,0,0,0,0,"leaf",0,0,1,0,0,0,NA,0,0,"leaf",1,"l","i","p","Sebaea stricta"
"Sebaea sulphurea","Sebaea sulphurea","Gentianaceae","Sebaea sulphurea","Sebaea sulphurea","Gentianaceae",0,1,1,0,0,1,1,1,0,0,0,"Sep","Nov",NA,NA,15,1,0,0,0,0,0,0,0,0,0,0,0,0,0,0,0,"leaf",0,0,1,0,0,0,NA,0,0,"leaf",0,"l","i","p","Sebaea sulphurea"
"Sebaea zeyheri","Sebaea zeyheri","Gentianaceae","Sebaea zeyheri","Sebaea zeyheri","Gentianaceae",0,1,1,0,0,1,1,1,0,0,0,"Sep","Nov",NA,NA,25,1,0,0,0,0,0,0,0,0,0,0,0,0,0,0,0,"leaf",0,0,1,0,0,0,NA,0,0,"leaf",0,"l","i","p","Sebaea zeyheri"
"Secamone alpini","Secamone alpini","Apocynaceae","Secamone alpini","Secamone alpini","Apocynaceae",1,0,1,0,1,0,0,0,0,0,0,"Oct","Jan",NA,NA,1000,0,0,0,0,0,1,0,1,1,0,0,0,0,0,0,0,"leaf",0,1,1,0,0,0,4.1,0,0,"leaf",3,"l","i","w","Secamone alpini"
"Selago brevifolia","Selago brevifolia","Scrophulariaceae","Selago brevifolia","Selago brevifolia","Scrophulariaceae",1,0,1,0,1,0,0,1,0,0,0,"Oct","Nov",NA,NA,30,0,0,0,1,0,0,0,0,0,0,0,0,0,0,0,0,"leaf",0,0,1,0,0,0,NA,0,0,"leaf",1,"m","i","p","Selago brevifolia"
"Selago canescens","Selago canescens","Scrophulariaceae","Selago canescens","Selago canescens","Scrophulariaceae",1,0,1,0,1,0,0,1,0,0,0,"Jul","Sep",NA,NA,50,0,0,0,1,0,0,0,0,0,0,0,0,0,0,0,0,"leaf",0,1,0,0,0,0,1.213333333,0,0,"leaf",1,"m","i","p","Selago canescens"
"Selago corymbosa","Selago corymbosa","Scrophulariaceae","Selago corymbosa","Selago corymbosa","Scrophulariaceae",1,0,1,0,1,0,0,1,0,0,0,"Feb","Apr",NA,NA,60,0,0,0,1,0,0,0,0,0,0,0,0,0,0,0,0,"leaf",1,0,0,0,0,0,0.501666667,0,0,"leaf",1,"m","i","p","Selago corymbosa"
"Selago glomerata","Selago glomerata","Scrophulariaceae","Selago glomerata","Selago glomerata","Scrophulariaceae",1,0,1,0,1,0,0,1,0,0,0,"Sep","Mar",NA,NA,100,0,0,0,1,0,0,0,0,0,0,0,0,0,0,0,0,"leaf",0,1,0,0,0,0,0.523333333,0,0,"leaf",1,"m","i","p","Selago glomerata"
"Selago glutinosa","Selago glutinosa","Scrophulariaceae","Selago glutinosa","Selago glutinosa","Scrophulariaceae",1,0,1,0,1,0,0,1,0,0,0,"Aug","Nov",NA,NA,30,0,0,0,0,0,0,0,0,0,0,0,0,0,0,0,0,"leaf",1,0,0,0,0,0,NA,0,0,"leaf",1,"m","i","p","Selago glutinosa"
"Selago lamprocarpa","Selago lamprocarpa","Scrophulariaceae","Selago lamprocarpa","Selago lamprocarpa","Scrophulariaceae",1,0,1,0,1,0,0,1,0,0,0,"Oct","Jan",NA,NA,100,0,0,0,0,0,0,0,0,0,0,0,0,0,0,0,0,"leaf",0,1,0,0,0,0,NA,0,0,"leaf",1,"m","i","p","Selago lamprocarpa"
"Selago levynsiae","Selago scabrida","Scrophulariaceae","Selago levynsiae","Selago levynsiae","Scrophulariaceae",1,0,1,0,1,0,0,1,0,0,0,"Oct","Mar",NA,NA,45,0,0,0,1,0,0,0,0,0,0,0,0,0,0,0,0,"leaf",0,0,1,0,0,0,NA,0,0,"leaf",1,"m","i","p","Selago levynsiae"
"Selago pustulosa","Selago pustulosa","Scrophulariaceae","Selago pustulosa","Selago pustulosa","Scrophulariaceae",1,0,1,0,1,0,0,1,0,0,0,"Sep","Nov",NA,NA,50,0,0,0,0,0,0,0,0,0,0,0,0,0,0,0,0,"leaf",1,0,0,0,0,0,0.468,0,0,"leaf",1,"m","i","p","Selago pustulosa"
"Senecio acaulis","Senecio acaulis","Asteraceae","Senecio acaulis","Senecio acaulis","Asteraceae",1,0,1,0,1,0,0,1,0,1,0,"Oct","Nov",NA,NA,30,1,0,0,0,0,0,0,0,0,0,0,0,1,1,1,0,"leaf",1,0,0,0,0,0,8.101666667,0,0,"leaf",2,"l","i","w","Senecio acaulis"
"Senecio albanensis","Senecio albanensis","Asteraceae","Senecio albanensis","Senecio albanensis","Asteraceae",1,0,1,0,1,0,0,1,0,1,0,"Aug","Apr",NA,NA,80,1,0,0,0,0,0,0,0,0,0,0,0,0,0,0,0,"leaf",0,1,0,0,0,0,NA,0,0,"leaf",2,"l","i","w","Senecio albanensis"
"Senecio arenarius","Senecio arenarius","Asteraceae","Senecio arenarius","Senecio arenarius","Asteraceae",0,1,1,0,1,0,1,1,0,0,0,"Jul","Sep",NA,NA,40,1,0,0,0,0,0,0,0,0,0,0,0,0,0,0,0,"leaf",0,0,1,0,0,1,NA,0,0,"leaf",0,"l","i","w","Senecio arenarius"
"Senecio arniciflorus","Senecio arniciflorus","Asteraceae","Senecio arniciflorus","Senecio arniciflorus","Asteraceae",1,0,1,0,1,0,0,1,0,0,0,"Aug","Oct",NA,NA,30,0,0,0,1,0,0,0,0,0,0,0,0,0,0,0,0,"leaf",0,1,0,0,0,0,NA,0,0,"leaf",2,"m","i","w","Senecio arniciflorus"
"Senecio bipinnatus","Senecio bipinnatus","Asteraceae","Senecio bipinnatus","Senecio bipinnatus","Asteraceae",1,0,1,0,1,0,0,1,0,1,0,"Jan","Mar",NA,NA,50,1,0,0,0,0,0,0,0,0,0,0,0,0,0,0,0,"leaf",0,1,0,0,1,1,NA,0,0,"leaf",2,"m","i","w","Senecio bipinnatus"
"Senecio burchellii","Senecio burchellii","Asteraceae","Senecio burchellii","Senecio burchellii","Asteraceae",1,1,1,0,1,0,1,1,0,0,0,"Apr","Jul",NA,NA,40,0,0,0,1,0,0,0,0,0,0,0,0,0,0,0,0,"leaf",1,0,0,0,0,0,NA,0,0,"leaf",1,"l","i","w","Senecio burchellii"
"Senecio chrysocoma","Senecio chrysocoma","Asteraceae","Senecio chrysocoma","Senecio chrysocoma","Asteraceae",1,0,1,0,1,0,0,1,0,0,0,"Nov","Jan",NA,NA,100,1,0,0,0,0,0,0,0,0,0,0,0,0,0,0,0,"leaf",1,0,0,0,0,0,NA,0,0,"leaf",1,"m","i","w","Senecio chrysocoma"
"Senecio cordifolius","Senecio cordifolius","Asteraceae","Senecio cordifolius","Senecio cordifolius","Asteraceae",1,0,1,0,1,0,0,1,0,1,0,"Jan","Apr",NA,NA,40,1,0,0,0,0,0,0,0,0,0,0,0,0,0,0,0,"leaf",0,0,1,0,0,0,NA,0,0,"leaf",2,"l","i","w","Senecio cordifolius"
"Senecio crassiusculus","Senecio crassiusculus","Asteraceae","Senecio crassiusculus","Senecio crassiusculus","Asteraceae",1,0,1,0,1,0,0,1,0,1,0,"Oct","Mar",NA,NA,50,0,0,0,1,0,0,0,0,0,0,0,0,1,1,1,0,"leaf",1,1,0,0,1,0,NA,0,0,"leaf",2,"l","i","w","Senecio crassiusculus"
"Senecio crassulifolius","Senecio crassulaefolius","Asteraceae","Senecio crassulifolius","Senecio crassulifolius","Asteraceae",1,0,1,0,1,0,0,1,0,1,0,"Aug","Dec",NA,NA,30,1,0,0,0,0,0,0,0,0,0,0,0,1,1,1,0,"leaf",1,0,0,0,0,0,7,0,0,"leaf",2,"l","i","w","Senecio crassulifolius"
"Senecio crenatus","Senecio crenatus","Asteraceae","Senecio crenatus","Senecio crenatus","Asteraceae",1,0,1,0,1,0,0,1,0,1,0,"Nov","May",NA,NA,100,0,0,0,1,0,0,0,0,0,0,0,0,0,0,0,0,"leaf",0,0,1,0,0,0,5.6,0,0,"leaf",2,"h","i","w","Senecio crenatus"
"Senecio crenulatus","Senecio crenulatus","Asteraceae","Senecio crenulatus","Senecio crenulatus","Asteraceae",1,0,1,0,1,0,0,1,0,1,0,"Apr","May",NA,NA,30,1,0,0,0,0,0,0,0,0,0,0,0,0,0,0,0,"leaf",0,1,0,0,0,0,NA,0,0,"leaf",2,"h","i","w","Senecio crenulatus"
"Senecio elegans","Senecio elegans","Asteraceae","Senecio elegans","Senecio elegans","Asteraceae",0,1,1,0,1,0,1,1,0,0,0,"Sep","Nov",NA,NA,100,1,0,0,0,0,0,0,0,0,0,0,0,0,0,0,0,"leaf",0,1,0,0,0,1,8.14,0,0,"leaf",0,"l","i","w","Senecio elegans"
"Senecio erosus","Senecio erosus","Asteraceae","Senecio erosus","Senecio erosus","Asteraceae",1,0,1,0,1,0,0,1,0,1,0,"Aug","Sep",NA,NA,60,1,0,0,0,0,0,0,0,0,0,0,0,0,0,0,0,"leaf",0,1,0,0,1,1,NA,0,0,"leaf",2,"m","i","w","Senecio erosus"
"Senecio ficoides","Senecio ficoides","Asteraceae","Senecio ficoides","Senecio ficoides","Asteraceae",1,0,1,0,1,0,0,0,0,1,0,"Mar","Jul",NA,NA,50,1,0,0,0,0,0,0,0,0,0,0,0,1,1,1,0,"leaf",1,0,0,0,0,0,5.816666667,0,0,"leaf",3,"l","i","w","Senecio ficoides"
"Senecio gramineus","Senecio gramineus","Asteraceae","Senecio gramineus","Senecio gramineus","Asteraceae",1,0,1,0,1,0,0,1,0,1,0,"Nov","Jan",NA,NA,25,1,0,0,0,0,0,0,0,0,0,0,0,0,0,0,0,"leaf",1,0,0,0,0,0,NA,0,0,"leaf",2,"m","i","w","Senecio gramineus"
"Senecio halimifolius","Senecio halimifolius","Asteraceae","Senecio halimifolius","Senecio halimifolius","Asteraceae",1,0,1,0,1,0,0,0,0,0,0,"Nov","Jan",NA,NA,150,0,0,0,0,1,0,0,0,0,0,0,0,0,0,0,0,"leaf",0,1,1,0,0,0,4.28,0,0,"leaf",2,"h","i","w","Senecio halimifolius"
"Senecio hastatus","Senecio hastatus","Asteraceae","Senecio hastatus","Senecio hastatus","Asteraceae",1,0,1,0,1,0,0,1,0,0,0,"Sep","May",NA,NA,40,1,0,0,0,0,0,0,0,0,0,0,0,0,0,0,0,"leaf",0,1,0,0,0,1,NA,0,0,"leaf",2,"m","i","w","Senecio hastatus"
"Senecio hollandii","Senecio hollandii","Asteraceae","Senecio hollandii","Senecio hollandii","Asteraceae",1,0,1,0,1,0,0,0,0,1,0,"Sep","Dec",NA,NA,70,0,0,0,1,0,0,0,0,0,0,0,0,0,0,0,0,"leaf",0,0,1,0,0,0,2.75,0,0,"leaf",2,"m","i","w","Senecio hollandii"
"Senecio ilicifolius","Senecio ilicifolius","Asteraceae","Senecio ilicifolius","Senecio ilicifolius","Asteraceae",1,0,1,0,1,0,0,1,0,0,0,"Jun","Jan",NA,NA,100,0,0,0,1,0,0,0,0,0,0,0,0,0,0,0,0,"leaf",0,0,1,0,1,0,NA,0,0,"leaf",1,"m","i","w","Senecio ilicifolius"
"Senecio incertus","Senecio tuberosus","Asteraceae","Senecio tuberosus","Senecio tuberosus","Asteraceae",1,0,1,0,1,0,0,1,0,1,0,"Sep","Oct",NA,NA,40,1,0,0,0,0,0,0,0,0,0,0,0,0,0,0,0,"leaf",0,1,1,0,1,1,NA,0,0,"leaf",2,"m","i","w","Senecio tuberosus"
"Senecio lanifer","Senecio lanifer","Asteraceae","Senecio lanifer","Senecio lanifer","Asteraceae",1,0,1,0,1,0,0,1,0,1,0,"Jul","Oct",NA,NA,60,1,0,0,0,0,0,0,0,0,0,0,0,0,0,0,0,"leaf",0,1,0,0,1,1,9.92,0,0,"leaf",2,"h","i","w","Senecio lanifer"
"Senecio lineatus","Senecio lineatus","Asteraceae","Senecio lineatus","Senecio lineatus","Asteraceae",1,0,1,0,1,0,0,1,0,1,0,"Jan","May",NA,NA,60,0,0,0,1,0,0,0,0,0,0,0,0,0,0,0,0,"leaf",0,0,1,0,1,0,NA,0,0,"leaf",2,"h","i","w","Senecio lineatus"
"Senecio linifolius","Senecio linifolius","Asteraceae","Senecio linifolius","Senecio linifolius","Asteraceae",1,0,1,0,1,0,0,1,0,1,0,"Apr","Nov",NA,NA,100,0,0,0,0,1,0,0,0,0,0,0,0,1,1,0,0,"leaf",1,0,0,0,0,0,9.5,0,0,"leaf",2,"h","i","w","Senecio linifolius"
"Senecio othonniflorus","Senecio othonniflorus","Asteraceae","Senecio othonniflorus","Senecio othonniflorus","Asteraceae",1,0,1,0,1,0,0,1,0,1,0,"Nov","Jun",NA,NA,60,1,0,0,0,0,0,0,0,0,0,0,0,0,0,0,0,"leaf",0,1,0,0,0,0,NA,0,0,"leaf",2,"h","i","w","Senecio othonniflorus"
"Senecio paniculatus","Senecio paniculatus","Asteraceae","Senecio paniculatus","Senecio paniculatus","Asteraceae",1,0,1,0,1,0,0,1,0,0,0,"Oct","Dec",NA,NA,80,1,0,0,0,0,0,0,0,0,0,0,0,0,0,0,0,"leaf",1,0,0,0,1,1,5.46,0,0,"leaf",1,"h","i","w","Senecio paniculatus"
"Senecio pauciflosculosus","Senecio pauciflosculosus","Asteraceae","Senecio pauciflosculosus","Senecio pauciflosculosus","Asteraceae",1,0,1,0,1,0,0,0,0,1,0,"Feb","May",NA,NA,30,0,0,0,1,0,0,0,0,0,0,0,0,0,0,0,0,"leaf",0,0,1,0,0,0,1.6,0,0,"leaf",2,"h","i","w","Senecio pauciflosculosus"
"Senecio pinifolius","Senecio pinifolius","Asteraceae","Senecio pinifolius","Senecio pinifolius","Asteraceae",1,0,1,0,1,0,0,1,0,1,0,"Mar","May",NA,NA,40,0,0,0,1,0,0,0,0,0,0,0,0,0,0,0,0,"leaf",1,0,0,0,0,0,0.80625,0,0,"leaf",2,"h","i","w","Senecio pinifolius"
"Senecio pinnatifidus","Senecio pinnatifidus","Asteraceae","Senecio pinnatifidus","Senecio pinnatifidus","Asteraceae",1,0,1,0,1,0,0,1,0,1,0,"Sep","Feb",NA,NA,50,1,0,0,0,0,0,0,0,0,0,0,0,0,0,0,0,"leaf",0,1,0,0,1,1,NA,0,0,"leaf",2,"h","i","w","Senecio pinnatifidus"
"Senecio pterophorus","Senecio pterophorus","Asteraceae","Senecio pterophorus","Senecio pterophorus","Asteraceae",1,1,1,0,1,0,0,1,0,0,0,"Oct","Jan",NA,NA,200,1,0,0,0,0,0,0,0,0,0,0,0,0,0,0,0,"leaf",0,1,0,0,1,0,NA,0,0,"leaf",1,"h","i","w","Senecio pterophorus"
"Senecio pubigerus","Senecio pubigerus","Asteraceae","Senecio pubigerus","Senecio pubigerus","Asteraceae",1,0,1,0,1,0,0,1,0,0,0,"Mar","Jul",NA,NA,100,0,0,0,1,0,0,0,0,0,0,0,0,0,0,0,0,"leaf",0,0,1,0,0,0,1.866666667,0,0,"leaf",1,"h","i","w","Senecio pubigerus"
"Senecio purpureus","Senecio purpureus","Asteraceae","Senecio purpureus","Senecio purpureus","Asteraceae",1,0,1,0,1,0,0,1,1,0,0,"Oct","Feb",NA,NA,60,1,0,0,0,0,0,0,0,0,0,0,0,0,0,0,0,"leaf",0,1,0,0,1,1,NA,0,0,"leaf",2,"h","i","w","Senecio purpureus"
"Senecio repandus","Senecio repandus","Asteraceae","Senecio repandus","Senecio repandus","Asteraceae",0,1,1,0,1,0,0,1,0,0,0,"Jul","Oct",NA,NA,30,1,0,0,0,0,0,0,0,0,0,0,0,0,0,0,0,"leaf",0,0,1,0,1,1,NA,0,0,"leaf",0,"l","i","w","Senecio repandus"
"Senecio rosmarinifolius","Senecio rosmarinifolius","Asteraceae","Senecio rosmarinifolius","Senecio rosmarinifolius","Asteraceae",1,0,1,0,1,0,0,1,0,0,0,"Oct","Mar",NA,NA,80,0,0,0,1,0,0,0,0,0,0,0,0,0,0,0,0,"leaf",1,0,0,0,0,0,NA,0,0,"leaf",2,"h","i","w","Senecio rosmarinifolius"
"Senecio triqueter","Senecio triqueter","Asteraceae","Senecio triqueter","Senecio triqueter","Asteraceae",1,0,1,0,1,0,0,1,0,1,0,"Mar","Jul",NA,NA,40,0,0,0,1,0,0,0,0,0,0,0,0,0,0,0,0,"leaf",1,0,0,0,0,0,0.633333333,0,0,"leaf",2,"h","i","w","Senecio triqueter"
"Senecio umbellatus","Senecio umbellatus","Asteraceae","Senecio umbellatus","Senecio umbellatus","Asteraceae",1,0,1,0,1,0,0,1,0,0,0,"Sep","Dec",NA,NA,80,1,0,0,0,0,0,0,0,0,0,0,0,0,0,0,0,"leaf",1,0,0,0,1,1,4.65,0,0,"leaf",1,"m","i","w","Senecio umbellatus"
"Senecio vestitus","Senecio vestitus","Asteraceae","Senecio vestitus","Senecio vestitus","Asteraceae",1,0,1,0,1,0,0,1,0,0,0,"Sep","Jan",NA,NA,150,0,0,0,0,1,0,0,0,0,0,0,0,0,0,0,0,"leaf",0,1,0,0,1,0,NA,0,0,"leaf",2,"h","i","w","Senecio vestitus"
"Serruria adscendens","Serruria adscendens","Proteaceae","Serruria adscendens","Serruria adscendens","Proteaceae",1,0,1,0,1,0,0,0,0,0,0,"Jul","Oct",NA,NA,100,0,0,0,1,0,0,0,0,0,0,0,0,0,0,0,0,"leaf",0,1,1,0,0,1,5,0,0,"leaf",2,"h","i","i","Serruria adscendens"
"Serruria aitonii","Serruria aitonii","Proteaceae","Serruria aitonii","Serruria aitonii","Proteaceae",1,0,1,0,1,0,0,0,0,0,0,"Jul","Nov",NA,NA,100,0,0,0,1,0,0,0,0,0,0,0,0,0,0,0,0,"leaf",0,0,1,0,0,1,1.84,0,0,"leaf",2,"h","i","i","Serruria aitonii"
"Serruria balanocephala","Serruria balanocephala","Proteaceae","Serruria balanocephala","Serruria balanocephala","Proteaceae",1,0,1,0,1,0,0,0,0,0,0,"Aug","Nov",NA,NA,100,0,0,0,1,0,0,0,0,0,0,0,0,0,0,0,0,"leaf",0,0,1,0,0,1,5,0,0,"leaf",2,"h","i","i","Serruria balanocephala"
"Serruria decumbens","Serruria decumbens","Proteaceae","Serruria decumbens","Serruria decumbens","Proteaceae",1,0,1,0,1,0,0,0,0,0,0,"Jul","Oct",NA,NA,20,0,0,0,0,0,0,0,0,0,0,0,1,0,0,0,0,"leaf",0,1,0,0,0,1,NA,0,0,"leaf",2,"h","i","i","Serruria decumbens"
"Serruria effusa","Serruria effusa","Proteaceae","Serruria effusa","Serruria effusa","Proteaceae",1,0,1,0,1,0,0,0,0,0,0,"Aug","Sep",NA,NA,20,0,0,0,1,0,0,0,0,0,0,0,0,0,0,0,0,"leaf",0,0,1,0,0,1,6.2,0,0,"leaf",2,"h","i","i","Serruria effusa"
"Serruria elongata","Serruria elongata","Proteaceae","Serruria elongata","Serruria elongata","Proteaceae",1,0,1,0,1,0,0,0,0,0,0,"Jul","Oct",NA,NA,150,0,0,0,0,1,0,0,0,0,0,0,0,0,0,0,0,"leaf",0,1,0,0,0,1,8.46,0,0,"leaf",2,"h","i","i","Serruria elongata"
"Serruria fasciflora","Serruria fasciflora","Proteaceae","Serruria fasciflora","Serruria fasciflora","Proteaceae",1,0,1,0,1,0,0,0,0,0,0,"May","Dec",NA,NA,100,0,0,0,1,0,0,0,0,0,0,0,0,0,0,0,0,"leaf",0,1,0,0,0,1,4.34,0,0,"leaf",1,"h","i","i","Serruria fasciflora"
"Serruria glomerata","Serruria glomerata","Proteaceae","Serruria glomerata","Serruria glomerata","Proteaceae",1,0,1,0,1,0,0,0,0,0,0,"Aug","Oct",NA,NA,50,0,0,0,1,0,0,0,0,0,0,0,0,0,0,0,0,"leaf",0,1,0,0,0,1,6.77,0,0,"leaf",1,"h","i","i","Serruria glomerata"
"Serruria leipoldtii","Serruria leipoldtii","Proteaceae","Serruria leipoldtii","Serruria leipoldtii","Proteaceae",1,0,1,0,1,0,0,0,0,0,0,"Sep","Dec",NA,NA,100,0,0,0,1,0,0,0,0,0,0,0,0,0,0,0,0,"leaf",0,1,1,0,0,1,8,0,0,"leaf",3,"h","i","i","Serruria leipoldtii"
"Serruria villosa","Serruria villosa","Proteaceae","Serruria villosa","Serruria villosa","Proteaceae",1,0,1,0,1,0,0,0,0,0,0,"Aug","Dec",NA,NA,80,0,0,0,1,0,0,0,0,0,0,0,0,0,0,0,0,"leaf",0,1,0,0,0,1,2.69,0,0,"leaf",2,"h","i","i","Serruria villosa"
"Setaria sphacelata","Setaria sphacelata","Poaceae","Setaria sphacelata","Setaria sphacelata","Poaceae",1,0,1,0,1,0,0,1,0,0,0,"Sep","Mar",NA,NA,100,0,0,1,0,0,0,0,0,0,0,0,0,0,0,0,0,"leaf",1,0,0,0,0,0,17.4,0,0,"leaf",2,"h","w","w","Setaria sphacelata"
"Sideroxylon inerme","Sideroxylon inerme","Sapotaceae","Sideroxylon inerme","Sideroxylon inerme","Sapotaceae",1,0,1,0,1,0,0,0,0,1,0,"Dec","Jun",NA,NA,1000,0,0,0,0,0,0,1,0,0,0,0,0,0,0,0,0,"leaf",0,0,1,0,0,0,5.42,0,0,"leaf",3,"m","i","m","Sideroxylon inerme"
"Silene undulata","Silene undulata","Caryophyllaceae","Silene undulata","Silene undulata","Caryophyllaceae",1,1,1,0,1,0,0,0,0,0,0,"Aug","Apr",NA,NA,60,1,0,0,0,0,0,0,0,0,0,0,0,0,0,0,0,"leaf",0,1,0,0,0,0,NA,0,0,"leaf",1,"m","i","p","Silene undulata"
"Smelophyllum capense","Smelophyllum capense","Sapindaceae","Smelophyllum capense","Smelophyllum capense","Sapindaceae",1,0,1,0,1,0,0,0,0,1,0,"Dec","Jan",NA,NA,400,0,0,0,0,0,0,1,0,0,0,0,0,0,0,0,0,"leaf",0,0,1,1,0,0,4.933333333,0,0,"leaf",3,"h","i","m","Smelophyllum capense"
"Solanum guineense","Solanum guineense","Solanaceae","Solanum guineense","Solanum guineense","Solanaceae",1,0,1,0,1,0,0,0,0,0,0,"Mar","Aug",NA,NA,150,0,0,0,0,1,0,0,1,0,0,0,0,0,0,0,0,"leaf",0,0,1,0,0,0,7,0,0,"leaf",3,"m","i","m","Solanum guineense"
"Solanum tomentosum","Solanum tomentosum","Solanaceae","Solanum tomentosum","Solanum tomentosum","Solanaceae",1,0,1,0,1,0,0,0,0,0,0,"Aug","Oct",NA,NA,100,0,0,0,1,0,0,0,0,0,0,0,0,0,0,0,0,"leaf",0,0,1,0,0,0,3.566666667,0,0,"leaf",2,"h","i","m","Solanum tomentosum"
"Sonderothamnus petraeus","Sonderothamnus petraeus","Penaeaceae","Penaea petraea","Penaea petraea","Penaeaceae",1,0,1,0,1,0,0,0,0,1,0,"Oct","Dec",NA,NA,35,0,0,0,1,0,0,0,0,0,0,0,0,0,0,0,0,"leaf",0,0,1,0,0,0,0.88,0,0,"leaf",3,"m","i","i","Penaea petraea"
"Soroveta ambigua","Restio ambiguus","Restionaceae","Soroveta ambigua","Soroveta ambigua","Restionaceae",1,0,0,1,1,0,0,0,0,1,0,"Nov","Nov",NA,NA,50,0,0,1,0,0,0,0,0,0,0,0,0,0,0,0,0,"leaf",1,0,0,0,0,0,47.24,1,1,"leaf",3,"h","w","p","Soroveta ambigua"
"Spatalla colorata","Spatalla colorata","Proteaceae","Spatalla colorata","Spatalla colorata","Proteaceae",1,0,1,0,1,0,0,0,0,0,0,"Jul","Nov",NA,NA,80,0,0,0,1,0,0,0,0,0,0,0,0,0,0,0,0,"leaf",1,0,0,0,0,0,1.5,0,0,"leaf",2,"h","i","i","Spatalla colorata"
"Spatalla incurva","Spatalla incurva","Proteaceae","Spatalla incurva","Spatalla incurva","Proteaceae",1,0,1,0,1,0,0,0,0,0,0,"Sep","Mar",NA,NA,100,0,0,0,1,0,0,0,0,0,0,0,0,0,0,0,0,"leaf",1,0,0,0,0,0,1.5,0,0,"leaf",2,"h","i","i","Spatalla incurva"
"Spatalla nubicola","Spatalla nubicola","Proteaceae","Spatalla nubicola","Spatalla nubicola","Proteaceae",1,0,1,0,1,0,0,0,0,0,0,"Sep","Dec",NA,NA,150,0,0,0,0,1,0,0,0,0,0,0,0,0,0,0,0,"leaf",1,0,0,0,0,0,1.5,0,0,"leaf",2,"h","i","i","Spatalla nubicola"
"Spatalla parilis","Spatalla parilis","Proteaceae","Spatalla parilis","Spatalla parilis","Proteaceae",1,0,1,0,1,0,0,0,0,0,0,"Jan","Dec",NA,NA,150,0,0,0,0,1,0,0,0,0,0,0,0,0,0,0,0,"leaf",1,0,0,0,0,0,1.416,0,0,"leaf",2,"h","i","i","Spatalla parilis"
"Spergularia media","Spergularia media","Caryophyllaceae","Spergularia media","Spergularia media","Caryophyllaceae",1,0,1,0,1,0,0,0,0,0,0,"Oct","Jan",NA,NA,50,1,0,0,0,0,0,0,0,0,0,0,0,0,0,0,0,"leaf",1,0,0,0,0,0,1,0,0,"leaf",2,"l","i","p","Spergularia media"
"Spiloxene capensis","Spiloxene capensis","Hypoxidaceae","Pauridia capensis","Pauridia capensis","Hypoxidaceae",1,0,1,0,0,1,1,1,0,1,0,"Jul","Oct",NA,NA,30,0,1,0,0,0,0,0,0,0,0,0,0,0,0,0,0,"leaf",1,0,0,0,0,0,10,0,0,"leaf",2,"l","i","p","Pauridia capensis"
"Sporobolus africanus","Sporobolus africanus","Poaceae","Sporobolus africanus","Sporobolus africanus","Poaceae",1,0,1,0,1,0,0,1,0,1,0,"Oct","Apr",NA,NA,100,0,0,1,0,0,0,0,0,0,0,0,0,0,0,0,0,"leaf",1,0,0,0,0,0,NA,0,0,"leaf",2,"h","w","p","Sporobolus africanus"
"Sporobolus virginicus","Sporobolus virginicus","Poaceae","Sporobolus virginicus","Sporobolus virginicus","Poaceae",1,0,1,0,1,0,0,1,0,1,0,"Oct","Apr",NA,NA,30,0,0,1,0,0,0,0,0,0,0,0,0,0,0,0,0,"leaf",1,0,0,0,0,0,NA,0,0,"leaf",2,"l","w","p","Sporobolus virginicus"
"Staavia radiata","Staavia radiata","Bruniaceae","Staavia radiata","Staavia radiata","Bruniaceae",1,0,1,0,1,0,0,0,0,1,0,"Sep","Dec",NA,NA,60,0,0,0,1,0,0,0,0,0,0,0,0,0,0,0,0,"leaf",1,1,0,0,0,0,0.469,0,0,"leaf",3,"h","i","p","Staavia radiata"
"Staberoha aemula","Staberoha aemula","Restionaceae","Staberoha aemula","Staberoha aemula","Restionaceae",1,0,0,1,1,0,0,0,0,0,0,"Jun","Sep",NA,NA,60,0,0,1,0,0,0,0,0,0,0,0,0,0,0,0,0,"leaf",1,0,0,0,0,0,34.36,1,1,"culm_stem",2,"h","w","w","Staberoha aemula"
"Staberoha banksii","Staberoha banksii","Restionaceae","Staberoha banksii","Staberoha banksii","Restionaceae",1,0,0,1,1,0,0,0,0,0,0,"Mar","Apr",NA,NA,60,0,0,1,0,0,0,0,0,0,0,0,0,0,0,0,0,"leaf",1,0,0,0,0,0,32.21666667,1,1,"culm_stem",2,"h","w","w","Staberoha banksii"
"Staberoha cernua","Staberoha cernua","Restionaceae","Staberoha cernua","Staberoha cernua","Restionaceae",1,0,0,1,1,0,0,0,0,0,0,"Mar","Aug",NA,NA,60,0,0,1,0,0,0,0,0,0,0,0,0,0,0,0,0,"leaf",1,0,0,0,0,0,22.83125,1,1,"culm_stem",2,"h","w","w","Staberoha cernua"
"Staberoha distachyos","Staberoha distachyos","Restionaceae","Staberoha distachyos","Staberoha distachyos","Restionaceae",1,0,0,1,1,0,0,0,0,1,0,"Feb","Dec",NA,NA,75,0,0,1,0,0,0,0,0,0,0,0,0,0,0,0,0,"leaf",1,0,0,0,0,0,39.3,1,1,"culm_stem",2,"h","w","w","Staberoha distachyos"
"Stachys aethiopica","Stachys aethiopica","Lamiaceae","Stachys aethiopica","Stachys aethiopica","Lamiaceae",1,0,1,0,1,0,0,0,0,0,0,"Aug","Sep",NA,NA,50,1,0,0,0,0,0,0,0,0,0,0,0,0,0,0,0,"leaf",0,0,1,0,0,0,0.883333333,0,0,"leaf",2,"m","i","p","Stachys aethiopica"
"Stachys rugosa","Stachys rugosa","Lamiaceae","Stachys rugosa","Stachys rugosa","Lamiaceae",1,0,1,0,1,0,0,1,0,0,0,"Sep","Dec",NA,NA,120,0,0,0,0,1,0,0,0,0,0,0,0,0,0,0,0,"leaf",0,1,0,0,0,0,NA,0,0,"leaf",2,"h","i","p","Stachys rugosa"
"Stellaria media","Stellaria media","Caryophyllaceae","Stellaria media","Stellaria media","Caryophyllaceae",0,1,1,0,1,0,1,1,0,0,0,"Jun","Nov",NA,NA,30,1,0,0,0,0,0,0,0,0,0,0,0,0,0,0,0,"leaf",0,0,1,0,0,0,1,0,0,"leaf",0,"l","i","p","Stellaria media"
"Stenotaphrum secundatum","Stenotaphrum secundatum","Poaceae","Stenotaphrum secundatum","Stenotaphrum secundatum","Poaceae",1,0,1,0,1,0,0,0,0,1,0,"Oct","Jan",NA,NA,30,0,0,1,0,0,0,0,0,0,0,0,0,0,0,0,0,"leaf",0,0,1,0,0,0,25.4125,0,1,"leaf",2,"l","w","w","Stenotaphrum secundatum"
"Stilbe ericoides","Stilbe ericoides","Stilbaceae","Stilbe ericoides","Stilbe ericoides","Stilbaceae",1,0,1,0,1,0,0,0,0,1,0,"Apr","Sep",NA,NA,80,0,0,0,1,0,0,0,0,0,0,0,0,0,0,0,0,"leaf",1,0,0,0,0,0,0.397636364,0,0,"leaf",3,"h","i","p","Stilbe ericoides"
"Stilbe vestita","Stilbe vestita","Stilbaceae","Stilbe vestita","Stilbe vestita","Stilbaceae",1,0,1,0,1,0,0,0,0,1,0,"Jul","Dec",NA,NA,120,0,0,0,0,1,0,0,0,0,0,0,0,0,0,0,0,"leaf",1,0,0,0,0,0,0.5,0,0,"leaf",3,"h","i","p","Stilbe vestita"
"Stipa dregeana","Stipa dregeana","Poaceae","Stipa dregeana","Stipa dregeana","Poaceae",1,0,1,0,1,0,0,1,0,0,0,"Aug","May",NA,NA,100,0,0,1,0,0,0,0,0,0,0,0,0,0,0,0,0,"leaf",1,0,0,0,0,0,33.6,0,0,"leaf",2,"h","w","w","Stipa dregeana"
"Stipagrostis zeyheri","Stipagrostis zeyheri","Poaceae","Stipagrostis zeyheri","Stipagrostis zeyheri","Poaceae",1,0,1,0,1,0,0,1,0,1,0,"Oct","Apr",NA,NA,100,0,0,1,0,0,0,0,0,0,0,0,0,0,0,0,0,"leaf",1,0,0,0,0,0,29.5,0,0,"leaf",2,"h","w","w","Stipagrostis zeyheri"
"Stoebe aethiopica","Stoebe aethiopica","Asteraceae","Stoebe aethiopica","Stoebe aethiopica","Asteraceae",1,0,1,0,1,0,0,0,0,0,0,"Sep","Nov",NA,NA,150,0,0,0,0,1,0,0,0,0,0,0,0,0,0,0,0,"leaf",1,0,0,0,0,0,0.898,0,0,"leaf",2,"h","i","w","Stoebe aethiopica"
"Stoebe alopecuroides","Stoebe alopecuroides","Asteraceae","Stoebe alopecuroides","Stoebe alopecuroides","Asteraceae",1,0,1,0,1,0,0,0,0,0,0,"Jul","Dec",NA,NA,10,0,0,0,1,0,0,0,0,0,0,0,0,0,0,0,0,"leaf",1,0,0,0,0,0,1,0,0,"leaf",2,"h","i","w","Stoebe alopecuroides"
"Stoebe capitata","Stoebe capitata","Asteraceae","Stoebe capitata","Stoebe capitata","Asteraceae",1,0,1,0,1,0,0,0,0,0,0,"Dec","Mar",NA,NA,50,0,0,0,1,0,0,0,0,0,0,0,0,0,0,0,0,"leaf",1,0,0,0,0,0,0.547272727,0,0,"leaf",2,"h","i","w","Stoebe capitata"
"Stoebe cinerea","Stoebe cinerea","Asteraceae","Stoebe cinerea","Stoebe cinerea","Asteraceae",1,0,1,0,1,0,0,0,0,0,0,"Apr","May",NA,NA,150,0,0,0,0,1,0,0,0,0,0,0,0,0,0,0,0,"leaf",1,0,0,0,0,0,0.18,0,0,"leaf",2,"h","i","w","Stoebe cinerea"
"Stoebe cyathuloides","Stoebe cyathuloides","Asteraceae","Stoebe cyathuloides","Stoebe cyathuloides","Asteraceae",1,0,1,0,1,0,0,0,0,0,0,"Nov","Feb",NA,NA,40,0,0,0,1,0,0,0,0,0,0,0,0,0,0,0,0,"leaf",1,1,0,0,0,0,0.9,0,0,"leaf",2,"h","i","w","Stoebe cyathuloides"
"Stoebe fusca","Stoebe fusca","Asteraceae","Stoebe fusca","Stoebe fusca","Asteraceae",1,0,1,0,1,0,0,0,0,0,0,"Mar","May",NA,NA,25,0,0,0,1,0,0,0,0,0,0,0,0,0,0,0,0,"leaf",1,0,0,0,0,0,0.5,0,0,"leaf",2,"h","i","w","Stoebe fusca"
"Stoebe incana","Stoebe incana","Asteraceae","Stoebe incana","Stoebe incana","Asteraceae",1,0,1,0,1,0,0,0,0,0,0,"Feb","May",NA,NA,60,0,0,0,1,0,0,0,0,0,0,0,0,0,0,0,0,"leaf",1,0,0,0,0,0,0.42,0,0,"leaf",2,"h","i","w","Stoebe incana"
"Stoebe leucocephala","Stoebe leucocephala","Asteraceae","Stoebe leucocephala","Stoebe leucocephala","Asteraceae",1,0,1,0,1,0,0,0,0,0,0,"Oct","Jan",NA,NA,15,0,0,0,1,0,0,0,0,0,0,0,0,0,0,0,0,"leaf",1,0,0,0,0,0,NA,0,0,"leaf",2,"h","i","w","Stoebe leucocephala"
"Stoebe microphylla","Stoebe microphylla","Asteraceae","Stoebe microphylla","Stoebe microphylla","Asteraceae",1,0,1,0,1,0,0,0,0,0,0,"Feb","May",NA,NA,20,0,0,0,1,0,0,0,0,0,0,0,0,0,0,0,0,"leaf",1,0,0,0,0,0,0.2,0,0,"leaf",2,"h","i","w","Stoebe microphylla"
"Stoebe plumosa","Stoebe plumosa","Asteraceae","Stoebe plumosa","Stoebe plumosa","Asteraceae",1,0,1,0,1,0,0,0,0,0,0,"Apr","Jun",NA,NA,100,0,0,0,1,0,0,0,0,0,0,0,0,0,0,0,0,"leaf",1,0,0,0,0,0,0.102470588,0,0,"leaf",2,"h","i","w","Stoebe plumosa"
"Stoebe rosea","Stoebe rosea","Asteraceae","Stoebe rosea","Stoebe rosea","Asteraceae",1,0,1,0,1,0,0,0,0,0,0,"Jan","Mar",NA,NA,50,0,0,0,1,0,0,0,0,0,0,0,0,0,0,0,0,"leaf",1,0,0,0,0,0,NA,0,0,"leaf",2,"h","i","w","Stoebe rosea"
"Stoebe saxatilis","Stoebe saxatilis","Asteraceae","Stoebe saxatilis","Stoebe saxatilis","Asteraceae",1,0,1,0,1,0,0,0,0,0,0,"Mar","May",NA,NA,60,0,0,0,1,0,0,0,0,0,0,0,0,0,0,0,0,"leaf",0,1,0,0,0,0,0.5,0,0,"leaf",2,"h","i","w","Stoebe saxatilis"
"Stoebe spiralis","Stoebe spiralis","Asteraceae","Stoebe spiralis","Stoebe spiralis","Asteraceae",1,0,1,0,1,0,0,0,0,0,0,"Mar","May",NA,NA,60,0,0,0,1,0,0,0,0,0,0,0,0,0,0,0,0,"leaf",1,0,0,0,0,0,0.437333333,0,0,"leaf",2,"h","i","w","Stoebe spiralis"
"Struthiola argentea","Struthiola argentea","Thymelaeaceae","Struthiola argentea","Struthiola argentea","Thymelaeaceae",1,0,1,0,1,0,0,0,0,0,0,"Mar","Dec",NA,NA,200,0,0,0,0,0,1,0,0,0,0,0,0,0,0,0,0,"leaf",0,0,1,0,0,0,1.137777778,0,0,"leaf",2,"h","i","p","Struthiola argentea"
"Struthiola ciliata","Struthiola ciliata","Thymelaeaceae","Struthiola ciliata","Struthiola ciliata","Thymelaeaceae",1,0,1,0,1,0,0,0,0,0,0,"Jan","Dec",NA,NA,150,0,0,0,0,1,0,0,0,0,0,0,0,0,0,0,0,"leaf",0,1,0,0,0,0,0.933181818,0,0,"leaf",2,"h","i","p","Struthiola ciliata"
"Struthiola dodecandra","Struthiola dodecandra","Thymelaeaceae","Struthiola dodecandra","Struthiola dodecandra","Thymelaeaceae",1,0,1,0,1,0,0,0,0,0,0,"Jan","Dec",NA,NA,80,0,0,0,1,0,0,0,0,0,0,0,0,0,0,0,0,"leaf",0,1,0,0,0,0,0.8,0,0,"leaf",2,"h","i","p","Struthiola dodecandra"
"Struthiola eckloniana","Struthiola eckloniana","Thymelaeaceae","Struthiola eckloniana","Struthiola eckloniana","Thymelaeaceae",1,0,1,0,1,0,0,0,0,0,0,"Jan","Dec",NA,NA,200,0,0,0,0,0,1,0,0,0,0,0,0,0,0,0,0,"leaf",0,1,0,0,0,0,1.328,0,0,"leaf",2,"h","i","p","Struthiola eckloniana"
"Struthiola garciana","Struthiola garciana","Thymelaeaceae","Struthiola garciana","Struthiola garciana","Thymelaeaceae",1,0,1,0,1,0,0,0,0,0,0,"Mar","Nov",NA,NA,100,0,0,0,1,0,0,0,0,0,0,0,0,0,0,0,0,"leaf",0,1,0,0,0,0,1.22,0,0,"leaf",2,"h","i","p","Struthiola garciana"
"Struthiola leptantha","Struthiola leptantha","Thymelaeaceae","Struthiola leptantha","Struthiola leptantha","Thymelaeaceae",1,0,1,0,1,0,0,0,0,0,0,"Jun","Oct",NA,NA,200,0,0,0,0,0,1,0,0,0,0,0,0,0,0,0,0,"leaf",0,0,1,0,0,0,1,0,0,"leaf",2,"h","i","p","Struthiola leptantha"
"Struthiola macowanii","Struthiola macowanii","Thymelaeaceae","Struthiola macowanii","Struthiola macowanii","Thymelaeaceae",1,0,1,0,1,0,0,0,0,0,0,"Jan","Dec",NA,NA,130,0,0,0,0,1,0,0,0,0,0,0,0,0,0,0,0,"leaf",1,1,0,0,0,0,0.9,0,0,"leaf",2,"h","i","p","Struthiola macowanii"
"Struthiola myrsinites","Struthiola myrsinites","Thymelaeaceae","Struthiola myrsinites","Struthiola myrsinites","Thymelaeaceae",1,0,1,0,1,0,0,0,0,0,0,"Jan","Dec",NA,NA,200,0,0,0,0,0,1,0,0,0,0,0,0,0,0,0,0,"leaf",0,0,1,0,0,0,1,0,0,"leaf",2,"h","i","p","Struthiola myrsinites"
"Struthiola salteri","Struthiola salteri","Thymelaeaceae","Struthiola salteri","Struthiola salteri","Thymelaeaceae",1,0,1,0,1,0,0,0,0,0,0,"Jan","Dec",NA,NA,80,0,0,0,1,0,0,0,0,0,0,0,0,0,0,0,0,"leaf",0,0,1,0,0,0,1,0,0,"leaf",2,"h","i","p","Struthiola salteri"
"Struthiola tomentosa","Struthiola tomentosa","Thymelaeaceae","Struthiola tomentosa","Struthiola tomentosa","Thymelaeaceae",1,0,1,0,1,0,0,0,0,0,0,"Jul","Dec",NA,NA,60,0,0,0,1,0,0,0,0,0,0,0,0,0,0,0,0,"leaf",0,0,1,0,0,0,0.864,0,0,"leaf",2,"h","i","p","Struthiola tomentosa"
"Stylapterus dubius","Stylapterus dubius","Penaeaceae","Penaea dubia","Penaea dubia","Penaeaceae",1,0,1,0,1,0,0,0,0,0,0,"Sep","Oct",NA,NA,50,0,0,0,1,0,0,0,0,0,0,0,0,0,0,0,0,"leaf",0,1,1,0,0,0,NA,0,0,"leaf",2,"h","i","i","Penaea dubia"
"Stylapterus fruticulosus","Stylapterus fruticulosus","Penaeaceae","Penaea fruticulosa","Penaea fruticulosa","Penaeaceae",1,0,1,0,1,0,0,0,0,1,0,"Jul","Nov",NA,NA,60,0,0,0,1,0,0,0,0,0,0,0,0,0,0,0,0,"leaf",0,0,1,0,0,0,0.666666667,0,0,"leaf",3,"h","i","i","Penaea fruticulosa"
"Syncarpha canescens","Syncarpha canescens","Asteraceae","Syncarpha canescens","Syncarpha canescens","Asteraceae",1,0,1,0,1,0,0,0,0,0,0,"Jan","Sep",NA,NA,50,0,0,0,1,0,0,0,0,0,0,0,0,0,0,0,0,"leaf",0,0,1,0,0,0,0.913125,0,0,"leaf",1,"h","i","w","Syncarpha canescens"
"Syncarpha dregeana","Syncarpha dregeana","Asteraceae","Syncarpha dregeana","Syncarpha dregeana","Asteraceae",1,0,1,0,1,0,0,0,0,0,0,"Oct","Jan",NA,NA,60,0,0,0,1,0,0,0,0,0,0,0,0,0,0,0,0,"leaf",0,0,1,0,0,0,NA,0,0,"leaf",1,"h","i","w","Syncarpha dregeana"
"Syncarpha eximia","Syncarpha eximia","Asteraceae","Syncarpha eximia","Syncarpha eximia","Asteraceae",1,0,1,0,1,0,0,0,0,0,0,"Nov","Mar",NA,NA,40,0,0,0,1,0,0,0,0,0,0,0,0,0,0,0,0,"leaf",0,0,1,0,0,0,NA,0,0,"leaf",1,"h","i","w","Syncarpha eximia"
"Syncarpha flava","Syncarpha flava","Asteraceae","Syncarpha flava","Syncarpha flava","Asteraceae",1,0,1,0,1,0,0,0,0,0,0,"Dec","Mar",NA,NA,40,0,0,0,1,0,0,0,0,0,0,0,0,0,0,0,0,"leaf",0,0,1,0,0,0,NA,0,0,"leaf",1,"h","i","w","Syncarpha flava"
"Syncarpha gnaphaloides","Syncarpha gnaphaloides","Asteraceae","Syncarpha gnaphaloides","Syncarpha gnaphaloides","Asteraceae",1,0,1,0,1,0,0,0,0,0,0,"Oct","Dec",NA,NA,30,0,0,0,1,0,0,0,0,0,0,0,0,0,0,0,0,"leaf",1,0,0,0,0,0,5.27,0,0,"leaf",1,"h","i","w","Syncarpha gnaphaloides"
"Syncarpha milleflora","Syncarpha milleflora","Asteraceae","Syncarpha milleflora","Syncarpha milleflora","Asteraceae",1,0,1,0,1,0,0,0,0,0,0,"Jul","Dec",NA,NA,200,0,0,0,0,0,1,0,0,0,0,0,0,0,0,0,0,"leaf",0,1,0,0,0,0,7.875,0,0,"leaf",1,"h","i","w","Syncarpha milleflora"
"Syncarpha paniculata","Syncarpha paniculata","Asteraceae","Achyranthemum paniculatum","Achyranthemum paniculatum","Asteraceae",1,0,1,0,1,0,0,0,0,0,0,"Oct","Jun",NA,NA,60,0,0,0,1,0,0,0,0,0,0,0,0,0,0,0,0,"leaf",1,0,0,0,0,0,2.46,0,0,"leaf",1,"h","i","w","Achyranthemum paniculatum"
"Syncarpha speciosissima","Syncarpha speciosissima","Asteraceae","Syncarpha speciosissima","Syncarpha speciosissima","Asteraceae",1,0,1,0,1,0,0,0,0,0,0,"Jul","Jan",NA,NA,60,0,0,0,1,0,0,0,0,0,0,0,0,0,0,0,0,"leaf",1,0,1,0,0,0,3.5125,0,0,"leaf",1,"h","i","w","Syncarpha speciosissima"
"Syncarpha staehelina","Syncarpha virgata","Asteraceae","Syncarpha staehelina","Syncarpha staehelina","Asteraceae",1,0,1,0,1,0,0,0,0,0,0,"Oct","Jan",NA,NA,40,0,0,0,1,0,0,0,0,0,0,0,0,0,0,0,0,"leaf",0,1,0,0,0,0,NA,0,0,"leaf",1,"h","i","w","Syncarpha staehelina"
"Syncarpha vestita","Syncarpha vestita","Asteraceae","Syncarpha vestita","Syncarpha vestita","Asteraceae",1,0,1,0,1,0,0,0,0,0,0,"Nov","Jan",NA,NA,100,0,0,0,1,0,0,0,0,0,0,0,0,0,0,0,0,"leaf",0,1,0,0,0,0,5.4375,0,0,"leaf",1,"h","i","w","Syncarpha vestita"
"Tarchonanthus littoralis","Tarchonanthus camphoratus","Asteraceae","Tarchonanthus littoralis","Tarchonanthus littoralis","Asteraceae",1,0,1,0,1,0,0,0,0,1,0,"Dec","Apr",NA,NA,500,0,0,0,0,0,1,1,0,0,0,0,0,0,0,0,0,"leaf",0,0,1,0,0,0,4.1125,0,0,"leaf",3,"h","i","w","Tarchonanthus littoralis"
"Teedia lucida","Teedia lucida","Scrophulariaceae","Teedia lucida","Teedia lucida","Scrophulariaceae",1,0,1,0,1,0,0,0,0,1,0,"Sep","Jan",NA,NA,120,0,0,0,0,1,0,0,1,0,0,0,0,0,0,0,0,"leaf",0,0,1,0,0,0,1,0,0,"leaf",2,"l","i","m","Teedia lucida"
"Teedia pubescens","Teedia pubescens","Scrophulariaceae","Teedia pubescens","Teedia pubescens","Scrophulariaceae",1,0,1,0,1,0,0,0,0,1,0,"Sep","Nov",NA,NA,60,0,0,0,1,0,0,0,0,0,0,0,0,0,0,0,0,"leaf",0,0,1,0,0,0,1.94,0,0,"leaf",2,"l","i","m","Teedia pubescens"
"Tenaxia stricta","Merxmuellera stricta","Poaceae","Tenaxia stricta","Tenaxia stricta","Poaceae",1,0,1,0,1,0,0,1,0,1,0,"Sep","Dec",NA,NA,80,0,0,1,0,0,0,0,0,0,0,0,0,0,0,0,0,"leaf",1,0,0,0,0,0,29.74444444,0,0,"leaf",2,"h","w","w","Tenaxia stricta"
"Tephrosia capensis","Tephrosia capensis","Fabaceae","Tephrosia capensis","Tephrosia capensis","Fabaceae",1,0,1,0,1,0,0,0,0,1,0,"Aug","Jun",NA,NA,60,0,0,0,1,0,0,0,1,0,0,0,0,0,0,0,0,"leaf",1,0,0,1,0,0,1.395,0,0,"leaf",2,"h","i","p","Tephrosia capensis"
"Tetragonia decumbens","Tetragonia decumbens","Aizoaceae","Tetragonia decumbens","Tetragonia decumbens","Aizoaceae",1,0,1,0,1,0,0,0,0,0,0,"Aug","Nov",NA,NA,100,1,0,0,0,0,0,0,1,0,0,0,0,1,1,1,0,"leaf",0,0,1,0,0,0,3.733333333,0,0,"leaf",3,"l","i","p","Tetragonia decumbens"
"Tetragonia fruticosa","Tetragonia fruticosa","Aizoaceae","Tetragonia fruticosa","Tetragonia fruticosa","Aizoaceae",1,0,1,0,1,0,0,0,0,0,0,"Sep","Nov",NA,NA,100,0,0,0,1,0,0,0,1,0,0,0,0,1,1,1,0,"leaf",0,0,1,0,0,0,2.16,0,0,"leaf",2,"l","i","w","Tetragonia fruticosa"
"Tetraria bolusii","Tetraria bolusii","Cyperaceae","Schoenus bolusii","Schoenus bolusii","Cyperaceae",1,0,1,0,1,0,0,0,0,1,0,"Jul","Aug",NA,NA,30,0,0,1,0,0,0,0,0,0,0,0,0,0,0,0,0,"leaf",1,0,0,0,0,0,8.925,0,1,"mixed",2,"m","w","p","Schoenus bolusii"
"Tetraria brachyphylla","Tetraria brachyphylla","Cyperaceae","Schoenus arenicola","Schoenus arenicola","Cyperaceae",1,0,1,0,1,0,0,0,0,1,0,"Jul","Nov",NA,NA,60,0,0,1,0,0,0,0,0,0,0,0,0,0,0,0,0,"leaf",1,0,0,0,0,0,20,0,1,"mixed",2,"h","w","p","Schoenus arenicola"
"Tetraria bromoides","Tetraria bromoides","Cyperaceae","Tetraria bromoides","Tetraria bromoides","Cyperaceae",1,0,1,0,1,0,0,0,0,1,0,"Oct","Feb",NA,NA,150,0,0,1,0,0,0,0,0,0,0,0,0,0,0,0,0,"leaf",1,1,0,0,0,0,46.39230769,0,1,"mixed",2,"h","w","p","Tetraria bromoides"
"Tetraria burmannii","Tetraria burmannii","Cyperaceae","Tetraria burmanni","Tetraria burmanni","Cyperaceae",1,0,1,0,1,0,0,0,0,1,0,"Nov","Apr",NA,NA,30,0,0,1,0,0,0,0,0,0,0,0,0,0,0,0,0,"leaf",1,0,0,0,0,0,13.7,0,1,"mixed",2,"m","w","p","Tetraria burmanni"
"Tetraria capillacea","Tetraria capillacea","Cyperaceae","Tetraria capillacea","Tetraria capillacea","Cyperaceae",1,0,1,0,1,0,0,0,0,1,0,"Oct","Nov",NA,NA,80,0,0,1,0,0,0,0,0,0,0,0,0,0,0,0,0,"leaf",1,0,0,0,0,0,30.33888889,0,1,"mixed",2,"h","w","p","Tetraria capillacea"
"Tetraria compacta","Tetraria compacta","Cyperaceae","Schoenus compactus","Schoenus compactus","Cyperaceae",1,0,1,0,1,0,0,0,0,1,0,"Aug","Nov",NA,NA,60,0,0,1,0,0,0,0,0,0,0,0,0,0,0,0,0,"leaf",1,0,0,0,0,0,20,0,1,"mixed",2,"h","w","p","Schoenus compactus"
"Tetraria compar","Tetraria compar","Cyperaceae","Schoenus compar","Schoenus compar","Cyperaceae",1,0,1,0,1,0,0,0,0,1,0,"Apr","Jun",NA,NA,90,0,0,1,0,0,0,0,0,0,0,0,0,0,0,0,0,"leaf",1,0,0,0,0,0,34.47234043,0,1,"mixed",2,"h","w","p","Schoenus compar"
"Tetraria crassa","Tetraria crassa","Cyperaceae","Schoenus crassus","Schoenus crassus","Cyperaceae",1,0,1,0,1,0,0,0,0,1,0,"Apr","Jun",NA,NA,60,0,0,1,0,0,0,0,0,0,0,0,0,0,0,0,0,"leaf",1,0,0,0,0,0,27.11818182,0,1,"mixed",2,"h","w","p","Schoenus crassus"
"Tetraria crinifolia","Tetraria crinifolia","Cyperaceae","Tetraria crinifolia","Tetraria crinifolia","Cyperaceae",1,0,1,0,1,0,0,0,0,1,0,"Aug","Oct",NA,NA,30,0,0,1,0,0,0,0,0,0,0,0,0,0,0,0,0,"leaf",1,0,0,0,0,0,23.2,0,1,"mixed",2,"h","w","p","Tetraria crinifolia"
"Tetraria cuspidata","Tetraria cuspidata","Cyperaceae","Schoenus cuspidatus","Schoenus cuspidatus","Cyperaceae",1,0,1,0,1,0,0,0,0,1,0,"Aug","Nov",NA,NA,60,0,0,1,0,0,0,0,0,0,0,0,0,0,0,0,0,"leaf",1,0,0,0,0,0,24.56388889,0,1,"mixed",2,"h","w","p","Schoenus cuspidatus"
"Tetraria exilis","Tetraria exilis","Cyperaceae","Schoenus exilis","Schoenus exilis","Cyperaceae",1,0,1,0,1,0,0,0,0,1,0,"Apr","Jun",NA,NA,30,0,0,1,0,0,0,0,0,0,0,0,0,0,0,0,0,"leaf",1,0,0,0,0,0,22.03333333,0,1,"mixed",2,"h","w","p","Schoenus exilis"
"Tetraria eximia","Tetraria eximia","Cyperaceae","Tetraria eximia","Tetraria eximia","Cyperaceae",1,0,1,0,1,0,0,0,0,1,0,"May","Aug",NA,NA,90,0,0,1,0,0,0,0,0,0,0,0,0,0,0,0,0,"leaf",0,1,0,0,0,0,20.21666667,0,1,"mixed",1,"h","w","p","Tetraria eximia"
"Tetraria fasciata","Tetraria fasciata","Cyperaceae","Tetraria fasciata","Tetraria fasciata","Cyperaceae",1,0,1,0,1,0,0,0,0,1,0,"Nov","May",NA,NA,80,0,0,1,0,0,0,0,0,0,0,0,0,0,0,0,0,"leaf",1,0,0,0,0,0,12.9,0,1,"mixed",2,"h","w","p","Tetraria fasciata"
"Tetraria fimbriolata","Tetraria fimbriolata","Cyperaceae","Tetraria fimbriolata","Tetraria fimbriolata","Cyperaceae",1,0,1,0,1,0,0,0,0,1,0,"Jan","Apr",NA,NA,45,0,0,1,0,0,0,0,0,0,0,0,0,0,0,0,0,"leaf",1,0,0,0,0,0,20.78333333,0,1,"mixed",2,"h","w","p","Tetraria fimbriolata"
"Tetraria flexuosa","Tetraria flexuosa","Cyperaceae","Tetraria flexuosa","Tetraria flexuosa","Cyperaceae",1,0,1,0,1,0,0,0,0,1,0,"Jan","May",NA,NA,75,0,0,1,0,0,0,0,0,0,0,0,0,0,0,0,0,"leaf",1,0,0,0,0,0,22.42727273,0,1,"mixed",2,"h","w","p","Tetraria flexuosa"
"Tetraria involucrata","Tetraria involucrata","Cyperaceae","Tetraria involucrata","Tetraria involucrata","Cyperaceae",1,0,1,0,1,0,0,0,0,1,0,"Jan","Apr",NA,NA,200,0,0,1,0,0,0,0,0,0,0,0,0,0,0,0,0,"leaf",1,0,0,0,0,0,66.31428571,0,1,"mixed",2,"h","w","p","Tetraria involucrata"
"Tetraria ligulata","Tetraria autumnalis","Cyperaceae","Schoenus ligulatus","Schoenus ligulatus","Cyperaceae",1,0,1,0,1,0,0,0,0,1,0,"Apr","Jun",NA,NA,40,0,0,1,0,0,0,0,0,0,0,0,0,0,0,0,0,"leaf",1,0,0,0,0,0,20,0,1,"mixed",2,"h","w","p","Schoenus ligulatus"
"Tetraria microstachys","Tetraria microstachys","Cyperaceae","Tetraria microstachys","Tetraria microstachys","Cyperaceae",1,0,1,0,1,0,0,0,0,1,0,"Dec","Feb",NA,NA,25,0,0,1,0,0,0,0,0,0,0,0,0,0,0,0,0,"leaf",1,0,0,0,0,0,11.48333333,0,1,"mixed",2,"m","w","p","Tetraria microstachys"
"Tetraria nigrovaginata","Tetraria nigrovaginata","Cyperaceae","Tetraria nigrovaginata","Tetraria nigrovaginata","Cyperaceae",1,0,1,0,1,0,0,0,0,1,0,"Jan","Apr",NA,NA,45,0,0,1,0,0,0,0,0,0,0,0,0,0,0,0,0,"leaf",1,0,0,0,0,0,19.28,0,1,"mixed",2,"h","w","p","Tetraria nigrovaginata"
"Tetraria picta","Tetraria picta","Cyperaceae","Schoenus pictus","Schoenus pictus","Cyperaceae",1,0,1,0,1,0,0,0,1,1,0,"Dec","May",NA,NA,40,0,0,1,0,0,0,0,0,0,0,0,0,0,0,0,0,"leaf",1,0,0,0,0,0,20,0,1,"mixed",2,"h","w","p","Schoenus pictus"
"Tetraria pillansii","Tetraria pillansii","Cyperaceae","Tetraria pillansii","Tetraria pillansii","Cyperaceae",1,0,1,0,1,0,0,0,0,1,0,"Jan","Feb",NA,NA,25,0,0,1,0,0,0,0,0,0,0,0,0,0,0,0,0,"leaf",1,0,0,0,0,0,12.54,0,1,"mixed",2,"h","w","p","Tetraria pillansii"
"Tetraria pubescens","Tetraria pubescens","Cyperaceae","Tetraria pubescens","Tetraria pubescens","Cyperaceae",1,0,1,0,1,0,0,0,0,1,0,"Oct","Apr",NA,NA,12,0,0,1,0,0,0,0,0,0,0,0,0,0,0,0,0,"leaf",1,0,0,0,0,0,8.38,0,1,"mixed",2,"h","w","p","Tetraria pubescens"
"Tetraria pygmaea","Tetraria pygmaea","Cyperaceae","Tetraria pygmaea","Tetraria pygmaea","Cyperaceae",1,0,1,0,1,0,0,0,0,1,0,"Feb","Apr",NA,NA,15,0,0,1,0,0,0,0,0,0,0,0,0,0,0,0,0,"leaf",1,0,0,0,0,0,5,0,1,"mixed",2,"l","w","p","Tetraria pygmaea"
"Tetraria robusta","Tetraria compressa","Cyperaceae","Tetraria robusta","Tetraria robusta","Cyperaceae",1,0,1,0,1,0,0,0,0,1,0,"Feb","Feb",NA,NA,100,0,0,1,0,0,0,0,0,0,0,0,0,0,0,0,0,"leaf",1,0,0,0,0,0,40,0,1,"mixed",2,"h","w","p","Tetraria robusta"
"Tetraria sylvatica","Tetraria sylvatica","Cyperaceae","Schoenus auritus","Schoenus auritus","Cyperaceae",1,0,1,0,1,0,0,0,0,1,0,"May","Dec",NA,NA,40,0,0,1,0,0,0,0,0,0,0,0,0,0,0,0,0,"leaf",1,0,0,0,0,0,11.65,0,1,"mixed",1,"m","w","p","Schoenus auritus"
"Tetraria thermalis","Tetraria thermalis","Cyperaceae","Tetraria thermalis","Tetraria thermalis","Cyperaceae",1,0,1,0,1,0,0,0,0,1,0,"Jun","Oct",NA,NA,200,0,0,1,0,0,0,0,0,0,0,0,0,0,0,0,0,"leaf",0,1,0,0,0,0,52.93333333,0,1,"mixed",3,"h","w","p","Tetraria thermalis"
"Tetraria triangularis","Tetraria triangularis","Cyperaceae","Tetraria triangularis","Tetraria triangularis","Cyperaceae",1,0,1,0,1,0,0,0,0,1,0,"Feb","Apr",NA,NA,60,0,0,1,0,0,0,0,0,0,0,0,0,0,0,0,0,"leaf",0,1,0,0,0,0,40,0,1,"mixed",2,"h","w","p","Tetraria triangularis"
"Tetraria ustulata","Tetraria ustulata","Cyperaceae","Tetraria ustulata","Tetraria ustulata","Cyperaceae",1,0,1,0,1,0,0,0,0,1,0,"Jan","May",NA,NA,90,0,0,1,0,0,0,0,0,0,0,0,0,0,0,0,0,"leaf",1,0,0,0,0,0,31.525,0,1,"mixed",2,"h","w","p","Tetraria ustulata"
"Teucrium africanum","Teucrium africanum","Lamiaceae","Teucrium africanum","Teucrium africanum","Lamiaceae",1,0,1,0,1,0,0,0,0,0,0,"Nov","Apr",NA,NA,30,0,0,0,1,0,0,0,0,0,0,0,0,0,0,0,0,"leaf",0,1,0,0,1,0,1.8,0,0,"leaf",1,"h","u","i","Teucrium africanum"
"Thaminophyllum multiflorum","Thaminophyllum multiflorum","Asteraceae","Thaminophyllum multiflorum","Thaminophyllum multiflorum","Asteraceae",1,0,1,0,1,0,0,0,0,0,0,"Aug","Jan",NA,NA,60,0,0,0,1,0,0,0,0,0,0,0,0,0,0,0,0,"leaf",1,0,0,0,0,0,0.8,0,0,"leaf",2,"h","i","w","Thaminophyllum multiflorum"
"Thamnochortus arenarius","Thamnochortus arenarius","Restionaceae","Thamnochortus arenarius","Thamnochortus arenarius","Restionaceae",1,0,0,1,1,0,0,0,0,1,0,"May","Jun",NA,NA,60,0,0,1,0,0,0,0,0,0,0,0,0,0,0,0,0,"leaf",1,0,0,0,0,0,101.02,1,1,"mixed",2,"h","w","w","Thamnochortus arenarius"
"Thamnochortus cinereus","Thamnochortus cinereus","Restionaceae","Thamnochortus cinereus","Thamnochortus cinereus","Restionaceae",1,0,0,1,1,0,0,0,0,1,0,"May","Sep",NA,NA,80,0,0,1,0,0,0,0,0,0,0,0,0,0,0,0,0,"leaf",1,0,0,0,0,0,6.079090909,1,1,"mixed",2,"h","w","w","Thamnochortus cinereus"
"Thamnochortus ellipticus","Thamnochortus ellipticus","Restionaceae","Thamnochortus ellipticus","Thamnochortus ellipticus","Restionaceae",1,0,0,1,1,0,0,0,0,1,0,"Apr","Apr",NA,NA,50,0,0,1,0,0,0,0,0,0,0,0,0,0,0,0,0,"leaf",1,0,0,0,0,0,NA,1,1,"mixed",2,"h","w","w","Thamnochortus ellipticus"
"Thamnochortus erectus","Thamnochortus erectus","Restionaceae","Thamnochortus erectus","Thamnochortus erectus","Restionaceae",1,0,0,1,1,0,0,0,0,1,0,"Sep","Oct",NA,NA,150,0,0,1,0,0,0,0,0,0,0,0,0,0,0,0,0,"leaf",1,0,0,0,0,0,NA,1,1,"mixed",2,"h","w","w","Thamnochortus erectus"
"Thamnochortus fraternus","Thamnochortus fraternus","Restionaceae","Thamnochortus fraternus","Thamnochortus fraternus","Restionaceae",1,0,0,1,1,0,0,0,0,0,0,"Apr","May",NA,NA,100,0,0,1,0,0,0,0,0,0,0,0,0,0,0,0,0,"leaf",1,0,0,0,0,0,63.13666667,1,1,"mixed",2,"h","w","w","Thamnochortus fraternus"
"Thamnochortus fruticosus","Thamnochortus fruticosus","Restionaceae","Thamnochortus fruticosus","Thamnochortus fruticosus","Restionaceae",1,0,0,1,1,0,0,0,0,1,0,"Jul","Nov",NA,NA,60,0,0,1,0,0,0,0,0,0,0,0,0,0,0,0,0,"leaf",1,0,0,0,0,0,15.38,1,1,"mixed",2,"h","w","w","Thamnochortus fruticosus"
"Thamnochortus gracilis","Thamnochortus gracilis","Restionaceae","Thamnochortus gracilis","Thamnochortus gracilis","Restionaceae",1,0,0,1,1,0,0,0,0,1,0,"Apr","Apr",NA,NA,70,0,0,1,0,0,0,0,0,0,0,0,0,0,0,0,0,"leaf",1,0,0,0,0,0,52.10666667,1,1,"mixed",2,"h","w","w","Thamnochortus gracilis"
"Thamnochortus insignis","Thamnochortus insignis","Restionaceae","Thamnochortus insignis","Thamnochortus insignis","Restionaceae",1,0,0,1,1,0,0,0,0,0,0,"Mar","Apr",NA,NA,200,0,0,1,0,0,0,0,0,0,0,0,0,0,0,0,0,"leaf",1,0,0,0,0,0,159.45,1,1,"mixed",2,"h","w","w","Thamnochortus insignis"
"Thamnochortus karooica","Thamnochortus karooica","Restionaceae","Thamnochortus karooica","Thamnochortus karooica","Restionaceae",1,0,0,1,1,0,0,0,0,0,0,"May","May",NA,NA,100,0,0,1,0,0,0,0,0,0,0,0,0,0,0,0,0,"leaf",1,0,0,0,0,0,68.85,1,1,"mixed",2,"h","w","w","Thamnochortus karooica"
"Thamnochortus lucens","Thamnochortus lucens","Restionaceae","Thamnochortus lucens","Thamnochortus lucens","Restionaceae",1,0,0,1,1,0,0,0,0,1,0,"Mar","Jul",NA,NA,60,0,0,1,0,0,0,0,0,0,0,0,0,0,0,0,0,"leaf",1,0,0,0,0,0,29.53333333,1,1,"mixed",2,"h","w","w","Thamnochortus lucens"
"Thamnochortus obtusus","Thamnochortus obtusus","Restionaceae","Thamnochortus obtusus","Thamnochortus obtusus","Restionaceae",1,0,0,1,1,0,0,0,0,1,0,"Jan","Apr",NA,NA,30,0,0,1,0,0,0,0,0,0,0,0,0,0,0,0,0,"leaf",1,0,0,0,0,0,NA,1,1,"mixed",2,"h","w","w","Thamnochortus obtusus"
"Thamnochortus pellucidus","Thamnochortus pellucidus","Restionaceae","Thamnochortus pellucidus","Thamnochortus pellucidus","Restionaceae",1,0,0,1,1,0,0,0,0,0,0,"Jul","Jul",NA,NA,60,0,0,1,0,0,0,0,0,0,0,0,0,0,0,0,0,"leaf",1,0,0,0,0,0,NA,1,1,"mixed",2,"h","w","w","Thamnochortus pellucidus"
"Thamnochortus platypteris","Thamnochortus platypteris","Restionaceae","Thamnochortus platypteris","Thamnochortus platypteris","Restionaceae",1,0,0,1,1,0,0,0,0,0,0,"Aug","Sep",NA,NA,60,0,0,1,0,0,0,0,0,0,0,0,0,0,0,0,0,"leaf",1,0,0,0,0,0,44.44,1,1,"mixed",2,"h","w","w","Thamnochortus platypteris"
"Thamnochortus pulcher","Thamnochortus pulcher","Restionaceae","Thamnochortus pulcher","Thamnochortus pulcher","Restionaceae",1,0,0,1,1,0,0,0,0,1,0,"Aug","Dec",NA,NA,40,0,0,1,0,0,0,0,0,0,0,0,0,0,0,0,0,"leaf",1,0,0,0,0,0,NA,1,1,"mixed",2,"h","w","w","Thamnochortus pulcher"
"Themeda triandra","Themeda triandra","Poaceae","Themeda triandra","Themeda triandra","Poaceae",1,0,1,0,1,0,0,1,0,1,0,"Oct","Jul",NA,NA,80,0,0,1,0,0,0,0,0,0,0,0,0,0,0,0,0,"leaf",1,0,0,0,0,0,13.30870968,0,0,"leaf",2,"h","w","w","Themeda triandra"
"Thesidium fragile","Thesidium fragile","Santalaceae","Thesium confusum","Thesium confusum","Santalaceae",1,0,1,0,1,0,0,0,0,0,0,"Jan","Dec",NA,NA,50,0,0,0,1,0,0,0,0,0,1,0,0,1,1,1,0,"leaf",1,0,0,0,0,0,5.1,1,1,"culm_stem",2,"l","i","p","Thesium confusum"
"Thesidium hirtum","Thesidium hirtum","Santalaceae","Thesium globosum","Thesium globosum","Santalaceae",1,0,1,0,1,0,0,0,0,0,0,"Jan","Dec",NA,NA,20,0,0,0,1,0,0,0,0,0,1,0,0,0,0,0,0,"leaf",0,1,0,0,0,0,NA,0,1,"mixed",2,"l","i","p","Thesium globosum"
"Thesium acuminatum","Thesium acuminatum","Santalaceae","Thesium acuminatum","Thesium acuminatum","Santalaceae",1,0,1,0,1,0,0,0,0,1,0,"Sep","Nov",NA,NA,20,0,0,0,1,0,0,0,0,0,1,0,0,0,0,0,0,"leaf",1,0,0,0,0,0,1.15,0,1,"mixed",1,"l","i","i","Thesium acuminatum"
"Thesium aggregatum","Thesium aggregatum","Santalaceae","Thesium aggregatum","Thesium aggregatum","Santalaceae",1,0,1,0,1,0,0,0,0,0,0,"Aug","Jan",NA,NA,50,0,0,0,1,0,0,0,0,0,1,0,0,0,0,0,0,"leaf",1,0,0,0,0,0,0.3,0,1,"mixed",1,"m","i","i","Thesium aggregatum"
"Thesium capituliflorum","Thesium capituliflorum","Santalaceae","Thesium capituliflorum","Thesium capituliflorum","Santalaceae",1,0,1,0,1,0,0,0,0,0,0,"Aug","Jan",NA,NA,15,0,0,0,1,0,0,0,0,0,1,0,0,0,0,0,0,"leaf",0,1,0,0,0,0,0.2,0,1,"mixed",1,"l","i","i","Thesium capituliflorum"
"Thesium carinatum","Thesium carinatum","Santalaceae","Thesium carinatum","Thesium carinatum","Santalaceae",1,0,1,0,1,0,0,0,0,0,0,"Jan","Dec",NA,NA,30,0,0,0,1,0,0,0,0,0,1,0,0,0,0,0,0,"leaf",1,0,0,0,0,0,1.629090909,0,1,"mixed",1,"m","i","i","Thesium carinatum"
"Thesium commutatum","Thesium commutatum","Santalaceae","Thesium commutatum","Thesium commutatum","Santalaceae",1,0,1,0,1,0,0,0,0,0,0,"Nov","Mar",NA,NA,30,0,0,0,1,0,0,0,0,0,1,0,0,0,0,0,0,"leaf",1,1,0,0,0,0,0.606666667,0,1,"mixed",1,"m","i","i","Thesium commutatum"
"Thesium ericaefolium","Thesium ericifolium","Santalaceae","Thesium ericaefolium","Thesium ericaefolium","Santalaceae",1,0,1,0,1,0,0,0,0,0,0,"Sep","Jan",NA,NA,20,0,0,0,1,0,0,0,0,0,1,0,0,0,0,0,0,"leaf",1,0,0,0,0,0,0.264,0,1,"mixed",1,"l","i","i","Thesium ericaefolium"
"Thesium euphorbioides","Thesium euphorbioides","Santalaceae","Thesium euphorbioides","Thesium euphorbioides","Santalaceae",1,0,1,0,1,0,0,0,0,0,0,"Aug","Jan",NA,NA,200,0,0,0,0,0,1,0,0,0,1,0,0,0,0,0,0,"leaf",0,0,1,0,0,0,4.76,0,1,"mixed",1,"m","i","i","Thesium euphorbioides"
"Thesium flexuosum","Thesium flexuosum","Santalaceae","Thesium flexuosum","Thesium flexuosum","Santalaceae",1,0,1,0,1,0,0,0,0,0,0,"May","Sep",NA,NA,30,0,0,0,1,0,0,0,0,0,1,0,0,0,0,0,0,"leaf",1,0,0,0,0,0,NA,0,1,"mixed",1,"m","i","i","Thesium flexuosum"
"Thesium gnidiaceum","Thesium gnidiaceum","Santalaceae","Thesium gnidiaceum","Thesium gnidiaceum","Santalaceae",1,0,1,0,1,0,0,0,0,0,0,"Aug","Dec",NA,NA,50,0,0,0,1,0,0,0,0,0,1,0,0,0,0,0,0,"leaf",1,0,0,0,0,0,NA,0,1,"mixed",1,"m","i","i","Thesium gnidiaceum"
"Thesium junceum","Thesium junceum","Santalaceae","Thesium junceum","Thesium junceum","Santalaceae",1,0,1,0,1,0,0,0,0,0,0,"Oct","Feb",NA,NA,60,0,0,0,1,0,0,0,0,0,1,0,0,0,0,0,0,"leaf",1,0,0,0,0,0,NA,0,1,"mixed",1,"m","i","i","Thesium junceum"
"Thesium nigromontanum","Thesium nigromontanum","Santalaceae","Thesium nigromontanum","Thesium nigromontanum","Santalaceae",1,0,1,0,1,0,0,0,0,0,0,"Sep","Nov",NA,NA,25,0,0,0,1,0,0,0,0,0,1,0,0,0,0,0,0,"leaf",1,1,0,0,0,0,5.260833333,0,1,"mixed",1,"m","i","i","Thesium nigromontanum"
"Thesium nudicaule","Thesium nudicaule","Santalaceae","Thesium nudicaule","Thesium nudicaule","Santalaceae",1,0,1,0,1,0,0,0,0,0,0,"Aug","Jan",NA,NA,50,0,0,0,1,0,0,0,0,0,1,0,0,0,0,0,0,"leaf",0,0,1,0,0,0,NA,0,1,"mixed",1,"m","i","i","Thesium nudicaule"
"Thesium pseudovirgatum","Thesium pseudovirgatum","Santalaceae","Thesium pseudovirgatum","Thesium pseudovirgatum","Santalaceae",1,0,1,0,1,0,0,0,0,0,0,"Sep","Feb",NA,NA,30,0,0,0,1,0,0,0,0,0,1,0,0,0,0,0,0,"leaf",1,0,0,0,0,0,9.336363636,0,1,"mixed",1,"m","i","i","Thesium pseudovirgatum"
"Thesium scandens","Thesium scandens","Santalaceae","Thesium scandens","Thesium scandens","Santalaceae",1,0,1,0,1,0,0,0,0,0,0,"Jun","Dec",NA,NA,40,0,0,0,0,0,0,0,0,0,1,0,1,0,0,0,0,"leaf",1,0,0,0,0,0,NA,0,1,"mixed",1,"l","i","i","Thesium scandens"
"Thesium schumannianum","Thesium schumannianum","Santalaceae","Thesium schumannianum","Thesium schumannianum","Santalaceae",1,0,1,0,1,0,0,0,0,0,0,"Aug","Feb",NA,NA,40,0,0,0,1,0,0,0,0,0,1,0,0,0,0,0,0,"leaf",0,1,0,0,0,0,NA,0,1,"mixed",1,"l","i","i","Thesium schumannianum"
"Thesium spicatum","Thesium spicatum","Santalaceae","Thesium spicatum","Thesium spicatum","Santalaceae",1,0,1,0,1,0,0,0,0,0,0,"Jul","Dec",NA,NA,50,0,0,0,1,0,0,0,0,0,1,0,0,0,0,0,0,"leaf",1,0,0,0,0,0,1.4,0,1,"mixed",1,"l","i","i","Thesium spicatum"
"Thesium squarrosum","Thesium squarrosum","Santalaceae","Thesium squarrosum","Thesium squarrosum","Santalaceae",1,0,1,0,1,0,0,0,0,0,0,"Nov","Jan",NA,NA,20,0,0,0,1,0,0,0,0,0,1,0,0,0,0,0,0,"leaf",1,0,0,0,0,0,NA,0,1,"mixed",1,"l","i","i","Thesium squarrosum"
"Thesium strictum","Thesium strictum","Santalaceae","Thesium strictum","Thesium strictum","Santalaceae",1,0,1,0,1,0,0,0,0,0,0,"Sep","Feb",NA,NA,200,0,0,0,0,0,1,0,0,0,1,0,0,0,0,0,0,"leaf",1,1,0,0,0,0,13.97454545,0,1,"mixed",1,"m","i","i","Thesium strictum"
"Thesium subnudum","Thesium subnudum","Santalaceae","Thesium subnudum","Thesium subnudum","Santalaceae",1,0,1,0,1,0,0,0,0,0,0,"Jul","Jan",NA,NA,60,0,0,0,1,0,0,0,0,0,1,0,0,0,0,0,0,"leaf",1,0,0,0,0,0,28.06,0,1,"mixed",1,"m","i","i","Thesium subnudum"
"Thesium susannae","Thesium susannae","Santalaceae","Thesium susannae","Thesium susannae","Santalaceae",1,0,1,0,1,0,0,0,0,0,0,"Sep","Nov",NA,NA,250,0,0,0,0,0,1,0,0,0,1,0,0,0,0,0,0,"leaf",1,0,0,0,0,0,NA,0,1,"mixed",1,"m","i","i","Thesium susannae"
"Thesium virgatum","Thesium virgatum","Santalaceae","Thesium virgatum","Thesium virgatum","Santalaceae",1,0,1,0,1,0,0,0,0,0,0,"Aug","Feb",NA,NA,60,0,0,0,1,0,0,0,0,0,1,0,0,0,0,0,0,"leaf",1,0,0,0,0,0,28.67333333,0,1,"mixed",1,"m","i","i","Thesium virgatum"
"Thesium viridifolium","Thesium viridifolium","Santalaceae","Thesium viridifolium","Thesium viridifolium","Santalaceae",1,0,1,0,1,0,0,0,0,0,0,"Jul","Dec",NA,NA,50,0,0,0,1,0,0,0,0,0,1,0,0,0,0,0,0,"leaf",1,0,0,0,0,0,0.8,0,1,"mixed",1,"l","i","i","Thesium viridifolium"
"Todea barbara","Todea barbara","Osmundaceae","Todea barbara","Todea barbara","Osmundaceae",1,0,1,0,1,0,0,0,0,1,0,NA,NA,NA,NA,300,1,0,0,0,0,0,0,0,0,0,0,0,0,0,0,0,"frond",0,0,1,0,0,1,39.18,0,0,"leaf",3,"h","w","w","Todea barbara"
"Trachyandra hirsutiflora","Trachyandra hirsutiflora","Asphodelaceae","Trachyandra hirsutiflora","Trachyandra hirsutiflora","Asphodelaceae",1,0,1,0,1,0,0,0,0,1,0,"Sep","Oct",NA,NA,60,1,0,0,0,0,0,0,0,0,0,0,0,1,1,0,0,"leaf",1,0,0,0,0,0,24.03,0,0,"leaf",2,"l","i","w","Trachyandra hirsutiflora"
"Trachyandra revoluta","Trachyandra revoluta","Asphodelaceae","Trachyandra revoluta","Trachyandra revoluta","Asphodelaceae",1,0,1,0,1,0,0,0,0,1,0,"Aug","Oct",NA,NA,90,1,0,0,0,0,0,0,0,0,0,0,0,1,1,0,0,"leaf",1,0,0,0,0,0,33.94,0,0,"leaf",2,"l","i","w","Trachyandra revoluta"
"Trachyandra tabularis","Trachyandra tabularis","Asphodelaceae","Trachyandra tabularis","Trachyandra tabularis","Asphodelaceae",1,0,1,0,1,0,0,0,0,1,0,"Sep","Feb",NA,NA,120,1,0,0,0,0,0,0,0,0,0,0,0,1,1,0,0,"leaf",0,1,0,0,0,0,49,0,0,"leaf",2,"l","i","w","Trachyandra tabularis"
"Tragus berteronianus","Tragus berteronianus","Poaceae","Tragus berteronianus","Tragus berteronianus","Poaceae",0,1,1,0,0,1,1,1,0,1,0,"Jan","Dec",NA,NA,60,0,0,1,0,0,0,0,0,0,0,0,0,0,0,0,0,"leaf",0,1,0,0,0,0,5.611666667,0,0,"leaf",2,"l","w","p","Tragus berteronianus"
"Tribolium brachystachyum","Tribolium brachystachyum","Poaceae","Tribolium brachystachyum","Tribolium brachystachyum","Poaceae",1,0,1,0,1,0,0,1,0,1,0,"Nov","Dec",NA,NA,30,0,0,1,0,0,0,0,0,0,0,0,0,0,0,0,0,"leaf",1,1,0,0,0,0,7.68,0,0,"leaf",2,"m","w","w","Tribolium brachystachyum"
"Tribolium hispidum","Tribolium hispidum","Poaceae","Tribolium hispidum","Tribolium hispidum","Poaceae",1,0,1,0,1,0,0,1,0,1,0,"Sep","Dec",NA,NA,25,0,0,1,0,0,0,0,0,0,0,0,0,0,0,0,0,"leaf",1,0,0,0,0,0,15,0,0,"leaf",2,"h","w","w","Tribolium hispidum"
"Tribolium uniolae","Tribolium uniolae","Poaceae","Tribolium uniolae","Tribolium uniolae","Poaceae",1,0,1,0,1,0,0,1,0,1,0,"Oct","Dec",NA,NA,60,0,0,1,0,0,0,0,0,0,0,0,0,0,0,0,0,"leaf",1,0,0,0,0,0,30.15,0,0,"leaf",2,"h","w","w","Tribolium uniolae"
"Trichocephalus stipularis","Trichocephalus stipularis","Rhamnaceae","Trichocephalus stipularis","Trichocephalus stipularis","Rhamnaceae",1,0,1,0,1,0,0,0,0,1,0,"May","Sep",NA,NA,90,0,0,0,1,0,0,0,0,0,0,0,0,0,0,0,0,"leaf",0,1,0,0,0,0,0.968,0,0,"leaf",3,"h","i","i","Trichocephalus stipularis"
"Trichodiadema barbatum","Trichodiadema barbatum","Aizoaceae","Trichodiadema barbatum","Trichodiadema barbatum","Aizoaceae",1,0,1,0,1,0,0,1,0,1,0,"Apr","Sep",NA,NA,10,0,0,0,0,0,0,0,0,0,0,0,1,1,1,1,0,"leaf",1,0,0,0,0,0,1.2,0,0,"leaf",3,"l","i","p","Trichodiadema barbatum"
"Trichodiadema mirabile","Trichodiadema mirabile","Aizoaceae","Trichodiadema mirabile","Trichodiadema mirabile","Aizoaceae",1,0,1,0,1,0,0,1,0,1,0,"Nov","Jan",NA,NA,8,0,0,0,1,0,0,0,0,0,0,0,0,1,1,1,0,"leaf",1,1,0,0,0,0,0.9,0,0,"leaf",3,"l","i","p","Trichodiadema mirabile"
"Triraphis andropogonoides","Triraphis andropogonoides","Poaceae","Triraphis andropogonoides","Triraphis andropogonoides","Poaceae",1,0,1,0,1,0,0,1,0,0,0,"Oct","May",NA,NA,120,0,0,1,0,0,0,0,0,0,0,0,0,0,0,0,0,"leaf",1,0,0,0,0,0,16.85,0,1,"mixed",2,"h","w","w","Triraphis andropogonoides"
"Tristachya leucothrix","Tristachya leucothrix","Poaceae","Tristachya leucothrix","Tristachya leucothrix","Poaceae",1,0,1,0,1,0,0,0,0,1,0,"Oct","Mar",NA,NA,90,0,0,1,0,0,0,0,0,0,0,0,0,0,0,0,0,"leaf",1,0,0,0,0,0,18.93333333,0,0,"leaf",2,"h","w","w","Tristachya leucothrix"
"Tritoniopsis antholyza","Tritoniopsis antholyza","Iridaceae","Tritoniopsis antholyza","Tritoniopsis antholyza","Iridaceae",1,0,1,0,1,0,0,0,0,1,0,"Nov","Apr",NA,NA,90,0,1,0,0,0,0,0,0,0,0,0,0,0,0,0,0,"leaf",1,1,0,0,0,0,42.12,0,0,"leaf",3,"m","i","w","Tritoniopsis antholyza"
"Tritoniopsis triticea","Tritoniopsis triticea","Iridaceae","Tritoniopsis triticea","Tritoniopsis triticea","Iridaceae",1,0,1,0,1,0,0,0,0,1,0,"Feb","Apr",NA,NA,90,0,1,0,0,0,0,0,0,0,0,0,0,0,0,0,0,"leaf",1,1,0,0,0,0,30,0,0,"leaf",3,"m","i","w","Tritoniopsis triticea"
"Troglophyton capillaceum","Troglophyton capillaceum","Asteraceae","Troglophyton capillaceum","Troglophyton capillaceum","Asteraceae",0,1,1,0,0,1,1,1,0,0,0,"Sep","Oct",NA,NA,30,1,0,0,0,0,0,0,0,0,0,0,0,0,0,0,0,"leaf",0,0,1,0,0,0,1.5,0,0,"leaf",0,"l","i","w","Troglophyton capillaceum"
"Tylecodon paniculatus","Tylecodon paniculatus","Crassulaceae","Tylecodon paniculatus","Tylecodon paniculatus","Crassulaceae",1,0,1,0,1,0,0,0,0,0,0,"Nov","Jan",NA,NA,150,0,0,0,0,1,0,0,0,0,0,0,0,1,1,1,0,"leaf",0,0,1,0,0,0,10.26666667,0,0,"leaf",3,"l","m","p","Tylecodon paniculatus"
"Ursinia anethoides","Ursinia anethoides","Asteraceae","Ursinia anethoides","Ursinia anethoides","Asteraceae",1,0,1,0,1,0,0,1,0,0,0,"Nov","Apr",NA,NA,90,0,0,0,1,0,0,0,0,0,0,0,0,0,0,0,0,"leaf",1,0,0,0,1,1,3.5,0,0,"leaf",1,"m","i","w","Ursinia anethoides"
"Ursinia chrysanthemoides","Ursinia chrysanthemoides","Asteraceae","Ursinia chrysanthemoides","Ursinia chrysanthemoides","Asteraceae",1,1,1,0,1,0,0,1,0,0,0,"Aug","Nov",NA,NA,45,1,0,0,0,0,0,0,1,0,0,0,0,0,0,0,0,"leaf",1,0,0,0,1,1,1.016666667,0,0,"leaf",1,"m","i","w","Ursinia chrysanthemoides"
"Ursinia dentata","Ursinia dentata","Asteraceae","Ursinia dentata","Ursinia dentata","Asteraceae",1,0,1,0,1,0,0,1,0,0,0,"Sep","Feb",NA,NA,50,0,0,0,1,0,0,0,0,0,0,0,0,0,0,0,0,"leaf",1,0,0,0,1,1,1.5,0,0,"leaf",1,"m","i","w","Ursinia dentata"
"Ursinia heterodonta","Ursinia heterodonta","Asteraceae","Ursinia heterodonta","Ursinia heterodonta","Asteraceae",1,0,1,0,1,0,0,1,0,0,0,"Aug","Aug",NA,NA,50,0,0,0,1,0,0,0,0,0,0,0,0,0,0,0,0,"leaf",1,0,0,0,1,1,1.5,0,0,"leaf",1,"m","i","w","Ursinia heterodonta"
"Ursinia hispida","Ursinia hispida","Asteraceae","Ursinia hispida","Ursinia hispida","Asteraceae",1,0,1,0,1,0,0,1,0,0,0,"Sep","Dec",NA,NA,40,0,0,0,1,0,0,0,0,0,0,0,0,0,0,0,0,"leaf",1,0,0,0,1,1,2,0,0,"leaf",1,"m","i","w","Ursinia hispida"
"Ursinia nudicaulis","Ursinia nudicaulis","Asteraceae","Ursinia nudicaulis","Ursinia nudicaulis","Asteraceae",1,0,1,0,1,0,0,1,0,0,0,"Sep","Mar",NA,NA,50,0,0,0,1,0,0,0,0,0,0,0,0,0,0,0,0,"leaf",1,0,0,0,1,1,5,0,0,"leaf",1,"m","i","w","Ursinia nudicaulis"
"Ursinia paleacea","Ursinia paleacea","Asteraceae","Ursinia paleacea","Ursinia paleacea","Asteraceae",1,0,1,0,1,0,0,1,0,0,0,"Aug","Dec",NA,NA,90,0,0,0,1,0,0,0,0,0,0,0,0,0,0,0,0,"leaf",1,0,0,0,1,1,3,0,0,"leaf",1,"m","i","w","Ursinia paleacea"
"Ursinia pilifera","Ursinia pilifera","Asteraceae","Ursinia pilifera","Ursinia pilifera","Asteraceae",1,0,1,0,1,0,0,1,0,0,0,"Jul","Nov",NA,NA,35,0,0,0,1,0,0,0,0,0,0,0,0,0,0,0,0,"leaf",1,0,0,0,0,1,1.7,0,0,"leaf",1,"m","i","w","Ursinia pilifera"
"Ursinia punctata","Ursinia punctata","Asteraceae","Ursinia punctata","Ursinia punctata","Asteraceae",1,0,1,0,1,0,0,1,0,0,0,"Sep","Mar",NA,NA,50,0,0,0,1,0,0,0,0,0,0,0,0,0,0,0,0,"leaf",0,0,1,0,1,1,0.74,0,0,"leaf",1,"m","i","w","Ursinia punctata"
"Ursinia quinquepartita","Ursinia quinquepartita","Asteraceae","Ursinia quinquepartita","Ursinia quinquepartita","Asteraceae",1,0,1,0,1,0,0,1,0,0,0,"Nov","Apr",NA,NA,40,0,0,0,1,0,0,0,0,0,0,0,0,0,0,0,0,"leaf",1,0,0,0,1,1,1.56,0,0,"leaf",1,"m","i","w","Ursinia quinquepartita"
"Ursinia scariosa","Ursinia scariosa","Asteraceae","Ursinia scariosa","Ursinia scariosa","Asteraceae",1,0,1,0,1,0,0,1,0,0,0,"Sep","Feb",NA,NA,150,0,0,0,0,1,0,0,0,0,0,0,0,0,0,0,0,"leaf",1,0,0,0,1,1,2.5,0,0,"leaf",1,"m","i","w","Ursinia scariosa"
"Ursinia sericea","Ursinia sericea","Asteraceae","Ursinia sericea","Ursinia sericea","Asteraceae",1,0,1,0,1,0,0,1,0,0,0,"Sep","Feb",NA,NA,90,0,0,0,1,0,0,0,0,0,0,0,0,0,0,0,0,"leaf",1,0,0,0,1,1,3.2,0,0,"leaf",1,"m","i","w","Ursinia sericea"
"Ursinia serrata","Ursinia serrata","Asteraceae","Ursinia serrata","Ursinia serrata","Asteraceae",1,0,1,0,1,0,0,1,0,0,0,"Aug","Jan",NA,NA,150,0,0,0,0,1,0,0,0,0,0,0,0,0,0,0,0,"leaf",0,0,1,0,0,1,3.5,0,0,"leaf",1,"m","i","w","Ursinia serrata"
"Ursinia tenuifolia","Ursinia tenuifolia","Asteraceae","Ursinia tenuifolia","Ursinia tenuifolia","Asteraceae",1,0,1,0,1,0,0,1,0,0,0,"Sep","Mar",NA,NA,50,0,0,0,1,0,0,0,0,0,0,0,0,0,0,0,0,"leaf",1,0,0,0,1,1,5.95,0,0,"leaf",1,"m","i","w","Ursinia tenuifolia"
"Ursinia trifida","Ursinia trifida","Asteraceae","Ursinia trifida","Ursinia trifida","Asteraceae",1,0,1,0,1,0,0,1,0,0,0,"Nov","Apr",NA,NA,60,0,0,0,1,0,0,0,0,0,0,0,0,0,0,0,0,"leaf",1,0,0,0,1,1,1.68,0,0,"leaf",1,"m","i","w","Ursinia trifida"
"Utricularia bisquamata","Utricularia bisquamata","Lentibulariaceae","Utricularia bisquamata","Utricularia bisquamata","Lentibulariaceae",0,1,1,0,0,1,1,1,0,0,0,"Sep","Jan",NA,NA,12,1,0,0,0,0,0,0,0,0,0,0,0,0,0,0,0,"leaf",1,0,0,0,0,0,0.5,0,0,"leaf",0,"l","i","p","Utricularia bisquamata"
"Vachellia karroo","Acacia karroo","Fabaceae","Vachellia karroo","Vachellia karroo","Fabaceae",1,0,1,0,0,1,0,0,0,1,0,"Nov","Dec",NA,NA,1200,0,0,0,0,0,1,1,0,0,0,0,0,0,0,0,0,"leaf",0,1,0,1,0,0,1.3,0,0,"leaf",3,"l","i","m","Vachellia karroo"
"Vellereophyton dealbatum","Vellereophyton dealbatum","Asteraceae","Vellereophyton dealbatum","Vellereophyton dealbatum","Asteraceae",1,0,1,0,1,0,0,0,0,1,0,"Jul","Mar",NA,NA,20,1,0,0,0,0,0,0,1,0,0,0,0,0,0,0,0,"leaf",0,1,0,0,0,0,2.5,0,0,"leaf",2,"l","i","w","Vellereophyton dealbatum"
"Villarsia capensis","Villarsia capensis","Menyanthaceae","Villarsia capensis","Villarsia capensis","Menyanthaceae",1,1,1,0,1,0,1,1,0,0,0,"Oct","Feb",NA,NA,20,1,0,0,0,0,0,0,0,0,0,0,0,0,0,0,0,"leaf",0,0,1,0,0,0,3.88,0,0,"leaf",2,"l","i","p","Villarsia capensis"
"Virgilia oroboides","Virgilia oroboides","Fabaceae","Virgilia oroboides","Virgilia oroboides","Fabaceae",1,0,1,0,0,1,0,0,0,0,0,"Jan","Apr",NA,NA,2000,0,0,0,0,0,0,1,0,0,0,0,0,0,0,0,0,"leaf",0,0,1,1,0,0,2.7,0,0,"leaf",2,"h","i","p","Virgilia oroboides"
"Viscum capense","Viscum capense","Viscaceae","Viscum capense","Viscum capense","Santalaceae",1,0,0,1,1,0,0,0,0,0,0,"Jul","Oct",NA,NA,50,0,0,0,0,0,0,0,0,0,0,1,1,1,1,1,0,"leaf",1,0,0,0,0,0,13.7,1,1,"mixed",2,"l","i","m","Viscum capense"
"Viscum pauciflorum","Viscum pauciflorum","Viscaceae","Viscum pauciflorum","Viscum pauciflorum","Santalaceae",1,0,1,0,1,0,0,0,0,0,0,"Apr","Oct",NA,NA,75,0,0,0,0,0,0,0,0,0,0,1,1,1,1,1,0,"leaf",0,0,1,0,0,0,3,0,1,"mixed",2,"l","i","m","Viscum pauciflorum"
"Viscum rotundifolium","Viscum rotundifolium","Viscaceae","Viscum rotundifolium","Viscum rotundifolium","Santalaceae",1,0,1,0,1,0,0,0,0,0,0,"Feb","May",NA,NA,75,0,0,0,0,0,0,0,0,0,0,1,1,1,1,1,0,"leaf",0,0,1,0,0,0,1.2,0,1,"mixed",2,"l","i","m","Viscum rotundifolium"
"Wachendorfia paniculata","Wachendorfia paniculata","Haemodoraceae","Wachendorfia paniculata","Wachendorfia paniculata","Haemodoraceae",1,0,1,0,1,0,0,0,0,1,0,"Aug","Nov",NA,NA,70,0,1,0,0,0,0,0,0,0,0,0,0,0,0,0,0,"leaf",1,0,0,0,0,0,26.36666667,0,0,"leaf",3,"m","i","m","Wachendorfia paniculata"
"Wahlenbergia albens","Wahlenbergia albens","Campanulaceae","Wahlenbergia albens","Wahlenbergia albens","Campanulaceae",1,0,1,0,1,0,0,1,0,0,0,"Oct","Jan",NA,NA,50,0,0,0,1,0,0,0,0,0,0,0,0,0,0,0,0,"leaf",1,0,0,0,0,0,1,0,0,"leaf",1,"m","i","p","Wahlenbergia albens"
"Wahlenbergia cinerea","Wahlenbergia cinerea","Campanulaceae","Wahlenbergia cinerea","Wahlenbergia cinerea","Campanulaceae",1,0,1,0,1,0,0,1,0,0,0,"Nov","May",NA,NA,50,0,0,0,1,0,0,0,0,0,0,0,0,0,0,0,0,"leaf",0,1,0,0,0,0,1,0,0,"leaf",1,"m","i","p","Wahlenbergia cinerea"
"Wahlenbergia desmantha","Wahlenbergia desmantha","Campanulaceae","Wahlenbergia desmantha","Wahlenbergia desmantha","Campanulaceae",1,0,1,0,1,0,0,1,0,0,0,"Jan","Apr",NA,NA,80,0,0,0,1,0,0,0,0,0,0,0,0,0,0,0,0,"leaf",0,0,1,0,0,0,0.5,0,0,"leaf",1,"m","i","p","Wahlenbergia desmantha"
"Wahlenbergia ecklonii","Wahlenbergia ecklonii","Campanulaceae","Wahlenbergia ecklonii","Wahlenbergia ecklonii","Campanulaceae",1,0,1,0,1,0,0,1,0,0,0,"Oct","Dec",NA,NA,30,1,0,0,0,0,0,0,0,0,0,0,0,0,0,0,0,"leaf",0,1,0,0,0,0,1,0,0,"leaf",1,"m","i","p","Wahlenbergia ecklonii"
"Wahlenbergia fruticosa","Wahlenbergia fruticosa","Campanulaceae","Wahlenbergia fruticosa","Wahlenbergia fruticosa","Campanulaceae",1,0,1,0,1,0,0,1,0,0,0,"Feb","May",NA,NA,50,0,0,0,1,0,0,0,0,0,0,0,0,0,0,0,0,"leaf",1,0,0,0,0,0,1,0,0,"leaf",1,"m","i","p","Wahlenbergia fruticosa"
"Wahlenbergia macrostachys","Wahlenbergia macrostachys","Campanulaceae","Wahlenbergia macrostachys","Wahlenbergia macrostachys","Campanulaceae",1,0,1,0,1,0,0,1,0,0,0,"Sep","Jan",NA,NA,50,0,0,0,1,0,0,0,0,0,0,0,0,0,0,0,0,"leaf",0,1,0,0,0,0,0.43,0,0,"leaf",1,"m","i","p","Wahlenbergia macrostachys"
"Wahlenbergia neorigida","Wahlenbergia neorigida","Campanulaceae","Wahlenbergia neorigida","Wahlenbergia neorigida","Campanulaceae",1,0,1,0,1,0,0,1,0,0,0,"Nov","Apr",NA,NA,60,0,0,0,1,0,0,0,0,0,0,0,0,0,0,0,0,"leaf",0,0,1,0,0,0,0.266363636,0,0,"leaf",1,"m","i","p","Wahlenbergia neorigida"
"Wahlenbergia obovata","Wahlenbergia obovata","Campanulaceae","Wahlenbergia obovata","Wahlenbergia obovata","Campanulaceae",0,1,1,0,1,0,0,1,0,0,0,"Sep","Feb",NA,NA,50,1,0,0,0,0,0,0,0,0,0,0,0,0,0,0,0,"leaf",0,0,1,0,0,0,1.5,0,0,"leaf",0,"m","i","p","Wahlenbergia obovata"
"Wahlenbergia rubens","Wahlenbergia rubens","Campanulaceae","Wahlenbergia rubens","Wahlenbergia rubens","Campanulaceae",1,0,1,0,1,0,0,1,0,0,0,"Sep","Mar",NA,NA,50,0,0,0,1,0,0,0,0,0,0,0,0,0,0,0,0,"leaf",0,1,0,0,0,0,0.7,0,0,"leaf",1,"m","i","p","Wahlenbergia rubens"
"Wahlenbergia tenella","Wahlenbergia tenella","Campanulaceae","Wahlenbergia tenella","Wahlenbergia tenella","Campanulaceae",1,0,1,0,1,0,0,1,0,0,0,"Nov","May",NA,NA,80,0,0,0,1,0,0,0,0,0,0,0,0,0,0,0,0,"leaf",0,0,1,0,0,0,1.36,0,0,"leaf",1,"m","i","p","Wahlenbergia tenella"
"Wahlenbergia unidentata","Wahlenbergia unidentata","Campanulaceae","Wahlenbergia unidentata","Wahlenbergia unidentata","Campanulaceae",1,0,1,0,1,0,0,1,0,0,0,"Dec","Apr",NA,NA,40,0,0,0,1,0,0,0,0,0,0,0,0,0,0,0,0,"leaf",0,1,0,0,0,0,1,0,0,"leaf",1,"m","i","p","Wahlenbergia unidentata"
"Watsonia fourcadei","Watsonia fourcadei","Iridaceae","Watsonia fourcadei","Watsonia fourcadei","Iridaceae",1,0,1,0,0,1,0,1,0,1,0,"Nov","Jan",NA,NA,200,0,1,0,0,0,0,0,0,0,0,0,0,0,0,0,0,"leaf",0,1,0,0,0,0,43.6,0,0,"leaf",2,"h","i","w","Watsonia fourcadei"
"Watsonia knysnana","Watsonia knysnana","Iridaceae","Watsonia knysnana","Watsonia knysnana","Iridaceae",1,0,1,0,0,1,0,1,0,1,0,"Nov","Jan",NA,NA,160,0,1,0,0,0,0,0,0,0,0,0,0,0,0,0,0,"leaf",0,1,0,0,0,0,50,0,0,"leaf",2,"h","i","w","Watsonia knysnana"
"Watsonia marginata","Watsonia marginata","Iridaceae","Watsonia marginata","Watsonia marginata","Iridaceae",1,0,1,0,0,1,0,1,0,1,0,"Sep","Dec",NA,NA,200,0,1,0,0,0,0,0,0,0,0,0,0,0,0,0,0,"leaf",0,1,0,0,0,0,50,0,0,"leaf",2,"h","i","w","Watsonia marginata"
"Watsonia meriana","Watsonia borbonica","Iridaceae","Watsonia meriana","Watsonia meriana","Iridaceae",1,0,1,0,0,1,0,1,0,1,0,"Oct","Jan",NA,NA,200,0,1,0,0,0,0,0,0,0,0,0,0,0,0,0,0,"leaf",0,1,0,0,0,0,35.01666667,0,0,"leaf",2,"h","i","w","Watsonia meriana"
"Watsonia schlechteri","Watsonia schlechteri","Iridaceae","Watsonia schlechteri","Watsonia schlechteri","Iridaceae",1,0,1,0,0,1,0,1,1,1,0,"Nov","Feb",NA,NA,100,0,1,0,0,0,0,0,0,0,0,0,0,0,0,0,0,"leaf",0,1,0,0,0,0,50,0,0,"leaf",2,"h","i","w","Watsonia schlechteri"
"Watsonia tabularis","Watsonia tabularis","Iridaceae","Watsonia tabularis","Watsonia tabularis","Iridaceae",1,0,1,0,0,1,0,1,0,1,0,"Nov","Dec",NA,NA,150,0,1,0,0,0,0,0,0,0,0,0,0,0,0,0,0,"leaf",0,1,0,0,0,0,58.13333333,0,0,"leaf",2,"h","i","w","Watsonia tabularis"
"Watsonia vanderspuyiae","Watsonia vanderspuyiae","Iridaceae","Watsonia vanderspuyae","Watsonia vanderspuyae","Iridaceae",1,0,1,0,0,1,0,1,0,1,0,"Sep","Nov",NA,NA,200,0,1,0,0,0,0,0,0,0,0,0,0,0,0,0,0,"leaf",0,1,1,0,0,0,82.84,0,0,"leaf",2,"h","i","w","Watsonia vanderspuyae"
"Wiborgia tetraptera","Wiborgia tetraptera","Fabaceae","Wiborgia tetraptera","Wiborgia tetraptera","Fabaceae",1,0,1,0,0,1,0,1,0,0,0,"Sep","Nov",NA,NA,150,0,0,0,0,1,1,0,0,0,0,0,0,0,0,0,0,"leaf",0,0,1,1,0,0,0.62,0,0,"leaf",2,"h","i","w","Wiborgia tetraptera"
"Widdringtonia cedarbergensis","Widdringtonia cedarbergensis","Cupressaceae","Widdringtonia cedarbergensis","Widdringtonia cedarbergensis","Cupressaceae",1,0,1,0,1,0,0,0,0,0,0,"Jan","Apr",NA,NA,1000,0,0,0,0,0,0,1,0,0,0,0,0,0,0,0,0,"leaf",0,0,1,0,0,0,2.94,0,0,"leaf",3,"h","w","w","Widdringtonia cedarbergensis"
"Widdringtonia nodiflora","Widdringtonia nodiflora","Cupressaceae","Widdringtonia nodiflora","Widdringtonia nodiflora","Cupressaceae",1,0,1,0,1,0,0,0,0,1,0,"Jan","Dec",NA,NA,500,0,0,0,0,0,1,1,0,0,0,0,0,0,0,0,0,"leaf",0,0,1,0,0,0,4.716,0,0,"leaf",3,"h","w","w","Widdringtonia nodiflora"
"Willdenowia arescens","Willdenowia arescens","Restionaceae","Willdenowia arescens","Willdenowia arescens","Restionaceae",1,0,0,1,1,0,0,0,0,1,0,"Aug","Nov",NA,NA,100,0,0,1,0,0,0,0,0,0,0,0,0,0,0,0,0,"leaf",1,0,0,0,0,0,43.2,1,1,"culm_stem",2,"h","w","i","Willdenowia arescens"
"Willdenowia bolusii","Willdenowia bolusii","Restionaceae","Willdenowia bolusii","Willdenowia bolusii","Restionaceae",1,0,0,1,1,0,0,0,0,0,0,"Feb","Feb",NA,NA,100,0,0,1,0,0,0,0,0,0,0,0,0,0,0,0,0,"leaf",1,0,0,0,0,0,93.8,1,1,"culm_stem",2,"h","w","i","Willdenowia bolusii"
"Willdenowia glomerata","Willdenowia glomerata","Restionaceae","Willdenowia glomerata","Willdenowia glomerata","Restionaceae",1,0,0,1,1,0,0,0,0,0,0,"Apr","Aug",NA,NA,100,0,0,1,0,0,0,0,0,0,0,0,0,0,0,0,0,"leaf",1,0,0,0,0,0,68.88235294,1,1,"culm_stem",2,"h","w","i","Willdenowia glomerata"
"Willdenowia humilis","Willdenowia humilis","Restionaceae","Willdenowia humilis","Willdenowia humilis","Restionaceae",1,0,0,1,1,0,0,0,0,1,0,"Oct","Nov",NA,NA,30,0,0,1,0,0,0,0,0,0,0,0,0,0,0,0,0,"leaf",1,0,0,0,0,0,70,1,1,"culm_stem",2,"h","w","i","Willdenowia humilis"
"Willdenowia incurvata","Willdenowia incurvata","Restionaceae","Willdenowia incurvata","Willdenowia incurvata","Restionaceae",1,0,0,1,1,0,0,0,0,1,0,"Jun","Jun",NA,NA,200,0,0,1,0,0,0,0,0,0,0,0,0,0,0,0,0,"leaf",1,0,0,0,0,0,80.875,1,1,"culm_stem",2,"h","w","i","Willdenowia incurvata"
"Willdenowia stokoei","Willdenowia stokoei","Restionaceae","Willdenowia stokoei","Willdenowia stokoei","Restionaceae",1,0,0,1,1,0,0,0,0,1,0,"Oct","Oct",NA,NA,60,0,0,1,0,0,0,0,0,0,0,0,0,0,0,0,0,"leaf",1,0,0,0,0,0,40,1,1,"culm_stem",2,"h","w","i","Willdenowia stokoei"
"Willdenowia sulcata","Willdenowia sulcata","Restionaceae","Willdenowia sulcata","Willdenowia sulcata","Restionaceae",1,0,0,1,1,0,0,0,0,1,0,"Sep","Sep",NA,NA,50,0,0,1,0,0,0,0,0,0,0,0,0,0,0,0,0,"leaf",1,0,0,0,0,0,36.28,1,1,"culm_stem",2,"h","w","i","Willdenowia sulcata"
"Willdenowia teres","Willdenowia teres","Restionaceae","Willdenowia teres","Willdenowia teres","Restionaceae",1,0,0,1,1,0,0,0,0,1,0,"Sep","Sep",NA,NA,100,0,0,1,0,0,0,0,0,0,0,0,0,0,0,0,0,"leaf",1,0,0,0,0,0,27.9875,1,1,"culm_stem",2,"h","w","i","Willdenowia teres"
"Zantedeschia aethiopica","Zantedeschia aethiopica","Araceae","Zantedeschia aethiopica","Zantedeschia aethiopica","Araceae",1,0,1,0,1,0,0,0,0,1,0,"Jun","Dec",NA,NA,100,0,1,0,0,0,0,0,0,0,0,0,0,0,0,0,0,"leaf",0,0,1,0,0,0,23.94,0,0,"leaf",2,"l","w","m","Zantedeschia aethiopica"
"Zyrphelis microcephala","Zyrphelis microcephala","Asteraceae","Zyrphelis microcephala","Zyrphelis microcephala","Asteraceae",1,0,1,0,1,0,0,1,0,0,0,"Sep","Apr",NA,NA,30,0,0,0,1,0,0,0,0,0,0,0,0,0,0,0,0,"leaf",1,0,0,0,0,0,0.8,0,0,"leaf",2,"h","w","i","Zyrphelis microcephala"
"Alatoseta tenuis","Alatoseta tenuis","Asteraceae","Alatoseta tenuis","Alatoseta tenuis","Asteraceae",0,1,1,0,0,0,1,1,0,0,0,"Oct","Oct",NA,NA,5,1,0,0,0,0,0,0,0,0,0,0,0,0,0,0,0,"leaf",1,0,0,0,0,0,2,0,0,"leaf",0,"l","i","w","Alatoseta tenuis"
"Albuca concordiana","Albuca concordiana","Hyacinthaceae","Coilonox concordianum","Coilonox concordianum","Asparagaceae",1,0,1,0,0,1,1,1,0,0,0,"Aug","Sep",NA,NA,20,1,1,0,0,0,0,0,0,0,0,0,0,0,0,0,0,"leaf",1,0,0,0,0,0,20,0,0,"leaf",2,"l","i","w","Coilonox concordianum"
"Aloe comosa","Aloe comosa","Asphodelaceae","Aloe comosa","Aloe comosa","Asphodelaceae",1,0,1,0,1,0,0,0,0,0,0,NA,NA,NA,NA,200,0,0,0,0,1,0,0,0,0,0,0,0,1,1,1,0,"leaf",0,1,0,0,0,0,70,0,0,"leaf",3,"l","b","w","Aloe comosa"
"Aloe dichotoma var. dichotoma","Aloe dichotoma var. dichotoma","Asphodelaceae","Qualea cordata var. dichotoma","Qualea cordata var. dichotoma","Vochysiaceae",1,0,1,0,1,0,0,0,0,0,0,NA,NA,NA,NA,900,0,0,0,0,0,0,1,0,0,0,0,0,1,1,1,NA,"leaf",0,1,0,0,0,0,30,0,0,"leaf",3,"l","b","w","Qualea cordata var. dichotoma"
"Aloe microstigma","Aloe microstigma","Asphodelaceae","Aloe microstigma","Aloe microstigma","Asphodelaceae",1,0,1,0,1,0,0,0,0,0,0,"May","Jul",NA,NA,50,0,0,0,0,0,0,0,0,0,0,0,NA,1,1,1,0,"leaf",0,1,0,0,0,0,21,0,0,"leaf",3,"l","i,b","w","Aloe microstigma"
"Alyssum minutum","Alyssum minutum","Brassicaceae","Alyssum minutum","Alyssum minutum","Brassicaceae",0,1,1,0,0,0,1,1,0,0,0,NA,NA,NA,NA,12,1,0,0,0,0,0,0,0,0,0,0,0,0,0,0,0,"leaf",0,1,0,0,0,0,1.5,0,0,"leaf",0,"l","i","w","Alyssum minutum"
"Amphiglossa tomentosa","Amphiglossa tomentosa","Asteraceae","Pterothrix tomentosa","Pterothrix tomentosa","Asteraceae",1,0,1,0,1,0,0,0,0,0,0,"Nov","Feb",NA,NA,60,0,0,0,1,0,0,0,0,0,0,0,0,0,0,0,0,"leaf",1,0,0,0,0,0,1.3,0,0,"leaf",2,"h","i","w","Pterothrix tomentosa"
"Amphiglossa triflora","Amphiglossa triflora","Asteraceae","Pterothrix spinescens","Pterothrix spinescens","Asteraceae",1,0,1,0,1,0,0,0,0,0,0,NA,NA,NA,NA,50,0,0,0,1,0,0,0,0,0,0,0,0,0,0,0,0,"leaf",1,0,0,0,0,0,0.6,0,0,"leaf",3,"m","i","w","Pterothrix spinescens"
"Amsinckia calycina","Amsinckia calycina","Boraginaceae","Amsinckia calycina","Amsinckia calycina","Boraginaceae",0,1,1,0,0,0,1,1,0,0,0,NA,NA,NA,NA,50,1,0,0,0,0,0,0,0,0,0,0,0,0,0,0,0,"leaf",0,0,1,0,0,0,6,0,0,"leaf",0,"l","i","p","Amsinckia calycina"
"Amsinckia menziesii","Amsinckia menziesii","Boraginaceae","Amsinckia menziesii","Amsinckia menziesii","Boraginaceae",0,1,1,0,0,0,1,1,0,0,0,NA,NA,NA,NA,50,1,0,0,0,0,0,0,0,0,0,0,0,0,0,0,0,"leaf",0,0,1,0,0,0,9,0,0,"leaf",0,"l","i","p","Amsinckia menziesii"
"Anacampseros albidiflora","Anacampseros albidiflora","Portulacaceae","Anacampseros albidiflora","Anacampseros albidiflora","Anacampserotaceae",1,0,1,0,1,0,0,0,0,0,0,NA,NA,NA,NA,12,1,0,0,0,0,0,0,0,0,0,0,0,1,1,1,0,"leaf",0,1,0,0,0,0,0.3,0,0,"leaf",2,"l","m","w","Anacampseros albidiflora"
"Colchicum coloratum subsp. burchellii","Androcymbium burchellii","Colchicaceae","Colchicum burchellii","Colchicum burchellii","Colchicaceae",1,0,1,0,1,0,0,0,0,1,0,NA,NA,NA,NA,10,1,1,0,0,0,0,0,0,0,0,0,0,0,0,0,0,"leaf",0,0,1,0,0,0,21,0,0,"leaf",2,"l","m","w","Colchicum burchellii"
"Colchicum volutare","Androcymbium volutare","Colchicaceae","Colchicum volutare","Colchicum volutare","Colchicaceae",1,0,1,0,1,0,0,0,0,1,0,NA,NA,NA,NA,15,1,1,0,0,0,0,0,0,0,0,0,0,0,0,0,0,"leaf",0,1,0,0,0,0,15,0,0,"leaf",2,"l","m","w","Colchicum volutare"
"Anginon fruticosum","Anginon fruticosum","Apiaceae","Anginon fruticosum","Anginon fruticosum","Apiaceae",1,0,1,0,1,0,0,0,0,0,0,"Jan","Apr",NA,NA,300,0,0,0,0,1,0,0,0,0,0,0,0,0,0,0,0,"leaf",0,0,1,1,0,1,5.2,0,0,"leaf",2,"m","i","w","Anginon fruticosum"
"Anisodontea triloba","Anisodontea triloba","Malvaceae","Anisodontea triloba","Anisodontea triloba","Malvaceae",1,0,1,0,1,0,0,0,0,0,0,"Sep","Oct",NA,NA,150,0,0,0,0,1,0,0,0,0,0,0,0,0,0,0,0,"leaf",0,0,1,0,1,0,1.2,0,0,"leaf",2,"h","i","p","Anisodontea triloba"
"Anthospermum anthiopicum","Anthospermum anthiopicum","Rubiaceae","Anthospermum aethiopicum","Anthospermum aethiopicum","Rubiaceae",1,0,1,0,1,0,0,0,0,0,0,"Aug","Jan",NA,NA,200,0,0,0,0,1,0,0,0,0,0,0,0,0,0,0,0,"leaf",1,0,0,0,0,0,1,0,0,"leaf",2,"h","w","p","Anthospermum aethiopicum"
"Anthospermum dregei","Anthospermum dregei","Rubiaceae","Anthospermum dregei","Anthospermum dregei","Rubiaceae",1,0,1,0,1,0,0,0,0,0,0,"Aug","Oct",NA,NA,40,0,0,0,1,0,0,0,0,0,0,0,0,0,0,0,0,"leaf",1,0,0,0,0,0,1,0,0,"leaf",2,"h","w","p","Anthospermum dregei"
"Antimima gracillima","Antimima gracillima","Aizoaceae","Antimima gracillima","Antimima gracillima","Aizoaceae",1,0,1,0,1,0,0,0,0,0,0,"Jul","Sep",NA,NA,30,0,0,0,1,0,0,0,0,0,0,0,0,1,1,0,0,"leaf",0,1,0,0,0,0,1.3,0,0,"leaf",2,"l","i","p","Antimima gracillima"
"Antimima triquetra","Antimima triquetra","Aizoaceae","Antimima triquetra","Antimima triquetra","Aizoaceae",1,0,1,0,1,0,0,0,0,0,0,"Jun",NA,NA,NA,10,0,0,0,1,0,0,0,0,0,0,0,0,1,1,0,0,"leaf",0,0,1,0,0,0,0.8,0,0,"leaf",2,"l","i","p","Antimima triquetra"
"Aptosimum indivisum","Aptosimum indivisum","Scrophulariaceae","Aptosimum indivisum","Aptosimum indivisum","Scrophulariaceae",1,0,1,0,1,0,0,0,0,0,0,"Aug","Dec",NA,NA,10,0,0,0,1,0,0,0,0,0,0,0,0,0,0,0,0,"leaf",0,1,0,0,0,0,2.1,0,0,"leaf",3,"l","i","p","Aptosimum indivisum"
"Aptosimum procumbens","Aptosimum procumbens","Scrophulariaceae","Aptosimum procumbens","Aptosimum procumbens","Scrophulariaceae",1,0,1,0,1,0,0,0,0,0,0,NA,NA,NA,NA,10,0,0,0,1,0,0,0,1,0,0,0,0,0,0,0,0,"leaf",0,0,1,0,0,0,4,0,0,"leaf",3,"l","i","p","Aptosimum procumbens"
"Aptosimum spinescens","Aptosimum spinescens","Scrophulariaceae","Aptosimum spinescens","Aptosimum spinescens","Scrophulariaceae",1,0,1,0,1,0,0,0,0,0,0,"Oct","Dec",NA,NA,25,0,0,0,1,0,0,0,0,0,0,0,0,0,0,0,0,"leaf",1,0,0,0,0,0,0.7,0,0,"leaf",3,"l","i","p","Aptosimum spinescens"
"Arctotis fastuosa","Arctotis fastuosa","Asteraceae","Arctotis fastuosa","Arctotis fastuosa","Asteraceae",0,1,1,0,0,0,1,1,0,0,0,NA,NA,NA,NA,50,1,0,0,0,0,0,0,0,0,0,0,0,0,0,0,0,"leaf",0,1,0,1,1,NA,20,0,0,"leaf",0,"l","i","w","Arctotis fastuosa"
"Mesembryanthemum noctiflora","Aridaria noctiflora","Aizoaceae","Mesembryanthemum noctiflorum","Mesembryanthemum noctiflorum","Aizoaceae",1,0,1,0,1,0,0,0,0,0,0,"Oct","Nov",NA,NA,100,0,0,0,1,0,0,0,0,0,0,0,0,1,1,0,0,"leaf",0,1,0,0,0,0,2,0,0,"leaf",3,"l","i","p","Mesembryanthemum noctiflorum"
"Aristida vestita","Aristida vestita","Poaceae","Aristida vestita","Aristida vestita","Poaceae",1,0,1,0,0,0,0,0,0,0,0,"Nov",NA,NA,NA,85,0,0,1,0,0,0,0,0,0,0,0,0,0,0,0,0,"leaf",1,0,0,0,0,0,20,0,1,"leaf",2,"h","w","w","Aristida vestita"
"Asparagus asparagoides","Asparagus asparagoides","Asparagaceae","Asparagus asparagoides","Asparagus asparagoides","Asparagaceae",1,0,1,0,1,0,0,0,0,1,0,NA,NA,NA,NA,100,0,1,0,0,1,0,0,1,0,0,0,0,0,0,0,0,"cladode",0,0,1,0,0,0,2,0,0,"leaf",3,"m","i","m","Asparagus asparagoides"
"Asparagus multituberosus","Asparagus multituberosus","Asparagaceae","Asparagus multituberosus","Asparagus multituberosus","Asparagaceae",1,0,1,0,1,0,0,0,0,1,0,NA,NA,NA,NA,45,0,1,0,1,0,0,0,1,0,0,0,0,0,0,0,0,"cladode",0,0,1,0,0,0,2,0,0,"leaf",3,"m","i","m","Asparagus multituberosus"
"Asparagus ovatus","Asparagus ovatus","Asparagaceae","Asparagus ovatus","Asparagus ovatus","Asparagaceae",1,0,1,0,1,0,0,0,0,1,0,"Jul",NA,NA,NA,100,0,1,0,1,1,0,0,1,0,0,0,0,0,0,0,0,"cladode",0,0,1,0,0,0,2,0,0,"leaf",2,"l","i","m","Asparagus ovatus"
"Athanasia minuta","Athanasia minuta","Asteraceae","Athanasia minuta","Athanasia minuta","Asteraceae",1,0,1,0,1,0,0,0,0,0,0,NA,NA,NA,NA,25,0,0,0,1,0,0,0,0,0,0,0,0,0,0,0,0,"leaf",1,0,0,0,0,0,2,0,0,"leaf",2,"l","i","w","Athanasia minuta"
"Atriplex cinerea","Atriplex cinerea subsp. bolusii","Amaranthaceae","Atriplex cinerea","Atriplex cinerea","Chenopodiaceae",1,0,1,0,1,0,0,0,0,0,0,"Sep","Oct",NA,NA,60,0,0,0,1,0,0,0,0,0,0,0,0,0,0,0,0,"leaf",0,0,1,0,0,0,3,0,0,"leaf",2,"l","u","p","Atriplex cinerea"
"Atriplex lindleyi","Atriplex lindleyi","Amaranthaceae","Atriplex lindleyi","Atriplex lindleyi","Chenopodiaceae",1,0,1,0,1,0,0,0,0,0,0,"May","Oct",NA,NA,30,1,0,0,0,0,0,0,0,0,0,0,0,0,0,0,0,"leaf",0,0,1,0,0,0,2,0,0,"leaf",1,"l","u","p","Atriplex lindleyi"
"Atriplex semibaccata","Atriplex semibaccata","Amaranthaceae","Atriplex semibaccata","Atriplex semibaccata","Chenopodiaceae",1,0,1,0,1,0,0,0,0,0,0,"Sep","Dec",NA,NA,30,1,0,0,0,0,0,0,1,0,0,0,0,0,0,0,0,"leaf",0,1,0,0,0,0,1.5,0,0,"leaf",1,"l","u","p","Atriplex semibaccata"
"Augea capensis","Augea capensis","Zygophyllaceae","Zygophyllum augea","Zygophyllum augea","Zygophyllaceae",1,0,1,0,1,0,0,0,0,0,0,"Aug","Oct",NA,NA,40,0,0,0,1,0,0,0,0,0,0,0,0,1,1,1,0,"leaf",0,1,0,0,0,0,5,0,0,"leaf",1,"l","i","w","Zygophyllum augea"
"Babiana flabellifolia","Babiana flabellifolia","Iridaceae","Babiana flabellifolia","Babiana flabellifolia","Iridaceae",1,0,1,0,1,0,0,0,0,1,0,NA,NA,NA,NA,10,0,1,0,0,0,0,0,0,0,0,0,0,0,0,0,0,"leaf",0,1,0,0,0,0,5,0,0,"leaf",3,"l","i","w","Babiana flabellifolia"
"Babiana framesii","Babiana framesii","Iridaceae","Babiana framesii","Babiana framesii","Iridaceae",1,0,1,0,1,0,0,0,0,1,0,NA,NA,NA,NA,10,0,1,0,0,0,0,0,0,0,0,0,0,0,0,0,0,"leaf",0,1,0,0,0,0,10,0,0,"leaf",3,"l","i","w","Babiana framesii"
"Babiana pauciflora","Babiana pauciflora","Iridaceae","Babiana pauciflora","Babiana pauciflora","Iridaceae",1,0,1,0,1,0,1,1,0,1,0,"Jun",NA,NA,NA,10,0,1,0,0,0,0,0,0,0,0,0,0,0,0,0,0,"leaf",1,0,0,0,0,0,10,0,0,"leaf",2,"l","i","w","Babiana pauciflora"
"Babiana sambucina","Babiana sambucina var. longibracteata","Iridaceae","Babiana sambucina","Babiana sambucina","Iridaceae",1,0,1,0,1,0,1,1,0,1,0,"Jul","Sep",NA,NA,15,0,1,0,0,0,0,0,0,0,0,0,0,0,0,0,0,"leaf",1,0,0,0,0,0,23,0,0,"leaf",2,"l","i","w","Babiana sambucina"
"Babiana spathacea","Babiana spathaceae","Iridaceae","Babiana spathacea","Babiana spathacea","Iridaceae",1,0,1,0,1,0,0,0,0,1,0,NA,NA,NA,NA,40,0,1,0,0,0,0,0,0,0,0,0,0,0,0,0,0,"leaf",0,1,0,0,0,0,30,0,0,"leaf",3,"l","i","w","Babiana spathacea"
"Berkheya eriobasis","Berkheya eriobasis","Asteraceae","Berkheya eriobasis","Berkheya eriobasis","Asteraceae",1,0,1,0,1,0,0,0,0,1,0,"Oct","Dec",NA,NA,100,0,0,0,1,0,0,0,0,0,0,0,0,0,0,0,0,"leaf",0,1,0,0,1,1,10,0,0,"leaf",2,"m","i","w","Berkheya eriobasis"
"Berkheya fruticosa","Berkheya fruticosa","Asteraceae","Berkheya fruticosa","Berkheya fruticosa","Asteraceae",1,0,1,0,1,0,0,0,0,0,0,NA,NA,NA,NA,150,0,0,0,0,1,0,0,0,0,0,0,0,0,0,0,0,"leaf",0,1,0,0,0,0,5,0,0,"leaf",2,"m","i","w","Berkheya fruticosa"
"Berkheya glabrata","Berkheya glabrata","Asteraceae","Berkheya glabrata","Berkheya glabrata","Asteraceae",1,0,1,0,1,0,0,0,0,0,0,"Oct",NA,NA,NA,100,0,0,0,1,0,0,0,0,0,0,0,0,0,0,0,0,"leaf",0,1,0,0,1,1,20,0,0,"leaf",2,"m","i","w","Berkheya glabrata"
"Berkheya heterophylla","Berkheya heterophylla","Asteraceae","Berkheya heterophylla","Berkheya heterophylla","Asteraceae",1,0,1,0,1,0,0,0,0,0,0,"Sep","Jan",NA,NA,100,0,0,0,1,0,0,0,0,0,0,0,0,0,0,0,0,"leaf",0,1,0,0,1,1,20,0,0,"leaf",2,"m","i","w","Berkheya heterophylla"
"Berkheya onobromoides","Berkheya onobromoides","Asteraceae","Berkheya onobromoides","Berkheya onobromoides","Asteraceae",1,0,1,0,1,0,0,0,0,0,0,NA,NA,NA,NA,100,0,0,0,1,0,0,0,0,0,0,0,0,0,0,0,0,"leaf",0,1,0,1,1,NA,40,0,0,"leaf",2,"m","i","w","Berkheya onobromoides"
"Boophane disticha","Boophane disticha","Amaryllidaceae","Boophone disticha","Boophone disticha","Amaryllidaceae",1,0,1,0,0,1,0,0,0,1,0,NA,NA,NA,NA,50,0,1,0,0,0,0,0,0,0,0,0,0,1,0,1,0,"leaf",1,0,0,0,0,0,30,0,0,"leaf",3,"l","m","w","Boophone disticha"
"Bromus pectinatus","Bromus pectinatus","Poaceae","Bromus pectinatus","Bromus pectinatus","Poaceae",0,1,1,0,0,0,1,1,0,0,0,"Jul","Nov",NA,NA,80,0,0,1,0,0,0,0,0,0,0,0,0,0,0,0,0,"leaf",1,0,0,0,0,0,10,0,0,"leaf",0,"l","w","p","Bromus pectinatus"
"Brunsvigia bosmaniae","Brunsvigia bosmaniae","Amaryllidaceae","Brunsvigia bosmaniae","Brunsvigia bosmaniae","Amaryllidaceae",1,0,1,0,0,1,1,1,0,0,0,"Mar","May",NA,NA,20,0,1,0,0,0,0,0,0,0,0,0,0,0,0,0,0,"leaf",0,1,0,0,0,0,35,0,0,"leaf",3,"l","m","w","Brunsvigia bosmaniae"
"Brunsvigia striata","Brunsvigia cf. minor","Amaryllidaceae","Brunsvigia nervosa","(Poir.) Masw.","Amaryllidaceae",1,0,1,0,0,1,0,0,0,1,0,NA,NA,NA,NA,35,0,1,0,0,0,0,0,0,0,0,0,0,0,0,0,0,"leaf",0,1,0,0,0,0,20,0,0,"leaf",3,"l","m","w","(Poir.) Masw."
"Bulbine aloides","Bulbine aloides","Asphodelaceae","Bulbine alooides","Bulbine alooides","Asphodelaceae",1,0,1,0,0,1,1,1,0,0,0,"Mar","May",NA,NA,40,0,1,0,0,0,0,0,0,0,0,0,0,1,1,0,0,"leaf",1,0,0,0,0,0,15,0,0,"leaf",2,"l","i","w","Bulbine alooides"
"Bulbinella nutans","Bulbine nutans","Asphodelaceae","Bulbinella nutans","Bulbinella nutans","Asphodelaceae",1,0,1,0,1,0,1,1,0,0,0,"Jul","Oct",NA,NA,100,0,1,0,0,0,0,0,0,0,0,0,0,0,0,0,0,"leaf",1,0,0,0,0,0,45,0,0,"leaf",2,"l","i","w","Bulbinella nutans"
"Bulbine praemorsa","Bulbine praemorsa","Asphodelaceae","Bulbine praemorsa","Bulbine praemorsa","Asphodelaceae",1,0,1,0,1,0,0,0,0,0,0,NA,NA,NA,NA,60,0,1,0,0,0,0,0,0,0,0,0,0,1,1,0,0,"leaf",1,0,0,0,0,0,4,0,0,"leaf",2,"l","i","w","Bulbine praemorsa"
"Bulbine succulenta","Bulbine succulenta","Asphodelaceae","Bulbine succulenta","Bulbine succulenta","Asphodelaceae",1,0,1,0,1,0,1,1,0,0,0,"Jul","Sep",NA,NA,20,0,1,0,0,0,0,0,0,0,0,0,0,1,0,0,0,"leaf",1,0,0,0,0,0,10,0,0,"leaf",2,"l","i","w","Bulbine succulenta"
"Bulbine torta","Bulbine torta","Asphodelaceae","Bulbine torta","Bulbine torta","Asphodelaceae",1,0,1,0,0,1,1,1,1,1,0,NA,NA,NA,NA,25,1,1,0,0,0,0,0,0,0,0,0,0,1,1,0,0,"leaf",1,0,0,0,0,0,10,0,0,"leaf",3,"l","i","w","Bulbine torta"
"Capsella bursa-pastoris","Capsella bursa-pastoris","Brassicaceae","Capsella bursa-pastoris","Capsella bursa-pastoris","Brassicaceae",0,1,1,0,0,0,1,1,0,0,0,NA,NA,NA,NA,45,1,0,0,0,0,0,0,0,0,0,0,0,0,0,0,0,"leaf",0,1,0,0,1,0,8,0,0,"leaf",0,"l","i","p","Capsella bursa-pastoris"
"Cephalophyllum curtophyllum","Cephalophyllum curtophyllum","Aizoaceae","Cephalophyllum curtophyllum","Cephalophyllum curtophyllum","Aizoaceae",1,0,1,0,1,0,0,0,0,0,0,"Aug",NA,NA,NA,10,0,0,0,1,0,0,0,1,0,0,0,0,1,1,0,0,"leaf",0,1,0,0,0,0,5,0,0,"leaf",3,"l","i","p","Cephalophyllum curtophyllum"
"Cephalophyllum framesii","Cephalophyllum framesii","Aizoaceae","Cephalophyllum framesii","Cephalophyllum framesii","Aizoaceae",1,0,1,0,1,0,0,0,0,0,0,"Jun","Aug",NA,NA,10,0,0,0,1,0,0,0,1,0,0,0,0,1,1,0,0,"leaf",0,1,0,0,0,0,7,0,0,"leaf",3,"l","i","p","Cephalophyllum framesii"
"Cephalophyllum hallii","Cephalophyllum hallii","Aizoaceae","Cephalophyllum hallii","Cephalophyllum hallii","Aizoaceae",1,0,1,0,1,0,0,0,0,0,0,NA,NA,NA,NA,8,0,0,0,1,0,0,0,0,0,0,0,0,1,1,0,0,"leaf",0,1,0,0,0,0,5,0,0,"leaf",3,"l","i","p","Cephalophyllum hallii"
"Chaenostoma caeruleum","Chaenostoma caeruleum","Scrophulariaceae","Chaenostoma caeruleum","Chaenostoma caeruleum","Scrophulariaceae",1,0,1,0,1,0,0,0,0,0,0,"Jul","Oct",NA,NA,100,0,0,0,1,0,0,0,0,0,0,0,0,0,0,0,0,"leaf",0,1,0,0,0,0,2.5,0,0,"leaf",2,"l","i","p","Chaenostoma caeruleum"
"Chaetobromus involucratus","Chaetobromus involucratus","Poaceae","Chaetobromus involucratus","Chaetobromus involucratus","Poaceae",1,0,1,0,1,0,0,0,0,1,0,NA,NA,NA,NA,60,0,0,1,0,0,0,0,0,0,0,0,0,0,0,0,0,"leaf",1,0,0,0,0,0,25,0,1,"mixed",2,"h","w","w","Chaetobromus involucratus"
"Cheiridopsis namaquensis","Cheiridopsis namaquensis","Aizoaceae","Cheiridopsis namaquensis","Cheiridopsis namaquensis","Aizoaceae",1,0,1,0,1,0,0,0,0,0,0,"Jul","Sep",NA,NA,5,0,0,0,0,0,0,0,0,0,0,0,0,1,1,0,0,"leaf",0,1,0,0,0,0,4,0,0,"leaf",3,"l","i","p","Cheiridopsis namaquensis"
"Chlorophytum undulatum","Chlorophytum undulatum","Agavaceae","Chlorophytum graminifolium","Chlorophytum graminifolium","Asparagaceae",1,0,1,0,0,1,1,1,0,0,0,"Jul","Oct",NA,NA,60,0,1,0,0,0,0,0,0,0,0,0,0,0,0,0,0,"leaf",0,1,0,0,0,0,15,0,0,"leaf",2,"l","i","w","Chlorophytum graminifolium"
"Chrysocoma oblongifolia","Chrysocoma oblongifolia","Asteraceae","Chrysocoma oblongifolia","Chrysocoma oblongifolia","Asteraceae",1,0,1,0,1,0,0,0,0,0,0,NA,NA,NA,NA,30,0,0,0,1,0,0,0,0,0,0,0,0,0,0,0,0,"leaf",0,1,0,0,0,0,2,0,0,"leaf",3,"m","i","w","Chrysocoma oblongifolia"
"Cladoraphis spinosa","Cladoraphis spinosa","Poaceae","Cladoraphis spinosa","Cladoraphis spinosa","Poaceae",1,0,1,0,1,0,0,0,0,0,0,"Aug","May",NA,NA,60,0,0,1,0,0,0,0,0,0,0,0,0,0,0,0,0,"leaf",0,1,0,0,0,0,5,0,1,"mixed",2,"l","w","w","Cladoraphis spinosa"
"Cleretum bellidiforme","Cleretum bellidiforme","Aizoaceae","Cleretum bellidiforme","Cleretum bellidiforme","Aizoaceae",0,1,1,0,0,0,1,1,0,0,0,"Aug","Sep",NA,NA,5,1,0,0,0,0,0,0,0,0,0,0,0,1,1,0,0,"leaf",0,0,1,0,0,0,3,0,0,"leaf",0,"l","i","p","Cleretum bellidiforme"
"Cleretum lyratifolium","Cleretum lyratifolium","Aizoaceae","Cleretum lyratifolium","Cleretum lyratifolium","Aizoaceae",0,1,1,0,0,0,1,1,0,0,0,NA,NA,NA,NA,5,1,0,0,0,0,0,0,0,0,0,0,0,1,1,0,0,"leaf",0,1,0,0,0,0,4,0,0,"leaf",0,"l","i","p","Cleretum lyratifolium"
"Cleretum maughanii","Cleretum maughanii","Aizoaceae","Cleretum maughanii","Cleretum maughanii","Aizoaceae",0,1,1,0,0,0,1,1,0,0,0,"Jul","Sep",NA,NA,10,1,0,0,0,0,0,0,0,0,0,0,0,1,1,0,0,"leaf",0,0,1,0,0,0,5,0,0,"leaf",0,"l","i","p","Cleretum maughanii"
"Cleretum papulosum","Cleretum papulosum","Aizoaceae","Cleretum papulosum","Cleretum papulosum","Aizoaceae",0,1,1,0,0,0,1,1,0,0,0,NA,NA,NA,NA,5,1,0,0,0,0,0,0,0,0,0,0,0,1,1,0,0,"leaf",0,1,0,0,0,0,4,0,0,"leaf",0,"l","i","p","Cleretum papulosum"
"Cliffortia arborea","Cliffortia arborea","Rosaceae","Cliffortia arborea","Cliffortia arborea","Rosaceae",1,0,1,1,1,0,0,0,0,1,1,"Nov",NA,NA,NA,500,0,0,0,0,0,1,1,0,0,0,0,0,0,0,0,0,"leaf",0,1,0,0,0,0,2,0,0,"leaf",3,"h","w","p","Cliffortia arborea"
"Colchicum albomarginatum","Colchicum albomarginatum","Colchicaceae","Colchicum albomarginatum","Colchicum albomarginatum","Colchicaceae",1,0,1,0,0,1,1,1,0,1,0,NA,NA,NA,NA,10,1,1,0,0,0,0,0,0,0,0,0,0,0,0,0,0,"leaf",0,0,1,0,0,0,15,0,0,"leaf",2,"l","m","p","Colchicum albomarginatum"
"Colchicum capense subsp. ciliolatum","Colchicum capense subsp. ciliolatum","Colchicaceae","Colchicum capense subsp. ciliolatum","Colchicum capense subsp. ciliolatum","Colchicaceae",1,0,1,0,0,1,1,1,0,1,0,NA,NA,NA,NA,12,1,1,0,0,0,0,0,0,0,0,0,0,0,0,0,0,"leaf",0,1,0,0,0,0,12,0,0,"leaf",2,"l","m","p","Colchicum capense subsp. ciliolatum"
"Colchicum crispum","Colchicum crispum","Colchicaceae","Colchicum crispum","Colchicum crispum","Colchicaceae",1,0,1,0,0,1,1,1,0,0,0,"Jul","Aug",NA,NA,10,1,1,0,0,0,0,0,0,0,0,0,0,0,0,0,0,"leaf",0,1,0,0,0,0,10,0,0,"leaf",2,"l","m","p","Colchicum crispum"
"Convolvulus capensis","Convolvulus capensis","Convolvulaceae","Convolvulus capensis","Convolvulus capensis","Convolvulaceae",1,0,1,0,1,0,0,0,0,0,0,"Sep","Oct",NA,NA,200,0,0,0,0,0,0,0,1,1,0,0,0,0,0,0,0,"leaf",0,0,1,0,1,0,2,0,0,"leaf",2,"l","i","w","Convolvulus capensis"
"Nidorella ivifolia","Conyza scabrida","Asteraceae","Nidorella ivifolia","Nidorella ivifolia","Asteraceae",1,0,1,0,1,0,0,0,0,0,0,"Nov","Apr",NA,NA,200,0,0,0,0,1,0,0,0,0,0,0,0,0,0,0,0,"leaf",0,1,0,0,0,0,5,0,0,"leaf",2,"m","i","w","Nidorella ivifolia"
"Cotula barbata","Cotula barbata","Asteraceae","Cotula barbata","Cotula barbata","Asteraceae",0,1,1,0,0,0,1,1,0,0,0,NA,NA,NA,NA,15,1,0,0,0,0,0,0,0,0,0,0,0,0,0,0,0,"leaf",1,0,0,0,1,1,5,0,0,"leaf",0,"l","i","w","Cotula barbata"
"Cotula bipinnata","Cotula bipinnata","Asteraceae","Cotula bipinnata","Cotula bipinnata","Asteraceae",0,1,1,0,0,0,1,1,0,0,0,NA,NA,NA,NA,30,1,0,0,0,0,0,0,0,0,0,0,0,0,0,0,0,"leaf",0,1,0,0,1,1,5,0,0,"leaf",0,"l","i","w","Cotula bipinnata"
"Cotula microglossa","Cotula microglossa","Asteraceae","Cotula microglossa","Cotula microglossa","Asteraceae",0,1,1,0,0,0,1,1,0,0,0,"Sep","Oct",NA,NA,10,1,0,0,0,0,0,0,0,0,0,0,0,0,0,0,0,"leaf",0,1,0,0,1,1,5,0,0,"leaf",0,"l","i","w","Cotula microglossa"
"Cotula nudicaulis","Cotula nudicaulis","Asteraceae","Cotula nudicaulis","Cotula nudicaulis","Asteraceae",0,1,1,0,0,0,1,1,0,0,0,"Jul","Sep",NA,NA,15,1,0,0,0,0,0,0,0,0,0,0,0,0,0,0,0,"leaf",0,1,0,0,1,1,2,0,0,"leaf",0,"l","i","w","Cotula nudicaulis"
"Cotula sororia","Cotula sororia","Asteraceae","Cotula sororia","Cotula sororia","Asteraceae",0,1,1,0,0,0,1,1,0,0,0,NA,NA,NA,NA,15,1,0,0,0,0,0,0,0,0,0,0,0,0,0,0,0,"leaf",0,1,0,0,1,1,2,0,0,"leaf",0,"l","i","w","Cotula sororia"
"Crassula alpestris","Crassula alpestris","Crassulaceae","Crassula alpestris","Crassula alpestris","Crassulaceae",1,0,1,0,1,0,0,0,NA,0,0,NA,NA,NA,NA,8,1,0,0,0,0,0,0,0,0,0,0,0,1,1,0,0,"leaf",0,1,0,0,0,0,2,0,0,"leaf",3,"l","i","p","Crassula alpestris"
"Crassula barbata","Crassula barbata","Crassulaceae","Crassula barbata","Crassula barbata","Crassulaceae",1,0,1,0,1,0,0,0,0,0,0,"Sep","Nov",NA,NA,10,1,0,0,0,0,0,0,0,0,0,0,0,1,1,0,0,"leaf",0,0,1,0,0,0,4,0,0,"leaf",2,"l","i","p","Crassula barbata"
"Crassula dichotoma","Crassula dichotoma","Crassulaceae","Crassula dichotoma","Crassula dichotoma","Crassulaceae",0,1,1,0,0,0,1,1,0,0,0,NA,NA,NA,NA,20,1,0,0,0,0,0,0,0,0,0,0,0,1,1,0,0,"leaf",0,0,1,0,0,0,1,0,0,"leaf",0,"l","i","p","Crassula dichotoma"
"Crassula glomerata","Crassula glomerata","Crassulaceae","Crassula glomerata","Crassula glomerata","Crassulaceae",0,1,1,0,0,0,1,1,0,0,0,NA,NA,NA,NA,15,1,0,0,0,0,0,0,0,0,0,0,0,1,1,0,0,"leaf",0,1,0,0,0,0,0.7,0,0,"leaf",0,"l","i","p","Crassula glomerata"
"Crassula sericea","Crassula sericea","Crassulaceae","Crassula sericea","Crassula sericea","Crassulaceae",1,0,1,0,1,0,0,0,0,0,0,NA,NA,NA,NA,20,0,0,0,1,0,0,0,0,0,0,0,0,1,1,0,0,"leaf",0,0,1,0,0,0,3.5,0,0,"leaf",3,"l","i","p","Crassula sericea"
"Crassula subaphylla","Crassula subaphylla","Crassulaceae","Crassula subaphylla","Crassula subaphylla","Crassulaceae",1,0,1,0,1,0,0,0,0,0,0,NA,NA,NA,NA,80,0,0,0,1,0,0,0,0,0,0,0,0,1,1,0,0,"leaf",1,1,0,0,0,0,4,0,0,"leaf",3,"l","i","p","Crassula subaphylla"
"Crassula thunbergiana","Crassula thunbergiana","Crassulaceae","Crassula thunbergiana","Crassula thunbergiana","Crassulaceae",0,1,1,0,0,0,1,1,0,0,0,NA,NA,NA,NA,8,1,0,0,0,0,0,0,1,0,0,0,0,1,1,0,0,"leaf",1,1,0,0,0,0,1.2,0,0,"leaf",0,"l","i","p","Crassula thunbergiana"
"Crassula umbella","Crassula umbella","Crassulaceae","Crassula umbella","Crassula umbella","Crassulaceae",0,1,1,0,0,0,1,1,0,0,0,"Jul","Oct",NA,NA,10,1,0,0,0,0,0,0,0,0,0,0,0,1,1,0,0,"leaf",0,0,1,0,0,0,8,0,0,"leaf",0,"l","i","p","Crassula umbella"
"Crassula vaillantii","Crassula vaillantii","Crassulaceae","Crassula vaillantii","Crassula vaillantii","Crassulaceae",0,1,1,0,0,0,1,1,0,0,0,NA,NA,NA,NA,15,1,0,0,0,0,0,0,0,0,0,0,0,1,1,0,0,"leaf",1,0,0,0,0,0,0.4,0,0,"leaf",0,"l","i","p","Crassula vaillantii"
"Cromidon corrigioloides","Cromidon corrigioloides","Scrophulariaceae","Cromidon corrigioloides","Cromidon corrigioloides","Scrophulariaceae",0,1,1,0,0,0,1,1,0,0,0,NA,NA,NA,NA,15,1,0,0,0,0,0,0,0,0,0,0,0,0,0,0,0,"leaf",0,1,0,0,0,0,0.6,0,0,"leaf",0,"l","i","p","Cromidon corrigioloides"
"Cromidon varicalyx","Cromidon varicalyx","Scrophulariaceae","Cromidon varicalyx","Cromidon varicalyx","Scrophulariaceae",0,1,1,0,0,0,1,1,0,0,0,NA,NA,NA,NA,10,1,0,0,0,0,0,0,0,0,0,0,0,0,0,0,0,"leaf",0,1,0,0,0,0,2,0,0,"leaf",0,"l","i","p","Cromidon varicalyx"
"Crossyne guttata","Crossyne guttata","Amaryllidaceae","Crossyne guttata","Crossyne guttata","Amaryllidaceae",1,0,1,0,0,1,1,1,1,1,0,"Feb","Apr",NA,NA,45,0,1,0,0,0,0,0,0,0,0,0,0,0,0,0,0,"leaf",0,1,0,0,0,0,30,0,0,"leaf",3,"l","i","w","Crossyne guttata"
"Cyperus marginatus","Cyperus marginatus","Cyperaceae","Cyperus marginatus","Cyperus marginatus","Cyperaceae",1,0,1,0,1,0,0,0,0,0,0,NA,NA,NA,NA,150,0,0,1,0,0,0,0,0,0,0,0,0,0,0,0,0,"leaf",1,0,0,0,0,0,100,1,1,"mixed",2,"h","w","w","Cyperus marginatus"
"Cyphia volubilis","Cyphia volubilis","Lobeliaceae","Cyphia volubilis","Cyphia volubilis","Campanulaceae",1,0,1,0,1,0,1,1,0,1,0,"Aug","Sep",NA,NA,50,0,1,0,0,0,0,0,0,1,0,0,0,0,0,0,0,"leaf",1,0,0,0,0,0,2,0,1,"mixed",2,"l","i","p","Cyphia volubilis"
"Cysticapnos vesicaria","Cysticapnos vesicaria","Fumariaceae","Cysticapnos vesicaria","Cysticapnos vesicaria","Papaveraceae",0,1,1,0,0,0,1,1,0,0,0,NA,NA,NA,NA,100,1,0,0,0,0,0,0,1,0,0,0,0,0,0,0,0,"leaf",0,1,0,0,1,1,1.5,0,0,"leaf",0,"l","i","p","Cysticapnos vesicaria"
"Deverra denudata","Deverra denudata","Apiaceae","Deverra denudata","Deverra denudata","Apiaceae",1,0,1,0,0,1,0,0,0,1,0,NA,NA,NA,NA,200,0,0,0,0,1,0,0,0,0,0,0,0,0,0,0,0,"leaf",1,0,0,1,1,1,5,1,1,"mixed",3,"m","w","p","Deverra denudata"
"Diascia macrophylla","Diascia macrophylla","Scrophulariaceae","Diascia macrophylla","Diascia macrophylla","Scrophulariaceae",0,1,1,0,0,0,1,1,0,0,0,NA,NA,NA,NA,60,1,0,0,0,0,0,0,0,0,0,0,0,0,0,0,0,"leaf",0,0,1,0,0,0,1.5,0,0,"leaf",0,"l","i","p","Diascia macrophylla"
"Diascia namaquensis","Diascia namaquensis","Scrophulariaceae","Diascia namaquensis","Diascia namaquensis","Scrophulariaceae",0,1,1,0,0,0,1,1,0,0,0,NA,NA,NA,NA,40,1,0,0,0,0,0,0,0,0,0,0,0,0,0,0,0,"leaf",0,1,1,0,1,0,2,0,0,"leaf",0,"l","i","p","Diascia namaquensis"
"Diascia nana","Diascia nana","Scrophulariaceae","Diascia nana","Diascia nana","Scrophulariaceae",0,1,1,0,0,0,1,1,0,0,0,NA,NA,NA,NA,13,1,0,0,0,0,0,0,0,0,0,0,0,0,0,0,0,"leaf",0,0,1,0,1,0,2,0,0,"leaf",0,"l","i","p","Diascia nana"
"Didelta spinosa","Didelta spinosa","Asteraceae","Didelta spinosa","Didelta spinosa","Asteraceae",1,0,1,0,1,0,0,0,0,0,0,"Jul","Sep",NA,NA,200,0,0,0,0,1,0,0,0,0,0,0,0,1,1,0,0,"leaf",0,0,1,0,0,0,4,0,0,"leaf",3,"l","i","w","Didelta spinosa"
"Dimorphotheca cuneata","Dimorphotheca cuneata","Asteraceae","Dimorphotheca cuneata","Dimorphotheca cuneata","Asteraceae",1,0,1,0,1,0,0,0,0,0,0,"Sep","Nov",NA,NA,50,0,0,0,1,0,0,0,0,0,0,0,0,0,0,0,0,"leaf",0,0,1,0,0,0,2,0,0,"leaf",3,"l","i","w","Dimorphotheca cuneata"
"Dimorphotheca pinnata","Dimorphotheca pinnata","Asteraceae","Osteospermum pinnatum","Osteospermum pinnatum","Asteraceae",0,1,1,0,0,0,1,1,0,0,0,"Jul","Sep",NA,NA,15,1,0,0,0,0,0,0,0,0,0,0,0,0,0,0,0,"leaf",1,0,0,0,0,1,4,0,0,"leaf",0,"l","i","w","Osteospermum pinnatum"
"Dimorphotheca pluvialis","Dimorphotheca pluvialis","Asteraceae","Dimorphotheca pluvialis","Dimorphotheca pluvialis","Asteraceae",0,1,1,0,0,0,1,1,0,0,0,"Aug","Oct",NA,NA,30,1,0,0,0,0,0,0,0,0,0,0,0,0,0,0,0,"leaf",0,1,0,0,1,0,3,0,0,"leaf",0,"l","i","w","Dimorphotheca pluvialis"
"Dimorphotheca sinuata","Dimorphotheca sinuata","Asteraceae","Dimorphotheca sinuata","Dimorphotheca sinuata","Asteraceae",0,1,1,0,0,0,1,1,0,0,0,NA,NA,NA,NA,30,1,0,0,0,0,0,0,0,0,0,0,0,0,0,0,0,"leaf",0,1,0,0,1,0,3,0,0,"leaf",0,"l","i","w","Dimorphotheca sinuata"
"Disperis purpurata","Disperis purpurata","Orchidaceae","Disperis purpurata","Disperis purpurata","Orchidaceae",1,0,1,0,0,1,1,1,1,1,0,NA,NA,NA,NA,20,1,1,0,0,0,0,0,0,0,0,0,0,0,0,0,0,"leaf",0,0,1,0,0,0,5,0,0,"leaf",2,"l","i","p","Disperis purpurata"
"Drimia physodes","Drimia physodes","Hyacinthaceae","Fusifilum physodes","Fusifilum physodes","Asparagaceae",1,0,1,0,0,1,1,1,0,1,0,"Oct","Apr",NA,NA,15,0,1,0,0,0,0,0,0,0,0,0,0,0,0,0,0,"leaf",1,0,0,0,0,0,10,0,0,"leaf",3,"l","i","p","Fusifilum physodes"
"Drosanthemum floribundum","Drosanthemum floribundum","Aizoaceae","Drosanthemum floribundum","Drosanthemum floribundum","Aizoaceae",1,0,1,0,1,0,0,0,0,0,0,"Sep","Dec",NA,NA,30,0,0,0,1,0,0,0,1,0,0,0,0,1,1,0,0,"leaf",1,0,0,0,0,0,2,0,0,"leaf",2,"l","i","p","Drosanthemum floribundum"
"Drosanthemum framesii","Drosanthemum framesii","Aizoaceae","Drosanthemum framesii","Drosanthemum framesii","Aizoaceae",1,0,1,0,1,0,0,0,0,0,0,"Sep",NA,NA,NA,8,0,0,0,1,0,0,0,1,0,0,0,0,1,1,0,0,"leaf",0,1,0,0,0,0,1.5,0,0,"leaf",2,"l","i","p","Drosanthemum framesii"
"Drosanthemum karrooense","Drosanthemum karrooense","Aizoaceae","Drosanthemum karrooense","Drosanthemum karrooense","Aizoaceae",1,0,1,0,1,0,0,0,0,0,0,"Aug",NA,NA,NA,20,0,0,0,1,0,0,0,0,0,0,0,0,1,1,0,0,"leaf",1,0,0,0,0,0,1.1,0,0,"leaf",2,"l","i","p","Drosanthemum karrooense"
"Ehrharta delicatula","Ehrharta delicatula","Poaceae","Ehrharta delicatula","Ehrharta delicatula","Poaceae",0,1,1,0,0,0,1,1,0,0,0,NA,NA,NA,NA,45,0,0,1,0,0,0,0,0,0,0,0,0,0,0,0,0,"leaf",1,0,0,0,0,0,15,0,1,"mixed",0,"l","w","w","Ehrharta delicatula"
"Ehrharta longiflora","Ehrharta longiflora","Poaceae","Ehrharta longiflora","Ehrharta longiflora","Poaceae",0,1,1,0,0,0,1,1,0,0,0,NA,NA,NA,NA,90,0,0,1,0,0,0,0,0,0,0,0,0,0,0,0,0,"leaf",1,0,0,0,0,0,30,0,0,"mixed",0,"l","w","w","Ehrharta longiflora"
"Ehrharta longifolia","Ehrharta longifolia","Poaceae","Ehrharta longifolia","Ehrharta longifolia","Poaceae",1,0,1,0,1,0,0,0,0,1,0,NA,NA,NA,NA,120,0,0,1,0,0,0,0,0,0,0,0,0,0,0,0,0,"leaf",1,0,0,0,0,0,60,0,1,"mixed",2,"l","w","w","Ehrharta longifolia"
"Ehrharta melicoides","Ehrharta melicoides","Poaceae","Ehrharta melicoides","Ehrharta melicoides","Poaceae",1,0,1,0,0,1,0,0,0,0,0,"Sep","Nov",NA,NA,80,0,0,1,0,0,0,0,0,0,0,0,0,0,0,0,0,"leaf",0,1,0,0,0,0,20,0,1,"mixed",2,"m","w","w","Ehrharta melicoides"
"Ehrharta ramosa","Ehrharta ramosa subsp. ramosa","Poaceae","Ehrharta ramosa","Ehrharta ramosa","Poaceae",1,0,1,0,1,0,0,0,0,1,0,"Sep","Jan",NA,NA,100,0,0,1,0,0,0,0,0,0,0,0,0,0,0,0,0,"leaf",1,0,0,0,0,0,10,0,1,"mixed",2,"h","w","w","Ehrharta ramosa"
"Emilia hantamensis","Emilia hantamensis","Asteraceae","Emilia hantamensis","Emilia hantamensis","Asteraceae",0,1,1,0,0,0,1,1,0,0,0,NA,NA,NA,NA,30,1,0,0,0,0,0,0,0,0,0,0,0,0,0,0,0,"leaf",0,1,0,0,1,0,7,0,0,"leaf",2,"l","i","w","Emilia hantamensis"
"Erica inaequalis","Erica inaequalis","Ericaceae","Erica inaequalis","Erica inaequalis","Ericaceae",1,0,1,0,1,0,0,0,0,1,0,"Sep","Feb",NA,NA,20,0,0,0,1,0,0,0,0,0,0,0,0,0,0,0,0,"leaf",1,0,0,0,0,0,0.3,0,0,"leaf",3,"h","i","p","Erica inaequalis"
"Eriocephalus decussatus","Eriocephalus decussatus","Asteraceae","Eriocephalus decussatus","Eriocephalus decussatus","Asteraceae",1,0,1,0,1,0,0,0,0,0,0,"Jul","Sep",NA,NA,150,0,0,0,1,1,0,0,0,0,0,0,0,0,0,0,0,"leaf",1,0,0,0,0,0,0.3,0,0,"leaf",2,"m","i","w","Eriocephalus decussatus"
"Eriocephalus ericoides","Eriocephalus ericoides","Asteraceae","Eriocephalus ericoides","Eriocephalus ericoides","Asteraceae",1,0,1,0,1,0,0,0,0,0,0,"Jul","Nov",NA,NA,100,0,0,0,1,0,0,0,0,0,0,0,0,0,0,0,0,"leaf",1,0,0,0,0,0,0.4,0,0,"leaf",2,"m","i","w","Eriocephalus ericoides"
"Eriocephalus microphyllus","Eriocephalus microphyllus","Asteraceae","Eriocephalus microphyllus","Eriocephalus microphyllus","Asteraceae",1,0,1,0,1,0,0,0,0,0,0,"Jun","Jul","Aug",NA,80,0,0,0,1,0,0,0,0,0,0,0,0,0,0,0,0,"leaf",1,0,0,0,0,0,0.4,0,0,"leaf",2,"m","i","w","Eriocephalus microphyllus"
"Eriocephalus namaquensis","Eriocephalus namaquensis","Asteraceae","Eriocephalus namaquensis","Eriocephalus namaquensis","Asteraceae",1,0,1,0,1,0,0,0,0,0,0,"Jul","Oct",NA,NA,45,0,0,0,1,0,0,0,0,0,0,0,0,0,0,0,0,"leaf",1,0,0,0,0,0,0.3,0,0,"leaf",2,"l","i","w","Eriocephalus namaquensis"
"Eriocephalus pauperrimus","Eriocephalus pauperrimus","Asteraceae","Eriocephalus pauperrimus","Eriocephalus pauperrimus","Asteraceae",1,0,1,0,1,0,0,0,0,0,0,"Jun","Sep",NA,NA,100,0,0,0,1,1,0,0,0,0,0,0,0,0,0,0,0,"leaf",1,0,0,0,0,0,0.3,0,0,"leaf",2,"m","i","w","Eriocephalus pauperrimus"
"Eriocephalus punctulatus","Eriocephalus punctulatus","Asteraceae","Eriocephalus punctulatus","Eriocephalus punctulatus","Asteraceae",1,0,1,0,1,0,0,0,0,0,0,"Aug","Oct",NA,NA,100,0,0,0,1,1,0,0,0,0,0,0,0,0,0,0,0,"leaf",1,0,0,0,0,0,0.5,0,0,"leaf",2,"m","i","w","Eriocephalus punctulatus"
"Eriocephalus purpureus","Eriocephalus purpureus","Asteraceae","Eriocephalus purpureus","Eriocephalus purpureus","Asteraceae",1,0,1,0,1,0,0,0,0,0,0,"Jul","Aug",NA,NA,60,0,0,0,1,0,0,0,0,0,0,0,0,0,0,0,0,"leaf",1,0,0,0,0,0,0.5,0,0,"leaf",2,"m","i","w","Eriocephalus purpureus"
"Eriocephalus spinescens","Eriocephalus spinescens","Asteraceae","Eriocephalus spinescens","Eriocephalus spinescens","Asteraceae",1,0,1,0,1,0,0,0,0,0,0,NA,NA,NA,NA,40,0,0,0,1,0,0,0,0,0,0,0,0,0,0,0,0,"leaf",1,0,0,0,0,0,0.3,0,0,"leaf",2,"l","i","w","Eriocephalus spinescens"
"Erodium cicutarium","Erodium cicutarium","Geraniaceae","Erodium cicutarium","Erodium cicutarium","Geraniaceae",0,1,1,0,0,0,1,1,0,0,0,"All year",NA,NA,NA,50,1,0,0,0,0,0,0,0,0,0,0,0,0,0,0,0,"leaf",0,1,0,1,0,1,4,0,0,"leaf",0,"l","i","w","Erodium cicutarium"
"Erodium moschatum","Erodium moschatum","Geraniaceae","Erodium moschatum","Erodium moschatum","Geraniaceae",0,1,1,0,0,0,1,1,0,0,0,NA,NA,NA,NA,30,1,0,0,0,0,0,0,0,0,0,0,0,0,0,0,0,"leaf",0,1,0,1,1,1,5,0,0,"leaf",0,"l","i","w","Erodium moschatum"
"Euchlora hirsuta","Euchlora hirsuta","Fabaceae","Euchlora hirsuta","Euchlora hirsuta","Fabaceae",1,0,1,0,0,1,1,1,0,1,0,"Jun","Oct",NA,NA,20,1,1,0,1,0,0,0,0,0,0,0,0,0,0,0,0,"leaf",0,1,0,0,0,0,2,0,0,"leaf",3,"l","i","p","Euchlora hirsuta"
"Euphorbia hamata","Euphorbia hamata","Euphorbiaceae","Euphorbia hamata","Euphorbia hamata","Euphorbiaceae",1,0,0,1,1,1,0,0,0,0,0,NA,NA,NA,NA,60,0,0,0,1,0,0,0,0,0,0,0,0,1,0,1,0,"leaf",0,1,1,0,0,0,2,1,1,"mixed",3,"l","i","p","Euphorbia hamata"
"Euphorbia multiceps","Euphorbia multiceps","Euphorbiaceae","Euphorbia multiceps","Euphorbia multiceps","Euphorbiaceae",1,0,1,0,1,1,0,0,0,0,0,NA,NA,NA,NA,60,0,0,0,1,0,0,0,0,0,0,0,0,1,0,1,0,"leaf",1,0,0,0,0,0,1.2,1,1,"mixed",3,"l","i","p","Euphorbia multiceps"
"Euryops annuus","Euryops annuus","Asteraceae","Euryops annuus","Euryops annuus","Asteraceae",0,1,1,0,0,0,1,1,0,0,0,NA,NA,NA,NA,40,1,0,0,0,0,0,0,0,0,0,0,0,0,0,0,0,"leaf",1,0,0,1,NA,1,8,0,0,"leaf",0,"l","i","w","Euryops annuus"
"Euryops imbricatus","Euryops imbricatus","Asteraceae","Euryops imbricatus","Euryops imbricatus","Asteraceae",1,0,1,0,1,0,0,0,0,0,0,NA,NA,NA,NA,120,0,0,0,1,1,0,0,0,0,0,0,0,0,0,0,0,"leaf",0,1,0,0,0,0,1.7,0,0,"leaf",2,"m","i","w","Euryops imbricatus"
"Euryops lateriflorus","Euryops lateriflorus","Asteraceae","Euryops lateriflorus","Euryops lateriflorus","Asteraceae",1,0,1,0,1,0,0,0,0,1,0,"May","Aug",NA,NA,150,0,0,0,1,1,0,0,0,0,0,0,0,0,0,0,0,"leaf",0,1,0,0,0,0,3,0,0,"leaf",3,"h","i","w","Euryops lateriflorus"
"Euryops marlothii","Euryops marlothii","Asteraceae","Euryops marlothii","Euryops marlothii","Asteraceae",1,0,1,0,1,0,0,0,0,0,0,"Jul","Dec",NA,NA,150,0,0,0,1,1,0,0,0,0,0,0,0,0,0,0,0,"leaf",1,0,0,0,1,0,1.5,0,0,"leaf",2,"h","i","w","Euryops marlothii"
"Euryops multifidus","Euryops multifidus","Asteraceae","Euryops multifidus","Euryops multifidus","Asteraceae",1,0,1,0,1,0,0,0,0,0,0,"Jun","Sep",NA,NA,150,0,0,0,1,1,0,0,0,0,0,0,0,0,0,0,0,"leaf",1,0,0,0,1,0,1,0,0,"leaf",2,"h","i","w","Euryops multifidus"
"Euryops trifidus","Euryops trifidus","Asteraceae","Euryops trifidus","Euryops trifidus","Asteraceae",1,0,1,0,1,0,0,0,0,0,0,NA,NA,NA,NA,100,0,0,0,1,0,0,0,0,0,0,0,0,0,0,0,0,"leaf",1,0,0,0,0,1,1.5,0,0,"leaf",2,"h","i","w","Euryops trifidus"
"Felicia merxmuelleri","Felicia merxmuelleri","Asteraceae","Felicia merxmuelleri","Felicia merxmuelleri","Asteraceae",0,1,1,0,0,0,1,1,0,0,0,NA,NA,NA,NA,25,1,0,0,0,0,0,0,0,0,0,0,0,0,0,0,0,"leaf",0,1,0,0,0,0,2,0,0,"leaf",0,"l","i","w","Felicia merxmuelleri"
"Felicia australis","Felicia australis","Asteraceae","Felicia australis","Felicia australis","Asteraceae",0,1,1,0,0,0,1,1,0,0,0,"Aug","Sep",NA,NA,25,1,0,0,0,0,0,0,0,0,0,0,0,0,0,0,0,"leaf",1,0,0,0,0,0,1.5,0,0,"leaf",0,"l","i","w","Felicia australis"
"Felicia bergiana","Felicia bergiana","Asteraceae","Felicia bergeriana","Felicia bergeriana","Asteraceae",0,1,1,0,0,0,1,1,0,0,0,"Aug","Oct",NA,NA,20,1,0,0,0,0,0,0,0,0,0,0,0,0,0,0,0,"leaf",0,0,1,0,0,0,1.5,0,0,"leaf",0,"l","i","w","Felicia bergeriana"
"Felicia brevifolia","Felicia brevifolia","Asteraceae","Felicia brevifolia","Felicia brevifolia","Asteraceae",1,0,1,0,1,0,0,0,0,0,0,"May","Oct",NA,NA,150,0,0,0,0,1,0,0,0,0,0,0,0,0,0,0,0,"leaf",0,1,0,0,0,0,2,0,0,"leaf",3,"h","i","i","Felicia brevifolia"
"Felicia hirsuta","Felicia hirsuta","Asteraceae","Felicia hirsuta","Felicia hirsuta","Asteraceae",1,0,1,0,1,0,0,0,0,0,0,"Mar","Oct",NA,NA,50,0,0,0,1,0,0,0,0,0,0,0,0,0,0,0,0,"leaf",1,0,0,0,0,0,0.9,0,0,"leaf",2,"m","i","w","Felicia hirsuta"
"Felicia hirta","Felicia hirta","Asteraceae","Felicia hirta","Felicia hirta","Asteraceae",1,0,1,0,1,0,0,0,0,0,0,"Jul","Oct",NA,NA,35,0,0,0,1,0,0,0,0,0,0,0,0,0,0,0,0,"leaf",1,0,0,0,0,0,0.8,0,0,"leaf",2,"m","i","w","Felicia hirta"
"Felicia hispida","Felicia hispida","Asteraceae","Felicia hispida","Felicia hispida","Asteraceae",1,0,1,0,1,0,0,0,0,0,0,NA,NA,NA,NA,30,1,0,0,0,0,0,0,0,0,0,0,0,0,0,0,0,"leaf",0,1,0,0,0,0,1,0,0,"leaf",1,"l","i","w","Felicia hispida"
"Felicia macrorrhiza","Felicia macrorrhiza","Asteraceae","Felicia macrorrhiza","Felicia macrorrhiza","Asteraceae",1,0,1,0,1,0,0,0,0,0,0,"Jul","Sep",NA,NA,20,0,0,0,1,0,0,0,0,0,0,0,0,0,0,0,0,"leaf",1,0,0,0,0,0,2,0,0,"leaf",3,"m","i","w","Felicia macrorrhiza"
"Felicia ovata","Felicia ovata","Asteraceae","Felicia ovata","Felicia ovata","Asteraceae",1,0,1,0,1,0,0,0,0,0,0,"May","Nov",NA,NA,60,0,0,0,1,0,0,0,0,0,0,0,0,0,0,0,0,"leaf",0,1,1,0,0,0,1,0,0,"leaf",2,"m","i","w","Felicia ovata"
"Felicia rogersii","Felicia rogersii","Asteraceae","Felicia rogersii","Felicia rogersii","Asteraceae",1,0,1,0,1,0,0,0,0,0,0,"Aug","Sep",NA,NA,30,0,0,0,1,0,0,0,0,0,0,0,0,0,0,0,0,"leaf",1,0,0,0,0,0,1,0,0,"leaf",3,"m","i","w","Felicia rogersii"
"Fingerhuthia africana","Fingerhuthia africana","Poaceae","Fingerhuthia africana","Fingerhuthia africana","Poaceae",1,1,1,0,0,1,0,0,0,0,0,"Sep","Dec",NA,NA,80,0,0,1,0,0,0,0,0,0,0,0,0,0,0,0,0,"leaf",1,0,0,0,0,0,15,0,1,"mixed",2,"h","w","w","Fingerhuthia africana"
"Forsskaolea candida","Forsskaolea candida","Urticaceae","Forsskaolea candida","Forsskaolea candida","Urticaceae",1,0,1,0,1,0,0,0,0,0,0,NA,NA,NA,NA,80,0,0,0,1,0,0,0,0,0,0,0,0,0,0,0,0,"leaf",0,0,1,0,0,0,NA,0,0,"leaf",2,"m","i","p","Forsskaolea candida"
"Foveolina dichotoma","Foveolina dichotoma","Asteraceae","Foveolina dichotoma","Foveolina dichotoma","Asteraceae",0,1,1,0,0,0,1,1,0,0,0,"Aug","Nov",NA,NA,25,1,0,0,0,0,0,0,0,0,0,0,0,0,0,0,0,"leaf",1,0,0,1,1,0,1,0,0,"leaf",0,"l","i","w","Foveolina dichotoma"
"Galenia africana","Galenia africana","Aizoaceae","Aizoon africanum","Aizoon africanum","Aizoaceae",1,0,1,0,1,0,0,0,0,0,0,"Oct","Dec",NA,NA,100,0,0,0,1,0,0,0,0,0,0,0,0,0,0,0,0,"leaf",1,0,0,0,0,0,2,0,0,"leaf",2,"h","i","p","Aizoon africanum"
"Galenia filiformis","Galenia filiformis","Aizoaceae","Aizoon filiforme","Aizoon filiforme","Aizoaceae",1,0,1,0,1,0,0,0,0,0,0,"Aug","Oct",NA,NA,10,1,0,0,0,0,0,0,1,0,0,0,0,1,1,0,0,"leaf",0,1,0,0,0,0,1.5,0,0,"leaf",2,"l","i","p","Aizoon filiforme"
"Galenia fruticosa","Galenia fruticosa","Aizoaceae","Aizoon fruticosum","Aizoon fruticosum","Aizoaceae",1,0,1,0,1,0,0,0,0,0,0,"Aug","Dec",NA,NA,50,0,0,0,1,0,0,0,0,0,0,0,0,0,0,0,0,"leaf",0,0,1,0,0,0,1.3,0,0,"leaf",2,"l","i","p","Aizoon fruticosum"
"Galenia namaensis","Galenia namaensis","Aizoaceae","Aizoon namaense","Aizoon namaense","Aizoaceae",1,0,1,0,1,0,0,0,0,0,0,"Nov","Dec",NA,NA,100,0,0,0,1,0,0,0,0,0,0,0,0,0,0,0,0,"leaf",1,1,0,0,0,0,1.5,0,0,"leaf",2,"l","i","p","Aizoon namaense"
"Galenia sarcophylla","Galenia sarcophylla","Aizoaceae","Aizoon sarcophyllum","Aizoon sarcophyllum","Aizoaceae",1,0,1,0,1,0,0,0,0,0,0,"Jul","Oct",NA,NA,20,0,0,0,1,0,0,0,0,0,0,0,0,1,1,0,0,"leaf",0,1,0,0,0,0,1.5,0,0,"leaf",2,"l","i","p","Aizoon sarcophyllum"
"Gazania lichtensteinii","Gazania lichtensteinianum","Asteraceae","Gazania lichtensteinii","Gazania lichtensteinii","Asteraceae",0,1,1,0,0,0,1,1,0,0,0,"Aug","Sep",NA,NA,30,1,0,0,0,0,0,0,0,0,0,0,0,0,0,0,0,"leaf",0,1,0,0,0,0,3,0,0,"leaf",0,"l","i","w","Gazania lichtensteinii"
"Gazania rigida","Gazania rigida","Asteraceae","Gazania rigida","Gazania rigida","Asteraceae",1,0,1,0,1,0,0,0,0,1,0,NA,NA,NA,NA,25,1,0,0,0,0,0,0,0,0,0,0,0,0,0,0,0,"leaf",0,1,0,0,1,1,12,0,0,"leaf",2,"l","i","w","Gazania rigida"
"Gazania tenuifolia","Gazania tenuifolia","Asteraceae","Gazania tenuifolia","Gazania tenuifolia","Asteraceae",0,1,1,0,0,0,1,1,0,0,0,NA,NA,NA,NA,15,1,0,0,0,0,0,0,0,0,0,0,0,0,0,0,0,"leaf",1,1,0,0,1,1,10,0,0,"leaf",0,"l","i","w","Gazania tenuifolia"
"Geissorhiza corrigata","Geissorhiza corrigata","Iridaceae","Geissorhiza corrugata","Geissorhiza corrugata","Iridaceae",1,0,1,0,0,1,0,0,0,0,0,"Aug","Sep",NA,NA,5,0,1,0,0,0,0,0,0,0,0,0,0,0,0,0,0,"leaf",1,0,0,0,0,0,3,0,0,"leaf",3,"l","i","w","Geissorhiza corrugata"
"Geissorhiza divaricata","Geissorhiza divaricata","Iridaceae","Geissorhiza divaricata","Geissorhiza divaricata","Iridaceae",1,0,1,0,0,1,1,1,1,1,0,NA,NA,NA,NA,45,0,1,0,0,0,0,0,0,0,0,0,0,0,0,0,0,"leaf",1,0,0,0,0,0,10,0,0,"leaf",2,"l","i","w","Geissorhiza divaricata"
"Gnidia deserticola","Gnidia deserticola","Thymelaeaceae","Lasiosiphon deserticola","Lasiosiphon deserticola","Thymelaeaceae",1,0,1,0,1,0,0,0,0,0,0,NA,NA,NA,NA,60,0,0,0,1,0,0,0,0,0,0,0,0,0,0,0,0,"leaf",0,1,0,0,0,0,1,0,0,"leaf",2,"h","i","p","Lasiosiphon deserticola"
"Gnidia meyeri","Gnidia meyeri","Thymelaeaceae","Gnidia meyeri","Gnidia meyeri","Thymelaeaceae",1,0,1,0,1,0,0,0,0,0,0,"Aug","Oct",NA,NA,80,0,0,0,1,0,0,0,0,0,0,0,0,0,0,0,0,"leaf",1,0,0,0,0,0,1.5,0,0,"leaf",2,"h","i","p","Gnidia meyeri"
"Gnidia scabra","Gnidia scabra","Thymelaeaceae","Gnidia scabra","Gnidia scabra","Thymelaeaceae",1,0,1,0,1,0,0,0,0,1,0,"Sep","Apr",NA,NA,100,0,0,0,1,0,0,0,0,0,0,0,0,0,0,0,0,"leaf",1,0,0,0,0,0,1,0,0,"leaf",2,"h","i","p","Gnidia scabra"
"Gorteria diffusa","Gorteria diffusa","Asteraceae","Gorteria diffusa","Gorteria diffusa","Asteraceae",0,1,1,0,0,0,1,1,0,0,0,"Jul","Oct",NA,NA,10,1,0,0,0,0,0,0,0,0,0,0,0,0,0,0,0,"leaf",0,1,0,0,1,1,5,0,0,"leaf",0,"l","i","w","Gorteria diffusa"
"Grielum humifusum","Grielum humifusum","Neuradaceae","Grielum humifusum","Grielum humifusum","Neuradaceae",0,1,1,0,0,0,1,1,0,0,0,NA,NA,NA,NA,25,1,0,0,0,0,0,0,0,0,0,0,0,0,0,0,0,"leaf",0,1,0,0,1,1,2,0,0,"leaf",0,"l","i","m","Grielum humifusum"
"Haemanthus barkerae","Haemanthus barkerii","Amaryllidaceae","Haemanthus barkerae","Haemanthus barkerae","Amaryllidaceae",1,0,1,0,0,1,1,1,0,1,0,"Mar","Apr",NA,NA,25,0,1,0,0,0,0,0,0,0,0,0,0,0,0,0,0,"leaf",0,1,0,0,0,0,20,0,0,"leaf",3,"l","i","m","Haemanthus barkerae"
"Haworthia venosa","Haworthia venosa","Asphodelaceae","Haworthiopsis venosa","Haworthiopsis venosa","Asphodelaceae",1,0,1,0,1,0,0,0,0,0,0,"Nov","Dec",NA,NA,5,1,0,0,0,0,0,0,0,0,0,0,0,1,1,0,0,"leaf",0,0,1,0,0,0,4,0,0,"leaf",3,"l","i","p","Haworthiopsis venosa"
"Hebenstretia robusta","Hebenstretia robusta","Scrophulariaceae","Hebenstretia robusta","Hebenstretia robusta","Scrophulariaceae",1,0,1,0,1,0,0,0,0,0,0,NA,NA,NA,NA,50,0,0,0,1,0,0,0,0,0,0,0,0,0,0,0,0,"leaf",1,0,0,0,0,0,2,0,0,"leaf",1,"l","i","p","Hebenstretia robusta"
"Helichrysum hamulosum","Helichrysum hamulosum","Asteraceae","Helichrysum hamulosum","Helichrysum hamulosum","Asteraceae",1,0,1,0,1,0,0,0,0,0,0,"Dec","Mar",NA,NA,60,0,0,0,1,0,0,0,0,0,0,0,0,0,0,0,0,"leaf",1,0,0,0,0,0,1.2,0,0,"leaf",2,"h","i","w","Helichrysum hamulosum"
"Helichrysum leontonyx","Helichrysum leontonyx","Asteraceae","Helichrysum leontonyx","Helichrysum leontonyx","Asteraceae",0,1,1,0,0,0,1,1,0,0,0,NA,NA,NA,NA,5,1,0,0,0,0,0,0,1,0,0,0,0,0,0,0,0,"leaf",0,1,0,0,0,0,2.5,0,0,"leaf",0,"l","i","w","Helichrysum leontonyx"
"Helichrysum lucilioides","Helichrysum lucilioides","Asteraceae","Helichrysum lucilioides","Helichrysum lucilioides","Asteraceae",1,0,1,0,1,0,0,0,0,0,0,NA,NA,NA,NA,60,0,0,0,1,0,0,0,0,0,0,0,0,0,0,0,0,"leaf",0,0,1,0,0,0,1.2,0,0,"leaf",2,"m","i","w","Helichrysum lucilioides"
"Helichrysum obtusum","Helichrysum obtusum","Asteraceae","Helichrysum obtusum","Helichrysum obtusum","Asteraceae",1,0,1,0,1,0,0,0,0,0,0,"Sep",NA,NA,NA,30,0,0,0,1,0,0,0,0,0,0,0,0,0,0,0,0,"leaf",0,0,1,0,0,0,1,0,0,"leaf",2,"l","i","w","Helichrysum obtusum"
"Helichrysum revolutum","Helichrysum revolutum","Asteraceae","Helichrysum revolutum","Helichrysum revolutum","Asteraceae",1,0,1,0,1,0,0,0,0,0,0,"Jul","Oct",NA,NA,200,0,0,0,0,1,0,0,0,0,0,0,0,0,0,0,0,"leaf",1,0,0,0,0,0,1.3,0,0,"leaf",2,"h","i","w","Helichrysum revolutum"
"Helichrysum stellatum","Helichrysum stellatum","Asteraceae","Helichrysum stellatum","Helichrysum stellatum","Asteraceae",1,0,1,0,1,0,0,0,0,0,0,"Sep","Oct",NA,NA,45,0,0,0,1,0,0,0,0,0,0,0,0,0,0,0,0,"leaf",0,1,0,0,0,0,2,0,0,"leaf",2,"m","i","w","Helichrysum stellatum"
"Heliophila amplexicaulis","Heliophila amplexicaulis","Brassicaceae","Heliophila amplexicaulis","Heliophila amplexicaulis","Brassicaceae",0,1,1,0,0,0,1,1,0,0,0,"Aug","Oct",NA,NA,45,1,0,0,0,0,0,0,0,0,0,0,0,0,0,0,0,"leaf",0,1,0,0,0,0,2,0,0,"leaf",0,"l","i","p","Heliophila amplexicaulis"
"Heliophila collina","Heliophila collina","Brassicaceae","Heliophila collina","Heliophila collina","Brassicaceae",0,1,1,0,0,0,1,1,0,0,0,"Aug","Sep",NA,NA,20,1,0,0,0,0,0,0,0,0,0,0,0,0,0,0,0,"leaf",1,0,0,0,1,1,2,0,0,"leaf",0,"l","i","p","Heliophila collina"
"Heliophila crithmifolia","Heliophila crithmifolia","Brassicaceae","Heliophila crithmifolia","Heliophila crithmifolia","Brassicaceae",0,1,1,0,0,0,1,1,0,0,0,"Jul","Oct",NA,NA,60,1,0,0,0,0,0,0,0,0,0,0,0,0,0,0,0,"leaf",1,0,0,0,1,1,3,0,0,"leaf",0,"l","i","p","Heliophila crithmifolia"
"Heliophila deserticola","Heliophila deserticola","Brassicaceae","Heliophila deserticola","Heliophila deserticola","Brassicaceae",0,1,1,0,0,0,1,1,0,0,0,NA,NA,NA,NA,30,1,0,0,0,0,0,0,0,0,0,0,0,0,0,0,0,"leaf",1,0,0,0,1,1,3,0,0,"leaf",0,"l","i","p","Heliophila deserticola"
"Heliophila pinnata","Heliophila pinnata","Brassicaceae","Heliophila pinnata","Heliophila pinnata","Brassicaceae",0,1,1,0,0,0,1,1,0,0,0,"Aug","Oct",NA,NA,20,1,0,0,0,0,0,0,0,0,0,0,0,0,0,0,0,"leaf",1,0,0,0,1,1,2.4,0,0,"leaf",0,"l","i","p","Heliophila pinnata"
"Heliophila seselifolia","Heliophila seselifolia","Brassicaceae","Heliophila seselifolia","Heliophila seselifolia","Brassicaceae",0,1,1,0,0,0,1,1,0,0,0,NA,NA,NA,NA,35,1,0,0,0,0,0,0,0,0,0,0,0,0,0,0,0,"leaf",1,0,0,0,1,1,5,0,0,"leaf",0,"l","i","p","Heliophila seselifolia"
"Heliophila suborbicularis","Heliophila suborbicularis","Brassicaceae","Heliophila suborbicularis","Heliophila suborbicularis","Brassicaceae",0,1,1,0,0,0,1,1,0,0,0,NA,NA,NA,NA,35,1,0,0,0,0,0,0,0,0,0,0,0,0,0,0,0,"leaf",1,0,0,0,1,1,10,0,0,"leaf",0,"l","i","p","Heliophila suborbicularis"
"Heliophila variabilis","Heliophila variabilis","Brassicaceae","Heliophila variabilis","Heliophila variabilis","Brassicaceae",0,1,1,0,0,0,1,1,0,0,0,NA,NA,NA,NA,35,1,0,0,0,0,0,0,0,0,0,0,0,0,0,0,0,"leaf",1,0,0,0,1,1,7,0,0,"leaf",0,"l","i","p","Heliophila variabilis"
"Hemimeris centrodes","Hemimeris centrodes","Scrophulariaceae","Hemimeris centrodes","Hemimeris centrodes","Scrophulariaceae",0,1,1,0,0,0,1,1,0,0,0,NA,NA,NA,NA,30,1,0,0,0,0,0,0,0,0,0,0,0,0,0,0,0,"leaf",0,0,1,0,0,0,1.5,0,0,"leaf",0,"l","i","p","Hemimeris centrodes"
"Hermannia alnifolia","Hermannia alnifolia","Scrophulariaceae","Hermannia alnifolia","Hermannia alnifolia","Malvaceae",1,0,1,0,1,0,0,0,0,0,0,NA,NA,NA,NA,100,0,0,0,1,0,0,0,0,0,0,0,0,0,0,0,0,"leaf",0,0,1,0,0,0,1.5,0,0,"leaf",1,"h","i","p","Hermannia alnifolia"
"Hermannia cernua","Hermannia cernua","Malvaceae","Hermannia cernua","Hermannia cernua","Malvaceae",1,0,1,0,1,0,0,0,0,1,0,NA,NA,NA,NA,35,0,0,0,1,0,0,0,0,0,0,0,0,0,0,0,0,"leaf",0,1,0,0,0,0,2,0,0,"leaf",1,"m","i","p","Hermannia cernua"
"Hermannia coccocarpa","Hermannia coccocarpa","Malvaceae","Hermannia coccocarpa","Hermannia coccocarpa","Malvaceae",1,0,1,0,1,0,0,0,0,0,0,"Sep","May",NA,NA,30,0,0,0,1,0,0,0,0,0,0,0,0,0,0,0,0,"leaf",0,1,0,0,0,0,2,0,0,"leaf",2,"l","i","p","Hermannia coccocarpa"
"Hermannia cuneifolia","Hermannia cuneifolia","Malvaceae","Hermannia cuneifolia","Hermannia cuneifolia","Malvaceae",1,0,1,0,1,0,0,0,0,0,0,"Aug","Oct",NA,NA,100,0,0,0,1,1,0,0,0,0,0,0,0,0,0,0,0,"leaf",0,0,1,0,0,0,2,0,0,"leaf",2,"h","i","p","Hermannia cuneifolia"
"Hermannia grandiflora","Hermannia grandiflora","Malvaceae","Hermannia grandiflora","Hermannia grandiflora","Malvaceae",1,0,1,0,1,0,0,0,0,0,0,NA,NA,NA,NA,100,0,0,0,1,0,0,0,0,0,0,0,0,0,0,0,0,"leaf",0,1,0,0,0,0,2,0,0,"leaf",2,"m","i","p","Hermannia grandiflora"
"Hermannia spinosa","Hermannia spinosa","Malvaceae","Hermannia spinosa","Hermannia spinosa","Malvaceae",1,0,1,0,1,0,0,0,0,0,0,"Aug","Sep",NA,NA,40,0,0,0,1,0,0,0,0,0,0,0,0,0,0,0,0,"leaf",0,0,1,0,0,0,1.5,0,0,"leaf",3,"l","i","p","Hermannia spinosa"
"Hesperantha bachmannii","Hesperantha bachmannii","Iridaceae","Hesperantha bachmannii","Hesperantha bachmannii","Iridaceae",1,0,1,0,0,1,1,1,0,1,0,NA,NA,NA,NA,30,0,1,0,0,0,0,0,0,0,0,0,0,0,0,0,0,"leaf",1,0,0,0,0,0,10,0,0,"leaf",2,"l","i","p","Hesperantha bachmannii"
"Hesperantha cucullata","Hesperantha cucullata","Iridaceae","Hesperantha cucullata","Hesperantha cucullata","Iridaceae",1,0,1,0,0,1,1,1,0,1,0,NA,NA,NA,NA,30,0,1,0,0,0,0,0,0,0,0,0,0,0,0,0,0,"leaf",1,0,0,0,0,0,10,0,0,"leaf",2,"l","i","p","Hesperantha cucullata"
"Hesperantha luticola","Hesperantha luticola","Iridaceae","Hesperantha luticola","Hesperantha luticola","Iridaceae",1,0,1,0,0,1,1,1,0,1,0,"Jul","Aug",NA,NA,12,0,1,0,0,0,0,0,0,0,0,0,0,0,0,0,0,"leaf",1,0,0,0,0,0,7,0,0,"leaf",2,"l","i","p","Hesperantha luticola"
"Hesperantha pauciflora","Hesperantha pauciflora","Iridaceae","Hesperantha pauciflora","Hesperantha pauciflora","Iridaceae",1,0,1,0,0,1,1,1,0,1,0,"Aug","Sep",NA,NA,24,0,1,0,0,0,0,0,0,0,0,0,0,0,0,0,0,"leaf",1,0,0,0,0,0,10,0,0,"leaf",2,"l","i","p","Hesperantha pauciflora"
"Hirpicium alienatum","Hirpicium alienatum","Asteraceae","Hirpicium alienatum","Hirpicium alienatum","Asteraceae",1,0,1,0,1,0,0,0,0,0,0,"Aug","Dec",NA,NA,50,0,0,0,1,0,0,0,0,0,0,0,0,0,0,0,0,"leaf",0,1,0,0,0,0,0.7,0,0,"leaf",3,"m","i","w","Hirpicium alienatum"
"Hirpicium echinus","Hirpicium echinus","Asteraceae","Hirpicium echinus","Hirpicium echinus","Asteraceae",1,0,1,0,1,0,0,0,0,0,0,NA,NA,NA,NA,40,1,0,0,0,0,0,0,0,0,0,0,0,0,0,0,0,"leaf",1,0,0,0,0,1,1,0,0,"leaf",2,"m","i","w","Hirpicium echinus"
"Hoodia gordonii","Hoodia gordonii","Apocynaceae","Hoodia gordonii","Hoodia gordonii","Apocynaceae",1,0,1,0,1,0,0,0,0,0,0,"Sep","Apr",NA,NA,100,0,0,0,1,0,0,0,0,0,0,0,0,1,0,1,0,NA,0,0,0,0,0,0,4,1,1,"culm_stem",3,"l","i","p","Hoodia gordonii"
"Hordeum murinum","Hordeum murinum","Poaceae","Hordeum murinum","Hordeum murinum","Poaceae",0,1,1,0,0,0,1,1,0,0,0,NA,NA,NA,NA,50,0,0,1,0,0,0,0,0,0,0,0,0,0,0,0,0,"leaf",1,0,0,0,0,0,15,0,1,"mixed",0,"l","w","w","Hordeum murinum"
"Hypertelis salsoloides","Hypertelis salsoloides","Molluginaceae","Kewa salsoloides","Kewa salsoloides","Kewaceae",1,0,1,0,1,0,0,0,0,0,0,NA,NA,NA,NA,30,0,0,0,1,0,0,0,0,0,0,0,0,1,1,0,0,"leaf",1,0,0,0,0,0,3,0,0,"leaf",1,"l","i","p","Kewa salsoloides"
"Ifloga glomerata","Ifloga glomerata","Asteraceae","Ifloga glomerata","Ifloga glomerata","Asteraceae",0,1,1,0,0,0,0,0,0,0,0,"Aug","Nov",NA,NA,10,1,0,0,0,0,0,0,0,0,0,0,0,0,0,0,0,"leaf",1,0,0,0,0,0,0.8,0,0,"leaf",0,"l","w","w","Ifloga glomerata"
"Indigofera nigromontana","Indigofera nigromontana","Fabaceae","Indigofera nigromontana","Indigofera nigromontana","Fabaceae",1,0,1,0,1,0,0,0,0,0,0,"Jun","Mar",NA,NA,200,0,0,0,0,1,0,0,0,0,0,0,0,0,0,0,0,"leaf",0,0,1,1,0,0,1,0,0,"leaf",2,"h","i","p","Indigofera nigromontana"
"Ixia rapunculoides","Ixia rapunculoides","Iridaceae","Ixia rapunculoides","Ixia rapunculoides","Iridaceae",1,0,1,0,0,1,1,1,0,1,0,"Aug","Sep",NA,NA,70,0,1,0,0,0,0,0,0,0,0,0,0,0,0,0,0,"leaf",1,0,0,0,0,0,15,0,0,"leaf",2,"m","i","w","Ixia rapunculoides"
"Justicia cuneata","Justicia cuneata","Acanthaceae","Justicia cuneata","Justicia cuneata","Acanthaceae",1,0,1,0,1,0,0,0,0,0,0,NA,NA,NA,NA,60,0,0,0,1,0,0,0,0,0,0,0,0,0,0,0,0,"leaf",0,1,0,0,0,0,2,0,0,"leaf",3,"m","i","p","Justicia cuneata"
"Lachenalia obscura","Lachenalia obscura","Hyacinthaceae","Lachenalia obscura","Lachenalia obscura","Asparagaceae",1,0,1,0,0,1,1,1,0,1,0,"Jun","Oct",NA,NA,38,0,1,0,0,0,0,0,0,0,0,0,0,0,0,0,0,"leaf",0,1,0,0,0,0,15,0,0,"leaf",2,"l","i","p","Lachenalia obscura"
"Lachenalia violacea","Lachenalia violacea","Hyacinthaceae","Lachenalia violacea","Lachenalia violacea","Asparagaceae",1,0,1,0,0,1,1,1,0,1,0,NA,NA,NA,NA,35,0,1,0,0,0,0,0,0,0,0,0,0,0,0,0,0,"leaf",0,1,0,0,0,0,10,0,0,"leaf",2,"l","i","p","Lachenalia violacea"
"Lampranthus watermeyeri","Lampranthus watermeyeri","Aizoaceae","Lampranthus watermeyeri","Lampranthus watermeyeri","Aizoaceae",1,0,1,0,1,0,0,0,0,0,0,"Jun","Oct",NA,NA,50,0,0,0,1,0,0,0,0,0,0,0,0,0,0,0,0,"leaf",0,1,0,0,0,0,4,0,0,"leaf",3,"l","i","p","Lampranthus watermeyeri"
"Lapeirousia falcata","Lapeirousia falcata","Iridaceae","Codonorhiza falcata","Codonorhiza falcata","Iridaceae",1,0,1,0,0,1,1,1,1,1,0,"Sep","Oct",NA,NA,10,0,1,0,0,0,0,0,0,0,0,0,0,0,0,0,0,"leaf",0,1,0,0,0,0,9,0,0,"leaf",2,"l","i","p","Codonorhiza falcata"
"Lapeirousia montana","Lapeirousia montana","Iridaceae","Lapeirousia montana","Lapeirousia montana","Iridaceae",1,0,1,0,0,1,1,1,0,1,0,NA,NA,NA,NA,10,0,1,0,0,0,0,0,0,0,0,0,0,0,0,0,0,"leaf",1,0,0,0,0,0,4,0,0,"leaf",2,"l","i","p","Lapeirousia montana"
"Lapeirousia plicata","Lapeirousia plicata","Iridaceae","Lapeirousia plicata","Lapeirousia plicata","Iridaceae",1,0,1,0,0,1,1,1,0,1,0,"Jul","Sep",NA,NA,5,0,1,0,0,0,0,0,0,0,0,0,0,0,0,0,0,"leaf",0,1,0,0,0,0,2,0,0,"leaf",2,"l","i","p","Lapeirousia plicata"
"Lapeirousia jacquinii","Lapeirousia jacquinii","Iridaceae","Lapeirousia jacquinii","Lapeirousia jacquinii","Iridaceae",1,0,1,0,1,1,1,1,0,0,0,"Aug","Sep",NA,NA,12,0,1,0,0,0,0,0,0,0,0,0,0,0,0,0,0,"leaf",0,1,0,0,0,0,3,0,0,"leaf",2,"l","i","p","Lapeirousia jacquinii"
"Lasiopogon muscoides","Lasiopogon muscoides","Asteraceae","Lasiopogon muscoides","Lasiopogon muscoides","Asteraceae",0,1,1,0,0,0,1,1,0,0,0,"Aug","Sep",NA,NA,5,1,0,0,0,0,0,0,0,0,0,0,0,0,0,0,0,"leaf",0,0,1,0,0,0,0.5,0,0,"leaf",0,"l","w","w","Lasiopogon muscoides"
"Lasiospermum brachyglossum","Lasiospermum brachyglossum","Asteraceae","Lasiospermum brachyglossum","Lasiospermum brachyglossum","Asteraceae",0,1,1,0,0,0,1,1,0,0,0,"Jul","Oct",NA,NA,40,1,0,0,0,0,0,0,0,0,0,0,0,0,0,0,0,"leaf",1,0,0,0,1,1,5,0,0,"leaf",0,"l","i","w","Lasiospermum brachyglossum"
"Lasiospermum poterioides","Lasiospermum poterioides","Asteraceae","Lasiospermum poterioides","Lasiospermum poterioides","Asteraceae",1,0,1,0,1,0,0,0,0,1,0,NA,NA,NA,NA,20,0,0,0,1,0,0,0,1,0,0,0,0,0,0,0,0,"leaf",1,0,0,0,1,1,15,0,0,"leaf",3,"l","i","w","Lasiospermum poterioides"
"Leipoldtia schultzei","Leipoldtia schultzei","Aizoaceae","Leipoldtia schultzei","Leipoldtia schultzei","Aizoaceae",1,0,1,0,1,0,0,0,0,0,0,"Apr","Sep",NA,NA,70,0,0,0,1,0,0,0,0,0,0,0,0,1,1,0,0,"leaf",0,1,0,0,0,0,2,0,0,"leaf",3,"l","i","p","Leipoldtia schultzei"
"Lessertia diffusa","Lessertia diffusa","Fabaceae","Lessertia diffusa","Lessertia diffusa","Fabaceae",1,0,1,0,1,0,0,0,0,1,0,NA,NA,NA,NA,45,1,0,0,0,0,0,0,1,0,0,0,0,0,0,0,0,"leaf",1,0,0,1,0,1,6,0,0,"leaf",2,"l","i","w","Lessertia diffusa"
"Leucadendron brunioides","Leucadendron brunioides","Proteaceae","Leucadendron brunioides","Leucadendron brunioides","Proteaceae",1,0,0,1,1,0,0,0,0,1,1,"Oct","Nov",NA,NA,200,0,0,0,0,1,0,0,0,0,0,0,0,0,0,0,0,"leaf",1,0,0,0,0,0,2.3,0,0,"leaf",3,"h","i","p","Leucadendron brunioides"
"Leucadendron remotum","Leucadendron remotum","Proteaceae","Leucadendron remotum","Leucadendron remotum","Proteaceae",1,0,0,1,1,0,0,0,0,1,1,"Aug","Sep",NA,NA,150,0,0,0,0,1,0,0,0,0,0,0,0,0,0,0,0,"leaf",0,1,0,0,0,0,4,0,0,"leaf",2,"h","i","p","Leucadendron remotum"
"Leysera tenella","Leysera tenella","Asteraceae","Leysera tenella","Leysera tenella","Asteraceae",1,1,1,0,1,0,1,1,0,0,0,"Aug","Oct",NA,NA,20,0,0,0,1,0,0,0,0,0,0,0,0,0,0,0,0,"leaf",1,0,0,0,0,0,1.5,0,0,"leaf",1,"m","i","w","Leysera tenella"
"Lotononis falcata","Lotononis falcata (form C)","Fabaceae","Lotononis falcata","Lotononis falcata","Fabaceae",0,1,1,0,0,0,1,1,0,0,0,"Jul","Oct",NA,NA,20,1,0,0,0,0,0,0,0,0,0,0,0,0,0,0,0,"leaf",0,1,0,1,0,0,1.5,0,0,"leaf",0,"l","i","p","Lotononis falcata"
"Lotononis parvifolia","Lotononis parvifolia","Fabaceae","Lotononis","Lotononis","Fabaceae",0,1,1,0,0,0,1,1,0,0,0,NA,NA,NA,NA,20,1,0,0,0,0,0,0,0,0,0,0,0,0,0,0,0,"leaf",0,1,0,1,0,0,2,0,0,"leaf",0,"l","i","p","Lotononis"
"Lycium amoenum","Lycium amoenum","Solanaceae","Lycium amoenum","Lycium amoenum","Solanaceae",1,0,1,0,1,0,0,0,0,1,0,"Jun","Jul","Sep",NA,300,0,0,0,0,1,1,0,0,0,0,0,0,0,0,0,0,"leaf",0,0,1,0,0,0,2.4,0,0,"leaf",3,"m","i","m","Lycium amoenum"
"Lycium cinereum","Lycium cinereum","Solanaceae","Lycium cinereum","Lycium cinereum","Solanaceae",1,0,1,0,1,0,0,0,0,1,0,"Jul","Sep",NA,NA,200,0,0,0,0,1,0,0,0,0,0,0,0,0,0,0,0,"leaf",0,0,1,0,0,0,1.7,0,0,"leaf",3,"m","i","m","Lycium cinereum"
"Lyperia tristis","Lyperia tristis","Scrophulariaceae","Lyperia tristis","Lyperia tristis","Scrophulariaceae",0,1,1,0,0,0,1,1,0,0,0,NA,NA,NA,NA,60,1,0,0,0,0,0,0,0,0,0,0,0,0,0,0,0,"leaf",0,1,0,0,0,0,7,0,0,"leaf",0,"l","i","p","Lyperia tristis"
"Malephora crassa","Malephora crassa","Aizoaceae","Malephora crassa","Malephora crassa","Aizoaceae",1,0,1,0,1,0,0,0,0,0,0,"Aug","Oct",NA,NA,8,0,0,0,1,0,0,0,1,0,0,0,0,1,1,0,0,"leaf",0,1,0,0,0,0,4,0,0,"leaf",3,"l","i","p","Malephora crassa"
"Manochlamys albicans","Manochlamys albicans","Amaranthaceae","Manochlamys albicans","Manochlamys albicans","Chenopodiaceae",1,0,1,0,1,0,0,0,0,0,0,NA,NA,NA,NA,200,0,0,0,0,1,0,0,0,0,0,0,0,0,0,0,0,"leaf",0,1,0,0,0,0,4,0,0,"leaf",3,"l","i","p","Manochlamys albicans"
"Massonia depressa","Massonia depressa","Hyacinthaceae","Massonia depressa","Massonia depressa","Asparagaceae",1,0,1,0,1,0,1,1,0,1,0,"May","Jul","Aug",NA,5,0,1,0,0,0,0,0,0,0,0,0,0,0,0,0,0,"leaf",0,0,1,0,0,0,10,0,0,"leaf",3,"l","i","p","Massonia depressa"
"Medicargo polymorpha","Medicargo polymorpha","Fabaceae","Medicago polymorpha","Medicago polymorpha","Fabaceae",0,1,1,0,0,0,1,1,0,0,0,NA,NA,NA,NA,20,1,0,0,0,0,0,0,1,0,0,0,0,0,0,0,0,"leaf",0,0,1,1,0,0,3,0,0,"leaf",0,"l","i","m","Medicago polymorpha"
"Melasphaerula ramosa","Melasphaerula ramosa","Iridaceae","Ixia scillaris subsp. scillaris","Ixia scillaris subsp. scillaris","Iridaceae",1,0,1,0,0,1,1,1,0,1,0,NA,NA,NA,NA,60,0,1,0,0,0,0,0,0,0,0,0,0,0,0,0,0,"leaf",1,0,0,0,0,0,15,0,0,"leaf",2,"l","i","p","Ixia scillaris subsp. scillaris"
"Melianthus comosus","Melianthus comosus","Melianthaceae","Melianthus comosus","Melianthus comosus","Francoaceae",1,0,1,0,1,0,0,0,0,0,0,"Aug","Oct",NA,NA,200,0,0,0,0,1,0,0,0,0,0,0,0,0,0,0,0,"leaf",0,1,0,1,1,1,4,0,0,"leaf",2,"h","i","w","Melianthus comosus"
"Mentha longiflora","Mentha longiflora","Lamiaceae","Dracaena longiflora","Dracaena longiflora","Asparagaceae",1,0,1,0,1,0,0,0,0,0,0,NA,NA,NA,NA,150,0,0,0,1,1,0,0,0,0,0,0,0,0,0,0,0,"leaf",0,1,0,0,0,0,8,0,0,"leaf",2,"m","i","p","Dracaena longiflora"
"Mesembryanthemum emarcidum","Mesembryanthemum emarcidum","Aizoaceae","Mesembryanthemum emarcidum","Mesembryanthemum emarcidum","Aizoaceae",1,0,1,0,1,0,0,0,0,0,0,"Aug","Oct",NA,NA,25,0,0,0,1,0,0,0,1,0,0,0,0,1,1,0,0,"leaf",0,1,0,0,0,0,3.5,0,0,"leaf",2,"l","i","p","Mesembryanthemum emarcidum"
"Mesembryanthemum guerichianum","Mesembryanthemum guerichianum","Aizoaceae","Mesembryanthemum guerichianum","Mesembryanthemum guerichianum","Aizoaceae",0,1,1,0,0,0,1,1,0,0,0,"Sep","Dec",NA,NA,20,0,0,0,1,0,0,0,1,0,0,0,0,1,1,1,0,"leaf",0,0,1,0,0,0,6,0,0,"leaf",0,"l","i","p","Mesembryanthemum guerichianum"
"Mesembryanthemum junceum","Mesembryanthemum junceum","Aizoaceae","Mesembryanthemum junceum","Mesembryanthemum junceum","Aizoaceae",1,0,1,0,1,0,0,0,0,0,0,"Oct","Nov",NA,NA,55,0,0,0,1,1,0,0,0,0,0,0,0,1,1,1,0,"leaf",0,1,0,0,0,0,1.5,0,0,"leaf",2,"l","i","p","Mesembryanthemum junceum"
"Mesembryanthemum nitidum","Mesembryanthemum nitidum","Aizoaceae","Mesembryanthemum nitidum","Mesembryanthemum nitidum","Aizoaceae",1,0,1,0,1,0,0,0,0,0,0,"Sep","Oct",NA,NA,30,0,0,0,1,0,0,0,1,0,0,0,0,1,1,0,0,"leaf",0,1,0,0,0,0,3,0,0,"leaf",3,"l","i","p","Mesembryanthemum nitidum"
"Mesembryanthemum resurgens","Mesembryanthemum resurgens","Aizoaceae","Mesembryanthemum resurgens","Mesembryanthemum resurgens","Aizoaceae",1,0,1,0,1,0,0,0,0,1,0,"Jun","Sep",NA,NA,10,0,1,0,1,0,0,0,0,0,0,0,0,1,1,1,0,"leaf",1,0,0,0,0,0,5,0,0,"leaf",3,"l","i","p","Mesembryanthemum resurgens"
"Mesembryanthemum stenandrum","Mesembryanthemum stenandrum","Aizoaceae","Mesembryanthemum stenandrum","Mesembryanthemum stenandrum","Aizoaceae",0,1,1,0,1,0,0,0,0,0,0,"Nov","Dec",NA,NA,10,1,0,0,0,0,0,0,1,0,0,0,0,1,1,1,0,"leaf",1,0,0,0,0,0,2,0,0,"leaf",0,"l","i","p","Mesembryanthemum stenandrum"
"Mesembryanthemum vaginatum","Mesembryanthemum vaginatus","Aizoaceae","Mesembryanthemum vaginatum","Mesembryanthemum vaginatum","Aizoaceae",1,0,1,0,1,0,0,0,0,0,0,"Oct","Nov",NA,NA,25,0,0,0,1,0,0,0,1,0,0,0,0,1,1,0,0,"leaf",1,0,0,0,0,0,1,1,1,"mixed",3,"l","i","p","Mesembryanthemum vaginatum"
"Microloma armatum","Microloma armatum","Apocynaceae","Microloma armatum","Microloma armatum","Apocynaceae",1,0,1,0,1,0,0,0,0,0,0,NA,NA,NA,NA,20,0,0,0,1,0,0,0,0,0,0,0,0,0,0,0,0,"leaf",0,1,0,0,0,0,0.8,0,0,"leaf",3,"l","i","w","Microloma armatum"
"Microloma calycinum","Microloma calycinum","Apocynaceae","Microloma calycinum","Microloma calycinum","Apocynaceae",1,0,1,0,1,0,0,0,0,0,0,NA,NA,NA,NA,100,0,0,0,1,0,0,0,0,1,0,0,0,0,0,0,0,"leaf",1,0,0,0,0,0,1.8,0,0,"leaf",3,"l","i","w","Microloma calycinum"
"Microloma namaquense","Microloma namaquense","Apocynaceae","Microloma namaquense","Microloma namaquense","Apocynaceae",1,0,1,0,1,0,0,0,0,0,0,NA,NA,NA,NA,100,0,0,0,0,0,0,0,0,1,0,0,0,0,0,0,0,"leaf",1,0,0,0,0,0,3.5,0,0,"leaf",3,"l","i","w","Microloma namaquense"
"Microloma sagittatum","Microloma sagittatum","Apocynaceae","Microloma sagittatum","Microloma sagittatum","Apocynaceae",1,0,1,0,1,0,0,0,0,1,0,"Jun","Oct",NA,NA,100,1,0,0,0,0,0,0,0,1,0,0,0,0,0,0,0,"leaf",0,1,0,0,1,0,1,0,1,"mixed",2,"l","i","w","Microloma sagittatum"
"Monechma spartioides","Monechma spartioides","Thurniaceae","Pogonospermum patulum","Pogonospermum patulum","Acanthaceae",1,0,1,0,1,0,0,0,0,0,0,"Feb","Dec",NA,NA,200,0,0,0,1,1,0,0,0,0,0,0,0,0,0,0,0,"leaf",0,1,0,0,0,0,1.5,0,0,"leaf",3,"l","i","p","Pogonospermum patulum"
"Osteospermum hyoseroides","Monoculus hyoseroides","Asteraceae","Monoculus hyoseroides","Monoculus hyoseroides","Asteraceae",0,1,1,0,0,0,1,1,0,0,0,NA,NA,NA,NA,60,1,0,0,0,0,0,0,0,0,0,0,0,0,0,0,0,"leaf",0,1,0,0,0,0,10,0,0,"leaf",0,"l","i","w","Monoculus hyoseroides"
"Moraea amabilis","Moraea amabilis","Iridaceae","Moraea amabilis","Moraea amabilis","Iridaceae",1,0,1,0,0,1,1,1,0,1,0,"Aug","Sep",NA,NA,45,0,1,0,0,0,0,0,0,0,0,0,0,0,0,0,0,"leaf",1,0,0,0,0,0,15,0,0,"leaf",2,"l","i","w","Moraea amabilis"
"Moraea bifida","Moraea bifida","Iridaceae","Moraea bifida","Moraea bifida","Iridaceae",1,0,1,0,0,1,1,1,0,1,0,"Aug","Sep",NA,NA,60,0,1,0,0,0,0,0,0,0,0,0,0,0,0,0,0,"leaf",1,0,0,0,0,0,30,0,0,"leaf",2,"l","i","w","Moraea bifida"
"Moraea brachygyne","Moraea brachygyne","Iridaceae","Moraea brachygyne","Moraea brachygyne","Iridaceae",1,0,1,0,0,1,1,1,0,1,0,"Jul","Sep",NA,NA,25,0,1,0,0,0,0,0,0,0,0,0,0,0,0,0,0,"leaf",1,0,0,0,0,0,15,0,0,"leaf",2,"l","i","w","Moraea brachygyne"
"Moraea ciliata","Moraea ciliata","Iridaceae","Moraea ciliata","Moraea ciliata","Iridaceae",1,0,1,0,0,1,1,1,0,1,0,"Jul","Sep",NA,NA,10,0,1,0,0,0,0,0,0,0,0,0,0,0,0,0,0,"leaf",1,0,0,0,0,0,5,0,0,"leaf",2,"l","i","w","Moraea ciliata"
"Moraea falcifolia","Moraea falcifolia","Iridaceae","Moraea falcifolia","Moraea falcifolia","Iridaceae",1,0,1,0,0,1,1,1,0,1,0,"May","Aug",NA,NA,5,0,1,0,0,0,0,0,0,0,0,0,0,0,0,0,0,"leaf",1,0,0,0,0,0,4,0,0,"leaf",2,"l","i","w","Moraea falcifolia"
"Moraea fenestrata","Moraea fenestrata","Iridaceae","Moraea fenestrata","Moraea fenestrata","Iridaceae",1,0,1,0,0,1,1,1,0,1,0,"Aug",NA,NA,NA,30,0,1,0,0,0,0,0,0,0,0,0,0,0,0,0,0,"leaf",1,0,0,0,0,0,20,0,0,"leaf",2,"l","i","w","Moraea fenestrata"
"Moraea miniata","Moraea miniata","Iridaceae","Moraea miniata","Moraea miniata","Iridaceae",1,0,1,0,0,1,1,1,0,1,0,NA,NA,NA,NA,60,0,1,0,0,0,0,0,0,0,0,0,0,0,0,0,0,"leaf",1,0,0,0,0,0,20,0,0,"leaf",2,"l","i","w","Moraea miniata"
"Moraea pritzeliana","Moraea pritzeliana","Iridaceae","Moraea pritzeliana","Moraea pritzeliana","Iridaceae",1,0,1,0,0,1,1,1,0,1,0,"Sep","Oct",NA,NA,25,0,1,0,0,0,0,0,0,0,0,0,0,0,0,0,0,"leaf",1,0,0,0,0,0,20,0,0,"leaf",2,"l","i","w","Moraea pritzeliana"
"Muraltia divaricata","Muraltia divaricata","Polygalaceae","Muraltia divaricata","Muraltia divaricata","Polygalaceae",1,0,1,0,1,0,0,0,0,0,0,"Sep","Dec",NA,NA,50,0,0,0,1,0,0,0,0,0,0,0,0,0,0,0,0,"leaf",1,0,0,0,0,0,1,0,0,"leaf",2,"h","i","i","Muraltia divaricata"
"Muraltia vulnerans","Muraltia vulnerans","Polygalaceae","Muraltia vulnerans","Muraltia vulnerans","Polygalaceae",1,0,1,0,1,0,0,0,0,0,0,NA,NA,NA,NA,80,0,0,0,1,0,0,0,0,0,0,0,0,0,0,0,0,"leaf",1,0,0,0,0,0,1.3,0,0,"leaf",2,"h","i","i","Muraltia vulnerans"
"Nemesia anisocarpa","Nemesia anisocarpa","Scrophulariaceae","Nemesia anisocarpa","Nemesia anisocarpa","Scrophulariaceae",0,1,1,0,0,0,1,1,0,0,0,NA,NA,NA,NA,40,1,0,0,0,0,0,0,0,0,0,0,0,0,0,0,0,"leaf",0,1,0,0,0,0,2.5,0,0,"leaf",0,"l","i","p","Nemesia anisocarpa"
"Nemesia cheiranthus","Nemesia cheiranthus","Scrophulariaceae","Nemesia cheiranthus","Nemesia cheiranthus","Scrophulariaceae",0,1,1,0,0,0,1,1,0,0,0,"Aug","Sep",NA,NA,40,1,0,0,0,0,0,0,0,0,0,0,0,0,0,0,0,"leaf",0,1,0,0,0,0,2,0,0,"leaf",0,"l","i","p","Nemesia cheiranthus"
"Nemesia leipoldtii","Nemesia leipoldtii","Scrophulariaceae","Nemesia leipoldtii","Nemesia leipoldtii","Scrophulariaceae",0,1,1,0,0,0,1,1,0,0,0,"Aug","Sep",NA,NA,30,1,0,0,0,0,0,0,0,0,0,0,0,0,0,0,0,"leaf",0,0,1,0,0,0,2.6,0,0,"leaf",0,"l","i","p","Nemesia leipoldtii"
"Nenax cinerea","Nenax cinerea","Rubiaceae","Nenax cinerea","Nenax cinerea","Rubiaceae",1,0,0,1,1,0,0,0,0,0,0,"Aug",NA,NA,NA,100,0,0,0,1,1,0,0,0,0,0,0,0,0,0,0,0,"leaf",0,0,1,0,0,0,0.5,0,0,"leaf",3,"m","w","p","Nenax cinerea"
"Nenax microphylla","Nenax microphylla","Rubiaceae","Nenax microphylla","Nenax microphylla","Rubiaceae",1,0,0,1,1,0,0,0,0,0,0,NA,NA,NA,NA,50,0,0,0,1,0,0,0,0,0,0,0,0,0,0,0,0,"leaf",0,1,0,0,0,0,0.4,0,0,"leaf",2,"m","w","p","Nenax microphylla"
"Oedera genistifolia","Oedera genistifolia","Asteraceae","Oedera genistifolia","Oedera genistifolia","Asteraceae",1,0,1,0,1,0,0,0,0,0,0,"Aug","Nov",NA,NA,100,0,0,0,1,1,0,0,0,0,0,0,0,0,0,0,0,"leaf",0,1,0,0,0,0,1.4,0,0,"leaf",2,"h","i","w","Oedera genistifolia"
"Oncosiphon grandiflorum","Oncosiphon grandiflorum","Asteraceae","Oncosiphon grandiflorus","Oncosiphon grandiflorus","Asteraceae",0,1,1,0,0,0,1,1,0,0,0,"Aug","Nov",NA,NA,45,1,0,0,0,0,0,0,0,0,0,0,0,0,0,0,0,"leaf",1,0,0,1,0,1,5,0,0,"leaf",0,"l","i","w","Oncosiphon grandiflorus"
"Oncosiphon suffruticosum","Oncosiphon suffruticosum","Asteraceae","Oncosiphon suffruticosum","Oncosiphon suffruticosum","Asteraceae",0,1,1,0,0,0,1,1,0,0,0,"Sep","Dec",NA,NA,50,1,0,0,0,0,0,0,0,0,0,0,0,0,0,0,0,"leaf",1,0,0,1,0,1,8,0,0,"leaf",0,"l","i","w","Oncosiphon suffruticosum"
"Ophioglossum polyphyllum","Ophioglossum polyphyllum","Ophioglossaceae","Ophioglossum polyphyllum","Ophioglossum polyphyllum","Ophioglossaceae",1,0,1,0,1,0,0,0,0,1,0,NA,NA,NA,NA,10,1,0,0,0,0,0,0,0,0,0,0,0,0,0,0,0,"frond",0,1,0,0,0,0,6,0,0,"leaf",3,"l","w","w","Ophioglossum polyphyllum"
"Ornithogalum rupestre","Ornithogalum multifolium","Hyacinthaceae","Eliokarmos rupestris","Eliokarmos rupestris","Asparagaceae",1,0,1,0,0,1,1,1,0,0,0,NA,NA,NA,NA,25,0,1,0,0,0,0,0,0,0,0,0,0,1,1,0,0,"leaf",1,0,0,0,0,0,15,0,0,"leaf",3,"l","i","w","Eliokarmos rupestris"
"Ornithogalum pruinosum","Ornithogalum pruinosum","Hyacinthaceae","Eliokarmos pruinosus","Eliokarmos pruinosus","Asparagaceae",1,0,1,0,0,1,1,1,0,0,0,NA,NA,NA,NA,30,0,1,0,0,0,0,0,0,0,0,0,0,0,0,0,0,"leaf",0,1,0,0,0,0,10,0,0,"leaf",3,"l","i","w","Eliokarmos pruinosus"
"Albuca secunda","Ornithogalum secundum","Hyacinthaceae","Coilonox secundum","Coilonox secundum","Asparagaceae",1,0,1,0,0,1,1,1,0,1,0,NA,NA,NA,NA,35,0,1,0,0,0,0,0,0,0,0,0,0,0,0,0,0,"leaf",0,1,0,0,0,0,15,0,0,"leaf",3,"l","i","w","Coilonox secundum"
"Ornithogalum tanquanum","Ornithogalum tanquanum","Hyacinthaceae","Ethesia tanquana","Ethesia tanquana","Asparagaceae",1,0,1,0,0,1,1,1,0,1,0,NA,NA,NA,NA,30,0,1,0,0,0,0,0,0,0,0,0,0,0,0,0,0,"leaf",1,0,0,0,0,0,10,0,0,"leaf",2,"l","i","w","Ethesia tanquana"
"Ornithogalum xanthochlorum","Ornithogalum xanthochlorum","Hyacinthaceae","Ethesia xanthochlora","Ethesia xanthochlora","Asparagaceae",1,0,1,0,0,1,1,1,0,1,0,NA,NA,NA,NA,60,0,1,0,0,0,0,0,0,0,0,0,0,0,0,0,0,"leaf",1,0,0,0,0,0,35,0,0,"leaf",3,"l","i","w","Ethesia xanthochlora"
"Ornithoglossum parviflorum","Ornithoglossum parviflorum","Colchicaceae","Ornithoglossum parviflorum","Ornithoglossum parviflorum","Colchicaceae",1,0,1,0,0,1,1,1,0,1,0,"Jun","Oct",NA,NA,30,0,1,0,0,0,0,0,0,0,0,0,0,0,0,0,0,"leaf",0,1,0,0,0,0,5,0,0,"leaf",3,"l","i","w","Ornithoglossum parviflorum"
"Ornithoglossum viride","Ornithoglossum viride","Colchicaceae","Ornithoglossum viride","Ornithoglossum viride","Colchicaceae",1,0,1,0,0,1,1,1,0,1,0,NA,NA,NA,NA,30,0,1,0,0,0,0,0,0,0,0,0,0,0,0,0,0,"leaf",0,1,0,0,0,0,5,0,0,"leaf",3,"l","i","w","Ornithoglossum viride"
"Ornithoglossum vulgare","Ornithoglossum vulgare","Colchicaceae","Ornithoglossum vulgare","Ornithoglossum vulgare","Colchicaceae",1,0,1,0,0,1,1,1,0,1,0,NA,NA,NA,NA,20,0,1,0,0,0,0,0,0,0,0,0,0,0,0,0,0,"leaf",0,1,0,0,0,0,5,0,0,"leaf",3,"l","i","w","Ornithoglossum vulgare"
"Osteospermum acanthospermum","Osteospermum acanthospermum","Asteraceae","Osteospermum acanthospermum","Osteospermum acanthospermum","Asteraceae",0,1,1,0,0,0,1,1,0,0,0,"Aug","Oct",NA,NA,15,1,0,0,0,0,0,0,1,0,0,0,0,0,0,0,0,"leaf",0,1,0,0,1,0,2.5,0,0,"leaf",0,"l","i","m","Osteospermum acanthospermum"
"Osteospermum incanum subsp. incanum","Osteospermum incanum","Asteraceae","Chrysanthemoides incana","Chrysanthemoides incana","Asteraceae",1,0,1,0,1,0,0,0,0,0,0,"Dec","May",NA,NA,80,0,0,0,1,0,0,0,1,0,0,0,0,0,0,0,0,"leaf",0,1,0,0,0,0,3.5,0,0,"leaf",2,"h","i","m","Chrysanthemoides incana"
"Osteospermum leptolobum","Osteospermum leptolobum","Asteraceae","Osteospermum leptolobum","Osteospermum leptolobum","Asteraceae",1,0,1,0,1,0,0,0,0,0,0,"Aug","Sep",NA,NA,60,0,0,0,1,0,0,0,0,0,0,0,0,0,0,0,0,"leaf",1,0,0,1,0,1,1.5,0,0,"leaf",2,"h","i","w","Osteospermum leptolobum"
"Osteospermum scariosum","Osteospermum scariosum","Asteraceae","Osteospermum scariosum","Osteospermum scariosum","Asteraceae",1,0,1,0,1,0,0,0,0,1,0,"Jul","Oct",NA,NA,30,0,0,0,1,0,0,0,0,0,0,0,0,0,0,0,0,"leaf",0,1,0,0,1,0,1.5,0,0,"leaf",3,"h","i","w","Osteospermum scariosum"
"Osteospermum sinuatum","Osteospermum sinuatum","Asteraceae","Osteospermum sinuatum","Osteospermum sinuatum","Asteraceae",1,0,1,0,1,0,0,0,0,0,0,"Jun","Sep",NA,NA,50,0,0,0,1,0,0,0,0,0,0,0,0,0,0,0,0,"leaf",0,1,0,0,0,0,2,0,0,"leaf",2,"l","i","w","Osteospermum sinuatum"
"Osteospermum spinescens","Osteospermum spinescens","Asteraceae","Osteospermum spinescens","Osteospermum spinescens","Asteraceae",1,0,1,0,1,0,0,0,0,0,0,NA,NA,NA,NA,100,0,0,0,1,0,0,0,0,0,0,0,0,0,0,0,0,"leaf",1,1,0,0,0,0,NA,0,0,"leaf",3,"l","i","w","Osteospermum spinescens"
"Otholobium candicans","Otholobium candicans","Fabaceae","Psoralea candicans","Psoralea candicans","Fabaceae",1,0,1,0,1,0,0,0,0,0,0,"Sep","Nov",NA,NA,150,0,0,0,0,1,0,0,0,0,0,0,0,0,0,0,0,"leaf",0,1,0,1,0,0,1.5,0,0,"leaf",2,"h","i","p","Psoralea candicans"
"Otholobium arborescens","Otholobium arborescens","Fabaceae","Psoralea arborescens","Psoralea arborescens","Fabaceae",1,0,1,0,1,0,0,0,0,0,0,NA,NA,NA,NA,500,0,0,0,0,0,1,1,0,0,0,0,0,0,0,0,0,"leaf",0,0,1,1,0,0,2,0,0,"leaf",2,"h","i","p","Psoralea arborescens"
"Otholobium candicans","Otholobium candicans","Fabaceae","Psoralea candicans","Psoralea candicans","Fabaceae",1,0,1,0,1,0,0,0,0,0,0,NA,NA,NA,NA,150,0,0,0,0,1,0,0,0,0,0,0,0,0,0,0,0,"leaf",0,1,0,1,0,0,2,0,0,"leaf",2,"h","i","p","Psoralea candicans"
"Othonna cylindrica","Othonna cylindrica","Asteraceae","Othonna cylindrica","Othonna cylindrica","Asteraceae",1,0,1,0,1,0,0,0,0,0,0,NA,NA,NA,NA,100,0,0,0,1,0,0,0,0,0,0,0,0,1,1,1,0,"leaf",0,1,0,0,0,0,4,0,0,"leaf",3,"l","i","w","Othonna cylindrica"
"Othonna hederifolia","Othonna hederifolia","Asteraceae","Othonna hederifolia","Othonna hederifolia","Asteraceae",1,0,1,0,0,1,1,1,1,1,0,"Jun","Aug",NA,NA,15,1,1,0,0,0,0,0,0,0,0,0,0,0,0,0,0,"leaf",0,0,1,0,0,0,4,0,0,"leaf",2,"l","i","w","Othonna hederifolia"
"Othonna pteronioides","Othonna pteronioides","Asteraceae","Othonna pteronioides","Othonna pteronioides","Asteraceae",1,0,1,0,1,0,0,0,0,0,0,"Aug",NA,NA,NA,100,0,0,0,1,0,0,0,0,0,0,0,0,0,0,0,0,"leaf",0,1,0,0,0,0,0.8,0,0,"leaf",3,"l","i","w","Othonna pteronioides"
"Othonna protecta","Othonna rechingeri","Asteraceae","Othonna protecta","Othonna protecta","Asteraceae",1,0,1,0,1,0,0,0,0,0,0,"Jul","Sep",NA,NA,20,1,1,0,0,0,0,0,0,0,0,0,0,1,1,1,0,"leaf",1,0,0,0,0,0,2.5,0,0,"leaf",2,"l","i","w","Othonna protecta"
"Othonna undulosa","Othonna undulosa","Asteraceae","Othonna undulosa","Othonna undulosa","Asteraceae",1,0,1,0,0,1,1,1,0,1,0,"May","Aug",NA,NA,70,1,1,0,0,0,0,0,0,0,0,0,0,1,1,0,0,"leaf",0,0,1,0,0,0,4,0,0,"leaf",2,"l","i","w","Othonna undulosa"
"Oxalis flava","Oxalis flava","Oxalidaceae","Oxalis flava","Oxalis flava","Oxalidaceae",1,0,1,0,0,1,1,1,0,1,0,"May","Jun",NA,NA,5,1,1,0,0,0,0,0,0,0,0,0,0,0,0,0,0,"leaf",1,0,0,1,0,0,4,0,0,"leaf",2,"l","i","p","Oxalis flava"
"Oxalis luteola","Oxalis luteola","Oxalidaceae","Oxalis luteola","Oxalis luteola","Oxalidaceae",1,0,1,0,0,1,1,1,0,1,0,"May","Jun",NA,NA,2,1,1,0,0,0,0,0,0,0,0,0,0,0,0,0,0,"leaf",0,0,1,1,0,0,2,0,0,"leaf",2,"l","i","p","Oxalis luteola"
"Oxalis pardalis","Oxalis massoniana var. massoniana","Oxalidaceae","Oxalis pardalis","Oxalis pardalis","Oxalidaceae",1,0,1,0,0,1,1,1,0,1,0,"May","Jun",NA,NA,30,1,1,0,0,0,0,0,0,0,0,0,0,0,0,0,0,"leaf",1,0,0,1,0,0,0.5,0,0,"leaf",2,"l","i","p","Oxalis pardalis"
"Oxalis pes-caprae","Oxalis pes-caprae","Oxalidaceae","Oxalis pes-caprae","Oxalis pes-caprae","Oxalidaceae",1,0,1,0,0,1,1,1,0,1,0,"Jun","Oct",NA,NA,20,1,1,0,0,0,0,0,0,0,0,0,0,0,0,0,0,"leaf",0,0,1,1,0,0,2,0,0,"leaf",2,"l","i","p","Oxalis pes-caprae"
"Oxalis pocockiae","Oxalis pocockiae","Oxalidaceae","Oxalis pocockiae","Oxalis pocockiae","Oxalidaceae",1,0,1,0,0,1,1,1,0,1,0,"May","Jun",NA,NA,10,1,1,0,0,0,0,0,0,0,0,0,0,1,1,0,0,"leaf",0,0,1,1,0,0,1,0,0,"leaf",2,"l","i","p","Oxalis pocockiae"
"Pelargonium abrotanifolium","Pelargonium abrotanifolium","Geraniaceae","Pelargonium abrotanifolium","Pelargonium abrotanifolium","Geraniaceae",1,0,1,0,1,0,0,0,0,0,0,"Almost all year",NA,NA,NA,50,0,0,0,1,0,0,0,0,0,0,0,0,0,0,0,0,"leaf",1,0,0,0,1,1,1,0,0,"leaf",2,"h","i","w","Pelargonium abrotanifolium"
"Pelargonium articulatum","Pelargonium articulatum","Geraniaceae","Pelargonium articulatum","Pelargonium articulatum","Geraniaceae",1,0,1,0,0,1,1,1,0,1,0,"Oct","Dec",NA,NA,20,1,1,0,0,0,0,0,0,0,0,0,0,0,0,0,0,"leaf",0,0,1,0,1,0,6,0,0,"leaf",2,"l","i","w","Pelargonium articulatum"
"Pelargonium polycephalum","Pelargonium cf. polycephalum","Geraniaceae","Pelargonium polycephalum","Pelargonium polycephalum","Geraniaceae",1,0,1,0,0,1,0,0,0,1,0,"Aug","Sep",NA,NA,100,1,1,0,0,0,0,0,0,0,0,0,0,1,0,1,0,"leaf",0,0,1,1,1,1,7,0,0,"leaf",2,"l","i","w","Pelargonium polycephalum"
"Pelargonium crithmifolium","Pelargonium crithifolium","Geraniaceae","Pelargonium crithmifolium","Pelargonium crithmifolium","Geraniaceae",1,0,1,0,0,1,0,0,0,0,0,"Mar","May","Sep","Nov",100,0,0,0,1,0,0,0,0,0,0,0,0,1,1,1,0,"leaf",1,0,0,1,1,1,10,0,0,"leaf",3,"l","i","w","Pelargonium crithmifolium"
"Pelargonium magenteum","Pelargonium magenteum","Geraniaceae","Pelargonium magenteum","Pelargonium magenteum","Geraniaceae",1,0,1,0,1,0,0,0,0,0,0,"May","Oct",NA,NA,100,0,0,0,1,0,0,0,0,0,0,0,0,0,0,0,0,"leaf",0,0,1,0,1,0,1.5,0,0,"leaf",3,"m","i","w","Pelargonium magenteum"
"Pelargonium moniliforme","Pelargonium monoliforme","Geraniaceae","Pelargonium moniliforme","Pelargonium moniliforme","Geraniaceae",1,0,1,0,0,1,1,1,0,1,0,"Sep",NA,NA,NA,40,1,1,0,0,0,0,0,0,0,0,0,0,0,0,0,0,"leaf",0,0,1,0,0,0,4,0,0,"leaf",2,"l","i","w","Pelargonium moniliforme"
"Pelargonium oreophilum","Pelargonium oreophilum","Geraniaceae","Pelargonium oreophilum","Pelargonium oreophilum","Geraniaceae",1,0,1,0,1,0,0,0,0,0,0,"Aug","Oct",NA,NA,30,0,0,0,1,0,0,0,0,0,0,0,0,1,0,1,0,"leaf",1,0,0,1,1,1,3,0,0,"leaf",2,"m","i","w","Pelargonium oreophilum"
"Pelargonium praemorsum","Pelargonium praemorsum","Geraniaceae","Pelargonium praemorsum","Pelargonium praemorsum","Geraniaceae",1,0,1,0,1,0,0,0,0,0,0,"Aug","Apr",NA,NA,200,0,0,0,0,1,0,0,0,0,0,0,0,0,0,0,0,"leaf",1,0,0,0,1,1,1,0,0,"leaf",2,"m","i","w","Pelargonium praemorsum"
"Pelargonium rapaceum","Pelargonium rapaceum","Geraniaceae","Pelargonium rapaceum","Pelargonium rapaceum","Geraniaceae",1,0,1,0,0,1,1,1,0,1,0,"Oct","Feb",NA,NA,40,1,1,0,0,0,0,0,0,0,0,0,0,0,0,0,0,"leaf",1,0,0,1,1,1,20,0,0,"leaf",3,"l","i","w","Pelargonium rapaceum"
"Pelargonium redactum","Pelargonium reductum","Geraniaceae","Pelargonium redactum","Pelargonium redactum","Geraniaceae",0,1,1,0,0,0,1,1,0,0,0,NA,NA,NA,NA,25,1,0,0,0,0,0,0,0,0,0,0,0,0,0,0,0,"leaf",0,1,0,1,1,NA,20,0,0,"leaf",0,"l","i","w","Pelargonium redactum"
"Pelargonium reflexum","Pelargonium reflexum","Geraniaceae","Pelargonium reflexum","Pelargonium reflexum","Geraniaceae",1,0,1,0,0,1,1,1,0,1,0,"Dec","Jan",NA,NA,15,1,1,0,0,0,0,0,0,0,0,0,0,0,0,0,0,"leaf",0,0,1,0,1,0,2,0,0,"leaf",2,"l","i","w","Pelargonium reflexum"
"Pelargonium pachypodium","Pelargonium sp","Geraniaceae","Pelargonium pachypodium","Pelargonium pachypodium","Geraniaceae",1,0,1,0,0,1,0,0,0,1,0,NA,NA,NA,NA,30,1,1,0,0,0,0,0,0,0,0,0,0,1,0,1,0,"leaf",1,0,0,0,1,1,3,0,0,"leaf",2,"l","i","w","Pelargonium pachypodium"
"Pentameris rupestris","Pentameris rupestris","Poaceae","Pentameris rupestris","Pentameris rupestris","Poaceae",1,0,1,0,0,1,0,0,0,1,0,"Oct",NA,NA,NA,100,0,0,1,0,0,0,0,0,0,0,0,0,0,0,0,0,"leaf",1,0,0,0,0,0,30,0,1,"mixed",2,"h","w","w","Pentameris rupestris"
"Pentameris airoides","Pentaschistis airoides","Poaceae","Pentameris airoides","Pentameris airoides","Poaceae",0,1,1,0,0,0,1,1,0,0,0,NA,NA,NA,NA,35,0,0,1,0,0,0,0,0,0,0,0,0,0,0,0,0,"leaf",1,0,0,0,0,0,15,0,1,"mixed",0,"l","w","w","Pentameris airoides"
"Pentameris patula","Pentaschistis patula","Poaceae","Pentameris patula","Pentameris patula","Poaceae",0,1,1,0,0,0,1,1,0,0,0,NA,NA,NA,NA,30,0,0,1,0,0,0,0,0,0,0,0,0,0,0,0,0,"leaf",1,0,0,0,0,0,15,0,1,"mixed",0,"l","w","w","Pentameris patula"
"Pentzia dentata","Pentzia dentata","Asteraceae","Pentzia dentata","Pentzia dentata","Asteraceae",1,0,1,0,1,0,0,0,0,0,0,NA,NA,NA,NA,60,0,0,0,1,0,0,0,0,0,0,0,0,0,0,0,0,"leaf",0,1,0,0,1,0,0.8,0,0,"leaf",2,"h","i","w","Pentzia dentata"
"Pentzia lanata","Pentzia lanata","Asteraceae","Pentzia lanata","Pentzia lanata","Asteraceae",1,0,1,0,1,0,0,0,0,0,0,NA,NA,NA,NA,100,0,0,0,1,0,0,0,0,0,0,0,0,0,0,0,0,"leaf",1,0,0,0,1,1,2.5,0,0,"leaf",2,"h","i","w","Pentzia lanata"
"Pentzia sphaerocephala","Pentzia sphaerocephala","Asteraceae","Pentzia sphaerocephala","Pentzia sphaerocephala","Asteraceae",1,0,1,0,1,0,0,0,0,0,0,NA,NA,NA,NA,100,0,0,0,1,0,0,0,0,0,0,0,0,0,0,0,0,"leaf",1,0,0,0,1,1,1,0,0,"leaf",2,"h","i","w","Pentzia sphaerocephala"
"Pentzia spinescens","Pentzia spinescens","Asteraceae","Pentzia spinescens","Pentzia spinescens","Asteraceae",1,0,1,0,1,0,0,0,0,0,0,"Oct",NA,NA,NA,50,0,0,0,1,0,0,0,0,0,0,0,0,0,0,0,0,"leaf",1,0,0,0,1,1,0.8,0,0,"leaf",2,"h","i","w","Pentzia spinescens"
"Pharnaceum aurantium","Pharnaceum aurantium","Molluginaceae","Pharnaceum aurantium","Pharnaceum aurantium","Molluginaceae",1,0,1,0,1,0,0,0,0,0,0,"Sep","Oct",NA,NA,80,0,0,0,1,0,0,0,0,0,0,0,0,0,0,0,0,"leaf",1,0,0,0,0,0,0.7,0,0,"leaf",2,"l","i","p","Pharnaceum aurantium"
"Pharnaceum ciliare","Pharnaceum ciliare","Molluginaceae","Pharnaceum ciliare","Pharnaceum ciliare","Molluginaceae",1,0,1,0,1,0,0,0,0,0,0,"Sep","Oct",NA,NA,40,0,0,0,1,0,0,0,0,0,0,0,0,0,0,0,0,"leaf",1,0,0,0,0,0,0.5,0,0,"leaf",2,"l","i","p","Pharnaceum ciliare"
"Pharnaceum croceum","Pharnaceum croceum","Molluginaceae","Pharnaceum croceum","Pharnaceum croceum","Molluginaceae",0,1,1,0,0,0,1,1,0,0,0,NA,NA,NA,NA,10,1,0,0,0,0,0,0,0,0,0,0,0,1,1,0,0,"leaf",1,0,0,0,0,0,0.7,0,0,"leaf",0,"l","i","p","Pharnaceum croceum"
"Phylica agathosmoides","Phylica agathosmoides","Rhamnaceae","Phylica agathosmoides","Phylica agathosmoides","Rhamnaceae",1,0,1,0,1,0,0,0,0,0,0,"Aug","Sep",NA,NA,60,0,0,0,1,0,0,0,0,0,0,0,0,0,0,0,0,"leaf",1,0,0,0,0,0,1,0,0,"leaf",2,"h","i","p","Phylica agathosmoides"
"Mesembryantheum tenuiflorum","Phyllobolus tenuiflorus","Aizoaceae","Mesembryanthemum tenuiflorum","Mesembryanthemum tenuiflorum","Aizoaceae",1,0,1,0,1,0,0,0,0,0,0,NA,NA,NA,NA,10,0,1,0,1,0,0,0,1,0,0,0,0,1,1,1,0,"leaf",0,1,0,0,0,0,NA,0,0,"leaf",3,"l","i","p","Mesembryanthemum tenuiflorum"
"Plantago cafra","Plantago cafra","Plantaginaceae","Plantago capillaris","Plantago capillaris","Plantaginaceae",0,1,1,0,0,0,1,1,0,0,0,"Aug","Sep",NA,NA,15,1,0,0,0,0,0,0,0,0,0,0,0,0,0,0,0,"leaf",1,0,0,0,0,0,1,0,0,"leaf",0,"l","i","p","Plantago capillaris"
"Poa bulbosa","Poa bulbosa","Poaceae","Poa bulbosa","Poa bulbosa","Poaceae",1,0,1,0,0,1,1,1,0,1,0,"Aug","Oct",NA,NA,30,0,0,1,0,0,0,0,0,0,0,0,0,0,0,0,0,"leaf",1,0,0,0,0,0,10,0,1,"mixed",2,"m","w","w","Poa bulbosa"
"Polycarena aurea","Polycarena aurea","Scrophulariaceae","Polycarena aurea","Polycarena aurea","Scrophulariaceae",0,1,1,0,0,0,1,1,0,0,0,"Sep","Oct",NA,NA,20,1,0,0,0,0,0,0,0,0,0,0,0,0,0,0,0,"leaf",1,0,0,0,0,0,1,0,0,"leaf",0,"l","i","p","Polycarena aurea"
"Polygala ephedroides","Polygala ephedroides","Polygalaceae","Polygala ephedroides","Polygala ephedroides","Polygalaceae",1,0,1,0,0,1,0,0,0,1,0,"Aug","Feb",NA,NA,200,0,0,0,0,1,0,0,0,0,0,0,0,0,0,0,0,"leaf",1,0,0,0,0,0,7,1,1,"mixed",3,"m","i","i","Polygala ephedroides"
"Polygala scabra","Polygala scabra","Polygalaceae","Polygala bowkerae","Polygala bowkerae","Polygalaceae",1,0,1,0,1,0,0,0,0,0,0,"Jul","Oct",NA,NA,40,0,0,0,1,0,0,0,0,0,0,0,0,0,0,0,0,"leaf",1,0,0,0,0,0,1,0,0,"leaf",2,"h","i","i","Polygala bowkerae"
"Mesembryanthemum pallens","Prenia pallens","Aizoaceae","Mesembryanthemum pallens","Mesembryanthemum pallens","Aizoaceae",1,0,1,0,1,0,0,0,0,0,0,"Sep","Dec",NA,NA,8,0,0,0,1,0,0,0,0,0,0,0,0,1,1,1,0,"leaf",0,0,1,0,0,0,5,0,0,"leaf",2,"l","i","p","Mesembryanthemum pallens"
"Mesembryanthemum tetragonum","Prenia tetragona","Aizoaceae","Mesembryanthemum tetragonum","Mesembryanthemum tetragonum","Aizoaceae",1,0,1,0,1,0,0,0,0,0,0,NA,NA,NA,NA,60,0,0,0,1,0,0,0,0,0,0,0,0,1,1,1,0,"leaf",1,0,0,0,0,0,5,0,0,"leaf",2,"l","i","p","Mesembryanthemum tetragonum"
"Prosopis glandulosa","Prosopis glandulosa","Fabaceae","Neltuma glandulosa","Neltuma glandulosa","Fabaceae",1,0,1,0,1,0,0,0,0,0,0,NA,NA,NA,NA,1000,0,0,0,0,0,0,1,0,0,0,0,0,0,0,0,0,"leaf",0,1,0,1,0,1,15,0,0,"leaf",3,"h","i","m","Neltuma glandulosa"
"Pseudoschoenus inanis","Pseudoschoenus inanis","Cyperaceae","Pseudoschoenus inanis","Pseudoschoenus inanis","Cyperaceae",1,0,1,0,1,0,0,0,0,1,0,"Nov","Dec",NA,NA,200,0,0,1,0,0,0,0,0,0,0,0,0,0,0,0,0,"leaf",0,0,0,0,0,0,120,1,1,"culm_stem",3,"h","w","p","Pseudoschoenus inanis"
"Mesembryanthemum coriarium","Psilocaulon coriarium","Aizoaceae","Mesembryanthemum coriarium","Mesembryanthemum coriarium","Aizoaceae",1,0,1,0,1,0,0,0,0,0,0,NA,NA,NA,NA,150,0,0,0,1,1,0,0,0,0,0,0,0,1,1,1,0,"leaf",0,1,0,0,0,0,0.8,0,0,"leaf",3,"l","i","p","Mesembryanthemum coriarium"
"Pteronia adenocarpa","Pteronia adenocarpa","Asteraceae","Pteronia adenocarpa","Pteronia adenocarpa","Asteraceae",1,0,1,0,1,0,0,0,0,0,0,"Aug","Dec",NA,NA,50,0,0,0,1,0,0,0,0,0,0,0,0,0,0,0,0,"leaf",0,0,1,0,0,0,1,0,0,"leaf",3,"m","i","w","Pteronia adenocarpa"
"Pteronia aspalatha","Pteronia aspalatha","Asteraceae","Pteronia aspalatha","Pteronia aspalatha","Asteraceae",1,0,1,0,1,0,0,0,0,0,0,NA,NA,NA,NA,60,0,0,0,1,0,0,0,0,0,0,0,0,0,0,0,0,"leaf",1,0,0,0,0,0,0.5,0,0,"leaf",3,"m","i","w","Pteronia aspalatha"
"Pteronia divaricata","Pteronia divaricata","Asteraceae","Pteronia divaricata","Pteronia divaricata","Asteraceae",1,0,1,0,1,0,0,0,0,0,0,"Aug","Nov",NA,NA,200,0,0,0,0,1,0,0,0,0,0,0,0,0,0,0,0,"leaf",0,0,1,0,0,0,2,0,0,"leaf",3,"h","i","w","Pteronia divaricata"
"Pteronia empetrifolia","Pteronia empetrifolia","Asteraceae","Pteronia empetrifolia","Pteronia empetrifolia","Asteraceae",1,0,1,0,1,0,0,0,0,0,0,"Jul","Nov",NA,NA,60,0,0,0,1,0,0,0,0,0,0,0,0,0,0,0,0,"leaf",1,0,0,0,0,0,0.6,0,0,"leaf",3,"m","i","w","Pteronia empetrifolia"
"Pteronia flexicaulis","Pteronia flexicaulis","Asteraceae","Pteronia flexicaulis","Pteronia flexicaulis","Asteraceae",1,0,1,0,1,0,0,0,0,0,0,"Nov","Dec",NA,NA,75,0,0,0,1,0,0,0,0,0,0,0,0,0,0,0,0,"leaf",1,0,0,0,0,0,4,0,0,"leaf",3,"m","i","w","Pteronia flexicaulis"
"Pteronia glabrata","Pteronia glabrata","Asteraceae","Pteronia glabrata","Pteronia glabrata","Asteraceae",1,0,1,0,1,0,0,0,0,0,0,"Jul","Dec",NA,NA,80,0,0,0,1,0,0,0,0,0,0,0,0,1,1,0,0,"leaf",0,1,0,0,0,0,2,0,0,"leaf",3,"l","i","w","Pteronia glabrata"
"Pteronia glauca","Pteronia glauca","Asteraceae","Pteronia glauca","Pteronia glauca","Asteraceae",1,0,1,0,1,0,0,0,0,0,0,"Jul","Oct",NA,NA,60,0,0,0,1,0,0,0,0,0,0,0,0,0,0,0,0,"leaf",0,0,1,0,0,0,0.5,0,0,"leaf",3,"m","i","w","Pteronia glauca"
"Pteronia glomerata","Pteronia glomerata","Asteraceae","Pteronia glomerata","Pteronia glomerata","Asteraceae",1,0,1,0,1,0,0,0,0,0,0,"Aug","Nov",NA,NA,30,0,0,0,1,0,0,0,0,0,0,0,0,0,0,0,0,"leaf",0,1,0,0,0,0,0.3,0,0,"leaf",3,"m","i","w","Pteronia glomerata"
"Pteronia oblanceolata","Pteronia oblanceolata","Asteraceae","Pteronia oblanceolata","Pteronia oblanceolata","Asteraceae",1,0,1,0,1,0,0,0,0,0,0,"Sep","Nov",NA,NA,30,0,0,0,1,0,0,0,1,0,0,0,0,0,0,0,0,"leaf",0,1,0,0,0,0,1,0,0,"leaf",3,"m","i","w","Pteronia oblanceolata"
"Pteronia pallens","Pteronia pallens","Asteraceae","Pteronia pallens","Pteronia pallens","Asteraceae",1,0,1,0,1,0,0,0,0,0,0,"Sep","Dec",NA,NA,60,0,0,0,1,0,0,0,0,0,0,0,0,0,0,0,0,"leaf",1,0,0,0,0,0,2,0,0,"leaf",3,"h","i","w","Pteronia pallens"
"Pteronia paniculata","Pteronia paniculata","Asteraceae","Pteronia paniculata","Pteronia paniculata","Asteraceae",1,0,1,0,1,0,0,0,0,0,0,"Nov","Jan",NA,NA,100,0,0,0,1,0,0,0,0,0,0,0,0,0,0,0,0,"leaf",1,0,0,0,0,0,2,0,0,"leaf",3,"h","i","w","Pteronia paniculata"
"Pteronia scariosa","Pteronia scariosa","Asteraceae","Pteronia scariosa","Pteronia scariosa","Asteraceae",1,0,1,0,1,0,0,0,0,0,0,NA,NA,NA,NA,60,0,0,0,1,0,0,0,0,0,0,0,0,0,0,0,0,"leaf",0,0,1,0,0,0,1,0,0,"leaf",3,"m","i","w","Pteronia scariosa"
"Pteronia sordida","Pteronia sordida","Asteraceae","Pteronia sordida","Pteronia sordida","Asteraceae",1,0,1,0,1,0,0,0,0,0,0,NA,NA,NA,NA,30,0,0,0,1,0,0,0,0,0,0,0,0,0,0,0,0,"leaf",0,1,0,0,0,0,0.4,0,0,"leaf",3,"m","i","w","Pteronia sordida"
"Pteronia villosa","Pteronia villosa","Asteraceae","Pteronia villosa","Pteronia villosa","Asteraceae",1,0,1,0,1,0,0,0,0,0,0,"Aug","Sep",NA,NA,25,0,0,0,1,0,0,0,0,0,0,0,0,0,0,0,0,"leaf",0,1,0,0,0,0,1.5,0,0,"leaf",3,"m","i","w","Pteronia villosa"
"Relhania corymbosa","Relhania corymbosa","Asteraceae","Oedera corymbosa","Oedera corymbosa","Asteraceae",1,0,1,0,1,0,0,0,0,0,0,"Oct","Apr",NA,NA,40,0,0,0,1,0,0,0,0,0,0,0,0,0,0,0,0,"leaf",1,0,0,0,0,0,1.3,0,0,"leaf",2,"h","i","w","Oedera corymbosa"
"Restio longiaristatus","Restio longiaristatus","Restionaceae","Restio longiaristatus","Restio longiaristatus","Restionaceae",1,0,0,1,1,0,0,0,0,1,0,"Oct",NA,NA,NA,50,0,0,1,0,0,0,0,0,0,0,0,0,0,0,0,0,"leaf",1,0,0,0,0,0,25,1,1,"culm_stem",2,"h","w","p","Restio longiaristatus"
"Restio macer","Restio macer","Restionaceae","Restio macer","Restio macer","Restionaceae",1,0,0,1,1,0,0,0,0,1,0,"Aug","Nov",NA,NA,40,0,0,1,0,0,0,0,0,0,0,0,0,0,0,0,0,"leaf",1,0,0,0,0,0,40,1,1,"culm_stem",2,"h","w","p","Restio macer"
"Romulea hantamensis","Romulea hantamensis","Iridaceae","Romulea hantamensis","Romulea hantamensis","Iridaceae",1,0,1,0,0,1,1,1,0,1,0,NA,NA,NA,NA,15,0,1,0,0,0,0,0,0,0,0,0,0,0,0,0,0,"leaf",1,0,0,0,0,0,7,0,0,"leaf",2,"l","i","p","Romulea hantamensis"
"Romulea montana","Romulea montana","Iridaceae","Romulea montana","Romulea montana","Iridaceae",1,0,1,0,0,1,1,1,0,1,0,NA,NA,NA,NA,15,0,1,0,0,0,0,0,0,0,0,0,0,0,0,0,0,"leaf",1,0,0,0,0,0,5,0,0,"leaf",2,"l","i","p","Romulea montana"
"Romulea sabulosa","Romulea sabulosa","Iridaceae","Romulea sabulosa","Romulea sabulosa","Iridaceae",1,0,1,0,0,1,1,1,0,1,0,"Jul","Sep",NA,NA,10,0,1,0,0,0,0,0,0,0,0,0,0,0,0,0,0,"leaf",1,0,0,0,0,0,8,0,0,"leaf",2,"l","i","p","Romulea sabulosa"
"Romulea tortuosa","Romulea tortuosa","Iridaceae","Romulea tortuosa","Romulea tortuosa","Iridaceae",1,0,1,0,0,1,1,1,0,1,0,"Jun","Sep",NA,NA,20,0,1,0,0,0,0,0,0,0,0,0,0,0,0,0,0,"leaf",1,0,0,0,0,0,6,0,0,"leaf",2,"l","i","p","Romulea tortuosa"
"Rosenia glandulosa","Rosenia glandulosa","Asteraceae","Rosenia glandulosa","Rosenia glandulosa","Asteraceae",1,0,1,0,1,0,0,0,0,0,0,"Aug",NA,NA,NA,30,0,0,0,1,0,0,0,0,0,0,0,0,0,0,0,0,"leaf",0,1,0,0,0,0,1,0,0,"leaf",3,"m","i","w","Rosenia glandulosa"
"Rosenia humilis","Rosenia humilis","Asteraceae","Rosenia humilis","Rosenia humilis","Asteraceae",1,0,1,0,1,0,0,0,0,0,0,"Aug","Oct",NA,NA,30,0,0,0,1,0,0,0,0,0,0,0,0,0,0,0,0,"leaf",1,1,0,0,0,0,1,0,0,"leaf",3,"m","i","w","Rosenia humilis"
"Rosenia oppositifolia","Rosenia oppositifolia","Asteraceae","Rosenia oppositifolia","Rosenia oppositifolia","Asteraceae",1,0,1,0,1,0,0,0,0,0,0,"Sep","Oct",NA,NA,30,0,0,0,1,0,0,0,0,0,0,0,0,0,0,0,0,"leaf",0,1,0,0,0,0,0.6,0,0,"leaf",3,"m","i","w","Rosenia oppositifolia"
"Rumex crispus","Rumex crispus","Polygonaceae","Rumex crispus","Rumex crispus","Polygonaceae",1,0,0,1,1,0,0,0,0,0,0,NA,NA,NA,NA,150,1,0,0,0,0,0,0,0,0,0,0,0,0,0,0,0,"leaf",0,1,0,0,0,0,40,0,0,"leaf",1,"l","w","w","Rumex crispus"
"Rumex sagittatus","Rumex sagittatus","Polygonaceae","Rumex sagittatus","Rumex sagittatus","Polygonaceae",1,0,0,1,1,0,0,0,0,0,0,NA,NA,NA,NA,30,1,0,0,0,0,0,0,1,1,0,0,0,0,0,0,0,"leaf",0,1,0,0,0,0,6,0,0,"leaf",2,"l","w","w","Rumex sagittatus"
"Ruschia burtoniae","Ruschia burtoniae","Aizoaceae","Ruschia burtoniae","Ruschia burtoniae","Aizoaceae",1,0,1,0,1,0,0,0,0,0,0,NA,NA,NA,NA,60,0,0,0,1,0,0,0,0,0,0,0,0,1,1,0,0,"leaf",1,0,0,0,0,0,NA,0,0,"leaf",3,"l","i","p","Ruschia burtoniae"
"Ruschia cradockensis","Ruschia cradockensis","Aizoaceae","Ruschia cradockensis","Ruschia cradockensis","Aizoaceae",1,0,1,0,1,0,0,0,0,0,0,"Jul","Aug",NA,NA,30,0,0,0,1,0,0,0,0,0,0,0,0,1,1,0,0,"leaf",0,1,0,0,0,0,2,0,0,"leaf",3,"l","i","p","Ruschia cradockensis"
"Ruschia decurvans","Ruschia decurvans","Aizoaceae","Ruschia decurvans","Ruschia decurvans","Aizoaceae",1,0,1,0,1,0,0,0,0,0,0,"Sep","Oct",NA,NA,95,0,0,0,1,0,0,0,0,0,0,0,0,1,1,0,0,"leaf",1,0,0,0,0,0,5,0,0,"leaf",3,"l","i","p","Ruschia decurvans"
"Ruschia grisea","Ruschia grisea","Aizoaceae","Ruschia grisea","Ruschia grisea","Aizoaceae",1,0,1,0,1,0,0,0,0,0,0,"Nov","Dec",NA,NA,30,0,0,0,1,0,0,0,0,0,0,0,0,1,1,0,0,"leaf",0,1,0,0,0,0,1,0,1,"mixed",3,"l","i","p","Ruschia grisea"
"Ruschia intricata","Ruschia intricata","Aizoaceae","Ruschia intricata","Ruschia intricata","Aizoaceae",1,0,1,0,1,0,0,0,0,0,0,"Sep","Oct",NA,NA,50,0,0,0,1,0,0,0,0,0,0,0,0,1,1,0,0,"leaf",0,1,0,0,0,0,1.5,0,0,"leaf",3,"l","i","p","Ruschia intricata"
"Ruschia laxipetala","Ruschia laxipetala","Aizoaceae","Ruschia laxipetala","Ruschia laxipetala","Aizoaceae",1,0,1,0,1,0,0,0,0,0,0,"Oct","Dec",NA,NA,15,0,0,0,1,0,0,0,0,0,0,0,0,1,1,0,0,"leaf",0,1,0,0,0,0,1,0,1,"mixed",3,"l","i","p","Ruschia laxipetala"
"Ruschia muelleri","Ruschia muelleri","Aizoaceae","Ruschia muelleri","Ruschia muelleri","Aizoaceae",1,0,1,0,1,0,0,0,0,0,0,"Aug","Oct",NA,NA,60,0,0,0,1,0,0,0,0,0,0,0,0,1,1,0,0,"leaf",1,0,0,0,0,0,6,0,0,"leaf",3,"l","i","p","Ruschia muelleri"
"Ruschia robusta","Ruschia robusta","Aizoaceae","Ruschia robusta","Ruschia robusta","Aizoaceae",1,0,1,0,1,0,0,0,0,0,0,NA,NA,NA,NA,50,0,0,0,1,0,0,0,0,0,0,0,0,1,1,0,0,"leaf",0,1,0,0,0,0,0.9,0,0,"leaf",3,"l","i","p","Ruschia robusta"
"Phiambolia unca","Ruschia unca","Aizoaceae","Phiambolia unca","Phiambolia unca","Aizoaceae",1,0,1,0,1,0,0,0,0,0,0,NA,NA,NA,NA,25,0,0,0,1,0,0,0,1,0,0,0,0,1,1,0,0,"leaf",1,0,0,0,0,0,2.5,0,0,"leaf",3,"l","i","p","Phiambolia unca"
"Salsola aphylla","Salsola aphylla","Amaranthaceae","Caroxylon aphyllum","Caroxylon aphyllum","Chenopodiaceae",1,0,1,0,1,0,0,0,0,0,0,"Dec","Feb",NA,NA,120,0,0,0,0,1,0,0,0,0,0,0,0,0,0,0,0,"leaf",0,0,1,0,0,0,0.4,0,0,"leaf",3,"l","w","p","Caroxylon aphyllum"
"Salsola glabrescens","Salsola glabrescens","Amaranthaceae","Caroxylon glabrescens","Caroxylon glabrescens","Chenopodiaceae",1,0,1,0,1,0,0,0,0,0,0,NA,NA,NA,NA,40,0,0,0,1,0,0,0,0,0,0,0,0,0,0,0,0,"leaf",0,0,1,0,0,0,0.4,0,0,"leaf",3,"l","w","p","Caroxylon glabrescens"
"Salsola kali","Salsola kali","Amaranthaceae","Salsola kali","Salsola kali","Chenopodiaceae",0,1,1,0,0,0,1,1,0,0,0,"Sep","Nov",NA,NA,50,0,0,0,1,0,0,0,0,0,0,0,0,0,0,0,0,"leaf",0,1,0,0,0,0,1,0,0,"leaf",0,"l","w","w","Salsola kali"
"Salsola tuberculata","Salsola tuberculata","Amaranthaceae","Caroxylon tuberculatum","Caroxylon tuberculatum","Chenopodiaceae",1,0,1,0,1,0,0,0,0,0,0,NA,NA,NA,NA,30,0,0,0,1,0,0,0,0,0,0,0,0,0,0,0,0,"leaf",0,0,1,0,0,0,0.3,0,0,"leaf",3,"l","w","p","Caroxylon tuberculatum"
"Salsola zeyheri","Salsola zeyheri","Amaranthaceae","Salsola zeyheri","Salsola zeyheri","Chenopodiaceae",1,0,1,0,1,0,0,0,0,0,0,"Aug","Sep",NA,NA,50,0,0,0,1,0,0,0,0,0,0,0,0,0,0,0,0,"leaf",0,1,0,0,0,0,0.5,0,0,"leaf",3,"l","w","p","Salsola zeyheri"
"Salvia disermas","Salvia disermas","Lamiaceae","Salvia disermas","Salvia disermas","Lamiaceae",1,0,1,0,1,0,0,0,0,0,0,"Aug","May",NA,NA,120,0,0,0,0,1,0,0,0,0,0,0,0,0,0,0,0,"leaf",0,0,1,0,0,0,6,0,0,"leaf",3,"m","i","p","Salvia disermas"
"Monsonia crassicaulis","Sarcocaulon crassicaule","Geraniaceae","Sarcocaulon spinosum","Sarcocaulon spinosum","Geraniaceae",1,0,1,0,0,1,0,0,0,0,0,"May","Jun",NA,NA,50,0,0,0,1,0,0,0,0,0,0,0,0,1,0,1,0,"leaf",0,0,1,0,1,0,2,0,0,"leaf",3,"l","i","w","Sarcocaulon spinosum"
"Satyrium erectum","Satyrium erectum","Orchidaceae","Satyrium erectum","Satyrium erectum","Orchidaceae",1,0,1,0,0,1,1,1,1,1,0,"Jul","Oct",NA,NA,60,0,1,0,0,0,0,0,0,0,0,0,0,0,0,0,0,"leaf",0,0,1,0,0,0,10,0,0,"leaf",2,"l","i","p","Satyrium erectum"
"Mesembryanthemum tortuosum","Sceletium tortuosum","Aizoaceae","Mesembryanthemum tortuosum","Mesembryanthemum tortuosum","Aizoaceae",1,0,1,0,1,0,0,0,0,0,0,NA,NA,NA,NA,20,0,0,0,1,0,0,0,1,0,0,0,0,1,1,1,0,"leaf",0,1,0,0,0,0,4,0,0,"leaf",3,"l","i","p","Mesembryanthemum tortuosum"
"Schismus barbatus","Schismus barbatus","Poaceae","Schismus barbatus","Schismus barbatus","Poaceae",0,1,1,0,0,0,1,1,0,0,0,"Jun","Dec",NA,NA,25,0,0,1,0,0,0,0,0,0,0,0,0,0,0,0,0,"leaf",1,0,0,0,0,0,10,0,0,"leaf",0,"l","w","w","Schismus barbatus"
"Schismus scaberrimus","Schismus scaberrimus","Poaceae","Schismus scaberrimus","Schismus scaberrimus","Poaceae",1,0,1,0,1,0,0,0,0,0,0,NA,NA,NA,NA,45,0,0,1,0,0,0,0,0,0,0,0,0,0,0,0,0,"leaf",1,0,0,0,0,0,15,0,0,"leaf",2,"m","w","w","Schismus scaberrimus"
"Schismus schismoides","Schismus schismoides","Poaceae","Schismus schismoides","Schismus schismoides","Poaceae",0,1,1,0,0,0,1,1,0,0,0,"Jul","Oct",NA,NA,15,0,0,1,0,0,0,0,0,0,0,0,0,0,0,0,0,"leaf",1,0,0,0,0,0,10,0,0,"leaf",0,"l","w","w","Schismus schismoides"
"Scirpoides dioecus","Scirpoides dioecus","Cyperaceae","Afroscirpoides dioeca","Afroscirpoides dioeca","Cyperaceae",1,0,1,0,1,0,0,0,0,0,0,"Sep","Dec",NA,NA,50,0,0,1,0,0,0,0,0,0,0,0,0,0,0,0,0,"leaf",1,0,0,0,0,0,50,1,1,"culm_stem",3,"h","w","p","Afroscirpoides dioeca"
"Scleranthus annuus","Scleranthus annuus","Caryophyllaceae","Scleranthus annuus","Scleranthus annuus","Caryophyllaceae",0,1,1,0,0,0,1,1,0,0,0,NA,NA,NA,NA,20,1,0,0,0,0,0,0,0,0,0,0,0,0,0,0,0,"leaf",1,0,0,0,0,0,1,0,0,"leaf",0,"l","i","p","Scleranthus annuus"
"Searsia burchellii","Searsia burchellii","Anacardiaceae","Searsia burchellii","Searsia burchellii","Anacardiaceae",1,0,0,1,1,0,0,0,0,1,0,"Apr","May",NA,NA,500,0,0,0,0,0,1,1,0,0,0,0,0,0,0,0,0,"leaf",0,0,1,1,0,0,3,0,0,"leaf",3,"h","i","m","Searsia burchellii"
"Searsia lancea","Searsia lancea","Anacardiaceae","Searsia lancea","Searsia lancea","Anacardiaceae",1,0,0,1,1,0,0,0,0,1,0,"Apr","Jul",NA,NA,1200,0,0,0,0,0,1,1,0,0,0,0,0,0,0,0,0,"leaf",1,0,0,1,0,0,10,0,0,"leaf",3,"h","i","m","Searsia lancea"
"Selago albida","Selago albida","Scrophulariaceae","Selago albida","Selago albida","Scrophulariaceae",1,0,1,0,1,0,0,0,0,0,0,"May","Sep",NA,NA,40,0,0,0,1,0,0,0,0,0,0,0,0,0,0,0,0,"leaf",1,0,0,0,0,0,0.8,0,0,"leaf",2,"h","i","p","Selago albida"
"Selago articulata","Selago articulata","Scrophulariaceae","Selago articulata","Selago articulata","Scrophulariaceae",1,0,1,0,1,0,0,0,0,0,0,"Sep","Oct",NA,NA,20,0,0,0,1,0,0,0,0,0,0,0,0,0,0,0,0,"leaf",1,0,0,0,0,0,0.3,0,0,"leaf",2,"m","i","p","Selago articulata"
"Selago divaricata","Selago divaricata","Scrophulariaceae","Selago divaricata","Selago divaricata","Scrophulariaceae",1,0,1,0,1,0,0,0,0,0,0,NA,NA,NA,NA,100,0,0,0,1,0,0,0,0,0,0,0,0,0,0,0,0,"leaf",1,0,0,0,0,0,0.5,0,0,"leaf",3,"m","i","p","Selago divaricata"
"Selago glabrata","Selago glabrata","Scrophulariaceae","Selago glabrata","Selago glabrata","Scrophulariaceae",1,0,1,0,1,0,0,0,0,0,0,"Sep","Oct",NA,NA,35,0,0,0,1,0,0,0,0,0,0,0,0,0,0,0,0,"leaf",1,0,0,0,0,0,0.4,0,0,"leaf",2,"m","i","p","Selago glabrata"
"Selago rigida","Selago rigida","Scrophulariaceae","Selago rigida","Selago rigida","Scrophulariaceae",1,0,1,0,1,0,0,0,0,0,0,"Jul","Oct",NA,NA,60,0,0,0,1,0,0,0,0,0,0,0,0,0,0,0,0,"leaf",0,1,0,0,0,0,0.5,0,0,"leaf",2,"m","i","p","Selago rigida"
"Selago subspinosa","Selago subspinosa","Scrophulariaceae","Selago subspinosa","Selago subspinosa","Scrophulariaceae",1,0,1,0,1,0,0,0,0,0,0,"Aug","Sep",NA,NA,35,0,0,0,1,0,0,0,0,0,0,0,0,0,0,0,0,"leaf",1,0,0,0,0,0,0.8,0,0,"leaf",3,"m","i","p","Selago subspinosa"
"Senecio abbreviatus","Senecio abbreviatus","Asteraceae","Senecio abbreviatus","Senecio abbreviatus","Asteraceae",1,0,1,0,1,0,0,0,0,0,0,"Jun","Aug",NA,NA,10,1,0,0,0,0,0,0,1,0,0,0,0,1,1,0,0,"leaf",0,1,0,0,0,0,2,0,0,"leaf",3,"l","i","w","Senecio abbreviatus"
"Senecio abruptus","Senecio abruptus","Asteraceae","Senecio abruptus","Senecio abruptus","Asteraceae",0,1,1,0,0,0,1,1,0,0,0,NA,NA,NA,NA,60,1,0,0,0,0,0,0,0,0,0,0,0,0,0,0,0,"leaf",0,1,1,0,1,0,7,0,0,"leaf",0,"l","i","w","Senecio abruptus"
"Senecio cardaminifolius","Senecio cardaminifolius","Asteraceae","Senecio cardaminifolius","Senecio cardaminifolius","Asteraceae",0,1,1,0,0,0,1,1,0,0,0,"Jul","Oct",NA,NA,60,1,0,0,0,0,0,0,0,0,0,0,0,0,0,0,0,"leaf",0,1,0,0,0,1,8,0,0,"leaf",0,"l","i","w","Senecio cardaminifolius"
"Senecio cinerascens","Senecio cinerascens","Asteraceae","Senecio cinerascens","Senecio cinerascens","Asteraceae",1,0,1,0,1,0,0,0,0,0,0,NA,NA,NA,NA,200,0,0,0,0,1,0,0,0,0,0,0,0,0,0,0,0,"leaf",1,1,0,0,1,1,12,0,0,"leaf",2,"m","i","w","Senecio cinerascens"
"Senecio leptophyllus","Senecio leptophyllus","Asteraceae","Senecio leptophyllus","Senecio leptophyllus","Asteraceae",1,0,1,0,1,0,0,0,0,0,0,NA,NA,NA,NA,60,0,0,0,1,0,0,0,0,0,0,0,0,0,0,0,0,"leaf",1,0,0,0,0,0,5,0,0,"leaf",1,"l","i","w","Senecio leptophyllus"
"Senecio radicans","Senecio radicans","Asteraceae","Senecio radicans","Senecio radicans","Asteraceae",1,0,1,0,1,0,0,0,0,0,0,"Apr","Sep",NA,NA,6,1,0,0,0,0,0,0,1,0,0,0,0,1,1,1,0,"leaf",0,0,1,0,0,0,2,0,0,"leaf",3,"l","i","w","Senecio radicans"
"Septulina glauca","Septulina glauca","Loranthaceae","Septulina glauca","Septulina glauca","Loranthaceae",1,0,1,0,1,0,0,0,0,0,0,"Feb","Sep",NA,NA,50,0,0,0,0,0,0,0,0,0,0,1,0,0,0,0,0,"leaf",0,1,0,0,0,0,3,0,0,"leaf",2,"l","i","m","Septulina glauca"
"Silene clandestina","Silene clandestina","Caryophyllaceae","Silene cretica","Silene cretica","Caryophyllaceae",0,1,1,0,0,0,1,1,0,0,0,"Aug","Jan",NA,NA,45,1,0,0,0,0,0,0,0,0,0,0,0,0,0,0,0,"leaf",0,1,0,0,0,0,2,0,0,"leaf",0,"l","i","p","Silene cretica"
"Stachys lamarckii","Stachys lamarckii","Lamiaceae","Stachys lamarckii","Stachys lamarckii","Lamiaceae",1,0,1,0,1,0,0,0,0,0,0,NA,NA,NA,NA,100,0,0,0,1,0,0,0,0,0,0,0,0,0,0,0,0,"leaf",0,1,0,0,0,0,2,0,0,"leaf",3,"m","i","p","Stachys lamarckii"
"Stipagrostis brevifolia","Stipagrostis brevifolia","Poaceae","Stipagrostis brevifolia","Stipagrostis brevifolia","Poaceae",1,0,1,0,1,0,0,0,0,0,0,NA,NA,NA,NA,100,0,0,0,0,0,0,0,0,0,0,0,0,0,0,0,0,"leaf",1,0,0,0,0,0,10,0,1,"mixed",2,"h","w","w","Stipagrostis brevifolia"
"Stipagrostis ciliata","Stipagrostis ciliata","Poaceae","Stipagrostis ciliata","Stipagrostis ciliata","Poaceae",1,0,1,0,1,0,0,0,0,0,0,"Aug","Oct",NA,NA,100,0,0,1,0,0,0,0,0,0,0,0,0,0,0,0,0,"leaf",1,0,0,0,0,0,8,0,1,"mixed",2,"h","w","w","Stipagrostis ciliata"
"Stipagrostis namaquensis","Stipagrostis namaquensis","Poaceae","Stipagrostis namaquensis","Stipagrostis namaquensis","Poaceae",1,0,1,0,1,0,0,0,0,0,0,"Feb","Jul","Dec",NA,100,0,0,1,0,0,0,0,0,0,0,0,0,0,0,0,0,"leaf",1,0,0,0,0,0,6,0,1,"mixed",2,"h","w","w","Stipagrostis namaquensis"
"Stipagrostis obtusa","Stipagrostis obtusa","Poaceae","Stipagrostis obtusa","Stipagrostis obtusa","Poaceae",1,0,1,0,1,0,0,0,0,0,0,"Jul","May",NA,NA,60,0,0,1,0,0,0,0,0,0,0,0,0,0,0,0,0,"leaf",1,0,0,0,0,0,6,0,1,"mixed",2,"m","w","w","Stipagrostis obtusa"
"Lessertia frutescens","Sutherlandia frutescens","Fabaceae","Lessertia frutescens","Lessertia frutescens","Fabaceae",1,0,1,0,1,0,0,0,0,0,0,"Jul","Dec",NA,NA,150,0,0,0,0,1,0,0,0,0,0,0,0,0,0,0,0,"leaf",0,1,0,1,0,1,6,0,0,"leaf",2,"h","i","w","Lessertia frutescens"
"Tenaxia dura","Tenaxia dura","Poaceae","Tenaxia dura","Tenaxia dura","Poaceae",1,0,1,0,1,0,0,0,0,1,0,"Jul","Nov",NA,NA,90,0,0,1,0,0,0,0,0,0,0,0,0,0,0,0,0,"leaf",1,0,0,0,0,0,21,0,1,"mixed",2,"h","w","w","Tenaxia dura"
"Tetragonia enchinata","Tetragonia microptera","Aizoaceae","Tetragonia echinata","Tetragonia echinata","Aizoaceae",0,1,1,0,0,0,1,1,0,0,0,"Jun","Sep",NA,NA,30,1,0,0,0,0,0,0,1,0,0,0,0,1,1,0,0,"leaf",0,0,1,0,0,0,2,0,0,"leaf",0,"l","i","p","Tetragonia echinata"
"Tetragonia nigrescens","Tetragonia nigrescens","Aizoaceae","Tetragonia nigrescens","Tetragonia nigrescens","Aizoaceae",1,0,1,0,1,0,0,0,0,1,0,"Jul","Oct",NA,NA,10,1,1,0,0,0,0,0,1,0,0,0,0,1,1,0,0,"leaf",0,0,1,0,0,0,3,0,0,"leaf",2,"l","i","w","Tetragonia nigrescens"
"Tetragonia sarcophylla","Tetragonia sarcophylla","Aizoaceae","Tetragonia sarcophylla","Tetragonia sarcophylla","Aizoaceae",1,0,1,0,1,0,0,0,0,0,0,"Jun","Sep",NA,NA,40,0,0,0,1,0,0,0,0,0,0,0,0,1,1,0,0,"leaf",0,0,1,0,0,0,2,0,0,"leaf",2,"l","i","w","Tetragonia sarcophylla"
"Thesium hispidulum","Thesium hispidulum","Santalaceae","Thesium hispidulum","Thesium hispidulum","Santalaceae",1,0,1,0,1,0,0,0,0,0,0,"Sep","Dec",NA,NA,20,1,0,0,0,0,0,0,0,0,1,0,0,0,0,0,0,"leaf",1,0,0,0,0,0,1,0,1,"mixed",1,"l","i","p","Thesium hispidulum"
"Thesium horridum","Thesium horridum","Santalaceae","Thesium horridum","Thesium horridum","Santalaceae",1,0,1,0,1,0,0,0,0,0,0,"Sep",NA,NA,NA,30,0,0,0,1,0,0,0,0,0,1,0,0,0,0,0,0,"leaf",0,1,0,0,0,0,1,0,1,"mixed",2,"l","i","p","Thesium horridum"
"Thesium hystrix","Thesium hystrix","Santalaceae","Thesium hystrix","Thesium hystrix","Santalaceae",1,0,1,0,1,0,0,0,0,0,0,NA,NA,NA,NA,100,0,0,0,1,0,0,0,0,0,1,0,0,0,0,0,0,"leaf",1,0,0,0,0,0,1,1,1,"mixed",2,"l","i","p","Thesium hystrix"
"Thesium lineatum","Thesium lineatum","Santalaceae","Lacomucinaea lineata","Lacomucinaea lineata","Santalaceae",1,0,1,0,1,1,0,0,0,0,0,"Aug","Feb",NA,NA,200,0,0,0,0,1,0,0,0,0,1,0,0,0,0,0,0,"leaf",1,0,0,0,0,0,0.5,1,1,"mixed",2,"l","i","p","Lacomucinaea lineata"
"Trachyandra divaricata","Trachyandra divaricata","Asphodelaceae","Trachyandra divaricata","Trachyandra divaricata","Asphodelaceae",1,0,1,0,1,0,0,0,0,1,0,"Jul","Sep",NA,NA,90,1,1,0,0,0,0,0,0,0,0,0,0,1,1,0,0,"leaf",1,0,0,0,0,0,30,0,0,"leaf",2,"l","i","p","Trachyandra divaricata"
"Trachyandra falcata","Trachyandra falcata","Asphodelaceae","Trachyandra falcata","Trachyandra falcata","Asphodelaceae",1,0,1,0,1,0,0,0,0,1,0,"Jul","Oct",NA,NA,100,1,1,0,0,0,0,0,0,0,0,0,0,1,1,0,0,"leaf",1,0,0,0,0,0,30,0,0,"leaf",2,"l","i","p","Trachyandra falcata"
"Trachyandra jacquiniana","Trachyandra jacquiniana","Asphodelaceae","Trachyandra jacquiniana","Trachyandra jacquiniana","Asphodelaceae",1,0,1,0,1,0,0,0,0,1,0,"Jul","Sep",NA,NA,50,1,1,0,0,0,0,0,0,0,0,0,0,1,1,0,0,"leaf",1,0,0,0,0,0,15,0,0,"leaf",3,"l","i","p","Trachyandra jacquiniana"
"Tribolium tenella","Tribolium tenellum","Poaceae","Tribolium tenellum","Tribolium tenellum","Poaceae",0,1,1,0,0,0,1,1,0,0,0,"Aug","Oct",NA,NA,15,0,0,1,0,0,0,0,0,0,0,0,0,0,0,0,0,"leaf",1,0,0,0,0,0,1,0,1,"mixed",0,"l","w","w","Tribolium tenellum"
"Tribolium utriculosum","Tribolium utriculosum","Poaceae","Tribolium utriculosum","Tribolium utriculosum","Poaceae",0,1,1,0,0,0,1,1,0,0,0,NA,NA,NA,NA,12,0,0,1,0,0,0,0,0,0,0,0,0,0,0,0,0,"leaf",1,0,0,0,0,0,5,0,1,"mixed",0,"l","w","w","Tribolium utriculosum"
"Trichodiadema promeridiana","Trichodiadema promeridiana","Aizoaceae","Trichodiadema pomeridianum","Trichodiadema pomeridianum","Aizoaceae",1,0,1,0,1,0,0,0,0,1,0,NA,NA,NA,NA,25,0,1,0,1,0,0,0,0,0,0,0,0,1,1,0,0,"leaf",0,1,0,0,0,0,1.5,0,0,"leaf",3,"l","i","p","Trichodiadema pomeridianum"
"Tylecodon reticulatus","Tylecodon reticulatus","Crassulaceae","Tylecodon reticulatus","Tylecodon reticulatus","Crassulaceae",1,0,1,0,1,0,0,0,0,0,0,"Nov","Dec",NA,NA,30,0,0,0,1,0,0,0,0,0,0,0,0,1,1,1,0,"leaf",0,0,1,0,0,0,4,0,0,"leaf",3,"l","i","p","Tylecodon reticulatus"
"Tylecodon wallichii","Tylecodon wallichii","Crassulaceae","Tylecodon wallichii","Tylecodon wallichii","Crassulaceae",1,0,1,0,1,0,0,0,0,0,0,"Dec","Feb",NA,NA,100,0,0,0,1,0,0,0,0,0,0,0,0,1,1,1,0,"leaf",1,0,0,0,0,0,8,0,0,"leaf",3,"l","i","p","Tylecodon wallichii"
"Ursinia anthemoides","Ursinia anthemoides","Asteraceae","Ursinia anthemoides","Ursinia anthemoides","Asteraceae",0,1,1,0,0,0,1,1,0,0,0,"Aug","Oct",NA,NA,50,1,0,0,0,0,0,0,0,0,0,0,0,0,0,0,0,"leaf",1,0,0,1,0,0,3,0,0,"leaf",0,"l","i","w","Ursinia anthemoides"
"Ursinia cakilefolia","Ursinia cakilefolia","Asteraceae","Ursinia cakilefolia","Ursinia cakilefolia","Asteraceae",0,1,1,0,0,0,1,1,0,0,0,"Jul","Oct",NA,NA,45,1,0,0,0,0,0,0,0,0,0,0,0,0,0,0,0,"leaf",1,0,0,1,1,0,3,0,0,"leaf",0,"l","i","w","Ursinia cakilefolia"
"Ursinia calenduliflora","Ursinia calenduliflora","Asteraceae","Ursinia calenduliflora","Ursinia calenduliflora","Asteraceae",0,1,1,0,0,0,1,1,0,0,0,NA,NA,NA,NA,35,1,0,0,0,0,0,0,0,0,0,0,0,0,0,0,0,"leaf",1,0,0,1,1,0,6,0,0,"leaf",0,"l","i","w","Ursinia calenduliflora"
"Ursinia nana subsp. nana","Ursinia nana subsp. nana","Asteraceae","Ursinia nana subsp. nana","Ursinia nana subsp. nana","Asteraceae",1,1,1,0,0,0,1,1,0,0,0,"Aug","Oct",NA,NA,20,1,0,0,0,0,0,0,0,0,0,0,0,0,0,0,0,"leaf",1,0,0,1,1,0,1,0,0,"leaf",0,"l","i","w","Ursinia nana subsp. nana"
"Wahlenbergia androsacea","Wahlenbergia androsacea","Campanulaceae","Wahlenbergia androsacea","Wahlenbergia androsacea","Campanulaceae",0,1,1,0,0,0,1,1,0,0,0,NA,NA,NA,NA,40,1,0,0,0,0,0,0,0,0,0,0,0,0,0,0,0,"leaf",0,1,0,0,0,0,4,0,0,"leaf",0,"l","i","p","Wahlenbergia androsacea"
"Wahlenbergia annularis","Wahlenbergia annularis","Campanulaceae","Wahlenbergia annularis","Wahlenbergia annularis","Campanulaceae",0,1,1,0,0,0,1,1,0,0,0,NA,NA,NA,NA,40,1,0,0,0,0,0,0,0,0,0,0,0,0,0,0,0,"leaf",1,0,0,0,0,0,4,0,0,"leaf",0,"l","i","p","Wahlenbergia annularis"
"Wahlenbergia prostrata","Wahlenbergia prostrata","Campanulaceae","Wahlenbergia prostrata","Wahlenbergia prostrata","Campanulaceae",0,1,1,0,0,0,1,1,0,0,0,NA,NA,NA,NA,15,1,0,0,0,0,0,0,0,0,0,0,0,0,0,0,0,"leaf",1,0,0,0,0,0,1,0,0,"leaf",0,"l","i","p","Wahlenbergia prostrata"
"Wahlenbergia thunbergiana","Wahlenbergia thunbergiana","Campanulaceae","Wahlenbergia thunbergiana","Wahlenbergia thunbergiana","Campanulaceae",1,0,1,0,1,0,0,0,0,0,0,NA,NA,NA,NA,60,0,0,0,1,0,0,0,1,0,0,0,0,0,0,0,0,"leaf",1,1,0,0,0,0,1,0,0,"leaf",1,"l","i","p","Wahlenbergia thunbergiana"
"Wiborgia monoptera","Wiborgia monoptera","Fabaceae","Wiborgia monoptera","Wiborgia monoptera","Fabaceae",1,0,1,0,1,0,0,0,0,0,0,NA,NA,NA,NA,100,0,0,0,1,0,0,0,0,0,0,0,0,0,0,0,0,"leaf",0,0,1,1,0,0,1,0,0,"leaf",3,"m","i","w","Wiborgia monoptera"
"Wiborgia sericea","Wiborgia sericea","Fabaceae","Wiborgia sericea","Wiborgia sericea","Fabaceae",1,0,1,0,0,1,0,0,0,0,0,"May","Sep",NA,NA,120,0,0,0,0,1,0,0,0,0,0,0,0,0,0,0,0,"leaf",0,0,1,1,0,0,1,0,0,"leaf",2,"m","i","p","Wiborgia sericea"
"Wiborgiella leipoldtiana","Wiborgiella leipoldtiana","Fabaceae","Wiborgiella leipoldtiana","Wiborgiella leipoldtiana","Fabaceae",1,0,1,0,0,1,0,0,0,0,0,"Aug","Oct",NA,NA,120,0,0,0,0,1,0,0,0,0,0,0,0,0,0,0,0,"leaf",0,1,0,1,0,0,1.5,0,0,"leaf",2,"m","i","p","Wiborgiella leipoldtiana"
"Zaluzianskya affinis","Zaluzianskya affinis","Scrophulariaceae","Zaluzianskya affinis","Zaluzianskya affinis","Scrophulariaceae",0,1,1,0,0,0,1,1,0,0,0,NA,NA,NA,NA,30,1,0,0,0,0,0,0,0,0,0,0,0,0,0,0,0,"leaf",0,1,0,0,0,0,1,0,0,"leaf",0,"l","i","p","Zaluzianskya affinis"
"Zaluzianskya benthamiana","Zaluzianskya benthamiana","Scrophulariaceae","Zaluzianskya benthamiana","Zaluzianskya benthamiana","Scrophulariaceae",0,1,1,0,0,0,1,1,0,0,0,NA,NA,NA,NA,33,1,0,0,0,0,0,0,0,0,0,0,0,0,0,0,0,"leaf",0,1,0,0,0,0,3.5,0,0,"leaf",0,"l","i","p","Zaluzianskya benthamiana"
"Zaluzianskya cohabitans","Zaluzianskya cohabitans","Scrophulariaceae","Zaluzianskya cohabitans","Zaluzianskya cohabitans","Scrophulariaceae",0,1,1,0,0,0,1,1,0,0,0,"Aug","Sep",NA,NA,10,1,0,0,0,0,0,0,0,0,0,0,0,0,0,0,0,"leaf",0,0,1,0,0,0,0.5,0,0,"leaf",0,"l","i","p","Zaluzianskya cohabitans"
"Zaluzianskya minima","Zaluzianskya minima","Scrophulariaceae","Zaluzianskya minima","Zaluzianskya minima","Scrophulariaceae",0,1,1,0,0,0,1,1,0,0,0,NA,NA,NA,NA,10,1,0,0,0,0,0,0,0,0,0,0,0,0,0,0,0,"leaf",0,0,1,0,0,0,1,0,0,"leaf",0,"l","i","p","Zaluzianskya minima"
"Zaluzianskya pusilla","Zaluzianskya pusilla","Scrophulariaceae","Zaluzianskya pusilla","Zaluzianskya pusilla","Scrophulariaceae",0,1,1,0,0,0,1,1,0,0,0,"Jul","Oct",NA,NA,15,1,0,0,0,0,0,0,0,0,0,0,0,0,0,0,0,"leaf",0,1,0,0,0,0,1.5,0,0,"leaf",0,"l","i","p","Zaluzianskya pusilla"
"Zaluzianskya villosa","Zaluzianskya villosa","Scrophulariaceae","Zaluzianskya villosa","Zaluzianskya villosa","Scrophulariaceae",0,1,1,0,0,0,1,1,0,0,0,NA,NA,NA,NA,30,1,0,0,0,0,0,0,0,0,0,0,0,0,0,0,0,"leaf",0,1,0,0,0,0,2,0,0,"leaf",0,"l","i","p","Zaluzianskya villosa"
"Zaluzianskya violacea","Zaluzianskya violacea","Scrophulariaceae","Zaluzianskya violacea","Zaluzianskya violacea","Scrophulariaceae",0,1,1,0,0,0,1,1,0,0,0,"Jul","Sep",NA,NA,15,1,0,0,0,0,0,0,0,0,0,0,0,0,0,0,0,"leaf",0,0,1,0,0,0,1.3,0,0,"leaf",0,"l","i","p","Zaluzianskya violacea"
"Roepera lichtensteiniana","Zygophyllum lichtensteinianum","Zygophyllaceae","Roepera lichtensteiniana","Roepera lichtensteiniana","Zygophyllaceae",1,0,1,0,1,0,0,0,0,0,0,"Sep",NA,NA,NA,80,0,0,0,1,0,0,0,0,0,0,0,0,0,0,0,0,"leaf",0,0,1,1,0,0,1,0,0,"leaf",3,"l","i","w","Roepera lichtensteiniana"
"Roepera pygmaea","Zygophyllum pygmaeum","Zygophyllaceae","Roepera pygmaea","Roepera pygmaea","Zygophyllaceae",1,0,1,0,1,0,0,0,0,0,0,"Jun","Sep",NA,NA,60,0,0,0,1,0,0,0,1,0,0,0,0,0,0,0,0,"leaf",0,0,1,1,0,0,0.7,0,0,"leaf",3,"l","i","w","Roepera pygmaea"
"Tetraena retrofracta","Zygophyllum retrofractum","Zygophyllaceae","Zygophyllum retrofractum","Zygophyllum retrofractum","Zygophyllaceae",1,0,1,0,1,0,0,0,0,0,0,"Jul","Dec",NA,NA,150,0,0,0,1,1,0,0,0,0,0,0,0,1,1,0,0,"leaf",0,0,1,1,0,0,0.6,0,1,"mixed",3,"l","i","w","Zygophyllum retrofractum"
