"scientific_name_original","scientific_name_MG","family_MG","scientific_name_WFO","scientific_name_authorship","family_WFO","perennial","annual","lifecycle_POSA","monoecious","dioecious","evergreen","deciduous","seasonally_apparent","seasonally_identifiable","flower_postfire","resprout_postfire","serotinous","flower_begin","flower_end","flower_begin_alt","flower_end_alt","max_height_cm","herb","geophyte","graminoid","low_shrub","mid_shrub","tall_shrub","tree","scrambler","liana","hemiparasite","parasite","missing_growthform_class","succulent","leaf_succulent","stem_succulent","other_succulent","leaf_type","lvs_linear","lvs_intermediate","lvs_oval","lvs_compound","lvs_lobed","lvs_dissected","leaf_length","virtually_no_leaves","stems_photosynthetic","functional_leaf","plant_longevity","flammability","pollination","dispersal"
"Abutilon sonneratianum","Abutilon sonneratianum","MALVACEAE","Abutilon sonneratianum","(Cav.) Sweet","Malvaceae",1,0,"Perennial",1,0,1,0,0,0,0,0,0,"Nov","Jan",NA,NA,200,0,0,0,0,0,1,0,0,0,0,0,0,0,0,0,0,"leaf",0,0,1,0,1,0,3.966666667,0,0,"leaf",2,"l","i","w"
"Acacia cyclops","Acacia cyclops","FABACEAE","Acacia cyclops","A.Cunn. ex G.Don","Fabaceae",1,0,"Perennial",1,0,1,0,0,0,0,0,0,"Oct","May",NA,NA,400,0,0,0,0,0,0,1,0,0,0,0,0,0,0,0,0,"phyllode",0,0,1,0,0,0,NA,0,0,"leaf",3,"h","i","m"
"Acacia mearnsii","Acacia mearnsii","FABACEAE","Acacia mearnsii","De Wild.","Fabaceae",1,0,"Perennial",1,0,1,0,0,0,0,0,0,"Aug","Nov",NA,NA,1500,0,0,0,0,0,0,1,0,0,0,0,0,0,0,0,0,"leaf",0,0,0,1,0,0,NA,0,0,"leaf",3,"h","i","m"
"Acacia saligna","Acacia saligna","FABACEAE","Acacia saligna","(Labill.) H.L.Wendl.","Fabaceae",1,0,"Perennial",1,0,1,0,0,0,0,1,0,"Aug","Oct",NA,NA,600,0,0,0,0,0,1,1,0,0,0,0,0,0,0,0,0,"phyllode",0,1,1,0,0,0,NA,0,0,"leaf",3,"m","i","m"
"Acalypha glabrata","Acalypha glabrata","EUPHORBIACEAE","Acalypha glabrata","Thunb.","Euphorbiaceae",1,0,"Perennial",1,0,1,0,0,0,0,0,0,"Oct","Dec",NA,NA,500,0,0,0,0,0,1,1,0,0,0,0,0,0,0,0,0,"leaf",0,0,1,0,0,0,NA,0,0,"leaf",3,"m","i","i"
"Acmadenia latifolia","Acmadenia latifolia","RUTACEAE","Acmadenia latifolia","I.Williams","Rutaceae",1,0,"Perennial",1,0,1,0,0,0,0,0,0,"Oct","Dec",NA,NA,40,0,0,0,1,0,0,0,0,0,0,0,0,0,0,0,0,"leaf",0,1,0,0,0,0,1.32,0,0,"leaf",2,"h","i","p"
"Acmadenia nivea","Acmadenia nivea","RUTACEAE","Acmadenia nivea","I.Williams","Rutaceae",1,0,"Perennial",1,0,1,0,0,0,0,0,0,"Mar","Aug",NA,NA,30,0,0,0,1,0,0,0,0,0,0,0,0,0,0,0,0,"leaf",0,1,0,0,0,0,NA,0,0,"leaf",2,"h","i","p"
"Acmadenia nivenii","Acmadenia nivenii","RUTACEAE","Acmadenia nivenii","Sond.","Rutaceae",1,0,"Perennial",1,0,1,0,0,0,0,0,0,"Sep","Dec",NA,NA,40,0,0,0,1,0,0,0,0,0,0,0,0,0,0,0,0,"leaf",1,0,1,0,0,0,0.644,0,0,"leaf",2,"h","i","p"
"Acmadenia tetragona","Acmadenia tetragona","RUTACEAE","Acmadenia tetragona","Bartl. & H.L.Wendl.","Rutaceae",1,0,"Perennial",1,0,1,0,0,0,0,0,0,"Jul","Nov",NA,NA,40,0,0,0,1,0,0,0,0,0,0,0,0,0,0,0,0,"leaf",0,1,0,0,0,0,NA,0,0,"leaf",2,"h","i","p"
"Acmadenia trigona","Acmadenia trigona","RUTACEAE","Acmadenia trigona","Druce","Rutaceae",1,0,"Perennial",1,0,1,0,0,0,0,0,0,"Sep","Nov",NA,NA,40,0,0,0,1,0,0,0,0,0,0,0,0,0,0,0,0,"leaf",0,1,0,0,0,0,1.132,0,0,"leaf",2,"h","i","p"
"Acrolophia barbata","Acrolophia barbata","ORCHIDACEAE","Eulophia barbata","(Thunb.) Spreng.","Orchidaceae",1,0,"Perennial",1,0,1,0,1,1,0,1,0,"Nov","Dec",NA,NA,100,0,1,0,0,0,0,0,0,0,0,0,0,0,0,0,0,"leaf",1,0,0,0,0,0,NA,0,0,"leaf",2,"l","i","p"
"Acrolophia capensis","Acrolophia capensis","ORCHIDACEAE","Eulophia tristis","(L.f.) Spreng.","Orchidaceae",1,0,"Perennial",1,0,1,0,1,1,0,1,0,"Dec","Jan",NA,NA,80,0,1,0,0,0,0,0,0,0,0,0,0,0,0,0,0,"leaf",1,0,0,0,0,0,NA,0,0,"leaf",2,"l","i","p"
"Acrosanthes angustifolia","Acrosanthes angustifolia","AIZOACEAE","Acrosanthes angustifolia","Eckl. & Zeyh.","Aizoaceae",1,0,"Perennial",1,0,1,0,0,0,0,0,0,"Nov","Dec",NA,NA,10,0,0,0,1,0,0,0,0,0,0,0,0,0,0,0,0,"leaf",0,1,0,0,0,0,NA,0,0,"leaf",2,"l","i","p"
"Adenandra brachyphylla","Adenandra brachyphylla","RUTACEAE","Adenandra brachyphylla","Schltdl.","Rutaceae",1,0,"Perennial",1,0,1,0,0,0,0,1,0,"Jul","Nov",NA,NA,80,0,0,0,1,0,0,0,0,0,0,0,0,0,0,0,0,"leaf",0,0,1,0,0,0,NA,0,0,"leaf",2,"h","i","p"
"Adenandra fragrans","Adenandra fragrans","RUTACEAE","Adenandra fragrans","(Sims) Schult.","Rutaceae",1,0,"Perennial",1,0,1,0,0,0,0,0,0,"Sep","Nov",NA,NA,120,0,0,0,0,1,0,0,0,0,0,0,0,0,0,0,0,"leaf",0,0,1,0,0,0,2.52,0,0,"leaf",2,"h","i","p"
"Adenandra mundiifolia","Adenandra mundiifolia","RUTACEAE","Adenandra mundiaefolia","Eckl. & Zeyh.","Rutaceae",1,0,"Perennial",1,0,1,0,0,0,0,0,0,"Aug","Nov",NA,NA,70,0,0,0,1,0,0,0,0,0,0,0,0,0,0,0,0,"leaf",0,0,1,0,0,0,NA,0,0,"leaf",2,"h","i","p"
"Adenandra uniflora","Adenandra uniflora","RUTACEAE","Adenandra uniflora","Willd.","Rutaceae",1,0,"Perennial",1,0,1,0,0,0,0,0,0,"Aug","Oct",NA,NA,50,0,0,0,1,0,0,0,0,0,0,0,0,0,0,0,0,"leaf",0,1,1,0,0,0,0.833333333,0,0,"leaf",2,"h","i","p"
"Adenandra villosa","Adenandra villosa","RUTACEAE","Adenandra villosa","Lichtst. ex Roem. & Schult.","Rutaceae",1,0,"Perennial",1,0,1,0,0,0,0,0,0,"Aug","Nov",NA,NA,100,0,0,0,1,0,0,0,0,0,0,0,0,0,0,0,0,"leaf",0,0,1,0,0,0,1.61,0,0,"leaf",2,"h","i","p"
"Adenocline pauciflora","Adenocline pauciflora","EUPHORBIACEAE","Adenocline pauciflora","Turcz.","Euphorbiaceae",1,1,"Both",0,1,1,0,0,0,0,1,0,"Sep","Dec",NA,NA,30,1,0,0,0,0,0,0,0,0,0,0,0,0,0,0,0,"leaf",0,1,0,0,0,0,NA,0,0,"leaf",2,"l","i","p"
"Adenogramma glomerata","Adenogramma glomerata","MOLLUGINACEAE","Adenogramma glomerata","Druce","Molluginaceae",0,1,"Annual",1,0,0,1,1,1,0,0,0,"Aug","Oct",NA,NA,15,1,0,0,0,0,0,0,0,0,0,0,0,0,0,0,0,"leaf",1,0,0,0,0,0,NA,0,0,"leaf",0,"l","i","p"
"Adromischus cristatus","Adromischus cristatus","CRASSULACEAE","Adromischus cristatus","(Haw.) Lem.","Crassulaceae",1,0,"Perennial",1,0,1,0,0,0,0,0,0,"Dec","Mar",NA,NA,40,1,0,0,0,0,0,0,0,0,0,0,0,1,1,1,0,"leaf",0,0,1,0,0,0,NA,0,0,"leaf",3,"l","i","p"
"Adromischus maculatus","Adromischus maculatus","CRASSULACEAE","Adromischus maculatus","Lem.","Crassulaceae",1,0,"Perennial",1,0,1,0,0,0,0,0,0,"Dec","Jan",NA,NA,35,1,0,0,0,0,0,0,0,0,0,0,0,1,1,1,0,"leaf",0,0,1,0,0,0,6.090909091,0,0,"leaf",3,"l","i","p"
"Adromischus triflorus","Adromischus triflorus","CRASSULACEAE","Adromischus triflorus","(L.f.) A.Berger","Crassulaceae",1,0,"Perennial",1,0,1,0,0,0,0,0,0,"Nov","Jan",NA,NA,35,1,0,0,0,0,0,0,0,0,0,0,0,1,1,1,0,"leaf",0,0,1,0,0,0,NA,0,0,"leaf",3,"l","i","p"
"Agapanthus praecox","Agapanthus praecox","AGAPANTHACEAE","Agapanthus praecox","Willd.","Amaryllidaceae",1,0,"Perennial",1,0,0,1,1,0,0,1,0,"Dec","Feb",NA,NA,100,0,1,0,0,0,0,0,0,0,0,0,0,0,0,0,0,"leaf",1,0,0,0,0,0,NA,0,0,"leaf",3,"l","i","w"
"Agapanthus walshii","Agapanthus africanus","AGAPANTHACEAE","Agapanthus walshii","L.Bolus","Amaryllidaceae",1,0,"Perennial",1,0,0,1,1,0,1,1,0,"Dec","Apr",NA,NA,70,0,1,0,0,0,0,0,0,0,0,0,0,0,0,0,0,"leaf",1,0,0,0,0,0,13.86,0,0,"leaf",3,"l","i","w"
"Agathosma anomala","Agathosma anomala","RUTACEAE","Agathosma anomala","E.Mey. ex Sond.","Rutaceae",1,0,"Perennial",1,0,1,0,0,0,0,0,0,"Oct","Apr",NA,NA,30,0,0,0,1,0,0,0,0,0,0,0,0,0,0,0,0,"leaf",0,1,0,0,0,0,0.8,0,0,"leaf",2,"h","i","p"
"Agathosma betulina","Agathosma betulina","RUTACEAE","Agathosma betulina","(P.J.Bergius) Pillans","Rutaceae",1,0,"Perennial",1,0,1,0,0,0,0,1,0,"Jun","Nov",NA,NA,200,0,0,0,0,0,1,0,0,0,0,0,0,0,0,0,0,"leaf",0,0,1,0,0,0,1.3,0,0,"leaf",3,"h","i","p"
"Agathosma bicolor","Agathosma bicolor","RUTACEAE","Agathosma bicolor","Dümmer","Rutaceae",1,0,"Perennial",1,0,1,0,0,0,0,1,0,"Aug","Sep",NA,NA,35,0,0,0,1,0,0,0,0,0,0,0,0,0,0,0,0,"leaf",1,0,0,0,0,0,1,0,0,"leaf",2,"h","i","p"
"Agathosma bifida","Agathosma bifida","RUTACEAE","Agathosma bifida","Bartl. & H.L.Wendl.","Rutaceae",1,0,"Perennial",1,0,1,0,0,0,0,1,0,"Jan","Dec",NA,NA,80,0,0,0,1,0,0,0,0,0,0,0,0,0,0,0,0,"leaf",1,0,0,0,0,0,0.796,0,0,"leaf",3,"h","i","p"
"Agathosma bisulca","Agathosma bisulca","RUTACEAE","Agathosma bisulca","Bartl. & H.L.Wendl.","Rutaceae",1,0,"Perennial",1,0,1,0,0,0,0,1,0,"Jun","Nov",NA,NA,100,0,0,0,1,0,0,0,0,0,0,0,0,0,0,0,0,"leaf",1,1,0,0,0,0,1.5,0,0,"leaf",2,"h","i","p"
"Agathosma capensis","Agathosma capensis","RUTACEAE","Agathosma capensis","Druce","Rutaceae",1,0,"Perennial",1,0,1,0,0,0,0,1,0,"Jan","Dec",NA,NA,90,0,0,0,1,0,0,0,0,0,0,0,0,0,0,0,0,"leaf",1,0,0,0,0,0,0.474482759,0,0,"leaf",2,"h","i","p"
"Agathosma cerefolium","Agathosma cerefolium","RUTACEAE","Agathosma cerefolium","(Vent.) Bartl. & H.L.Wendl.","Rutaceae",1,0,"Perennial",1,0,1,0,0,0,0,0,0,"Aug","Jan",NA,NA,140,0,0,0,0,1,0,0,0,0,0,0,0,0,0,0,0,"leaf",0,1,0,0,0,0,NA,0,0,"leaf",2,"h","i","p"
"Agathosma ciliaris","Agathosma ciliaris","RUTACEAE","Agathosma ciliaris","Druce","Rutaceae",1,0,"Perennial",1,0,1,0,0,0,0,0,0,"May","Dec",NA,NA,45,0,0,0,1,0,0,0,0,0,0,0,0,0,0,0,0,"leaf",0,1,0,0,0,0,0.62,0,0,"leaf",2,"h","i","p"
"Agathosma crenulata","Agathosma crenulata","RUTACEAE","Agathosma crenulata","(L.) Pillans","Rutaceae",1,0,"Perennial",1,0,1,0,0,0,0,0,0,"Jun","Nov",NA,NA,250,0,0,0,0,0,1,0,0,0,0,0,0,0,0,0,0,"leaf",0,0,1,0,0,0,NA,0,0,"leaf",2,"h","i","p"
"Agathosma distans","Agathosma distans","RUTACEAE","Agathosma distans","Pillans","Rutaceae",1,0,"Perennial",1,0,1,0,0,0,0,0,0,"Sep","Sep",NA,NA,100,0,0,0,1,0,0,0,0,0,0,0,0,0,0,0,0,"leaf",0,1,1,0,0,0,2,0,0,"leaf",2,"h","i","p"
"Agathosma divaricata","Agathosma divaricata","RUTACEAE","Agathosma divaricata","Pillans","Rutaceae",1,0,"Perennial",1,0,1,0,0,0,0,0,0,"Sep","Nov",NA,NA,30,0,0,0,1,0,0,0,0,0,0,0,0,0,0,0,0,"leaf",0,0,1,0,0,0,0.5,0,0,"leaf",2,"h","i","p"
"Agathosma hookeri","Agathosma hookeri","RUTACEAE","Agathosma hookeri","Sond.","Rutaceae",1,0,"Perennial",1,0,1,0,0,0,0,1,0,"Aug","Nov",NA,NA,30,0,0,0,1,0,0,0,0,0,0,0,0,0,0,0,0,"leaf",1,0,0,0,0,0,0.7,0,0,"leaf",2,"h","i","p"
"Agathosma imbricata","Agathosma imbricata","RUTACEAE","Agathosma imbricata","Willd.","Rutaceae",1,0,"Perennial",1,0,1,0,0,0,0,1,0,"Jun","Jan",NA,NA,100,0,0,0,1,0,0,0,0,0,0,0,0,0,0,0,0,"leaf",0,1,0,0,0,0,0.348461538,0,0,"leaf",2,"h","i","p"
"Agathosma kougaense","Agathosma kougaense","RUTACEAE","Agathosma kougaense","Pillans","Rutaceae",1,0,"Perennial",1,0,1,0,0,0,0,0,0,"Jul","Nov",NA,NA,20,0,0,0,1,0,0,0,0,0,0,0,0,0,0,0,0,"leaf",0,1,0,0,0,0,1,0,0,"leaf",2,"m","i","p"
"Agathosma lanceolata","Agathosma lanceolata","RUTACEAE","Agathosma lanceolata","Spreng. ex Bartl. & H.L.Wendl.","Rutaceae",1,0,"Perennial",1,0,1,0,0,0,0,0,0,"Apr","Oct",NA,NA,50,0,0,0,1,0,0,0,0,0,0,0,0,0,0,0,0,"leaf",0,0,1,0,0,0,0.483333333,0,0,"leaf",2,"h","i","p"
"Agathosma martiana","Agathosma martiana","RUTACEAE","Agathosma martiana","Sond.","Rutaceae",1,0,"Perennial",1,0,1,0,0,0,0,0,0,"Jul","Sep",NA,NA,300,0,0,0,0,0,1,0,0,0,0,0,0,0,0,0,0,"leaf",0,1,0,0,0,0,0.966666667,0,0,"leaf",2,"h","i","p"
"Agathosma minuta","Agathosma minuta","RUTACEAE","Agathosma minuta","Schltdl.","Rutaceae",1,0,"Perennial",1,0,1,0,0,0,0,1,0,"Jun","Sep",NA,NA,15,0,0,0,1,0,0,0,0,0,0,0,0,0,0,0,0,"leaf",0,1,0,0,0,0,NA,0,0,"leaf",2,"h","i","p"
"Agathosma mucronulata","Agathosma mucronulata","RUTACEAE","Agathosma mucronulata","Sond.","Rutaceae",1,0,"Perennial",1,0,1,0,0,0,0,0,0,"Sep","Oct",NA,NA,100,0,0,0,1,0,0,0,0,0,0,0,0,0,0,0,0,"leaf",0,1,0,0,0,0,0.7,0,0,"leaf",2,"h","i","p"
"Agathosma mundtii","Agathosma mundtii","RUTACEAE","Agathosma mundtii","Cham.","Rutaceae",1,0,"Perennial",1,0,1,0,0,0,0,0,0,"Jun","Nov",NA,NA,100,0,0,0,1,0,0,0,0,0,0,0,0,0,0,0,0,"leaf",1,0,0,0,0,0,0.741111111,0,0,"leaf",2,"h","i","p"
"Agathosma orbicularis","Agathosma orbicularis","RUTACEAE","Agathosma orbicularis","Bartl. & H.L.Wendl.","Rutaceae",1,0,"Perennial",1,0,1,0,0,0,0,0,0,"Jul","Nov",NA,NA,25,0,0,0,1,0,0,0,0,0,0,0,0,0,0,0,0,"leaf",0,0,1,0,0,0,0.2,0,0,"leaf",2,"h","i","p"
"Agathosma ovata","Agathosma ovata","RUTACEAE","Agathosma ovata","(Thunb.) Pillans","Rutaceae",1,0,"Perennial",1,0,1,0,0,0,0,0,0,"Jan","Dec",NA,NA,300,0,0,0,0,0,1,0,0,0,0,0,0,0,0,0,0,"leaf",0,0,1,0,0,0,1.007777778,0,0,"leaf",2,"h","i","i"
"Agathosma pilifera","Agathosma pilifera","RUTACEAE","Agathosma pilifera","Schltdl.","Rutaceae",1,0,"Perennial",1,0,1,0,0,0,0,0,0,"Sep","Oct",NA,NA,60,0,0,0,1,0,0,0,0,0,0,0,0,0,0,0,0,"leaf",0,0,1,0,0,0,0.5,0,0,"leaf",2,"h","i","p"
"Agathosma puberula","Agathosma puberula","RUTACEAE","Agathosma puberula","(Steud.) Fourc.","Rutaceae",1,0,"Perennial",1,0,1,0,0,0,0,0,0,"Mar","Oct",NA,NA,300,0,0,0,0,0,1,0,0,0,0,0,0,0,0,0,0,"leaf",0,1,0,0,0,0,0.8,0,0,"leaf",2,"h","i","p"
"Agathosma pubigera","Agathosma pubigera","RUTACEAE","Agathosma pubigera","Sond.","Rutaceae",1,0,"Perennial",1,0,1,0,0,0,0,0,0,"Aug","Sep",NA,NA,60,0,0,0,1,0,0,0,0,0,0,0,0,0,0,0,0,"leaf",0,0,1,0,0,0,0.542,0,0,"leaf",2,"h","i","p"
"Agathosma pungens","Agathosma pungens","RUTACEAE","Agathosma pungens","(E.Mey. ex Sond.) Pillans","Rutaceae",1,0,"Perennial",1,0,1,0,0,0,0,0,0,"May","Nov",NA,NA,80,0,0,0,1,0,0,0,0,0,0,0,0,0,0,0,0,"leaf",1,0,0,0,0,0,1.5,0,0,"leaf",2,"h","i","p"
"Agathosma recurvifolia","Agathosma recurvifolia","RUTACEAE","Agathosma recurvifolia","Sond.","Rutaceae",1,0,"Perennial",1,0,1,0,0,0,0,0,0,"May","Nov",NA,NA,150,0,0,0,0,1,0,0,0,0,0,0,0,0,0,0,0,"leaf",0,1,0,0,0,0,0.503333333,0,0,"leaf",2,"h","i","p"
"Agathosma serpyllacea","Agathosma serpyllacea","RUTACEAE","Agathosma serpyllacea","Licht. ex Roem. & Schult.","Rutaceae",1,0,"Perennial",1,0,1,0,0,0,0,0,0,"May","Dec",NA,NA,80,0,0,0,1,0,0,0,0,0,0,0,0,0,0,0,0,"leaf",0,1,0,0,0,0,0.675,0,0,"leaf",2,"h","i","p"
"Agathosma stilbeoides","Agathosma stilbeoides","RUTACEAE","Agathosma stilbeoides","Dümmer","Rutaceae",1,0,"Perennial",1,0,1,0,0,0,0,0,0,"Oct","Mar",NA,NA,100,0,0,0,1,0,0,0,0,0,0,0,0,0,0,0,0,"leaf",0,1,0,0,0,0,0.5,0,0,"leaf",2,"h","i","p"
"Agathosma unicarpellata","Agathosma unicarpellata","RUTACEAE","Agathosma unicarpellata","(Fourc.) Pillans","Rutaceae",1,0,"Perennial",1,0,1,0,0,0,0,0,0,"Apr","Dec",NA,NA,45,0,0,0,1,0,0,0,0,0,0,0,0,0,0,0,0,"leaf",0,1,0,0,0,0,1.4,0,0,"leaf",2,"h","i","p"
"Agathosma venusta","Agathosma venusta","RUTACEAE","Agathosma venusta","(Eckl. & Zeyh.) Pillans","Rutaceae",1,0,"Perennial",1,0,1,0,0,0,0,0,0,"Jul","Feb",NA,NA,100,0,0,0,1,0,0,0,0,0,0,0,0,0,0,0,0,"leaf",0,1,0,0,0,0,0.915,0,0,"leaf",2,"h","i","p"
"Agrostis lachnantha","Agrostis lachnantha","POACEAE","Lachnagrostis lachnantha","(Nees) Rúgolo & A.M.Molina","Poaceae",0,1,"Annual",1,0,0,1,1,1,0,0,0,"Oct","Mar",NA,NA,90,0,0,1,0,0,0,0,0,0,0,0,0,0,0,0,0,"leaf",1,0,0,0,0,0,NA,0,0,"mixed",0,"l","w","u"
"Aizoon paniculatum","Aizoon paniculatum","AIZOACEAE","Aizoon paniculatum","L.","Aizoaceae",1,0,"Perennial",1,0,1,0,0,1,0,0,0,"Jul","Oct",NA,NA,50,0,0,0,1,0,0,0,1,0,0,0,0,1,1,1,0,"leaf",0,1,0,0,0,0,NA,0,0,"leaf",1,"l","i","p"
"Aizoon rigidum","Aizoon rigidum","AIZOACEAE","Aizoon rigidum","L.f.","Aizoaceae",1,0,"Perennial",1,0,1,0,0,1,0,0,0,"Sep","Oct",NA,NA,15,0,0,0,1,0,0,0,0,0,0,0,0,1,1,1,0,"leaf",0,0,1,0,0,0,NA,0,0,"leaf",1,"l","i","p"
"Aizoon sarmentosum","Aizoon sarmentosum","AIZOACEAE","Aizoon sarmentosum","L.f.","Aizoaceae",1,0,"Perennial",1,0,1,0,0,1,0,0,0,"Jun","Oct",NA,NA,50,0,0,0,1,0,0,0,1,0,0,0,0,1,1,1,0,"leaf",1,0,0,0,0,0,NA,0,0,"leaf",1,"l","i","p"
"Albuca cooperi","Albuca cooperi","HYACINTHACEAE","Albuca cooperi","Baker","Asparagaceae",1,0,"Perennial",1,0,0,1,1,1,0,1,0,"Sep","Nov",NA,NA,60,0,1,0,0,0,0,0,0,0,0,0,0,0,0,0,0,"leaf",1,0,0,0,0,0,NA,0,0,"leaf",2,"l","i","p"
"Albuca flaccida","Albuca flaccida","HYACINTHACEAE","Albuca flaccida","Jacq.","Asparagaceae",1,0,"Perennial",1,0,0,1,1,1,0,1,0,"Aug","Oct",NA,NA,100,0,1,0,0,0,0,0,0,0,0,0,0,0,0,0,0,"leaf",1,0,0,0,0,0,NA,0,0,"leaf",2,"l","i","p"
"Alepidea capensis","Alepidea capensis","APIACEAE","Alepidea capensis","(Berg.) R.A.Dyer","Apiaceae",1,0,"Perennial",1,0,1,0,0,1,0,1,0,"Nov","Feb",NA,NA,40,1,0,0,0,0,0,0,0,0,0,0,0,0,0,0,0,"leaf",0,1,0,0,0,0,2.34,0,0,"leaf",2,"l","i","p"
"Alepidea delicatula","Alepidea delicatula","APIACEAE","Alepidea delicatula","Weim.","Apiaceae",1,0,"Perennial",1,0,1,0,0,1,0,1,0,"Jan","Feb",NA,NA,20,1,0,0,0,0,0,0,0,0,0,0,0,0,0,0,0,"leaf",0,1,0,0,0,0,NA,0,0,"leaf",2,"l","i","p"
"Allophylus decipiens","Allophylus decipiens","SAPINDACEAE","Allophylus decipiens","Radlk.","Sapindaceae",1,0,"Perennial",1,0,1,0,0,0,0,0,0,"Nov","Jan",NA,NA,400,0,0,0,0,0,1,1,0,0,0,0,0,0,0,0,0,"leaf",0,0,1,1,0,0,NA,0,0,"leaf",3,"m","i","m"
"Aloe arborescens","Aloe arborescens","ASPHODELACEAE","Aloe arborescens","Mill.","Asphodelaceae",1,0,"Perennial",1,0,1,0,0,0,0,1,0,"May","Jun",NA,NA,300,0,0,0,0,0,1,0,0,0,0,0,0,1,1,1,0,"leaf",0,1,0,0,0,0,31.322,0,0,"leaf",3,"l","b","w"
"Aloe ciliaris","Aloe ciliaris","ASPHODELACEAE","Aloiampelos ciliaris","(Haw.) Klopper & Gideon F.Sm.","Asphodelaceae",1,0,"Perennial",1,0,1,0,0,0,0,0,0,"Nov","Apr",NA,NA,500,0,0,0,1,1,0,0,0,0,0,0,0,1,1,1,0,"leaf",0,1,0,0,0,0,NA,0,0,"leaf",3,"l","b","w"
"Aloe comptonii","Aloe comptonii","ASPHODELACEAE","Aloe comptonii","Reynolds","Asphodelaceae",1,0,"Perennial",1,0,1,0,0,0,0,0,0,"Aug","Dec",NA,NA,100,0,0,0,0,0,0,0,0,0,0,0,1,1,1,1,0,"leaf",0,1,0,0,0,0,29.53333333,0,0,"leaf",3,"l","b","w"
"Aloe ferox","Aloe ferox","ASPHODELACEAE","Aloe ferox","Mill.","Asphodelaceae",1,0,"Perennial",1,0,1,0,0,0,0,1,0,"May","Nov",NA,NA,300,0,0,0,0,0,1,1,0,0,0,0,0,1,1,1,0,"leaf",0,1,0,0,0,0,49.86666667,0,0,"leaf",3,"l","b","w"
"Aloe perfoliata","Aloe mitriformis","ASPHODELACEAE","Aloe perfoliata","L.","Asphodelaceae",1,0,"Perennial",1,0,1,0,0,0,0,0,0,"Dec","Feb",NA,NA,200,0,0,0,1,0,0,0,0,0,0,0,1,1,1,1,0,"leaf",0,0,1,0,0,0,NA,0,0,"leaf",3,"l","b","w"
"Aloe speciosa","Aloe speciosa","ASPHODELACEAE","Aloe speciosa","Baker","Asphodelaceae",1,0,"Perennial",1,0,1,0,0,0,0,0,0,"Aug","Sep",NA,NA,400,0,0,0,0,0,1,1,0,0,0,0,0,1,1,1,0,"leaf",0,1,0,0,0,0,71,0,0,"leaf",3,"l","b","w"
"Alsophila capensis","Cyathea capensis","CYATHEACEAE","Alsophila capensis","J.Sm.","Cyatheaceae",1,0,"Perennial",1,0,1,0,0,0,0,1,0,"Jan","Dec",NA,NA,450,0,0,0,0,0,0,1,0,0,0,0,0,0,0,0,0,"frond",0,0,1,0,0,1,NA,0,0,"leaf",3,"l","w","w"
"Amphithalea axillaris","Amphithalea axillaris","FABACEAE","Amphithalea axillaris","Granby","Fabaceae",1,0,"Perennial",1,0,1,0,0,1,0,0,0,"Apr","Aug",NA,NA,100,0,0,0,1,0,0,0,0,0,0,0,0,0,0,0,0,"leaf",0,1,0,0,0,0,NA,0,0,"leaf",2,"h","i","p"
"Amphithalea cymbifolia","Amphithalea cymbifolia","FABACEAE","Amphithalea cymbifolia","(C.A.Sm.) A.L.Schutte","Fabaceae",1,0,"Perennial",1,0,1,0,0,1,0,1,0,"Oct","Nov",NA,NA,30,0,0,0,1,0,0,0,0,0,0,0,0,0,0,0,0,"leaf",1,0,0,0,0,0,0.976666667,0,0,"leaf",2,"h","i","p"
"Amphithalea ericifolia","Amphithalea ericifolia","FABACEAE","Amphithalea ericifolia","(L.) Eckl. & Zeyh.","Fabaceae",1,0,"Perennial",1,0,1,0,0,1,0,1,0,"Apr","Jan",NA,NA,100,0,0,0,1,0,0,0,0,0,0,0,0,0,0,0,0,"leaf",0,1,0,0,0,0,0.533333333,0,0,"leaf",3,"h","i","p"
"Amphithalea micrantha","Amphithalea micrantha","FABACEAE","Amphithalea micrantha","(E.Mey.) Walp.","Fabaceae",1,0,"Perennial",1,0,1,0,0,1,0,1,0,"Apr","Jul",NA,NA,50,0,0,0,1,0,0,0,0,0,0,0,0,0,0,0,0,"leaf",0,0,1,0,0,0,NA,0,0,"leaf",2,"h","i","p"
"Amphithalea violacea","Amphithalea violacea","FABACEAE","Amphithalea violacea","(E.Mey.) Benth.","Fabaceae",1,0,"Perennial",1,0,1,0,0,1,0,1,0,"Mar","Aug",NA,NA,100,0,0,0,1,0,0,0,0,0,0,0,0,0,0,0,0,"leaf",0,1,0,0,0,0,0.565,0,0,"leaf",2,"h","i","p"
"Amphithalea williamsonii","Amphithalea williamsonii","FABACEAE","Amphithalea williamsonii","Harv.","Fabaceae",1,0,"Perennial",1,0,1,0,0,1,0,1,0,"May","Aug",NA,NA,200,0,0,0,0,0,1,0,0,0,0,0,0,0,0,0,0,"leaf",0,0,1,0,0,0,0.868333333,0,0,"leaf",2,"h","i","p"
"Anacampseros arachnoides","Anacampseros arachnoides","PORTULACACEAE","Anacampseros arachnoides","(Haw.) Sims","Anacampserotaceae",1,0,"Perennial",1,0,1,0,0,0,0,0,0,"Nov","Jan",NA,NA,12,0,0,0,0,0,0,0,0,0,0,0,1,1,1,1,0,"leaf",0,0,1,0,0,0,NA,0,0,"leaf",2,"l","i","p"
"Anacampseros telephiastrum","Anacampseros telephiastrum","PORTULACACEAE","Anacampseros telephiastrum","DC.","Anacampserotaceae",1,0,"Perennial",1,0,1,0,0,0,0,0,0,"Nov","Dec",NA,NA,15,0,0,0,0,0,0,0,0,0,0,0,1,1,1,1,0,"leaf",0,0,1,0,0,0,NA,0,0,"leaf",2,"l","i","p"
"Anaxeton asperum","Anaxeton asperum","ASTERACEAE","Anaxeton asperum","DC.","Asteraceae",1,0,"Perennial",1,0,1,0,0,0,0,0,0,"Aug","Dec",NA,NA,30,0,0,0,1,0,0,0,0,0,0,0,0,0,0,0,0,"leaf",1,0,0,0,0,0,NA,0,0,"leaf",1,"m","i","w"
"Anaxeton laeve","Anaxeton laeve","ASTERACEAE","Anaxeton laeve","(Harv.) Lundgren","Asteraceae",1,0,"Perennial",1,0,1,0,0,0,0,0,0,"Dec","May",NA,NA,45,0,0,0,1,0,0,0,0,0,0,0,0,0,0,0,0,"leaf",1,0,0,0,0,0,2.183333333,0,0,"leaf",1,"m","i","w"
"Anaxeton nycthemerum","Anaxeton nycthemerum","ASTERACEAE","Anaxeton nycthemerum","Less.","Asteraceae",1,0,"Perennial",1,0,1,0,0,0,0,0,0,"Oct","Dec",NA,NA,30,0,0,0,1,0,0,0,0,0,0,0,0,0,0,0,0,"leaf",0,0,1,0,0,0,NA,0,0,"leaf",1,"m","i","w"
"Anderbergia epaleata","Anderbergia epaleata","ASTERACEAE","Anderbergia epaleata","(Hilliard & B.L.Burtt) B.Nord.","Asteraceae",1,0,"Perennial",1,0,1,0,0,0,0,1,0,"Sep","Sep",NA,NA,50,0,0,0,1,0,0,0,0,0,0,0,0,0,0,0,0,"leaf",0,1,0,0,0,0,NA,0,0,"leaf",2,"h","i","w"
"Andropogon appendiculatus","Andropogon appendiculatus","POACEAE","Andropogon appendiculatus","Nees","Poaceae",1,0,"Perennial",1,0,1,0,0,1,0,0,0,"Oct","Apr",NA,NA,120,0,0,1,0,0,0,0,0,0,0,0,0,0,0,0,0,"leaf",1,0,0,0,0,0,13.41666667,0,1,"leaf",2,"h","w","w"
"Anemone knowltonia","Knowltonia capensis","RANUNCULACEAE","Knowltonia capensis","Huth","Ranunculaceae",1,0,"Perennial",1,0,1,0,0,0,0,1,0,"Jun","Sep",NA,NA,30,1,0,0,0,0,0,0,0,0,0,0,0,0,0,0,0,"leaf",0,0,1,1,0,0,8.52,0,0,"leaf",2,"l","i","i"
"Anemone tenuifolia","Anemone tenuifolia","RANUNCULACEAE","Pulsatilla vulgaris","Mill.","Ranunculaceae",1,0,"Perennial",1,0,1,0,0,0,0,1,0,"Jun","Feb",NA,NA,40,1,0,0,0,0,0,0,0,0,0,0,0,0,0,0,0,"leaf",0,1,0,1,0,0,NA,0,0,"leaf",2,"l","i","i"
"Anemone vesicatoria","Knowltonia vesicatoria","RANUNCULACEAE","Anemone vesicatoria","Prantl","Ranunculaceae",1,0,"Perennial",1,0,1,0,0,0,0,1,0,"Aug","Oct",NA,NA,120,1,0,0,0,0,0,0,0,0,0,0,0,0,0,0,0,"leaf",0,0,1,1,1,0,7.733333333,0,0,"leaf",2,"l","i","i"
"Anginon difforme","Anginon difforme","APIACEAE","Anginon difforme","(L.) B.L.Burtt","Apiaceae",1,0,"Perennial",1,0,1,0,0,0,0,0,0,"Dec","Apr",NA,NA,300,0,0,0,0,0,1,0,0,0,0,0,0,0,0,0,0,"leaf",1,0,0,0,0,0,NA,0,0,"leaf",2,"m","i","w"
"Anisodontea scabrosa","Anisodontea scabrosa","MALVACEAE","Anisodontea scabrosa","(L.) D.M.Bates","Malvaceae",1,0,"Perennial",1,0,1,0,0,0,0,0,0,"Sep","Dec",NA,NA,200,0,0,0,0,0,1,0,0,0,0,0,0,0,0,0,0,"leaf",0,0,1,0,1,0,NA,0,0,"leaf",2,"m","i","w"
"Annesorhiza altiscapa","Annesorhiza altiscapa","APIACEAE","Annesorhiza altiscapa","Schltr. ex H.Wolff","Apiaceae",1,0,"Perennial",1,0,1,1,1,1,0,1,0,"Aug","Sep",NA,NA,150,1,0,0,0,0,0,0,0,0,0,0,0,0,0,0,0,"leaf",0,1,0,1,1,1,NA,0,0,"leaf",2,"m","i","w"
"Anthochortus capensis","Anthochortus capensis","RESTIONACEAE","Anthochortus capensis","Esterh.","Restionaceae",1,0,"Perennial",0,1,1,0,0,0,0,0,0,"Aug","Aug",NA,NA,50,0,0,1,0,0,0,0,0,0,0,0,0,0,0,0,0,"leaf",1,0,0,0,0,0,11.4,1,1,"culm_stem",2,"h","w","p"
"Anthochortus crinalis","Anthochortus crinalis","RESTIONACEAE","Anthochortus crinalis","(Mast.) H.P.Linder","Restionaceae",1,0,"Perennial",0,1,1,0,0,0,0,1,0,"May","May",NA,NA,80,0,0,1,0,0,0,0,0,0,0,0,0,0,0,0,0,"leaf",1,0,0,0,0,0,45.52,1,1,"culm_stem",2,"h","w","p"
"Anthochortus ecklonii","Anthochortus ecklonii","RESTIONACEAE","Anthochortus ecklonii","Nees","Restionaceae",1,0,"Perennial",0,1,1,0,0,0,0,1,0,"Jan","Dec",NA,NA,50,0,0,1,0,0,0,0,0,0,0,0,0,0,0,0,0,"leaf",1,0,0,0,0,0,NA,1,1,"culm_stem",2,"h","w","p"
"Anthochortus laxiflorus","Anthochortus laxiflorus","RESTIONACEAE","Anthochortus laxiflorus","(Nees) H.P.Linder","Restionaceae",1,0,"Perennial",0,1,1,0,0,0,0,0,0,"Nov","Dec",NA,NA,50,0,0,1,0,0,0,0,0,0,0,0,0,0,0,0,0,"leaf",1,0,0,0,0,0,32.56,1,1,"culm_stem",2,"h","w","p"
"Anthospermum aethiopicum","Anthospermum aethiopicum","RUBIACEAE","Anthospermum aethiopicum","L.","Rubiaceae",1,0,"Perennial",0,1,1,0,0,0,0,0,0,"Aug","Jan",NA,NA,200,0,0,0,0,0,1,0,0,0,0,0,0,0,0,0,0,"leaf",1,0,0,0,0,0,0.575526316,0,0,"leaf",2,"h","w","p"
"Anthospermum bergianum","Anthospermum bergianum","RUBIACEAE","Anthospermum bergianum","Cruse","Rubiaceae",1,0,"Perennial",0,1,1,0,0,0,0,0,0,"Jul","Jan",NA,NA,70,0,0,0,1,0,0,0,0,0,0,0,0,0,0,0,0,"leaf",0,1,0,0,0,0,1,0,0,"leaf",2,"h","w","p"
"Anthospermum galioides","Anthospermum galioides","RUBIACEAE","Anthospermum galioides","Rchb. ex Spreng.","Rubiaceae",1,0,"Perennial",0,1,1,0,0,0,0,0,0,"Jul","Jan",NA,NA,50,0,0,0,1,0,0,0,0,0,0,0,0,0,0,0,0,"leaf",1,1,0,0,0,0,0.8825,0,0,"leaf",2,"m","w","p"
"Anthospermum prostratum","Anthospermum prostratum","RUBIACEAE","Anthospermum prostratum","Sond.","Rubiaceae",1,0,"Perennial",0,1,1,0,0,0,0,0,0,"Aug","Oct",NA,NA,10,0,0,0,1,0,0,0,0,0,0,0,0,0,0,0,0,"leaf",0,1,0,0,0,0,NA,0,0,"leaf",2,"l","w","p"
"Anthospermum spathulatum","Anthospermum spathulatum","RUBIACEAE","Anthospermum spathulatum","Spreng.","Rubiaceae",1,0,"Perennial",0,1,1,0,0,0,0,0,0,"Jun","Feb",NA,NA,200,0,0,0,0,0,1,0,0,0,0,0,0,0,0,0,0,"leaf",1,0,0,0,0,0,NA,0,0,"leaf",2,"h","w","p"
"Antimima dasyphylla","Antimima dasyphylla","AIZOACEAE","Antimima dasyphylla","(Schltr.) H.E.K.Hartmann","Aizoaceae",1,0,"Perennial",1,0,1,0,0,1,0,0,0,"Aug","Aug",NA,NA,20,0,0,0,1,0,0,0,0,0,0,0,0,1,1,1,1,"leaf",0,1,0,0,0,0,0.496,0,0,"leaf",2,"l","i","p"
"Apium decumbens","Apium decumbens","APIACEAE","Apium graveolens","L.","Apiaceae",1,1,"Both",1,0,1,0,1,1,0,0,0,"Jan","Mar",NA,NA,10,1,0,0,0,0,0,0,0,0,0,0,0,0,0,0,0,"leaf",0,0,1,0,0,0,3.9375,0,0,"leaf",0,"l","i","u"
"Apodytes dimidiata","Apodytes dimidiata","ICACINACEAE","Apodytes dimidiata","E.Mey. ex Arn.","Metteniusaceae",1,0,"Perennial",1,0,1,0,0,0,0,0,0,"Nov","Jan",NA,NA,2000,0,0,0,0,0,0,1,0,0,0,0,0,0,0,0,0,"leaf",0,0,1,0,0,0,NA,0,0,"leaf",3,"l","i","m"
"Arctopus echinatus","Arctopus echinatus","APIACEAE","Arctopus echinatus","L.","Apiaceae",1,0,"Perennial",1,0,1,0,0,0,0,1,0,"May","Jul",NA,NA,5,1,1,0,0,0,0,0,0,0,0,0,0,0,0,0,0,"leaf",0,0,1,0,1,0,7.52,0,0,"leaf",2,"l","i","m"
"Arctotheca calendula","Arctotheca calendula","ASTERACEAE","Arctotheca calendula","(L.) Levyns","Asteraceae",0,1,"Annual",1,0,0,1,1,1,0,0,0,"Jul","Nov",NA,NA,20,1,0,0,0,0,0,0,0,0,0,0,0,0,0,0,0,"leaf",0,0,1,0,1,1,NA,0,0,"leaf",0,"l","i","w"
"Arctotis acaulis","Arctotis acaulis","ASTERACEAE","Arctotis acaulis","Brot.","Asteraceae",1,0,"Perennial",1,0,1,0,0,1,0,0,0,"Aug","Oct",NA,NA,20,1,0,0,0,0,0,0,0,0,0,0,0,0,0,0,0,"leaf",0,1,1,0,1,1,NA,0,0,"leaf",1,"l","i","w"
"Arctotis adpressa","Arctotis adpressa","ASTERACEAE","Arctotis adpressa","DC.","Asteraceae",1,0,"Perennial",1,0,1,0,0,1,0,1,0,"Sep","Nov",NA,NA,20,1,1,0,0,0,0,0,0,0,0,0,0,0,0,0,0,"leaf",0,1,0,0,0,1,5.46,0,0,"leaf",2,"l","i","w"
"Arctotis aspera","Arctotis aspera","ASTERACEAE","Arctotis aspera","L.","Asteraceae",1,0,"Perennial",1,0,1,0,0,1,0,0,0,"Aug","Oct",NA,NA,200,1,0,0,0,0,0,0,0,0,0,0,0,0,0,0,0,"leaf",0,1,0,0,0,1,8.32,0,0,"leaf",1,"m","i","w"
"Arctotis scabra","Arctotis scabra","ASTERACEAE","Arctotis semipapposa","Beauverd","Asteraceae",1,0,"Perennial",1,0,1,0,0,1,0,0,0,"Sep","Apr",NA,NA,20,1,0,0,0,0,0,0,0,0,0,0,0,0,0,0,0,"leaf",1,0,0,0,0,0,12.625,0,0,"leaf",1,"m","i","w"
"Arctotis stoechadifolia","Arctotis stoechadifolia","ASTERACEAE","Arctotis stoechadifolia","P.J.Bergius","Asteraceae",1,0,"Perennial",1,0,1,0,0,0,0,0,0,"Sep","Dec",NA,NA,35,1,0,0,0,0,0,0,1,0,0,0,0,0,0,0,0,"leaf",0,1,0,0,1,1,5.433333333,0,0,"leaf",2,"l","i","w"
"Argyrolobium collinum","Argyrolobium collinum","FABACEAE","Argyrolobium collinum","Eckl. & Zeyh.","Fabaceae",1,0,"Perennial",1,0,1,0,0,1,0,1,0,"Sep","Feb",NA,NA,300,0,0,0,0,1,0,0,0,0,0,0,0,0,0,0,0,"leaf",0,0,1,1,0,0,0.75,0,0,"leaf",3,"h","i","p"
"Argyrolobium filiforme","Argyrolobium filiforme","FABACEAE","Argyrolobium filifolia","(Pers.) ined.","Fabaceae",1,0,"Perennial",1,0,1,0,0,1,0,1,0,"Sep","Jan",NA,NA,15,0,0,0,1,0,0,0,0,0,0,0,0,0,0,0,0,"leaf",0,1,0,1,0,0,NA,0,0,"leaf",3,"l","i","p"
"Argyrolobium incanum","Argyrolobium incanum","FABACEAE","Argyrolobium incanum","Eckl. & Zeyh.","Fabaceae",1,0,"Perennial",1,0,1,0,0,1,0,1,0,"Jul","Jan",NA,NA,200,0,0,0,0,1,0,0,0,0,0,0,0,0,0,0,0,"leaf",0,0,1,1,0,0,NA,0,0,"leaf",3,"h","i","p"
"Argyrolobium parviflorum","Argyrolobium parviflorum","FABACEAE","Argyrolobium parviflorum","T.J.Edwards","Fabaceae",1,0,"Perennial",1,0,1,0,0,1,0,1,0,"Nov","May",NA,NA,100,0,0,0,1,0,0,0,0,0,0,0,0,0,0,0,0,"leaf",0,0,1,1,0,0,NA,0,0,"leaf",3,"h","i","p"
"Aristea africana","Aristea africana","IRIDACEAE","Aristea africana","(L.) Hoffmanns.","Iridaceae",1,0,"Perennial",1,0,1,0,0,0,0,1,0,"Oct","Jan",NA,NA,15,1,0,0,0,0,0,0,0,0,0,0,0,0,0,0,0,"leaf",1,0,0,0,0,0,8.25,0,0,"leaf",2,"l","i","p"
"Aristea anceps","Aristea anceps","IRIDACEAE","Aristea anceps","Eckl. ex Klatt","Iridaceae",1,0,"Perennial",1,0,1,0,0,1,0,1,0,"Sep","Jan",NA,NA,30,1,0,0,0,0,0,0,0,0,0,0,0,0,0,0,0,"leaf",0,1,0,0,0,0,NA,0,0,"leaf",2,"m","i","p"
"Aristea bakeri","Aristea bakeri","IRIDACEAE","Aristea bakeri","Klatt","Iridaceae",1,0,"Perennial",1,0,1,0,0,1,1,1,0,"Oct","Dec",NA,NA,100,1,0,0,0,0,0,0,0,0,0,0,0,0,0,0,0,"leaf",0,1,0,0,0,0,NA,0,0,"leaf",2,"m","i","p"
"Aristea capitata","Aristea major","IRIDACEAE","Aristea capitata","(L.) Ker Gawl.","Iridaceae",1,0,"Perennial",1,0,1,0,0,0,0,1,0,"Oct","Dec",NA,NA,150,1,0,0,0,0,0,0,0,0,0,0,0,0,0,0,0,"leaf",0,1,0,0,0,0,60.16,0,0,"leaf",2,"m","i","p"
"Aristea cuspidata","Aristea cuspidata","IRIDACEAE","Aristea cuspidata","Schinz","Iridaceae",1,0,"Perennial",1,0,1,0,0,1,0,1,0,"Oct","Dec",NA,NA,60,1,0,0,0,0,0,0,0,0,0,0,0,0,0,0,0,"leaf",1,0,0,0,0,0,NA,0,0,"leaf",2,"m","i","p"
"Aristea dichotoma","Aristea dichotoma","IRIDACEAE","Aristea dichotoma","(Thunb.) Ker Gawl.","Iridaceae",1,0,"Perennial",1,0,1,0,0,0,0,1,0,"Dec","Mar",NA,NA,30,1,0,0,0,0,0,0,0,0,0,0,0,0,0,0,0,"leaf",1,0,0,0,0,0,NA,0,0,"leaf",2,"l","i","p"
"Aristea glauca","Aristea glauca","IRIDACEAE","Aristea glauca","Klatt","Iridaceae",1,0,"Perennial",1,0,1,0,0,1,0,1,0,"Oct","Dec",NA,NA,15,1,0,0,0,0,0,0,0,0,0,0,0,0,0,0,0,"leaf",1,0,0,0,0,0,58.22,0,0,"leaf",2,"l","i","p"
"Aristea oligocephala","Aristea oligocephala","IRIDACEAE","Aristea oligocephala","Baker","Iridaceae",1,0,"Perennial",1,0,1,0,0,1,0,1,0,"Nov","Jan",NA,NA,25,1,0,0,0,0,0,0,0,0,0,0,0,0,0,0,0,"leaf",1,0,0,0,0,0,NA,0,0,"leaf",2,"l","i","p"
"Aristea pusilla","Aristea pusilla","IRIDACEAE","Aristea pusilla","(Thunb.) Ker Gawl.","Iridaceae",1,0,"Perennial",1,0,1,0,0,1,0,1,0,"Sep","Nov",NA,NA,20,1,0,0,0,0,0,0,0,0,0,0,0,0,0,0,0,"leaf",0,1,0,0,0,0,10.03333333,0,0,"leaf",2,"l","i","p"
"Aristea racemosa","Aristea racemosa","IRIDACEAE","Aristea racemosa","Baker","Iridaceae",1,0,"Perennial",1,0,1,0,0,1,0,1,0,"Oct","Dec",NA,NA,40,1,0,0,0,0,0,0,0,0,0,0,0,0,0,0,0,"leaf",1,0,0,0,0,0,50.9,0,0,"leaf",2,"m","i","p"
"Aristida adscensionis","Aristida adscensionis","POACEAE","Aristida adscensionis","L.","Poaceae",0,1,"Annual",1,0,0,1,1,1,0,1,0,"Dec","Sep",NA,NA,100,0,0,1,0,0,0,0,0,0,0,0,0,0,0,0,0,"leaf",1,0,0,0,0,0,NA,0,1,"mixed",0,"l","w","w"
"Aristida congesta","Aristida congesta","POACEAE","Aristida congesta","Roem. & Schult.","Poaceae",1,1,"Both",1,0,1,1,1,1,0,0,0,"Dec","May",NA,NA,90,0,0,1,0,0,0,0,0,0,0,0,0,0,0,0,0,"leaf",1,0,0,0,0,0,6.066666667,0,1,"mixed",1,"l","w","w"
"Aristida diffusa","Aristida diffusa","POACEAE","Aristida diffusa","Trin.","Poaceae",1,0,"Perennial",1,0,1,0,0,1,0,1,0,"Oct","Apr",NA,NA,100,0,0,1,0,0,0,0,0,0,0,0,0,0,0,0,0,"leaf",1,0,0,0,0,0,NA,0,1,"mixed",1,"h","w","w"
"Aristida junciformis","Aristida junciformis","POACEAE","Aristida junciformis","Trin. & Rupr.","Poaceae",1,0,"Perennial",1,0,1,0,0,1,0,1,0,"Nov","May",NA,NA,90,0,0,1,0,0,0,0,0,0,0,0,0,0,0,0,0,"leaf",1,0,0,0,0,0,17.1,0,1,"mixed",2,"h","w","w"
"Asclepias crispa","Asclepias crispa","APOCYNACEAE","Asclepias crispa","P.J.Bergius","Apocynaceae",1,0,"Perennial",1,0,1,0,0,0,0,1,0,"Nov","May",NA,NA,30,1,0,0,0,0,0,0,0,0,0,0,0,0,0,0,0,"leaf",1,0,0,0,0,0,NA,0,0,"leaf",3,"l","i","w"
"Askidiosperma capitatum","Askidiosperma capitatum","RESTIONACEAE","Askidiosperma capitatum","Steud.","Restionaceae",1,0,"Perennial",0,1,1,0,0,0,0,0,0,"Sep","Nov",NA,NA,80,0,0,1,0,0,0,0,0,0,0,0,0,0,0,0,0,"leaf",0,0,0,0,0,0,35.44,1,1,"culm_stem",2,"h","w","w"
"Askidiosperma nitidum","Askidiosperma nitidum","RESTIONACEAE","Askidiosperma nitidum","(Mast.) H.P.Linder","Restionaceae",1,0,"Perennial",0,1,1,0,0,0,0,0,0,"Aug","Sep",NA,NA,120,0,0,1,0,0,0,0,0,0,0,0,0,0,0,0,0,"leaf",0,0,0,0,0,0,81.54,1,1,"culm_stem",2,"h","w","w"
"Askidiosperma paniculatum","Askidiosperma paniculatum","RESTIONACEAE","Askidiosperma paniculatum","(Mast.) H.P.Linder","Restionaceae",1,0,"Perennial",0,1,1,0,0,0,0,1,0,"Apr","Apr",NA,NA,100,0,0,1,0,0,0,0,0,0,0,0,0,0,0,0,0,"leaf",0,0,0,0,0,0,NA,1,1,"culm_stem",2,"h","w","w"
"Aspalathus abietina","Aspalathus abietina","FABACEAE","Aspalathus abietina","Thunb.","Fabaceae",1,0,"Perennial",1,0,1,0,0,1,0,0,0,"Sep","Dec",NA,NA,60,0,0,0,1,0,0,0,0,0,0,0,0,0,0,0,0,"leaf",1,0,0,1,0,0,0.433333333,0,0,"leaf",1,"h","i","p"
"Aspalathus acanthes","Aspalathus acanthes","FABACEAE","Aspalathus acanthes","Eckl. & Zeyh.","Fabaceae",1,0,"Perennial",1,0,1,0,0,1,0,0,0,"Aug","Dec",NA,NA,150,0,0,0,0,1,0,0,0,0,0,0,0,0,0,0,0,"leaf",1,0,0,1,0,0,1.252,0,0,"leaf",1,"h","i","p"
"Aspalathus aciphylla","Aspalathus aciphylla","FABACEAE","Aspalathus aciphylla","Harv.","Fabaceae",1,0,"Perennial",1,0,1,0,0,1,0,0,0,"Jul","Nov",NA,NA,200,0,0,0,0,0,1,0,0,0,0,0,0,0,0,0,0,"leaf",0,0,1,1,0,0,0.836666667,0,0,"leaf",1,"h","i","p"
"Aspalathus argyrella","Aspalathus argyrella","FABACEAE","Aspalathus argyrella","MacOwan","Fabaceae",1,0,"Perennial",1,0,1,0,0,1,0,0,0,"Sep","Oct",NA,NA,10,0,0,0,1,0,0,0,1,0,0,0,0,0,0,0,0,"leaf",0,1,0,1,0,0,NA,0,0,"leaf",1,"h","i","p"
"Aspalathus aspalathoides","Aspalathus aspalathoides","FABACEAE","Aspalathus aspalathoides","(L.) R.Dahlgren","Fabaceae",1,0,"Perennial",1,0,1,0,0,1,0,0,0,"Oct","Jan",NA,NA,40,0,0,0,1,0,0,0,0,0,0,0,0,0,0,0,0,"leaf",0,1,0,1,0,0,NA,0,0,"leaf",1,"h","i","p"
"Aspalathus asparagoides","Aspalathus asparagoides","FABACEAE","Aspalathus asparagoides","L.f.","Fabaceae",1,0,"Perennial",1,0,1,0,0,1,0,0,0,"Sep","Feb",NA,NA,100,0,0,0,1,0,0,0,0,0,0,0,0,0,0,0,0,"leaf",1,0,0,1,0,0,NA,0,0,"leaf",1,"h","i","p"
"Aspalathus biflora","Aspalathus biflora","FABACEAE","Aspalathus biflora","E.Mey.","Fabaceae",1,0,"Perennial",1,0,1,0,0,1,0,0,0,"Aug","Apr",NA,NA,200,0,0,0,1,0,0,0,0,0,0,0,0,0,0,0,0,"leaf",1,0,0,1,0,0,NA,0,0,"leaf",1,"h","i","p"
"Aspalathus callosa","Aspalathus callosa","FABACEAE","Aspalathus callosa","L.","Fabaceae",1,0,"Perennial",1,0,1,0,0,1,0,0,0,"Oct","Jan",NA,NA,60,0,0,0,1,0,0,0,0,0,0,0,0,0,0,0,0,"leaf",1,0,0,1,0,0,NA,0,0,"leaf",1,"h","i","p"
"Aspalathus capensis","Aspalathus capensis","FABACEAE","Aspalathus capensis","(Walp.) R.Dahlgren","Fabaceae",1,0,"Perennial",1,0,1,0,0,1,0,0,0,"Jul","Dec",NA,NA,250,0,0,0,0,1,0,0,0,0,0,0,0,0,0,0,0,"leaf",1,0,0,1,0,0,0.716666667,0,0,"leaf",1,"h","i","p"
"Aspalathus carnosa","Aspalathus carnosa","FABACEAE","Aspalathus carnosa","P.J.Bergius","Fabaceae",1,0,"Perennial",1,0,1,0,0,1,0,0,0,"Aug","Dec",NA,NA,250,0,0,0,0,1,0,0,0,0,0,0,0,0,0,0,0,"leaf",1,0,0,1,0,0,0.4,0,0,"leaf",1,"h","i","p"
"Aspalathus chenopoda","Aspalathus chenopoda","FABACEAE","Aspalathus chenopoda","L.","Fabaceae",1,0,"Perennial",1,0,1,0,0,1,0,0,0,"Aug","Dec",NA,NA,200,0,0,0,0,1,0,0,0,0,0,0,0,0,0,0,0,"leaf",1,0,0,1,0,0,0.82,0,0,"leaf",1,"h","i","p"
"Aspalathus chortophila","Aspalathus chortophila","FABACEAE","Aspalathus chortophila","Eckl. & Zeyh.","Fabaceae",1,0,"Perennial",1,0,1,0,0,1,0,0,0,"Oct","Dec",NA,NA,100,0,0,0,1,0,0,0,0,0,0,0,0,0,0,0,0,"leaf",1,0,0,1,0,0,NA,0,0,"leaf",1,"h","i","p"
"Aspalathus ciliaris","Aspalathus ciliaris","FABACEAE","Aspalathus ciliaris","L.","Fabaceae",1,0,"Perennial",1,0,1,0,0,1,0,0,0,"Sep","Feb",NA,NA,150,0,0,0,0,1,0,0,0,0,0,0,0,0,0,0,0,"leaf",1,0,0,1,0,0,0.384,0,0,"leaf",1,"h","i","p"
"Aspalathus collina","Aspalathus collina","FABACEAE","Aspalathus collina","Eckl. & Zeyh.","Fabaceae",1,0,"Perennial",1,0,1,0,0,1,0,0,0,"Jul","Dec",NA,NA,130,0,0,0,0,1,0,0,0,0,0,0,0,0,0,0,0,"leaf",1,0,0,1,0,0,0.441666667,0,0,"leaf",1,"h","i","p"
"Aspalathus crassisepala","Aspalathus crassisepala","FABACEAE","Aspalathus crassisepala","R.Dahlgren","Fabaceae",1,0,"Perennial",1,0,1,0,0,1,0,0,0,"Sep","Sep",NA,NA,100,0,0,0,1,0,0,0,0,0,0,0,0,0,0,0,0,"leaf",1,0,0,1,0,0,NA,0,0,"leaf",1,"h","i","p"
"Aspalathus decora","Aspalathus decora","FABACEAE","Aspalathus decora","R.Dahlgren","Fabaceae",1,0,"Perennial",1,0,1,0,0,1,0,0,0,"Nov","Dec",NA,NA,400,0,0,0,0,0,1,0,0,0,0,0,0,0,0,0,0,"leaf",1,0,0,1,0,0,1.364,0,0,"leaf",1,"h","i","p"
"Aspalathus divaricata","Aspalathus divaricata","FABACEAE","Aspalathus divaricata","Thunb.","Fabaceae",1,0,"Perennial",1,0,1,0,0,1,0,0,0,"Oct","Feb",NA,NA,100,0,0,0,1,0,0,0,1,0,0,0,0,0,0,0,0,"leaf",1,0,0,1,0,0,NA,0,0,"leaf",1,"h","i","p"
"Aspalathus ericifolia","Aspalathus ericifolia","FABACEAE","Aspalathus ericifolia","L.","Fabaceae",1,0,"Perennial",1,0,1,0,0,1,0,0,0,"Sep","Nov",NA,NA,60,0,0,0,1,0,0,0,0,0,0,0,0,0,0,0,0,"leaf",1,0,0,1,0,0,0.366666667,0,0,"leaf",1,"h","i","p"
"Aspalathus forbesii","Aspalathus forbesii","FABACEAE","Aspalathus forbesii","Harv.","Fabaceae",1,0,"Perennial",1,0,1,0,0,1,0,0,0,"Jul","Apr",NA,NA,250,0,0,0,0,0,1,0,0,0,0,0,0,0,0,0,0,"leaf",1,0,0,1,0,0,0.332,0,0,"leaf",1,"h","i","p"
"Aspalathus fourcadei","Aspalathus fourcadei","FABACEAE","Aspalathus fourcadei","L.Bolus","Fabaceae",1,0,"Perennial",1,0,1,0,0,1,0,0,0,"Sep","Sep",NA,NA,200,0,0,0,0,0,1,0,0,0,0,0,0,0,0,0,0,"leaf",1,0,0,1,0,0,NA,0,0,"leaf",1,"h","i","p"
"Aspalathus galeata","Aspalathus galeata","FABACEAE","Aspalathus galeata","E.Mey.","Fabaceae",1,0,"Perennial",1,0,1,0,0,1,0,0,0,"Sep","Jan",NA,NA,60,0,0,0,1,0,0,0,0,0,0,0,0,0,0,0,0,"leaf",1,0,0,1,0,0,NA,0,0,"leaf",1,"h","i","p"
"Aspalathus grandiflora","Aspalathus grandiflora","FABACEAE","Aspalathus grandiflora","Benth.","Fabaceae",1,0,"Perennial",1,0,1,0,0,1,0,0,0,"Aug","Dec",NA,NA,130,0,0,0,0,1,0,0,0,0,0,0,0,0,0,0,0,"leaf",1,0,0,1,0,0,NA,0,0,"leaf",1,"h","i","p"
"Aspalathus hirta","Aspalathus hirta","FABACEAE","Aspalathus hirta","E.Mey.","Fabaceae",1,0,"Perennial",1,0,1,0,0,1,0,0,0,"Sep","Dec",NA,NA,200,0,0,0,0,0,1,0,0,0,0,0,0,0,0,0,0,"leaf",1,0,0,1,0,0,1.048,0,0,"leaf",1,"h","i","p"
"Aspalathus hispida","Aspalathus hispida","FABACEAE","Aspalathus hispida","Thunb.","Fabaceae",1,0,"Perennial",1,0,1,0,0,1,0,0,0,"Sep","Jan",NA,NA,60,0,0,0,1,0,0,0,0,0,0,0,0,0,0,0,0,"leaf",1,0,1,1,0,0,0.415,0,0,"leaf",1,"h","i","p"
"Aspalathus hypnoides","Aspalathus hypnoides","FABACEAE","Aspalathus hypnoides","R.Dahlgren","Fabaceae",1,0,"Perennial",1,0,1,0,0,1,0,0,0,"Sep","Sep",NA,NA,30,0,0,0,1,0,0,0,1,0,0,0,0,0,0,0,0,"leaf",1,0,0,1,0,0,NA,0,0,"leaf",1,"h","i","p"
"Aspalathus hystrix","Aspalathus hystrix","FABACEAE","Aspalathus hystrix","L.f.","Fabaceae",1,0,"Perennial",1,0,1,0,0,1,0,0,0,"Aug","Nov",NA,NA,200,0,0,0,0,1,1,0,0,0,0,0,0,0,0,0,0,"leaf",1,0,0,1,0,0,NA,0,0,"leaf",1,"h","i","p"
"Aspalathus incompta","Aspalathus incompta","FABACEAE","Aspalathus incomta","Thunb.","Fabaceae",1,0,"Perennial",1,0,1,0,0,1,0,0,0,"Aug","Sep",NA,NA,50,0,0,0,1,0,0,0,0,0,0,0,0,0,0,0,0,"leaf",1,0,0,1,0,0,NA,0,0,"leaf",1,"h","i","p"
"Aspalathus inops","Aspalathus inops","FABACEAE","Aspalathus inops","Eckl. & Zeyh.","Fabaceae",1,0,"Perennial",1,0,1,0,0,1,0,0,0,"Oct","Nov",NA,NA,30,0,0,0,1,0,0,0,1,0,0,0,0,0,0,0,0,"leaf",0,1,0,1,0,0,NA,0,0,"leaf",1,"h","i","p"
"Aspalathus kougaensis","Aspalathus kougaensis","FABACEAE","Aspalathus kougaensis","(Garab. ex R.Dahlgren) R.Dahlgren","Fabaceae",1,0,"Perennial",1,0,1,0,0,1,0,0,0,"Aug","Mar",NA,NA,100,0,0,0,1,0,0,0,0,0,0,0,0,0,0,0,0,"leaf",1,0,0,1,0,0,0.667888889,0,0,"leaf",1,"h","i","p"
"Aspalathus lanata","Aspalathus lanata","FABACEAE","Aspalathus lanata","E.Mey.","Fabaceae",1,0,"Perennial",1,0,1,0,0,1,0,1,0,"Oct","Dec",NA,NA,60,0,0,0,0,0,0,0,1,0,0,0,1,0,0,0,0,"leaf",0,1,0,1,0,0,1.72,0,0,"leaf",2,"h","i","p"
"Aspalathus laricifolia","Aspalathus laricifolia","FABACEAE","Aspalathus laricifolia","P.J.Bergius","Fabaceae",1,0,"Perennial",1,0,1,0,0,1,0,0,0,"Sep","Dec",NA,NA,50,0,0,0,1,0,0,0,0,0,0,0,0,0,0,0,0,"leaf",1,0,0,1,0,0,NA,0,0,"leaf",1,"h","i","p"
"Aspalathus linearis","Aspalathus linearis","FABACEAE","Aspalathus linearis","(Burm.f.) R.Dahlgren","Fabaceae",1,0,"Perennial",1,0,1,0,0,1,0,1,0,"Aug","Feb",NA,NA,200,0,0,0,0,0,1,0,0,0,0,0,0,0,0,0,0,"leaf",1,0,0,1,0,0,1.3,0,0,"leaf",2,"h","i","p"
"Aspalathus linguiloba","Aspalathus linguiloba","FABACEAE","Aspalathus linguiloba","R.Dahlgren","Fabaceae",1,0,"Perennial",1,0,1,0,0,1,0,1,0,"Nov","Jan",NA,NA,30,0,0,0,1,0,0,0,0,0,0,0,0,0,0,0,0,"leaf",1,0,0,1,0,0,NA,0,0,"leaf",2,"h","i","p"
"Aspalathus microphylla","Aspalathus microphylla","FABACEAE","Aspalathus microphylla","DC.","Fabaceae",1,0,"Perennial",1,0,1,0,0,1,0,1,0,"Oct","Feb",NA,NA,80,0,0,0,1,0,0,0,0,0,0,0,0,0,0,0,0,"leaf",1,0,0,1,0,0,0.2585,0,0,"leaf",2,"h","i","p"
"Aspalathus opaca","Aspalathus opaca","FABACEAE","Aspalathus opaca","Eckl. & Zeyh.","Fabaceae",1,0,"Perennial",1,0,1,0,0,1,0,0,0,"Jan","Dec",NA,NA,60,0,0,0,1,0,0,0,0,0,0,0,0,0,0,0,0,"leaf",1,0,0,1,0,0,NA,0,0,"leaf",1,"h","i","p"
"Aspalathus pachyloba","Aspalathus pachyloba","FABACEAE","Aspalathus pachyloba","Benth.","Fabaceae",1,0,"Perennial",1,0,1,0,0,1,0,1,0,"Oct","Dec",NA,NA,200,0,0,0,0,0,1,0,0,0,0,0,0,0,0,0,0,"leaf",1,0,1,1,0,0,NA,0,0,"leaf",2,"h","i","p"
"Aspalathus polycephala","Aspalathus polycephala","FABACEAE","Aspalathus polycephala","E.Mey.","Fabaceae",1,0,"Perennial",1,0,1,0,0,1,0,1,0,"Aug","Dec",NA,NA,150,0,0,0,0,1,0,0,0,0,0,0,0,0,0,0,0,"leaf",0,1,0,1,0,0,2.966,0,0,"leaf",2,"h","i","p"
"Aspalathus quinquefolia","Aspalathus quinquefolia","FABACEAE","Aspalathus quinquefolia","L.","Fabaceae",1,0,"Perennial",1,0,1,0,0,1,0,1,0,"Aug","Jan",NA,NA,150,0,0,0,0,1,0,0,0,0,0,0,0,0,0,0,0,"leaf",0,0,1,1,0,0,0.326,0,0,"leaf",2,"h","i","p"
"Aspalathus retroflexa","Aspalathus retroflexa","FABACEAE","Aspalathus retroflexa","L.","Fabaceae",1,0,"Perennial",1,0,1,0,0,1,0,0,0,"Sep","Mar",NA,NA,40,0,0,0,0,0,0,0,1,0,0,0,1,0,0,0,0,"leaf",1,0,0,1,0,0,0.201,0,0,"leaf",1,"h","i","p"
"Aspalathus rubens","Aspalathus rubens","FABACEAE","Aspalathus rubens","Thunb.","Fabaceae",1,0,"Perennial",1,0,1,0,0,1,0,0,0,"Jan","Dec",NA,NA,25,0,0,0,1,0,0,0,1,0,0,0,0,0,0,0,0,"leaf",1,0,0,1,0,0,0.283333333,0,0,"leaf",1,"h","i","p"
"Aspalathus securifolia","Aspalathus securifolia","FABACEAE","Aspalathus securifolia","Eckl. & Zeyh.","Fabaceae",1,0,"Perennial",1,0,1,0,0,1,0,1,0,"Jan","Dec",NA,NA,120,0,0,0,0,1,0,0,0,0,0,0,0,0,0,0,0,"leaf",0,0,1,1,0,0,1.06,0,0,"leaf",2,"h","i","p"
"Aspalathus sericea","Aspalathus sericea","FABACEAE","Aspalathus sericea","P.J.Bergius","Fabaceae",1,0,"Perennial",1,0,1,0,0,1,0,0,0,"Sep","Nov",NA,NA,100,0,0,0,1,0,0,0,0,0,0,0,0,0,0,0,0,"leaf",0,0,1,1,0,0,NA,0,0,"leaf",1,"h","i","p"
"Aspalathus serpens","Aspalathus serpens","FABACEAE","Aspalathus serpens","R.Dahlgren","Fabaceae",1,0,"Perennial",1,0,1,0,0,1,0,0,0,"Sep","Feb",NA,NA,150,0,0,0,0,1,0,0,0,0,0,0,0,0,0,0,0,"leaf",1,0,0,1,0,0,NA,0,0,"leaf",1,"h","i","p"
"Aspalathus setacea","Aspalathus setacea","FABACEAE","Aspalathus setacea","Eckl. & Zeyh.","Fabaceae",1,0,"Perennial",1,0,1,0,0,1,0,0,0,"Jul","Mar",NA,NA,200,0,0,0,0,0,1,0,0,0,0,0,0,0,0,0,0,"leaf",1,0,0,1,0,0,NA,0,0,"leaf",1,"h","i","p"
"Aspalathus spinosa","Aspalathus spinosa","FABACEAE","Aspalathus spinosa","L.","Fabaceae",1,0,"Perennial",1,0,1,0,0,1,0,0,0,"Aug","Mar",NA,NA,200,0,0,0,0,0,1,0,0,0,0,0,0,0,0,0,0,"leaf",1,0,1,1,0,0,NA,0,0,"leaf",1,"h","i","p"
"Aspalathus subtingens","Aspalathus subtingens","FABACEAE","Aspalathus subtingens","Eckl. & Zeyh.","Fabaceae",1,0,"Perennial",1,0,1,0,0,1,0,0,0,"Oct","Mar",NA,NA,200,0,0,0,0,0,1,0,0,0,0,0,0,0,0,0,0,"leaf",1,0,0,1,0,0,0.584,0,0,"leaf",1,"h","i","p"
"Aspalathus triquetra","Aspalathus triquetra","FABACEAE","Aspalathus triquetra","Thunb.","Fabaceae",1,0,"Perennial",1,0,1,0,0,1,0,0,0,"Sep","Jan",NA,NA,150,0,0,0,0,1,0,0,0,0,0,0,0,0,0,0,0,"leaf",1,0,0,1,0,0,0.4,0,0,"leaf",1,"h","i","p"
"Aspalathus verbasciformis","Aspalathus verbasciformis","FABACEAE","Aspalathus verbasciformis","R.Dahlgren","Fabaceae",1,0,"Perennial",1,0,1,0,0,1,0,0,0,"Oct","Oct",NA,NA,250,0,0,0,0,0,1,0,0,0,0,0,0,0,0,0,0,"leaf",1,0,0,1,0,0,NA,0,0,"leaf",1,"h","i","p"
"Aspalathus villosa","Aspalathus villosa","FABACEAE","Aspalathus villosa","Thunb.","Fabaceae",1,0,"Perennial",1,0,1,0,0,1,0,0,0,"Oct","Dec",NA,NA,40,0,0,0,1,0,0,0,0,0,0,0,0,0,0,0,0,"leaf",0,1,0,1,0,0,NA,0,0,"leaf",1,"h","i","p"
"Aspalathus vulnerans","Aspalathus vulnerans","FABACEAE","Aspalathus vulnerans","Thunb.","Fabaceae",1,0,"Perennial",1,0,1,0,0,1,0,0,0,"Sep","Dec",NA,NA,300,0,0,0,0,0,0,0,0,0,0,0,0,0,0,0,0,"leaf",1,0,0,1,0,0,1.08,0,0,"leaf",1,"h","i","p"
"Aspalathus wittebergensis","Aspalathus wittebergensis","FABACEAE","Aspalathus wittebergensis","Compton & P.E.Barnes","Fabaceae",1,0,"Perennial",1,0,1,0,0,1,0,0,0,"Aug","Jan",NA,NA,50,0,0,0,1,0,0,0,0,0,0,0,0,0,0,0,0,"leaf",1,0,0,1,0,0,NA,0,0,"leaf",1,"h","i","p"
"Asparagus aethiopicus","Asparagus aethiopicus","ASPARAGACEAE","Asparagus aethiopicus","L.","Asparagaceae",1,0,"Perennial",1,0,1,0,0,0,0,1,0,"Jan","Jun",NA,NA,300,0,0,0,0,0,0,0,0,1,0,0,1,0,0,0,0,"cladode",1,0,0,0,0,0,NA,0,0,"mixed",3,"m","i","m"
"Asparagus africanus","Asparagus africanus","ASPARAGACEAE","Asparagus africanus","Lam.","Asparagaceae",1,0,"Perennial",1,0,1,0,0,0,0,1,0,"Aug","Dec",NA,NA,100,0,0,0,1,0,0,0,0,1,0,0,0,0,0,0,0,"cladode",1,0,0,0,0,0,0.566666667,0,0,"mixed",3,"m","i","m"
"Asparagus burchellii","Asparagus burchellii","ASPARAGACEAE","Asparagus burchellii","Baker","Asparagaceae",1,0,"Perennial",1,0,1,0,0,0,0,1,0,"Feb","May",NA,NA,150,0,0,0,0,1,0,0,0,0,0,0,0,0,0,0,0,"cladode",1,0,0,0,0,0,1.393333333,0,0,"mixed",3,"m","i","m"
"Asparagus capensis","Asparagus capensis","ASPARAGACEAE","Asparagus capensis","L.","Asparagaceae",1,0,"Perennial",1,0,1,0,0,0,0,1,0,"Apr","Aug",NA,NA,100,0,0,0,1,0,0,0,0,0,0,0,0,0,0,0,0,"cladode",1,0,0,0,0,0,1.08,0,0,"mixed",3,"m","i","m"
"Asparagus crassicladus","Asparagus crassicladus","ASPARAGACEAE","Asparagus crassicladus","Jessop","Asparagaceae",1,0,"Perennial",1,0,1,0,0,0,0,1,0,"Nov","Dec",NA,NA,200,0,0,0,0,0,1,0,0,0,0,0,0,0,0,0,0,"cladode",1,0,0,0,0,0,NA,0,0,"mixed",3,"m","i","m"
"Asparagus declinatus","Asparagus declinatus","ASPARAGACEAE","Asparagus declinatus","L.","Asparagaceae",1,0,"Perennial",1,0,1,0,0,0,0,1,0,"Jun","Oct",NA,NA,100,0,0,0,0,0,0,0,1,0,0,0,1,0,0,0,0,"cladode",1,0,0,0,0,0,NA,0,0,"mixed",3,"m","i","m"
"Asparagus kraussianus","Asparagus kraussianus","ASPARAGACEAE","Asparagus krausianus","J.F.Macbr.","Asparagaceae",1,0,"Perennial",1,0,1,0,0,0,0,1,0,"Sep","Oct",NA,NA,100,0,0,0,1,0,0,0,0,0,0,0,0,0,0,0,0,"cladode",0,1,0,0,0,0,NA,0,0,"mixed",3,"m","i","m"
"Asparagus lignosus","Asparagus lignosus","ASPARAGACEAE","Asparagus lignosus","Burm.f.","Asparagaceae",1,0,"Perennial",1,0,1,0,0,0,0,1,0,"Oct","May",NA,NA,80,0,0,0,1,0,0,0,0,0,0,0,0,0,0,0,0,"cladode",1,0,0,0,0,0,1.30875,0,0,"mixed",3,"m","i","m"
"Asparagus mucronatus","Asparagus mucronatus","ASPARAGACEAE","Asparagus mucronatus","Jessop","Asparagaceae",1,0,"Perennial",1,0,1,0,0,0,0,1,0,"Oct","Dec",NA,NA,100,0,0,0,1,0,0,0,0,0,0,0,0,0,0,0,0,"cladode",1,0,0,0,0,0,NA,0,0,"mixed",3,"m","i","m"
"Asparagus retrofractus","Asparagus retrofractus","ASPARAGACEAE","Asparagus retrofractus","L.","Asparagaceae",1,0,"Perennial",1,0,1,0,0,0,0,1,0,"Apr","Jun",NA,NA,300,0,0,0,0,0,1,0,1,0,0,0,0,0,0,0,0,"cladode",1,0,0,0,0,0,2.696,0,0,"mixed",3,"m","i","m"
"Asparagus rubicundus","Asparagus rubicundus","ASPARAGACEAE","Asparagus rubicundus","P.J.Bergius","Asparagaceae",1,0,"Perennial",1,0,1,0,0,0,0,1,0,"Mar","Jun",NA,NA,150,0,0,0,0,1,0,0,0,0,0,0,0,0,0,0,0,"cladode",1,0,0,0,0,0,0.862307692,0,0,"mixed",3,"m","i","m"
"Asparagus scandens","Asparagus scandens","ASPARAGACEAE","Asparagus scandens","Thunb.","Asparagaceae",1,0,"Perennial",1,0,1,0,0,0,0,1,0,"Sep","Jan",NA,NA,200,0,0,0,0,0,1,0,0,0,0,0,0,0,0,0,0,"cladode",1,0,0,0,0,0,NA,0,0,"mixed",3,"m","i","m"
"Asparagus striatus","Asparagus striatus","ASPARAGACEAE","Asparagus striatus","(L.f.) Thunb.","Asparagaceae",1,0,"Perennial",1,0,1,0,0,0,0,1,0,"Aug","Jan",NA,NA,60,0,0,0,1,0,0,0,0,0,0,0,0,0,0,0,0,"cladode",1,0,0,0,0,0,2.083333333,0,0,"mixed",3,"m","i","m"
"Asparagus suaveolens","Asparagus suaveolens","ASPARAGACEAE","Asparagus suaveolens","Burch.","Asparagaceae",1,0,"Perennial",1,0,1,0,0,0,0,1,0,"Apr","Sep",NA,NA,100,0,0,0,1,0,0,0,0,0,0,0,0,0,0,0,0,"cladode",1,0,0,0,0,0,NA,0,0,"mixed",3,"m","i","m"
"Asparagus subulatus","Asparagus subulatus","ASPARAGACEAE","Asparagus subulatus","Thunb.","Asparagaceae",1,0,"Perennial",1,0,1,0,0,0,0,1,0,"Sep","Dec",NA,NA,200,0,0,0,0,0,1,0,0,0,0,0,0,0,0,0,0,"cladode",1,0,0,0,0,0,NA,0,0,"mixed",3,"m","i","m"
"Asplenium cordatum","Ceterach cordatum","ASPLENIACEAE","Asplenium cordatum","Sw.","Aspleniaceae",1,0,"Perennial",1,0,1,0,0,0,0,0,0,NA,NA,NA,NA,15,1,0,0,0,0,0,0,0,0,0,0,0,0,0,0,0,"frond",1,0,0,1,0,1,NA,0,0,"leaf",2,"m","w","w"
"Atalaya capensis","Atalaya capensis","SAPINDACEAE","Atalaya capensis","R.A.Dyer","Sapindaceae",1,0,"Perennial",1,0,1,0,0,0,0,0,0,"Dec","Jan",NA,NA,600,0,0,0,0,0,0,1,0,0,0,0,0,0,0,0,0,"leaf",0,1,0,1,0,0,NA,0,0,"leaf",3,"m","i","w"
"Athanasia bremeri","Athanasia bremeri","ASTERACEAE","Athanasia bremeri","Källersjö","Asteraceae",1,0,"Perennial",1,0,1,0,0,0,0,0,0,"Sep","Feb",NA,NA,60,0,0,0,1,0,0,0,0,0,0,0,0,0,0,0,0,"leaf",1,0,0,0,0,0,NA,0,0,"leaf",2,"h","i","w"
"Athanasia calophylla","Athanasia calophylla","ASTERACEAE","Athanasia calophylla","Källersjö","Asteraceae",1,0,"Perennial",1,0,1,0,0,0,0,0,0,"Dec","Dec",NA,NA,100,0,0,0,1,0,0,0,0,0,0,0,0,0,0,0,0,"leaf",0,0,1,0,1,0,NA,0,0,"leaf",2,"h","i","w"
"Athanasia flexuosa","Athanasia flexuosa","ASTERACEAE","Athanasia flexuosa","Thunb.","Asteraceae",1,0,"Perennial",1,0,1,0,0,0,0,0,0,"Sep","Nov",NA,NA,200,0,0,0,0,0,1,0,0,0,0,0,0,0,0,0,0,"leaf",1,0,0,0,0,0,0.92,0,0,"leaf",2,"h","i","w"
"Athanasia linifolia","Athanasia linifolia","ASTERACEAE","Athanasia linifolia","Burm.f.","Asteraceae",1,0,"Perennial",1,0,1,0,0,0,0,0,0,"Aug","Feb",NA,NA,150,0,0,0,0,1,0,0,0,0,0,0,0,0,0,0,0,"leaf",1,0,0,0,0,0,3.016666667,0,0,"leaf",2,"h","i","w"
"Athanasia microphylla","Athanasia microphylla","ASTERACEAE","Athanasia microphylla","DC.","Asteraceae",1,0,"Perennial",1,0,1,0,0,0,0,1,0,"Mar","Apr",NA,NA,60,0,0,0,1,0,0,0,0,0,0,0,0,0,0,0,0,"leaf",1,0,0,0,0,0,0.416,0,0,"leaf",2,"h","i","w"
"Athanasia pinnata","Athanasia pinnata","ASTERACEAE","Athanasia pinnata","L.f.","Asteraceae",1,0,"Perennial",1,0,1,0,0,0,0,0,0,"Oct","Dec",NA,NA,200,0,0,0,0,0,1,0,0,0,0,0,0,0,0,0,0,"leaf",1,0,0,0,1,1,2.1,0,0,"leaf",2,"h","i","w"
"Athanasia tomentosa","Athanasia tomentosa","ASTERACEAE","Athanasia tomentosa","Thunb.","Asteraceae",1,0,"Perennial",1,0,1,0,0,0,0,0,0,"Nov","Dec",NA,NA,200,0,0,0,0,0,1,0,0,0,0,0,0,0,0,0,0,"leaf",0,1,0,0,0,0,NA,0,0,"leaf",2,"h","i","w"
"Athanasia trifurcata","Athanasia trifurcata","ASTERACEAE","Athanasia trifurcata","(L.) L.","Asteraceae",1,0,"Perennial",1,0,1,0,0,0,0,0,0,"Oct","Nov",NA,NA,150,0,0,0,0,1,0,0,0,0,0,0,0,0,0,0,0,"leaf",0,0,1,0,1,0,1.56,0,0,"leaf",1,"h","i","w"
"Athrixia heterophylla","Athrixia heterophylla","ASTERACEAE","Athrixia heterophylla","(Thunb.) Less.","Asteraceae",1,0,"Perennial",1,0,1,0,0,0,0,1,0,"Aug","Dec",NA,NA,45,0,0,0,1,0,0,0,0,0,0,0,0,0,0,0,0,"leaf",1,0,1,0,0,0,1.299090909,0,0,"leaf",3,"m","i","w"
"Aulax cancellata","Aulax cancellata","PROTEACEAE","Aulax cancellata","Druce","Proteaceae",1,0,"Perennial",0,1,1,0,0,0,0,0,1,"Nov","Feb",NA,NA,250,0,0,0,0,0,1,0,0,0,0,0,0,0,0,0,0,"leaf",1,0,0,0,0,0,NA,0,0,"leaf",2,"h","i","w"
"Aulax pallasia","Aulax pallasia","PROTEACEAE","Aulax pallasia","Stapf","Proteaceae",1,0,"Perennial",0,1,1,0,0,0,0,1,1,"Jan","Apr",NA,NA,200,0,0,0,0,0,1,0,0,0,0,0,0,0,0,0,0,"leaf",1,0,0,0,0,0,NA,0,0,"leaf",3,"h","i","w"
"Aulax umbellata","Aulax umbellata","PROTEACEAE","Aulax umbellata","R.Br.","Proteaceae",1,0,"Perennial",0,1,1,0,0,0,0,0,1,"Nov","Feb",NA,NA,250,0,0,0,0,0,1,0,0,0,0,0,0,0,0,0,0,"leaf",0,1,0,0,0,0,6,0,0,"leaf",2,"h","i","w"
"Azima tetracantha","Azima tetracantha","SALVADORACEAE","Azima tetracantha","Lam.","Salvadoraceae",1,0,"Perennial",1,0,1,0,0,0,0,1,0,"Oct","Feb",NA,NA,900,0,0,0,0,0,1,0,1,0,0,0,0,0,0,0,0,"leaf",0,0,1,0,0,0,2.7,0,0,"leaf",3,"m","i","m"
"Babiana ambigua","Babiana ambigua","IRIDACEAE","Babiana ambigua","(Roem. & Schult.) G.J.Lewis","Iridaceae",1,0,"Perennial",1,0,1,0,0,1,0,1,0,"Aug","Sep",NA,NA,8,0,1,0,0,0,0,0,0,0,0,0,0,0,0,0,0,"leaf",1,0,0,0,0,0,NA,0,0,"leaf",2,"l","i","w"
"Babiana sambucina","Babiana sambucina","IRIDACEAE","Babiana sambucina","(Jacq.) Ker Gawl.","Iridaceae",1,0,"Perennial",1,0,1,0,0,1,0,1,0,"Jul","Sep",NA,NA,14,0,1,0,0,0,0,0,0,0,0,0,0,0,0,0,0,"leaf",0,1,0,0,0,0,11.88333333,0,0,"leaf",2,"l","i","w"
"Babiana villosula","Babiana villosula","IRIDACEAE","Babiana villosula","(J.F.Gmel.) Ker Gawl. ex Steud.","Iridaceae",1,0,"Perennial",1,0,1,0,0,1,0,1,0,"May","Jul",NA,NA,8,0,1,0,0,0,0,0,0,0,0,0,0,0,0,0,0,"leaf",0,1,0,0,0,0,NA,0,0,"leaf",2,"l","i","w"
"Barleria obtusa","Barleria obtusa","ACANTHACEAE","Barleria obtusa","Nees","Acanthaceae",1,0,"Perennial",1,0,1,0,0,0,0,0,0,"Feb","Dec",NA,NA,200,0,0,0,0,0,1,0,0,0,0,0,0,0,0,0,0,"leaf",0,0,1,0,0,0,1.666666667,0,0,"leaf",2,"m","i","w"
"Berkheya barbata","Berkheya barbata","ASTERACEAE","Berkheya barbata","(L.f.) Hutch.","Asteraceae",1,0,"Perennial",1,0,1,0,0,0,0,1,0,"Aug","Nov",NA,NA,60,0,0,0,1,0,0,0,0,0,0,0,0,0,0,0,0,"leaf",0,0,1,0,0,0,2.87,0,0,"leaf",2,"m","i","w"
"Berkheya cruciata","Berkheya cruciata","ASTERACEAE","Berkheya cruciata","Willd.","Asteraceae",1,0,"Perennial",1,0,1,0,0,0,0,0,0,"Nov","Feb",NA,NA,100,0,0,0,1,0,0,0,0,0,0,0,0,0,0,0,0,"leaf",0,0,1,0,1,0,NA,0,0,"leaf",1,"m","i","w"
"Berzelia abrotanoides","Berzelia abrotanoides","BRUNIACEAE","Berzelia abrotanoides","(L.) Brongn.","Bruniaceae",1,0,"Perennial",1,0,1,0,0,0,0,1,0,"Aug","Oct",NA,NA,150,0,0,0,0,1,0,0,0,0,0,0,0,0,0,0,0,"leaf",0,1,0,0,0,0,0.3298,0,0,"leaf",2,"h","i","w"
"Berzelia albiflora","Brunia albiflora","BRUNIACEAE","Berzelia albiflora","(E.Phillips) Class.-Bockh. & E.G.H.Oliv.","Bruniaceae",1,0,"Perennial",1,0,1,0,0,0,0,0,0,"Feb","Apr",NA,NA,300,0,0,0,0,1,1,0,0,0,0,0,0,0,0,0,0,"leaf",1,0,0,0,0,0,1.036,0,0,"leaf",2,"h","i","w"
"Berzelia alopecuroides","Brunia alopecuroides","BRUNIACEAE","Berzelia alopecuroides","(Thunb.) Sond.","Bruniaceae",1,0,"Perennial",1,0,1,0,0,0,0,0,0,"Sep","Dec",NA,NA,100,0,0,0,1,0,0,0,0,0,0,0,0,0,0,0,0,"leaf",0,1,0,0,0,0,NA,0,0,"leaf",2,"h","i","w"
"Berzelia burchellii","Berzelia burchellii","BRUNIACEAE","Berzelia burchellii","Dümmer","Bruniaceae",1,0,"Perennial",1,0,1,0,0,0,0,1,1,"Oct","Nov",NA,NA,150,0,0,0,0,1,0,0,0,0,0,0,0,0,0,0,0,"leaf",1,0,0,0,0,0,NA,0,0,"leaf",2,"h","i","w"
"Berzelia dregeana","Berzelia dregeana","BRUNIACEAE","Berzelia dregeana","Colozza","Bruniaceae",1,0,"Perennial",1,0,1,0,0,0,0,1,1,"Aug","Sep",NA,NA,150,0,0,0,0,1,0,0,0,0,0,0,0,0,0,0,0,"leaf",1,0,0,0,0,0,NA,0,0,"leaf",2,"h","i","w"
"Berzelia ecklonii","Berzelia ecklonii","BRUNIACEAE","Berzelia ecklonii","Pillans","Bruniaceae",1,0,"Perennial",1,0,1,0,0,0,0,0,0,"Sep","Nov",NA,NA,150,0,0,0,0,1,0,0,0,0,0,0,0,0,0,0,0,"leaf",1,0,0,0,0,0,NA,0,0,"leaf",2,"h","i","w"
"Berzelia galpinii","Berzelia galpinii","BRUNIACEAE","Berzelia galpinii","Pillans","Bruniaceae",1,0,"Perennial",1,0,1,0,0,0,0,1,0,"Sep","Oct",NA,NA,150,0,0,0,0,1,0,0,0,0,0,0,0,0,0,0,0,"leaf",1,0,0,0,0,0,0.942,0,0,"leaf",2,"h","i","w"
"Berzelia intermedia","Berzelia intermedia","BRUNIACEAE","Berzelia intermedia","Schltdl.","Bruniaceae",1,0,"Perennial",1,0,1,0,0,0,0,1,0,"Nov","Feb",NA,NA,150,0,0,0,0,1,0,0,0,0,0,0,0,0,0,0,0,"leaf",1,0,0,0,0,0,NA,0,0,"leaf",2,"h","i","w"
"Berzelia lanuginosa","Berzelia lanuginosa","BRUNIACEAE","Berzelia lanuginosa","(L.) Brongn.","Bruniaceae",1,0,"Perennial",1,0,1,0,0,0,0,0,0,"Sep","Dec",NA,NA,200,0,0,0,0,1,1,0,0,0,0,0,0,0,0,0,0,"leaf",1,0,0,0,0,0,0.417108108,0,0,"leaf",2,"h","i","w"
"Berzelia stokoei","Brunia stokoei","BRUNIACEAE","Berzelia stokoei","(E.Phillips) A.V.Hall","Bruniaceae",1,0,"Perennial",1,0,1,0,0,0,0,0,0,"Feb","Mar",NA,NA,300,0,0,0,0,1,1,0,0,0,0,0,0,0,0,0,0,"leaf",1,0,0,0,0,0,0.765,0,0,"leaf",2,"h","i","w"
"Blechnum capense","Blechnum capense","BLECHNACEAE","Blechnum capense","(L.) Schltdl.","Blechnaceae",1,0,"Perennial",1,0,1,0,0,0,0,1,0,NA,NA,NA,NA,100,1,0,0,0,0,0,0,0,0,0,0,0,0,0,0,0,"frond",1,0,0,0,0,1,NA,0,0,"leaf",3,"m","w","w"
"Blechnum punctulatum","Blechnum punctulatum","BLECHNACEAE","Blechnum punctulatum","Sw.","Blechnaceae",1,0,"Perennial",1,0,1,0,0,0,0,1,0,NA,NA,NA,NA,150,1,0,0,0,0,0,0,0,0,0,0,0,0,0,0,0,"frond",1,0,1,1,0,1,NA,0,0,"leaf",3,"m","w","w"
"Blechnum tabulare","Blechnum tabulare","BLECHNACEAE","Lomariocycas tabularis","(Thunb.) Gasper & A.R.Sm.","Blechnaceae",1,0,"Perennial",1,0,1,0,0,0,0,1,0,NA,NA,NA,NA,150,1,0,0,0,0,0,0,0,0,0,0,0,0,0,0,0,"frond",0,0,1,1,0,1,10.8,0,0,"leaf",3,"m","w","w"
"Blepharis capensis","Blepharis capensis","ACANTHACEAE","Blepharis capensis","(L.f.) Pers.","Acanthaceae",1,0,"Perennial",1,0,1,0,0,0,0,1,0,"Dec","Apr",NA,NA,150,0,0,0,1,0,0,0,0,0,0,0,0,0,0,0,0,"leaf",0,1,0,0,0,0,1.65,0,0,"leaf",2,"l","i","m"
"Bobartia filiformis","Bobartia filiformis","IRIDACEAE","Bobartia filiformis","(L.f.) Ker Gawl.","Iridaceae",1,0,"Perennial",1,0,1,0,0,1,1,1,0,"Sep","Dec",NA,NA,55,1,0,0,0,0,0,0,0,0,0,0,0,0,0,0,0,"leaf",1,0,0,0,0,0,NA,0,0,"culm_stem",2,"h","i","w"
"Bobartia gladiata","Bobartia gladiata","IRIDACEAE","Bobartia gladiata","(L.f.) Ker Gawl.","Iridaceae",1,0,"Perennial",1,0,1,0,0,0,0,1,0,"Sep","Dec",NA,NA,80,1,0,0,0,0,0,0,0,0,0,0,0,0,0,0,0,"leaf",1,0,0,0,0,0,27.57272727,0,0,"leaf",2,"m","i","w"
"Bobartia indica","Bobartia indica","IRIDACEAE","Bobartia indica","L.","Iridaceae",1,0,"Perennial",1,0,1,0,0,1,0,1,0,"Oct","Mar",NA,NA,100,1,0,0,0,0,0,0,0,0,0,0,0,0,0,0,0,"leaf",1,0,0,0,0,0,79.11764706,0,0,"mixed",2,"h","i","w"
"Bobartia macrocarpa","Bobartia macrocarpa","IRIDACEAE","Bobartia macrocarpa","Strid","Iridaceae",1,0,"Perennial",1,0,1,0,0,1,0,1,0,"Aug","Feb",NA,NA,100,1,0,0,0,0,0,0,0,0,0,0,0,0,0,0,0,"leaf",1,0,0,0,0,0,NA,0,0,"culm_stem",2,"h","i","w"
"Bobartia macrospatha","Bobartia macrospatha","IRIDACEAE","Bobartia macrospatha","Baker","Iridaceae",1,0,"Perennial",1,0,1,0,0,1,0,1,0,"Aug","Nov",NA,NA,110,1,0,0,0,0,0,0,0,0,0,0,0,0,0,0,0,"leaf",1,0,0,0,0,0,106.66,0,0,"culm_stem",2,"h","i","w"
"Bobartia orientalis","Bobartia orientalis","IRIDACEAE","Bobartia orientalis","J.B.Gillett","Iridaceae",1,0,"Perennial",1,0,1,0,0,1,0,1,0,"Aug","Nov",NA,NA,130,1,0,0,0,0,0,0,0,0,0,0,0,0,0,0,0,"leaf",1,0,0,0,0,0,NA,0,0,"culm_stem",2,"h","i","w"
"Bobartia parva","Bobartia parva","IRIDACEAE","Bobartia parva","J.B.Gillett","Iridaceae",1,0,"Perennial",1,0,1,0,0,1,0,1,0,"Nov","Feb",NA,NA,40,1,0,0,0,0,0,0,0,0,0,0,0,0,0,0,0,"leaf",1,0,0,0,0,0,NA,0,0,"culm_stem",2,"h","i","w"
"Bobartia rufa","Bobartia rufa","IRIDACEAE","Bobartia rufa","Strid","Iridaceae",1,0,"Perennial",1,0,1,0,0,1,0,1,0,"Sep","Nov",NA,NA,50,1,0,0,0,0,0,0,0,0,0,0,0,0,0,0,0,"leaf",1,0,0,0,0,0,91.78,0,0,"culm_stem",2,"h","i","w"
"Bolusafra bituminosa","Bolusafra bituminosa","FABACEAE","Bolusafra bituminosa","(L.) Kuntze","Fabaceae",1,0,"Perennial",1,0,1,0,0,0,0,0,0,"Aug","Jan",NA,NA,250,0,0,0,0,0,1,0,0,0,0,0,0,0,0,0,0,"leaf",0,0,1,1,0,0,2.383333333,0,0,"leaf",2,"m","i","p"
"Boophone disticha","Boophone disticha","AMARYLLIDACEAE","Boophone disticha","Herb.","Amaryllidaceae",1,0,"Perennial",1,0,0,1,0,0,0,1,0,"Sep","Mar",NA,NA,25,0,1,0,0,0,0,0,0,0,0,0,0,0,0,1,0,"leaf",1,0,0,0,0,0,NA,0,0,"leaf",3,"l","m","w"
"Boscia oleoides","Boscia oleoides","CAPPARACEAE","Boscia oleoides","(Burch. ex DC.) Toelken","Capparaceae",1,0,"Perennial",1,0,1,0,0,0,0,1,0,"Aug","Jan",NA,NA,400,0,0,0,0,0,0,1,0,0,0,0,0,0,0,0,0,"leaf",0,0,1,0,0,0,3.866666667,0,0,"leaf",3,"l","i","m"
"Brabejum stellatifolium","Brabejum stellatifolium","PROTEACEAE","Brabejum stellatifolium","L.","Proteaceae",1,0,"Perennial",1,0,1,0,0,0,0,1,0,"Dec","Jan",NA,NA,800,0,0,0,0,0,0,1,0,0,0,0,0,0,0,0,0,"leaf",0,1,0,0,1,0,13.86,0,0,"leaf",3,"h","i","p"
"Brachiaria serrata","Brachiaria serrata","POACEAE","Urochloa serrata","(Thunb.) Sosef","Poaceae",1,0,"Perennial",1,0,1,0,0,0,0,1,0,"Oct","May",NA,NA,75,0,0,1,0,0,0,0,0,0,0,0,0,0,0,0,0,"leaf",1,1,0,0,0,0,2.531666667,0,0,"mixed",2,"l","w","w"
"Brachylaena neriifolia","Brachylaena neriifolia","ASTERACEAE","Brachylaena neriifolia","R.Br.","Asteraceae",1,0,"Perennial",1,0,1,0,0,0,0,1,0,"Jan","Mar",NA,NA,800,0,0,0,0,0,1,1,0,0,0,0,0,0,0,0,0,"leaf",0,1,0,0,0,0,8.16,0,0,"leaf",3,"h","i","w"
"Brunia fragarioides","Nebelia fragarioides","BRUNIACEAE","Brunia fragarioides","Willd.","Bruniaceae",1,0,"Perennial",1,0,1,0,0,0,0,1,0,"Mar","Sep",NA,NA,150,0,0,0,0,1,0,0,0,0,0,0,0,0,0,0,0,"leaf",1,0,0,0,0,0,0.35,0,0,"leaf",3,"h","i","w"
"Brunia laevis","Brunia laevis","BRUNIACEAE","Brunia laevis","Thunb.","Bruniaceae",1,0,"Perennial",1,0,1,0,0,0,0,1,0,"Dec","Feb",NA,NA,150,0,0,0,0,1,0,0,0,0,0,0,0,0,0,0,0,"leaf",0,0,1,0,0,0,0.48,0,0,"leaf",3,"h","i","w"
"Brunia microphylla","Raspalia microphylla","BRUNIACEAE","Brunia microphylla","Thunb.","Bruniaceae",1,0,"Perennial",1,0,1,0,0,0,0,1,0,"Oct","Jan",NA,NA,50,0,0,0,1,0,0,0,0,0,0,0,0,0,0,0,0,"leaf",0,1,0,0,0,0,NA,0,0,"leaf",3,"h","u","u"
"Brunia noduliflora","Brunia nodiflora","BRUNIACEAE","Brunia noduliflora","Goldblatt & J.C.Manning","Bruniaceae",1,0,"Perennial",1,0,1,0,0,0,0,1,0,"Mar","Jun",NA,NA,150,0,0,0,0,1,0,0,0,0,0,0,0,0,0,0,0,"leaf",0,1,0,0,0,0,0.254545455,0,0,"leaf",3,"h","i","w"
"Brunia paleacea","Nebelia paleacea","BRUNIACEAE","Brunia paleacea","P.J.Bergius","Bruniaceae",1,0,"Perennial",1,0,1,0,0,0,0,1,0,"Oct","Apr",NA,NA,150,0,0,0,0,1,0,0,0,0,0,0,0,0,0,0,0,"leaf",1,0,0,0,0,0,0.24,0,0,"leaf",3,"h","i","w"
"Brunia virgata","Raspalia virgata","BRUNIACEAE","Brunia virgata","Brongn.","Bruniaceae",1,0,"Perennial",1,0,1,0,0,0,0,0,0,"Aug","Oct",NA,NA,100,0,0,0,1,0,0,0,0,0,0,0,0,0,0,0,0,"leaf",0,1,0,0,0,0,NA,0,0,"leaf",2,"h","u","u"
"Buddleja saligna","Buddleja saligna","BUDDLEJACEAE","Buddleja saligna","Willd.","Scrophulariaceae",1,0,"Perennial",1,0,1,0,0,0,0,0,0,"Aug","Jan",NA,NA,700,0,0,0,0,0,0,1,0,0,0,0,0,0,0,0,0,"leaf",0,1,0,0,0,0,NA,0,0,"leaf",3,"h","i","w"
"Bulbine abyssinica","Bulbine abyssinica","ASPHODELACEAE","Bulbine abyssinica","A.Rich.","Asphodelaceae",1,0,"Perennial",1,0,1,0,0,0,0,1,0,"Aug","Nov",NA,NA,60,0,1,0,0,0,0,0,0,0,0,0,0,1,1,1,0,"leaf",1,0,0,0,0,0,30.0875,0,0,"leaf",2,"l","i","w"
"Bulbine alooides","Bulbine alooides","ASPHODELACEAE","Bulbine alooides","Willd.","Asphodelaceae",1,0,"Perennial",1,0,1,0,0,0,0,1,0,"Mar","May",NA,NA,40,0,1,0,0,0,0,0,0,0,0,0,0,1,1,1,0,"leaf",0,1,0,0,0,0,23.1,0,0,"leaf",2,"l","i","w"
"Bulbine cepacea","Bulbine cepacea","ASPHODELACEAE","Bulbine cepacea","(Burm.f.) Wijnands","Asphodelaceae",1,0,"Perennial",1,0,1,0,0,0,0,1,0,"Mar","May",NA,NA,40,0,1,0,0,0,0,0,0,0,0,0,0,1,1,1,0,"leaf",0,1,0,0,0,0,NA,0,0,"leaf",2,"l","i","w"
"Bulbine frutescens","Bulbine frutescens","ASPHODELACEAE","Bulbine frutescens","Willd.","Asphodelaceae",1,0,"Perennial",1,0,1,0,0,0,0,1,0,"Sep","Apr",NA,NA,60,0,0,0,1,0,0,0,0,0,0,0,0,1,1,1,0,"leaf",1,0,0,0,0,0,NA,0,0,"leaf",2,"l","i","w"
"Bulbine lagopus","Bulbine lagopus","ASPHODELACEAE","Bulbine lagopus","(Thunb.) N.E.Br.","Asphodelaceae",1,0,"Perennial",1,0,1,0,0,0,0,1,0,"Jul","Dec",NA,NA,40,0,1,0,0,0,0,0,0,0,0,0,0,1,1,1,0,"leaf",1,0,0,0,0,0,NA,0,0,"leaf",2,"l","i","w"
"Bulbine latifolia","Bulbine latifolia","ASPHODELACEAE","Bulbine latifolia","Spreng.","Asphodelaceae",1,0,"Perennial",1,0,1,0,0,0,0,1,0,"Aug","Nov",NA,NA,60,0,1,0,0,0,0,0,0,0,0,0,0,1,1,1,0,"leaf",0,1,0,0,0,0,21.12,0,0,"leaf",2,"l","i","w"
"Cadaba aphylla","Cadaba aphylla","CAPPARACEAE","Cadaba aphylla","(Thunb.) Wild","Capparaceae",1,0,"Perennial",1,0,1,0,0,0,0,0,0,"Aug","Apr",NA,NA,200,0,0,0,0,0,1,0,0,0,0,0,0,1,0,1,0,"leaf",0,0,0,0,0,0,10.7,1,1,"culm_stem",3,"l","i","u"
"Caesia contorta","Caesia contorta","HEMEROCALLIDACEAE","Caesia contorta","(L.f.) T.Durand & Schinz","Asphodelaceae",1,0,"Perennial",1,0,1,0,0,1,0,1,0,"Nov","Mar",NA,NA,30,0,1,0,0,0,0,0,0,0,0,0,0,0,0,0,0,"leaf",1,0,0,0,0,0,NA,0,0,"leaf",2,"l","i","p"
"Calobota cytisoides","Lebeckia cytisoides","FABACEAE","Calobota cytisoides","(P.J.Bergius) Eckl. & Zeyh.","Fabaceae",1,0,"Perennial",1,0,1,0,0,0,0,1,0,"Jul","Mar",NA,NA,200,0,0,0,0,0,1,1,0,0,0,0,0,0,0,0,0,"leaf",0,0,1,1,0,0,3.06,0,0,"leaf",2,"h","i","p"
"Campylostachys cernua","Campylostachys cernua","STILBACEAE","Campylostachys cernua","(L.f.) Kunth","Stilbaceae",1,0,"Perennial",1,0,1,0,0,0,0,1,0,"Nov","Mar",NA,NA,80,0,0,0,1,0,0,0,0,0,0,0,0,0,0,0,0,"leaf",0,1,0,0,0,0,1.34,0,0,"leaf",2,"l","i","p"
"Cannomois grandis","Cannomois grandis","RESTIONACEAE","Cannomois grandis","H.P.Linder","Restionaceae",1,0,"Perennial",0,1,1,0,0,0,0,0,0,"Oct","Dec",NA,NA,400,0,0,1,0,0,0,0,0,0,0,0,0,0,0,0,0,"leaf",0,0,0,0,0,0,NA,1,1,"culm_stem",2,"h","w","i"
"Cannomois parviflora","Cannomois parviflora","RESTIONACEAE","Cannomois parviflora","Pillans","Restionaceae",1,0,"Perennial",0,1,1,0,0,0,0,1,0,"Aug","Aug",NA,NA,100,0,0,1,0,0,0,0,0,0,0,0,0,0,0,0,0,"leaf",0,0,0,0,0,0,61.44,1,1,"culm_stem",2,"h","w","i"
"Cannomois schlechteri","Cannomois taylorii","RESTIONACEAE","Cannomois parviflora","Pillans","Restionaceae",1,0,"Perennial",0,1,1,0,0,0,0,0,0,"Jun","Aug",NA,NA,200,0,0,1,0,0,0,0,0,0,0,0,0,0,0,0,0,"leaf",0,0,0,0,0,0,138.26,1,1,"culm_stem",2,"h","w","i"
"Cannomois scirpoides","Cannomois scirpoides","RESTIONACEAE","Cannomois scirpoides","Hochst.","Restionaceae",1,0,"Perennial",0,1,1,0,0,0,0,1,0,"Mar","Jun",NA,NA,100,0,0,1,0,0,0,0,0,0,0,0,0,0,0,0,0,"leaf",0,0,0,0,0,0,82.06666667,1,1,"culm_stem",2,"h","w","i"
"Cannomois virgata","Cannomois virgata","RESTIONACEAE","Cannomois virgata","(Rottb.) Steud.","Restionaceae",1,0,"Perennial",0,1,1,0,0,0,0,1,0,"Oct","Jan",NA,NA,300,0,0,1,0,0,0,0,0,0,0,0,0,0,0,0,0,"leaf",0,0,0,0,0,0,35.76923077,1,1,"culm_stem",2,"h","w","i"
"Capelio tabularis","Alciope tabularis","ASTERACEAE","Capelio tabularis","(Thunb.) B.Nord.","Asteraceae",1,0,"Perennial",1,0,1,0,0,0,1,1,0,"Apr","Jul",NA,NA,50,0,0,0,1,0,0,0,0,0,0,0,0,0,0,0,0,"leaf",0,0,1,0,0,0,7.8,0,0,"leaf",3,"m","i","w"
"Capelio tomentosa","Alciope lanata","ASTERACEAE","Capelio tomentosa","(Burm.f.) B.Nord.","Asteraceae",1,0,"Perennial",1,0,1,0,0,0,0,1,0,"Nov","Jan",NA,NA,60,1,0,0,0,0,0,0,0,0,0,0,0,0,0,0,0,"leaf",0,0,1,0,0,0,7.36,0,0,"leaf",3,"m","i","w"
"Capeobolus brevicaulis","Capeobolus brevicaulis","CYPERACEAE","Capeobolus brevicaulis","(C.B.Clarke) J.Browning","Cyperaceae",1,0,"Perennial",1,0,1,0,0,0,0,0,0,"Oct","Mar",NA,NA,20,0,0,1,0,0,0,0,0,0,0,0,0,0,0,0,0,"leaf",0,1,0,0,0,0,9.23,0,0,"leaf",2,"m","w","p"
"Capeochloa arundinacea","Merxmuellera arundinacea","POACEAE","Capeochloa arundinacea","(P.J.Bergius) N.P.Barker & H.P.Linder","Poaceae",1,0,"Perennial",1,0,1,0,0,0,0,1,0,"Sep","Nov",NA,NA,100,0,0,1,0,0,0,0,0,0,0,0,0,0,0,0,0,"leaf",1,0,0,0,0,0,56.25454545,0,0,"leaf",3,"h","w","w"
"Capeochloa cincta","Merxmuellera cincta","POACEAE","Capeochloa cincta","(Nees) N.P.Barker & H.P.Linder","Poaceae",1,0,"Perennial",1,0,1,0,0,0,0,1,0,"Oct","Apr",NA,NA,200,0,0,1,0,0,0,0,0,0,0,0,0,0,0,0,0,"leaf",1,0,0,0,0,0,78.22,0,0,"leaf",2,"h","w","w"
"Capparis sepiaria","Capparis sepiaria","CAPPARACEAE","Capparis sepiaria","L.","Capparaceae",1,0,"Perennial",1,0,1,0,0,0,0,1,0,"Aug","Jan",NA,NA,500,0,0,0,0,0,1,0,1,0,0,0,0,0,0,0,0,"leaf",0,0,1,0,0,0,NA,0,0,"leaf",3,"m","i","m"
"Carissa bispinosa","Carissa bispinosa","APOCYNACEAE","Carissa bispinosa","Desf.","Apocynaceae",1,0,"Perennial",1,0,1,0,0,0,0,0,0,"Sep","Dec",NA,NA,500,0,0,0,0,0,1,0,0,0,0,0,0,0,0,0,0,"leaf",0,0,1,0,0,0,2.116666667,0,0,"leaf",3,"l","i","m"
"Carpacoce gigantea","Carpacoce gigantea","RUBIACEAE","Carpacoce gigantea","Puff","Rubiaceae",1,0,"Perennial",1,0,1,0,0,0,0,0,0,"Nov","Jan",NA,NA,90,0,0,0,1,0,0,0,0,0,0,0,0,0,0,0,0,"leaf",0,1,0,0,0,0,NA,0,0,"leaf",2,"l","w","p"
"Carpacoce heteromorpha","Carpacoce heteromorpha","RUBIACEAE","Carpacoce heteromorpha","(H.Buek) Bolus","Rubiaceae",1,0,"Perennial",1,0,1,0,0,0,0,0,0,"Jul","Jan",NA,NA,45,0,0,0,1,0,0,0,0,0,0,0,0,0,0,0,0,"leaf",1,0,0,0,0,0,1.82,0,0,"leaf",2,"m","w","p"
"Carpacoce spermacocea","Carpacoce spermacocea","RUBIACEAE","Carpacoce spermacocea","(Rchb. ex Spreng.) Sond.","Rubiaceae",1,0,"Perennial",1,0,1,0,0,0,0,0,0,"Jul","Jan",NA,NA,90,1,0,0,0,0,0,0,0,0,0,0,0,0,0,0,0,"leaf",0,1,0,0,0,0,1.3,0,0,"mixed",2,"m","w","p"
"Carpacoce vaginellata","Carpacoce vaginellata","RUBIACEAE","Carpacoce vaginellata","Salter","Rubiaceae",1,0,"Perennial",1,0,1,0,0,0,0,0,0,"Jul","May",NA,NA,45,0,0,0,1,0,0,0,0,0,0,0,0,0,0,0,0,"leaf",0,1,0,0,0,0,3.066666667,0,0,"mixed",2,"m","w","p"
"Carpha glomerata","Carpha glomerata","CYPERACEAE","Carpha glomerata","Nees","Cyperaceae",1,0,"Perennial",1,0,1,0,0,0,0,1,0,"Aug","Jan",NA,NA,200,0,0,1,0,0,0,0,0,0,0,0,0,0,0,0,0,"leaf",0,2,0,0,0,0,93.34,0,0,"leaf",3,"h","w","u"
"Carpobrotus acinaciformis","Carpobrotus acinaciformis","AIZOACEAE","Carpobrotus acinaciformis","(L.) L.Bolus","Aizoaceae",1,0,"Perennial",1,0,1,0,0,0,0,0,0,"Aug","Dec",NA,NA,20,0,0,0,1,0,0,0,0,0,0,0,0,1,1,1,0,"leaf",0,1,0,0,0,0,8.141666667,0,0,"leaf",2,"l","i","m"
"Carpobrotus edulis","Carpobrotus edulis","AIZOACEAE","Carpobrotus edulis","(L.) N.E.Br.","Aizoaceae",1,0,"Perennial",1,0,1,0,0,0,0,0,0,"Aug","Oct",NA,NA,20,0,0,0,1,0,0,0,0,0,0,0,0,1,1,1,0,"leaf",0,1,0,0,0,0,8.478666667,0,0,"leaf",2,"l","i","m"
"Cassine peragua","Cassine peragua","CELASTRACEAE","Cassine peragua","L.","Celastraceae",1,0,"Perennial",1,0,1,0,0,0,0,1,0,"Feb","Jul",NA,NA,1500,0,0,0,0,0,1,1,0,0,0,0,0,0,0,0,0,"leaf",0,0,1,0,0,0,4.168421053,0,0,"leaf",3,"m","i","m"
"Cassine schinoides","Cassine schinoides","CELASTRACEAE","Elaeodendron schinoides","Spreng.","Celastraceae",1,0,"Perennial",1,0,1,0,0,0,0,1,0,"Oct","Dec",NA,NA,1000,0,0,0,0,0,0,1,0,0,0,0,0,0,0,0,0,"leaf",0,0,1,0,0,0,7.89,0,0,"leaf",3,"m","i","m"
"Cassytha ciliolata","Cassytha ciliolata","LAURACEAE","Cassytha ciliolata","Nees","Lauraceae",1,0,"Perennial",1,0,1,0,0,0,0,0,0,"Sep","Jan",NA,NA,200,0,0,0,0,0,0,1,0,1,0,1,0,0,0,0,0,"leaf",0,0,0,0,0,0,34.75,1,1,"leaf",2,"l","i","m"
"Cassytha filiformis","Cassytha filiformis","LAURACEAE","Cassytha filiformis","L.","Lauraceae",1,0,"Perennial",1,0,1,0,0,0,0,0,0,"Sep","Jan",NA,NA,200,0,0,0,0,0,0,0,0,1,0,1,0,0,0,0,0,"leaf",0,0,0,0,0,0,23.4,1,1,"leaf",2,"l","i","m"
"Celtis africana","Celtis africana","CELTIDACEAE","Celtis africana","Burm.f.","Cannabaceae",1,0,"Perennial",1,0,0,1,0,0,0,0,0,"Jan","Apr",NA,NA,3000,0,0,0,0,0,0,1,0,0,0,0,0,0,0,0,0,"leaf",0,0,1,0,0,0,NA,0,0,"leaf",3,"l","i","m"
"Cenchrus ciliaris","Cenchrus ciliaris","POACEAE","Cenchrus ciliaris","L.","Poaceae",1,0,"Perennial",1,0,1,0,0,0,0,0,0,"Aug","Apr",NA,NA,100,0,0,1,0,0,0,0,0,0,0,0,0,0,0,0,0,"leaf",1,0,0,0,0,0,15,0,1,"mixed",1,"h","w","w"
"Centella affinis","Centella affinis","APIACEAE","Centella affinis","(Eckl. & Zeyh.) Adamson","Apiaceae",1,0,"Perennial",1,0,1,0,0,1,0,0,0,"Aug","Jan",NA,NA,30,1,0,0,0,0,0,0,0,0,0,0,0,0,0,0,0,"leaf",1,0,0,0,0,0,NA,0,0,"leaf",2,"l","w","p"
"Centella cochlearia","Centella recticarpa","APIACEAE","Centella cochlearia","(Domin) Adamson","Apiaceae",1,0,"Perennial",1,0,1,0,0,1,0,1,0,"Sep","Apr",NA,NA,20,1,0,0,0,0,0,0,0,0,0,0,0,0,0,0,0,"leaf",1,0,0,0,0,0,NA,0,0,"leaf",2,"l","i","p"
"Centella difformis","Centella difformis","APIACEAE","Centella difformis","(Eckl. & Zeyh.) Adamson","Apiaceae",1,0,"Perennial",1,0,1,0,0,1,0,0,0,"Aug","Apr",NA,NA,40,1,0,0,0,0,0,0,0,0,0,0,0,0,0,0,0,"leaf",0,1,0,0,1,0,4.4,0,0,"leaf",2,"l","i","p"
"Centella glabrata","Centella glabrata","APIACEAE","Centella glabrata","L.","Apiaceae",1,0,"Perennial",1,0,1,0,0,1,0,0,0,"Sep","Jan",NA,NA,20,1,0,0,0,0,0,0,0,0,0,0,0,0,0,0,0,"leaf",0,1,0,0,0,0,4.82,0,0,"leaf",2,"l","i","p"
"Centella lanata","Centella lanata","APIACEAE","Centella lanata","Compton","Apiaceae",1,0,"Perennial",1,0,1,0,0,1,0,0,0,"Jan","May",NA,NA,50,1,0,0,0,0,0,0,0,0,0,0,0,0,0,0,0,"leaf",0,0,1,0,1,0,3.56,0,0,"leaf",2,"l","i","p"
"Centella lasiophylla","Centella lasiophylla","APIACEAE","Centella lasiophylla","Adamson","Apiaceae",1,0,"Perennial",1,0,1,0,0,1,0,0,0,"Sep","Dec",NA,NA,50,1,0,0,0,0,0,0,0,0,0,0,0,0,0,0,0,"leaf",0,0,1,0,0,0,NA,0,0,"leaf",2,"l","i","p"
"Centella linifolia","Centella linifolia","APIACEAE","Centella linifolia","Drude","Apiaceae",1,0,"Perennial",1,0,1,0,0,1,0,0,0,"Sep","Dec",NA,NA,50,0,0,0,1,0,0,0,0,0,0,0,0,0,0,0,0,"leaf",1,0,0,0,0,0,NA,0,0,"leaf",2,"l","i","p"
"Centella macrocarpa","Centella macrocarpa","APIACEAE","Centella macrocarpa","(A.Rich.) Adamson","Apiaceae",1,0,"Perennial",1,0,1,0,0,1,0,0,0,"Apr","Jan",NA,NA,35,1,0,0,0,0,0,0,0,0,0,0,0,0,0,0,0,"leaf",0,0,1,0,0,0,3.6,0,0,"leaf",2,"l","i","p"
"Centella montana","Centella montana","APIACEAE","Centella montana","Domin","Apiaceae",1,0,"Perennial",1,0,1,0,0,1,0,0,0,"Aug","Jan",NA,NA,10,1,0,0,0,0,0,0,0,0,0,0,0,0,0,0,0,"leaf",0,1,1,0,0,0,NA,0,0,"leaf",2,"l","i","p"
"Centella restioides","Centella restioides","APIACEAE","Centella restioides","Adamson","Apiaceae",1,0,"Perennial",1,0,1,0,0,1,0,1,0,"Oct","Dec",NA,NA,50,1,0,0,0,0,0,0,0,0,0,0,0,0,0,0,0,"leaf",0,1,0,0,0,0,4.308333333,0,0,"leaf",2,"l","i","p"
"Centella sessilis","Centella sessilis","APIACEAE","Centella sessilis","Adamson","Apiaceae",1,0,"Perennial",1,0,1,0,0,1,0,0,0,"Sep","Jan",NA,NA,15,1,0,0,0,0,0,0,0,0,0,0,0,0,0,0,0,"leaf",0,1,0,0,0,0,NA,0,0,"leaf",2,"l","i","p"
"Centella stenophylla","Centella stenophylla","APIACEAE","Centella stenophylla","Adamson","Apiaceae",1,0,"Perennial",1,0,1,0,0,1,0,0,0,"Aug","Jan",NA,NA,40,1,0,0,0,0,0,0,0,0,0,0,0,0,0,0,0,"leaf",0,1,0,0,0,0,NA,0,0,"leaf",2,"l","i","p"
"Centella tridentata","Centella tridentata","APIACEAE","Centella tridentata","Drude","Apiaceae",1,0,"Perennial",1,0,1,0,0,1,0,0,0,"Aug","Dec",NA,NA,20,1,0,0,0,0,0,0,0,0,0,0,0,0,0,0,0,"leaf",0,0,1,0,1,0,1.733333333,0,0,"leaf",2,"l","i","p"
"Centella triloba","Centella triloba","APIACEAE","Centella triloba","Drude","Apiaceae",1,0,"Perennial",1,0,1,0,0,0,0,1,0,"Aug","Apr",NA,NA,50,1,0,0,0,0,0,0,0,0,0,0,0,0,0,0,0,"leaf",0,0,1,0,1,0,3.22,0,0,"leaf",2,"l","i","p"
"Centella villosa","Centella villosa","APIACEAE","Centella villosa","L.","Apiaceae",1,0,"Perennial",1,0,1,0,0,1,0,1,0,"Sep","Dec",NA,NA,40,1,0,0,0,0,0,0,0,0,0,0,0,0,0,0,0,"leaf",0,0,1,0,0,0,1.32,0,0,"leaf",2,"l","i","p"
"Centella virgata","Centella virgata","APIACEAE","Centella virgata","(L.f.) Drude","Apiaceae",1,0,"Perennial",1,0,1,0,0,1,0,0,0,"Sep","Dec",NA,NA,60,1,0,0,0,0,0,0,0,0,0,0,0,0,0,0,0,"leaf",1,0,0,0,0,0,3.712727273,0,0,"leaf",2,"l","i","p"
"Cephalaria humilis","Cephalaria humilis","DIPSACACEAE","Cephalaria humilis","(Thunb.) Roem. & Schult.","Caprifoliaceae",1,0,"Perennial",1,0,1,0,0,1,0,1,0,"Dec","Jan",NA,NA,100,1,0,0,0,0,0,0,0,0,0,0,0,0,0,0,0,"leaf",0,1,0,0,0,1,NA,0,0,"leaf",2,"l","i","w"
"Ceratocaryum argenteum","Ceratocaryum argenteum","RESTIONACEAE","Ceratocaryum argenteum","Nees","Restionaceae",1,0,"Perennial",0,1,1,0,0,0,0,0,0,"Feb","Apr",NA,NA,150,0,0,1,0,0,0,0,0,0,0,0,0,0,0,0,0,"leaf",0,0,0,0,0,0,NA,1,1,"culm_stem",2,"h","w","i"
"Ceratocaryum decipiens","Ceratocaryum decipiens","RESTIONACEAE","Ceratocaryum decipiens","(N.E.Br.) H.P.Linder","Restionaceae",1,0,"Perennial",0,1,1,0,0,0,0,1,0,"Feb","Mar",NA,NA,200,0,0,1,0,0,0,0,0,0,0,0,0,0,0,0,0,"leaf",0,0,0,0,0,0,NA,1,1,"culm_stem",2,"h","w","i"
"Chaenostoma denudatum","Sutera denudata","SCROPHULARIACEAE","Chaenostoma denudatum","Benth.","Scrophulariaceae",1,0,"Perennial",1,0,1,0,0,1,0,0,0,"Jan","Dec",NA,NA,45,1,0,0,0,0,0,0,0,0,0,0,0,0,0,0,0,"leaf",0,1,0,0,0,0,1.471111111,0,0,"leaf",1,"m","i","p"
"Chaenostoma hispidum","Sutera hispida","SCROPHULARIACEAE","Chaenostoma hispidum","(Thunb.) Benth.","Scrophulariaceae",1,0,"Perennial",1,0,1,0,0,1,0,0,0,"Jan","Dec",NA,NA,50,0,0,0,1,0,0,0,0,0,0,0,0,0,0,0,0,"leaf",0,0,1,0,0,0,0.78,0,0,"leaf",1,"m","i","p"
"Chaenostoma longipedicellatum","Sutera longipedicellata","SCROPHULARIACEAE","Chaenostoma longipedicellatum","(Hilliard) Kornhall","Scrophulariaceae",1,0,"Perennial",1,0,1,0,0,1,0,0,0,"Jun","Sep",NA,NA,60,0,0,0,1,0,0,0,0,0,0,0,0,0,0,0,0,"leaf",0,1,0,0,0,0,NA,0,0,"leaf",1,"m","i","p"
"Chamarea capensis","Chamarea capensis","APIACEAE","Chamarea capensis","Eckl. & Zeyh.","Apiaceae",1,0,"Perennial",1,0,0,1,1,1,0,1,0,"Nov","Apr",NA,NA,50,1,0,0,0,0,0,0,0,0,0,0,0,0,0,0,0,"leaf",0,0,1,1,1,1,NA,0,0,"leaf",2,"l","i","p"
"Chamarea gracillima","Chamarea gracillima","APIACEAE","Chamarea gracillima","(H.Wolff) B.L.Burtt","Apiaceae",1,0,"Perennial",1,0,0,1,1,1,0,1,0,"Nov","Apr",NA,NA,50,1,0,0,0,0,0,0,0,0,0,0,0,0,0,0,0,"leaf",0,0,1,1,1,1,NA,0,0,"leaf",2,"l","i","p"
"Chascanum cuneifolium","Chascanum cuneifolium","VERBENACEAE","Chascanum cuneifolium","(L.f.) E.Mey.","Verbenaceae",1,0,"Perennial",1,0,1,0,0,0,0,0,0,"Jul","Nov",NA,NA,50,0,0,0,1,0,0,0,0,0,0,0,0,0,0,0,0,"leaf",0,0,1,0,0,0,1.266666667,0,0,"leaf",2,"l","i","u"
"Cheilanthes contracta","Cheilanthes contracta","PTERIDACEAE","Cheilanthes contracta","Kunze","Pteridaceae",1,0,"Perennial",1,0,1,0,0,0,0,1,0,NA,NA,NA,NA,25,1,0,0,0,0,0,0,0,0,0,0,0,0,0,0,0,"frond",0,1,0,1,1,1,1.46,0,0,"leaf",2,"l","w","w"
"Cheilanthes induta","Cheilanthes induta","PTERIDACEAE","Hemionitis induta","(Kunze) Christenh.","Pteridaceae",1,0,"Perennial",1,0,1,0,0,0,0,1,0,NA,NA,NA,NA,25,1,0,0,0,0,0,0,0,0,0,0,0,0,0,0,0,"frond",0,1,0,1,0,1,NA,0,0,"leaf",2,"l","w","w"
"Cheilanthes involuta","Cheilanthes involuta","PTERIDACEAE","Cheilanthes involuta","(Sw.) Schelpe & N.C.Anthony","Pteridaceae",1,0,"Perennial",1,0,1,0,0,0,0,1,0,NA,NA,NA,NA,25,1,0,0,0,0,0,0,0,0,0,0,0,0,0,0,0,"frond",1,1,0,1,0,1,NA,0,0,"leaf",2,"l","w","w"
"Cheilanthes multifida","Cheilanthes multifida","PTERIDACEAE","Hemionitis multifida","(Sw.) Christenh.","Pteridaceae",1,0,"Perennial",1,0,1,0,0,0,0,1,0,NA,NA,NA,NA,25,1,0,0,0,0,0,0,0,0,0,0,0,0,0,0,0,"frond",0,0,1,0,1,1,NA,0,0,"leaf",2,"l","w","w"
"Cheilanthes parviloba","Cheilanthes parviloba","PTERIDACEAE","Cheilanthes parviloba","Sw.","Pteridaceae",1,0,"Perennial",1,0,1,0,0,0,0,1,0,NA,NA,NA,NA,35,1,0,0,0,0,0,0,0,0,0,0,0,0,0,0,0,"frond",0,0,1,1,0,1,7.976666667,0,0,"leaf",2,"l","w","w"
"Chenolea diffusa","Chenolea diffusa","AMARANTHACEAE","Chenolea diffusa","Thunb.","Amaranthaceae",1,0,"Perennial",1,0,1,0,0,0,0,0,0,"Feb","Apr",NA,NA,30,1,0,0,0,0,0,0,1,0,0,0,0,1,1,1,0,"leaf",0,1,1,0,0,0,0.86,0,0,"leaf",2,"l","u","p"
"Chironia baccifera","Chironia baccifera","GENTIANACEAE","Chironia baccifera","L.","Gentianaceae",1,0,"Perennial",1,0,1,0,0,0,0,0,0,"Nov","Feb",NA,NA,100,0,0,0,1,0,0,0,0,0,0,0,0,0,0,0,0,"leaf",1,0,0,0,0,0,1.135833333,0,1,"leaf",2,"m","i","m"
"Chironia decumbens","Chironia decumbens","GENTIANACEAE","Chironia decumbens","Levyns","Gentianaceae",1,0,"Perennial",1,0,1,0,0,0,0,0,0,"Oct","Jan",NA,NA,15,1,0,0,0,0,0,0,1,0,0,0,0,0,0,0,0,"leaf",1,0,1,0,0,0,NA,0,1,"leaf",2,"l","i","m"
"Chironia jasminoides","Chironia jasminoides","GENTIANACEAE","Chironia jasminoides","L.","Gentianaceae",1,0,"Perennial",1,0,1,0,0,0,0,0,0,"Aug","Jan",NA,NA,90,0,0,0,1,0,0,0,0,0,0,0,0,0,0,0,0,"leaf",1,0,1,0,0,0,NA,0,1,"leaf",2,"l","i","m"
"Chironia linoides","Chironia linoides","GENTIANACEAE","Chironia linoides","L.","Gentianaceae",1,0,"Perennial",1,0,1,0,0,0,0,0,0,"Oct","Jan",NA,NA,90,0,0,0,1,0,0,0,0,0,0,0,0,0,0,0,0,"leaf",1,0,0,0,0,0,1.62,0,1,"leaf",2,"l","i","m"
"Chironia melampyrifolia","Chironia melampyrifolia","GENTIANACEAE","Chironia melampyrifolia","Lam.","Gentianaceae",1,0,"Perennial",1,0,1,0,0,0,0,0,0,"Sep","Jan",NA,NA,80,0,0,0,1,0,0,0,0,0,0,0,0,0,0,0,0,"leaf",0,0,1,0,0,0,7.26,0,1,"leaf",2,"l","i","m"
"Chlorophytum crispum","Chlorophytum crispum","ANTHERICACEAE","Chlorophytum crispum","(Thunb.) Baker","Asparagaceae",1,0,"Perennial",1,0,1,0,0,1,0,1,0,"Sep","Apr",NA,NA,50,0,1,0,0,0,0,0,0,0,0,0,0,0,0,0,0,"leaf",0,1,0,0,0,0,NA,0,0,"leaf",2,"l","i","w"
"Chrysitrix capensis","Chrysitrix capensis","CYPERACEAE","Chrysitrix capensis","L.","Cyperaceae",1,0,"Perennial",1,0,1,0,0,0,0,1,0,"Apr","Nov",NA,NA,40,0,0,1,0,0,0,0,0,0,0,0,0,0,0,0,0,"leaf",1,0,0,0,0,0,23.88,0,0,"leaf",2,"m","w","p"
"Chrysitrix junciformis","Chrysitrix junciformis","CYPERACEAE","Chrysitrix junciformis","Nees","Cyperaceae",1,0,"Perennial",1,0,1,0,0,0,0,1,0,"Apr","Dec",NA,NA,30,0,0,1,0,0,0,0,0,0,0,0,0,0,0,0,0,"leaf",1,0,0,0,0,0,49.14,0,0,"culm_stem",2,"m","w","p"
"Chrysocoma ciliata","Chrysocoma ciliata","ASTERACEAE","Chrysocoma ciliata","L.","Asteraceae",1,0,"Perennial",1,0,1,0,0,0,0,0,0,"Oct","Jan",NA,NA,60,0,0,0,1,0,0,0,0,0,0,0,0,0,0,0,0,"leaf",1,0,0,0,0,0,0.648181818,0,0,"leaf",2,"h","i","w"
"Chrysocoma coma-aurea","Chrysocoma coma-aurea","ASTERACEAE","Chrysocoma coma-aurea","L.","Asteraceae",1,0,"Perennial",1,0,1,0,0,0,0,0,0,"Oct","Jan",NA,NA,50,0,0,0,1,0,0,0,0,0,0,0,0,0,0,0,0,"leaf",1,0,0,0,0,0,1.21,0,0,"leaf",2,"h","i","w"
"Cineraria geifolia","Cineraria geifolia","ASTERACEAE","Cineraria geifolia","L.","Asteraceae",1,0,"Perennial",1,0,1,0,0,0,0,0,0,"Aug","Nov",NA,NA,60,1,0,0,0,0,0,0,0,0,0,0,0,0,0,0,0,"leaf",0,0,1,0,1,0,NA,0,0,"leaf",1,"l","i","w"
"Cineraria lobata","Cineraria lobata","ASTERACEAE","Cineraria lobata","L'Hér.","Asteraceae",1,0,"Perennial",1,0,1,0,0,0,0,0,0,"Nov","Jan",NA,NA,60,1,0,0,0,0,0,0,0,0,0,0,0,0,0,0,0,"leaf",0,0,1,0,1,0,NA,0,0,"leaf",1,"l","i","w"
"Cineraria platycarpa","Cineraria platycarpa","ASTERACEAE","Cineraria platycarpa","DC.","Asteraceae",0,1,"Annual",1,0,1,0,0,0,0,0,0,"Aug","Sep",NA,NA,20,1,0,0,0,0,0,0,0,0,0,0,0,0,0,0,0,"leaf",0,0,1,0,1,0,NA,0,0,"leaf",0,"l","i","w"
"Cineraria saxifraga","Cineraria saxifraga","ASTERACEAE","Cineraria saxifraga","DC.","Asteraceae",1,0,"Perennial",1,0,1,0,0,0,0,0,0,"Sep","Nov",NA,NA,30,1,0,0,0,0,0,0,0,0,0,0,0,0,0,0,0,"leaf",0,0,1,0,1,0,1.948333333,0,0,"leaf",1,"l","i","w"
"Cissampelos capensis","Cissampelos capensis","MENISPERMACEAE","Cissampelos capensis","L.f.","Menispermaceae",1,0,"Perennial",1,0,1,0,0,0,0,0,0,"Feb","May",NA,NA,100,0,0,0,1,0,0,0,1,0,0,0,0,0,0,0,0,"leaf",0,0,1,0,0,0,2.233333333,0,0,"leaf",2,"l","i","u"
"Cliffortia atrata","Cliffortia atrata","ROSACEAE","Cliffortia atrata","Weim.","Rosaceae",1,0,"Perennial",1,1,1,0,0,0,0,0,0,"Jul","Dec",NA,NA,100,0,0,0,1,0,0,0,0,0,0,0,0,0,0,0,0,"leaf",1,0,0,1,0,0,1.28375,0,0,"leaf",2,"h","w","i"
"Cliffortia baccans","Cliffortia baccans","ROSACEAE","Cliffortia baccans","Harv.","Rosaceae",1,0,"Perennial",1,1,1,0,0,0,0,1,0,"Sep","Oct",NA,NA,60,0,0,0,1,0,0,0,0,0,0,0,0,0,0,0,0,"leaf",1,0,0,1,0,0,NA,0,0,"leaf",2,"h","w","m"
"Cliffortia burchellii","Cliffortia burchellii","ROSACEAE","Cliffortia burchellii","Stapf","Rosaceae",1,0,"Perennial",1,1,1,0,0,0,0,0,0,"Apr","May",NA,NA,200,0,0,0,0,0,1,0,0,0,0,0,0,0,0,0,0,"leaf",1,0,0,1,0,0,1.458,0,0,"leaf",2,"h","w","p"
"Cliffortia cervicornu","Cliffortia cervicornu","ROSACEAE","Cliffortia cervicornu","Weim.","Rosaceae",1,0,"Perennial",1,1,1,0,0,0,0,0,0,"Oct","Oct",NA,NA,50,0,0,0,1,0,0,0,0,0,0,0,0,0,0,0,0,"leaf",0,0,1,1,1,0,NA,0,0,"leaf",2,"h","w","p"
"Cliffortia complanata","Cliffortia complanata","ROSACEAE","Cliffortia complanata","E.Mey. ex Harv. & Sond.","Rosaceae",1,0,"Perennial",1,1,1,0,0,0,0,1,0,"Nov","Mar",NA,NA,60,0,0,0,1,0,0,0,0,0,0,0,0,0,0,0,0,"leaf",0,0,1,1,0,0,NA,0,0,"leaf",2,"h","w","p"
"Cliffortia densa","Cliffortia densa","ROSACEAE","Cliffortia densa","Weim.","Rosaceae",1,0,"Perennial",1,1,1,0,0,0,0,0,0,"May","May",NA,NA,300,0,0,0,0,0,1,0,0,0,0,0,0,0,0,0,0,"leaf",1,0,0,1,0,0,1.126,0,0,"leaf",2,"h","w","p"
"Cliffortia dentata","Cliffortia gracilis","ROSACEAE","Cliffortia dentata","Willd.","Rosaceae",1,0,"Perennial",1,1,1,0,0,0,0,0,0,"Oct","Oct",NA,NA,60,0,0,0,1,0,0,0,0,0,0,0,0,0,0,0,0,"leaf",0,0,1,1,0,0,0.59,0,0,"leaf",2,"h","w","p"
"Cliffortia drepanoides","Cliffortia drepanoides","ROSACEAE","Cliffortia drepanoides","Eckl. & Zeyh.","Rosaceae",1,0,"Perennial",1,1,1,0,0,0,0,0,0,"Mar","Apr",NA,NA,100,0,0,0,1,0,0,0,0,0,0,0,0,0,0,0,0,"leaf",0,1,0,1,0,0,1.383333333,0,0,"leaf",2,"h","w","p"
"Cliffortia falcata","Cliffortia falcata","ROSACEAE","Cliffortia falcata","L.f.","Rosaceae",1,0,"Perennial",1,1,1,0,0,0,0,0,0,"Aug","Oct",NA,NA,100,0,0,0,1,0,0,0,0,0,0,0,0,0,0,0,0,"leaf",0,1,0,1,0,0,0.78,0,0,"leaf",2,"h","w","p"
"Cliffortia ferruginea","Cliffortia ferruginea","ROSACEAE","Cliffortia ferruginea","L.f.","Rosaceae",1,0,"Perennial",1,1,1,0,0,0,0,1,0,"Nov","Jul",NA,NA,120,0,0,0,1,0,0,0,0,0,0,0,0,0,0,0,0,"leaf",0,1,0,0,1,0,1.983846154,0,0,"leaf",2,"h","w","p"
"Cliffortia filicaulis","Cliffortia filicaulis","ROSACEAE","Cliffortia filicaulis","Cham. & Schltdl.","Rosaceae",1,0,"Perennial",1,1,1,0,0,0,0,0,0,"Aug","Dec",NA,NA,100,0,0,0,1,0,0,0,0,0,0,0,0,0,0,0,0,"leaf",0,0,1,1,1,0,0.374,0,0,"leaf",2,"h","w","p"
"Cliffortia filifolia","Cliffortia filifolia","ROSACEAE","Cliffortia filifolia","L.f.","Rosaceae",1,0,"Perennial",1,1,1,0,0,0,0,0,0,"May","Aug",NA,NA,100,0,0,0,1,0,0,0,0,0,0,0,0,0,0,0,0,"leaf",1,0,0,1,0,0,0.98,0,0,"leaf",2,"h","w","p"
"Cliffortia glauca","Cliffortia glauca","ROSACEAE","Cliffortia glauca","Weim.","Rosaceae",1,0,"Perennial",1,1,1,0,0,0,0,1,0,"Nov","Feb",NA,NA,150,0,0,0,0,1,0,0,0,0,0,0,0,0,0,0,0,"leaf",0,0,1,1,0,0,NA,0,0,"leaf",2,"h","w","p"
"Cliffortia graminea","Cliffortia graminea","ROSACEAE","Cliffortia graminea","L.f.","Rosaceae",1,0,"Perennial",1,1,1,0,0,0,0,1,0,"Aug","Mar",NA,NA,200,0,0,0,0,0,1,0,0,0,0,0,0,0,0,0,0,"leaf",0,1,0,0,1,0,NA,0,0,"leaf",2,"h","w","p"
"Cliffortia heterophylla","Cliffortia heterophylla","ROSACEAE","Cliffortia heterophylla","Weim.","Rosaceae",1,0,"Perennial",1,1,1,0,0,0,0,0,0,"Sep","Jun",NA,NA,250,0,0,0,0,0,1,0,0,0,0,0,0,0,0,0,0,"leaf",1,1,1,0,0,0,9.9,0,0,"leaf",2,"h","w","p"
"Cliffortia hexandra","Cliffortia hexandra","ROSACEAE","Cliffortia hexandra","Weim.","Rosaceae",1,0,"Perennial",1,1,1,0,0,0,0,0,0,"Sep","Oct",NA,NA,60,0,0,0,1,0,0,0,0,0,0,0,0,0,0,0,0,"leaf",0,1,0,1,0,0,0.486666667,0,0,"leaf",2,"h","w","i"
"Cliffortia hirsuta","Cliffortia hirsuta","ROSACEAE","Cliffortia hirsuta","Eckl. & Zeyh.","Rosaceae",1,0,"Perennial",1,1,1,0,0,0,0,0,0,"Apr","Dec",NA,NA,100,0,0,0,1,0,0,0,0,0,0,0,0,0,0,0,0,"leaf",0,0,1,0,1,0,NA,0,0,"leaf",2,"h","w","p"
"Cliffortia ilicifolia","Cliffortia ilicifolia","ROSACEAE","Cliffortia ilicifolia","L.","Rosaceae",1,0,"Perennial",1,1,1,0,0,0,0,0,0,"Nov","Dec",NA,NA,200,0,0,0,0,0,1,0,0,0,0,0,0,0,0,0,0,"leaf",0,0,1,0,1,0,1.466666667,0,0,"leaf",2,"h","w","p"
"Cliffortia linearifolia","Cliffortia linearifolia","ROSACEAE","Cliffortia linearifolia","Eckl. & Zeyh.","Rosaceae",1,0,"Perennial",1,1,1,0,0,0,0,1,0,"Oct","Jan",NA,NA,150,0,0,0,0,1,0,0,0,0,0,0,0,0,0,0,0,"leaf",1,0,0,1,0,0,0.476666667,0,0,"leaf",2,"h","w","p"
"Cliffortia neglecta","Cliffortia neglecta","ROSACEAE","Cliffortia neglecta","Schltr.","Rosaceae",1,0,"Perennial",1,1,1,0,0,0,0,0,0,"Sep","Oct",NA,NA,50,0,0,0,1,0,0,0,0,0,0,0,0,0,0,0,0,"leaf",1,0,0,0,0,0,NA,0,0,"leaf",2,"h","w","i"
"Cliffortia obcordata","Cliffortia obcordata","ROSACEAE","Cliffortia obcordata","L.f.","Rosaceae",1,0,"Perennial",1,1,1,0,0,0,0,0,0,"Mar","Nov",NA,NA,150,0,0,0,0,1,0,0,0,0,0,0,0,0,0,0,0,"leaf",0,0,1,1,0,0,0.96,0,0,"leaf",2,"h","w","p"
"Cliffortia odorata","Cliffortia discolor","ROSACEAE","Cliffortia odorata","L.f.","Rosaceae",1,0,"Perennial",1,1,1,0,0,0,0,0,0,"Jan","Jan",NA,NA,200,0,0,0,0,0,0,0,0,0,0,0,0,0,0,0,0,"leaf",0,0,1,0,0,0,NA,0,0,"leaf",2,"h","w","p"
"Cliffortia paucistaminea","Cliffortia paucistaminea","ROSACEAE","Cliffortia paucistaminea","Weim.","Rosaceae",1,0,"Perennial",1,1,1,0,0,0,0,1,0,"Jan","Apr",NA,NA,120,0,0,0,0,1,0,0,0,0,0,0,0,0,0,0,0,"leaf",1,0,0,1,0,0,NA,0,0,"leaf",2,"h","w","p"
"Cliffortia polita","Cliffortia polita","ROSACEAE","Cliffortia polita","Weim.","Rosaceae",1,0,"Perennial",1,1,1,0,0,0,0,1,0,"Nov","Jan",NA,NA,60,0,0,0,1,0,0,0,0,0,0,0,0,0,0,0,0,"leaf",1,0,0,1,0,0,0.523333333,0,0,"leaf",2,"h","w","p"
"Cliffortia polygonifolia","Cliffortia polygonifolia","ROSACEAE","Cliffortia polygonifolia","L.","Rosaceae",1,0,"Perennial",1,1,1,0,0,0,0,0,0,"Apr","Nov",NA,NA,150,0,0,0,0,1,0,0,0,0,0,0,0,0,0,0,0,"leaf",0,1,0,1,0,0,0.7125,0,0,"leaf",2,"h","w","i"
"Cliffortia pterocarpa","Cliffortia pterocarpa","ROSACEAE","Cliffortia pterocarpa","(Harv.) Weim.","Rosaceae",1,0,"Perennial",1,1,1,0,0,0,0,1,0,"Aug","Dec",NA,NA,100,0,0,0,1,0,0,0,0,0,0,0,0,0,0,0,0,"leaf",1,0,0,1,0,0,NA,0,0,"leaf",2,"h","w","p"
"Cliffortia pulchella","Cliffortia pulchella","ROSACEAE","Cliffortia pulchella","L.f.","Rosaceae",1,0,"Perennial",1,1,1,0,0,0,0,1,0,"Apr","May",NA,NA,60,0,0,0,1,0,0,0,0,0,0,0,0,0,0,0,0,"leaf",0,0,1,1,0,0,NA,0,0,"leaf",2,"m","w","p"
"Cliffortia ruscifolia","Cliffortia ruscifolia","ROSACEAE","Cliffortia ruscifolia","L.","Rosaceae",1,0,"Perennial",1,1,1,0,0,0,0,1,0,"Aug","Oct",NA,NA,150,0,0,0,0,1,0,0,0,0,0,0,0,0,0,0,0,"leaf",0,1,0,0,0,0,1.686666667,0,0,"leaf",2,"h","w","i"
"Cliffortia sericea","Cliffortia sericea","ROSACEAE","Cliffortia sericea","Eckl. & Zeyh.","Rosaceae",1,0,"Perennial",1,1,1,0,0,0,0,0,0,"Aug","Nov",NA,NA,60,0,0,0,1,0,0,0,0,0,0,0,0,0,0,0,0,"leaf",0,1,0,1,0,0,NA,0,0,"leaf",2,"h","w","i"
"Cliffortia serpyllifolia","Cliffortia serpyllifolia","ROSACEAE","Cliffortia serpyllifolia","Cham. & Schltdl.","Rosaceae",1,0,"Perennial",1,1,1,0,0,0,0,0,0,"Nov","May",NA,NA,200,0,0,0,0,0,1,0,0,0,0,0,0,0,0,0,0,"leaf",0,1,0,1,0,0,0.35,0,0,"leaf",2,"h","w","p"
"Cliffortia stricta","Cliffortia stricta","ROSACEAE","Cliffortia stricta","Weim.","Rosaceae",1,0,"Perennial",1,1,1,0,0,0,0,0,0,"Oct","Jun",NA,NA,150,0,0,0,0,1,0,0,0,0,0,0,0,0,0,0,0,"leaf",1,0,0,1,0,0,0.69625,0,0,"leaf",2,"h","w","p"
"Cliffortia strobilifera","Cliffortia strobilifera","ROSACEAE","Cliffortia strobilifera","L.","Rosaceae",1,0,"Perennial",1,1,1,0,0,0,0,1,0,"Jan","Apr",NA,NA,300,0,0,0,0,0,1,0,0,0,0,0,0,0,0,0,0,"leaf",1,0,0,0,0,0,NA,0,0,"leaf",2,"h","w","p"
"Cliffortia subdura","Cliffortia subdura","ROSACEAE","Cliffortia subdura","Weim.","Rosaceae",1,0,"Perennial",1,1,1,0,0,0,0,0,0,"May","May",NA,NA,100,0,0,0,1,0,0,0,0,0,0,0,0,0,0,0,0,"leaf",0,1,0,1,0,0,NA,0,0,"leaf",2,"h","w","p"
"Cliffortia subsetacea","Cliffortia subsetacea","ROSACEAE","Cliffortia subsetacea","(Eckl. & Zeyh.) Diels ex Bolus & Wolley-Dod","Rosaceae",1,0,"Perennial",1,1,1,0,0,0,0,0,0,"Aug","Jan",NA,NA,200,0,0,0,0,0,1,0,0,0,0,0,0,0,0,0,0,"leaf",1,0,0,1,0,0,0.428571429,0,0,"leaf",2,"h","w","p"
"Cliffortia teretifolia","Cliffortia teretifolia","ROSACEAE","Cliffortia teretifolia","L.f.","Rosaceae",1,0,"Perennial",1,1,1,0,0,0,0,1,0,"Sep","Dec",NA,NA,100,0,0,0,1,0,0,0,0,0,0,0,0,0,0,0,0,"leaf",1,0,0,1,0,0,NA,0,0,"leaf",2,"h","w","p"
"Cliffortia triloba","Cliffortia triloba","ROSACEAE","Cliffortia triloba","Harv.","Rosaceae",1,0,"Perennial",1,1,1,0,0,0,0,1,0,"Aug","Sep",NA,NA,30,0,0,0,1,0,0,0,0,0,0,0,0,0,0,0,0,"leaf",0,0,1,1,1,0,NA,0,0,"leaf",2,"h","w","p"
"Cliffortia tuberculata","Cliffortia tuberculata","ROSACEAE","Cliffortia tuberculata","(Harv.) Weim.","Rosaceae",1,0,"Perennial",1,1,1,0,0,0,0,1,0,"Oct","Nov",NA,NA,100,0,0,0,1,0,0,0,0,0,0,0,0,0,0,0,0,"leaf",1,0,0,1,0,0,NA,0,0,"leaf",2,"h","w","i"
"Clutia alaternoides","Clutia alaternoides","EUPHORBIACEAE","Clutia alaternoides","L.","Peraceae",1,0,"Perennial",0,1,1,0,0,0,0,1,0,"Aug","Oct",NA,NA,60,0,0,0,1,0,0,0,0,0,0,0,0,0,0,0,0,"leaf",0,0,1,0,0,0,1.506363636,0,0,"leaf",2,"m","i","p"
"Clutia daphnoides","Clutia daphnoides","EUPHORBIACEAE","Clutia daphnoides","Lam.","Peraceae",1,0,"Perennial",0,1,1,0,0,0,0,0,0,"Jun","Sep",NA,NA,200,0,0,0,0,0,1,0,0,0,0,0,0,0,0,0,0,"leaf",0,1,0,0,0,0,NA,0,0,"leaf",2,"h","i","p"
"Clutia ericoides","Clutia ericoides","EUPHORBIACEAE","Clutia ericoides","Thunb.","Peraceae",1,0,"Perennial",0,1,1,0,0,0,0,0,0,"May","Jul",NA,NA,60,0,0,0,1,0,0,0,0,0,0,0,0,0,0,0,0,"leaf",0,1,0,0,0,0,1.044166667,0,0,"leaf",2,"m","i","p"
"Clutia laxa","Clutia laxa","EUPHORBIACEAE","Clutia laxa","Eckl. ex Sond.","Peraceae",1,0,"Perennial",0,1,1,0,0,0,0,1,0,"Jul","Sep",NA,NA,100,0,0,0,1,0,0,0,0,0,0,0,0,0,0,0,0,"leaf",0,0,1,0,0,0,1.012,0,0,"leaf",2,"m","i","p"
"Clutia polifolia","Clutia polifolia","EUPHORBIACEAE","Clutia polifolia","Jacq.","Peraceae",1,0,"Perennial",0,1,1,0,0,0,0,0,0,"Jul","Sep",NA,NA,100,0,0,0,1,0,0,0,0,0,0,0,0,0,0,0,0,"leaf",0,1,0,0,0,0,0.637272727,0,0,"leaf",2,"h","i","p"
"Clutia polygonoides","Clutia polygonoides","EUPHORBIACEAE","Clutia polygonoides","L.","Peraceae",1,0,"Perennial",0,1,1,0,0,0,0,1,0,"Oct","Apr",NA,NA,60,0,0,0,1,0,0,0,0,0,0,0,0,0,0,0,0,"leaf",0,0,1,0,0,0,NA,0,0,"leaf",2,"h","i","p"
"Clutia pulchella","Clutia pulchella","EUPHORBIACEAE","Clutia pulchella","L.","Peraceae",1,0,"Perennial",0,1,1,0,0,0,0,1,0,"Aug","Sep",NA,NA,200,0,0,0,0,0,1,1,0,0,0,0,0,0,0,0,0,"leaf",0,1,1,0,0,0,3.12,0,0,"leaf",2,"h","i","p"
"Coleonema album","Coleonema album","RUTACEAE","Coleonema album","(Thunb.) Bartl. & H.L.Wendl.","Rutaceae",1,0,"Perennial",1,0,1,0,0,0,0,0,0,"Aug","Oct",NA,NA,200,0,0,0,0,0,1,0,0,0,0,0,0,0,0,0,0,"leaf",0,1,0,0,0,0,0.832,0,0,"leaf",2,"h","i","p"
"Coleonema aspalathoides","Coleonema aspalathoides","RUTACEAE","Coleonema aspalathoides","A.Juss.","Rutaceae",1,0,"Perennial",1,0,1,0,0,0,0,0,0,"Apr","Nov",NA,NA,150,0,0,0,0,1,0,0,0,0,0,0,0,0,0,0,0,"leaf",0,1,0,0,0,0,0.803333333,0,0,"leaf",2,"h","i","p"
"Coleonema juniperinum","Coleonema juniperinum","RUTACEAE","Coleonema juniperinum","Sond.","Rutaceae",1,0,"Perennial",1,0,1,0,0,0,0,0,0,"May","Nov",NA,NA,50,0,0,0,1,0,0,0,0,0,0,0,0,0,0,0,0,"leaf",0,1,0,0,0,0,0.642,0,0,"leaf",2,"h","i","p"
"Colpoon compressum","Osyris compressa","SANTALACEAE","Osyris compressa","A.DC.","Santalaceae",1,0,"Perennial",1,0,1,0,0,0,0,0,0,"Dec","Jun",NA,NA,500,0,0,0,0,0,1,1,0,0,1,0,0,0,0,0,0,"leaf",0,0,1,0,0,0,3.284615385,0,0,"leaf",2,"h","i","m"
"Commelina africana","Commelina africana","COMMELINACEAE","Commelina africana","L.","Commelinaceae",1,0,"Perennial",1,0,1,0,0,0,0,0,0,"Nov","Jun",NA,NA,50,1,0,0,0,0,0,0,1,0,0,0,0,0,0,0,0,"leaf",0,0,1,0,0,0,5.716666667,0,0,"leaf",1,"l","i","u"
"Commelina benghalensis","Commelina benghalensis","COMMELINACEAE","Commelina benghalensis","L.","Commelinaceae",0,1,"Annual",1,0,0,1,0,0,0,0,0,"Nov","Apr",NA,NA,30,1,0,0,0,0,0,0,1,0,0,0,0,0,0,0,0,"leaf",0,0,1,0,0,0,20.5,0,0,"leaf",1,"l","i","u"
"Conophytum minusculum","Conophytum minusculum","AIZOACEAE","Conophytum minusculum","(N.E.Br.) N.E.Br.","Aizoaceae",1,0,"Perennial",1,0,1,0,0,1,0,0,0,"Mar","Jun",NA,NA,1,1,0,0,0,0,0,0,0,0,0,0,0,1,1,1,0,"leaf",0,0,1,0,0,0,0.634,1,0,"leaf",2,"l","i","p"
"Conyza pinnatifida","Conyza pinnatifida","ASTERACEAE","Conyza pinnatifida","(Thunb.) Less.","Asteraceae",1,0,"Perennial",1,0,1,0,0,0,0,0,0,"Jan","May",NA,NA,45,1,0,0,0,0,0,0,0,0,0,0,0,0,0,0,0,"leaf",0,1,0,0,1,1,NA,0,0,"leaf",2,"h","i","w"
"Corymbium africanum","Corymbium africanum","ASTERACEAE","Corymbium africanum","L.","Asteraceae",1,0,"Perennial",1,0,1,0,0,0,0,1,0,"Oct","Nov",NA,NA,30,1,0,0,0,0,0,0,0,0,0,0,0,0,0,0,0,"leaf",1,0,0,0,0,0,22.47222222,0,0,"leaf",3,"l","i","w"
"Corymbium glabrum","Corymbium glabrum","ASTERACEAE","Corymbium glabrum","L.","Asteraceae",1,0,"Perennial",1,0,1,0,0,0,0,1,0,"Nov","Jan",NA,NA,60,1,0,0,0,0,0,0,0,0,0,0,0,0,0,0,0,"leaf",1,1,0,0,0,0,16.53125,0,0,"leaf",3,"l","i","w"
"Cotula turbinata","Cotula turbinata","ASTERACEAE","Cotula turbinata","L.","Asteraceae",0,1,"Annual",1,0,0,1,1,1,0,0,0,"Jul","Oct",NA,NA,30,1,0,0,0,0,0,0,0,0,0,0,0,0,0,0,0,"leaf",1,0,0,0,1,1,NA,0,0,"leaf",0,"l","i","w"
"Cotyledon orbiculata","Cotyledon orbiculata","CRASSULACEAE","Cotyledon orbiculata","L.","Crassulaceae",1,0,"Perennial",1,0,1,0,0,0,0,0,0,"Sep","Dec",NA,NA,100,0,0,0,1,0,0,0,0,0,0,0,0,1,1,1,0,"leaf",0,0,1,0,0,0,15.13333333,0,0,"leaf",3,"l","m","w"
"Cotyledon velutina","Cotyledon velutina","CRASSULACEAE","Cotyledon velutina","Hook.f.","Crassulaceae",1,0,"Perennial",1,0,1,0,0,0,0,0,0,"Oct","Dec",NA,NA,100,0,0,0,1,0,0,0,0,0,0,0,0,1,1,1,0,"leaf",0,0,1,0,0,0,13.2,0,0,"leaf",3,"l","m","w"
"Cotyledon woodii","Cotyledon woodii","CRASSULACEAE","Cotyledon woodii","Schönland & Baker f.","Crassulaceae",1,0,"Perennial",1,0,1,0,0,0,0,0,0,"Dec","Apr",NA,NA,100,0,0,0,1,0,0,0,0,0,0,0,0,1,1,1,0,"leaf",0,0,1,0,0,0,3.985714286,0,0,"leaf",3,"l","m","w"
"Crassula arborescens","Crassula arborescens","CRASSULACEAE","Crassula arborescens","Willd.","Crassulaceae",1,0,"Perennial",1,0,1,0,0,0,0,0,0,"Oct","Dec",NA,NA,200,0,0,0,0,0,1,0,0,0,0,0,0,1,1,1,0,"leaf",0,0,1,0,0,0,NA,0,0,"leaf",3,"l","i","p"
"Crassula atropurpurea","Crassula atropurpurea","CRASSULACEAE","Crassula atropurpurea","D.Dietr.","Crassulaceae",1,0,"Perennial",1,0,1,0,0,0,0,0,0,"Oct","Dec",NA,NA,60,0,0,0,1,0,0,0,0,0,0,0,0,1,1,1,0,"leaf",0,1,1,0,0,0,2.53,0,0,"leaf",2,"l","i","p"
"Crassula biplanata","Crassula biplanata","CRASSULACEAE","Crassula biplanata","Haw.","Crassulaceae",1,0,"Perennial",1,0,1,0,0,0,0,0,0,"Feb","Apr",NA,NA,30,1,0,0,0,0,0,0,0,0,0,0,0,1,1,1,0,"leaf",0,1,0,0,0,0,0.73,0,0,"leaf",2,"l","i","p"
"Crassula capensis","Crassula capensis","CRASSULACEAE","Crassula capensis","(L.) Baill.","Crassulaceae",1,0,"Perennial",1,0,1,0,0,0,0,0,0,"May","Nov",NA,NA,10,0,1,0,0,0,0,0,0,0,0,0,0,1,1,1,0,"leaf",0,0,1,0,0,0,2.32,0,0,"leaf",2,"l","i","p"
"Crassula capitella","Crassula capitella","CRASSULACEAE","Crassula capitella","Thunb.","Crassulaceae",1,0,"Perennial",1,0,1,0,0,0,0,0,0,"Nov","Mar",NA,NA,40,1,0,0,0,0,0,0,0,0,0,0,0,1,1,1,0,"leaf",0,1,0,0,0,0,NA,0,0,"leaf",2,"l","i","p"
"Crassula coccinea","Crassula coccinea","CRASSULACEAE","Crassula coccinea","L.","Crassulaceae",1,0,"Perennial",1,0,1,0,0,0,0,0,0,"Dec","Mar",NA,NA,40,0,0,0,1,0,0,0,0,0,0,0,0,1,1,1,0,"leaf",0,0,1,0,0,0,2.571428571,0,0,"leaf",2,"l","i","p"
"Crassula cotyledonis","Crassula cotyledonis","CRASSULACEAE","Crassula cotyledonis","Thunb.","Crassulaceae",1,0,"Perennial",1,0,1,0,0,0,0,0,0,"Nov","Jan",NA,NA,20,1,0,0,0,0,0,0,0,0,0,0,0,1,1,1,0,"leaf",0,1,0,0,0,0,5.2,0,0,"leaf",2,"l","i","p"
"Crassula cultrata","Crassula cultrata","CRASSULACEAE","Crassula cultrata","L.","Crassulaceae",1,0,"Perennial",1,0,1,0,0,0,0,0,0,"Dec","Jan",NA,NA,80,0,0,0,1,0,0,0,0,0,0,0,0,1,1,1,0,"leaf",0,1,0,0,0,0,6.2,0,0,"leaf",2,"l","i","p"
"Crassula cymosa","Crassula cymosa","CRASSULACEAE","Crassula cymosa","P.J.Bergius","Crassulaceae",1,0,"Perennial",1,0,1,0,0,0,0,0,0,"Oct","Jan",NA,NA,25,0,0,0,1,0,0,0,0,0,0,0,0,1,1,1,0,"leaf",1,1,0,0,0,0,14.46,0,0,"leaf",2,"l","i","p"
"Crassula decumbens","Crassula decumbens","CRASSULACEAE","Crassula decumbens","Thunb.","Crassulaceae",0,1,"Annual",1,0,1,0,0,0,0,0,0,"Sep","Nov",NA,NA,12,1,0,0,0,0,0,0,0,0,0,0,0,1,1,1,0,"leaf",0,1,0,0,0,0,NA,0,0,"leaf",2,"l","i","p"
"Crassula dejecta","Crassula dejecta","CRASSULACEAE","Crassula undulata","Haw.","Crassulaceae",1,0,"Perennial",1,0,1,0,0,0,0,0,0,"Nov","Feb",NA,NA,40,0,0,0,1,0,0,0,0,0,0,0,0,1,1,1,0,"leaf",0,0,1,0,0,0,1.64,0,0,"leaf",2,"l","i","p"
"Crassula dentata","Crassula dentata","CRASSULACEAE","Crassula dentata","Thunb.","Crassulaceae",1,0,"Perennial",1,0,1,0,0,0,0,0,0,"Sep","Nov",NA,NA,15,0,1,0,0,0,0,0,0,0,0,0,0,1,1,1,0,"leaf",0,0,1,0,0,0,NA,0,0,"leaf",2,"l","i","p"
"Crassula ericoides","Crassula ericoides","CRASSULACEAE","Crassula ericoides","Haw.","Crassulaceae",1,0,"Perennial",1,0,1,0,0,0,0,0,0,"Dec","Mar",NA,NA,40,1,0,0,0,0,0,0,0,0,0,0,0,1,1,1,0,"leaf",0,1,1,0,0,0,0.496666667,0,0,"leaf",2,"l","i","p"
"Crassula expansa","Crassula expansa","CRASSULACEAE","Crassula expansa","Aiton","Crassulaceae",1,0,"Perennial",1,0,1,0,0,0,0,0,0,"Jul","Dec",NA,NA,40,1,0,0,0,0,0,0,0,0,0,0,0,1,1,1,0,"leaf",0,0,1,0,0,0,NA,0,0,"leaf",1,"l","i","p"
"Crassula fascicularis","Crassula fascicularis","CRASSULACEAE","Crassula fascicularis","Lam.","Crassulaceae",1,0,"Perennial",1,0,1,0,0,0,0,0,0,"Sep","Nov",NA,NA,40,0,0,0,1,0,0,0,0,0,0,0,0,1,1,1,0,"leaf",0,1,0,0,0,0,2.222222222,0,0,"leaf",2,"l","i","p"
"Crassula flava","Crassula flava","CRASSULACEAE","Crassula flava","L.","Crassulaceae",1,0,"Perennial",1,0,1,0,0,0,0,0,0,"Dec","Feb",NA,NA,40,0,0,0,1,0,0,0,0,0,0,0,0,1,1,1,0,"leaf",0,1,0,0,0,0,NA,0,0,"leaf",2,"l","i","p"
"Crassula lactea","Crassula lactea","CRASSULACEAE","Crassula lactea","Aiton","Crassulaceae",1,0,"Perennial",1,0,1,0,0,0,0,0,0,"May","Jul",NA,NA,15,1,0,0,0,0,0,0,0,0,0,0,0,1,1,1,0,"leaf",0,0,1,0,0,0,4.4,0,0,"leaf",2,"l","i","p"
"Crassula lanceolata","Crassula lanceolata","CRASSULACEAE","Crassula schimperi var. illecebroides","(Welw. ex Hiern.) G.D.Rowley","Crassulaceae",1,0,"Perennial",1,0,1,0,0,0,0,0,0,"Dec","Jul",NA,NA,15,1,0,0,0,0,0,0,0,0,0,0,0,1,1,1,0,"leaf",0,1,0,0,0,0,NA,0,0,"leaf",2,"l","i","p"
"Crassula mollis","Crassula mollis","CRASSULACEAE","Crassula mollis","Thunb.","Crassulaceae",1,0,"Perennial",1,0,1,0,0,0,0,0,0,"Dec","Feb",NA,NA,50,0,0,0,1,0,0,0,0,0,0,0,0,1,1,1,0,"leaf",1,0,0,0,0,0,2.456666667,0,0,"leaf",2,"l","i","p"
"Crassula muscosa","Crassula muscosa","CRASSULACEAE","Crassula muscosa","L.","Crassulaceae",1,0,"Perennial",1,0,1,0,0,0,0,0,0,"Oct","Feb",NA,NA,50,1,0,0,0,0,0,0,0,0,0,0,0,1,1,1,0,"leaf",0,0,1,0,0,0,0.242777778,0,0,"leaf",3,"l","i","p"
"Crassula nudicaulis","Crassula nudicaulis","CRASSULACEAE","Crassula nudicaulis","L.","Crassulaceae",1,0,"Perennial",1,0,1,0,0,0,0,0,0,"Sep","Dec",NA,NA,20,1,0,0,0,0,0,0,0,0,0,0,0,1,1,1,0,"leaf",0,0,1,0,0,0,9.1,0,0,"leaf",2,"l","i","p"
"Crassula obtusa","Crassula obtusa","CRASSULACEAE","Crassula obtusa","Haw.","Crassulaceae",1,0,"Perennial",1,0,1,0,0,0,0,0,0,"Nov","Jan",NA,NA,15,0,0,0,1,0,0,0,0,0,0,0,0,1,1,1,0,"leaf",0,1,1,0,0,0,NA,0,0,"leaf",2,"l","i","p"
"Crassula orbicularis","Crassula orbicularis","CRASSULACEAE","Crassula orbicularis","L.","Crassulaceae",1,0,"Perennial",1,0,1,0,0,0,0,0,0,"Jun","Nov",NA,NA,25,1,0,0,0,0,0,0,0,0,0,0,0,1,1,1,0,"leaf",0,0,1,0,0,0,6.933333333,0,0,"leaf",2,"l","i","p"
"Crassula ovata","Crassula ovata","CRASSULACEAE","Crassula ovata","Druce","Crassulaceae",1,0,"Perennial",1,0,1,0,0,0,0,0,0,"Jun","Aug",NA,NA,200,0,0,0,0,0,1,0,0,0,0,0,0,1,1,1,0,"leaf",0,0,1,0,0,0,3.785714286,0,0,"leaf",3,"l","i","p"
"Crassula pellucida","Crassula pellucida","CRASSULACEAE","Crassula pellucida","L.","Crassulaceae",1,1,"Both",1,0,1,0,0,0,0,0,0,"Sep","Feb",NA,NA,5,1,0,0,0,0,0,0,0,0,0,0,0,1,1,1,0,"leaf",0,0,1,0,0,0,1.8,0,0,"leaf",1,"l","i","p"
"Crassula perfoliata","Crassula perfoliata","CRASSULACEAE","Crassula perfoliata","L.","Crassulaceae",1,0,"Perennial",1,0,1,0,0,0,0,0,0,"Oct","Jan",NA,NA,150,1,0,0,0,0,0,0,0,0,0,0,0,1,1,1,0,"leaf",0,1,0,0,0,0,NA,0,0,"leaf",3,"l","i","p"
"Crassula perforata","Crassula perforata","CRASSULACEAE","Crassula perforata","Thunb.","Crassulaceae",1,0,"Perennial",1,0,1,0,0,0,0,0,0,"Nov","Apr",NA,NA,60,0,0,0,1,0,0,0,0,0,0,0,0,1,1,1,0,"leaf",0,1,1,0,0,0,1.433333333,0,0,"leaf",3,"l","i","p"
"Crassula pubescens","Crassula pubescens","CRASSULACEAE","Crassula pubescens","Thunb.","Crassulaceae",1,0,"Perennial",1,0,1,0,0,0,0,0,0,"Sep","Nov",NA,NA,30,0,0,0,1,0,0,0,0,0,0,0,0,1,1,1,0,"leaf",0,0,1,0,0,0,4.333333333,0,0,"leaf",2,"l","i","p"
"Crassula rogersii","Crassula rogersii","CRASSULACEAE","Crassula rogersii","Schönland","Crassulaceae",1,0,"Perennial",1,0,1,0,0,0,0,0,0,"Dec","Mar",NA,NA,30,0,0,0,1,0,0,0,0,0,0,0,0,1,1,1,0,"leaf",0,1,0,0,0,0,5.2,0,0,"leaf",3,"l","i","p"
"Crassula rupestris","Crassula rupestris","CRASSULACEAE","Crassula rupestris","Thunb.","Crassulaceae",1,0,"Perennial",1,0,1,0,0,0,0,0,0,"Jun","Oct",NA,NA,50,0,0,0,1,0,0,0,0,0,0,0,0,1,1,1,0,"leaf",0,1,1,0,0,0,1.632857143,0,0,"leaf",3,"l","i","p"
"Crassula saxifraga","Crassula saxifraga","CRASSULACEAE","Crassula saxifraga","Harv.","Crassulaceae",1,0,"Perennial",1,0,1,0,0,0,0,0,0,"Apr","Jun",NA,NA,25,0,1,0,0,0,0,0,0,0,0,0,0,1,1,1,0,"leaf",0,0,1,0,0,0,NA,0,0,"leaf",2,"l","i","p"
"Crassula sebaeoides","Crassula sebaeoides","CRASSULACEAE","Crassula sebaeoides","(Eckl. & Zeyh.) Toelken","Crassulaceae",0,1,"Annual",1,0,1,0,0,0,0,0,0,"Sep","Nov",NA,NA,8,1,0,0,0,0,0,0,0,0,0,0,0,1,1,1,0,"leaf",0,0,1,0,0,0,NA,0,0,"leaf",0,"l","i","p"
"Crassula subulata","Crassula subulata","CRASSULACEAE","Crassula subulata","L.","Crassulaceae",1,0,"Perennial",1,0,1,0,0,0,0,0,0,"Oct","Dec",NA,NA,100,0,0,0,1,0,0,0,0,0,0,0,0,1,1,1,0,"leaf",0,1,0,0,0,0,NA,0,0,"leaf",2,"l","i","p"
"Crassula tecta","Crassula tecta","CRASSULACEAE","Crassula tecta","Thunb.","Crassulaceae",1,0,"Perennial",1,0,1,0,0,0,0,0,0,"Apr","Jun",NA,NA,10,1,0,0,0,0,0,0,0,0,0,0,0,1,1,1,0,"leaf",0,1,0,0,0,0,NA,0,0,"leaf",3,"l","i","p"
"Crassula tetragona","Crassula tetragona","CRASSULACEAE","Crassula tetragona","L.","Crassulaceae",1,0,"Perennial",1,0,1,0,0,0,0,0,0,"Dec","Mar",NA,NA,100,1,0,0,0,0,0,0,0,0,0,0,0,1,1,1,0,"leaf",0,1,0,0,0,0,1.566666667,0,0,"leaf",2,"l","i","p"
"Crotalaria capensis","Crotalaria capensis","FABACEAE","Crotalaria capensis","Jacq.","Fabaceae",1,0,"Perennial",1,0,1,0,0,0,0,0,0,"May","Dec",NA,NA,300,0,0,0,0,0,1,0,0,0,0,0,0,0,0,0,0,"leaf",0,0,1,1,0,0,NA,0,0,"leaf",2,"m","i","p"
"Crotalaria lebeckioides","Crotalaria lebeckioides","FABACEAE","Crotalaria lebeckioides","Bond","Fabaceae",1,0,"Perennial",1,0,1,0,0,0,0,0,0,"Jul","Dec",NA,NA,100,0,0,0,1,0,0,0,0,0,0,0,0,0,0,0,0,"leaf",1,0,0,1,0,0,NA,0,0,"leaf",2,"m","i","p"
"Cullumia aculeata","Cullumia aculeata","ASTERACEAE","Cullumia aculeata","(Houtt.) Roessler","Asteraceae",1,0,"Perennial",1,0,1,0,0,0,0,1,0,"Sep","Mar",NA,NA,100,0,0,0,1,0,0,0,1,0,0,0,0,0,0,0,0,"leaf",0,1,0,0,0,0,2.85,0,0,"leaf",1,"h","i","i"
"Cullumia bisulca","Cullumia bisulca","ASTERACEAE","Cullumia bisulca","Less.","Asteraceae",1,0,"Perennial",1,0,1,0,0,0,0,0,0,"Aug","Nov",NA,NA,100,0,0,0,1,0,0,0,0,0,0,0,0,0,0,0,0,"leaf",0,1,0,0,0,0,NA,0,0,"leaf",1,"h","i","i"
"Cullumia decurrens","Cullumia decurrens","ASTERACEAE","Cullumia decurrens","Less.","Asteraceae",1,0,"Perennial",1,0,1,0,0,0,0,0,0,"Aug","Jan",NA,NA,90,0,0,0,1,0,0,0,0,0,0,0,0,0,0,0,0,"leaf",0,1,0,0,0,0,NA,0,0,"leaf",2,"h","i","i"
"Cullumia squarrosa","Cullumia squarrosa","ASTERACEAE","Cullumia squarrosa","R.Br.","Asteraceae",1,0,"Perennial",1,0,1,0,0,0,0,0,0,"Sep","Nov",NA,NA,50,0,0,0,1,0,0,0,0,0,0,0,0,0,0,0,0,"leaf",0,1,0,0,0,0,1.666666667,0,0,"leaf",3,"h","i","i"
"Cunonia capensis","Cunonia capensis","CUNONIACEAE","Cunonia capensis","L.","Cunoniaceae",1,0,"Perennial",1,0,1,0,0,0,0,1,0,"Mar","Jun",NA,NA,3000,0,0,0,0,0,0,1,0,0,0,0,0,0,0,0,0,"leaf",0,0,1,1,0,0,9.99,0,0,"leaf",3,"l","i","m"
"Curtisia dentata","Curtisia dentata","CORNACEAE","Curtisia dentata","(Burm.f.) C.A.Sm.","Curtisiaceae",1,0,"Perennial",1,0,1,0,0,0,0,1,0,"Jan","Feb",NA,NA,1300,0,0,0,0,0,0,1,0,0,0,0,0,0,0,0,0,"leaf",0,0,1,0,0,0,11.64,0,0,"leaf",3,"l","i","m"
"Cuscuta africana","Cuscuta africana","CONVOLVULACEAE","Cuscuta africana","Krauss ex Engelm.","Convolvulaceae",1,1,"Both",1,0,1,0,0,0,0,0,0,"Oct","Dec",NA,NA,100,1,0,0,0,0,0,0,1,1,0,1,0,0,0,0,0,"leaf",0,0,0,0,0,0,NA,1,1,"leaf",2,"l","u","u"
"Cussonia spicata","Cussonia spicata","ARALIACEAE","Cussonia spicata","Thunb.","Araliaceae",1,0,"Perennial",1,0,1,0,0,0,0,0,0,"Nov","May",NA,NA,1000,0,0,0,0,0,0,1,0,0,0,0,0,1,0,1,0,"leaf",0,0,1,1,1,1,16.27142857,0,0,"leaf",3,"l","i","m"
"Cussonia thyrsiflora","Cussonia thyrsiflora","ARALIACEAE","Cussonia thyrsiflora","Thunb.","Araliaceae",1,0,"Perennial",1,0,1,0,0,0,0,1,0,"Nov","Jan",NA,NA,500,0,0,0,0,1,1,1,0,0,0,0,0,1,0,0,0,"leaf",0,0,1,1,0,0,7.825,0,0,"leaf",3,"l","i","m"
"Cyanella lutea","Cyanella lutea","TECOPHILAEACEAE","Cyanella lutea","L.f.","Tecophilaeaceae",1,0,"Perennial",1,0,1,0,0,1,0,1,0,"Sep","Oct",NA,NA,25,0,1,0,0,0,0,0,0,0,0,0,0,0,0,0,0,"leaf",0,1,0,0,0,0,9.866666667,0,0,"leaf",2,"l","i","w"
"Cyanotis speciosa","Cyanotis speciosa","COMMELINACEAE","Cyanotis speciosa","(L.f.) Hassk.","Commelinaceae",1,0,"Perennial",1,0,1,0,0,0,0,0,0,"Nov","May",NA,NA,50,1,0,0,0,0,0,0,0,0,0,0,0,0,0,0,0,"leaf",0,1,0,0,0,0,NA,0,0,"leaf",2,"l","i","u"
"Cyathocoma ecklonii","Cyathocoma ecklonii","CYPERACEAE","Cyathocoma ecklonii","Nees","Cyperaceae",1,0,"Perennial",1,0,1,0,0,0,0,1,0,"Nov","Apr",NA,NA,125,0,0,1,0,0,0,0,0,0,0,0,0,0,0,0,0,"leaf",0,1,0,0,0,0,62.36,0,0,"mixed",3,"l","w","p"
"Cyclopia bowieana","Cyclopia bowieana","FABACEAE","Cyclopia bowieana","Harv.","Fabaceae",1,0,"Perennial",1,0,1,0,0,1,0,1,0,"Oct","Dec",NA,NA,180,0,0,0,0,1,0,0,0,0,0,0,0,0,0,0,0,"leaf",0,1,0,1,0,0,NA,0,0,"leaf",3,"h","i","p"
"Cyclopia intermedia","Cyclopia intermedia","FABACEAE","Cyclopia intermedia","E.Mey.","Fabaceae",1,0,"Perennial",1,0,1,0,0,1,0,1,0,"Sep","Nov",NA,NA,200,0,0,0,0,0,1,0,0,0,0,0,0,0,0,0,0,"leaf",0,1,0,1,0,0,1.938571429,0,0,"leaf",3,"h","i","p"
"Cyclopia sessiliflora","Cyclopia sessiliflora","FABACEAE","Cyclopia sessiliflora","Eckl. & Zeyh.","Fabaceae",1,0,"Perennial",1,0,1,0,0,1,0,1,0,"Apr","Sep",NA,NA,100,0,0,0,1,0,0,0,0,0,0,0,0,0,0,0,0,"leaf",0,0,1,1,0,0,NA,0,0,"leaf",3,"h","i","p"
"Cyclopia subternata","Cyclopia subternata","FABACEAE","Cyclopia subternata","Vogel","Fabaceae",1,0,"Perennial",1,0,1,0,0,1,0,1,0,"Sep","Sep",NA,NA,350,0,0,0,0,0,1,0,0,0,0,0,0,0,0,0,0,"leaf",0,0,1,1,0,0,NA,0,0,"leaf",3,"h","i","p"
"Cymbopogon marginatus","Cymbopogon marginatus","POACEAE","Cymbopogon marginatus","(Steud.) Stapf ex Burtt Davy","Poaceae",1,0,"Perennial",1,0,1,0,0,0,0,0,0,"Oct","May",NA,NA,80,0,0,1,0,0,0,0,0,0,0,0,0,0,0,0,0,"leaf",1,0,0,0,0,0,32.26296296,0,0,"leaf",2,"h","w","w"
"Cynanchum africanum","Cynanchum africanum","APOCYNACEAE","Cynanchum africanum","(L.) Hoffmanns.","Apocynaceae",1,0,"Perennial",1,0,1,0,0,0,0,0,0,"Jun","Dec",NA,NA,60,0,0,0,0,0,0,0,0,1,0,0,1,0,0,0,0,"leaf",0,0,1,0,0,0,NA,0,1,"mixed",2,"l","i","w"
"Cynanchum obtusifolium","Cynanchum obtusifolium","APOCYNACEAE","Cynanchum obtusifolium","L.f.","Apocynaceae",1,0,"Perennial",1,0,1,0,0,0,0,1,0,"Jan","Dec",NA,NA,300,0,0,0,0,0,0,0,0,1,0,0,1,0,0,0,0,"leaf",0,0,1,0,0,0,NA,0,1,"mixed",2,"l","i","w"
"Cynodon dactylon","Cynodon dactylon","POACEAE","Cynodon dactylon","(L.) Pers.","Poaceae",1,0,"Perennial",1,0,1,0,0,0,0,1,0,"Sep","May",NA,NA,40,0,0,1,0,0,0,0,0,0,0,0,0,0,0,0,0,"leaf",1,0,0,1,0,0,7.954545455,0,1,"leaf",2,"l","i","w"
"Cyperus thunbergii","Mariscus thunbergii","CYPERACEAE","Cyperus thunbergii","Vahl","Cyperaceae",1,0,"Perennial",1,0,1,0,0,0,0,1,0,"Jun","Dec",NA,NA,150,0,0,1,0,0,0,0,0,0,0,0,0,0,0,0,0,"leaf",0,1,0,0,0,0,NA,0,0,"leaf",3,"h","w","p"
"Cyperus uitenhagensis","Mariscus uitenhagensis","CYPERACEAE","Cyperus uitenhagensis","(Steud.) C.Archer & Goetgh.","Cyperaceae",1,0,"Perennial",1,0,1,0,0,0,0,1,0,"Oct","Mar",NA,NA,25,0,0,1,0,0,0,0,0,0,0,0,0,0,0,0,0,"leaf",1,0,0,0,0,0,NA,0,0,"leaf",2,"l","w","p"
"Cyphia angustiloba","Cyphia volubilis","CAMPANULACEAE","Cyphia volubilis","Willd.","Campanulaceae",1,0,"Perennial",1,0,1,0,0,1,0,1,0,"Aug","Oct",NA,NA,50,1,1,0,0,0,0,0,0,1,0,0,0,0,0,0,0,"leaf",0,1,0,1,1,0,NA,0,1,"mixed",2,"l","i","p"
"Cyphia digitata","Cyphia digitata","CAMPANULACEAE","Cyphia digitata","Willd.","Campanulaceae",1,0,"Perennial",1,0,1,0,1,1,0,1,0,"Jul","Oct",NA,NA,50,1,1,0,0,0,0,0,0,0,0,0,0,0,0,0,0,"leaf",0,1,0,0,1,0,4.166666667,0,1,"mixed",2,"l","i","p"
"Cyphia linarioides","Cyphia bulbosa","CAMPANULACEAE","Cyphia linarioides","C.Presl","Campanulaceae",1,0,"Perennial",1,0,1,0,1,1,1,1,0,"Aug","Nov",NA,NA,30,1,1,0,0,0,0,0,0,0,0,0,0,0,0,0,0,"leaf",1,0,0,0,0,0,2.566666667,0,1,"mixed",2,"l","i","p"
"Cyphia undulata","Cyphia undulata","CAMPANULACEAE","Cyphia undulata","Eckl. ex C.Presl","Campanulaceae",1,0,"Perennial",1,0,1,0,1,1,0,1,0,"Apr","Oct",NA,NA,50,1,1,0,0,0,0,0,0,1,0,0,0,0,0,0,0,"leaf",0,1,0,0,0,0,NA,0,1,"mixed",2,"l","i","p"
"Cyphia zeyheriana","Cyphia zeyheriana","CAMPANULACEAE","Cyphia zeyheriana","C.Presl","Campanulaceae",1,0,"Perennial",1,0,1,0,1,1,0,1,0,"Aug","Oct",NA,NA,50,1,1,0,0,0,0,0,0,1,0,0,0,0,0,0,0,"leaf",0,1,0,1,1,0,NA,0,1,"mixed",2,"l","i","p"
"Cysticapnos cracca","Cysticapnos cracca","FUMARIACEAE","Cysticapnos cracca","(Cham. & Schltdl.) Lidén","Papaveraceae",0,1,"Annual",1,0,0,1,1,1,0,0,0,"Sep","Nov",NA,NA,100,1,0,0,0,0,0,0,1,0,0,0,0,0,0,0,0,"leaf",0,1,0,1,0,0,NA,0,0,"leaf",2,"l","i","m"
"Dasispermum hispidum","Sonderina hispida","APIACEAE","Dasispermum hispidum","(Thunb.) Magee & B.-E.van Wyk","Apiaceae",0,1,"Annual",1,0,0,1,1,1,0,0,0,"Sep","Jan",NA,NA,45,1,0,0,0,0,0,0,0,0,0,0,0,0,0,0,0,"leaf",1,0,0,1,0,1,NA,0,0,"leaf",1,"l","i","p"
"Delosperma ecklonis","Delosperma ecklonis","AIZOACEAE","Delosperma ecklonis","(Salm-Dyck) Schwantes","Aizoaceae",1,0,"Perennial",1,0,1,0,0,1,0,0,0,"Jul","Oct",NA,NA,20,0,0,0,1,0,0,0,0,0,0,0,0,1,1,1,0,"leaf",1,0,0,0,0,0,25,0,0,"leaf",2,"l","i","p"
"Delosperma multiflorum","Delosperma multiflorum","AIZOACEAE","Delosperma multiflorum","L.Bolus","Aizoaceae",1,0,"Perennial",1,0,1,0,0,1,0,0,0,"Mar","Jul",NA,NA,20,0,0,0,1,0,0,0,0,0,0,0,0,1,1,1,0,"leaf",1,0,0,0,0,0,NA,0,0,"leaf",2,"l","i","p"
"Diascia patens","Diascia patens","SCROPHULARIACEAE","Diascia patens","(Thunb.) Grant ex Fourc.","Scrophulariaceae",1,0,"Perennial",1,0,1,0,0,1,0,0,0,"Jul","Sep",NA,NA,100,1,0,0,0,0,0,0,0,0,0,0,0,0,0,0,0,"leaf",1,0,1,0,0,0,NA,0,0,"leaf",2,"l","i","p"
"Diastella divaricata","Diastella divaricata","PROTEACEAE","Diastella divaricata","(P.J.Bergius) Rourke","Proteaceae",1,0,"Perennial",1,0,1,0,0,1,0,0,0,"Jan","Dec",NA,NA,50,0,0,0,1,0,0,0,1,0,0,0,0,0,0,0,0,"leaf",0,0,1,0,0,0,0.741666667,0,0,"leaf",2,"h","i","i"
"Diastella thymelaeoides","Diastella thymelaeoides","PROTEACEAE","Diastella thymelaeoides","(P.J.Bergius) Rourke","Proteaceae",1,0,"Perennial",1,0,1,0,0,0,0,0,0,"Aug","Nov",NA,NA,150,0,0,0,0,1,0,0,0,0,0,0,0,0,0,0,0,"leaf",0,0,1,0,0,0,1.716,0,0,"leaf",2,"h","i","i"
"Didymodoxa capensis","Didymodoxa capensis","URTICACEAE","Didymodoxa capensis","(L.f.) Friis & Wilmot-Dear","Urticaceae",0,1,"Annual",1,0,0,1,1,1,0,0,0,"Aug","Nov",NA,NA,30,1,0,0,0,0,0,0,0,0,0,0,0,0,0,0,0,"leaf",0,0,1,0,0,0,NA,0,0,"leaf",0,"l","i","u"
"Digitaria eriantha","Digitaria eriantha","POACEAE","Digitaria eriantha","Steud.","Poaceae",1,0,"Perennial",1,0,1,0,0,1,0,1,0,"Jan","Apr",NA,NA,100,0,0,1,0,0,0,0,0,0,0,0,0,0,0,0,0,"leaf",1,1,0,1,0,0,20.67777778,0,0,"leaf",1,"h","w","w"
"Dilatris corymbosa","Dilatris corymbosa","HAEMODORACEAE","Dilatris corymbosa","P.J.Bergius","Haemodoraceae",1,0,"Perennial",1,0,1,0,0,0,0,1,0,"Aug","Jan",NA,NA,60,0,1,0,0,0,0,0,0,0,0,0,0,0,0,0,0,"leaf",0,1,0,0,0,0,31.56666667,0,0,"leaf",3,"m","i","w"
"Dilatris ixioides","Dilatris ixioides","HAEMODORACEAE","Dilatris ixioides","Lam.","Haemodoraceae",1,0,"Perennial",1,0,1,0,0,1,0,1,0,"Sep","Feb",NA,NA,40,0,1,0,0,0,0,0,0,0,0,0,0,0,0,0,0,"leaf",1,0,0,0,0,0,NA,0,0,"leaf",3,"m","i","w"
"Dilatris pillansii","Dilatris pillansii","HAEMODORACEAE","Dilatris pillansii","W.F.Barker","Haemodoraceae",1,0,"Perennial",1,0,1,0,0,0,0,1,0,"Aug","Jan",NA,NA,45,0,1,0,0,0,0,0,0,0,0,0,0,0,0,0,0,"leaf",1,0,0,0,0,0,21.07857143,0,0,"leaf",3,"m","i","w"
"Dimorphotheca acutifolia","Dimorphotheca acutifolia","ASTERACEAE","Dimorphotheca acutifolia","Hutch.","Asteraceae",1,0,"Perennial",1,0,1,0,0,0,0,0,0,"Aug","Nov",NA,NA,50,0,0,0,1,0,0,0,0,0,0,0,0,0,0,0,0,"leaf",0,1,0,0,0,0,3.094,0,0,"leaf",2,"m","i","w"
"Dimorphotheca nudicaulis","Dimorphotheca nudicaulis","ASTERACEAE","Dimorphotheca nudicaulis","DC.","Asteraceae",1,0,"Perennial",1,0,1,0,0,0,0,0,0,"Aug","Oct",NA,NA,30,0,0,0,1,0,0,0,0,0,0,0,0,0,0,0,0,"leaf",0,1,0,0,0,0,6.82,0,0,"leaf",2,"m","i","w"
"Dioscorea elephantipes","Dioscorea elephantipes","DIOSCOREACEAE","Dioscorea elephantipes","(L'Hér.) Engl.","Dioscoreaceae",1,0,"Perennial",1,0,0,1,0,0,0,1,0,"Nov","Feb",NA,NA,90,1,0,0,0,0,0,0,0,0,0,0,0,1,0,0,1,"leaf",0,0,1,0,0,0,NA,0,0,"leaf",3,"l","i","w"
"Diosma acmaeophylla","Diosma acmaeophylla","RUTACEAE","Diosma acmaephylla","Eckl. & Zeyh.","Rutaceae",1,0,"Perennial",1,0,1,0,0,0,0,1,0,"Aug","Oct",NA,NA,250,0,0,0,0,0,1,0,0,0,0,0,0,0,0,0,0,"leaf",1,0,0,0,0,0,15.929,0,0,"leaf",2,"h","i","p"
"Diosma hirsuta","Diosma hirsuta","RUTACEAE","Diosma hirsuta","L.","Rutaceae",1,0,"Perennial",1,0,1,0,0,0,0,1,0,"Sep","Nov",NA,NA,50,0,0,0,1,0,0,0,0,0,0,0,0,0,0,0,0,"leaf",1,0,0,0,0,0,0.914444444,0,0,"leaf",2,"h","i","p"
"Diosma meyeriana","Diosma meyeriana","RUTACEAE","Diosma meyeriana","Spreng.","Rutaceae",1,0,"Perennial",1,0,1,0,0,0,0,1,0,"Jul","Dec",NA,NA,100,0,0,0,1,0,0,0,0,0,0,0,0,0,0,0,0,"leaf",0,1,0,0,0,0,NA,0,0,"leaf",2,"h","i","p"
"Diosma oppositifolia","Diosma oppositifolia","RUTACEAE","Diosma oppositifolia","L.","Rutaceae",1,0,"Perennial",1,0,1,0,0,0,0,1,0,"Sep","Jan",NA,NA,100,0,0,0,1,0,0,0,0,0,0,0,0,0,0,0,0,"leaf",0,1,0,0,0,0,0.508181818,0,0,"leaf",3,"h","i","p"
"Diosma prama","Diosma prama","RUTACEAE","Diosma prama","I.Williams","Rutaceae",1,0,"Perennial",1,0,1,0,0,0,0,0,0,"Sep","Dec",NA,NA,40,0,0,0,1,0,0,0,0,0,0,0,0,0,0,0,0,"leaf",1,0,0,0,0,0,0.283333333,0,0,"leaf",2,"h","i","p"
"Diosma rourkei","Diosma rourkei","RUTACEAE","Diosma rourkei","I.Williams","Rutaceae",1,0,"Perennial",1,0,1,0,0,0,0,0,0,"Jun","Aug",NA,NA,300,0,0,0,1,0,0,0,0,0,0,0,0,0,0,0,0,"leaf",0,1,0,0,0,0,NA,0,0,"leaf",2,"h","i","p"
"Diosma tenella","Diosma tenella","RUTACEAE","Diosma tenella","I.Williams","Rutaceae",1,0,"Perennial",1,0,1,0,0,0,0,1,0,"Jun","Dec",NA,NA,50,0,0,0,1,0,0,0,0,0,0,0,0,0,0,0,0,"leaf",0,1,0,0,0,0,NA,0,0,"leaf",2,"h","i","p"
"Diospyros austro-africana","Diospyros austro-africana","EBENACEAE","Diospyros pubescens","Pers.","Ebenaceae",1,0,"Perennial",0,1,1,0,0,0,0,1,0,"Aug","Oct",NA,NA,300,0,0,0,0,0,1,0,0,0,0,0,0,0,0,0,0,"leaf",0,1,0,0,0,0,1.82,0,0,"leaf",3,"h","i","m"
"Diospyros dichrophylla","Diospyros dichrophylla","EBENACEAE","Diospyros dichrophylla","(Gand.) De Winter","Ebenaceae",1,0,"Perennial",0,1,1,0,0,0,0,0,0,"Nov","Mar",NA,NA,1300,0,0,0,0,0,1,1,0,0,0,0,0,0,0,0,0,"leaf",0,1,0,0,0,0,2.916666667,0,0,"leaf",3,"h","i","m"
"Diospyros glabra","Diospyros glabra","EBENACEAE","Diospyros glabra","(L.) De Winter","Ebenaceae",1,0,"Perennial",0,1,1,0,0,0,0,1,0,"Oct","Dec",NA,NA,200,0,0,0,0,0,1,0,0,0,0,0,0,0,0,0,0,"leaf",0,0,1,0,0,0,1.905555556,0,0,"leaf",3,"h","i","m"
"Diospyros scabrida","Diospyros scabrida","EBENACEAE","Diospyros scabrida","(Harv. ex Hiern) De Winter","Ebenaceae",1,0,"Perennial",0,1,1,0,0,0,0,0,0,"Nov","Apr",NA,NA,300,0,0,0,0,0,0,1,0,0,0,0,0,0,0,0,0,"leaf",0,0,1,0,0,0,2.918333333,0,0,"leaf",3,"h","i","m"
"Diospyros whyteana","Diospyros whyteana","EBENACEAE","Diospyros whyteana","(Hiern) F.White","Ebenaceae",1,0,"Perennial",0,1,1,0,0,0,0,0,0,"Aug","Nov",NA,NA,600,0,0,0,0,0,1,1,0,0,0,0,0,0,0,0,0,"leaf",0,0,1,0,0,0,4.8,0,0,"leaf",3,"h","i","m"
"Disa obliqua","Schizodium obliquum","ORCHIDACEAE","Disa obliqua","(Lindl.) Bolus","Orchidaceae",1,0,"Perennial",1,0,0,1,1,1,0,1,0,"Aug","Sep",NA,NA,30,0,1,0,0,0,0,0,0,0,0,0,0,0,0,0,0,"leaf",0,0,1,0,0,0,NA,0,0,"leaf",2,"l","i","p"
"Dischisma ciliatum","Dischisma ciliatum","SCROPHULARIACEAE","Dischisma ciliatum","(P.J.Bergius) Choisy","Scrophulariaceae",1,0,"Perennial",1,0,1,0,1,1,0,0,0,"Aug","Nov",NA,NA,40,0,0,0,1,0,0,0,0,0,0,0,0,0,0,0,0,"leaf",1,0,0,0,0,0,NA,0,0,"leaf",1,"l","i","p"
"Disparago anomala","Disparago anomala","ASTERACEAE","Disparago anomala","Schltr. ex Bolus & Wolley-Dod","Asteraceae",1,0,"Perennial",1,0,1,0,0,0,0,0,0,"Dec","Apr",NA,NA,80,0,0,0,1,0,0,0,0,0,0,0,0,0,0,0,0,"leaf",1,0,0,0,0,0,NA,0,0,"leaf",2,"h","i","w"
"Disparago tortilis","Disparago ericoides","ASTERACEAE","Disparago tortilis","(DC.) Sch.Bip.","Asteraceae",1,0,"Perennial",1,0,1,0,0,0,0,0,0,"Nov","Mar",NA,NA,30,0,0,0,1,0,0,0,0,0,0,0,0,0,0,0,0,"leaf",1,0,0,0,0,0,0.447692308,0,0,"leaf",2,"h","i","w"
"Disperis capensis","Disperis capensis","ORCHIDACEAE","Disperis capensis","(L.) Sw.","Orchidaceae",1,0,"Perennial",1,0,0,1,1,1,0,1,0,"Jul","Sep",NA,NA,50,0,1,0,0,0,0,0,0,0,0,0,0,0,0,0,0,"leaf",0,1,0,0,0,0,NA,0,0,"leaf",2,"l","i","p"
"Disperis paludosa","Disperis paludosa","ORCHIDACEAE","Disperis paludosa","Harv. ex Lindl.","Orchidaceae",1,0,"Perennial",1,0,0,1,1,1,1,1,0,"Nov","Jan",NA,NA,50,0,1,0,0,0,0,0,0,0,0,0,0,0,0,0,0,"leaf",0,1,0,0,0,0,NA,0,0,"leaf",2,"l","i","p"
"Dodonaea viscosa","Dodonaea angustifolia","SAPINDACEAE","Dodonaea viscosa","Jacq.","Sapindaceae",1,0,"Perennial",1,0,1,0,0,0,0,1,0,"Jul","Oct",NA,NA,500,0,0,0,0,0,0,1,0,0,0,0,0,0,0,0,0,"leaf",0,1,0,0,0,0,6.247619048,0,0,"leaf",3,"h","w","w"
"Dolichothrix ericoides","Dolichothrix ericoides","ASTERACEAE","Dolichothrix ericoides","(Lam.) Hilliard & B.L.Burtt","Asteraceae",1,0,"Perennial",1,0,1,0,0,0,0,1,0,"Nov","Feb",NA,NA,70,0,0,0,1,0,0,0,0,0,0,0,0,0,0,0,0,"leaf",1,0,0,0,0,0,NA,0,0,"leaf",3,"m","i","w"
"Drimia capensis","Drimia capensis","HYACINTHACEAE","Drimia capensis","(Burm.f.) Wijnands","Asparagaceae",1,0,"Perennial",1,0,0,1,1,1,0,1,0,"Dec","Mar",NA,NA,200,0,1,0,0,0,0,0,0,0,0,0,0,0,0,0,0,"leaf",0,1,1,0,0,0,NA,0,0,"leaf",3,"l","i","w"
"Drimia intricata","Drimia intricata","HYACINTHACEAE","Drimia intricata","(Baker) J.C.Manning & Goldblatt","Asparagaceae",1,0,"Perennial",1,0,0,1,1,1,0,1,0,"Jan","Mar",NA,NA,50,0,1,0,0,0,0,0,0,0,0,0,0,0,0,0,0,"leaf",1,0,0,0,0,0,NA,0,0,"leaf",2,"l","i","w"
"Drosanthemum candens","Drosanthemum candens","AIZOACEAE","Drosanthemum candens","(Haw.) Schwantes","Aizoaceae",1,0,"Perennial",1,0,1,0,0,1,0,0,0,"Oct","Jan",NA,NA,20,0,0,0,1,0,0,0,1,0,0,0,0,1,1,1,0,"leaf",0,1,0,0,0,0,1.02,0,1,"mixed",2,"l","i","p"
"Drosanthemum delicatulum","Drosanthemum delicatulum","AIZOACEAE","Drosanthemum delicatulum","(L.Bolus) Schwantes","Aizoaceae",1,0,"Perennial",1,0,1,0,0,1,0,0,0,"Oct","Nov",NA,NA,10,0,0,0,1,0,0,0,0,0,0,0,0,1,1,1,0,"leaf",0,0,1,0,0,0,NA,0,1,"leaf",2,"l","i","p"
"Drosanthemum lique","Drosanthemum lique","AIZOACEAE","Drosanthemum lique","(N.E.Br.) Schwantes","Aizoaceae",1,0,"Perennial",1,0,1,0,0,1,0,0,0,"Oct","Feb",NA,NA,45,0,0,0,1,0,0,0,0,0,0,0,0,1,1,1,0,"leaf",0,1,0,0,0,0,NA,0,0,"leaf",3,"l","i","p"
"Drosera aliciae","Drosera aliciae","DROSERACEAE","Drosera aliciae","Raym.-Hamet","Droseraceae",1,0,"Perennial",1,0,1,0,0,0,0,1,0,"Nov","Jan",NA,NA,40,1,0,0,0,0,0,0,0,0,0,0,1,1,1,0,0,"leaf",0,0,1,0,0,0,1.6375,0,0,"leaf",1,"l","i","p"
"Drosera glabripes","Drosera glabripes","DROSERACEAE","Drosera glabripes","(Harv.) Stein","Droseraceae",1,0,"Perennial",1,0,1,0,0,0,0,0,0,"Dec","Jan",NA,NA,30,0,0,0,0,0,0,0,0,0,0,0,1,1,1,0,0,"leaf",0,0,1,0,0,0,NA,0,0,"leaf",1,"l","i","p"
"Drosera trinervia","Drosera trinervia","DROSERACEAE","Drosera trinervia","Spreng.","Droseraceae",1,0,"Perennial",1,0,1,0,0,0,0,0,0,"Aug","Nov",NA,NA,10,1,0,0,0,0,0,0,0,0,0,0,1,1,1,0,0,"leaf",0,1,0,0,0,0,1.1,0,0,"leaf",1,"l","i","p"
"Dyschoriste setigera","Chaetacanthus setiger","ACANTHACEAE","Dyschoriste setigera","(Pers.) Vollesen","Acanthaceae",1,0,"Perennial",1,0,1,0,0,0,0,1,0,"Aug","Jan",NA,NA,30,0,0,0,1,0,0,0,0,0,0,0,0,0,0,0,0,"leaf",0,0,1,0,0,0,NA,0,0,"leaf",2,"l","i","p"
"Edmondia pinifolia","Edmondia pinifolia","ASTERACEAE","Edmondia pinifolia","(Lam.) Hilliard","Asteraceae",1,0,"Perennial",1,0,1,0,0,0,0,0,0,"Sep","Dec",NA,NA,60,0,0,0,1,0,0,0,0,0,0,0,0,0,0,0,0,"leaf",1,0,0,0,0,0,NA,0,0,"leaf",1,"l","i","w"
"Edmondia sesamoides","Edmondia sesamoides","ASTERACEAE","Edmondia sesamoides","(L.) Hilliard","Asteraceae",1,0,"Perennial",1,0,1,0,0,0,0,0,0,"Aug","Dec",NA,NA,30,0,0,0,1,0,0,0,0,0,0,0,0,0,0,0,0,"leaf",1,0,0,0,0,0,1.182105263,0,0,"leaf",1,"l","i","w"
"Ehretia rigida","Ehretia rigida","BORAGINACEAE","Ehretia rigida","Druce","Boraginaceae",1,0,"Perennial",1,0,1,0,0,0,0,1,0,"Aug","Sep",NA,NA,600,0,0,0,0,0,1,1,0,0,0,0,0,0,0,0,0,"leaf",0,0,1,0,0,0,1.99,0,0,"leaf",3,"m","i","m"
"Ehrharta brevifolia","Ehrharta brevifolia","POACEAE","Ehrharta brevifolia","Schrad.","Poaceae",0,1,"Annual",1,0,0,1,1,1,0,0,0,"Aug","Nov",NA,NA,50,0,0,1,0,0,0,0,0,0,0,0,0,0,0,0,0,"leaf",0,1,0,0,0,0,NA,0,1,"mixed",1,"m","w","w"
"Ehrharta bulbosa","Ehrharta bulbosa","POACEAE","Ehrharta bulbosa","Sm.","Poaceae",1,0,"Perennial",1,0,1,0,0,1,1,1,0,"Oct","Dec",NA,NA,70,0,0,1,0,0,0,0,0,0,0,0,0,0,0,0,0,"leaf",0,1,0,0,0,0,17.62,0,1,"mixed",2,"h","w","w"
"Ehrharta calycina","Ehrharta calycina","POACEAE","Ehrharta calycina","Sm.","Poaceae",1,1,"Both",1,0,1,0,0,1,0,1,0,"Jul","Dec",NA,NA,70,0,0,1,0,0,0,0,0,0,0,0,0,0,0,0,0,"leaf",0,1,0,0,0,0,17.15,0,0,"mixed",1,"h","w","w"
"Ehrharta capensis","Ehrharta capensis","POACEAE","Ehrharta capensis","Thunb.","Poaceae",1,0,"Perennial",1,0,1,0,0,1,1,1,0,"Sep","Dec",NA,NA,100,0,0,1,0,0,0,0,0,0,0,0,0,0,0,0,0,"leaf",0,1,0,0,0,0,NA,0,0,"mixed",2,"h","w","w"
"Ehrharta dura","Ehrharta dura","POACEAE","Ehrharta dura","Nees","Poaceae",1,0,"Perennial",1,0,1,0,0,0,1,1,0,"Oct","Feb",NA,NA,80,0,0,1,0,0,0,0,0,0,0,0,0,0,0,0,0,"leaf",0,1,0,0,0,0,26.5625,0,0,"leaf",3,"h","w","w"
"Ehrharta ramosa","Ehrharta ramosa","POACEAE","Ehrharta ramosa","Thunb.","Poaceae",1,0,"Perennial",1,0,1,0,0,0,0,1,0,"Sep","Jan",NA,NA,100,0,0,1,0,0,0,0,0,0,0,0,0,0,0,0,0,"leaf",0,1,0,0,0,0,49.8728125,0,0,"mixed",2,"h","w","w"
"Ehrharta rehmannii","Ehrharta rehmannii","POACEAE","Ehrharta rehmannii","Stapf","Poaceae",1,0,"Perennial",1,0,1,0,0,1,0,0,0,"Aug","Jan",NA,NA,100,0,0,1,0,0,0,0,0,0,0,0,0,0,0,0,0,"leaf",0,1,0,0,0,0,NA,0,0,"mixed",2,"m","w","w"
"Ehrharta rupestris","Ehrharta rupestris","POACEAE","Ehrharta rupestris","Nees","Poaceae",1,0,"Perennial",1,0,1,0,0,1,0,0,0,"Nov","Feb",NA,NA,45,0,0,1,0,0,0,0,0,0,0,0,0,0,0,0,0,"leaf",0,1,0,0,0,0,NA,0,0,"mixed",2,"m","w","w"
"Ehrharta setacea","Ehrharta setacea","POACEAE","Ehrharta setacea","Nees","Poaceae",1,0,"Perennial",1,0,1,0,0,1,0,1,0,"Sep","Jan",NA,NA,6,0,0,1,0,0,0,0,0,0,0,0,0,0,0,0,0,"leaf",0,1,0,0,0,0,5.498,0,0,"mixed",2,"m","w","w"
"Ehrharta villosa","Ehrharta villosa","POACEAE","Ehrharta villosa","Schult.f.","Poaceae",1,0,"Perennial",1,0,1,0,0,0,0,1,0,"Sep","Mar",NA,NA,150,0,0,1,0,0,0,0,0,0,0,0,0,0,0,0,0,"leaf",1,0,0,0,0,0,79.5,0,0,"culm_stem",2,"h","w","w"
"Elaphoglossum angustatum","Elaphoglossum angustatum","LOMARIOPSIDACEAE","Elaphoglossum angustatum","(Schrader) Hieron.","Dryopteridaceae",1,0,"Perennial",1,0,1,0,0,0,0,1,0,NA,NA,NA,NA,25,1,0,0,0,0,0,0,0,0,0,0,0,0,0,0,0,"frond",0,1,0,0,0,0,NA,0,0,"leaf",3,"l","w","w"
"Elegia capensis","Elegia capensis","RESTIONACEAE","Elegia capensis","(Burm.f.) Schelpe","Restionaceae",1,0,"Perennial",0,1,1,0,0,0,0,1,0,"Mar","Nov",NA,NA,200,0,0,1,0,0,0,0,0,0,0,0,0,0,0,0,0,"leaf",1,0,0,0,0,0,22.53333333,1,1,"culm_stem",2,"h","w","p"
"Elegia cuspidata","Elegia cuspidata","RESTIONACEAE","Elegia cuspidata","Mast.","Restionaceae",1,0,"Perennial",0,1,1,0,0,0,0,0,0,"Oct","Jan",NA,NA,100,0,0,1,0,0,0,0,0,0,0,0,0,0,0,0,0,"leaf",1,0,0,0,0,0,75,1,1,"culm_stem",2,"h","w","p"
"Elegia deustum","Chondropetalum deustum","RESTIONACEAE","Elegia deusta","(Rottb.) Kunth","Restionaceae",1,0,"Perennial",0,1,1,0,0,0,0,0,0,"Mar","Apr",NA,NA,70,0,0,1,0,0,0,0,0,0,0,0,0,0,0,0,0,"leaf",1,0,0,0,0,0,NA,1,1,"culm_stem",2,"h","w","p"
"Elegia dregeana","Elegia asperiflora","RESTIONACEAE","Elegia asperiflora","Kunth","Restionaceae",1,0,"Perennial",0,1,1,0,0,0,0,1,0,"Nov","Feb",NA,NA,70,0,0,1,0,0,0,0,0,0,0,0,0,0,0,0,0,"leaf",1,0,0,0,0,0,116.72,1,1,"culm_stem",2,"h","w","p"
"Elegia ebracteata","Chondropetalum ebracteatum","RESTIONACEAE","Elegia ebracteata","(Kunth) Moline & H.P.Linder","Restionaceae",1,0,"Perennial",0,1,1,1,0,0,0,0,0,"Oct","Apr",NA,NA,80,0,0,1,0,0,0,0,0,0,0,0,0,0,0,0,0,"leaf",1,0,0,0,0,0,57.98,1,1,"culm_stem",2,"h","w","p"
"Elegia equisetacea","Elegia equisetacea","RESTIONACEAE","Elegia equisetacea","Mast.","Restionaceae",1,0,"Perennial",0,1,1,0,0,0,0,0,0,"Sep","Sep",NA,NA,100,0,0,1,0,0,0,0,0,0,0,0,0,0,0,0,0,"leaf",1,0,0,0,0,0,14.18,1,1,"culm_stem",2,"h","w","p"
"Elegia filacea","Elegia filacea","RESTIONACEAE","Elegia filacea","Mast.","Restionaceae",1,0,"Perennial",0,1,1,1,0,0,0,0,0,"Feb","Feb",NA,NA,50,0,0,1,0,0,0,0,0,0,0,0,0,0,0,0,0,"leaf",1,0,0,0,0,0,30.55416667,1,1,"culm_stem",2,"h","w","p"
"Elegia fistulosa","Elegia fistulosa","RESTIONACEAE","Elegia fistulosa","Kunth","Restionaceae",1,0,"Perennial",0,1,1,1,0,0,0,0,0,"Apr","Nov",NA,NA,70,0,0,1,0,0,0,0,0,0,0,0,0,0,0,0,0,"leaf",1,0,0,0,0,0,NA,1,1,"culm_stem",2,"h","w","p"
"Elegia galpinii","Elegia galpinii","RESTIONACEAE","Elegia galpinii","N.E.Br.","Restionaceae",1,0,"Perennial",0,1,1,1,0,0,0,1,0,"Aug","Aug",NA,NA,100,0,0,1,0,0,0,0,0,0,0,0,0,0,0,0,0,"leaf",1,0,0,0,0,0,90.08,1,1,"culm_stem",2,"h","w","p"
"Elegia hookeriana","Elegia hookeriana","RESTIONACEAE","Elegia hookeriana","(Mast.) Moline & H.P.Linder","Restionaceae",1,0,"Perennial",0,1,1,0,0,0,0,0,0,"Feb","Mar",NA,NA,80,0,0,1,0,0,0,0,0,0,0,0,0,0,0,0,0,"leaf",1,0,0,0,0,0,33.24,1,1,"culm_stem",2,"h","w","p"
"Elegia juncea","Elegia juncea","RESTIONACEAE","Elegia juncea","L.","Restionaceae",1,0,"Perennial",0,1,1,1,0,0,0,1,0,"Aug","Aug",NA,NA,80,0,0,1,0,0,0,0,0,0,0,0,0,0,0,0,0,"leaf",1,0,0,0,0,0,61.6,1,1,"culm_stem",2,"h","w","p"
"Elegia microcarpa","Chondropetalum microcarpum","RESTIONACEAE","Elegia microcarpa","(Kunth) Moline & H.P.Linder","Restionaceae",1,0,"Perennial",0,1,1,0,0,0,0,0,0,"Apr","Apr",NA,NA,30,0,0,1,0,0,0,0,0,0,0,0,0,0,0,0,0,"leaf",1,0,0,0,0,0,21.16666667,1,1,"culm_stem",2,"h","w","p"
"Elegia mucronata","Chondropetalum mucronatum","RESTIONACEAE","Elegia mucronata","Rchb. ex Kunth","Restionaceae",1,0,"Perennial",0,1,1,0,0,0,0,0,0,"Oct","Nov",NA,NA,200,0,0,1,0,0,0,0,0,0,0,0,0,0,0,0,0,"leaf",1,0,0,0,0,0,160.84,1,1,"culm_stem",2,"h","w","p"
"Elegia neesii","Elegia neesii","RESTIONACEAE","Elegia neesii","Mast.","Restionaceae",1,0,"Perennial",0,1,1,0,0,0,0,0,0,"Oct","Oct",NA,NA,70,0,0,1,0,0,0,0,0,0,0,0,0,0,0,0,0,"leaf",1,0,0,0,0,0,51.12,1,1,"culm_stem",2,"h","w","p"
"Elegia nuda","Chondropetalum nudum","RESTIONACEAE","Elegia nuda","(Rottb.) Kunth","Restionaceae",1,0,"Perennial",0,1,1,0,0,0,0,0,0,"Apr","Jun",NA,NA,50,0,0,1,0,0,0,0,0,0,0,0,0,0,0,0,0,"leaf",1,0,0,0,0,0,32.64285714,1,1,"culm_stem",2,"h","w","p"
"Elegia persistens","Elegia persistens","RESTIONACEAE","Elegia persistens","Mast.","Restionaceae",1,0,"Perennial",0,1,1,0,0,0,0,0,0,"Mar","May",NA,NA,100,0,0,1,0,0,0,0,0,0,0,0,0,0,0,0,0,"leaf",1,0,0,0,0,0,46.21,1,1,"culm_stem",2,"h","w","p"
"Elegia racemosa","Elegia racemosa","RESTIONACEAE","Elegia racemosa","Pers.","Restionaceae",1,0,"Perennial",0,1,1,1,0,0,0,1,0,"Sep","Sep",NA,NA,100,0,0,1,0,0,0,0,0,0,0,0,0,0,0,0,0,"leaf",1,0,0,0,0,0,111.04,1,1,"culm_stem",2,"h","w","p"
"Elegia spathacea","Elegia spathacea","RESTIONACEAE","Elegia spathacea","Mast.","Restionaceae",1,0,"Perennial",0,1,1,0,0,0,0,0,0,"Oct","Feb",NA,NA,60,0,0,1,0,0,0,0,0,0,0,0,0,0,0,0,0,"leaf",1,0,0,0,0,0,42.1,1,1,"culm_stem",2,"h","w","p"
"Elegia stipularis","Elegia stipularis","RESTIONACEAE","Elegia stipularis","Mast.","Restionaceae",1,0,"Perennial",0,1,1,0,0,0,0,0,0,"Jun","Jul",NA,NA,50,0,0,1,0,0,0,0,0,0,0,0,0,0,0,0,0,"leaf",1,0,0,0,0,0,30.99411765,1,1,"culm_stem",2,"h","w","p"
"Elegia tectorum","Chondropetalum tectorum","RESTIONACEAE","Elegia tectorum","(L.f.) Moline & H.P.Linder","Restionaceae",1,0,"Perennial",0,1,1,1,0,0,0,0,0,"Apr","Jun",NA,NA,100,0,0,1,0,0,0,0,0,0,0,0,0,0,0,0,0,"leaf",1,0,0,0,0,0,51.3,1,1,"culm_stem",2,"h","w","p"
"Elegia thyrsifera","Elegia thyrsifera","RESTIONACEAE","Elegia thyrsifera","Pers.","Restionaceae",1,0,"Perennial",0,1,1,1,0,0,0,1,0,"Nov","Jan",NA,NA,100,0,0,1,0,0,0,0,0,0,0,0,0,0,0,0,0,"leaf",1,0,0,0,0,0,77,1,1,"culm_stem",2,"h","w","p"
"Elegia vaginulata","Elegia vaginulata","RESTIONACEAE","Elegia vaginulata","Mast.","Restionaceae",1,0,"Perennial",0,1,1,0,0,0,0,1,0,"Oct","Jan",NA,NA,40,0,0,1,0,0,0,0,0,0,0,0,0,0,0,0,0,"leaf",1,0,0,0,0,0,24.3,1,1,"culm_stem",2,"h","w","p"
"Elytropappus adpressus","Elytropappus adpressus","ASTERACEAE","Dicerothamnus adpressus","(Harv.) Koek.","Asteraceae",1,0,"Perennial",1,0,1,0,0,0,0,0,0,"Mar","Jul",NA,NA,200,0,0,0,0,0,1,0,0,0,0,0,0,0,0,0,0,"leaf",1,0,0,0,0,0,3.08,0,0,"leaf",2,"h","i","w"
"Elytropappus glandulosus","Elytropappus glandulosus","ASTERACEAE","Myrovernix glandulosus","(Less.) Koek.","Asteraceae",1,0,"Perennial",1,0,1,0,0,0,0,0,0,"Mar","Jun",NA,NA,50,0,0,0,1,0,0,0,0,0,0,0,0,0,0,0,0,"leaf",1,0,0,0,0,0,0.916,0,0,"leaf",2,"h","i","w"
"Elytropappus gnaphaloides","Elytropappus gnaphaloides","ASTERACEAE","Myrovernix gnaphaloides","(L.) Koek.","Asteraceae",1,0,"Perennial",1,0,1,0,0,0,0,0,0,"Jan","Apr",NA,NA,50,0,0,0,1,0,0,0,0,0,0,0,0,0,0,0,0,"leaf",1,0,0,0,0,0,0.466,0,0,"leaf",2,"h","i","w"
"Elytropappus intricata","Elytropappus intricata","ASTERACEAE","Elytropappus","Cass.","Asteraceae",1,0,"Perennial",1,0,1,0,0,0,0,0,0,"Apr","Jul",NA,NA,100,0,0,0,0,1,0,0,0,0,0,0,0,0,0,0,0,"leaf",1,0,0,0,0,0,0.255,0,0,"leaf",2,"h","i","w"
"Elytropappus longifolius","Elytropappus longifolius","ASTERACEAE","Myrovernix muricata","(Spreng. ex Sch.Bip.) Koekemoer, ined.","Asteraceae",1,0,"Perennial",1,0,1,0,0,0,0,0,0,"Feb","Apr",NA,NA,100,0,0,0,1,0,0,0,0,0,0,0,0,0,0,0,0,"leaf",1,0,0,0,0,0,1.006,0,0,"leaf",2,"h","i","w"
"Elytropappus rhinocerotis","Elytropappus rhinocerotis","ASTERACEAE","Elytropappus rhinocerotis","Less.","Asteraceae",1,0,"Perennial",1,0,1,0,0,0,0,0,0,"Feb","Apr",NA,NA,200,0,0,0,0,0,1,0,0,0,0,0,0,0,0,0,0,"leaf",1,0,0,0,0,0,0.472380952,0,0,"leaf",2,"h","i","w"
"Elytropappus scaber","Elytropappus scaber","ASTERACEAE","Elytropappus scaber","(L.f.) Levyns","Asteraceae",1,0,"Perennial",1,0,1,0,0,0,0,0,0,"Feb","May",NA,NA,100,0,0,0,1,0,0,0,0,0,0,0,0,0,0,0,0,"leaf",1,0,0,0,0,0,0.388370588,0,0,"leaf",2,"h","i","w"
"Enneapogon scoparius","Enneapogon scoparius","POACEAE","Enneapogon scoparius","Stapf","Poaceae",1,0,"Perennial",1,0,1,0,0,0,0,0,0,"Sep","Mar",NA,NA,35,0,0,1,0,0,0,0,0,0,0,0,0,0,0,0,0,"leaf",1,0,0,0,0,0,8.22,0,0,"leaf",2,"m","w","w"
"Epischoenus adnatus","Epischoenus adnatus","CYPERACEAE","Schoenus adnatus","(Levyns) T.L.Elliott & Muasya","Cyperaceae",1,0,"Perennial",1,0,1,0,0,0,0,1,0,"Feb","Aug",NA,NA,100,0,0,1,0,0,0,0,0,0,0,0,0,0,0,0,0,"leaf",0,0,0,0,0,0,NA,1,1,"culm_stem",2,"h","w","p"
"Epischoenus gracilis","Epischoenus gracilis","CYPERACEAE","Schoenus gracillimus","T.L.Elliott & Muasya","Cyperaceae",1,0,"Perennial",1,0,1,0,0,0,0,1,0,"Dec","Mar",NA,NA,90,0,0,1,0,0,0,0,0,0,0,0,0,0,0,0,0,"leaf",0,0,0,0,0,0,67.62,1,1,"culm_stem",2,"h","w","p"
"Epischoenus quadrangularis","Epischoenus quadrangularis","CYPERACEAE","Schoenus quadrangularis","Boeckeler","Cyperaceae",1,0,"Perennial",1,0,1,0,0,0,0,1,0,"Nov","May",NA,NA,75,0,0,1,0,0,0,0,0,0,0,0,0,0,0,0,0,"leaf",0,0,0,0,0,0,56.875,1,1,"culm_stem",2,"h","w","p"
"Eragrostis capensis","Eragrostis capensis","POACEAE","Eragrostis capensis","(Thunb.) Trin.","Poaceae",1,0,"Perennial",1,0,1,0,0,1,0,1,0,"Sep","Apr",NA,NA,90,0,0,1,0,0,0,0,0,0,0,0,0,0,0,0,0,"leaf",1,0,0,0,0,0,14.11666667,0,0,"leaf",2,"h","w","w"
"Eragrostis curvula","Eragrostis curvula","POACEAE","Eragrostis curvula","(Schrad.) Nees","Poaceae",1,0,"Perennial",1,0,1,0,0,1,0,1,0,"Jan","Dec",NA,NA,100,0,0,1,0,0,0,0,0,0,0,0,0,0,0,0,0,"leaf",1,0,0,0,0,0,35.91666667,0,0,"leaf",2,"h","w","w"
"Eragrostis obtusa","Eragrostis obtusa","POACEAE","Eragrostis obtusa","Munro ex Ficalho & Hiern","Poaceae",1,0,"Perennial",1,0,1,0,0,1,0,0,0,"Jul","May",NA,NA,45,0,0,1,0,0,0,0,0,0,0,0,0,0,0,0,0,"leaf",1,0,0,0,0,0,4.408333333,0,0,"leaf",2,"m","w","w"
"Eragrostis plana","Eragrostis plana","POACEAE","Eragrostis plana","Nees","Poaceae",1,0,"Perennial",1,0,1,0,0,1,0,1,0,"Nov","May",NA,NA,100,0,0,1,0,0,0,0,0,0,0,0,0,0,0,0,0,"leaf",1,0,0,0,0,0,NA,0,0,"leaf",2,"h","w","w"
"Eragrostis racemosa","Eragrostis racemosa","POACEAE","Eragrostis racemosa","(Thunb.) Steud.","Poaceae",1,0,"Perennial",1,0,1,0,0,1,0,1,0,"Aug","May",NA,NA,8,0,0,1,0,0,0,0,0,0,0,0,0,0,0,0,0,"leaf",1,0,0,0,0,0,NA,0,0,"leaf",2,"h","w","w"
"Eragrostis sabulosa","Eragrostis sabulosa","POACEAE","Eragrostis sabulosa","(Steud.) Schweick.","Poaceae",1,0,"Perennial",1,0,1,0,0,1,0,1,0,"Oct","Nov",NA,NA,15,0,0,1,0,0,0,0,0,0,0,0,0,0,0,0,0,"leaf",1,0,0,0,0,0,NA,0,0,"leaf",2,"h","w","w"
"Erepsia anceps","Erepsia anceps","AIZOACEAE","Erepsia anceps","(Haw.) Schwantes","Aizoaceae",1,0,"Perennial",1,0,1,0,0,1,1,0,0,"Dec","Mar",NA,NA,30,0,0,0,1,0,0,0,0,0,0,0,0,1,1,0,0,"leaf",1,0,0,0,0,0,2.38,0,0,"leaf",1,"l","i","p"
"Erepsia aspera","Erepsia aspera","AIZOACEAE","Erepsia aspera","(Haw.) L.Bolus","Aizoaceae",1,0,"Perennial",1,0,1,0,0,1,1,1,0,"Dec","Mar",NA,NA,40,0,0,0,1,0,0,0,0,0,0,0,0,1,1,0,0,"leaf",0,1,0,0,0,0,1.308,0,0,"leaf",2,"l","i","p"
"Erepsia bracteata","Erepsia bracteata","AIZOACEAE","Erepsia bracteata","(Aiton) Schwantes","Aizoaceae",1,0,"Perennial",1,0,1,0,0,1,0,0,0,"Jan","Apr",NA,NA,50,0,0,0,1,0,0,0,0,0,0,0,0,1,1,0,0,"leaf",0,1,0,0,0,0,NA,0,0,"leaf",1,"l","i","p"
"Erepsia distans","Erepsia distans","AIZOACEAE","Erepsia distans","L.Bolus","Aizoaceae",1,0,"Perennial",1,0,1,0,0,1,1,1,0,"Nov","Mar",NA,NA,70,0,0,0,1,0,0,0,0,0,0,0,0,1,1,0,0,"leaf",1,0,0,0,0,0,NA,0,0,"leaf",2,"l","i","p"
"Erepsia promontorii","Erepsia promontorii","AIZOACEAE","Erepsia promontorii","L.Bolus","Aizoaceae",1,0,"Perennial",1,0,1,0,0,1,0,0,0,"Jan","Jan",NA,NA,20,0,0,0,1,0,0,0,0,0,0,0,0,1,1,0,0,"leaf",1,0,0,0,0,0,NA,0,0,"leaf",2,"l","i","p"
"Erepsia saturata","Erepsia saturata","AIZOACEAE","Erepsia saturata","L.Bolus","Aizoaceae",1,0,"Perennial",1,0,1,0,0,1,0,0,0,"Feb","May",NA,NA,40,0,0,0,1,0,0,0,0,0,0,0,0,1,1,0,0,"leaf",1,0,0,0,0,0,NA,0,0,"leaf",2,"l","i","p"
"Erica abietina","Erica abietina","ERICACEAE","Erica abietina","L.","Ericaceae",1,0,"Perennial",1,0,1,0,0,1,0,0,0,"Jan","Sep",NA,NA,100,0,0,0,1,0,0,0,0,0,0,0,0,0,0,0,0,"leaf",1,0,0,0,0,0,0.66,0,0,"leaf",2,"h","m","p"
"Erica affinis","Erica affinis","ERICACEAE","Erica affinis","Benth.","Ericaceae",1,0,"Perennial",1,0,1,0,0,1,0,0,0,"Sep","Dec",NA,NA,100,0,0,0,1,0,0,0,0,0,0,0,0,0,0,0,0,"leaf",1,0,0,0,0,0,NA,0,0,"leaf",2,"h","i","p"
"Erica albens","Erica albens","ERICACEAE","Erica albens","L.","Ericaceae",1,0,"Perennial",1,0,1,0,0,1,0,0,0,"Apr","Dec",NA,NA,120,0,0,0,0,1,0,0,0,0,0,0,0,0,0,0,0,"leaf",1,0,0,0,0,0,NA,0,0,"leaf",2,"h","i","p"
"Erica amphigena","Erica amphigena","ERICACEAE","Erica amphigena","Guthrie & Bolus","Ericaceae",1,0,"Perennial",1,0,1,0,0,1,0,0,0,"Sep","Dec",NA,NA,60,0,0,0,1,0,0,0,0,0,0,0,0,0,0,0,0,"leaf",1,0,0,0,0,0,NA,0,0,"leaf",2,"h","i","p"
"Erica anguliger","Erica anguliger","ERICACEAE","Erica anguliger","(N.E.Br.) E.G.H.Oliv.","Ericaceae",1,0,"Perennial",1,0,1,0,0,1,0,0,0,"Apr","Sep",NA,NA,20,0,0,0,1,0,0,0,0,0,0,0,0,0,0,0,0,"leaf",1,0,0,0,0,0,0.214666667,0,0,"leaf",2,"h","i","p"
"Erica angulosa","Erica angulosa","ERICACEAE","Erica angulosa","E.G.H.Oliv.","Ericaceae",1,0,"Perennial",1,0,1,0,0,1,0,0,0,"Mar","Apr",NA,NA,50,0,0,0,1,0,0,0,0,0,0,0,0,0,0,0,0,"leaf",1,0,0,0,0,0,NA,0,0,"leaf",2,"h","i","p"
"Erica ardens","Erica ardens","ERICACEAE","Erica ardens","Andrews","Ericaceae",1,0,"Perennial",1,0,1,0,0,1,0,0,0,"Apr","Oct",NA,NA,70,0,0,0,1,0,0,0,0,0,0,0,0,0,0,0,0,"leaf",1,0,0,0,0,0,NA,0,0,"leaf",2,"h","i","p"
"Erica areolata","Erica areolata","ERICACEAE","Erica areolata","(N.E.Br.) E.G.H.Oliv.","Ericaceae",1,0,"Perennial",1,0,1,0,0,1,0,0,0,"Aug","Nov",NA,NA,50,0,0,0,1,0,0,0,0,0,0,0,0,0,0,0,0,"leaf",1,0,0,0,0,0,0.35,0,0,"leaf",2,"h","w","p"
"Erica articularis","Erica articularis","ERICACEAE","Erica articularis","L.","Ericaceae",1,0,"Perennial",1,0,1,0,0,1,0,0,0,"Jan","Dec",NA,NA,100,0,0,0,1,0,0,0,0,0,0,0,0,0,0,0,0,"leaf",1,0,0,0,0,0,0.456111111,0,0,"leaf",2,"h","i","p"
"Erica atropurpurea","Erica atropurpurea","ERICACEAE","Erica atropurpurea","Dulfer","Ericaceae",1,0,"Perennial",1,0,1,0,0,1,0,0,0,"Aug","Nov",NA,NA,30,0,0,0,1,0,0,0,0,0,0,0,0,0,0,0,0,"leaf",1,0,0,0,0,0,NA,0,0,"leaf",2,"m","i","p"
"Erica axillaris","Erica axillaris","ERICACEAE","Erica axillaris","Thunb.","Ericaceae",1,0,"Perennial",1,0,1,0,0,1,0,0,0,"May","Dec",NA,NA,80,0,0,0,1,0,0,0,0,0,0,0,0,0,0,0,0,"leaf",1,0,0,0,0,0,0.39375,0,0,"leaf",2,"h","w","p"
"Erica azaleifolia","Erica azaleifolia","ERICACEAE","Erica azaleifolia","Salisb.","Ericaceae",1,0,"Perennial",1,0,1,0,0,1,0,0,0,"Oct","Feb",NA,NA,30,0,0,0,1,0,0,0,0,0,0,0,0,0,0,0,0,"leaf",0,1,0,0,0,0,NA,0,0,"leaf",2,"m","i","p"
"Erica banksii","Erica comptonii","ERICACEAE","Erica banksii","Andrews","Ericaceae",1,0,"Perennial",1,0,1,0,0,1,0,1,0,"Jan","Jul",NA,NA,60,0,0,0,1,0,0,0,0,0,0,0,0,0,0,0,0,"leaf",1,0,0,0,0,0,NA,0,0,"leaf",2,"h","m","p"
"Erica blenna","Erica blenna","ERICACEAE","Erica blenna","Salisb.","Ericaceae",1,0,"Perennial",1,0,1,0,0,1,0,0,0,"Apr","Nov",NA,NA,100,0,0,0,1,0,0,0,0,0,0,0,0,0,0,0,0,"leaf",1,0,0,0,0,0,NA,0,0,"leaf",2,"h","i","p"
"Erica bolusanthus","Erica bolusanthus","ERICACEAE","Erica bolusanthus","E.G.H.Oliv.","Ericaceae",1,0,"Perennial",1,0,1,0,0,1,0,0,0,"Nov","Apr",NA,NA,25,0,0,0,1,0,0,0,0,0,0,0,0,0,0,0,0,"leaf",1,0,0,0,0,0,NA,0,0,"leaf",2,"h","i","p"
"Erica brachialis","Erica brachialis","ERICACEAE","Erica brachialis","Salisb.","Ericaceae",1,0,"Perennial",1,0,1,0,0,1,0,1,0,"Dec","Mar",NA,NA,200,0,0,0,0,0,1,0,0,0,0,0,0,0,0,0,0,"leaf",1,0,0,0,0,0,0.64,0,0,"leaf",3,"h","m","p"
"Erica bracteolaris","Erica bracteolaris","ERICACEAE","Erica bracteolaris","Lam.","Ericaceae",1,0,"Perennial",1,0,1,0,0,1,0,0,0,"Jul","Feb",NA,NA,50,0,0,0,1,0,0,0,0,0,0,0,0,0,0,0,0,"leaf",1,0,0,0,0,0,NA,0,0,"leaf",2,"h","i","p"
"Erica brevicaulis","Erica brevicaulis","ERICACEAE","Erica brevicaulis","Guthrie & Bolus","Ericaceae",1,0,"Perennial",1,0,1,0,0,1,0,0,0,"Nov","Jan",NA,NA,10,0,0,0,1,0,0,0,0,0,0,0,0,0,0,0,0,"leaf",0,1,0,0,0,0,NA,0,0,"leaf",2,"h","i","p"
"Erica bruniades","Erica bruniades","ERICACEAE","Erica bruniades","L.","Ericaceae",1,0,"Perennial",1,0,1,0,0,1,0,0,0,"Aug","Dec",NA,NA,50,0,0,0,1,0,0,0,0,0,0,0,0,0,0,0,0,"leaf",1,0,0,0,0,0,0.242857143,0,0,"leaf",2,"h","i","p"
"Erica caffra","Erica caffra","ERICACEAE","Erica afra","L.","Ericaceae",1,0,"Perennial",1,0,1,0,0,1,0,1,0,"Jul","Dec",NA,NA,400,0,0,0,0,0,1,1,0,0,0,0,0,0,0,0,0,"leaf",1,0,0,0,0,0,1.012,0,0,"leaf",3,"h","i","p"
"Erica calycina","Erica langebergensis","ERICACEAE","Erica calycina","L.","Ericaceae",1,0,"Perennial",1,0,1,0,0,1,0,0,0,"Oct","Oct",NA,NA,50,0,0,0,1,0,0,0,0,0,0,0,0,0,0,0,0,"leaf",1,0,0,0,0,0,0.362,0,0,"leaf",2,"h","i","p"
"Erica capensis","Erica capensis","ERICACEAE","Erica turbiniflora","Salisb.","Ericaceae",1,0,"Perennial",1,0,1,0,0,1,0,0,0,"Dec","Apr",NA,NA,50,0,0,0,1,0,0,0,0,0,0,0,0,0,0,0,0,"leaf",1,0,0,0,0,0,0.42,0,0,"leaf",2,"m","i","p"
"Erica capillaris","Erica capillaris","ERICACEAE","Erica capillaris","Bartl.","Ericaceae",1,0,"Perennial",1,0,1,0,0,1,0,0,0,"Dec","Apr",NA,NA,30,0,0,0,1,0,0,0,0,0,0,0,0,0,0,0,0,"leaf",1,0,0,0,0,0,0.275,0,0,"leaf",2,"h","i","p"
"Erica carduifolia","Erica carduifolia","ERICACEAE","Erica carduifolia","Salisb.","Ericaceae",1,0,"Perennial",1,0,1,0,0,1,0,0,0,"Aug","Nov",NA,NA,40,0,0,0,1,0,0,0,0,0,0,0,0,0,0,0,0,"leaf",0,1,0,0,0,0,NA,0,0,"leaf",2,"h","i","p"
"Erica cerinthoides","Erica cerinthoides","ERICACEAE","Erica cerinthoides","L.","Ericaceae",1,0,"Perennial",1,0,1,0,0,1,1,1,0,"Jan","Dec",NA,NA,30,0,0,0,1,0,0,0,0,0,0,0,0,0,0,0,0,"leaf",1,0,0,0,0,0,0.636428571,0,0,"leaf",3,"h","i","p"
"Erica chamissonis","Erica chamissonis","ERICACEAE","Erica chamissonis","Klotzsch ex Benth.","Ericaceae",1,0,"Perennial",1,0,1,0,0,1,0,0,0,"Oct","May",NA,NA,60,0,0,0,1,0,0,0,0,0,0,0,0,0,0,0,0,"leaf",1,0,0,0,0,0,0.204,0,0,"leaf",2,"h","i","p"
"Erica clavisepala","Erica clavisepala","ERICACEAE","Erica clavisepala","Guthrie & Bolus","Ericaceae",1,0,"Perennial",1,0,1,0,0,1,0,0,0,"Feb","Apr",NA,NA,30,0,0,0,1,0,0,0,0,0,0,0,0,0,0,0,0,"leaf",0,0,1,0,0,0,0.228571429,0,0,"leaf",2,"h","i","p"
"Erica coarctata","Erica coarctata","ERICACEAE","Erica coarctata","J.C.Wendl.","Ericaceae",1,0,"Perennial",1,0,1,0,0,1,0,0,0,"Apr","Sep",NA,NA,30,0,0,0,1,0,0,0,0,0,0,0,0,0,0,0,0,"leaf",1,0,0,0,0,0,0.88,0,0,"leaf",2,"h","w","p"
"Erica coccinea","Erica coccinea","ERICACEAE","Erica coccinea","L.","Ericaceae",1,0,"Perennial",1,0,1,0,0,1,0,1,0,"Jan","Dec",NA,NA,120,0,0,0,0,1,0,0,0,0,0,0,0,0,0,0,0,"leaf",1,0,0,0,0,0,0.522777778,0,0,"leaf",2,"h","i","p"
"Erica condensata","Erica condensata","ERICACEAE","Erica condensata","Benth.","Ericaceae",1,0,"Perennial",1,0,1,0,0,1,0,0,0,"Sep","Feb",NA,NA,50,0,0,0,1,0,0,0,0,0,0,0,0,0,0,0,0,"leaf",1,0,0,0,0,0,NA,0,0,"leaf",2,"h","i","p"
"Erica conferta","Erica conferta","ERICACEAE","Erica conferta","Andrews","Ericaceae",1,0,"Perennial",1,0,1,0,0,1,0,0,0,"Jan","Apr",NA,NA,100,0,0,0,1,0,0,0,0,0,0,0,0,0,0,0,0,"leaf",1,0,0,0,0,0,NA,0,0,"leaf",2,"h","i","p"
"Erica copiosa","Erica copiosa","ERICACEAE","Erica copiosa","J.C.Wendl.","Ericaceae",1,0,"Perennial",1,0,1,0,0,1,0,0,0,"Jan","Dec",NA,NA,150,0,0,0,0,1,0,0,0,0,0,0,0,0,0,0,0,"leaf",0,1,0,0,0,0,NA,0,0,"leaf",2,"h","w","p"
"Erica cordata","Erica cordata","ERICACEAE","Erica cordata","Andrews","Ericaceae",1,0,"Perennial",1,0,1,0,0,1,0,0,0,"May","Nov",NA,NA,100,0,0,0,1,0,0,0,0,0,0,0,0,0,0,0,0,"leaf",0,0,1,0,0,0,0.40625,0,0,"leaf",2,"m","i","p"
"Erica corifolia","Erica corifolia","ERICACEAE","Erica corifolia","L.","Ericaceae",1,0,"Perennial",1,0,1,0,0,1,0,0,0,"Jan","Dec",NA,NA,100,0,0,0,1,0,0,0,0,0,0,0,0,0,0,0,0,"leaf",1,0,0,0,0,0,0.467,0,0,"leaf",2,"h","i","p"
"Erica corydalis","Erica corydalis","ERICACEAE","Erica corydalis","Salisb.","Ericaceae",1,0,"Perennial",1,0,1,0,0,1,0,0,0,"Oct","Jan",NA,NA,50,0,0,0,1,0,0,0,0,0,0,0,0,0,0,0,0,"leaf",0,1,0,0,0,0,NA,0,0,"leaf",2,"h","i","p"
"Erica cristata","Erica cristata","ERICACEAE","Erica cristata","Dulfer","Ericaceae",1,0,"Perennial",1,0,1,0,0,1,0,0,0,"Dec","Jun",NA,NA,60,0,0,0,1,0,0,0,0,0,0,0,0,0,0,0,0,"leaf",1,0,0,0,0,0,0.282,0,0,"leaf",2,"m","i","p"
"Erica cubica","Erica cubica","ERICACEAE","Erica cubica","L.","Ericaceae",1,0,"Perennial",1,0,1,0,0,1,0,0,0,"Jul","Dec",NA,NA,45,0,0,0,1,0,0,0,0,0,0,0,0,0,0,0,0,"leaf",1,0,0,0,0,0,0.472,0,0,"leaf",2,"h","i","p"
"Erica curviflora","Erica curviflora","ERICACEAE","Erica curviflora","L.","Ericaceae",1,0,"Perennial",1,0,1,0,0,1,0,0,0,"Jan","Dec",NA,NA,160,0,0,0,0,1,0,0,0,0,0,0,0,0,0,0,0,"leaf",1,0,0,0,0,0,0.442,0,0,"leaf",2,"h","m","p"
"Erica curvifolia","Erica curvifolia","ERICACEAE","Erica curvifolia","Salisb.","Ericaceae",1,0,"Perennial",1,0,1,0,0,1,0,0,0,"Dec","Mar",NA,NA,45,0,0,0,1,0,0,0,0,0,0,0,0,0,0,0,0,"leaf",1,0,0,0,0,0,NA,0,0,"leaf",2,"h","i","p"
"Erica daphniflora","Erica daphniflora","ERICACEAE","Erica daphniflora","Salisb.","Ericaceae",1,0,"Perennial",1,0,1,0,0,1,0,0,0,"Jul","Mar",NA,NA,100,0,0,0,1,0,0,0,0,0,0,0,0,0,0,0,0,"leaf",1,0,0,0,0,0,0.438,0,0,"leaf",2,"h","i","p"
"Erica demissa","Erica demissa","ERICACEAE","Erica coccinea","L.","Ericaceae",1,0,"Perennial",1,0,1,0,0,1,0,0,0,"Jan","Dec",NA,NA,50,0,0,0,1,0,0,0,0,0,0,0,0,0,0,0,0,"leaf",1,0,0,0,0,0,0.311111111,0,0,"leaf",2,"h","i","p"
"Erica densifolia","Erica densifolia","ERICACEAE","Erica densifolia","Willd.","Ericaceae",1,0,"Perennial",1,0,1,0,0,1,0,0,0,"Sep","May",NA,NA,150,0,0,0,0,1,0,0,0,0,0,0,0,0,0,0,0,"leaf",1,0,0,0,0,0,NA,0,0,"leaf",2,"h","m","p"
"Erica desmantha","Erica desmantha","ERICACEAE","Erica desmantha","Benth.","Ericaceae",1,0,"Perennial",1,0,1,0,0,1,0,0,0,"Feb","May",NA,NA,100,0,0,0,1,0,0,0,0,0,0,0,0,0,0,0,0,"leaf",1,0,0,0,0,0,NA,0,0,"leaf",2,"h","i","p"
"Erica dianthifolia","Erica dianthifolia","ERICACEAE","Erica dianthifolia","Salisb.","Ericaceae",1,0,"Perennial",1,0,1,0,0,1,0,0,0,"Aug","Dec",NA,NA,70,0,0,0,1,0,0,0,0,0,0,0,0,0,0,0,0,"leaf",1,0,0,0,0,0,NA,0,0,"leaf",2,"h","i","p"
"Erica discolor","Erica discolor","ERICACEAE","Erica discolor","Andrews","Ericaceae",1,0,"Perennial",1,0,1,0,0,1,0,0,0,"Jan","Dec",NA,NA,100,0,0,0,1,0,0,0,0,0,0,0,0,0,0,0,0,"leaf",1,0,0,0,0,0,0.538,0,0,"leaf",2,"h","m","p"
"Erica distorta","Erica speciosa","ERICACEAE","Erica distorta","Bartl.","Ericaceae",1,0,"Perennial",1,0,1,0,0,1,0,1,0,"Jul","Mar",NA,NA,100,0,0,0,1,0,0,0,0,0,0,0,0,0,0,0,0,"leaf",1,0,0,0,0,0,0.453333333,0,0,"leaf",2,"h","i","p"
"Erica dodii","Erica dodii","ERICACEAE","Erica dodii","Guthrie & Bolus","Ericaceae",1,0,"Perennial",1,0,1,0,0,1,0,0,0,"Oct","Dec",NA,NA,40,0,0,0,1,0,0,0,0,0,0,0,0,0,0,0,0,"leaf",1,0,0,0,0,0,NA,0,0,"leaf",2,"h","i","p"
"Erica eburnea","Erica eburnea","ERICACEAE","Erica eburnea","T.M.Salter","Ericaceae",1,0,"Perennial",1,0,1,0,0,1,0,0,0,"Dec","Jan",NA,NA,60,0,0,0,1,0,0,0,0,0,0,0,0,0,0,0,0,"leaf",1,0,0,0,0,0,NA,0,0,"leaf",2,"h","i","p"
"Erica equisetifolia","Erica equisetifolia","ERICACEAE","Erica equisetifolia","Salisb.","Ericaceae",1,0,"Perennial",1,0,1,0,0,1,0,0,0,"Oct","Apr",NA,NA,20,0,0,0,1,0,0,0,0,0,0,0,0,0,0,0,0,"leaf",1,0,0,0,0,0,0.27,0,0,"leaf",2,"h","i","p"
"Erica ericoides","Erica ericoides","ERICACEAE","Erica ericoides","(L.) E.G.H.Oliv.","Ericaceae",1,0,"Perennial",1,0,1,0,0,1,0,0,0,"Jan","Apr",NA,NA,80,0,0,0,1,0,0,0,0,0,0,0,0,0,0,0,0,"leaf",1,0,0,0,0,0,0.237,0,0,"leaf",2,"h","i","p"
"Erica exleeana","Erica exleeana","ERICACEAE","Erica exleeana","E.G.H.Oliv.","Ericaceae",1,0,"Perennial",1,0,1,0,0,1,0,0,0,"Aug","Apr",NA,NA,30,0,0,0,1,0,0,0,0,0,0,0,0,0,0,0,0,"leaf",0,1,0,0,0,0,0.125,0,0,"leaf",2,"h","w","p"
"Erica fascicularis","Erica fascicularis","ERICACEAE","Erica fascicularis","L.f.","Ericaceae",1,0,"Perennial",1,0,1,0,0,1,0,0,0,"Apr","Dec",NA,NA,180,0,0,0,0,1,0,0,0,0,0,0,0,0,0,0,0,"leaf",1,0,0,0,0,0,3.83,0,0,"leaf",2,"m","m","p"
"Erica fastigiata","Erica fastigiata","ERICACEAE","Erica fastigiata","L.","Ericaceae",1,0,"Perennial",1,0,1,0,0,1,0,0,0,"Jul","Dec",NA,NA,50,0,0,0,1,0,0,0,0,0,0,0,0,0,0,0,0,"leaf",1,0,0,0,0,0,NA,0,0,"leaf",2,"h","i","p"
"Erica galpinii","Erica galpinii","ERICACEAE","Erica galpinii","T.M.Salter","Ericaceae",1,0,"Perennial",1,0,1,0,0,1,0,0,0,"Apr","Jun",NA,NA,90,0,0,0,1,0,0,0,0,0,0,0,0,0,0,0,0,"leaf",1,0,0,0,0,0,NA,0,0,"leaf",2,"h","m","p"
"Erica gigantea","Erica gigantea","ERICACEAE","Erica gigantea","Klotzsch ex Benth.","Ericaceae",1,0,"Perennial",1,0,1,0,0,1,0,0,0,"Aug","Sep",NA,NA,200,0,0,0,0,0,1,0,0,0,0,0,0,0,0,0,0,"leaf",1,0,0,0,0,0,NA,0,0,"leaf",2,"h","i","p"
"Erica glabella","Erica glabella","ERICACEAE","Erica glabella","Thunb.","Ericaceae",1,0,"Perennial",1,0,1,0,0,1,0,0,0,"Jan","Dec",NA,NA,50,0,0,0,1,0,0,0,0,0,0,0,0,0,0,0,0,"leaf",1,0,0,0,0,0,0.291111111,0,0,"leaf",2,"h","i","p"
"Erica gnaphaloides","Erica gnaphaloides","ERICACEAE","Erica gnaphaloides","L.","Ericaceae",1,0,"Perennial",1,0,1,0,0,1,0,0,0,"Aug","Dec",NA,NA,40,0,0,0,1,0,0,0,0,0,0,0,0,0,0,0,0,"leaf",1,0,0,0,0,0,0.205,0,0,"leaf",2,"h","i","p"
"Erica gracilipes","Erica gracilipes","ERICACEAE","Erica gracilipes","Guthrie & Bolus","Ericaceae",1,0,"Perennial",1,0,1,0,0,1,0,0,0,"Aug","Dec",NA,NA,30,0,0,0,1,0,0,0,0,0,0,0,0,0,0,0,0,"leaf",1,0,0,0,0,0,NA,0,0,"leaf",2,"h","i","p"
"Erica gracilis","Erica gracilis","ERICACEAE","Erica gracilis","J.C.Wendl.","Ericaceae",1,0,"Perennial",1,0,1,0,0,1,0,0,0,"Jan","Dec",NA,NA,50,0,0,0,1,0,0,0,0,0,0,0,0,0,0,0,0,"leaf",1,0,0,0,0,0,0.284,0,0,"leaf",2,"h","i","p"
"Erica granulatifolia","Erica granulatifolia","ERICACEAE","Erica granulatifolia","H.A.Baker","Ericaceae",1,0,"Perennial",1,0,1,0,0,1,0,0,0,"Oct","Oct",NA,NA,60,0,0,0,1,0,0,0,0,0,0,0,0,0,0,0,0,"leaf",0,1,0,0,0,0,NA,0,0,"leaf",2,"h","w","p"
"Erica grata","Erica grata","ERICACEAE","Erica grata","Guthrie & Bolus","Ericaceae",1,0,"Perennial",1,0,1,0,0,1,0,0,0,"Aug","Oct",NA,NA,40,0,0,0,1,0,0,0,0,0,0,0,0,0,0,0,0,"leaf",0,1,0,0,0,0,0.428,0,0,"leaf",2,"h","i","p"
"Erica gysbertii","Erica gysbertii","ERICACEAE","Erica gysbertii","Guthrie & Bolus","Ericaceae",1,0,"Perennial",1,0,1,0,0,1,0,0,0,"Nov","Mar",NA,NA,100,0,0,0,1,0,0,0,0,0,0,0,0,0,0,0,0,"leaf",0,1,0,0,0,0,NA,0,0,"leaf",2,"m","i","p"
"Erica haematosiphon","Erica haematosiphon","ERICACEAE","Erica haematosiphon","Guthrie & Bolus","Ericaceae",1,0,"Perennial",1,0,1,0,0,1,0,0,0,"Nov","Mar",NA,NA,120,0,0,0,0,1,0,0,0,0,0,0,0,0,0,0,0,"leaf",1,0,0,0,0,0,NA,0,0,"leaf",2,"h","m","p"
"Erica hirtiflora","Erica hirtiflora","ERICACEAE","Erica hirtiflora","Curtis","Ericaceae",1,0,"Perennial",1,0,1,0,0,1,0,0,0,"Jan","Dec",NA,NA,100,0,0,0,1,0,0,0,0,0,0,0,0,0,0,0,0,"leaf",1,0,0,0,0,0,3.455555556,0,0,"leaf",2,"h","i","p"
"Erica hispidula","Erica hispidula","ERICACEAE","Erica hispidula","L.","Ericaceae",1,0,"Perennial",1,0,1,0,0,1,0,0,0,"Jan","Dec",NA,NA,100,0,0,0,1,0,0,0,0,0,0,0,0,0,0,0,0,"leaf",0,1,1,0,0,0,0.351727273,0,0,"leaf",2,"h","w","p"
"Erica imbricata","Erica imbricata","ERICACEAE","Erica imbricata","L.","Ericaceae",1,0,"Perennial",1,0,1,0,0,1,0,0,0,"Jan","Dec",NA,NA,80,0,0,0,1,0,0,0,0,0,0,0,0,0,0,0,0,"leaf",1,0,0,0,0,0,0.363784,0,0,"leaf",2,"h","i","p"
"Erica inflata","Erica inflata","ERICACEAE","Erica inflata","Thunb.","Ericaceae",1,0,"Perennial",1,0,1,0,0,1,0,0,0,"Sep","May",NA,NA,100,0,0,0,1,0,0,0,0,0,0,0,0,0,0,0,0,"leaf",1,0,0,0,0,0,NA,0,0,"leaf",2,"h","i","p"
"Erica infundibuliformis","Erica infundibuliformis","ERICACEAE","Erica infundibuliformis","Andrews","Ericaceae",1,0,"Perennial",1,0,1,0,0,1,0,0,0,"Nov","Jul",NA,NA,90,0,0,0,1,0,0,0,0,0,0,0,0,0,0,0,0,"leaf",1,0,0,0,0,0,NA,0,0,"leaf",2,"h","i","p"
"Erica intervallaris","Erica intervallaris","ERICACEAE","Erica intervallaris","Salisb.","Ericaceae",1,0,"Perennial",1,0,1,0,0,1,0,0,0,"Jul","Jan",NA,NA,60,0,0,0,1,0,0,0,0,0,0,0,0,0,0,0,0,"leaf",1,0,0,0,0,0,0.33,0,0,"leaf",2,"h","i","p"
"Erica intonsa","Erica intonsa","ERICACEAE","Erica intonsa","L.Bolus","Ericaceae",1,0,"Perennial",1,0,1,0,0,1,0,0,0,"Oct","Feb",NA,NA,30,0,0,0,1,0,0,0,0,0,0,0,0,0,0,0,0,"leaf",1,1,0,0,0,0,0.264,0,0,"leaf",2,"m","i","p"
"Erica kougabergensis","Erica kougabergensis","ERICACEAE","Erica kougabergensis","H.A.Baker","Ericaceae",1,0,"Perennial",1,0,1,0,0,1,0,0,0,"Sep","Nov",NA,NA,50,0,0,0,1,0,0,0,0,0,0,0,0,0,0,0,0,"leaf",0,1,1,0,0,0,0.246666667,0,0,"leaf",2,"h","i","p"
"Erica labialis","Erica labialis","ERICACEAE","Erica labialis","Salisb.","Ericaceae",1,0,"Perennial",1,0,1,0,0,1,0,0,0,"Jan","Dec",NA,NA,50,0,0,0,1,0,0,0,0,0,0,0,0,0,0,0,0,"leaf",1,0,0,0,0,0,0.292285714,0,0,"leaf",2,"h","i","p"
"Erica laeta","Erica laeta","ERICACEAE","Erica laeta","Bartl.","Ericaceae",1,0,"Perennial",1,0,1,0,0,1,0,0,0,"Dec","Apr",NA,NA,40,0,0,0,1,0,0,0,0,0,0,0,0,0,0,0,0,"leaf",1,0,0,0,0,0,0.45875,0,0,"leaf",2,"h","i","p"
"Erica lasciva","Erica lasciva","ERICACEAE","Erica lasciva","Salisb.","Ericaceae",1,0,"Perennial",1,0,1,0,0,1,0,1,0,"Feb","Aug",NA,NA,90,0,0,0,1,0,0,0,0,0,0,0,0,0,0,0,0,"leaf",1,0,0,0,0,0,0.2375,0,0,"leaf",3,"h","i","p"
"Erica longimontana","Erica longimontana","ERICACEAE","Erica longimontana","E.G.H.Oliv.","Ericaceae",1,0,"Perennial",1,0,1,0,0,1,0,0,0,"Dec","Jun",NA,NA,60,0,0,0,1,0,0,0,0,0,0,0,0,0,0,0,0,"leaf",0,1,0,0,0,0,NA,0,0,"leaf",2,"h","i","p"
"Erica macowanii","Erica macowanii","ERICACEAE","Erica macowanii","Cufino","Ericaceae",1,0,"Perennial",1,0,1,0,0,1,0,0,0,"Aug","Mar",NA,NA,150,0,0,0,0,1,0,0,0,0,0,0,0,0,0,0,0,"leaf",1,0,0,0,0,0,NA,0,0,"leaf",2,"h","m","p"
"Erica madida","Erica madida","ERICACEAE","Erica madida","E.G.H.Oliv.","Ericaceae",1,0,"Perennial",1,0,1,0,0,1,0,0,0,"Nov","Dec",NA,NA,250,0,0,0,0,0,1,0,0,0,0,0,0,0,0,0,0,"leaf",0,0,1,0,0,0,0.2,0,0,"leaf",2,"h","w","p"
"Erica mammosa","Erica mammosa","ERICACEAE","Erica mammosa","L.","Ericaceae",1,0,"Perennial",1,0,1,0,0,1,0,1,0,"Nov","May",NA,NA,150,0,0,0,0,1,0,0,0,0,0,0,0,0,0,0,0,"leaf",1,0,0,0,0,0,0.844444444,0,0,"leaf",3,"h","m","p"
"Erica massonii","Erica massonii","ERICACEAE","Erica massonii","L.f.","Ericaceae",1,0,"Perennial",1,0,1,0,0,1,0,0,0,"Nov","Mar",NA,NA,100,0,0,0,1,0,0,0,0,0,0,0,0,0,0,0,0,"leaf",1,1,0,0,0,0,0.49,0,0,"leaf",2,"m","m","p"
"Erica melanthera","Erica melanthera","ERICACEAE","Erica melanthera","L.","Ericaceae",1,0,"Perennial",1,0,1,0,0,1,0,0,0,"Jun","Dec",NA,NA,60,0,0,0,1,0,0,0,0,0,0,0,0,0,0,0,0,"leaf",1,1,0,0,0,0,0.252,0,0,"leaf",2,"h","i","p"
"Erica monadelphia","Erica monadelphia","ERICACEAE","Erica monadelphia","Andrews","Ericaceae",1,0,"Perennial",1,0,1,0,0,1,0,1,0,"Jan","Apr",NA,NA,50,0,0,0,1,0,0,0,0,0,0,0,0,0,0,0,0,"leaf",1,0,0,0,0,0,NA,0,0,"leaf",2,"h","m","p"
"Erica mucronata","Erica mucronata","ERICACEAE","Erica mucronata","Andrews","Ericaceae",1,0,"Perennial",1,0,1,0,0,1,0,0,0,"Nov","Jan",NA,NA,50,0,0,0,1,0,0,0,0,0,0,0,0,0,0,0,0,"leaf",1,1,0,0,0,0,NA,0,0,"leaf",2,"h","i","p"
"Erica multumbellifera","Erica multumbellifera","ERICACEAE","Erica multumbellifera","P.J.Bergius","Ericaceae",1,0,"Perennial",1,0,1,0,0,1,0,0,0,"Nov","Jun",NA,NA,40,0,0,0,1,0,0,0,0,0,0,0,0,0,0,0,0,"leaf",1,0,0,0,0,0,NA,0,0,"leaf",2,"h","i","p"
"Erica muscosa","Erica muscosa","ERICACEAE","Erica muscosa","(Aiton) E.G.H.Oliv.","Ericaceae",1,0,"Perennial",1,0,1,0,0,1,0,0,0,"Jan","Dec",NA,NA,100,0,0,0,1,0,0,0,0,0,0,0,0,0,0,0,0,"leaf",1,0,0,0,0,0,0.476,0,0,"leaf",2,"h","w","p"
"Erica nabea","Erica nabea","ERICACEAE","Erica nabea","Guthrie & Bolus","Ericaceae",1,0,"Perennial",1,0,1,0,0,1,0,0,0,"May","Aug",NA,NA,150,0,0,0,0,1,0,0,0,0,0,0,0,0,0,0,0,"leaf",1,0,0,0,0,0,NA,0,0,"leaf",2,"h","i","p"
"Erica newdigateae","Erica newdigateae","ERICACEAE","Erica newdigateae","Dulfer","Ericaceae",1,0,"Perennial",1,0,1,0,0,1,0,0,0,"Jun","Oct",NA,NA,50,0,0,0,1,0,0,0,0,0,0,0,0,0,0,0,0,"leaf",1,1,0,0,0,0,0.263333333,0,0,"leaf",2,"h","i","p"
"Erica nudiflora","Erica nudiflora","ERICACEAE","Erica nudiflora","L.","Ericaceae",1,0,"Perennial",1,0,1,0,0,1,0,0,0,"Feb","Jun",NA,NA,30,0,0,0,1,0,0,0,0,0,0,0,0,0,0,0,0,"leaf",1,0,0,0,0,0,0.375,0,0,"leaf",2,"h","i","p"
"Erica nutans","Erica deliciosa","ERICACEAE","Erica nutans","J.C.Wendl.","Ericaceae",1,0,"Perennial",1,0,1,0,0,1,0,0,0,"Jun","Dec",NA,NA,150,0,0,0,0,1,0,0,0,0,0,0,0,0,0,0,0,"leaf",1,0,0,0,0,0,NA,0,0,"leaf",2,"h","i","p"
"Erica obliqua","Erica obliqua","ERICACEAE","Erica obliqua","F.A.Bauer","Ericaceae",1,0,"Perennial",1,0,1,0,0,1,0,0,0,"Nov","May",NA,NA,50,0,0,0,1,0,0,0,0,0,0,0,0,0,0,0,0,"leaf",1,0,0,0,0,0,0.3875,0,0,"leaf",2,"h","i","p"
"Erica omninoglabra","Erica omninoglabra","ERICACEAE","Erica omninoglabra","H.A.Baker","Ericaceae",1,0,"Perennial",1,0,1,0,0,1,0,0,0,"Sep","Dec",NA,NA,10,0,0,0,1,0,0,0,0,0,0,0,0,0,0,0,0,"leaf",1,1,0,0,0,0,NA,0,0,"leaf",2,"l","i","p"
"Erica oresigena","Erica oresigena","ERICACEAE","Erica oresigena","Bolus","Ericaceae",1,0,"Perennial",1,0,1,0,0,1,0,0,0,"Oct","Jan",NA,NA,200,0,0,0,0,0,1,0,0,0,0,0,0,0,0,0,0,"leaf",1,0,0,0,0,0,NA,0,0,"leaf",2,"h","i","p"
"Erica palliiflora","Erica palliiflora","ERICACEAE","Erica palliiflora","Salisb.","Ericaceae",1,0,"Perennial",1,0,1,0,0,1,0,0,0,"Oct","Apr",NA,NA,60,0,0,0,1,0,0,0,0,0,0,0,0,0,0,0,0,"leaf",1,0,0,0,0,0,0.4,0,0,"leaf",2,"m","i","p"
"Erica parilis","Erica parilis","ERICACEAE","Erica parilis","Salisb.","Ericaceae",1,0,"Perennial",1,0,1,0,0,1,0,1,0,"Jan","May",NA,NA,100,0,0,0,1,0,0,0,0,0,0,0,0,0,0,0,0,"leaf",1,0,0,0,0,0,NA,0,0,"leaf",3,"h","i","p"
"Erica parviflora","Erica parviflora","ERICACEAE","Erica parviflora","L.","Ericaceae",1,0,"Perennial",1,0,1,0,0,1,0,0,0,"Apr","Nov",NA,NA,100,0,0,0,1,0,0,0,0,0,0,0,0,0,0,0,0,"leaf",1,0,0,0,0,0,NA,0,0,"leaf",2,"h","i","p"
"Erica passerinaee","Erica passerinae","ERICACEAE","Erica passerina","Montin","Ericaceae",1,0,"Perennial",1,0,1,0,0,1,0,1,0,"Jul","Oct",NA,NA,60,0,0,0,1,0,0,0,0,0,0,0,0,0,0,0,0,"leaf",0,1,1,0,0,0,0.378333333,0,0,"leaf",3,"h","i","p"
"Erica pectinifolia","Erica pectinifolia","ERICACEAE","Erica pectinifolia","Salisb.","Ericaceae",1,0,"Perennial",1,0,1,0,0,1,0,1,0,"Jan","Dec",NA,NA,150,0,0,0,0,1,0,0,0,0,0,0,0,0,0,0,0,"leaf",1,0,0,0,0,0,0.53,0,0,"leaf",2,"h","m","p"
"Erica penicilliformis","Erica penicilliformis","ERICACEAE","Erica penicilliformis","Salisb.","Ericaceae",1,0,"Perennial",1,0,1,0,0,1,0,0,0,"Jan","Dec",NA,NA,50,0,0,0,1,0,0,0,0,0,0,0,0,0,0,0,0,"leaf",1,0,0,0,0,0,NA,0,0,"leaf",2,"h","i","p"
"Erica perspicua","Erica perspicua","ERICACEAE","Erica perspicua","J.C.Wendl.","Ericaceae",1,0,"Perennial",1,0,1,0,0,1,0,0,0,"Sep","Apr",NA,NA,200,0,0,0,0,0,1,0,0,0,0,0,0,0,0,0,0,"leaf",1,0,0,0,0,0,0.338,0,0,"leaf",2,"h","m","p"
"Erica petraea","Erica petraea","ERICACEAE","Erica petraea","Benth.","Ericaceae",1,0,"Perennial",1,0,1,0,0,1,0,0,0,"Jan","Jul",NA,NA,40,0,0,0,1,0,0,0,0,0,0,0,0,0,0,0,0,"leaf",1,1,0,0,0,0,0.283333333,0,0,"leaf",2,"h","i","p"
"Erica placentiflora","Erica placentiflora","ERICACEAE","Erica placentiflora","Salisb.","Ericaceae",1,0,"Perennial",1,0,1,0,0,1,0,0,0,"Jun","Dec",NA,NA,60,0,0,0,1,0,0,0,0,0,0,0,0,0,0,0,0,"leaf",1,0,0,0,0,0,0.3975,0,0,"leaf",2,"h","i","p"
"Erica plukenetii","Erica breviflora","ERICACEAE","Erica plukenetii","L.","Ericaceae",1,0,"Perennial",1,0,1,0,0,1,0,0,0,"Sep","Jan",NA,NA,150,0,0,0,0,1,0,0,0,0,0,0,0,0,0,0,0,"leaf",1,0,0,0,0,0,0.961,0,0,"leaf",2,"h","m","p"
"Erica plumosa","Erica plumosa","ERICACEAE","Erica plumosa","Thunb.","Ericaceae",1,0,"Perennial",1,0,1,0,0,1,0,0,0,"Jun","Sep",NA,NA,50,0,0,0,1,0,0,0,0,0,0,0,0,0,0,0,0,"leaf",0,1,1,0,0,0,0.202,0,0,"leaf",2,"h","i","p"
"Erica podophylla","Erica podophylla","ERICACEAE","Erica podophylla","Benth.","Ericaceae",1,0,"Perennial",1,0,1,0,0,1,0,0,0,"Oct","Dec",NA,NA,50,0,0,0,1,0,0,0,0,0,0,0,0,0,0,0,0,"leaf",1,0,0,0,0,0,NA,0,0,"leaf",2,"h","i","p"
"Erica pubigera","Erica pubigera","ERICACEAE","Erica pubigera","Salisb.","Ericaceae",1,0,"Perennial",1,0,1,0,0,1,0,0,0,"Aug","Oct",NA,NA,80,0,0,0,1,0,0,0,0,0,0,0,0,0,0,0,0,"leaf",1,0,0,0,0,0,NA,0,0,"leaf",2,"h","i","p"
"Erica pulchella","Erica pulchella","ERICACEAE","Erica pulchella","Houtt.","Ericaceae",1,0,"Perennial",1,0,1,0,0,1,0,0,0,"Dec","May",NA,NA,60,0,0,0,1,0,0,0,0,0,0,0,0,0,0,0,0,"leaf",1,0,0,0,0,0,0.860909091,0,0,"leaf",2,"h","i","p"
"Erica quadrangularis","Erica quadrangularis","ERICACEAE","Erica quadrangularis","Salisb.","Ericaceae",1,0,"Perennial",1,0,1,0,0,1,0,0,0,"Jul","Dec",NA,NA,50,0,0,0,1,0,0,0,0,0,0,0,0,0,0,0,0,"leaf",1,0,0,0,0,0,NA,0,0,"leaf",2,"h","i","p"
"Erica regerminans","Erica regerminans","ERICACEAE","Erica regerminans","L.","Ericaceae",1,0,"Perennial",1,0,1,0,0,1,0,0,0,"Aug","Dec",NA,NA,150,0,0,0,0,1,0,0,0,0,0,0,0,0,0,0,0,"leaf",1,0,0,0,0,0,NA,0,0,"leaf",2,"h","i","p"
"Erica retorta","Erica retorta","ERICACEAE","Erica retorta","L.f.","Ericaceae",1,0,"Perennial",1,0,1,0,0,1,0,0,0,"Jan","Dec",NA,NA,30,0,0,0,1,0,0,0,0,0,0,0,0,0,0,0,0,"leaf",0,1,0,0,0,0,NA,0,0,"leaf",2,"m","i","p"
"Erica rhodantha","Erica rhodantha","ERICACEAE","Erica rhodella","E.C.Nelson & E.G.H.Oliv.","Ericaceae",1,0,"Perennial",1,0,1,0,0,1,0,0,0,"Sep","Oct",NA,NA,30,0,0,0,1,0,0,0,0,0,0,0,0,0,0,0,0,"leaf",1,1,0,0,0,0,NA,0,0,"leaf",2,"h","i","p"
"Erica rigidula","Erica rigidula","ERICACEAE","Erica rigidula","(N.E.Br.) E.G.H.Oliv.","Ericaceae",1,0,"Perennial",1,0,1,0,0,1,0,0,0,"Jul","Jan",NA,NA,50,0,0,0,1,0,0,0,0,0,0,0,0,0,0,0,0,"leaf",0,1,1,0,0,0,0.1,0,0,"leaf",2,"h","w","p"
"Erica rosacea","Erica rosacea","ERICACEAE","Erica rosacea","(L.Guthrie) E.G.H.Oliv.","Ericaceae",1,0,"Perennial",1,0,1,0,0,1,0,1,0,"Mar","Oct",NA,NA,50,0,0,0,1,0,0,0,0,0,0,0,0,0,0,0,0,"leaf",1,0,0,0,0,0,0.185875,0,0,"leaf",2,"h","i","p"
"Erica seriphiifolia","Erica seriphiifolia","ERICACEAE","Erica seriphiifolia","Salisb.","Ericaceae",1,0,"Perennial",1,0,1,0,0,1,0,0,0,"Sep","Jan",NA,NA,30,0,0,0,1,0,0,0,0,0,0,0,0,0,0,0,0,"leaf",1,0,0,0,0,0,NA,0,0,"leaf",2,"h","i","p"
"Erica serrata","Erica serrata","ERICACEAE","Erica serrata","Thunb.","Ericaceae",1,0,"Perennial",1,0,1,0,0,1,0,0,0,"Jan","Dec",NA,NA,100,0,0,0,1,0,0,0,0,0,0,0,0,0,0,0,0,"leaf",1,1,0,0,0,0,0.324,0,0,"leaf",2,"h","w","p"
"Erica sessiliflora","Erica sessiliflora","ERICACEAE","Erica sessiliflora","L.f.","Ericaceae",1,0,"Perennial",1,0,1,0,0,1,0,0,1,"Jan","Dec",NA,NA,200,0,0,0,0,0,1,0,0,0,0,0,0,0,0,0,0,"leaf",1,0,0,0,0,0,0.698,0,0,"leaf",2,"h","m","p"
"Erica similis","Erica similis","ERICACEAE","Erica similis","(N.E.Br.) E.G.H.Oliv.","Ericaceae",1,0,"Perennial",1,0,1,0,0,1,0,0,0,"Feb","Jul",NA,NA,30,0,0,0,1,0,0,0,0,0,0,0,0,0,0,0,0,"leaf",1,0,0,0,0,0,1.34,0,0,"leaf",2,"h","i","p"
"Erica simulans","Erica simulans","ERICACEAE","Erica simulans","Dulfer","Ericaceae",1,0,"Perennial",1,0,1,0,0,1,0,0,0,"Jan","Dec",NA,NA,200,0,0,0,1,0,0,0,0,0,0,0,0,0,0,0,0,"leaf",1,0,0,0,0,0,NA,0,0,"leaf",2,"h","w","p"
"Erica sitiens","Erica sitiens","ERICACEAE","Erica sitiens","Klotzsch","Ericaceae",1,0,"Perennial",1,0,1,0,0,1,0,0,0,"Jan","Dec",NA,NA,60,0,0,0,1,0,0,0,0,0,0,0,0,0,0,0,0,"leaf",1,0,0,0,0,0,0.63,0,0,"leaf",2,"h","i","p"
"Erica sparrmannii","Erica sparrmannii","ERICACEAE","Erica sparrmannii","L.f.","Ericaceae",1,0,"Perennial",1,0,1,0,0,1,0,0,0,"Jan","Dec",NA,NA,100,0,0,0,1,0,0,0,0,0,0,0,0,0,0,0,0,"leaf",1,1,0,0,0,0,0.523333333,0,0,"leaf",2,"h","i","p"
"Erica spumosa","Erica spumosa","ERICACEAE","Erica spumosa","L.","Ericaceae",1,0,"Perennial",1,0,1,0,0,1,0,0,0,"Aug","Dec",NA,NA,45,0,0,0,1,0,0,0,0,0,0,0,0,0,0,0,0,"leaf",1,0,0,0,0,0,0.38,0,0,"leaf",2,"m","i","p"
"Erica squarrosa","Erica squarrosa","ERICACEAE","Erica squarrosa","Salisb.","Ericaceae",1,0,"Perennial",1,0,1,0,0,1,0,0,0,"Nov","Feb",NA,NA,30,0,0,0,1,0,0,0,0,0,0,0,0,0,0,0,0,"leaf",1,1,0,0,0,0,NA,0,0,"leaf",2,"h","i","p"
"Erica stenantha","Erica stenantha","ERICACEAE","Erica cylindrica","Thunb.","Ericaceae",1,0,"Perennial",1,0,1,0,0,1,0,0,0,"Aug","Dec",NA,NA,50,0,0,0,1,0,0,0,0,0,0,0,0,0,0,0,0,"leaf",1,0,0,0,0,0,NA,0,0,"leaf",2,"h","i","p"
"Erica strigilifolia","Erica strigilifolia","ERICACEAE","Erica strigilifolia","Salisb.","Ericaceae",1,0,"Perennial",1,0,1,0,0,1,0,1,0,"Jan","Dec",NA,NA,100,0,0,0,1,0,0,0,0,0,0,0,0,0,0,0,0,"leaf",1,0,0,0,0,0,0.523888889,0,0,"leaf",2,"h","i","p"
"Erica subcapitata","Erica subcapitata","ERICACEAE","Erica subcapitata","(N.E.Br.) E.G.H.Oliv.","Ericaceae",1,0,"Perennial",1,0,1,0,0,1,0,0,0,"Sep","Apr",NA,NA,80,0,0,0,1,0,0,0,0,0,0,0,0,0,0,0,0,"leaf",1,0,0,0,0,0,0.284,0,0,"leaf",2,"h","w","p"
"Erica subdivaricata","Erica subdivaricata","ERICACEAE","Erica subdivaricata","P.J.Bergius","Ericaceae",1,0,"Perennial",1,0,1,0,0,1,0,0,0,"Jan","Jun","Nov","Nov",100,0,0,0,1,0,0,0,0,0,0,0,0,0,0,0,0,"leaf",1,0,0,0,0,0,0.3132,0,0,"leaf",2,"m","i","p"
"Erica thamnoides","Erica thamnoides","ERICACEAE","Erica thamnoides","E.G.H.Oliv.","Ericaceae",1,0,"Perennial",1,0,1,0,0,1,0,0,0,"Jan","Dec",NA,NA,150,0,0,0,0,1,0,0,0,0,0,0,0,0,0,0,0,"leaf",1,0,0,0,0,0,0.166666667,0,0,"leaf",2,"h","w","p"
"Erica thomae","Erica tenax","ERICACEAE","Erica thomae","L.Bolus","Ericaceae",1,0,"Perennial",1,0,1,0,0,1,0,0,0,"Dec","Mar",NA,NA,100,0,0,0,1,0,0,0,0,0,0,0,0,0,0,0,0,"leaf",1,0,0,0,0,0,1.344,0,0,"leaf",2,"h","m","p"
"Erica trachysantha","Erica trachysantha","ERICACEAE","Erica trachysantha","Bolus","Ericaceae",1,0,"Perennial",1,0,1,0,0,1,0,0,0,"Aug","Nov",NA,NA,60,0,0,0,1,0,0,0,0,0,0,0,0,0,0,0,0,"leaf",0,1,1,0,0,0,NA,0,0,"leaf",2,"m","i","p"
"Erica tragulifera","Erica tragulifera","ERICACEAE","Erica tragulifera","Salisb.","Ericaceae",1,0,"Perennial",1,0,1,0,0,1,0,0,0,"Jul","Nov",NA,NA,50,0,0,0,1,0,0,0,0,0,0,0,0,0,0,0,0,"leaf",1,0,0,0,0,0,NA,0,0,"leaf",2,"h","i","p"
"Erica transparens","Erica transparens","ERICACEAE","Erica transparens","P.J.Bergius","Ericaceae",1,0,"Perennial",1,0,1,0,0,1,0,0,0,"Nov","Mar",NA,NA,40,0,0,0,1,0,0,0,0,0,0,0,0,0,0,0,0,"leaf",1,0,0,0,0,0,NA,0,0,"leaf",2,"h","i","p"
"Erica triceps","Erica triceps","ERICACEAE","Erica triceps","Link","Ericaceae",1,0,"Perennial",1,0,1,0,0,1,0,0,0,"Jan","Dec",NA,NA,60,0,0,0,1,0,0,0,0,0,0,0,0,0,0,0,0,"leaf",1,0,0,0,0,0,0.392,0,0,"leaf",2,"h","i","p"
"Erica tristis","Erica tristis","ERICACEAE","Erica tristis","Bartl.","Ericaceae",1,0,"Perennial",1,0,1,0,0,1,0,0,0,"Nov","May",NA,NA,300,0,0,0,0,0,1,1,0,0,0,0,0,0,0,0,0,"leaf",1,1,0,0,0,0,0.28,0,0,"leaf",3,"h","w","p"
"Erica uberiflora","Erica uberiflora","ERICACEAE","Erica uberiflora","E.G.H.Oliv.","Ericaceae",1,0,"Perennial",1,0,1,0,0,1,0,0,0,"Nov","May",NA,NA,100,0,0,0,1,0,0,0,0,0,0,0,0,0,0,0,0,"leaf",1,0,0,0,0,0,NA,0,0,"leaf",2,"h","i","p"
"Erica umbelliflora","Erica umbelliflora","ERICACEAE","Erica umbelliflora","Klotzsch ex Benth.","Ericaceae",1,0,"Perennial",1,0,1,0,0,1,0,1,0,"May","Nov",NA,NA,40,0,0,0,1,0,0,0,0,0,0,0,0,0,0,0,0,"leaf",1,1,0,0,0,0,0.316666667,0,0,"leaf",2,"h","i","p"
"Erica unilateralis","Erica unilateralis","ERICACEAE","Erica unilateralis","Klotzsch ex Benth.","Ericaceae",1,0,"Perennial",1,0,1,0,0,1,0,1,0,"Feb","Aug",NA,NA,60,0,0,0,1,0,0,0,0,0,0,0,0,0,0,0,0,"leaf",1,0,0,0,0,0,NA,0,0,"leaf",2,"h","i","p"
"Erica velitaris","Erica velitaris","ERICACEAE","Erica velitaris","Salisb.","Ericaceae",1,0,"Perennial",1,0,1,0,0,1,0,0,0,NA,NA,NA,NA,30,0,0,0,1,0,0,0,0,0,0,0,0,0,0,0,0,"leaf",1,0,0,0,0,0,NA,0,0,"leaf",2,"h","i","p"
"Erica verecunda","Erica verecunda","ERICACEAE","Erica verecunda","Salisb.","Ericaceae",1,0,"Perennial",1,0,1,0,0,1,0,1,0,"Jan","Jul",NA,NA,150,0,0,0,0,1,0,0,0,0,0,0,0,0,0,0,0,"leaf",1,1,0,0,0,0,0.424,0,0,"leaf",2,"h","i","p"
"Erica versicolor","Erica versicolor","ERICACEAE","Erica versicolor","Andrews","Ericaceae",1,0,"Perennial",1,0,1,0,0,1,0,0,0,"Jan","Dec",NA,NA,200,0,0,0,0,0,1,0,0,0,0,0,0,0,0,0,0,"leaf",1,0,0,0,0,0,0.535,0,0,"leaf",2,"h","m","p"
"Erica vestita","Erica vestita","ERICACEAE","Erica vestita","Thunb.","Ericaceae",1,0,"Perennial",1,0,1,0,0,1,0,0,0,"Jan","Dec",NA,NA,100,0,0,0,1,0,0,0,0,0,0,0,0,0,0,0,0,"leaf",1,0,0,0,0,0,1.948,0,0,"leaf",2,"h","m","p"
"Erica viscaria","Erica patersonia","ERICACEAE","Erica viscaria","L.","Ericaceae",1,0,"Perennial",1,0,1,0,0,1,0,0,0,"Apr","Nov",NA,NA,100,0,0,0,1,0,0,0,0,0,0,0,0,0,0,0,0,"leaf",1,0,0,0,0,0,5.462,0,0,"leaf",2,"h","m","p"
"Erica winteri","Erica winteri","ERICACEAE","Erica lambertii","Andrews","Ericaceae",1,0,"Perennial",1,0,1,0,0,1,0,0,0,"May","Oct",NA,NA,100,0,0,0,1,0,0,0,0,0,0,0,0,0,0,0,0,"leaf",1,0,0,0,0,0,NA,0,0,"leaf",2,"h","i","p"
"Eriocephalus africanus","Eriocephalus africanus","ASTERACEAE","Eriocephalus africanus","L.","Asteraceae",1,0,"Perennial",1,0,1,0,0,0,0,0,0,"Jan","Jun",NA,NA,100,0,0,0,1,0,0,0,0,0,0,0,0,0,0,0,0,"leaf",1,0,0,0,0,0,0.974117647,0,0,"leaf",2,"h","i","w"
"Eriocephalus racemosus","Eriocephalus racemosus","ASTERACEAE","Eriocephalus racemosus","L.","Asteraceae",1,0,"Perennial",1,0,1,0,0,0,0,0,0,"Jul","Sep",NA,NA,150,0,0,0,0,1,0,0,0,0,0,0,0,0,0,0,0,"leaf",1,0,0,0,0,0,0.62,0,0,"leaf",2,"h","i","w"
"Eriospermum capense","Eriospermum capense","CONVALLARIACEAE","Eriospermum capense","(L.) T.M.Salter","Asparagaceae",1,0,"Perennial",1,0,0,1,1,1,0,1,0,"Nov","Mar",NA,NA,50,0,1,0,0,0,0,0,0,0,0,0,0,0,0,0,0,"leaf",0,0,1,0,0,0,NA,0,0,"leaf",2,"l","i","w"
"Eriospermum lanuginosum","Eriospermum lanuginosum","CONVALLARIACEAE","Eriospermum lanuginosum","Jacq.","Asparagaceae",1,0,"Perennial",1,0,0,1,1,1,0,1,0,"Feb","Mar",NA,NA,38,0,1,0,0,0,0,0,0,0,0,0,0,0,0,0,0,"leaf",0,0,1,0,0,0,NA,0,0,"leaf",2,"l","i","w"
"Euchaetis vallis-simiae","Euchaetis vallis-simiae","RUTACEAE","Euchaetis vallis-simiae","I.Williams","Rutaceae",1,0,"Perennial",1,0,1,0,0,0,0,0,0,"Aug","Oct",NA,NA,120,0,0,0,1,0,0,0,0,0,0,0,0,0,0,0,0,"leaf",0,0,1,0,0,0,0.555,0,0,"leaf",2,"h","i","p"
"Euclea acutifolia","Euclea acutifolia","EBENACEAE","Euclea acutifolia","E.Mey. ex A.DC.","Ebenaceae",1,0,"Perennial",0,1,1,0,0,0,0,1,0,"Aug","Sep",NA,NA,100,0,0,0,1,0,0,0,0,0,0,0,0,0,0,0,0,"leaf",0,0,1,0,0,0,NA,0,0,"leaf",3,"h","i","m"
"Euclea crispa","Euclea crispa","EBENACEAE","Euclea crispa","(Thunb.) Gürke","Ebenaceae",1,0,"Perennial",0,1,1,0,0,0,0,1,0,"Sep","Feb",NA,NA,800,0,0,0,0,0,1,1,0,0,0,0,0,0,0,0,0,"leaf",0,1,1,0,0,0,NA,0,0,"leaf",3,"h","i","m"
"Euclea lancea","Euclea lancea","EBENACEAE","Euclea lancea","Thunb.","Ebenaceae",1,0,"Perennial",0,1,1,0,0,0,0,1,0,"Sep","Sep",NA,NA,100,0,0,0,1,0,0,0,0,0,0,0,0,0,0,0,0,"leaf",0,0,1,0,0,0,5.1,0,0,"leaf",3,"h","i","m"
"Euclea natalensis","Euclea natalensis","EBENACEAE","Euclea natalensis","A.DC.","Ebenaceae",1,0,"Perennial",0,1,1,0,0,0,0,1,0,"May","Jan",NA,NA,1200,0,0,0,0,0,1,1,0,0,0,0,0,0,0,0,0,"leaf",0,0,1,0,0,0,NA,0,0,"leaf",3,"h","i","m"
"Euclea polyandra","Euclea polyandra","EBENACEAE","Euclea polyandra","(L.f.) E.Mey. ex Hiern","Ebenaceae",1,0,"Perennial",0,1,1,0,0,0,0,1,0,"Oct","Nov",NA,NA,250,0,0,0,0,1,1,0,0,0,0,0,0,0,0,0,0,"leaf",0,0,1,0,0,0,4.145454545,0,0,"leaf",3,"h","i","m"
"Euclea racemosa","Euclea racemosa","EBENACEAE","Euclea racemosa","L.","Ebenaceae",1,0,"Perennial",0,1,1,0,0,0,0,1,0,"Dec","Jun",NA,NA,600,0,0,0,0,0,1,1,0,0,0,0,0,0,0,0,0,"leaf",0,0,1,0,0,0,4.06,0,0,"leaf",3,"h","i","m"
"Euclea schimperi","Euclea schimperi","EBENACEAE","Euclea racemosa subsp. schimperi","(A.DC.) F.White","Ebenaceae",1,0,"Perennial",0,1,1,0,0,0,0,1,0,"Dec","May",NA,NA,800,0,0,0,0,0,0,1,0,0,0,0,0,0,0,0,0,"leaf",0,0,1,0,0,0,3.783333333,0,0,"leaf",3,"h","i","m"
"Euclea tomentosa","Euclea tomentosa","EBENACEAE","Euclea tomentosa","E.Mey. ex A.DC.","Ebenaceae",1,0,"Perennial",0,1,1,0,0,0,0,1,0,"Sep","Oct",NA,NA,150,0,0,0,0,0,1,1,0,0,0,0,0,0,0,0,0,"leaf",0,0,1,0,0,0,5.9,0,0,"leaf",3,"h","i","m"
"Euclea undulata","Euclea undulata","EBENACEAE","Euclea undulata","Thunb.","Ebenaceae",1,0,"Perennial",0,1,1,0,0,0,0,1,0,"Dec","Apr",NA,NA,700,0,0,0,0,0,1,1,0,0,0,0,0,0,0,0,0,"leaf",0,1,0,0,0,0,2.266666667,0,0,"leaf",3,"m","i","m"
"Euphorbia erythrina","Euphorbia erythrina","EUPHORBIACEAE","Euphorbia genistoides","P.J.Bergius","Euphorbiaceae",1,0,"Perennial",1,0,1,0,0,0,0,0,0,"Jul","Oct",NA,NA,80,1,0,0,0,0,0,0,0,0,0,0,0,0,0,0,0,"leaf",0,0,1,0,0,0,0.9,0,0,"leaf",2,"l","i","i"
"Euphorbia genistoides","Euphorbia genistoides","EUPHORBIACEAE","Euphorbia genistoides","P.J.Bergius","Euphorbiaceae",1,0,"Perennial",1,0,1,0,0,0,0,0,0,"Jul","Oct",NA,NA,80,1,0,0,0,0,0,0,0,0,0,0,0,0,0,0,0,"leaf",1,0,0,0,0,0,1.5,0,0,"leaf",2,"l","i","i"
"Euphorbia grandidens","Euphorbia grandidens","EUPHORBIACEAE","Euphorbia grandidens","Haw.","Euphorbiaceae",1,0,"Perennial",1,0,1,1,0,0,0,0,0,"Jun","Aug",NA,NA,1600,0,0,0,0,0,0,1,0,0,0,0,0,1,0,1,0,"leaf",0,0,1,0,0,0,12.02,1,1,"culm_stem",3,"l","i","i"
"Euphorbia heptagona","Euphorbia heptagona","EUPHORBIACEAE","Euphorbia heptagona","L.","Euphorbiaceae",1,0,"Perennial",1,0,1,0,0,0,0,0,0,"Jun","Nov",NA,NA,100,0,0,0,0,1,0,0,0,0,0,0,0,1,0,1,0,"leaf",0,0,1,0,0,0,11.855,1,1,"culm_stem",3,"l","i","i"
"Euphorbia loricata","Euphorbia loricata","EUPHORBIACEAE","Euphorbia loricata","Lam.","Euphorbiaceae",1,0,"Perennial",1,0,1,0,0,0,0,0,0,"May","Sep",NA,NA,150,0,0,0,0,1,0,0,0,0,0,0,0,1,0,1,0,"leaf",0,1,0,0,0,0,2.9,0,1,"mixed",3,"l","i","i"
"Euphorbia mauritanica","Euphorbia mauritanica","EUPHORBIACEAE","Euphorbia mauritanica","L.","Euphorbiaceae",1,0,"Perennial",1,0,1,0,0,0,0,0,0,"May","Oct",NA,NA,200,0,0,0,0,0,1,0,0,0,0,0,0,1,0,1,0,"leaf",0,1,0,0,0,0,11.34333333,1,1,"culm_stem",3,"l","i","i"
"Euphorbia polygona","Euphorbia polygona","EUPHORBIACEAE","Euphorbia polygona","Haw.","Euphorbiaceae",1,0,"Perennial",1,0,1,0,0,0,0,0,0,"Feb","Jun",NA,NA,200,0,0,0,0,0,1,0,0,0,0,0,0,1,0,1,0,"leaf",0,1,0,0,0,0,NA,1,1,"culm_stem",3,"l","i","i"
"Euphorbia rhombifolia","Euphorbia rhombifolia","EUPHORBIACEAE","Euphorbia rhombifolia","Boiss.","Euphorbiaceae",1,0,"Perennial",1,0,1,0,0,0,0,0,0,"Jun","Nov",NA,NA,50,0,0,0,1,0,0,0,0,0,0,0,0,1,0,1,0,"leaf",0,1,0,0,0,0,13.83333333,1,1,"culm_stem",3,"l","i","i"
"Euphorbia silenifolia","Euphorbia silenifolia","EUPHORBIACEAE","Euphorbia silenifolia","Sweet","Euphorbiaceae",1,0,"Perennial",1,0,1,0,0,0,0,1,0,"Jun","Sep",NA,NA,5,1,0,0,0,0,0,0,0,0,0,0,0,1,0,1,1,"leaf",0,1,0,0,0,0,32.91,0,0,"leaf",3,"l","i","i"
"Euphorbia tuberosa","Euphorbia tuberosa","EUPHORBIACEAE","Euphorbia tuberosa","L.","Euphorbiaceae",1,0,"Perennial",0,1,1,0,0,0,0,1,0,"Jun","Sep",NA,NA,5,1,0,0,0,0,0,0,0,0,0,0,0,1,0,1,1,"leaf",0,1,0,0,0,0,3.2,0,0,"leaf",3,"l","i","i"
"Euryops abrotanifolius","Euryops abrotanifolius","ASTERACEAE","Euryops abrotanifolius","DC.","Asteraceae",1,0,"Perennial",1,0,1,0,0,0,0,0,0,"Jul","Dec",NA,NA,100,0,0,0,1,0,0,0,0,0,0,0,0,0,0,0,0,"leaf",1,0,0,0,1,1,3.6625,0,0,"leaf",2,"m","i","i"
"Euryops erectus","Euryops erectus","ASTERACEAE","Euryops erectus","(Compton) B.Nord.","Asteraceae",1,0,"Perennial",1,0,1,0,0,0,0,0,0,"Aug","Oct",NA,NA,100,0,0,0,1,0,0,0,0,0,0,0,0,0,0,0,0,"leaf",1,0,0,0,0,0,NA,0,0,"leaf",2,"h","i","i"
"Euryops euryopoides","Euryops euryopoides","ASTERACEAE","Euryops euryopoides","(DC.) B.Nord.","Asteraceae",1,0,"Perennial",1,0,1,0,0,0,0,0,0,"Mar","Dec",NA,NA,90,0,0,0,1,0,0,0,0,0,0,0,0,0,0,0,0,"leaf",1,0,0,0,1,0,NA,0,0,"leaf",2,"h","i","i"
"Euryops munitus","Euryops munitus","ASTERACEAE","Euryops munitus","(L.f.) B.Nord.","Asteraceae",1,0,"Perennial",1,0,1,0,0,0,0,0,0,"Mar","Jun",NA,NA,40,0,0,0,1,0,0,0,0,0,0,0,0,0,0,0,0,"leaf",1,0,0,0,1,0,0.511666667,0,0,"leaf",2,"m","i","i"
"Euryops pinnatipartitus","Euryops pinnatipartitus","ASTERACEAE","Euryops pinnatipartitus","(DC.) B.Nord.","Asteraceae",1,0,"Perennial",1,0,1,0,0,0,0,0,0,"Jul","Jan",NA,NA,90,0,0,0,1,0,0,0,0,0,0,0,0,0,0,0,0,"leaf",1,0,0,0,1,1,1.3,0,0,"leaf",2,"m","i","i"
"Euryops rehmannii","Euryops rehmannii","ASTERACEAE","Euryops rehmannii","Compton","Asteraceae",1,0,"Perennial",1,0,1,0,0,0,0,0,0,"Jul","Oct",NA,NA,40,0,0,0,1,0,0,0,0,0,0,0,0,0,0,0,0,"leaf",1,0,0,0,1,0,2.266666667,0,0,"leaf",2,"h","i","i"
"Euryops spathaceus","Euryops spathaceus","ASTERACEAE","Euryops spathaceus","DC.","Asteraceae",1,0,"Perennial",1,0,1,0,0,0,0,1,0,"Jan","Apr",NA,NA,100,0,0,0,1,0,0,0,0,0,0,0,0,0,0,0,0,"leaf",1,1,0,0,0,0,2.9,0,0,"leaf",2,"h","i","i"
"Euryops speciosissimus","Euryops speciosissimus","ASTERACEAE","Euryops speciosissimus","DC.","Asteraceae",1,0,"Perennial",1,0,1,0,0,0,0,0,0,"Aug","Nov",NA,NA,200,0,0,0,0,0,1,0,0,0,0,0,0,0,0,0,0,"leaf",1,0,0,0,1,1,12.6,0,0,"leaf",2,"h","i","i"
"Euryops tenuissimus","Euryops tenuissimus","ASTERACEAE","Euryops tenuissimus","(L.) DC.","Asteraceae",1,0,"Perennial",1,0,1,0,0,0,0,1,0,"Aug","Oct",NA,NA,250,0,0,0,0,0,1,0,0,0,0,0,0,0,0,0,0,"leaf",1,0,0,0,1,0,3.892,0,0,"leaf",2,"h","i","i"
"Euryops ursinoides","Euryops ursinoides","ASTERACEAE","Euryops ursinoides","B.Nord.","Asteraceae",1,0,"Perennial",1,0,1,0,0,0,0,0,0,"Jul","Dec",NA,NA,200,0,0,0,0,0,1,0,0,0,0,0,0,0,0,0,0,"leaf",1,0,0,0,1,0,NA,0,0,"leaf",2,"h","i","i"
"Eustachys paspaloides","Eustachys paspaloides","POACEAE","Eustachys paspaloides","(Vahl) Lanza & Mattei","Poaceae",1,0,"Perennial",1,0,1,0,0,0,0,1,0,"Oct","May",NA,NA,100,0,0,1,0,0,0,0,0,0,0,0,0,0,0,0,0,"leaf",0,1,0,0,0,0,8.2,0,0,"leaf",2,"m","w","w"
"Evotella carnosa","Corycium carnosum","ORCHIDACEAE","Evotella carnosa","(Lindl.) J.C.Manning & Goldblatt","Orchidaceae",1,0,"Perennial",1,0,0,1,1,1,1,1,0,"Oct","Jan",NA,NA,55,0,1,0,0,0,0,0,0,0,0,0,0,0,0,0,0,"leaf",0,1,0,0,0,0,NA,0,0,"leaf",2,"l","i","p"
"Exomis microphylla","Exomis microphylla","AMARANTHACEAE","Exomis microphylla","(Thunb.) Aellen","Amaranthaceae",1,0,"Perennial",1,0,1,0,0,0,0,0,0,"Jan","Apr",NA,NA,100,0,0,0,1,0,0,0,0,0,0,0,0,0,0,0,0,"leaf",0,0,1,0,0,0,1.6,0,0,"leaf",3,"m","i","p"
"Falkia repens","Falkia repens","CONVOLVULACEAE","Falkia repens","L.f.","Convolvulaceae",1,0,"Perennial",1,0,1,0,0,0,0,0,0,"Oct","Dec",NA,NA,5,1,0,0,0,0,0,0,1,0,0,0,0,0,0,0,0,"leaf",0,0,1,0,0,0,NA,0,0,"leaf",2,"l","i","p"
"Felicia cymbalariae","Felicia cymbalariae","ASTERACEAE","Felicia cymbalariae","(Aiton) Bolus & Wolley-Dod ex Levyns","Asteraceae",1,0,"Perennial",1,0,1,0,0,1,0,0,0,"Sep","Feb",NA,NA,30,1,0,0,0,0,0,0,0,0,0,0,0,0,0,0,0,"leaf",0,0,1,0,0,0,NA,0,0,"leaf",2,"l","i","w"
"Felicia diffusa","Felicia diffusa","ASTERACEAE","Felicia diffusa","(DC.) Grau","Asteraceae",1,0,"Perennial",1,0,1,0,0,1,0,0,0,"Oct","Oct",NA,NA,15,0,0,0,1,0,0,0,0,0,0,0,0,0,0,0,0,"leaf",0,0,1,0,0,0,NA,0,0,"leaf",2,"l","i","w"
"Felicia filifolia","Felicia filifolia","ASTERACEAE","Felicia filifolia","Burtt Davy","Asteraceae",1,0,"Perennial",1,0,1,0,0,0,0,0,0,"Oct","Dec",NA,NA,100,0,0,0,1,0,0,0,0,0,0,0,0,0,0,0,0,"leaf",1,0,0,0,0,0,1.165,0,0,"leaf",3,"h","i","w"
"Felicia fruticosa","Felicia fruticosa","ASTERACEAE","Felicia fruticosa","G.Nicholson","Asteraceae",1,0,"Perennial",1,0,1,0,0,1,0,0,0,"Sep","Nov",NA,NA,100,0,0,0,1,0,0,0,0,0,0,0,0,0,0,0,0,"leaf",0,1,0,0,0,0,NA,0,0,"leaf",3,"h","i","w"
"Felicia joubertinae","Felicia joubertinae","ASTERACEAE","Felicia joubertinae","Grau","Asteraceae",1,0,"Perennial",1,0,1,0,0,1,0,0,0,"Oct","Jan",NA,NA,40,0,0,0,1,0,0,0,0,0,0,0,0,0,0,0,0,"leaf",0,1,0,0,0,0,NA,0,0,"leaf",2,"l","i","w"
"Felicia microcephala","Felicia microcephala","ASTERACEAE","Felicia microcephala","Grau","Asteraceae",1,0,"Perennial",1,0,1,0,0,1,0,0,0,"Sep","Jan",NA,NA,120,0,0,0,1,0,0,0,0,0,0,0,0,0,0,0,0,"leaf",0,0,1,0,0,0,NA,0,0,"leaf",2,"l","i","w"
"Felicia muricata","Felicia muricata","ASTERACEAE","Felicia muricata","Nees","Asteraceae",1,0,"Perennial",1,0,1,0,0,0,0,0,0,"Nov","Apr",NA,NA,70,0,0,0,1,0,0,0,0,0,0,0,0,0,0,0,0,"leaf",1,0,0,0,0,0,0.658,0,0,"leaf",2,"m","i","w"
"Festuca scabra","Festuca scabra","POACEAE","Festuca scabra","Vahl","Poaceae",1,0,"Perennial",1,0,1,0,0,1,0,1,0,"Sep","Dec",NA,NA,90,0,0,1,0,0,0,0,0,0,0,0,0,0,0,0,0,"leaf",1,0,0,0,0,0,13.44,0,0,"leaf",2,"h","w","w"
"Ficinia acuminata","Ficinia acuminata","CYPERACEAE","Ficinia acuminata","Nees","Cyperaceae",1,0,"Perennial",1,0,1,0,0,0,0,1,0,"Aug","Dec",NA,NA,70,0,0,1,0,0,0,0,0,0,0,0,0,0,0,0,0,"leaf",1,0,0,0,0,0,43.51,0,1,"culm_stem",2,"m","w","i"
"Ficinia anceps","Ficinia anceps","CYPERACEAE","Ficinia anceps","Nees","Cyperaceae",1,0,"Perennial",1,0,1,0,0,0,0,1,0,"Apr","Nov",NA,NA,25,0,0,1,0,0,0,0,0,0,0,0,0,0,0,0,0,"leaf",1,0,0,0,0,0,5.833333333,0,1,"mixed",1,"m","w","i"
"Ficinia brevifolia","Ficinia brevifolia","CYPERACEAE","Ficinia brevifolia","Nees ex Kunth","Cyperaceae",1,0,"Perennial",1,0,1,0,0,0,0,1,0,"Aug","Dec",NA,NA,60,0,0,1,0,0,0,0,0,0,0,0,0,0,0,0,0,"leaf",1,0,0,0,0,0,61.65454545,0,1,"mixed",1,"m","w","i"
"Ficinia bulbosa","Ficinia bulbosa","CYPERACEAE","Ficinia bulbosa","(L.) Nees","Cyperaceae",1,0,"Perennial",1,0,1,0,0,0,0,1,0,"Feb","Sep",NA,NA,30,0,0,1,0,0,0,0,0,0,0,0,0,0,0,0,0,"leaf",1,0,0,0,0,0,6.558823529,0,1,"mixed",1,"l","w","i"
"Ficinia capillifolia","Ficinia capillifolia","CYPERACEAE","Ficinia capillifolia","(Schrad.) C.B.Clarke","Cyperaceae",1,0,"Perennial",1,0,1,0,0,0,0,1,0,"Sep","Nov",NA,NA,30,0,0,1,0,0,0,0,0,0,0,0,0,0,0,0,0,"leaf",1,0,0,0,0,0,NA,0,1,"mixed",1,"m","w","i"
"Ficinia capitella","Ficinia capitella","CYPERACEAE","Ficinia capitellum","(Thunb.) Nees","Cyperaceae",1,0,"Perennial",1,0,1,0,0,0,0,1,0,"Jul","Nov",NA,NA,25,0,0,1,0,0,0,0,0,0,0,0,0,0,0,0,0,"leaf",1,0,0,0,0,0,15.63333333,0,1,"mixed",1,"l","w","i"
"Ficinia cedarbergensis","Ficinia cedarbergensis","CYPERACEAE","Ficinia cedarbergensis","T.H.Arnold & Gordon-Gray","Cyperaceae",1,0,"Perennial",1,0,1,0,0,0,0,1,0,"Sep","Apr",NA,NA,60,0,0,1,0,0,0,0,0,0,0,0,0,0,0,0,0,"leaf",1,0,0,0,0,0,30.74,0,1,"mixed",2,"m","w","i"
"Ficinia deusta","Ficinia deusta","CYPERACEAE","Ficinia deusta","(P.J.Bergius) Levyns","Cyperaceae",1,0,"Perennial",1,0,1,0,0,0,0,1,0,"Mar","Aug",NA,NA,40,0,0,1,0,0,0,0,0,0,0,0,0,0,0,0,0,"leaf",1,0,0,0,0,0,21.26296296,0,1,"mixed",2,"m","w","i"
"Ficinia dunensis","Ficinia dunensis","CYPERACEAE","Ficinia dunensis","Levyns","Cyperaceae",1,0,"Perennial",1,0,1,0,0,0,0,1,0,"Aug","Oct",NA,NA,20,0,0,1,0,0,0,0,0,0,0,0,0,0,0,0,0,"leaf",1,0,0,0,0,0,28.0375,0,1,"mixed",2,"m","w","i"
"Ficinia fascicularis","Ficinia fascicularis","CYPERACEAE","Ficinia fascicularis","Nees","Cyperaceae",1,0,"Perennial",1,0,1,0,0,0,0,1,0,"Oct","Nov",NA,NA,60,0,0,1,0,0,0,0,0,0,0,0,0,0,0,0,0,"leaf",1,0,0,0,0,0,NA,0,1,"mixed",2,"h","w","i"
"Ficinia indica","Ficinia indica","CYPERACEAE","Ficinia indica","(Lam.) H.Pfeiff.","Cyperaceae",1,0,"Perennial",1,0,1,0,0,0,0,1,0,"Jul","Nov",NA,NA,40,0,0,1,0,0,0,0,0,0,0,0,0,0,0,0,0,"leaf",1,0,0,0,0,0,17.24166667,0,1,"mixed",2,"m","w","i"
"Ficinia laciniata","Ficinia laciniata","CYPERACEAE","Ficinia laciniata","(Thunb.) Nees","Cyperaceae",1,0,"Perennial",1,0,1,0,0,0,0,1,0,"Jul","Oct",NA,NA,20,0,0,1,0,0,0,0,0,0,0,0,0,0,0,0,0,"leaf",1,0,0,0,0,0,NA,0,1,"mixed",2,"m","w","i"
"Ficinia lateralis","Ficinia lateralis","CYPERACEAE","Ficinia lateralis","(Vahl) Kunth","Cyperaceae",1,0,"Perennial",1,0,1,0,0,0,0,1,0,"Mar","Aug",NA,NA,25,0,0,1,0,0,0,0,0,0,0,0,0,0,0,0,0,"leaf",1,0,0,0,0,0,NA,0,1,"mixed",2,"m","w","i"
"Ficinia levynsiae","Ficinia levynsiae","CYPERACEAE","Ficinia levynsiae","T.H.Arnold & Gordon-Gray","Cyperaceae",1,0,"Perennial",1,0,1,0,0,0,0,1,0,"Oct","Jan",NA,NA,15,0,0,1,0,0,0,0,0,0,0,0,0,0,0,0,0,"leaf",1,0,0,0,0,0,NA,0,1,"mixed",2,"m","w","i"
"Ficinia monticola","Ficinia monticola","CYPERACEAE","Ficinia monticola","Kunth","Cyperaceae",1,0,"Perennial",1,0,1,0,0,0,0,1,0,"Jun","Nov",NA,NA,40,0,0,1,0,0,0,0,0,0,0,0,0,0,0,0,0,"leaf",1,0,0,0,0,0,13.67142857,0,1,"mixed",1,"m","w","i"
"Ficinia nigrescens","Ficinia nigrescens","CYPERACEAE","Ficinia nigrescens","(Schrad.) J.Raynal","Cyperaceae",1,0,"Perennial",1,0,1,0,0,0,0,1,0,"May","Oct",NA,NA,40,0,0,1,0,0,0,0,0,0,0,0,0,0,0,0,0,"leaf",1,0,0,0,0,0,19.48611111,0,1,"mixed",1,"m","w","i"
"Ficinia nodosa","Scirpoides nodosus","CYPERACEAE","Ficinia nodosa","(Rottb.) Goetgh., Muasya & D.A.Simpson","Cyperaceae",1,0,"Perennial",1,0,1,0,0,0,0,1,0,"Dec","Mar",NA,NA,100,0,0,1,0,0,0,0,0,0,0,0,0,0,0,0,0,"leaf",1,0,0,0,0,0,21.96,0,1,"mixed",1,"m","w","i"
"Ficinia oligantha","Ficinia oligantha","CYPERACEAE","Ficinia oligantha","(Steud.) J.Raynal","Cyperaceae",1,0,"Perennial",1,0,1,0,0,0,0,1,0,"Sep","Jan",NA,NA,25,0,0,1,0,0,0,0,0,0,0,0,0,0,0,0,0,"leaf",1,0,0,0,0,0,10.23458333,0,1,"leaf",1,"l","w","i"
"Ficinia paradoxa","Ficinia paradoxa","CYPERACEAE","Ficinia paradoxa","(Schrad.) Nees","Cyperaceae",1,0,"Perennial",1,0,1,0,0,0,0,1,0,"May","Nov",NA,NA,35,0,0,1,0,0,0,0,0,0,0,0,0,0,0,0,0,"leaf",1,0,0,0,0,0,NA,0,1,"leaf",1,"m","w","i"
"Ficinia pinguior","Ficinia pinguior","CYPERACEAE","Ficinia pinguior","C.B.Clarke","Cyperaceae",1,0,"Perennial",1,0,1,0,0,0,0,1,0,"Mar","Jun",NA,NA,60,0,0,1,0,0,0,0,0,0,0,0,0,0,0,0,0,"leaf",1,0,0,0,0,0,33.6,0,1,"mixed",2,"m","w","i"
"Ficinia ramosissima","Ficinia ramosissima","CYPERACEAE","Ficinia ramosissima","Kunth","Cyperaceae",1,0,"Perennial",1,0,1,0,0,0,0,1,0,"Jul","Sep",NA,NA,20,0,0,1,0,0,0,0,0,0,0,0,0,0,0,0,0,"leaf",1,0,0,0,0,0,0.95325,0,1,"leaf",2,"m","w","i"
"Ficinia rigida","Ficinia rigida","CYPERACEAE","Ficinia rigida","Levyns","Cyperaceae",1,0,"Perennial",1,0,1,0,0,0,0,1,0,"Jan","Mar",NA,NA,35,0,0,1,0,0,0,0,0,0,0,0,0,0,0,0,0,"leaf",1,0,0,0,0,0,9.233333333,0,1,"mixed",1,"m","w","i"
"Ficinia secunda","Ficinia secunda","CYPERACEAE","Ficinia secunda","(Vahl) Kunth","Cyperaceae",1,0,"Perennial",1,0,1,0,0,0,0,1,0,"Mar","Oct",NA,NA,60,0,0,1,0,0,0,0,0,0,0,0,0,0,0,0,0,"leaf",1,0,0,0,0,0,21.3,0,1,"mixed",2,"h","w","i"
"Ficinia stolonifera","Ficinia stolonifera","CYPERACEAE","Ficinia stolonifera","Boeckeler","Cyperaceae",1,0,"Perennial",1,0,1,0,0,0,0,1,0,"Sep","Dec",NA,NA,15,0,0,1,0,0,0,0,0,0,0,0,0,0,0,0,0,"leaf",1,0,0,0,0,0,4.6625,0,1,"mixed",2,"m","w","i"
"Ficinia trichodes","Ficinia trichodes","CYPERACEAE","Ficinia trichodes","(Schrad.) B.D.Jacks.","Cyperaceae",1,0,"Perennial",1,0,1,0,0,0,0,1,0,"Jun","Sep",NA,NA,45,0,0,1,0,0,0,0,0,0,0,0,0,0,0,0,0,"leaf",1,0,0,0,0,0,2.739,0,1,"leaf",2,"m","w","i"
"Ficinia zeyheri","Ficinia zeyheri","CYPERACEAE","Ficinia zeyheri","Boeckeler","Cyperaceae",1,0,"Perennial",1,0,1,0,0,0,1,1,0,"Aug","Oct",NA,NA,30,0,0,1,0,0,0,0,0,0,0,0,0,0,0,0,0,"leaf",1,0,0,0,0,0,17.376,0,1,"leaf",1,"l","w","i"
"Frankenia repens","Frankenia repens","FRANKENIACEAE","Frankenia repens","(P.J.Bergius) Fourc.","Frankeniaceae",1,0,"Perennial",1,0,1,0,0,0,0,0,0,"Sep","Jan",NA,NA,5,1,0,0,0,0,0,0,0,0,0,0,0,0,0,0,0,"leaf",1,0,0,0,0,0,NA,0,0,"leaf",2,"l","i","u"
"Freesia corymbosa","Freesia corymbosa","IRIDACEAE","Freesia corymbosa","(Burm.f.) N.E.Br.","Iridaceae",1,0,"Perennial",1,0,0,1,1,1,0,1,0,"Aug","Nov",NA,NA,50,0,1,0,0,0,0,0,0,0,0,0,0,0,0,0,0,"leaf",0,1,0,0,0,0,NA,0,0,"leaf",2,"l","i","w"
"Freylinia lanceolata","Freylinia lanceolata","SCROPHULARIACEAE","Freylinia lanceolata","(L.f.) G.Don","Scrophulariaceae",1,0,"Perennial",1,0,1,0,0,0,0,1,0,"Feb","Jul",NA,NA,500,0,0,0,0,0,0,1,0,0,0,0,0,0,0,0,0,"leaf",0,1,0,0,0,0,5.64,0,0,"leaf",2,"h","i","p"
"Freylinia undulata","Freylinia undulata","SCROPHULARIACEAE","Freylinia undulata","(L.f.) Benth.","Scrophulariaceae",1,0,"Perennial",1,0,1,0,0,0,0,0,0,"Jun","Dec",NA,NA,200,0,0,0,0,0,1,0,0,0,0,0,0,0,0,0,0,"leaf",0,0,1,0,0,0,1.27,0,0,"leaf",2,"h","i","p"
"Fuirena hirsuta","Fuirena hirsuta","CYPERACEAE","Fuirena hirsuta","(P.J.Bergius) P.L.Forbes","Cyperaceae",1,0,"Perennial",1,0,1,0,0,0,0,1,0,"Oct","Feb",NA,NA,50,0,0,1,0,0,0,0,0,0,0,0,0,0,0,0,0,"leaf",1,0,0,0,0,0,NA,0,1,"mixed",2,"h","w","p"
"Galenia papulosa","Galenia papulosa","AIZOACEAE","Aizoon papulosum","Eckl. & Zeyh.","Aizoaceae",1,0,"Perennial",1,0,1,0,0,1,0,0,0,"Aug","Oct",NA,NA,80,0,0,0,1,0,0,0,0,0,0,0,0,1,1,0,0,"leaf",0,0,1,0,0,0,1.633333333,0,0,"leaf",2,"l","i","p"
"Galenia pubescens","Galenia pubescens","AIZOACEAE","Aizoon pubescens","Eckl. & Zeyh.","Aizoaceae",1,0,"Perennial",1,0,1,0,0,1,0,0,0,"Oct","Dec",NA,NA,80,0,0,0,1,0,0,0,0,0,0,0,0,0,0,0,0,"leaf",1,0,0,0,0,0,NA,0,0,"leaf",2,"l","i","p"
"Galium capense","Galium capense","RUBIACEAE","Galium capense","Thunb.","Rubiaceae",1,0,"Perennial",0,1,1,0,0,0,0,0,0,"Sep","Dec",NA,NA,90,1,0,0,0,0,0,0,1,0,0,0,0,0,0,0,0,"leaf",1,0,0,0,0,0,NA,0,0,"leaf",2,"l","w","p"
"Galium tomentosum","Galium tomentosum","RUBIACEAE","Galium tomentosum","Thunb.","Rubiaceae",1,0,"Perennial",0,1,1,0,0,0,0,0,0,"Sep","Nov",NA,NA,300,1,0,0,0,0,0,0,1,0,0,0,0,0,0,0,0,"leaf",0,0,1,0,0,0,NA,0,0,"leaf",2,"l","w","p"
"Galium undulatum","Galium undulatum","RUBIACEAE","Galium undulatum","Puff","Rubiaceae",1,0,"Perennial",0,1,1,0,0,0,0,0,0,"Sep","Dec",NA,NA,150,1,0,0,0,0,0,0,1,0,0,0,0,0,0,0,0,"leaf",0,0,1,0,0,0,NA,0,0,"leaf",2,"l","w","p"
"Gazania ciliaris","Gazania ciliaris","ASTERACEAE","Gazania ciliaris","DC.","Asteraceae",1,0,"Perennial",1,0,1,0,0,1,0,1,0,"Jul","Sep",NA,NA,15,1,0,0,0,0,0,0,0,0,0,0,0,0,0,0,0,"leaf",0,1,0,0,0,1,NA,0,0,"leaf",2,"l","i","w"
"Gazania krebsiana","Gazania krebsiana","ASTERACEAE","Gazania krebsiana","Less.","Asteraceae",1,0,"Perennial",1,0,1,0,0,1,0,1,0,"Sep","Jan",NA,NA,20,1,0,0,0,0,0,0,0,0,0,0,0,0,0,0,0,"leaf",0,1,0,0,0,1,11.61666667,0,0,"leaf",2,"l","i","w"
"Gazania pectinata","Gazania pectinata","ASTERACEAE","Gazania pectinata","Spreng.","Asteraceae",0,1,"Annual",1,0,1,0,1,1,0,1,0,"Aug","Nov",NA,NA,20,1,0,0,0,0,0,0,0,0,0,0,0,0,0,0,0,"leaf",0,1,0,0,1,1,NA,0,0,"leaf",2,"l","i","w"
"Gazania serrata","Gazania serrata","ASTERACEAE","Gazania serrata","DC.","Asteraceae",1,0,"Perennial",1,0,1,0,0,1,0,1,0,"Aug","Oct",NA,NA,25,1,0,0,0,0,0,0,0,0,0,0,0,0,0,0,0,"leaf",1,0,0,0,1,1,NA,0,0,"leaf",2,"l","i","w"
"Geissorhiza confusa","Geissorhiza confusa","IRIDACEAE","Geissorhiza confusa","Goldblatt","Iridaceae",1,0,"Perennial",1,0,1,0,1,1,1,1,0,"Oct","Nov",NA,NA,30,0,1,0,0,0,0,0,0,0,0,0,0,0,0,0,0,"leaf",1,1,0,0,0,0,NA,0,0,"leaf",2,"l","i","p"
"Geissorhiza juncea","Geissorhiza juncea","IRIDACEAE","Geissorhiza juncea","(Link) A.Dietr.","Iridaceae",1,0,"Perennial",1,0,1,0,1,1,0,1,0,"Aug","Nov",NA,NA,40,0,1,0,0,0,0,0,0,0,0,0,0,0,0,0,0,"leaf",1,0,0,0,0,0,NA,0,0,"leaf",2,"l","i","p"
"Geissorhiza tenella","Geissorhiza tenella","IRIDACEAE","Geissorhiza tenella","Goldblatt","Iridaceae",1,0,"Perennial",1,0,1,0,1,1,0,1,0,"Oct","Dec",NA,NA,30,0,1,0,0,0,0,0,0,0,0,0,0,0,0,0,0,"leaf",1,0,0,0,0,0,NA,0,0,"leaf",2,"l","i","p"
"Geochloa decora","Merxmuellera decora","POACEAE","Geochloa decora","(Nees) N.P.Barker & H.P.Linder","Poaceae",1,0,"Perennial",1,0,1,0,0,1,0,1,0,"Sep","Nov",NA,NA,60,0,0,1,0,0,0,0,0,0,0,0,0,0,0,0,0,"leaf",1,0,0,0,0,0,16.24,0,0,"leaf",2,"l","w","w"
"Geochloa rufa","Merxmuellera rufa","POACEAE","Geochloa rufa","(Nees) N.P.Barker & H.P.Linder","Poaceae",1,0,"Perennial",1,0,1,0,0,0,0,1,0,"Sep","Nov",NA,NA,45,0,0,1,0,0,0,0,0,0,0,0,0,0,0,0,0,"leaf",1,0,0,0,0,0,17.46833333,0,0,"leaf",2,"l","w","w"
"Geranium incanum","Geranium incanum","GERANIACEAE","Geranium incanum","Burm.f.","Geraniaceae",1,0,"Perennial",1,0,1,0,0,0,0,1,0,"Aug","Oct",NA,NA,10,1,0,0,0,0,0,0,0,0,0,0,0,0,0,0,0,"leaf",1,0,0,1,1,1,3.4,0,0,"leaf",2,"l","i","w"
"Gerbera crocea","Gerbera crocea","ASTERACEAE","Gerbera crocea","Kuntze","Asteraceae",1,0,"Perennial",1,0,1,0,0,0,1,1,0,"Sep","May",NA,NA,40,1,0,0,0,0,0,0,0,0,0,0,0,0,0,0,0,"leaf",0,1,1,0,0,0,7.64,0,0,"leaf",2,"l","i","w"
"Gerbera piloselloides","Gerbera piloselloides","ASTERACEAE","Gerbera piloselloides","Cass.","Asteraceae",1,0,"Perennial",1,0,1,0,0,0,0,1,0,"Jul","Feb",NA,NA,30,1,0,0,0,0,0,0,0,0,0,0,0,0,0,0,0,"leaf",0,0,1,0,0,0,NA,0,0,"leaf",2,"l","i","w"
"Gerbera serrata","Gerbera serrata","ASTERACEAE","Gerbera serrata","Druce","Asteraceae",1,0,"Perennial",1,0,1,0,0,0,1,1,0,"Aug","Nov",NA,NA,30,1,0,0,0,0,0,0,0,0,0,0,0,0,0,0,0,"leaf",0,1,1,0,0,0,4.04,0,0,"leaf",2,"l","i","w"
"Gerbera tomentosa","Gerbera tomentosa","ASTERACEAE","Gerbera tomentosa","DC.","Asteraceae",1,0,"Perennial",1,0,1,0,0,0,1,1,0,"Oct","Nov",NA,NA,30,1,0,0,0,0,0,0,0,0,0,0,0,0,0,0,0,"leaf",0,0,1,0,0,0,NA,0,0,"leaf",2,"l","i","w"
"Gladiolus grandiflorus","Gladiolus floribundus","IRIDACEAE","Gladiolus grandiflorus","Andrews","Iridaceae",1,0,"Perennial",1,0,1,0,1,1,0,1,0,"Sep","Nov",NA,NA,45,0,1,0,0,0,0,0,0,0,0,0,0,0,0,0,0,"leaf",0,1,0,0,0,0,NA,0,0,"leaf",2,"l","i","w"
"Gladiolus rogersii","Gladiolus rogersii","IRIDACEAE","Gladiolus rogersii","Baker","Iridaceae",1,0,"Perennial",1,0,1,0,1,1,0,1,0,"Sep","Oct",NA,NA,60,0,1,0,0,0,0,0,0,0,0,0,0,0,0,0,0,"leaf",1,0,0,0,0,0,NA,0,0,"leaf",2,"l","i","w"
"Gladiolus stellatus","Gladiolus stellatus","IRIDACEAE","Gladiolus stellatus","G.J.Lewis","Iridaceae",1,0,"Perennial",1,0,1,0,1,1,0,1,0,"Sep","Nov",NA,NA,50,0,1,0,0,0,0,0,0,0,0,0,0,0,0,0,0,"leaf",1,0,0,0,0,0,NA,0,0,"leaf",2,"l","i","w"
"Gleichenia polypodioides","Gleichenia polypodioides","GLEICHENIACEAE","Gleichenia polypodioides","(L.) Sm.","Gleicheniaceae",1,0,"Perennial",1,0,1,0,0,0,0,1,0,NA,NA,NA,NA,120,0,0,0,0,0,0,0,1,0,0,0,1,0,0,0,0,"frond",0,1,1,1,1,1,12.3,0,0,"leaf",2,"h","w","w"
"Glia prolifera","Glia prolifera","APIACEAE","Glia prolifera","(Burm.f.) B.L.Burtt","Apiaceae",1,0,"Perennial",1,0,1,0,1,1,0,1,0,"Dec","Mar",NA,NA,200,0,0,0,0,0,1,0,0,0,0,0,0,0,0,0,0,"leaf",1,0,0,0,1,0,NA,0,0,"leaf",3,"h","i","w"
"Gnidia anomala","Gnidia anomala","THYMELAEACEAE","Gnidia anomala","Meisn.","Thymelaeaceae",1,0,"Perennial",1,0,1,0,0,1,0,0,0,"Sep","Dec",NA,NA,200,0,0,0,0,0,1,0,0,0,0,0,0,0,0,0,0,"leaf",0,0,1,0,0,0,NA,0,0,"leaf",2,"h","i","p"
"Gnidia francisci","Gnidia francisci","THYMELAEACEAE","Gnidia francisci","Bolus","Thymelaeaceae",1,0,"Perennial",1,0,1,0,0,1,0,0,0,"Nov","Apr",NA,NA,60,0,0,0,1,0,0,0,0,0,0,0,0,0,0,0,0,"leaf",0,1,0,0,0,0,NA,0,0,"leaf",2,"m","i","p"
"Gnidia galpinii","Gnidia galpinii","THYMELAEACEAE","Gnidia galpini","C.H.Wright","Thymelaeaceae",1,0,"Perennial",1,0,1,0,0,1,0,0,0,"Sep","May",NA,NA,60,0,0,0,1,0,0,0,0,0,0,0,0,0,0,0,0,"leaf",0,1,0,0,0,0,1.26,0,0,"leaf",2,"m","i","p"
"Gnidia geminiflora","Gnidia geminiflora","THYMELAEACEAE","Gnidia geminiflora","E.Mey. ex Meisn.","Thymelaeaceae",1,0,"Perennial",1,0,1,0,0,1,0,1,0,"Jun","Dec",NA,NA,60,0,0,0,1,0,0,0,0,0,0,0,0,0,0,0,0,"leaf",0,1,0,0,0,0,1.038,0,0,"leaf",2,"m","i","p"
"Gnidia imbricata","Gnidia imbricata","THYMELAEACEAE","Gnidia imbricata","L.f.","Thymelaeaceae",1,0,"Perennial",1,0,1,0,0,1,0,0,0,"Jun","Jan",NA,NA,30,0,0,0,1,0,0,0,0,0,0,0,0,0,0,0,0,"leaf",0,0,1,0,0,0,0.74,0,0,"leaf",2,"l","i","p"
"Gnidia juniperifolia","Gnidia juniperifolia","THYMELAEACEAE","Gnidia juniperifolia","Lam.","Thymelaeaceae",1,0,"Perennial",1,0,1,0,0,1,0,1,0,"Jan","Dec",NA,NA,50,0,0,0,1,0,0,0,0,0,0,0,0,0,0,0,0,"leaf",1,0,0,0,0,0,1.046923077,0,0,"leaf",2,"m","i","p"
"Gnidia oppositifolia","Gnidia oppositifolia","THYMELAEACEAE","Gnidia oppositifolia","L.","Thymelaeaceae",1,0,"Perennial",1,0,1,0,0,1,0,0,0,"Jan","Dec",NA,NA,300,0,0,0,0,0,1,0,0,0,0,0,0,0,0,0,0,"leaf",0,1,1,0,0,0,1.089333333,0,0,"leaf",2,"h","i","p"
"Gnidia pinifolia","Gnidia pinifolia","THYMELAEACEAE","Gnidia pinifolia","L.","Thymelaeaceae",1,0,"Perennial",1,0,1,0,0,1,0,1,0,"Jan","Dec",NA,NA,100,0,0,0,1,0,0,0,0,0,0,0,0,0,0,0,0,"leaf",0,1,0,0,0,0,1.227272727,0,0,"leaf",2,"h","i","p"
"Gnidia simplex","Gnidia simplex","THYMELAEACEAE","Gnidia simplex","L.","Thymelaeaceae",1,0,"Perennial",1,0,1,0,0,1,0,0,0,"Nov","Apr",NA,NA,30,0,0,0,1,0,0,0,0,0,0,0,0,0,0,0,0,"leaf",0,1,0,0,0,0,1,0,0,"leaf",2,"l","i","p"
"Gomphocarpus cancellatus","Gomphocarpus cancellatus","APOCYNACEAE","Gomphocarpus cancellatus","(Burm.f.) Bruyns","Apocynaceae",1,0,"Perennial",1,0,1,0,0,0,0,1,0,"Mar","Dec",NA,NA,150,0,0,0,0,1,0,0,0,0,0,0,0,0,0,0,0,"leaf",0,1,1,0,0,0,NA,0,0,"leaf",3,"l","i","w"
"Gosela eckloniana","Gosela eckloniana","SCROPHULARIACEAE","Gosela eckloniana","Choisy","Scrophulariaceae",1,0,"Perennial",1,0,1,0,0,1,0,0,0,"Sep","Dec",NA,NA,80,0,0,0,1,0,0,0,0,0,0,0,0,0,0,0,0,"leaf",1,0,0,0,0,0,NA,0,0,"leaf",2,"m","i","p"
"Grewia occidentalis","Grewia occidentalis","MALVACEAE","Grewia occidentalis","L.","Malvaceae",1,0,"Perennial",1,0,1,0,0,0,0,1,0,"Oct","Nov",NA,NA,300,0,0,0,0,0,1,1,0,0,0,0,0,0,0,0,0,"leaf",0,1,0,0,0,0,2.366666667,0,0,"leaf",3,"h","i","m"
"Grewia robusta","Grewia robusta","MALVACEAE","Grewia robusta","Burch.","Malvaceae",1,0,"Perennial",1,0,1,0,0,0,0,1,0,"Sep","Dec",NA,NA,300,0,0,0,0,0,1,0,0,0,0,0,0,0,0,0,0,"leaf",0,0,1,0,0,0,1.45,0,0,"leaf",3,"h","i","m"
"Grubbia rosmarinifolia","Grubbia rosmarinifolia","GRUBBIACEAE","Grubbia rosmarinifolia","P.J.Bergius","Grubbiaceae",1,0,"Perennial",1,0,1,0,0,0,0,0,0,"Aug","Nov",NA,NA,150,0,0,0,0,1,0,0,0,0,0,0,0,0,0,0,0,"leaf",0,1,0,0,0,0,0.785,0,0,"leaf",2,"h","w","p"
"Grubbia tomentosa","Grubbia tomentosa","GRUBBIACEAE","Grubbia tomentosa","(Thunb.) Harms","Grubbiaceae",1,0,"Perennial",1,0,1,0,0,0,0,1,0,"Dec","Jan",NA,NA,150,0,0,0,0,1,0,0,0,0,0,0,0,0,0,0,0,"leaf",0,0,1,0,0,0,12.48,0,0,"mixed",3,"h","w","p"
"Gymnodiscus capillaris","Gymnodiscus capillaris","ASTERACEAE","Gymnodiscus capillaris","Less.","Asteraceae",0,1,"Annual",1,0,0,1,1,1,0,0,0,"Jul","Oct",NA,NA,20,1,0,0,0,0,0,0,0,0,0,0,0,1,1,0,0,"leaf",0,1,0,0,1,0,0.88,0,0,"leaf",0,"l","i","w"
"Gymnosporia buxifolia","Gymnosporia buxifolia","CELASTRACEAE","Gymnosporia buxifolia","(L.) Szyszył.","Celastraceae",1,0,"Perennial",1,0,1,0,0,0,0,1,0,"Jul","Apr",NA,NA,700,0,0,0,0,0,1,1,0,0,0,0,0,0,0,0,0,"leaf",0,0,1,0,0,0,6.366666667,0,0,"leaf",3,"m","i","m"
"Haemanthus coccineus","Haemanthus coccineus","AMARYLLIDACEAE","Haemanthus coccineus","L.","Amaryllidaceae",1,0,"Perennial",1,0,0,1,1,1,0,1,0,"Feb","Apr",NA,NA,20,0,1,0,0,0,0,0,0,0,0,0,0,0,0,0,0,"leaf",0,0,1,0,0,0,NA,0,0,"leaf",3,"l","i","m"
"Hakea sericea","Hakea sericea","PROTEACEAE","Hakea sericea","Schrad. & J.C.Wendl.","Proteaceae",1,0,"Perennial",1,0,1,0,0,0,0,0,0,"Jun","Oct",NA,NA,500,0,0,0,0,0,0,1,0,0,0,0,0,0,0,0,0,"leaf",1,0,0,0,0,0,NA,0,0,"leaf",2,"h","w","w"
"Halleria elliptica","Halleria elliptica","SCROPHULARIACEAE","Halleria elliptica","L.","Stilbaceae",1,0,"Perennial",1,0,1,0,0,0,0,1,0,"Sep","Apr",NA,NA,120,0,0,0,0,1,0,0,0,0,0,0,0,0,0,0,0,"leaf",0,0,1,0,0,0,NA,0,0,"leaf",3,"h","m","m"
"Halleria lucida","Halleria lucida","SCROPHULARIACEAE","Halleria lucida","L.","Stilbaceae",1,0,"Perennial",1,0,1,0,0,0,0,1,0,"Jul","Feb",NA,NA,500,0,0,0,0,0,0,1,0,0,0,0,0,0,0,0,0,"leaf",0,0,1,0,0,0,7.26,0,0,"leaf",3,"h","m","m"
"Haplocarpha lanata","Haplocarpha lanata","ASTERACEAE","Haplocarpha lanata","Less.","Asteraceae",1,0,"Perennial",1,0,1,0,0,1,1,1,0,"Mar","Jun",NA,NA,15,1,0,0,0,0,0,0,0,0,0,0,0,0,0,0,0,"leaf",0,1,1,0,0,0,NA,0,0,"leaf",2,"l","i","w"
"Haplocarpha lyrata","Haplocarpha lyrata","ASTERACEAE","Haplocarpha lyrata","Harv.","Asteraceae",1,0,"Perennial",1,0,1,0,0,1,0,1,0,"Nov","Jan",NA,NA,20,1,0,0,0,0,0,0,0,0,0,0,0,0,0,0,0,"leaf",0,1,1,0,0,1,NA,0,0,"leaf",2,"l","i","w"
"Haplocarpha parvifolia","Haplocarpha parvifolia","ASTERACEAE","Haplocarpha parvifolia","Beauverd","Asteraceae",1,0,"Perennial",1,0,1,0,0,1,0,1,0,"Sep","Oct",NA,NA,15,1,0,0,0,0,0,0,0,0,0,0,0,0,0,0,0,"leaf",0,0,1,0,0,0,4.28,0,0,"leaf",2,"l","i","w"
"Harveya pauciflora","Harveya tubulosa","OROBANCHACEAE","Harveya pauciflora","(Benth.) Hiern","Orobanchaceae",1,0,"Perennial",1,0,0,1,1,1,0,1,0,"Nov","Mar",NA,NA,60,1,0,0,0,0,0,0,0,0,0,1,0,0,0,0,0,"none",0,0,0,0,0,0,NA,1,0,"none",2,"l","m","p"
"Harveya purpurea","Harveya purpurea","OROBANCHACEAE","Harveya purpurea","Harv. ex Hook.","Orobanchaceae",1,0,"Perennial",1,0,0,1,1,1,0,1,0,"Sep","Dec",NA,NA,15,1,0,0,0,0,0,0,0,0,0,1,0,0,0,0,0,"none",0,0,0,0,0,0,NA,1,0,"none",2,"l","m","p"
"Harveya stenosiphon","Harveya stenosiphon","OROBANCHACEAE","Harveya stenosiphon","Hiern","Orobanchaceae",1,0,"Perennial",1,0,0,1,1,1,0,1,0,"Nov","Feb",NA,NA,60,1,0,0,0,0,0,0,0,0,0,1,0,0,0,0,0,"none",0,0,0,0,0,0,NA,1,0,"none",2,"l","m","p"
"Haworthia arachnoidea","Haworthia arachnoidea","ASPHODELACEAE","Haworthia arachnoidea","(L.) Duval","Asphodelaceae",1,0,"Perennial",1,0,1,0,0,0,0,1,0,"Nov","Dec",NA,NA,5,0,0,0,0,0,0,0,0,0,0,0,1,1,1,0,0,"leaf",0,1,0,0,0,0,NA,0,0,"leaf",2,"l","i","p"
"Haworthia mucronata","Haworthia mucronata","ASPHODELACEAE","Haworthia mucronata","Haw.","Asphodelaceae",1,0,"Perennial",1,0,1,0,0,0,0,1,0,"Aug","Sep",NA,NA,4,0,0,0,0,0,0,0,0,0,0,0,1,1,1,0,0,"leaf",0,1,0,0,0,0,2.966666667,0,0,"leaf",2,"l","i","p"
"Haworthia viscosa","Haworthia viscosa","ASPHODELACEAE","Haworthiopsis viscosa","(L.) Gildenh. & Klopper","Asphodelaceae",1,0,"Perennial",1,0,1,0,0,0,0,1,0,"Oct","Nov",NA,NA,10,0,0,0,0,0,0,0,0,0,0,0,1,1,1,0,0,"leaf",0,1,0,0,0,0,1.766666667,0,0,"leaf",2,"l","i","p"
"Heeria argentea","Heeria argentea","ANACARDIACEAE","Heeria argentea","Meisn.","Anacardiaceae",1,0,"Perennial",1,0,1,0,0,0,0,1,0,"Jan","Jul",NA,NA,500,0,0,0,0,0,0,1,0,0,0,0,0,0,0,0,0,"leaf",0,0,1,0,0,0,5.6,0,0,"leaf",3,"m","i","m"
"Helichrysum anomalum","Helichrysum anomalum","ASTERACEAE","Helichrysum anomalum","Less.","Asteraceae",1,0,"Perennial",1,0,1,0,0,0,0,0,0,"Sep","May",NA,NA,30,0,0,0,1,0,0,0,0,0,0,0,0,0,0,0,0,"leaf",1,0,0,0,0,0,0.581666667,0,0,"leaf",1,"m","i","w"
"Helichrysum asperum","Helichrysum asperum","ASTERACEAE","Helichrysum asperum","(Thunb.) Hilliard & B.L.Burtt","Asteraceae",1,0,"Perennial",1,0,1,0,0,0,0,0,0,"Oct","Jan",NA,NA,40,0,0,0,1,0,0,0,0,0,0,0,0,0,0,0,0,"leaf",1,0,0,0,0,0,NA,0,0,"leaf",2,"h","i","w"
"Helichrysum capense","Helichrysum capense","ASTERACEAE","Helichrysum capense","Hilliard","Asteraceae",1,0,"Perennial",1,0,1,0,0,0,0,0,0,"Nov","Dec",NA,NA,50,0,0,0,1,0,0,0,0,0,0,0,0,0,0,0,0,"leaf",0,0,1,0,0,0,NA,0,0,"leaf",2,"h","i","w"
"Helichrysum crispum","Helichrysum crispum","ASTERACEAE","Helichrysum crispum","D.Don","Asteraceae",1,0,"Perennial",1,0,1,0,0,0,0,0,0,"Oct","Dec",NA,NA,50,0,0,0,1,0,0,0,0,0,0,0,0,0,0,0,0,"leaf",0,0,1,0,0,0,NA,0,0,"leaf",2,"h","i","w"
"Helichrysum cylindriflorum","Helichrysum cylindriflorum","ASTERACEAE","Helichrysum cylindriflorum","(L.) Hilliard & B.L.Burtt","Asteraceae",1,0,"Perennial",1,0,1,0,0,0,0,0,0,"Sep","Dec",NA,NA,30,0,0,0,1,0,0,0,0,0,0,0,0,0,0,0,0,"leaf",0,1,0,0,0,0,NA,0,0,"leaf",1,"m","i","w"
"Helichrysum cymosum","Helichrysum cymosum","ASTERACEAE","Helichrysum cymosum","(L.) D.Don","Asteraceae",1,0,"Perennial",1,0,1,0,0,0,0,0,0,"Sep","Apr",NA,NA,100,0,0,0,1,0,0,0,0,0,0,0,0,0,0,0,0,"leaf",1,0,1,0,0,0,1.383571429,0,0,"leaf",1,"m","i","w"
"Helichrysum dasyanthum","Helichrysum dasyanthum","ASTERACEAE","Helichrysum dasyanthum","Sweet","Asteraceae",1,0,"Perennial",1,0,1,0,0,0,0,0,0,"Sep","Nov",NA,NA,150,0,0,0,0,1,0,0,0,0,0,0,0,0,0,0,0,"leaf",0,1,1,0,0,0,1.864285714,0,0,"leaf",2,"h","i","w"
"Helichrysum felinum","Helichrysum felinum","ASTERACEAE","Helichrysum felinum","Less.","Asteraceae",1,0,"Perennial",1,0,1,0,0,0,0,0,0,"Sep","Dec",NA,NA,80,0,0,0,1,0,0,0,0,0,0,0,0,0,0,0,0,"leaf",0,0,1,0,0,0,1.685714286,0,0,"leaf",2,"m","i","w"
"Helichrysum herbaceum","Helichrysum herbaceum","ASTERACEAE","Helichrysum herbaceum","(Andrews) Sweet","Asteraceae",1,0,"Perennial",1,0,1,0,0,0,0,0,0,"Oct","Apr",NA,NA,40,0,0,0,1,0,0,0,0,0,0,0,0,0,0,0,0,"leaf",0,1,0,0,0,0,NA,0,0,"leaf",2,"m","i","w"
"Helichrysum indicum","Helichrysum indicum","ASTERACEAE","Helichrysum indicum","(L.) Grierson","Asteraceae",0,1,"Annual",1,0,0,1,1,1,0,0,0,"Oct","Feb",NA,NA,30,1,0,0,0,0,0,0,0,0,0,0,0,0,0,0,0,"leaf",0,1,0,0,0,0,NA,0,0,"leaf",2,"l","i","w"
"Helichrysum lambertianum","Helichrysum lambertianum","ASTERACEAE","Helichrysum lambertianum","DC.","Asteraceae",1,0,"Perennial",1,0,1,0,0,0,0,0,0,"Oct","Jan",NA,NA,60,0,0,0,1,0,0,0,0,0,0,0,0,0,0,0,0,"leaf",0,1,0,0,0,0,NA,0,0,"leaf",2,"h","i","w"
"Helichrysum litorale","Helichrysum litorale","ASTERACEAE","Helichrysum litorale","Bolus","Asteraceae",1,1,"Both",1,0,1,1,1,1,0,0,0,"Sep","Dec",NA,NA,10,1,0,0,0,0,0,0,0,0,0,0,0,0,0,0,0,"leaf",0,0,1,0,0,0,1.72,0,0,"leaf",1,"m","i","w"
"Helichrysum moeserianum","Helichrysum moeserianum","ASTERACEAE","Helichrysum moeserianum","Thell.","Asteraceae",0,1,"Annual",1,0,0,1,1,1,0,0,0,"Aug","Feb",NA,NA,30,1,0,0,0,0,0,0,0,0,0,0,0,0,0,0,0,"leaf",0,1,0,0,0,0,NA,0,0,"leaf",0,"l","i","w"
"Helichrysum niveum","Helichrysum niveum","ASTERACEAE","Helichrysum niveum","Less.","Asteraceae",1,0,"Perennial",1,0,1,0,0,0,0,0,0,"Dec","Feb",NA,NA,20,0,0,0,1,0,0,0,0,0,0,0,0,0,0,0,0,"leaf",1,0,0,0,0,0,NA,0,0,"leaf",2,"h","i","w"
"Helichrysum nudifolium","Helichrysum nudifolium","ASTERACEAE","Helichrysum nudifolium","(L.) Less.","Asteraceae",1,0,"Perennial",1,0,1,0,0,0,0,1,0,"Nov","Mar",NA,NA,150,0,0,0,0,1,0,0,0,0,0,0,0,0,0,0,0,"leaf",0,1,0,0,0,0,12.5,0,0,"leaf",2,"m","i","w"
"Helichrysum odoratissimum","Helichrysum odoratissimum","ASTERACEAE","Helichrysum odoratissimum","Sweet","Asteraceae",1,0,"Perennial",1,0,1,0,0,0,0,0,0,"Aug","Dec",NA,NA,50,0,0,0,1,0,0,0,0,0,0,0,0,0,0,0,0,"leaf",1,0,0,0,0,0,1.3,0,0,"leaf",2,"h","i","w"
"Helichrysum oxyphyllum","Helichrysum oxyphyllum","ASTERACEAE","Helichrysum nudifolium var. oxyphyllum","(DC.) Beentje","Asteraceae",1,0,"Perennial",1,0,1,0,0,0,0,0,0,"Aug","Jan",NA,NA,60,0,0,0,1,0,0,0,0,0,0,0,0,0,0,0,0,"leaf",0,0,1,0,0,0,NA,0,0,"leaf",2,"h","i","w"
"Helichrysum pandurifolium","Helichrysum pandurifolium","ASTERACEAE","Helichrysum pandurifolium","Schrank","Asteraceae",1,0,"Perennial",1,0,1,0,0,0,0,0,0,"Oct","Jan",NA,NA,100,0,0,0,1,0,0,0,0,0,0,0,0,0,0,0,0,"leaf",0,0,1,0,0,0,NA,0,0,"leaf",2,"h","i","w"
"Helichrysum patulum","Helichrysum patulum","ASTERACEAE","Helichrysum patulum","D.Don","Asteraceae",1,0,"Perennial",1,0,1,0,0,0,0,0,0,"Dec","Jan",NA,NA,100,0,0,0,1,0,0,0,0,0,0,0,0,0,0,0,0,"leaf",0,0,1,0,0,0,1.861538462,0,0,"leaf",2,"h","i","w"
"Helichrysum petiolare","Helichrysum petiolare","ASTERACEAE","Helichrysum petiolare","Hilliard & B.L.Burtt","Asteraceae",1,0,"Perennial",1,0,1,0,0,0,0,0,0,"Dec","Jan",NA,NA,450,0,0,0,0,0,1,0,0,0,0,0,0,0,0,0,0,"leaf",0,0,1,0,0,0,NA,0,0,"leaf",2,"h","i","w"
"Helichrysum rosum","Helichrysum rosum","ASTERACEAE","Helichrysum rosum","Less.","Asteraceae",1,0,"Perennial",1,0,1,0,0,0,0,0,0,"Sep","Mar",NA,NA,200,0,0,0,0,0,1,0,0,0,0,0,0,0,0,0,0,"leaf",0,1,1,0,0,0,NA,0,0,"leaf",2,"h","i","w"
"Helichrysum rotundifolium","Helichrysum rotundifolium","ASTERACEAE","Helichrysum rotundifolium","Less.","Asteraceae",1,0,"Perennial",1,0,1,0,0,0,0,0,0,"Nov","Jan",NA,NA,15,0,0,0,1,0,0,0,0,0,0,0,0,0,0,0,0,"leaf",0,0,1,0,0,0,NA,0,0,"leaf",2,"l","i","w"
"Helichrysum rutilans","Helichrysum rutilans","ASTERACEAE","Helichrysum rutilans","D.Don","Asteraceae",1,0,"Perennial",1,0,1,0,0,0,0,0,0,"Jan","Dec",NA,NA,60,0,0,0,1,0,0,0,0,0,0,0,0,0,0,0,0,"leaf",1,0,1,0,0,0,NA,0,0,"leaf",2,"m","i","w"
"Helichrysum scabrum","Helichrysum scabrum","ASTERACEAE","Helichrysum scabrum","Less.","Asteraceae",1,0,"Perennial",1,0,1,0,0,0,0,0,0,"Aug","Dec",NA,NA,200,0,0,0,0,0,1,0,0,0,0,0,0,0,0,0,0,"leaf",1,1,0,0,0,0,1.176,0,0,"leaf",2,"h","i","w"
"Helichrysum spiralepis","Helichrysum spiralepis","ASTERACEAE","Helichrysum spiralepis","Hilliard & B.L.Burtt","Asteraceae",1,0,"Perennial",1,0,1,0,0,0,0,0,0,"Sep","Feb",NA,NA,30,1,0,0,0,0,0,0,0,0,0,0,0,0,0,0,0,"leaf",0,1,0,0,0,0,NA,0,0,"leaf",1,"m","i","w"
"Helichrysum teretifolium","Helichrysum teretifolium","ASTERACEAE","Helichrysum teretifolium","(L.) D.Don","Asteraceae",1,0,"Perennial",1,0,1,0,0,0,0,1,0,"Jul","Nov",NA,NA,30,0,0,0,1,0,0,0,0,0,0,0,0,0,0,0,0,"leaf",1,0,0,0,0,0,0.42,0,0,"leaf",2,"h","i","w"
"Helichrysum tinctum","Helichrysum tinctum","ASTERACEAE","Helichrysum tinctum","(Thunb.) Hilliard & B.L.Burtt","Asteraceae",1,1,"Both",1,0,1,1,1,1,0,0,0,"Sep","Dec",NA,NA,5,1,0,0,0,0,0,0,0,0,0,0,0,0,0,0,0,"leaf",0,1,1,0,0,0,NA,0,0,"leaf",2,"l","i","w"
"Helichrysum zeyheri","Helichrysum zeyheri","ASTERACEAE","Helichrysum zeyheri","Less.","Asteraceae",1,0,"Perennial",1,0,1,0,0,0,0,0,0,"Nov","May",NA,NA,70,0,0,0,1,0,0,0,0,0,0,0,0,0,0,0,0,"leaf",0,0,1,0,0,0,1.084545455,0,0,"leaf",2,"h","i","w"
"Helichrysum zwartbergense","Helichrysum zwartbergense","ASTERACEAE","Helichrysum zwartbergense","Bolus","Asteraceae",1,0,"Perennial",1,0,1,0,0,0,0,0,0,"Dec","Jan",NA,NA,10,1,0,0,0,0,0,0,0,0,0,0,0,0,0,0,0,"leaf",0,1,1,0,0,0,NA,0,0,"leaf",2,"l","i","w"
"Heliophila carnosa","Heliophila carnosa","BRASSICACEAE","Heliophila carnosa","(Thunb.) Steud.","Brassicaceae",1,0,"Perennial",1,0,1,0,0,1,0,1,0,"Aug","Oct",NA,NA,60,0,0,0,1,0,0,0,0,0,0,0,0,1,1,0,0,"leaf",1,0,0,0,1,0,NA,0,0,"leaf",3,"h","i","p"
"Heliophila dregeana","Heliophila dregeana","BRASSICACEAE","Heliophila dregeana","Sond.","Brassicaceae",1,0,"Perennial",1,0,1,0,0,1,0,0,0,"Aug","Oct",NA,NA,35,0,0,0,1,0,0,0,0,0,0,0,0,0,1,0,0,"leaf",0,0,1,0,0,0,NA,0,0,"leaf",2,"l","i","p"
"Heliophila elongata","Heliophila elongata","BRASSICACEAE","Heliophila elongata","DC.","Brassicaceae",1,0,"Perennial",1,0,1,0,0,1,0,1,0,"May","Jul","Nov","Dec",60,0,0,0,1,0,0,0,0,0,0,0,0,0,0,0,0,"leaf",0,1,0,0,0,0,NA,0,0,"leaf",2,"m","i","p"
"Heliophila glauca","Heliophila glauca","BRASSICACEAE","Heliophila glauca","Burch. ex DC.","Brassicaceae",1,0,"Perennial",1,0,1,0,0,1,0,1,0,"Aug","Apr",NA,NA,200,0,0,0,0,0,1,0,0,0,0,0,0,1,1,0,0,"leaf",0,1,0,0,0,0,1.2,0,0,"leaf",2,"m","i","p"
"Heliophila linearis","Heliophila linearis","BRASSICACEAE","Heliophila linearis","DC.","Brassicaceae",1,0,"Perennial",1,0,1,0,0,1,0,0,0,"Aug","Feb",NA,NA,90,1,0,0,0,0,0,0,0,0,0,0,0,0,0,0,0,"leaf",1,0,1,0,0,0,NA,0,0,"leaf",2,"m","i","p"
"Heliophila scoparia","Heliophila scoparia","BRASSICACEAE","Heliophila scoparia","Burch. ex DC.","Brassicaceae",1,0,"Perennial",1,0,1,0,0,0,0,0,0,"Apr","Feb",NA,NA,100,0,0,0,1,0,0,0,0,0,0,0,0,0,0,0,0,"leaf",0,1,0,0,0,0,NA,0,0,"leaf",2,"h","i","p"
"Hemimeris racemosa","Hemimeris racemosa","SCROPHULARIACEAE","Hemimeris racemosa","(Houtt.) Merr.","Scrophulariaceae",0,1,"Annual",1,0,0,1,1,1,0,0,0,"Jul","Oct",NA,NA,44,1,0,0,0,0,0,0,0,0,0,0,0,0,0,0,0,"leaf",0,0,1,0,0,1,NA,0,0,"leaf",0,"l","i","p"
"Hermannia althaeifolia","Hermannia althaeifolia","MALVACEAE","Hermannia althaeifolia","L.","Malvaceae",1,0,"Perennial",1,0,1,0,0,1,0,0,0,"Aug","Oct",NA,NA,50,0,0,0,1,0,0,0,0,0,0,0,0,0,0,0,0,"leaf",0,0,1,0,0,0,NA,0,0,"leaf",1,"m","i","p"
"Hermannia althaeoides","Hermannia althaeoides","MALVACEAE","Hermannia althaeoides","Hurt ex Link","Malvaceae",1,0,"Perennial",1,0,1,0,0,1,0,0,0,"Oct","Dec",NA,NA,60,0,0,0,1,0,0,0,0,0,0,0,0,0,0,0,0,"leaf",0,0,1,0,0,0,NA,0,0,"leaf",1,"m","i","p"
"Hermannia angularis","Hermannia angularis","MALVACEAE","Hermannia angularis","Jacq.","Malvaceae",1,0,"Perennial",1,0,1,0,0,1,0,0,0,"Sep","Oct",NA,NA,60,0,0,0,1,0,0,0,0,0,0,0,0,0,0,0,0,"leaf",0,1,0,0,0,0,1.292,0,0,"leaf",1,"h","i","p"
"Hermannia filifolia","Hermannia filifolia","MALVACEAE","Hermannia filifolia","L.f.","Malvaceae",1,0,"Perennial",1,0,1,0,0,1,0,0,0,"Aug","Oct",NA,NA,100,0,0,0,1,0,0,0,0,0,0,0,0,0,0,0,0,"leaf",1,0,0,0,0,0,NA,0,0,"leaf",1,"h","i","p"
"Hermannia flammea","Hermannia flammea","MALVACEAE","Hermannia flammea","Jacq.","Malvaceae",1,0,"Perennial",1,0,1,0,0,1,0,0,0,"Sep","Oct",NA,NA,80,0,0,0,1,0,0,0,0,0,0,0,0,0,0,0,0,"leaf",0,1,0,0,0,0,1.7,0,0,"leaf",1,"m","i","p"
"Hermannia gracilis","Hermannia gracilis","MALVACEAE","Hermannia gracilis","Eckl. & Zeyh.","Malvaceae",1,0,"Perennial",1,0,1,0,0,1,0,0,0,"Aug","Nov",NA,NA,60,0,0,0,1,0,0,0,0,0,0,0,0,0,0,0,0,"leaf",0,1,0,0,0,0,NA,0,0,"leaf",1,"h","i","p"
"Hermannia holosericea","Hermannia holosericea","MALVACEAE","Hermannia holosericea","Jacq.","Malvaceae",1,0,"Perennial",1,0,1,0,0,1,0,0,0,"Jul","Oct",NA,NA,150,0,0,0,0,1,0,0,0,0,0,0,0,0,0,0,0,"leaf",0,0,1,0,0,0,NA,0,0,"leaf",1,"h","i","p"
"Hermannia involucrata","Hermannia involucrata","MALVACEAE","Hermannia involucrata","Cav.","Malvaceae",1,0,"Perennial",1,0,1,0,0,1,0,0,0,"Aug","Oct",NA,NA,120,0,0,0,0,1,0,0,0,0,0,0,0,0,0,0,0,"leaf",0,0,1,0,0,0,1.816666667,0,0,"leaf",1,"h","i","p"
"Hermannia mucronulata","Hermannia mucronulata","MALVACEAE","Hermannia mucronulata","Turcz.","Malvaceae",1,0,"Perennial",1,0,1,0,0,1,0,0,0,"Sep","Oct",NA,NA,200,0,0,0,0,0,1,0,0,0,0,0,0,0,0,0,0,"leaf",0,1,0,0,0,0,NA,0,0,"leaf",1,"h","i","p"
"Hermannia multiflora","Hermannia multiflora","MALVACEAE","Hermannia multiflora","Jacq.","Malvaceae",1,0,"Perennial",1,0,1,0,0,1,0,0,0,"Aug","Oct",NA,NA,75,0,0,0,1,0,0,0,0,0,0,0,0,0,0,0,0,"leaf",0,0,1,0,0,0,1.34,0,0,"leaf",1,"h","i","p"
"Hermannia odorata","Hermannia odorata","MALVACEAE","Hermannia odorata","Aiton","Malvaceae",1,0,"Perennial",1,0,1,0,0,1,0,0,0,"Jul","Oct",NA,NA,150,0,0,0,0,1,0,0,0,0,0,0,0,0,0,0,0,"leaf",0,1,0,0,0,0,NA,0,0,"leaf",1,"h","i","p"
"Hermannia saccifera","Hermannia saccifera","MALVACEAE","Hermannia saccifera","(Turcz.) K.Schum.","Malvaceae",1,0,"Perennial",1,0,1,0,0,1,0,1,0,"Aug","Oct",NA,NA,40,0,0,0,1,0,0,0,0,0,0,0,0,0,0,0,0,"leaf",0,0,1,0,0,0,2.583333333,0,0,"leaf",1,"h","i","p"
"Hermannia salviifolia","Hermannia salviifolia","MALVACEAE","Hermannia salviifolia","L.f.","Malvaceae",1,0,"Perennial",1,0,1,0,0,1,0,0,0,"Sep","Oct","Dec","Apr",200,0,0,0,0,0,1,0,0,0,0,0,0,0,0,0,0,"leaf",0,0,1,0,0,0,NA,0,0,"leaf",1,"h","i","p"
"Hermannia sisymbriifolia","Hermannia sisymbriifolia","MALVACEAE","Hermannia sisymbriifolia","(Turcz.) Hochr.","Malvaceae",1,0,"Perennial",1,0,1,0,0,1,0,1,0,"Jun","Oct",NA,NA,40,0,0,0,1,0,0,0,0,0,0,0,0,0,0,0,0,"leaf",0,1,1,0,0,1,NA,0,0,"leaf",1,"m","i","p"
"Hermannia stipulacea","Hermannia stipulacea","MALVACEAE","Hermannia stipulacea","Lehm. ex Eckl. & Zeyh.","Malvaceae",1,0,"Perennial",1,0,1,0,0,1,0,0,0,"Sep","Nov",NA,NA,40,0,0,0,1,0,0,0,0,0,0,0,0,0,0,0,0,"leaf",0,0,1,0,0,0,NA,0,0,"leaf",1,"h","i","p"
"Hermannia ternifolia","Hermannia ternifolia","MALVACEAE","Hermannia ternifolia","C.Presl ex Harv.","Malvaceae",1,0,"Perennial",1,0,1,0,0,1,0,0,0,"Aug","Sep",NA,NA,20,0,0,0,1,0,0,0,0,0,0,0,0,0,0,0,0,"leaf",0,0,1,0,0,0,1.44,0,0,"leaf",1,"m","i","p"
"Hermannia velutina","Hermannia velutina","MALVACEAE","Hermannia velutina","DC.","Malvaceae",1,0,"Perennial",1,0,1,0,0,1,0,0,0,"Aug","Oct",NA,NA,300,0,0,0,1,0,0,0,0,0,0,0,0,0,0,0,0,"leaf",0,1,1,0,0,0,2.35,0,0,"leaf",1,"h","i","p"
"Hermas capitata","Hermas capitata","APIACEAE","Hermas capitata","L.f.","Apiaceae",1,0,"Perennial",1,0,1,0,0,0,0,1,0,"Dec","Mar",NA,NA,25,1,0,0,0,0,0,0,0,0,0,0,0,0,0,0,0,"leaf",0,0,1,0,0,0,NA,0,0,"leaf",2,"m","i","w"
"Hermas ciliata","Hermas ciliata","APIACEAE","Hermas ciliata","L.f.","Apiaceae",1,0,"Perennial",1,0,1,0,0,0,0,1,0,"Dec","Mar",NA,NA,60,1,0,0,0,0,0,0,0,0,0,0,0,0,0,0,0,"leaf",0,0,1,0,0,0,NA,0,0,"leaf",2,"m","i","w"
"Hermas villosa","Hermas villosa","APIACEAE","Hermas villosa","Thunb.","Apiaceae",1,0,"Perennial",1,0,1,0,0,0,0,1,0,"Dec","May",NA,NA,100,0,0,0,1,0,0,0,0,0,0,0,0,0,0,0,0,"leaf",0,0,1,0,0,0,9.772727273,0,0,"leaf",2,"m","i","w"
"Hertia kraussii","Hertia kraussii","ASTERACEAE","Hertia kraussii","(Sch.Bip.) Fourc.","Asteraceae",1,0,"Perennial",1,0,1,0,0,0,0,0,0,"Jun","Jul",NA,NA,50,0,0,0,1,0,0,0,0,0,0,0,0,1,1,0,0,"leaf",0,1,0,0,0,0,2.916666667,0,0,"leaf",1,"m","i","w"
"Hesperantha radiata","Hesperantha radiata","IRIDACEAE","Hesperantha radiata","(Jacq.) Ker Gawl.","Iridaceae",1,0,"Perennial",1,0,0,1,1,1,0,1,0,"Aug","Oct",NA,NA,40,0,1,0,0,0,0,0,0,0,0,0,0,0,0,0,0,"leaf",1,0,0,0,0,0,NA,0,0,"leaf",2,"l","i","w"
"Heterolepis aliena","Heterolepis aliena","ASTERACEAE","Heterolepis aliena","Druce","Asteraceae",1,0,"Perennial",1,0,1,0,0,0,0,1,0,"Sep","Dec",NA,NA,30,0,0,0,1,0,0,0,0,0,0,0,0,0,0,0,0,"leaf",1,0,0,0,0,0,2.474,0,0,"leaf",3,"h","i","w"
"Heteropogon contortus","Heteropogon contortus","POACEAE","Heteropogon contortus","(L.) P.Beauv. ex Roem. & Schult.","Poaceae",1,0,"Perennial",1,0,1,0,0,1,0,1,0,"Oct","Jun",NA,NA,70,0,0,1,0,0,0,0,0,0,0,0,0,0,0,0,0,"leaf",1,0,0,0,0,0,14.07272727,0,1,"mixed",1,"h","w","w"
"Hibiscus aethiopicus","Hibiscus aethiopicus","MALVACEAE","Hibiscus aethiopicus","L.","Malvaceae",1,0,"Perennial",1,0,1,0,0,1,0,1,0,"Aug","Dec",NA,NA,30,0,0,0,1,0,0,0,0,0,0,0,0,0,0,0,0,"leaf",0,0,1,0,0,0,2.883333333,0,0,"leaf",2,"l","i","p"
"Hibiscus pusillus","Hibiscus pusillus","MALVACEAE","Hibiscus pusillus","Thunb.","Malvaceae",1,0,"Perennial",1,0,1,0,0,1,0,1,0,"Jan","May",NA,NA,30,0,0,0,1,0,0,0,0,0,0,0,0,0,0,0,0,"leaf",0,0,1,0,1,0,NA,0,0,"leaf",2,"l","i","p"
"Hilliardiella pinifolia","Vernonia capensis","ASTERACEAE","Hilliardiella pinifolia","(Less.) H.Rob.","Asteraceae",1,0,"Perennial",1,0,1,0,0,1,0,1,0,"Oct","Jan",NA,NA,50,1,0,0,0,0,0,0,0,0,0,0,0,0,0,0,0,"leaf",1,0,0,0,0,0,NA,0,0,"leaf",3,"h","i","w"
"Hippia integrifolia","Hippia integrifolia","ASTERACEAE","Hippia integrifolia","Less.","Asteraceae",1,0,"Perennial",1,0,1,0,0,0,0,0,0,"Sep","Jan",NA,NA,20,0,0,0,1,0,0,0,0,0,0,0,0,0,0,0,0,"leaf",0,0,1,0,1,0,0.756,0,0,"leaf",1,"l","i","w"
"Hippia pilosa","Hippia pilosa","ASTERACEAE","Hippia pilosa","Druce","Asteraceae",1,0,"Perennial",1,0,1,0,0,0,0,0,0,"Aug","Nov",NA,NA,30,0,0,0,1,0,0,0,0,0,0,0,0,0,0,0,0,"leaf",0,1,0,0,1,1,0.78,0,0,"leaf",1,"l","i","w"
"Hippobromus pauciflorus","Hippobromus pauciflorus","SAPINDACEAE","Hippobromus pauciflorus","Radlk.","Sapindaceae",1,0,"Perennial",1,0,1,0,0,0,0,0,0,"Jul","Nov",NA,NA,500,0,0,0,0,0,0,1,0,0,0,0,0,0,0,0,0,"leaf",0,0,1,1,0,0,4.6,0,0,"leaf",3,"h","i","m"
"Holothrix secunda","Holothrix secunda","ORCHIDACEAE","Holothrix secunda","(Thunb.) Rchb.f.","Orchidaceae",1,0,"Perennial",1,0,0,1,1,1,0,1,0,"Jun","Oct",NA,NA,30,0,1,0,0,0,0,0,0,0,0,0,0,0,0,0,0,"leaf",0,0,1,0,0,0,NA,0,0,"leaf",2,"l","i","p"
"Holothrix villosa","Holothrix villosa","ORCHIDACEAE","Holothrix villosa","Lindl.","Orchidaceae",1,0,"Perennial",1,0,0,1,1,1,0,1,0,"Oct","Jan",NA,NA,36,0,1,0,0,0,0,0,0,0,0,0,0,0,0,0,0,"leaf",0,0,1,0,0,0,NA,0,0,"leaf",2,"l","i","p"
"Hyobanche sanguinea","Hyobanche sanguinea","OROBANCHACEAE","Hyobanche sanguinea","L.","Orobanchaceae",1,0,"Perennial",1,0,0,1,1,1,0,1,0,"Aug","Oct",NA,NA,25,0,0,0,0,0,0,0,0,0,0,1,1,0,0,0,0,"none",0,0,0,0,0,0,NA,1,0,"none",1,"l","m","p"
"Hyparrhenia hirta","Hyparrhenia hirta","POACEAE","Hyparrhenia hirta","(L.) Stapf","Poaceae",1,0,"Perennial",1,0,1,0,0,1,0,0,0,"Nov","May",NA,NA,200,0,0,1,0,0,0,0,0,0,0,0,0,0,0,0,0,"leaf",1,0,0,0,0,0,NA,0,1,"mixed",2,"h","w","w"
"Hypocalyptus sophoroides","Hypocalyptus sophoroides","FABACEAE","Hypocalyptus sophoroides","(P.J.Bergius) Baill.","Fabaceae",1,0,"Perennial",1,0,1,0,0,0,0,1,0,"Oct","Dec",NA,NA,600,0,0,0,0,0,0,1,0,0,0,0,0,0,0,0,0,"leaf",0,0,1,1,0,0,NA,0,0,"leaf",2,"h","i","p"
"Hypodiscus albo-aristatus","Hypodiscus albo-aristatus","RESTIONACEAE","Hypodiscus alboaristatus","Mast.","Restionaceae",1,0,"Perennial",0,1,1,0,0,0,0,0,0,"May","Sep",NA,NA,70,0,0,1,0,0,0,0,0,0,0,0,0,0,0,0,0,"leaf",1,0,0,0,0,0,58.77368421,1,1,"culm_stem",2,"h","w","i"
"Hypodiscus alternans","Hypodiscus alternans","RESTIONACEAE","Hypodiscus alternans","Pillans","Restionaceae",1,0,"Perennial",0,1,1,0,0,0,0,0,0,"Nov","Dec",NA,NA,55,0,0,1,0,0,0,0,0,0,0,0,0,0,0,0,0,"leaf",1,0,0,0,0,0,71.48,1,1,"culm_stem",2,"h","w","i"
"Hypodiscus argenteus","Hypodiscus argenteus","RESTIONACEAE","Hypodiscus argenteus","Mast.","Restionaceae",1,0,"Perennial",0,1,1,0,0,0,0,1,0,"Mar","Jul",NA,NA,100,0,0,1,0,0,0,0,0,0,0,0,0,0,0,0,0,"leaf",1,0,0,0,0,0,54.25555556,1,1,"culm_stem",2,"h","w","i"
"Hypodiscus aristatus","Hypodiscus aristatus","RESTIONACEAE","Hypodiscus aristatus","(Thunb.) C.Krauss","Restionaceae",1,0,"Perennial",0,1,1,0,0,0,0,1,0,"May","May",NA,NA,80,0,0,1,0,0,0,0,0,0,0,0,0,0,0,0,0,"leaf",1,0,0,0,0,0,44.78846154,1,1,"culm_stem",2,"h","w","i"
"Hypodiscus laevigatus","Hypodiscus laevigatus","RESTIONACEAE","Hypodiscus laevigatus","(Kunth) H.P.Linder","Restionaceae",1,0,"Perennial",0,1,1,0,0,0,0,1,0,"Feb","May",NA,NA,80,0,0,1,0,0,0,0,0,0,0,0,0,0,0,0,0,"leaf",1,0,0,0,0,0,86.76,1,1,"culm_stem",2,"h","w","i"
"Hypodiscus neesii","Hypodiscus neesii","RESTIONACEAE","Hypodiscus neesii","Mast.","Restionaceae",1,0,"Perennial",0,1,1,0,0,0,0,0,0,"Jun","Jun",NA,NA,50,0,0,1,0,0,0,0,0,0,0,0,0,0,0,0,0,"leaf",1,0,0,0,0,0,36.6,1,1,"culm_stem",2,"h","w","i"
"Hypodiscus striatus","Hypodiscus striatus","RESTIONACEAE","Hypodiscus striatus","Mast.","Restionaceae",1,0,"Perennial",0,1,1,0,0,0,0,1,0,"Apr","Jun",NA,NA,60,0,0,1,0,0,0,0,0,0,0,0,0,0,0,0,0,"leaf",1,0,0,0,0,0,35.41875,1,1,"culm_stem",2,"h","w","i"
"Hypodiscus synchroolepis","Hypodiscus synchroolepis","RESTIONACEAE","Hypodiscus synchroolepis","Mast.","Restionaceae",1,0,"Perennial",0,1,1,0,0,0,0,0,0,"Feb","Feb",NA,NA,40,0,0,1,0,0,0,0,0,0,0,0,0,0,0,0,0,"leaf",1,0,0,0,0,0,NA,1,1,"culm_stem",2,"h","w","i"
"Hypodiscus willdenowia","Hypodiscus willdenowia","RESTIONACEAE","Hypodiscus willdenovia","Mast.","Restionaceae",1,0,"Perennial",0,1,1,0,0,0,0,1,0,"Jun","Aug",NA,NA,40,0,0,1,0,0,0,0,0,0,0,0,0,0,0,0,0,"leaf",1,0,0,0,0,0,17.78888889,1,1,"culm_stem",2,"h","w","i"
"Hypoestes forskaolii","Hypoestes forskaolii","ACANTHACEAE","Hypoestes forskaolii","(Vahl) R.Br.","Acanthaceae",1,0,"Perennial",1,0,1,0,0,1,0,0,0,"Jan","Apr",NA,NA,150,0,0,0,0,1,0,0,0,0,0,0,0,0,0,0,0,"leaf",0,1,1,0,0,0,NA,0,0,"leaf",2,"m","i","p"
"Ifloga ambigua","Trichogyne ambigua","ASTERACEAE","Ifloga ambigua","(L.) Druce","Asteraceae",1,0,"Perennial",1,0,1,0,0,0,0,0,0,"Apr","Nov",NA,NA,50,0,0,0,1,0,0,0,0,0,0,0,0,0,0,0,0,"leaf",1,0,0,0,0,0,0.333333333,0,0,"leaf",2,"h","i","w"
"Ilex mitis","Ilex mitis","AQUIFOLIACEAE","Ilex mitis","Radlk.","Aquifoliaceae",1,0,"Perennial",1,0,1,0,0,0,0,0,0,"Sep","Dec",NA,NA,3000,0,0,0,0,0,0,1,0,0,0,0,0,0,0,0,0,"leaf",0,0,1,0,0,0,10.7,0,0,"leaf",3,"m","i","m"
"Imperata cylindrica","Imperata cylindrica","POACEAE","Imperata cylindrica","(L.) Raeusch.","Poaceae",1,0,"Perennial",1,0,1,0,0,1,0,1,0,"Jan","Dec",NA,NA,100,0,0,1,0,0,0,0,0,0,0,0,0,0,0,0,0,"leaf",0,1,0,0,0,0,NA,0,0,"leaf",2,"h","w","w"
"Indigofera alopecuroides","Indigofera alopecuroides","FABACEAE","Indigofera alopecuroides","DC.","Fabaceae",1,0,"Perennial",1,0,1,0,0,1,0,0,0,"Jul","Feb",NA,NA,90,0,0,0,1,0,0,0,0,0,0,0,0,0,0,0,0,"leaf",0,1,1,1,0,0,NA,0,0,"leaf",2,"h","i","p"
"Indigofera angustifolia","Indigofera angustifolia","FABACEAE","Indigofera brachystachya","E.Mey.","Fabaceae",1,0,"Perennial",1,0,1,0,0,1,0,0,0,"May","Dec",NA,NA,60,0,0,0,1,0,0,0,0,0,0,0,0,0,0,0,0,"leaf",1,0,0,1,0,0,1.56,0,0,"leaf",2,"h","i","p"
"Indigofera brachystachya","Indigofera brachystachya","FABACEAE","Indigofera brachystachya","E.Mey.","Fabaceae",1,0,"Perennial",1,0,1,0,0,1,0,0,0,"Nov","Sep",NA,NA,150,0,0,0,0,1,0,0,0,0,0,0,0,0,0,0,0,"leaf",1,0,0,1,0,0,1.4,0,0,"leaf",2,"h","i","p"
"Indigofera candolleana","Indigofera candolleana","FABACEAE","Indigofera candolleana","Meisn.","Fabaceae",1,0,"Perennial",1,0,1,0,0,1,0,0,0,"Aug","Mar",NA,NA,30,0,0,0,1,0,0,0,0,0,0,0,0,0,0,0,0,"leaf",0,0,1,1,0,0,1.04,0,0,"leaf",2,"m","i","p"
"Indigofera concava","Indigofera concava","FABACEAE","Indigofera concava","Harv.","Fabaceae",1,0,"Perennial",1,0,1,0,0,1,0,0,0,"Jun","Sep",NA,NA,30,0,0,0,1,0,0,0,0,0,0,0,0,0,0,0,0,"leaf",0,1,0,1,0,0,NA,0,0,"leaf",2,"m","i","p"
"Indigofera denudata","Indigofera denudata","FABACEAE","Indigofera denudata","L.f.","Fabaceae",1,0,"Perennial",1,0,1,0,0,1,0,0,0,"Sep","Jul",NA,NA,120,0,0,0,0,1,0,0,0,0,0,0,0,0,0,0,0,"leaf",0,1,0,1,0,0,0.897777778,0,0,"leaf",2,"h","i","p"
"Indigofera disticha","Indigofera disticha","FABACEAE","Indigofera disticha","Eckl. & Zeyh.","Fabaceae",1,0,"Perennial",1,0,1,0,0,1,0,0,0,"Oct","Apr",NA,NA,80,0,0,0,1,0,0,0,0,0,0,0,0,0,0,0,0,"leaf",1,0,1,1,0,0,NA,0,0,"leaf",2,"h","i","p"
"Indigofera flabellata","Indigofera flabellata","FABACEAE","Indigofera flabellata","Harv.","Fabaceae",1,0,"Perennial",1,0,1,0,0,1,0,0,0,"Jan","Sep",NA,NA,150,0,0,0,0,1,0,0,0,0,0,0,0,0,0,0,0,"leaf",0,1,0,1,0,0,1.466666667,0,0,"leaf",2,"h","i","p"
"Indigofera frutescens","Indigofera frutescens","FABACEAE","Indigofera frutescens","L.f.","Fabaceae",1,0,"Perennial",1,0,1,0,0,1,0,1,0,"Jul","Mar",NA,NA,300,0,0,0,0,0,1,0,0,0,0,0,0,0,0,0,0,"leaf",0,0,1,1,0,0,1.98,0,0,"leaf",2,"h","i","p"
"Indigofera glomerata","Indigofera glomerata","FABACEAE","Indigofera glomerata","E.Mey.","Fabaceae",1,0,"Perennial",1,0,1,0,0,1,0,0,0,"Aug","Nov",NA,NA,20,0,0,0,1,0,0,0,0,0,0,0,0,0,0,0,0,"leaf",0,0,1,1,0,0,0.52,0,0,"leaf",2,"m","i","p"
"Indigofera heterophylla","Indigofera heterophylla","FABACEAE","Indigofera heterophylla","Thunb.","Fabaceae",1,0,"Perennial",1,0,1,0,0,1,0,1,0,"May","Feb",NA,NA,100,0,0,0,1,0,0,0,0,0,0,0,0,0,0,0,0,"leaf",0,1,1,1,0,0,NA,0,0,"leaf",2,"m","i","p"
"Indigofera ionii","Indigofera filifolia","FABACEAE","Indigofera ionii","Jarvie & C.H.Stirt.","Fabaceae",1,0,"Perennial",1,0,1,0,0,1,0,1,0,"Oct","Apr",NA,NA,300,0,0,0,0,0,1,0,0,0,0,0,0,0,0,0,0,"leaf",0,0,1,1,0,0,NA,1,1,"leaf",2,"m","i","p"
"Indigofera langebergensis","Indigofera langebergensis","FABACEAE","Indigofera langebergensis","L.Bolus","Fabaceae",1,0,"Perennial",1,0,1,0,0,1,0,1,0,"Sep","Apr",NA,NA,100,0,0,0,1,0,0,0,0,0,0,0,0,0,0,0,0,"leaf",0,0,1,1,0,0,4.5,0,0,"leaf",2,"h","i","p"
"Indigofera ovata","Indigofera ovata","FABACEAE","Indigofera ovata","Thunb.","Fabaceae",1,0,"Perennial",1,0,1,0,0,1,0,0,0,"Sep","Jan",NA,NA,20,0,0,0,1,0,0,0,0,0,0,0,0,0,0,0,0,"leaf",0,0,1,1,0,0,NA,0,0,"leaf",2,"l","i","p"
"Indigofera pappei","Indigofera pappei","FABACEAE","Indigofera pappei","Fourc.","Fabaceae",1,0,"Perennial",1,0,1,0,0,1,0,0,0,"Jan","Jul",NA,NA,100,0,0,0,1,0,0,0,0,0,0,0,0,0,0,0,0,"leaf",1,0,0,1,0,0,NA,0,0,"leaf",2,"h","i","p"
"Indigofera psoraloides","Indigofera psoraloides","FABACEAE","Indigofera psoraloides","(L.) L.","Fabaceae",1,0,"Perennial",1,0,1,0,0,1,0,0,0,"Jun","Dec",NA,NA,80,0,0,0,1,0,0,0,0,0,0,0,0,0,0,0,0,"leaf",0,1,0,1,0,0,NA,0,0,"leaf",2,"h","i","p"
"Indigofera sarmentosa","Indigofera sarmentosa","FABACEAE","Indigofera sarmentosa","L.f.","Fabaceae",1,0,"Perennial",1,0,1,0,0,1,0,0,0,"Jul","Mar",NA,NA,20,0,0,0,1,0,0,0,0,0,0,0,0,0,0,0,0,"leaf",0,0,1,1,0,0,1.07625,0,0,"leaf",2,"h","i","p"
"Indigofera stricta","Indigofera stricta","FABACEAE","Indigofera stricta","L.f.","Fabaceae",1,0,"Perennial",1,0,1,0,0,1,0,1,0,"Jun","Apr",NA,NA,120,0,0,0,0,1,0,0,0,0,0,0,0,0,0,0,0,"leaf",0,0,1,1,0,0,NA,0,0,"leaf",2,"h","i","p"
"Indigofera sulcata","Indigofera sulcata","FABACEAE","Indigofera sulcata","DC.","Fabaceae",1,0,"Perennial",1,0,1,0,0,1,0,0,0,"Mar","Aug",NA,NA,80,0,0,0,1,0,0,0,0,0,0,0,0,0,0,0,0,"leaf",1,0,0,1,0,0,NA,0,0,"leaf",2,"h","i","p"
"Isolepis marginata","Isolepis marginata","CYPERACEAE","Isolepis marginata","(Thunb.) A.Dietr.","Cyperaceae",0,1,"Annual",1,0,0,1,1,1,0,0,0,"Sep","Dec",NA,NA,15,0,0,1,0,0,0,0,0,0,0,0,0,0,0,0,0,"leaf",1,0,0,0,0,0,5.833333333,0,0,"leaf",0,"l","w","p"
"Itasina filifolia","Itasina filifolia","APIACEAE","Itasina filifolia","(Thunb.) Raf.","Apiaceae",1,0,"Perennial",1,0,0,1,1,1,0,1,0,"Nov","Apr",NA,NA,45,1,0,0,0,0,0,0,0,0,0,0,0,0,0,0,0,"leaf",1,0,0,0,0,0,7.25,0,1,"leaf",2,"m","i","w"
"Jamesbrittenia aspalathoides","Jamesbrittenia aspalathoides","SCROPHULARIACEAE","Jamesbrittenia aspalathoides","(Benth.) Hilliard","Scrophulariaceae",1,0,"Perennial",1,0,1,0,0,1,0,0,0,"Jan","Dec",NA,NA,50,0,0,0,1,0,0,0,0,0,0,0,0,0,0,0,0,"leaf",1,0,0,0,0,0,NA,0,0,"leaf",2,"m","i","p"
"Jamesbrittenia tenuifolia","Jamesbrittenia tenuifolia","SCROPHULARIACEAE","Jamesbrittenia tenuifolia","(Bernh.) Hilliard","Scrophulariaceae",1,0,"Perennial",1,0,1,0,0,1,0,0,0,"Jan","Dec",NA,NA,60,0,0,0,1,0,0,0,0,0,0,0,0,0,0,0,0,"leaf",1,0,0,0,0,0,NA,0,0,"leaf",2,"m","i","p"
"Jasminum glaucum","Jasminum glaucum","OLEACEAE","Jasminum glaucum","(L.f.) Aiton","Oleaceae",1,0,"Perennial",1,0,1,0,0,1,0,0,0,"Oct","Dec",NA,NA,240,0,0,0,0,0,1,0,0,0,0,0,0,0,0,0,0,"leaf",0,0,1,0,0,0,NA,0,0,"leaf",2,"m","i","m"
"Jatropha capensis","Jatropha capensis","EUPHORBIACEAE","Jatropha capensis","Sond.","Euphorbiaceae",1,0,"Perennial",1,0,1,0,0,0,0,0,0,"Nov","Jan",NA,NA,300,0,0,0,0,0,1,0,0,0,0,0,0,1,0,1,0,"leaf",0,1,1,0,0,0,3.933333333,0,1,"leaf",3,"l","i","i"
"Juncus capensis","Juncus capensis","JUNCACEAE","Juncus capensis","Thunb.","Juncaceae",1,0,"Perennial",1,0,1,0,0,1,0,1,0,"Nov","Apr",NA,NA,60,0,0,1,0,0,0,0,0,0,0,0,0,0,0,0,0,"leaf",1,0,0,0,0,0,113.52,0,0,"leaf",1,"l","w","p"
"Juncus kraussii","Juncus kraussii","JUNCACEAE","Juncus kraussii","Hochst.","Juncaceae",1,0,"Perennial",1,0,1,0,0,0,0,1,0,"Sep","Jan",NA,NA,120,0,0,1,0,0,0,0,0,0,0,0,0,0,0,0,0,"leaf",1,0,0,0,0,0,80.86,1,1,"leaf",3,"h","w","p"
"Juncus lomatophyllus","Juncus lomatophyllus","JUNCACEAE","Juncus lomatophyllus","Spreng.","Juncaceae",1,0,"Perennial",1,0,1,0,0,0,0,1,0,"Oct","Apr",NA,NA,80,0,0,1,0,0,0,0,0,0,0,0,0,0,0,0,0,"leaf",0,1,0,0,0,0,NA,0,0,"leaf",2,"m","w","p"
"Kalanchoe rotundifolia","Kalanchoe rotundifolia","CRASSULACEAE","Kalanchoe rotundifolia","Haw.","Crassulaceae",1,0,"Perennial",1,0,1,0,0,0,0,0,0,"Mar","Jun",NA,NA,100,0,0,0,1,0,0,0,0,0,0,0,0,1,1,1,0,"leaf",0,0,1,0,0,0,3.1,0,0,"leaf",2,"l","i","p"
"Kedrostis nana","Kedrostis nana","CUCURBITACEAE","Kedrostis nana","Cogn.","Cucurbitaceae",1,0,"Perennial",1,0,1,0,0,0,0,1,0,"Feb","Mar",NA,NA,50,1,0,0,0,0,0,0,1,1,0,0,0,1,1,0,0,"leaf",0,0,0,0,1,1,4.785714286,0,0,"leaf",2,"l","i","m"
"Kiggelaria africana","Kiggelaria africana","ACHARIACEAE","Kiggelaria africana","L.","Achariaceae",1,0,"Perennial",1,0,1,1,0,0,0,0,0,"Feb","Jul",NA,NA,1700,0,0,0,0,0,0,1,0,0,0,0,0,0,0,0,0,"leaf",0,0,1,0,0,0,8.88,0,0,"leaf",3,"h","i","m"
"Kniphofia uvaria","Kniphofia uvaria","ASPHODELACEAE","Kniphofia uvaria","(L.) Oken","Asphodelaceae",1,0,"Perennial",1,0,1,0,0,0,0,1,0,"Oct","Dec",NA,NA,120,1,0,0,0,0,0,0,0,0,0,0,0,0,0,0,0,"leaf",0,0,1,0,0,0,NA,0,0,"leaf",3,"h","m","m"
"Lachenalia elegans","Lachenalia elegans","HYACINTHACEAE","Lachenalia elegans","W.F.Barker","Asparagaceae",1,0,"Perennial",1,0,0,1,1,1,0,1,0,"Jul","Oct",NA,NA,30,0,1,0,0,0,0,0,0,0,0,0,0,0,0,0,0,"leaf",0,1,1,0,0,0,NA,0,0,"leaf",2,"l","i","p"
"Lachnaea densiflora","Lachnaea densiflora","THYMELAEACEAE","Lachnaea densiflora","Meisn.","Thymelaeaceae",1,0,"Perennial",1,0,0,1,0,1,0,0,0,"Aug","Mar",NA,NA,50,0,0,0,1,0,0,0,0,0,0,0,0,0,0,0,0,"leaf",1,0,0,0,0,0,0.86,0,0,"leaf",2,"m","i","p"
"Lachnaea funicaulis","Lachnaea funicaulis","THYMELAEACEAE","Lachnaea funicaulis","Schinz","Thymelaeaceae",1,0,"Perennial",1,0,1,0,0,1,0,0,0,"Jul","Mar",NA,NA,45,0,0,0,1,0,0,0,0,0,0,0,0,0,0,0,0,"leaf",0,0,1,0,0,0,NA,0,0,"leaf",2,"m","i","p"
"Lachnaea globulifera","Lachnaea globulifera","THYMELAEACEAE","Lachnaea globulifera","Meisn.","Thymelaeaceae",1,0,"Perennial",1,0,1,0,0,1,0,0,0,"Jan","Dec",NA,NA,60,0,0,0,1,0,0,0,0,0,0,0,0,0,0,0,0,"leaf",0,0,1,0,0,0,0.444,0,0,"leaf",2,"m","i","p"
"Lachnaea glomerata","Lachnaea glomerata","THYMELAEACEAE","Lachnaea glomerata","Fourc.","Thymelaeaceae",1,0,"Perennial",1,0,1,0,0,1,0,0,0,"Aug","Oct",NA,NA,45,0,0,0,1,0,0,0,0,0,0,0,0,0,0,0,0,"leaf",1,0,1,0,0,0,0.693333333,0,0,"leaf",2,"m","i","p"
"Lachnaea grandiflora","Lachnaea grandiflora","THYMELAEACEAE","Lachnaea grandiflora","(L.f.) Baill.","Thymelaeaceae",1,0,"Perennial",1,0,1,0,0,0,0,1,0,"Aug","Jun",NA,NA,60,0,0,0,1,0,0,0,0,0,0,0,0,0,0,0,0,"leaf",0,0,1,0,0,0,NA,0,0,"leaf",3,"h","i","p"
"Lachnaea macrantha","Lachnaea macrantha","THYMELAEACEAE","Lachnaea macrantha","Meisn.","Thymelaeaceae",1,0,"Perennial",1,0,1,0,0,1,0,0,0,"Sep","Jan",NA,NA,150,0,0,0,0,1,0,0,0,0,0,0,0,0,0,0,0,"leaf",0,0,1,0,0,0,NA,0,0,"leaf",2,"m","i","p"
"Lachnaea penicillata","Lachnaea penicillata","THYMELAEACEAE","Lachnaea penicillata","Meisn.","Thymelaeaceae",1,0,"Perennial",1,0,1,0,0,1,0,0,0,"Jan","Dec",NA,NA,40,0,0,0,1,0,0,0,0,0,0,0,0,0,0,0,0,"leaf",0,1,0,0,0,0,0.228,0,0,"leaf",2,"m","i","p"
"Lachnaea sociorum","Lachnaea sociorum","THYMELAEACEAE","Lachnaea sociorum","Beyers","Thymelaeaceae",1,0,"Perennial",1,0,1,0,0,1,0,1,0,"Aug","Jan",NA,NA,50,0,0,0,1,0,0,0,0,0,0,0,0,0,0,0,0,"leaf",1,0,0,0,0,0,0.398,0,0,"leaf",2,"h","i","p"
"Lachnaea striata","Lachnaea striata","THYMELAEACEAE","Lachnaea striata","(Lam.) Meisn.","Thymelaeaceae",1,0,"Perennial",1,0,1,0,0,0,0,1,0,"Sep","Jan",NA,NA,60,0,0,0,1,0,0,0,0,0,0,0,0,0,0,0,0,"leaf",0,0,1,0,0,0,0.5625,0,0,"leaf",2,"h","i","p"
"Lachnospermum fasciculatum","Lachnospermum fasciculatum","ASTERACEAE","Lachnospermum fasciculatum","Baill.","Asteraceae",1,0,"Perennial",1,0,1,0,0,0,0,1,0,"Jan","Mar",NA,NA,60,0,0,0,1,0,0,0,0,0,0,0,0,0,0,0,0,"leaf",1,1,0,0,0,0,0.2,0,0,"leaf",2,"h","i","w"
"Lachnospermum umbellatum","Lachnospermum umbellatum","ASTERACEAE","Lachnospermum umbellatum","(D.Don) Pillans","Asteraceae",1,0,"Perennial",1,0,1,0,0,0,0,1,0,"Nov","Mar",NA,NA,30,0,0,0,1,0,0,0,0,0,0,0,0,0,0,0,0,"leaf",1,1,0,0,0,0,0.49,0,0,"leaf",2,"h","i","w"
"Lampranthus bicolor","Lampranthus bicolor","AIZOACEAE","Lampranthus bicolor","(L.) N.E.Br.","Aizoaceae",1,0,"Perennial",1,0,1,0,0,1,0,0,0,"Oct","Jan",NA,NA,30,0,0,0,1,0,0,0,0,0,0,0,0,1,1,1,0,"leaf",0,1,0,0,0,0,1.75,0,0,"leaf",2,"l","i","p"
"Lampranthus elegans","Lampranthus elegans","AIZOACEAE","Lampranthus elegans","(Jacq.) Schwantes","Aizoaceae",1,0,"Perennial",1,0,1,0,0,1,0,0,0,"Sep","Nov",NA,NA,30,0,0,0,1,0,0,0,0,0,0,0,0,1,1,1,0,"leaf",1,0,0,0,0,0,NA,0,0,"leaf",2,"l","i","p"
"Lampranthus emarginatus","Lampranthus emarginatus","AIZOACEAE","Lampranthus emarginatus","(L.) N.E.Br.","Aizoaceae",1,0,"Perennial",1,0,1,0,0,1,0,0,0,"Sep","Dec",NA,NA,30,0,0,0,1,0,0,0,0,0,0,0,0,1,1,1,0,"leaf",1,1,0,0,0,0,NA,0,0,"leaf",2,"l","i","p"
"Lampranthus falcatus","Lampranthus falcatus","AIZOACEAE","Lampranthus falcatus","(L.) N.E.Br.","Aizoaceae",1,0,"Perennial",1,0,1,0,0,1,0,0,0,"Nov","Dec",NA,NA,30,0,0,0,1,0,0,0,0,0,0,0,0,1,1,1,0,"leaf",0,1,0,0,0,0,NA,0,0,"leaf",2,"l","i","p"
"Lampranthus falciformis","Lampranthus falciformis","AIZOACEAE","Lampranthus falciformis","(Haw.) N.E.Br.","Aizoaceae",1,0,"Perennial",1,0,1,0,0,1,0,0,0,"Nov","Feb",NA,NA,20,0,0,0,1,0,0,0,0,0,0,0,0,1,1,1,0,"leaf",1,1,0,0,0,0,1.5,0,0,"leaf",2,"l","i","p"
"Lampranthus laetus","Lampranthus laetus","AIZOACEAE","Lampranthus laetus","(L.Bolus) L.Bolus","Aizoaceae",1,0,"Perennial",1,0,1,0,0,1,0,0,0,"Oct","Oct",NA,NA,20,0,0,0,1,0,0,0,0,0,0,0,0,1,1,1,0,"leaf",1,0,0,0,0,0,NA,0,0,"leaf",2,"l","i","p"
"Lampranthus promontorii","Lampranthus promontorii","AIZOACEAE","Lampranthus promontorii","(L.Bolus) N.E.Br.","Aizoaceae",1,0,"Perennial",1,0,1,0,0,1,0,0,0,"Dec","Jan",NA,NA,20,0,0,0,1,0,0,0,0,0,0,0,0,1,1,1,0,"leaf",1,0,0,0,0,0,1.22,0,0,"leaf",2,"l","i","p"
"Lampranthus scaber","Lampranthus scaber","AIZOACEAE","Lampranthus scaber","(L.) N.E.Br.","Aizoaceae",1,0,"Perennial",1,0,1,1,0,1,0,0,0,"Aug","Aug",NA,NA,30,0,0,0,1,0,0,0,0,0,0,0,0,1,1,1,0,"leaf",1,0,0,0,0,0,0.948,0,0,"leaf",2,"l","i","p"
"Lampranthus stenus","Lampranthus stenus","AIZOACEAE","Lampranthus stenus","(Haw.) N.E.Br.","Aizoaceae",1,0,"Perennial",1,0,1,0,0,1,0,0,0,"Nov","Feb",NA,NA,50,0,0,0,1,0,0,0,0,0,0,0,0,1,1,1,0,"leaf",1,0,0,0,0,0,NA,0,0,"leaf",2,"l","i","p"
"Lampranthus tenuifolius","Lampranthus tenuifolius","AIZOACEAE","Lampranthus tenuifolius","(L.) N.E.Br.","Aizoaceae",1,0,"Perennial",1,0,1,0,0,1,0,0,0,"Oct","Nov",NA,NA,20,0,0,0,1,0,0,0,0,0,0,0,0,1,1,1,0,"leaf",1,0,0,0,0,0,NA,0,0,"leaf",2,"l","i","p"
"Lanaria lanata","Lanaria lanata","LANARIACEAE","Lanaria lanata","(L.) T.Durand & Schinz","Lanariaceae",1,0,"Perennial",1,0,1,0,0,0,0,1,0,"Nov","Jan",NA,NA,80,1,0,0,0,0,0,0,0,0,0,0,0,0,0,0,0,"leaf",1,0,0,0,0,0,79.27,0,0,"leaf",3,"h","i","u"
"Langebergia canescens","Langebergia canescens","ASTERACEAE","Langebergia canescens","(DC.) Anderb.","Asteraceae",1,0,"Perennial",1,0,1,0,0,0,0,0,0,"Aug","Dec",NA,NA,30,0,0,0,1,0,0,0,0,0,0,0,0,0,0,0,0,"leaf",0,1,0,0,0,0,NA,0,0,"leaf",2,"m","i","w"
"Lantana rugosa","Lantana rugosa","VERBENACEAE","Lantana rugosa","Thunb.","Verbenaceae",1,0,"Perennial",1,0,1,0,0,0,0,0,0,"Sep","May",NA,NA,100,0,0,0,0,1,0,0,0,0,0,0,0,0,0,0,0,"leaf",0,0,1,0,0,0,2.7,0,0,"leaf",1,"h","i","m"
"Laurembergia repens","Laurembergia repens","HALORAGACEAE","Laurembergia repens","P.J.Bergius","Haloragaceae",1,0,"Perennial",1,1,1,0,0,0,0,0,0,"Nov","Apr",NA,NA,10,1,0,0,0,0,0,0,0,0,0,0,0,0,0,0,0,"leaf",0,1,0,0,0,0,0.9,0,0,"leaf",2,"l","u","p"
"Laurophyllus capensis","Laurophyllus capensis","ANACARDIACEAE","Laurophyllus capensis","Thunb.","Anacardiaceae",1,0,"Perennial",1,0,1,0,0,0,0,1,1,"Aug","Jan",NA,NA,600,0,0,0,0,0,1,1,0,0,0,0,0,0,0,0,0,"leaf",0,0,1,0,0,0,6.56,0,0,"leaf",3,"h","i","w"
"Lebeckia longipes","Lebeckia longipes","FABACEAE","Lebeckia longipes","Bolus","Fabaceae",1,0,"Perennial",1,0,1,0,0,0,0,0,0,"Dec","Dec",NA,NA,60,0,0,0,1,0,0,0,1,0,0,0,0,0,0,0,0,"leaf",1,0,0,0,0,0,NA,0,0,"leaf",2,"l","i","p"
"Lebeckia meyeriana","Lebeckia meyeriana","FABACEAE","Lebeckia meyeriana","Eckl. & Zeyh.","Fabaceae",1,0,"Perennial",1,0,1,0,0,0,0,0,0,"Oct","Dec",NA,NA,40,0,0,0,1,0,0,0,0,0,0,0,0,0,0,0,0,"leaf",1,0,0,0,0,0,NA,0,0,"leaf",2,"l","i","p"
"Leonotis ocymifolia","Leonotis ocymifolia","LAMIACEAE","Leonotis ocymifolia","(Burm.f.) Iwarsson","Lamiaceae",1,0,"Perennial",1,0,1,0,0,0,0,0,0,"Mar","May",NA,NA,500,0,0,0,0,0,1,0,0,0,0,0,0,0,0,0,0,"leaf",0,0,1,0,0,0,NA,0,0,"leaf",2,"h","m","p"
"Leucadendron album","Leucadendron album","PROTEACEAE","Leucadendron album","(Thunb.) Fourc.","Proteaceae",1,0,"Perennial",0,1,1,0,0,0,0,0,1,"Nov","Dec",NA,NA,200,0,0,0,1,0,0,0,0,0,0,0,0,0,0,0,0,"leaf",0,1,0,0,0,0,NA,0,0,"leaf",2,"h","i","w"
"Leucadendron coniferum","Leucadendron coniferum","PROTEACEAE","Leucadendron coniferum","Meisn.","Proteaceae",1,0,"Perennial",0,1,1,0,0,0,0,0,1,"Aug","Sep",NA,NA,400,0,0,0,0,0,1,1,0,0,0,0,0,0,0,0,0,"leaf",0,1,0,0,0,0,4.55,0,0,"leaf",2,"h","w","w"
"Leucadendron dubium","Leucadendron dubium","PROTEACEAE","Leucadendron dubium","H.Buek ex Meisn.","Proteaceae",1,0,"Perennial",0,1,1,0,0,0,0,0,0,"Aug","Sep",NA,NA,150,0,0,0,0,1,0,0,0,0,0,0,0,0,0,0,0,"leaf",0,0,1,0,0,0,0.748,0,0,"leaf",2,"h","w","p"
"Leucadendron eucalyptifolium","Leucadendron eucalyptifolium","PROTEACEAE","Leucadendron eucalyptifolium","H.Buek ex Meisn.","Proteaceae",1,0,"Perennial",0,1,1,0,0,0,0,0,1,"Jul","Oct",NA,NA,500,0,0,0,0,0,1,1,0,0,0,0,0,0,0,0,0,"leaf",0,1,0,0,0,0,7.827272727,0,0,"leaf",2,"h","i","w"
"Leucadendron gandogeri","Leucadendron gandogeri","PROTEACEAE","Leucadendron gandogeri","Schinz ex Gand.","Proteaceae",1,0,"Perennial",0,1,1,0,0,0,0,0,1,"Aug","Oct",NA,NA,160,0,0,0,0,1,0,0,0,0,0,0,0,0,0,0,0,"leaf",0,0,1,0,0,0,6.14,0,0,"leaf",2,"h","i","w"
"Leucadendron glaberrimum","Leucadendron glaberrimum","PROTEACEAE","Leucadendron glaberrimum","(Schltr.) Compton","Proteaceae",1,0,"Perennial",0,1,1,0,0,0,0,1,1,"Aug","Oct",NA,NA,130,0,0,0,0,1,0,0,0,0,0,0,0,0,0,0,0,"leaf",0,1,0,0,0,0,2.5,0,0,"leaf",2,"h","i","p"
"Leucadendron laureolum","Leucadendron laureolum","PROTEACEAE","Leucadendron laureolum","(Lam.) Fourc.","Proteaceae",1,0,"Perennial",0,1,1,0,0,0,0,0,1,"Jun","Jul",NA,NA,200,0,0,0,0,0,1,0,0,0,0,0,0,0,0,0,0,"leaf",0,0,1,0,0,0,6.635135135,0,0,"leaf",2,"h","i","w"
"Leucadendron microcephalum","Leucadendron microcephalum","PROTEACEAE","Leucadendron microcephalum","Gand. & Schinz","Proteaceae",1,0,"Perennial",0,1,1,0,0,0,0,0,1,"Jul","Jul",NA,NA,200,0,0,0,0,0,1,0,0,0,0,0,0,0,0,0,0,"leaf",0,0,1,0,0,0,7.18,0,0,"leaf",2,"h","i","p"
"Leucadendron nitidum","Leucadendron nitidum","PROTEACEAE","Leucadendron nitidum","H.Buek ex Meisn.","Proteaceae",1,0,"Perennial",0,1,1,0,0,0,0,0,1,"May","Nov",NA,NA,200,0,0,0,0,0,1,0,0,0,0,0,0,0,0,0,0,"leaf",0,1,0,0,0,0,1.626,0,0,"leaf",2,"h","i","w"
"Leucadendron nobile","Leucadendron nobile","PROTEACEAE","Leucadendron nobile","I.Williams","Proteaceae",1,0,"Perennial",0,1,1,0,0,0,0,0,1,"Oct","Mar",NA,NA,400,0,0,0,0,0,1,0,0,0,0,0,0,0,0,0,0,"leaf",1,0,0,0,0,0,3.992222222,0,0,"leaf",2,"h","i","w"
"Leucadendron olens","Leucadendron olens","PROTEACEAE","Leucadendron olens","I.Williams","Proteaceae",1,0,"Perennial",0,1,1,0,0,0,0,0,0,"Jun","Jul",NA,NA,120,0,0,0,0,1,0,0,0,0,0,0,0,0,0,0,0,"leaf",0,1,0,0,0,0,NA,0,0,"leaf",2,"h","w","p"
"Leucadendron pubescens","Leucadendron pubescens","PROTEACEAE","Leucadendron pubescens","R.Br.","Proteaceae",1,0,"Perennial",0,1,1,0,0,0,0,0,0,"Jul","Oct",NA,NA,250,0,0,0,0,0,1,0,0,0,0,0,0,0,0,0,0,"leaf",0,1,0,0,0,0,4.1,0,0,"leaf",2,"h","i","p"
"Leucadendron pubibracteolatum","Leucadendron pubibracteolatum","PROTEACEAE","Leucadendron pubibracteolatum","I.Williams","Proteaceae",1,0,"Perennial",0,1,1,0,0,0,0,0,0,"Jul","Aug",NA,NA,130,0,0,0,0,1,0,0,0,0,0,0,0,0,0,0,0,"leaf",0,0,1,0,0,0,6.633333333,0,0,"leaf",2,"h","i","p"
"Leucadendron rourkei","Leucadendron rourkei","PROTEACEAE","Leucadendron rourkei","I.Williams","Proteaceae",1,0,"Perennial",0,1,1,0,0,0,0,0,1,"Dec","Jan",NA,NA,600,0,0,0,0,0,1,1,0,0,0,0,0,0,0,0,0,"leaf",1,0,0,0,0,0,NA,0,0,"leaf",2,"h","i","w"
"Leucadendron rubrum","Leucadendron rubrum","PROTEACEAE","Leucadendron rubrum","Burm.f.","Proteaceae",1,0,"Perennial",0,1,1,0,0,0,0,0,1,"Aug","Sep",NA,NA,250,0,0,0,0,0,1,0,0,0,0,0,0,0,0,0,0,"leaf",0,1,0,0,0,0,4.12875,0,0,"leaf",2,"h","w","w"
"Leucadendron salignum","Leucadendron salignum","PROTEACEAE","Leucadendron salignum","P.J.Bergius","Proteaceae",1,0,"Perennial",0,1,1,0,0,0,0,1,1,"Apr","Nov",NA,NA,200,0,0,0,0,0,1,0,0,0,0,0,0,0,0,0,0,"leaf",0,1,0,0,0,0,3.881086957,0,0,"leaf",3,"h","i","w"
"Leucadendron sorocephalodes","Leucadendron sorocephalodes","PROTEACEAE","Leucadendron sorocephalodes","E.Phillips & Hutch.","Proteaceae",1,0,"Perennial",0,1,1,0,0,0,0,0,0,"Aug","Aug",NA,NA,30,0,0,0,1,0,0,0,0,0,0,0,0,0,0,0,0,"leaf",1,0,0,0,0,0,NA,0,0,"leaf",2,"h","i","p"
"Leucadendron spirale","Leucadendron spirale","PROTEACEAE","Leucadendron spirale","(Salisb. ex Knight) I.Williams","Proteaceae",1,0,"Perennial",0,1,1,0,0,0,0,0,1,"Nov","Jan",NA,NA,100,0,0,0,1,0,0,0,0,0,0,0,0,0,0,0,0,"leaf",1,0,0,0,0,0,NA,0,0,"leaf",2,"h","i","w"
"Leucadendron spissifolium","Leucadendron spissifolium","PROTEACEAE","Leucadendron spissifolium","(Salisb. ex Knight) I.Williams","Proteaceae",1,0,"Perennial",0,1,1,0,0,0,0,1,1,"Aug","Oct",NA,NA,130,0,0,0,0,1,0,0,0,0,0,0,0,0,0,0,0,"leaf",0,1,0,0,0,0,2.88,0,0,"leaf",3,"h","i","w"
"Leucadendron tinctum","Leucadendron tinctum","PROTEACEAE","Leucadendron tinctum","I.Williams","Proteaceae",1,0,"Perennial",0,1,1,0,0,0,0,0,0,"Jul","Aug",NA,NA,130,0,0,0,0,1,0,0,0,0,0,0,0,0,0,0,0,"leaf",0,1,0,0,0,0,6.78,0,0,"leaf",2,"h","i","p"
"Leucadendron uliginosum","Leucadendron uliginosum","PROTEACEAE","Leucadendron uliginosum","R.Br.","Proteaceae",1,0,"Perennial",0,1,1,0,0,0,0,0,1,"Oct","Dec",NA,NA,400,0,0,0,0,0,1,0,0,0,0,0,0,0,0,0,0,"leaf",0,0,1,0,0,0,3.883333333,0,0,"leaf",2,"h","i","w"
"Leucadendron xanthoconus","Leucadendron xanthoconus","PROTEACEAE","Leucadendron xanthoconus","K.Schum.","Proteaceae",1,0,"Perennial",0,1,1,0,0,0,0,0,1,"Aug","Aug",NA,NA,200,0,0,0,0,0,1,0,0,0,0,0,0,0,0,0,0,"leaf",0,1,0,0,0,0,4.257142857,0,0,"leaf",2,"h","w","w"
"Leucospermum calligerum","Leucospermum calligerum","PROTEACEAE","Leucospermum calligerum","(Salisb. ex Knight) Rourke.","Proteaceae",1,0,"Perennial",1,0,1,0,0,0,0,0,0,"Jul","Jan",NA,NA,200,0,0,0,0,0,1,0,0,0,0,0,0,0,0,0,0,"leaf",0,1,1,0,0,0,1.954,0,0,"leaf",2,"h","m","i"
"Leucospermum conocarpodendron","Leucospermum conocarpodendron","PROTEACEAE","Leucospermum conocarpodendron","H.Buek","Proteaceae",1,0,"Perennial",1,0,1,0,0,0,0,1,0,"Aug","Dec",NA,NA,500,0,0,0,0,0,1,1,0,0,0,0,0,0,0,0,0,"leaf",0,0,1,0,0,0,9.14,0,0,"leaf",3,"h","m","i"
"Leucospermum cuneiforme","Leucospermum cuneiforme","PROTEACEAE","Leucospermum cuneiforme","(Burm.f.) Rourke","Proteaceae",1,0,"Perennial",1,0,1,0,0,0,0,1,0,"Aug","Feb",NA,NA,200,0,0,0,0,0,1,0,0,0,0,0,0,0,0,0,0,"leaf",0,0,1,0,0,0,7.278571429,0,0,"leaf",3,"h","m","i"
"Leucospermum erubescens","Leucospermum erubescens","PROTEACEAE","Leucospermum erubescens","Rourke","Proteaceae",1,0,"Perennial",1,0,1,0,0,0,0,0,0,"Aug","Jan",NA,NA,200,0,0,0,0,0,1,0,0,0,0,0,0,0,0,0,0,"leaf",0,1,0,0,0,0,NA,0,0,"leaf",2,"h","m","i"
"Leucospermum hypophyllocarpodendron","Leucospermum hypophyllocarpodendron","PROTEACEAE","Leucospermum hypophyllocarpodendron","(L.) Druce","Proteaceae",1,0,"Perennial",1,0,1,0,0,0,0,1,0,"Aug","Jan",NA,NA,20,0,0,0,1,0,0,0,0,0,0,0,0,0,0,0,0,"leaf",1,1,0,0,0,0,NA,0,0,"leaf",3,"m","m","i"
"Leucospermum mundii","Leucospermum mundii","PROTEACEAE","Leucospermum mundii","Meisn.","Proteaceae",1,0,"Perennial",1,0,1,0,0,0,0,0,0,"Jul","Nov",NA,NA,100,0,0,0,1,0,0,0,0,0,0,0,0,0,0,0,0,"leaf",0,0,1,0,0,0,6.06,0,0,"leaf",2,"h","m","i"
"Leucospermum winteri","Leucospermum winteri","PROTEACEAE","Leucospermum winteri","Rourke","Proteaceae",1,0,"Perennial",1,0,1,0,0,0,0,0,0,"Jul","Dec",NA,NA,130,0,0,0,0,1,0,0,0,0,0,0,0,0,0,0,0,"leaf",0,0,1,0,0,0,NA,0,0,"leaf",2,"h","m","i"
"Leucospermum wittebergense","Leucospermum wittebergense","PROTEACEAE","Leucospermum wittebergense","Compton","Proteaceae",1,0,"Perennial",1,0,1,0,0,0,0,0,0,"Aug","Jan",NA,NA,200,0,0,0,0,0,1,0,0,0,0,0,0,0,0,0,0,"leaf",0,0,1,0,0,0,2.3,0,0,"leaf",2,"h","m","i"
"Leysera gnaphalodes","Leysera gnaphalodes","ASTERACEAE","Leysera gnaphalodes","(L.) L.","Asteraceae",1,0,"Perennial",1,0,1,0,0,0,0,0,0,"Sep","Nov",NA,NA,40,0,0,0,1,0,0,0,0,0,0,0,0,0,0,0,0,"leaf",1,0,0,0,0,0,NA,0,0,"leaf",1,"m","i","w"
"Lichtensteinia lacera","Lichtensteinia lacera","APIACEAE","Lichtensteinia lacera","Cham. & Schltdl.","Apiaceae",1,0,"Perennial",1,0,1,0,0,0,0,1,0,"Dec","Mar",NA,NA,140,1,0,0,0,0,0,0,0,0,0,0,0,0,0,0,0,"leaf",0,0,1,0,1,0,NA,0,0,"leaf",3,"l","i","w"
"Lichtensteinia latifolia","Lichtensteinia latifolia","APIACEAE","Lichtensteinia latifolia","Eckl. & Zeyh.","Apiaceae",1,0,"Perennial",1,0,1,0,0,0,0,1,0,"Nov","Feb",NA,NA,140,1,0,0,0,0,0,0,0,0,0,0,0,0,0,0,0,"leaf",0,0,1,0,1,0,NA,0,0,"leaf",3,"l","i","w"
"Lidbeckia quinqueloba","Lidbeckia lobata","ASTERACEAE","Lidbeckia quinqueloba","Cass.","Asteraceae",1,0,"Perennial",1,0,1,0,0,0,0,0,0,"Sep","Dec",NA,NA,60,0,0,0,1,0,0,0,0,0,0,0,0,0,0,0,0,"leaf",0,0,1,0,1,0,1.76,0,0,"leaf",2,"l","i","w"
"Limeum aethiopicum","Limeum aethiopicum","MOLLUGINACEAE","Limeum aethiopicum","Burm.f.","Limeaceae",1,0,"Perennial",1,0,1,0,0,0,0,1,0,"Feb","Mar",NA,NA,15,0,0,0,1,0,0,0,0,0,0,0,0,0,0,0,0,"leaf",0,0,1,0,0,0,NA,0,0,"leaf",2,"l","i","u"
"Limonium scabrum","Limonium scabrum","PLUMBAGINACEAE","Limonium scabrum","(Thunb.) Kuntze","Plumbaginaceae",1,0,"Perennial",1,0,1,0,0,0,0,0,0,"Oct","May",NA,NA,25,1,0,0,0,0,0,0,0,0,0,0,0,0,0,0,0,"leaf",0,0,1,0,0,0,2.64,0,0,"leaf",2,"l","i","w"
"Linconia alopecuroidea","Linconia alopecuroidea","BRUNIACEAE","Linconia alopecuroidea","L.","Bruniaceae",1,0,"Perennial",1,0,1,0,0,0,0,1,0,"Sep","Nov",NA,NA,100,0,0,0,1,0,0,0,0,0,0,0,0,0,0,0,0,"leaf",0,1,0,0,0,0,NA,0,0,"leaf",3,"h","i","w"
"Linum africanum","Linum africanum","LINACEAE","Linum africanum","L.","Linaceae",1,0,"Perennial",1,0,1,0,0,0,0,1,0,"Nov","Jan",NA,NA,50,0,0,0,1,0,0,0,0,0,0,0,0,0,0,0,0,"leaf",0,1,0,0,0,0,NA,0,0,"leaf",2,"m","i","p"
"Linum gracile","Linum gracile","LINACEAE","Linum gracile","Sm. ex Planch.","Linaceae",1,0,"Perennial",1,0,1,0,0,0,0,1,0,"Sep","Feb",NA,NA,50,0,0,0,1,0,0,0,0,0,0,0,0,0,0,0,0,"leaf",0,0,1,0,0,0,NA,0,0,"leaf",2,"m","i","p"
"Linum pungens","Linum pungens","LINACEAE","Linum pungens","Planch.","Linaceae",1,0,"Perennial",1,0,1,0,0,0,0,1,0,"Dec","Jan",NA,NA,50,0,0,0,1,0,0,0,0,0,0,0,0,0,0,0,0,"leaf",0,1,1,0,0,0,NA,0,0,"leaf",2,"m","i","p"
"Linum thunbergii","Linum thunbergii","LINACEAE","Linum thunbergii","Eckl. & Zeyh.","Linaceae",1,0,"Perennial",1,0,1,0,0,0,0,1,0,"Oct","Jan",NA,NA,50,0,0,0,1,0,0,0,0,0,0,0,0,0,0,0,0,"leaf",1,0,0,0,0,0,NA,0,0,"leaf",2,"m","i","p"
"Liparia calycina","Liparia calycina","FABACEAE","Liparia calycina","(L.Bolus) A.L.Schutte","Fabaceae",1,0,"Perennial",1,0,1,0,0,0,0,0,0,"Aug","Nov",NA,NA,250,0,0,0,0,0,1,0,0,0,0,0,0,0,0,0,0,"leaf",0,0,1,0,0,0,NA,0,0,"leaf",2,"h","i","p"
"Liparia parva","Liparia parva","FABACEAE","Liparia parva","Vogel ex Walp.","Fabaceae",1,0,"Perennial",1,0,1,0,0,0,0,1,0,"May","Nov",NA,NA,20,0,0,0,1,0,0,0,0,0,0,0,0,0,0,0,0,"leaf",0,0,1,0,0,0,1.7,0,0,"leaf",3,"h","m","p"
"Lobelia anceps","Lobelia anceps","CAMPANULACEAE","Lobelia anceps","L.f.","Campanulaceae",1,0,"Perennial",1,0,1,0,0,0,0,0,0,"Nov","Jun",NA,NA,5,1,0,0,0,0,0,0,0,0,0,0,0,0,0,0,0,"leaf",0,0,1,0,0,0,NA,0,1,"leaf",1,"m","i","p"
"Lobelia capillifolia","Lobelia capillifolia","CAMPANULACEAE","Lobelia capillifolia","A.DC.","Campanulaceae",1,0,"Perennial",1,0,1,0,0,0,0,0,0,"Sep","May",NA,NA,50,1,0,0,0,0,0,0,0,0,0,0,0,0,0,0,0,"leaf",1,0,0,0,0,0,2.173,0,1,"leaf",1,"l","i","p"
"Lobelia chamaepitys","Lobelia chamaepitys","CAMPANULACEAE","Lobelia chamaepitys","Lam.","Campanulaceae",1,0,"Perennial",1,0,1,0,0,0,0,0,0,"Sep","Apr",NA,NA,30,0,0,0,1,0,0,0,0,0,0,0,0,0,0,0,0,"leaf",1,0,0,0,0,1,NA,0,0,"leaf",1,"l","i","p"
"Lobelia comosa","Lobelia comosa","CAMPANULACEAE","Lobelia comosa","L.","Campanulaceae",0,1,"Annual",1,0,1,0,0,0,0,0,0,"Aug","Jan",NA,NA,50,0,0,0,1,0,0,0,0,0,0,0,0,0,0,0,0,"leaf",1,1,0,0,0,0,NA,0,1,"leaf",0,"l","i","p"
"Lobelia coronopifolia","Lobelia coronopifolia","CAMPANULACEAE","Lobelia coronopifolia","L.","Campanulaceae",1,0,"Perennial",1,0,1,0,0,0,0,0,0,"Oct","Apr",NA,NA,30,0,0,0,1,0,0,0,0,0,0,0,0,0,0,0,0,"leaf",1,1,0,0,0,1,2.165,0,0,"leaf",1,"l","i","p"
"Lobelia jasionoides","Lobelia jasionoides","CAMPANULACEAE","Lobelia jasionoides","(A.DC.) E.Wimm.","Campanulaceae",1,0,"Perennial",1,0,1,0,0,0,0,0,0,"Oct","Feb",NA,NA,50,1,0,0,0,0,0,0,0,0,0,0,0,0,0,0,0,"leaf",0,0,1,0,0,0,NA,0,0,"leaf",1,"l","i","p"
"Lobelia linearis","Lobelia linearis","CAMPANULACEAE","Lobelia linearis","Thunb.","Campanulaceae",1,0,"Perennial",1,0,1,0,0,0,0,0,0,"Sep","Mar",NA,NA,70,0,0,0,1,0,0,0,0,0,0,0,0,0,0,0,0,"leaf",1,0,0,0,0,0,NA,0,1,"leaf",2,"m","i","p"
"Lobelia neglecta","Lobelia neglecta","CAMPANULACEAE","Lobelia neglecta","Roem. & Schult.","Campanulaceae",1,0,"Perennial",1,0,1,0,0,0,0,0,0,"Jan","Dec",NA,NA,50,0,0,0,1,0,0,0,0,0,0,0,0,0,0,0,0,"leaf",0,0,1,0,0,0,1.19,0,0,"leaf",1,"l","i","p"
"Lobelia patula","Lobelia patula","CAMPANULACEAE","Lobelia patula","L.f.","Campanulaceae",1,0,"Perennial",1,0,1,0,0,0,0,0,0,"Oct","Dec",NA,NA,40,1,0,0,0,0,0,0,0,0,0,0,0,0,0,0,0,"leaf",0,0,1,0,0,0,NA,0,0,"leaf",1,"l","i","p"
"Lobelia pinifolia","Lobelia pinifolia","CAMPANULACEAE","Lobelia pinifolia","L.","Campanulaceae",1,0,"Perennial",1,0,1,0,0,0,0,0,0,"Dec","Apr",NA,NA,50,0,0,0,1,0,0,0,0,0,0,0,0,0,0,0,0,"leaf",1,0,0,0,0,0,1.936363636,0,0,"leaf",2,"m","i","p"
"Lobelia pubescens","Lobelia pubescens","CAMPANULACEAE","Lobelia pubescens","[Dryand.]","Campanulaceae",1,1,"Both",1,0,1,0,0,0,0,0,0,"Oct","Mar",NA,NA,50,1,0,0,0,0,0,0,0,0,0,0,0,0,0,0,0,"leaf",0,0,1,0,0,1,NA,0,1,"leaf",1,"l","i","p"
"Lobelia setacea","Lobelia setacea","CAMPANULACEAE","Lobelia setacea","Thunb.","Campanulaceae",1,0,"Perennial",1,0,1,0,0,0,0,0,0,"Nov","Apr",NA,NA,60,1,0,0,0,0,0,0,0,0,0,0,0,0,0,0,0,"leaf",1,0,0,0,0,0,7.325,0,1,"leaf",1,"l","i","p"
"Lobelia tomentosa","Lobelia tomentosa","CAMPANULACEAE","Lobelia tomentosa","L.f.","Campanulaceae",1,0,"Perennial",1,0,1,0,0,0,0,0,0,"Nov","Jun",NA,NA,40,0,0,0,1,0,0,0,0,0,0,0,0,0,0,0,0,"leaf",0,0,1,0,0,1,1.67,0,0,"leaf",1,"l","i","p"
"Lobostemon cinereus","Lobostemon trichotomus","BORAGINACEAE","Lobostemon cinereus","DC.","Boraginaceae",1,0,"Perennial",1,0,1,0,0,0,0,0,0,"Aug","Nov",NA,NA,100,0,0,0,1,0,0,0,0,0,0,0,0,0,0,0,0,"leaf",0,1,0,0,0,0,1.23,0,0,"leaf",2,"h","i","p"
"Lobostemon decorus","Lobostemon decorus","BORAGINACEAE","Lobostemon decorus","Levyns","Boraginaceae",1,0,"Perennial",1,0,1,0,0,0,0,0,0,"Aug","Oct",NA,NA,100,0,0,0,1,0,0,0,0,0,0,0,0,0,0,0,0,"leaf",1,0,0,0,0,0,NA,0,0,"leaf",2,"h","i","p"
"Lobostemon echioides","Lobostemon echioides","BORAGINACEAE","Lobostemon echioides","Lehm.","Boraginaceae",1,0,"Perennial",1,0,1,0,0,0,0,0,0,"Aug","Oct",NA,NA,80,0,0,0,1,0,0,0,0,0,0,0,0,0,0,0,0,"leaf",0,1,0,0,0,0,2.0925,0,0,"leaf",2,"h","i","p"
"Lobostemon fruticosus","Lobostemon fruticosus","BORAGINACEAE","Lobostemon fruticosus","H.Buek","Boraginaceae",1,0,"Perennial",1,0,1,0,0,0,0,0,0,"May","Dec",NA,NA,80,0,0,0,1,0,0,0,0,0,0,0,0,0,0,0,0,"leaf",0,1,0,0,0,0,3.645454545,0,0,"leaf",2,"h","i","p"
"Lobostemon glaucophyllus","Lobostemon glaucophyllus","BORAGINACEAE","Lobostemon glaucophyllus","Buek.","Boraginaceae",1,0,"Perennial",1,0,1,0,0,0,0,0,0,"Jul","Oct",NA,NA,80,0,0,0,1,0,0,0,0,0,0,0,0,0,0,0,0,"leaf",0,1,0,0,0,0,5.68,0,0,"leaf",2,"h","i","p"
"Lobostemon montanus","Lobostemon montanus","BORAGINACEAE","Lobostemon montanus","H.Buek","Boraginaceae",1,0,"Perennial",1,0,1,0,0,0,0,0,0,"Jul","Sep",NA,NA,120,0,0,0,0,1,0,0,0,0,0,0,0,0,0,0,0,"leaf",0,1,0,0,0,0,5.18,0,0,"leaf",2,"h","i","p"
"Lobostemon muirii","Lobostemon muirii","BORAGINACEAE","Lobostemon muirii","Levyns","Boraginaceae",1,0,"Perennial",1,0,1,0,0,0,0,1,0,"Jun","Aug",NA,NA,90,0,0,0,1,0,0,0,0,0,0,0,0,0,0,0,0,"leaf",0,1,0,0,0,0,3.62,0,0,"leaf",2,"h","i","p"
"Lotononis pungens","Lotononis pungens","FABACEAE","Lotononis pungens","Eckl. & Zeyh.","Fabaceae",1,0,"Perennial",1,0,1,0,0,0,0,1,0,"Aug","Mar",NA,NA,20,0,0,0,1,0,0,0,0,0,0,0,0,0,0,0,0,"leaf",1,0,1,1,0,0,NA,0,0,"leaf",2,"l","i","p"
"Loxostylis alata","Loxostylis alata","ANACARDIACEAE","Loxostylis alata","Spreng. ex Rchb.","Anacardiaceae",1,0,"Perennial",1,0,1,0,0,0,0,1,0,"Sep","Mar",NA,NA,600,0,0,0,0,0,0,1,0,0,0,0,0,0,0,0,0,"leaf",0,0,1,1,0,0,10.45,0,0,"leaf",3,"h","i","m"
"Lycium afrum","Lycium afrum","SOLANACEAE","Lycium afrum","L.","Solanaceae",1,0,"Perennial",1,0,1,0,0,0,0,0,0,"Jul","Sep",NA,NA,300,0,0,0,0,0,1,1,0,0,0,0,0,0,0,0,0,"leaf",1,0,0,0,0,0,NA,0,0,"leaf",3,"m","i","m"
"Lycium ferocissimum","Lycium ferocissimum","SOLANACEAE","Lycium ferocissimum","Miers","Solanaceae",1,0,"Perennial",1,0,1,0,0,0,0,0,0,"Jul","Sep",NA,NA,200,0,0,0,0,0,1,0,0,0,0,0,0,0,0,0,0,"leaf",0,0,1,0,0,0,2.166666667,0,0,"leaf",3,"m","i","m"
"Lycopodium zanclophyllum","Lycopodium complanatum","LYCOPODIACEAE","Diphasiastrum zanclophyllum","(J.H.Wilce) Holub","Lycopodiaceae",1,0,"Perennial",1,0,1,0,0,0,0,1,0,NA,NA,NA,NA,25,1,0,0,0,0,0,0,0,0,0,0,0,0,0,0,0,"microphyll",1,0,0,0,0,0,0.3,0,0,"leaf",2,"l","w","w"
"Machairophyllum albidum","Machairophyllum cookii","AIZOACEAE","Machairophyllum albidum","(L.) Schwantes","Aizoaceae",1,0,"Perennial",1,0,1,0,0,1,0,1,0,"Oct","Nov",NA,NA,8,1,0,0,0,0,0,0,0,0,0,0,0,1,1,0,0,"leaf",0,1,0,0,0,0,NA,0,0,"leaf",2,"l","i","p"
"Machairophyllum bijliae","Machairophyllum acuminatum","AIZOACEAE","Machairophyllum bijlii","(N.E.Br.) L.Bolus","Aizoaceae",1,0,"Perennial",1,0,1,0,0,1,0,1,0,"Nov","Nov",NA,NA,4,1,0,0,0,0,0,0,0,0,0,0,0,1,1,0,0,"leaf",0,1,0,0,0,0,NA,0,0,"leaf",2,"l","i","p"
"Macledium spinosum","Dicoma spinosa","ASTERACEAE","Macledium spinosum","(L.) S.Ortiz","Asteraceae",1,0,"Perennial",1,0,1,0,0,0,0,1,0,"Sep","Feb",NA,NA,20,0,0,0,1,0,0,0,0,0,0,0,0,0,0,0,0,"leaf",0,0,1,0,0,0,1.78,0,0,"leaf",2,"m","i","w"
"Macrostylis squarrosa","Macrostylis squarrosa","RUTACEAE","Macrostylis squarrosa","Bartl. & H.L.Wendl.","Rutaceae",1,0,"Perennial",1,0,1,0,0,0,0,0,0,"Aug","Feb",NA,NA,30,0,0,0,1,0,0,0,0,0,0,0,0,0,0,0,0,"leaf",0,0,1,0,0,0,0.248,0,0,"leaf",2,"h","i","p"
"Macrostylis tenuis","Macrostylis tenuis","RUTACEAE","Macrostylis tenuis","E.Mey.","Rutaceae",1,0,"Perennial",1,0,1,0,0,0,0,1,0,"Sep","Mar",NA,NA,90,0,0,0,1,0,0,0,0,0,0,0,0,0,0,0,0,"leaf",0,0,1,0,0,0,0.256,0,0,"leaf",2,"h","i","p"
"Macrostylis villosa","Macrostylis villosa","RUTACEAE","Macrostylis villosa","Sond.","Rutaceae",1,0,"Perennial",1,0,1,0,0,0,0,1,0,"Dec","Jul",NA,NA,30,0,0,0,1,0,0,0,0,0,0,0,0,0,0,0,0,"leaf",0,1,0,0,0,0,0.675,0,0,"leaf",3,"m","i","p"
"Mairia coriacea","Mairia coriacea","ASTERACEAE","Mairia coriacea","H.Bol","Asteraceae",1,0,"Perennial",1,0,1,0,0,0,1,1,0,"Nov","Mar",NA,NA,12,1,0,0,0,0,0,0,0,0,0,0,0,0,0,0,0,"leaf",0,0,1,0,0,0,NA,0,0,"leaf",2,"l","i","w"
"Mairia crenata","Mairia crenata","ASTERACEAE","Zyrphelis crenata","Kuntze","Asteraceae",1,0,"Perennial",1,0,1,0,0,0,1,1,0,"Sep","Mar",NA,NA,15,1,0,0,0,0,0,0,0,0,0,0,0,0,0,0,0,"leaf",0,0,1,0,0,0,NA,0,0,"leaf",2,"l","i","w"
"Mairia hirsuta","Mairia hirsuta","ASTERACEAE","Mairia purpurata","(L.) J.C.Manning","Asteraceae",1,0,"Perennial",1,0,1,0,0,0,1,1,0,"Jul","Sep",NA,NA,30,1,0,0,0,0,0,0,0,0,0,0,0,0,0,0,0,"leaf",0,1,0,0,0,0,NA,0,0,"leaf",2,"l","i","w"
"Manulea cephalotes","Manulea cephalotes","SCROPHULARIACEAE","Manulea cephalotes","Thunb.","Scrophulariaceae",1,0,"Perennial",1,0,1,0,0,1,0,0,0,"Dec","Apr",NA,NA,100,1,0,0,0,0,0,0,0,0,0,0,0,0,0,0,0,"leaf",0,0,1,0,0,0,NA,0,0,"leaf",1,"l","i","p"
"Manulea cheiranthus","Manulea cheiranthus","SCROPHULARIACEAE","Manulea cheiranthus","L.","Scrophulariaceae",0,1,"Annual",1,0,0,1,1,1,0,0,0,"Jul","Nov",NA,NA,30,1,0,0,0,0,0,0,0,0,0,0,0,0,0,0,0,"leaf",0,1,1,0,0,0,NA,0,0,"leaf",0,"l","i","p"
"Manulea laxa","Manulea laxa","SCROPHULARIACEAE","Manulea laxa","Schltr.","Scrophulariaceae",1,0,"Perennial",1,0,1,0,0,1,0,0,0,"Sep","Oct",NA,NA,80,1,0,0,0,0,0,0,0,0,0,0,0,0,0,0,0,"leaf",0,1,0,0,0,0,NA,0,0,"leaf",1,"l","i","p"
"Manulea tomentosa","Manulea tomentosa","SCROPHULARIACEAE","Manulea tomentosa","(L.) L.","Scrophulariaceae",1,0,"Perennial",1,0,1,0,0,1,0,0,0,"Aug","Dec",NA,NA,60,1,0,0,0,0,0,0,0,0,0,0,0,0,0,0,0,"leaf",0,1,0,0,0,0,NA,0,0,"leaf",1,"l","i","p"
"Mastersiella digitata","Mastersiella digitata","RESTIONACEAE","Mastersiella digitata","Gilg-Ben.","Restionaceae",1,0,"Perennial",0,1,1,0,0,0,0,0,0,"Mar","Sep",NA,NA,100,0,0,1,0,0,0,0,0,0,0,0,0,0,0,0,0,"leaf",1,0,0,0,0,0,29.22,1,1,"culm_stem",2,"h","w","i"
"Mastersiella purpurea","Mastersiella purpurea","RESTIONACEAE","Mastersiella purpurea","(Pillans) H.P.Linder","Restionaceae",1,0,"Perennial",0,1,1,0,0,0,0,0,0,"Feb","Feb",NA,NA,100,0,0,1,0,0,0,0,0,0,0,0,0,0,0,0,0,"leaf",1,0,0,0,0,0,50.45,1,1,"culm_stem",2,"h","w","i"
"Mastersiella spathulata","Mastersiella spathulata","RESTIONACEAE","Mastersiella spathulata","(Pillans) H.P.Linder","Restionaceae",1,0,"Perennial",0,1,1,0,0,0,0,1,0,"Sep","Sep",NA,NA,100,0,0,1,0,0,0,0,0,0,0,0,0,0,0,0,0,"leaf",1,0,0,0,0,0,NA,1,1,"culm_stem",2,"h","w","i"
"Maurocenia frangula","Maurocenia frangula","CELASTRACEAE","Maurocenia frangula","Mill.","Celastraceae",1,0,"Perennial",1,0,1,0,0,0,0,1,0,"Jan","May",NA,NA,500,0,0,0,0,0,1,1,0,0,0,0,0,0,0,0,0,"leaf",0,0,1,0,0,0,4.666666667,0,0,"leaf",3,"m","i","m"
"Maytenus acuminata","Maytenus acuminata","CELASTRACEAE","Maytenus acuminata","(L.f.) Loes.","Celastraceae",1,0,"Perennial",1,0,1,0,0,0,0,0,0,"May","Jan",NA,NA,1000,0,0,0,0,0,0,1,0,0,0,0,0,0,0,0,0,"leaf",0,1,1,0,0,0,6.18,0,0,"leaf",3,"m","i","m"
"Maytenus lucida","Maytenus lucida","CELASTRACEAE","Maytenus lucida","(L.) Loes.","Celastraceae",1,0,"Perennial",1,0,1,0,0,0,0,1,0,"Jun","Jan",NA,NA,150,0,0,0,0,1,0,0,0,0,0,0,0,0,0,0,0,"leaf",0,0,1,0,0,0,3.666666667,0,0,"leaf",3,"m","i","m"
"Maytenus oleoides","Maytenus oleoides","CELASTRACEAE","Maytenus oleoides","(Lam.) Loes.","Celastraceae",1,0,"Perennial",1,0,1,0,0,0,0,1,0,"Apr","Sep",NA,NA,400,0,0,0,0,0,0,1,0,0,0,0,0,0,0,0,0,"leaf",0,1,1,0,0,0,2.8,0,0,"leaf",3,"h","i","m"
"Maytenus undata","Maytenus undata","CELASTRACEAE","Maytenus undata","(Thunb.) Blakelock","Celastraceae",1,0,"Perennial",1,0,1,0,0,0,0,0,0,"Nov","Mar",NA,NA,1000,0,0,0,0,0,0,1,0,0,0,0,0,0,0,0,0,"leaf",0,0,1,0,0,0,NA,0,0,"leaf",3,"h","i","m"
"Melianthus major","Melianthus major","MELIANTHACEAE","Melianthus major","L.","Francoaceae",1,0,"Perennial",1,0,1,0,0,0,0,1,0,"Aug","Sep",NA,NA,200,0,0,0,0,0,1,0,0,0,0,0,0,0,0,0,0,"leaf",0,0,1,1,0,0,15.56,0,0,"leaf",2,"m","m","p"
"Melica racemosa","Melica racemosa","POACEAE","Melica racemosa","Thunb.","Poaceae",1,0,"Perennial",1,0,1,0,0,1,0,1,0,"Oct","Mar",NA,NA,100,0,0,1,0,0,0,0,0,0,0,0,0,0,0,0,0,"leaf",1,0,0,0,0,0,NA,0,0,"leaf",2,"h","w","i"
"Melinis nerviglumis","Melinis nerviglumis","POACEAE","Melinis nerviglumis","(Franch.) Zizka","Poaceae",1,0,"Perennial",1,0,1,0,0,1,0,0,0,"Nov","Dec",NA,NA,80,0,0,1,0,0,0,0,0,0,0,0,0,0,0,0,0,"leaf",1,0,0,0,0,0,NA,0,0,"leaf",2,"h","w","w"
"Melinis repens","Melinis repens","POACEAE","Melinis repens","(Willd.) Zizka","Poaceae",1,1,"Both",1,0,1,0,0,1,0,0,0,"Oct","Feb",NA,NA,80,0,0,1,0,0,0,0,0,0,0,0,0,0,0,0,0,"leaf",1,0,0,0,0,0,9.248333333,0,0,"leaf",1,"h","w","w"
"Melolobium candicans","Melolobium candicans","FABACEAE","Melolobium candicans","Eckl. & Zeyh.","Fabaceae",1,0,"Perennial",1,0,1,0,0,0,0,0,0,"May","Jan",NA,NA,60,0,0,0,1,0,0,0,0,0,0,0,0,0,0,0,0,"leaf",0,1,0,1,0,0,NA,0,0,"leaf",2,"l","i","p"
"Merciera azurea","Merciera azurea","CAMPANULACEAE","Merciera azurea","Schltr.","Campanulaceae",1,0,"Perennial",1,0,1,0,0,0,0,1,0,"Nov","Feb",NA,NA,30,0,0,0,1,0,0,0,0,0,0,0,0,0,0,0,0,"leaf",1,0,0,0,0,0,1.554,0,0,"leaf",2,"m","i","p"
"Merciera brevifolia","Merciera brevifolia","CAMPANULACEAE","Merciera brevifolia","A.DC.","Campanulaceae",1,0,"Perennial",1,0,1,0,0,0,0,1,0,"Nov","Mar",NA,NA,30,0,0,0,1,0,0,0,0,0,0,0,0,0,0,0,0,"leaf",1,0,0,0,0,0,NA,0,0,"leaf",2,"m","i","p"
"Merciera tenuifolia","Merciera tenuifolia","CAMPANULACEAE","Merciera tenuifolia","A.DC.","Campanulaceae",1,0,"Perennial",1,0,1,0,0,0,0,1,0,"Dec","Mar",NA,NA,30,0,0,0,1,0,0,0,0,0,0,0,0,0,0,0,0,"leaf",1,0,0,0,0,0,0.608,0,0,"leaf",2,"m","i","p"
"Mesembryanthemum crystallinum","Mesembryanthemum crystallinum","AIZOACEAE","Mesembryanthemum crystallinum","L.","Aizoaceae",1,0,"Perennial",1,0,1,0,0,1,0,0,0,"Nov","Dec",NA,NA,20,0,0,0,1,0,0,0,1,0,0,0,0,1,1,1,0,"leaf",0,0,1,0,0,0,2.24,0,0,"leaf",0,"l","i","p"
"Metalasia brevifolia","Metalasia brevifolia","ASTERACEAE","Metalasia brevifolia","(Lam.) Levyns","Asteraceae",1,0,"Perennial",1,0,1,0,0,0,0,0,0,"Sep","Dec",NA,NA,100,0,0,0,1,0,0,0,0,0,0,0,0,0,0,0,0,"leaf",1,1,0,0,0,0,0.766666667,0,0,"leaf",2,"h","i","w"
"Metalasia capitata","Metalasia capitata","ASTERACEAE","Metalasia capitata","Less.","Asteraceae",1,0,"Perennial",1,0,1,0,0,0,0,0,0,"Aug","Sep",NA,NA,60,0,0,0,1,0,0,0,0,0,0,0,0,0,0,0,0,"leaf",1,0,0,0,0,0,NA,0,0,"leaf",2,"h","i","w"
"Metalasia cephalotes","Metalasia cephalotes","ASTERACEAE","Metalasia cephalotes","Less.","Asteraceae",1,0,"Perennial",1,0,1,0,0,0,0,0,0,"Aug","Nov",NA,NA,100,0,0,0,1,0,0,0,0,0,0,0,0,0,0,0,0,"leaf",1,1,0,0,0,0,0.59,0,0,"leaf",2,"h","i","w"
"Metalasia densa","Metalasia densa","ASTERACEAE","Metalasia densa","(Lam.) P.O.Karis","Asteraceae",1,0,"Perennial",1,0,1,0,0,0,0,0,0,"Jun","Oct",NA,NA,250,0,0,0,0,0,1,0,0,0,0,0,0,0,0,0,0,"leaf",0,1,1,0,0,0,0.597333333,0,0,"leaf",2,"h","i","w"
"Metalasia dregeana","Metalasia dregeana","ASTERACEAE","Metalasia dregeana","DC.","Asteraceae",1,0,"Perennial",1,0,1,0,0,0,0,0,0,"Mar","Apr",NA,NA,250,0,0,0,0,0,1,0,0,0,0,0,0,0,0,0,0,"leaf",0,1,1,0,0,0,0.73,0,0,"leaf",2,"h","i","w"
"Metalasia fastigiata","Metalasia fastigiata","ASTERACEAE","Metalasia fastigiata","D.Don","Asteraceae",1,0,"Perennial",1,0,1,0,0,0,0,0,0,"Aug","Dec",NA,NA,150,0,0,0,0,1,0,0,0,0,0,0,0,0,0,0,0,"leaf",1,1,0,0,0,0,NA,0,0,"leaf",2,"h","i","w"
"Metalasia galpinii","Metalasia galpinii","ASTERACEAE","Metalasia galpinii","L.Bolus","Asteraceae",1,0,"Perennial",1,0,1,0,0,0,0,0,0,"Nov","Dec",NA,NA,120,0,0,0,0,1,0,0,0,0,0,0,0,0,0,0,0,"leaf",1,0,0,0,0,0,1.21,0,0,"leaf",2,"h","i","w"
"Metalasia lichtensteinii","Metalasia lichtensteinii","ASTERACEAE","Metalasia lichtensteinii","Less.","Asteraceae",1,0,"Perennial",1,0,1,0,0,0,0,1,0,"Aug","Jan",NA,NA,150,0,0,0,0,1,0,0,0,0,0,0,0,0,0,0,0,"leaf",1,1,0,0,0,0,0.476,0,0,"leaf",2,"h","i","w"
"Metalasia massonii","Metalasia massonii","ASTERACEAE","Metalasia massonii","S.Moore","Asteraceae",1,0,"Perennial",1,0,1,0,0,0,0,0,0,"Aug","Oct",NA,NA,250,0,0,0,0,0,1,0,0,0,0,0,0,0,0,0,0,"leaf",1,0,0,0,0,0,0.545,0,0,"leaf",2,"h","i","w"
"Metalasia muricata","Metalasia muricata","ASTERACEAE","Metalasia muricata","(L.) D.Don","Asteraceae",1,0,"Perennial",1,0,1,0,0,0,0,0,0,"May","Sep",NA,NA,250,0,0,0,0,0,1,0,0,0,0,0,0,0,0,0,0,"leaf",0,1,1,0,0,0,0.521428571,0,0,"leaf",2,"h","i","w"
"Metalasia pallida","Metalasia pallida","ASTERACEAE","Metalasia pallida","Bolus","Asteraceae",1,0,"Perennial",1,0,1,0,0,0,0,0,0,"Aug","Nov",NA,NA,200,0,0,0,0,0,1,0,0,0,0,0,0,0,0,0,0,"leaf",1,0,0,0,0,0,NA,0,0,"leaf",2,"h","i","w"
"Metalasia pungens","Metalasia pungens","ASTERACEAE","Metalasia pungens","D.Don","Asteraceae",1,0,"Perennial",1,0,1,0,0,0,0,0,0,"Apr","Jul",NA,NA,250,0,0,0,0,0,1,0,0,0,0,0,0,0,0,0,0,"leaf",1,1,0,0,0,0,0.602142857,0,0,"leaf",2,"h","i","w"
"Metalasia trivialis","Metalasia trivialis","ASTERACEAE","Metalasia trivialis","P.O.Karis","Asteraceae",1,0,"Perennial",1,0,1,0,0,0,0,0,0,"Sep","Dec",NA,NA,300,0,0,0,0,0,1,0,0,0,0,0,0,0,0,0,0,"leaf",1,0,0,0,0,0,NA,0,0,"leaf",2,"h","i","w"
"Metrosideros angustifolia","Metrosideros angustifolia","MYRTACEAE","Metrosideros angustifolia","(L.) Sm.","Myrtaceae",1,0,"Perennial",1,0,1,0,0,0,0,1,0,"Dec","Feb",NA,NA,500,0,0,0,0,0,0,1,0,0,0,0,0,0,0,0,0,"leaf",0,0,1,0,0,0,6.35,0,0,"leaf",3,"h","i","p"
"Microdon dubius","Microdon dubius","SCROPHULARIACEAE","Microdon dubius","(L.) Hilliard","Scrophulariaceae",1,0,"Perennial",1,0,1,0,0,0,0,0,0,"Sep","Jan",NA,NA,70,0,0,0,1,0,0,0,0,0,0,0,0,0,0,0,0,"leaf",1,0,0,0,0,0,1.0625,0,0,"leaf",0,"m","i","p"
"Microloma tenuifolium","Microloma tenuifolium","APOCYNACEAE","Microloma tenuifolium","(L.) K.Schum.","Apocynaceae",1,0,"Perennial",1,0,0,1,1,1,0,1,0,"Jun","Nov",NA,NA,100,0,0,0,0,0,0,0,0,1,0,0,1,0,0,0,0,"leaf",1,0,0,0,0,0,NA,0,0,"leaf",2,"l","i","w"
"Mimetes cucullatus","Mimetes cucullatus","PROTEACEAE","Mimetes cucullatus","(L.) R.Br.","Proteaceae",1,0,"Perennial",1,0,1,0,0,0,0,1,0,"Aug","Mar",NA,NA,140,0,0,0,0,1,0,0,0,0,0,0,0,0,0,0,0,"leaf",0,0,1,0,0,0,4.24,0,0,"leaf",3,"h","m","i"
"Mimetes fimbriifolius","Mimetes fimbriifolius","PROTEACEAE","Mimetes fimbriifolius","Knight","Proteaceae",1,0,"Perennial",1,0,1,0,0,0,0,1,0,"Jul","Dec",NA,NA,400,0,0,0,0,0,0,1,0,0,0,0,0,0,0,0,0,"leaf",0,0,1,0,0,0,7.266666667,0,0,"leaf",3,"h","m","i"
"Mimetes splendidus","Mimetes splendidus","PROTEACEAE","Mimetes splendidus","Knight","Proteaceae",1,0,"Perennial",1,0,1,0,0,0,0,1,0,"May","Jul",NA,NA,300,0,0,0,0,0,1,0,0,0,0,0,0,0,0,0,0,"leaf",0,1,1,0,0,0,NA,0,0,"leaf",2,"h","m","i"
"Mohria caffrorum","Mohria caffrorum","ANEMIACEAE","Anemia afrorum","(L.) Christenh.","Anemiaceae",1,0,"Perennial",1,0,1,0,0,0,0,1,0,NA,NA,NA,NA,20,1,0,0,0,0,0,0,0,0,0,0,0,0,0,0,0,"frond",1,0,0,1,0,1,NA,0,0,"leaf",2,"m","w","w"
"Monopsis lutea","Monopsis lutea","CAMPANULACEAE","Monopsis lutea","Urb.","Campanulaceae",1,0,"Perennial",1,0,1,0,0,1,0,0,0,"Nov","Apr",NA,NA,60,1,0,0,0,0,0,0,0,0,0,0,0,0,0,0,0,"leaf",1,0,1,0,0,0,1.766666667,0,0,"leaf",2,"l","i","p"
"Monsonia emarginata","Monsonia emarginata","GERANIACEAE","Monsonia emarginata","L'Hér.","Geraniaceae",1,1,"Both",1,0,1,0,0,0,0,0,0,"Sep","Mar",NA,NA,15,0,0,0,0,0,0,0,0,0,0,0,1,0,0,0,0,"leaf",0,0,1,0,0,0,1.533333333,0,0,"leaf",1,"l","i","w"
"Montinia caryophyllacea","Montinia caryophyllacea","MONTINIACEAE","Montinia caryophyllacea","Thunb.","Montiniaceae",1,0,"Perennial",0,1,0,1,0,0,0,1,0,"May","Oct",NA,NA,150,0,0,0,0,1,0,0,0,0,0,0,0,0,0,0,0,"leaf",0,1,0,0,0,0,3.587272727,1,1,"culm_stem",3,"h","i","w"
"Moraea fugax","Moraea fugax","IRIDACEAE","Moraea fugax","(D.Delaroche) Jacq.","Iridaceae",1,0,"Perennial",1,0,0,1,1,1,0,1,0,"Aug","Nov",NA,NA,80,0,1,0,0,0,0,0,0,0,0,0,0,0,0,0,0,"leaf",1,0,0,0,0,0,NA,0,0,"leaf",2,"l","i","w"
"Moraea tripetala","Moraea tripetala","IRIDACEAE","Moraea tripetala","(L.f.) Ker Gawl.","Iridaceae",1,0,"Perennial",1,0,0,1,1,1,0,1,0,"Aug","Sep",NA,NA,45,0,1,0,0,0,0,0,0,0,0,0,0,0,0,0,0,"leaf",1,0,0,0,0,0,NA,0,0,"leaf",2,"l","i","w"
"Morella cordifolia","Morella cordifolia","MYRICACEAE","Myrica cordifolia","L.","Myricaceae",1,0,"Perennial",0,1,1,0,0,0,0,1,0,"May","Aug",NA,NA,300,0,0,0,0,0,1,0,0,0,0,0,0,0,0,0,0,"leaf",0,0,1,0,0,0,0.81,0,0,"leaf",3,"h","i","p"
"Morella diversifolia","Morella diversifolia","MYRICACEAE","Morella diversifolia","Killick","Myricaceae",1,0,"Perennial",0,1,1,0,0,0,0,1,0,"Aug","Sep",NA,NA,100,0,0,0,1,0,0,0,0,0,0,0,0,0,0,0,0,"leaf",0,0,1,0,0,0,NA,0,0,"leaf",3,"h","i","p"
"Morella humilis","Morella humilis","MYRICACEAE","Myrica humilis","Cham.","Myricaceae",1,0,"Perennial",0,1,1,0,0,0,0,1,0,"Jul","Nov",NA,NA,100,0,0,0,1,0,0,0,0,0,0,0,0,0,0,0,0,"leaf",0,0,1,0,0,0,NA,0,0,"leaf",3,"h","i","p"
"Morella kraussiana","Morella kraussiana","MYRICACEAE","Myrica kraussiana","Buchinger","Myricaceae",1,0,"Perennial",0,1,1,0,0,0,0,1,0,"Aug","Oct",NA,NA,100,0,0,0,1,0,0,0,0,0,0,0,0,0,0,0,0,"leaf",0,0,1,0,0,0,4.5,0,0,"leaf",3,"h","i","p"
"Morella quercifolia","Morella quercifolia","MYRICACEAE","Myrica quercifolia","L.","Myricaceae",1,0,"Perennial",0,1,1,0,0,0,0,1,0,"Jul","Sep",NA,NA,60,0,0,0,1,0,0,0,0,0,0,0,0,0,0,0,0,"leaf",0,0,1,0,1,1,2.992857143,0,0,"leaf",3,"h","i","p"
"Morella serrata","Morella serrata","MYRICACEAE","Myrica serrata","Lam.","Myricaceae",1,0,"Perennial",0,1,1,0,0,0,0,1,0,"Aug","Dec",NA,NA,300,0,0,0,0,0,1,1,0,0,0,0,0,0,0,0,0,"leaf",0,0,1,0,1,1,7.1375,0,0,"leaf",3,"h","i","p"
"Muraltia acipetala","Muraltia acipetala","POLYGALACEAE","Muraltia acipetala","Harv.","Polygalaceae",1,0,"Perennial",1,0,1,0,0,1,0,0,0,"Sep","Nov",NA,NA,15,0,0,0,1,0,0,0,0,0,0,0,0,0,0,0,0,"leaf",1,0,0,0,0,0,NA,0,0,"leaf",2,"h","i","i"
"Muraltia alopecuroides","Muraltia alopecuroides","POLYGALACEAE","Muraltia alopecuroides","DC.","Polygalaceae",1,0,"Perennial",1,0,1,0,0,1,0,0,0,"Oct","Dec",NA,NA,100,0,0,0,1,0,0,0,0,0,0,0,0,0,0,0,0,"leaf",0,0,1,0,0,0,0.693,0,0,"leaf",2,"h","i","i"
"Muraltia ciliaris","Muraltia ciliaris","POLYGALACEAE","Muraltia ciliaris","DC.","Polygalaceae",1,0,"Perennial",1,0,1,0,0,1,0,0,0,"Apr","Dec",NA,NA,30,0,0,0,1,0,0,0,0,0,0,0,0,0,0,0,0,"leaf",0,1,0,0,0,0,0.63,0,0,"leaf",2,"h","i","i"
"Muraltia demissa","Muraltia demissa","POLYGALACEAE","Muraltia demissa","Wolley-Dod","Polygalaceae",1,0,"Perennial",1,0,1,0,0,1,0,0,0,"Aug","Nov",NA,NA,30,0,0,0,1,0,0,0,0,0,0,0,0,0,0,0,0,"leaf",1,0,0,0,0,0,NA,0,0,"leaf",2,"h","i","i"
"Muraltia depressa","Muraltia depressa","POLYGALACEAE","Muraltia depressa","Burch. ex DC.","Polygalaceae",1,0,"Perennial",1,0,1,0,0,1,0,0,0,"Sep","Nov",NA,NA,25,0,0,0,1,0,0,0,0,0,0,0,0,0,0,0,0,"leaf",0,1,1,0,0,0,NA,0,0,"leaf",2,"h","i","i"
"Muraltia ericaefolia","Muraltia ericifolia","POLYGALACEAE","Muraltia ericaefolia","DC.","Polygalaceae",1,0,"Perennial",1,0,1,0,0,1,0,0,0,"Dec","Jan",NA,NA,70,0,0,0,1,0,0,0,0,0,0,0,0,0,0,0,0,"leaf",0,0,1,0,0,0,0.764,0,0,"leaf",2,"h","i","i"
"Muraltia ericoides","Muraltia ericoides","POLYGALACEAE","Muraltia ericoides","Steud.","Polygalaceae",1,0,"Perennial",1,0,1,0,0,1,0,0,0,"Aug","Apr",NA,NA,40,0,0,0,1,0,0,0,0,0,0,0,0,0,0,0,0,"leaf",1,0,1,0,0,0,0.65,0,0,"leaf",2,"h","i","i"
"Muraltia filiformis","Muraltia filiformis","POLYGALACEAE","Muraltia filiformis","DC.","Polygalaceae",1,0,"Perennial",1,0,1,0,0,1,0,0,0,"Sep","Dec",NA,NA,30,0,0,0,1,0,0,0,0,0,0,0,0,0,0,0,0,"leaf",1,1,0,0,0,0,NA,0,0,"leaf",2,"h","i","i"
"Muraltia heisteria","Muraltia heisteria","POLYGALACEAE","Muraltia heisteria","DC.","Polygalaceae",1,0,"Perennial",1,0,1,0,0,1,0,0,0,"Oct","Dec",NA,NA,100,0,0,0,1,0,0,0,0,0,0,0,0,0,0,0,0,"leaf",0,1,0,0,0,0,0.836,0,0,"leaf",2,"h","i","i"
"Muraltia juniperifolia","Muraltia juniperifolia","POLYGALACEAE","Muraltia juniperifolia","DC.","Polygalaceae",1,0,"Perennial",1,0,1,0,0,1,0,1,0,"May","Oct",NA,NA,50,0,0,0,1,0,0,0,0,0,0,0,0,0,0,0,0,"leaf",1,0,0,0,0,0,0.823333333,0,0,"leaf",2,"h","i","i"
"Muraltia pageae","Muraltia pageae","POLYGALACEAE","Muraltia pageae","Levyns","Polygalaceae",1,0,"Perennial",1,0,1,0,0,1,0,0,0,"Apr","May",NA,NA,30,0,0,0,1,0,0,0,0,0,0,0,0,0,0,0,0,"leaf",0,0,1,0,0,0,0.625,0,0,"leaf",2,"h","i","i"
"Muraltia pauciflora","Muraltia pauciflora","POLYGALACEAE","Muraltia pauciflora","DC.","Polygalaceae",1,0,"Perennial",1,0,1,0,0,1,0,0,0,"Nov","Jan",NA,NA,30,0,0,0,1,0,0,0,0,0,0,0,0,0,0,0,0,"leaf",1,0,0,0,0,0,NA,0,0,"leaf",2,"m","i","i"
"Muraltia rhamnoides","Muraltia rhamnoides","POLYGALACEAE","Muraltia rhamnoides","Chodat","Polygalaceae",1,0,"Perennial",1,0,1,0,0,1,0,0,0,"Aug","Nov",NA,NA,60,0,0,0,1,0,0,0,0,0,0,0,0,0,0,0,0,"leaf",1,1,0,0,0,0,NA,0,0,"leaf",2,"h","i","i"
"Muraltia rosmarinifolia","Muraltia rosmarinifolia","POLYGALACEAE","Muraltia rosmarinifolia","Levyns","Polygalaceae",1,0,"Perennial",1,0,1,0,0,1,0,0,0,"Nov","Jan",NA,NA,25,0,0,0,1,0,0,0,0,0,0,0,0,0,0,0,0,"leaf",1,1,0,0,0,0,0.576,0,0,"leaf",2,"h","i","i"
"Muraltia satureioides","Muraltia satureioides","POLYGALACEAE","Muraltia satureioides","Burch. ex DC.","Polygalaceae",1,0,"Perennial",1,0,1,0,0,1,0,0,0,"Sep","Oct",NA,NA,60,0,0,0,1,0,0,0,0,0,0,0,0,0,0,0,0,"leaf",1,0,1,0,0,0,NA,0,0,"leaf",2,"h","i","i"
"Muraltia spinosa","Nylandtia spinosa","POLYGALACEAE","Muraltia spinosa","(L.) F.Forest & J.C.Manning","Polygalaceae",1,0,"Perennial",1,0,1,0,0,1,0,0,0,"Jun","Jul",NA,NA,100,0,0,0,1,0,0,0,0,0,0,0,0,0,0,0,0,"leaf",0,0,1,0,0,0,0.6625,0,0,"leaf",2,"h","i","i"
"Muraltia squarrosa","Muraltia squarrosa","POLYGALACEAE","Muraltia squarrosa","DC.","Polygalaceae",1,0,"Perennial",1,0,1,0,0,1,0,0,0,"Oct","May",NA,NA,100,0,0,0,1,0,0,0,0,0,0,0,0,0,0,0,0,"leaf",0,0,1,0,0,0,0.688333333,0,0,"leaf",2,"h","i","i"
"Muraltia thunbergii","Muraltia thunbergii","POLYGALACEAE","Muraltia thunbergii","Eckl. & Zeyh.","Polygalaceae",1,0,"Perennial",1,0,1,0,0,1,0,0,0,"Sep","Dec",NA,NA,40,0,0,0,1,0,0,0,0,0,0,0,0,0,0,0,0,"leaf",0,1,0,0,0,0,0.566666667,0,0,"leaf",2,"h","i","i"
"Myrsine africana","Myrsine africana","MYRSINACEAE","Myrsine africana","L.","Primulaceae",1,0,"Perennial",0,1,1,0,0,0,0,1,0,"Jan","Dec",NA,NA,300,0,0,0,0,0,1,0,0,0,0,0,0,0,0,0,0,"leaf",0,0,1,0,0,0,1.38,0,0,"leaf",3,"h","i","m"
"Nanobubon strictum","Peucedanum strictum","APIACEAE","Nanobubon strictum","(Spreng.) Magee","Apiaceae",1,0,"Perennial",1,0,1,0,0,1,0,1,0,"Dec","Feb",NA,NA,60,1,0,0,0,0,0,0,0,0,0,0,0,0,0,0,0,"leaf",1,0,0,1,0,1,NA,0,1,"mixed",2,"m","i","w"
"Neesenbeckia punctoria","Neesenbeckia punctoria","CYPERACEAE","Neesenbeckia punctoria","(Vahl) Levyns","Cyperaceae",1,0,"Perennial",1,0,1,0,0,0,0,1,0,"Mar","Apr",NA,NA,200,0,0,1,0,0,0,0,0,0,0,0,0,0,0,0,0,"leaf",1,0,0,0,0,0,83.56,1,1,"culm_stem",3,"h","w","p"
"Nemesia barbata","Nemesia barbata","SCROPHULARIACEAE","Nemesia barbata","(Thunb.) Benth.","Scrophulariaceae",0,1,"Annual",1,0,0,1,1,1,1,0,0,"Aug","Oct",NA,NA,30,1,0,0,0,0,0,0,0,0,0,0,0,0,0,0,0,"leaf",0,0,1,0,0,0,NA,0,0,"leaf",0,"l","i","p"
"Nemesia fruticans","Nemesia fruticans","SCROPHULARIACEAE","Nemesia fruticans","(Thunb.) Benth.","Scrophulariaceae",1,0,"Perennial",1,0,1,0,0,1,0,0,0,"Sep","Nov",NA,NA,40,0,0,0,1,0,0,0,0,0,0,0,0,0,0,0,0,"leaf",0,1,0,0,0,0,NA,0,0,"leaf",1,"l","i","p"
"Nemesia ligulata","Nemesia ligulata","SCROPHULARIACEAE","Nemesia ligulata","E.Mey. ex Benth.","Scrophulariaceae",0,1,"Annual",1,0,0,1,0,1,0,0,0,"Aug","Oct",NA,NA,40,1,0,0,0,0,0,0,0,0,0,0,0,0,0,0,0,"leaf",0,1,0,0,0,0,NA,0,0,"leaf",0,"l","i","p"
"Nenax acerosa","Nenax acerosa","RUBIACEAE","Nenax acerosa","Gaertn.","Rubiaceae",1,0,"Perennial",0,1,1,0,0,0,0,0,0,"Jul","Nov",NA,NA,40,0,0,0,1,0,0,0,0,0,0,0,0,0,0,0,0,"leaf",1,0,0,0,0,0,NA,0,0,"leaf",2,"m","w","p"
"Nevillea obtusissima","Nevillea obtusissima","RESTIONACEAE","Nevillea obtusissima","(Steud.) H.P.Linder","Restionaceae",1,0,"Perennial",0,1,1,0,0,0,0,1,0,"Feb","Mar",NA,NA,150,0,0,1,0,0,0,0,0,0,0,0,0,0,0,0,0,"leaf",1,0,0,0,0,0,52.86,1,1,"culm_stem",3,"h","i","w"
"Nivenia fruticosa","Nivenia fruticosa","IRIDACEAE","Nivenia fruticosa","(L.f.) Baker","Iridaceae",1,0,"Perennial",1,0,1,0,0,0,0,1,0,"Nov","Jan",NA,NA,20,0,0,0,1,0,0,0,0,0,0,0,0,0,0,0,0,"leaf",0,1,0,0,0,0,NA,0,0,"leaf",3,"h","i","w"
"Nivenia levynsiae","Nivenia levynsiae","IRIDACEAE","Nivenia levynsiae","Weim.","Iridaceae",1,0,"Perennial",1,0,1,0,0,0,0,1,0,"Dec","Feb",NA,NA,25,0,0,0,1,0,0,0,0,0,0,0,0,0,0,0,0,"leaf",0,1,0,0,0,0,12.6,0,0,"leaf",3,"h","i","w"
"Nivenia stokoei","Nivenia stokoei","IRIDACEAE","Nivenia stokoei","(L.Guthrie) N.E.Br.","Iridaceae",1,0,"Perennial",1,0,1,0,0,0,0,1,0,"Feb","Mar",NA,NA,60,0,0,0,1,0,0,0,0,0,0,0,0,0,0,0,0,"leaf",0,1,0,0,0,0,NA,0,0,"leaf",3,"h","i","w"
"Notobubon ferulaceum","Peucedanum ferulaceum","APIACEAE","Notobubon ferulaceum","(Thunb.) Magee","Apiaceae",1,0,"Perennial",1,0,1,0,0,0,0,0,0,"Dec","Mar",NA,NA,150,1,0,0,0,0,0,0,0,0,0,0,0,0,0,0,0,"leaf",1,0,0,1,0,1,NA,0,0,"leaf",2,"h","i","w"
"Notobubon striatum","Peucedanum striatum","APIACEAE","Notobubon striatum","(Thunb.) Magee","Apiaceae",1,0,"Perennial",1,0,1,0,0,0,0,0,0,"May","Sep",NA,NA,40,0,0,0,1,0,0,0,0,0,0,0,0,0,0,0,0,"leaf",1,0,0,1,0,0,NA,0,0,"leaf",2,"h","i","w"
"Notobubon tenuifolium","Peucedanum tenuifolium","APIACEAE","Notobubon tenuifolium","(Thunb.) Magee","Apiaceae",1,0,"Perennial",1,0,1,0,0,0,0,0,0,"Sep","Jan",NA,NA,200,0,0,0,0,0,1,0,0,0,0,0,0,0,0,0,0,"leaf",1,0,0,1,0,0,5.433333333,0,0,"leaf",2,"h","i","w"
"Nymania capensis","Nymania capensis","MELIACEAE","Nymania capensis","(Thunb.) Lindb.","Meliaceae",1,0,"Perennial",1,0,1,0,0,0,0,0,0,"Oct","Dec",NA,NA,500,0,0,0,0,0,1,0,0,0,0,0,0,0,0,0,0,"leaf",0,1,0,0,0,0,3.483333333,0,0,"leaf",3,"h","i","w"
"Ochna serrulata","Ochna serrulata","OCHNACEAE","Ochna serrulata","Walp.","Ochnaceae",1,0,"Perennial",1,0,1,1,0,0,0,0,0,"Apr","Oct",NA,NA,200,0,0,0,0,0,1,1,0,0,0,0,0,0,0,0,0,"leaf",0,0,1,0,0,0,NA,0,0,"leaf",3,"h","i","m"
"Ocotea bullata","Ocotea bullata","LAURACEAE","Ocotea bullata","(Burch.) Baill.","Lauraceae",1,0,"Perennial",1,0,1,0,0,0,0,0,0,"Dec","Feb",NA,NA,3000,0,0,0,0,0,0,1,0,0,0,0,0,0,0,0,0,"leaf",0,0,1,0,0,0,12.24,0,0,"leaf",3,"h","i","m"
"Oedera capensis","Oedera capensis","ASTERACEAE","Oedera capensis","Druce","Asteraceae",1,0,"Perennial",1,0,1,0,0,0,0,0,0,"Jun","Sep",NA,NA,30,0,0,0,1,0,0,0,0,0,0,0,0,0,0,0,0,"leaf",0,1,0,0,0,0,NA,0,0,"leaf",2,"h","i","w"
"Oedera imbricata","Oedera imbricata","ASTERACEAE","Oedera imbricata","Lam.","Asteraceae",1,0,"Perennial",1,0,1,0,0,0,0,0,0,"Aug","Nov",NA,NA,30,0,0,0,1,0,0,0,0,0,0,0,0,0,0,0,0,"leaf",0,1,1,0,0,0,1.166666667,0,0,"leaf",2,"m","i","w"
"Oedera sedifolia","Oedera sedifolia","ASTERACEAE","Oedera sedifolia","(DC.) Anderb. & K.Bremer","Asteraceae",1,0,"Perennial",1,0,1,0,0,0,0,1,0,"Aug","Dec",NA,NA,100,0,0,0,1,0,0,0,0,0,0,0,0,0,0,0,0,"leaf",0,1,1,0,0,0,0.762,0,0,"leaf",2,"m","i","w"
"Oedera squarrosa","Oedera squarrosa","ASTERACEAE","Oedera squarrosa","(L.) Anderb. & K.Bremer","Asteraceae",1,0,"Perennial",1,0,1,0,0,0,0,0,0,"Sep","Nov",NA,NA,100,0,0,0,1,0,0,0,0,0,0,0,0,0,0,0,0,"leaf",0,0,1,0,0,0,0.79,0,0,"leaf",2,"h","i","w"
"Oftia africana","Oftia africana","SCROPHULARIACEAE","Oftia africana","(L.) Bocq. ex Baill.","Scrophulariaceae",1,0,"Perennial",1,0,1,0,0,0,0,0,0,"Sep","Dec",NA,NA,100,0,0,0,1,0,0,0,0,0,0,0,0,0,0,0,0,"leaf",0,0,1,0,0,0,NA,0,0,"leaf",2,"h","i","p"
"Oldenburgia paradoxa","Oldenburgia paradoxa","ASTERACEAE","Oldenburgia paradoxa","Less.","Asteraceae",1,0,"Perennial",1,0,1,0,0,0,0,1,0,"Jan","Jun",NA,NA,30,0,0,0,1,0,0,0,0,0,0,0,0,0,0,0,0,"leaf",0,1,0,0,0,0,4.14,0,0,"leaf",3,"l","i","w"
"Olea capensis","Olea capensis","OLEACEAE","Olea capensis","L.","Oleaceae",1,0,"Perennial",1,0,1,0,0,0,0,1,0,"Feb","Dec",NA,NA,1200,0,0,0,0,0,0,1,0,0,0,0,0,0,0,0,0,"leaf",0,0,1,0,0,0,5.85,0,0,"leaf",3,"h","i","m"
"Olea europaea","Olea europaea","OLEACEAE","Olea europaea","L.","Oleaceae",1,0,"Perennial",1,0,1,0,0,0,0,1,0,"Oct","Mar",NA,NA,1400,0,0,0,0,0,0,1,0,0,0,0,0,0,0,0,0,"leaf",0,0,1,0,0,0,5.2,0,0,"leaf",3,"h","i","m"
"Olea exasperata","Olea exasperata","OLEACEAE","Olea exasperata","Jacq.","Oleaceae",1,0,"Perennial",1,0,1,0,0,0,0,1,0,"Aug","Oct",NA,NA,700,0,0,0,0,0,0,1,0,0,0,0,0,0,0,0,0,"leaf",0,1,0,0,0,0,3.74,0,0,"leaf",3,"h","i","m"
"Olinia ventosa","Olinia ventosa","OLINIACEAE","Olinia ventosa","(L.) Cufod.","Penaeaceae",1,0,"Perennial",1,0,1,0,0,0,0,0,0,"Aug","Oct",NA,NA,1000,0,0,0,0,0,0,1,0,0,0,0,0,0,0,0,0,"leaf",0,0,1,0,0,0,6.02,0,0,"leaf",3,"m","i","m"
"Ornithogalum conicum","Ornithogalum conicum","HYACINTHACEAE","Ornithogalum conicum","Jacq.","Asparagaceae",1,0,"Perennial",1,0,0,1,1,1,0,1,0,"Nov","Dec",NA,NA,80,0,1,0,0,0,0,0,0,0,0,0,0,0,0,0,0,"leaf",1,0,1,0,0,0,NA,0,0,"leaf",2,"l","i","p"
"Ornithogalum dubium","Ornithogalum dubium","HYACINTHACEAE","Ornithogalum dubium","Houtt.","Asparagaceae",1,0,"Perennial",1,0,0,1,1,1,0,1,0,"Aug","Dec",NA,NA,50,0,1,0,0,0,0,0,0,0,0,0,0,0,0,0,0,"leaf",1,0,0,0,0,0,NA,0,0,"leaf",2,"l","i","p"
"Ornithogalum juncifolium","Ornithogalum juncifolium","HYACINTHACEAE","Ornithogalum juncifolium","Jacq.","Asparagaceae",1,0,"Perennial",1,0,0,1,1,1,0,1,0,"Nov","Mar",NA,NA,40,0,1,0,0,0,0,0,0,0,0,0,0,0,0,0,0,"leaf",1,0,0,0,0,0,NA,0,0,"leaf",2,"l","i","p"
"Ornithogalum thyrsoides","Ornithogalum thyrsoides","HYACINTHACEAE","Ornithogalum thyrsoides","Jacq.","Asparagaceae",1,0,"Perennial",1,0,0,1,1,1,0,1,0,"Oct","Dec",NA,NA,80,0,1,0,0,0,0,0,0,0,0,0,0,0,0,0,0,"leaf",1,1,0,0,0,0,NA,0,0,"leaf",2,"l","i","p"
"Oscularia cedarbergensis","Oscularia cedarbergensis","AIZOACEAE","Oscularia lunata","(Willd.) H.E.K.Hartmann","Aizoaceae",1,0,"Perennial",1,0,1,0,0,1,0,0,0,"Sep","Oct",NA,NA,15,0,0,0,1,0,0,0,0,0,0,0,0,1,1,1,0,"leaf",0,1,0,0,0,0,NA,0,0,"leaf",2,"l","i","p"
"Oscularia deltoides","Oscularia deltoides","AIZOACEAE","Oscularia deltoides","(L.) Schwantes","Aizoaceae",1,0,"Perennial",1,0,1,0,0,0,0,0,0,"Oct","Dec",NA,NA,20,0,0,0,1,0,0,0,1,0,0,0,0,1,1,1,0,"leaf",0,0,1,0,0,0,1.1,0,0,"leaf",2,"l","i","p"
"Oscularia steenbergensis","Oscularia steenbergensis","AIZOACEAE","Oscularia steenbergensis","(L.Bolus) H.E.K.Hartmann","Aizoaceae",1,0,"Perennial",1,0,1,0,0,1,0,0,0,"Jun","Jul",NA,NA,10,0,0,0,1,0,0,0,0,0,0,0,0,1,1,1,0,"leaf",0,0,1,0,0,0,1.86,0,0,"leaf",2,"l","i","p"
"Osmitopsis asteriscoides","Osmitopsis asteriscoides","ASTERACEAE","Osmitopsis asteriscoides","(L.) Less.","Asteraceae",1,0,"Perennial",1,0,1,0,0,0,0,0,0,"Aug","Dec",NA,NA,200,0,0,0,0,0,1,0,0,0,0,0,0,0,0,0,0,"leaf",0,1,0,0,0,0,3.535714286,0,0,"leaf",2,"h","i","i"
"Osmitopsis osmitoides","Osmitopsis osmitoides","ASTERACEAE","Osmitopsis osmitoides","(Less.) K.Bremer","Asteraceae",1,0,"Perennial",1,0,1,0,0,0,0,0,0,"Aug","Jan",NA,NA,60,0,0,0,1,0,0,0,0,0,0,0,0,0,0,0,0,"leaf",0,1,0,0,0,0,NA,0,0,"leaf",2,"h","i","i"
"Osmitopsis parvifolia","Osmitopsis parvifolia","ASTERACEAE","Osmitopsis parvifolia","Hofmeyr","Asteraceae",1,0,"Perennial",1,0,1,0,0,0,0,0,0,"Sep","Feb",NA,NA,40,0,0,0,1,0,0,0,0,0,0,0,0,0,0,0,0,"leaf",0,0,1,0,0,0,NA,0,0,"leaf",1,"h","i","i"
"Osteospermum bidens","Osteospermum bidens","ASTERACEAE","Osteospermum bidens","Thunb.","Asteraceae",1,0,"Perennial",1,0,1,0,0,1,0,1,0,"Sep","Dec",NA,NA,60,1,0,0,0,0,0,0,0,0,0,0,0,0,0,0,0,"leaf",0,1,0,0,0,0,NA,0,0,"leaf",2,"h","i","i"
"Osteospermum connatum","Tripteris amplexicaulis","ASTERACEAE","Tripteris amplexicaulis","Less.","Asteraceae",1,0,"Perennial",1,0,1,0,0,1,0,0,0,"Sep","Nov",NA,NA,60,1,0,0,0,0,0,0,1,0,0,0,0,0,0,0,0,"leaf",0,0,1,0,0,0,NA,0,0,"leaf",2,"h","i","i"
"Osteospermum corymbosum","Osteospermum corymbosum","ASTERACEAE","Osteospermum corymbosum","L.","Asteraceae",1,0,"Perennial",1,0,1,0,0,1,0,0,0,"Aug","Feb",NA,NA,250,0,0,0,0,0,1,0,0,0,0,0,0,0,0,0,0,"leaf",0,1,0,0,0,0,NA,0,0,"leaf",2,"h","i","i"
"Osteospermum glabrum","Osteospermum glabrum","ASTERACEAE","Osteospermum glabrum","N.E.Br.","Asteraceae",1,0,"Perennial",1,0,1,0,0,1,0,1,0,"Aug","Sep",NA,NA,70,0,0,0,1,0,0,0,0,0,0,0,0,0,0,0,0,"leaf",1,0,0,0,0,0,NA,0,0,"leaf",2,"h","i","i"
"Osteospermum ilicifolium","Gibbaria ilicifolia","ASTERACEAE","Nephrotheca ilicifolia","(L.) B.Nord. & Källersjö","Asteraceae",1,0,"Perennial",1,0,1,0,0,0,0,0,0,"Aug","Mar",NA,NA,100,0,0,0,1,0,0,0,1,0,0,0,0,0,0,0,0,"leaf",0,1,1,0,0,0,3.594,0,0,"leaf",1,"h","i","i"
"Osteospermum junceum","Osteospermum junceum","ASTERACEAE","Osteospermum junceum","Thunb. ex Harv.","Asteraceae",1,0,"Perennial",1,0,1,0,0,0,0,1,0,"Jul","Jan",NA,NA,300,0,0,0,0,0,1,0,0,0,0,0,0,0,0,0,0,"leaf",0,1,0,0,0,0,7.95,0,0,"leaf",2,"h","i","i"
"Osteospermum moniliferum","Chrysanthemoides monilifera","ASTERACEAE","Chrysanthemoides monilifera","(L.) Norl.","Asteraceae",1,0,"Perennial",1,0,1,0,0,0,0,0,0,"Mar","Jul",NA,NA,250,0,0,0,0,0,0,0,0,0,0,0,1,0,0,0,0,"leaf",0,0,1,0,0,0,4.084210526,0,0,"leaf",2,"h","i","i"
"Osteospermum monstrosum","Tripteris clandestina","ASTERACEAE","Osteospermum monstrosum","(Burm.f.) J.C.Manning & Goldblatt","Asteraceae",0,1,"Annual",1,0,0,1,1,1,0,0,0,"Jul","Sep",NA,NA,40,1,0,0,0,0,0,0,0,0,0,0,0,0,0,0,0,"leaf",0,1,0,0,1,0,NA,0,0,"leaf",0,"h","i","i"
"Osteospermum polygaloides","Osteospermum polygaloides","ASTERACEAE","Osteospermum polygaloides","Thunb.","Asteraceae",1,0,"Perennial",1,0,1,0,0,1,0,1,0,"Aug","Dec",NA,NA,200,0,0,0,0,0,1,0,0,0,0,0,0,0,0,0,0,"leaf",0,0,1,0,0,0,3.164705882,0,0,"leaf",1,"h","i","i"
"Osteospermum rigidum","Osteospermum rigidum","ASTERACEAE","Osteospermum rigidum","Aiton","Asteraceae",1,0,"Perennial",1,0,1,0,0,1,0,0,0,"Aug","Sep",NA,NA,60,0,0,0,1,0,0,0,0,0,0,0,0,0,0,0,0,"leaf",0,1,1,0,1,1,7.5,0,0,"leaf",2,"h","i","i"
"Osteospermum rotundifolium","Osteospermum rotundifolium","ASTERACEAE","Osteospermum rotundifolium","(DC.) Norl.","Asteraceae",1,0,"Perennial",1,0,1,0,0,1,0,0,0,"Oct","Dec",NA,NA,200,0,0,0,0,0,1,0,0,0,0,0,0,0,0,0,0,"leaf",0,0,1,0,0,0,NA,0,0,"leaf",2,"h","i","i"
"Osteospermum scabrum","Gibbaria scabra","ASTERACEAE","Gibbaria scabra","(Thunb.) Norl.","Asteraceae",1,0,"Perennial",1,0,1,0,0,0,0,1,0,"Aug","Sep",NA,NA,20,0,0,0,1,0,0,0,0,0,0,0,0,0,0,0,0,"leaf",1,0,0,0,0,0,1.79,0,0,"leaf",2,"h","i","i"
"Osteospermum triquetrum","Osteospermum triquetrum","ASTERACEAE","Osteospermum triquetrum","L.f.","Asteraceae",1,0,"Perennial",1,0,1,0,0,1,0,1,0,"Oct","Dec",NA,NA,30,0,0,0,1,0,0,0,0,0,0,0,0,0,0,0,0,"leaf",1,0,0,0,0,0,4.76,0,0,"leaf",2,"h","i","i"
"Otholobium bracteolatum","Otholobium bracteolatum","FABACEAE","Psoralea bracteolata","Eckl. & Zeyh.","Fabaceae",1,0,"Perennial",1,0,1,0,0,0,0,0,0,"Nov","Apr",NA,NA,200,0,0,0,0,0,1,0,0,0,0,0,0,0,0,0,0,"leaf",0,0,1,1,0,0,NA,0,0,"leaf",2,"h","i","p"
"Otholobium carneum","Otholobium carneum","FABACEAE","Otholobium carneum","(Kuntze) C.H.Stirt.","Fabaceae",1,0,"Perennial",1,0,1,0,0,1,0,0,0,"Oct","Nov",NA,NA,50,0,0,0,1,0,0,0,0,0,0,0,0,0,0,0,0,"leaf",0,1,0,1,0,0,NA,0,0,"leaf",2,"h","i","p"
"Otholobium fruticans","Otholobium fruticans","FABACEAE","Psoralea fruticans","(L.) Druce","Fabaceae",1,0,"Perennial",1,0,1,0,0,0,0,0,0,"Sep","Dec",NA,NA,40,0,0,0,1,0,0,0,0,0,0,0,0,0,0,0,0,"leaf",0,0,1,1,0,0,1.7,0,0,"leaf",2,"h","i","p"
"Otholobium pictum","Otholobium pictum","FABACEAE","Psoralea picta","(C.H.Stirt.) C.H.Stirt.","Fabaceae",1,0,"Perennial",1,0,1,0,0,1,0,1,0,"Aug","Sep",NA,NA,200,0,0,0,0,0,1,0,0,0,0,0,0,0,0,0,0,"leaf",0,1,0,1,0,0,NA,0,0,"leaf",2,"h","i","p"
"Othonna arborescens","Othonna arborescens","ASTERACEAE","Othonna arborescens","L.","Asteraceae",1,0,"Perennial",1,0,1,0,0,0,0,0,0,"May","Sep",NA,NA,60,0,0,0,1,0,0,0,0,0,0,0,0,1,1,1,0,"leaf",0,1,0,0,1,0,NA,0,0,"leaf",3,"l","i","w"
"Othonna auriculifolia","Othonna auriculifolia","ASTERACEAE","Othonna auriculifolia","Licht. ex Less.","Asteraceae",1,0,"Perennial",1,0,1,0,0,0,0,1,0,"Apr","Sep",NA,NA,15,1,0,0,0,0,0,0,0,0,0,0,0,1,1,1,0,"leaf",0,1,0,0,1,1,3.6,0,0,"leaf",3,"l","i","w"
"Othonna carnosa","Othonna carnosa","ASTERACEAE","Othonna carnosa","Less.","Asteraceae",1,0,"Perennial",1,0,1,0,0,0,0,1,0,"Apr","Oct",NA,NA,10,1,0,0,0,0,0,0,0,0,0,0,0,1,1,1,0,"leaf",1,0,0,0,0,0,5.516666667,0,0,"leaf",2,"l","i","w"
"Othonna digitata","Othonna digitata","ASTERACEAE","Othonna digitata","L.f.","Asteraceae",1,0,"Perennial",1,0,1,0,0,0,0,1,0,"Jun","Oct",NA,NA,30,1,1,0,0,0,0,0,0,0,0,0,0,1,1,1,0,"leaf",0,1,0,0,1,1,7.1,0,0,"leaf",2,"l","i","w"
"Othonna perfoliata","Othonna amplexifolia","ASTERACEAE","Othonna perfoliata","Thunb.","Asteraceae",1,0,"Perennial",1,0,0,1,0,0,0,1,0,"May","Sep",NA,NA,70,1,1,0,0,0,0,0,0,0,0,0,0,1,1,1,0,"leaf",0,1,1,0,0,0,NA,0,0,"leaf",2,"l","i","w"
"Othonna quinquedentata","Othonna quinquedentata","ASTERACEAE","Othonna quinquedentata","Thunb.","Asteraceae",1,0,"Perennial",1,0,1,0,0,0,0,0,0,"Oct","Mar",NA,NA,100,0,0,0,1,0,0,0,0,0,0,0,0,0,0,0,0,"leaf",0,1,1,0,0,0,6.6,0,0,"leaf",2,"m","i","w"
"Othonna retrofracta","Othonna retrofracta","ASTERACEAE","Othonna retrofracta","Jacq.","Asteraceae",1,0,"Perennial",1,0,0,1,0,0,0,1,0,"May","Jul",NA,NA,30,0,0,0,1,0,0,0,0,0,0,0,0,1,1,1,0,"leaf",0,1,0,0,0,1,NA,0,0,"leaf",2,"l","i","w"
"Oxalis algoensis","Oxalis algoensis","OXALIDACEAE","Oxalis algoensis","Eckl. & Zeyh.","Oxalidaceae",1,0,"Perennial",1,0,0,1,1,1,0,1,0,"Jun","Sep",NA,NA,12,0,1,0,0,0,0,0,0,0,0,0,0,0,0,0,0,"leaf",0,1,0,1,0,0,NA,0,0,"leaf",2,"l","i","p"
"Oxalis obtusa","Oxalis obtusa","OXALIDACEAE","Oxalis obtusa","Jacq.","Oxalidaceae",1,0,"Perennial",1,0,0,1,1,1,0,1,0,"Jun","Oct",NA,NA,10,0,1,0,0,0,0,0,0,0,0,0,0,0,0,0,0,"leaf",0,0,1,1,0,0,NA,0,0,"leaf",2,"l","i","p"
"Oxalis purpurea","Oxalis purpurea","OXALIDACEAE","Oxalis purpurea","L.","Oxalidaceae",1,0,"Perennial",1,0,0,1,1,1,0,1,0,"May","Sep",NA,NA,5,0,1,0,0,0,0,0,0,0,0,0,0,0,0,0,0,"leaf",0,0,1,1,0,0,NA,0,0,"leaf",2,"l","i","p"
"Oxalis stellata","Oxalis stellata","OXALIDACEAE","Oxalis stellata","Eckl. & Zeyh.","Oxalidaceae",1,0,"Perennial",1,0,0,1,1,1,0,1,0,"Apr","Jun",NA,NA,9,0,1,0,0,0,0,0,0,0,0,0,0,0,0,0,0,"leaf",0,0,1,1,1,0,NA,0,0,"leaf",2,"l","i","p"
"Oxalis versicolor","Oxalis versicolor","OXALIDACEAE","Oxalis versicolor","L.","Oxalidaceae",1,0,"Perennial",1,0,0,1,1,1,0,1,0,"May","Nov",NA,NA,20,0,1,0,0,0,0,0,0,0,0,0,0,0,0,0,0,"leaf",1,0,0,1,0,0,NA,0,0,"leaf",2,"l","i","p"
"Pachycarpus dealbatus","Pachycarpus dealbatus","APOCYNACEAE","Pachycarpus dealbatus","E.Mey.","Apocynaceae",1,0,"Perennial",1,0,1,0,0,0,0,1,0,"Dec","Feb",NA,NA,50,1,0,0,0,0,0,0,0,0,0,0,0,0,0,0,0,"leaf",0,1,0,0,0,0,NA,0,0,"leaf",3,"m","i","w"
"Pachypodium bispinosum","Pachypodium bispinosum","APOCYNACEAE","Pachypodium bispinosum","A.DC.","Apocynaceae",1,0,"Perennial",1,0,1,0,0,0,0,1,0,"Aug","Dec",NA,NA,50,0,0,0,1,0,0,0,0,0,0,0,0,1,0,1,1,"leaf",0,1,0,0,0,0,NA,0,0,"leaf",3,"l","i","w"
"Pachypodium succulentum","Pachypodium succulentum","APOCYNACEAE","Pachypodium succulentum","(Jacq.) Sweet","Apocynaceae",1,0,"Perennial",1,0,1,0,0,0,0,1,0,"Sep","Dec",NA,NA,50,0,0,0,1,0,0,0,0,0,0,0,0,1,0,1,1,"leaf",0,1,0,0,0,0,2.5,0,0,"leaf",3,"l","i","w"
"Panicum maximum","Panicum maximum","POACEAE","Megathyrsus maximus","(Jacq.) B.K.Simon & S.W.L.Jacobs","Poaceae",1,0,"Perennial",1,0,1,0,0,0,0,0,0,"Jan","May",NA,NA,200,0,0,1,0,0,0,0,0,0,0,0,0,0,0,0,0,"leaf",0,1,0,0,0,0,15.56666667,0,0,"leaf",2,"m","w","w"
"Pappea capensis","Pappea capensis","SAPINDACEAE","Pappea capensis","Eckl. & Zeyh.","Sapindaceae",1,0,"Perennial",1,0,1,0,0,0,0,1,0,"Nov","Mar",NA,NA,700,0,0,0,0,0,0,1,0,0,0,0,0,0,0,0,0,"leaf",0,0,1,0,0,0,3.2,0,0,"leaf",3,"l","i","m"
"Paranomus bracteolaris","Paranomus bracteolaris","PROTEACEAE","Paranomus bracteolaris","Knight","Proteaceae",1,0,"Perennial",1,0,1,0,0,0,0,0,0,"Aug","Oct",NA,NA,250,0,0,0,0,0,1,0,0,0,0,0,0,0,0,0,0,"leaf",0,1,0,0,0,1,NA,0,0,"leaf",2,"h","i","i"
"Paranomus esterhuyseniae","Paranomus esterhuyseniae","PROTEACEAE","Paranomus esterhuysenae","Levyns","Proteaceae",1,0,"Perennial",1,0,1,0,0,0,0,0,0,"Aug","Nov",NA,NA,70,0,0,0,1,0,0,0,0,0,0,0,0,0,0,0,0,"leaf",0,1,0,0,0,1,4.466666667,0,0,"leaf",2,"h","i","i"
"Paranomus spathulatus","Paranomus spathulatus","PROTEACEAE","Paranomus spathulatus","Kuntze","Proteaceae",1,0,"Perennial",1,0,1,0,0,0,0,0,0,"May","Dec",NA,NA,250,0,0,0,0,0,1,0,0,0,0,0,0,0,0,0,0,"leaf",0,0,1,0,0,1,3.2,0,0,"leaf",2,"h","i","i"
"Paranomus tomentosus","Paranomus tomentosus","PROTEACEAE","Paranomus tomentosus","(E.Phillips & Hutch.) N.E.Br.","Proteaceae",1,0,"Perennial",1,0,1,0,0,0,0,0,0,"Aug","Oct",NA,NA,300,0,0,0,0,0,1,0,0,0,0,0,0,0,0,0,0,"leaf",0,1,0,0,0,1,4.32,0,0,"leaf",2,"h","i","i"
"Passerina corymbosa","Passerina vulgaris","THYMELAEACEAE","Passerina corymbosa","Eckl. ex C.H.Wright","Thymelaeaceae",1,0,"Perennial",1,0,1,0,0,0,0,0,0,"Oct","Nov",NA,NA,200,0,0,0,0,0,1,0,0,0,0,0,0,0,0,0,0,"leaf",1,0,0,0,0,0,0.460909091,0,0,"leaf",2,"h","w","p"
"Passerina obtusifolia","Passerina obtusifolia","THYMELAEACEAE","Passerina obtusifolia","Thoday","Thymelaeaceae",1,0,"Perennial",1,0,1,0,0,0,0,0,0,"Oct","Nov",NA,NA,150,0,0,0,0,1,1,0,0,0,0,0,0,0,0,0,0,"leaf",1,1,0,0,0,0,0.702173913,0,0,"leaf",2,"h","w","p"
"Passerina paleacea","Passerina paleacea","THYMELAEACEAE","Passerina paleacea","Wikstr.","Thymelaeaceae",1,0,"Perennial",1,0,1,0,0,0,0,0,0,"Oct","Nov",NA,NA,100,0,0,0,1,0,0,0,0,0,0,0,0,0,0,0,0,"leaf",1,1,1,0,0,0,0.38,0,0,"leaf",2,"h","w","p"
"Passerina rigida","Passerina rigida","THYMELAEACEAE","Passerina rigida","Wikstr.","Thymelaeaceae",1,0,"Perennial",1,0,1,0,0,0,0,0,0,"Nov","Nov",NA,NA,200,0,0,0,0,0,1,0,0,0,0,0,0,0,0,0,0,"leaf",1,1,0,0,0,0,NA,0,0,"leaf",2,"h","w","p"
"Passerina truncata","Passerina glomerata","THYMELAEACEAE","Passerina truncata","(Meisn.) Bredenk. & A.E.van Wyk","Thymelaeaceae",1,0,"Perennial",1,0,1,0,0,0,0,0,0,"Oct","Nov",NA,NA,70,0,0,0,1,0,0,0,0,0,0,0,0,0,0,0,0,"leaf",0,1,1,0,0,0,0.272,0,0,"leaf",2,"h","w","p"
"Pegolettia baccaridifolia","Pegolettia baccaridifolia","ASTERACEAE","Pegolettia baccharidifolia","Less.","Asteraceae",1,0,"Perennial",1,0,1,0,0,0,0,0,0,"Jul","Nov",NA,NA,30,0,0,0,1,0,0,0,0,0,0,0,0,0,0,0,0,"leaf",0,0,1,0,0,0,1.5,0,0,"leaf",2,"h","i","w"
"Pelargonium alchemilloides","Pelargonium alchemilloides","GERANIACEAE","Pelargonium alchemilloides","(L.) L'Hér.","Geraniaceae",1,0,"Perennial",1,0,1,0,0,0,0,1,0,"Sep","Nov",NA,NA,20,1,0,0,0,0,0,0,0,0,0,0,0,0,0,0,0,"leaf",0,0,1,0,1,0,NA,0,0,"leaf",2,"m","i","w"
"Pelargonium alternans","Pelargonium alternans","GERANIACEAE","Pelargonium alternans","J.C.Wendl.","Geraniaceae",1,0,"Perennial",1,0,1,0,0,0,0,0,0,"Apr","Jan",NA,NA,40,0,0,0,1,0,0,0,0,0,0,0,0,1,0,1,0,"leaf",0,0,1,0,1,1,1.46,0,0,"leaf",2,"m","i","w"
"Pelargonium betulinum","Pelargonium betulinum","GERANIACEAE","Pelargonium betulinum","(L.) L'Hér.","Geraniaceae",1,0,"Perennial",1,0,1,0,0,0,0,0,0,"Aug","Jan",NA,NA,50,0,0,0,1,0,0,0,0,0,0,0,0,0,0,0,0,"leaf",0,0,1,0,0,0,1.933333333,0,0,"leaf",2,"h","i","w"
"Pelargonium candicans","Pelargonium candicans","GERANIACEAE","Pelargonium candicans","Spreng.","Geraniaceae",1,0,"Perennial",1,0,1,0,0,0,0,0,0,"Sep","Nov",NA,NA,30,0,0,0,1,0,0,0,0,0,0,0,0,0,0,0,0,"leaf",0,0,1,0,1,1,2.52,0,0,"leaf",2,"l","i","w"
"Pelargonium capitatum","Pelargonium capitatum","GERANIACEAE","Pelargonium capitatum","(L.) L'Hér.","Geraniaceae",1,0,"Perennial",1,0,1,0,0,0,0,0,0,"Sep","Oct",NA,NA,50,0,0,0,1,0,0,0,1,0,0,0,0,0,0,0,0,"leaf",0,0,1,0,1,0,5.036363636,0,0,"leaf",2,"m","i","w"
"Pelargonium caucalifolium","Pelargonium caucalifolium","GERANIACEAE","Pelargonium caucalifolium","Jacq.","Geraniaceae",1,0,"Perennial",1,0,1,0,0,0,0,0,0,"Oct","Apr",NA,NA,50,0,0,0,1,0,0,0,1,0,0,0,0,0,0,0,0,"leaf",0,0,1,0,1,0,NA,0,0,"leaf",2,"m","i","w"
"Pelargonium cordifolium","Pelargonium cordifolium","GERANIACEAE","Pelargonium cordifolium","Curtis","Geraniaceae",1,0,"Perennial",1,0,1,0,0,0,0,0,0,"Aug","Jan",NA,NA,100,0,0,0,1,0,0,0,0,0,0,0,0,0,0,0,0,"leaf",0,0,1,0,0,0,NA,0,0,"leaf",2,"m","i","w"
"Pelargonium coronopifolium","Pelargonium coronopifolium","GERANIACEAE","Pelargonium coronopifolium","Jacq.","Geraniaceae",1,0,"Perennial",1,0,1,0,0,0,0,1,0,"Sep","Mar",NA,NA,20,1,0,0,0,0,0,0,0,0,0,0,0,0,0,0,0,"leaf",1,0,1,0,0,0,NA,0,0,"leaf",2,"l","i","w"
"Pelargonium cucullatum","Pelargonium cucullatum","GERANIACEAE","Pelargonium cucullatum","(L.) L'Her.","Geraniaceae",1,0,"Perennial",1,0,1,0,0,0,0,1,0,"Sep","Feb",NA,NA,200,0,0,0,0,0,1,0,0,0,0,0,0,1,0,1,0,"leaf",0,0,1,0,0,0,5.611764706,0,0,"leaf",2,"h","i","w"
"Pelargonium englerianum","Pelargonium englerianum","GERANIACEAE","Pelargonium englerianum","R.Knuth","Geraniaceae",1,0,"Perennial",1,0,1,0,0,0,0,1,0,"Aug","Apr",NA,NA,100,0,0,0,1,0,0,0,0,0,0,0,0,0,0,0,0,"leaf",0,0,1,0,0,0,1.02,0,0,"leaf",2,"h","i","w"
"Pelargonium fruticosum","Pelargonium fruticosum","GERANIACEAE","Pelargonium fruticosum","Willd.","Geraniaceae",1,0,"Perennial",1,0,1,0,0,0,0,0,0,"Jan","Dec",NA,NA,100,0,0,0,1,0,0,0,0,0,0,0,0,0,0,0,0,"leaf",0,0,1,0,1,1,NA,0,0,"leaf",2,"h","i","w"
"Pelargonium gibbosum","Pelargonium gibbosum","GERANIACEAE","Pelargonium gibbosum","(L.) L'Hér.","Geraniaceae",1,0,"Perennial",1,0,1,0,0,0,0,0,0,"Nov","Apr",NA,NA,40,0,0,0,1,0,0,0,0,0,0,0,0,1,1,1,0,"leaf",0,0,1,0,0,1,3.833333333,0,0,"leaf",3,"m","i","w"
"Pelargonium grossularioides","Pelargonium grossularioides","GERANIACEAE","Pelargonium grossularioides","(L.) L'Hér.","Geraniaceae",1,1,"Both",1,0,1,0,1,1,0,0,0,"Dec","Nov",NA,NA,5,1,0,0,0,0,0,0,0,0,0,0,0,0,0,0,0,"leaf",0,0,1,0,1,1,2,0,0,"leaf",2,"m","i","w"
"Pelargonium laevigatum","Pelargonium laevigatum","GERANIACEAE","Pelargonium laevigatum","Willd.","Geraniaceae",1,0,"Perennial",1,0,1,0,0,0,0,0,0,"Jan","Dec",NA,NA,50,0,0,0,1,0,0,0,0,0,0,0,0,1,1,0,0,"leaf",0,1,1,0,1,1,5.285714286,0,0,"leaf",2,"m","i","w"
"Pelargonium longifolium","Pelargonium longifolium","GERANIACEAE","Pelargonium longifolium","Jacq.","Geraniaceae",1,0,"Perennial",1,0,0,1,1,1,0,1,0,"Oct","Dec",NA,NA,25,1,1,0,0,0,0,0,0,0,0,0,0,0,0,0,0,"leaf",1,1,0,0,1,1,4.2,0,0,"leaf",2,"l","i","w"
"Pelargonium multicaule","Pelargonium multicaule","GERANIACEAE","Pelargonium multicaule","Jacq.","Geraniaceae",1,0,"Perennial",1,0,1,0,0,0,0,0,0,"Jan","Dec",NA,NA,30,0,0,0,1,0,0,0,0,0,0,0,0,0,0,0,0,"leaf",0,0,1,0,1,1,NA,0,0,"leaf",2,"l","i","w"
"Pelargonium myrrhifolium","Pelargonium myrrhifolium","GERANIACEAE","Pelargonium myrrhifolium","(L.) L'Hér.","Geraniaceae",1,0,"Perennial",1,0,1,0,0,0,0,1,0,"Aug","Feb",NA,NA,30,0,0,0,1,0,0,0,0,0,0,0,0,0,0,0,0,"leaf",0,1,1,0,1,1,20.31944444,0,0,"leaf",2,"l","i","w"
"Pelargonium odoratissimum","Pelargonium odoratissimum","GERANIACEAE","Pelargonium odoratissimum","[Soland.]","Geraniaceae",1,0,"Perennial",1,0,1,0,0,0,0,0,0,"Jan","Dec",NA,NA,20,0,0,0,1,0,0,0,1,0,0,0,0,0,0,0,0,"leaf",0,0,1,0,1,0,6.6,0,0,"leaf",2,"l","i","w"
"Pelargonium ovale","Pelargonium ovale","GERANIACEAE","Pelargonium ovale","(Burm.f.) L'Hér.","Geraniaceae",1,0,"Perennial",1,0,1,0,0,0,0,1,0,"Jul","Mar",NA,NA,30,0,0,0,1,0,0,0,0,0,0,0,0,0,0,0,0,"leaf",0,0,1,0,0,0,3.244444444,0,0,"leaf",2,"m","i","w"
"Pelargonium panduriforme","Pelargonium panduriforme","GERANIACEAE","Pelargonium panduriforme","Eckl. & Zeyh.","Geraniaceae",1,0,"Perennial",1,0,1,0,0,0,0,0,0,"Aug","Jan",NA,NA,120,0,0,0,0,1,0,0,0,0,0,0,0,0,0,0,0,"leaf",0,0,1,0,1,0,4.033333333,0,0,"leaf",2,"h","i","w"
"Pelargonium peltatum","Pelargonium peltatum","GERANIACEAE","Pelargonium peltatum","(L.) L'Hér.","Geraniaceae",1,0,"Perennial",1,0,1,0,0,0,0,0,0,"Sep","Dec",NA,NA,400,1,0,0,0,0,0,0,1,0,0,0,0,1,1,0,0,"leaf",0,0,1,0,1,0,6.244444444,0,0,"leaf",2,"l","i","w"
"Pelargonium pulverulentum","Pelargonium pulverulentum","GERANIACEAE","Pelargonium pulverulentum","Colv. ex Sweet","Geraniaceae",1,0,"Perennial",1,0,0,1,0,0,0,1,0,"Sep","Feb",NA,NA,20,0,1,0,0,0,0,0,0,0,0,0,0,0,0,0,0,"leaf",0,0,1,0,1,0,NA,0,0,"leaf",3,"l","i","w"
"Pelargonium reniforme","Pelargonium reniforme","GERANIACEAE","Pelargonium reniforme","(Andrews) Curtis","Geraniaceae",1,0,"Perennial",1,0,1,0,0,0,0,1,0,"Jan","Dec",NA,NA,40,0,0,0,1,0,0,0,0,0,0,0,0,0,0,0,0,"leaf",0,0,1,0,0,0,2.441666667,0,0,"leaf",2,"l","i","w"
"Pelargonium scabrum","Pelargonium scabrum","GERANIACEAE","Pelargonium scabrum","(L.) L'Hér.","Geraniaceae",1,0,"Perennial",1,0,1,0,0,0,0,0,0,"Aug","Jan",NA,NA,120,0,0,0,0,1,0,0,0,0,0,0,0,0,0,0,0,"leaf",0,0,1,0,1,0,3.84,0,0,"leaf",2,"h","i","w"
"Pelargonium schizopetalum","Pelargonium schizopetalum","GERANIACEAE","Pelargonium schizopetalum","Sweet","Geraniaceae",1,0,"Perennial",1,0,0,1,0,0,0,1,0,"Oct","Feb",NA,NA,40,0,1,0,0,0,0,0,0,0,0,0,0,0,0,0,0,"leaf",0,1,1,0,1,1,NA,0,0,"leaf",3,"l","i","w"
"Pelargonium sidoides","Pelargonium sidoides","GERANIACEAE","Pelargonium sidoides","DC.","Geraniaceae",1,0,"Perennial",1,0,0,1,0,0,0,1,0,"Oct","Jan",NA,NA,20,1,0,0,0,0,0,0,0,0,0,0,0,0,0,0,0,"leaf",0,0,1,0,1,0,4.7,0,0,"leaf",2,"m","i","w"
"Pelargonium tabulare","Pelargonium tabulare","GERANIACEAE","Pelargonium tabulare","L'Hér.","Geraniaceae",1,0,"Perennial",1,0,1,0,0,0,0,0,0,"Sep","Jan",NA,NA,30,0,0,0,1,0,0,0,0,0,0,0,0,0,0,0,0,"leaf",0,0,1,0,1,0,NA,0,0,"leaf",2,"m","i","w"
"Pelargonium ternatum","Pelargonium ternatum","GERANIACEAE","Pelargonium ternatum","Jacq.","Geraniaceae",1,0,"Perennial",1,0,1,0,0,0,0,0,0,"Apr","Dec",NA,NA,60,0,0,0,1,0,0,0,0,0,0,0,0,1,1,0,0,"leaf",0,0,1,0,1,1,1.76,0,0,"leaf",2,"h","i","w"
"Pelargonium tetragonum","Pelargonium tetragonum","GERANIACEAE","Pelargonium tetragonum","(L.f.) L'Hér.","Geraniaceae",1,0,"Perennial",1,0,1,0,0,0,0,0,0,"Sep","Dec",NA,NA,25,0,0,0,1,0,0,0,0,0,0,0,0,1,1,1,0,"leaf",0,0,1,0,1,0,5.22,0,1,"leaf",2,"l","i","w"
"Pelargonium triandrum","Pelargonium triandrum","GERANIACEAE","Pelargonium triandrum","E.M.Marais","Geraniaceae",1,0,"Perennial",1,0,1,0,0,0,0,1,0,"Oct","Nov",NA,NA,20,0,1,0,0,0,0,0,0,0,0,0,0,0,0,0,0,"leaf",0,0,1,0,0,0,NA,0,0,"leaf",3,"l","i","w"
"Pelargonium tricolor","Pelargonium tricolor","GERANIACEAE","Pelargonium tricolor","Curtis","Geraniaceae",1,0,"Perennial",1,0,1,0,0,0,0,1,0,"Sep","Jan",NA,NA,30,0,0,0,1,0,0,0,0,0,0,0,0,0,0,0,0,"leaf",0,0,1,0,0,0,2.34,0,0,"leaf",2,"m","i","w"
"Pelargonium triphyllum","Pelargonium triphyllum","GERANIACEAE","Pelargonium triphyllum","Jacq.","Geraniaceae",1,0,"Perennial",1,0,1,0,0,0,0,1,0,"Oct","Dec",NA,NA,18,0,1,0,0,0,0,0,0,0,0,0,0,0,0,0,0,"leaf",0,0,1,0,1,0,NA,0,0,"leaf",3,"l","i","w"
"Pelargonium triste","Pelargonium triste","GERANIACEAE","Pelargonium triste","(L.) L'Hér.","Geraniaceae",1,0,"Perennial",1,0,1,0,0,0,0,1,0,"Aug","Feb",NA,NA,20,0,1,0,0,0,0,0,0,0,0,0,0,0,0,0,0,"leaf",0,1,1,0,1,1,8.82,0,0,"leaf",3,"l","i","w"
"Pelargonium zonale","Pelargonium zonale","GERANIACEAE","Pelargonium zonale","(L.) L'Hér.","Geraniaceae",1,0,"Perennial",1,0,1,0,0,0,0,0,0,"Sep","Dec",NA,NA,200,0,0,0,0,0,1,0,0,0,0,0,0,1,0,1,0,"leaf",0,0,1,0,1,0,8.5,0,0,"leaf",2,"h","i","w"
"Pellaea calomelanos","Pellaea calomelanos","PTERIDACEAE","Pellaea calomelanos","(Sw.) Link","Pteridaceae",1,0,"Perennial",1,0,1,0,0,0,0,1,0,NA,NA,NA,NA,20,1,0,0,0,0,0,0,0,0,0,0,0,0,0,0,0,"frond",1,0,0,1,0,0,1.283333333,0,0,"leaf",2,"l","w","w"
"Penaea cneorum","Penaea cneorum","PENAEACEAE","Penaea cneorum","Meerb.","Penaeaceae",1,0,"Perennial",1,0,1,0,0,0,0,1,0,"Sep","Jan",NA,NA,130,0,0,0,0,1,0,0,0,0,0,0,0,0,0,0,0,"leaf",0,0,1,0,0,0,0.675,0,0,"leaf",3,"h","i","i"
"Penaea mucronata","Penaea mucronata","PENAEACEAE","Penaea mucronata","L.","Penaeaceae",1,0,"Perennial",1,0,1,0,0,0,0,1,0,"Oct","Dec",NA,NA,130,0,0,0,0,1,0,0,0,0,0,0,0,0,0,0,0,"leaf",0,1,0,0,0,0,0.788333333,0,0,"leaf",3,"h","i","i"
"Pentameris acinosa","Pentaschistis acinosa","POACEAE","Pentameris acinosa","(Stapf) Galley & H.P.Linder","Poaceae",1,0,"Perennial",1,0,1,0,0,1,0,1,0,"Oct","Jan",NA,NA,30,0,0,1,0,0,0,0,0,0,0,0,0,0,0,0,0,"leaf",0,1,0,0,0,0,NA,0,0,"leaf",2,"m","w","w"
"Pentameris ampla","Pentaschistis ampla","POACEAE","Pentameris ampla","(Nees) Galley & H.P.Linder","Poaceae",1,0,"Perennial",1,0,1,0,0,1,0,0,0,"Dec","Mar",NA,NA,70,0,0,1,0,0,0,0,0,0,0,0,0,0,0,0,0,"leaf",1,0,0,0,0,0,17.12,0,0,"leaf",2,"m","w","w"
"Pentameris aristidoides","Pentaschistis aristidoides","POACEAE","Pentameris aristidoides","(Thunb.) Galley & H.P.Linder","Poaceae",1,0,"Perennial",1,0,1,0,0,1,1,1,0,"Sep","Nov",NA,NA,100,0,0,1,0,0,0,0,0,0,0,0,0,0,0,0,0,"leaf",1,0,0,0,0,0,32.74,0,0,"leaf",2,"h","w","w"
"Pentameris aurea","Pentaschistis aurea","POACEAE","Pentameris aurea","(Steud.) Galley & H.P.Linder","Poaceae",1,0,"Perennial",1,0,1,0,0,1,0,0,0,"Jan","Mar",NA,NA,45,0,0,1,0,0,0,0,0,0,0,0,0,0,0,0,0,"leaf",1,0,0,0,0,0,NA,0,0,"leaf",2,"m","w","w"
"Pentameris colorata","Pentaschistis colorata","POACEAE","Pentameris colorata","(Steud.) Galley & H.P.Linder","Poaceae",1,0,"Perennial",1,0,1,0,0,1,0,1,0,"Aug","Dec",NA,NA,60,0,0,1,0,0,0,0,0,0,0,0,0,0,0,0,0,"leaf",1,0,0,0,0,0,15.81428571,0,0,"leaf",2,"h","w","w"
"Pentameris curvifolia","Pentaschistis curvifolia","POACEAE","Pentameris curvifolia","(Schrad.) Nees","Poaceae",1,0,"Perennial",1,0,1,0,0,0,0,0,0,"Oct","Nov",NA,NA,50,0,0,1,0,0,0,0,0,0,0,0,0,0,0,0,0,"leaf",1,0,0,0,0,0,13.37619048,0,0,"leaf",2,"h","w","w"
"Pentameris distichophylla","Pentameris distichophylla","POACEAE","Pentameris dregeana","Stapf","Poaceae",1,0,"Perennial",1,0,1,0,0,1,0,1,0,"Sep","Dec",NA,NA,120,0,0,1,0,0,0,0,0,0,0,0,0,0,0,0,0,"leaf",1,0,0,0,0,0,9.736363636,0,0,"leaf",2,"h","w","w"
"Pentameris eriostoma","Pentaschistis eriostoma","POACEAE","Pentameris eriostoma","(Nees) Steud.","Poaceae",1,0,"Perennial",1,0,1,0,0,0,0,1,0,"Sep","Nov",NA,NA,90,0,0,1,0,0,0,0,0,0,0,0,0,0,0,0,0,"leaf",1,0,0,0,0,0,39.45925926,0,0,"leaf",2,"h","w","w"
"Pentameris macrocalycina","Pentameris macrocalycina","POACEAE","Pentameris macrocalycina","(Steud.) Schweick.","Poaceae",1,0,"Perennial",1,0,1,0,0,0,0,1,0,"Sep","Dec",NA,NA,100,0,0,1,0,0,0,0,0,0,0,0,0,0,0,0,0,"leaf",1,0,0,0,0,0,17.06842105,0,0,"leaf",3,"h","w","w"
"Pentameris malouinensis","Pentaschistis malouinensis","POACEAE","Pentameris malouinensis","(Steud.) Galley & H.P.Linder","Poaceae",1,0,"Perennial",1,0,1,0,0,1,0,0,0,"Nov","Jan",NA,NA,30,0,0,1,0,0,0,0,0,0,0,0,0,0,0,0,0,"leaf",1,0,0,0,0,0,13.15,0,0,"leaf",2,"m","w","w"
"Pentameris pallida","Pentaschistis pallida","POACEAE","Pentameris pallida","(Thunb.) Galley & H.P.Linder","Poaceae",1,0,"Perennial",1,0,1,0,0,1,0,0,0,"Sep","Oct",NA,NA,40,0,0,1,0,0,0,0,0,0,0,0,0,0,0,0,0,"leaf",1,0,0,0,0,0,9.888888889,0,0,"leaf",2,"h","w","w"
"Pentameris scabra","Pentaschistis papillosa","POACEAE","Pentameris scabra","Steud.","Poaceae",1,0,"Perennial",1,0,1,0,0,0,0,0,0,"Oct","Nov",NA,NA,40,0,0,1,0,0,0,0,0,0,0,0,0,0,0,0,0,"leaf",1,0,0,0,0,0,3.3,0,0,"leaf",2,"h","w","w"
"Pentameris thuarii","Pentameris thuarii","POACEAE","Pentameris thuarii","P.Beauv.","Poaceae",1,0,"Perennial",1,0,1,0,0,0,0,1,0,"Sep","Dec",NA,NA,170,0,0,1,0,0,0,0,0,0,0,0,0,0,0,0,0,"leaf",1,0,0,0,0,0,NA,0,0,"leaf",2,"h","w","w"
"Pentameris velutina","Pentaschistis velutina","POACEAE","Pentameris velutina","(H.P.Linder) Galley & H.P.Linder","Poaceae",1,0,"Perennial",1,0,1,0,0,1,0,1,0,"Oct","Nov",NA,NA,60,0,0,1,0,0,0,0,0,0,0,0,0,0,0,0,0,"leaf",1,0,0,0,0,0,13.12,0,0,"leaf",2,"h","w","w"
"Pentameris viscidula","Pentaschistis viscidula","POACEAE","Pentameris viscidula","(Nees) Steud.","Poaceae",1,0,"Perennial",1,0,1,0,0,1,0,1,0,"Oct","Nov",NA,NA,50,0,0,1,0,0,0,0,0,0,0,0,0,0,0,0,0,"leaf",1,0,0,0,0,0,NA,0,0,"leaf",2,"h","w","w"
"Pentzia elegans","Pentzia elegans","ASTERACEAE","Pentzia elegans","DC.","Asteraceae",1,0,"Perennial",1,0,1,0,0,1,0,0,0,"Mar","Aug",NA,NA,40,0,0,0,1,0,0,0,0,0,0,0,0,0,0,0,0,"leaf",0,1,0,0,1,0,NA,0,0,"leaf",2,"h","i","w"
"Pentzia incana","Pentzia incana","ASTERACEAE","Pentzia incana","Kuntze","Asteraceae",1,0,"Perennial",1,0,1,0,0,1,0,0,0,"Nov","Jan",NA,NA,100,0,0,0,1,0,0,0,0,0,0,0,0,0,0,0,0,"leaf",1,0,0,0,1,1,NA,0,0,"leaf",2,"h","i","w"
"Peperomia retusa","Peperomia retusa","PIPERACEAE","Peperomia retusa","A.Dietr.","Piperaceae",1,0,"Perennial",1,0,1,0,0,0,0,0,0,"Jan","Mar",NA,NA,20,1,0,0,0,0,0,0,0,0,0,0,0,1,1,0,0,"leaf",0,0,1,0,0,0,NA,0,0,"leaf",2,"l","u","u"
"Petalacte coronata","Petalacte coronata","ASTERACEAE","Petalacte coronata","D.Don","Asteraceae",1,0,"Perennial",1,0,1,0,0,0,0,1,0,"Aug","Nov",NA,NA,50,0,0,0,1,0,0,0,0,0,0,0,0,0,0,0,0,"leaf",0,1,0,0,0,0,2.25,0,0,"leaf",3,"h","i","w"
"Phaenocoma prolifera","Phaenocoma prolifera","ASTERACEAE","Phaenocoma prolifera","D.Don","Asteraceae",1,0,"Perennial",1,0,1,0,0,0,0,0,0,"Sep","Mar",NA,NA,60,0,0,0,1,0,0,0,0,0,0,0,0,0,0,0,0,"leaf",1,0,0,0,0,0,0.772,0,0,"leaf",2,"h","i","w"
"Pharnaceum cordifolium","Pharnaceum cordifolium","MOLLUGINACEAE","Pharnaceum cordifolium","L.","Molluginaceae",1,1,"Both",1,0,1,0,0,0,0,0,0,"May","Nov",NA,NA,50,1,0,0,0,0,0,0,0,0,0,0,0,0,0,0,0,"leaf",0,1,0,0,0,0,NA,0,0,"leaf",2,"l","i","p"
"Pharnaceum incanum","Pharnaceum incanum","MOLLUGINACEAE","Pharnaceum incanum","L.","Molluginaceae",1,0,"Perennial",1,0,1,0,0,0,0,0,0,"Aug","Oct",NA,NA,40,0,0,0,1,0,0,0,0,0,0,0,0,0,0,0,0,"leaf",1,0,0,0,0,0,NA,0,0,"leaf",2,"l","i","p"
"Pharnaceum lanuginosum","Pharnaceum lanatum","MOLLUGINACEAE","Pharnaceum lanuginosum","J.C.Manning & Goldblatt","Molluginaceae",1,0,"Perennial",1,0,1,0,0,0,0,0,0,"Aug","Oct",NA,NA,80,0,0,0,1,0,0,0,0,0,0,0,0,0,0,0,0,"leaf",1,0,0,0,0,0,NA,0,0,"leaf",2,"l","i","p"
"Phiambolia hallii","Phiambolia hallii","AIZOACEAE","Phiambolia hallii","(L.Bolus) Klak","Aizoaceae",1,0,"Perennial",1,0,1,0,0,1,0,1,0,"Jul","Aug",NA,NA,10,0,0,0,0,0,0,0,1,0,0,0,0,1,1,1,0,"leaf",1,0,0,0,0,0,2.4,0,0,"leaf",2,"l","i","p"
"Phiambolia mentiens","Phiambolia mentiens","AIZOACEAE","Phiambolia mentiens","Klak","Aizoaceae",1,0,"Perennial",1,0,1,0,0,1,0,0,0,"Aug","Sep",NA,NA,35,0,0,0,1,0,0,0,0,0,0,0,0,1,1,1,0,"leaf",1,0,0,0,0,0,1.9,0,0,"leaf",2,"l","i","p"
"Phragmites australis","Phragmites australis","POACEAE","Phragmites australis","(Cav.) Trin. ex Steud.","Poaceae",1,0,"Perennial",1,0,1,0,0,0,0,1,0,"Feb","May",NA,NA,300,0,0,1,0,0,0,0,0,0,0,0,0,0,0,0,0,"leaf",0,1,0,0,0,0,NA,0,0,"leaf",3,"h","w","w"
"Phylica abietina","Phylica abietina","RHAMNACEAE","Phylica abietina","Eckl. & Zeyh.","Rhamnaceae",1,0,"Perennial",1,0,1,0,0,0,0,0,0,"Apr","Aug",NA,NA,100,0,0,0,1,0,0,0,0,0,0,0,0,0,0,0,0,"leaf",0,1,0,0,0,0,NA,0,0,"leaf",2,"h","i","i"
"Phylica ambigua","Phylica ambigua","RHAMNACEAE","Phylica ambigua","Sond.","Rhamnaceae",1,0,"Perennial",1,0,1,0,0,0,0,0,0,"Aug","Nov",NA,NA,60,0,0,0,1,0,0,0,0,0,0,0,0,0,0,0,0,"leaf",1,0,0,0,0,0,0.808,0,0,"leaf",2,"h","i","i"
"Phylica atrata","Phylica atrata","RHAMNACEAE","Phylica atrata","Licht. ex Roem. & Schult.","Rhamnaceae",1,0,"Perennial",1,0,1,0,0,0,0,0,0,"Oct","Mar",NA,NA,60,0,0,0,1,0,0,0,0,0,0,0,0,0,0,0,0,"leaf",0,1,0,0,0,0,NA,0,0,"leaf",2,"h","i","i"
"Phylica axillaris","Phylica axillaris","RHAMNACEAE","Phylica axillaris","Lam.","Rhamnaceae",1,0,"Perennial",1,0,1,0,0,0,0,0,0,"Dec","Apr",NA,NA,80,0,0,0,1,0,0,0,0,0,0,0,0,0,0,0,0,"leaf",1,1,0,0,0,0,0.758333333,0,0,"leaf",2,"h","i","i"
"Phylica barnardii","Phylica barnardii","RHAMNACEAE","Phylica barnardii","Pillans","Rhamnaceae",1,0,"Perennial",1,0,1,0,0,0,0,0,0,"Aug","Oct",NA,NA,60,0,0,0,1,0,0,0,0,0,0,0,0,0,0,0,0,"leaf",1,0,0,0,0,0,NA,0,0,"leaf",2,"h","i","i"
"Phylica buxifolia","Phylica buxifolia","RHAMNACEAE","Phylica buxifolia","L.","Rhamnaceae",1,0,"Perennial",1,0,1,0,0,0,0,0,0,"Apr","Aug",NA,NA,400,0,0,0,0,0,1,1,0,0,0,0,0,0,0,0,0,"leaf",0,0,1,0,0,0,1.7,0,0,"leaf",2,"h","i","i"
"Phylica cryptandroides","Phylica cryptandroides","RHAMNACEAE","Phylica cryptandroides","Sond.","Rhamnaceae",1,0,"Perennial",1,0,1,0,0,0,0,0,0,"Sep","Oct",NA,NA,300,0,0,0,0,0,1,0,0,0,0,0,0,0,0,0,0,"leaf",1,0,0,0,0,0,NA,0,0,"leaf",2,"h","i","i"
"Phylica debilis","Phylica debilis","RHAMNACEAE","Phylica debilis","Eckl. & Zeyh.","Rhamnaceae",1,0,"Perennial",1,0,1,0,0,0,0,0,0,"Nov","Dec",NA,NA,60,0,0,0,1,0,0,0,0,0,0,0,0,0,0,0,0,"leaf",0,1,0,0,0,0,0.22,0,0,"leaf",2,"h","i","i"
"Phylica dodii","Phylica dodii","RHAMNACEAE","Phylica dodii","N.E.Br.","Rhamnaceae",1,0,"Perennial",1,0,1,0,0,0,0,0,0,"Jun","Sep",NA,NA,40,0,0,0,1,0,0,0,0,0,0,0,0,0,0,0,0,"leaf",1,0,0,0,0,0,NA,0,0,"leaf",2,"h","i","i"
"Phylica ericoides","Phylica ericoides","RHAMNACEAE","Phylica ericoides","L.","Rhamnaceae",1,0,"Perennial",1,0,1,0,0,0,0,0,0,"Jan","Dec",NA,NA,100,0,0,0,1,0,0,0,0,0,0,0,0,0,0,0,0,"leaf",1,0,0,0,0,0,0.457142857,0,0,"leaf",2,"h","i","i"
"Phylica fruticosa","Phylica fruticosa","RHAMNACEAE","Phylica fruticosa","Schltr.","Rhamnaceae",1,0,"Perennial",1,0,1,0,0,0,0,0,0,"Mar","Apr",NA,NA,150,0,0,0,0,1,0,0,0,0,0,0,0,0,0,0,0,"leaf",0,1,1,0,0,0,NA,0,0,"leaf",2,"h","i","i"
"Phylica humilis","Phylica humilis","RHAMNACEAE","Phylica humilis","Sond.","Rhamnaceae",1,0,"Perennial",1,0,1,0,0,0,0,0,0,"Aug","Nov",NA,NA,30,0,0,0,1,0,0,0,0,0,0,0,0,0,0,0,0,"leaf",0,0,1,0,0,0,0.202,0,0,"leaf",2,"h","i","i"
"Phylica imberbis","Phylica imberbis","RHAMNACEAE","Phylica imberbis","P.J.Bergius","Rhamnaceae",1,0,"Perennial",1,0,1,0,0,0,0,1,0,"Nov","Apr",NA,NA,50,0,0,0,1,0,0,0,0,0,0,0,0,0,0,0,0,"leaf",1,0,0,0,0,0,1.320714286,0,0,"leaf",3,"h","i","i"
"Phylica lachneaeoides","Phylica lachneaeoides","RHAMNACEAE","Phylica lachneaeoides","Pillans","Rhamnaceae",1,0,"Perennial",1,0,1,0,0,0,0,0,0,"May","Sep",NA,NA,100,0,0,0,1,0,0,0,0,0,0,0,0,0,0,0,0,"leaf",0,0,1,0,0,0,0.424444444,0,0,"leaf",2,"h","i","i"
"Phylica lasiocarpa","Phylica lasiocarpa","RHAMNACEAE","Phylica lasiocarpa","Sond.","Rhamnaceae",1,0,"Perennial",1,0,1,0,0,0,0,1,0,"Dec","Apr",NA,NA,60,0,0,0,1,0,0,0,0,0,0,0,0,0,0,0,0,"leaf",1,1,0,0,0,0,1.64,0,0,"leaf",3,"h","i","i"
"Phylica leipoldtii","Phylica leipoldtii","RHAMNACEAE","Phylica leipoldtii","Pillans","Rhamnaceae",1,0,"Perennial",1,0,1,0,0,0,0,1,0,"Aug","Jan",NA,NA,50,0,0,0,1,0,0,0,0,0,0,0,0,0,0,0,0,"leaf",1,0,0,0,0,0,1.006,0,0,"leaf",2,"h","i","i"
"Phylica mairei","Phylica mairei","RHAMNACEAE","Phylica mairei","Pillans","Rhamnaceae",1,0,"Perennial",1,0,1,0,0,0,0,0,0,"Feb","Apr",NA,NA,40,0,0,0,1,0,0,0,0,0,0,0,0,0,0,0,0,"leaf",0,0,1,0,0,0,NA,0,0,"leaf",2,"h","i","i"
"Phylica oleaefolia","Phylica oleaefolia","RHAMNACEAE","Phylica oleaefolia","Vent.","Rhamnaceae",1,0,"Perennial",1,0,1,0,0,0,0,1,0,"Mar","May",NA,NA,200,0,0,0,0,0,1,0,0,0,0,0,0,0,0,0,0,"leaf",0,0,1,0,0,0,NA,0,0,"leaf",2,"h","i","i"
"Phylica paniculata","Phylica paniculata","RHAMNACEAE","Phylica paniculata","Willd.","Rhamnaceae",1,0,"Perennial",1,0,1,0,0,0,0,0,0,"May","Jun",NA,NA,300,0,0,0,0,0,1,0,0,0,0,0,0,0,0,0,0,"leaf",0,1,1,0,0,0,1.222222222,0,0,"leaf",2,"h","i","i"
"Phylica parviflora","Phylica parviflora","RHAMNACEAE","Phylica parviflora","P.J.Bergius","Rhamnaceae",1,0,"Perennial",1,0,1,0,0,0,0,0,0,"Jan","May",NA,NA,40,0,0,0,1,0,0,0,0,0,0,0,0,0,0,0,0,"leaf",0,1,0,0,0,0,0.45,0,0,"leaf",2,"h","i","i"
"Phylica pinea","Phylica pinea","RHAMNACEAE","Phylica pinea","Thunb.","Rhamnaceae",1,0,"Perennial",1,0,1,0,0,0,0,0,0,"Dec","Aug",NA,NA,100,0,0,0,1,0,0,0,0,0,0,0,0,0,0,0,0,"leaf",0,1,0,0,0,0,0.95,0,0,"leaf",2,"h","i","i"
"Phylica purpurea","Phylica purpurea","RHAMNACEAE","Phylica purpurea","Sond.","Rhamnaceae",1,0,"Perennial",1,0,1,0,0,0,0,0,0,"Apr","Oct",NA,NA,300,0,0,0,0,0,1,0,0,0,0,0,0,0,0,0,0,"leaf",0,1,0,0,0,0,0.735,0,0,"leaf",2,"h","i","i"
"Phylica rigida","Phylica rigida","RHAMNACEAE","Phylica rigida","Eckl. & Zeyh.","Rhamnaceae",1,0,"Perennial",1,0,1,0,0,0,0,0,0,"Sep","Nov",NA,NA,100,0,0,0,1,0,0,0,0,0,0,0,0,0,0,0,0,"leaf",1,0,0,0,0,0,NA,0,0,"leaf",2,"h","i","i"
"Phylica rigidifolia","Phylica rigidifolia","RHAMNACEAE","Phylica rigidifolia","Sond.","Rhamnaceae",1,0,"Perennial",1,0,1,0,0,0,0,0,0,"May","Oct",NA,NA,100,0,0,0,1,0,0,0,0,0,0,0,0,0,0,0,0,"leaf",1,0,0,0,0,0,0.858,0,0,"leaf",2,"h","i","i"
"Phylica rubra","Phylica rubra","RHAMNACEAE","Phylica rubra","Willd. ex Roem. & Schult.","Rhamnaceae",1,0,"Perennial",1,0,1,0,0,0,0,0,0,"Mar","Jul",NA,NA,200,0,0,0,0,0,1,0,0,0,0,0,0,0,0,0,0,"leaf",1,1,0,0,0,0,NA,0,0,"leaf",2,"h","i","i"
"Phylica spicata","Phylica spicata","RHAMNACEAE","Phylica spicata","L.f.","Rhamnaceae",1,0,"Perennial",1,0,1,0,0,0,0,0,0,"Apr","Aug",NA,NA,200,0,0,0,0,0,1,0,0,0,0,0,0,0,0,0,0,"leaf",0,0,1,0,0,0,NA,0,0,"leaf",2,"h","i","i"
"Phylica villosa","Phylica villosa","RHAMNACEAE","Phylica villosa","Thunb.","Rhamnaceae",1,0,"Perennial",1,0,1,0,0,0,0,0,0,"Feb","Jul",NA,NA,100,0,0,0,1,0,0,0,0,0,0,0,0,0,0,0,0,"leaf",1,0,0,0,0,0,1.804,0,0,"leaf",2,"h","i","i"
"Phyllosma capensis","Phyllosma capensis","RUTACEAE","Phyllosma capensis","Bolus ex Schltr.","Rutaceae",1,0,"Perennial",1,0,1,0,0,0,0,1,0,"Jul","Sep",NA,NA,40,0,0,0,1,0,0,0,0,0,0,0,0,0,0,0,0,"leaf",0,1,0,0,0,0,1.158,0,0,"leaf",2,"h","i","i"
"Pittosporum viridiflorum","Pittosporum viridiflorum","PITTOSPORACEAE","Pittosporum viridiflorum","Sims","Pittosporaceae",1,0,"Perennial",1,0,1,0,0,0,0,0,0,"Nov","Dec",NA,NA,2000,0,0,0,0,0,1,1,0,0,0,0,0,0,0,0,0,"leaf",0,1,0,0,0,0,6.066666667,0,0,"leaf",3,"h","i","m"
"Plantago crassifolia","Plantago crassifolia","PLANTAGINACEAE","Plantago crassifolia","Forssk.","Plantaginaceae",1,0,"Perennial",1,0,1,0,0,0,0,1,0,"Nov","Mar",NA,NA,30,1,0,0,0,0,0,0,0,0,0,0,0,1,1,0,0,"leaf",0,1,0,0,0,1,NA,0,0,"leaf",2,"l","w","p"
"Platycaulos acutus","Platycaulos acutus","RESTIONACEAE","Platycaulos acutus","Esterh.","Restionaceae",1,0,"Perennial",0,1,1,0,0,0,0,1,0,"Feb","Mar",NA,NA,30,0,0,1,0,0,0,0,0,0,0,0,0,0,0,0,0,"leaf",1,0,0,0,0,0,NA,1,1,"culm_stem",2,"h","w","p"
"Platycaulos anceps","Platycaulos anceps","RESTIONACEAE","Platycaulos anceps","(Mast.) H.P.Linder","Restionaceae",1,0,"Perennial",0,1,1,0,0,0,0,1,0,"Oct","Nov",NA,NA,100,0,0,1,0,0,0,0,1,0,0,0,0,0,0,0,0,"leaf",1,0,0,0,0,0,30.06,1,1,"culm_stem",2,"h","w","p"
"Platycaulos compressus","Platycaulos compressus","RESTIONACEAE","Platycaulos compressus","(Rottb.) H.P.Linder","Restionaceae",1,0,"Perennial",0,1,1,0,0,0,0,1,0,"Aug","Aug",NA,NA,100,0,0,1,0,0,0,0,0,0,0,0,0,0,0,0,0,"leaf",1,0,0,0,0,0,60.78,1,1,"culm_stem",2,"h","w","p"
"Platycaulos major","Platycaulos major","RESTIONACEAE","Platycaulos major","(Mast.) H.P.Linder","Restionaceae",1,0,"Perennial",0,1,1,0,0,0,0,1,0,"Mar","Apr",NA,NA,100,0,0,1,0,0,0,0,0,0,0,0,0,0,0,0,0,"leaf",1,0,0,0,0,0,NA,1,1,"culm_stem",2,"h","w","p"
"Platylophus trifoliatus","Platylophus trifoliatus","CUNONIACEAE","Platylophus trifoliatus","(L.f.) D.Don","Cunoniaceae",1,0,"Perennial",1,0,1,0,0,0,0,1,0,"Dec","Feb",NA,NA,3000,0,0,0,0,0,0,1,0,0,0,0,0,0,0,0,0,"leaf",0,0,1,1,0,0,18.3,0,0,"leaf",3,"l","i","m"
"Plecostachys serpyllifolia","Plecostachys serpyllifolia","ASTERACEAE","Plecostachys serpyllifolia","(P.J.Bergius) Hilliard & B.L.Burtt","Asteraceae",1,0,"Perennial",1,0,1,0,0,0,0,0,0,"Mar","May",NA,NA,100,0,0,0,1,0,0,0,0,0,0,0,0,0,0,0,0,"leaf",0,0,1,0,0,0,0.925,0,0,"leaf",2,"h","i","w"
"Plectranthus fruticosus","Plectranthus fruticosus","LAMIACEAE","Plectranthus fruticosus","L'Hér.","Lamiaceae",1,0,"Perennial",1,0,1,0,0,0,0,1,0,"Nov","Apr",NA,NA,200,0,0,0,0,0,1,0,0,0,0,0,0,0,0,0,0,"leaf",0,0,1,0,0,0,NA,0,0,"leaf",2,"l","i","p"
"Plumbago auriculata","Plumbago auriculata","PLUMBAGINACEAE","Plumbago auriculata","Lam.","Plumbaginaceae",1,0,"Perennial",1,0,1,0,0,0,0,1,0,"Dec","May",NA,NA,2000,0,0,0,0,0,1,0,1,0,0,0,0,0,0,0,0,"leaf",0,0,1,0,0,0,4.066666667,0,0,"leaf",3,"h","i","p"
"Podalyria biflora","Podalyria biflora","FABACEAE","Podalyria biflora","(L.) Lam.","Fabaceae",1,0,"Perennial",1,0,1,0,0,0,0,1,0,"Aug","Nov",NA,NA,30,0,0,0,1,0,0,0,0,0,0,0,0,0,0,0,0,"leaf",0,0,1,0,0,0,NA,0,0,"leaf",2,"h","i","p"
"Podalyria burchellii","Podalyria burchellii","FABACEAE","Podalyria burchellii","DC.","Fabaceae",1,0,"Perennial",1,0,1,0,0,0,0,1,0,"Aug","Jun",NA,NA,100,0,0,0,1,1,0,0,0,0,0,0,0,0,0,0,0,"leaf",0,0,1,0,0,0,1.98,0,0,"leaf",2,"h","i","p"
"Podalyria calyptrata","Podalyria calyptrata","FABACEAE","Podalyria calyptrata","(Retz.) Willd.","Fabaceae",1,0,"Perennial",1,0,1,0,0,0,0,0,0,"Aug","Oct",NA,NA,500,0,0,0,0,0,0,1,0,0,0,0,0,0,0,0,0,"leaf",0,0,1,0,0,0,3,0,0,"leaf",2,"h","i","i"
"Podocarpus elongatus","Podocarpus elongatus","PODOCARPACEAE","Podocarpus elongatus","(Aiton) L'Hér. ex Pers.","Podocarpaceae",1,0,"Perennial",0,1,1,0,0,0,0,1,0,"Jan","May",NA,NA,500,0,0,0,0,0,0,1,0,0,0,0,0,0,0,0,0,"leaf",1,0,0,0,0,0,3.92,0,0,"leaf",3,"m","w","m"
"Podocarpus latifolius","Podocarpus latifolius","PODOCARPACEAE","Podocarpus latifolius","(Thunb.) R.Br. ex Mirb.","Podocarpaceae",1,0,"Perennial",0,1,1,0,0,0,0,0,0,"Aug","Dec",NA,NA,3000,0,0,0,0,0,0,1,0,0,0,0,0,0,0,0,0,"leaf",1,0,0,0,0,0,10.15,0,0,"leaf",3,"m","w","m"
"Pollichia campestris","Pollichia campestris","CARYOPHYLLACEAE","Pollichia campestris","Aiton","Caryophyllaceae",1,0,"Perennial",1,0,1,0,0,0,0,0,0,"Jan","Dec",NA,NA,60,0,0,0,1,0,0,0,0,0,0,0,0,0,0,0,0,"leaf",0,1,0,0,0,0,NA,0,0,"leaf",2,"l","i","p"
"Polpoda capensis","Polpoda capensis","MOLLUGINACEAE","Polpoda capensis","C.Presl","Molluginaceae",1,0,"Perennial",1,0,1,0,0,0,0,0,0,"Apr","Jul",NA,NA,50,0,0,0,1,0,0,0,0,0,0,0,0,0,0,0,0,"leaf",0,0,1,0,0,0,NA,0,0,"leaf",2,"l","u","p"
"Polyarrhena reflexa","Polyarrhena reflexa","ASTERACEAE","Polyarrhena reflexa","Cass.","Asteraceae",1,0,"Perennial",1,0,1,0,0,0,0,0,0,"Jun","Oct",NA,NA,100,0,0,0,1,0,0,0,0,0,0,0,0,0,0,0,0,"leaf",0,1,1,0,0,0,0.934615385,0,0,"leaf",2,"h","i","w"
"Polygala asbestina","Polygala asbestina","POLYGALACEAE","Polygala asbestina","Burch.","Polygalaceae",1,0,"Perennial",1,0,1,0,0,0,0,0,0,"Nov","Mar",NA,NA,20,0,0,0,1,0,0,0,0,0,0,0,0,0,0,0,0,"leaf",0,0,1,0,0,0,NA,0,0,"leaf",2,"l","i","i"
"Polygala brachyphylla","Polygala brachyphylla","POLYGALACEAE","Polygala brachyphylla","Chodat","Polygalaceae",1,0,"Perennial",1,0,1,0,0,0,0,0,0,"Sep","Dec",NA,NA,35,0,0,0,1,0,0,0,0,0,0,0,0,0,0,0,0,"leaf",0,0,1,0,0,0,NA,0,0,"leaf",2,"h","i","i"
"Polygala bracteolata","Polygala bracteolata","POLYGALACEAE","Polygala bracteolata","L.","Polygalaceae",1,0,"Perennial",1,0,1,0,0,0,0,0,0,"Sep","Nov",NA,NA,100,0,0,0,1,0,0,0,1,0,0,0,0,0,0,0,0,"leaf",0,1,1,0,0,0,1.6125,0,0,"leaf",2,"l","i","i"
"Polygala ericaefolia","Polygala ericaefolia","POLYGALACEAE","Polygala ericaefolia","DC.","Polygalaceae",1,0,"Perennial",1,0,1,0,0,0,0,0,0,"Aug","Nov",NA,NA,40,0,0,0,1,0,0,0,0,0,0,0,0,0,0,0,0,"leaf",1,0,0,0,0,0,NA,0,0,"leaf",2,"h","i","i"
"Polygala fruticosa","Polygala fruticosa","POLYGALACEAE","Polygala fruticosa","P.J.Bergius","Polygalaceae",1,0,"Perennial",1,0,1,0,0,0,0,1,0,"Sep","Nov",NA,NA,200,0,0,0,0,0,1,0,0,0,0,0,0,0,0,0,0,"leaf",0,1,1,0,0,0,1.666666667,0,0,"leaf",2,"h","i","i"
"Polygala garcinii","Polygala garcinii","POLYGALACEAE","Polygala garcinii","DC.","Polygalaceae",1,0,"Perennial",1,0,1,0,0,0,0,1,0,"Sep","Dec",NA,NA,40,0,0,0,1,0,0,0,0,0,0,0,0,0,0,0,0,"leaf",1,0,0,0,0,0,1,0,0,"leaf",2,"l","i","i"
"Polygala illepida","Polygala illepida","POLYGALACEAE","Polygala illepida","E.Mey. ex Harv. & Sond.","Polygalaceae",1,0,"Perennial",1,0,1,0,0,0,0,0,0,"Oct","Nov",NA,NA,15,0,0,0,1,0,0,0,0,0,0,0,0,0,0,0,0,"leaf",0,0,1,0,0,0,0.723333333,0,0,"leaf",2,"l","i","i"
"Polygala microlopha","Polygala microlopha","POLYGALACEAE","Polygala microlopha","Burch. ex DC.","Polygalaceae",1,0,"Perennial",1,0,1,0,0,0,0,0,0,"Aug","Nov",NA,NA,60,0,0,0,1,0,0,0,0,0,0,0,0,0,0,0,0,"leaf",1,0,1,0,0,0,NA,0,0,"leaf",2,"m","i","i"
"Polygala myrtifolia","Polygala myrtifolia","POLYGALACEAE","Polygala myrtifolia","L.","Polygalaceae",1,0,"Perennial",1,0,1,0,0,0,0,0,0,"Jul","Oct",NA,NA,200,0,0,0,0,0,1,0,0,0,0,0,0,0,0,0,0,"leaf",1,0,1,0,0,0,2.45,0,0,"leaf",2,"h","i","i"
"Polygala pappeana","Polygala pappeana","POLYGALACEAE","Polygala pappeana","Eckl. & Zeyh.","Polygalaceae",1,1,"Both",1,0,1,0,0,0,0,0,0,"Sep","Dec",NA,NA,30,1,0,0,0,0,0,0,0,0,0,0,0,0,0,0,0,"leaf",1,0,0,0,0,0,NA,0,0,"leaf",1,"l","i","i"
"Polygala recognita","Polygala recognita","POLYGALACEAE","Polygala recognita","Chodat","Polygalaceae",1,0,"Perennial",1,0,1,0,0,0,0,1,0,"Sep","Oct",NA,NA,40,0,0,0,1,0,0,0,0,0,0,0,0,0,0,0,0,"leaf",1,0,0,0,0,0,NA,0,0,"leaf",2,"l","i","i"
"Polygala refracta","Polygala refracta","POLYGALACEAE","Polygala refracta","Burch. ex DC.","Polygalaceae",1,0,"Perennial",1,0,1,0,0,0,0,0,0,"Sep","Apr",NA,NA,40,0,0,0,1,0,0,0,0,0,0,0,0,0,0,0,0,"leaf",0,1,0,0,0,0,NA,0,0,"leaf",2,"l","i","i"
"Polygala umbellata","Polygala umbellata","POLYGALACEAE","Polygala umbellata","Thunb.","Polygalaceae",1,0,"Perennial",1,0,1,0,0,0,0,1,0,"Aug","Nov",NA,NA,40,0,0,0,1,0,0,0,0,0,0,0,0,0,0,0,0,"leaf",1,0,0,0,0,0,NA,0,0,"leaf",2,"l","i","i"
"Polygala virgata","Polygala virgata","POLYGALACEAE","Polygala virgata","Thunb.","Polygalaceae",1,0,"Perennial",1,0,1,0,0,0,0,0,0,"Oct","Dec",NA,NA,200,0,0,0,0,0,1,0,0,0,0,0,0,0,0,0,0,"leaf",0,1,1,0,0,0,NA,0,0,"leaf",2,"m","i","i"
"Polygala wittebergensis","Polygala wittebergensis","POLYGALACEAE","Polygala wittebergensis","Compton","Polygalaceae",1,0,"Perennial",1,0,1,0,0,0,0,0,0,"Aug","Oct",NA,NA,60,0,0,0,1,0,0,0,0,0,0,0,0,0,0,0,0,"leaf",1,1,0,0,0,0,NA,0,0,"leaf",2,"m","i","i"
"Polypogon strictus","Polypogon strictus","POACEAE","Polypogon tenuis","Brongn.","Poaceae",0,1,"Annual",1,0,0,1,1,1,0,0,0,"Oct","Apr",NA,NA,50,0,0,1,0,0,0,0,0,0,0,0,0,0,0,0,0,"leaf",1,0,0,0,0,0,NA,0,0,"leaf",2,"m","w","w"
"Portulacaria afra","Portulacaria afra","PORTULACACEAE","Portulacaria afra","Jacq.","Didiereaceae",1,0,"Perennial",1,0,1,0,0,0,0,1,0,"Oct","Nov",NA,NA,300,0,0,0,0,0,1,1,1,0,0,0,0,1,1,1,0,"leaf",0,0,1,0,0,0,1.455789474,0,0,"leaf",3,"l","i","w"
"Printzia polifolia","Printzia polifolia","ASTERACEAE","Printzia polifolia","(L.) Hutch.","Asteraceae",1,0,"Perennial",1,0,1,0,0,0,0,1,0,"Jul","Nov",NA,NA,200,0,0,0,0,0,1,0,0,0,0,0,0,0,0,0,0,"leaf",0,0,1,0,0,0,1.16,0,0,"leaf",2,"h","i","w"
"Prionium serratum","Prionium serratum","PRIONIACEAE","Prionium serratum","(L.f.) Drège","Thurniaceae",1,0,"Perennial",1,0,1,0,0,0,0,1,0,"Sep","Feb",NA,NA,200,0,0,0,0,0,1,0,0,0,0,0,0,0,0,0,0,"leaf",0,1,0,0,0,0,62.82,0,0,"leaf",3,"h","w","w"
"Prismatocarpus brevilobus","Prismatocarpus brevilobus","CAMPANULACEAE","Prismatocarpus brevilobus","A.DC.","Campanulaceae",1,0,"Perennial",1,0,1,0,0,1,0,0,0,"Dec","May",NA,NA,50,0,0,0,1,0,0,0,0,0,0,0,0,0,0,0,0,"leaf",0,0,1,0,0,0,NA,0,0,"leaf",1,"m","i","p"
"Prismatocarpus fruticosus","Prismatocarpus fruticosus","CAMPANULACEAE","Prismatocarpus fruticosus","L'Hér.","Campanulaceae",1,0,"Perennial",1,0,1,0,0,1,0,0,0,"Nov","Apr",NA,NA,50,0,0,0,1,0,0,0,0,0,0,0,0,0,0,0,0,"leaf",0,1,0,0,0,0,0.632,0,0,"leaf",1,"m","i","p"
"Prismatocarpus sessilis","Prismatocarpus sessilis","CAMPANULACEAE","Prismatocarpus sessilis","Eckl. ex A.DC.","Campanulaceae",1,0,"Perennial",1,0,1,0,0,1,0,0,0,"Dec","Mar",NA,NA,60,0,0,0,1,0,0,0,1,0,0,0,0,0,0,0,0,"leaf",1,1,0,0,0,0,0.533333333,0,0,"leaf",1,"h","i","p"
"Protea acaulos","Protea acaulos","PROTEACEAE","Protea acaulos","(L.) Reichard","Proteaceae",1,0,"Perennial",1,0,1,0,0,0,0,1,1,"Jun","Nov",NA,NA,15,0,0,0,1,0,0,0,0,0,0,0,0,0,0,0,0,"leaf",0,1,0,0,0,0,9.04,0,0,"leaf",3,"h","m","w"
"Protea acuminata","Protea acuminata","PROTEACEAE","Protea acuminata","Sims","Proteaceae",1,0,"Perennial",1,0,1,0,0,0,0,0,1,"Jul","Aug",NA,NA,200,0,0,0,0,0,1,0,0,0,0,0,0,0,0,0,0,"leaf",1,0,0,0,0,0,7.84,0,0,"leaf",2,"h","m","w"
"Protea angustata","Protea angustata","PROTEACEAE","Protea angustata","R.Br.","Proteaceae",1,0,"Perennial",1,0,1,0,0,0,0,1,1,"Jul","Oct",NA,NA,30,0,0,0,1,0,0,0,0,0,0,0,0,0,0,0,0,"leaf",1,0,0,0,0,0,NA,0,0,"leaf",3,"h","m","w"
"Protea aspera","Protea aspera","PROTEACEAE","Protea asper","E.Phillips","Proteaceae",1,0,"Perennial",1,0,1,0,0,0,0,1,1,"Sep","Oct",NA,NA,20,0,0,0,1,0,0,0,0,0,0,0,0,0,0,0,0,"leaf",1,0,0,0,0,0,NA,0,0,"leaf",3,"h","m","w"
"Protea aurea","Protea aurea","PROTEACEAE","Protea aurea","(Burm.f.) Rourke","Proteaceae",1,0,"Perennial",1,0,1,0,0,0,0,0,1,"Jan","Jun",NA,NA,500,0,0,0,0,0,0,1,0,0,0,0,0,0,0,0,0,"leaf",0,0,1,0,0,0,8.32,0,0,"leaf",2,"h","m","w"
"Protea cordata","Protea cordata","PROTEACEAE","Protea cordata","Thunb.","Proteaceae",1,0,"Perennial",1,0,1,0,0,0,0,1,1,"Jun","Jul",NA,NA,50,0,0,0,1,0,0,0,0,0,0,0,0,0,0,0,0,"leaf",0,0,1,0,0,0,NA,0,0,"leaf",3,"h","m","w"
"Protea cynaroides","Protea cynaroides","PROTEACEAE","Protea cynaroides","(L.) L.","Proteaceae",1,0,"Perennial",1,0,1,0,0,0,0,1,1,"Jan","Dec",NA,NA,300,0,0,0,0,0,1,0,0,0,0,0,0,0,0,0,0,"leaf",0,0,1,0,0,0,11.27454545,0,0,"leaf",3,"h","m","w"
"Protea eximia","Protea eximia","PROTEACEAE","Protea eximia","(Knight) Fourc.","Proteaceae",1,0,"Perennial",1,0,1,0,0,0,0,0,1,"Aug","Oct",NA,NA,400,0,0,0,0,0,1,0,0,0,0,0,0,0,0,0,0,"leaf",0,0,1,0,0,0,12.03636364,0,0,"leaf",2,"h","m","w"
"Protea glabra","Protea glabra","PROTEACEAE","Protea glabra","Thunb.","Proteaceae",1,0,"Perennial",1,0,1,0,0,0,0,1,1,"Aug","Sep",NA,NA,500,0,0,0,0,0,1,1,0,0,0,0,0,0,0,0,0,"leaf",0,0,1,0,0,0,6.28,0,0,"leaf",3,"h","m","w"
"Protea grandiceps","Protea grandiceps","PROTEACEAE","Protea grandiceps","Tratt.","Proteaceae",1,0,"Perennial",1,0,1,0,0,0,0,0,1,"Dec","Jan",NA,NA,200,0,0,0,0,0,1,0,0,0,0,0,0,0,0,0,0,"leaf",0,0,1,0,0,0,NA,0,0,"leaf",2,"h","m","w"
"Protea intonsa","Protea intonsa","PROTEACEAE","Protea intonsa","Rourke","Proteaceae",1,0,"Perennial",1,0,1,0,0,0,0,1,1,"Sep","Nov",NA,NA,25,0,0,0,1,0,0,0,0,0,0,0,0,0,0,0,0,"leaf",1,0,0,0,0,0,16.8,0,0,"leaf",3,"h","m","w"
"Protea laevis","Protea laevis","PROTEACEAE","Protea laevis","R.Br.","Proteaceae",1,0,"Perennial",1,0,1,0,0,0,0,0,1,"Sep","Nov",NA,NA,30,0,0,0,1,0,0,0,1,0,0,0,0,0,0,0,0,"leaf",0,0,1,0,0,0,8.82,0,0,"leaf",2,"h","m","w"
"Protea laurifolia","Protea laurifolia","PROTEACEAE","Protea laurifolia","Thunb.","Proteaceae",1,0,"Perennial",1,0,1,0,0,0,0,0,1,"May","Jul",NA,NA,800,0,0,0,0,0,0,1,0,0,0,0,0,0,0,0,0,"leaf",0,0,1,0,0,0,9.76,0,0,"leaf",2,"h","m","w"
"Protea lepidocarpodendron","Protea lepidocarpodendron","PROTEACEAE","Protea lepidocarpodendron","L.","Proteaceae",1,0,"Perennial",1,0,1,0,0,0,0,0,1,"Apr","Aug",NA,NA,800,0,0,0,0,0,0,1,0,0,0,0,0,0,0,0,0,"leaf",0,1,0,0,0,0,9.9,0,0,"leaf",2,"h","m","w"
"Protea lorea","Protea lorea","PROTEACEAE","Protea lorea","R.Br.","Proteaceae",1,0,"Perennial",1,0,1,0,0,0,0,1,1,"Jan","Feb",NA,NA,30,0,0,0,1,0,0,0,1,0,0,0,0,0,0,0,0,"leaf",1,0,0,0,0,0,NA,0,0,"leaf",2,"h","m","w"
"Protea lorifolia","Protea lorifolia","PROTEACEAE","Protea lorifolia","(Knight) Fourc.","Proteaceae",1,0,"Perennial",1,0,1,0,0,0,0,0,1,"Apr","Jun",NA,NA,300,0,0,0,0,0,1,1,0,0,0,0,0,0,0,0,0,"leaf",0,1,0,0,0,0,15.96666667,0,0,"leaf",2,"h","m","w"
"Protea mundii","Protea mundii","PROTEACEAE","Protea mundii","Klotzsch","Proteaceae",1,0,"Perennial",1,0,1,0,0,0,0,0,1,"Feb","Apr",NA,NA,800,0,0,0,0,0,0,1,0,0,0,0,0,0,0,0,0,"leaf",0,0,1,0,0,0,8.133333333,0,0,"leaf",2,"h","m","w"
"Protea neriifolia","Protea neriifolia","PROTEACEAE","Protea neriifolia","R.Br.","Proteaceae",1,0,"Perennial",1,0,1,0,0,0,0,0,1,"Feb","Nov",NA,NA,800,0,0,0,0,0,0,1,0,0,0,0,0,0,0,0,0,"leaf",0,0,1,0,0,0,11.71428571,0,0,"leaf",2,"h","m","w"
"Protea nitida","Protea nitida","PROTEACEAE","Protea nitida","Mill.","Proteaceae",1,0,"Perennial",1,0,1,0,0,0,0,1,1,"May","Aug",NA,NA,1000,0,0,0,0,0,0,1,0,0,0,0,0,0,0,0,0,"leaf",0,0,1,0,0,0,10.24761905,0,0,"leaf",3,"h","m","w"
"Protea piscina","Protea piscina","PROTEACEAE","Protea piscina","Rourke","Proteaceae",1,0,"Perennial",1,0,1,0,0,0,0,1,1,"Jun","Jan",NA,NA,30,0,0,0,1,0,0,0,1,0,0,0,0,0,0,0,0,"leaf",1,0,0,0,0,0,14.6,0,0,"leaf",3,"h","m","w"
"Protea punctata","Protea punctata","PROTEACEAE","Protea punctata","Meisn.","Proteaceae",1,0,"Perennial",1,0,1,0,0,0,0,0,1,"Mar","Apr",NA,NA,400,0,0,0,1,0,0,0,0,0,0,0,0,0,0,0,0,"leaf",0,0,1,0,0,0,6.15,0,0,"leaf",2,"h","m","w"
"Protea repens","Protea repens","PROTEACEAE","Protea repens","(L.) L.","Proteaceae",1,0,"Perennial",1,0,1,0,0,0,0,0,1,"Jan","Dec",NA,NA,450,0,0,0,0,0,1,1,0,0,0,0,0,0,0,0,0,"leaf",1,0,0,0,0,0,10.34545455,0,0,"leaf",2,"h","m","w"
"Protea scabra","Protea scabra","PROTEACEAE","Protea scabra","R.Br.","Proteaceae",1,0,"Perennial",1,0,1,0,0,0,0,1,1,"Jul","Oct",NA,NA,25,0,0,0,1,0,0,0,0,0,0,0,0,0,0,0,0,"leaf",1,1,0,0,0,0,23,0,0,"leaf",3,"h","m","w"
"Protea scolopendriifolia","Protea scolopendriifolia","PROTEACEAE","Protea scolopendriifolia","(Salisb. ex Knight) Rourke","Proteaceae",1,0,"Perennial",1,0,1,0,0,0,0,1,1,"Sep","Dec",NA,NA,30,0,0,0,1,0,0,0,0,0,0,0,0,0,0,0,0,"leaf",0,1,0,0,0,0,17.54,0,0,"leaf",3,"h","m","w"
"Protea speciosa","Protea speciosa","PROTEACEAE","Protea speciosa","L.","Proteaceae",1,0,"Perennial",1,0,1,0,0,0,0,1,1,"Sep","Oct",NA,NA,120,0,0,0,0,1,0,0,0,0,0,0,0,0,0,0,0,"leaf",0,0,1,0,0,0,NA,0,0,"leaf",3,"h","m","w"
"Protea tenax","Protea tenax","PROTEACEAE","Protea tenax","R.Br.","Proteaceae",1,0,"Perennial",1,0,1,0,0,0,0,1,1,"May","Sep",NA,NA,30,0,0,0,1,0,0,0,1,0,0,0,0,0,0,0,0,"leaf",0,1,0,0,0,0,12.61666667,0,0,"leaf",3,"h","m","w"
"Psammotropha anguina","Psammotropha anguina","MOLLUGINACEAE","Psammotropha anguina","Compton","Molluginaceae",1,0,"Perennial",1,0,1,0,0,0,0,0,0,"Sep","Oct",NA,NA,30,0,0,0,1,0,0,0,0,0,0,0,0,0,0,0,0,"leaf",1,0,0,0,0,0,NA,0,0,"leaf",2,"l","u","u"
"Psammotropha quadrangularis","Psammotropha quadrangularis","MOLLUGINACEAE","Psammotropha quadrangularis","Fenzl","Molluginaceae",1,0,"Perennial",1,0,1,0,0,0,0,0,0,"Sep","Oct",NA,NA,30,0,0,0,1,0,0,0,0,0,0,0,0,0,0,0,0,"leaf",1,0,0,0,0,0,0.232,0,0,"leaf",2,"l","u","u"
"Pseudopentameris brachyphylla","Pseudopentameris brachyphylla","POACEAE","Pseudopentameris brachyphylla","(Stapf) Conert","Poaceae",1,0,"Perennial",1,0,1,0,0,0,0,1,0,"Sep","Oct",NA,NA,80,0,0,1,0,0,0,0,0,0,0,0,0,0,0,0,0,"leaf",1,0,0,0,0,0,6.46,0,0,"leaf",2,"h","w","w"
"Pseudopentameris macrantha","Pseudopentameris macrantha","POACEAE","Pseudopentameris macrantha","(Schrad.) Conert","Poaceae",1,0,"Perennial",1,0,1,0,0,0,0,1,0,"Aug","Sep",NA,NA,150,0,0,1,0,0,0,0,0,0,0,0,0,0,0,0,0,"leaf",1,0,0,0,0,0,20.25882353,0,0,"leaf",2,"h","w","w"
"Pseudoselago humilis","Pseudoselago humilis","SCROPHULARIACEAE","Pseudoselago humilis","(Rolfe) Hilliard","Scrophulariaceae",1,0,"Perennial",1,0,1,0,0,1,0,0,0,"Dec","Feb",NA,NA,20,1,0,0,0,0,0,0,0,0,0,0,0,0,0,0,0,"leaf",0,0,1,0,0,0,NA,0,0,"leaf",1,"m","i","p"
"Pseudoselago recurvifolia","Pseudoselago recurvifolia","SCROPHULARIACEAE","Pseudoselago recurvifolia","Hilliard","Scrophulariaceae",1,0,"Perennial",1,0,1,0,0,1,0,0,0,"Dec","Feb",NA,NA,50,1,0,0,0,0,0,0,0,0,0,0,0,0,0,0,0,"leaf",0,0,1,0,0,0,NA,0,0,"leaf",1,"m","i","p"
"Pseudoselago serrata","Pseudoselago serrata","SCROPHULARIACEAE","Pseudoselago serrata","(P.J.Bergius) Hilliard","Scrophulariaceae",1,0,"Perennial",1,0,1,0,0,1,0,0,0,"Sep","Mar",NA,NA,40,1,0,0,0,0,0,0,0,0,0,0,0,0,0,0,0,"leaf",0,0,1,0,0,0,0.758,0,0,"leaf",1,"m","i","p"
"Pseudoselago spuria","Pseudoselago spuria","SCROPHULARIACEAE","Pseudoselago spuria","(L.) Hilliard","Scrophulariaceae",1,0,"Perennial",1,0,1,0,0,1,0,0,0,"Aug","Feb",NA,NA,75,1,0,0,0,0,0,0,0,0,0,0,0,0,0,0,0,"leaf",0,1,0,0,0,0,NA,0,0,"leaf",1,"m","i","p"
"Psoralea aphylla","Psoralea aphylla","FABACEAE","Psoralea aphylla","L.","Fabaceae",1,0,"Perennial",1,0,1,0,0,0,0,0,0,"Sep","May",NA,NA,400,0,0,0,0,0,1,0,0,0,0,0,0,0,0,0,0,"leaf",1,0,0,0,0,0,14.67,0,1,"mixed",2,"h","i","p"
"Psoralea asarina","Psoralea asarina","FABACEAE","Psoralea asarina","(P.J.Bergius) T.M.Salter","Fabaceae",1,0,"Perennial",1,0,1,0,0,1,0,1,0,"Oct","Feb",NA,NA,10,0,0,0,1,0,0,0,1,0,0,0,0,0,0,0,0,"leaf",0,1,0,0,0,0,NA,0,0,"leaf",2,"l","i","p"
"Psoralea imbricata","Psoralea imbricata","FABACEAE","Psoralea imbricata","(L.f.) T.M.Salter","Fabaceae",1,0,"Perennial",1,0,1,0,0,1,0,1,0,"Oct","Jan",NA,NA,50,0,0,0,1,0,0,0,1,0,0,0,0,0,0,0,0,"leaf",0,0,1,0,0,0,NA,0,0,"leaf",2,"l","i","p"
"Psoralea laxa","Psoralea laxa","FABACEAE","Psoralea laxa","T.M.Salter","Fabaceae",1,0,"Perennial",1,0,1,0,0,1,0,0,0,"Nov","Mar",NA,NA,40,0,0,0,1,0,0,0,1,0,0,0,0,0,0,0,0,"leaf",0,0,1,0,0,0,NA,0,0,"leaf",2,"l","i","p"
"Psoralea monophylla","Psoralea monophylla","FABACEAE","Psoralea monophylla","(L.) C.H.Stirt.","Fabaceae",1,0,"Perennial",1,0,1,0,0,1,0,1,0,"Nov","Jan",NA,NA,30,0,0,0,1,0,0,0,1,0,0,0,0,0,0,0,0,"leaf",0,0,1,0,0,0,2.24,0,0,"leaf",2,"l","i","p"
"Psoralea oligophylla","Psoralea oligophylla","FABACEAE","Psoralea oligophylla","Eckl. & Zeyh.","Fabaceae",1,0,"Perennial",1,0,1,0,0,1,0,0,0,"Oct","Apr",NA,NA,200,0,0,0,0,0,1,0,0,0,0,0,0,0,0,0,0,"leaf",1,1,0,1,0,0,1.53,0,0,"leaf",2,"h","i","p"
"Psoralea oreophila","Psoralea oreophila","FABACEAE","Psoralea oreophila","Schltr.","Fabaceae",1,0,"Perennial",1,0,1,0,0,1,0,0,0,"Jan","Jan",NA,NA,50,0,0,0,1,0,0,0,1,0,0,0,0,0,0,0,0,"leaf",0,1,0,1,0,0,NA,0,0,"leaf",2,"h","i","p"
"Psoralea pinnata","Psoralea pinnata","FABACEAE","Psoralea pinnata","L.","Fabaceae",1,0,"Perennial",1,0,1,0,0,1,0,0,0,"Oct","Apr",NA,NA,400,0,0,0,0,0,1,1,0,0,0,0,0,0,0,0,0,"leaf",0,1,0,1,0,0,2.586086957,0,0,"leaf",2,"h","i","p"
"Psoralea repens","Psoralea repens","FABACEAE","Psoralea repens","P.J.Bergius","Fabaceae",1,0,"Perennial",1,0,1,0,0,1,0,1,0,"Nov","Feb",NA,NA,20,0,0,0,1,0,0,0,1,0,0,0,0,0,0,0,0,"leaf",0,0,1,1,0,0,1.76,0,0,"leaf",2,"l","i","p"
"Psoralea verrucosa","Psoralea verrucosa","FABACEAE","Psoralea verrucosa","Willd. ex Spreng.","Fabaceae",1,0,"Perennial",1,0,1,0,0,1,0,0,0,"Dec","Mar",NA,NA,200,0,0,0,0,0,1,0,0,0,0,0,0,0,0,0,0,"leaf",0,1,0,1,0,0,NA,0,0,"leaf",2,"h","i","p"
"Pteridium aquilinum","Pteridium aquilinum","DENNSTAEDTIACEAE","Pteridium aquilinum","(L.) Kuhn","Dennstaedtiaceae",1,0,"Perennial",1,0,0,1,0,0,0,1,0,NA,NA,NA,NA,150,0,0,0,0,0,0,0,0,0,0,0,1,0,0,0,0,"frond",0,0,1,1,1,1,20.5,0,0,"leaf",2,"h","w","w"
"Pterocelastrus rostratus","Pterocelastrus rostratus","CELASTRACEAE","Pterocelastrus rostratus","(Thunb.) Walp.","Celastraceae",1,0,"Perennial",1,0,1,0,0,0,0,1,0,"Apr","Jun",NA,NA,1000,0,0,0,0,0,0,1,0,0,0,0,0,0,0,0,0,"leaf",0,1,0,0,0,0,7.96,0,0,"leaf",3,"m","i","m"
"Pterocelastrus tricuspidatus","Pterocelastrus tricuspidatus","CELASTRACEAE","Pterocelastrus tricuspidatus","(Lam.) Walp.","Celastraceae",1,0,"Perennial",1,0,1,0,0,0,0,1,0,"May","Nov",NA,NA,700,0,0,0,0,0,0,1,0,0,0,0,0,0,0,0,0,"leaf",0,0,1,0,0,0,4.171428571,0,0,"leaf",3,"h","i","m"
"Pteronia ambrariifolia","Pteronia ambrariifolia","ASTERACEAE","Pteronia ambrariifolia","Schltr.","Asteraceae",1,0,"Perennial",1,0,1,0,0,0,0,0,0,"Aug","Sep",NA,NA,25,0,0,0,1,0,0,0,0,0,0,0,0,0,0,0,0,"leaf",1,0,0,0,0,0,NA,0,0,"leaf",2,"h","i","w"
"Pteronia camphorata","Pteronia camphorata","ASTERACEAE","Pteronia camphorata","(L.) L.","Asteraceae",1,0,"Perennial",1,0,1,0,0,0,0,0,0,"Aug","Nov",NA,NA,100,0,0,0,1,0,0,0,0,0,0,0,0,0,0,0,0,"leaf",1,0,0,0,0,0,3.236,0,0,"leaf",2,"h","i","w"
"Pteronia incana","Pteronia incana","ASTERACEAE","Pteronia incana","DC.","Asteraceae",1,0,"Perennial",1,0,1,0,0,0,0,0,0,"Sep","Oct",NA,NA,100,0,0,0,1,0,0,0,0,0,0,0,0,0,0,0,0,"leaf",1,0,0,0,0,0,1.081666667,0,0,"leaf",2,"h","i","w"
"Pteronia teretifolia","Pteronia teretifolia","ASTERACEAE","Pteronia teretifolia","(Thunb.) Fourc.","Asteraceae",1,0,"Perennial",1,0,1,0,0,0,0,1,0,"Jan","Jun",NA,NA,50,0,0,0,1,0,0,0,0,0,0,0,0,0,0,0,0,"leaf",1,0,0,0,0,0,0.683333333,0,0,"leaf",3,"h","i","w"
"Pterygodium acutifolium","Pterygodium acutifolium","ORCHIDACEAE","Pterygodium acutifolium","Lindl.","Orchidaceae",1,0,"Perennial",1,0,0,1,1,1,1,1,0,"Sep","Dec",NA,NA,35,0,1,0,0,0,0,0,0,0,0,0,0,0,0,0,0,"leaf",0,0,1,0,0,0,21.8,0,0,"leaf",2,"l","i","p"
"Putterlickia pyracantha","Putterlickia pyracantha","CELASTRACEAE","Putterlickia pyracantha","(L.) Szyszył.","Celastraceae",1,0,"Perennial",1,0,1,0,0,0,0,1,0,"Feb","Aug",NA,NA,300,0,0,0,0,0,1,0,0,0,0,0,0,0,0,0,0,"leaf",0,0,1,0,0,0,1.633333333,0,0,"leaf",3,"m","i","p"
"Rafnia acuminata","Rafnia perfoliata","FABACEAE","Rafnia acuminata","(E.Mey.) G.J.Campb. & B.-E.van Wyk","Fabaceae",1,0,"Perennial",1,0,1,0,0,1,0,1,0,"Sep","Apr",NA,NA,30,0,0,0,1,0,0,0,0,0,0,0,0,0,0,0,0,"leaf",0,1,1,0,0,0,2.7,0,0,"leaf",3,"h","i","p"
"Rafnia capensis","Rafnia capensis","FABACEAE","Rafnia capensis","(L.) Schinz","Fabaceae",1,0,"Perennial",1,0,1,0,0,1,0,1,0,"Jan","Dec",NA,NA,100,0,0,0,1,0,0,0,0,0,0,0,0,0,0,0,0,"leaf",1,1,0,0,0,0,2.726666667,0,0,"leaf",3,"h","i","p"
"Rafnia crassifolia","Rafnia crassifolia","FABACEAE","Rafnia crassifolia","Harv.","Fabaceae",1,0,"Perennial",1,0,1,0,0,1,0,1,0,"Oct","Mar",NA,NA,60,0,0,0,1,0,0,0,0,0,0,0,0,0,0,0,0,"leaf",0,1,0,0,0,0,3.866666667,0,0,"leaf",3,"h","i","p"
"Rafnia diffusa","Rafnia diffusa","FABACEAE","Rafnia diffusa","Thunb.","Fabaceae",1,0,"Perennial",1,0,1,0,0,1,0,1,0,"Aug","Jan",NA,NA,60,0,0,0,1,0,0,0,0,0,0,0,0,0,0,0,0,"leaf",1,0,1,0,0,0,1.22,0,0,"leaf",3,"h","i","p"
"Rafnia ovata","Rafnia ovata","FABACEAE","Rafnia ovata","E.Mey.","Fabaceae",1,0,"Perennial",1,0,1,0,0,1,0,1,0,"Aug","Jan",NA,NA,120,0,0,0,0,1,0,0,0,0,0,0,0,0,0,0,0,"leaf",0,0,1,0,0,0,NA,0,0,"leaf",3,"h","i","p"
"Rafnia racemosa","Rafnia racemosa","FABACEAE","Rafnia racemosa","Eckl. & Zeyh.","Fabaceae",1,0,"Perennial",1,0,1,0,0,1,0,1,0,"Oct","Jan",NA,NA,150,0,0,0,0,1,0,0,0,0,0,0,0,0,0,0,0,"leaf",0,1,1,0,0,0,NA,0,0,"leaf",3,"h","i","p"
"Rapanea melanophloeos","Rapanea melanophloeos","MYRSINACEAE","Myrsine melanophloeos","(L.) R.Br. ex Sweet","Primulaceae",1,0,"Perennial",0,1,1,0,0,0,0,1,0,"Oct","Dec",NA,NA,2000,0,0,0,0,0,0,1,0,0,0,0,0,0,0,0,0,"leaf",0,0,1,0,0,0,11.96,0,0,"leaf",3,"m","i","m"
"Relhania calycina","Relhania calycina","ASTERACEAE","Relhania calycina","L'Hér.","Asteraceae",1,0,"Perennial",1,0,1,0,0,0,0,0,0,"Oct","Jan",NA,NA,100,0,0,0,1,0,0,0,0,0,0,0,0,0,0,0,0,"leaf",0,1,0,0,0,0,NA,0,0,"leaf",2,"h","i","w"
"Relhania decussata","Relhania decussata","ASTERACEAE","Relhania decussata","L'Hér.","Asteraceae",1,0,"Perennial",1,0,1,0,0,0,0,1,0,"Sep","Nov",NA,NA,30,0,0,0,1,0,0,0,0,0,0,0,0,0,0,0,0,"leaf",1,0,0,0,0,0,0.456666667,0,0,"leaf",2,"m","i","w"
"Relhania pungens","Relhania pungens","ASTERACEAE","Relhania pungens","L'Hér.","Asteraceae",1,0,"Perennial",1,0,1,0,0,0,0,0,0,"Oct","Feb",NA,NA,50,0,0,0,1,0,0,0,0,0,0,0,0,0,0,0,0,"leaf",1,0,0,0,0,0,1.28,0,0,"leaf",2,"h","i","w"
"Relhania speciosa","Relhania speciosa","ASTERACEAE","Relhania speciosa","Harv.","Asteraceae",1,0,"Perennial",1,0,1,0,0,0,0,0,0,"Sep","Dec",NA,NA,100,0,0,0,1,0,0,0,0,0,0,0,0,0,0,0,0,"leaf",0,1,1,0,0,0,1.566666667,0,0,"leaf",2,"h","i","w"
"Restio arcuatus","Restio arcuatus","RESTIONACEAE","Restio arcuatus","Mast.","Restionaceae",1,0,"Perennial",0,1,1,0,0,0,0,1,0,"Dec","Feb",NA,NA,60,0,0,1,0,0,0,0,1,0,0,0,0,0,0,0,0,"leaf",1,0,0,0,0,0,21.13,1,1,"culm_stem",2,"h","w","p"
"Restio asperus","Calopsis aspera","RESTIONACEAE","Restio asperus","(Mast.) H.P.Linder & C.R.Hardy","Restionaceae",1,0,"Perennial",0,1,1,0,0,0,0,0,0,"Nov","Jan",NA,NA,50,0,0,1,0,0,0,0,0,0,0,0,0,0,0,0,0,"leaf",1,0,0,0,0,0,27.18,1,1,"culm_stem",2,"h","w","p"
"Restio bifarius","Restio bifarius","RESTIONACEAE","Restio bifarius","Mast.","Restionaceae",1,0,"Perennial",0,1,1,0,0,0,0,0,0,"Apr","May",NA,NA,80,0,0,1,0,0,0,0,0,0,0,0,0,0,0,0,0,"leaf",1,0,0,0,0,0,56.08,1,1,"culm_stem",2,"h","w","p"
"Restio bifidus","Restio bifidus","RESTIONACEAE","Restio bifidus","Thunb.","Restionaceae",1,0,"Perennial",0,1,1,0,0,0,0,0,0,"Mar","Apr",NA,NA,60,0,0,1,0,0,0,0,0,0,0,0,0,0,0,0,0,"leaf",1,0,0,0,0,0,25.24,1,1,"culm_stem",2,"h","w","p"
"Restio bifurcus","Restio bifurcus","RESTIONACEAE","Restio bifurcus","Nees ex Mast.","Restionaceae",1,0,"Perennial",0,1,1,0,0,0,0,0,0,"May","Aug",NA,NA,100,0,0,1,0,0,0,0,0,0,0,0,0,0,0,0,0,"leaf",1,0,0,0,0,0,40.83478261,1,1,"culm_stem",2,"h","w","p"
"Restio brachiatus","Restio brachiatus","RESTIONACEAE","Restio brachiatus","(Mast.) Pillans","Restionaceae",1,0,"Perennial",0,1,1,0,0,0,0,0,0,"Sep","Oct",NA,NA,80,0,0,1,0,0,0,0,0,0,0,0,0,0,0,0,0,"leaf",1,0,0,0,0,0,56.24,1,1,"culm_stem",2,"h","w","p"
"Restio burchellii","Restio burchellii","RESTIONACEAE","Restio burchellii","Pillans","Restionaceae",1,0,"Perennial",0,1,1,0,0,0,0,0,0,"Oct","Nov",NA,NA,50,0,0,1,0,0,0,0,0,0,0,0,0,0,0,0,0,"leaf",1,0,0,0,0,0,NA,1,1,"culm_stem",2,"h","w","p"
"Restio calcicola","Calopsis fruticosa","RESTIONACEAE","Restio calcicola","H.P.Linder & C.R.Hardy","Restionaceae",1,0,"Perennial",0,1,1,0,0,0,0,0,0,"Aug","Nov",NA,NA,60,0,0,1,0,0,0,0,0,0,0,0,0,0,0,0,0,"leaf",1,0,0,0,0,0,NA,1,1,"culm_stem",2,"h","w","p"
"Restio capensis","Ischyrolepis capensis","RESTIONACEAE","Restio capensis","(L. ex C.B.Clarke) H.P.Linder & C.R.Hardy","Restionaceae",1,0,"Perennial",0,1,1,0,0,0,0,1,0,"Oct","Nov",NA,NA,50,0,0,1,0,0,0,0,0,0,0,0,0,0,0,0,0,"leaf",1,0,0,0,0,0,22.61333333,1,1,"culm_stem",2,"h","w","p"
"Restio capillaris","Restio capillaris","RESTIONACEAE","Restio capillaris","Kunth","Restionaceae",1,0,"Perennial",0,1,1,0,0,0,0,1,0,"Aug","Oct",NA,NA,60,0,0,1,0,0,0,0,0,0,0,0,0,0,0,0,0,"leaf",1,0,0,0,0,0,34.78,1,1,"culm_stem",2,"h","w","p"
"Restio cincinnatus","Ischyrolepis cincinnata","RESTIONACEAE","Restio cincinnatus","Mast.","Restionaceae",1,0,"Perennial",0,1,1,0,0,0,0,1,0,"Oct","Nov",NA,NA,50,0,0,1,0,0,0,0,1,0,0,0,0,0,0,0,0,"leaf",1,0,0,0,0,0,10.29,1,1,"culm_stem",2,"h","w","p"
"Restio curviramis","Ischyrolepis curviramis","RESTIONACEAE","Restio curviramis","Kunth","Restionaceae",1,0,"Perennial",0,1,1,0,0,0,0,1,0,"Aug","Oct",NA,NA,50,0,0,1,0,0,0,0,1,0,0,0,0,0,0,0,0,"leaf",1,0,0,0,0,0,16.36,1,1,"culm_stem",2,"h","w","p"
"Restio debilis","Restio debilis","RESTIONACEAE","Restio debilis","Nees","Restionaceae",1,0,"Perennial",0,1,1,0,0,0,0,0,0,"Mar","May",NA,NA,40,0,0,1,0,0,0,0,0,0,0,0,0,0,0,0,0,"leaf",1,0,0,0,0,0,24.56,1,1,"culm_stem",2,"h","w","p"
"Restio decipiens","Restio decipiens","RESTIONACEAE","Restio decipiens","(N.E.Br.) H.P.Linder","Restionaceae",1,0,"Perennial",0,1,1,0,0,0,0,0,0,"Oct","Nov",NA,NA,50,0,0,1,0,0,0,0,0,0,0,0,0,0,0,0,0,"leaf",1,0,0,0,0,0,NA,1,1,"culm_stem",2,"h","w","p"
"Restio dispar","Restio dispar","RESTIONACEAE","Restio dispar","Mast.","Restionaceae",1,0,"Perennial",0,1,1,0,0,0,0,1,0,"Mar","Apr",NA,NA,100,0,0,1,0,0,0,0,0,0,0,0,0,0,0,0,0,"leaf",1,0,0,0,0,0,124.12,1,1,"culm_stem",2,"h","w","p"
"Restio distichus","Restio distichus","RESTIONACEAE","Restio distichus","Rottb.","Restionaceae",1,0,"Perennial",0,1,1,0,0,0,0,1,0,"Oct","Dec",NA,NA,50,0,0,1,0,0,0,0,0,0,0,0,0,0,0,0,0,"leaf",1,0,0,0,0,0,NA,1,1,"culm_stem",2,"h","w","p"
"Restio dodii","Restio dodii","RESTIONACEAE","Restio dodii","Pillans","Restionaceae",1,0,"Perennial",0,1,1,0,0,0,0,0,0,"Jan","Jan",NA,NA,100,0,0,1,0,0,0,0,0,0,0,0,0,0,0,0,0,"leaf",1,0,0,0,0,0,49.93333333,1,1,"culm_stem",2,"h","w","p"
"Restio egregius","Restio egregius","RESTIONACEAE","Restio egregius","Hochst.","Restionaceae",1,0,"Perennial",0,1,1,0,0,0,0,1,0,"Feb","Mar",NA,NA,100,0,0,1,0,0,0,0,0,0,0,0,0,0,0,0,0,"leaf",1,0,0,0,0,0,66.11666667,1,1,"culm_stem",2,"h","w","p"
"Restio eleocharis","Ischyrolepis eleocharis","RESTIONACEAE","Restio eleocharis","Nees ex Mast.","Restionaceae",1,0,"Perennial",0,1,1,0,0,0,0,1,0,"Mar","Jun",NA,NA,40,0,0,1,0,0,0,0,0,0,0,0,0,0,0,0,0,"leaf",1,0,0,0,0,0,15.68,1,1,"culm_stem",2,"h","w","p"
"Restio festuciformis","Restio festuciformis","RESTIONACEAE","Restio festuciformis","Nees ex Mast.","Restionaceae",1,0,"Perennial",0,1,1,0,0,0,0,0,0,"Jul","Aug",NA,NA,40,0,0,1,0,0,0,0,0,0,0,0,0,0,0,0,0,"leaf",1,0,0,0,0,0,NA,1,1,"culm_stem",2,"h","w","p"
"Restio filiformis","Restio filiformis","RESTIONACEAE","Restio filiformis","Poir.","Restionaceae",1,0,"Perennial",0,1,1,0,0,0,0,0,0,"Aug","Aug",NA,NA,60,0,0,1,0,0,0,0,0,0,0,0,0,0,0,0,0,"leaf",1,0,0,0,0,0,38.77333333,1,1,"culm_stem",2,"h","w","p"
"Restio fragilis","Restio fragilis","RESTIONACEAE","Restio fragilis","Esterh.","Restionaceae",1,0,"Perennial",0,1,1,0,0,0,0,1,0,"Sep","Oct",NA,NA,30,0,0,1,0,0,0,0,0,0,0,0,0,0,0,0,0,"leaf",1,0,0,0,0,0,NA,1,1,"culm_stem",2,"h","w","p"
"Restio fusiformis","Restio fusiformis","RESTIONACEAE","Restio fusiformis","Pillans","Restionaceae",1,0,"Perennial",0,1,1,0,0,0,0,0,0,"May","Sep",NA,NA,40,0,0,1,0,0,0,0,0,0,0,0,0,0,0,0,0,"leaf",1,0,0,0,0,0,NA,1,1,"culm_stem",2,"h","w","p"
"Restio gaudichaudianus","Ischyrolepis gaudichaudiana","RESTIONACEAE","Restio gaudichaudianus","Kunth","Restionaceae",1,0,"Perennial",0,1,1,0,0,0,0,1,0,"Mar","Apr",NA,NA,100,0,0,1,0,0,0,0,0,0,0,0,0,0,0,0,0,"leaf",1,0,0,0,0,0,46.48125,1,1,"culm_stem",2,"h","w","p"
"Restio gossypinus","Ischyrolepis gossypina","RESTIONACEAE","Restio gossypinus","Mast.","Restionaceae",1,0,"Perennial",0,1,1,0,0,0,0,1,0,"Sep","Dec",NA,NA,50,0,0,1,0,0,0,0,0,0,0,0,0,0,0,0,0,"leaf",1,0,0,0,0,0,35.18,1,1,"culm_stem",2,"h","w","p"
"Restio hyalinus","Calopsis hyalina","RESTIONACEAE","Restio hyalinus","(Mast.) H.P.Linder & C.R.Hardy","Restionaceae",1,0,"Perennial",0,1,1,0,0,0,0,1,0,"Aug","Nov",NA,NA,50,0,0,1,0,0,0,0,0,0,0,0,0,0,0,0,0,"leaf",1,0,0,0,0,0,24.96,1,1,"culm_stem",2,"h","w","p"
"Restio hystrix","Ischyrolepis hystrix","RESTIONACEAE","Restio hystrix","Mast.","Restionaceae",1,0,"Perennial",0,1,1,0,0,0,0,0,0,"Jul","Sep",NA,NA,150,0,0,1,0,0,0,0,0,0,0,0,0,0,0,0,0,"leaf",1,0,0,0,0,0,53.3,1,1,"culm_stem",2,"h","w","p"
"Restio implicatus","Restio implicatus","RESTIONACEAE","Restio implicatus","Esterh.","Restionaceae",1,0,"Perennial",0,1,1,0,0,0,0,1,0,"Dec","Dec",NA,NA,60,0,0,1,0,0,0,0,0,0,0,0,0,0,0,0,0,"leaf",1,0,0,0,0,0,NA,1,1,"culm_stem",2,"h","w","p"
"Restio inconspicuus","Restio inconspicuus","RESTIONACEAE","Restio inconspicuus","Esterh.","Restionaceae",1,0,"Perennial",0,1,1,0,0,0,0,1,0,"Mar","Apr",NA,NA,100,0,0,1,0,0,0,0,0,0,0,0,0,0,0,0,0,"leaf",1,0,0,0,0,0,66.1,1,1,"culm_stem",2,"h","w","p"
"Restio laniger","Ischyrolepis laniger","RESTIONACEAE","Restio laniger","Kunth","Restionaceae",1,0,"Perennial",0,1,1,0,0,0,0,1,0,"Sep","Dec",NA,NA,30,0,0,1,0,0,0,0,0,0,0,0,0,0,0,0,0,"leaf",1,0,0,0,0,0,NA,1,1,"culm_stem",2,"h","w","p"
"Restio leptostachyus","Restio leptostachyus","RESTIONACEAE","Restio leptostachyus","Kunth","Restionaceae",1,0,"Perennial",0,1,1,0,0,0,0,1,0,"Feb","May",NA,NA,40,0,0,1,0,0,0,0,0,0,0,0,0,0,0,0,0,"leaf",1,0,0,0,0,0,NA,1,1,"culm_stem",2,"h","w","p"
"Restio monanthos","Ischyrolepis monanthos","RESTIONACEAE","Restio monanthos","Mast.","Restionaceae",1,0,"Perennial",0,1,1,0,0,0,0,0,0,"Aug","Oct",NA,NA,60,0,0,1,0,0,0,0,0,0,0,0,0,0,0,0,0,"leaf",1,0,0,0,0,0,52.72,1,1,"culm_stem",2,"h","w","p"
"Restio monostylis","Calopsis monostylis","RESTIONACEAE","Restio monostylis","(Pillans) H.P.Linder & C.R.Hardy","Restionaceae",1,0,"Perennial",0,1,1,0,0,0,0,0,0,"Feb","Feb",NA,NA,40,0,0,1,0,0,0,0,0,0,0,0,0,0,0,0,0,"leaf",1,0,0,0,0,0,NA,1,1,"culm_stem",2,"h","w","p"
"Restio occultus","Restio occultus","RESTIONACEAE","Restio occultus","(Mast.) Pillans","Restionaceae",1,0,"Perennial",0,1,1,0,0,0,0,0,0,"Aug","Sep",NA,NA,100,0,0,1,0,0,0,0,0,0,0,0,0,0,0,0,0,"leaf",1,0,0,0,0,0,93.25,1,1,"culm_stem",2,"h","w","p"
"Restio ocreatus","Ischyrolepis ocreata","RESTIONACEAE","Restio ocreatus","Kunth","Restionaceae",1,0,"Perennial",0,1,1,0,0,0,0,0,0,"Nov","Jan",NA,NA,80,0,0,1,0,0,0,0,0,0,0,0,0,0,0,0,0,"leaf",1,0,0,0,0,0,59.1,1,1,"culm_stem",2,"h","w","p"
"Restio paludosus","Ischyrolepis paludosa","RESTIONACEAE","Restio paludosus","Pillans","Restionaceae",1,0,"Perennial",0,1,1,0,0,0,0,1,0,"Nov","Dec",NA,NA,30,0,0,1,0,0,0,0,0,0,0,0,0,0,0,0,0,"leaf",1,0,0,0,0,0,12.63333333,1,1,"culm_stem",2,"h","w","p"
"Restio paniculatus","Calopsis paniculata","RESTIONACEAE","Restio paniculatus","Rottb.","Restionaceae",1,0,"Perennial",0,1,1,0,0,0,0,1,0,"May","Jun",NA,NA,200,0,0,1,0,0,0,0,0,0,0,0,0,0,0,0,0,"leaf",1,0,0,0,0,0,39.2,1,1,"culm_stem",2,"h","w","p"
"Restio parvispiculus","Calopsis membranacea","RESTIONACEAE","Restio parvispiculus","H.P.Linder & C.R.Hardy","Restionaceae",1,0,"Perennial",0,1,1,0,0,0,0,1,0,"Apr","Jun",NA,NA,30,0,0,1,0,0,0,0,0,0,0,0,0,0,0,0,0,"leaf",1,0,0,0,0,0,36.88421053,1,1,"culm_stem",2,"h","w","p"
"Restio patens","Restio patens","RESTIONACEAE","Restio patens","Mast.","Restionaceae",1,0,"Perennial",0,1,1,0,0,0,0,0,0,"Mar","Apr",NA,NA,50,0,0,1,0,0,0,0,0,0,0,0,0,0,0,0,0,"leaf",1,0,0,0,0,0,NA,1,1,"culm_stem",2,"h","w","p"
"Restio pedicellatus","Restio filicaulis","RESTIONACEAE","Restio pedicellatus","Mast.","Restionaceae",1,0,"Perennial",0,1,1,0,0,0,0,1,0,"Aug","Oct",NA,NA,30,0,0,1,0,0,0,0,0,0,0,0,0,0,0,0,0,"leaf",1,0,0,0,0,0,NA,1,1,"culm_stem",2,"h","w","p"
"Restio perplexus","Restio perplexus","RESTIONACEAE","Restio perplexus","Kunth","Restionaceae",1,0,"Perennial",0,1,1,0,0,0,0,1,0,"Jul","Aug",NA,NA,60,0,0,1,0,0,0,0,1,0,0,0,0,0,0,0,0,"leaf",1,0,0,0,0,0,33.33,1,1,"culm_stem",2,"h","w","p"
"Restio purpurascens","Restio purpurascens","RESTIONACEAE","Restio purpurascens","Nees ex Mast.","Restionaceae",1,0,"Perennial",0,1,1,0,0,0,0,0,0,"Mar","Apr",NA,NA,100,0,0,1,0,0,0,0,0,0,0,0,0,0,0,0,0,"leaf",1,0,0,0,0,0,NA,1,1,"culm_stem",2,"h","w","p"
"Restio quinquefarius","Restio quinquefarius","RESTIONACEAE","Restio quinquefarius","Nees","Restionaceae",1,0,"Perennial",0,1,1,0,0,0,0,0,0,"Aug","Aug",NA,NA,80,0,0,1,0,0,0,0,0,0,0,0,0,0,0,0,0,"leaf",1,0,0,0,0,0,26.32,1,1,"culm_stem",2,"h","w","p"
"Restio ramosissimus","Calopsis gracilis","RESTIONACEAE","Restio ramosissimus","H.P.Linder & C.R.Hardy","Restionaceae",1,0,"Perennial",0,1,1,0,0,0,0,0,0,"Jul","Oct",NA,NA,60,0,0,1,0,0,0,0,0,0,0,0,0,0,0,0,0,"leaf",1,0,0,0,0,0,23.38,1,1,"culm_stem",2,"h","w","p"
"Restio rigidus","Calopsis rigida","RESTIONACEAE","Restio rigidus","(Mast.) H.P.Linder & C.R.Hardy","Restionaceae",1,0,"Perennial",0,1,1,0,0,0,0,0,0,"Mar","Apr",NA,NA,50,0,0,1,0,0,0,0,0,0,0,0,0,0,0,0,0,"leaf",1,0,0,0,0,0,NA,1,1,"culm_stem",2,"h","w","p"
"Restio rudolfii","Calopsis marlothii","RESTIONACEAE","Restio rudolfii","H.P.Linder & C.R.Hardy","Restionaceae",1,0,"Perennial",0,1,1,0,0,0,0,0,0,"Apr","Jun",NA,NA,100,0,0,1,0,0,0,0,0,0,0,0,0,0,0,0,0,"leaf",1,0,0,0,0,0,NA,1,1,"culm_stem",2,"h","w","p"
"Restio sarocladus","Restio sarocladus","RESTIONACEAE","Restio saroclados","Mast.","Restionaceae",1,0,"Perennial",0,1,1,0,0,0,0,1,0,"Mar","Apr",NA,NA,50,0,0,1,0,0,0,0,0,0,0,0,0,0,0,0,0,"leaf",1,0,0,0,0,0,29.2,1,1,"culm_stem",2,"h","w","p"
"Restio scaber","Restio scaber","RESTIONACEAE","Restio scaber","Mast.","Restionaceae",1,0,"Perennial",0,1,1,0,0,0,0,0,0,"Apr","Apr",NA,NA,40,0,0,1,0,0,0,0,0,0,0,0,0,0,0,0,0,"leaf",1,0,0,0,0,0,NA,1,1,"culm_stem",2,"h","w","p"
"Restio schoenoides","Ischyrolepis schoenoides","RESTIONACEAE","Restio schoenoides","Kunth","Restionaceae",1,0,"Perennial",0,1,1,0,0,0,0,1,0,"Sep","Sep",NA,NA,60,0,0,1,0,0,0,0,0,0,0,0,0,0,0,0,0,"leaf",1,0,0,0,0,0,NA,1,1,"culm_stem",2,"h","w","p"
"Restio sejunctus","Restio sejunctus","RESTIONACEAE","Restio sejunctus","Mast.","Restionaceae",1,0,"Perennial",0,1,1,0,0,0,0,0,0,"Apr","Jun",NA,NA,60,0,0,1,0,0,0,0,0,0,0,0,0,0,0,0,0,"leaf",1,0,0,0,0,0,8.666666667,1,1,"culm_stem",2,"h","w","p"
"Restio sieberi","Ischyrolepis sieberi","RESTIONACEAE","Restio sieberi","Kunth","Restionaceae",1,0,"Perennial",0,1,1,0,0,0,0,1,0,"Dec","May",NA,NA,100,0,0,1,0,0,0,0,0,0,0,0,0,0,0,0,0,"leaf",1,0,0,0,0,0,57.94,1,1,"culm_stem",2,"h","w","p"
"Restio similis","Restio similis","RESTIONACEAE","Restio similis","Pillans","Restionaceae",1,0,"Perennial",0,1,1,0,0,0,0,0,0,"Mar","Apr",NA,NA,60,0,0,1,0,0,0,0,0,0,0,0,0,0,0,0,0,"leaf",1,0,0,0,0,0,33.72,1,1,"culm_stem",2,"h","w","p"
"Restio stokoei","Restio stokoei","RESTIONACEAE","Restio stokoei","Pillans","Restionaceae",1,0,"Perennial",0,1,1,0,0,0,0,0,0,"Mar","Apr",NA,NA,100,0,0,1,0,0,0,0,0,0,0,0,0,0,0,0,0,"leaf",1,0,0,0,0,0,38.68,1,1,"culm_stem",2,"h","w","p"
"Restio strictus","Restio strictus","RESTIONACEAE","Restio strictus","N.E.Br.","Restionaceae",1,0,"Perennial",0,1,1,0,0,0,0,1,0,"Sep","Oct",NA,NA,40,0,0,1,0,0,0,0,0,0,0,0,0,0,0,0,0,"leaf",1,0,0,0,0,0,NA,1,1,"culm_stem",2,"h","w","p"
"Restio subverticellatus","Ischyrolepis subverticillata","RESTIONACEAE","Restio subverticillatus","(Steud.) Mast.","Restionaceae",1,0,"Perennial",0,1,1,0,0,0,0,1,0,"Mar","Apr",NA,NA,150,0,0,1,0,0,0,0,0,0,0,0,0,0,0,0,0,"leaf",1,0,0,0,0,0,18.575,1,1,"culm_stem",2,"h","w","p"
"Restio tenuispicatus","Calopsis filiformis","RESTIONACEAE","Restio tenuispicatus","H.P.Linder & C.R.Hardy","Restionaceae",1,0,"Perennial",0,1,1,0,0,0,0,0,0,"Jun","Oct",NA,NA,60,0,0,1,0,0,0,0,0,0,0,0,0,0,0,0,0,"leaf",1,0,0,0,0,0,23.92,1,1,"culm_stem",2,"h","w","p"
"Restio tenuissimus","Ischyrolepis tenuissima","RESTIONACEAE","Restio tenuissimus","Kunth","Restionaceae",1,0,"Perennial",0,1,1,0,0,0,0,1,0,"Nov","May",NA,NA,25,0,0,1,0,0,0,0,1,0,0,0,0,0,0,0,0,"leaf",1,0,0,0,0,0,8.76,1,1,"culm_stem",2,"h","w","p"
"Restio triticeus","Restio triticeus","RESTIONACEAE","Restio triticeus","Rottb.","Restionaceae",1,0,"Perennial",0,1,1,0,0,0,0,1,0,"Feb","Apr",NA,NA,80,0,0,1,0,0,0,0,0,0,0,0,0,0,0,0,0,"leaf",1,0,0,0,0,0,44.82272727,1,1,"culm_stem",2,"h","w","p"
"Restio unispicatus","Ischyrolepis unispicata","RESTIONACEAE","Restio unispicatus","(H.P.Linder) H.P.Linder & C.R.Hardy","Restionaceae",1,0,"Perennial",0,1,1,0,0,0,0,1,0,"Nov","Jan",NA,NA,60,0,0,1,0,0,0,0,0,0,0,0,0,0,0,0,0,"leaf",1,0,0,0,0,0,25.46,1,1,"culm_stem",2,"h","w","p"
"Restio vallis-simius","Restio vallis-simius","RESTIONACEAE","Restio vallis-simius","H.P.Linder","Restionaceae",1,0,"Perennial",0,1,1,0,0,0,0,1,0,"May","Jun",NA,NA,100,0,0,1,0,0,0,0,0,0,0,0,0,0,0,0,0,"leaf",1,0,0,0,0,0,NA,1,1,"culm_stem",2,"h","w","p"
"Restio versatilis","Restio versatilis","RESTIONACEAE","Restio versatilis","H.P.Linder","Restionaceae",1,0,"Perennial",0,1,1,0,0,0,0,0,0,"Sep","Nov",NA,NA,40,0,0,1,0,0,0,0,1,0,0,0,0,0,0,0,0,"leaf",1,0,0,0,0,0,37.7,1,1,"culm_stem",2,"h","w","p"
"Restio vimineus","Calopsis viminea","RESTIONACEAE","Restio vimineus","Rottb.","Restionaceae",1,0,"Perennial",0,1,1,0,0,0,0,1,0,"Aug","May",NA,NA,100,0,0,1,0,0,0,0,0,0,0,0,0,0,0,0,0,"leaf",1,0,0,0,0,0,NA,1,1,"culm_stem",2,"h","w","p"
"Restio virgeus","Ischyrolepis virgea","RESTIONACEAE","Restio virgeus","Mast.","Restionaceae",1,0,"Perennial",0,1,1,0,0,0,0,1,0,"Oct","Mar",NA,NA,60,0,0,1,0,0,0,0,0,0,0,0,0,0,0,0,0,"leaf",1,0,0,0,0,0,46.1,1,1,"culm_stem",2,"h","w","p"
"Retzia capensis","Retzia capensis","STILBACEAE","Retzia capensis","Thunb.","Stilbaceae",1,0,"Perennial",1,0,1,0,0,0,0,1,0,"Sep","Mar",NA,NA,100,0,0,0,1,0,0,0,0,0,0,0,0,0,0,0,0,"leaf",0,1,0,0,0,0,4.06,0,0,"leaf",3,"h","i","p"
"Rhodocoma capensis","Rhodocoma capensis","RESTIONACEAE","Rhodocoma capense","Nees ex Steud.","Restionaceae",1,0,"Perennial",0,1,1,0,0,0,0,1,0,"Oct","Nov",NA,NA,200,0,0,1,0,0,0,0,0,0,0,0,0,0,0,0,0,"leaf",1,0,0,0,0,0,6.216666667,1,1,"culm_stem",2,"h","i","p"
"Rhodocoma fruticosa","Rhodocoma fruticosa","RESTIONACEAE","Rhodocoma fruticosa","(Thunb.) H.P.Linder","Restionaceae",1,0,"Perennial",0,1,1,0,0,0,0,1,0,"May","Jul",NA,NA,60,0,0,1,0,0,0,0,0,0,0,0,0,0,0,0,0,"leaf",1,0,0,0,0,0,65.09285714,1,1,"culm_stem",2,"h","i","p"
"Rhodocoma gigantea","Rhodocoma gigantea","RESTIONACEAE","Rhodocoma gigantea","(Kunth) H.P.Linder","Restionaceae",1,0,"Perennial",0,1,1,0,0,0,0,0,0,"Jun","Jul",NA,NA,300,0,0,1,0,0,0,0,0,0,0,0,0,0,0,0,0,"leaf",1,0,0,0,0,0,10.68,1,1,"culm_stem",2,"h","i","p"
"Rhoicissus digitata","Rhoicissus digitata","VITACEAE","Rhoicissus digitata","(L.f.) Gilg & M.Brandt","Vitaceae",1,0,"Perennial",1,0,1,1,0,0,0,0,0,"Jan","May",NA,NA,500,0,0,0,0,0,0,0,1,1,0,0,0,0,0,0,0,"leaf",0,0,1,1,0,0,2.2,0,0,"leaf",3,"m","i","m"
"Rhynchosia capensis","Rhynchosia capensis","FABACEAE","Rhynchosia capensis","Schinz","Fabaceae",1,0,"Perennial",1,0,1,0,0,1,0,1,0,"Aug","Mar",NA,NA,100,0,0,0,0,0,0,0,1,0,0,0,0,0,0,0,0,"leaf",0,0,1,1,0,0,NA,0,0,"leaf",3,"m","i","p"
"Rhynchosia ferulifolia","Rhynchosia ferulifolia","FABACEAE","Rhynchosia ferulifolia","(C.Presl) Benth. ex Harv.","Fabaceae",1,0,"Perennial",1,0,1,0,0,1,0,1,0,"Jul","Jan",NA,NA,10,0,0,0,1,0,0,0,1,0,0,0,0,0,0,0,0,"leaf",0,1,0,1,0,0,NA,0,0,"leaf",2,"m","i","p"
"Rhynchosia leucoscias","Rhynchosia leucoscias","FABACEAE","Rhynchosia leucoscias","Benth. ex Harv.","Fabaceae",1,0,"Perennial",1,0,1,0,0,1,0,0,0,"Sep","Dec",NA,NA,200,0,0,0,0,0,0,0,1,1,0,0,0,0,0,0,0,"leaf",0,1,0,1,0,0,NA,0,0,"leaf",2,"m","i","p"
"Robsonodendron maritimum","Robsonodendron maritimum","CELASTRACEAE","Robsonodendron maritimum","(Bolus) R.H.Archer","Celastraceae",1,0,"Perennial",1,0,1,0,0,0,0,1,0,"Jun","Oct",NA,NA,200,0,0,0,0,0,1,1,0,0,0,0,0,0,0,0,0,"leaf",0,0,1,0,0,0,4.825,0,0,"leaf",3,"m","i","m"
"Roella amplexicaulis","Roella amplexicaulis","CAMPANULACEAE","Roella amplexicaulis","Dod","Campanulaceae",1,0,"Perennial",1,0,1,0,0,0,0,0,0,"Nov","Apr",NA,NA,50,0,0,0,1,0,0,0,0,0,0,0,0,0,0,0,0,"leaf",0,0,1,0,0,0,0.933333333,0,0,"leaf",1,"h","i","p"
"Roella ciliata","Roella ciliata","CAMPANULACEAE","Roella ciliata","L.","Campanulaceae",1,0,"Perennial",1,0,1,0,0,0,0,0,0,"Aug","Mar",NA,NA,50,0,0,0,1,0,0,0,0,0,0,0,0,0,0,0,0,"leaf",1,0,0,0,0,0,0.543,0,0,"leaf",1,"m","i","p"
"Roella compacta","Roella compacta","CAMPANULACEAE","Roella compacta","Schltr.","Campanulaceae",1,0,"Perennial",1,0,1,0,0,0,0,0,0,"Dec","Feb",NA,NA,30,0,0,0,1,0,0,0,0,0,0,0,0,0,0,0,0,"leaf",1,0,0,0,0,0,NA,0,0,"leaf",1,"m","i","p"
"Roella decurrens","Roella decurrens","CAMPANULACEAE","Roella decurrens","L'Hér.","Campanulaceae",1,1,"Both",1,0,1,0,0,0,0,0,0,"Feb","Apr",NA,NA,70,1,0,0,0,0,0,0,0,0,0,0,0,0,0,0,0,"leaf",0,0,1,0,0,0,0.256833333,0,0,"leaf",1,"m","i","p"
"Roella prostrata","Roella prostrata","CAMPANULACEAE","Roella prostrata","E.Mey. ex A.DC.","Campanulaceae",1,0,"Perennial",1,0,1,0,0,0,0,0,0,"Dec","Mar",NA,NA,50,0,0,0,1,0,0,0,0,0,0,0,0,0,0,0,0,"leaf",1,0,0,0,0,0,NA,0,0,"leaf",1,"l","i","p"
"Roella recurvata","Roella recurvata","CAMPANULACEAE","Roella recurvata","A.DC.","Campanulaceae",1,0,"Perennial",1,0,1,0,0,0,0,0,0,"Jan","Feb",NA,NA,25,0,0,0,1,0,0,0,0,0,0,0,0,0,0,0,0,"leaf",0,0,1,0,0,0,0.2,0,0,"leaf",1,"m","i","p"
"Roella squarrosa","Roella squarrosa","CAMPANULACEAE","Roella squarrosa","P.J.Bergius","Campanulaceae",1,0,"Perennial",1,0,1,0,0,0,0,0,0,"Dec","Mar",NA,NA,50,0,0,0,1,0,0,0,0,0,0,0,0,0,0,0,0,"leaf",0,0,1,0,0,0,NA,0,0,"leaf",1,"m","i","p"
"Roella triflora","Roella triflora","CAMPANULACEAE","Roella triflora","(R.D.Good) Adamson","Campanulaceae",1,0,"Perennial",1,0,1,0,0,0,0,0,0,"Dec","May",NA,NA,20,0,0,0,1,0,0,0,0,0,0,0,0,0,0,0,0,"leaf",1,0,0,0,0,0,0.304285714,0,0,"leaf",1,"m","i","p"
"Roepera flexuosa","Zygophyllum flexuosum","ZYGOPHYLLACEAE","Roepera flexuosa","(Eckl. & Zeyh.) Beier & Thulin","Zygophyllaceae",1,0,"Perennial",1,0,1,0,0,0,0,0,0,"Jun","Oct",NA,NA,70,0,0,0,1,0,0,0,0,0,0,0,0,1,1,0,0,"leaf",0,0,1,1,0,0,1.8,0,0,"leaf",2,"m","i","i"
"Roepera foetida","Zygophyllum foetidum","ZYGOPHYLLACEAE","Roepera foetida","(Schrad. & J.C.Wendl.) Beier & Thulin","Zygophyllaceae",1,0,"Perennial",1,0,0,1,0,0,0,0,0,"Jul","Oct",NA,NA,200,0,0,0,0,0,1,0,1,0,0,0,0,1,1,0,0,"leaf",0,0,1,1,0,0,NA,0,0,"leaf",2,"l","i","i"
"Roepera fulva","Zygophyllum fulvum","ZYGOPHYLLACEAE","Roepera fulva","(L.) Beier & Thulin","Zygophyllaceae",1,0,"Perennial",1,0,1,0,0,0,0,0,0,"Jul","Oct",NA,NA,100,0,0,0,1,0,0,0,0,0,0,0,0,1,1,0,0,"leaf",0,0,1,1,0,0,1.68,0,0,"leaf",2,"m","i","i"
"Roepera morgsana","Zygophyllum morgsana","ZYGOPHYLLACEAE","Roepera morgsana","(L.) Beier & Thulin","Zygophyllaceae",1,0,"Perennial",1,0,0,1,0,0,0,0,0,"Apr","Oct",NA,NA,150,0,0,0,0,1,0,0,1,0,0,0,0,1,1,0,0,"leaf",0,0,1,1,0,0,5.066666667,0,0,"leaf",2,"l","i","i"
"Roepera spinosa","Zygophyllum procumbens","ZYGOPHYLLACEAE","Roepera spinosa","(L.) Beier & Thulin","Zygophyllaceae",1,0,"Perennial",1,0,1,0,0,0,0,0,0,"Jun","Aug",NA,NA,20,0,0,0,1,0,0,0,0,0,0,0,0,1,1,0,0,"leaf",1,0,0,1,0,0,1.155555556,0,0,"leaf",2,"m","i","i"
"Rumohra adiantiformis","Rumohra adiantiformis","DRYOPTERIDACEAE","Rumohra adiantiformis","(G.Forst.) Ching","Dryopteridaceae",1,0,"Perennial",1,0,1,0,0,0,0,1,0,NA,NA,NA,NA,100,1,0,0,0,0,0,0,0,0,0,0,0,0,0,0,0,"frond",0,0,1,1,0,1,46.44,0,0,"leaf",3,"l","w","w"
"Ruschia aspera","Ruschia aspera","AIZOACEAE","Ruschia aspera","L.Bolus","Aizoaceae",1,0,"Perennial",1,0,1,0,0,1,0,0,0,"Sep","Oct",NA,NA,20,0,0,0,1,0,0,0,0,0,0,0,0,1,1,1,0,"leaf",0,1,0,0,0,0,2.712,0,0,"leaf",2,"l","i","p"
"Ruschia decumbens","Ruschia decumbens","AIZOACEAE","Ruschia decumbens","L.Bolus","Aizoaceae",1,0,"Perennial",1,0,1,0,0,1,0,0,0,"Dec","Dec",NA,NA,10,0,0,0,1,0,0,0,0,0,0,0,0,1,1,1,0,"leaf",1,0,0,0,0,0,1.5,0,0,"leaf",2,"l","i","p"
"Ruschia dichroa","Ruschia dichroa","AIZOACEAE","Ruschia dichroa","(Rolfe) L.Bolus","Aizoaceae",1,0,"Perennial",1,0,1,0,0,1,0,0,0,"May","Jul",NA,NA,10,0,0,0,1,0,0,0,0,0,0,0,0,1,1,1,0,"leaf",1,0,0,0,0,0,5.46,0,0,"leaf",2,"l","i","p"
"Ruschia fredericii","Ruschia fredericii","AIZOACEAE","Ruschia frederici","(L.Bolus) L.Bolus","Aizoaceae",1,0,"Perennial",1,0,1,0,0,1,0,0,0,"Sep","Oct",NA,NA,50,0,0,0,1,0,0,0,0,0,0,0,0,1,1,1,0,"leaf",1,0,0,0,0,0,2,0,0,"leaf",2,"i","i","p"
"Ruschia knysnana","Ruschia knysnana","AIZOACEAE","Ruschia knysnana","(L.Bolus) L.Bolus","Aizoaceae",1,0,"Perennial",1,0,1,0,0,1,0,0,0,"Jan","Mar",NA,NA,40,0,0,0,1,0,0,0,0,0,0,0,0,1,1,1,0,"leaf",1,1,0,0,0,0,3,0,0,"leaf",2,"l","i","p"
"Ruschia lineolata","Ruschia lineolata","AIZOACEAE","Ruschia lineolata","(Haw.) Schwantes","Aizoaceae",1,0,"Perennial",1,0,1,0,0,1,0,0,0,"Aug","Sep",NA,NA,15,0,0,0,1,0,0,0,1,0,0,0,0,1,1,1,0,"leaf",1,0,0,0,0,0,1,0,0,"leaf",2,"l","i","p"
"Ruschia macowanii","Ruschia macowanii","AIZOACEAE","Ruschia macowanii","(L.Bolus) Schwantes","Aizoaceae",1,0,"Perennial",1,0,1,0,0,1,0,0,0,"Aug","Oct",NA,NA,20,0,0,0,1,0,0,0,1,0,0,0,0,1,1,1,0,"leaf",1,0,0,0,0,0,2.5,0,0,"leaf",2,"l","i","p"
"Ruschia sarmentosa","Ruschia sarmentosa","AIZOACEAE","Ruschia sarmentosa","(Haw.) Schwantes","Aizoaceae",1,0,"Perennial",1,0,1,0,0,1,0,0,0,"Jul","Aug",NA,NA,15,0,0,0,1,0,0,0,1,0,0,0,0,1,1,1,0,"leaf",1,0,0,0,0,0,3.133333333,0,0,"leaf",2,"l","i","p"
"Ruschia tardissima","Ruschia tardissima","AIZOACEAE","Ruschia tardissima","L.Bolus","Aizoaceae",1,0,"Perennial",1,0,1,0,0,1,0,0,0,"Jun","Jul",NA,NA,10,0,0,0,1,0,0,0,0,0,0,0,0,1,1,1,0,"leaf",1,0,0,0,0,0,NA,0,0,"leaf",2,"l","i","p"
"Ruschia virgata","Ruschia virgata","AIZOACEAE","Ruschia virgata","(Haw.) L.Bolus","Aizoaceae",1,0,"Perennial",1,0,1,0,0,1,0,0,0,"Oct","Oct",NA,NA,30,0,0,0,1,0,0,0,0,0,0,0,0,1,1,1,0,"leaf",1,1,0,0,0,0,1.920952381,0,0,"leaf",2,"l","i","p"
"Salix mucronata","Salix mucronata","SALICACEAE","Salix mucronata","Thunb.","Salicaceae",1,0,"Perennial",1,0,1,0,0,0,0,0,0,"Sep","Oct",NA,NA,1200,0,0,0,0,0,1,1,0,0,0,0,0,0,0,0,0,"leaf",0,1,0,0,0,0,NA,0,0,"leaf",3,"m","i","p"
"Saltera sarcocolla","Saltera sarcocolla","PENAEACEAE","Penaea sarcocolla","L.","Penaeaceae",1,0,"Perennial",1,0,1,0,0,0,0,1,0,"Aug","Dec",NA,NA,150,0,0,0,0,1,0,0,0,0,0,0,0,0,0,0,0,"leaf",0,1,0,0,0,0,0.983333333,0,0,"leaf",3,"h","i","p"
"Salvia africana-lutea","Salvia africana-lutea","LAMIACEAE","Salvia aurea","L.","Lamiaceae",1,0,"Perennial",1,0,1,0,0,0,0,1,0,"Jun","Dec",NA,NA,200,0,0,0,0,0,1,0,0,0,0,0,0,0,0,0,0,"leaf",0,0,1,0,0,0,2.34,0,0,"leaf",3,"h","i","p"
"Salvia albicaulis","Salvia albicaulis","LAMIACEAE","Salvia albicaulis","Benth.","Lamiaceae",1,0,"Perennial",1,0,1,0,0,0,0,1,0,"Nov","May",NA,NA,60,0,0,0,1,0,0,0,0,0,0,0,0,0,0,0,0,"leaf",0,1,0,0,0,0,3.44,0,0,"leaf",3,"h","i","p"
"Samolus valerandi","Samolus valerandi","PRIMULACEAE","Samolus valerandi","L.","Primulaceae",1,0,"Perennial",1,0,0,1,0,0,0,0,0,"Nov","Jan",NA,NA,60,1,0,0,0,0,0,0,0,0,0,0,0,0,0,0,0,"leaf",0,0,1,0,0,0,NA,0,1,"leaf",2,"m","i","p"
"Sarcostemma viminale","Sarcostemma viminale","APOCYNACEAE","Cynanchum viminale","(L.) L.","Apocynaceae",1,0,"Perennial",1,0,1,0,0,0,0,0,0,"Jan","Dec",NA,NA,300,0,0,0,0,0,0,0,1,1,0,0,1,1,0,1,0,"leaf",0,0,0,0,0,0,17.66666667,1,1,"culm_stem",3,"l","i","w"
"Satyrium longicolle","Satyrium longicolle","ORCHIDACEAE","Satyrium longicolle","Lindl.","Orchidaceae",1,0,"Perennial",1,0,0,1,1,1,1,1,0,"Oct","Dec",NA,NA,40,0,1,0,0,0,0,0,0,0,0,0,0,0,0,0,0,"leaf",0,0,1,0,0,0,NA,0,0,"leaf",2,"l","i","p"
"Satyrium odorum","Satyrium odorum","ORCHIDACEAE","Satyrium odorum","Sond.","Orchidaceae",1,0,"Perennial",1,0,0,1,1,1,0,1,0,"Aug","Oct",NA,NA,55,0,1,0,0,0,0,0,0,0,0,0,0,0,0,0,0,"leaf",0,0,1,0,0,0,NA,0,0,"leaf",2,"l","i","p"
"Satyrium stenopetalum","Satyrium stenopetalum","ORCHIDACEAE","Satyrium stenopetalum","Lindl.","Orchidaceae",1,0,"Perennial",1,0,0,1,1,1,0,1,0,"Sep","Dec",NA,NA,60,0,1,0,0,0,0,0,0,0,0,0,0,0,0,0,0,"leaf",0,0,1,0,0,0,NA,0,0,"leaf",2,"l","i","p"
"Scabiosa africana","Scabiosa africana","DIPSACACEAE","Scabiosa africana","L.","Caprifoliaceae",1,0,"Perennial",1,0,1,0,0,0,0,0,0,"Jul","Nov",NA,NA,100,0,0,0,1,0,0,0,0,0,0,0,0,0,0,0,0,"leaf",0,1,0,0,1,1,11.7375,0,0,"leaf",2,"h","i","i"
"Scabiosa columbaria","Scabiosa columbaria","DIPSACACEAE","Scabiosa columbaria","L.","Caprifoliaceae",1,0,"Perennial",1,0,1,0,0,0,0,0,0,"Aug","Feb",NA,NA,80,1,0,0,0,0,0,0,0,0,0,0,0,0,0,0,0,"leaf",0,1,0,0,1,1,5.7375,0,0,"leaf",2,"m","i","i"
"Schizaea pectinata","Schizaea pectinata","SCHIZAEACEAE","Schizaea pectinata","(L.) Sw.","Schizaeaceae",1,0,"Perennial",1,0,1,0,0,0,0,1,0,NA,NA,NA,NA,20,0,0,0,0,0,0,0,0,0,0,0,1,0,0,0,0,"frond",1,0,0,0,0,1,14.75,0,0,"leaf",2,"l","w","w"
"Schizoglossum aschersonianum","Schizoglossum aschersonianum","APOCYNACEAE","Schizoglossum aschersonianum","Schltr.","Apocynaceae",1,0,"Perennial",1,0,1,0,0,1,0,1,0,"Dec","Apr",NA,NA,15,1,0,0,0,0,0,0,0,0,0,0,0,0,0,0,0,"leaf",1,0,0,0,0,0,NA,0,0,"leaf",2,"l","i","w"
"Schoenoxiphium ecklonii","Schoenoxiphium ecklonii","CYPERACEAE","Carex capensis","Thunb.","Cyperaceae",1,0,"Perennial",1,0,1,0,0,1,0,0,0,"Jun","Oct",NA,NA,30,0,0,1,0,0,0,0,0,0,0,0,0,0,0,0,0,"leaf",1,0,0,0,0,0,14.58333333,0,0,"leaf",2,"l","w","p"
"Schoenoxiphium lanceum","Schoenoxiphium lanceum","CYPERACEAE","Carex lancea","(Thunb.) Baill.","Cyperaceae",1,0,"Perennial",1,0,1,0,0,1,0,0,0,"Jun","Nov",NA,NA,60,0,0,1,0,0,0,0,0,0,0,0,0,0,0,0,0,"leaf",1,1,0,0,0,0,NA,0,0,"leaf",2,"l","w","p"
"Schotia latifolia","Schotia latifolia","FABACEAE","Schotia latifolia","Jacq.","Fabaceae",1,0,"Perennial",1,0,1,0,0,0,0,1,0,"Nov","Jan",NA,NA,500,0,0,0,0,0,0,1,0,0,0,0,0,0,0,0,0,"leaf",0,0,1,1,0,0,4.788888889,0,0,"leaf",3,"l","i","m"
"Searsia angustifolia","Rhus angustifolia","ANACARDIACEAE","Searsia angustifolia","(L.) F.A.Barkley","Anacardiaceae",1,0,"Perennial",1,0,1,0,0,0,0,1,0,"Oct","Nov",NA,NA,400,0,0,0,0,0,1,1,0,0,0,0,0,0,0,0,0,"leaf",0,1,1,1,0,0,7.88,0,0,"leaf",3,"h","i","m"
"Searsia dentata","Rhus dentata","ANACARDIACEAE","Searsia dentata","(Thunb.) F.A.Barkley","Anacardiaceae",1,0,"Perennial",1,0,0,1,0,0,0,1,0,"Oct","Nov",NA,NA,200,0,0,0,0,0,1,0,0,0,0,0,0,0,0,0,0,"leaf",0,0,1,1,0,0,1.6,0,0,"leaf",3,"h","i","m"
"Searsia dissecta","Searsia dissecta","ANACARDIACEAE","Searsia dissecta","(Thunb.) Moffett","Anacardiaceae",1,0,"Perennial",1,0,0,1,0,0,0,1,0,"Jul","Jul",NA,NA,150,0,0,0,0,1,0,0,0,0,0,0,0,0,0,0,0,"leaf",0,0,1,1,0,1,2.12,0,0,"leaf",3,"h","i","m"
"Searsia glauca","Rhus glauca","ANACARDIACEAE","Searsia glauca","(Thunb.) Moffett","Anacardiaceae",1,0,"Perennial",1,0,1,0,0,0,0,1,0,"Jun","Sep",NA,NA,400,0,0,0,0,0,1,1,0,0,0,0,0,0,0,0,0,"leaf",0,0,1,1,0,0,2.99,0,0,"leaf",3,"h","i","m"
"Searsia incisa","Rhus incisa","ANACARDIACEAE","Searsia incisa","(L.f.) F.A.Barkley","Anacardiaceae",1,0,"Perennial",1,0,0,1,0,0,0,1,0,"Jun","Jun",NA,NA,300,0,0,0,0,0,1,0,0,0,0,0,0,0,0,0,0,"leaf",0,0,1,1,1,0,3,0,0,"leaf",3,"h","i","m"
"Searsia laevigata","Rhus laevigata","ANACARDIACEAE","Searsia laevigata","(L.) F.A.Barkley","Anacardiaceae",1,0,"Perennial",1,0,0,1,0,0,0,1,0,"Oct","Dec",NA,NA,250,0,0,0,0,0,1,0,0,0,0,0,0,0,0,0,0,"leaf",0,0,1,1,0,0,6.390909091,0,0,"leaf",3,"h","i","m"
"Searsia longispina","Rhus longispina","ANACARDIACEAE","Searsia longispina","(Eckl. & Zeyh.) Moffett","Anacardiaceae",1,0,"Perennial",1,0,1,0,0,0,0,1,0,"May","Jul",NA,NA,400,0,0,0,0,0,1,0,0,0,0,0,0,0,0,0,0,"leaf",0,1,0,1,0,0,2,0,0,"leaf",3,"h","i","m"
"Searsia lucida","Rhus lucida","ANACARDIACEAE","Searsia lucida","(L.) F.A.Barkley","Anacardiaceae",1,0,"Perennial",1,0,1,0,0,0,0,1,0,"Aug","Oct",NA,NA,300,0,0,0,0,0,1,0,0,0,0,0,0,0,0,0,0,"leaf",0,0,1,1,0,0,3.46875,0,0,"leaf",3,"h","i","m"
"Searsia pallens","Rhus pallens","ANACARDIACEAE","Searsia pallens","(Eckl. & Zeyh.) Moffett","Anacardiaceae",1,0,"Perennial",1,0,1,0,0,0,0,1,0,"Mar","Jul",NA,NA,300,0,0,0,0,0,1,0,0,0,0,0,0,0,0,0,0,"leaf",0,1,0,1,0,0,NA,0,0,"leaf",3,"h","i","m"
"Searsia rimosa","Rhus rimosa","ANACARDIACEAE","Searsia rimosa","(Eckl. & Zeyh.) Moffett","Anacardiaceae",1,0,"Perennial",1,0,1,0,0,0,0,1,0,"Sep","Oct",NA,NA,250,0,0,0,0,0,1,0,0,0,0,0,0,0,0,0,0,"leaf",0,1,0,1,0,0,3.392,0,0,"leaf",3,"h","i","m"
"Searsia rosmarinifolia","Rhus rosmarinifolia","ANACARDIACEAE","Searsia rosmarinifolia","(Vakl) F.A.Barkley","Anacardiaceae",1,0,"Perennial",1,0,1,0,0,0,0,1,0,"May","Aug",NA,NA,100,0,0,0,1,0,0,0,0,0,0,0,0,0,0,0,0,"leaf",1,0,0,1,0,0,2.301428571,0,0,"leaf",3,"h","i","m"
"Searsia scytophylla","Rhus scytophylla","ANACARDIACEAE","Searsia scytophylla","(Eckl. & Zeyh.) Moffett","Anacardiaceae",1,0,"Perennial",1,0,1,0,0,0,0,1,0,"Jun","Jul",NA,NA,200,0,0,0,0,0,1,0,0,0,0,0,0,0,0,0,0,"leaf",0,0,1,1,0,0,3.972,0,0,"leaf",3,"h","i","m"
"Searsia tomentosa","Rhus tomentosa","ANACARDIACEAE","Searsia tomentosa","(L.) F.A.Barkley","Anacardiaceae",1,0,"Perennial",1,0,1,0,0,0,0,1,0,"Jul","Aug",NA,NA,600,0,0,0,0,0,1,1,0,0,0,0,0,0,0,0,0,"leaf",0,0,1,1,0,0,6.71,0,0,"leaf",3,"h","i","m"
"Searsia undulata","Rhus undulata","ANACARDIACEAE","Searsia undulata","(Jacq.) T.S.Yi, A.J.Mill. & J.Wen","Anacardiaceae",1,0,"Perennial",1,0,1,0,0,0,0,1,0,"Apr","May",NA,NA,300,0,0,0,0,0,1,0,0,0,0,0,0,0,0,0,0,"leaf",0,1,0,1,0,0,2.9,0,0,"leaf",3,"h","i","m"
"Sebaea aurea","Sebaea aurea","GENTIANACEAE","Sebaea aurea","(L.f.) Sm.","Gentianaceae",0,1,"Annual",1,0,0,1,1,1,0,0,0,"Oct","Dec",NA,NA,30,1,0,0,0,0,0,0,0,0,0,0,0,0,0,0,0,"leaf",0,0,1,0,0,0,NA,0,0,"leaf",0,"l","i","p"
"Sebaea capitata","Sebaea capitata","GENTIANACEAE","Sebaea capitata","Schltdl.","Gentianaceae",0,1,"Annual",1,0,0,1,1,1,0,0,0,"Oct","Jan",NA,NA,30,1,0,0,0,0,0,0,0,0,0,0,0,0,0,0,0,"leaf",0,0,1,0,0,0,NA,0,0,"leaf",0,"l","i","p"
"Sebaea exacoides","Sebaea exacoides","GENTIANACEAE","Sebaea exacoides","(L.) Schinz","Gentianaceae",0,1,"Annual",1,0,0,1,1,1,0,0,0,"Aug","Oct",NA,NA,30,1,0,0,0,0,0,0,0,0,0,0,0,0,0,0,0,"leaf",0,0,1,0,0,0,NA,0,0,"leaf",0,"l","i","p"
"Sebaea stricta","Sebaea stricta","GENTIANACEAE","Sebaea stricta","(E.Mey.) Gilg","Gentianaceae",1,0,"Perennial",1,0,1,0,1,1,0,0,0,"Mar","Oct",NA,NA,60,1,0,0,0,0,0,0,0,0,0,0,0,0,0,0,0,"leaf",0,0,1,0,0,0,NA,0,0,"leaf",1,"l","i","p"
"Sebaea sulphurea","Sebaea sulphurea","GENTIANACEAE","Sebaea sulphurea","Schltdl.","Gentianaceae",0,1,"Annual",1,0,0,1,1,1,0,0,0,"Sep","Nov",NA,NA,15,1,0,0,0,0,0,0,0,0,0,0,0,0,0,0,0,"leaf",0,0,1,0,0,0,NA,0,0,"leaf",0,"l","i","p"
"Sebaea zeyheri","Sebaea zeyheri","GENTIANACEAE","Sebaea zeyheri","Schinz","Gentianaceae",0,1,"Annual",1,0,0,1,1,1,0,0,0,"Sep","Nov",NA,NA,25,1,0,0,0,0,0,0,0,0,0,0,0,0,0,0,0,"leaf",0,0,1,0,0,0,NA,0,0,"leaf",0,"l","i","p"
"Secamone alpini","Secamone alpini","APOCYNACEAE","Secamone alpini","Schult.","Apocynaceae",1,0,"Perennial",1,0,1,0,0,0,0,0,0,"Oct","Jan",NA,NA,1000,0,0,0,0,0,1,0,1,1,0,0,0,0,0,0,0,"leaf",0,1,1,0,0,0,4.1,0,0,"leaf",3,"l","i","w"
"Selago brevifolia","Selago brevifolia","SCROPHULARIACEAE","Selago brevifolia","Rolfe","Scrophulariaceae",1,0,"Perennial",1,0,1,0,0,1,0,0,0,"Oct","Nov",NA,NA,30,0,0,0,1,0,0,0,0,0,0,0,0,0,0,0,0,"leaf",0,0,1,0,0,0,NA,0,0,"leaf",1,"m","i","p"
"Selago canescens","Selago canescens","SCROPHULARIACEAE","Selago canescens","L.f.","Scrophulariaceae",1,0,"Perennial",1,0,1,0,0,1,0,0,0,"Jul","Sep",NA,NA,50,0,0,0,1,0,0,0,0,0,0,0,0,0,0,0,0,"leaf",0,1,0,0,0,0,1.213333333,0,0,"leaf",1,"m","i","p"
"Selago corymbosa","Selago corymbosa","SCROPHULARIACEAE","Selago corymbosa","L.","Scrophulariaceae",1,0,"Perennial",1,0,1,0,0,1,0,0,0,"Feb","Apr",NA,NA,60,0,0,0,1,0,0,0,0,0,0,0,0,0,0,0,0,"leaf",1,0,0,0,0,0,0.501666667,0,0,"leaf",1,"m","i","p"
"Selago glomerata","Selago glomerata","SCROPHULARIACEAE","Selago glomerata","Thunb.","Scrophulariaceae",1,0,"Perennial",1,0,1,0,0,1,0,0,0,"Sep","Mar",NA,NA,100,0,0,0,1,0,0,0,0,0,0,0,0,0,0,0,0,"leaf",0,1,0,0,0,0,0.523333333,0,0,"leaf",1,"m","i","p"
"Selago glutinosa","Selago glutinosa","SCROPHULARIACEAE","Selago glutinosa","E.Mey.","Scrophulariaceae",1,0,"Perennial",1,0,1,0,0,1,0,0,0,"Aug","Nov",NA,NA,30,0,0,0,0,0,0,0,0,0,0,0,0,0,0,0,0,"leaf",1,0,0,0,0,0,NA,0,0,"leaf",1,"m","i","p"
"Selago lamprocarpa","Selago lamprocarpa","SCROPHULARIACEAE","Selago lamprocarpa","Schltr. ex Rolfe","Scrophulariaceae",1,0,"Perennial",1,0,1,0,0,1,0,0,0,"Oct","Jan",NA,NA,100,0,0,0,0,0,0,0,0,0,0,0,0,0,0,0,0,"leaf",0,1,0,0,0,0,NA,0,0,"leaf",1,"m","i","p"
"Selago levynsiae","Selago scabrida","SCROPHULARIACEAE","Selago levynsiae","Hilliard","Scrophulariaceae",1,0,"Perennial",1,0,1,0,0,1,0,0,0,"Oct","Mar",NA,NA,45,0,0,0,1,0,0,0,0,0,0,0,0,0,0,0,0,"leaf",0,0,1,0,0,0,NA,0,0,"leaf",1,"m","i","p"
"Selago pustulosa","Selago pustulosa","SCROPHULARIACEAE","Selago pustulosa","Hilliard","Scrophulariaceae",1,0,"Perennial",1,0,1,0,0,1,0,0,0,"Sep","Nov",NA,NA,50,0,0,0,0,0,0,0,0,0,0,0,0,0,0,0,0,"leaf",1,0,0,0,0,0,0.468,0,0,"leaf",1,"m","i","p"
"Senecio acaulis","Senecio acaulis","ASTERACEAE","Senecio acaulis","(L.f.) Sch.Bip.","Asteraceae",1,0,"Perennial",1,0,1,0,0,1,0,1,0,"Oct","Nov",NA,NA,30,1,0,0,0,0,0,0,0,0,0,0,0,1,1,1,0,"leaf",1,0,0,0,0,0,8.101666667,0,0,"leaf",2,"l","i","w"
"Senecio albanensis","Senecio albanensis","ASTERACEAE","Senecio albanensis","DC.","Asteraceae",1,0,"Perennial",1,0,1,0,0,1,0,1,0,"Aug","Apr",NA,NA,80,1,0,0,0,0,0,0,0,0,0,0,0,0,0,0,0,"leaf",0,1,0,0,0,0,NA,0,0,"leaf",2,"l","i","w"
"Senecio arenarius","Senecio arenarius","ASTERACEAE","Senecio arenarius","Thunb.","Asteraceae",0,1,"Annual",1,0,1,0,1,1,0,0,0,"Jul","Sep",NA,NA,40,1,0,0,0,0,0,0,0,0,0,0,0,0,0,0,0,"leaf",0,0,1,0,0,1,NA,0,0,"leaf",0,"l","i","w"
"Senecio arniciflorus","Senecio arniciflorus","ASTERACEAE","Senecio arniciflorus","DC.","Asteraceae",1,0,"Perennial",1,0,1,0,0,1,0,0,0,"Aug","Oct",NA,NA,30,0,0,0,1,0,0,0,0,0,0,0,0,0,0,0,0,"leaf",0,1,0,0,0,0,NA,0,0,"leaf",2,"m","i","w"
"Senecio bipinnatus","Senecio bipinnatus","ASTERACEAE","Senecio bipinnatus","Less.","Asteraceae",1,0,"Perennial",1,0,1,0,0,1,0,1,0,"Jan","Mar",NA,NA,50,1,0,0,0,0,0,0,0,0,0,0,0,0,0,0,0,"leaf",0,1,0,0,1,1,NA,0,0,"leaf",2,"m","i","w"
"Senecio burchellii","Senecio burchellii","ASTERACEAE","Senecio burchellii","DC.","Asteraceae",1,1,"Both",1,0,1,0,1,1,0,0,0,"Apr","Jul",NA,NA,40,0,0,0,1,0,0,0,0,0,0,0,0,0,0,0,0,"leaf",1,0,0,0,0,0,NA,0,0,"leaf",1,"l","i","w"
"Senecio chrysocoma","Senecio chrysocoma","ASTERACEAE","Senecio chrysocoma","Meerb.","Asteraceae",1,0,"Biennial",1,0,1,0,0,1,0,0,0,"Nov","Jan",NA,NA,100,1,0,0,0,0,0,0,0,0,0,0,0,0,0,0,0,"leaf",1,0,0,0,0,0,NA,0,0,"leaf",1,"m","i","w"
"Senecio cordifolius","Senecio cordifolius","ASTERACEAE","Senecio cordifolius","L.f.","Asteraceae",1,0,"Perennial",1,0,1,0,0,1,0,1,0,"Jan","Apr",NA,NA,40,1,0,0,0,0,0,0,0,0,0,0,0,0,0,0,0,"leaf",0,0,1,0,0,0,NA,0,0,"leaf",2,"l","i","w"
"Senecio crassiusculus","Senecio crassiusculus","ASTERACEAE","Senecio crassiusculus","DC.","Asteraceae",1,0,"Perennial",1,0,1,0,0,1,0,1,0,"Oct","Mar",NA,NA,50,0,0,0,1,0,0,0,0,0,0,0,0,1,1,1,0,"leaf",1,1,0,0,1,0,NA,0,0,"leaf",2,"l","i","w"
"Senecio crassulifolius","Senecio crassulaefolius","ASTERACEAE","Senecio crassulifolius","Sch.Bip.","Asteraceae",1,0,"Perennial",1,0,1,0,0,1,0,1,0,"Aug","Dec",NA,NA,30,1,0,0,0,0,0,0,0,0,0,0,0,1,1,1,0,"leaf",1,0,0,0,0,0,7,0,0,"leaf",2,"l","i","w"
"Senecio crenatus","Senecio crenatus","ASTERACEAE","Senecio crenatus","Thunb.","Asteraceae",1,0,"Perennial",1,0,1,0,0,1,0,1,0,"Nov","May",NA,NA,100,0,0,0,1,0,0,0,0,0,0,0,0,0,0,0,0,"leaf",0,0,1,0,0,0,5.6,0,0,"leaf",2,"h","i","w"
"Senecio crenulatus","Senecio crenulatus","ASTERACEAE","Senecio crenulatus","DC.","Asteraceae",1,0,"Perennial",1,0,1,0,0,1,0,1,0,"Apr","May",NA,NA,30,1,0,0,0,0,0,0,0,0,0,0,0,0,0,0,0,"leaf",0,1,0,0,0,0,NA,0,0,"leaf",2,"h","i","w"
"Senecio elegans","Senecio elegans","ASTERACEAE","Senecio elegans","L.","Asteraceae",0,1,"Annual",1,0,1,0,1,1,0,0,0,"Sep","Nov",NA,NA,100,1,0,0,0,0,0,0,0,0,0,0,0,0,0,0,0,"leaf",0,1,0,0,0,1,8.14,0,0,"leaf",0,"l","i","w"
"Senecio erosus","Senecio erosus","ASTERACEAE","Senecio erosus","L.f.","Asteraceae",1,0,"Perennial",1,0,1,0,0,1,0,1,0,"Aug","Sep",NA,NA,60,1,0,0,0,0,0,0,0,0,0,0,0,0,0,0,0,"leaf",0,1,0,0,1,1,NA,0,0,"leaf",2,"m","i","w"
"Senecio ficoides","Senecio ficoides","ASTERACEAE","Senecio ficoides","Sch.Bip.","Asteraceae",1,0,"Perennial",1,0,1,0,0,0,0,1,0,"Mar","Jul",NA,NA,50,1,0,0,0,0,0,0,0,0,0,0,0,1,1,1,0,"leaf",1,0,0,0,0,0,5.816666667,0,0,"leaf",3,"l","i","w"
"Senecio gramineus","Senecio gramineus","ASTERACEAE","Senecio gramineus","Harv.","Asteraceae",1,0,"Perennial",1,0,1,0,0,1,0,1,0,"Nov","Jan",NA,NA,25,1,0,0,0,0,0,0,0,0,0,0,0,0,0,0,0,"leaf",1,0,0,0,0,0,NA,0,0,"leaf",2,"m","i","w"
"Senecio halimifolius","Senecio halimifolius","ASTERACEAE","Senecio halimifolius","L.","Asteraceae",1,0,"Perennial",1,0,1,0,0,0,0,0,0,"Nov","Jan",NA,NA,150,0,0,0,0,1,0,0,0,0,0,0,0,0,0,0,0,"leaf",0,1,1,0,0,0,4.28,0,0,"leaf",2,"h","i","w"
"Senecio hastatus","Senecio hastatus","ASTERACEAE","Senecio hastatus","L.","Asteraceae",1,0,"Perennial",1,0,1,0,0,1,0,0,0,"Sep","May",NA,NA,40,1,0,0,0,0,0,0,0,0,0,0,0,0,0,0,0,"leaf",0,1,0,0,0,1,NA,0,0,"leaf",2,"m","i","w"
"Senecio hollandii","Senecio hollandii","ASTERACEAE","Senecio hollandii","Compton","Asteraceae",1,0,"Perennial",1,0,1,0,0,0,0,1,0,"Sep","Dec",NA,NA,70,0,0,0,1,0,0,0,0,0,0,0,0,0,0,0,0,"leaf",0,0,1,0,0,0,2.75,0,0,"leaf",2,"m","i","w"
"Senecio ilicifolius","Senecio ilicifolius","ASTERACEAE","Senecio ilicifolius","L.","Asteraceae",1,0,"Perennial",1,0,1,0,0,1,0,0,0,"Jun","Jan",NA,NA,100,0,0,0,1,0,0,0,0,0,0,0,0,0,0,0,0,"leaf",0,0,1,0,1,0,NA,0,0,"leaf",1,"m","i","w"
"Senecio incertus","Senecio tuberosus","ASTERACEAE","Senecio tuberosus","Harv.","Asteraceae",1,0,"Perennial",1,0,1,0,0,1,0,1,0,"Sep","Oct",NA,NA,40,1,0,0,0,0,0,0,0,0,0,0,0,0,0,0,0,"leaf",0,1,1,0,1,1,NA,0,0,"leaf",2,"m","i","w"
"Senecio lanifer","Senecio lanifer","ASTERACEAE","Senecio lanifer","Mart. ex C.Jeffrey","Asteraceae",1,0,"Perennial",1,0,1,0,0,1,0,1,0,"Jul","Oct",NA,NA,60,1,0,0,0,0,0,0,0,0,0,0,0,0,0,0,0,"leaf",0,1,0,0,1,1,9.92,0,0,"leaf",2,"h","i","w"
"Senecio lineatus","Senecio lineatus","ASTERACEAE","Senecio lineatus","DC.","Asteraceae",1,0,"Perennial",1,0,1,0,0,1,0,1,0,"Jan","May",NA,NA,60,0,0,0,1,0,0,0,0,0,0,0,0,0,0,0,0,"leaf",0,0,1,0,1,0,NA,0,0,"leaf",2,"h","i","w"
"Senecio linifolius","Senecio linifolius","ASTERACEAE","Senecio linifolius","L.","Asteraceae",1,0,"Perennial",1,0,1,0,0,1,0,1,0,"Apr","Nov",NA,NA,100,0,0,0,0,1,0,0,0,0,0,0,0,1,1,0,0,"leaf",1,0,0,0,0,0,9.5,0,0,"leaf",2,"h","i","w"
"Senecio othonniflorus","Senecio othonniflorus","ASTERACEAE","Senecio othonniflorus","DC.","Asteraceae",1,0,"Perennial",1,0,1,0,0,1,0,1,0,"Nov","Jun",NA,NA,60,1,0,0,0,0,0,0,0,0,0,0,0,0,0,0,0,"leaf",0,1,0,0,0,0,NA,0,0,"leaf",2,"h","i","w"
"Senecio paniculatus","Senecio paniculatus","ASTERACEAE","Senecio paniculatus","P.J.Bergius","Asteraceae",1,0,"Perennial",1,0,1,0,0,1,0,0,0,"Oct","Dec",NA,NA,80,1,0,0,0,0,0,0,0,0,0,0,0,0,0,0,0,"leaf",1,0,0,0,1,1,5.46,0,0,"leaf",1,"h","i","w"
"Senecio pauciflosculosus","Senecio pauciflosculosus","ASTERACEAE","Senecio pauciflosculosus","C.Jeffrey","Asteraceae",1,0,"Perennial",1,0,1,0,0,0,0,1,0,"Feb","May",NA,NA,30,0,0,0,1,0,0,0,0,0,0,0,0,0,0,0,0,"leaf",0,0,1,0,0,0,1.6,0,0,"leaf",2,"h","i","w"
"Senecio pinifolius","Senecio pinifolius","ASTERACEAE","Senecio pinifolius","Dusén","Asteraceae",1,0,"Perennial",1,0,1,0,0,1,0,1,0,"Mar","May",NA,NA,40,0,0,0,1,0,0,0,0,0,0,0,0,0,0,0,0,"leaf",1,0,0,0,0,0,0.80625,0,0,"leaf",2,"h","i","w"
"Senecio pinnatifidus","Senecio pinnatifidus","ASTERACEAE","Senecio pinnatifidus","Less.","Asteraceae",1,0,"Perennial",1,0,1,0,0,1,0,1,0,"Sep","Feb",NA,NA,50,1,0,0,0,0,0,0,0,0,0,0,0,0,0,0,0,"leaf",0,1,0,0,1,1,NA,0,0,"leaf",2,"h","i","w"
"Senecio pterophorus","Senecio pterophorus","ASTERACEAE","Senecio pterophorus","DC.","Asteraceae",1,1,"Both",1,0,1,0,0,1,0,0,0,"Oct","Jan",NA,NA,200,1,0,0,0,0,0,0,0,0,0,0,0,0,0,0,0,"leaf",0,1,0,0,1,0,NA,0,0,"leaf",1,"h","i","w"
"Senecio pubigerus","Senecio pubigerus","ASTERACEAE","Senecio pubigerus","L.","Asteraceae",1,0,"Perennial",1,0,1,0,0,1,0,0,0,"Mar","Jul",NA,NA,100,0,0,0,1,0,0,0,0,0,0,0,0,0,0,0,0,"leaf",0,0,1,0,0,0,1.866666667,0,0,"leaf",1,"h","i","w"
"Senecio purpureus","Senecio purpureus","ASTERACEAE","Senecio purpureus","L.","Asteraceae",1,0,"Perennial",1,0,1,0,0,1,1,0,0,"Oct","Feb",NA,NA,60,1,0,0,0,0,0,0,0,0,0,0,0,0,0,0,0,"leaf",0,1,0,0,1,1,NA,0,0,"leaf",2,"h","i","w"
"Senecio repandus","Senecio repandus","ASTERACEAE","Senecio repandus","Thunb.","Asteraceae",0,1,"Annual",1,0,1,0,0,1,0,0,0,"Jul","Oct",NA,NA,30,1,0,0,0,0,0,0,0,0,0,0,0,0,0,0,0,"leaf",0,0,1,0,1,1,NA,0,0,"leaf",0,"l","i","w"
"Senecio rosmarinifolius","Senecio rosmarinifolius","ASTERACEAE","Senecio rosmarinifolius","L.f.","Asteraceae",1,0,"Perennial",1,0,1,0,0,1,0,0,0,"Oct","Mar",NA,NA,80,0,0,0,1,0,0,0,0,0,0,0,0,0,0,0,0,"leaf",1,0,0,0,0,0,NA,0,0,"leaf",2,"h","i","w"
"Senecio triqueter","Senecio triqueter","ASTERACEAE","Senecio triqueter","DC.","Asteraceae",1,0,"Perennial",1,0,1,0,0,1,0,1,0,"Mar","Jul",NA,NA,40,0,0,0,1,0,0,0,0,0,0,0,0,0,0,0,0,"leaf",1,0,0,0,0,0,0.633333333,0,0,"leaf",2,"h","i","w"
"Senecio umbellatus","Senecio umbellatus","ASTERACEAE","Senecio umbellatus","L.","Asteraceae",1,0,"Perennial",1,0,1,0,0,1,0,0,0,"Sep","Dec",NA,NA,80,1,0,0,0,0,0,0,0,0,0,0,0,0,0,0,0,"leaf",1,0,0,0,1,1,4.65,0,0,"leaf",1,"m","i","w"
"Senecio vestitus","Senecio vestitus","ASTERACEAE","Senecio vestitus","P.J.Bergius","Asteraceae",1,0,"Perennial",1,0,1,0,0,1,0,0,0,"Sep","Jan",NA,NA,150,0,0,0,0,1,0,0,0,0,0,0,0,0,0,0,0,"leaf",0,1,0,0,1,0,NA,0,0,"leaf",2,"h","i","w"
"Serruria adscendens","Serruria adscendens","PROTEACEAE","Serruria adscendens","R.Br.","Proteaceae",1,0,"Perennial",1,0,1,0,0,0,0,0,0,"Jul","Oct",NA,NA,100,0,0,0,1,0,0,0,0,0,0,0,0,0,0,0,0,"leaf",0,1,1,0,0,1,5,0,0,"leaf",2,"h","i","i"
"Serruria aitonii","Serruria aitonii","PROTEACEAE","Serruria aitonii","R.Br.","Proteaceae",1,0,"Perennial",1,0,1,0,0,0,0,0,0,"Jul","Nov",NA,NA,100,0,0,0,1,0,0,0,0,0,0,0,0,0,0,0,0,"leaf",0,0,1,0,0,1,1.84,0,0,"leaf",2,"h","i","i"
"Serruria balanocephala","Serruria balanocephala","PROTEACEAE","Serruria balanocephala","Rourke","Proteaceae",1,0,"Perennial",1,0,1,0,0,0,0,0,0,"Aug","Nov",NA,NA,100,0,0,0,1,0,0,0,0,0,0,0,0,0,0,0,0,"leaf",0,0,1,0,0,1,5,0,0,"leaf",2,"h","i","i"
"Serruria decumbens","Serruria decumbens","PROTEACEAE","Serruria decumbens","R.Br.","Proteaceae",1,0,"Perennial",1,0,1,0,0,0,0,0,0,"Jul","Oct",NA,NA,20,0,0,0,0,0,0,0,0,0,0,0,1,0,0,0,0,"leaf",0,1,0,0,0,1,NA,0,0,"leaf",2,"h","i","i"
"Serruria effusa","Serruria effusa","PROTEACEAE","Serruria effusa","Rourke","Proteaceae",1,0,"Perennial",1,0,1,0,0,0,0,0,0,"Aug","Sep",NA,NA,20,0,0,0,1,0,0,0,0,0,0,0,0,0,0,0,0,"leaf",0,0,1,0,0,1,6.2,0,0,"leaf",2,"h","i","i"
"Serruria elongata","Serruria elongata","PROTEACEAE","Serruria elongata","R.Br.","Proteaceae",1,0,"Perennial",1,0,1,0,0,0,0,0,0,"Jul","Oct",NA,NA,150,0,0,0,0,1,0,0,0,0,0,0,0,0,0,0,0,"leaf",0,1,0,0,0,1,8.46,0,0,"leaf",2,"h","i","i"
"Serruria fasciflora","Serruria fasciflora","PROTEACEAE","Serruria fasciflora","Knight","Proteaceae",1,0,"Perennial",1,0,1,0,0,0,0,0,0,"May","Dec",NA,NA,100,0,0,0,1,0,0,0,0,0,0,0,0,0,0,0,0,"leaf",0,1,0,0,0,1,4.34,0,0,"leaf",1,"h","i","i"
"Serruria glomerata","Serruria glomerata","PROTEACEAE","Serruria glomerata","R.Br.","Proteaceae",1,0,"Perennial",1,0,1,0,0,0,0,0,0,"Aug","Oct",NA,NA,50,0,0,0,1,0,0,0,0,0,0,0,0,0,0,0,0,"leaf",0,1,0,0,0,1,6.77,0,0,"leaf",1,"h","i","i"
"Serruria leipoldtii","Serruria leipoldtii","PROTEACEAE","Serruria leipoldtii","E.Phillips & Hutch.","Proteaceae",1,0,"Perennial",1,0,1,0,0,0,0,0,0,"Sep","Dec",NA,NA,100,0,0,0,1,0,0,0,0,0,0,0,0,0,0,0,0,"leaf",0,1,1,0,0,1,8,0,0,"leaf",3,"h","i","i"
"Serruria villosa","Serruria villosa","PROTEACEAE","Serruria villosa","R.Br.","Proteaceae",1,0,"Perennial",1,0,1,0,0,0,0,0,0,"Aug","Dec",NA,NA,80,0,0,0,1,0,0,0,0,0,0,0,0,0,0,0,0,"leaf",0,1,0,0,0,1,2.69,0,0,"leaf",2,"h","i","i"
"Setaria sphacelata","Setaria sphacelata","POACEAE","Setaria sphacelata","(Schumach.) Stapf & C.E.Hubb. ex Moss","Poaceae",1,0,"Perennial",1,0,1,0,0,1,0,0,0,"Sep","Mar",NA,NA,100,0,0,1,0,0,0,0,0,0,0,0,0,0,0,0,0,"leaf",1,0,0,0,0,0,17.4,0,0,"leaf",2,"h","w","w"
"Sideroxylon inerme","Sideroxylon inerme","SAPOTACEAE","Sideroxylon inerme","L.","Sapotaceae",1,0,"Perennial",1,0,1,0,0,0,0,1,0,"Dec","Jun",NA,NA,1000,0,0,0,0,0,0,1,0,0,0,0,0,0,0,0,0,"leaf",0,0,1,0,0,0,5.42,0,0,"leaf",3,"m","i","m"
"Silene undulata","Silene undulata","CARYOPHYLLACEAE","Silene undulata","Aiton","Caryophyllaceae",1,1,"Both",1,0,1,0,0,0,0,0,0,"Aug","Apr",NA,NA,60,1,0,0,0,0,0,0,0,0,0,0,0,0,0,0,0,"leaf",0,1,0,0,0,0,NA,0,0,"leaf",1,"m","i","p"
"Smelophyllum capense","Smelophyllum capense","SAPINDACEAE","Smelophyllum capense","Radlk.","Sapindaceae",1,0,"Perennial",1,0,1,0,0,0,0,1,0,"Dec","Jan",NA,NA,400,0,0,0,0,0,0,1,0,0,0,0,0,0,0,0,0,"leaf",0,0,1,1,0,0,4.933333333,0,0,"leaf",3,"h","i","m"
"Solanum guineense","Solanum guineense","SOLANACEAE","Solanum guineense","L.","Solanaceae",1,0,"Perennial",1,0,1,0,0,0,0,0,0,"Mar","Aug",NA,NA,150,0,0,0,0,1,0,0,1,0,0,0,0,0,0,0,0,"leaf",0,0,1,0,0,0,7,0,0,"leaf",3,"m","i","m"
"Solanum tomentosum","Solanum tomentosum","SOLANACEAE","Solanum tomentosum","L.","Solanaceae",1,0,"Perennial",1,0,1,0,0,0,0,0,0,"Aug","Oct",NA,NA,100,0,0,0,1,0,0,0,0,0,0,0,0,0,0,0,0,"leaf",0,0,1,0,0,0,3.566666667,0,0,"leaf",2,"h","i","m"
"Sonderothamnus petraeus","Sonderothamnus petraeus","PENAEACEAE","Penaea petraea","(W.F.Barker) Byng & Christenh.","Penaeaceae",1,0,"Perennial",1,0,1,0,0,0,0,1,0,"Oct","Dec",NA,NA,35,0,0,0,1,0,0,0,0,0,0,0,0,0,0,0,0,"leaf",0,0,1,0,0,0,0.88,0,0,"leaf",3,"m","i","i"
"Soroveta ambigua","Restio ambiguus","RESTIONACEAE","Soroveta ambigua","(Masters) H.P.Linder & C.R.Hardy","Restionaceae",1,0,"Perennial",0,1,1,0,0,0,0,1,0,"Nov","Nov",NA,NA,50,0,0,1,0,0,0,0,0,0,0,0,0,0,0,0,0,"leaf",1,0,0,0,0,0,47.24,1,1,"leaf",3,"h","w","p"
"Spatalla colorata","Spatalla colorata","PROTEACEAE","Spatalla colorata","Meisn.","Proteaceae",1,0,"Perennial",1,0,1,0,0,0,0,0,0,"Jul","Nov",NA,NA,80,0,0,0,1,0,0,0,0,0,0,0,0,0,0,0,0,"leaf",1,0,0,0,0,0,1.5,0,0,"leaf",2,"h","i","i"
"Spatalla incurva","Spatalla incurva","PROTEACEAE","Spatalla incurva","R.Br.","Proteaceae",1,0,"Perennial",1,0,1,0,0,0,0,0,0,"Sep","Mar",NA,NA,100,0,0,0,1,0,0,0,0,0,0,0,0,0,0,0,0,"leaf",1,0,0,0,0,0,1.5,0,0,"leaf",2,"h","i","i"
"Spatalla nubicola","Spatalla nubicola","PROTEACEAE","Spatalla nubicola","Rourke","Proteaceae",1,0,"Perennial",1,0,1,0,0,0,0,0,0,"Sep","Dec",NA,NA,150,0,0,0,0,1,0,0,0,0,0,0,0,0,0,0,0,"leaf",1,0,0,0,0,0,1.5,0,0,"leaf",2,"h","i","i"
"Spatalla parilis","Spatalla parilis","PROTEACEAE","Spatalla parilis","Knight","Proteaceae",1,0,"Perennial",1,0,1,0,0,0,0,0,0,"Jan","Dec",NA,NA,150,0,0,0,0,1,0,0,0,0,0,0,0,0,0,0,0,"leaf",1,0,0,0,0,0,1.416,0,0,"leaf",2,"h","i","i"
"Spergularia media","Spergularia media","CARYOPHYLLACEAE","Spergularia media","(L.) C.Presl","Caryophyllaceae",1,0,"Perennial",1,0,1,0,0,0,0,0,0,"Oct","Jan",NA,NA,50,1,0,0,0,0,0,0,0,0,0,0,0,0,0,0,0,"leaf",1,0,0,0,0,0,1,0,0,"leaf",2,"l","i","p"
"Spiloxene capensis","Spiloxene capensis","HYPOXIDACEAE","Pauridia capensis","(L.) Snijman & Kocyan","Hypoxidaceae",1,0,"Perennial",1,0,0,1,1,1,0,1,0,"Jul","Oct",NA,NA,30,0,1,0,0,0,0,0,0,0,0,0,0,0,0,0,0,"leaf",1,0,0,0,0,0,10,0,0,"leaf",2,"l","i","p"
"Sporobolus africanus","Sporobolus africanus","POACEAE","Sporobolus africanus","(Poir.) Robyns & Tournay","Poaceae",1,0,"Perennial",1,0,1,0,0,1,0,1,0,"Oct","Apr",NA,NA,100,0,0,1,0,0,0,0,0,0,0,0,0,0,0,0,0,"leaf",1,0,0,0,0,0,NA,0,0,"leaf",2,"h","w","p"
"Sporobolus virginicus","Sporobolus virginicus","POACEAE","Sporobolus virginicus","(L.) Kunth","Poaceae",1,0,"Perennial",1,0,1,0,0,1,0,1,0,"Oct","Apr",NA,NA,30,0,0,1,0,0,0,0,0,0,0,0,0,0,0,0,0,"leaf",1,0,0,0,0,0,NA,0,0,"leaf",2,"l","w","p"
"Staavia radiata","Staavia radiata","BRUNIACEAE","Staavia radiata","(L.) Dahl","Bruniaceae",1,0,"Perennial",1,0,1,0,0,0,0,1,0,"Sep","Dec",NA,NA,60,0,0,0,1,0,0,0,0,0,0,0,0,0,0,0,0,"leaf",1,1,0,0,0,0,0.469,0,0,"leaf",3,"h","i","p"
"Staberoha aemula","Staberoha aemula","RESTIONACEAE","Staberoha aemula","Pillans","Restionaceae",1,0,"Perennial",0,1,1,0,0,0,0,0,0,"Jun","Sep",NA,NA,60,0,0,1,0,0,0,0,0,0,0,0,0,0,0,0,0,"leaf",1,0,0,0,0,0,34.36,1,1,"culm_stem",2,"h","w","w"
"Staberoha banksii","Staberoha banksii","RESTIONACEAE","Staberoha banksii","Pillans","Restionaceae",1,0,"Perennial",0,1,1,0,0,0,0,0,0,"Mar","Apr",NA,NA,60,0,0,1,0,0,0,0,0,0,0,0,0,0,0,0,0,"leaf",1,0,0,0,0,0,32.21666667,1,1,"culm_stem",2,"h","w","w"
"Staberoha cernua","Staberoha cernua","RESTIONACEAE","Staberoha cernua","T.Durand & Schinz","Restionaceae",1,0,"Perennial",0,1,1,0,0,0,0,0,0,"Mar","Aug",NA,NA,60,0,0,1,0,0,0,0,0,0,0,0,0,0,0,0,0,"leaf",1,0,0,0,0,0,22.83125,1,1,"culm_stem",2,"h","w","w"
"Staberoha distachyos","Staberoha distachyos","RESTIONACEAE","Staberoha distachyos","(Rottb.) Kunth","Restionaceae",1,0,"Perennial",0,1,1,0,0,0,0,1,0,"Feb","Dec",NA,NA,75,0,0,1,0,0,0,0,0,0,0,0,0,0,0,0,0,"leaf",1,0,0,0,0,0,39.3,1,1,"culm_stem",2,"h","w","w"
"Stachys aethiopica","Stachys aethiopica","LAMIACEAE","Stachys aethiopica","L.","Lamiaceae",1,0,"Perennial",1,0,1,0,0,0,0,0,0,"Aug","Sep",NA,NA,50,1,0,0,0,0,0,0,0,0,0,0,0,0,0,0,0,"leaf",0,0,1,0,0,0,0.883333333,0,0,"leaf",2,"m","i","p"
"Stachys rugosa","Stachys rugosa","LAMIACEAE","Stachys rugosa","Aiton","Lamiaceae",1,0,"Perennial",1,0,1,0,0,1,0,0,0,"Sep","Dec",NA,NA,120,0,0,0,0,1,0,0,0,0,0,0,0,0,0,0,0,"leaf",0,1,0,0,0,0,NA,0,0,"leaf",2,"h","i","p"
"Stellaria media","Stellaria media","CARYOPHYLLACEAE","Stellaria media","(L.) Vill.","Caryophyllaceae",0,1,"Annual",1,0,1,0,1,1,0,0,0,"Jun","Nov",NA,NA,30,1,0,0,0,0,0,0,0,0,0,0,0,0,0,0,0,"leaf",0,0,1,0,0,0,1,0,0,"leaf",0,"l","i","p"
"Stenotaphrum secundatum","Stenotaphrum secundatum","POACEAE","Stenotaphrum secundatum","(Walter) Kuntze","Poaceae",1,0,"Perennial",1,0,1,0,0,0,0,1,0,"Oct","Jan",NA,NA,30,0,0,1,0,0,0,0,0,0,0,0,0,0,0,0,0,"leaf",0,0,1,0,0,0,25.4125,0,1,"leaf",2,"l","w","w"
"Stilbe ericoides","Stilbe ericoides","STILBACEAE","Stilbe ericoides","(L.) L.","Stilbaceae",1,0,"Perennial",1,0,1,0,0,0,0,1,0,"Apr","Sep",NA,NA,80,0,0,0,1,0,0,0,0,0,0,0,0,0,0,0,0,"leaf",1,0,0,0,0,0,0.397636364,0,0,"leaf",3,"h","i","p"
"Stilbe vestita","Stilbe vestita","STILBACEAE","Stilbe vestita","Berg.","Stilbaceae",1,0,"Perennial",1,0,1,0,0,0,0,1,0,"Jul","Dec",NA,NA,120,0,0,0,0,1,0,0,0,0,0,0,0,0,0,0,0,"leaf",1,0,0,0,0,0,0.5,0,0,"leaf",3,"h","i","p"
"Stipa dregeana","Stipa dregeana","POACEAE","Stipa dregeana","Steud.","Poaceae",1,0,"Perennial",1,0,1,0,0,1,0,0,0,"Aug","May",NA,NA,100,0,0,1,0,0,0,0,0,0,0,0,0,0,0,0,0,"leaf",1,0,0,0,0,0,33.6,0,0,"leaf",2,"h","w","w"
"Stipagrostis zeyheri","Stipagrostis zeyheri","POACEAE","Stipagrostis zeyheri","(Nees) De Winter","Poaceae",1,0,"Perennial",1,0,1,0,0,1,0,1,0,"Oct","Apr",NA,NA,100,0,0,1,0,0,0,0,0,0,0,0,0,0,0,0,0,"leaf",1,0,0,0,0,0,29.5,0,0,"leaf",2,"h","w","w"
"Stoebe aethiopica","Stoebe aethiopica","ASTERACEAE","Stoebe aethiopica","L.","Asteraceae",1,0,"Perennial",1,0,1,0,0,0,0,0,0,"Sep","Nov",NA,NA,150,0,0,0,0,1,0,0,0,0,0,0,0,0,0,0,0,"leaf",1,0,0,0,0,0,0.898,0,0,"leaf",2,"h","i","w"
"Stoebe alopecuroides","Stoebe alopecuroides","ASTERACEAE","Stoebe alopecuroides","Less.","Asteraceae",1,0,"Perennial",1,0,1,0,0,0,0,0,0,"Jul","Dec",NA,NA,10,0,0,0,1,0,0,0,0,0,0,0,0,0,0,0,0,"leaf",1,0,0,0,0,0,1,0,0,"leaf",2,"h","i","w"
"Stoebe capitata","Stoebe capitata","ASTERACEAE","Stoebe capitata","P.J.Bergius","Asteraceae",1,0,"Perennial",1,0,1,0,0,0,0,0,0,"Dec","Mar",NA,NA,50,0,0,0,1,0,0,0,0,0,0,0,0,0,0,0,0,"leaf",1,0,0,0,0,0,0.547272727,0,0,"leaf",2,"h","i","w"
"Stoebe cinerea","Stoebe cinerea","ASTERACEAE","Seriphium cinereum","L.","Asteraceae",1,0,"Perennial",1,0,1,0,0,0,0,0,0,"Apr","May",NA,NA,150,0,0,0,0,1,0,0,0,0,0,0,0,0,0,0,0,"leaf",1,0,0,0,0,0,0.18,0,0,"leaf",2,"h","i","w"
"Stoebe cyathuloides","Stoebe cyathuloides","ASTERACEAE","Stoebe cyathuloides","Schltr.","Asteraceae",1,0,"Perennial",1,0,1,0,0,0,0,0,0,"Nov","Feb",NA,NA,40,0,0,0,1,0,0,0,0,0,0,0,0,0,0,0,0,"leaf",1,1,0,0,0,0,0.9,0,0,"leaf",2,"h","i","w"
"Stoebe fusca","Stoebe fusca","ASTERACEAE","Stoebe fusca","Thunb.","Asteraceae",1,0,"Perennial",1,0,1,0,0,0,0,0,0,"Mar","May",NA,NA,25,0,0,0,1,0,0,0,0,0,0,0,0,0,0,0,0,"leaf",1,0,0,0,0,0,0.5,0,0,"leaf",2,"h","i","w"
"Stoebe incana","Stoebe incana","ASTERACEAE","Seriphium incanum","(Thunb.) Pers.","Asteraceae",1,0,"Perennial",1,0,1,0,0,0,0,0,0,"Feb","May",NA,NA,60,0,0,0,1,0,0,0,0,0,0,0,0,0,0,0,0,"leaf",1,0,0,0,0,0,0.42,0,0,"leaf",2,"h","i","w"
"Stoebe leucocephala","Stoebe leucocephala","ASTERACEAE","Stoebe leucocephala","DC.","Asteraceae",1,0,"Perennial",1,0,1,0,0,0,0,0,0,"Oct","Jan",NA,NA,15,0,0,0,1,0,0,0,0,0,0,0,0,0,0,0,0,"leaf",1,0,0,0,0,0,NA,0,0,"leaf",2,"h","i","w"
"Stoebe microphylla","Stoebe microphylla","ASTERACEAE","Stoebe microphylla","DC.","Asteraceae",1,0,"Perennial",1,0,1,0,0,0,0,0,0,"Feb","May",NA,NA,20,0,0,0,1,0,0,0,0,0,0,0,0,0,0,0,0,"leaf",1,0,0,0,0,0,0.2,0,0,"leaf",2,"h","i","w"
"Stoebe plumosa","Stoebe plumosa","ASTERACEAE","Seriphium plumosum","L.","Asteraceae",1,0,"Perennial",1,0,1,0,0,0,0,0,0,"Apr","Jun",NA,NA,100,0,0,0,1,0,0,0,0,0,0,0,0,0,0,0,0,"leaf",1,0,0,0,0,0,0.102470588,0,0,"leaf",2,"h","i","w"
"Stoebe rosea","Stoebe rosea","ASTERACEAE","Stoebe rosea","Wolley-Dod","Asteraceae",1,0,"Perennial",1,0,1,0,0,0,0,0,0,"Jan","Mar",NA,NA,50,0,0,0,1,0,0,0,0,0,0,0,0,0,0,0,0,"leaf",1,0,0,0,0,0,NA,0,0,"leaf",2,"h","i","w"
"Stoebe saxatilis","Stoebe saxatilis","ASTERACEAE","Seriphium saxatilis","(Levyns) Koek.","Asteraceae",1,0,"Perennial",1,0,1,0,0,0,0,0,0,"Mar","May",NA,NA,60,0,0,0,1,0,0,0,0,0,0,0,0,0,0,0,0,"leaf",0,1,0,0,0,0,0.5,0,0,"leaf",2,"h","i","w"
"Stoebe spiralis","Stoebe spiralis","ASTERACEAE","Seriphium spirale","(Less.) Koek.","Asteraceae",1,0,"Perennial",1,0,1,0,0,0,0,0,0,"Mar","May",NA,NA,60,0,0,0,1,0,0,0,0,0,0,0,0,0,0,0,0,"leaf",1,0,0,0,0,0,0.437333333,0,0,"leaf",2,"h","i","w"
"Struthiola argentea","Struthiola argentea","THYMELAEACEAE","Struthiola argentea","Lehm.","Thymelaeaceae",1,0,"Perennial",1,0,1,0,0,0,0,0,0,"Mar","Dec",NA,NA,200,0,0,0,0,0,1,0,0,0,0,0,0,0,0,0,0,"leaf",0,0,1,0,0,0,1.137777778,0,0,"leaf",2,"h","i","p"
"Struthiola ciliata","Struthiola ciliata","THYMELAEACEAE","Struthiola ciliata","(L.) Lam.","Thymelaeaceae",1,0,"Perennial",1,0,1,0,0,0,0,0,0,"Jan","Dec",NA,NA,150,0,0,0,0,1,0,0,0,0,0,0,0,0,0,0,0,"leaf",0,1,0,0,0,0,0.933181818,0,0,"leaf",2,"h","i","p"
"Struthiola dodecandra","Struthiola dodecandra","THYMELAEACEAE","Struthiola dodecandra","(L.) Druce","Thymelaeaceae",1,0,"Perennial",1,0,1,0,0,0,0,0,0,"Jan","Dec",NA,NA,80,0,0,0,1,0,0,0,0,0,0,0,0,0,0,0,0,"leaf",0,1,0,0,0,0,0.8,0,0,"leaf",2,"h","i","p"
"Struthiola eckloniana","Struthiola eckloniana","THYMELAEACEAE","Struthiola eckloniana","Meisn.","Thymelaeaceae",1,0,"Perennial",1,0,1,0,0,0,0,0,0,"Jan","Dec",NA,NA,200,0,0,0,0,0,1,0,0,0,0,0,0,0,0,0,0,"leaf",0,1,0,0,0,0,1.328,0,0,"leaf",2,"h","i","p"
"Struthiola garciana","Struthiola garciana","THYMELAEACEAE","Struthiola garciana","C.H.Wright","Thymelaeaceae",1,0,"Perennial",1,0,1,0,0,0,0,0,0,"Mar","Nov",NA,NA,100,0,0,0,1,0,0,0,0,0,0,0,0,0,0,0,0,"leaf",0,1,0,0,0,0,1.22,0,0,"leaf",2,"h","i","p"
"Struthiola leptantha","Struthiola leptantha","THYMELAEACEAE","Struthiola leptantha","Bolus","Thymelaeaceae",1,0,"Perennial",1,0,1,0,0,0,0,0,0,"Jun","Oct",NA,NA,200,0,0,0,0,0,1,0,0,0,0,0,0,0,0,0,0,"leaf",0,0,1,0,0,0,1,0,0,"leaf",2,"h","i","p"
"Struthiola macowanii","Struthiola macowanii","THYMELAEACEAE","Struthiola macowanii","C.H.Wright","Thymelaeaceae",1,0,"Perennial",1,0,1,0,0,0,0,0,0,"Jan","Dec",NA,NA,130,0,0,0,0,1,0,0,0,0,0,0,0,0,0,0,0,"leaf",1,1,0,0,0,0,0.9,0,0,"leaf",2,"h","i","p"
"Struthiola myrsinites","Struthiola myrsinites","THYMELAEACEAE","Struthiola myrsinites","Lam.","Thymelaeaceae",1,0,"Perennial",1,0,1,0,0,0,0,0,0,"Jan","Dec",NA,NA,200,0,0,0,0,0,1,0,0,0,0,0,0,0,0,0,0,"leaf",0,0,1,0,0,0,1,0,0,"leaf",2,"h","i","p"
"Struthiola salteri","Struthiola salteri","THYMELAEACEAE","Struthiola salteri","Levyns","Thymelaeaceae",1,0,"Perennial",1,0,1,0,0,0,0,0,0,"Jan","Dec",NA,NA,80,0,0,0,1,0,0,0,0,0,0,0,0,0,0,0,0,"leaf",0,0,1,0,0,0,1,0,0,"leaf",2,"h","i","p"
"Struthiola tomentosa","Struthiola tomentosa","THYMELAEACEAE","Struthiola tomentosa","Andrews","Thymelaeaceae",1,0,"Perennial",1,0,1,0,0,0,0,0,0,"Jul","Dec",NA,NA,60,0,0,0,1,0,0,0,0,0,0,0,0,0,0,0,0,"leaf",0,0,1,0,0,0,0.864,0,0,"leaf",2,"h","i","p"
"Stylapterus dubius","Stylapterus dubius","PENAEACEAE","Penaea dubia","Stephens","Penaeaceae",1,0,"Perennial",1,0,1,0,0,0,0,0,0,"Sep","Oct",NA,NA,50,0,0,0,1,0,0,0,0,0,0,0,0,0,0,0,0,"leaf",0,1,1,0,0,0,NA,0,0,"leaf",2,"h","i","i"
"Stylapterus fruticulosus","Stylapterus fruticulosus","PENAEACEAE","Penaea fruticulosa","L.f.","Penaeaceae",1,0,"Perennial",1,0,1,0,0,0,0,1,0,"Jul","Nov",NA,NA,60,0,0,0,1,0,0,0,0,0,0,0,0,0,0,0,0,"leaf",0,0,1,0,0,0,0.666666667,0,0,"leaf",3,"h","i","i"
"Syncarpha canescens","Syncarpha canescens","ASTERACEAE","Syncarpha canescens","(L.) B.Nord.","Asteraceae",1,0,"Perennial",1,0,1,0,0,0,0,0,0,"Jan","Sep",NA,NA,50,0,0,0,1,0,0,0,0,0,0,0,0,0,0,0,0,"leaf",0,0,1,0,0,0,0.913125,0,0,"leaf",1,"h","i","w"
"Syncarpha dregeana","Syncarpha dregeana","ASTERACEAE","Syncarpha dregeana","(DC.) B.Nord.","Asteraceae",1,0,"Perennial",1,0,1,0,0,0,0,0,0,"Oct","Jan",NA,NA,60,0,0,0,1,0,0,0,0,0,0,0,0,0,0,0,0,"leaf",0,0,1,0,0,0,NA,0,0,"leaf",1,"h","i","w"
"Syncarpha eximia","Syncarpha eximia","ASTERACEAE","Syncarpha eximia","(L.) B.Nord.","Asteraceae",1,0,"Perennial",1,0,1,0,0,0,0,0,0,"Nov","Mar",NA,NA,40,0,0,0,1,0,0,0,0,0,0,0,0,0,0,0,0,"leaf",0,0,1,0,0,0,NA,0,0,"leaf",1,"h","i","w"
"Syncarpha flava","Syncarpha flava","ASTERACEAE","Syncarpha flava","(Compton) B.Nord.","Asteraceae",1,0,"Perennial",1,0,1,0,0,0,0,0,0,"Dec","Mar",NA,NA,40,0,0,0,1,0,0,0,0,0,0,0,0,0,0,0,0,"leaf",0,0,1,0,0,0,NA,0,0,"leaf",1,"h","i","w"
"Syncarpha gnaphaloides","Syncarpha gnaphaloides","ASTERACEAE","Syncarpha gnaphaloides","DC.","Asteraceae",1,0,"Perennial",1,0,1,0,0,0,0,0,0,"Oct","Dec",NA,NA,30,0,0,0,1,0,0,0,0,0,0,0,0,0,0,0,0,"leaf",1,0,0,0,0,0,5.27,0,0,"leaf",1,"h","i","w"
"Syncarpha milleflora","Syncarpha milleflora","ASTERACEAE","Syncarpha milleflora","(L.f.) B.Nord.","Asteraceae",1,0,"Perennial",1,0,1,0,0,0,0,0,0,"Jul","Dec",NA,NA,200,0,0,0,0,0,1,0,0,0,0,0,0,0,0,0,0,"leaf",0,1,0,0,0,0,7.875,0,0,"leaf",1,"h","i","w"
"Syncarpha paniculata","Syncarpha paniculata","ASTERACEAE","Syncarpha paniculata","(L.) B.Nord.","Asteraceae",1,0,"Perennial",1,0,1,0,0,0,0,0,0,"Oct","Jun",NA,NA,60,0,0,0,1,0,0,0,0,0,0,0,0,0,0,0,0,"leaf",1,0,0,0,0,0,2.46,0,0,"leaf",1,"h","i","w"
"Syncarpha speciosissima","Syncarpha speciosissima","ASTERACEAE","Syncarpha speciosissima","(L.) B.Nord.","Asteraceae",1,0,"Perennial",1,0,1,0,0,0,0,0,0,"Jul","Jan",NA,NA,60,0,0,0,1,0,0,0,0,0,0,0,0,0,0,0,0,"leaf",1,0,1,0,0,0,3.5125,0,0,"leaf",1,"h","i","w"
"Syncarpha staehelina","Syncarpha virgata","ASTERACEAE","Syncarpha staehelina","(L.) B.Nord.","Asteraceae",1,0,"Perennial",1,0,1,0,0,0,0,0,0,"Oct","Jan",NA,NA,40,0,0,0,1,0,0,0,0,0,0,0,0,0,0,0,0,"leaf",0,1,0,0,0,0,NA,0,0,"leaf",1,"h","i","w"
"Syncarpha vestita","Syncarpha vestita","ASTERACEAE","Syncarpha vestita","(L.) B.Nord.","Asteraceae",1,0,"Perennial",1,0,1,0,0,0,0,0,0,"Nov","Jan",NA,NA,100,0,0,0,1,0,0,0,0,0,0,0,0,0,0,0,0,"leaf",0,1,0,0,0,0,5.4375,0,0,"leaf",1,"h","i","w"
"Tarchonanthus littoralis","Tarchonanthus camphoratus","ASTERACEAE","Tarchonanthus littoralis","P.P.J.Herman","Asteraceae",1,0,"Perennial",1,0,1,0,0,0,0,1,0,"Dec","Apr",NA,NA,500,0,0,0,0,0,1,1,0,0,0,0,0,0,0,0,0,"leaf",0,0,1,0,0,0,4.1125,0,0,"leaf",3,"h","i","w"
"Teedia lucida","Teedia lucida","SCROPHULARIACEAE","Teedia lucida","(Aiton) Rudolphi","Scrophulariaceae",1,0,"Perennial",1,0,1,0,0,0,0,1,0,"Sep","Jan",NA,NA,120,0,0,0,0,1,0,0,1,0,0,0,0,0,0,0,0,"leaf",0,0,1,0,0,0,1,0,0,"leaf",2,"l","i","m"
"Teedia pubescens","Teedia pubescens","SCROPHULARIACEAE","Teedia pubescens","Burch.","Scrophulariaceae",1,0,"Perennial",1,0,1,0,0,0,0,1,0,"Sep","Nov",NA,NA,60,0,0,0,1,0,0,0,0,0,0,0,0,0,0,0,0,"leaf",0,0,1,0,0,0,1.94,0,0,"leaf",2,"l","i","m"
"Tenaxia stricta","Merxmuellera stricta","POACEAE","Tenaxia stricta","(Schrad.) N.P.Barker & H.P.Linder","Poaceae",1,0,"Perennial",1,0,1,0,0,1,0,1,0,"Sep","Dec",NA,NA,80,0,0,1,0,0,0,0,0,0,0,0,0,0,0,0,0,"leaf",1,0,0,0,0,0,29.74444444,0,0,"leaf",2,"h","w","w"
"Tephrosia capensis","Tephrosia capensis","FABACEAE","Tephrosia capensis","(Jacq.) Pers.","Fabaceae",1,0,"Perennial",1,0,1,0,0,0,0,1,0,"Aug","Jun",NA,NA,60,0,0,0,1,0,0,0,1,0,0,0,0,0,0,0,0,"leaf",1,0,0,1,0,0,1.395,0,0,"leaf",2,"h","i","p"
"Tetragonia decumbens","Tetragonia decumbens","AIZOACEAE","Tetragonia decumbens","Mill.","Aizoaceae",1,0,"Perennial",1,0,1,0,0,0,0,0,0,"Aug","Nov",NA,NA,100,1,0,0,0,0,0,0,1,0,0,0,0,1,1,1,0,"leaf",0,0,1,0,0,0,3.733333333,0,0,"leaf",3,"l","i","p"
"Tetragonia fruticosa","Tetragonia fruticosa","AIZOACEAE","Tetragonia fruticosa","L.","Aizoaceae",1,0,"Perennial",1,0,1,0,0,0,0,0,0,"Sep","Nov",NA,NA,100,0,0,0,1,0,0,0,1,0,0,0,0,1,1,1,0,"leaf",0,0,1,0,0,0,2.16,0,0,"leaf",2,"l","i","w"
"Tetraria bolusii","Tetraria bolusii","CYPERACEAE","Schoenus bolusii","(C.B.Clarke) T.L.Elliott & Muasya","Cyperaceae",1,0,"Perennial",1,0,1,0,0,0,0,1,0,"Jul","Aug",NA,NA,30,0,0,1,0,0,0,0,0,0,0,0,0,0,0,0,0,"leaf",1,0,0,0,0,0,8.925,0,1,"mixed",2,"m","w","p"
"Tetraria brachyphylla","Tetraria brachyphylla","CYPERACEAE","Schoenus arenicola","T.L.Elliott & Muasya","Cyperaceae",1,0,"Perennial",1,0,1,0,0,0,0,1,0,"Jul","Nov",NA,NA,60,0,0,1,0,0,0,0,0,0,0,0,0,0,0,0,0,"leaf",1,0,0,0,0,0,20,0,1,"mixed",2,"h","w","p"
"Tetraria bromoides","Tetraria bromoides","CYPERACEAE","Tetraria bromoides","(Lam.) H.Pfeiff.","Cyperaceae",1,0,"Perennial",1,0,1,0,0,0,0,1,0,"Oct","Feb",NA,NA,150,0,0,1,0,0,0,0,0,0,0,0,0,0,0,0,0,"leaf",1,1,0,0,0,0,46.39230769,0,1,"mixed",2,"h","w","p"
"Tetraria burmannii","Tetraria burmannii","CYPERACEAE","Tetraria burmanni","(Vahl) C.B.Clarke","Cyperaceae",1,0,"Perennial",1,0,1,0,0,0,0,1,0,"Nov","Apr",NA,NA,30,0,0,1,0,0,0,0,0,0,0,0,0,0,0,0,0,"leaf",1,0,0,0,0,0,13.7,0,1,"mixed",2,"m","w","p"
"Tetraria capillacea","Tetraria capillacea","CYPERACEAE","Tetraria capillacea","(Thunb.) C.B.Clarke","Cyperaceae",1,0,"Perennial",1,0,1,0,0,0,0,1,0,"Oct","Nov",NA,NA,80,0,0,1,0,0,0,0,0,0,0,0,0,0,0,0,0,"leaf",1,0,0,0,0,0,30.33888889,0,1,"mixed",2,"h","w","p"
"Tetraria compacta","Tetraria compacta","CYPERACEAE","Schoenus compactus","(Levyns) T.L.Elliott & Muasya","Cyperaceae",1,0,"Perennial",1,0,1,0,0,0,0,1,0,"Aug","Nov",NA,NA,60,0,0,1,0,0,0,0,0,0,0,0,0,0,0,0,0,"leaf",1,0,0,0,0,0,20,0,1,"mixed",2,"h","w","p"
"Tetraria compar","Tetraria compar","CYPERACEAE","Schoenus compar","L.","Cyperaceae",1,0,"Perennial",1,0,1,0,0,0,0,1,0,"Apr","Jun",NA,NA,90,0,0,1,0,0,0,0,0,0,0,0,0,0,0,0,0,"leaf",1,0,0,0,0,0,34.47234043,0,1,"mixed",2,"h","w","p"
"Tetraria crassa","Tetraria crassa","CYPERACEAE","Schoenus crassus","(Levyns) T.L.Elliott & Muasya","Cyperaceae",1,0,"Perennial",1,0,1,0,0,0,0,1,0,"Apr","Jun",NA,NA,60,0,0,1,0,0,0,0,0,0,0,0,0,0,0,0,0,"leaf",1,0,0,0,0,0,27.11818182,0,1,"mixed",2,"h","w","p"
"Tetraria crinifolia","Tetraria crinifolia","CYPERACEAE","Tetraria crinifolia","(Nees) C.B.Clarke","Cyperaceae",1,0,"Perennial",1,0,1,0,0,0,0,1,0,"Aug","Oct",NA,NA,30,0,0,1,0,0,0,0,0,0,0,0,0,0,0,0,0,"leaf",1,0,0,0,0,0,23.2,0,1,"mixed",2,"h","w","p"
"Tetraria cuspidata","Tetraria cuspidata","CYPERACEAE","Schoenus cuspidatus","Rottb.","Cyperaceae",1,0,"Perennial",1,0,1,0,0,0,0,1,0,"Aug","Nov",NA,NA,60,0,0,1,0,0,0,0,0,0,0,0,0,0,0,0,0,"leaf",1,0,0,0,0,0,24.56388889,0,1,"mixed",2,"h","w","p"
"Tetraria exilis","Tetraria exilis","CYPERACEAE","Schoenus exilis","(Levyns) T.L.Elliott & Muasya","Cyperaceae",1,0,"Perennial",1,0,1,0,0,0,0,1,0,"Apr","Jun",NA,NA,30,0,0,1,0,0,0,0,0,0,0,0,0,0,0,0,0,"leaf",1,0,0,0,0,0,22.03333333,0,1,"mixed",2,"h","w","p"
"Tetraria eximia","Tetraria eximia","CYPERACEAE","Tetraria eximia","C.B.Clarke","Cyperaceae",1,0,"Perennial",1,0,1,0,0,0,0,1,0,"May","Aug",NA,NA,90,0,0,1,0,0,0,0,0,0,0,0,0,0,0,0,0,"leaf",0,1,0,0,0,0,20.21666667,0,1,"mixed",1,"h","w","p"
"Tetraria fasciata","Tetraria fasciata","CYPERACEAE","Tetraria fasciata","(Rottb.) C.B.Clarke","Cyperaceae",1,0,"Perennial",1,0,1,0,0,0,0,1,0,"Nov","May",NA,NA,80,0,0,1,0,0,0,0,0,0,0,0,0,0,0,0,0,"leaf",1,0,0,0,0,0,12.9,0,1,"mixed",2,"h","w","p"
"Tetraria fimbriolata","Tetraria fimbriolata","CYPERACEAE","Tetraria fimbriolata","(Nees) C.B.Clarke","Cyperaceae",1,0,"Perennial",1,0,1,0,0,0,0,1,0,"Jan","Apr",NA,NA,45,0,0,1,0,0,0,0,0,0,0,0,0,0,0,0,0,"leaf",1,0,0,0,0,0,20.78333333,0,1,"mixed",2,"h","w","p"
"Tetraria flexuosa","Tetraria flexuosa","CYPERACEAE","Tetraria flexuosa","(Thunb.) C.B.Clarke","Cyperaceae",1,0,"Perennial",1,0,1,0,0,0,0,1,0,"Jan","May",NA,NA,75,0,0,1,0,0,0,0,0,0,0,0,0,0,0,0,0,"leaf",1,0,0,0,0,0,22.42727273,0,1,"mixed",2,"h","w","p"
"Tetraria involucrata","Tetraria involucrata","CYPERACEAE","Tetraria involucrata","(Rottb.) C.B.Clarke","Cyperaceae",1,0,"Perennial",1,0,1,0,0,0,0,1,0,"Jan","Apr",NA,NA,200,0,0,1,0,0,0,0,0,0,0,0,0,0,0,0,0,"leaf",1,0,0,0,0,0,66.31428571,0,1,"mixed",2,"h","w","p"
"Tetraria ligulata","Tetraria autumnalis","CYPERACEAE","Schoenus ligulatus","(Boeckeler) Kuntze","Cyperaceae",1,0,"Perennial",1,0,1,0,0,0,0,1,0,"Apr","Jun",NA,NA,40,0,0,1,0,0,0,0,0,0,0,0,0,0,0,0,0,"leaf",1,0,0,0,0,0,20,0,1,"mixed",2,"h","w","p"
"Tetraria microstachys","Tetraria microstachys","CYPERACEAE","Tetraria microstachys","(Vahl) H.Pfeiff.","Cyperaceae",1,0,"Perennial",1,0,1,0,0,0,0,1,0,"Dec","Feb",NA,NA,25,0,0,1,0,0,0,0,0,0,0,0,0,0,0,0,0,"leaf",1,0,0,0,0,0,11.48333333,0,1,"mixed",2,"m","w","p"
"Tetraria nigrovaginata","Tetraria nigrovaginata","CYPERACEAE","Tetraria nigrovaginata","(Nees) C.B.Clarke","Cyperaceae",1,0,"Perennial",1,0,1,0,0,0,0,1,0,"Jan","Apr",NA,NA,45,0,0,1,0,0,0,0,0,0,0,0,0,0,0,0,0,"leaf",1,0,0,0,0,0,19.28,0,1,"mixed",2,"h","w","p"
"Tetraria picta","Tetraria picta","CYPERACEAE","Schoenus pictus","(Boeckeler) Kuntze","Cyperaceae",1,0,"Perennial",1,0,1,0,0,0,1,1,0,"Dec","May",NA,NA,40,0,0,1,0,0,0,0,0,0,0,0,0,0,0,0,0,"leaf",1,0,0,0,0,0,20,0,1,"mixed",2,"h","w","p"
"Tetraria pillansii","Tetraria pillansii","CYPERACEAE","Tetraria pillansii","Levyns","Cyperaceae",1,0,"Perennial",1,0,1,0,0,0,0,1,0,"Jan","Feb",NA,NA,25,0,0,1,0,0,0,0,0,0,0,0,0,0,0,0,0,"leaf",1,0,0,0,0,0,12.54,0,1,"mixed",2,"h","w","p"
"Tetraria pubescens","Tetraria pubescens","CYPERACEAE","Tetraria pubescens","Schönland & Turrill","Cyperaceae",1,0,"Perennial",1,0,1,0,0,0,0,1,0,"Oct","Apr",NA,NA,12,0,0,1,0,0,0,0,0,0,0,0,0,0,0,0,0,"leaf",1,0,0,0,0,0,8.38,0,1,"mixed",2,"h","w","p"
"Tetraria pygmaea","Tetraria pygmaea","CYPERACEAE","Tetraria pygmaea","Levyns","Cyperaceae",1,0,"Perennial",1,0,1,0,0,0,0,1,0,"Feb","Apr",NA,NA,15,0,0,1,0,0,0,0,0,0,0,0,0,0,0,0,0,"leaf",1,0,0,0,0,0,5,0,1,"mixed",2,"l","w","p"
"Tetraria robusta","Tetraria compressa","CYPERACEAE","Tetraria robusta","(Kunth) C.B.Clarke","Cyperaceae",1,0,"Perennial",1,0,1,0,0,0,0,1,0,"Feb","Feb",NA,NA,100,0,0,1,0,0,0,0,0,0,0,0,0,0,0,0,0,"leaf",1,0,0,0,0,0,40,0,1,"mixed",2,"h","w","p"
"Tetraria sylvatica","Tetraria sylvatica","CYPERACEAE","Schoenus auritus","(Nees) T.L.Elliott & Muasya","Cyperaceae",1,0,"Perennial",1,0,1,0,0,0,0,1,0,"May","Dec",NA,NA,40,0,0,1,0,0,0,0,0,0,0,0,0,0,0,0,0,"leaf",1,0,0,0,0,0,11.65,0,1,"mixed",1,"m","w","p"
"Tetraria thermalis","Tetraria thermalis","CYPERACEAE","Tetraria thermalis","(L.) C.B.Clarke","Cyperaceae",1,0,"Perennial",1,0,1,0,0,0,0,1,0,"Jun","Oct",NA,NA,200,0,0,1,0,0,0,0,0,0,0,0,0,0,0,0,0,"leaf",0,1,0,0,0,0,52.93333333,0,1,"mixed",3,"h","w","p"
"Tetraria triangularis","Tetraria triangularis","CYPERACEAE","Tetraria triangularis","(Boeckeler) C.B.Clarke","Cyperaceae",1,0,"Perennial",1,0,1,0,0,0,0,1,0,"Feb","Apr",NA,NA,60,0,0,1,0,0,0,0,0,0,0,0,0,0,0,0,0,"leaf",0,1,0,0,0,0,40,0,1,"mixed",2,"h","w","p"
"Tetraria ustulata","Tetraria ustulata","CYPERACEAE","Tetraria ustulata","(L.) C.B.Clarke","Cyperaceae",1,0,"Perennial",1,0,1,0,0,0,0,1,0,"Jan","May",NA,NA,90,0,0,1,0,0,0,0,0,0,0,0,0,0,0,0,0,"leaf",1,0,0,0,0,0,31.525,0,1,"mixed",2,"h","w","p"
"Teucrium africanum","Teucrium africanum","LAMIACEAE","Teucrium africanum","Thunb.","Lamiaceae",1,0,"Perennial",1,0,1,0,0,0,0,0,0,"Nov","Apr",NA,NA,30,0,0,0,1,0,0,0,0,0,0,0,0,0,0,0,0,"leaf",0,1,0,0,1,0,1.8,0,0,"leaf",1,"h","u","i"
"Thaminophyllum multiflorum","Thaminophyllum multiflorum","ASTERACEAE","Thaminophyllum multiflorum","Harv.","Asteraceae",1,0,"Perennial",1,0,1,0,0,0,0,0,0,"Aug","Jan",NA,NA,60,0,0,0,1,0,0,0,0,0,0,0,0,0,0,0,0,"leaf",1,0,0,0,0,0,0.8,0,0,"leaf",2,"h","i","w"
"Thamnochortus arenarius","Thamnochortus arenarius","RESTIONACEAE","Thamnochortus arenarius","Esterh.","Restionaceae",1,0,"Perennial",0,1,1,0,0,0,0,1,0,"May","Jun",NA,NA,60,0,0,1,0,0,0,0,0,0,0,0,0,0,0,0,0,"leaf",1,0,0,0,0,0,101.02,1,1,"mixed",2,"h","w","w"
"Thamnochortus cinereus","Thamnochortus cinereus","RESTIONACEAE","Thamnochortus cinereus","H.P.Linder","Restionaceae",1,0,"Perennial",0,1,1,0,0,0,0,1,0,"May","Sep",NA,NA,80,0,0,1,0,0,0,0,0,0,0,0,0,0,0,0,0,"leaf",1,0,0,0,0,0,6.079090909,1,1,"mixed",2,"h","w","w"
"Thamnochortus ellipticus","Thamnochortus ellipticus","RESTIONACEAE","Thamnochortus ellipticus","Pillans","Restionaceae",1,0,"Perennial",0,1,1,0,0,0,0,1,0,"Apr","Apr",NA,NA,50,0,0,1,0,0,0,0,0,0,0,0,0,0,0,0,0,"leaf",1,0,0,0,0,0,NA,1,1,"mixed",2,"h","w","w"
"Thamnochortus erectus","Thamnochortus erectus","RESTIONACEAE","Thamnochortus erectus","Mast.","Restionaceae",1,0,"Perennial",0,1,1,0,0,0,0,1,0,"Sep","Oct",NA,NA,150,0,0,1,0,0,0,0,0,0,0,0,0,0,0,0,0,"leaf",1,0,0,0,0,0,NA,1,1,"mixed",2,"h","w","w"
"Thamnochortus fraternus","Thamnochortus fraternus","RESTIONACEAE","Thamnochortus fraternus","Pillans","Restionaceae",1,0,"Perennial",0,1,1,0,0,0,0,0,0,"Apr","May",NA,NA,100,0,0,1,0,0,0,0,0,0,0,0,0,0,0,0,0,"leaf",1,0,0,0,0,0,63.13666667,1,1,"mixed",2,"h","w","w"
"Thamnochortus fruticosus","Thamnochortus fruticosus","RESTIONACEAE","Thamnochortus fruticosus","P.J.Bergius","Restionaceae",1,0,"Perennial",0,1,1,0,0,0,0,1,0,"Jul","Nov",NA,NA,60,0,0,1,0,0,0,0,0,0,0,0,0,0,0,0,0,"leaf",1,0,0,0,0,0,15.38,1,1,"mixed",2,"h","w","w"
"Thamnochortus gracilis","Thamnochortus gracilis","RESTIONACEAE","Thamnochortus gracilis","Mast.","Restionaceae",1,0,"Perennial",0,1,1,0,0,0,0,1,0,"Apr","Apr",NA,NA,70,0,0,1,0,0,0,0,0,0,0,0,0,0,0,0,0,"leaf",1,0,0,0,0,0,52.10666667,1,1,"mixed",2,"h","w","w"
"Thamnochortus insignis","Thamnochortus insignis","RESTIONACEAE","Thamnochortus insignis","Mast.","Restionaceae",1,0,"Perennial",0,1,1,0,0,0,0,0,0,"Mar","Apr",NA,NA,200,0,0,1,0,0,0,0,0,0,0,0,0,0,0,0,0,"leaf",1,0,0,0,0,0,159.45,1,1,"mixed",2,"h","w","w"
"Thamnochortus karooica","Thamnochortus karooica","RESTIONACEAE","Thamnochortus karooica","H.P.Linder","Restionaceae",1,0,"Perennial",0,1,1,0,0,0,0,0,0,"May","May",NA,NA,100,0,0,1,0,0,0,0,0,0,0,0,0,0,0,0,0,"leaf",1,0,0,0,0,0,68.85,1,1,"mixed",2,"h","w","w"
"Thamnochortus lucens","Thamnochortus lucens","RESTIONACEAE","Thamnochortus lucens","(Poir.) H.P.Linder","Restionaceae",1,0,"Perennial",0,1,1,0,0,0,0,1,0,"Mar","Jul",NA,NA,60,0,0,1,0,0,0,0,0,0,0,0,0,0,0,0,0,"leaf",1,0,0,0,0,0,29.53333333,1,1,"mixed",2,"h","w","w"
"Thamnochortus obtusus","Thamnochortus obtusus","RESTIONACEAE","Thamnochortus obtusus","Pillans","Restionaceae",1,0,"Perennial",0,1,1,0,0,0,0,1,0,"Jan","Apr",NA,NA,30,0,0,1,0,0,0,0,0,0,0,0,0,0,0,0,0,"leaf",1,0,0,0,0,0,NA,1,1,"mixed",2,"h","w","w"
"Thamnochortus pellucidus","Thamnochortus pellucidus","RESTIONACEAE","Thamnochortus pellucidus","Pillans","Restionaceae",1,0,"Perennial",0,1,1,0,0,0,0,0,0,"Jul","Jul",NA,NA,60,0,0,1,0,0,0,0,0,0,0,0,0,0,0,0,0,"leaf",1,0,0,0,0,0,NA,1,1,"mixed",2,"h","w","w"
"Thamnochortus platypteris","Thamnochortus platypteris","RESTIONACEAE","Thamnochortus platypteris","Kunth","Restionaceae",1,0,"Perennial",0,1,1,0,0,0,0,0,0,"Aug","Sep",NA,NA,60,0,0,1,0,0,0,0,0,0,0,0,0,0,0,0,0,"leaf",1,0,0,0,0,0,44.44,1,1,"mixed",2,"h","w","w"
"Thamnochortus pulcher","Thamnochortus pulcher","RESTIONACEAE","Thamnochortus pulcher","Pillans","Restionaceae",1,0,"Perennial",0,1,1,0,0,0,0,1,0,"Aug","Dec",NA,NA,40,0,0,1,0,0,0,0,0,0,0,0,0,0,0,0,0,"leaf",1,0,0,0,0,0,NA,1,1,"mixed",2,"h","w","w"
"Themeda triandra","Themeda triandra","POACEAE","Themeda triandra","Forssk.","Poaceae",1,0,"Perennial",1,0,1,0,0,1,0,1,0,"Oct","Jul",NA,NA,80,0,0,1,0,0,0,0,0,0,0,0,0,0,0,0,0,"leaf",1,0,0,0,0,0,13.30870968,0,0,"leaf",2,"h","w","w"
"Thesidium fragile","Thesidium fragile","SANTALACEAE","Thesium confusum","J.C.Manning & F.Forest","Santalaceae",1,0,"Perennial",1,0,1,0,0,0,0,0,0,"Jan","Dec",NA,NA,50,0,0,0,1,0,0,0,0,0,1,0,0,1,1,1,0,"leaf",1,0,0,0,0,0,5.1,1,1,"culm_stem",2,"l","i","p"
"Thesidium hirtum","Thesidium hirtum","SANTALACEAE","Thesium globosum","A.DC.","Santalaceae",1,0,"Perennial",1,0,1,0,0,0,0,0,0,"Jan","Dec",NA,NA,20,0,0,0,1,0,0,0,0,0,1,0,0,0,0,0,0,"leaf",0,1,0,0,0,0,NA,0,1,"mixed",2,"l","i","p"
"Thesium acuminatum","Thesium acuminatum","SANTALACEAE","Thesium acuminatum","A.W.Hill","Santalaceae",1,0,"Perennial",1,0,1,0,0,0,0,1,0,"Sep","Nov",NA,NA,20,0,0,0,1,0,0,0,0,0,1,0,0,0,0,0,0,"leaf",1,0,0,0,0,0,1.15,0,1,"mixed",1,"l","i","i"
"Thesium aggregatum","Thesium aggregatum","SANTALACEAE","Thesium aggregatum","A.W.Hill","Santalaceae",1,0,"Perennial",1,0,1,0,0,0,0,0,0,"Aug","Jan",NA,NA,50,0,0,0,1,0,0,0,0,0,1,0,0,0,0,0,0,"leaf",1,0,0,0,0,0,0.3,0,1,"mixed",1,"m","i","i"
"Thesium capituliflorum","Thesium capituliflorum","SANTALACEAE","Thesium capituliflorum","Sond.","Santalaceae",1,0,"Perennial",1,0,1,0,0,0,0,0,0,"Aug","Jan",NA,NA,15,0,0,0,1,0,0,0,0,0,1,0,0,0,0,0,0,"leaf",0,1,0,0,0,0,0.2,0,1,"mixed",1,"l","i","i"
"Thesium carinatum","Thesium carinatum","SANTALACEAE","Thesium carinatum","A.DC.","Santalaceae",1,0,"Perennial",1,0,1,0,0,0,0,0,0,"Jan","Dec",NA,NA,30,0,0,0,1,0,0,0,0,0,1,0,0,0,0,0,0,"leaf",1,0,0,0,0,0,1.629090909,0,1,"mixed",1,"m","i","i"
"Thesium commutatum","Thesium commutatum","SANTALACEAE","Thesium commutatum","Sond.","Santalaceae",1,0,"Perennial",1,0,1,0,0,0,0,0,0,"Nov","Mar",NA,NA,30,0,0,0,1,0,0,0,0,0,1,0,0,0,0,0,0,"leaf",1,1,0,0,0,0,0.606666667,0,1,"mixed",1,"m","i","i"
"Thesium ericaefolium","Thesium ericifolium","SANTALACEAE","Thesium ericaefolium","A.DC.","Santalaceae",1,0,"Perennial",1,0,1,0,0,0,0,0,0,"Sep","Jan",NA,NA,20,0,0,0,1,0,0,0,0,0,1,0,0,0,0,0,0,"leaf",1,0,0,0,0,0,0.264,0,1,"mixed",1,"l","i","i"
"Thesium euphorbioides","Thesium euphorbioides","SANTALACEAE","Thesium euphorbioides","P.J.Bergius","Santalaceae",1,0,"Perennial",1,0,1,0,0,0,0,0,0,"Aug","Jan",NA,NA,200,0,0,0,0,0,1,0,0,0,1,0,0,0,0,0,0,"leaf",0,0,1,0,0,0,4.76,0,1,"mixed",1,"m","i","i"
"Thesium flexuosum","Thesium flexuosum","SANTALACEAE","Thesium flexuosum","A.DC.","Santalaceae",1,0,"Perennial",1,0,1,0,0,0,0,0,0,"May","Sep",NA,NA,30,0,0,0,1,0,0,0,0,0,1,0,0,0,0,0,0,"leaf",1,0,0,0,0,0,NA,0,1,"mixed",1,"m","i","i"
"Thesium gnidiaceum","Thesium gnidiaceum","SANTALACEAE","Thesium gnidiaceum","A.DC.","Santalaceae",1,0,"Perennial",1,0,1,0,0,0,0,0,0,"Aug","Dec",NA,NA,50,0,0,0,1,0,0,0,0,0,1,0,0,0,0,0,0,"leaf",1,0,0,0,0,0,NA,0,1,"mixed",1,"m","i","i"
"Thesium junceum","Thesium junceum","SANTALACEAE","Thesium junceum","Bernh. ex Krauss","Santalaceae",1,0,"Perennial",1,0,1,0,0,0,0,0,0,"Oct","Feb",NA,NA,60,0,0,0,1,0,0,0,0,0,1,0,0,0,0,0,0,"leaf",1,0,0,0,0,0,NA,0,1,"mixed",1,"m","i","i"
"Thesium nigromontanum","Thesium nigromontanum","SANTALACEAE","Thesium nigromontanum","Sond.","Santalaceae",1,0,"Perennial",1,0,1,0,0,0,0,0,0,"Sep","Nov",NA,NA,25,0,0,0,1,0,0,0,0,0,1,0,0,0,0,0,0,"leaf",1,1,0,0,0,0,5.260833333,0,1,"mixed",1,"m","i","i"
"Thesium nudicaule","Thesium nudicaule","SANTALACEAE","Thesium nudicaule","A.W.Hill","Santalaceae",1,0,"Perennial",1,0,1,0,0,0,0,0,0,"Aug","Jan",NA,NA,50,0,0,0,1,0,0,0,0,0,1,0,0,0,0,0,0,"leaf",0,0,1,0,0,0,NA,0,1,"mixed",1,"m","i","i"
"Thesium pseudovirgatum","Thesium pseudovirgatum","SANTALACEAE","Thesium pseudovirgatum","Levyns","Santalaceae",1,0,"Perennial",1,0,1,0,0,0,0,0,0,"Sep","Feb",NA,NA,30,0,0,0,1,0,0,0,0,0,1,0,0,0,0,0,0,"leaf",1,0,0,0,0,0,9.336363636,0,1,"mixed",1,"m","i","i"
"Thesium scandens","Thesium scandens","SANTALACEAE","Thesium scandens","E.Mey.","Santalaceae",1,0,"Perennial",1,0,1,0,0,0,0,0,0,"Jun","Dec",NA,NA,40,0,0,0,0,0,0,0,0,0,1,0,1,0,0,0,0,"leaf",1,0,0,0,0,0,NA,0,1,"mixed",1,"l","i","i"
"Thesium schumannianum","Thesium schumannianum","SANTALACEAE","Thesium schumannianum","Schltr.","Santalaceae",1,0,"Perennial",1,0,1,0,0,0,0,0,0,"Aug","Feb",NA,NA,40,0,0,0,1,0,0,0,0,0,1,0,0,0,0,0,0,"leaf",0,1,0,0,0,0,NA,0,1,"mixed",1,"l","i","i"
"Thesium spicatum","Thesium spicatum","SANTALACEAE","Thesium spicatum","L.","Santalaceae",1,0,"Perennial",1,0,1,0,0,0,0,0,0,"Jul","Dec",NA,NA,50,0,0,0,1,0,0,0,0,0,1,0,0,0,0,0,0,"leaf",1,0,0,0,0,0,1.4,0,1,"mixed",1,"l","i","i"
"Thesium squarrosum","Thesium squarrosum","SANTALACEAE","Thesium squarrosum","L.f.","Santalaceae",1,0,"Perennial",1,0,1,0,0,0,0,0,0,"Nov","Jan",NA,NA,20,0,0,0,1,0,0,0,0,0,1,0,0,0,0,0,0,"leaf",1,0,0,0,0,0,NA,0,1,"mixed",1,"l","i","i"
"Thesium strictum","Thesium strictum","SANTALACEAE","Thesium strictum","P.J.Bergius","Santalaceae",1,0,"Perennial",1,0,1,0,0,0,0,0,0,"Sep","Feb",NA,NA,200,0,0,0,0,0,1,0,0,0,1,0,0,0,0,0,0,"leaf",1,1,0,0,0,0,13.97454545,0,1,"mixed",1,"m","i","i"
"Thesium subnudum","Thesium subnudum","SANTALACEAE","Thesium subnudum","Sond.","Santalaceae",1,0,"Perennial",1,0,1,0,0,0,0,0,0,"Jul","Jan",NA,NA,60,0,0,0,1,0,0,0,0,0,1,0,0,0,0,0,0,"leaf",1,0,0,0,0,0,28.06,0,1,"mixed",1,"m","i","i"
"Thesium susannae","Thesium susannae","SANTALACEAE","Thesium susannae","A.W.Hill","Santalaceae",1,0,"Perennial",1,0,1,0,0,0,0,0,0,"Sep","Nov",NA,NA,250,0,0,0,0,0,1,0,0,0,1,0,0,0,0,0,0,"leaf",1,0,0,0,0,0,NA,0,1,"mixed",1,"m","i","i"
"Thesium virgatum","Thesium virgatum","SANTALACEAE","Thesium virgatum","Lam.","Santalaceae",1,0,"Perennial",1,0,1,0,0,0,0,0,0,"Aug","Feb",NA,NA,60,0,0,0,1,0,0,0,0,0,1,0,0,0,0,0,0,"leaf",1,0,0,0,0,0,28.67333333,0,1,"mixed",1,"m","i","i"
"Thesium viridifolium","Thesium viridifolium","SANTALACEAE","Thesium viridifolium","Levyns","Santalaceae",1,0,"Perennial",1,0,1,0,0,0,0,0,0,"Jul","Dec",NA,NA,50,0,0,0,1,0,0,0,0,0,1,0,0,0,0,0,0,"leaf",1,0,0,0,0,0,0.8,0,1,"mixed",1,"l","i","i"
"Todea barbara","Todea barbara","OSMUNDACEAE","Todea barbara","(L.) T.Moore","Osmundaceae",1,0,"Perennial",1,0,1,0,0,0,0,1,0,NA,NA,NA,NA,300,1,0,0,0,0,0,0,0,0,0,0,0,0,0,0,0,"frond",0,0,1,0,0,1,39.18,0,0,"leaf",3,"h","w","w"
"Trachyandra hirsutiflora","Trachyandra hirsutiflora","ASPHODELACEAE","Trachyandra hirsutiflora","(Adamson) Oberm.","Asphodelaceae",1,0,"Perennial",1,0,1,0,0,0,0,1,0,"Sep","Oct",NA,NA,60,1,0,0,0,0,0,0,0,0,0,0,0,1,1,0,0,"leaf",1,0,0,0,0,0,24.03,0,0,"leaf",2,"l","i","w"
"Trachyandra revoluta","Trachyandra revoluta","ASPHODELACEAE","Trachyandra revoluta","Kunth","Asphodelaceae",1,0,"Perennial",1,0,1,0,0,0,0,1,0,"Aug","Oct",NA,NA,90,1,0,0,0,0,0,0,0,0,0,0,0,1,1,0,0,"leaf",1,0,0,0,0,0,33.94,0,0,"leaf",2,"l","i","w"
"Trachyandra tabularis","Trachyandra tabularis","ASPHODELACEAE","Trachyandra tabularis","(Baker) Oberm.","Asphodelaceae",1,0,"Perennial",1,0,1,0,0,0,0,1,0,"Sep","Feb",NA,NA,120,1,0,0,0,0,0,0,0,0,0,0,0,1,1,0,0,"leaf",0,1,0,0,0,0,49,0,0,"leaf",2,"l","i","w"
"Tragus berteronianus","Tragus berteronianus","POACEAE","Tragus berteronianus","Schult.","Poaceae",0,1,"Annual",1,0,0,1,1,1,0,1,0,"Jan","Dec",NA,NA,60,0,0,1,0,0,0,0,0,0,0,0,0,0,0,0,0,"leaf",0,1,0,0,0,0,5.611666667,0,0,"leaf",2,"l","w","p"
"Tribolium brachystachyum","Tribolium brachystachyum","POACEAE","Tribolium brachystachyum","(Nees) Renvoize","Poaceae",1,0,"Perennial",1,0,1,0,0,1,0,1,0,"Nov","Dec",NA,NA,30,0,0,1,0,0,0,0,0,0,0,0,0,0,0,0,0,"leaf",1,1,0,0,0,0,7.68,0,0,"leaf",2,"m","w","w"
"Tribolium hispidum","Tribolium hispidum","POACEAE","Tribolium hispidum","(Thunb.) Desv.","Poaceae",1,0,"Perennial",1,0,1,0,0,1,0,1,0,"Sep","Dec",NA,NA,25,0,0,1,0,0,0,0,0,0,0,0,0,0,0,0,0,"leaf",1,0,0,0,0,0,15,0,0,"leaf",2,"h","w","w"
"Tribolium uniolae","Tribolium uniolae","POACEAE","Tribolium uniolae","(L.f.) Renvoize","Poaceae",1,0,"Perennial",1,0,1,0,0,1,0,1,0,"Oct","Dec",NA,NA,60,0,0,1,0,0,0,0,0,0,0,0,0,0,0,0,0,"leaf",1,0,0,0,0,0,30.15,0,0,"leaf",2,"h","w","w"
"Trichocephalus stipularis","Trichocephalus stipularis","RHAMNACEAE","Trichocephalus stipularis","(L.) Brongn.","Rhamnaceae",1,0,"Perennial",1,0,1,0,0,0,0,1,0,"May","Sep",NA,NA,90,0,0,0,1,0,0,0,0,0,0,0,0,0,0,0,0,"leaf",0,1,0,0,0,0,0.968,0,0,"leaf",3,"h","i","i"
"Trichodiadema barbatum","Trichodiadema barbatum","AIZOACEAE","Trichodiadema barbatum","(L.) Schwantes","Aizoaceae",1,0,"Perennial",1,0,1,0,0,1,0,1,0,"Apr","Sep",NA,NA,10,0,0,0,0,0,0,0,0,0,0,0,1,1,1,1,0,"leaf",1,0,0,0,0,0,1.2,0,0,"leaf",3,"l","i","p"
"Trichodiadema mirabile","Trichodiadema mirabile","AIZOACEAE","Trichodiadema mirabile","(N.E.Br.) Schwantes","Aizoaceae",1,0,"Perennial",1,0,1,0,0,1,0,1,0,"Nov","Jan",NA,NA,8,0,0,0,1,0,0,0,0,0,0,0,0,1,1,1,0,"leaf",1,1,0,0,0,0,0.9,0,0,"leaf",3,"l","i","p"
"Triraphis andropogonoides","Triraphis andropogonoides","POACEAE","Triraphis andropogonoides","(Steud.) E.Phillips","Poaceae",1,0,"Perennial",1,0,1,0,0,1,0,0,0,"Oct","May",NA,NA,120,0,0,1,0,0,0,0,0,0,0,0,0,0,0,0,0,"leaf",1,0,0,0,0,0,16.85,0,1,"mixed",2,"h","w","w"
"Tristachya leucothrix","Tristachya leucothrix","POACEAE","Tristachya leucothrix","Trin. ex Nees","Poaceae",1,0,"Perennial",1,0,1,0,0,0,0,1,0,"Oct","Mar",NA,NA,90,0,0,1,0,0,0,0,0,0,0,0,0,0,0,0,0,"leaf",1,0,0,0,0,0,18.93333333,0,0,"leaf",2,"h","w","w"
"Tritoniopsis antholyza","Tritoniopsis antholyza","IRIDACEAE","Tritoniopsis antholyza","(Poir.) Goldblatt","Iridaceae",1,0,"Perennial",1,0,1,0,0,0,0,1,0,"Nov","Apr",NA,NA,90,0,1,0,0,0,0,0,0,0,0,0,0,0,0,0,0,"leaf",1,1,0,0,0,0,42.12,0,0,"leaf",3,"m","i","w"
"Tritoniopsis triticea","Tritoniopsis triticea","IRIDACEAE","Tritoniopsis triticea","(Burm.f.) Goldblatt","Iridaceae",1,0,"Perennial",1,0,1,0,0,0,0,1,0,"Feb","Apr",NA,NA,90,0,1,0,0,0,0,0,0,0,0,0,0,0,0,0,0,"leaf",1,1,0,0,0,0,30,0,0,"leaf",3,"m","i","w"
"Troglophyton capillaceum","Troglophyton capillaceum","ASTERACEAE","Troglophyton capillaceum","(Thunb.) Hilliard & B.L.Burtt","Asteraceae",0,1,"Annual",1,0,0,1,1,1,0,0,0,"Sep","Oct",NA,NA,30,1,0,0,0,0,0,0,0,0,0,0,0,0,0,0,0,"leaf",0,0,1,0,0,0,1.5,0,0,"leaf",0,"l","i","w"
"Tylecodon paniculatus","Tylecodon paniculatus","CRASSULACEAE","Tylecodon paniculatus","(L.f.) Toelken","Crassulaceae",1,0,"Perennial",1,0,1,0,0,0,0,0,0,"Nov","Jan",NA,NA,150,0,0,0,0,1,0,0,0,0,0,0,0,1,1,1,0,"leaf",0,0,1,0,0,0,10.26666667,0,0,"leaf",3,"l","m","p"
"Ursinia anethoides","Ursinia anethoides","ASTERACEAE","Ursinia anethoides","N.E.Br.","Asteraceae",1,0,"Perennial",1,0,1,0,0,1,0,0,0,"Nov","Apr",NA,NA,90,0,0,0,1,0,0,0,0,0,0,0,0,0,0,0,0,"leaf",1,0,0,0,1,1,3.5,0,0,"leaf",1,"m","i","w"
"Ursinia chrysanthemoides","Ursinia chrysanthemoides","ASTERACEAE","Ursinia chrysanthemoides","(Less.) Harv.","Asteraceae",1,1,"Both",1,0,1,0,0,1,0,0,0,"Aug","Nov",NA,NA,45,1,0,0,0,0,0,0,1,0,0,0,0,0,0,0,0,"leaf",1,0,0,0,1,1,1.016666667,0,0,"leaf",1,"m","i","w"
"Ursinia dentata","Ursinia dentata","ASTERACEAE","Ursinia dentata","Poir.","Asteraceae",1,0,"Perennial",1,0,1,0,0,1,0,0,0,"Sep","Feb",NA,NA,50,0,0,0,1,0,0,0,0,0,0,0,0,0,0,0,0,"leaf",1,0,0,0,1,1,1.5,0,0,"leaf",1,"m","i","w"
"Ursinia heterodonta","Ursinia heterodonta","ASTERACEAE","Ursinia heterodonta","N.E.Br.","Asteraceae",1,0,"Perennial",1,0,1,0,0,1,0,0,0,"Aug","Aug",NA,NA,50,0,0,0,1,0,0,0,0,0,0,0,0,0,0,0,0,"leaf",1,0,0,0,1,1,1.5,0,0,"leaf",1,"m","i","w"
"Ursinia hispida","Ursinia hispida","ASTERACEAE","Ursinia hispida","N.E.Br.","Asteraceae",1,0,"Perennial",1,0,1,0,0,1,0,0,0,"Sep","Dec",NA,NA,40,0,0,0,1,0,0,0,0,0,0,0,0,0,0,0,0,"leaf",1,0,0,0,1,1,2,0,0,"leaf",1,"m","i","w"
"Ursinia nudicaulis","Ursinia nudicaulis","ASTERACEAE","Ursinia nudicaulis","N.E.Br.","Asteraceae",1,0,"Perennial",1,0,1,0,0,1,0,0,0,"Sep","Mar",NA,NA,50,0,0,0,1,0,0,0,0,0,0,0,0,0,0,0,0,"leaf",1,0,0,0,1,1,5,0,0,"leaf",1,"m","i","w"
"Ursinia paleacea","Ursinia paleacea","ASTERACEAE","Ursinia paleacea","Moench","Asteraceae",1,0,"Perennial",1,0,1,0,0,1,0,0,0,"Aug","Dec",NA,NA,90,0,0,0,1,0,0,0,0,0,0,0,0,0,0,0,0,"leaf",1,0,0,0,1,1,3,0,0,"leaf",1,"m","i","w"
"Ursinia pilifera","Ursinia pilifera","ASTERACEAE","Ursinia pilifera","Gaertn.","Asteraceae",1,0,"Perennial",1,0,1,0,0,1,0,0,0,"Jul","Nov",NA,NA,35,0,0,0,1,0,0,0,0,0,0,0,0,0,0,0,0,"leaf",1,0,0,0,0,1,1.7,0,0,"leaf",1,"m","i","w"
"Ursinia punctata","Ursinia punctata","ASTERACEAE","Ursinia punctata","N.E.Br.","Asteraceae",1,0,"Perennial",1,0,1,0,0,1,0,0,0,"Sep","Mar",NA,NA,50,0,0,0,1,0,0,0,0,0,0,0,0,0,0,0,0,"leaf",0,0,1,0,1,1,0.74,0,0,"leaf",1,"m","i","w"
"Ursinia quinquepartita","Ursinia quinquepartita","ASTERACEAE","Ursinia quinquepartita","N.E.Br.","Asteraceae",1,0,"Perennial",1,0,1,0,0,1,0,0,0,"Nov","Apr",NA,NA,40,0,0,0,1,0,0,0,0,0,0,0,0,0,0,0,0,"leaf",1,0,0,0,1,1,1.56,0,0,"leaf",1,"m","i","w"
"Ursinia scariosa","Ursinia scariosa","ASTERACEAE","Ursinia scariosa","Poir.","Asteraceae",1,0,"Perennial",1,0,1,0,0,1,0,0,0,"Sep","Feb",NA,NA,150,0,0,0,0,1,0,0,0,0,0,0,0,0,0,0,0,"leaf",1,0,0,0,1,1,2.5,0,0,"leaf",1,"m","i","w"
"Ursinia sericea","Ursinia sericea","ASTERACEAE","Ursinia sericea","N.E.Br.","Asteraceae",1,0,"Perennial",1,0,1,0,0,1,0,0,0,"Sep","Feb",NA,NA,90,0,0,0,1,0,0,0,0,0,0,0,0,0,0,0,0,"leaf",1,0,0,0,1,1,3.2,0,0,"leaf",1,"m","i","w"
"Ursinia serrata","Ursinia serrata","ASTERACEAE","Ursinia serrata","(L.f.) Poir.","Asteraceae",1,0,"Perennial",1,0,1,0,0,1,0,0,0,"Aug","Jan",NA,NA,150,0,0,0,0,1,0,0,0,0,0,0,0,0,0,0,0,"leaf",0,0,1,0,0,1,3.5,0,0,"leaf",1,"m","i","w"
"Ursinia tenuifolia","Ursinia tenuifolia","ASTERACEAE","Ursinia tenuifolia","(L.) Poir.","Asteraceae",1,0,"Perennial",1,0,1,0,0,1,0,0,0,"Sep","Mar",NA,NA,50,0,0,0,1,0,0,0,0,0,0,0,0,0,0,0,0,"leaf",1,0,0,0,1,1,5.95,0,0,"leaf",1,"m","i","w"
"Ursinia trifida","Ursinia trifida","ASTERACEAE","Ursinia trifida","(Thunb.) N.E.Br.","Asteraceae",1,0,"Perennial",1,0,1,0,0,1,0,0,0,"Nov","Apr",NA,NA,60,0,0,0,1,0,0,0,0,0,0,0,0,0,0,0,0,"leaf",1,0,0,0,1,1,1.68,0,0,"leaf",1,"m","i","w"
"Utricularia bisquamata","Utricularia bisquamata","LENTIBULARIACEAE","Utricularia bisquamata","Schrank","Lentibulariaceae",0,1,"Annual",1,0,0,1,1,1,0,0,0,"Sep","Jan",NA,NA,12,1,0,0,0,0,0,0,0,0,0,0,0,0,0,0,0,"leaf",1,0,0,0,0,0,0.5,0,0,"leaf",0,"l","i","p"
"Vachellia karroo","Acacia karroo","FABACEAE","Vachellia karroo","(Hayne) Banfi & Galasso","Fabaceae",1,0,"Perennial",1,0,0,1,0,0,0,1,0,"Nov","Dec",NA,NA,1200,0,0,0,0,0,1,1,0,0,0,0,0,0,0,0,0,"leaf",0,1,0,1,0,0,1.3,0,0,"leaf",3,"l","i","m"
"Vellereophyton dealbatum","Vellereophyton dealbatum","ASTERACEAE","Vellereophyton dealbatum","(Thunb.) Hilliard & B.L.Burtt","Asteraceae",1,0,"Perennial",1,0,1,0,0,0,0,1,0,"Jul","Mar",NA,NA,20,1,0,0,0,0,0,0,1,0,0,0,0,0,0,0,0,"leaf",0,1,0,0,0,0,2.5,0,0,"leaf",2,"l","i","w"
"Villarsia capensis","Villarsia capensis","MENYANTHACEAE","Villarsia capensis","(Houtt.) Merr.","Menyanthaceae",1,1,"Both",1,0,1,0,1,0,0,0,0,"Oct","Feb",NA,NA,20,1,0,0,0,0,0,0,0,0,0,0,0,0,0,0,0,"leaf",0,0,1,0,0,0,3.88,0,0,"leaf",2,"l","i","p"
"Virgilia oroboides","Virgilia oroboides","FABACEAE","Virgilia oroboides","(P.J.Bergius) T.M.Salter","Fabaceae",1,0,"Perennial",1,0,0,1,0,0,0,0,0,"Jan","Apr",NA,NA,2000,0,0,0,0,0,0,1,0,0,0,0,0,0,0,0,0,"leaf",0,0,1,1,0,0,2.7,0,0,"leaf",2,"h","i","p"
"Viscum capense","Viscum capense","VISCACEAE","Viscum capense","L.f.","Santalaceae",1,0,"Perennial",0,1,1,0,0,0,0,0,0,"Jul","Oct",NA,NA,50,0,0,0,0,0,0,0,0,0,0,1,1,1,1,1,0,"leaf",1,0,0,0,0,0,13.7,1,1,"mixed",2,"l","i","m"
"Viscum pauciflorum","Viscum pauciflorum","VISCACEAE","Viscum pauciflorum","L.f.","Santalaceae",1,0,"Perennial",1,0,1,0,0,0,0,0,0,"Apr","Oct",NA,NA,75,0,0,0,0,0,0,0,0,0,0,1,1,1,1,1,0,"leaf",0,0,1,0,0,0,3,0,1,"mixed",2,"l","i","m"
"Viscum rotundifolium","Viscum rotundifolium","VISCACEAE","Viscum rotundifolium","L.f.","Santalaceae",1,0,"Perennial",1,0,1,0,0,0,0,0,0,"Feb","May",NA,NA,75,0,0,0,0,0,0,0,0,0,0,1,1,1,1,1,0,"leaf",0,0,1,0,0,0,1.2,0,1,"mixed",2,"l","i","m"
"Wachendorfia paniculata","Wachendorfia paniculata","HAEMODORACEAE","Wachendorfia paniculata","L.","Haemodoraceae",1,0,"Perennial",1,0,1,0,0,0,0,1,0,"Aug","Nov",NA,NA,70,0,1,0,0,0,0,0,0,0,0,0,0,0,0,0,0,"leaf",1,0,0,0,0,0,26.36666667,0,0,"leaf",3,"m","i","m"
"Wahlenbergia albens","Wahlenbergia albens","CAMPANULACEAE","Wahlenbergia albens","(Spreng. ex A.DC.) Lammers","Campanulaceae",1,0,"Perennial",1,0,1,0,0,1,0,0,0,"Oct","Jan",NA,NA,50,0,0,0,1,0,0,0,0,0,0,0,0,0,0,0,0,"leaf",1,0,0,0,0,0,1,0,0,"leaf",1,"m","i","p"
"Wahlenbergia cinerea","Wahlenbergia cinerea","CAMPANULACEAE","Wahlenbergia cinerea","(L.f.) Lammers","Campanulaceae",1,0,"Perennial",1,0,1,0,0,1,0,0,0,"Nov","May",NA,NA,50,0,0,0,1,0,0,0,0,0,0,0,0,0,0,0,0,"leaf",0,1,0,0,0,0,1,0,0,"leaf",1,"m","i","p"
"Wahlenbergia desmantha","Wahlenbergia desmantha","CAMPANULACEAE","Wahlenbergia desmantha","Lammers","Campanulaceae",1,0,"Perennial",1,0,1,0,0,1,0,0,0,"Jan","Apr",NA,NA,80,0,0,0,1,0,0,0,0,0,0,0,0,0,0,0,0,"leaf",0,0,1,0,0,0,0.5,0,0,"leaf",1,"m","i","p"
"Wahlenbergia ecklonii","Wahlenbergia ecklonii","CAMPANULACEAE","Wahlenbergia ecklonii","H.Buek","Campanulaceae",1,0,"Perennial",1,0,1,0,0,1,0,0,0,"Oct","Dec",NA,NA,30,1,0,0,0,0,0,0,0,0,0,0,0,0,0,0,0,"leaf",0,1,0,0,0,0,1,0,0,"leaf",1,"m","i","p"
"Wahlenbergia fruticosa","Wahlenbergia fruticosa","CAMPANULACEAE","Wahlenbergia fruticosa","Brehmer","Campanulaceae",1,0,"Perennial",1,0,1,0,0,1,0,0,0,"Feb","May",NA,NA,50,0,0,0,1,0,0,0,0,0,0,0,0,0,0,0,0,"leaf",1,0,0,0,0,0,1,0,0,"leaf",1,"m","i","p"
"Wahlenbergia macrostachys","Wahlenbergia macrostachys","CAMPANULACEAE","Wahlenbergia macrostachys","(A.DC.) Lammers","Campanulaceae",1,0,"Perennial",1,0,1,0,0,1,0,0,0,"Sep","Jan",NA,NA,50,0,0,0,1,0,0,0,0,0,0,0,0,0,0,0,0,"leaf",0,1,0,0,0,0,0.43,0,0,"leaf",1,"m","i","p"
"Wahlenbergia neorigida","Wahlenbergia neorigida","CAMPANULACEAE","Wahlenbergia neorigida","Lammers","Campanulaceae",1,0,"Perennial",1,0,1,0,0,1,0,0,0,"Nov","Apr",NA,NA,60,0,0,0,1,0,0,0,0,0,0,0,0,0,0,0,0,"leaf",0,0,1,0,0,0,0.266363636,0,0,"leaf",1,"m","i","p"
"Wahlenbergia obovata","Wahlenbergia obovata","CAMPANULACEAE","Wahlenbergia obovata","Brehmer","Campanulaceae",0,1,"Annual",1,0,1,0,0,1,0,0,0,"Sep","Feb",NA,NA,50,1,0,0,0,0,0,0,0,0,0,0,0,0,0,0,0,"leaf",0,0,1,0,0,0,1.5,0,0,"leaf",0,"m","i","p"
"Wahlenbergia rubens","Wahlenbergia rubens","CAMPANULACEAE","Wahlenbergia rubens","(H.Buek) Lammers","Campanulaceae",1,0,"Perennial",1,0,1,0,0,1,0,0,0,"Sep","Mar",NA,NA,50,0,0,0,1,0,0,0,0,0,0,0,0,0,0,0,0,"leaf",0,1,0,0,0,0,0.7,0,0,"leaf",1,"m","i","p"
"Wahlenbergia tenella","Wahlenbergia tenella","CAMPANULACEAE","Wahlenbergia tenella","(L.f.) Lammers","Campanulaceae",1,0,"Perennial",1,0,1,0,0,1,0,0,0,"Nov","May",NA,NA,80,0,0,0,1,0,0,0,0,0,0,0,0,0,0,0,0,"leaf",0,0,1,0,0,0,1.36,0,0,"leaf",1,"m","i","p"
"Wahlenbergia unidentata","Wahlenbergia unidentata","CAMPANULACEAE","Wahlenbergia unidentata","(L.f.) Lammers","Campanulaceae",1,0,"Perennial",1,0,1,0,0,1,0,0,0,"Dec","Apr",NA,NA,40,0,0,0,1,0,0,0,0,0,0,0,0,0,0,0,0,"leaf",0,1,0,0,0,0,1,0,0,"leaf",1,"m","i","p"
"Watsonia fourcadei","Watsonia fourcadei","IRIDACEAE","Watsonia fourcadei","J.W.Mathews & L.Bolus","Iridaceae",1,0,"Perennial",1,0,0,1,0,1,0,1,0,"Nov","Jan",NA,NA,200,0,1,0,0,0,0,0,0,0,0,0,0,0,0,0,0,"leaf",0,1,0,0,0,0,43.6,0,0,"leaf",2,"h","i","w"
"Watsonia knysnana","Watsonia knysnana","IRIDACEAE","Watsonia knysnana","L.Bolus","Iridaceae",1,0,"Perennial",1,0,0,1,0,1,0,1,0,"Nov","Jan",NA,NA,160,0,1,0,0,0,0,0,0,0,0,0,0,0,0,0,0,"leaf",0,1,0,0,0,0,50,0,0,"leaf",2,"h","i","w"
"Watsonia marginata","Watsonia marginata","IRIDACEAE","Watsonia marginata","(L.f.) Ker Gawl.","Iridaceae",1,0,"Perennial",1,0,0,1,0,1,0,1,0,"Sep","Dec",NA,NA,200,0,1,0,0,0,0,0,0,0,0,0,0,0,0,0,0,"leaf",0,1,0,0,0,0,50,0,0,"leaf",2,"h","i","w"
"Watsonia meriana","Watsonia borbonica","IRIDACEAE","Watsonia meriana","(L.) Mill.","Iridaceae",1,0,"Perennial",1,0,0,1,0,1,0,1,0,"Oct","Jan",NA,NA,200,0,1,0,0,0,0,0,0,0,0,0,0,0,0,0,0,"leaf",0,1,0,0,0,0,35.01666667,0,0,"leaf",2,"h","i","w"
"Watsonia schlechteri","Watsonia schlechteri","IRIDACEAE","Watsonia schlechteri","L.Bolus","Iridaceae",1,0,"Perennial",1,0,0,1,0,1,1,1,0,"Nov","Feb",NA,NA,100,0,1,0,0,0,0,0,0,0,0,0,0,0,0,0,0,"leaf",0,1,0,0,0,0,50,0,0,"leaf",2,"h","i","w"
"Watsonia tabularis","Watsonia tabularis","IRIDACEAE","Watsonia tabularis","J.W.Mathews & L.Bolus","Iridaceae",1,0,"Perennial",1,0,0,1,0,1,0,1,0,"Nov","Dec",NA,NA,150,0,1,0,0,0,0,0,0,0,0,0,0,0,0,0,0,"leaf",0,1,0,0,0,0,58.13333333,0,0,"leaf",2,"h","i","w"
"Watsonia vanderspuyiae","Watsonia vanderspuyiae","IRIDACEAE","Watsonia vanderspuyae","L.Bolus","Iridaceae",1,0,"Perennial",1,0,0,1,0,1,0,1,0,"Sep","Nov",NA,NA,200,0,1,0,0,0,0,0,0,0,0,0,0,0,0,0,0,"leaf",0,1,1,0,0,0,82.84,0,0,"leaf",2,"h","i","w"
"Wiborgia tetraptera","Wiborgia tetraptera","FABACEAE","Wiborgia tetraptera","E.Mey.","Fabaceae",1,0,"Perennial",1,0,0,1,0,1,0,0,0,"Sep","Nov",NA,NA,150,0,0,0,0,1,1,0,0,0,0,0,0,0,0,0,0,"leaf",0,0,1,1,0,0,0.62,0,0,"leaf",2,"h","i","w"
"Widdringtonia cedarbergensis","Widdringtonia cedarbergensis","CUPRESSACEAE","Widdringtonia cedarbergensis","J.A.Marsh","Cupressaceae",1,0,"Perennial",1,0,1,0,0,0,0,0,0,"Jan","Apr",NA,NA,1000,0,0,0,0,0,0,1,0,0,0,0,0,0,0,0,0,"leaf",0,0,1,0,0,0,2.94,0,0,"leaf",3,"h","w","w"
"Widdringtonia nodiflora","Widdringtonia nodiflora","CUPRESSACEAE","Widdringtonia nodiflora","(L.) Powrie","Cupressaceae",1,0,"Perennial",1,0,1,0,0,0,0,1,0,"Jan","Dec",NA,NA,500,0,0,0,0,0,1,1,0,0,0,0,0,0,0,0,0,"leaf",0,0,1,0,0,0,4.716,0,0,"leaf",3,"h","w","w"
"Willdenowia arescens","Willdenowia arescens","RESTIONACEAE","Willdenowia arescens","Kunth","Restionaceae",1,0,"Perennial",0,1,1,0,0,0,0,1,0,"Aug","Nov",NA,NA,100,0,0,1,0,0,0,0,0,0,0,0,0,0,0,0,0,"leaf",1,0,0,0,0,0,43.2,1,1,"culm_stem",2,"h","w","i"
"Willdenowia bolusii","Willdenowia bolusii","RESTIONACEAE","Willdenowia bolusii","Pillans","Restionaceae",1,0,"Perennial",0,1,1,0,0,0,0,0,0,"Feb","Feb",NA,NA,100,0,0,1,0,0,0,0,0,0,0,0,0,0,0,0,0,"leaf",1,0,0,0,0,0,93.8,1,1,"culm_stem",2,"h","w","i"
"Willdenowia glomerata","Willdenowia glomerata","RESTIONACEAE","Willdenowia glomerata","(Thunb.) H.P.Linder","Restionaceae",1,0,"Perennial",0,1,1,0,0,0,0,0,0,"Apr","Aug",NA,NA,100,0,0,1,0,0,0,0,0,0,0,0,0,0,0,0,0,"leaf",1,0,0,0,0,0,68.88235294,1,1,"culm_stem",2,"h","w","i"
"Willdenowia humilis","Willdenowia humilis","RESTIONACEAE","Willdenowia humilis","Nees ex Mast.","Restionaceae",1,0,"Perennial",0,1,1,0,0,0,0,1,0,"Oct","Nov",NA,NA,30,0,0,1,0,0,0,0,0,0,0,0,0,0,0,0,0,"leaf",1,0,0,0,0,0,70,1,1,"culm_stem",2,"h","w","i"
"Willdenowia incurvata","Willdenowia incurvata","RESTIONACEAE","Willdenowia incurvata","(Thunb.) H.P.Linder","Restionaceae",1,0,"Perennial",0,1,1,0,0,0,0,1,0,"Jun","Jun",NA,NA,200,0,0,1,0,0,0,0,0,0,0,0,0,0,0,0,0,"leaf",1,0,0,0,0,0,80.875,1,1,"culm_stem",2,"h","w","i"
"Willdenowia stokoei","Willdenowia stokoei","RESTIONACEAE","Willdenowia stokoei","Pillans","Restionaceae",1,0,"Perennial",0,1,1,0,0,0,0,1,0,"Oct","Oct",NA,NA,60,0,0,1,0,0,0,0,0,0,0,0,0,0,0,0,0,"leaf",1,0,0,0,0,0,40,1,1,"culm_stem",2,"h","w","i"
"Willdenowia sulcata","Willdenowia sulcata","RESTIONACEAE","Willdenowia sulcata","Mast.","Restionaceae",1,0,"Perennial",0,1,1,0,0,0,0,1,0,"Sep","Sep",NA,NA,50,0,0,1,0,0,0,0,0,0,0,0,0,0,0,0,0,"leaf",1,0,0,0,0,0,36.28,1,1,"culm_stem",2,"h","w","i"
"Willdenowia teres","Willdenowia teres","RESTIONACEAE","Willdenowia teres","Thunb.","Restionaceae",1,0,"Perennial",0,1,1,0,0,0,0,1,0,"Sep","Sep",NA,NA,100,0,0,1,0,0,0,0,0,0,0,0,0,0,0,0,0,"leaf",1,0,0,0,0,0,27.9875,1,1,"culm_stem",2,"h","w","i"
"Zantedeschia aethiopica","Zantedeschia aethiopica","ARACEAE","Zantedeschia aethiopica","(L.) Spreng.","Araceae",1,0,"Perennial",1,0,1,0,0,0,0,1,0,"Jun","Dec",NA,NA,100,0,1,0,0,0,0,0,0,0,0,0,0,0,0,0,0,"leaf",0,0,1,0,0,0,23.94,0,0,"leaf",2,"l","w","m"
"Zyrphelis microcephala","Zyrphelis microcephala","ASTERACEAE","Zyrphelis microcephala","Nees","Asteraceae",1,0,"Perennial",1,0,1,0,0,1,0,0,0,"Sep","Apr",NA,NA,30,0,0,0,1,0,0,0,0,0,0,0,0,0,0,0,0,"leaf",1,0,0,0,0,0,0.8,0,0,"leaf",2,"h","w","i"
"Alatoseta tenuis","Alatoseta tenuis","ASTERACEAE","Alatoseta tenuis","Compton","Asteraceae",0,1,NA,1,0,0,0,1,1,0,0,0,"Oct","Oct",NA,NA,5,1,0,0,0,0,0,0,0,0,0,0,0,0,0,0,0,"leaf",1,0,0,0,0,0,2,0,0,"leaf",0,"l","i","w"
"Albuca concordiana","Albuca concordiana","HYACINTHACEAE","Albuca concordiana","Baker","Asparagaceae",1,0,"Perennial",1,0,0,1,1,1,0,0,0,"Aug","Sep",NA,NA,20,1,1,0,0,0,0,0,0,0,0,0,0,0,0,0,0,"leaf",1,0,0,0,0,0,20,0,0,"leaf",2,"l","i","w"
"Aloe comosa","Aloe comosa","ASPHODELACEAE","Aloe comosa","Marloth & A.Berger","Asphodelaceae",1,0,NA,1,0,1,0,0,0,0,0,0,NA,NA,NA,NA,200,0,0,0,0,1,0,0,0,0,0,0,0,1,1,1,0,"leaf",0,1,0,0,0,0,70,0,0,"leaf",3,"l","b","w"
"Aloe dichotoma var. dichotoma","Aloe dichotoma var. dichotoma","ASPHODELACEAE","Qualea cordata var. dichotoma","(Mart.) M.Lisboa & K.Yamam.","Vochysiaceae",1,0,NA,1,0,1,0,0,0,0,0,0,NA,NA,NA,NA,900,0,0,0,0,0,0,1,0,0,0,0,0,1,1,1,NA,"leaf",0,1,0,0,0,0,30,0,0,"leaf",3,"l","b","w"
"Aloe microstigma","Aloe microstigma","ASPHODELACEAE","Aloe microstigma","Salm-Dyck","Asphodelaceae",1,0,"Perennial",1,0,1,0,0,0,0,0,0,"May","Jul",NA,NA,50,0,0,0,0,0,0,0,0,0,0,0,NA,1,1,1,0,"leaf",0,1,0,0,0,0,21,0,0,"leaf",3,"l","i,b","w"
"Alyssum minutum","Alyssum minutum","BRASSICACEAE","Alyssum minutum","Patrin ex DC.","Brassicaceae",0,1,NA,1,0,0,0,1,1,0,0,0,NA,NA,NA,NA,12,1,0,0,0,0,0,0,0,0,0,0,0,0,0,0,0,"leaf",0,1,0,0,0,0,1.5,0,0,"leaf",0,"l","i","w"
"Amphiglossa tomentosa","Amphiglossa tomentosa","ASTERACEAE","Amphiglossa tomentosa","Harv.","Asteraceae",1,0,NA,1,0,1,0,0,0,0,0,0,"Nov","Feb",NA,NA,60,0,0,0,1,0,0,0,0,0,0,0,0,0,0,0,0,"leaf",1,0,0,0,0,0,1.3,0,0,"leaf",2,"h","i","w"
"Amphiglossa triflora","Amphiglossa triflora","ASTERACEAE","Amphiglossa triflora","DC.","Asteraceae",1,0,NA,1,0,1,0,0,0,0,0,0,NA,NA,NA,NA,50,0,0,0,1,0,0,0,0,0,0,0,0,0,0,0,0,"leaf",1,0,0,0,0,0,0.6,0,0,"leaf",3,"m","i","w"
"Amsinckia calycina","Amsinckia calycina","BORAGINACEAE","Amsinckia calycina","(Moris) Chater","Boraginaceae",0,1,NA,1,0,0,0,1,1,0,0,0,NA,NA,NA,NA,50,1,0,0,0,0,0,0,0,0,0,0,0,0,0,0,0,"leaf",0,0,1,0,0,0,6,0,0,"leaf",0,"l","i","p"
"Amsinckia menziesii","Amsinckia menziesii","BORAGINACEAE","Amsinckia menziesii","(Lehm.) A.Nelson & J.F.Macbr.","Boraginaceae",0,1,NA,1,0,0,0,1,1,0,0,0,NA,NA,NA,NA,50,1,0,0,0,0,0,0,0,0,0,0,0,0,0,0,0,"leaf",0,0,1,0,0,0,9,0,0,"leaf",0,"l","i","p"
"Anacampseros albidiflora","Anacampseros albidiflora","PORTULACACEAE","Anacampseros albidiflora","Poelln.","Anacampserotaceae",1,0,NA,1,0,1,0,0,0,0,0,0,NA,NA,NA,NA,12,1,0,0,0,0,0,0,0,0,0,0,0,1,1,1,0,"leaf",0,1,0,0,0,0,0.3,0,0,"leaf",2,"l","m","w"
"Colchicum coloratum subsp. burchellii","Androcymbium burchellii","COLCHICACEAE","Colchicum burchellii","(Baker) J.C.Manning & Vinn.","Colchicaceae",1,0,NA,1,0,1,0,0,0,0,1,0,NA,NA,NA,NA,10,1,1,0,0,0,0,0,0,0,0,0,0,0,0,0,0,"leaf",0,0,1,0,0,0,21,0,0,"leaf",2,"l","m","w"
"Colchicum volutare","Androcymbium volutare","COLCHICACEAE","Colchicum volutare","(Burch.) J.C.Manning & Vinn.","Colchicaceae",1,0,NA,1,0,1,0,0,0,0,1,0,NA,NA,NA,NA,15,1,1,0,0,0,0,0,0,0,0,0,0,0,0,0,0,"leaf",0,1,0,0,0,0,15,0,0,"leaf",2,"l","m","w"
"Anginon fruticosum","Anginon fruticosum","APIACEAE","Anginon fruticosum","I.Allison & B.-E.van Wyk","Apiaceae",1,0,NA,1,0,1,0,0,0,0,0,0,"Jan","Apr",NA,NA,300,0,0,0,0,1,0,0,0,0,0,0,0,0,0,0,0,"leaf",0,0,1,1,0,1,5.2,0,0,"leaf",2,"m","i","w"
"Anisodontea triloba","Anisodontea triloba","MALVACEAE","Anisodontea triloba","(Thunb.) D.M.Bates","Malvaceae",1,0,NA,1,0,1,0,0,0,0,0,0,"Sep","Oct",NA,NA,150,0,0,0,0,1,0,0,0,0,0,0,0,0,0,0,0,"leaf",0,0,1,0,1,0,1.2,0,0,"leaf",2,"h","i","p"
"Anthospermum anthiopicum","Anthospermum anthiopicum","RUBIACEAE","Anthospermum aethiopicum","L.","Rubiaceae",1,0,NA,1,0,1,0,0,0,0,0,0,"Aug","Jan",NA,NA,200,0,0,0,0,1,0,0,0,0,0,0,0,0,0,0,0,"leaf",1,0,0,0,0,0,1,0,0,"leaf",2,"h","w","p"
"Anthospermum dregei","Anthospermum dregei","RUBIACEAE","Anthospermum dregei","Sond.","Rubiaceae",1,0,NA,1,0,1,0,0,0,0,0,0,"Aug","Oct",NA,NA,40,0,0,0,1,0,0,0,0,0,0,0,0,0,0,0,0,"leaf",1,0,0,0,0,0,1,0,0,"leaf",2,"h","w","p"
"Antimima gracillima","Antimima gracillima","AIZOACEAE","Antimima gracillima","(L.Bolus) H.E.K.Hartmann","Aizoaceae",1,0,NA,1,0,1,0,0,0,0,0,0,"Jul","Sep",NA,NA,30,0,0,0,1,0,0,0,0,0,0,0,0,1,1,0,0,"leaf",0,1,0,0,0,0,1.3,0,0,"leaf",2,"l","i","p"
"Antimima triquetra","Antimima triquetra","AIZOACEAE","Antimima triquetra","(L.Bolus) H.E.K.Hartmann","Aizoaceae",1,0,NA,1,0,1,0,0,0,0,0,0,"Jun",NA,NA,NA,10,0,0,0,1,0,0,0,0,0,0,0,0,1,1,0,0,"leaf",0,0,1,0,0,0,0.8,0,0,"leaf",2,"l","i","p"
"Aptosimum indivisum","Aptosimum  indivisum","SCROPHULARIACEAE","Aptosimum indivisum","Burch. ex Benth.","Scrophulariaceae",1,0,NA,1,0,1,0,0,0,0,0,0,"Aug","Dec",NA,NA,10,0,0,0,1,0,0,0,0,0,0,0,0,0,0,0,0,"leaf",0,1,0,0,0,0,2.1,0,0,"leaf",3,"l","i","p"
"Aptosimum procumbens","Aptosimum procumbens","SCROPHULARIACEAE","Aptosimum procumbens","(Lehm.) Burch. ex Steud.","Scrophulariaceae",1,0,NA,1,0,1,0,0,0,0,0,0,NA,NA,NA,NA,10,0,0,0,1,0,0,0,1,0,0,0,0,0,0,0,0,"leaf",0,0,1,0,0,0,4,0,0,"leaf",3,"l","i","p"
"Aptosimum spinescens","Aptosimum spinescens","SCROPHULARIACEAE","Aptosimum spinescens","(Thunb.) Emil Weber","Scrophulariaceae",1,0,NA,1,0,1,0,0,0,0,0,0,"Oct","Dec",NA,NA,25,0,0,0,1,0,0,0,0,0,0,0,0,0,0,0,0,"leaf",1,0,0,0,0,0,0.7,0,0,"leaf",3,"l","i","p"
"Arctotis fastuosa","Arctotis fastuosa","ASTERACEAE","Arctotis fastuosa","Jacq.","Asteraceae",0,1,NA,1,0,0,0,1,1,0,0,0,NA,NA,NA,NA,50,1,0,0,0,0,0,0,0,0,0,0,0,0,0,0,0,"leaf",0,1,0,1,1,NA,20,0,0,"leaf",0,"l","i","w"
"Mesembryanthemum noctiflora","Aridaria noctiflora","AIZOACEAE","Mesembryanthemum noctiflorum","L.","Aizoaceae",1,0,NA,1,0,1,0,0,0,0,0,0,"Oct","Nov",NA,NA,100,0,0,0,1,0,0,0,0,0,0,0,0,1,1,0,0,"leaf",0,1,0,0,0,0,2,0,0,"leaf",3,"l","i","p"
"Aristida vestita","Aristida vestita","POACEAE","Aristida vestita","Thunb.","Poaceae",1,0,NA,1,0,0,0,0,0,0,0,0,"Nov",NA,NA,NA,85,0,0,1,0,0,0,0,0,0,0,0,0,0,0,0,0,"leaf",1,0,0,0,0,0,20,0,1,"leaf",2,"h","w","w"
"Asparagus asparagoides","Asparagus asparagoides","ASPARAGACEAE","Asparagus asparagoides","(L.) Druce","Asparagaceae",1,0,NA,1,0,1,0,0,0,0,1,0,NA,NA,NA,NA,100,0,1,0,0,1,0,0,1,0,0,0,0,0,0,0,0,"cladode",0,0,1,0,0,0,2,0,0,"leaf",3,"m","i","m"
"Asparagus multituberosus","Asparagus multituberosus","ASPARAGACEAE","Asparagus multituberosus","R.A.Dyer","Asparagaceae",1,0,NA,1,0,1,0,0,0,0,1,0,NA,NA,NA,NA,45,0,1,0,1,0,0,0,1,0,0,0,0,0,0,0,0,"cladode",0,0,1,0,0,0,2,0,0,"leaf",3,"m","i","m"
"Asparagus ovatus","Asparagus ovatus","ASPARAGACEAE","Asparagus ovatus","T.M.Salter","Asparagaceae",1,0,NA,1,0,1,0,0,0,0,1,0,"Jul",NA,NA,NA,100,0,1,0,1,1,0,0,1,0,0,0,0,0,0,0,0,"cladode",0,0,1,0,0,0,2,0,0,"leaf",2,"l","i","m"
"Athanasia minuta","Athanasia minuta","ASTERACEAE","Athanasia minuta","(L.f.) Källersjö","Asteraceae",1,0,NA,1,0,1,0,0,0,0,0,0,NA,NA,NA,NA,25,0,0,0,1,0,0,0,0,0,0,0,0,0,0,0,0,"leaf",1,0,0,0,0,0,2,0,0,"leaf",2,"l","i","w"
"Atriplex cinerea","Atriplex cinerea subsp bolusii","AMARANTHACEAE","Atriplex cinerea","Poir.","Amaranthaceae",1,0,NA,1,0,1,0,0,0,0,0,0,"Sep","Oct",NA,NA,60,0,0,0,1,0,0,0,0,0,0,0,0,0,0,0,0,"leaf",0,0,1,0,0,0,3,0,0,"leaf",2,"l","u","p"
"Atriplex lindleyi","Atriplex lindleyi","AMARANTHACEAE","Atriplex lindleyi","Moq.","Amaranthaceae",1,0,NA,1,0,1,0,0,0,0,0,0,"May","Oct",NA,NA,30,1,0,0,0,0,0,0,0,0,0,0,0,0,0,0,0,"leaf",0,0,1,0,0,0,2,0,0,"leaf",1,"l","u","p"
"Atriplex semibaccata","Atriplex semibaccata","AMARANTHACEAE","Atriplex semibaccata","R.Br.","Amaranthaceae",1,0,NA,1,0,1,0,0,0,0,0,0,"Sep","Dec",NA,NA,30,1,0,0,0,0,0,0,1,0,0,0,0,0,0,0,0,"leaf",0,1,0,0,0,0,1.5,0,0,"leaf",1,"l","u","p"
"Augea capensis","Augea capensis","ZYGOPHYLLACEAE","Zygophyllum augea","Christenh. & Byng","Zygophyllaceae",1,0,NA,1,0,1,0,0,0,0,0,0,"Aug","Oct",NA,NA,40,0,0,0,1,0,0,0,0,0,0,0,0,1,1,1,0,"leaf",0,1,0,0,0,0,5,0,0,"leaf",1,"l","i","w"
"Babiana flabellifolia","Babiana flabellifolia","IRIDACEAE","Babiana flabellifolia","Harv. ex Klatt","Iridaceae",1,0,NA,1,0,1,0,0,0,0,1,0,NA,NA,NA,NA,10,0,1,0,0,0,0,0,0,0,0,0,0,0,0,0,0,"leaf",0,1,0,0,0,0,5,0,0,"leaf",3,"l","i","w"
"Babiana framesii","Babiana framesii","IRIDACEAE","Babiana framesii","L.Bolus","Iridaceae",1,0,NA,1,0,1,0,0,0,0,1,0,NA,NA,NA,NA,10,0,1,0,0,0,0,0,0,0,0,0,0,0,0,0,0,"leaf",0,1,0,0,0,0,10,0,0,"leaf",3,"l","i","w"
"Babiana pauciflora","Babiana pauciflora","IRIDACEAE","Babiana pauciflora","G.J.Lewis","Iridaceae",1,0,NA,1,0,1,0,1,1,0,1,0,"Jun",NA,NA,NA,10,0,1,0,0,0,0,0,0,0,0,0,0,0,0,0,0,"leaf",1,0,0,0,0,0,10,0,0,"leaf",2,"l","i","w"
"Babiana sambucina ","Babiana sambucina var longibracteata","IRIDACEAE","Babiana sambucina","(Jacq.) Ker Gawl.","Iridaceae",1,0,NA,1,0,1,0,1,1,0,1,0,"Jul","Sep",NA,NA,15,0,1,0,0,0,0,0,0,0,0,0,0,0,0,0,0,"leaf",1,0,0,0,0,0,23,0,0,"leaf",2,"l","i","w"
"Babiana spathacea","Babiana spathaceae","IRIDACEAE","Babiana spathacea","(L.f.) Ker Gawl.","Iridaceae",1,0,NA,1,0,1,0,0,0,0,1,0,NA,NA,NA,NA,40,0,1,0,0,0,0,0,0,0,0,0,0,0,0,0,0,"leaf",0,1,0,0,0,0,30,0,0,"leaf",3,"l","i","w"
"Berkheya eriobasis","Berkheya eriobasis","ASTERACEAE","Berkheya eriobasis","(DC.) Roessler","Asteraceae",1,0,NA,1,0,1,0,0,0,0,1,0,"Oct","Dec",NA,NA,100,0,0,0,1,0,0,0,0,0,0,0,0,0,0,0,0,"leaf",0,1,0,0,1,1,10,0,0,"leaf",2,"m","i","w"
"Berkheya fruticosa","Berkheya fruticosa","ASTERACEAE","Berkheya fruticosa","Ehrh.","Asteraceae",1,0,NA,1,0,1,0,0,0,0,0,0,NA,NA,NA,NA,150,0,0,0,0,1,0,0,0,0,0,0,0,0,0,0,0,"leaf",0,1,0,0,0,0,5,0,0,"leaf",2,"m","i","w"
"Berkheya glabrata","Berkheya glabrata","ASTERACEAE","Berkheya glabrata","(Thunb.) Fourc.","Asteraceae",1,0,NA,1,0,1,0,0,0,0,0,0,"Oct",NA,NA,NA,100,0,0,0,1,0,0,0,0,0,0,0,0,0,0,0,0,"leaf",0,1,0,0,1,1,20,0,0,"leaf",2,"m","i","w"
"Berkheya heterophylla","Berkheya heterophylla","ASTERACEAE","Berkheya heterophylla","O.Hoffm.","Asteraceae",1,0,NA,1,0,1,0,0,0,0,0,0,"Sep","Jan",NA,NA,100,0,0,0,1,0,0,0,0,0,0,0,0,0,0,0,0,"leaf",0,1,0,0,1,1,20,0,0,"leaf",2,"m","i","w"
"Berkheya onobromoides","Berkheya onobromoides","ASTERACEAE","Berkheya onobromoides","O.Hoffm. & Muschl.","Asteraceae",1,0,NA,1,0,1,0,0,0,0,0,0,NA,NA,NA,NA,100,0,0,0,1,0,0,0,0,0,0,0,0,0,0,0,0,"leaf",0,1,0,1,1,NA,40,0,0,"leaf",2,"m","i","w"
"Boophane disticha","Boophane disticha","AMARYLLIDACEAE","Boophone disticha","Herb.","Amaryllidaceae",1,0,NA,1,0,0,1,0,0,0,1,0,NA,NA,NA,NA,50,0,1,0,0,0,0,0,0,0,0,0,0,1,0,1,0,"leaf",1,0,0,0,0,0,30,0,0,"leaf",3,"l","m","w"
"Bromus pectinatus","Bromus pectinatus","POACEAE","Bromus pectinatus","Thunb.","Poaceae",0,1,NA,1,0,0,0,1,1,0,0,0,"Jul","Nov",NA,NA,80,0,0,1,0,0,0,0,0,0,0,0,0,0,0,0,0,"leaf",1,0,0,0,0,0,10,0,0,"leaf",0,"l","w","p"
"Brunsvigia bosmaniae","Brunsvigia bosmaniae","AMARYLLIDACEAE","Brunsvigia bosmaniae","F.M.Leight.","Amaryllidaceae",1,0,NA,1,0,0,1,1,1,0,0,0,"Mar","May",NA,NA,20,0,1,0,0,0,0,0,0,0,0,0,0,0,0,0,0,"leaf",0,1,0,0,0,0,35,0,0,"leaf",3,"l","m","w"
"Brunsvigia striata","Brunsvigia cf. minor","AMARYLLIDACEAE","Brunsvigia nervosa","(Poir.)","Amaryllidaceae",1,0,NA,1,0,0,1,0,0,0,1,0,NA,NA,NA,NA,35,0,1,0,0,0,0,0,0,0,0,0,0,0,0,0,0,"leaf",0,1,0,0,0,0,20,0,0,"leaf",3,"l","m","w"
"Bulbine aloides","Bulbine aloides","ASPHODELACEAE","Bulbine alooides","Willd.","Asphodelaceae",1,0,NA,1,0,0,1,1,1,0,0,0,"Mar","May",NA,NA,40,0,1,0,0,0,0,0,0,0,0,0,0,1,1,0,0,"leaf",1,0,0,0,0,0,15,0,0,"leaf",2,"l","i","w"
"Bulbinella nutans","Bulbine nutans","ASPHODELACEAE","Bulbinella nutans","(Thunb.) T.Durand & Schinz","Asphodelaceae",1,0,NA,1,0,1,0,1,1,0,0,0,"Jul","Oct",NA,NA,100,0,1,0,0,0,0,0,0,0,0,0,0,0,0,0,0,"leaf",1,0,0,0,0,0,45,0,0,"leaf",2,"l","i","w"
"Bulbine praemorsa","Bulbine praemorsa","ASPHODELACEAE","Bulbine praemorsa","(Jacq.) Spreng.","Asphodelaceae",1,0,NA,1,0,1,0,0,0,0,0,0,NA,NA,NA,NA,60,0,1,0,0,0,0,0,0,0,0,0,0,1,1,0,0,"leaf",1,0,0,0,0,0,4,0,0,"leaf",2,"l","i","w"
"Bulbine succulenta","Bulbine succulenta","ASPHODELACEAE","Bulbine succulenta","Compton","Asphodelaceae",1,0,NA,1,0,1,0,1,1,0,0,0,"Jul","Sep",NA,NA,20,0,1,0,0,0,0,0,0,0,0,0,0,1,0,0,0,"leaf",1,0,0,0,0,0,10,0,0,"leaf",2,"l","i","w"
"Bulbine torta","Bulbine torta","ASPHODELACEAE","Bulbine torta","N.E.Br.","Asphodelaceae",1,0,NA,1,0,0,1,1,1,1,1,0,NA,NA,NA,NA,25,1,1,0,0,0,0,0,0,0,0,0,0,1,1,0,0,"leaf",1,0,0,0,0,0,10,0,0,"leaf",3,"l","i","w"
"Capsella bursa-pastoris","Capsella bursa-pastoris","BRASSICACEAE","Capsella bursa-pastoris","Medik.","Brassicaceae",0,1,NA,1,0,0,0,1,1,0,0,0,NA,NA,NA,NA,45,1,0,0,0,0,0,0,0,0,0,0,0,0,0,0,0,"leaf",0,1,0,0,1,0,8,0,0,"leaf",0,"l","i","p"
"Cephalophyllum curtophyllum","Cephalophyllum curtophyllum","AIZOACEAE","Cephalophyllum curtophyllum","(L.Bolus) Schwantes","Aizoaceae",1,0,NA,1,0,1,0,0,0,0,0,0,"Aug",NA,NA,NA,10,0,0,0,1,0,0,0,1,0,0,0,0,1,1,0,0,"leaf",0,1,0,0,0,0,5,0,0,"leaf",3,"l","i","p"
"Cephalophyllum framesii","Cephalophyllum framesii","AIZOACEAE","Cephalophyllum framesii","L.Bolus","Aizoaceae",1,0,NA,1,0,1,0,0,0,0,0,0,"Jun","Aug",NA,NA,10,0,0,0,1,0,0,0,1,0,0,0,0,1,1,0,0,"leaf",0,1,0,0,0,0,7,0,0,"leaf",3,"l","i","p"
"Cephalophyllum hallii","Cephalophyllum hallii","AIZOACEAE","Cephalophyllum hallii","L.Bolus","Aizoaceae",1,0,NA,1,0,1,0,0,0,0,0,0,NA,NA,NA,NA,8,0,0,0,1,0,0,0,0,0,0,0,0,1,1,0,0,"leaf",0,1,0,0,0,0,5,0,0,"leaf",3,"l","i","p"
"Chaenostoma caeruleum","Chaenostoma caeruleum","SCROPHULARIACEAE","Chaenostoma caeruleum","(L.f.) Kornhall","Scrophulariaceae",1,0,NA,1,0,1,0,0,0,0,0,0,"Jul","Oct",NA,NA,100,0,0,0,1,0,0,0,0,0,0,0,0,0,0,0,0,"leaf",0,1,0,0,0,0,2.5,0,0,"leaf",2,"l","i","p"
"Chaetobromus involucratus","Chaetobromus involucratus","POACEAE","Chaetobromus involucratus","(Schrad.) Nees","Poaceae",1,0,NA,1,0,1,0,0,0,0,1,0,NA,NA,NA,NA,60,0,0,1,0,0,0,0,0,0,0,0,0,0,0,0,0,"leaf",1,0,0,0,0,0,25,0,1,"mixed",2,"h","w","w"
"Cheiridopsis namaquensis","Cheiridopsis namaquensis","AIZOACEAE","Cheiridopsis namaquensis","(Sond.) H.E.K.Hartmann","Aizoaceae",1,0,NA,1,0,1,0,0,0,0,0,0,"Jul","Sep",NA,NA,5,0,0,0,0,0,0,0,0,0,0,0,0,1,1,0,0,"leaf",0,1,0,0,0,0,4,0,0,"leaf",3,"l","i","p"
"Chlorophytum undulatum","Chlorophytum undulatum","AGAVACEAE","Chlorophytum graminifolium","(Willd.) Kunth","Asparagaceae",1,0,NA,1,0,0,1,1,1,0,0,0,"Jul","Oct",NA,NA,60,0,1,0,0,0,0,0,0,0,0,0,0,0,0,0,0,"leaf",0,1,0,0,0,0,15,0,0,"leaf",2,"l","i","w"
"Chrysocoma oblongifolia","Chrysocoma oblongifolia","ASTERACEAE","Chrysocoma oblongifolia","DC.","Asteraceae",1,0,NA,1,0,1,0,0,0,0,0,0,NA,NA,NA,NA,30,0,0,0,1,0,0,0,0,0,0,0,0,0,0,0,0,"leaf",0,1,0,0,0,0,2,0,0,"leaf",3,"m","i","w"
"Cladoraphis spinosa","Cladoraphis spinosa","POACEAE","Cladoraphis spinosa","(L.f.) S.M.Phillips","Poaceae",1,0,NA,1,0,1,0,0,0,0,0,0,"Aug","May",NA,NA,60,0,0,1,0,0,0,0,0,0,0,0,0,0,0,0,0,"leaf",0,1,0,0,0,0,5,0,1,"mixed",2,"l","w","w"
"Cleretum bellidiforme","Cleretum bellidiforme","AIZOACEAE","Cleretum bellidiforme","(Burm.f.) G.D.Rowley","Aizoaceae",0,1,NA,1,0,0,0,1,1,0,0,0,"Aug","Sep",NA,NA,5,1,0,0,0,0,0,0,0,0,0,0,0,1,1,0,0,"leaf",0,0,1,0,0,0,3,0,0,"leaf",0,"l","i","p"
"Cleretum lyratifolium","Cleretum lyratifolium","AIZOACEAE","Cleretum lyratifolium","Ihlenf. & Struck","Aizoaceae",0,1,NA,1,0,0,0,1,1,0,0,0,NA,NA,NA,NA,5,1,0,0,0,0,0,0,0,0,0,0,0,1,1,0,0,"leaf",0,1,0,0,0,0,4,0,0,"leaf",0,"l","i","p"
"Cleretum maughanii","Cleretum maughanii","AIZOACEAE","Cleretum maughanii","(N.E.Br.) Klak","Aizoaceae",0,1,NA,1,0,0,0,1,1,0,0,0,"Jul","Sep",NA,NA,10,1,0,0,0,0,0,0,0,0,0,0,0,1,1,0,0,"leaf",0,0,1,0,0,0,5,0,0,"leaf",0,"l","i","p"
"Cleretum papulosum","Cleretum papulosum","AIZOACEAE","Cleretum papulosum","(L.f.) L.Bolus","Aizoaceae",0,1,NA,1,0,0,0,1,1,0,0,0,NA,NA,NA,NA,5,1,0,0,0,0,0,0,0,0,0,0,0,1,1,0,0,"leaf",0,1,0,0,0,0,4,0,0,"leaf",0,"l","i","p"
"Cliffortia arborea","Cliffortia arborea","ROSACEAE","Cliffortia arborea","Marloth","Rosaceae",1,0,NA,1,1,1,0,0,0,0,1,1,"Nov",NA,NA,NA,500,0,0,0,0,0,1,1,0,0,0,0,0,0,0,0,0,"leaf",0,1,0,0,0,0,2,0,0,"leaf",3,"h","w","p"
"Colchicum albomarginatum","Colchicum albomarginatum","COLCHICACEAE","Colchicum albomarginatum","(Schinz) J.C.Manning & Vinn.","Colchicaceae",1,0,NA,1,0,0,1,1,1,0,1,0,NA,NA,NA,NA,10,1,1,0,0,0,0,0,0,0,0,0,0,0,0,0,0,"leaf",0,0,1,0,0,0,15,0,0,"leaf",2,"l","m","p"
"Colchicum capense subsp. ciliolatum","Colchicum capense subsp. ciliolatum","COLCHICACEAE","Colchicum capense subsp. ciliolatum","(Schltr. & K.Krause) J.C.Manning & Vinn.","Colchicaceae",1,0,NA,1,0,0,1,1,1,0,1,0,NA,NA,NA,NA,12,1,1,0,0,0,0,0,0,0,0,0,0,0,0,0,0,"leaf",0,1,0,0,0,0,12,0,0,"leaf",2,"l","m","p"
"Colchicum crispum","Colchicum crispum","COLCHICACEAE","Colchicum crispum","(Schinz) J.C.Manning & Vinn.","Colchicaceae",1,0,NA,1,0,0,1,1,1,0,0,0,"Jul","Aug",NA,NA,10,1,1,0,0,0,0,0,0,0,0,0,0,0,0,0,0,"leaf",0,1,0,0,0,0,10,0,0,"leaf",2,"l","m","p"
"Convolvulus capensis","Convolvulus capensis","CONVOLVULACEAE","Convolvulus capensis","Burm.f.","Convolvulaceae",1,0,NA,1,0,1,0,0,0,0,0,0,"Sep","Oct",NA,NA,200,0,0,0,0,0,0,0,1,1,0,0,0,0,0,0,0,"leaf",0,0,1,0,1,0,2,0,0,"leaf",2,"l","i","w"
"Nidorella ivifolia","Conyza scabrida","ASTERACEAE","Nidorella ivifolia","(L.) J.C.Manning & Goldblatt","Asteraceae",1,0,NA,1,0,1,0,0,0,0,0,0,"Nov","Apr",NA,NA,200,0,0,0,0,1,0,0,0,0,0,0,0,0,0,0,0,"leaf",0,1,0,0,0,0,5,0,0,"leaf",2,"m","i","w"
"Cotula barbata","Cotula barbata","ASTERACEAE","Cotula barbata","DC.","Asteraceae",0,1,NA,1,0,0,0,1,1,0,0,0,NA,NA,NA,NA,15,1,0,0,0,0,0,0,0,0,0,0,0,0,0,0,0,"leaf",1,0,0,0,1,1,5,0,0,"leaf",0,"l","i","w"
"Cotula bipinnata","Cotula bipinnata","ASTERACEAE","Cotula bipinnata","Thunb.","Asteraceae",0,1,NA,1,0,0,0,1,1,0,0,0,NA,NA,NA,NA,30,1,0,0,0,0,0,0,0,0,0,0,0,0,0,0,0,"leaf",0,1,0,0,1,1,5,0,0,"leaf",0,"l","i","w"
"Cotula microglossa","Cotula microglossa","ASTERACEAE","Cotula microglossa","O.Hoffm. & Kuntze ex Kuntze","Asteraceae",0,1,NA,1,0,0,0,1,1,0,0,0,"Sep","Oct",NA,NA,10,1,0,0,0,0,0,0,0,0,0,0,0,0,0,0,0,"leaf",0,1,0,0,1,1,5,0,0,"leaf",0,"l","i","w"
"Cotula nudicaulis","Cotula nudicaulis","ASTERACEAE","Cotula nudicaulis","Thunb.","Asteraceae",0,1,NA,1,0,0,0,1,1,0,0,0,"Jul","Sep",NA,NA,15,1,0,0,0,0,0,0,0,0,0,0,0,0,0,0,0,"leaf",0,1,0,0,1,1,2,0,0,"leaf",0,"l","i","w"
"Cotula sororia","Cotula sororia","ASTERACEAE","Cotula sororia","DC.","Asteraceae",0,1,NA,1,0,0,0,1,1,0,0,0,NA,NA,NA,NA,15,1,0,0,0,0,0,0,0,0,0,0,0,0,0,0,0,"leaf",0,1,0,0,1,1,2,0,0,"leaf",0,"l","i","w"
"Crassula alpestris","Crassula alpestris","CRASSULACEAE","Crassula alpestris","Thunb.","Crassulaceae",1,0,NA,1,0,1,0,0,0,NA,0,0,NA,NA,NA,NA,8,1,0,0,0,0,0,0,0,0,0,0,0,1,1,0,0,"leaf",0,1,0,0,0,0,2,0,0,"leaf",3,"l","i","p"
"Crassula barbata","Crassula barbata","CRASSULACEAE","Crassula barbata","Thunb.","Crassulaceae",1,0,NA,1,0,1,0,0,0,0,0,0,"Sep","Nov",NA,NA,10,1,0,0,0,0,0,0,0,0,0,0,0,1,1,0,0,"leaf",0,0,1,0,0,0,4,0,0,"leaf",2,"l","i","p"
"Crassula dichotoma","Crassula dichotoma","CRASSULACEAE","Crassula dichotoma","L.","Crassulaceae",0,1,NA,1,0,0,0,1,1,0,0,0,NA,NA,NA,NA,20,1,0,0,0,0,0,0,0,0,0,0,0,1,1,0,0,"leaf",0,0,1,0,0,0,1,0,0,"leaf",0,"l","i","p"
"Crassula glomerata","Crassula glomerata","CRASSULACEAE","Crassula glomerata","P.J.Bergius","Crassulaceae",0,1,NA,1,0,0,0,1,1,0,0,0,NA,NA,NA,NA,15,1,0,0,0,0,0,0,0,0,0,0,0,1,1,0,0,"leaf",0,1,0,0,0,0,0.7,0,0,"leaf",0,"l","i","p"
"Crassula sericea","Crassula sericea","CRASSULACEAE","Crassula sericea","Schönland","Crassulaceae",1,0,NA,1,0,1,0,0,0,0,0,0,NA,NA,NA,NA,20,0,0,0,1,0,0,0,0,0,0,0,0,1,1,0,0,"leaf",0,0,1,0,0,0,3.5,0,0,"leaf",3,"l","i","p"
"Crassula subaphylla","Crassula subaphylla","CRASSULACEAE","Crassula subaphylla","Harv.","Crassulaceae",1,0,NA,1,0,1,0,0,0,0,0,0,NA,NA,NA,NA,80,0,0,0,1,0,0,0,0,0,0,0,0,1,1,0,0,"leaf",1,1,0,0,0,0,4,0,0,"leaf",3,"l","i","p"
"Crassula thunbergiana","Crassula thunbergiana","CRASSULACEAE","Crassula thunbergiana","Roem. & Schult.","Crassulaceae",0,1,NA,1,0,0,0,1,1,0,0,0,NA,NA,NA,NA,8,1,0,0,0,0,0,0,1,0,0,0,0,1,1,0,0,"leaf",1,1,0,0,0,0,1.2,0,0,"leaf",0,"l","i","p"
"Crassula umbella","Crassula umbella","CRASSULACEAE","Crassula umbella","Jacq.","Crassulaceae",0,1,NA,1,0,0,0,1,1,0,0,0,"Jul","Oct",NA,NA,10,1,0,0,0,0,0,0,0,0,0,0,0,1,1,0,0,"leaf",0,0,1,0,0,0,8,0,0,"leaf",0,"l","i","p"
"Crassula vaillantii","Crassula vaillantii","CRASSULACEAE","Crassula vaillantii","Roth","Crassulaceae",0,1,NA,1,0,0,0,1,1,0,0,0,NA,NA,NA,NA,15,1,0,0,0,0,0,0,0,0,0,0,0,1,1,0,0,"leaf",1,0,0,0,0,0,0.4,0,0,"leaf",0,"l","i","p"
"Cromidon corrigioloides","Cromidon corrigioloides","SCROPHULARIACEAE","Cromidon corrigioloides","(Rolfe) Compton","Scrophulariaceae",0,1,NA,1,0,0,0,1,1,0,0,0,NA,NA,NA,NA,15,1,0,0,0,0,0,0,0,0,0,0,0,0,0,0,0,"leaf",0,1,0,0,0,0,0.6,0,0,"leaf",0,"l","i","p"
"Cromidon varicalyx","Cromidon varicalyx","SCROPHULARIACEAE","Cromidon varicalyx","Hilliard","Scrophulariaceae",0,1,NA,1,0,0,0,1,1,0,0,0,NA,NA,NA,NA,10,1,0,0,0,0,0,0,0,0,0,0,0,0,0,0,0,"leaf",0,1,0,0,0,0,2,0,0,"leaf",0,"l","i","p"
"Crossyne guttata","Crossyne guttata","AMARYLLIDACEAE","Crossyne guttata","(L.) D.Müll.-Doblies & U.Müll.-Doblies","Amaryllidaceae",1,0,NA,1,0,0,1,1,0,1,1,0,"Feb","Apr",NA,NA,45,0,1,0,0,0,0,0,0,0,0,0,0,0,0,0,0,"leaf",0,1,0,0,0,0,30,0,0,"leaf",3,"l","i","w"
"Cyperus marginatus","Cyperus marginatus","CYPERACEAE","Cyperus marginatus","Thunb.","Cyperaceae",1,0,NA,1,0,1,0,0,0,0,0,0,NA,NA,NA,NA,150,0,0,1,0,0,0,0,0,0,0,0,0,0,0,0,0,"leaf",1,0,0,0,0,0,100,1,1,"mixed",2,"h","w","w"
"Cyphia volubilis","Cyphia volubilis","LOBELIACEAE","Cyphia volubilis","Willd.","Campanulaceae",1,0,NA,1,0,1,0,1,1,0,1,0,"Aug","Sep",NA,NA,50,0,1,0,0,0,0,0,0,1,0,0,0,0,0,0,0,"leaf",1,0,0,0,0,0,2,0,1,"mixed",2,"l","i","p"
"Cysticapnos vesicaria","Cysticapnos vesicaria","FUMARIACEAE","Cysticapnos vesicaria","(L.) Fedde","Papaveraceae",0,1,NA,1,0,0,0,1,1,0,0,0,NA,NA,NA,NA,100,1,0,0,0,0,0,0,1,0,0,0,0,0,0,0,0,"leaf",0,1,0,0,1,1,1.5,0,0,"leaf",0,"l","i","p"
"Deverra denudata","Deverra denudata","APIACEAE","Deverra denudata","(Viv.) Pfisterer & Podlech","Apiaceae",1,0,NA,1,0,0,1,0,0,0,1,0,NA,NA,NA,NA,200,0,0,0,0,1,0,0,0,0,0,0,0,0,0,0,0,"leaf",1,0,0,1,1,1,5,1,1,"mixed",3,"m","w","p"
"Diascia macrophylla","Diascia macrophylla","SCROPHULARIACEAE","Diascia macrophylla","(Thunb.) Spreng.","Scrophulariaceae",0,1,NA,1,0,0,0,1,1,0,0,0,NA,NA,NA,NA,60,1,0,0,0,0,0,0,0,0,0,0,0,0,0,0,0,"leaf",0,0,1,0,0,0,1.5,0,0,"leaf",0,"l","i","p"
"Diascia namaquensis","Diascia namaquensis","SCROPHULARIACEAE","Diascia namaquensis","Hiern","Scrophulariaceae",0,1,NA,1,0,0,0,1,1,0,0,0,NA,NA,NA,NA,40,1,0,0,0,0,0,0,0,0,0,0,0,0,0,0,0,"leaf",0,1,1,0,1,0,2,0,0,"leaf",0,"l","i","p"
"Diascia nana","Diascia nana","SCROPHULARIACEAE","Diascia nana","Diels","Scrophulariaceae",0,1,NA,1,0,0,0,1,1,0,0,0,NA,NA,NA,NA,13,1,0,0,0,0,0,0,0,0,0,0,0,0,0,0,0,"leaf",0,0,1,0,1,0,2,0,0,"leaf",0,"l","i","p"
"Didelta spinosa","Didelta spinosa","ASTERACEAE","Didelta spinosa","Aiton","Asteraceae",1,0,NA,1,0,1,0,0,0,0,0,0,"Jul","Sep",NA,NA,200,0,0,0,0,1,0,0,0,0,0,0,0,0,1,0,0,"leaf",0,0,1,0,0,0,4,0,0,"leaf",3,"l","i","w"
"Dimorphotheca cuneata","Dimorphotheca cuneata","ASTERACEAE","Dimorphotheca cuneata","DC.","Asteraceae",1,0,NA,1,0,1,0,0,0,0,0,0,"Sep","Nov",NA,NA,50,0,0,0,1,0,0,0,0,0,0,0,0,0,0,0,0,"leaf",0,0,1,0,0,0,2,0,0,"leaf",3,"l","i","w"
"Dimorphotheca pinnata","Dimorphotheca pinnata","ASTERACEAE","Osteospermum pinnatum","(Thunb.) Norl.","Asteraceae",0,1,NA,1,0,0,0,1,1,0,0,0,"Jul","Sep",NA,NA,15,1,0,0,0,0,0,0,0,0,0,0,0,0,0,0,0,"leaf",1,0,0,0,0,1,4,0,0,"leaf",0,"l","i","w"
"Dimorphotheca pluvialis","Dimorphotheca pluvialis","ASTERACEAE","Dimorphotheca pluvialis","Moench","Asteraceae",0,1,NA,1,0,0,0,1,1,0,0,0,"Aug","Oct",NA,NA,30,1,0,0,0,0,0,0,0,0,0,0,0,0,0,0,0,"leaf",0,1,0,0,1,0,3,0,0,"leaf",0,"l","i","w"
"Dimorphotheca sinuata","Dimorphotheca sinuata","ASTERACEAE","Dimorphotheca sinuata","DC.","Asteraceae",0,1,NA,1,0,0,0,1,1,0,0,0,NA,NA,NA,NA,30,1,0,0,0,0,0,0,0,0,0,0,0,0,0,0,0,"leaf",0,1,0,0,1,0,3,0,0,"leaf",0,"l","i","w"
"Disperis purpurata","Disperis purpurata","ORCHIDACEAE","Disperis purpurata","Rchb.f.","Orchidaceae",1,0,NA,1,0,0,1,1,1,1,1,0,NA,NA,NA,NA,20,1,1,0,0,0,0,0,0,0,0,0,0,0,0,0,0,"leaf",0,0,1,0,0,0,5,0,0,"leaf",2,"l","i","p"
"Drimia physodes","Drimia physodes","HYACINTHACEAE","Fusifilum physodes","(Jacq.) Raf. ex Speta","Asparagaceae",1,0,NA,1,0,0,1,1,1,0,1,0,"Oct","Apr",NA,NA,15,0,1,0,0,0,0,0,0,0,0,0,0,0,0,0,0,"leaf",1,0,0,0,0,0,10,0,0,"leaf",3,"l","i","p"
"Drosanthemum floribundum","Drosanthemum floribundum","AIZOACEAE","Drosanthemum floribundum","(Haw.) Schwantes","Aizoaceae",1,0,NA,1,0,1,0,0,0,0,0,0,"Sep","Dec",NA,NA,30,0,0,0,1,0,0,0,1,0,0,0,0,1,1,0,0,"leaf",1,0,0,0,0,0,2,0,0,"leaf",2,"l","i","p"
"Drosanthemum framesii","Drosanthemum framesii","AIZOACEAE","Drosanthemum framesii","L.Bolus","Aizoaceae",1,0,NA,1,0,1,0,0,0,0,0,0,"Sep",NA,NA,NA,8,0,0,0,1,0,0,0,1,0,0,0,0,1,1,0,0,"leaf",0,1,0,0,0,0,1.5,0,0,"leaf",2,"l","i","p"
"Drosanthemum karrooense","Drosanthemum karrooense","AIZOACEAE","Drosanthemum karrooense","L.Bolus","Aizoaceae",1,0,NA,1,0,1,0,0,0,0,0,0,"Aug",NA,NA,NA,20,0,0,0,1,0,0,0,0,0,0,0,0,1,1,0,0,"leaf",1,0,0,0,0,0,1.1,0,0,"leaf",2,"l","i","p"
"Ehrharta delicatula","Ehrharta delicatula","POACEAE","Ehrharta delicatula","Stapf","Poaceae",0,1,NA,1,0,0,0,1,1,0,0,0,NA,NA,NA,NA,45,0,0,1,0,0,0,0,0,0,0,0,0,0,0,0,0,"leaf",1,0,0,0,0,0,15,0,1,"mixed",0,"l","w","w"
"Ehrharta longiflora","Ehrharta longiflora","POACEAE","Ehrharta longiflora","Sm.","Poaceae",0,1,NA,1,0,0,0,1,1,0,0,0,NA,NA,NA,NA,90,0,0,1,0,0,0,0,0,0,0,0,0,0,0,0,0,"leaf",1,0,0,0,0,0,30,0,0,"mixed",0,"l","w","w"
"Ehrharta longifolia","Ehrharta longifolia","POACEAE","Ehrharta longifolia","Schrad.","Poaceae",1,0,NA,1,0,1,0,0,0,0,1,0,NA,NA,NA,NA,120,0,0,1,0,0,0,0,0,0,0,0,0,0,0,0,0,"leaf",1,0,0,0,0,0,60,0,1,"mixed",2,"l","w","w"
"Ehrharta melicoides","Ehrharta melicoides","POACEAE","Ehrharta melicoides","Thunb.","Poaceae",1,0,NA,1,0,0,1,0,0,0,0,0,"Sep","Nov",NA,NA,80,0,0,1,0,0,0,0,0,0,0,0,0,0,0,0,0,"leaf",0,1,0,0,0,0,20,0,1,"mixed",2,"m","w","w"
"Ehrharta ramosa ","Ehrharta ramosa subsp ramosa","POACEAE","Ehrharta ramosa","Thunb.","Poaceae",1,0,NA,1,0,1,0,0,0,0,1,0,"Sep","Jan",NA,NA,100,0,0,1,0,0,0,0,0,0,0,0,0,0,0,0,0,"leaf",1,0,0,0,0,0,10,0,1,"mixed",2,"h","w","w"
"Emilia hantamensis","Emilia hantamensis","ASTERACEAE","Emilia hantamensis","J.C.Manning & Goldblatt","Asteraceae",0,1,NA,1,0,0,0,1,1,0,0,0,NA,NA,NA,NA,30,1,0,0,0,0,0,0,0,0,0,0,0,0,0,0,0,"leaf",0,1,0,0,1,0,7,0,0,"leaf",2,"l","i","w"
"Erica inaequalis","Erica inaequalis","ERICACEAE","Erica inaequalis","(Klotzsch) E.G.H.Oliv.","Ericaceae",1,0,NA,1,0,1,0,0,0,0,1,0,"Sep","Feb",NA,NA,20,0,0,0,1,0,0,0,0,0,0,0,0,0,0,0,0,"leaf",1,0,0,0,0,0,0.3,0,0,"leaf",3,"h","i","p"
"Eriocephalus decussatus","Eriocephalus decussatus","ASTERACEAE","Eriocephalus decussatus","Burch.","Asteraceae",1,0,NA,1,0,1,0,0,0,0,0,0,"Jul","Sep",NA,NA,150,0,0,0,1,1,0,0,0,0,0,0,0,0,0,0,0,"leaf",1,0,0,0,0,0,0.3,0,0,"leaf",2,"m","i","w"
"Eriocephalus ericoides","Eriocephalus ericoides","ASTERACEAE","Eriocephalus ericoides","Druce","Asteraceae",1,0,NA,1,0,1,0,0,0,0,0,0,"Jul","Nov",NA,NA,100,0,0,0,1,0,0,0,0,0,0,0,0,0,0,0,0,"leaf",1,0,0,0,0,0,0.4,0,0,"leaf",2,"m","i","w"
"Eriocephalus microphyllus","Eriocephalus microphyllus","ASTERACEAE","Eriocephalus microphyllus","DC.","Asteraceae",1,0,NA,1,0,1,0,0,0,0,0,0,"Jun","Jul","Aug",NA,80,0,0,0,1,0,0,0,0,0,0,0,0,0,0,0,0,"leaf",1,0,0,0,0,0,0.4,0,0,"leaf",2,"m","i","w"
"Eriocephalus namaquensis","Eriocephalus namaquensis","ASTERACEAE","Eriocephalus namaquensis","M.A.N.Müll.","Asteraceae",1,0,NA,1,0,1,0,0,0,0,0,0,"Jul","Oct",NA,NA,45,0,0,0,1,0,0,0,0,0,0,0,0,0,0,0,0,"leaf",1,0,0,0,0,0,0.3,0,0,"leaf",2,"l","i","w"
"Eriocephalus pauperrimus","Eriocephalus pauperrimus","ASTERACEAE","Eriocephalus pauperrimus","Merxm. & Eberle","Asteraceae",1,0,NA,1,0,1,0,0,0,0,0,0,"Jun","Sep",NA,NA,100,0,0,0,1,1,0,0,0,0,0,0,0,0,0,0,0,"leaf",1,0,0,0,0,0,0.3,0,0,"leaf",2,"m","i","w"
"Eriocephalus punctulatus","Eriocephalus punctulatus","ASTERACEAE","Eriocephalus punctulatus","DC.","Asteraceae",1,0,NA,1,0,1,0,0,0,0,0,0,"Aug","Oct",NA,NA,100,0,0,0,1,1,0,0,0,0,0,0,0,0,0,0,0,"leaf",1,0,0,0,0,0,0.5,0,0,"leaf",2,"m","i","w"
"Eriocephalus purpureus","Eriocephalus purpureus","ASTERACEAE","Eriocephalus purpureus","Burch.","Asteraceae",1,0,NA,1,0,1,0,0,0,0,0,0,"Jul","Aug",NA,NA,60,0,0,0,1,0,0,0,0,0,0,0,0,0,0,0,0,"leaf",1,0,0,0,0,0,0.5,0,0,"leaf",2,"m","i","w"
"Eriocephalus spinescens","Eriocephalus spinescens","ASTERACEAE","Eriocephalus spinescens","Burch.","Asteraceae",1,0,NA,1,0,1,0,0,0,0,0,0,NA,NA,NA,NA,40,0,0,0,1,0,0,0,0,0,0,0,0,0,0,0,0,"leaf",1,0,0,0,0,0,0.3,0,0,"leaf",2,"l","i","w"
"Erodium cicutarium","Erodium cicutarium","GERANIACEAE","Erodium cicutarium","(L.) L'Hér.","Geraniaceae",0,1,NA,1,0,0,0,1,1,0,0,0,"All year",NA,NA,NA,50,1,0,0,0,0,0,0,0,0,0,0,0,0,0,0,0,"leaf",0,1,0,1,0,1,4,0,0,"leaf",0,"l","i","w"
"Erodium moschatum","Erodium moschatum","GERANIACEAE","Erodium moschatum","(Burm.f.) L'Hér.","Geraniaceae",0,1,NA,1,0,0,0,1,1,0,0,0,NA,NA,NA,NA,30,1,0,0,0,0,0,0,0,0,0,0,0,0,0,0,0,"leaf",0,1,0,1,1,1,5,0,0,"leaf",0,"l","i","w"
"Euchlora hirsuta","Euchlora hirsuta","FABACEAE","Euchlora hirsuta","(Thunb.) Druce","Fabaceae",1,0,NA,1,0,0,1,1,1,0,1,0,"Jun","Oct",NA,NA,20,1,1,0,1,0,0,0,0,0,0,0,0,0,0,0,0,"leaf",0,1,0,0,0,0,2,0,0,"leaf",3,"l","i","p"
"Euphorbia hamata","Euphorbia hamata","EUPHORBIACEAE","Euphorbia hamata","Sweet","Euphorbiaceae",1,0,NA,0,1,1,1,0,0,0,0,0,NA,NA,NA,NA,60,0,0,0,1,0,0,0,0,0,0,0,0,1,0,1,0,"leaf",0,1,1,0,0,0,2,1,1,"mixed",3,"l","i","p"
"Euphorbia multiceps","Euphorbia multiceps","EUPHORBIACEAE","Euphorbia multiceps","A.Berger","Euphorbiaceae",1,0,NA,1,0,1,1,0,0,0,0,0,NA,NA,NA,NA,60,0,0,0,1,0,0,0,0,0,0,0,0,1,0,1,0,"leaf",1,0,0,0,0,0,1.2,1,1,"mixed",3,"l","i","p"
"Euryops annuus","Euryops annuus","ASTERACEAE","Euryops annuus","Compton","Asteraceae",0,1,NA,1,0,0,0,1,1,0,0,0,NA,NA,NA,NA,40,1,0,0,0,0,0,0,0,0,0,0,0,0,0,0,0,"leaf",1,0,0,1,NA,1,8,0,0,"leaf",0,"l","i","w"
"Euryops imbricatus","Euryops imbricatus","ASTERACEAE","Euryops imbricatus","Less.","Asteraceae",1,0,NA,1,0,1,0,0,0,0,0,0,NA,NA,NA,NA,120,0,0,0,1,1,0,0,0,0,0,0,0,0,0,0,0,"leaf",0,1,0,0,0,0,1.7,0,0,"leaf",2,"m","i","w"
"Euryops lateriflorus","Euryops lateriflorus","ASTERACEAE","Euryops lateriflorus","(L.f.) DC.","Asteraceae",1,0,NA,1,0,1,0,0,0,0,1,0,"May","Aug",NA,NA,150,0,0,0,1,1,0,0,0,0,0,0,0,0,0,0,0,"leaf",0,1,0,0,0,0,3,0,0,"leaf",3,"h","i","w"
"Euryops marlothii","Euryops marlothii","ASTERACEAE","Euryops marlothii","B.Nord.","Asteraceae",1,0,NA,1,0,1,0,0,0,0,0,0,"Jul","Dec",NA,NA,150,0,0,0,1,1,0,0,0,0,0,0,0,0,0,0,0,"leaf",1,0,0,0,1,0,1.5,0,0,"leaf",2,"h","i","w"
"Euryops multifidus","Euryops multifidus","ASTERACEAE","Euryops multifidus","DC.","Asteraceae",1,0,NA,1,0,1,0,0,0,0,0,0,"Jun","Sep",NA,NA,150,0,0,0,1,1,0,0,0,0,0,0,0,0,0,0,0,"leaf",1,0,0,0,1,0,1,0,0,"leaf",2,"h","i","w"
"Euryops trifidus","Euryops trifidus","ASTERACEAE","Euryops trifidus","(L.f.) DC.","Asteraceae",1,0,NA,1,0,1,0,0,0,0,0,0,NA,NA,NA,NA,100,0,0,0,1,0,0,0,0,0,0,0,0,0,0,0,0,"leaf",1,0,0,0,0,1,1.5,0,0,"leaf",2,"h","i","w"
"Felicia merxmuelleri","Felicia merxmuelleri","ASTERACEAE","Felicia merxmuelleri","Grau","Asteraceae",0,1,NA,1,0,0,0,1,1,0,0,0,NA,NA,NA,NA,25,1,0,0,0,0,0,0,0,0,0,0,0,0,0,0,0,"leaf",0,1,0,0,0,0,2,0,0,"leaf",0,"l","i","w"
"Felicia australis","Felicia australis","ASTERACEAE","Felicia australis","(Alston) E.Phillips","Asteraceae",0,1,NA,1,0,0,0,1,1,0,0,0,"Aug","Sep",NA,NA,25,1,0,0,0,0,0,0,0,0,0,0,0,0,0,0,0,"leaf",1,0,0,0,0,0,1.5,0,0,"leaf",0,"l","i","w"
"Felicia bergiana","Felicia bergiana","ASTERACEAE","Felicia bergeriana","(Spreng.) O.Hoffm.","Asteraceae",0,1,NA,1,0,0,0,1,1,0,0,0,"Aug","Oct",NA,NA,20,1,0,0,0,0,0,0,0,0,0,0,0,0,0,0,0,"leaf",0,0,1,0,0,0,1.5,0,0,"leaf",0,"l","i","w"
"Felicia brevifolia","Felicia brevifolia","ASTERACEAE","Felicia brevifolia","(DC.) Grau","Asteraceae",1,0,NA,1,0,1,0,0,0,0,0,0,"May","Oct",NA,NA,150,0,0,0,0,1,0,0,0,0,0,0,0,0,0,0,0,"leaf",0,1,0,0,0,0,2,0,0,"leaf",3,"h","i","i"
"Felicia hirsuta","Felicia hirsuta","ASTERACEAE","Felicia hirsuta","DC.","Asteraceae",1,0,NA,1,0,1,0,0,0,0,0,0,"Mar","Oct",NA,NA,50,0,0,0,1,0,0,0,0,0,0,0,0,0,0,0,0,"leaf",1,0,0,0,0,0,0.9,0,0,"leaf",2,"m","i","w"
"Felicia hirta","Felicia hirta","ASTERACEAE","Felicia hirta","(Thunb.) Grau","Asteraceae",1,0,NA,1,0,1,0,0,0,0,0,0,"Jul","Oct",NA,NA,35,0,0,0,1,0,0,0,0,0,0,0,0,0,0,0,0,"leaf",1,0,0,0,0,0,0.8,0,0,"leaf",2,"m","i","w"
"Felicia hispida","Felicia hispida","ASTERACEAE","Felicia hispida","(DC.) Grau","Asteraceae",1,0,NA,1,0,1,0,0,0,0,0,0,NA,NA,NA,NA,30,1,0,0,0,0,0,0,0,0,0,0,0,0,0,0,0,"leaf",0,1,0,0,0,0,1,0,0,"leaf",1,"l","i","w"
"Felicia macrorrhiza","Felicia macrorrhiza","ASTERACEAE","Felicia macrorrhiza","DC.","Asteraceae",1,0,NA,1,0,1,0,0,0,0,0,0,"Jul","Sep",NA,NA,20,0,0,0,1,0,0,0,0,0,0,0,0,0,0,0,0,"leaf",1,0,0,0,0,0,2,0,0,"leaf",3,"m","i","w"
"Felicia ovata","Felicia ovata","ASTERACEAE","Felicia ovata","(Thunb.) Compton","Asteraceae",1,0,NA,1,0,1,0,0,0,0,0,0,"May","Nov",NA,NA,60,0,0,0,1,0,0,0,0,0,0,0,0,0,0,0,0,"leaf",0,1,1,0,0,0,1,0,0,"leaf",2,"m","i","w"
"Felicia rogersii","Felicia rogersii","ASTERACEAE","Felicia rogersii","S.Moore","Asteraceae",1,0,NA,1,0,1,0,0,0,0,0,0,"Aug","Sep",NA,NA,30,0,0,0,1,0,0,0,0,0,0,0,0,0,0,0,0,"leaf",1,0,0,0,0,0,1,0,0,"leaf",3,"m","i","w"
"Fingerhuthia africana","Fingerhuthia africana","POACEAE","Fingerhuthia africana","Nees ex Lehm.","Poaceae",1,1,NA,1,0,0,1,0,0,0,0,0,"Sep","Dec",NA,NA,80,0,0,1,0,0,0,0,0,0,0,0,0,0,0,0,0,"leaf",1,0,0,0,0,0,15,0,1,"mixed",2,"h","w","w"
"Forsskaolea candida","Forsskaolea candida","URTICACEAE","Forsskaolea candida","L.f.","Urticaceae",1,0,NA,1,0,1,0,0,0,0,0,0,NA,NA,NA,NA,80,0,0,0,1,0,0,0,0,0,0,0,0,0,0,0,0,"leaf",0,0,1,0,0,0,NA,0,0,"leaf",2,"m","i","p"
"Foveolina dichotoma","Foveolina dichotoma","ASTERACEAE","Foveolina dichotoma","(DC.) Källersjö","Asteraceae",0,1,NA,1,0,0,0,1,1,0,0,0,"Aug","Nov",NA,NA,25,1,0,0,0,0,0,0,0,0,0,0,0,0,0,0,0,"leaf",1,0,0,1,1,0,1,0,0,"leaf",0,"l","i","w"
"Galenia africana","Galenia africana","AIZOACEAE","Aizoon africanum","(L.) Klak","Aizoaceae",1,0,NA,1,0,1,0,0,0,0,0,0,"Oct","Dec",NA,NA,100,0,0,0,1,0,0,0,0,0,0,0,0,0,0,0,0,"leaf",1,0,0,0,0,0,2,0,0,"leaf",2,"h","i","p"
"Galenia filiformis","Galenia filiformis","AIZOACEAE","Aizoon filiforme","(Thunb.) Klak","Aizoaceae",1,0,NA,1,0,1,0,0,0,0,0,0,"Aug","Oct",NA,NA,10,1,0,0,0,0,0,0,1,0,0,0,0,1,1,0,0,"leaf",0,1,0,0,0,0,1.5,0,0,"leaf",2,"l","i","p"
"Galenia fruticosa","Galenia fruticosa","AIZOACEAE","Aizoon fruticosum","L.f.","Aizoaceae",1,0,NA,1,0,1,0,0,0,0,0,0,"Aug","Dec",NA,NA,50,0,0,0,1,0,0,0,0,0,0,0,0,0,0,0,0,"leaf",0,0,1,0,0,0,1.3,0,0,"leaf",2,"l","i","p"
"Galenia namaensis","Galenia namaensis","AIZOACEAE","Aizoon africanum","(L.) Klak","Aizoaceae",1,0,NA,1,0,1,0,0,0,0,0,0,"Nov","Dec",NA,NA,100,0,0,0,1,0,0,0,0,0,0,0,0,0,0,0,0,"leaf",1,1,0,0,0,0,1.5,0,0,"leaf",2,"l","i","p"
"Galenia sarcophylla","Galenia sarcophylla","AIZOACEAE","Aizoon sarcophyllum","(Fenzl ex Sond.) Klak","Aizoaceae",1,0,NA,1,0,1,0,0,0,0,0,0,"Jul","Oct",NA,NA,20,0,0,0,1,0,0,0,0,0,0,0,0,1,1,0,0,"leaf",0,1,0,0,0,0,1.5,0,0,"leaf",2,"l","i","p"
"Gazania lichtensteinii","Gazania lichtensteinianum","ASTERACEAE","Gazania lichtensteinii","Less.","Asteraceae",0,1,NA,1,0,0,0,1,1,0,0,0,"Aug","Sep",NA,NA,30,1,0,0,0,0,0,0,0,0,0,0,0,0,0,0,0,"leaf",0,1,0,0,0,0,3,0,0,"leaf",0,"l","i","w"
"Gazania rigida","Gazania rigida","ASTERACEAE","Gazania rigida","(Burm.f.) Roessler","Asteraceae",1,0,NA,1,0,1,0,0,0,0,1,0,NA,NA,NA,NA,25,1,0,0,0,0,0,0,0,0,0,0,0,0,0,0,0,"leaf",0,1,0,0,1,1,12,0,0,"leaf",2,"l","i","w"
"Gazania tenuifolia","Gazania tenuifolia","ASTERACEAE","Gazania tenuifolia","Less.","Asteraceae",0,1,NA,1,0,0,0,1,1,0,0,0,NA,NA,NA,NA,15,1,0,0,0,0,0,0,0,0,0,0,0,0,0,0,0,"leaf",1,1,0,0,1,1,10,0,0,"leaf",0,"l","i","w"
"Geissorhiza corrigata","Geissorhiza corrigata","IRIDACEAE","Geissorhiza corrugata","Klatt","Iridaceae",1,0,NA,1,0,0,1,0,0,0,0,0,"Aug","Sep",NA,NA,5,0,1,0,0,0,0,0,0,0,0,0,0,0,0,0,0,"leaf",1,0,0,0,0,0,3,0,0,"leaf",3,"l","i","w"
"Geissorhiza divaricata","Geissorhiza divaricata","IRIDACEAE","Geissorhiza divaricata","Goldblatt","Iridaceae",1,0,NA,1,0,0,1,1,1,1,1,0,NA,NA,NA,NA,45,0,1,0,0,0,0,0,0,0,0,0,0,0,0,0,0,"leaf",1,0,0,0,0,0,10,0,0,"leaf",2,"l","i","w"
"Gnidia deserticola","Gnidia deserticola","THYMELAEACEAE","Lasiosiphon deserticola","(Gilg) C.H.Wright","Thymelaeaceae",1,0,NA,1,0,1,0,0,0,0,0,0,NA,NA,NA,NA,60,0,0,0,1,0,0,0,0,0,0,0,0,0,0,0,0,"leaf",0,1,0,0,0,0,1,0,0,"leaf",2,"h","i","p"
"Gnidia meyeri","Gnidia meyeri","THYMELAEACEAE","Gnidia meyeri","Meisn.","Thymelaeaceae",1,0,NA,1,0,1,0,0,0,0,0,0,"Aug","Oct",NA,NA,80,0,0,0,1,0,0,0,0,0,0,0,0,0,0,0,0,"leaf",1,0,0,0,0,0,1.5,0,0,"leaf",2,"h","i","p"
"Gnidia scabra","Gnidia scabra","THYMELAEACEAE","Gnidia scabra","Thunb.","Thymelaeaceae",1,0,NA,1,0,1,0,0,0,0,1,0,"Sep","Apr",NA,NA,100,0,0,0,1,0,0,0,0,0,0,0,0,0,0,0,0,"leaf",1,0,0,0,0,0,1,0,0,"leaf",2,"h","i","p"
"Gorteria diffusa","Gorteria diffusa","ASTERACEAE","Gorteria diffusa","Thunb.","Asteraceae",0,1,NA,1,0,0,0,1,1,0,0,0,"Jul","Oct",NA,NA,10,1,0,0,0,0,0,0,0,0,0,0,0,0,0,0,0,"leaf",0,1,0,0,1,1,5,0,0,"leaf",0,"l","i","w"
"Grielum humifusum","Grielum humifusum","NEURADACEAE","Grielum humifusum","Thunb.","Neuradaceae",0,1,NA,1,0,0,0,1,1,0,0,0,NA,NA,NA,NA,25,1,0,0,0,0,0,0,0,0,0,0,0,0,0,0,0,"leaf",0,1,0,0,1,1,2,0,0,"leaf",0,"l","i","m"
"Haemanthus barkerae","Haemanthus barkerii","AMARYLLIDACEAE","Haemanthus barkerae","Snijman","Amaryllidaceae",1,0,NA,1,0,0,1,1,1,0,1,0,"Mar","Apr",NA,NA,25,0,1,0,0,0,0,0,0,0,0,0,0,0,0,0,0,"leaf",0,1,0,0,0,0,20,0,0,"leaf",3,"l","i","m"
"Haworthia venosa","Haworthia venosa","ASPHODELACEAE","Haworthiopsis venosa","(Lam.) G.D.Rowley","Asphodelaceae",1,0,NA,1,0,1,0,0,0,0,0,0,"Nov","Dec",NA,NA,5,1,0,0,0,0,0,0,0,0,0,0,0,1,1,0,0,"leaf",0,0,1,0,0,0,4,0,0,"leaf",3,"l","i","p"
"Hebenstretia robusta","Hebenstretia robusta","SCROPHULARIACEAE","Hebenstretia robusta","E.Mey.","Scrophulariaceae",1,0,NA,1,0,1,0,0,0,0,0,0,NA,NA,NA,NA,50,0,0,0,1,0,0,0,0,0,0,0,0,0,0,0,0,"leaf",1,0,0,0,0,0,2,0,0,"leaf",1,"l","i","p"
"Helichrysum hamulosum","Helichrysum hamulosum","ASTERACEAE","Helichrysum hamulosum","DC.","Asteraceae",1,0,NA,1,0,1,0,0,0,0,0,0,"Dec","Mar",NA,NA,60,0,0,0,1,0,0,0,0,0,0,0,0,0,0,0,0,"leaf",1,0,0,0,0,0,1.2,0,0,"leaf",2,"h","i","w"
"Helichrysum leontonyx","Helichrysum leontonyx","ASTERACEAE","Helichrysum leontonyx","DC.","Asteraceae",0,1,NA,1,0,0,0,1,1,0,0,0,NA,NA,NA,NA,5,1,0,0,0,0,0,0,1,0,0,0,0,0,0,0,0,"leaf",0,1,0,0,0,0,2.5,0,0,"leaf",0,"l","i","w"
"Helichrysum lucilioides","Helichrysum lucilioides","ASTERACEAE","Helichrysum lucilioides","Less.","Asteraceae",1,0,NA,1,0,1,0,0,0,0,0,0,NA,NA,NA,NA,60,0,0,0,1,0,0,0,0,0,0,0,0,0,0,0,0,"leaf",0,0,1,0,0,0,1.2,0,0,"leaf",2,"m","i","w"
"Helichrysum obtusum","Helichrysum obtusum","ASTERACEAE","Helichrysum obtusum","Moeser","Asteraceae",1,0,NA,1,0,1,0,0,0,0,0,0,"Sep",NA,NA,NA,30,0,0,0,1,0,0,0,0,0,0,0,0,0,0,0,0,"leaf",0,0,1,0,0,0,1,0,0,"leaf",2,"l","i","w"
"Helichrysum revolutum","Helichrysum revolutum","ASTERACEAE","Helichrysum revolutum","Less.","Asteraceae",1,0,NA,1,0,1,0,0,0,0,0,0,"Jul","Oct",NA,NA,200,0,0,0,0,1,0,0,0,0,0,0,0,0,0,0,0,"leaf",1,0,0,0,0,0,1.3,0,0,"leaf",2,"h","i","w"
"Helichrysum stellatum","Helichrysum stellatum","ASTERACEAE","Helichrysum stellatum","Less.","Asteraceae",1,0,NA,1,0,1,0,0,0,0,0,0,"Sep","Oct",NA,NA,45,0,0,0,1,0,0,0,0,0,0,0,0,0,0,0,0,"leaf",0,1,0,0,0,0,2,0,0,"leaf",2,"m","i","w"
"Heliophila amplexicaulis","Heliophila amplexicaulis","BRASSICACEAE","Heliophila amplexicaulis","L.f.","Brassicaceae",0,1,NA,1,0,0,0,1,1,0,0,0,"Aug","Oct",NA,NA,45,1,0,0,0,0,0,0,0,0,0,0,0,0,0,0,0,"leaf",0,1,0,0,0,0,2,0,0,"leaf",0,"l","i","p"
"Heliophila collina","Heliophila collina","BRASSICACEAE","Heliophila collina","O.E.Schulz","Brassicaceae",0,1,NA,1,0,0,0,1,1,0,0,0,"Aug","Sep",NA,NA,20,1,0,0,0,0,0,0,0,0,0,0,0,0,0,0,0,"leaf",1,0,0,0,1,1,2,0,0,"leaf",0,"l","i","p"
"Heliophila crithmifolia","Heliophila crithmifolia","BRASSICACEAE","Heliophila crithmifolia","Willd.","Brassicaceae",0,1,NA,1,0,0,0,1,1,0,0,0,"Jul","Oct",NA,NA,60,1,0,0,0,0,0,0,0,0,0,0,0,0,0,0,0,"leaf",1,0,0,0,1,1,3,0,0,"leaf",0,"l","i","p"
"Heliophila deserticola","Heliophila deserticola","BRASSICACEAE","Heliophila deserticola","Schltr.","Brassicaceae",0,1,NA,1,0,0,0,1,1,0,0,0,NA,NA,NA,NA,30,1,0,0,0,0,0,0,0,0,0,0,0,0,0,0,0,"leaf",1,0,0,0,1,1,3,0,0,"leaf",0,"l","i","p"
"Heliophila pinnata","Heliophila pinnata","BRASSICACEAE","Heliophila pinnata","L.f.","Brassicaceae",0,1,NA,1,0,0,0,1,1,0,0,0,"Aug","Oct",NA,NA,20,1,0,0,0,0,0,0,0,0,0,0,0,0,0,0,0,"leaf",1,0,0,0,1,1,2.4,0,0,"leaf",0,"l","i","p"
"Heliophila seselifolia","Heliophila seselifolia","BRASSICACEAE","Heliophila seselifolia","Burch. ex DC.","Brassicaceae",0,1,NA,1,0,0,0,1,1,0,0,0,NA,NA,NA,NA,35,1,0,0,0,0,0,0,0,0,0,0,0,0,0,0,0,"leaf",1,0,0,0,1,1,5,0,0,"leaf",0,"l","i","p"
"Heliophila suborbicularis","Heliophila suborbicularis","BRASSICACEAE","Heliophila suborbicularis","Al-Shehbaz & Mumm.","Brassicaceae",0,1,NA,1,0,0,0,1,1,0,0,0,NA,NA,NA,NA,35,1,0,0,0,0,0,0,0,0,0,0,0,0,0,0,0,"leaf",1,0,0,0,1,1,10,0,0,"leaf",0,"l","i","p"
"Heliophila variabilis","Heliophila variabilis","BRASSICACEAE","Heliophila variabilis","Burch. ex DC.","Brassicaceae",0,1,NA,1,0,0,0,1,1,0,0,0,NA,NA,NA,NA,35,1,0,0,0,0,0,0,0,0,0,0,0,0,0,0,0,"leaf",1,0,0,0,1,1,7,0,0,"leaf",0,"l","i","p"
"Hemimeris centrodes","Hemimeris centrodes","SCROPHULARIACEAE","Hemimeris centrodes","Hiern","Scrophulariaceae",0,1,NA,1,0,0,0,1,1,0,0,0,NA,NA,NA,NA,30,1,0,0,0,0,0,0,0,0,0,0,0,0,0,0,0,"leaf",0,0,1,0,0,0,1.5,0,0,"leaf",0,"l","i","p"
"Hermannia alnifolia","Hermannia alnifolia","SCROPHULARIACEAE","Hermannia alnifolia","L.","Malvaceae",1,0,NA,1,0,1,0,0,0,0,0,0,NA,NA,NA,NA,100,0,0,0,1,0,0,0,0,0,0,0,0,0,0,0,0,"leaf",0,0,1,0,0,0,1.5,0,0,"leaf",1,"h","i","p"
"Hermannia cernua","Hermannia cernua","MALVACEAE","Hermannia cernua","Thunb.","Malvaceae",1,0,NA,1,0,1,0,0,0,0,1,0,NA,NA,NA,NA,35,0,0,0,1,0,0,0,0,0,0,0,0,0,0,0,0,"leaf",0,1,0,0,0,0,2,0,0,"leaf",1,"m","i","p"
"Hermannia coccocarpa","Hermannia coccocarpa","MALVACEAE","Hermannia coccocarpa","(Eckl. & Zeyh.) Kuntze","Malvaceae",1,0,NA,1,0,1,0,0,0,0,0,0,"Sep","May",NA,NA,30,0,0,0,1,0,0,0,0,0,0,0,0,0,0,0,0,"leaf",0,1,0,0,0,0,2,0,0,"leaf",2,"l","i","p"
"Hermannia cuneifolia","Hermannia cuneifolia","MALVACEAE","Hermannia cuneifolia","Jacq.","Malvaceae",1,0,NA,1,0,1,0,0,0,0,0,0,"Aug","Oct",NA,NA,100,0,0,0,1,1,0,0,0,0,0,0,0,0,0,0,0,"leaf",0,0,1,0,0,0,2,0,0,"leaf",2,"h","i","p"
"Hermannia grandiflora","Hermannia grandiflora","MALVACEAE","Hermannia grandiflora","W.T.Aiton","Malvaceae",1,0,NA,1,0,1,0,0,0,0,0,0,NA,NA,NA,NA,100,0,0,0,1,0,0,0,0,0,0,0,0,0,0,0,0,"leaf",0,1,0,0,0,0,2,0,0,"leaf",2,"m","i","p"
"Hermannia spinosa","Hermannia spinosa","MALVACEAE","Hermannia spinosa","(Burch.) E.Mey. ex Harv.","Malvaceae",1,0,NA,1,0,1,0,0,0,0,0,0,"Aug","Sep",NA,NA,40,0,0,0,1,0,0,0,0,0,0,0,0,0,0,0,0,"leaf",0,0,1,0,0,0,1.5,0,0,"leaf",3,"l","i","p"
"Hesperantha bachmannii","Hesperantha bachmannii","IRIDACEAE","Hesperantha bachmannii","Baker","Iridaceae",1,0,NA,1,0,0,1,1,1,0,1,0,NA,NA,NA,NA,30,0,1,0,0,0,0,0,0,0,0,0,0,0,0,0,0,"leaf",1,0,0,0,0,0,10,0,0,"leaf",2,"l","i","p"
"Hesperantha cucullata","Hesperantha cucullata","IRIDACEAE","Hesperantha cucullata","Klatt","Iridaceae",1,0,NA,1,0,0,1,1,1,0,1,0,NA,NA,NA,NA,30,0,1,0,0,0,0,0,0,0,0,0,0,0,0,0,0,"leaf",1,0,0,0,0,0,10,0,0,"leaf",2,"l","i","p"
"Hesperantha luticola","Hesperantha luticola","IRIDACEAE","Hesperantha luticola","Goldblatt","Iridaceae",1,0,NA,1,0,0,1,1,1,0,1,0,"Jul","Aug",NA,NA,12,0,1,0,0,0,0,0,0,0,0,0,0,0,0,0,0,"leaf",1,0,0,0,0,0,7,0,0,"leaf",2,"l","i","p"
"Hesperantha pauciflora","Hesperantha pauciflora","IRIDACEAE","Hesperantha pauciflora","G.J.Lewis","Iridaceae",1,0,NA,1,0,0,1,1,1,0,1,0,"Aug","Sep",NA,NA,24,0,1,0,0,0,0,0,0,0,0,0,0,0,0,0,0,"leaf",1,0,0,0,0,0,10,0,0,"leaf",2,"l","i","p"
"Hirpicium alienatum","Hirpicium alienatum","ASTERACEAE","Hirpicium alienatum","Druce","Asteraceae",1,0,NA,1,0,1,0,0,0,0,0,0,"Aug","Dec",NA,NA,50,0,0,0,1,0,0,0,0,0,0,0,0,0,0,0,0,"leaf",0,1,0,0,0,0,0.7,0,0,"leaf",3,"m","i","w"
"Hirpicium echinus","Hirpicium echinus","ASTERACEAE","Hirpicium echinus","Less.","Asteraceae",1,0,NA,1,0,1,0,0,0,0,0,0,NA,NA,NA,NA,40,1,0,0,0,0,0,0,0,0,0,0,0,0,0,0,0,"leaf",1,0,0,0,0,1,1,0,0,"leaf",2,"m","i","w"
"Hoodia gordonii","Hoodia gordonii","APOCYNACEAE","Hoodia gordonii","(Masson) Sweet ex Decne.","Apocynaceae",1,0,NA,1,0,1,0,0,0,0,0,0,"Sep","Apr",NA,NA,100,0,0,0,1,0,0,0,0,0,0,0,0,1,0,1,0,NA,0,0,0,0,0,0,4,1,1,"culm_stem",3,"l","i","p"
"Hordeum murinum","Hordeum murinum","POACEAE","Hordeum murinum","L.","Poaceae",0,1,NA,1,0,0,0,1,1,0,0,0,NA,NA,NA,NA,50,0,0,1,0,0,0,0,0,0,0,0,0,0,0,0,0,"leaf",1,0,0,0,0,0,15,0,1,"mixed",0,"l","w","w"
"Hypertelis salsoloides","Hypertelis salsoloides","MOLLUGINACEAE","Kewa salsoloides","(Burch.) Christenh.","Kewaceae",1,0,NA,1,0,1,0,0,0,0,0,0,NA,NA,NA,NA,30,0,0,0,1,0,0,0,0,0,0,0,0,1,1,0,0,"leaf",1,0,0,0,0,0,3,0,0,"leaf",1,"l","i","p"
"Ifloga glomerata","Ifloga glomerata","ASTERACEAE","Ifloga glomerata","(Harv.) Schltr.","Asteraceae",0,1,NA,1,0,0,0,0,0,0,0,0,"Aug","Nov",NA,NA,10,1,0,0,0,0,0,0,0,0,0,0,0,0,0,0,0,"leaf",1,0,0,0,0,0,0.8,0,0,"leaf",0,"l","w","w"
"Indigofera nigromontana","Indigofera nigromontana","FABACEAE","Indigofera nigromontana","Eckl. & Zeyh.","Fabaceae",1,0,NA,1,0,1,0,0,0,0,0,0,"Jun","Mar",NA,NA,200,0,0,0,0,1,0,0,0,0,0,0,0,0,0,0,0,"leaf",0,0,1,1,0,0,1,0,0,"leaf",2,"h","i","p"
"Ixia rapunculoides","Ixia rapunculoides","IRIDACEAE","Ixia rapunculoides","Redouté","Iridaceae",1,0,NA,1,0,0,1,1,1,0,1,0,"Aug","Sep",NA,NA,70,0,1,0,0,0,0,0,0,0,0,0,0,0,0,0,0,"leaf",1,0,0,0,0,0,15,0,0,"leaf",2,"m","i","w"
"Justicia cuneata","Justicia cuneata","ACANTHACEAE","Justicia cuneata","Vahl","Acanthaceae",1,0,NA,1,0,1,0,0,0,0,0,0,NA,NA,NA,NA,60,0,0,0,1,0,0,0,0,0,0,0,0,0,0,0,0,"leaf",0,1,0,0,0,0,2,0,0,"leaf",3,"m","i","p"
"Lachenalia obscura","Lachenalia obscura","HYACINTHACEAE","Lachenalia obscura","Schltr. ex G.D.Duncan","Asparagaceae",1,0,NA,1,0,0,1,1,1,0,1,0,"Jun","Oct",NA,NA,38,0,1,0,0,0,0,0,0,0,0,0,0,0,0,0,0,"leaf",0,1,0,0,0,0,15,0,0,"leaf",2,"l","i","p"
"Lachenalia violacea","Lachenalia violacea","HYACINTHACEAE","Lachenalia violacea","Jacq.","Asparagaceae",1,0,NA,1,0,0,1,1,1,0,1,0,NA,NA,NA,NA,35,0,1,0,0,0,0,0,0,0,0,0,0,0,0,0,0,"leaf",0,1,0,0,0,0,10,0,0,"leaf",2,"l","i","p"
"Lampranthus watermeyeri","Lampranthus watermeyeri","AIZOACEAE","Lampranthus watermeyeri","(L.Bolus) N.E.Br.","Aizoaceae",1,0,NA,1,0,1,0,0,0,0,0,0,"Jun","Oct",NA,NA,50,0,0,0,1,0,0,0,0,0,0,0,0,0,0,0,0,"leaf",0,1,0,0,0,0,4,0,0,"leaf",3,"l","i","p"
"Lapeirousia falcata","Lapeirousia falcata","IRIDACEAE","Codonorhiza falcata","(L.f.) Goldblatt & J.C.Manning","Iridaceae",1,0,NA,1,0,0,1,1,1,1,1,0,"Sep","Oct",NA,NA,10,0,1,0,0,0,0,0,0,0,0,0,0,0,0,0,0,"leaf",0,1,0,0,0,0,9,0,0,"leaf",2,"l","i","p"
"Lapeirousia montana","Lapeirousia montana","IRIDACEAE","Lapeirousia montana","Klatt","Iridaceae",1,0,NA,1,0,0,1,1,1,0,1,0,NA,NA,NA,NA,10,0,1,0,0,0,0,0,0,0,0,0,0,0,0,0,0,"leaf",1,0,0,0,0,0,4,0,0,"leaf",2,"l","i","p"
"Lapeirousia plicata","Lapeirousia plicata","IRIDACEAE","Lapeirousia plicata","(Jacq.) Diels","Iridaceae",1,0,NA,1,0,0,1,1,1,0,1,0,"Jul","Sep",NA,NA,5,0,1,0,0,0,0,0,0,0,0,0,0,0,0,0,0,"leaf",0,1,0,0,0,0,2,0,0,"leaf",2,"l","i","p"
"Lapeirousia jacquinii","Lapeirousia jacquinii","IRIDACEAE","Lapeirousia jacquinii","N.E.Br.","Iridaceae",1,0,NA,1,0,1,1,1,1,0,0,0,"Aug","Sep",NA,NA,12,0,1,0,0,0,0,0,0,0,0,0,0,0,0,0,0,"leaf",0,1,0,0,0,0,3,0,0,"leaf",2,"l","i","p"
"Lasiopogon muscoides","Lasiopogon muscoides","ASTERACEAE","Lasiopogon muscoides","DC.","Asteraceae",0,1,NA,1,0,0,0,1,1,0,0,0,"Aug","Sep",NA,NA,5,1,0,0,0,0,0,0,0,0,0,0,0,0,0,0,0,"leaf",0,0,1,0,0,0,0.5,0,0,"leaf",0,"l","w","w"
"Lasiospermum brachyglossum","Lasiospermum brachyglossum","ASTERACEAE","Lasiospermum brachyglossum","DC.","Asteraceae",0,1,NA,1,0,0,0,1,1,0,0,0,"Jul","Oct",NA,NA,40,1,0,0,0,0,0,0,0,0,0,0,0,0,0,0,0,"leaf",1,0,0,0,1,1,5,0,0,"leaf",0,"l","i","w"
"Lasiospermum poterioides","Lasiospermum poterioides","ASTERACEAE","Lasiospermum poterioides","Hutch.","Asteraceae",1,0,NA,1,0,1,0,0,0,0,1,0,NA,NA,NA,NA,20,0,0,0,1,0,0,0,1,0,0,0,0,0,0,0,0,"leaf",1,0,0,0,1,1,15,0,0,"leaf",3,"l","i","w"
"Leipoldtia schultzei","Leipoldtia schultzei","AIZOACEAE","Leipoldtia schultzei","(Schltr. & Diels) Friedrich","Aizoaceae",1,0,NA,1,0,1,0,0,0,0,0,0,"Apr","Sep",NA,NA,70,0,0,0,1,0,0,0,0,0,0,0,0,1,1,0,0,"leaf",0,1,0,0,0,0,2,0,0,"leaf",3,"l","i","p"
"Lessertia diffusa","Lessertia diffusa","FABACEAE","Lessertia diffusa","R.Br.","Fabaceae",1,0,NA,1,0,1,0,0,0,0,1,0,NA,NA,NA,NA,45,1,0,0,0,0,0,0,1,0,0,0,0,0,0,0,0,"leaf",1,0,0,1,0,1,6,0,0,"leaf",2,"l","i","w"
"Leucadendron brunioides","Leucadendron brunioides","PROTEACEAE","Leucadendron brunioides","Meisn.","Proteaceae",1,0,NA,0,1,1,0,0,0,0,1,1,"Oct","Nov",NA,NA,200,0,0,0,0,1,0,0,0,0,0,0,0,0,0,0,0,"leaf",1,0,0,0,0,0,2.3,0,0,"leaf",3,"h","i","p"
"Leucadendron remotum","Leucadendron remotum","PROTEACEAE","Leucadendron remotum","I.Williams","Proteaceae",1,0,NA,0,1,1,0,0,0,0,1,1,"Aug","Sep",NA,NA,150,0,0,0,0,1,0,0,0,0,0,0,0,0,0,0,0,"leaf",0,1,0,0,0,0,4,0,0,"leaf",2,"h","i","p"
"Leysera tenella","Leysera tenella","ASTERACEAE","Leysera tenella","DC.","Asteraceae",1,1,NA,1,0,1,0,1,1,0,0,0,"Aug","Oct",NA,NA,20,0,0,0,1,0,0,0,0,0,0,0,0,0,0,0,0,"leaf",1,0,0,0,0,0,1.5,0,0,"leaf",1,"m","i","w"
"Lotononis falcata","Lotononis falcata (form C)","FABACEAE","Lotononis falcata","Benth.","Fabaceae",0,1,NA,1,0,0,0,1,1,0,0,0,"Jul","Oct",NA,NA,20,1,0,0,0,0,0,0,0,0,0,0,0,0,0,0,0,"leaf",0,1,0,1,0,0,1.5,0,0,"leaf",0,"l","i","p"
"Lotononis parvifolia","Lotononis parvifolia","FABACEAE","Lotononis","(DC.) Eckl. & Zeyh.","Fabaceae",0,1,NA,1,0,0,0,1,1,0,0,0,NA,NA,NA,NA,20,1,0,0,0,0,0,0,0,0,0,0,0,0,0,0,0,"leaf",0,1,0,1,0,0,2,0,0,"leaf",0,"l","i","p"
"Lycium amoenum","Lycium amoenum","SOLANACEAE","Lycium amoenum","Dammer","Solanaceae",1,0,NA,1,0,1,0,0,0,0,1,0,"Jun","Jul","Sep",NA,300,0,0,0,0,1,1,0,0,0,0,0,0,0,0,0,0,"leaf",0,0,1,0,0,0,2.4,0,0,"leaf",3,"m","i","m"
"Lycium cinereum","Lycium cinereum","SOLANACEAE","Lycium cinereum","Thunb.","Solanaceae",1,0,NA,1,0,1,0,0,0,0,1,0,"Jul","Sep",NA,NA,200,0,0,0,0,1,0,0,0,0,0,0,0,0,0,0,0,"leaf",0,0,1,0,0,0,1.7,0,0,"leaf",3,"m","i","m"
"Lyperia tristis","Lyperia tristis","SCROPHULARIACEAE","Lyperia tristis","(L.f.) Benth.","Scrophulariaceae",0,1,NA,1,0,0,0,1,1,0,0,0,NA,NA,NA,NA,60,1,0,0,0,0,0,0,0,0,0,0,0,0,0,0,0,"leaf",0,1,0,0,0,0,7,0,0,"leaf",0,"l","i","p"
"Malephora crassa","Malephora crassa","AIZOACEAE","Malephora crassa","(L.Bolus) H.Jacobsen & Schwantes","Aizoaceae",1,0,NA,1,0,1,0,0,0,0,0,0,"Aug","Oct",NA,NA,8,0,0,0,1,0,0,0,1,0,0,0,0,1,1,0,0,"leaf",0,1,0,0,0,0,4,0,0,"leaf",3,"l","i","p"
"Manochlamys albicans","Manochlamys albicans","AMARANTHACEAE","Manochlamys albicans","(Aiton) Aellen","Amaranthaceae",1,0,NA,1,0,1,0,0,0,0,0,0,NA,NA,NA,NA,200,0,0,0,0,1,0,0,0,0,0,0,0,0,0,0,0,"leaf",0,1,0,0,0,0,4,0,0,"leaf",3,"l","i","p"
"Massonia depressa","Massonia depressa","HYACINTHACEAE","Massonia depressa","Houtt.","Asparagaceae",1,0,NA,1,0,1,0,1,1,0,1,0,"May","Jul","Aug",NA,5,0,1,0,0,0,0,0,0,0,0,0,0,0,0,0,0,"leaf",0,0,1,0,0,0,10,0,0,"leaf",3,"l","i","p"
"Medicargo polymorpha","Medicargo polymorpha","FABACEAE","Medicago polymorpha","L.","Fabaceae",0,1,NA,1,0,0,0,1,1,0,0,0,NA,NA,NA,NA,20,1,0,0,0,0,0,0,1,0,0,0,0,0,0,0,0,"leaf",0,0,1,1,0,0,3,0,0,"leaf",0,"l","i","m"
"Melasphaerula ramosa","Melasphaerula ramosa","IRIDACEAE","Ixia scillaris subsp. scillaris",NA,"Iridaceae",1,0,NA,1,0,0,1,1,1,0,1,0,NA,NA,NA,NA,60,0,1,0,0,0,0,0,0,0,0,0,0,0,0,0,0,"leaf",1,0,0,0,0,0,15,0,0,"leaf",2,"l","i","p"
"Melianthus comosus","Melianthus comosus","MELIANTHACEAE","Melianthus comosus","Vahl","Francoaceae",1,0,NA,1,0,1,0,0,0,0,0,0,"Aug","Oct",NA,NA,200,0,0,0,0,1,0,0,0,0,0,0,0,0,0,0,0,"leaf",0,1,0,1,1,1,4,0,0,"leaf",2,"h","i","w"
"Mentha longiflora","Mentha longiflora","LAMIACEAE","Dracaena longiflora","(Sims) Byng & Christenh.","Asparagaceae",1,0,NA,1,0,1,0,0,0,0,0,0,NA,NA,NA,NA,150,0,0,0,1,1,0,0,0,0,0,0,0,0,0,0,0,"leaf",0,1,0,0,0,0,8,0,0,"leaf",2,"m","i","p"
"Mesembryanthemum emarcidum","Mesembryanthemum emarcidum","AIZOACEAE","Mesembryanthemum emarcidum","Thunb.","Aizoaceae",1,0,NA,1,0,1,0,0,0,0,0,0,"Aug","Oct",NA,NA,25,0,0,0,1,0,0,0,1,0,0,0,0,1,1,0,0,"leaf",0,1,0,0,0,0,3.5,0,0,"leaf",2,"l","i","p"
"Mesembryanthemum guerichianum","Mesembryanthemum guerichianum","AIZOACEAE","Mesembryanthemum guerichianum","Pax","Aizoaceae",0,1,NA,1,0,0,0,1,1,0,0,0,"Sep","Dec",NA,NA,20,0,0,0,1,0,0,0,1,0,0,0,0,1,1,1,0,"leaf",0,0,1,0,0,0,6,0,0,"leaf",0,"l","i","p"
"Mesembryanthemum junceum","Mesembryanthemum junceum","AIZOACEAE","Mesembryanthemum junceum","Haw.","Aizoaceae",1,0,NA,1,0,1,0,0,0,0,0,0,"Oct","Nov",NA,NA,55,0,0,0,1,1,0,0,0,0,0,0,0,1,1,1,0,"leaf",0,1,0,0,0,0,1.5,0,0,"leaf",2,"l","i","p"
"Mesembryanthemum nitidum","Mesembryanthemum nitidum","AIZOACEAE","Mesembryanthemum nitidum","Haw.","Aizoaceae",1,0,NA,1,0,1,0,0,0,0,0,0,"Sep","Oct",NA,NA,30,0,0,0,1,0,0,0,1,0,0,0,0,1,1,0,0,"leaf",0,1,0,0,0,0,3,0,0,"leaf",3,"l","i","p"
"Mesembryanthemum resurgens","Mesembryanthemum resurgens","AIZOACEAE","Mesembryanthemum resurgens","Kensit","Aizoaceae",1,0,NA,1,0,1,0,0,0,0,1,0,"Jun","Sep",NA,NA,10,0,1,0,1,0,0,0,0,0,0,0,0,1,1,1,0,"leaf",1,0,0,0,0,0,5,0,0,"leaf",3,"l","i","p"
"Mesembryanthemum stenandrum","Mesembryanthemum stenandrum","AIZOACEAE","Mesembryanthemum stenandrum","(L.Bolus) L.Bolus","Aizoaceae",0,1,NA,1,0,1,0,0,0,0,0,0,"Nov","Dec",NA,NA,10,1,0,0,0,0,0,0,1,0,0,0,0,1,1,1,0,"leaf",1,0,0,0,0,0,2,0,0,"leaf",0,"l","i","p"
"Mesembryanthemum vaginatum","Mesembryanthemum vaginatus","AIZOACEAE","Mesembryanthemum vaginatum","Lam.","Aizoaceae",1,0,NA,1,0,1,0,0,0,0,0,0,"Oct","Nov",NA,NA,25,0,0,0,1,0,0,0,1,0,0,0,0,1,1,0,0,"leaf",1,0,0,0,0,0,1,1,1,"mixed",3,"l","i","p"
"Microloma armatum","Microloma armatum","APOCYNACEAE","Microloma armatum","(Thunb.) Schltr. ex E.Gilg & Benedict","Apocynaceae",1,0,NA,1,0,1,0,0,0,0,0,0,NA,NA,NA,NA,20,0,0,0,1,0,0,0,0,0,0,0,0,0,0,0,0,"leaf",0,1,0,0,0,0,0.8,0,0,"leaf",3,"l","i","w"
"Microloma calycinum","Microloma calycinum","APOCYNACEAE","Microloma calycinum","E.Mey.","Apocynaceae",1,0,NA,1,0,1,0,0,0,0,0,0,NA,NA,NA,NA,100,0,0,0,1,0,0,0,0,1,0,0,0,0,0,0,0,"leaf",1,0,0,0,0,0,1.8,0,0,"leaf",3,"l","i","w"
"Microloma namaquense","Microloma namaquense","APOCYNACEAE","Microloma namaquense","Bolus","Apocynaceae",1,0,NA,1,0,1,0,0,0,0,0,0,NA,NA,NA,NA,100,0,0,0,0,0,0,0,0,1,0,0,0,0,0,0,0,"leaf",1,0,0,0,0,0,3.5,0,0,"leaf",3,"l","i","w"
"Microloma sagittatum","Microloma sagittatum","APOCYNACEAE","Microloma sagittatum","(L.) R.Br.","Apocynaceae",1,0,NA,1,0,1,0,0,0,0,1,0,"Jun","Oct",NA,NA,100,1,0,0,0,0,0,0,0,1,0,0,0,0,0,0,0,"leaf",0,1,0,0,1,0,1,0,1,"mixed",2,"l","i","w"
"Monechma spartioides","Monechma spartioides","THURNIACEAE","Pogonospermum patulum","(Licht. ex Roem. & Schult.) I.Darbysh. & Kiel","Acanthaceae",1,0,NA,1,0,1,0,0,0,0,0,0,"Feb","Dec",NA,NA,200,0,0,0,1,1,0,0,0,0,0,0,0,0,0,0,0,"leaf",0,1,0,0,0,0,1.5,0,0,"leaf",3,"l","i","p"
"Osteospermum hyoseroides","Monoculus hyoseroides","ASTERACEAE","Monoculus hyoseroides","(DC.) B.Nord.","Asteraceae",0,1,NA,1,0,0,0,1,1,0,0,0,NA,NA,NA,NA,60,1,0,0,0,0,0,0,0,0,0,0,0,0,0,0,0,"leaf",0,1,0,0,0,0,10,0,0,"leaf",0,"l","i","w"
"Moraea amabilis","Moraea amabilis","IRIDACEAE","Moraea amabilis","Diels","Iridaceae",1,0,NA,1,0,0,1,1,1,0,1,0,"Aug","Sep",NA,NA,45,0,1,0,0,0,0,0,0,0,0,0,0,0,0,0,0,"leaf",1,0,0,0,0,0,15,0,0,"leaf",2,"l","i","w"
"Moraea bifida","Moraea bifida","IRIDACEAE","Moraea bifida","(L.Bolus) Goldblatt","Iridaceae",1,0,NA,1,0,0,1,1,1,0,1,0,"Aug","Sep",NA,NA,60,0,1,0,0,0,0,0,0,0,0,0,0,0,0,0,0,"leaf",1,0,0,0,0,0,30,0,0,"leaf",2,"l","i","w"
"Moraea brachygyne","Moraea brachygyne","IRIDACEAE","Moraea brachygyne","(Schltr.) Goldblatt","Iridaceae",1,0,NA,1,0,0,1,1,1,0,1,0,"Jul","Sep",NA,NA,25,0,1,0,0,0,0,0,0,0,0,0,0,0,0,0,0,"leaf",1,0,0,0,0,0,15,0,0,"leaf",2,"l","i","w"
"Moraea ciliata","Moraea ciliata","IRIDACEAE","Moraea ciliata","(L.f.) Ker Gawl.","Iridaceae",1,0,NA,1,0,0,1,1,1,0,1,0,"Jul","Sep",NA,NA,10,0,1,0,0,0,0,0,0,0,0,0,0,0,0,0,0,"leaf",1,0,0,0,0,0,5,0,0,"leaf",2,"l","i","w"
"Moraea falcifolia","Moraea falcifolia","IRIDACEAE","Moraea falcifolia","Klatt","Iridaceae",1,0,NA,1,0,0,1,1,1,0,1,0,"May","Aug",NA,NA,5,0,1,0,0,0,0,0,0,0,0,0,0,0,0,0,0,"leaf",1,0,0,0,0,0,4,0,0,"leaf",2,"l","i","w"
"Moraea fenestrata","Moraea fenestrata","IRIDACEAE","Moraea fenestrata","(Goldblatt) Goldblatt","Iridaceae",1,0,NA,1,0,0,1,1,1,0,1,0,"Aug",NA,NA,NA,30,0,1,0,0,0,0,0,0,0,0,0,0,0,0,0,0,"leaf",1,0,0,0,0,0,20,0,0,"leaf",2,"l","i","w"
"Moraea miniata","Moraea miniata","IRIDACEAE","Moraea miniata","Andrews","Iridaceae",1,0,NA,1,0,0,1,1,1,0,1,0,NA,NA,NA,NA,60,0,1,0,0,0,0,0,0,0,0,0,0,0,0,0,0,"leaf",1,0,0,0,0,0,20,0,0,"leaf",2,"l","i","w"
"Moraea pritzeliana","Moraea pritzeliana","IRIDACEAE","Moraea pritzeliana","Diels","Iridaceae",1,0,NA,1,0,0,1,1,1,0,1,0,"Sep","Oct",NA,NA,25,0,1,0,0,0,0,0,0,0,0,0,0,0,0,0,0,"leaf",1,0,0,0,0,0,20,0,0,"leaf",2,"l","i","w"
"Muraltia divaricata","Muraltia divaricata","POLYGALACEAE","Muraltia divaricata","Eckl. & Zeyh.","Polygalaceae",1,0,NA,1,0,1,0,0,0,0,0,0,"Sep","Dec",NA,NA,50,0,0,0,1,0,0,0,0,0,0,0,0,0,0,0,0,"leaf",1,0,0,0,0,0,1,0,0,"leaf",2,"h","i","i"
"Muraltia vulnerans","Muraltia vulnerans","POLYGALACEAE","Muraltia vulnerans","Levyns","Polygalaceae",1,0,NA,1,0,1,0,0,0,0,0,0,NA,NA,NA,NA,80,0,0,0,1,0,0,0,0,0,0,0,0,0,0,0,0,"leaf",1,0,0,0,0,0,1.3,0,0,"leaf",2,"h","i","i"
"Nemesia anisocarpa","Nemesia anisocarpa","SCROPHULARIACEAE","Nemesia anisocarpa","E.Mey. ex Benth.","Scrophulariaceae",0,1,NA,1,0,0,0,1,1,0,0,0,NA,NA,NA,NA,40,1,0,0,0,0,0,0,0,0,0,0,0,0,0,0,0,"leaf",0,1,0,0,0,0,2.5,0,0,"leaf",0,"l","i","p"
"Nemesia cheiranthus","Nemesia cheiranthus","SCROPHULARIACEAE","Nemesia cheiranthus","E.Mey. ex Benth.","Scrophulariaceae",0,1,NA,1,0,0,0,1,1,0,0,0,"Aug","Sep",NA,NA,40,1,0,0,0,0,0,0,0,0,0,0,0,0,0,0,0,"leaf",0,1,0,0,0,0,2,0,0,"leaf",0,"l","i","p"
"Nemesia leipoldtii","Nemesia leipoldtii","SCROPHULARIACEAE","Nemesia leipoldtii","Hiern","Scrophulariaceae",0,1,NA,1,0,0,0,1,1,0,0,0,"Aug","Sep",NA,NA,30,1,0,0,0,0,0,0,0,0,0,0,0,0,0,0,0,"leaf",0,0,1,0,0,0,2.6,0,0,"leaf",0,"l","i","p"
"Nenax cinerea","Nenax cinerea","RUBIACEAE","Nenax cinerea","(Thunb.) Puff","Rubiaceae",1,0,NA,0,1,1,0,0,0,0,0,0,"Aug",NA,NA,NA,100,0,0,0,1,1,0,0,0,0,0,0,0,0,0,0,0,"leaf",0,0,1,0,0,0,0.5,0,0,"leaf",3,"m","w","p"
"Nenax microphylla","Nenax microphylla","RUBIACEAE","Nenax microphylla","(Sond.) Salter","Rubiaceae",1,0,NA,0,1,1,0,0,0,0,0,0,NA,NA,NA,NA,50,0,0,0,1,0,0,0,0,0,0,0,0,0,0,0,0,"leaf",0,1,0,0,0,0,0.4,0,0,"leaf",2,"m","w","p"
"Oedera genistifolia","Oedera genistifolia","ASTERACEAE","Oedera genistifolia","(L.) Anderb. & K.Bremer","Asteraceae",1,0,NA,1,0,1,0,0,0,0,0,0,"Aug","Nov",NA,NA,100,0,0,0,1,1,0,0,0,0,0,0,0,0,0,0,0,"leaf",0,1,0,0,0,0,1.4,0,0,"leaf",2,"h","i","w"
"Oncosiphon grandiflorum","Oncosiphon grandiflorum","ASTERACEAE","Oncosiphon grandiflorus","(Thunb.) Källersjö","Asteraceae",0,1,NA,1,0,0,0,1,1,0,0,0,"Aug","Nov",NA,NA,45,1,0,0,0,0,0,0,0,0,0,0,0,0,0,0,0,"leaf",1,0,0,1,0,1,5,0,0,"leaf",0,"l","i","w"
"Oncosiphon suffruticosum","Oncosiphon suffruticosum","ASTERACEAE","Oncosiphon suffruticosum","(L.) Källersjö","Asteraceae",0,1,NA,1,0,0,0,1,1,0,0,0,"Sep","Dec",NA,NA,50,1,0,0,0,0,0,0,0,0,0,0,0,0,0,0,0,"leaf",1,0,0,1,0,1,8,0,0,"leaf",0,"l","i","w"
"Ophioglossum polyphyllum","Ophioglossum polyphyllum","OPHIOGLOSSACEAE","Ophioglossum polyphyllum","A.Braun ex Seub.","Ophioglossaceae",1,0,NA,1,0,1,0,0,0,0,1,0,NA,NA,NA,NA,10,1,0,0,0,0,0,0,0,0,0,0,0,0,0,0,0,"frond",0,1,0,0,0,0,6,0,0,"leaf",3,"l","w","w"
"Ornithogalum rupestre","Ornithogalum multifolium","HYACINTHACEAE","Ornithogalum rupestre","L.f.","Asparagaceae",1,0,NA,1,0,0,1,1,1,0,0,0,NA,NA,NA,NA,25,0,1,0,0,0,0,0,0,0,0,0,0,1,1,0,0,"leaf",1,0,0,0,0,0,15,0,0,"leaf",3,"l","i","w"
"Ornithogalum pruinosum","Ornithogalum pruinosum","HYACINTHACEAE","Ornithogalum pruinosum","F.M.Leight.","Asparagaceae",1,0,NA,1,0,0,1,1,1,0,0,0,NA,NA,NA,NA,30,0,1,0,0,0,0,0,0,0,0,0,0,0,0,0,0,"leaf",0,1,0,0,0,0,10,0,0,"leaf",3,"l","i","w"
"Albuca secunda","Ornithogalum secundum","HYACINTHACEAE","Albuca secunda","(Jacq.) J.C.Manning & Goldblatt","Asparagaceae",1,0,NA,1,0,0,1,1,1,0,1,0,NA,NA,NA,NA,35,0,1,0,0,0,0,0,0,0,0,0,0,0,0,0,0,"leaf",0,1,0,0,0,0,15,0,0,"leaf",3,"l","i","w"
"Ornithogalum tanquanum","Ornithogalum tanquanum","HYACINTHACEAE","Ornithogalum tanquanum","(Mart.-Azorín & M.B.Crespo) J.C.Manning & Goldblatt","Asparagaceae",1,0,NA,1,0,0,1,1,1,0,1,0,NA,NA,NA,NA,30,0,1,0,0,0,0,0,0,0,0,0,0,0,0,0,0,"leaf",1,0,0,0,0,0,10,0,0,"leaf",2,"l","i","w"
"Ornithogalum xanthochlorum","Ornithogalum xanthochlorum","HYACINTHACEAE","Ornithogalum xanthochlorum","Baker","Asparagaceae",1,0,NA,1,0,0,1,1,1,0,1,0,NA,NA,NA,NA,60,0,1,0,0,0,0,0,0,0,0,0,0,0,0,0,0,"leaf",1,0,0,0,0,0,35,0,0,"leaf",3,"l","i","w"
"Ornithoglossum parviflorum","Ornithoglossum parviflorum","COLCHICACEAE","Ornithoglossum parviflorum","B.Nord.","Colchicaceae",1,0,NA,1,0,0,1,1,1,0,1,0,"Jun","Oct",NA,NA,30,0,1,0,0,0,0,0,0,0,0,0,0,0,0,0,0,"leaf",0,1,0,0,0,0,5,0,0,"leaf",3,"l","i","w"
"Ornithoglossum viride","Ornithoglossum viride","COLCHICACEAE","Ornithoglossum viride","(L.f.) Dryand. ex W.T.Aiton","Colchicaceae",1,0,NA,1,0,0,1,1,1,0,1,0,NA,NA,NA,NA,30,0,1,0,0,0,0,0,0,0,0,0,0,0,0,0,0,"leaf",0,1,0,0,0,0,5,0,0,"leaf",3,"l","i","w"
"Ornithoglossum vulgare","Ornithoglossum vulgare","COLCHICACEAE","Ornithoglossum vulgare","B.Nord.","Colchicaceae",1,0,NA,1,0,0,1,1,1,0,1,0,NA,NA,NA,NA,20,0,1,0,0,0,0,0,0,0,0,0,0,0,0,0,0,"leaf",0,1,0,0,0,0,5,0,0,"leaf",3,"l","i","w"
"Osteospermum acanthospermum","Osteospermum acanthospermum","ASTERACEAE","Osteospermum acanthospermum","(DC.) Norl.","Asteraceae",0,1,NA,1,0,0,0,1,1,0,0,0,"Aug","Oct",NA,NA,15,1,0,0,0,0,0,0,1,0,0,0,0,0,0,0,0,"leaf",0,1,0,0,1,0,2.5,0,0,"leaf",0,"l","i","m"
"Osteospermum incanum subsp incanum","Osteospermum incanum","ASTERACEAE","Osteospermum incanum subsp. incanum",NA,"Asteraceae",1,0,NA,1,0,1,0,0,0,0,0,0,"Dec","May",NA,NA,80,0,0,0,1,0,0,0,1,0,0,0,0,0,0,0,0,"leaf",0,1,0,0,0,0,3.5,0,0,"leaf",2,"h","i","m"
"Osteospermum leptolobum","Osteospermum leptolobum","ASTERACEAE","Osteospermum leptolobum","(Harv.) Norl.","Asteraceae",1,0,NA,1,0,1,0,0,0,0,0,0,"Aug","Sep",NA,NA,60,0,0,0,1,0,0,0,0,0,0,0,0,0,0,0,0,"leaf",1,0,0,1,0,1,1.5,0,0,"leaf",2,"h","i","w"
"Osteospermum scariosum","Osteospermum scariosum","ASTERACEAE","Osteospermum scariosum","DC.","Asteraceae",1,0,NA,1,0,1,0,0,0,0,1,0,"Jul","Oct",NA,NA,30,0,0,0,1,0,0,0,0,0,0,0,0,0,0,0,0,"leaf",0,1,0,0,1,0,1.5,0,0,"leaf",3,"h","i","w"
"Osteospermum sinuatum","Osteospermum sinuatum","ASTERACEAE","Osteospermum sinuatum","(DC.) Norl.","Asteraceae",1,0,NA,1,0,1,0,0,0,0,0,0,"Jun","Sep",NA,NA,50,0,0,0,1,0,0,0,0,0,0,0,0,0,0,0,0,"leaf",0,1,0,0,0,0,2,0,0,"leaf",2,"l","i","w"
"Osteospermum spinescens","Osteospermum spinescens","ASTERACEAE","Osteospermum spinescens","Thunb.","Asteraceae",1,0,NA,1,0,1,0,0,0,0,0,0,NA,NA,NA,NA,100,0,0,0,1,0,0,0,0,0,0,0,0,0,0,0,0,"leaf",1,1,0,0,0,0,NA,0,0,"leaf",3,"l","i","w"
"Otholobium  candicans","Otholobium  candicans","FABACEAE","Psoralea candicans","Eckl. & Zeyh.","Fabaceae",1,0,NA,1,0,1,0,0,0,0,0,0,"Sep","Nov",NA,NA,150,0,0,0,0,1,0,0,0,0,0,0,0,0,0,0,0,"leaf",0,1,0,1,0,0,1.5,0,0,"leaf",2,"h","i","p"
"Otholobium arborescens","Otholobium arborescens","FABACEAE","Psoralea arborescens","(C.H.Stirt.) C.H.Stirt.","Fabaceae",1,0,NA,1,0,1,0,0,0,0,0,0,NA,NA,NA,NA,500,0,0,0,0,0,1,1,0,0,0,0,0,0,0,0,0,"leaf",0,0,1,1,0,0,2,0,0,"leaf",2,"h","i","p"
"Otholobium candicans","Otholobium candicans","FABACEAE","Psoralea candicans","Eckl. & Zeyh.","Fabaceae",1,0,NA,1,0,1,0,0,0,0,0,0,NA,NA,NA,NA,150,0,0,0,0,1,0,0,0,0,0,0,0,0,0,0,0,"leaf",0,1,0,1,0,0,2,0,0,"leaf",2,"h","i","p"
"Othonna cylindrica","Othonna cylindrica","ASTERACEAE","Othonna cylindrica","DC.","Asteraceae",1,0,NA,1,0,1,0,0,0,0,0,0,NA,NA,NA,NA,100,0,0,0,1,0,0,0,0,0,0,0,0,1,1,1,0,"leaf",0,1,0,0,0,0,4,0,0,"leaf",3,"l","i","w"
"Othonna hederifolia","Othonna hederifolia","ASTERACEAE","Othonna hederifolia","B.Nord.","Asteraceae",1,0,NA,1,0,0,1,1,1,1,1,0,"Jun","Aug",NA,NA,15,1,1,0,0,0,0,0,0,0,0,0,0,0,0,0,0,"leaf",0,0,1,0,0,0,4,0,0,"leaf",2,"l","i","w"
"Othonna pteronioides","Othonna pteronioides","ASTERACEAE","Othonna pteronioides","Harv.","Asteraceae",1,0,NA,1,0,1,0,0,0,0,0,0,"Aug",NA,NA,NA,100,0,0,0,1,0,0,0,0,0,0,0,0,0,0,0,0,"leaf",0,1,0,0,0,0,0.8,0,0,"leaf",3,"l","i","w"
"Othonna protecta","Othonna rechingeri","ASTERACEAE","Othonna protecta","Dinter","Asteraceae",1,0,NA,1,0,1,0,0,0,0,0,0,"Jul","Sep",NA,NA,20,1,1,0,0,0,0,0,0,0,0,0,0,1,1,1,0,"leaf",1,0,0,0,0,0,2.5,0,0,"leaf",2,"l","i","w"
"Othonna undulosa","Othonna undulosa","ASTERACEAE","Othonna undulosa","(DC.) J.C.Manning & Goldblatt","Asteraceae",1,0,NA,1,0,0,1,1,1,0,1,0,"May","Aug",NA,NA,70,1,1,0,0,0,0,0,0,0,0,0,0,1,1,0,0,"leaf",0,0,1,0,0,0,4,0,0,"leaf",2,"l","i","w"
"Oxalis flava","Oxalis flava","OXALIDACEAE","Oxalis flava","L.","Oxalidaceae",1,0,NA,1,0,0,1,1,1,0,1,0,"May","Jun",NA,NA,5,1,1,0,0,0,0,0,0,0,0,0,0,0,0,0,0,"leaf",1,0,0,1,0,0,4,0,0,"leaf",2,"l","i","p"
"Oxalis luteola","Oxalis luteola","OXALIDACEAE","Oxalis luteola","Jacq.","Oxalidaceae",1,0,NA,1,0,0,1,1,1,0,1,0,"May","Jun",NA,NA,2,1,1,0,0,0,0,0,0,0,0,0,0,0,0,0,0,"leaf",0,0,1,1,0,0,2,0,0,"leaf",2,"l","i","p"
"Oxalis pardalis","Oxalis massoniana var massoniana","OXALIDACEAE","Oxalis pardalis","Sond.","Oxalidaceae",1,0,NA,1,0,0,1,1,1,0,1,0,"May","Jun",NA,NA,30,1,1,0,0,0,0,0,0,0,0,0,0,0,0,0,0,"leaf",1,0,0,1,0,0,0.5,0,0,"leaf",2,"l","i","p"
"Oxalis pes-caprae","Oxalis pes-caprae","OXALIDACEAE","Oxalis pes-caprae","L.","Oxalidaceae",1,0,NA,1,0,0,1,1,1,0,1,0,"Jun","Oct",NA,NA,20,1,1,0,0,0,0,0,0,0,0,0,0,0,0,0,0,"leaf",0,0,1,1,0,0,2,0,0,"leaf",2,"l","i","p"
"Oxalis pocockiae","Oxalis pocockiae","OXALIDACEAE","Oxalis pocockiae","L.Bolus","Oxalidaceae",1,0,NA,1,0,0,1,1,1,0,1,0,"May","Jun",NA,NA,10,1,1,0,0,0,0,0,0,0,0,0,0,0,1,0,0,"leaf",0,0,1,1,0,0,1,0,0,"leaf",2,"l","i","p"
"Pelargonium abrotanifolium","Pelargonium abrotanifolium","GERANIACEAE","Pelargonium abrotanifolium","(L.f.) Jacq.","Geraniaceae",1,0,NA,1,0,1,0,0,0,0,0,0,"Almost all year",NA,NA,NA,50,0,0,0,1,0,0,0,0,0,0,0,0,0,0,0,0,"leaf",1,0,0,0,1,1,1,0,0,"leaf",2,"h","i","w"
"Pelargonium articulatum","Pelargonium articulatum","GERANIACEAE","Pelargonium articulatum","Willd.","Geraniaceae",1,0,NA,1,0,0,1,1,1,0,1,0,"Oct","Dec",NA,NA,20,1,1,0,0,0,0,0,0,0,0,0,0,0,0,0,0,"leaf",0,0,1,0,1,0,6,0,0,"leaf",2,"l","i","w"
"Pelargonium polycephalum","Pelargonium cf polycephalum","GERANIACEAE","Pelargonium polycephalum","E.Mey.","Geraniaceae",1,0,NA,1,0,0,1,0,0,0,1,0,"Aug","Sep",NA,NA,100,1,1,0,0,0,0,0,0,0,0,0,0,1,0,1,0,"leaf",0,0,1,1,1,1,7,0,0,"leaf",2,"l","i","w"
"Pelargonium crithmifolium","Pelargonium crithifolium","GERANIACEAE","Pelargonium crithmifolium","Sm.","Geraniaceae",1,0,NA,1,0,0,1,0,0,0,0,0,"Mar","May","Sep","Nov",100,0,0,0,1,0,0,0,0,0,0,0,0,1,1,1,0,"leaf",1,0,0,1,1,1,10,0,0,"leaf",3,"l","i","w"
"Pelargonium magenteum","Pelargonium magenteum","GERANIACEAE","Pelargonium magenteum","J.J.A.Van der Walt","Geraniaceae",1,0,NA,1,0,1,0,0,0,0,0,0,"May","Oct",NA,NA,100,0,0,0,1,0,0,0,0,0,0,0,0,0,0,0,0,"leaf",0,0,1,0,1,0,1.5,0,0,"leaf",3,"m","i","w"
"Pelargonium moniliforme","Pelargonium monoliforme","GERANIACEAE","Pelargonium moniliforme","E.Mey. ex Harv.","Geraniaceae",1,0,NA,1,0,0,1,1,1,0,1,0,"Sep",NA,NA,NA,40,1,1,0,0,0,0,0,0,0,0,0,0,0,0,0,0,"leaf",0,0,1,0,0,0,4,0,0,"leaf",2,"l","i","w"
"Pelargonium oreophilum","Pelargonium oreophilum","GERANIACEAE","Pelargonium oreophilum","Schltr.","Geraniaceae",1,0,NA,1,0,1,0,0,0,0,0,0,"Aug","Oct",NA,NA,30,0,0,0,1,0,0,0,0,0,0,0,0,1,0,1,0,"leaf",1,0,0,1,1,1,3,0,0,"leaf",2,"m","i","w"
"Pelargonium praemorsum","Pelargonium praemorsum","GERANIACEAE","Pelargonium praemorsum","(Andrews) F.Dietr.","Geraniaceae",1,0,NA,1,0,1,0,0,0,0,0,0,"Aug","Apr",NA,NA,200,0,0,0,0,1,0,0,0,0,0,0,0,0,0,0,0,"leaf",1,0,0,0,1,1,1,0,0,"leaf",2,"m","i","w"
"Pelargonium rapaceum","Pelargonium rapaceum","GERANIACEAE","Pelargonium rapaceum","(L.) L'Hér.","Geraniaceae",1,0,NA,1,0,0,1,1,1,0,1,0,"Oct","Feb",NA,NA,40,1,1,0,0,0,0,0,0,0,0,0,0,0,0,0,0,"leaf",1,0,0,1,1,1,20,0,0,"leaf",3,"l","i","w"
"Pelargonium redactum","Pelargonium reductum","GERANIACEAE","Pelargonium redactum","Vorster","Geraniaceae",0,1,NA,1,0,0,0,1,1,0,0,0,NA,NA,NA,NA,25,1,0,0,0,0,0,0,0,0,0,0,0,0,0,0,0,"leaf",0,1,0,1,1,NA,20,0,0,"leaf",0,"l","i","w"
"Pelargonium reflexum","Pelargonium reflexum","GERANIACEAE","Pelargonium reflexum","Pers.","Geraniaceae",1,0,NA,1,0,0,1,1,1,0,1,0,"Dec","Jan",NA,NA,15,1,1,0,0,0,0,0,0,0,0,0,0,0,0,0,0,"leaf",0,0,1,0,1,0,2,0,0,"leaf",2,"l","i","w"
"Pelargonium pachypodium","Pelargonium sp","GERANIACEAE","Pelargonium pachypodium","J.P.Roux","Geraniaceae",1,0,NA,1,0,0,1,0,0,0,1,0,NA,NA,NA,NA,30,1,1,0,0,0,0,0,0,0,0,0,0,1,0,1,0,"leaf",1,0,0,0,1,1,3,0,0,"leaf",2,"l","i","w"
"Pentameris rupestris","Pentameris rupestris","POACEAE","Pentameris rupestris","(Nees) Steud.","Poaceae",1,0,NA,1,0,0,1,0,0,0,1,0,"Oct",NA,NA,NA,100,0,0,1,0,0,0,0,0,0,0,0,0,0,0,0,0,"leaf",1,0,0,0,0,0,30,0,1,"mixed",2,"h","w","w"
"Pentameris airoides","Pentaschistis airoides","POACEAE","Pentameris airoides","(Nees) Steud.","Poaceae",0,1,NA,1,0,0,0,1,1,0,0,0,NA,NA,NA,NA,35,0,0,1,0,0,0,0,0,0,0,0,0,0,0,0,0,"leaf",1,0,0,0,0,0,15,0,1,"mixed",0,"l","w","w"
"Pentameris patula","Pentaschistis patula","POACEAE","Pentameris patula","(Nees) Steud.","Poaceae",0,1,NA,1,0,0,0,1,1,0,0,0,NA,NA,NA,NA,30,0,0,1,0,0,0,0,0,0,0,0,0,0,0,0,0,"leaf",1,0,0,0,0,0,15,0,1,"mixed",0,"l","w","w"
"Pentzia dentata","Pentzia dentata","ASTERACEAE","Pentzia dentata","Kuntze","Asteraceae",1,0,NA,1,0,1,0,0,0,0,0,0,NA,NA,NA,NA,60,0,0,0,1,0,0,0,0,0,0,0,0,0,0,0,0,"leaf",0,1,0,0,1,0,0.8,0,0,"leaf",2,"h","i","w"
"Pentzia lanata","Pentzia lanata","ASTERACEAE","Pentzia lanata","Hutch.","Asteraceae",1,0,NA,1,0,1,0,0,0,0,0,0,NA,NA,NA,NA,100,0,0,0,1,0,0,0,0,0,0,0,0,0,0,0,0,"leaf",1,0,0,0,1,1,2.5,0,0,"leaf",2,"h","i","w"
"Pentzia sphaerocephala","Pentzia sphaerocephala","ASTERACEAE","Pentzia sphaerocephala","DC.","Asteraceae",1,0,NA,1,0,1,0,0,0,0,0,0,NA,NA,NA,NA,100,0,0,0,1,0,0,0,0,0,0,0,0,0,0,0,0,"leaf",1,0,0,0,1,1,1,0,0,"leaf",2,"h","i","w"
"Pentzia spinescens","Pentzia spinescens","ASTERACEAE","Pentzia spinescens","Less.","Asteraceae",1,0,NA,1,0,1,0,0,0,0,0,0,"Oct",NA,NA,NA,50,0,0,0,1,0,0,0,0,0,0,0,0,0,0,0,0,"leaf",1,0,0,0,1,1,0.8,0,0,"leaf",2,"h","i","w"
"Pharnaceum aurantium","Pharnaceum aurantium","MOLLUGINACEAE","Pharnaceum aurantium","(DC.) Druce","Molluginaceae",1,0,NA,1,0,1,0,0,0,0,0,0,"Sep","Oct",NA,NA,80,0,0,0,1,0,0,0,0,0,0,0,0,0,0,0,0,"leaf",1,0,0,0,0,0,0.7,0,0,"leaf",2,"l","i","p"
"Pharnaceum ciliare","Pharnaceum ciliare","MOLLUGINACEAE","Pharnaceum ciliare","Adamson","Molluginaceae",1,0,NA,1,0,1,0,0,0,0,0,0,"Sep","Oct",NA,NA,40,0,0,0,1,0,0,0,0,0,0,0,0,0,0,0,0,"leaf",1,0,0,0,0,0,0.5,0,0,"leaf",2,"l","i","p"
"Pharnaceum croceum","Pharnaceum croceum","MOLLUGINACEAE","Pharnaceum croceum","E.Mey. ex Fenzl","Molluginaceae",0,1,NA,1,0,0,0,1,1,0,0,0,NA,NA,NA,NA,10,1,0,0,0,0,0,0,0,0,0,0,0,1,1,0,0,"leaf",1,0,0,0,0,0,0.7,0,0,"leaf",0,"l","i","p"
"Phylica agathosmoides","Phylica agathosmoides","RHAMNACEAE","Phylica agathosmoides","Pillans","Rhamnaceae",1,0,NA,1,0,1,0,0,0,0,0,0,"Aug","Sep",NA,NA,60,0,0,0,1,0,0,0,0,0,0,0,0,0,0,0,0,"leaf",1,0,0,0,0,0,1,0,0,"leaf",2,"h","i","p"
"Mesembryantheum tenuiflorum","Phyllobolus tenuiflorus","AIZOACEAE","Mesembryanthemum tenuiflorum","Jacq.","Aizoaceae",1,0,NA,1,0,1,0,0,0,0,0,0,NA,NA,NA,NA,10,0,1,0,1,0,0,0,1,0,0,0,0,1,1,1,0,"leaf",0,1,0,0,0,0,NA,0,0,"leaf",3,"l","i","p"
"Plantago cafra","Plantago cafra","PLANTAGINACEAE","Plantago afra","L.","Plantaginaceae",0,1,NA,1,0,0,0,1,1,0,0,0,"Aug","Sep",NA,NA,15,1,0,0,0,0,0,0,0,0,0,0,0,0,0,0,0,"leaf",1,0,0,0,0,0,1,0,0,"leaf",0,"l","i","p"
"Poa bulbosa","Poa bulbosa","POACEAE","Poa bulbosa","L.","Poaceae",1,0,NA,1,0,0,1,1,1,0,1,0,"Aug","Oct",NA,NA,30,0,0,1,0,0,0,0,0,0,0,0,0,0,0,0,0,"leaf",1,0,0,0,0,0,10,0,1,"mixed",2,"m","w","w"
"Polycarena aurea","Polycarena aurea","SCROPHULARIACEAE","Polycarena aurea","Benth.","Scrophulariaceae",0,1,NA,1,0,0,0,1,1,0,0,0,"Sep","Oct",NA,NA,20,1,0,0,0,0,0,0,0,0,0,0,0,0,0,0,0,"leaf",1,0,0,0,0,0,1,0,0,"leaf",0,"l","i","p"
"Polygala ephedroides","Polygala ephedroides","POLYGALACEAE","Polygala ephedroides","Burch.","Polygalaceae",1,0,NA,1,0,0,1,0,0,0,1,0,"Aug","Feb",NA,NA,200,0,0,0,0,1,0,0,0,0,0,0,0,0,0,0,0,"leaf",1,0,0,0,0,0,7,1,1,"mixed",3,"m","i","i"
"Polygala scabra","Polygala scabra","POLYGALACEAE","Polygala bowkerae","Harv.","Polygalaceae",1,0,NA,1,0,1,0,0,0,0,0,0,"Jul","Oct",NA,NA,40,0,0,0,1,0,0,0,0,0,0,0,0,0,0,0,0,"leaf",1,0,0,0,0,0,1,0,0,"leaf",2,"h","i","i"
"Mesembryanthemum pallens","Prenia pallens","AIZOACEAE","Mesembryanthemum pallens","Aiton","Aizoaceae",1,0,NA,1,0,1,0,0,0,0,0,0,"Sep","Dec",NA,NA,8,0,0,0,1,0,0,0,0,0,0,0,0,1,1,1,0,"leaf",0,0,1,0,0,0,5,0,0,"leaf",2,"l","i","p"
"Mesembryanthemum tetragonum","Prenia tetragona","AIZOACEAE","Mesembryanthemum tetragonum","Thunb.","Aizoaceae",1,0,NA,1,0,1,0,0,0,0,0,0,NA,NA,NA,NA,60,0,0,0,1,0,0,0,0,0,0,0,0,1,1,1,0,"leaf",1,0,0,0,0,0,5,0,0,"leaf",2,"l","i","p"
"Prosopis glandulosa","Prosopis glandulosa","FABACEAE","Neltuma glandulosa","(Torr.) Britton & Rose","Fabaceae",1,0,NA,1,0,1,0,0,0,0,0,0,NA,NA,NA,NA,1000,0,0,0,0,0,0,1,0,0,0,0,0,0,0,0,0,"leaf",0,1,0,1,0,1,15,0,0,"leaf",3,"h","i","m"
"Pseudoschoenus inanis","Pseudoschoenus inanis","CYPERACEAE","Pseudoschoenus inanis","(Thunb.) Oteng-Yeb.","Cyperaceae",1,0,NA,1,0,1,0,0,0,0,1,0,"Nov","Dec",NA,NA,200,0,0,1,0,0,0,0,0,0,0,0,0,0,0,0,0,"leaf",0,0,0,0,0,0,120,1,1,"culm_stem",3,"h","w","p"
"Mesembryanthemum coriarium","Psilocaulon coriarium","AIZOACEAE","Mesembryanthemum coriarium","Burch. ex N.E.Br.","Aizoaceae",1,0,NA,1,0,1,0,0,0,0,0,0,NA,NA,NA,NA,150,0,0,0,1,1,0,0,0,0,0,0,0,1,1,1,0,"leaf",0,1,0,0,0,0,0.8,0,0,"leaf",3,"l","i","p"
"Pteronia adenocarpa","Pteronia adenocarpa","ASTERACEAE","Pteronia adenocarpa","Harv.","Asteraceae",1,0,NA,1,0,1,0,0,0,0,0,0,"Aug","Dec",NA,NA,50,0,0,0,1,0,0,0,0,0,0,0,0,0,0,0,0,"leaf",0,0,1,0,0,0,1,0,0,"leaf",3,"m","i","w"
"Pteronia aspalatha","Pteronia aspalatha","ASTERACEAE","Pteronia aspalatha","DC.","Asteraceae",1,0,NA,1,0,1,0,0,0,0,0,0,NA,NA,NA,NA,60,0,0,0,1,0,0,0,0,0,0,0,0,0,0,0,0,"leaf",1,0,0,0,0,0,0.5,0,0,"leaf",3,"m","i","w"
"Pteronia divaricata","Pteronia divaricata","ASTERACEAE","Pteronia divaricata","(P.J.Bergius) Less.","Asteraceae",1,0,NA,1,0,1,0,0,0,0,0,0,"Aug","Nov",NA,NA,200,0,0,0,0,1,0,0,0,0,0,0,0,0,0,0,0,"leaf",0,0,1,0,0,0,2,0,0,"leaf",3,"h","i","w"
"Pteronia empetrifolia","Pteronia empetrifolia","ASTERACEAE","Pteronia empetrifolia","DC.","Asteraceae",1,0,NA,1,0,1,0,0,0,0,0,0,"Jul","Nov",NA,NA,60,0,0,0,1,0,0,0,0,0,0,0,0,0,0,0,0,"leaf",1,0,0,0,0,0,0.6,0,0,"leaf",3,"m","i","w"
"Pteronia flexicaulis","Pteronia flexicaulis","ASTERACEAE","Pteronia flexicaulis","L.f.","Asteraceae",1,0,NA,1,0,1,0,0,0,0,0,0,"Nov","Dec",NA,NA,75,0,0,0,1,0,0,0,0,0,0,0,0,0,0,0,0,"leaf",1,0,0,0,0,0,4,0,0,"leaf",3,"m","i","w"
"Pteronia glabrata","Pteronia glabrata","ASTERACEAE","Pteronia glabrata","L.f.","Asteraceae",1,0,NA,1,0,1,0,0,0,0,0,0,"Jul","Dec",NA,NA,80,0,0,0,1,0,0,0,0,0,0,0,0,1,1,0,0,"leaf",0,1,0,0,0,0,2,0,0,"leaf",3,"l","i","w"
"Pteronia glauca","Pteronia glauca","ASTERACEAE","Pteronia glauca","Thunb.","Asteraceae",1,0,NA,1,0,1,0,0,0,0,0,0,"Jul","Oct",NA,NA,60,0,0,0,1,0,0,0,0,0,0,0,0,0,0,0,0,"leaf",0,0,1,0,0,0,0.5,0,0,"leaf",3,"m","i","w"
"Pteronia glomerata","Pteronia glomerata","ASTERACEAE","Pteronia glomerata","L.f.","Asteraceae",1,0,NA,1,0,1,0,0,0,0,0,0,"Aug","Nov",NA,NA,30,0,0,0,1,0,0,0,0,0,0,0,0,0,0,0,0,"leaf",0,1,0,0,0,0,0.3,0,0,"leaf",3,"m","i","w"
"Pteronia oblanceolata","Pteronia oblanceolata","ASTERACEAE","Pteronia oblanceolata","E.Phillips","Asteraceae",1,0,NA,1,0,1,0,0,0,0,0,0,"Sep","Nov",NA,NA,30,0,0,0,1,0,0,0,1,0,0,0,0,0,0,0,0,"leaf",0,1,0,0,0,0,1,0,0,"leaf",3,"m","i","w"
"Pteronia pallens","Pteronia pallens","ASTERACEAE","Pteronia pallens","L.f.","Asteraceae",1,0,NA,1,0,1,0,0,0,0,0,0,"Sep","Dec",NA,NA,60,0,0,0,1,0,0,0,0,0,0,0,0,0,0,0,0,"leaf",1,0,0,0,0,0,2,0,0,"leaf",3,"h","i","w"
"Pteronia paniculata","Pteronia paniculata","ASTERACEAE","Pteronia paniculata","Thunb.","Asteraceae",1,0,NA,1,0,1,0,0,0,0,0,0,"Nov","Jan",NA,NA,100,0,0,0,1,0,0,0,0,0,0,0,0,0,0,0,0,"leaf",1,0,0,0,0,0,2,0,0,"leaf",3,"h","i","w"
"Pteronia scariosa","Pteronia scariosa","ASTERACEAE","Pteronia scariosa","L.f.","Asteraceae",1,0,NA,1,0,1,0,0,0,0,0,0,NA,NA,NA,NA,60,0,0,0,1,0,0,0,0,0,0,0,0,0,0,0,0,"leaf",0,0,1,0,0,0,1,0,0,"leaf",3,"m","i","w"
"Pteronia sordida","Pteronia sordida","ASTERACEAE","Pteronia sordida","N.E.Br.","Asteraceae",1,0,NA,1,0,1,0,0,0,0,0,0,NA,NA,NA,NA,30,0,0,0,1,0,0,0,0,0,0,0,0,0,0,0,0,"leaf",0,1,0,0,0,0,0.4,0,0,"leaf",3,"m","i","w"
"Pteronia villosa","Pteronia villosa","ASTERACEAE","Pteronia villosa","L.f.","Asteraceae",1,0,NA,1,0,1,0,0,0,0,0,0,"Aug","Sep",NA,NA,25,0,0,0,1,0,0,0,0,0,0,0,0,0,0,0,0,"leaf",0,1,0,0,0,0,1.5,0,0,"leaf",3,"m","i","w"
"Relhania corymbosa","Relhania corymbosa","ASTERACEAE","Relhania calycina subsp. lanceolata","K.Bremer","Asteraceae",1,0,NA,1,0,1,0,0,0,0,0,0,"Oct","Apr",NA,NA,40,0,0,0,1,0,0,0,0,0,0,0,0,0,0,0,0,"leaf",1,0,0,0,0,0,1.3,0,0,"leaf",2,"h","i","w"
"Restio longiaristatus","Restio longiaristatus","RESTIONACEAE","Restio longiaristatus","(Pillans ex H.P.Linder) H.P.Linder & C.R.Hardy","Restionaceae",1,0,NA,0,1,1,0,0,0,0,1,0,"Oct",NA,NA,NA,50,0,0,1,0,0,0,0,0,0,0,0,0,0,0,0,0,"leaf",1,0,0,0,0,0,25,1,1,"culm_stem",2,"h","w","p"
"Restio macer","Restio macer","RESTIONACEAE","Restio macer","Kunth","Restionaceae",1,0,NA,0,1,1,0,0,0,0,1,0,"Aug","Nov",NA,NA,40,0,0,1,0,0,0,0,0,0,0,0,0,0,0,0,0,"leaf",1,0,0,0,0,0,40,1,1,"culm_stem",2,"h","w","p"
"Romulea hantamensis","Romulea hantamensis","IRIDACEAE","Romulea hantamensis","(Diels) Goldblatt","Iridaceae",1,0,NA,1,0,0,1,1,1,0,1,0,NA,NA,NA,NA,15,0,1,0,0,0,0,0,0,0,0,0,0,0,0,0,0,"leaf",1,0,0,0,0,0,7,0,0,"leaf",2,"l","i","p"
"Romulea montana","Romulea montana","IRIDACEAE","Romulea montana","Schltr. ex Bég.","Iridaceae",1,0,NA,1,0,0,1,1,1,0,1,0,NA,NA,NA,NA,15,0,1,0,0,0,0,0,0,0,0,0,0,0,0,0,0,"leaf",1,0,0,0,0,0,5,0,0,"leaf",2,"l","i","p"
"Romulea sabulosa","Romulea sabulosa","IRIDACEAE","Romulea sabulosa","Schltr. ex Bég.","Iridaceae",1,0,NA,1,0,0,1,1,1,0,1,0,"Jul","Sep",NA,NA,10,0,1,0,0,0,0,0,0,0,0,0,0,0,0,0,0,"leaf",1,0,0,0,0,0,8,0,0,"leaf",2,"l","i","p"
"Romulea tortuosa","Romulea tortuosa","IRIDACEAE","Romulea tortuosa","(Licht. ex Roem. & Schult.) Baker","Iridaceae",1,0,NA,1,0,0,1,1,1,0,1,0,"Jun","Sep",NA,NA,20,0,1,0,0,0,0,0,0,0,0,0,0,0,0,0,0,"leaf",1,0,0,0,0,0,6,0,0,"leaf",2,"l","i","p"
"Rosenia glandulosa","Rosenia glandulosa","ASTERACEAE","Rosenia glandulosa","Thunb.","Asteraceae",1,0,NA,1,0,1,0,0,0,0,0,0,"Aug",NA,NA,NA,30,0,0,0,1,0,0,0,0,0,0,0,0,0,0,0,0,"leaf",0,1,0,0,0,0,1,0,0,"leaf",3,"m","i","w"
"Rosenia humilis","Rosenia humilis","ASTERACEAE","Rosenia humilis","(Less.) K.Bremer","Asteraceae",1,0,NA,1,0,1,0,0,0,0,0,0,"Aug","Oct",NA,NA,30,0,0,0,1,0,0,0,0,0,0,0,0,0,0,0,0,"leaf",1,1,0,0,0,0,1,0,0,"leaf",3,"m","i","w"
"Rosenia oppositifolia","Rosenia oppositifolia","ASTERACEAE","Rosenia oppositifolia","(DC.) K.Bremer","Asteraceae",1,0,NA,1,0,1,0,0,0,0,0,0,"Sep","Oct",NA,NA,30,0,0,0,1,0,0,0,0,0,0,0,0,0,0,0,0,"leaf",0,1,0,0,0,0,0.6,0,0,"leaf",3,"m","i","w"
"Rumex crispus","Rumex crispus","POLYGONACEAE","Rumex crispus","L.","Polygonaceae",1,0,NA,0,1,1,0,0,0,0,0,0,NA,NA,NA,NA,150,1,0,0,0,0,0,0,0,0,0,0,0,0,0,0,0,"leaf",0,1,0,0,0,0,40,0,0,"leaf",1,"l","w","w"
"Rumex sagittatus","Rumex sagittatus","POLYGONACEAE","Rumex sagittatus","Thunb.","Polygonaceae",1,0,NA,0,1,1,0,0,0,0,0,0,NA,NA,NA,NA,30,1,0,0,0,0,0,0,1,1,0,0,0,0,0,0,0,"leaf",0,1,0,0,0,0,6,0,0,"leaf",2,"l","w","w"
"Ruschia burtoniae","Ruschia burtoniae","AIZOACEAE","Ruschia burtoniae","L.Bolus","Aizoaceae",1,0,NA,1,0,1,0,0,0,0,0,0,NA,NA,NA,NA,60,0,0,0,1,0,0,0,0,0,0,0,0,1,1,0,0,"leaf",1,0,0,0,0,0,NA,0,0,"leaf",3,"l","i","p"
"Ruschia cradockensis","Ruschia cradockensis","AIZOACEAE","Ruschia cradockensis","(Kuntze) H.E.K.Hartmann & Stüber, D.","Aizoaceae",1,0,NA,1,0,1,0,0,0,0,0,0,"Jul","Aug",NA,NA,30,0,0,0,1,0,0,0,0,0,0,0,0,1,1,0,0,"leaf",0,1,0,0,0,0,2,0,0,"leaf",3,"l","i","p"
"Ruschia decurvans","Ruschia decurvans","AIZOACEAE","Ruschia decurvans","L.Bolus","Aizoaceae",1,0,NA,1,0,1,0,0,0,0,0,0,"Sep","Oct",NA,NA,95,0,0,0,1,0,0,0,0,0,0,0,0,1,1,0,0,"leaf",1,0,0,0,0,0,5,0,0,"leaf",3,"l","i","p"
"Ruschia grisea","Ruschia grisea","AIZOACEAE","Ruschia grisea","(L.Bolus) Schwantes","Aizoaceae",1,0,NA,1,0,1,0,0,0,0,0,0,"Nov","Dec",NA,NA,30,0,0,0,1,0,0,0,0,0,0,0,0,1,1,0,0,"leaf",0,1,0,0,0,0,1,0,1,"mixed",3,"l","i","p"
"Ruschia intricata","Ruschia intricata","AIZOACEAE","Ruschia intricata","(N.E.Br.) H.E.K.Hartmann & Stüber, D.","Aizoaceae",1,0,NA,1,0,1,0,0,0,0,0,0,"Sep","Oct",NA,NA,50,0,0,0,1,0,0,0,0,0,0,0,0,1,1,0,0,"leaf",0,1,0,0,0,0,1.5,0,0,"leaf",3,"l","i","p"
"Ruschia laxipetala","Ruschia laxipetala","AIZOACEAE","Ruschia laxipetala","L.Bolus","Aizoaceae",1,0,NA,1,0,1,0,0,0,0,0,0,"Oct","Dec",NA,NA,15,0,0,0,1,0,0,0,0,0,0,0,0,1,1,0,0,"leaf",0,1,0,0,0,0,1,0,1,"mixed",3,"l","i","p"
"Ruschia muelleri","Ruschia muelleri","AIZOACEAE","Ruschia muelleri","(L.Bolus) Schwantes","Aizoaceae",1,0,NA,1,0,1,0,0,0,0,0,0,"Aug","Oct",NA,NA,60,0,0,0,1,0,0,0,0,0,0,0,0,1,1,0,0,"leaf",1,0,0,0,0,0,6,0,0,"leaf",3,"l","i","p"
"Ruschia robusta","Ruschia robusta","AIZOACEAE","Ruschia robusta","L.Bolus","Aizoaceae",1,0,NA,1,0,1,0,0,0,0,0,0,NA,NA,NA,NA,50,0,0,0,1,0,0,0,0,0,0,0,0,1,1,0,0,"leaf",0,1,0,0,0,0,0.9,0,0,"leaf",3,"l","i","p"
"Phiambolia unca","Ruschia unca","AIZOACEAE","Phiambolia unca","(L.Bolus) Klak","Aizoaceae",1,0,NA,1,0,1,0,0,0,0,0,0,NA,NA,NA,NA,25,0,0,0,1,0,0,0,1,0,0,0,0,1,1,0,0,"leaf",1,0,0,0,0,0,2.5,0,0,"leaf",3,"l","i","p"
"Salsola aphylla","Salsola aphylla","AMARANTHACEAE","Salsola aphylla","L.f.","Amaranthaceae",1,0,NA,1,0,1,0,0,0,0,0,0,"Dec","Feb",NA,NA,120,0,0,0,0,1,0,0,0,0,0,0,0,0,0,0,0,"leaf",0,0,1,0,0,0,0.4,0,0,"leaf",3,"l","w","p"
"Salsola glabrescens","Salsola glabrescens","AMARANTHACEAE","Salsola glabrescens","Burtt Davy","Amaranthaceae",1,0,NA,1,0,1,0,0,0,0,0,0,NA,NA,NA,NA,40,0,0,0,1,0,0,0,0,0,0,0,0,0,0,0,0,"leaf",0,0,1,0,0,0,0.4,0,0,"leaf",3,"l","w","p"
"Salsola kali","Salsola kali","AMARANTHACEAE","Salsola kali","L.","Amaranthaceae",0,1,NA,1,0,0,0,1,1,0,0,0,"Sep","Nov",NA,NA,50,0,0,0,1,0,0,0,0,0,0,0,0,0,0,0,0,"leaf",0,1,0,0,0,0,1,0,0,"leaf",0,"l","w","w"
"Salsola tuberculata","Salsola tuberculata","AMARANTHACEAE","Salsola tuberculata","Fenzl ex Moq.","Amaranthaceae",1,0,NA,1,0,1,0,0,0,0,0,0,NA,NA,NA,NA,30,0,0,0,1,0,0,0,0,0,0,0,0,0,0,0,0,"leaf",0,0,1,0,0,0,0.3,0,0,"leaf",3,"l","w","p"
"Salsola zeyheri","Salsola zeyheri","AMARANTHACEAE","Salsola zeyheri","Schinz","Amaranthaceae",1,0,NA,1,0,1,0,0,0,0,0,0,"Aug","Sep",NA,NA,50,0,0,0,1,0,0,0,0,0,0,0,0,0,0,0,0,"leaf",0,1,0,0,0,0,0.5,0,0,"leaf",3,"l","w","p"
"Salvia disermas","Salvia disermas","LAMIACEAE","Salvia disermas","L.","Lamiaceae",1,0,NA,1,0,1,0,0,0,0,0,0,"Aug","May",NA,NA,120,0,0,0,0,1,0,0,0,0,0,0,0,0,0,0,0,"leaf",0,0,1,0,0,0,6,0,0,"leaf",3,"m","i","p"
"Monsonia crassicaulis","Sarcocaulon crassicaule","GERANIACEAE","Sarcocaulon spinosum","Kuntze","Geraniaceae",1,0,NA,1,0,0,1,0,0,0,0,0,"May","Jun",NA,NA,50,0,0,0,1,0,0,0,0,0,0,0,0,1,0,1,0,"leaf",0,0,1,0,1,0,2,0,0,"leaf",3,"l","i","w"
"Satyrium erectum","Satyrium erectum","ORCHIDACEAE","Satyrium erectum","Sw.","Orchidaceae",1,0,NA,1,0,0,1,1,1,1,1,0,"Jul","Oct",NA,NA,60,0,1,0,0,0,0,0,0,0,0,0,0,0,0,0,0,"leaf",0,0,1,0,0,0,10,0,0,"leaf",2,"l","i","p"
"Mesembryanthemum tortuosum","Sceletium tortuosum","AIZOACEAE","Mesembryanthemum tortuosum","L.","Aizoaceae",1,0,NA,1,0,1,0,0,0,0,0,0,NA,NA,NA,NA,20,0,0,0,1,0,0,0,1,0,0,0,0,1,1,1,0,"leaf",0,1,0,0,0,0,4,0,0,"leaf",3,"l","i","p"
"Schismus barbatus","Schismus barbatus","POACEAE","Schismus barbatus","(L.) Thell.","Poaceae",0,1,NA,1,0,0,0,1,1,0,0,0,"Jun","Dec",NA,NA,25,0,0,1,0,0,0,0,0,0,0,0,0,0,0,0,0,"leaf",1,0,0,0,0,0,10,0,0,"leaf",0,"l","w","w"
"Schismus scaberrimus","Schismus scaberrimus","POACEAE","Schismus scaberrimus","Nees","Poaceae",1,0,NA,1,0,1,0,0,0,0,0,0,NA,NA,NA,NA,45,0,0,1,0,0,0,0,0,0,0,0,0,0,0,0,0,"leaf",1,0,0,0,0,0,15,0,0,"leaf",2,"m","w","w"
"Schismus schismoides","Schismus schismoides","POACEAE","Schismus schismoides","(Stapf ex Conert) Verboom & H.P.Linder","Poaceae",0,1,NA,1,0,0,0,1,1,0,0,0,"Jul","Oct",NA,NA,15,0,0,1,0,0,0,0,0,0,0,0,0,0,0,0,0,"leaf",1,0,0,0,0,0,10,0,0,"leaf",0,"l","w","w"
"Scirpoides dioecus","Scirpoides dioecus","CYPERACEAE","Afroscirpoides dioeca","(Kunth) García-Madr. & Muasya","Cyperaceae",1,0,NA,1,0,1,0,0,0,0,0,0,"Sep","Dec",NA,NA,50,0,0,1,0,0,0,0,0,0,0,0,0,0,0,0,0,"leaf",1,0,0,0,0,0,50,1,1,"culm_stem",3,"h","w","p"
"Scleranthus annuus","Scleranthus annuus","CARYOPHYLLACEAE","Scleranthus annuus","L.","Caryophyllaceae",0,1,NA,1,0,0,0,1,1,0,0,0,NA,NA,NA,NA,20,1,0,0,0,0,0,0,0,0,0,0,0,0,0,0,0,"leaf",1,0,0,0,0,0,1,0,0,"leaf",0,"l","i","p"
"Searsia burchellii","Searsia burchellii","ANACARDIACEAE","Searsia burchellii","(Sond. ex Engl.) Moffett","Anacardiaceae",1,0,NA,0,1,1,0,0,0,0,1,0,"Apr","May",NA,NA,500,0,0,0,0,0,1,1,0,0,0,0,0,0,0,0,0,"leaf",0,0,1,1,0,0,3,0,0,"leaf",3,"h","i","m"
"Searsia lancea","Searsia lancea","ANACARDIACEAE","Searsia lancea","(L.f.) F.A.Barkley","Anacardiaceae",1,0,NA,0,1,1,0,0,0,0,1,0,"Apr","Jul",NA,NA,1200,0,0,0,0,0,1,1,0,0,0,0,0,0,0,0,0,"leaf",1,0,0,1,0,0,10,0,0,"leaf",3,"h","i","m"
"Selago albida","Selago albida","SCROPHULARIACEAE","Selago albida","Choisy","Scrophulariaceae",1,0,NA,1,0,1,0,0,0,0,0,0,"May","Sep",NA,NA,40,0,0,0,1,0,0,0,0,0,0,0,0,0,0,0,0,"leaf",1,0,0,0,0,0,0.8,0,0,"leaf",2,"h","i","p"
"Selago articulata","Selago articulata","SCROPHULARIACEAE","Selago articulata","Thunb.","Scrophulariaceae",1,0,NA,1,0,1,0,0,0,0,0,0,"Sep","Oct",NA,NA,20,0,0,0,1,0,0,0,0,0,0,0,0,0,0,0,0,"leaf",1,0,0,0,0,0,0.3,0,0,"leaf",2,"m","i","p"
"Selago divaricata","Selago divaricata","SCROPHULARIACEAE","Selago divaricata","L.f.","Scrophulariaceae",1,0,NA,1,0,1,0,0,0,0,0,0,NA,NA,NA,NA,100,0,0,0,1,0,0,0,0,0,0,0,0,0,0,0,0,"leaf",1,0,0,0,0,0,0.5,0,0,"leaf",3,"m","i","p"
"Selago glabrata","Selago glabrata","SCROPHULARIACEAE","Selago glabrata","Choisy","Scrophulariaceae",1,0,NA,1,0,1,0,0,0,0,0,0,"Sep","Oct",NA,NA,35,0,0,0,1,0,0,0,0,0,0,0,0,0,0,0,0,"leaf",1,0,0,0,0,0,0.4,0,0,"leaf",2,"m","i","p"
"Selago rigida","Selago rigida","SCROPHULARIACEAE","Selago rigida","Rolfe","Scrophulariaceae",1,0,NA,1,0,1,0,0,0,0,0,0,"Jul","Oct",NA,NA,60,0,0,0,1,0,0,0,0,0,0,0,0,0,0,0,0,"leaf",0,1,0,0,0,0,0.5,0,0,"leaf",2,"m","i","p"
"Selago subspinosa","Selago subspinosa","SCROPHULARIACEAE","Selago subspinosa","Hilliard","Scrophulariaceae",1,0,NA,1,0,1,0,0,0,0,0,0,"Aug","Sep",NA,NA,35,0,0,0,1,0,0,0,0,0,0,0,0,0,0,0,0,"leaf",1,0,0,0,0,0,0.8,0,0,"leaf",3,"m","i","p"
"Senecio abbreviatus","Senecio abbreviatus","ASTERACEAE","Senecio abbreviatus","S.Moore","Asteraceae",1,0,NA,1,0,1,0,0,0,0,0,0,"Jun","Aug",NA,NA,10,1,0,0,0,0,0,0,1,0,0,0,0,1,1,0,0,"leaf",0,1,0,0,0,0,2,0,0,"leaf",3,"l","i","w"
"Senecio abruptus","Senecio abruptus","ASTERACEAE","Senecio abruptus","Thunb.","Asteraceae",0,1,NA,1,0,0,0,1,1,0,0,0,NA,NA,NA,NA,60,1,0,0,0,0,0,0,0,0,0,0,0,0,0,0,0,"leaf",0,1,1,0,1,0,7,0,0,"leaf",0,"l","i","w"
"Senecio cardaminifolius","Senecio cardaminifolius","ASTERACEAE","Senecio cardaminifolius","DC.","Asteraceae",0,1,NA,1,0,0,0,1,1,0,0,0,"Jul","Oct",NA,NA,60,1,0,0,0,0,0,0,0,0,0,0,0,0,0,0,0,"leaf",0,1,0,0,0,1,8,0,0,"leaf",0,"l","i","w"
"Senecio cinerascens","Senecio cinerascens","ASTERACEAE","Senecio cinerascens","Aiton","Asteraceae",1,0,NA,1,0,1,0,0,0,0,0,0,NA,NA,NA,NA,200,0,0,0,0,1,0,0,0,0,0,0,0,0,0,0,0,"leaf",1,1,0,0,1,1,12,0,0,"leaf",2,"m","i","w"
"Senecio leptophyllus","Senecio leptophyllus","ASTERACEAE","Senecio leptophyllus","DC.","Asteraceae",1,0,NA,1,0,1,0,0,0,0,0,0,NA,NA,NA,NA,60,0,0,0,1,0,0,0,0,0,0,0,0,0,0,0,0,"leaf",1,0,0,0,0,0,5,0,0,"leaf",1,"l","i","w"
"Senecio radicans","Senecio radicans","ASTERACEAE","Senecio radicans","Sch.Bip.","Asteraceae",1,0,NA,1,0,1,0,0,0,0,0,0,"Apr","Sep",NA,NA,6,1,0,0,0,0,0,0,1,0,0,0,0,1,1,1,0,"leaf",0,0,1,0,0,0,2,0,0,"leaf",3,"l","i","w"
"Septulina glauca","Septulina glauca","LORANTHACEAE","Septulina glauca","Tiegh.","Loranthaceae",1,0,NA,1,0,1,0,0,0,0,0,0,"Feb","Sep",NA,NA,50,0,0,0,0,0,0,0,0,0,0,1,0,0,0,0,0,"leaf",0,1,0,0,0,0,3,0,0,"leaf",2,"l","i","m"
"Silene clandestina","Silene clandestina","CARYOPHYLLACEAE","Silene cretica","L.","Caryophyllaceae",0,1,NA,1,0,0,0,1,1,0,0,0,"Aug","Jan",NA,NA,45,1,0,0,0,0,0,0,0,0,0,0,0,0,0,0,0,"leaf",0,1,0,0,0,0,2,0,0,"leaf",0,"l","i","p"
"Stachys lamarckii","Stachys lamarckii","LAMIACEAE","Stachys lamarckii","Benth.","Lamiaceae",1,0,NA,1,0,1,0,0,0,0,0,0,NA,NA,NA,NA,100,0,0,0,1,0,0,0,0,0,0,0,0,0,0,0,0,"leaf",0,1,0,0,0,0,2,0,0,"leaf",3,"m","i","p"
"Stipagrostis brevifolia","Stipagrostis brevifolia","POACEAE","Stipagrostis brevifolia","(Nees) De Winter","Poaceae",1,0,NA,1,0,1,0,0,0,0,0,0,NA,NA,NA,NA,100,0,0,0,0,0,0,0,0,0,0,0,0,0,0,0,0,"leaf",1,0,0,0,0,0,10,0,1,"mixed",2,"h","w","w"
"Stipagrostis ciliata","Stipagrostis ciliata","POACEAE","Stipagrostis ciliata","(Desf.) De Winter","Poaceae",1,0,NA,1,0,1,0,0,0,0,0,0,"Aug","Oct",NA,NA,100,0,0,1,0,0,0,0,0,0,0,0,0,0,0,0,0,"leaf",1,0,0,0,0,0,8,0,1,"mixed",2,"h","w","w"
"Stipagrostis namaquensis","Stipagrostis namaquensis","POACEAE","Stipagrostis namaquensis","(Nees) De Winter","Poaceae",1,0,NA,1,0,1,0,0,0,0,0,0,"Feb","Jul","Dec",NA,100,0,0,1,0,0,0,0,0,0,0,0,0,0,0,0,0,"leaf",1,0,0,0,0,0,6,0,1,"mixed",2,"h","w","w"
"Stipagrostis obtusa","Stipagrostis obtusa","POACEAE","Stipagrostis obtusa","(Delile) Nees","Poaceae",1,0,NA,1,0,1,0,0,0,0,0,0,"Jul","May",NA,NA,60,0,0,1,0,0,0,0,0,0,0,0,0,0,0,0,0,"leaf",1,0,0,0,0,0,6,0,1,"mixed",2,"m","w","w"
"Lessertia frutescens","Sutherlandia frutescens","FABACEAE","Lessertia frutescens","(L.) Goldblatt & J.C.Manning","Fabaceae",1,0,NA,1,0,1,0,0,0,0,0,0,"Jul","Dec",NA,NA,150,0,0,0,0,1,0,0,0,0,0,0,0,0,0,0,0,"leaf",0,1,0,1,0,1,6,0,0,"leaf",2,"h","i","w"
"Tenaxia dura","Tenaxia dura","POACEAE","Tenaxia dura","(Stapf) N.P.Barker & H.P.Linder","Poaceae",1,0,NA,1,0,1,0,0,0,0,1,0,"Jul","Nov",NA,NA,90,0,0,1,0,0,0,0,0,0,0,0,0,0,0,0,0,"leaf",1,0,0,0,0,0,21,0,1,"mixed",2,"h","w","w"
"Tetragonia enchinata","Tetragonia microptera","AIZOACEAE","Tetragonia echinata","Aiton","Aizoaceae",0,1,NA,1,0,0,0,1,1,0,0,0,"Jun","Sep",NA,NA,30,1,0,0,0,0,0,0,1,0,0,0,0,1,1,0,0,"leaf",0,0,1,0,0,0,2,0,0,"leaf",0,"l","i","p"
"Tetragonia nigrescens","Tetragonia nigrescens","AIZOACEAE","Tetragonia nigrescens","Eckl. & Zeyh.","Aizoaceae",1,0,NA,1,0,1,0,0,0,0,1,0,"Jul","Oct",NA,NA,10,1,1,0,0,0,0,0,1,0,0,0,0,1,1,0,0,"leaf",0,0,1,0,0,0,3,0,0,"leaf",2,"l","i","w"
"Tetragonia sarcophylla","Tetragonia sarcophylla","AIZOACEAE","Tetragonia sarcophylla","Fenzl","Aizoaceae",1,0,NA,1,0,1,0,0,0,0,0,0,"Jun","Sep",NA,NA,40,0,0,0,1,0,0,0,0,0,0,0,0,1,1,0,0,"leaf",0,0,1,0,0,0,2,0,0,"leaf",2,"l","i","w"
"Thesium hispidulum","Thesium hispidulum","SANTALACEAE","Thesium hispidulum","Lam.","Santalaceae",1,0,NA,1,0,1,0,0,0,0,0,0,"Sep","Dec",NA,NA,20,1,0,0,0,0,0,0,0,0,1,0,0,0,0,0,0,"leaf",1,0,0,0,0,0,1,0,1,"mixed",1,"l","i","p"
"Thesium horridum","Thesium horridum","SANTALACEAE","Thesium horridum","Pilg.","Santalaceae",1,0,NA,1,0,1,0,0,0,0,0,0,"Sep",NA,NA,NA,30,0,0,0,1,0,0,0,0,0,1,0,0,0,0,0,0,"leaf",0,1,0,0,0,0,1,0,1,"mixed",2,"l","i","p"
"Thesium hystrix","Thesium hystrix","SANTALACEAE","Thesium hystrix","A.W.Hill","Santalaceae",1,0,NA,1,0,1,0,0,0,0,0,0,NA,NA,NA,NA,100,0,0,0,1,0,0,0,0,0,1,0,0,0,0,0,0,"leaf",1,0,0,0,0,0,1,1,1,"mixed",2,"l","i","p"
"Thesium lineatum","Thesium lineatum","SANTALACEAE","Lacomucinaea lineata","(L.f.) Nickrent & M.A.García","Santalaceae",1,0,NA,1,0,1,1,0,0,0,0,0,"Aug","Feb",NA,NA,200,0,0,0,0,1,0,0,0,0,1,0,0,0,0,0,0,"leaf",1,0,0,0,0,0,0.5,1,1,"mixed",2,"l","i","p"
"Trachyandra divaricata","Trachyandra divaricata","ASPHODELACEAE","Trachyandra divaricata","Kunth","Asphodelaceae",1,0,NA,1,0,1,0,0,0,0,1,0,"Jul","Sep",NA,NA,90,1,1,0,0,0,0,0,0,0,0,0,0,1,1,0,0,"leaf",1,0,0,0,0,0,30,0,0,"leaf",2,"l","i","p"
"Trachyandra falcata","Trachyandra falcata","ASPHODELACEAE","Trachyandra falcata","Kunth","Asphodelaceae",1,0,NA,1,0,1,0,0,0,0,1,0,"Jul","Oct",NA,NA,100,1,1,0,0,0,0,0,0,0,0,0,0,1,1,0,0,"leaf",1,0,0,0,0,0,30,0,0,"leaf",2,"l","i","p"
"Trachyandra jacquiniana","Trachyandra jacquiniana","ASPHODELACEAE","Trachyandra jacquiniana","(Roem. & Schult.) Oberm.","Asphodelaceae",1,0,NA,1,0,1,0,0,0,0,1,0,"Jul","Sep",NA,NA,50,1,1,0,0,0,0,0,0,0,0,0,0,1,1,0,0,"leaf",1,0,0,0,0,0,15,0,0,"leaf",3,"l","i","p"
"Tribolium tenella","Tribolium tenellum","POACEAE","Tribolium tenellum","(Nees) Verboom & H.P.Linder","Poaceae",0,1,NA,1,0,0,0,1,1,0,0,0,"Aug","Oct",NA,NA,15,0,0,1,0,0,0,0,0,0,0,0,0,0,0,0,0,"leaf",1,0,0,0,0,0,1,0,1,"mixed",0,"l","w","w"
"Tribolium utriculosum","Tribolium utriculosum","POACEAE","Tribolium utriculosum","(Nees) Renvoize","Poaceae",0,1,NA,1,0,0,0,1,1,0,0,0,NA,NA,NA,NA,12,0,0,1,0,0,0,0,0,0,0,0,0,0,0,0,0,"leaf",1,0,0,0,0,0,5,0,1,"mixed",0,"l","w","w"
"Trichodiadema promeridiana","Trichodiadema promeridiana","AIZOACEAE","Trichodiadema pomeridianum","L.Bolus","Aizoaceae",1,0,NA,1,0,1,0,0,0,0,1,0,NA,NA,NA,NA,25,0,1,0,1,0,0,0,0,0,0,0,0,1,1,0,0,"leaf",0,1,0,0,0,0,1.5,0,0,"leaf",3,"l","i","p"
"Tylecodon reticulatus","Tylecodon reticulatus","CRASSULACEAE","Tylecodon reticulatus","(L.f.) Toelken","Crassulaceae",1,0,NA,1,0,1,0,0,0,0,0,0,"Nov","Dec",NA,NA,30,0,0,0,1,0,0,0,0,0,0,0,0,1,1,1,0,"leaf",0,0,1,0,0,0,4,0,0,"leaf",3,"l","i","p"
"Tylecodon wallichii","Tylecodon wallichii","CRASSULACEAE","Tylecodon wallichii","(Harv.) Toelken","Crassulaceae",1,0,NA,1,0,1,0,0,0,0,0,0,"Dec","Feb",NA,NA,100,0,0,0,1,0,0,0,0,0,0,0,0,1,1,1,0,"leaf",1,0,0,0,0,0,8,0,0,"leaf",3,"l","i","p"
"Ursinia anthemoides","Ursinia anthemoides","ASTERACEAE","Ursinia anthemoides","(L.) Poir.","Asteraceae",0,1,NA,1,0,0,0,1,1,0,0,0,"Aug","Oct",NA,NA,50,1,0,0,0,0,0,0,0,0,0,0,0,0,0,0,0,"leaf",1,0,0,1,0,0,3,0,0,"leaf",0,"l","i","w"
"Ursinia cakilefolia","Ursinia cakilefolia","ASTERACEAE","Ursinia cakilefolia","DC.","Asteraceae",0,1,NA,1,0,0,0,1,1,0,0,0,"Jul","Oct",NA,NA,45,1,0,0,0,0,0,0,0,0,0,0,0,0,0,0,0,"leaf",1,0,0,1,1,0,3,0,0,"leaf",0,"l","i","w"
"Ursinia calenduliflora","Ursinia calenduliflora","ASTERACEAE","Ursinia calenduliflora","(DC.) N.E.Br.","Asteraceae",0,1,NA,1,0,0,0,1,1,0,0,0,NA,NA,NA,NA,35,1,0,0,0,0,0,0,0,0,0,0,0,0,0,0,0,"leaf",1,0,0,1,1,0,6,0,0,"leaf",0,"l","i","w"
"Ursinia nana subsp nana","Ursinia nana subsp nana","ASTERACEAE","Ursinia nana subsp. nana",NA,"Asteraceae",1,1,NA,1,0,0,0,1,1,0,0,0,"Aug","Oct",NA,NA,20,1,0,0,0,0,0,0,0,0,0,0,0,0,0,0,0,"leaf",1,0,0,1,1,0,1,0,0,"leaf",0,"l","i","w"
"Wahlenbergia androsacea","Wahlenbergia androsacea","CAMPANULACEAE","Wahlenbergia androsacea","A.DC.","Campanulaceae",0,1,NA,1,0,0,0,1,1,0,0,0,NA,NA,NA,NA,40,1,0,0,0,0,0,0,0,0,0,0,0,0,0,0,0,"leaf",0,1,0,0,0,0,4,0,0,"leaf",0,"l","i","p"
"Wahlenbergia annularis","Wahlenbergia annularis","CAMPANULACEAE","Wahlenbergia annularis","A.DC.","Campanulaceae",0,1,NA,1,0,0,0,1,1,0,0,0,NA,NA,NA,NA,40,1,0,0,0,0,0,0,0,0,0,0,0,0,0,0,0,"leaf",1,0,0,0,0,0,4,0,0,"leaf",0,"l","i","p"
"Wahlenbergia prostrata","Wahlenbergia prostrata","CAMPANULACEAE","Wahlenbergia prostrata","E.Mey.","Campanulaceae",0,1,NA,1,0,0,0,1,1,0,0,0,NA,NA,NA,NA,15,1,0,0,0,0,0,0,0,0,0,0,0,0,0,0,0,"leaf",1,0,0,0,0,0,1,0,0,"leaf",0,"l","i","p"
"Wahlenbergia thunbergiana","Wahlenbergia thunbergiana","CAMPANULACEAE","Wahlenbergia thunbergiana","(H.Buek) Lammers","Campanulaceae",1,0,NA,1,0,1,0,0,0,0,0,0,NA,NA,NA,NA,60,0,0,0,1,0,0,0,1,0,0,0,0,0,0,0,0,"leaf",1,1,0,0,0,0,1,0,0,"leaf",1,"l","i","p"
"Wiborgia monoptera","Wiborgia monoptera","FABACEAE","Wiborgia monoptera","E.Mey.","Fabaceae",1,0,NA,1,0,1,0,0,0,0,0,0,NA,NA,NA,NA,100,0,0,0,1,0,0,0,0,0,0,0,0,0,0,0,0,"leaf",0,0,1,1,0,0,1,0,0,"leaf",3,"m","i","w"
"Wiborgia sericea","Wiborgia sericea","FABACEAE","Wiborgia sericea","Thunb.","Fabaceae",1,0,NA,1,0,0,1,0,0,0,0,0,"May","Sep",NA,NA,120,0,0,0,0,1,0,0,0,0,0,0,0,0,0,0,0,"leaf",0,0,1,1,0,0,1,0,0,"leaf",2,"m","i","p"
"Wiborgiella leipoldtiana","Wiborgiella leipoldtiana","FABACEAE","Wiborgiella leipoldtiana","(Schltr. ex R.Dahlgren) Boatwr. & B.-E.van Wyk","Fabaceae",1,0,NA,1,0,0,1,0,0,0,0,0,"Aug","Oct",NA,NA,120,0,0,0,0,1,0,0,0,0,0,0,0,0,0,0,0,"leaf",0,1,0,1,0,0,1.5,0,0,"leaf",2,"m","i","p"
"Zaluzianskya affinis","Zaluzianskya affinis","SCROPHULARIACEAE","Zaluzianskya affinis","Hilliard","Scrophulariaceae",0,1,NA,1,0,0,0,1,1,0,0,0,NA,NA,NA,NA,30,1,0,0,0,0,0,0,0,0,0,0,0,0,0,0,0,"leaf",0,1,0,0,0,0,1,0,0,"leaf",0,"l","i","p"
"Zaluzianskya benthamiana","Zaluzianskya benthamiana","SCROPHULARIACEAE","Zaluzianskya benthamiana","Walp.","Scrophulariaceae",0,1,NA,1,0,0,0,1,1,0,0,0,NA,NA,NA,NA,33,1,0,0,0,0,0,0,0,0,0,0,0,0,0,0,0,"leaf",0,1,0,0,0,0,3.5,0,0,"leaf",0,"l","i","p"
"Zaluzianskya cohabitans","Zaluzianskya cohabitans","SCROPHULARIACEAE","Zaluzianskya cohabitans","Hilliard","Scrophulariaceae",0,1,NA,1,0,0,0,1,1,0,0,0,"Aug","Sep",NA,NA,10,1,0,0,0,0,0,0,0,0,0,0,0,0,0,0,0,"leaf",0,0,1,0,0,0,0.5,0,0,"leaf",0,"l","i","p"
"Zaluzianskya minima","Zaluzianskya minima","SCROPHULARIACEAE","Zaluzianskya minima","(Hiern) Hilliard","Scrophulariaceae",0,1,NA,1,0,0,0,1,1,0,0,0,NA,NA,NA,NA,10,1,0,0,0,0,0,0,0,0,0,0,0,0,0,0,0,"leaf",0,0,1,0,0,0,1,0,0,"leaf",0,"l","i","p"
"Zaluzianskya pusilla","Zaluzianskya pusilla","SCROPHULARIACEAE","Zaluzianskya pusilla","(Benth.) Walp.","Scrophulariaceae",0,1,NA,1,0,0,0,1,1,0,0,0,"Jul","Oct",NA,NA,15,1,0,0,0,0,0,0,0,0,0,0,0,0,0,0,0,"leaf",0,1,0,0,0,0,1.5,0,0,"leaf",0,"l","i","p"
"Zaluzianskya villosa","Zaluzianskya villosa","SCROPHULARIACEAE","Zaluzianskya villosa","(Thunb.) F.W.Schmidt","Scrophulariaceae",0,1,NA,1,0,0,0,1,1,0,0,0,NA,NA,NA,NA,30,1,0,0,0,0,0,0,0,0,0,0,0,0,0,0,0,"leaf",0,1,0,0,0,0,2,0,0,"leaf",0,"l","i","p"
"Zaluzianskya violacea","Zaluzianskya violacea","SCROPHULARIACEAE","Zaluzianskya violacea","Schltr.","Scrophulariaceae",0,1,NA,1,0,0,0,1,1,0,0,0,"Jul","Sep",NA,NA,15,1,0,0,0,0,0,0,0,0,0,0,0,0,0,0,0,"leaf",0,0,1,0,0,0,1.3,0,0,"leaf",0,"l","i","p"
"Roepera lichtensteiniana","Zygophyllum lichtensteinianum","ZYGOPHYLLACEAE","Roepera lichtensteiniana","(Cham.) Beier & Thulin","Zygophyllaceae",1,0,NA,1,0,1,0,0,0,0,0,0,"Sep",NA,NA,NA,80,0,0,0,1,0,0,0,0,0,0,0,0,0,0,0,0,"leaf",0,0,1,1,0,0,1,0,0,"leaf",3,"l","i","w"
"Roepera pygmaea","Zygophyllum pygmaeum","ZYGOPHYLLACEAE","Roepera pygmaea","(Eckl. & Zeyh.) Beier & Thulin","Zygophyllaceae",1,0,NA,1,0,1,0,0,0,0,0,0,"Jun","Sep",NA,NA,60,0,0,0,1,0,0,0,1,0,0,0,0,0,0,0,0,"leaf",0,0,1,1,0,0,0.7,0,0,"leaf",3,"l","i","w"
"Tetraena retrofracta","Zygophyllum retrofractum","ZYGOPHYLLACEAE","Zygophyllum retrofractum","Thunb.","Zygophyllaceae",1,0,NA,1,0,1,0,0,0,0,0,0,"Jul","Dec",NA,NA,150,0,0,0,1,1,0,0,0,0,0,0,0,1,1,0,0,"leaf",0,0,1,1,0,0,0.6,0,1,"mixed",3,"l","i","w"
