{
"type": "FeatureCollection",
"name": "sp_rich_releve",
"crs": { "type": "name", "properties": { "name": "urn:ogc:def:crs:OGC:1.3:CRS84" } },
"features": [
{ "type": "Feature", "properties": { "plot": "BK_100_a", "year": 2011.0, "species_richness": 31, "subregion": "baviaanskloof" }, "geometry": { "type": "Point", "coordinates": [ 24.4833, -33.66145 ] } },
{ "type": "Feature", "properties": { "plot": "BK_100_b", "year": 2011.0, "species_richness": 31, "subregion": "baviaanskloof" }, "geometry": { "type": "Point", "coordinates": [ 24.4833, -33.66145 ] } },
{ "type": "Feature", "properties": { "plot": "BK_101_a", "year": 2011.0, "species_richness": 13, "subregion": "baviaanskloof" }, "geometry": { "type": "Point", "coordinates": [ 24.39066, -33.67216 ] } },
{ "type": "Feature", "properties": { "plot": "BK_101_b", "year": 2011.0, "species_richness": 13, "subregion": "baviaanskloof" }, "geometry": { "type": "Point", "coordinates": [ 24.39066, -33.67216 ] } },
{ "type": "Feature", "properties": { "plot": "BK_102_a", "year": 2011.0, "species_richness": 20, "subregion": "baviaanskloof" }, "geometry": { "type": "Point", "coordinates": [ 24.36608, -33.66683 ] } },
{ "type": "Feature", "properties": { "plot": "BK_102_b", "year": 2011.0, "species_richness": 15, "subregion": "baviaanskloof" }, "geometry": { "type": "Point", "coordinates": [ 24.36608, -33.66683 ] } },
{ "type": "Feature", "properties": { "plot": "BK_103_a", "year": 2011.0, "species_richness": 11, "subregion": "baviaanskloof" }, "geometry": { "type": "Point", "coordinates": [ 24.36945, -33.66551 ] } },
{ "type": "Feature", "properties": { "plot": "BK_103_b", "year": 2011.0, "species_richness": 13, "subregion": "baviaanskloof" }, "geometry": { "type": "Point", "coordinates": [ 24.36945, -33.66551 ] } },
{ "type": "Feature", "properties": { "plot": "BK_104_a", "year": 2011.0, "species_richness": 31, "subregion": "baviaanskloof" }, "geometry": { "type": "Point", "coordinates": [ 24.17238, -33.6191 ] } },
{ "type": "Feature", "properties": { "plot": "BK_104_b", "year": 2011.0, "species_richness": 27, "subregion": "baviaanskloof" }, "geometry": { "type": "Point", "coordinates": [ 24.17238, -33.6191 ] } },
{ "type": "Feature", "properties": { "plot": "BK_105_a", "year": 2011.0, "species_richness": 36, "subregion": "baviaanskloof" }, "geometry": { "type": "Point", "coordinates": [ 24.15371, -33.57785 ] } },
{ "type": "Feature", "properties": { "plot": "BK_105_b", "year": 2011.0, "species_richness": 28, "subregion": "baviaanskloof" }, "geometry": { "type": "Point", "coordinates": [ 24.15371, -33.57785 ] } },
{ "type": "Feature", "properties": { "plot": "BK_106_a", "year": 2011.0, "species_richness": 32, "subregion": "baviaanskloof" }, "geometry": { "type": "Point", "coordinates": [ 24.1993, -33.70317 ] } },
{ "type": "Feature", "properties": { "plot": "BK_106_b", "year": 2011.0, "species_richness": 35, "subregion": "baviaanskloof" }, "geometry": { "type": "Point", "coordinates": [ 24.1993, -33.70317 ] } },
{ "type": "Feature", "properties": { "plot": "BK_107_a", "year": 2011.0, "species_richness": 34, "subregion": "baviaanskloof" }, "geometry": { "type": "Point", "coordinates": [ 24.18902, -33.70514 ] } },
{ "type": "Feature", "properties": { "plot": "BK_107_b", "year": 2011.0, "species_richness": 32, "subregion": "baviaanskloof" }, "geometry": { "type": "Point", "coordinates": [ 24.18902, -33.70514 ] } },
{ "type": "Feature", "properties": { "plot": "BK_108_a", "year": 2011.0, "species_richness": 25, "subregion": "baviaanskloof" }, "geometry": { "type": "Point", "coordinates": [ 24.09185, -33.51758 ] } },
{ "type": "Feature", "properties": { "plot": "BK_108_b", "year": 2011.0, "species_richness": 27, "subregion": "baviaanskloof" }, "geometry": { "type": "Point", "coordinates": [ 24.09185, -33.51758 ] } },
{ "type": "Feature", "properties": { "plot": "BK_109_a", "year": 2011.0, "species_richness": 46, "subregion": "baviaanskloof" }, "geometry": { "type": "Point", "coordinates": [ 24.10178, -33.53253 ] } },
{ "type": "Feature", "properties": { "plot": "BK_109_b", "year": 2011.0, "species_richness": 48, "subregion": "baviaanskloof" }, "geometry": { "type": "Point", "coordinates": [ 24.10178, -33.53253 ] } },
{ "type": "Feature", "properties": { "plot": "BK_10_a", "year": 2011.0, "species_richness": 53, "subregion": "baviaanskloof" }, "geometry": { "type": "Point", "coordinates": [ 24.20001, -33.70192 ] } },
{ "type": "Feature", "properties": { "plot": "BK_10_b", "year": 2011.0, "species_richness": 52, "subregion": "baviaanskloof" }, "geometry": { "type": "Point", "coordinates": [ 24.20001, -33.70192 ] } },
{ "type": "Feature", "properties": { "plot": "BK_110_a", "year": 2011.0, "species_richness": 37, "subregion": "baviaanskloof" }, "geometry": { "type": "Point", "coordinates": [ 24.10235, -33.5309 ] } },
{ "type": "Feature", "properties": { "plot": "BK_110_b", "year": 2011.0, "species_richness": 40, "subregion": "baviaanskloof" }, "geometry": { "type": "Point", "coordinates": [ 24.10235, -33.5309 ] } },
{ "type": "Feature", "properties": { "plot": "BK_111_a", "year": 2011.0, "species_richness": 31, "subregion": "baviaanskloof" }, "geometry": { "type": "Point", "coordinates": [ 24.03919, -33.51077 ] } },
{ "type": "Feature", "properties": { "plot": "BK_111_b", "year": 2011.0, "species_richness": 28, "subregion": "baviaanskloof" }, "geometry": { "type": "Point", "coordinates": [ 24.03919, -33.51077 ] } },
{ "type": "Feature", "properties": { "plot": "BK_112_a", "year": 2011.0, "species_richness": 39, "subregion": "baviaanskloof" }, "geometry": { "type": "Point", "coordinates": [ 24.0405, -33.51227 ] } },
{ "type": "Feature", "properties": { "plot": "BK_112_b", "year": 2011.0, "species_richness": 36, "subregion": "baviaanskloof" }, "geometry": { "type": "Point", "coordinates": [ 24.0405, -33.51227 ] } },
{ "type": "Feature", "properties": { "plot": "BK_113_a", "year": 2011.0, "species_richness": 33, "subregion": "baviaanskloof" }, "geometry": { "type": "Point", "coordinates": [ 24.04631, -33.51437 ] } },
{ "type": "Feature", "properties": { "plot": "BK_113_b", "year": 2011.0, "species_richness": 36, "subregion": "baviaanskloof" }, "geometry": { "type": "Point", "coordinates": [ 24.04631, -33.51437 ] } },
{ "type": "Feature", "properties": { "plot": "BK_114_a", "year": 2011.0, "species_richness": 35, "subregion": "baviaanskloof" }, "geometry": { "type": "Point", "coordinates": [ 24.04928, -33.51602 ] } },
{ "type": "Feature", "properties": { "plot": "BK_114_b", "year": 2011.0, "species_richness": 32, "subregion": "baviaanskloof" }, "geometry": { "type": "Point", "coordinates": [ 24.04928, -33.51602 ] } },
{ "type": "Feature", "properties": { "plot": "BK_115_a", "year": 2011.0, "species_richness": 30, "subregion": "baviaanskloof" }, "geometry": { "type": "Point", "coordinates": [ 24.08624, -33.52293 ] } },
{ "type": "Feature", "properties": { "plot": "BK_115_b", "year": 2011.0, "species_richness": 29, "subregion": "baviaanskloof" }, "geometry": { "type": "Point", "coordinates": [ 24.08624, -33.52293 ] } },
{ "type": "Feature", "properties": { "plot": "BK_116_a", "year": 2011.0, "species_richness": 30, "subregion": "baviaanskloof" }, "geometry": { "type": "Point", "coordinates": [ 24.0846, -33.52069 ] } },
{ "type": "Feature", "properties": { "plot": "BK_116_b", "year": 2011.0, "species_richness": 33, "subregion": "baviaanskloof" }, "geometry": { "type": "Point", "coordinates": [ 24.0846, -33.52069 ] } },
{ "type": "Feature", "properties": { "plot": "BK_117_a", "year": 2011.0, "species_richness": 30, "subregion": "baviaanskloof" }, "geometry": { "type": "Point", "coordinates": [ 24.08591, -33.52574 ] } },
{ "type": "Feature", "properties": { "plot": "BK_117_b", "year": 2011.0, "species_richness": 35, "subregion": "baviaanskloof" }, "geometry": { "type": "Point", "coordinates": [ 24.08591, -33.52574 ] } },
{ "type": "Feature", "properties": { "plot": "BK_118_a", "year": 2011.0, "species_richness": 21, "subregion": "baviaanskloof" }, "geometry": { "type": "Point", "coordinates": [ 24.1092, -33.69292 ] } },
{ "type": "Feature", "properties": { "plot": "BK_118_b", "year": 2011.0, "species_richness": 21, "subregion": "baviaanskloof" }, "geometry": { "type": "Point", "coordinates": [ 24.1092, -33.69292 ] } },
{ "type": "Feature", "properties": { "plot": "BK_119_a", "year": 2011.0, "species_richness": 50, "subregion": "baviaanskloof" }, "geometry": { "type": "Point", "coordinates": [ 24.1253, -33.69193 ] } },
{ "type": "Feature", "properties": { "plot": "BK_119_b", "year": 2011.0, "species_richness": 53, "subregion": "baviaanskloof" }, "geometry": { "type": "Point", "coordinates": [ 24.1253, -33.69193 ] } },
{ "type": "Feature", "properties": { "plot": "BK_11_a", "year": 2011.0, "species_richness": 44, "subregion": "baviaanskloof" }, "geometry": { "type": "Point", "coordinates": [ 24.20953, -33.66927 ] } },
{ "type": "Feature", "properties": { "plot": "BK_11_b", "year": 2011.0, "species_richness": 41, "subregion": "baviaanskloof" }, "geometry": { "type": "Point", "coordinates": [ 24.20953, -33.66927 ] } },
{ "type": "Feature", "properties": { "plot": "BK_120_a", "year": 2011.0, "species_richness": 35, "subregion": "baviaanskloof" }, "geometry": { "type": "Point", "coordinates": [ 24.13811, -33.70414 ] } },
{ "type": "Feature", "properties": { "plot": "BK_120_b", "year": 2011.0, "species_richness": 39, "subregion": "baviaanskloof" }, "geometry": { "type": "Point", "coordinates": [ 24.13811, -33.70414 ] } },
{ "type": "Feature", "properties": { "plot": "BK_121_a", "year": 2011.0, "species_richness": 35, "subregion": "baviaanskloof" }, "geometry": { "type": "Point", "coordinates": [ 24.25176, -33.61015 ] } },
{ "type": "Feature", "properties": { "plot": "BK_121_b", "year": 2011.0, "species_richness": 27, "subregion": "baviaanskloof" }, "geometry": { "type": "Point", "coordinates": [ 24.25176, -33.61015 ] } },
{ "type": "Feature", "properties": { "plot": "BK_12_a", "year": 2011.0, "species_richness": 23, "subregion": "baviaanskloof" }, "geometry": { "type": "Point", "coordinates": [ 24.40065, -33.6336 ] } },
{ "type": "Feature", "properties": { "plot": "BK_12_b", "year": 2011.0, "species_richness": 20, "subregion": "baviaanskloof" }, "geometry": { "type": "Point", "coordinates": [ 24.40065, -33.6336 ] } },
{ "type": "Feature", "properties": { "plot": "BK_13_a", "year": 2011.0, "species_richness": 25, "subregion": "baviaanskloof" }, "geometry": { "type": "Point", "coordinates": [ 24.39659, -33.63117 ] } },
{ "type": "Feature", "properties": { "plot": "BK_13_b", "year": 2011.0, "species_richness": 26, "subregion": "baviaanskloof" }, "geometry": { "type": "Point", "coordinates": [ 24.39659, -33.63117 ] } },
{ "type": "Feature", "properties": { "plot": "BK_14_a", "year": 2011.0, "species_richness": 27, "subregion": "baviaanskloof" }, "geometry": { "type": "Point", "coordinates": [ 24.40565, -33.63738 ] } },
{ "type": "Feature", "properties": { "plot": "BK_14_b", "year": 2011.0, "species_richness": 30, "subregion": "baviaanskloof" }, "geometry": { "type": "Point", "coordinates": [ 24.40565, -33.63738 ] } },
{ "type": "Feature", "properties": { "plot": "BK_15_a", "year": 2011.0, "species_richness": 22, "subregion": "baviaanskloof" }, "geometry": { "type": "Point", "coordinates": [ 24.22482, -33.64486 ] } },
{ "type": "Feature", "properties": { "plot": "BK_15_b", "year": 2011.0, "species_richness": 21, "subregion": "baviaanskloof" }, "geometry": { "type": "Point", "coordinates": [ 24.22482, -33.64486 ] } },
{ "type": "Feature", "properties": { "plot": "BK_16_a", "year": 2011.0, "species_richness": 30, "subregion": "baviaanskloof" }, "geometry": { "type": "Point", "coordinates": [ 24.37745, -33.58535 ] } },
{ "type": "Feature", "properties": { "plot": "BK_16_b", "year": 2011.0, "species_richness": 33, "subregion": "baviaanskloof" }, "geometry": { "type": "Point", "coordinates": [ 24.37745, -33.58535 ] } },
{ "type": "Feature", "properties": { "plot": "BK_17_a", "year": 2011.0, "species_richness": 45, "subregion": "baviaanskloof" }, "geometry": { "type": "Point", "coordinates": [ 24.19966, -33.70426 ] } },
{ "type": "Feature", "properties": { "plot": "BK_17_b", "year": 2011.0, "species_richness": 38, "subregion": "baviaanskloof" }, "geometry": { "type": "Point", "coordinates": [ 24.19966, -33.70426 ] } },
{ "type": "Feature", "properties": { "plot": "BK_18_a", "year": 2011.0, "species_richness": 55, "subregion": "baviaanskloof" }, "geometry": { "type": "Point", "coordinates": [ 24.21023, -33.67944 ] } },
{ "type": "Feature", "properties": { "plot": "BK_18_b", "year": 2011.0, "species_richness": 55, "subregion": "baviaanskloof" }, "geometry": { "type": "Point", "coordinates": [ 24.21023, -33.67944 ] } },
{ "type": "Feature", "properties": { "plot": "BK_19_a", "year": 2011.0, "species_richness": 23, "subregion": "baviaanskloof" }, "geometry": { "type": "Point", "coordinates": [ 24.19981, -33.651 ] } },
{ "type": "Feature", "properties": { "plot": "BK_19_b", "year": 2011.0, "species_richness": 28, "subregion": "baviaanskloof" }, "geometry": { "type": "Point", "coordinates": [ 24.19981, -33.651 ] } },
{ "type": "Feature", "properties": { "plot": "BK_1_a", "year": 2011.0, "species_richness": 24, "subregion": "baviaanskloof" }, "geometry": { "type": "Point", "coordinates": [ 24.24838, -33.60279 ] } },
{ "type": "Feature", "properties": { "plot": "BK_1_b", "year": 2011.0, "species_richness": 27, "subregion": "baviaanskloof" }, "geometry": { "type": "Point", "coordinates": [ 24.24838, -33.60279 ] } },
{ "type": "Feature", "properties": { "plot": "BK_20_a", "year": 2011.0, "species_richness": 33, "subregion": "baviaanskloof" }, "geometry": { "type": "Point", "coordinates": [ 24.19973, -33.64916 ] } },
{ "type": "Feature", "properties": { "plot": "BK_20_b", "year": 2011.0, "species_richness": 33, "subregion": "baviaanskloof" }, "geometry": { "type": "Point", "coordinates": [ 24.19973, -33.64916 ] } },
{ "type": "Feature", "properties": { "plot": "BK_21_a", "year": 2011.0, "species_richness": 34, "subregion": "baviaanskloof" }, "geometry": { "type": "Point", "coordinates": [ 24.20092, -33.62723 ] } },
{ "type": "Feature", "properties": { "plot": "BK_21_b", "year": 2011.0, "species_richness": 37, "subregion": "baviaanskloof" }, "geometry": { "type": "Point", "coordinates": [ 24.20092, -33.62723 ] } },
{ "type": "Feature", "properties": { "plot": "BK_22_a", "year": 2011.0, "species_richness": 18, "subregion": "baviaanskloof" }, "geometry": { "type": "Point", "coordinates": [ 24.24317, -33.6379 ] } },
{ "type": "Feature", "properties": { "plot": "BK_22_b", "year": 2011.0, "species_richness": 12, "subregion": "baviaanskloof" }, "geometry": { "type": "Point", "coordinates": [ 24.24317, -33.6379 ] } },
{ "type": "Feature", "properties": { "plot": "BK_23_a", "year": 2011.0, "species_richness": 27, "subregion": "baviaanskloof" }, "geometry": { "type": "Point", "coordinates": [ 24.23986, -33.63739 ] } },
{ "type": "Feature", "properties": { "plot": "BK_23_b", "year": 2011.0, "species_richness": 32, "subregion": "baviaanskloof" }, "geometry": { "type": "Point", "coordinates": [ 24.23986, -33.63739 ] } },
{ "type": "Feature", "properties": { "plot": "BK_24_a", "year": 2011.0, "species_richness": 35, "subregion": "baviaanskloof" }, "geometry": { "type": "Point", "coordinates": [ 24.21761, -33.67187 ] } },
{ "type": "Feature", "properties": { "plot": "BK_24_b", "year": 2011.0, "species_richness": 34, "subregion": "baviaanskloof" }, "geometry": { "type": "Point", "coordinates": [ 24.21761, -33.67187 ] } },
{ "type": "Feature", "properties": { "plot": "BK_25_a", "year": 2011.0, "species_richness": 19, "subregion": "baviaanskloof" }, "geometry": { "type": "Point", "coordinates": [ 24.41662, -33.66336 ] } },
{ "type": "Feature", "properties": { "plot": "BK_25_b", "year": 2011.0, "species_richness": 19, "subregion": "baviaanskloof" }, "geometry": { "type": "Point", "coordinates": [ 24.41662, -33.66336 ] } },
{ "type": "Feature", "properties": { "plot": "BK_26_a", "year": 2011.0, "species_richness": 47, "subregion": "baviaanskloof" }, "geometry": { "type": "Point", "coordinates": [ 24.22911, -33.75011 ] } },
{ "type": "Feature", "properties": { "plot": "BK_26_b", "year": 2011.0, "species_richness": 42, "subregion": "baviaanskloof" }, "geometry": { "type": "Point", "coordinates": [ 24.22911, -33.75011 ] } },
{ "type": "Feature", "properties": { "plot": "BK_27_a", "year": 2011.0, "species_richness": 38, "subregion": "baviaanskloof" }, "geometry": { "type": "Point", "coordinates": [ 24.22858, -33.75221 ] } },
{ "type": "Feature", "properties": { "plot": "BK_27_b", "year": 2011.0, "species_richness": 41, "subregion": "baviaanskloof" }, "geometry": { "type": "Point", "coordinates": [ 24.22858, -33.75221 ] } },
{ "type": "Feature", "properties": { "plot": "BK_28_a", "year": 2011.0, "species_richness": 23, "subregion": "baviaanskloof" }, "geometry": { "type": "Point", "coordinates": [ 24.26591, -33.74482 ] } },
{ "type": "Feature", "properties": { "plot": "BK_28_b", "year": 2011.0, "species_richness": 22, "subregion": "baviaanskloof" }, "geometry": { "type": "Point", "coordinates": [ 24.26591, -33.74482 ] } },
{ "type": "Feature", "properties": { "plot": "BK_29_a", "year": 2011.0, "species_richness": 35, "subregion": "baviaanskloof" }, "geometry": { "type": "Point", "coordinates": [ 24.27407, -33.72327 ] } },
{ "type": "Feature", "properties": { "plot": "BK_29_b", "year": 2011.0, "species_richness": 35, "subregion": "baviaanskloof" }, "geometry": { "type": "Point", "coordinates": [ 24.27407, -33.72327 ] } },
{ "type": "Feature", "properties": { "plot": "BK_2_a", "year": 2011.0, "species_richness": 21, "subregion": "baviaanskloof" }, "geometry": { "type": "Point", "coordinates": [ 24.25466, -33.59977 ] } },
{ "type": "Feature", "properties": { "plot": "BK_2_b", "year": 2011.0, "species_richness": 20, "subregion": "baviaanskloof" }, "geometry": { "type": "Point", "coordinates": [ 24.25466, -33.59977 ] } },
{ "type": "Feature", "properties": { "plot": "BK_30_a", "year": 2011.0, "species_richness": 26, "subregion": "baviaanskloof" }, "geometry": { "type": "Point", "coordinates": [ 24.30316, -33.66398 ] } },
{ "type": "Feature", "properties": { "plot": "BK_30_b", "year": 2011.0, "species_richness": 28, "subregion": "baviaanskloof" }, "geometry": { "type": "Point", "coordinates": [ 24.30316, -33.66398 ] } },
{ "type": "Feature", "properties": { "plot": "BK_31_a", "year": 2011.0, "species_richness": 11, "subregion": "baviaanskloof" }, "geometry": { "type": "Point", "coordinates": [ 24.24608, -33.63341 ] } },
{ "type": "Feature", "properties": { "plot": "BK_31_b", "year": 2011.0, "species_richness": 13, "subregion": "baviaanskloof" }, "geometry": { "type": "Point", "coordinates": [ 24.24608, -33.63341 ] } },
{ "type": "Feature", "properties": { "plot": "BK_32_a", "year": 2011.0, "species_richness": 35, "subregion": "baviaanskloof" }, "geometry": { "type": "Point", "coordinates": [ 24.21739, -33.65758 ] } },
{ "type": "Feature", "properties": { "plot": "BK_32_b", "year": 2011.0, "species_richness": 36, "subregion": "baviaanskloof" }, "geometry": { "type": "Point", "coordinates": [ 24.21739, -33.65758 ] } },
{ "type": "Feature", "properties": { "plot": "BK_33_a", "year": 2011.0, "species_richness": 28, "subregion": "baviaanskloof" }, "geometry": { "type": "Point", "coordinates": [ 24.34128, -33.65209 ] } },
{ "type": "Feature", "properties": { "plot": "BK_33_b", "year": 2011.0, "species_richness": 33, "subregion": "baviaanskloof" }, "geometry": { "type": "Point", "coordinates": [ 24.34128, -33.65209 ] } },
{ "type": "Feature", "properties": { "plot": "BK_34_a", "year": 2011.0, "species_richness": 13, "subregion": "baviaanskloof" }, "geometry": { "type": "Point", "coordinates": [ 24.34396, -33.64986 ] } },
{ "type": "Feature", "properties": { "plot": "BK_34_b", "year": 2011.0, "species_richness": 19, "subregion": "baviaanskloof" }, "geometry": { "type": "Point", "coordinates": [ 24.34396, -33.64986 ] } },
{ "type": "Feature", "properties": { "plot": "BK_35_a", "year": 2011.0, "species_richness": 23, "subregion": "baviaanskloof" }, "geometry": { "type": "Point", "coordinates": [ 24.27173, -33.58969 ] } },
{ "type": "Feature", "properties": { "plot": "BK_35_b", "year": 2011.0, "species_richness": 27, "subregion": "baviaanskloof" }, "geometry": { "type": "Point", "coordinates": [ 24.27173, -33.58969 ] } },
{ "type": "Feature", "properties": { "plot": "BK_36_a", "year": 2011.0, "species_richness": 26, "subregion": "baviaanskloof" }, "geometry": { "type": "Point", "coordinates": [ 24.26399, -33.59569 ] } },
{ "type": "Feature", "properties": { "plot": "BK_36_b", "year": 2011.0, "species_richness": 28, "subregion": "baviaanskloof" }, "geometry": { "type": "Point", "coordinates": [ 24.26399, -33.59569 ] } },
{ "type": "Feature", "properties": { "plot": "BK_37_a", "year": 2011.0, "species_richness": 42, "subregion": "baviaanskloof" }, "geometry": { "type": "Point", "coordinates": [ 24.23676, -33.72465 ] } },
{ "type": "Feature", "properties": { "plot": "BK_37_b", "year": 2011.0, "species_richness": 52, "subregion": "baviaanskloof" }, "geometry": { "type": "Point", "coordinates": [ 24.23676, -33.72465 ] } },
{ "type": "Feature", "properties": { "plot": "BK_38_a", "year": 2011.0, "species_richness": 37, "subregion": "baviaanskloof" }, "geometry": { "type": "Point", "coordinates": [ 24.28278, -33.71956 ] } },
{ "type": "Feature", "properties": { "plot": "BK_38_b", "year": 2011.0, "species_richness": 42, "subregion": "baviaanskloof" }, "geometry": { "type": "Point", "coordinates": [ 24.28278, -33.71956 ] } },
{ "type": "Feature", "properties": { "plot": "BK_39_a", "year": 2011.0, "species_richness": 33, "subregion": "baviaanskloof" }, "geometry": { "type": "Point", "coordinates": [ 24.18503, -33.7052 ] } },
{ "type": "Feature", "properties": { "plot": "BK_39_b", "year": 2011.0, "species_richness": 37, "subregion": "baviaanskloof" }, "geometry": { "type": "Point", "coordinates": [ 24.18503, -33.7052 ] } },
{ "type": "Feature", "properties": { "plot": "BK_3_a", "year": 2011.0, "species_richness": 29, "subregion": "baviaanskloof" }, "geometry": { "type": "Point", "coordinates": [ 24.08495, -33.52111 ] } },
{ "type": "Feature", "properties": { "plot": "BK_3_b", "year": 2011.0, "species_richness": 30, "subregion": "baviaanskloof" }, "geometry": { "type": "Point", "coordinates": [ 24.08495, -33.52111 ] } },
{ "type": "Feature", "properties": { "plot": "BK_40_a", "year": 2011.0, "species_richness": 11, "subregion": "baviaanskloof" }, "geometry": { "type": "Point", "coordinates": [ 24.35937, -33.6822 ] } },
{ "type": "Feature", "properties": { "plot": "BK_40_b", "year": 2011.0, "species_richness": 12, "subregion": "baviaanskloof" }, "geometry": { "type": "Point", "coordinates": [ 24.35937, -33.6822 ] } },
{ "type": "Feature", "properties": { "plot": "BK_41_a", "year": 2011.0, "species_richness": 30, "subregion": "baviaanskloof" }, "geometry": { "type": "Point", "coordinates": [ 24.34299, -33.68663 ] } },
{ "type": "Feature", "properties": { "plot": "BK_41_b", "year": 2011.0, "species_richness": 31, "subregion": "baviaanskloof" }, "geometry": { "type": "Point", "coordinates": [ 24.34299, -33.68663 ] } },
{ "type": "Feature", "properties": { "plot": "BK_42_a", "year": 2011.0, "species_richness": 18, "subregion": "baviaanskloof" }, "geometry": { "type": "Point", "coordinates": [ 24.36402, -33.65513 ] } },
{ "type": "Feature", "properties": { "plot": "BK_42_b", "year": 2011.0, "species_richness": 21, "subregion": "baviaanskloof" }, "geometry": { "type": "Point", "coordinates": [ 24.36402, -33.65513 ] } },
{ "type": "Feature", "properties": { "plot": "BK_43_a", "year": 2011.0, "species_richness": 35, "subregion": "baviaanskloof" }, "geometry": { "type": "Point", "coordinates": [ 24.33995, -33.64763 ] } },
{ "type": "Feature", "properties": { "plot": "BK_43_b", "year": 2011.0, "species_richness": 29, "subregion": "baviaanskloof" }, "geometry": { "type": "Point", "coordinates": [ 24.33995, -33.64763 ] } },
{ "type": "Feature", "properties": { "plot": "BK_45_a", "year": 2011.0, "species_richness": 40, "subregion": "baviaanskloof" }, "geometry": { "type": "Point", "coordinates": [ 24.29177, -33.62244 ] } },
{ "type": "Feature", "properties": { "plot": "BK_45_b", "year": 2011.0, "species_richness": 29, "subregion": "baviaanskloof" }, "geometry": { "type": "Point", "coordinates": [ 24.29177, -33.62244 ] } },
{ "type": "Feature", "properties": { "plot": "BK_46_a", "year": 2011.0, "species_richness": 42, "subregion": "baviaanskloof" }, "geometry": { "type": "Point", "coordinates": [ 24.30676, -33.68273 ] } },
{ "type": "Feature", "properties": { "plot": "BK_46_b", "year": 2011.0, "species_richness": 42, "subregion": "baviaanskloof" }, "geometry": { "type": "Point", "coordinates": [ 24.30676, -33.68273 ] } },
{ "type": "Feature", "properties": { "plot": "BK_47_a", "year": 2011.0, "species_richness": 26, "subregion": "baviaanskloof" }, "geometry": { "type": "Point", "coordinates": [ 24.30244, -33.66678 ] } },
{ "type": "Feature", "properties": { "plot": "BK_47_b", "year": 2011.0, "species_richness": 28, "subregion": "baviaanskloof" }, "geometry": { "type": "Point", "coordinates": [ 24.30244, -33.66678 ] } },
{ "type": "Feature", "properties": { "plot": "BK_48_a", "year": 2011.0, "species_richness": 33, "subregion": "baviaanskloof" }, "geometry": { "type": "Point", "coordinates": [ 24.29209, -33.65251 ] } },
{ "type": "Feature", "properties": { "plot": "BK_48_b", "year": 2011.0, "species_richness": 27, "subregion": "baviaanskloof" }, "geometry": { "type": "Point", "coordinates": [ 24.29209, -33.65251 ] } },
{ "type": "Feature", "properties": { "plot": "BK_49_a", "year": 2011.0, "species_richness": 25, "subregion": "baviaanskloof" }, "geometry": { "type": "Point", "coordinates": [ 24.29744, -33.653 ] } },
{ "type": "Feature", "properties": { "plot": "BK_49_b", "year": 2011.0, "species_richness": 24, "subregion": "baviaanskloof" }, "geometry": { "type": "Point", "coordinates": [ 24.29744, -33.653 ] } },
{ "type": "Feature", "properties": { "plot": "BK_4_a", "year": 2011.0, "species_richness": 31, "subregion": "baviaanskloof" }, "geometry": { "type": "Point", "coordinates": [ 24.07987, -33.53914 ] } },
{ "type": "Feature", "properties": { "plot": "BK_4_b", "year": 2011.0, "species_richness": 34, "subregion": "baviaanskloof" }, "geometry": { "type": "Point", "coordinates": [ 24.07987, -33.53914 ] } },
{ "type": "Feature", "properties": { "plot": "BK_50_a", "year": 2011.0, "species_richness": 39, "subregion": "baviaanskloof" }, "geometry": { "type": "Point", "coordinates": [ 24.29486, -33.62402 ] } },
{ "type": "Feature", "properties": { "plot": "BK_50_b", "year": 2011.0, "species_richness": 43, "subregion": "baviaanskloof" }, "geometry": { "type": "Point", "coordinates": [ 24.29486, -33.62402 ] } },
{ "type": "Feature", "properties": { "plot": "BK_51_a", "year": 2011.0, "species_richness": 45, "subregion": "baviaanskloof" }, "geometry": { "type": "Point", "coordinates": [ 24.2954, -33.6214 ] } },
{ "type": "Feature", "properties": { "plot": "BK_51_b", "year": 2011.0, "species_richness": 44, "subregion": "baviaanskloof" }, "geometry": { "type": "Point", "coordinates": [ 24.2954, -33.6214 ] } },
{ "type": "Feature", "properties": { "plot": "BK_52_a", "year": 2011.0, "species_richness": 28, "subregion": "baviaanskloof" }, "geometry": { "type": "Point", "coordinates": [ 24.28483, -33.63819 ] } },
{ "type": "Feature", "properties": { "plot": "BK_52_b", "year": 2011.0, "species_richness": 24, "subregion": "baviaanskloof" }, "geometry": { "type": "Point", "coordinates": [ 24.28483, -33.63819 ] } },
{ "type": "Feature", "properties": { "plot": "BK_53_a", "year": 2011.0, "species_richness": 25, "subregion": "baviaanskloof" }, "geometry": { "type": "Point", "coordinates": [ 24.40624, -33.6695 ] } },
{ "type": "Feature", "properties": { "plot": "BK_53_b", "year": 2011.0, "species_richness": 24, "subregion": "baviaanskloof" }, "geometry": { "type": "Point", "coordinates": [ 24.40624, -33.6695 ] } },
{ "type": "Feature", "properties": { "plot": "BK_54_a", "year": 2011.0, "species_richness": 44, "subregion": "baviaanskloof" }, "geometry": { "type": "Point", "coordinates": [ 24.41637, -33.6685 ] } },
{ "type": "Feature", "properties": { "plot": "BK_54_b", "year": 2011.0, "species_richness": 40, "subregion": "baviaanskloof" }, "geometry": { "type": "Point", "coordinates": [ 24.41637, -33.6685 ] } },
{ "type": "Feature", "properties": { "plot": "BK_55_a", "year": 2011.0, "species_richness": 38, "subregion": "baviaanskloof" }, "geometry": { "type": "Point", "coordinates": [ 24.4156, -33.67716 ] } },
{ "type": "Feature", "properties": { "plot": "BK_55_b", "year": 2011.0, "species_richness": 37, "subregion": "baviaanskloof" }, "geometry": { "type": "Point", "coordinates": [ 24.4156, -33.67716 ] } },
{ "type": "Feature", "properties": { "plot": "BK_56_a", "year": 2011.0, "species_richness": 24, "subregion": "baviaanskloof" }, "geometry": { "type": "Point", "coordinates": [ 24.40588, -33.65346 ] } },
{ "type": "Feature", "properties": { "plot": "BK_56_b", "year": 2011.0, "species_richness": 29, "subregion": "baviaanskloof" }, "geometry": { "type": "Point", "coordinates": [ 24.40588, -33.65346 ] } },
{ "type": "Feature", "properties": { "plot": "BK_57_a", "year": 2011.0, "species_richness": 25, "subregion": "baviaanskloof" }, "geometry": { "type": "Point", "coordinates": [ 24.38193, -33.64951 ] } },
{ "type": "Feature", "properties": { "plot": "BK_57_b", "year": 2011.0, "species_richness": 29, "subregion": "baviaanskloof" }, "geometry": { "type": "Point", "coordinates": [ 24.38193, -33.64951 ] } },
{ "type": "Feature", "properties": { "plot": "BK_58_a", "year": 2011.0, "species_richness": 22, "subregion": "baviaanskloof" }, "geometry": { "type": "Point", "coordinates": [ 24.38775, -33.61798 ] } },
{ "type": "Feature", "properties": { "plot": "BK_58_b", "year": 2011.0, "species_richness": 33, "subregion": "baviaanskloof" }, "geometry": { "type": "Point", "coordinates": [ 24.38775, -33.61798 ] } },
{ "type": "Feature", "properties": { "plot": "BK_59_a", "year": 2011.0, "species_richness": 29, "subregion": "baviaanskloof" }, "geometry": { "type": "Point", "coordinates": [ 24.22004, -33.65139 ] } },
{ "type": "Feature", "properties": { "plot": "BK_59_b", "year": 2011.0, "species_richness": 29, "subregion": "baviaanskloof" }, "geometry": { "type": "Point", "coordinates": [ 24.22004, -33.65139 ] } },
{ "type": "Feature", "properties": { "plot": "BK_5_a", "year": 2011.0, "species_richness": 34, "subregion": "baviaanskloof" }, "geometry": { "type": "Point", "coordinates": [ 24.07313, -33.55304 ] } },
{ "type": "Feature", "properties": { "plot": "BK_5_b", "year": 2011.0, "species_richness": 30, "subregion": "baviaanskloof" }, "geometry": { "type": "Point", "coordinates": [ 24.07313, -33.55304 ] } },
{ "type": "Feature", "properties": { "plot": "BK_60_a", "year": 2011.0, "species_richness": 37, "subregion": "baviaanskloof" }, "geometry": { "type": "Point", "coordinates": [ 24.20772, -33.67188 ] } },
{ "type": "Feature", "properties": { "plot": "BK_60_b", "year": 2011.0, "species_richness": 35, "subregion": "baviaanskloof" }, "geometry": { "type": "Point", "coordinates": [ 24.20772, -33.67188 ] } },
{ "type": "Feature", "properties": { "plot": "BK_61_a", "year": 2011.0, "species_richness": 27, "subregion": "baviaanskloof" }, "geometry": { "type": "Point", "coordinates": [ 24.2313, -33.73091 ] } },
{ "type": "Feature", "properties": { "plot": "BK_61_b", "year": 2011.0, "species_richness": 26, "subregion": "baviaanskloof" }, "geometry": { "type": "Point", "coordinates": [ 24.2313, -33.73091 ] } },
{ "type": "Feature", "properties": { "plot": "BK_62_a", "year": 2011.0, "species_richness": 53, "subregion": "baviaanskloof" }, "geometry": { "type": "Point", "coordinates": [ 24.22993, -33.73249 ] } },
{ "type": "Feature", "properties": { "plot": "BK_62_b", "year": 2011.0, "species_richness": 54, "subregion": "baviaanskloof" }, "geometry": { "type": "Point", "coordinates": [ 24.22993, -33.73249 ] } },
{ "type": "Feature", "properties": { "plot": "BK_63_a", "year": 2011.0, "species_richness": 38, "subregion": "baviaanskloof" }, "geometry": { "type": "Point", "coordinates": [ 24.30695, -33.71314 ] } },
{ "type": "Feature", "properties": { "plot": "BK_63_b", "year": 2011.0, "species_richness": 36, "subregion": "baviaanskloof" }, "geometry": { "type": "Point", "coordinates": [ 24.30695, -33.71314 ] } },
{ "type": "Feature", "properties": { "plot": "BK_64_a", "year": 2011.0, "species_richness": 38, "subregion": "baviaanskloof" }, "geometry": { "type": "Point", "coordinates": [ 24.31314, -33.69961 ] } },
{ "type": "Feature", "properties": { "plot": "BK_64_b", "year": 2011.0, "species_richness": 40, "subregion": "baviaanskloof" }, "geometry": { "type": "Point", "coordinates": [ 24.31314, -33.69961 ] } },
{ "type": "Feature", "properties": { "plot": "BK_65_a", "year": 2011.0, "species_richness": 62, "subregion": "baviaanskloof" }, "geometry": { "type": "Point", "coordinates": [ 24.31308, -33.69904 ] } },
{ "type": "Feature", "properties": { "plot": "BK_65_b", "year": 2011.0, "species_richness": 52, "subregion": "baviaanskloof" }, "geometry": { "type": "Point", "coordinates": [ 24.31308, -33.69904 ] } },
{ "type": "Feature", "properties": { "plot": "BK_66_a", "year": 2011.0, "species_richness": 31, "subregion": "baviaanskloof" }, "geometry": { "type": "Point", "coordinates": [ 24.34016, -33.68671 ] } },
{ "type": "Feature", "properties": { "plot": "BK_66_b", "year": 2011.0, "species_richness": 27, "subregion": "baviaanskloof" }, "geometry": { "type": "Point", "coordinates": [ 24.34016, -33.68671 ] } },
{ "type": "Feature", "properties": { "plot": "BK_67_a", "year": 2011.0, "species_richness": 21, "subregion": "baviaanskloof" }, "geometry": { "type": "Point", "coordinates": [ 24.37822, -33.69824 ] } },
{ "type": "Feature", "properties": { "plot": "BK_67_b", "year": 2011.0, "species_richness": 19, "subregion": "baviaanskloof" }, "geometry": { "type": "Point", "coordinates": [ 24.37822, -33.69824 ] } },
{ "type": "Feature", "properties": { "plot": "BK_68_a", "year": 2011.0, "species_richness": 22, "subregion": "baviaanskloof" }, "geometry": { "type": "Point", "coordinates": [ 24.3977, -33.6829 ] } },
{ "type": "Feature", "properties": { "plot": "BK_68_b", "year": 2011.0, "species_richness": 19, "subregion": "baviaanskloof" }, "geometry": { "type": "Point", "coordinates": [ 24.3977, -33.6829 ] } },
{ "type": "Feature", "properties": { "plot": "BK_69_a", "year": 2011.0, "species_richness": 18, "subregion": "baviaanskloof" }, "geometry": { "type": "Point", "coordinates": [ 24.36728, -33.69079 ] } },
{ "type": "Feature", "properties": { "plot": "BK_69_b", "year": 2011.0, "species_richness": 21, "subregion": "baviaanskloof" }, "geometry": { "type": "Point", "coordinates": [ 24.36728, -33.69079 ] } },
{ "type": "Feature", "properties": { "plot": "BK_6_a", "year": 2011.0, "species_richness": 47, "subregion": "baviaanskloof" }, "geometry": { "type": "Point", "coordinates": [ 24.20012, -33.70197 ] } },
{ "type": "Feature", "properties": { "plot": "BK_6_b", "year": 2011.0, "species_richness": 54, "subregion": "baviaanskloof" }, "geometry": { "type": "Point", "coordinates": [ 24.20012, -33.70197 ] } },
{ "type": "Feature", "properties": { "plot": "BK_70_a", "year": 2011.0, "species_richness": 18, "subregion": "baviaanskloof" }, "geometry": { "type": "Point", "coordinates": [ 24.38852, -33.67412 ] } },
{ "type": "Feature", "properties": { "plot": "BK_70_b", "year": 2011.0, "species_richness": 19, "subregion": "baviaanskloof" }, "geometry": { "type": "Point", "coordinates": [ 24.38852, -33.67412 ] } },
{ "type": "Feature", "properties": { "plot": "BK_71_a", "year": 2011.0, "species_richness": 31, "subregion": "baviaanskloof" }, "geometry": { "type": "Point", "coordinates": [ 24.42672, -33.61435 ] } },
{ "type": "Feature", "properties": { "plot": "BK_71_b", "year": 2011.0, "species_richness": 36, "subregion": "baviaanskloof" }, "geometry": { "type": "Point", "coordinates": [ 24.42672, -33.61435 ] } },
{ "type": "Feature", "properties": { "plot": "BK_72_a", "year": 2011.0, "species_richness": 33, "subregion": "baviaanskloof" }, "geometry": { "type": "Point", "coordinates": [ 24.40376, -33.60805 ] } },
{ "type": "Feature", "properties": { "plot": "BK_72_b", "year": 2011.0, "species_richness": 40, "subregion": "baviaanskloof" }, "geometry": { "type": "Point", "coordinates": [ 24.40376, -33.60805 ] } },
{ "type": "Feature", "properties": { "plot": "BK_73_a", "year": 2011.0, "species_richness": 30, "subregion": "baviaanskloof" }, "geometry": { "type": "Point", "coordinates": [ 24.40376, -33.60805 ] } },
{ "type": "Feature", "properties": { "plot": "BK_73_b", "year": 2011.0, "species_richness": 30, "subregion": "baviaanskloof" }, "geometry": { "type": "Point", "coordinates": [ 24.40376, -33.60805 ] } },
{ "type": "Feature", "properties": { "plot": "BK_74_a", "year": 2011.0, "species_richness": 35, "subregion": "baviaanskloof" }, "geometry": { "type": "Point", "coordinates": [ 24.39289, -33.58899 ] } },
{ "type": "Feature", "properties": { "plot": "BK_74_b", "year": 2011.0, "species_richness": 37, "subregion": "baviaanskloof" }, "geometry": { "type": "Point", "coordinates": [ 24.39289, -33.58899 ] } },
{ "type": "Feature", "properties": { "plot": "BK_75_a", "year": 2011.0, "species_richness": 34, "subregion": "baviaanskloof" }, "geometry": { "type": "Point", "coordinates": [ 24.39782, -33.59084 ] } },
{ "type": "Feature", "properties": { "plot": "BK_75_b", "year": 2011.0, "species_richness": 36, "subregion": "baviaanskloof" }, "geometry": { "type": "Point", "coordinates": [ 24.39782, -33.59084 ] } },
{ "type": "Feature", "properties": { "plot": "BK_76_a", "year": 2011.0, "species_richness": 34, "subregion": "baviaanskloof" }, "geometry": { "type": "Point", "coordinates": [ 24.37764, -33.5931 ] } },
{ "type": "Feature", "properties": { "plot": "BK_76_b", "year": 2011.0, "species_richness": 32, "subregion": "baviaanskloof" }, "geometry": { "type": "Point", "coordinates": [ 24.37764, -33.5931 ] } },
{ "type": "Feature", "properties": { "plot": "BK_77_a", "year": 2011.0, "species_richness": 26, "subregion": "baviaanskloof" }, "geometry": { "type": "Point", "coordinates": [ 24.1727, -33.63519 ] } },
{ "type": "Feature", "properties": { "plot": "BK_77_b", "year": 2011.0, "species_richness": 23, "subregion": "baviaanskloof" }, "geometry": { "type": "Point", "coordinates": [ 24.1727, -33.63519 ] } },
{ "type": "Feature", "properties": { "plot": "BK_78_a", "year": 2011.0, "species_richness": 30, "subregion": "baviaanskloof" }, "geometry": { "type": "Point", "coordinates": [ 24.33325, -33.75193 ] } },
{ "type": "Feature", "properties": { "plot": "BK_78_b", "year": 2011.0, "species_richness": 33, "subregion": "baviaanskloof" }, "geometry": { "type": "Point", "coordinates": [ 24.33325, -33.75193 ] } },
{ "type": "Feature", "properties": { "plot": "BK_79_a", "year": 2011.0, "species_richness": 32, "subregion": "baviaanskloof" }, "geometry": { "type": "Point", "coordinates": [ 24.33234, -33.7523 ] } },
{ "type": "Feature", "properties": { "plot": "BK_79_b", "year": 2011.0, "species_richness": 32, "subregion": "baviaanskloof" }, "geometry": { "type": "Point", "coordinates": [ 24.33234, -33.7523 ] } },
{ "type": "Feature", "properties": { "plot": "BK_7_a", "year": 2011.0, "species_richness": 36, "subregion": "baviaanskloof" }, "geometry": { "type": "Point", "coordinates": [ 24.23439, -33.63822 ] } },
{ "type": "Feature", "properties": { "plot": "BK_7_b", "year": 2011.0, "species_richness": 33, "subregion": "baviaanskloof" }, "geometry": { "type": "Point", "coordinates": [ 24.23439, -33.63822 ] } },
{ "type": "Feature", "properties": { "plot": "BK_80_a", "year": 2011.0, "species_richness": 16, "subregion": "baviaanskloof" }, "geometry": { "type": "Point", "coordinates": [ 24.31542, -33.7325 ] } },
{ "type": "Feature", "properties": { "plot": "BK_80_b", "year": 2011.0, "species_richness": 17, "subregion": "baviaanskloof" }, "geometry": { "type": "Point", "coordinates": [ 24.31542, -33.7325 ] } },
{ "type": "Feature", "properties": { "plot": "BK_81_a", "year": 2011.0, "species_richness": 35, "subregion": "baviaanskloof" }, "geometry": { "type": "Point", "coordinates": [ 24.31602, -33.73702 ] } },
{ "type": "Feature", "properties": { "plot": "BK_81_b", "year": 2011.0, "species_richness": 37, "subregion": "baviaanskloof" }, "geometry": { "type": "Point", "coordinates": [ 24.31602, -33.73702 ] } },
{ "type": "Feature", "properties": { "plot": "BK_82_a", "year": 2011.0, "species_richness": 46, "subregion": "baviaanskloof" }, "geometry": { "type": "Point", "coordinates": [ 24.20083, -33.77616 ] } },
{ "type": "Feature", "properties": { "plot": "BK_82_b", "year": 2011.0, "species_richness": 50, "subregion": "baviaanskloof" }, "geometry": { "type": "Point", "coordinates": [ 24.20083, -33.77616 ] } },
{ "type": "Feature", "properties": { "plot": "BK_83_a", "year": 2011.0, "species_richness": 47, "subregion": "baviaanskloof" }, "geometry": { "type": "Point", "coordinates": [ 24.20293, -33.77403 ] } },
{ "type": "Feature", "properties": { "plot": "BK_83_b", "year": 2011.0, "species_richness": 39, "subregion": "baviaanskloof" }, "geometry": { "type": "Point", "coordinates": [ 24.20293, -33.77403 ] } },
{ "type": "Feature", "properties": { "plot": "BK_84_a", "year": 2011.0, "species_richness": 39, "subregion": "baviaanskloof" }, "geometry": { "type": "Point", "coordinates": [ 24.20085, -33.74554 ] } },
{ "type": "Feature", "properties": { "plot": "BK_84_b", "year": 2011.0, "species_richness": 38, "subregion": "baviaanskloof" }, "geometry": { "type": "Point", "coordinates": [ 24.20085, -33.74554 ] } },
{ "type": "Feature", "properties": { "plot": "BK_85_a", "year": 2011.0, "species_richness": 42, "subregion": "baviaanskloof" }, "geometry": { "type": "Point", "coordinates": [ 24.05616, -33.64116 ] } },
{ "type": "Feature", "properties": { "plot": "BK_85_b", "year": 2011.0, "species_richness": 43, "subregion": "baviaanskloof" }, "geometry": { "type": "Point", "coordinates": [ 24.05616, -33.64116 ] } },
{ "type": "Feature", "properties": { "plot": "BK_86_a", "year": 2011.0, "species_richness": 29, "subregion": "baviaanskloof" }, "geometry": { "type": "Point", "coordinates": [ 24.05593, -33.63649 ] } },
{ "type": "Feature", "properties": { "plot": "BK_86_b", "year": 2011.0, "species_richness": 32, "subregion": "baviaanskloof" }, "geometry": { "type": "Point", "coordinates": [ 24.05593, -33.63649 ] } },
{ "type": "Feature", "properties": { "plot": "BK_87_a", "year": 2011.0, "species_richness": 24, "subregion": "baviaanskloof" }, "geometry": { "type": "Point", "coordinates": [ 24.05559, -33.62191 ] } },
{ "type": "Feature", "properties": { "plot": "BK_87_b", "year": 2011.0, "species_richness": 26, "subregion": "baviaanskloof" }, "geometry": { "type": "Point", "coordinates": [ 24.05559, -33.62191 ] } },
{ "type": "Feature", "properties": { "plot": "BK_88_a", "year": 2011.0, "species_richness": 37, "subregion": "baviaanskloof" }, "geometry": { "type": "Point", "coordinates": [ 24.2173, -33.57244 ] } },
{ "type": "Feature", "properties": { "plot": "BK_88_b", "year": 2011.0, "species_richness": 35, "subregion": "baviaanskloof" }, "geometry": { "type": "Point", "coordinates": [ 24.2173, -33.57244 ] } },
{ "type": "Feature", "properties": { "plot": "BK_89_a", "year": 2011.0, "species_richness": 33, "subregion": "baviaanskloof" }, "geometry": { "type": "Point", "coordinates": [ 24.21766, -33.57191 ] } },
{ "type": "Feature", "properties": { "plot": "BK_89_b", "year": 2011.0, "species_richness": 30, "subregion": "baviaanskloof" }, "geometry": { "type": "Point", "coordinates": [ 24.21766, -33.57191 ] } },
{ "type": "Feature", "properties": { "plot": "BK_8_a", "year": 2011.0, "species_richness": 61, "subregion": "baviaanskloof" }, "geometry": { "type": "Point", "coordinates": [ 24.20916, -33.67001 ] } },
{ "type": "Feature", "properties": { "plot": "BK_8_b", "year": 2011.0, "species_richness": 52, "subregion": "baviaanskloof" }, "geometry": { "type": "Point", "coordinates": [ 24.20916, -33.67001 ] } },
{ "type": "Feature", "properties": { "plot": "BK_90_a", "year": 2011.0, "species_richness": 44, "subregion": "baviaanskloof" }, "geometry": { "type": "Point", "coordinates": [ 24.10639, -33.67619 ] } },
{ "type": "Feature", "properties": { "plot": "BK_90_b", "year": 2011.0, "species_richness": 44, "subregion": "baviaanskloof" }, "geometry": { "type": "Point", "coordinates": [ 24.10639, -33.67619 ] } },
{ "type": "Feature", "properties": { "plot": "BK_91_a", "year": 2011.0, "species_richness": 22, "subregion": "baviaanskloof" }, "geometry": { "type": "Point", "coordinates": [ 24.06475, -33.69482 ] } },
{ "type": "Feature", "properties": { "plot": "BK_91_b", "year": 2011.0, "species_richness": 22, "subregion": "baviaanskloof" }, "geometry": { "type": "Point", "coordinates": [ 24.06475, -33.69482 ] } },
{ "type": "Feature", "properties": { "plot": "BK_92_a", "year": 2011.0, "species_richness": 34, "subregion": "baviaanskloof" }, "geometry": { "type": "Point", "coordinates": [ 24.06479, -33.69536 ] } },
{ "type": "Feature", "properties": { "plot": "BK_92_b", "year": 2011.0, "species_richness": 27, "subregion": "baviaanskloof" }, "geometry": { "type": "Point", "coordinates": [ 24.06479, -33.69536 ] } },
{ "type": "Feature", "properties": { "plot": "BK_93_a", "year": 2011.0, "species_richness": 18, "subregion": "baviaanskloof" }, "geometry": { "type": "Point", "coordinates": [ 24.0653, -33.6924 ] } },
{ "type": "Feature", "properties": { "plot": "BK_93_b", "year": 2011.0, "species_richness": 18, "subregion": "baviaanskloof" }, "geometry": { "type": "Point", "coordinates": [ 24.0653, -33.6924 ] } },
{ "type": "Feature", "properties": { "plot": "BK_94_a", "year": 2011.0, "species_richness": 31, "subregion": "baviaanskloof" }, "geometry": { "type": "Point", "coordinates": [ 24.07276, -33.69355 ] } },
{ "type": "Feature", "properties": { "plot": "BK_94_b", "year": 2011.0, "species_richness": 33, "subregion": "baviaanskloof" }, "geometry": { "type": "Point", "coordinates": [ 24.07276, -33.69355 ] } },
{ "type": "Feature", "properties": { "plot": "BK_95_a", "year": 2011.0, "species_richness": 32, "subregion": "baviaanskloof" }, "geometry": { "type": "Point", "coordinates": [ 24.37709, -33.60734 ] } },
{ "type": "Feature", "properties": { "plot": "BK_95_b", "year": 2011.0, "species_richness": 31, "subregion": "baviaanskloof" }, "geometry": { "type": "Point", "coordinates": [ 24.37709, -33.60734 ] } },
{ "type": "Feature", "properties": { "plot": "BK_96_a", "year": 2011.0, "species_richness": 35, "subregion": "baviaanskloof" }, "geometry": { "type": "Point", "coordinates": [ 24.3587, -33.60444 ] } },
{ "type": "Feature", "properties": { "plot": "BK_96_b", "year": 2011.0, "species_richness": 36, "subregion": "baviaanskloof" }, "geometry": { "type": "Point", "coordinates": [ 24.3587, -33.60444 ] } },
{ "type": "Feature", "properties": { "plot": "BK_97_a", "year": 2011.0, "species_richness": 25, "subregion": "baviaanskloof" }, "geometry": { "type": "Point", "coordinates": [ 24.35771, -33.60305 ] } },
{ "type": "Feature", "properties": { "plot": "BK_97_b", "year": 2011.0, "species_richness": 29, "subregion": "baviaanskloof" }, "geometry": { "type": "Point", "coordinates": [ 24.35771, -33.60305 ] } },
{ "type": "Feature", "properties": { "plot": "BK_98_a", "year": 2011.0, "species_richness": 42, "subregion": "baviaanskloof" }, "geometry": { "type": "Point", "coordinates": [ 24.35669, -33.5916 ] } },
{ "type": "Feature", "properties": { "plot": "BK_98_b", "year": 2011.0, "species_richness": 50, "subregion": "baviaanskloof" }, "geometry": { "type": "Point", "coordinates": [ 24.35669, -33.5916 ] } },
{ "type": "Feature", "properties": { "plot": "BK_99_a", "year": 2011.0, "species_richness": 37, "subregion": "baviaanskloof" }, "geometry": { "type": "Point", "coordinates": [ 24.47795, -33.66263 ] } },
{ "type": "Feature", "properties": { "plot": "BK_99_b", "year": 2011.0, "species_richness": 39, "subregion": "baviaanskloof" }, "geometry": { "type": "Point", "coordinates": [ 24.47795, -33.66263 ] } },
{ "type": "Feature", "properties": { "plot": "BK_9_a", "year": 2011.0, "species_richness": 16, "subregion": "baviaanskloof" }, "geometry": { "type": "Point", "coordinates": [ 24.23571, -33.63897 ] } },
{ "type": "Feature", "properties": { "plot": "BK_9_b", "year": 2011.0, "species_richness": 18, "subregion": "baviaanskloof" }, "geometry": { "type": "Point", "coordinates": [ 24.23571, -33.63897 ] } },
{ "type": "Feature", "properties": { "plot": "CB_1", "year": 1996.0, "species_richness": 24, "subregion": "cederberg" }, "geometry": { "type": "Point", "coordinates": [ 19.03111111, -32.14972222 ] } },
{ "type": "Feature", "properties": { "plot": "CB_10", "year": 1996.0, "species_richness": 21, "subregion": "cederberg" }, "geometry": { "type": "Point", "coordinates": [ 18.99027778, -32.13527778 ] } },
{ "type": "Feature", "properties": { "plot": "CB_100", "year": 1996.0, "species_richness": 5, "subregion": "cederberg" }, "geometry": { "type": "Point", "coordinates": [ 19.07972222, -32.22333333 ] } },
{ "type": "Feature", "properties": { "plot": "CB_101", "year": 1996.0, "species_richness": 11, "subregion": "cederberg" }, "geometry": { "type": "Point", "coordinates": [ 19.07694444, -32.22333333 ] } },
{ "type": "Feature", "properties": { "plot": "CB_102", "year": 1996.0, "species_richness": 14, "subregion": "cederberg" }, "geometry": { "type": "Point", "coordinates": [ 19.07527778, -32.22222222 ] } },
{ "type": "Feature", "properties": { "plot": "CB_103", "year": 1996.0, "species_richness": 11, "subregion": "cederberg" }, "geometry": { "type": "Point", "coordinates": [ 19.07638889, -32.22083333 ] } },
{ "type": "Feature", "properties": { "plot": "CB_104", "year": 1996.0, "species_richness": 8, "subregion": "cederberg" }, "geometry": { "type": "Point", "coordinates": [ 19.0775, -32.22138889 ] } },
{ "type": "Feature", "properties": { "plot": "CB_105", "year": 1996.0, "species_richness": 10, "subregion": "cederberg" }, "geometry": { "type": "Point", "coordinates": [ 19.08055556, -32.22083333 ] } },
{ "type": "Feature", "properties": { "plot": "CB_106", "year": 1996.0, "species_richness": 11, "subregion": "cederberg" }, "geometry": { "type": "Point", "coordinates": [ 19.08083333, -32.21972222 ] } },
{ "type": "Feature", "properties": { "plot": "CB_107", "year": 1996.0, "species_richness": 28, "subregion": "cederberg" }, "geometry": { "type": "Point", "coordinates": [ 19.20611111, -32.43166667 ] } },
{ "type": "Feature", "properties": { "plot": "CB_108", "year": 1996.0, "species_richness": 15, "subregion": "cederberg" }, "geometry": { "type": "Point", "coordinates": [ 19.20638889, -32.43027778 ] } },
{ "type": "Feature", "properties": { "plot": "CB_109", "year": 1996.0, "species_richness": 23, "subregion": "cederberg" }, "geometry": { "type": "Point", "coordinates": [ 19.21416667, -32.43361111 ] } },
{ "type": "Feature", "properties": { "plot": "CB_11", "year": 1996.0, "species_richness": 17, "subregion": "cederberg" }, "geometry": { "type": "Point", "coordinates": [ 19.03222222, -32.15194444 ] } },
{ "type": "Feature", "properties": { "plot": "CB_110", "year": 1996.0, "species_richness": 8, "subregion": "cederberg" }, "geometry": { "type": "Point", "coordinates": [ 19.16555556, -32.39916667 ] } },
{ "type": "Feature", "properties": { "plot": "CB_111", "year": 1996.0, "species_richness": 10, "subregion": "cederberg" }, "geometry": { "type": "Point", "coordinates": [ 19.16, -32.40083333 ] } },
{ "type": "Feature", "properties": { "plot": "CB_112", "year": 1996.0, "species_richness": 10, "subregion": "cederberg" }, "geometry": { "type": "Point", "coordinates": [ 19.15944444, -32.40222222 ] } },
{ "type": "Feature", "properties": { "plot": "CB_113", "year": 1996.0, "species_richness": 17, "subregion": "cederberg" }, "geometry": { "type": "Point", "coordinates": [ 19.15555556, -32.39888889 ] } },
{ "type": "Feature", "properties": { "plot": "CB_114", "year": 1996.0, "species_richness": 11, "subregion": "cederberg" }, "geometry": { "type": "Point", "coordinates": [ 19.15277778, -32.39472222 ] } },
{ "type": "Feature", "properties": { "plot": "CB_115", "year": 1996.0, "species_richness": 15, "subregion": "cederberg" }, "geometry": { "type": "Point", "coordinates": [ 19.18944444, -32.41388889 ] } },
{ "type": "Feature", "properties": { "plot": "CB_116", "year": 1996.0, "species_richness": 9, "subregion": "cederberg" }, "geometry": { "type": "Point", "coordinates": [ 19.225, -32.44333333 ] } },
{ "type": "Feature", "properties": { "plot": "CB_117", "year": 1996.0, "species_richness": 13, "subregion": "cederberg" }, "geometry": { "type": "Point", "coordinates": [ 19.22194444, -32.44638889 ] } },
{ "type": "Feature", "properties": { "plot": "CB_118", "year": 1996.0, "species_richness": 19, "subregion": "cederberg" }, "geometry": { "type": "Point", "coordinates": [ 19.235, -32.44972222 ] } },
{ "type": "Feature", "properties": { "plot": "CB_119", "year": 1996.0, "species_richness": 12, "subregion": "cederberg" }, "geometry": { "type": "Point", "coordinates": [ 19.18416667, -32.4125 ] } },
{ "type": "Feature", "properties": { "plot": "CB_12", "year": 1996.0, "species_richness": 25, "subregion": "cederberg" }, "geometry": { "type": "Point", "coordinates": [ 19.03277778, -32.15638889 ] } },
{ "type": "Feature", "properties": { "plot": "CB_120", "year": 1996.0, "species_richness": 18, "subregion": "cederberg" }, "geometry": { "type": "Point", "coordinates": [ 19.18722222, -32.41083333 ] } },
{ "type": "Feature", "properties": { "plot": "CB_121", "year": 1996.0, "species_richness": 18, "subregion": "cederberg" }, "geometry": { "type": "Point", "coordinates": [ 19.165, -32.39861111 ] } },
{ "type": "Feature", "properties": { "plot": "CB_122", "year": 1996.0, "species_richness": 11, "subregion": "cederberg" }, "geometry": { "type": "Point", "coordinates": [ 19.18222222, -32.405 ] } },
{ "type": "Feature", "properties": { "plot": "CB_123", "year": 1996.0, "species_richness": 22, "subregion": "cederberg" }, "geometry": { "type": "Point", "coordinates": [ 19.17222222, -32.41305556 ] } },
{ "type": "Feature", "properties": { "plot": "CB_124", "year": 1996.0, "species_richness": 23, "subregion": "cederberg" }, "geometry": { "type": "Point", "coordinates": [ 19.015, -32.1325 ] } },
{ "type": "Feature", "properties": { "plot": "CB_126", "year": 1996.0, "species_richness": 18, "subregion": "cederberg" }, "geometry": { "type": "Point", "coordinates": [ 19.01222222, -32.13 ] } },
{ "type": "Feature", "properties": { "plot": "CB_127", "year": 1996.0, "species_richness": 26, "subregion": "cederberg" }, "geometry": { "type": "Point", "coordinates": [ 19.01333333, -32.12805556 ] } },
{ "type": "Feature", "properties": { "plot": "CB_128", "year": 1996.0, "species_richness": 24, "subregion": "cederberg" }, "geometry": { "type": "Point", "coordinates": [ 19.01583333, -32.12888889 ] } },
{ "type": "Feature", "properties": { "plot": "CB_129", "year": 1996.0, "species_richness": 28, "subregion": "cederberg" }, "geometry": { "type": "Point", "coordinates": [ 19.01777778, -32.12583333 ] } },
{ "type": "Feature", "properties": { "plot": "CB_130", "year": 1996.0, "species_richness": 21, "subregion": "cederberg" }, "geometry": { "type": "Point", "coordinates": [ 19.01333333, -32.12666667 ] } },
{ "type": "Feature", "properties": { "plot": "CB_131", "year": 1996.0, "species_richness": 37, "subregion": "cederberg" }, "geometry": { "type": "Point", "coordinates": [ 19.01361111, -32.12527778 ] } },
{ "type": "Feature", "properties": { "plot": "CB_132", "year": 1996.0, "species_richness": 28, "subregion": "cederberg" }, "geometry": { "type": "Point", "coordinates": [ 19.01083333, -32.12388889 ] } },
{ "type": "Feature", "properties": { "plot": "CB_133", "year": 1996.0, "species_richness": 16, "subregion": "cederberg" }, "geometry": { "type": "Point", "coordinates": [ 19.00916667, -32.12222222 ] } },
{ "type": "Feature", "properties": { "plot": "CB_134", "year": 1996.0, "species_richness": 23, "subregion": "cederberg" }, "geometry": { "type": "Point", "coordinates": [ 19.0075, -32.11972222 ] } },
{ "type": "Feature", "properties": { "plot": "CB_135", "year": 1996.0, "species_richness": 19, "subregion": "cederberg" }, "geometry": { "type": "Point", "coordinates": [ 19.0025, -32.1175 ] } },
{ "type": "Feature", "properties": { "plot": "CB_136", "year": 1996.0, "species_richness": 17, "subregion": "cederberg" }, "geometry": { "type": "Point", "coordinates": [ 19.01305556, -32.12138889 ] } },
{ "type": "Feature", "properties": { "plot": "CB_137", "year": 1996.0, "species_richness": 21, "subregion": "cederberg" }, "geometry": { "type": "Point", "coordinates": [ 19.00722222, -32.11777778 ] } },
{ "type": "Feature", "properties": { "plot": "CB_138", "year": 1996.0, "species_richness": 21, "subregion": "cederberg" }, "geometry": { "type": "Point", "coordinates": [ 19.00166667, -32.11472222 ] } },
{ "type": "Feature", "properties": { "plot": "CB_139", "year": 1996.0, "species_richness": 17, "subregion": "cederberg" }, "geometry": { "type": "Point", "coordinates": [ 19.00111111, -32.11638889 ] } },
{ "type": "Feature", "properties": { "plot": "CB_14", "year": 1996.0, "species_richness": 28, "subregion": "cederberg" }, "geometry": { "type": "Point", "coordinates": [ 19.00944444, -32.15305556 ] } },
{ "type": "Feature", "properties": { "plot": "CB_140", "year": 1996.0, "species_richness": 18, "subregion": "cederberg" }, "geometry": { "type": "Point", "coordinates": [ 19.03222222, -32.11416667 ] } },
{ "type": "Feature", "properties": { "plot": "CB_141", "year": 1996.0, "species_richness": 19, "subregion": "cederberg" }, "geometry": { "type": "Point", "coordinates": [ 18.96777778, -32.10333333 ] } },
{ "type": "Feature", "properties": { "plot": "CB_142", "year": 1996.0, "species_richness": 27, "subregion": "cederberg" }, "geometry": { "type": "Point", "coordinates": [ 19.03666667, -32.135 ] } },
{ "type": "Feature", "properties": { "plot": "CB_143", "year": 1996.0, "species_richness": 16, "subregion": "cederberg" }, "geometry": { "type": "Point", "coordinates": [ 19.03472222, -32.13416667 ] } },
{ "type": "Feature", "properties": { "plot": "CB_144", "year": 1996.0, "species_richness": 29, "subregion": "cederberg" }, "geometry": { "type": "Point", "coordinates": [ 19.0325, -32.13416667 ] } },
{ "type": "Feature", "properties": { "plot": "CB_145", "year": 1996.0, "species_richness": 23, "subregion": "cederberg" }, "geometry": { "type": "Point", "coordinates": [ 19.07361111, -32.21833333 ] } },
{ "type": "Feature", "properties": { "plot": "CB_146", "year": 1996.0, "species_richness": 29, "subregion": "cederberg" }, "geometry": { "type": "Point", "coordinates": [ 19.07666667, -32.21472222 ] } },
{ "type": "Feature", "properties": { "plot": "CB_147", "year": 1996.0, "species_richness": 3, "subregion": "cederberg" }, "geometry": { "type": "Point", "coordinates": [ 19.06861111, -32.23777778 ] } },
{ "type": "Feature", "properties": { "plot": "CB_148", "year": 1996.0, "species_richness": 8, "subregion": "cederberg" }, "geometry": { "type": "Point", "coordinates": [ 19.06583333, -32.23361111 ] } },
{ "type": "Feature", "properties": { "plot": "CB_149", "year": 1996.0, "species_richness": 2, "subregion": "cederberg" }, "geometry": { "type": "Point", "coordinates": [ 19.065, -32.23388889 ] } },
{ "type": "Feature", "properties": { "plot": "CB_15", "year": 1996.0, "species_richness": 22, "subregion": "cederberg" }, "geometry": { "type": "Point", "coordinates": [ 19.00972222, -32.15444444 ] } },
{ "type": "Feature", "properties": { "plot": "CB_150", "year": 1996.0, "species_richness": 5, "subregion": "cederberg" }, "geometry": { "type": "Point", "coordinates": [ 19.06777778, -32.23472222 ] } },
{ "type": "Feature", "properties": { "plot": "CB_151", "year": 1996.0, "species_richness": 11, "subregion": "cederberg" }, "geometry": { "type": "Point", "coordinates": [ 19.02666667, -32.11805556 ] } },
{ "type": "Feature", "properties": { "plot": "CB_152", "year": 1996.0, "species_richness": 15, "subregion": "cederberg" }, "geometry": { "type": "Point", "coordinates": [ 19.02472222, -32.11805556 ] } },
{ "type": "Feature", "properties": { "plot": "CB_153", "year": 1996.0, "species_richness": 19, "subregion": "cederberg" }, "geometry": { "type": "Point", "coordinates": [ 19.02027778, -32.11805556 ] } },
{ "type": "Feature", "properties": { "plot": "CB_154", "year": 1996.0, "species_richness": 17, "subregion": "cederberg" }, "geometry": { "type": "Point", "coordinates": [ 19.08027778, -32.22138889 ] } },
{ "type": "Feature", "properties": { "plot": "CB_155", "year": 1996.0, "species_richness": 21, "subregion": "cederberg" }, "geometry": { "type": "Point", "coordinates": [ 19.08583333, -32.21361111 ] } },
{ "type": "Feature", "properties": { "plot": "CB_156", "year": 1996.0, "species_richness": 27, "subregion": "cederberg" }, "geometry": { "type": "Point", "coordinates": [ 19.08361111, -32.20805556 ] } },
{ "type": "Feature", "properties": { "plot": "CB_157", "year": 1996.0, "species_richness": 12, "subregion": "cederberg" }, "geometry": { "type": "Point", "coordinates": [ 19.09, -32.21111111 ] } },
{ "type": "Feature", "properties": { "plot": "CB_16", "year": 1996.0, "species_richness": 26, "subregion": "cederberg" }, "geometry": { "type": "Point", "coordinates": [ 19.0175, -32.15305556 ] } },
{ "type": "Feature", "properties": { "plot": "CB_161", "year": 1996.0, "species_richness": 5, "subregion": "cederberg" }, "geometry": { "type": "Point", "coordinates": [ 19.08527778, -32.22833333 ] } },
{ "type": "Feature", "properties": { "plot": "CB_164", "year": 1996.0, "species_richness": 10, "subregion": "cederberg" }, "geometry": { "type": "Point", "coordinates": [ 19.07388889, -32.23527778 ] } },
{ "type": "Feature", "properties": { "plot": "CB_165", "year": 1996.0, "species_richness": 3, "subregion": "cederberg" }, "geometry": { "type": "Point", "coordinates": [ 19.09972222, -32.26222222 ] } },
{ "type": "Feature", "properties": { "plot": "CB_166", "year": 1996.0, "species_richness": 5, "subregion": "cederberg" }, "geometry": { "type": "Point", "coordinates": [ 19.08694444, -32.25833333 ] } },
{ "type": "Feature", "properties": { "plot": "CB_168", "year": 1996.0, "species_richness": 10, "subregion": "cederberg" }, "geometry": { "type": "Point", "coordinates": [ 19.07166667, -32.22472222 ] } },
{ "type": "Feature", "properties": { "plot": "CB_169", "year": 1996.0, "species_richness": 6, "subregion": "cederberg" }, "geometry": { "type": "Point", "coordinates": [ 19.05944444, -32.22666667 ] } },
{ "type": "Feature", "properties": { "plot": "CB_17", "year": 1996.0, "species_richness": 15, "subregion": "cederberg" }, "geometry": { "type": "Point", "coordinates": [ 18.98277778, -32.18444444 ] } },
{ "type": "Feature", "properties": { "plot": "CB_170", "year": 1996.0, "species_richness": 1, "subregion": "cederberg" }, "geometry": { "type": "Point", "coordinates": [ 19.06388889, -32.22777778 ] } },
{ "type": "Feature", "properties": { "plot": "CB_177", "year": 1996.0, "species_richness": 17, "subregion": "cederberg" }, "geometry": { "type": "Point", "coordinates": [ 19.24027778, -32.43916667 ] } },
{ "type": "Feature", "properties": { "plot": "CB_18", "year": 1996.0, "species_richness": 19, "subregion": "cederberg" }, "geometry": { "type": "Point", "coordinates": [ 18.99833333, -32.16833333 ] } },
{ "type": "Feature", "properties": { "plot": "CB_181", "year": 1996.0, "species_richness": 9, "subregion": "cederberg" }, "geometry": { "type": "Point", "coordinates": [ 18.96527778, -32.12194444 ] } },
{ "type": "Feature", "properties": { "plot": "CB_182", "year": 1996.0, "species_richness": 11, "subregion": "cederberg" }, "geometry": { "type": "Point", "coordinates": [ 18.95722222, -32.11972222 ] } },
{ "type": "Feature", "properties": { "plot": "CB_183", "year": 1996.0, "species_richness": 11, "subregion": "cederberg" }, "geometry": { "type": "Point", "coordinates": [ 18.95361111, -32.12055556 ] } },
{ "type": "Feature", "properties": { "plot": "CB_184", "year": 1996.0, "species_richness": 19, "subregion": "cederberg" }, "geometry": { "type": "Point", "coordinates": [ 18.99861111, -32.12916667 ] } },
{ "type": "Feature", "properties": { "plot": "CB_185", "year": 1996.0, "species_richness": 12, "subregion": "cederberg" }, "geometry": { "type": "Point", "coordinates": [ 18.98611111, -32.12722222 ] } },
{ "type": "Feature", "properties": { "plot": "CB_186", "year": 1996.0, "species_richness": 11, "subregion": "cederberg" }, "geometry": { "type": "Point", "coordinates": [ 18.9775, -32.12555556 ] } },
{ "type": "Feature", "properties": { "plot": "CB_187", "year": 1996.0, "species_richness": 13, "subregion": "cederberg" }, "geometry": { "type": "Point", "coordinates": [ 18.97277778, -32.12361111 ] } },
{ "type": "Feature", "properties": { "plot": "CB_189", "year": 1996.0, "species_richness": 9, "subregion": "cederberg" }, "geometry": { "type": "Point", "coordinates": [ 18.99888889, -32.165 ] } },
{ "type": "Feature", "properties": { "plot": "CB_190", "year": 1996.0, "species_richness": 18, "subregion": "cederberg" }, "geometry": { "type": "Point", "coordinates": [ 18.98555556, -32.16861111 ] } },
{ "type": "Feature", "properties": { "plot": "CB_191", "year": 1996.0, "species_richness": 13, "subregion": "cederberg" }, "geometry": { "type": "Point", "coordinates": [ 18.99555556, -32.16611111 ] } },
{ "type": "Feature", "properties": { "plot": "CB_2", "year": 1996.0, "species_richness": 15, "subregion": "cederberg" }, "geometry": { "type": "Point", "coordinates": [ 19.0375, -32.16333333 ] } },
{ "type": "Feature", "properties": { "plot": "CB_20", "year": 1996.0, "species_richness": 22, "subregion": "cederberg" }, "geometry": { "type": "Point", "coordinates": [ 18.99416667, -32.17388889 ] } },
{ "type": "Feature", "properties": { "plot": "CB_21", "year": 1996.0, "species_richness": 8, "subregion": "cederberg" }, "geometry": { "type": "Point", "coordinates": [ 18.99361111, -32.17277778 ] } },
{ "type": "Feature", "properties": { "plot": "CB_22", "year": 1996.0, "species_richness": 28, "subregion": "cederberg" }, "geometry": { "type": "Point", "coordinates": [ 19.15361111, -32.40666667 ] } },
{ "type": "Feature", "properties": { "plot": "CB_23", "year": 1996.0, "species_richness": 15, "subregion": "cederberg" }, "geometry": { "type": "Point", "coordinates": [ 19.16083333, -32.41166667 ] } },
{ "type": "Feature", "properties": { "plot": "CB_24", "year": 1996.0, "species_richness": 19, "subregion": "cederberg" }, "geometry": { "type": "Point", "coordinates": [ 19.15027778, -32.40305556 ] } },
{ "type": "Feature", "properties": { "plot": "CB_25", "year": 1996.0, "species_richness": 19, "subregion": "cederberg" }, "geometry": { "type": "Point", "coordinates": [ 19.16305556, -32.40722222 ] } },
{ "type": "Feature", "properties": { "plot": "CB_26", "year": 1996.0, "species_richness": 18, "subregion": "cederberg" }, "geometry": { "type": "Point", "coordinates": [ 19.17222222, -32.42055556 ] } },
{ "type": "Feature", "properties": { "plot": "CB_27", "year": 1996.0, "species_richness": 22, "subregion": "cederberg" }, "geometry": { "type": "Point", "coordinates": [ 19.17222222, -32.40777778 ] } },
{ "type": "Feature", "properties": { "plot": "CB_28", "year": 1996.0, "species_richness": 18, "subregion": "cederberg" }, "geometry": { "type": "Point", "coordinates": [ 19.17, -32.41027778 ] } },
{ "type": "Feature", "properties": { "plot": "CB_29", "year": 1996.0, "species_richness": 28, "subregion": "cederberg" }, "geometry": { "type": "Point", "coordinates": [ 19.17166667, -32.41916667 ] } },
{ "type": "Feature", "properties": { "plot": "CB_3", "year": 1996.0, "species_richness": 15, "subregion": "cederberg" }, "geometry": { "type": "Point", "coordinates": [ 19.04583333, -32.16861111 ] } },
{ "type": "Feature", "properties": { "plot": "CB_30", "year": 1996.0, "species_richness": 16, "subregion": "cederberg" }, "geometry": { "type": "Point", "coordinates": [ 19.21222222, -32.43472222 ] } },
{ "type": "Feature", "properties": { "plot": "CB_31", "year": 1996.0, "species_richness": 10, "subregion": "cederberg" }, "geometry": { "type": "Point", "coordinates": [ 19.17805556, -32.42888889 ] } },
{ "type": "Feature", "properties": { "plot": "CB_32", "year": 1996.0, "species_richness": 13, "subregion": "cederberg" }, "geometry": { "type": "Point", "coordinates": [ 19.18166667, -32.43166667 ] } },
{ "type": "Feature", "properties": { "plot": "CB_33", "year": 1996.0, "species_richness": 19, "subregion": "cederberg" }, "geometry": { "type": "Point", "coordinates": [ 19.18138889, -32.42388889 ] } },
{ "type": "Feature", "properties": { "plot": "CB_34", "year": 1996.0, "species_richness": 32, "subregion": "cederberg" }, "geometry": { "type": "Point", "coordinates": [ 19.18416667, -32.42027778 ] } },
{ "type": "Feature", "properties": { "plot": "CB_35", "year": 1996.0, "species_richness": 22, "subregion": "cederberg" }, "geometry": { "type": "Point", "coordinates": [ 19.18027778, -32.41638889 ] } },
{ "type": "Feature", "properties": { "plot": "CB_36", "year": 1996.0, "species_richness": 17, "subregion": "cederberg" }, "geometry": { "type": "Point", "coordinates": [ 19.17, -32.41305556 ] } },
{ "type": "Feature", "properties": { "plot": "CB_37", "year": 1996.0, "species_richness": 22, "subregion": "cederberg" }, "geometry": { "type": "Point", "coordinates": [ 19.22361111, -32.44611111 ] } },
{ "type": "Feature", "properties": { "plot": "CB_38", "year": 1996.0, "species_richness": 22, "subregion": "cederberg" }, "geometry": { "type": "Point", "coordinates": [ 19.22527778, -32.44472222 ] } },
{ "type": "Feature", "properties": { "plot": "CB_39", "year": 1996.0, "species_richness": 13, "subregion": "cederberg" }, "geometry": { "type": "Point", "coordinates": [ 19.21527778, -32.43694444 ] } },
{ "type": "Feature", "properties": { "plot": "CB_4", "year": 1996.0, "species_richness": 20, "subregion": "cederberg" }, "geometry": { "type": "Point", "coordinates": [ 18.98, -32.15 ] } },
{ "type": "Feature", "properties": { "plot": "CB_40", "year": 1996.0, "species_richness": 11, "subregion": "cederberg" }, "geometry": { "type": "Point", "coordinates": [ 19.21472222, -32.43972222 ] } },
{ "type": "Feature", "properties": { "plot": "CB_41", "year": 1996.0, "species_richness": 17, "subregion": "cederberg" }, "geometry": { "type": "Point", "coordinates": [ 19.22111111, -32.44194444 ] } },
{ "type": "Feature", "properties": { "plot": "CB_42", "year": 1996.0, "species_richness": 17, "subregion": "cederberg" }, "geometry": { "type": "Point", "coordinates": [ 19.20638889, -32.44472222 ] } },
{ "type": "Feature", "properties": { "plot": "CB_43", "year": 1996.0, "species_richness": 31, "subregion": "cederberg" }, "geometry": { "type": "Point", "coordinates": [ 19.20805556, -32.44305556 ] } },
{ "type": "Feature", "properties": { "plot": "CB_44", "year": 1996.0, "species_richness": 24, "subregion": "cederberg" }, "geometry": { "type": "Point", "coordinates": [ 19.05361111, -32.20694444 ] } },
{ "type": "Feature", "properties": { "plot": "CB_45", "year": 1996.0, "species_richness": 6, "subregion": "cederberg" }, "geometry": { "type": "Point", "coordinates": [ 19.09916667, -32.27277778 ] } },
{ "type": "Feature", "properties": { "plot": "CB_46", "year": 1996.0, "species_richness": 24, "subregion": "cederberg" }, "geometry": { "type": "Point", "coordinates": [ 19.08388889, -32.2125 ] } },
{ "type": "Feature", "properties": { "plot": "CB_47", "year": 1996.0, "species_richness": 12, "subregion": "cederberg" }, "geometry": { "type": "Point", "coordinates": [ 19.07833333, -32.19305556 ] } },
{ "type": "Feature", "properties": { "plot": "CB_48", "year": 1996.0, "species_richness": 18, "subregion": "cederberg" }, "geometry": { "type": "Point", "coordinates": [ 18.97972222, -32.13944444 ] } },
{ "type": "Feature", "properties": { "plot": "CB_49", "year": 1996.0, "species_richness": 12, "subregion": "cederberg" }, "geometry": { "type": "Point", "coordinates": [ 18.99666667, -32.18527778 ] } },
{ "type": "Feature", "properties": { "plot": "CB_5", "year": 1996.0, "species_richness": 18, "subregion": "cederberg" }, "geometry": { "type": "Point", "coordinates": [ 18.975, -32.14583333 ] } },
{ "type": "Feature", "properties": { "plot": "CB_50", "year": 1996.0, "species_richness": 9, "subregion": "cederberg" }, "geometry": { "type": "Point", "coordinates": [ 19.02666667, -32.17833333 ] } },
{ "type": "Feature", "properties": { "plot": "CB_51", "year": 1996.0, "species_richness": 5, "subregion": "cederberg" }, "geometry": { "type": "Point", "coordinates": [ 19.02472222, -32.17472222 ] } },
{ "type": "Feature", "properties": { "plot": "CB_52", "year": 1996.0, "species_richness": 12, "subregion": "cederberg" }, "geometry": { "type": "Point", "coordinates": [ 19.02333333, -32.17361111 ] } },
{ "type": "Feature", "properties": { "plot": "CB_53", "year": 1996.0, "species_richness": 19, "subregion": "cederberg" }, "geometry": { "type": "Point", "coordinates": [ 19.00638889, -32.15305556 ] } },
{ "type": "Feature", "properties": { "plot": "CB_54", "year": 1996.0, "species_richness": 29, "subregion": "cederberg" }, "geometry": { "type": "Point", "coordinates": [ 19.06222222, -32.1725 ] } },
{ "type": "Feature", "properties": { "plot": "CB_55", "year": 1996.0, "species_richness": 14, "subregion": "cederberg" }, "geometry": { "type": "Point", "coordinates": [ 19.06416667, -32.17277778 ] } },
{ "type": "Feature", "properties": { "plot": "CB_56", "year": 1996.0, "species_richness": 12, "subregion": "cederberg" }, "geometry": { "type": "Point", "coordinates": [ 19.02888889, -32.18277778 ] } },
{ "type": "Feature", "properties": { "plot": "CB_57", "year": 1996.0, "species_richness": 12, "subregion": "cederberg" }, "geometry": { "type": "Point", "coordinates": [ 19.03138889, -32.18333333 ] } },
{ "type": "Feature", "properties": { "plot": "CB_58", "year": 1996.0, "species_richness": 6, "subregion": "cederberg" }, "geometry": { "type": "Point", "coordinates": [ 19.04277778, -32.18277778 ] } },
{ "type": "Feature", "properties": { "plot": "CB_59", "year": 1996.0, "species_richness": 6, "subregion": "cederberg" }, "geometry": { "type": "Point", "coordinates": [ 19.04277778, -32.18361111 ] } },
{ "type": "Feature", "properties": { "plot": "CB_6", "year": 1996.0, "species_richness": 11, "subregion": "cederberg" }, "geometry": { "type": "Point", "coordinates": [ 18.98416667, -32.15083333 ] } },
{ "type": "Feature", "properties": { "plot": "CB_60", "year": 1996.0, "species_richness": 10, "subregion": "cederberg" }, "geometry": { "type": "Point", "coordinates": [ 19.03833333, -32.19194444 ] } },
{ "type": "Feature", "properties": { "plot": "CB_61", "year": 1996.0, "species_richness": 6, "subregion": "cederberg" }, "geometry": { "type": "Point", "coordinates": [ 19.03861111, -32.19444444 ] } },
{ "type": "Feature", "properties": { "plot": "CB_62", "year": 1996.0, "species_richness": 11, "subregion": "cederberg" }, "geometry": { "type": "Point", "coordinates": [ 19.0425, -32.19305556 ] } },
{ "type": "Feature", "properties": { "plot": "CB_63", "year": 1996.0, "species_richness": 13, "subregion": "cederberg" }, "geometry": { "type": "Point", "coordinates": [ 19.04416667, -32.19277778 ] } },
{ "type": "Feature", "properties": { "plot": "CB_64", "year": 1996.0, "species_richness": 23, "subregion": "cederberg" }, "geometry": { "type": "Point", "coordinates": [ 19.06277778, -32.17444444 ] } },
{ "type": "Feature", "properties": { "plot": "CB_65", "year": 1996.0, "species_richness": 27, "subregion": "cederberg" }, "geometry": { "type": "Point", "coordinates": [ 19.05444444, -32.16666667 ] } },
{ "type": "Feature", "properties": { "plot": "CB_66", "year": 1996.0, "species_richness": 27, "subregion": "cederberg" }, "geometry": { "type": "Point", "coordinates": [ 18.98055556, -32.14166667 ] } },
{ "type": "Feature", "properties": { "plot": "CB_67", "year": 1996.0, "species_richness": 18, "subregion": "cederberg" }, "geometry": { "type": "Point", "coordinates": [ 18.97888889, -32.14111111 ] } },
{ "type": "Feature", "properties": { "plot": "CB_68", "year": 1996.0, "species_richness": 17, "subregion": "cederberg" }, "geometry": { "type": "Point", "coordinates": [ 18.99666667, -32.1525 ] } },
{ "type": "Feature", "properties": { "plot": "CB_69", "year": 1996.0, "species_richness": 17, "subregion": "cederberg" }, "geometry": { "type": "Point", "coordinates": [ 18.99388889, -32.15138889 ] } },
{ "type": "Feature", "properties": { "plot": "CB_7", "year": 1996.0, "species_richness": 19, "subregion": "cederberg" }, "geometry": { "type": "Point", "coordinates": [ 19.05138889, -32.16861111 ] } },
{ "type": "Feature", "properties": { "plot": "CB_70", "year": 1996.0, "species_richness": 11, "subregion": "cederberg" }, "geometry": { "type": "Point", "coordinates": [ 18.9925, -32.15166667 ] } },
{ "type": "Feature", "properties": { "plot": "CB_71", "year": 1996.0, "species_richness": 18, "subregion": "cederberg" }, "geometry": { "type": "Point", "coordinates": [ 19.01638889, -32.15 ] } },
{ "type": "Feature", "properties": { "plot": "CB_72", "year": 1996.0, "species_richness": 18, "subregion": "cederberg" }, "geometry": { "type": "Point", "coordinates": [ 19.01694444, -32.15027778 ] } },
{ "type": "Feature", "properties": { "plot": "CB_73", "year": 1996.0, "species_richness": 9, "subregion": "cederberg" }, "geometry": { "type": "Point", "coordinates": [ 19.00944444, -32.15194444 ] } },
{ "type": "Feature", "properties": { "plot": "CB_74", "year": 1996.0, "species_richness": 16, "subregion": "cederberg" }, "geometry": { "type": "Point", "coordinates": [ 19.00166667, -32.15222222 ] } },
{ "type": "Feature", "properties": { "plot": "CB_76", "year": 1996.0, "species_richness": 19, "subregion": "cederberg" }, "geometry": { "type": "Point", "coordinates": [ 18.97638889, -32.1475 ] } },
{ "type": "Feature", "properties": { "plot": "CB_77", "year": 1996.0, "species_richness": 10, "subregion": "cederberg" }, "geometry": { "type": "Point", "coordinates": [ 18.9775, -32.14111111 ] } },
{ "type": "Feature", "properties": { "plot": "CB_78", "year": 1996.0, "species_richness": 15, "subregion": "cederberg" }, "geometry": { "type": "Point", "coordinates": [ 18.97722222, -32.14222222 ] } },
{ "type": "Feature", "properties": { "plot": "CB_79", "year": 1996.0, "species_richness": 22, "subregion": "cederberg" }, "geometry": { "type": "Point", "coordinates": [ 18.97388889, -32.14111111 ] } },
{ "type": "Feature", "properties": { "plot": "CB_8", "year": 1996.0, "species_richness": 10, "subregion": "cederberg" }, "geometry": { "type": "Point", "coordinates": [ 19.06111111, -32.175 ] } },
{ "type": "Feature", "properties": { "plot": "CB_80", "year": 1996.0, "species_richness": 23, "subregion": "cederberg" }, "geometry": { "type": "Point", "coordinates": [ 18.97694444, -32.14638889 ] } },
{ "type": "Feature", "properties": { "plot": "CB_81", "year": 1996.0, "species_richness": 15, "subregion": "cederberg" }, "geometry": { "type": "Point", "coordinates": [ 18.97777778, -32.14972222 ] } },
{ "type": "Feature", "properties": { "plot": "CB_82", "year": 1996.0, "species_richness": 19, "subregion": "cederberg" }, "geometry": { "type": "Point", "coordinates": [ 18.98694444, -32.16055556 ] } },
{ "type": "Feature", "properties": { "plot": "CB_83", "year": 1996.0, "species_richness": 19, "subregion": "cederberg" }, "geometry": { "type": "Point", "coordinates": [ 18.9825, -32.15888889 ] } },
{ "type": "Feature", "properties": { "plot": "CB_84", "year": 1996.0, "species_richness": 13, "subregion": "cederberg" }, "geometry": { "type": "Point", "coordinates": [ 18.99166667, -32.12777778 ] } },
{ "type": "Feature", "properties": { "plot": "CB_85", "year": 1996.0, "species_richness": 16, "subregion": "cederberg" }, "geometry": { "type": "Point", "coordinates": [ 18.98555556, -32.12638889 ] } },
{ "type": "Feature", "properties": { "plot": "CB_87", "year": 1996.0, "species_richness": 20, "subregion": "cederberg" }, "geometry": { "type": "Point", "coordinates": [ 19.01888889, -32.13888889 ] } },
{ "type": "Feature", "properties": { "plot": "CB_88", "year": 1996.0, "species_richness": 20, "subregion": "cederberg" }, "geometry": { "type": "Point", "coordinates": [ 19.02333333, -32.14 ] } },
{ "type": "Feature", "properties": { "plot": "CB_89", "year": 1996.0, "species_richness": 11, "subregion": "cederberg" }, "geometry": { "type": "Point", "coordinates": [ 19.03222222, -32.14833333 ] } },
{ "type": "Feature", "properties": { "plot": "CB_9", "year": 1996.0, "species_richness": 20, "subregion": "cederberg" }, "geometry": { "type": "Point", "coordinates": [ 18.98916667, -32.13527778 ] } },
{ "type": "Feature", "properties": { "plot": "CB_90", "year": 1996.0, "species_richness": 26, "subregion": "cederberg" }, "geometry": { "type": "Point", "coordinates": [ 19.03194444, -32.14638889 ] } },
{ "type": "Feature", "properties": { "plot": "CB_91", "year": 1996.0, "species_richness": 23, "subregion": "cederberg" }, "geometry": { "type": "Point", "coordinates": [ 19.02583333, -32.14305556 ] } },
{ "type": "Feature", "properties": { "plot": "CB_92", "year": 1996.0, "species_richness": 16, "subregion": "cederberg" }, "geometry": { "type": "Point", "coordinates": [ 19.02944444, -32.14611111 ] } },
{ "type": "Feature", "properties": { "plot": "CB_93", "year": 1996.0, "species_richness": 21, "subregion": "cederberg" }, "geometry": { "type": "Point", "coordinates": [ 19.03444444, -32.14805556 ] } },
{ "type": "Feature", "properties": { "plot": "CB_94", "year": 1996.0, "species_richness": 24, "subregion": "cederberg" }, "geometry": { "type": "Point", "coordinates": [ 19.03222222, -32.1425 ] } },
{ "type": "Feature", "properties": { "plot": "CB_95", "year": 1996.0, "species_richness": 24, "subregion": "cederberg" }, "geometry": { "type": "Point", "coordinates": [ 19.07861111, -32.18805556 ] } },
{ "type": "Feature", "properties": { "plot": "CB_96", "year": 1996.0, "species_richness": 20, "subregion": "cederberg" }, "geometry": { "type": "Point", "coordinates": [ 18.97611111, -32.12305556 ] } },
{ "type": "Feature", "properties": { "plot": "CB_97", "year": 1996.0, "species_richness": 5, "subregion": "cederberg" }, "geometry": { "type": "Point", "coordinates": [ 19.08333333, -32.22083333 ] } },
{ "type": "Feature", "properties": { "plot": "CB_98", "year": 1996.0, "species_richness": 6, "subregion": "cederberg" }, "geometry": { "type": "Point", "coordinates": [ 19.08277778, -32.22305556 ] } },
{ "type": "Feature", "properties": { "plot": "CB_99", "year": 1996.0, "species_richness": 18, "subregion": "cederberg" }, "geometry": { "type": "Point", "coordinates": [ 19.08444444, -32.22277778 ] } },
{ "type": "Feature", "properties": { "plot": "CP_1", "year": 2010.0, "species_richness": 52, "subregion": "cape_point" }, "geometry": { "type": "Point", "coordinates": [ 18.374421, -34.207307 ] } },
{ "type": "Feature", "properties": { "plot": "CP_10", "year": 2010.0, "species_richness": 46, "subregion": "cape_point" }, "geometry": { "type": "Point", "coordinates": [ 18.40384, -34.22369 ] } },
{ "type": "Feature", "properties": { "plot": "CP_11", "year": 2010.0, "species_richness": 44, "subregion": "cape_point" }, "geometry": { "type": "Point", "coordinates": [ 18.38434615, -34.23151947 ] } },
{ "type": "Feature", "properties": { "plot": "CP_12", "year": 2010.0, "species_richness": 52, "subregion": "cape_point" }, "geometry": { "type": "Point", "coordinates": [ 18.39344444, -34.23183333 ] } },
{ "type": "Feature", "properties": { "plot": "CP_13", "year": 2010.0, "species_richness": 25, "subregion": "cape_point" }, "geometry": { "type": "Point", "coordinates": [ 18.4038459, -34.23315411 ] } },
{ "type": "Feature", "properties": { "plot": "CP_14", "year": 2010.0, "species_richness": 28, "subregion": "cape_point" }, "geometry": { "type": "Point", "coordinates": [ 18.41361, -34.23212 ] } },
{ "type": "Feature", "properties": { "plot": "CP_15", "year": 2010.0, "species_richness": 49, "subregion": "cape_point" }, "geometry": { "type": "Point", "coordinates": [ 18.38403, -34.23988 ] } },
{ "type": "Feature", "properties": { "plot": "CP_16", "year": 2010.0, "species_richness": 48, "subregion": "cape_point" }, "geometry": { "type": "Point", "coordinates": [ 18.39350179, -34.24024369 ] } },
{ "type": "Feature", "properties": { "plot": "CP_17", "year": 2010.0, "species_richness": 19, "subregion": "cape_point" }, "geometry": { "type": "Point", "coordinates": [ 18.40361, -34.24009 ] } },
{ "type": "Feature", "properties": { "plot": "CP_18", "year": 2010.0, "species_richness": 19, "subregion": "cape_point" }, "geometry": { "type": "Point", "coordinates": [ 18.41320479, -34.2399297 ] } },
{ "type": "Feature", "properties": { "plot": "CP_19", "year": 2010.0, "species_richness": 37, "subregion": "cape_point" }, "geometry": { "type": "Point", "coordinates": [ 18.38424708, -34.24817707 ] } },
{ "type": "Feature", "properties": { "plot": "CP_2", "year": 2010.0, "species_richness": 63, "subregion": "cape_point" }, "geometry": { "type": "Point", "coordinates": [ 18.384346, -34.206832 ] } },
{ "type": "Feature", "properties": { "plot": "CP_20", "year": 2010.0, "species_richness": 50, "subregion": "cape_point" }, "geometry": { "type": "Point", "coordinates": [ 18.39437652, -34.24859994 ] } },
{ "type": "Feature", "properties": { "plot": "CP_21", "year": 2010.0, "species_richness": 46, "subregion": "cape_point" }, "geometry": { "type": "Point", "coordinates": [ 18.40301, -34.24822 ] } },
{ "type": "Feature", "properties": { "plot": "CP_22", "year": 2010.0, "species_richness": 36, "subregion": "cape_point" }, "geometry": { "type": "Point", "coordinates": [ 18.41183519, -34.24835536 ] } },
{ "type": "Feature", "properties": { "plot": "CP_26", "year": 2010.0, "species_richness": 59, "subregion": "cape_point" }, "geometry": { "type": "Point", "coordinates": [ 18.39388, -34.26088 ] } },
{ "type": "Feature", "properties": { "plot": "CP_27", "year": 2010.0, "species_richness": 58, "subregion": "cape_point" }, "geometry": { "type": "Point", "coordinates": [ 18.40361, -34.25665 ] } },
{ "type": "Feature", "properties": { "plot": "CP_28", "year": 2010.0, "species_richness": 45, "subregion": "cape_point" }, "geometry": { "type": "Point", "coordinates": [ 18.4142412, -34.2572276 ] } },
{ "type": "Feature", "properties": { "plot": "CP_29", "year": 2010.0, "species_richness": 32, "subregion": "cape_point" }, "geometry": { "type": "Point", "coordinates": [ 18.4258, -34.25697 ] } },
{ "type": "Feature", "properties": { "plot": "CP_3", "year": 2010.0, "species_richness": 63, "subregion": "cape_point" }, "geometry": { "type": "Point", "coordinates": [ 18.39477944, -34.20768938 ] } },
{ "type": "Feature", "properties": { "plot": "CP_31", "year": 2010.0, "species_richness": 37, "subregion": "cape_point" }, "geometry": { "type": "Point", "coordinates": [ 18.44316667, -34.25597222 ] } },
{ "type": "Feature", "properties": { "plot": "CP_34", "year": 2010.0, "species_richness": 56, "subregion": "cape_point" }, "geometry": { "type": "Point", "coordinates": [ 18.39305556, -34.26555556 ] } },
{ "type": "Feature", "properties": { "plot": "CP_35", "year": 2010.0, "species_richness": 50, "subregion": "cape_point" }, "geometry": { "type": "Point", "coordinates": [ 18.40313889, -34.26027778 ] } },
{ "type": "Feature", "properties": { "plot": "CP_36", "year": 2010.0, "species_richness": 38, "subregion": "cape_point" }, "geometry": { "type": "Point", "coordinates": [ 18.4138279, -34.2646872 ] } },
{ "type": "Feature", "properties": { "plot": "CP_37", "year": 2010.0, "species_richness": 55, "subregion": "cape_point" }, "geometry": { "type": "Point", "coordinates": [ 18.42301011, -34.2650915 ] } },
{ "type": "Feature", "properties": { "plot": "CP_38", "year": 2010.0, "species_richness": 22, "subregion": "cape_point" }, "geometry": { "type": "Point", "coordinates": [ 18.43391597, -34.26644334 ] } },
{ "type": "Feature", "properties": { "plot": "CP_39", "year": 2010.0, "species_richness": 33, "subregion": "cape_point" }, "geometry": { "type": "Point", "coordinates": [ 18.44386, -34.26501 ] } },
{ "type": "Feature", "properties": { "plot": "CP_4", "year": 2010.0, "species_richness": 43, "subregion": "cape_point" }, "geometry": { "type": "Point", "coordinates": [ 18.3745938, -34.2149819 ] } },
{ "type": "Feature", "properties": { "plot": "CP_40", "year": 2010.0, "species_richness": 30, "subregion": "cape_point" }, "geometry": { "type": "Point", "coordinates": [ 18.45362619, -34.26495362 ] } },
{ "type": "Feature", "properties": { "plot": "CP_42", "year": 2010.0, "species_richness": 19, "subregion": "cape_point" }, "geometry": { "type": "Point", "coordinates": [ 18.46298508, -34.26524204 ] } },
{ "type": "Feature", "properties": { "plot": "CP_44", "year": 2010.0, "species_richness": 43, "subregion": "cape_point" }, "geometry": { "type": "Point", "coordinates": [ 18.39219589, -34.26922395 ] } },
{ "type": "Feature", "properties": { "plot": "CP_45", "year": 2010.0, "species_richness": 59, "subregion": "cape_point" }, "geometry": { "type": "Point", "coordinates": [ 18.40362956, -34.27315313 ] } },
{ "type": "Feature", "properties": { "plot": "CP_46", "year": 2010.0, "species_richness": 49, "subregion": "cape_point" }, "geometry": { "type": "Point", "coordinates": [ 18.41347, -34.27325 ] } },
{ "type": "Feature", "properties": { "plot": "CP_47", "year": 2010.0, "species_richness": 16, "subregion": "cape_point" }, "geometry": { "type": "Point", "coordinates": [ 18.4232, -34.27306 ] } },
{ "type": "Feature", "properties": { "plot": "CP_48", "year": 2010.0, "species_richness": 17, "subregion": "cape_point" }, "geometry": { "type": "Point", "coordinates": [ 18.43301, -34.27303 ] } },
{ "type": "Feature", "properties": { "plot": "CP_49", "year": 2010.0, "species_richness": 36, "subregion": "cape_point" }, "geometry": { "type": "Point", "coordinates": [ 18.44289, -34.27331 ] } },
{ "type": "Feature", "properties": { "plot": "CP_50", "year": 2010.0, "species_richness": 39, "subregion": "cape_point" }, "geometry": { "type": "Point", "coordinates": [ 18.45321, -34.27327199 ] } },
{ "type": "Feature", "properties": { "plot": "CP_55", "year": 2010.0, "species_richness": 35, "subregion": "cape_point" }, "geometry": { "type": "Point", "coordinates": [ 18.42359483, -34.28152808 ] } },
{ "type": "Feature", "properties": { "plot": "CP_56", "year": 2010.0, "species_richness": 36, "subregion": "cape_point" }, "geometry": { "type": "Point", "coordinates": [ 18.43306303, -34.28163537 ] } },
{ "type": "Feature", "properties": { "plot": "CP_57", "year": 2010.0, "species_richness": 44, "subregion": "cape_point" }, "geometry": { "type": "Point", "coordinates": [ 18.44297222, -34.28225 ] } },
{ "type": "Feature", "properties": { "plot": "CP_58", "year": 2010.0, "species_richness": 29, "subregion": "cape_point" }, "geometry": { "type": "Point", "coordinates": [ 18.45320608, -34.28138148 ] } },
{ "type": "Feature", "properties": { "plot": "CP_59", "year": 2010.0, "species_richness": 30, "subregion": "cape_point" }, "geometry": { "type": "Point", "coordinates": [ 18.463, -34.28097222 ] } },
{ "type": "Feature", "properties": { "plot": "CP_61", "year": 2010.0, "species_richness": 43, "subregion": "cape_point" }, "geometry": { "type": "Point", "coordinates": [ 18.40405829, -34.28859386 ] } },
{ "type": "Feature", "properties": { "plot": "CP_62", "year": 2010.0, "species_richness": 39, "subregion": "cape_point" }, "geometry": { "type": "Point", "coordinates": [ 18.41391667, -34.28975 ] } },
{ "type": "Feature", "properties": { "plot": "CP_63", "year": 2010.0, "species_richness": 53, "subregion": "cape_point" }, "geometry": { "type": "Point", "coordinates": [ 18.4231925, -34.28981074 ] } },
{ "type": "Feature", "properties": { "plot": "CP_64", "year": 2010.0, "species_richness": 46, "subregion": "cape_point" }, "geometry": { "type": "Point", "coordinates": [ 18.43333125, -34.28974637 ] } },
{ "type": "Feature", "properties": { "plot": "CP_65", "year": 2010.0, "species_richness": 23, "subregion": "cape_point" }, "geometry": { "type": "Point", "coordinates": [ 18.44329834, -34.28944596 ] } },
{ "type": "Feature", "properties": { "plot": "CP_66", "year": 2010.0, "species_richness": 31, "subregion": "cape_point" }, "geometry": { "type": "Point", "coordinates": [ 18.45297483, -34.28974176 ] } },
{ "type": "Feature", "properties": { "plot": "CP_67", "year": 2010.0, "species_richness": 35, "subregion": "cape_point" }, "geometry": { "type": "Point", "coordinates": [ 18.46296614, -34.28981644 ] } },
{ "type": "Feature", "properties": { "plot": "CP_70", "year": 2010.0, "species_richness": 18, "subregion": "cape_point" }, "geometry": { "type": "Point", "coordinates": [ 18.4231174, -34.29792174 ] } },
{ "type": "Feature", "properties": { "plot": "CP_71", "year": 2010.0, "species_richness": 26, "subregion": "cape_point" }, "geometry": { "type": "Point", "coordinates": [ 18.43328, -34.29786 ] } },
{ "type": "Feature", "properties": { "plot": "CP_72", "year": 2010.0, "species_richness": 27, "subregion": "cape_point" }, "geometry": { "type": "Point", "coordinates": [ 18.44436443, -34.29669631 ] } },
{ "type": "Feature", "properties": { "plot": "CP_73", "year": 2010.0, "species_richness": 24, "subregion": "cape_point" }, "geometry": { "type": "Point", "coordinates": [ 18.45269444, -34.29858333 ] } },
{ "type": "Feature", "properties": { "plot": "CP_75", "year": 2010.0, "species_richness": 26, "subregion": "cape_point" }, "geometry": { "type": "Point", "coordinates": [ 18.41277778, -34.30572222 ] } },
{ "type": "Feature", "properties": { "plot": "CP_76", "year": 2010.0, "species_richness": 21, "subregion": "cape_point" }, "geometry": { "type": "Point", "coordinates": [ 18.42244148, -34.30607566 ] } },
{ "type": "Feature", "properties": { "plot": "CP_78", "year": 2010.0, "species_richness": 24, "subregion": "cape_point" }, "geometry": { "type": "Point", "coordinates": [ 18.44295301, -34.30600307 ] } },
{ "type": "Feature", "properties": { "plot": "CP_79", "year": 2010.0, "species_richness": 56, "subregion": "cape_point" }, "geometry": { "type": "Point", "coordinates": [ 18.45291, -34.30635 ] } },
{ "type": "Feature", "properties": { "plot": "CP_8", "year": 2010.0, "species_richness": 67, "subregion": "cape_point" }, "geometry": { "type": "Point", "coordinates": [ 18.38426133, -34.22349212 ] } },
{ "type": "Feature", "properties": { "plot": "CP_80", "year": 2010.0, "species_richness": 17, "subregion": "cape_point" }, "geometry": { "type": "Point", "coordinates": [ 18.46261, -34.30641 ] } },
{ "type": "Feature", "properties": { "plot": "CP_82", "year": 2010.0, "species_richness": 35, "subregion": "cape_point" }, "geometry": { "type": "Point", "coordinates": [ 18.423509, -34.31435832 ] } },
{ "type": "Feature", "properties": { "plot": "CP_83", "year": 2010.0, "species_richness": 12, "subregion": "cape_point" }, "geometry": { "type": "Point", "coordinates": [ 18.43349755, -34.31463727 ] } },
{ "type": "Feature", "properties": { "plot": "CP_88", "year": 2010.0, "species_richness": 16, "subregion": "cape_point" }, "geometry": { "type": "Point", "coordinates": [ 18.44297222, -34.32266667 ] } },
{ "type": "Feature", "properties": { "plot": "CP_89", "year": 2010.0, "species_richness": 16, "subregion": "cape_point" }, "geometry": { "type": "Point", "coordinates": [ 18.45294444, -34.32269444 ] } },
{ "type": "Feature", "properties": { "plot": "CP_9", "year": 2010.0, "species_richness": 39, "subregion": "cape_point" }, "geometry": { "type": "Point", "coordinates": [ 18.39423646, -34.22359295 ] } },
{ "type": "Feature", "properties": { "plot": "CP_92", "year": 2010.0, "species_richness": 23, "subregion": "cape_point" }, "geometry": { "type": "Point", "coordinates": [ 18.44324, -34.33089 ] } },
{ "type": "Feature", "properties": { "plot": "CP_95", "year": 2010.0, "species_richness": 19, "subregion": "cape_point" }, "geometry": { "type": "Point", "coordinates": [ 18.463083, -34.339806 ] } },
{ "type": "Feature", "properties": { "plot": "CP_99", "year": 2010.0, "species_richness": 26, "subregion": "cape_point" }, "geometry": { "type": "Point", "coordinates": [ 18.46335556, -34.29373632 ] } },
{ "type": "Feature", "properties": { "plot": "HK_1", "year": 1978.0, "species_richness": 12, "subregion": "hangklip" }, "geometry": { "type": "Point", "coordinates": [ 18.816563461619793, -34.304906777374953 ] } },
{ "type": "Feature", "properties": { "plot": "HK_10", "year": 1978.0, "species_richness": 47, "subregion": "hangklip" }, "geometry": { "type": "Point", "coordinates": [ 18.830283203903235, -34.334201181452812 ] } },
{ "type": "Feature", "properties": { "plot": "HK_100", "year": 1978.0, "species_richness": 25, "subregion": "hangklip" }, "geometry": { "type": "Point", "coordinates": [ 18.96367551937594, -34.290989892715075 ] } },
{ "type": "Feature", "properties": { "plot": "HK_101", "year": 1978.0, "species_richness": 28, "subregion": "hangklip" }, "geometry": { "type": "Point", "coordinates": [ 18.989503686482781, -34.28399099313102 ] } },
{ "type": "Feature", "properties": { "plot": "HK_102", "year": 1978.0, "species_richness": 33, "subregion": "hangklip" }, "geometry": { "type": "Point", "coordinates": [ 18.992078198316584, -34.282961694027506 ] } },
{ "type": "Feature", "properties": { "plot": "HK_103", "year": 1978.0, "species_richness": 30, "subregion": "hangklip" }, "geometry": { "type": "Point", "coordinates": [ 18.951487608534556, -34.288260952688802 ] } },
{ "type": "Feature", "properties": { "plot": "HK_104", "year": 1978.0, "species_richness": 35, "subregion": "hangklip" }, "geometry": { "type": "Point", "coordinates": [ 18.968907591812371, -34.2879708310547 ] } },
{ "type": "Feature", "properties": { "plot": "HK_105", "year": 1978.0, "species_richness": 22, "subregion": "hangklip" }, "geometry": { "type": "Point", "coordinates": [ 18.985766491885329, -34.278226755791273 ] } },
{ "type": "Feature", "properties": { "plot": "HK_106", "year": 1978.0, "species_richness": 26, "subregion": "hangklip" }, "geometry": { "type": "Point", "coordinates": [ 18.985303231412235, -34.268401645056514 ] } },
{ "type": "Feature", "properties": { "plot": "HK_107", "year": 1978.0, "species_richness": 26, "subregion": "hangklip" }, "geometry": { "type": "Point", "coordinates": [ 18.962969971491699, -34.278035202765707 ] } },
{ "type": "Feature", "properties": { "plot": "HK_108", "year": 1978.0, "species_richness": 37, "subregion": "hangklip" }, "geometry": { "type": "Point", "coordinates": [ 18.969408442173084, -34.273778934879807 ] } },
{ "type": "Feature", "properties": { "plot": "HK_109", "year": 1978.0, "species_richness": 24, "subregion": "hangklip" }, "geometry": { "type": "Point", "coordinates": [ 18.985933768188431, -34.262297329044813 ] } },
{ "type": "Feature", "properties": { "plot": "HK_11", "year": 1978.0, "species_richness": 36, "subregion": "hangklip" }, "geometry": { "type": "Point", "coordinates": [ 18.980737800373618, -34.337426385202939 ] } },
{ "type": "Feature", "properties": { "plot": "HK_110", "year": 1978.0, "species_richness": 24, "subregion": "hangklip" }, "geometry": { "type": "Point", "coordinates": [ 18.976745946592395, -34.263562894379852 ] } },
{ "type": "Feature", "properties": { "plot": "HK_111", "year": 1978.0, "species_richness": 21, "subregion": "hangklip" }, "geometry": { "type": "Point", "coordinates": [ 18.966476165562248, -34.265283982618939 ] } },
{ "type": "Feature", "properties": { "plot": "HK_112", "year": 1978.0, "species_richness": 22, "subregion": "hangklip" }, "geometry": { "type": "Point", "coordinates": [ 18.957268107063388, -34.273821699142644 ] } },
{ "type": "Feature", "properties": { "plot": "HK_113", "year": 1978.0, "species_richness": 14, "subregion": "hangklip" }, "geometry": { "type": "Point", "coordinates": [ 18.962326124423559, -34.268325276740683 ] } },
{ "type": "Feature", "properties": { "plot": "HK_114", "year": 1978.0, "species_richness": 15, "subregion": "hangklip" }, "geometry": { "type": "Point", "coordinates": [ 18.959214196927569, -34.268147916065885 ] } },
{ "type": "Feature", "properties": { "plot": "HK_115", "year": 1978.0, "species_richness": 24, "subregion": "hangklip" }, "geometry": { "type": "Point", "coordinates": [ 18.957819194946602, -34.266507312090702 ] } },
{ "type": "Feature", "properties": { "plot": "HK_116", "year": 1978.0, "species_richness": 23, "subregion": "hangklip" }, "geometry": { "type": "Point", "coordinates": [ 18.959643428306325, -34.264911018043428 ] } },
{ "type": "Feature", "properties": { "plot": "HK_117", "year": 1978.0, "species_richness": 14, "subregion": "hangklip" }, "geometry": { "type": "Point", "coordinates": [ 18.961181171845865, -34.266437738677695 ] } },
{ "type": "Feature", "properties": { "plot": "HK_118", "year": 1978.0, "species_richness": 26, "subregion": "hangklip" }, "geometry": { "type": "Point", "coordinates": [ 18.94809846767135, -34.26603692282788 ] } },
{ "type": "Feature", "properties": { "plot": "HK_119", "year": 1978.0, "species_richness": 34, "subregion": "hangklip" }, "geometry": { "type": "Point", "coordinates": [ 18.9946712063729, -34.254926893760498 ] } },
{ "type": "Feature", "properties": { "plot": "HK_12", "year": 1978.0, "species_richness": 40, "subregion": "hangklip" }, "geometry": { "type": "Point", "coordinates": [ 18.858618323975513, -34.332022681540508 ] } },
{ "type": "Feature", "properties": { "plot": "HK_120", "year": 1978.0, "species_richness": 16, "subregion": "hangklip" }, "geometry": { "type": "Point", "coordinates": [ 18.975332418921379, -34.251620611238835 ] } },
{ "type": "Feature", "properties": { "plot": "HK_121", "year": 1978.0, "species_richness": 18, "subregion": "hangklip" }, "geometry": { "type": "Point", "coordinates": [ 18.986744458329262, -34.257532676997812 ] } },
{ "type": "Feature", "properties": { "plot": "HK_122", "year": 1978.0, "species_richness": 27, "subregion": "hangklip" }, "geometry": { "type": "Point", "coordinates": [ 18.983952081177524, -34.258202722499185 ] } },
{ "type": "Feature", "properties": { "plot": "HK_123", "year": 1978.0, "species_richness": 29, "subregion": "hangklip" }, "geometry": { "type": "Point", "coordinates": [ 18.973539794193631, -34.260476708940175 ] } },
{ "type": "Feature", "properties": { "plot": "HK_124", "year": 1978.0, "species_richness": 19, "subregion": "hangklip" }, "geometry": { "type": "Point", "coordinates": [ 18.965074955306147, -34.255638386895896 ] } },
{ "type": "Feature", "properties": { "plot": "HK_125", "year": 1978.0, "species_richness": 26, "subregion": "hangklip" }, "geometry": { "type": "Point", "coordinates": [ 18.950804262901791, -34.261316015974145 ] } },
{ "type": "Feature", "properties": { "plot": "HK_126", "year": 1978.0, "species_richness": 21, "subregion": "hangklip" }, "geometry": { "type": "Point", "coordinates": [ 18.95, -34.25833333 ] } },
{ "type": "Feature", "properties": { "plot": "HK_127", "year": 1978.0, "species_richness": 26, "subregion": "hangklip" }, "geometry": { "type": "Point", "coordinates": [ 18.943087735763136, -34.255600879471636 ] } },
{ "type": "Feature", "properties": { "plot": "HK_128", "year": 1978.0, "species_richness": 17, "subregion": "hangklip" }, "geometry": { "type": "Point", "coordinates": [ 18.94375471688992, -34.279842458178827 ] } },
{ "type": "Feature", "properties": { "plot": "HK_129", "year": 1978.0, "species_richness": 36, "subregion": "hangklip" }, "geometry": { "type": "Point", "coordinates": [ 18.949657135864648, -34.277736256863911 ] } },
{ "type": "Feature", "properties": { "plot": "HK_13", "year": 1978.0, "species_richness": 27, "subregion": "hangklip" }, "geometry": { "type": "Point", "coordinates": [ 18.862271050545537, -34.330162572084532 ] } },
{ "type": "Feature", "properties": { "plot": "HK_130", "year": 1978.0, "species_richness": 16, "subregion": "hangklip" }, "geometry": { "type": "Point", "coordinates": [ 18.9380232037763, -34.279488198473857 ] } },
{ "type": "Feature", "properties": { "plot": "HK_131", "year": 1978.0, "species_richness": 48, "subregion": "hangklip" }, "geometry": { "type": "Point", "coordinates": [ 18.941530577275433, -34.277834679251917 ] } },
{ "type": "Feature", "properties": { "plot": "HK_132", "year": 1978.0, "species_richness": 49, "subregion": "hangklip" }, "geometry": { "type": "Point", "coordinates": [ 18.943310458066705, -34.274777782375416 ] } },
{ "type": "Feature", "properties": { "plot": "HK_133", "year": 1978.0, "species_richness": 44, "subregion": "hangklip" }, "geometry": { "type": "Point", "coordinates": [ 18.938108035921815, -34.275777106489727 ] } },
{ "type": "Feature", "properties": { "plot": "HK_134", "year": 1978.0, "species_richness": 33, "subregion": "hangklip" }, "geometry": { "type": "Point", "coordinates": [ 18.934271455616901, -34.277805841121513 ] } },
{ "type": "Feature", "properties": { "plot": "HK_135", "year": 1978.0, "species_richness": 18, "subregion": "hangklip" }, "geometry": { "type": "Point", "coordinates": [ 18.927996279204255, -34.276673311619263 ] } },
{ "type": "Feature", "properties": { "plot": "HK_136", "year": 1978.0, "species_richness": 15, "subregion": "hangklip" }, "geometry": { "type": "Point", "coordinates": [ 18.926384854171332, -34.273958923627269 ] } },
{ "type": "Feature", "properties": { "plot": "HK_137", "year": 1978.0, "species_richness": 33, "subregion": "hangklip" }, "geometry": { "type": "Point", "coordinates": [ 18.940863640967159, -34.273739620812862 ] } },
{ "type": "Feature", "properties": { "plot": "HK_138", "year": 1978.0, "species_richness": 18, "subregion": "hangklip" }, "geometry": { "type": "Point", "coordinates": [ 18.95011443107316, -34.273706970782349 ] } },
{ "type": "Feature", "properties": { "plot": "HK_139", "year": 1978.0, "species_richness": 33, "subregion": "hangklip" }, "geometry": { "type": "Point", "coordinates": [ 18.947858213296229, -34.27336515591815 ] } },
{ "type": "Feature", "properties": { "plot": "HK_14", "year": 1978.0, "species_richness": 20, "subregion": "hangklip" }, "geometry": { "type": "Point", "coordinates": [ 18.845681584040022, -34.335139529252054 ] } },
{ "type": "Feature", "properties": { "plot": "HK_140", "year": 1978.0, "species_richness": 18, "subregion": "hangklip" }, "geometry": { "type": "Point", "coordinates": [ 18.94278709184864, -34.262516973549474 ] } },
{ "type": "Feature", "properties": { "plot": "HK_141", "year": 1978.0, "species_richness": 15, "subregion": "hangklip" }, "geometry": { "type": "Point", "coordinates": [ 18.939079150236559, -34.261191778004921 ] } },
{ "type": "Feature", "properties": { "plot": "HK_142", "year": 1978.0, "species_richness": 29, "subregion": "hangklip" }, "geometry": { "type": "Point", "coordinates": [ 18.942832339972103, -34.267385986201305 ] } },
{ "type": "Feature", "properties": { "plot": "HK_143", "year": 1978.0, "species_richness": 22, "subregion": "hangklip" }, "geometry": { "type": "Point", "coordinates": [ 18.934440034099232, -34.254226393456939 ] } },
{ "type": "Feature", "properties": { "plot": "HK_144", "year": 1978.0, "species_richness": 20, "subregion": "hangklip" }, "geometry": { "type": "Point", "coordinates": [ 18.930876178180618, -34.253513721372187 ] } },
{ "type": "Feature", "properties": { "plot": "HK_145", "year": 1978.0, "species_richness": 29, "subregion": "hangklip" }, "geometry": { "type": "Point", "coordinates": [ 18.921959833910268, -34.258619346944087 ] } },
{ "type": "Feature", "properties": { "plot": "HK_146", "year": 1978.0, "species_richness": 34, "subregion": "hangklip" }, "geometry": { "type": "Point", "coordinates": [ 18.917537946402316, -34.261323650414226 ] } },
{ "type": "Feature", "properties": { "plot": "HK_147", "year": 1978.0, "species_richness": 28, "subregion": "hangklip" }, "geometry": { "type": "Point", "coordinates": [ 18.916340043291378, -34.255732573372718 ] } },
{ "type": "Feature", "properties": { "plot": "HK_148", "year": 1978.0, "species_richness": 25, "subregion": "hangklip" }, "geometry": { "type": "Point", "coordinates": [ 18.919124315949251, -34.255397284772364 ] } },
{ "type": "Feature", "properties": { "plot": "HK_149", "year": 1978.0, "species_richness": 32, "subregion": "hangklip" }, "geometry": { "type": "Point", "coordinates": [ 18.914611060208401, -34.252654402682275 ] } },
{ "type": "Feature", "properties": { "plot": "HK_15", "year": 1978.0, "species_richness": 20, "subregion": "hangklip" }, "geometry": { "type": "Point", "coordinates": [ 18.838442861892457, -34.338521320249008 ] } },
{ "type": "Feature", "properties": { "plot": "HK_150", "year": 1978.0, "species_richness": 22, "subregion": "hangklip" }, "geometry": { "type": "Point", "coordinates": [ 18.92066623602555, -34.250793553095249 ] } },
{ "type": "Feature", "properties": { "plot": "HK_151", "year": 1978.0, "species_richness": 40, "subregion": "hangklip" }, "geometry": { "type": "Point", "coordinates": [ 18.930050149723655, -34.288302598720676 ] } },
{ "type": "Feature", "properties": { "plot": "HK_152", "year": 1978.0, "species_richness": 22, "subregion": "hangklip" }, "geometry": { "type": "Point", "coordinates": [ 18.928535110680464, -34.285564360943475 ] } },
{ "type": "Feature", "properties": { "plot": "HK_153", "year": 1978.0, "species_richness": 26, "subregion": "hangklip" }, "geometry": { "type": "Point", "coordinates": [ 18.925505032594092, -34.282669555418913 ] } },
{ "type": "Feature", "properties": { "plot": "HK_154", "year": 1978.0, "species_richness": 14, "subregion": "hangklip" }, "geometry": { "type": "Point", "coordinates": [ 18.917384960790255, -34.27516851515086 ] } },
{ "type": "Feature", "properties": { "plot": "HK_155", "year": 1978.0, "species_richness": 11, "subregion": "hangklip" }, "geometry": { "type": "Point", "coordinates": [ 18.921485916759256, -34.279245556058683 ] } },
{ "type": "Feature", "properties": { "plot": "HK_156", "year": 1978.0, "species_richness": 29, "subregion": "hangklip" }, "geometry": { "type": "Point", "coordinates": [ 18.914229354645229, -34.276019736385486 ] } },
{ "type": "Feature", "properties": { "plot": "HK_157", "year": 1978.0, "species_richness": 39, "subregion": "hangklip" }, "geometry": { "type": "Point", "coordinates": [ 18.913433763346987, -34.272508415284555 ] } },
{ "type": "Feature", "properties": { "plot": "HK_158", "year": 1978.0, "species_richness": 32, "subregion": "hangklip" }, "geometry": { "type": "Point", "coordinates": [ 18.907513943956232, -34.288459066755813 ] } },
{ "type": "Feature", "properties": { "plot": "HK_159", "year": 1978.0, "species_richness": 37, "subregion": "hangklip" }, "geometry": { "type": "Point", "coordinates": [ 18.907509905163668, -34.281776168402423 ] } },
{ "type": "Feature", "properties": { "plot": "HK_16", "year": 1978.0, "species_richness": 10, "subregion": "hangklip" }, "geometry": { "type": "Point", "coordinates": [ 18.834414185187612, -34.3388649074734 ] } },
{ "type": "Feature", "properties": { "plot": "HK_160", "year": 1978.0, "species_richness": 20, "subregion": "hangklip" }, "geometry": { "type": "Point", "coordinates": [ 18.906848534422693, -34.27767750029993 ] } },
{ "type": "Feature", "properties": { "plot": "HK_161", "year": 1978.0, "species_richness": 29, "subregion": "hangklip" }, "geometry": { "type": "Point", "coordinates": [ 18.899559988979501, -34.286503195375744 ] } },
{ "type": "Feature", "properties": { "plot": "HK_162", "year": 1978.0, "species_richness": 36, "subregion": "hangklip" }, "geometry": { "type": "Point", "coordinates": [ 18.897244956554452, -34.278242882414865 ] } },
{ "type": "Feature", "properties": { "plot": "HK_163", "year": 1978.0, "species_richness": 23, "subregion": "hangklip" }, "geometry": { "type": "Point", "coordinates": [ 18.900142005787277, -34.276398947547001 ] } },
{ "type": "Feature", "properties": { "plot": "HK_164", "year": 1978.0, "species_richness": 50, "subregion": "hangklip" }, "geometry": { "type": "Point", "coordinates": [ 18.886173184616808, -34.276669239699743 ] } },
{ "type": "Feature", "properties": { "plot": "HK_165", "year": 1978.0, "species_richness": 15, "subregion": "hangklip" }, "geometry": { "type": "Point", "coordinates": [ 18.890410027789994, -34.273077772714842 ] } },
{ "type": "Feature", "properties": { "plot": "HK_166", "year": 1978.0, "species_richness": 33, "subregion": "hangklip" }, "geometry": { "type": "Point", "coordinates": [ 18.887004297315645, -34.2733878323249 ] } },
{ "type": "Feature", "properties": { "plot": "HK_167", "year": 1978.0, "species_richness": 21, "subregion": "hangklip" }, "geometry": { "type": "Point", "coordinates": [ 18.879341516009266, -34.26670666202056 ] } },
{ "type": "Feature", "properties": { "plot": "HK_168", "year": 1978.0, "species_richness": 19, "subregion": "hangklip" }, "geometry": { "type": "Point", "coordinates": [ 18.87921139528763, -34.262297607495064 ] } },
{ "type": "Feature", "properties": { "plot": "HK_169", "year": 1978.0, "species_richness": 30, "subregion": "hangklip" }, "geometry": { "type": "Point", "coordinates": [ 18.892677951866055, -34.267597547416536 ] } },
{ "type": "Feature", "properties": { "plot": "HK_17", "year": 1978.0, "species_richness": 14, "subregion": "hangklip" }, "geometry": { "type": "Point", "coordinates": [ 18.850427796794811, -34.344874155057333 ] } },
{ "type": "Feature", "properties": { "plot": "HK_170", "year": 1978.0, "species_richness": 30, "subregion": "hangklip" }, "geometry": { "type": "Point", "coordinates": [ 18.895089415440605, -34.267597547416536 ] } },
{ "type": "Feature", "properties": { "plot": "HK_171", "year": 1978.0, "species_richness": 24, "subregion": "hangklip" }, "geometry": { "type": "Point", "coordinates": [ 18.909391353403496, -34.263095082931358 ] } },
{ "type": "Feature", "properties": { "plot": "HK_172", "year": 1978.0, "species_richness": 24, "subregion": "hangklip" }, "geometry": { "type": "Point", "coordinates": [ 18.892189917571208, -34.264157396697655 ] } },
{ "type": "Feature", "properties": { "plot": "HK_173", "year": 1978.0, "species_richness": 11, "subregion": "hangklip" }, "geometry": { "type": "Point", "coordinates": [ 18.93792208796944, -34.283347462091456 ] } },
{ "type": "Feature", "properties": { "plot": "HK_174", "year": 1978.0, "species_richness": 10, "subregion": "hangklip" }, "geometry": { "type": "Point", "coordinates": [ 18.941855877665216, -34.282587698027761 ] } },
{ "type": "Feature", "properties": { "plot": "HK_175", "year": 1978.0, "species_richness": 21, "subregion": "hangklip" }, "geometry": { "type": "Point", "coordinates": [ 18.897678593140377, -34.256016622589158 ] } },
{ "type": "Feature", "properties": { "plot": "HK_176", "year": 1978.0, "species_richness": 13, "subregion": "hangklip" }, "geometry": { "type": "Point", "coordinates": [ 18.901874306005428, -34.258085149967243 ] } },
{ "type": "Feature", "properties": { "plot": "HK_177", "year": 1978.0, "species_richness": 28, "subregion": "hangklip" }, "geometry": { "type": "Point", "coordinates": [ 18.898241014962867, -34.254250500936323 ] } },
{ "type": "Feature", "properties": { "plot": "HK_178", "year": 1978.0, "species_richness": 29, "subregion": "hangklip" }, "geometry": { "type": "Point", "coordinates": [ 18.899292743428283, -34.250139684830188 ] } },
{ "type": "Feature", "properties": { "plot": "HK_179", "year": 1978.0, "species_richness": 9, "subregion": "hangklip" }, "geometry": { "type": "Point", "coordinates": [ 18.902840392366368, -34.250882281271508 ] } },
{ "type": "Feature", "properties": { "plot": "HK_18", "year": 1978.0, "species_richness": 10, "subregion": "hangklip" }, "geometry": { "type": "Point", "coordinates": [ 18.852940075276603, -34.345294616069445 ] } },
{ "type": "Feature", "properties": { "plot": "HK_180", "year": 1978.0, "species_richness": 25, "subregion": "hangklip" }, "geometry": { "type": "Point", "coordinates": [ 18.855190466816129, -34.293548952026995 ] } },
{ "type": "Feature", "properties": { "plot": "HK_181", "year": 1978.0, "species_richness": 32, "subregion": "hangklip" }, "geometry": { "type": "Point", "coordinates": [ 18.852003939467753, -34.291592851783207 ] } },
{ "type": "Feature", "properties": { "plot": "HK_182", "year": 1978.0, "species_richness": 39, "subregion": "hangklip" }, "geometry": { "type": "Point", "coordinates": [ 18.867613662434707, -34.289864442980374 ] } },
{ "type": "Feature", "properties": { "plot": "HK_183", "year": 1978.0, "species_richness": 35, "subregion": "hangklip" }, "geometry": { "type": "Point", "coordinates": [ 18.868368697113254, -34.284638630098343 ] } },
{ "type": "Feature", "properties": { "plot": "HK_184", "year": 1978.0, "species_richness": 32, "subregion": "hangklip" }, "geometry": { "type": "Point", "coordinates": [ 18.873091268513701, -34.281483232452111 ] } },
{ "type": "Feature", "properties": { "plot": "HK_185", "year": 1978.0, "species_richness": 33, "subregion": "hangklip" }, "geometry": { "type": "Point", "coordinates": [ 18.869243247372591, -34.281146007376371 ] } },
{ "type": "Feature", "properties": { "plot": "HK_186", "year": 1978.0, "species_richness": 13, "subregion": "hangklip" }, "geometry": { "type": "Point", "coordinates": [ 18.865803349685851, -34.283121163574179 ] } },
{ "type": "Feature", "properties": { "plot": "HK_187", "year": 1978.0, "species_richness": 24, "subregion": "hangklip" }, "geometry": { "type": "Point", "coordinates": [ 18.862042783570683, -34.286806391888987 ] } },
{ "type": "Feature", "properties": { "plot": "HK_188", "year": 1978.0, "species_richness": 38, "subregion": "hangklip" }, "geometry": { "type": "Point", "coordinates": [ 18.862421755349729, -34.285096273354952 ] } },
{ "type": "Feature", "properties": { "plot": "HK_189", "year": 1978.0, "species_richness": 37, "subregion": "hangklip" }, "geometry": { "type": "Point", "coordinates": [ 18.871924634876141, -34.276778512832863 ] } },
{ "type": "Feature", "properties": { "plot": "HK_19", "year": 1978.0, "species_richness": 10, "subregion": "hangklip" }, "geometry": { "type": "Point", "coordinates": [ 18.835432832713675, -34.348469140698647 ] } },
{ "type": "Feature", "properties": { "plot": "HK_190", "year": 1978.0, "species_richness": 20, "subregion": "hangklip" }, "geometry": { "type": "Point", "coordinates": [ 18.87516073459258, -34.276919731732711 ] } },
{ "type": "Feature", "properties": { "plot": "HK_191", "year": 1978.0, "species_richness": 36, "subregion": "hangklip" }, "geometry": { "type": "Point", "coordinates": [ 18.866861453343287, -34.27564653445031 ] } },
{ "type": "Feature", "properties": { "plot": "HK_192", "year": 1978.0, "species_richness": 35, "subregion": "hangklip" }, "geometry": { "type": "Point", "coordinates": [ 18.859062177874005, -34.275895012423767 ] } },
{ "type": "Feature", "properties": { "plot": "HK_193", "year": 1978.0, "species_richness": 38, "subregion": "hangklip" }, "geometry": { "type": "Point", "coordinates": [ 18.855788129387772, -34.27774889862588 ] } },
{ "type": "Feature", "properties": { "plot": "HK_194", "year": 1978.0, "species_richness": 26, "subregion": "hangklip" }, "geometry": { "type": "Point", "coordinates": [ 18.856449593347062, -34.279880644354016 ] } },
{ "type": "Feature", "properties": { "plot": "HK_195", "year": 1978.0, "species_richness": 38, "subregion": "hangklip" }, "geometry": { "type": "Point", "coordinates": [ 18.850777377730619, -34.279794602124859 ] } },
{ "type": "Feature", "properties": { "plot": "HK_196", "year": 1978.0, "species_richness": 30, "subregion": "hangklip" }, "geometry": { "type": "Point", "coordinates": [ 18.850928961598836, -34.276838572478184 ] } },
{ "type": "Feature", "properties": { "plot": "HK_197", "year": 1978.0, "species_richness": 39, "subregion": "hangklip" }, "geometry": { "type": "Point", "coordinates": [ 18.843227884451277, -34.280403780637108 ] } },
{ "type": "Feature", "properties": { "plot": "HK_198", "year": 1978.0, "species_richness": 22, "subregion": "hangklip" }, "geometry": { "type": "Point", "coordinates": [ 18.842795735158209, -34.281501082123341 ] } },
{ "type": "Feature", "properties": { "plot": "HK_199", "year": 1978.0, "species_richness": 13, "subregion": "hangklip" }, "geometry": { "type": "Point", "coordinates": [ 18.837442401156352, -34.286562291487542 ] } },
{ "type": "Feature", "properties": { "plot": "HK_2", "year": 1978.0, "species_richness": 14, "subregion": "hangklip" }, "geometry": { "type": "Point", "coordinates": [ 18.815013452636649, -34.300577745191411 ] } },
{ "type": "Feature", "properties": { "plot": "HK_20", "year": 1978.0, "species_richness": 40, "subregion": "hangklip" }, "geometry": { "type": "Point", "coordinates": [ 18.843803325881915, -34.349427752382908 ] } },
{ "type": "Feature", "properties": { "plot": "HK_200", "year": 1978.0, "species_richness": 22, "subregion": "hangklip" }, "geometry": { "type": "Point", "coordinates": [ 18.845845020197849, -34.291367858806062 ] } },
{ "type": "Feature", "properties": { "plot": "HK_201", "year": 1978.0, "species_richness": 20, "subregion": "hangklip" }, "geometry": { "type": "Point", "coordinates": [ 18.827389561773309, -34.2917464719471 ] } },
{ "type": "Feature", "properties": { "plot": "HK_202", "year": 1978.0, "species_richness": 26, "subregion": "hangklip" }, "geometry": { "type": "Point", "coordinates": [ 18.832323271285297, -34.278320649861712 ] } },
{ "type": "Feature", "properties": { "plot": "HK_203", "year": 1978.0, "species_richness": 22, "subregion": "hangklip" }, "geometry": { "type": "Point", "coordinates": [ 18.82968115984184, -34.278525977576528 ] } },
{ "type": "Feature", "properties": { "plot": "HK_204", "year": 1978.0, "species_richness": 39, "subregion": "hangklip" }, "geometry": { "type": "Point", "coordinates": [ 18.865620396366957, -34.269215129957423 ] } },
{ "type": "Feature", "properties": { "plot": "HK_205", "year": 1978.0, "species_richness": 18, "subregion": "hangklip" }, "geometry": { "type": "Point", "coordinates": [ 18.869854933201829, -34.270556020545527 ] } },
{ "type": "Feature", "properties": { "plot": "HK_206", "year": 1978.0, "species_richness": 30, "subregion": "hangklip" }, "geometry": { "type": "Point", "coordinates": [ 18.871991989174564, -34.262346818549602 ] } },
{ "type": "Feature", "properties": { "plot": "HK_207", "year": 1978.0, "species_richness": 25, "subregion": "hangklip" }, "geometry": { "type": "Point", "coordinates": [ 18.85833324931351, -34.26293155586594 ] } },
{ "type": "Feature", "properties": { "plot": "HK_208", "year": 1978.0, "species_richness": 20, "subregion": "hangklip" }, "geometry": { "type": "Point", "coordinates": [ 18.863149691336467, -34.257108970012581 ] } },
{ "type": "Feature", "properties": { "plot": "HK_209", "year": 1978.0, "species_richness": 16, "subregion": "hangklip" }, "geometry": { "type": "Point", "coordinates": [ 18.875169797316389, -34.25731988263022 ] } },
{ "type": "Feature", "properties": { "plot": "HK_21", "year": 1978.0, "species_richness": 17, "subregion": "hangklip" }, "geometry": { "type": "Point", "coordinates": [ 18.818104299132258, -34.351307931745794 ] } },
{ "type": "Feature", "properties": { "plot": "HK_210", "year": 1978.0, "species_richness": 24, "subregion": "hangklip" }, "geometry": { "type": "Point", "coordinates": [ 18.876248356950121, -34.27630329407895 ] } },
{ "type": "Feature", "properties": { "plot": "HK_211", "year": 1978.0, "species_richness": 24, "subregion": "hangklip" }, "geometry": { "type": "Point", "coordinates": [ 18.872938157229505, -34.25184785719464 ] } },
{ "type": "Feature", "properties": { "plot": "HK_212", "year": 1978.0, "species_richness": 27, "subregion": "hangklip" }, "geometry": { "type": "Point", "coordinates": [ 18.870188827669807, -34.251616753379679 ] } },
{ "type": "Feature", "properties": { "plot": "HK_213", "year": 1978.0, "species_richness": 6, "subregion": "hangklip" }, "geometry": { "type": "Point", "coordinates": [ 18.87835546734815, -34.253199024322427 ] } },
{ "type": "Feature", "properties": { "plot": "HK_214", "year": 1978.0, "species_richness": 11, "subregion": "hangklip" }, "geometry": { "type": "Point", "coordinates": [ 18.858977306861252, -34.291633496098562 ] } },
{ "type": "Feature", "properties": { "plot": "HK_215", "year": 1978.0, "species_richness": 18, "subregion": "hangklip" }, "geometry": { "type": "Point", "coordinates": [ 18.859004176056025, -34.292988848321279 ] } },
{ "type": "Feature", "properties": { "plot": "HK_216", "year": 1978.0, "species_richness": 15, "subregion": "hangklip" }, "geometry": { "type": "Point", "coordinates": [ 18.884910909819919, -34.285690840385506 ] } },
{ "type": "Feature", "properties": { "plot": "HK_217", "year": 1978.0, "species_richness": 13, "subregion": "hangklip" }, "geometry": { "type": "Point", "coordinates": [ 18.883276060480203, -34.287154168627339 ] } },
{ "type": "Feature", "properties": { "plot": "HK_218", "year": 1978.0, "species_richness": 16, "subregion": "hangklip" }, "geometry": { "type": "Point", "coordinates": [ 18.879012271956263, -34.286894373293627 ] } },
{ "type": "Feature", "properties": { "plot": "HK_219", "year": 1978.0, "species_richness": 12, "subregion": "hangklip" }, "geometry": { "type": "Point", "coordinates": [ 18.883273319265228, -34.284938465495095 ] } },
{ "type": "Feature", "properties": { "plot": "HK_22", "year": 1978.0, "species_richness": 40, "subregion": "hangklip" }, "geometry": { "type": "Point", "coordinates": [ 18.842824576449942, -34.354239286730341 ] } },
{ "type": "Feature", "properties": { "plot": "HK_220", "year": 1978.0, "species_richness": 12, "subregion": "hangklip" }, "geometry": { "type": "Point", "coordinates": [ 18.901927237484479, -34.289710800548043 ] } },
{ "type": "Feature", "properties": { "plot": "HK_221", "year": 1978.0, "species_richness": 6, "subregion": "hangklip" }, "geometry": { "type": "Point", "coordinates": [ 18.904944306589496, -34.289341120176957 ] } },
{ "type": "Feature", "properties": { "plot": "HK_222", "year": 1978.0, "species_richness": 11, "subregion": "hangklip" }, "geometry": { "type": "Point", "coordinates": [ 18.916874196600091, -34.292666441048709 ] } },
{ "type": "Feature", "properties": { "plot": "HK_223", "year": 1978.0, "species_richness": 9, "subregion": "hangklip" }, "geometry": { "type": "Point", "coordinates": [ 18.908504927077654, -34.326691554787786 ] } },
{ "type": "Feature", "properties": { "plot": "HK_224", "year": 1978.0, "species_richness": 32, "subregion": "hangklip" }, "geometry": { "type": "Point", "coordinates": [ 18.898697490311378, -34.314464227928958 ] } },
{ "type": "Feature", "properties": { "plot": "HK_225", "year": 1978.0, "species_richness": 34, "subregion": "hangklip" }, "geometry": { "type": "Point", "coordinates": [ 18.900601578321691, -34.311691335484959 ] } },
{ "type": "Feature", "properties": { "plot": "HK_226", "year": 1978.0, "species_richness": 45, "subregion": "hangklip" }, "geometry": { "type": "Point", "coordinates": [ 18.895393631610737, -34.300506230475065 ] } },
{ "type": "Feature", "properties": { "plot": "HK_227", "year": 1978.0, "species_richness": 40, "subregion": "hangklip" }, "geometry": { "type": "Point", "coordinates": [ 18.94359081117215, -34.305981642851378 ] } },
{ "type": "Feature", "properties": { "plot": "HK_228", "year": 1978.0, "species_richness": 25, "subregion": "hangklip" }, "geometry": { "type": "Point", "coordinates": [ 18.939209142832265, -34.309619192247126 ] } },
{ "type": "Feature", "properties": { "plot": "HK_229", "year": 1978.0, "species_richness": 13, "subregion": "hangklip" }, "geometry": { "type": "Point", "coordinates": [ 18.936375223769836, -34.307676780954473 ] } },
{ "type": "Feature", "properties": { "plot": "HK_23", "year": 1978.0, "species_richness": 29, "subregion": "hangklip" }, "geometry": { "type": "Point", "coordinates": [ 18.855036215612756, -34.357394185678693 ] } },
{ "type": "Feature", "properties": { "plot": "HK_230", "year": 1978.0, "species_richness": 20, "subregion": "hangklip" }, "geometry": { "type": "Point", "coordinates": [ 18.943212051411351, -34.301601341508658 ] } },
{ "type": "Feature", "properties": { "plot": "HK_231", "year": 1978.0, "species_richness": 20, "subregion": "hangklip" }, "geometry": { "type": "Point", "coordinates": [ 18.938811366138783, -34.291235386793112 ] } },
{ "type": "Feature", "properties": { "plot": "HK_232", "year": 1978.0, "species_richness": 13, "subregion": "hangklip" }, "geometry": { "type": "Point", "coordinates": [ 18.894917168042426, -34.275094215938395 ] } },
{ "type": "Feature", "properties": { "plot": "HK_233", "year": 1978.0, "species_richness": 7, "subregion": "hangklip" }, "geometry": { "type": "Point", "coordinates": [ 18.894084079121932, -34.273851896428837 ] } },
{ "type": "Feature", "properties": { "plot": "HK_234", "year": 1978.0, "species_richness": 7, "subregion": "hangklip" }, "geometry": { "type": "Point", "coordinates": [ 18.9083450199577, -34.275473416100105 ] } },
{ "type": "Feature", "properties": { "plot": "HK_235", "year": 1978.0, "species_richness": 12, "subregion": "hangklip" }, "geometry": { "type": "Point", "coordinates": [ 18.915883003421627, -34.27915580364855 ] } },
{ "type": "Feature", "properties": { "plot": "HK_236", "year": 1978.0, "species_richness": 27, "subregion": "hangklip" }, "geometry": { "type": "Point", "coordinates": [ 18.894178565224664, -34.290055540880303 ] } },
{ "type": "Feature", "properties": { "plot": "HK_237", "year": 1978.0, "species_richness": 22, "subregion": "hangklip" }, "geometry": { "type": "Point", "coordinates": [ 18.950973034250616, -34.313585126902233 ] } },
{ "type": "Feature", "properties": { "plot": "HK_238", "year": 1978.0, "species_richness": 14, "subregion": "hangklip" }, "geometry": { "type": "Point", "coordinates": [ 19.013612787887968, -34.278603096379662 ] } },
{ "type": "Feature", "properties": { "plot": "HK_239", "year": 1978.0, "species_richness": 16, "subregion": "hangklip" }, "geometry": { "type": "Point", "coordinates": [ 18.888529053792837, -34.234459190611425 ] } },
{ "type": "Feature", "properties": { "plot": "HK_24", "year": 1978.0, "species_richness": 24, "subregion": "hangklip" }, "geometry": { "type": "Point", "coordinates": [ 18.861498728190281, -34.358348610408356 ] } },
{ "type": "Feature", "properties": { "plot": "HK_240", "year": 1978.0, "species_richness": 4, "subregion": "hangklip" }, "geometry": { "type": "Point", "coordinates": [ 18.893052228969808, -34.235772491645463 ] } },
{ "type": "Feature", "properties": { "plot": "HK_241", "year": 1978.0, "species_richness": 18, "subregion": "hangklip" }, "geometry": { "type": "Point", "coordinates": [ 18.902001854750718, -34.229291833280513 ] } },
{ "type": "Feature", "properties": { "plot": "HK_242", "year": 1978.0, "species_richness": 15, "subregion": "hangklip" }, "geometry": { "type": "Point", "coordinates": [ 18.850376557372648, -34.269099199746904 ] } },
{ "type": "Feature", "properties": { "plot": "HK_243", "year": 1978.0, "species_richness": 6, "subregion": "hangklip" }, "geometry": { "type": "Point", "coordinates": [ 18.82838367885125, -34.30106667639771 ] } },
{ "type": "Feature", "properties": { "plot": "HK_244", "year": 1978.0, "species_richness": 9, "subregion": "hangklip" }, "geometry": { "type": "Point", "coordinates": [ 18.830635873554662, -34.301977224033408 ] } },
{ "type": "Feature", "properties": { "plot": "HK_245", "year": 1978.0, "species_richness": 15, "subregion": "hangklip" }, "geometry": { "type": "Point", "coordinates": [ 18.915115438717535, -34.223597500390056 ] } },
{ "type": "Feature", "properties": { "plot": "HK_246", "year": 1978.0, "species_richness": 9, "subregion": "hangklip" }, "geometry": { "type": "Point", "coordinates": [ 18.914553867533023, -34.227868318168227 ] } },
{ "type": "Feature", "properties": { "plot": "HK_247", "year": 1978.0, "species_richness": 13, "subregion": "hangklip" }, "geometry": { "type": "Point", "coordinates": [ 18.961993959059217, -34.181485950807769 ] } },
{ "type": "Feature", "properties": { "plot": "HK_248", "year": 1978.0, "species_richness": 22, "subregion": "hangklip" }, "geometry": { "type": "Point", "coordinates": [ 18.955067507818804, -34.180439993586312 ] } },
{ "type": "Feature", "properties": { "plot": "HK_249", "year": 1978.0, "species_richness": 21, "subregion": "hangklip" }, "geometry": { "type": "Point", "coordinates": [ 18.959080451791426, -34.185169436033632 ] } },
{ "type": "Feature", "properties": { "plot": "HK_25", "year": 1978.0, "species_richness": 21, "subregion": "hangklip" }, "geometry": { "type": "Point", "coordinates": [ 18.847595432782672, -34.360110596738643 ] } },
{ "type": "Feature", "properties": { "plot": "HK_250", "year": 1978.0, "species_richness": 26, "subregion": "hangklip" }, "geometry": { "type": "Point", "coordinates": [ 18.957761127745631, -34.192263102551685 ] } },
{ "type": "Feature", "properties": { "plot": "HK_251", "year": 1978.0, "species_richness": 7, "subregion": "hangklip" }, "geometry": { "type": "Point", "coordinates": [ 18.960463450378651, -34.195219330908735 ] } },
{ "type": "Feature", "properties": { "plot": "HK_26", "year": 1978.0, "species_richness": 40, "subregion": "hangklip" }, "geometry": { "type": "Point", "coordinates": [ 18.829939650033563, -34.361529174454226 ] } },
{ "type": "Feature", "properties": { "plot": "HK_27", "year": 1978.0, "species_richness": 44, "subregion": "hangklip" }, "geometry": { "type": "Point", "coordinates": [ 18.837115511192888, -34.362117495372189 ] } },
{ "type": "Feature", "properties": { "plot": "HK_28", "year": 1978.0, "species_richness": 46, "subregion": "hangklip" }, "geometry": { "type": "Point", "coordinates": [ 18.839414125684922, -34.363382469863211 ] } },
{ "type": "Feature", "properties": { "plot": "HK_29", "year": 1978.0, "species_richness": 21, "subregion": "hangklip" }, "geometry": { "type": "Point", "coordinates": [ 18.860117067476807, -34.364397952208627 ] } },
{ "type": "Feature", "properties": { "plot": "HK_3", "year": 1978.0, "species_richness": 11, "subregion": "hangklip" }, "geometry": { "type": "Point", "coordinates": [ 18.834861106838957, -34.31802744282227 ] } },
{ "type": "Feature", "properties": { "plot": "HK_30", "year": 1978.0, "species_richness": 35, "subregion": "hangklip" }, "geometry": { "type": "Point", "coordinates": [ 18.845829569884678, -34.369387059759141 ] } },
{ "type": "Feature", "properties": { "plot": "HK_31", "year": 1978.0, "species_richness": 31, "subregion": "hangklip" }, "geometry": { "type": "Point", "coordinates": [ 18.848087605225135, -34.370665095804647 ] } },
{ "type": "Feature", "properties": { "plot": "HK_32", "year": 1978.0, "species_richness": 18, "subregion": "hangklip" }, "geometry": { "type": "Point", "coordinates": [ 18.859584792872752, -34.37131780273981 ] } },
{ "type": "Feature", "properties": { "plot": "HK_33", "year": 1978.0, "species_richness": 21, "subregion": "hangklip" }, "geometry": { "type": "Point", "coordinates": [ 18.835162832229351, -34.374201350467459 ] } },
{ "type": "Feature", "properties": { "plot": "HK_34", "year": 1978.0, "species_richness": 6, "subregion": "hangklip" }, "geometry": { "type": "Point", "coordinates": [ 18.846589833509849, -34.378077895606125 ] } },
{ "type": "Feature", "properties": { "plot": "HK_35", "year": 1978.0, "species_richness": 15, "subregion": "hangklip" }, "geometry": { "type": "Point", "coordinates": [ 18.855278632411949, -34.385971615136846 ] } },
{ "type": "Feature", "properties": { "plot": "HK_36", "year": 1978.0, "species_richness": 19, "subregion": "hangklip" }, "geometry": { "type": "Point", "coordinates": [ 18.855396740657859, -34.378309211444346 ] } },
{ "type": "Feature", "properties": { "plot": "HK_37", "year": 1978.0, "species_richness": 16, "subregion": "hangklip" }, "geometry": { "type": "Point", "coordinates": [ 18.868387565633036, -34.368181006963781 ] } },
{ "type": "Feature", "properties": { "plot": "HK_38", "year": 1978.0, "species_richness": 16, "subregion": "hangklip" }, "geometry": { "type": "Point", "coordinates": [ 18.875289737098704, -34.36426273945181 ] } },
{ "type": "Feature", "properties": { "plot": "HK_39", "year": 1978.0, "species_richness": 15, "subregion": "hangklip" }, "geometry": { "type": "Point", "coordinates": [ 18.877419403387364, -34.363500244475659 ] } },
{ "type": "Feature", "properties": { "plot": "HK_4", "year": 1978.0, "species_richness": 37, "subregion": "hangklip" }, "geometry": { "type": "Point", "coordinates": [ 18.843893010564507, -34.317218858775718 ] } },
{ "type": "Feature", "properties": { "plot": "HK_40", "year": 1978.0, "species_richness": 10, "subregion": "hangklip" }, "geometry": { "type": "Point", "coordinates": [ 18.877034523937606, -34.361657519637703 ] } },
{ "type": "Feature", "properties": { "plot": "HK_41", "year": 1978.0, "species_richness": 11, "subregion": "hangklip" }, "geometry": { "type": "Point", "coordinates": [ 18.88129385651493, -34.360810276228648 ] } },
{ "type": "Feature", "properties": { "plot": "HK_42", "year": 1978.0, "species_richness": 38, "subregion": "hangklip" }, "geometry": { "type": "Point", "coordinates": [ 18.823868499797435, -34.305411002444956 ] } },
{ "type": "Feature", "properties": { "plot": "HK_43", "year": 1978.0, "species_richness": 14, "subregion": "hangklip" }, "geometry": { "type": "Point", "coordinates": [ 18.895382683784938, -34.365355106954468 ] } },
{ "type": "Feature", "properties": { "plot": "HK_44", "year": 1978.0, "species_richness": 11, "subregion": "hangklip" }, "geometry": { "type": "Point", "coordinates": [ 18.900129255183504, -34.361910523079025 ] } },
{ "type": "Feature", "properties": { "plot": "HK_45", "year": 1978.0, "species_richness": 9, "subregion": "hangklip" }, "geometry": { "type": "Point", "coordinates": [ 18.901799185217541, -34.362944398229374 ] } },
{ "type": "Feature", "properties": { "plot": "HK_46", "year": 1978.0, "species_richness": 33, "subregion": "hangklip" }, "geometry": { "type": "Point", "coordinates": [ 18.9139763977097, -34.348750084501347 ] } },
{ "type": "Feature", "properties": { "plot": "HK_47", "year": 1978.0, "species_richness": 24, "subregion": "hangklip" }, "geometry": { "type": "Point", "coordinates": [ 18.920655623520116, -34.353552628092864 ] } },
{ "type": "Feature", "properties": { "plot": "HK_48", "year": 1978.0, "species_richness": 31, "subregion": "hangklip" }, "geometry": { "type": "Point", "coordinates": [ 18.931700121224623, -34.352420728377751 ] } },
{ "type": "Feature", "properties": { "plot": "HK_49", "year": 1978.0, "species_richness": 25, "subregion": "hangklip" }, "geometry": { "type": "Point", "coordinates": [ 18.923378781635307, -34.344889571800515 ] } },
{ "type": "Feature", "properties": { "plot": "HK_5", "year": 1978.0, "species_richness": 40, "subregion": "hangklip" }, "geometry": { "type": "Point", "coordinates": [ 18.8263479370219, -34.32485792291007 ] } },
{ "type": "Feature", "properties": { "plot": "HK_50", "year": 1978.0, "species_richness": 22, "subregion": "hangklip" }, "geometry": { "type": "Point", "coordinates": [ 18.92629463683236, -34.345220011625592 ] } },
{ "type": "Feature", "properties": { "plot": "HK_51", "year": 1978.0, "species_richness": 27, "subregion": "hangklip" }, "geometry": { "type": "Point", "coordinates": [ 18.92842911906811, -34.341742460590645 ] } },
{ "type": "Feature", "properties": { "plot": "HK_52", "year": 1978.0, "species_richness": 28, "subregion": "hangklip" }, "geometry": { "type": "Point", "coordinates": [ 18.931302465611584, -34.344789202792235 ] } },
{ "type": "Feature", "properties": { "plot": "HK_53", "year": 1978.0, "species_richness": 41, "subregion": "hangklip" }, "geometry": { "type": "Point", "coordinates": [ 18.931802363315679, -34.341065816253959 ] } },
{ "type": "Feature", "properties": { "plot": "HK_54", "year": 1978.0, "species_richness": 30, "subregion": "hangklip" }, "geometry": { "type": "Point", "coordinates": [ 18.938757518554983, -34.350705796160092 ] } },
{ "type": "Feature", "properties": { "plot": "HK_55", "year": 1978.0, "species_richness": 37, "subregion": "hangklip" }, "geometry": { "type": "Point", "coordinates": [ 18.93988445600953, -34.354055164670861 ] } },
{ "type": "Feature", "properties": { "plot": "HK_56", "year": 1978.0, "species_richness": 17, "subregion": "hangklip" }, "geometry": { "type": "Point", "coordinates": [ 18.944271016486649, -34.338798246707185 ] } },
{ "type": "Feature", "properties": { "plot": "HK_57", "year": 1978.0, "species_richness": 31, "subregion": "hangklip" }, "geometry": { "type": "Point", "coordinates": [ 18.957049603905183, -34.334037180106627 ] } },
{ "type": "Feature", "properties": { "plot": "HK_58", "year": 1978.0, "species_richness": 37, "subregion": "hangklip" }, "geometry": { "type": "Point", "coordinates": [ 18.823885764110265, -34.369373910952135 ] } },
{ "type": "Feature", "properties": { "plot": "HK_59", "year": 1978.0, "species_richness": 42, "subregion": "hangklip" }, "geometry": { "type": "Point", "coordinates": [ 18.954064833435361, -34.356000953735261 ] } },
{ "type": "Feature", "properties": { "plot": "HK_6", "year": 1978.0, "species_richness": 50, "subregion": "hangklip" }, "geometry": { "type": "Point", "coordinates": [ 18.829435284737599, -34.324178000788791 ] } },
{ "type": "Feature", "properties": { "plot": "HK_60", "year": 1978.0, "species_richness": 31, "subregion": "hangklip" }, "geometry": { "type": "Point", "coordinates": [ 18.962074349005537, -34.350026930873632 ] } },
{ "type": "Feature", "properties": { "plot": "HK_61", "year": 1978.0, "species_richness": 30, "subregion": "hangklip" }, "geometry": { "type": "Point", "coordinates": [ 18.96828094303914, -34.341868137987063 ] } },
{ "type": "Feature", "properties": { "plot": "HK_62", "year": 1978.0, "species_richness": 40, "subregion": "hangklip" }, "geometry": { "type": "Point", "coordinates": [ 18.969215484709181, -34.333099063217645 ] } },
{ "type": "Feature", "properties": { "plot": "HK_63", "year": 1978.0, "species_richness": 32, "subregion": "hangklip" }, "geometry": { "type": "Point", "coordinates": [ 18.967601276370019, -34.334432021668079 ] } },
{ "type": "Feature", "properties": { "plot": "HK_64", "year": 1978.0, "species_richness": 32, "subregion": "hangklip" }, "geometry": { "type": "Point", "coordinates": [ 18.977154971068504, -34.338743245766942 ] } },
{ "type": "Feature", "properties": { "plot": "HK_65", "year": 1978.0, "species_richness": 34, "subregion": "hangklip" }, "geometry": { "type": "Point", "coordinates": [ 18.986499904362969, -34.33329895471509 ] } },
{ "type": "Feature", "properties": { "plot": "HK_66", "year": 1978.0, "species_richness": 35, "subregion": "hangklip" }, "geometry": { "type": "Point", "coordinates": [ 18.989963450191439, -34.334210863940406 ] } },
{ "type": "Feature", "properties": { "plot": "HK_67", "year": 1978.0, "species_richness": 37, "subregion": "hangklip" }, "geometry": { "type": "Point", "coordinates": [ 18.999165289693288, -34.33272885041648 ] } },
{ "type": "Feature", "properties": { "plot": "HK_68", "year": 1978.0, "species_richness": 39, "subregion": "hangklip" }, "geometry": { "type": "Point", "coordinates": [ 18.986265654886648, -34.331779083977175 ] } },
{ "type": "Feature", "properties": { "plot": "HK_69", "year": 1978.0, "species_richness": 37, "subregion": "hangklip" }, "geometry": { "type": "Point", "coordinates": [ 18.990381752827723, -34.329595948736532 ] } },
{ "type": "Feature", "properties": { "plot": "HK_7", "year": 1978.0, "species_richness": 36, "subregion": "hangklip" }, "geometry": { "type": "Point", "coordinates": [ 18.860967182316351, -34.320691479040555 ] } },
{ "type": "Feature", "properties": { "plot": "HK_70", "year": 1978.0, "species_richness": 27, "subregion": "hangklip" }, "geometry": { "type": "Point", "coordinates": [ 18.981977824511631, -34.322320769255583 ] } },
{ "type": "Feature", "properties": { "plot": "HK_71", "year": 1978.0, "species_richness": 39, "subregion": "hangklip" }, "geometry": { "type": "Point", "coordinates": [ 18.979771447045309, -34.316947664047852 ] } },
{ "type": "Feature", "properties": { "plot": "HK_72", "year": 1978.0, "species_richness": 47, "subregion": "hangklip" }, "geometry": { "type": "Point", "coordinates": [ 18.984014541943989, -34.315288599581365 ] } },
{ "type": "Feature", "properties": { "plot": "HK_73", "year": 1978.0, "species_richness": 30, "subregion": "hangklip" }, "geometry": { "type": "Point", "coordinates": [ 18.9935301110926, -34.313656848477358 ] } },
{ "type": "Feature", "properties": { "plot": "HK_74", "year": 1978.0, "species_richness": 41, "subregion": "hangklip" }, "geometry": { "type": "Point", "coordinates": [ 18.977608801759175, -34.312504359815385 ] } },
{ "type": "Feature", "properties": { "plot": "HK_75", "year": 1978.0, "species_richness": 51, "subregion": "hangklip" }, "geometry": { "type": "Point", "coordinates": [ 18.981518433204215, -34.313355705589508 ] } },
{ "type": "Feature", "properties": { "plot": "HK_76", "year": 1978.0, "species_richness": 34, "subregion": "hangklip" }, "geometry": { "type": "Point", "coordinates": [ 18.99970460909277, -34.30773416023699 ] } },
{ "type": "Feature", "properties": { "plot": "HK_77", "year": 1978.0, "species_richness": 55, "subregion": "hangklip" }, "geometry": { "type": "Point", "coordinates": [ 18.964708637671883, -34.311926769569602 ] } },
{ "type": "Feature", "properties": { "plot": "HK_78", "year": 1978.0, "species_richness": 18, "subregion": "hangklip" }, "geometry": { "type": "Point", "coordinates": [ 18.99772909062677, -34.301141626915935 ] } },
{ "type": "Feature", "properties": { "plot": "HK_79", "year": 1978.0, "species_richness": 22, "subregion": "hangklip" }, "geometry": { "type": "Point", "coordinates": [ 18.994031165697411, -34.301813681977244 ] } },
{ "type": "Feature", "properties": { "plot": "HK_8", "year": 1978.0, "species_richness": 12, "subregion": "hangklip" }, "geometry": { "type": "Point", "coordinates": [ 18.822627010060273, -34.331058828567137 ] } },
{ "type": "Feature", "properties": { "plot": "HK_80", "year": 1978.0, "species_richness": 26, "subregion": "hangklip" }, "geometry": { "type": "Point", "coordinates": [ 18.98988948977653, -34.304562942137551 ] } },
{ "type": "Feature", "properties": { "plot": "HK_81", "year": 1978.0, "species_richness": 23, "subregion": "hangklip" }, "geometry": { "type": "Point", "coordinates": [ 18.985496624447215, -34.30565015204963 ] } },
{ "type": "Feature", "properties": { "plot": "HK_82", "year": 1978.0, "species_richness": 28, "subregion": "hangklip" }, "geometry": { "type": "Point", "coordinates": [ 18.977631554492188, -34.306371705668504 ] } },
{ "type": "Feature", "properties": { "plot": "HK_83", "year": 1978.0, "species_richness": 15, "subregion": "hangklip" }, "geometry": { "type": "Point", "coordinates": [ 18.972972271556976, -34.304302078094949 ] } },
{ "type": "Feature", "properties": { "plot": "HK_84", "year": 1978.0, "species_richness": 31, "subregion": "hangklip" }, "geometry": { "type": "Point", "coordinates": [ 18.970159968124207, -34.30389515767105 ] } },
{ "type": "Feature", "properties": { "plot": "HK_85", "year": 1978.0, "species_richness": 26, "subregion": "hangklip" }, "geometry": { "type": "Point", "coordinates": [ 18.967437877608003, -34.303456403345727 ] } },
{ "type": "Feature", "properties": { "plot": "HK_86", "year": 1978.0, "species_richness": 36, "subregion": "hangklip" }, "geometry": { "type": "Point", "coordinates": [ 18.947434126412094, -34.308005586143523 ] } },
{ "type": "Feature", "properties": { "plot": "HK_87", "year": 1978.0, "species_richness": 34, "subregion": "hangklip" }, "geometry": { "type": "Point", "coordinates": [ 18.948664880394979, -34.30619016143104 ] } },
{ "type": "Feature", "properties": { "plot": "HK_88", "year": 1978.0, "species_richness": 33, "subregion": "hangklip" }, "geometry": { "type": "Point", "coordinates": [ 18.946526199318328, -34.306294512776134 ] } },
{ "type": "Feature", "properties": { "plot": "HK_89", "year": 1978.0, "species_richness": 31, "subregion": "hangklip" }, "geometry": { "type": "Point", "coordinates": [ 18.94254922182996, -34.295108688919861 ] } },
{ "type": "Feature", "properties": { "plot": "HK_9", "year": 1978.0, "species_richness": 36, "subregion": "hangklip" }, "geometry": { "type": "Point", "coordinates": [ 18.834009133205303, -34.330580382442754 ] } },
{ "type": "Feature", "properties": { "plot": "HK_90", "year": 1978.0, "species_richness": 43, "subregion": "hangklip" }, "geometry": { "type": "Point", "coordinates": [ 18.948383243994577, -34.299946286223467 ] } },
{ "type": "Feature", "properties": { "plot": "HK_91", "year": 1978.0, "species_richness": 13, "subregion": "hangklip" }, "geometry": { "type": "Point", "coordinates": [ 18.942122693707336, -34.293118561107505 ] } },
{ "type": "Feature", "properties": { "plot": "HK_92", "year": 1978.0, "species_richness": 29, "subregion": "hangklip" }, "geometry": { "type": "Point", "coordinates": [ 18.951544766148888, -34.295108688919861 ] } },
{ "type": "Feature", "properties": { "plot": "HK_93", "year": 1978.0, "species_richness": 21, "subregion": "hangklip" }, "geometry": { "type": "Point", "coordinates": [ 18.982271764422052, -34.297720172320197 ] } },
{ "type": "Feature", "properties": { "plot": "HK_94", "year": 1978.0, "species_richness": 21, "subregion": "hangklip" }, "geometry": { "type": "Point", "coordinates": [ 18.975019959856212, -34.291608501328085 ] } },
{ "type": "Feature", "properties": { "plot": "HK_95", "year": 1978.0, "species_richness": 20, "subregion": "hangklip" }, "geometry": { "type": "Point", "coordinates": [ 18.981190815524094, -34.293334042639266 ] } },
{ "type": "Feature", "properties": { "plot": "HK_96", "year": 1978.0, "species_richness": 19, "subregion": "hangklip" }, "geometry": { "type": "Point", "coordinates": [ 18.987522817821745, -34.294604083483975 ] } },
{ "type": "Feature", "properties": { "plot": "HK_97", "year": 1978.0, "species_richness": 25, "subregion": "hangklip" }, "geometry": { "type": "Point", "coordinates": [ 18.99284708719955, -34.288537473027091 ] } },
{ "type": "Feature", "properties": { "plot": "HK_98", "year": 1978.0, "species_richness": 12, "subregion": "hangklip" }, "geometry": { "type": "Point", "coordinates": [ 18.9986905511084, -34.295215090405215 ] } },
{ "type": "Feature", "properties": { "plot": "HK_99", "year": 1978.0, "species_richness": 22, "subregion": "hangklip" }, "geometry": { "type": "Point", "coordinates": [ 18.998172841618292, -34.289043716284546 ] } },
{ "type": "Feature", "properties": { "plot": "HTR_1", "year": 2004.0, "species_richness": 14, "subregion": "htr" }, "geometry": { "type": "Point", "coordinates": [ 19.29291667, -31.49552778 ] } },
{ "type": "Feature", "properties": { "plot": "HTR_10", "year": 2004.0, "species_richness": 4, "subregion": "htr" }, "geometry": { "type": "Point", "coordinates": [ 19.44197222, -31.43983333 ] } },
{ "type": "Feature", "properties": { "plot": "HTR_100", "year": 2004.0, "species_richness": 11, "subregion": "htr" }, "geometry": { "type": "Point", "coordinates": [ 20.08769444, -31.30288889 ] } },
{ "type": "Feature", "properties": { "plot": "HTR_100_ak", "year": 2013.0, "species_richness": 18, "subregion": "htr" }, "geometry": { "type": "Point", "coordinates": [ 19.77755556, -31.40775 ] } },
{ "type": "Feature", "properties": { "plot": "HTR_101", "year": 2004.0, "species_richness": 3, "subregion": "htr" }, "geometry": { "type": "Point", "coordinates": [ 20.07105556, -31.79638889 ] } },
{ "type": "Feature", "properties": { "plot": "HTR_102", "year": 2004.0, "species_richness": 6, "subregion": "htr" }, "geometry": { "type": "Point", "coordinates": [ 20.05358333, -31.73122222 ] } },
{ "type": "Feature", "properties": { "plot": "HTR_103", "year": 2004.0, "species_richness": 12, "subregion": "htr" }, "geometry": { "type": "Point", "coordinates": [ 20.01769444, -31.68766667 ] } },
{ "type": "Feature", "properties": { "plot": "HTR_104", "year": 2004.0, "species_richness": 8, "subregion": "htr" }, "geometry": { "type": "Point", "coordinates": [ 20.09805556, -32.25519444 ] } },
{ "type": "Feature", "properties": { "plot": "HTR_105", "year": 2004.0, "species_richness": 9, "subregion": "htr" }, "geometry": { "type": "Point", "coordinates": [ 20.08983333, -32.25925 ] } },
{ "type": "Feature", "properties": { "plot": "HTR_106", "year": 2004.0, "species_richness": 5, "subregion": "htr" }, "geometry": { "type": "Point", "coordinates": [ 20.06936111, -32.28902778 ] } },
{ "type": "Feature", "properties": { "plot": "HTR_107", "year": 2004.0, "species_richness": 6, "subregion": "htr" }, "geometry": { "type": "Point", "coordinates": [ 20.03194444, -32.34238889 ] } },
{ "type": "Feature", "properties": { "plot": "HTR_108", "year": 2004.0, "species_richness": 7, "subregion": "htr" }, "geometry": { "type": "Point", "coordinates": [ 20.01313889, -32.37947222 ] } },
{ "type": "Feature", "properties": { "plot": "HTR_109", "year": 2004.0, "species_richness": 8, "subregion": "htr" }, "geometry": { "type": "Point", "coordinates": [ 20.01305556, -32.38008333 ] } },
{ "type": "Feature", "properties": { "plot": "HTR_10_ak", "year": 2013.0, "species_richness": 24, "subregion": "htr" }, "geometry": { "type": "Point", "coordinates": [ 19.77711111, -31.44125 ] } },
{ "type": "Feature", "properties": { "plot": "HTR_11", "year": 2004.0, "species_richness": 10, "subregion": "htr" }, "geometry": { "type": "Point", "coordinates": [ 19.49883333, -31.44922222 ] } },
{ "type": "Feature", "properties": { "plot": "HTR_110", "year": 2004.0, "species_richness": 1, "subregion": "htr" }, "geometry": { "type": "Point", "coordinates": [ 19.82763889, -32.48958333 ] } },
{ "type": "Feature", "properties": { "plot": "HTR_111", "year": 2004.0, "species_richness": 4, "subregion": "htr" }, "geometry": { "type": "Point", "coordinates": [ 19.81058333, -32.59461111 ] } },
{ "type": "Feature", "properties": { "plot": "HTR_112", "year": 2004.0, "species_richness": 3, "subregion": "htr" }, "geometry": { "type": "Point", "coordinates": [ 19.75802778, -32.65141667 ] } },
{ "type": "Feature", "properties": { "plot": "HTR_113", "year": 2004.0, "species_richness": 4, "subregion": "htr" }, "geometry": { "type": "Point", "coordinates": [ 19.69261111, -32.60125 ] } },
{ "type": "Feature", "properties": { "plot": "HTR_114", "year": 2004.0, "species_richness": 4, "subregion": "htr" }, "geometry": { "type": "Point", "coordinates": [ 19.69163889, -32.56802778 ] } },
{ "type": "Feature", "properties": { "plot": "HTR_115", "year": 2004.0, "species_richness": 1, "subregion": "htr" }, "geometry": { "type": "Point", "coordinates": [ 19.67377778, -32.47961111 ] } },
{ "type": "Feature", "properties": { "plot": "HTR_116", "year": 2004.0, "species_richness": 2, "subregion": "htr" }, "geometry": { "type": "Point", "coordinates": [ 19.66222222, -32.46063889 ] } },
{ "type": "Feature", "properties": { "plot": "HTR_117", "year": 2004.0, "species_richness": 5, "subregion": "htr" }, "geometry": { "type": "Point", "coordinates": [ 19.70561111, -32.21780556 ] } },
{ "type": "Feature", "properties": { "plot": "HTR_118", "year": 2004.0, "species_richness": 1, "subregion": "htr" }, "geometry": { "type": "Point", "coordinates": [ 19.70975, -32.10238889 ] } },
{ "type": "Feature", "properties": { "plot": "HTR_119", "year": 2004.0, "species_richness": 7, "subregion": "htr" }, "geometry": { "type": "Point", "coordinates": [ 19.736, -31.97680556 ] } },
{ "type": "Feature", "properties": { "plot": "HTR_11_ak", "year": 2013.0, "species_richness": 19, "subregion": "htr" }, "geometry": { "type": "Point", "coordinates": [ 19.77502778, -31.44177778 ] } },
{ "type": "Feature", "properties": { "plot": "HTR_12", "year": 2004.0, "species_richness": 10, "subregion": "htr" }, "geometry": { "type": "Point", "coordinates": [ 19.50583333, -31.41716667 ] } },
{ "type": "Feature", "properties": { "plot": "HTR_120", "year": 2004.0, "species_richness": 7, "subregion": "htr" }, "geometry": { "type": "Point", "coordinates": [ 19.87325, -32.02397222 ] } },
{ "type": "Feature", "properties": { "plot": "HTR_121", "year": 2004.0, "species_richness": 3, "subregion": "htr" }, "geometry": { "type": "Point", "coordinates": [ 19.96238889, -32.42083333 ] } },
{ "type": "Feature", "properties": { "plot": "HTR_122", "year": 2004.0, "species_richness": 4, "subregion": "htr" }, "geometry": { "type": "Point", "coordinates": [ 20.03822222, -32.4155 ] } },
{ "type": "Feature", "properties": { "plot": "HTR_123", "year": 2004.0, "species_richness": 7, "subregion": "htr" }, "geometry": { "type": "Point", "coordinates": [ 20.10819444, -32.43813889 ] } },
{ "type": "Feature", "properties": { "plot": "HTR_124", "year": 2004.0, "species_richness": 6, "subregion": "htr" }, "geometry": { "type": "Point", "coordinates": [ 20.13980556, -32.45633333 ] } },
{ "type": "Feature", "properties": { "plot": "HTR_125", "year": 2004.0, "species_richness": 4, "subregion": "htr" }, "geometry": { "type": "Point", "coordinates": [ 20.21144444, -32.49936111 ] } },
{ "type": "Feature", "properties": { "plot": "HTR_126", "year": 2004.0, "species_richness": 6, "subregion": "htr" }, "geometry": { "type": "Point", "coordinates": [ 20.23936111, -32.51869444 ] } },
{ "type": "Feature", "properties": { "plot": "HTR_127", "year": 2004.0, "species_richness": 9, "subregion": "htr" }, "geometry": { "type": "Point", "coordinates": [ 20.27505556, -32.55941667 ] } },
{ "type": "Feature", "properties": { "plot": "HTR_128", "year": 2004.0, "species_richness": 11, "subregion": "htr" }, "geometry": { "type": "Point", "coordinates": [ 20.44519444, -32.69663889 ] } },
{ "type": "Feature", "properties": { "plot": "HTR_129", "year": 2004.0, "species_richness": 8, "subregion": "htr" }, "geometry": { "type": "Point", "coordinates": [ 20.50408333, -32.74419444 ] } },
{ "type": "Feature", "properties": { "plot": "HTR_12_ak", "year": 2013.0, "species_richness": 18, "subregion": "htr" }, "geometry": { "type": "Point", "coordinates": [ 19.77513889, -31.44252778 ] } },
{ "type": "Feature", "properties": { "plot": "HTR_13", "year": 2004.0, "species_richness": 12, "subregion": "htr" }, "geometry": { "type": "Point", "coordinates": [ 19.52522222, -31.39297222 ] } },
{ "type": "Feature", "properties": { "plot": "HTR_130", "year": 2004.0, "species_richness": 10, "subregion": "htr" }, "geometry": { "type": "Point", "coordinates": [ 20.55925, -32.84052778 ] } },
{ "type": "Feature", "properties": { "plot": "HTR_131", "year": 2004.0, "species_richness": 14, "subregion": "htr" }, "geometry": { "type": "Point", "coordinates": [ 20.56094444, -32.88775 ] } },
{ "type": "Feature", "properties": { "plot": "HTR_132", "year": 2004.0, "species_richness": 6, "subregion": "htr" }, "geometry": { "type": "Point", "coordinates": [ 20.56719444, -32.99247222 ] } },
{ "type": "Feature", "properties": { "plot": "HTR_133", "year": 2004.0, "species_richness": 7, "subregion": "htr" }, "geometry": { "type": "Point", "coordinates": [ 20.57175, -32.55863889 ] } },
{ "type": "Feature", "properties": { "plot": "HTR_134", "year": 2004.0, "species_richness": 11, "subregion": "htr" }, "geometry": { "type": "Point", "coordinates": [ 20.48038889, -31.82858333 ] } },
{ "type": "Feature", "properties": { "plot": "HTR_135", "year": 2004.0, "species_richness": 8, "subregion": "htr" }, "geometry": { "type": "Point", "coordinates": [ 20.49708333, -31.82111111 ] } },
{ "type": "Feature", "properties": { "plot": "HTR_136", "year": 2004.0, "species_richness": 9, "subregion": "htr" }, "geometry": { "type": "Point", "coordinates": [ 20.68825, -31.99075 ] } },
{ "type": "Feature", "properties": { "plot": "HTR_137", "year": 2004.0, "species_richness": 6, "subregion": "htr" }, "geometry": { "type": "Point", "coordinates": [ 20.67069444, -32.00116667 ] } },
{ "type": "Feature", "properties": { "plot": "HTR_138", "year": 2004.0, "species_richness": 10, "subregion": "htr" }, "geometry": { "type": "Point", "coordinates": [ 20.65233333, -32.00963889 ] } },
{ "type": "Feature", "properties": { "plot": "HTR_139", "year": 2004.0, "species_richness": 9, "subregion": "htr" }, "geometry": { "type": "Point", "coordinates": [ 20.61241667, -32.00880556 ] } },
{ "type": "Feature", "properties": { "plot": "HTR_13_ak", "year": 2013.0, "species_richness": 19, "subregion": "htr" }, "geometry": { "type": "Point", "coordinates": [ 19.77516667, -31.44338889 ] } },
{ "type": "Feature", "properties": { "plot": "HTR_14", "year": 2004.0, "species_richness": 8, "subregion": "htr" }, "geometry": { "type": "Point", "coordinates": [ 19.51844444, -31.34736111 ] } },
{ "type": "Feature", "properties": { "plot": "HTR_140", "year": 2004.0, "species_richness": 9, "subregion": "htr" }, "geometry": { "type": "Point", "coordinates": [ 20.59305556, -31.99177778 ] } },
{ "type": "Feature", "properties": { "plot": "HTR_141", "year": 2004.0, "species_richness": 6, "subregion": "htr" }, "geometry": { "type": "Point", "coordinates": [ 20.53144444, -31.96052778 ] } },
{ "type": "Feature", "properties": { "plot": "HTR_142", "year": 2004.0, "species_richness": 5, "subregion": "htr" }, "geometry": { "type": "Point", "coordinates": [ 20.47180556, -31.99672222 ] } },
{ "type": "Feature", "properties": { "plot": "HTR_143", "year": 2004.0, "species_richness": 9, "subregion": "htr" }, "geometry": { "type": "Point", "coordinates": [ 20.17725, -31.95455556 ] } },
{ "type": "Feature", "properties": { "plot": "HTR_144", "year": 2004.0, "species_richness": 13, "subregion": "htr" }, "geometry": { "type": "Point", "coordinates": [ 20.1245, -31.97530556 ] } },
{ "type": "Feature", "properties": { "plot": "HTR_145", "year": 2004.0, "species_richness": 8, "subregion": "htr" }, "geometry": { "type": "Point", "coordinates": [ 20.07858333, -31.97405556 ] } },
{ "type": "Feature", "properties": { "plot": "HTR_146", "year": 2004.0, "species_richness": 7, "subregion": "htr" }, "geometry": { "type": "Point", "coordinates": [ 20.048, -31.976 ] } },
{ "type": "Feature", "properties": { "plot": "HTR_147", "year": 2004.0, "species_richness": 12, "subregion": "htr" }, "geometry": { "type": "Point", "coordinates": [ 20.03988889, -31.97133333 ] } },
{ "type": "Feature", "properties": { "plot": "HTR_148", "year": 2004.0, "species_richness": 7, "subregion": "htr" }, "geometry": { "type": "Point", "coordinates": [ 20.01361111, -31.95183333 ] } },
{ "type": "Feature", "properties": { "plot": "HTR_149", "year": 2004.0, "species_richness": 9, "subregion": "htr" }, "geometry": { "type": "Point", "coordinates": [ 20.01891667, -31.84180556 ] } },
{ "type": "Feature", "properties": { "plot": "HTR_14_ak", "year": 2013.0, "species_richness": 23, "subregion": "htr" }, "geometry": { "type": "Point", "coordinates": [ 19.78425, -31.43394444 ] } },
{ "type": "Feature", "properties": { "plot": "HTR_15", "year": 2004.0, "species_richness": 11, "subregion": "htr" }, "geometry": { "type": "Point", "coordinates": [ 19.46138889, -31.30711111 ] } },
{ "type": "Feature", "properties": { "plot": "HTR_150", "year": 2004.0, "species_richness": 6, "subregion": "htr" }, "geometry": { "type": "Point", "coordinates": [ 19.96708333, -31.78252778 ] } },
{ "type": "Feature", "properties": { "plot": "HTR_151", "year": 2004.0, "species_richness": 10, "subregion": "htr" }, "geometry": { "type": "Point", "coordinates": [ 19.95872222, -31.74352778 ] } },
{ "type": "Feature", "properties": { "plot": "HTR_152", "year": 2004.0, "species_richness": 4, "subregion": "htr" }, "geometry": { "type": "Point", "coordinates": [ 19.85566667, -31.76602778 ] } },
{ "type": "Feature", "properties": { "plot": "HTR_153", "year": 2004.0, "species_richness": 9, "subregion": "htr" }, "geometry": { "type": "Point", "coordinates": [ 19.842, -31.75991667 ] } },
{ "type": "Feature", "properties": { "plot": "HTR_154", "year": 2004.0, "species_richness": 10, "subregion": "htr" }, "geometry": { "type": "Point", "coordinates": [ 19.85297222, -31.72975 ] } },
{ "type": "Feature", "properties": { "plot": "HTR_155", "year": 2004.0, "species_richness": 7, "subregion": "htr" }, "geometry": { "type": "Point", "coordinates": [ 19.80294444, -31.66180556 ] } },
{ "type": "Feature", "properties": { "plot": "HTR_156", "year": 2004.0, "species_richness": 9, "subregion": "htr" }, "geometry": { "type": "Point", "coordinates": [ 19.79469444, -31.65025 ] } },
{ "type": "Feature", "properties": { "plot": "HTR_157", "year": 2004.0, "species_richness": 10, "subregion": "htr" }, "geometry": { "type": "Point", "coordinates": [ 19.73336111, -31.58005556 ] } },
{ "type": "Feature", "properties": { "plot": "HTR_158", "year": 2004.0, "species_richness": 5, "subregion": "htr" }, "geometry": { "type": "Point", "coordinates": [ 19.58475, -31.49572222 ] } },
{ "type": "Feature", "properties": { "plot": "HTR_159", "year": 2004.0, "species_richness": 8, "subregion": "htr" }, "geometry": { "type": "Point", "coordinates": [ 19.54613889, -31.49530556 ] } },
{ "type": "Feature", "properties": { "plot": "HTR_15_ak", "year": 2013.0, "species_richness": 18, "subregion": "htr" }, "geometry": { "type": "Point", "coordinates": [ 19.78344444, -31.43402778 ] } },
{ "type": "Feature", "properties": { "plot": "HTR_16", "year": 2004.0, "species_richness": 12, "subregion": "htr" }, "geometry": { "type": "Point", "coordinates": [ 19.43186111, -31.317 ] } },
{ "type": "Feature", "properties": { "plot": "HTR_160", "year": 2004.0, "species_richness": 6, "subregion": "htr" }, "geometry": { "type": "Point", "coordinates": [ 19.36036111, -31.57383333 ] } },
{ "type": "Feature", "properties": { "plot": "HTR_161", "year": 2004.0, "species_richness": 9, "subregion": "htr" }, "geometry": { "type": "Point", "coordinates": [ 19.35316667, -31.58722222 ] } },
{ "type": "Feature", "properties": { "plot": "HTR_162", "year": 2004.0, "species_richness": 5, "subregion": "htr" }, "geometry": { "type": "Point", "coordinates": [ 19.354, -31.77277778 ] } },
{ "type": "Feature", "properties": { "plot": "HTR_163", "year": 2004.0, "species_richness": 2, "subregion": "htr" }, "geometry": { "type": "Point", "coordinates": [ 19.39258333, -31.81452778 ] } },
{ "type": "Feature", "properties": { "plot": "HTR_164", "year": 2004.0, "species_richness": 4, "subregion": "htr" }, "geometry": { "type": "Point", "coordinates": [ 19.4275, -31.84744444 ] } },
{ "type": "Feature", "properties": { "plot": "HTR_165", "year": 2004.0, "species_richness": 10, "subregion": "htr" }, "geometry": { "type": "Point", "coordinates": [ 19.44261111, -31.85286111 ] } },
{ "type": "Feature", "properties": { "plot": "HTR_166", "year": 2004.0, "species_richness": 2, "subregion": "htr" }, "geometry": { "type": "Point", "coordinates": [ 19.47125, -31.86916667 ] } },
{ "type": "Feature", "properties": { "plot": "HTR_167", "year": 2004.0, "species_richness": 9, "subregion": "htr" }, "geometry": { "type": "Point", "coordinates": [ 19.47413889, -31.87197222 ] } },
{ "type": "Feature", "properties": { "plot": "HTR_168", "year": 2004.0, "species_richness": 5, "subregion": "htr" }, "geometry": { "type": "Point", "coordinates": [ 19.49958333, -31.88311111 ] } },
{ "type": "Feature", "properties": { "plot": "HTR_169", "year": 2004.0, "species_richness": 5, "subregion": "htr" }, "geometry": { "type": "Point", "coordinates": [ 19.53125, -31.90711111 ] } },
{ "type": "Feature", "properties": { "plot": "HTR_16_ak", "year": 2013.0, "species_richness": 19, "subregion": "htr" }, "geometry": { "type": "Point", "coordinates": [ 19.78533333, -31.43180556 ] } },
{ "type": "Feature", "properties": { "plot": "HTR_17", "year": 2004.0, "species_richness": 11, "subregion": "htr" }, "geometry": { "type": "Point", "coordinates": [ 19.36977778, -31.30716667 ] } },
{ "type": "Feature", "properties": { "plot": "HTR_170", "year": 2004.0, "species_richness": 4, "subregion": "htr" }, "geometry": { "type": "Point", "coordinates": [ 19.54569444, -31.91591667 ] } },
{ "type": "Feature", "properties": { "plot": "HTR_171", "year": 2004.0, "species_richness": 2, "subregion": "htr" }, "geometry": { "type": "Point", "coordinates": [ 19.56336111, -31.87922222 ] } },
{ "type": "Feature", "properties": { "plot": "HTR_172", "year": 2004.0, "species_richness": 4, "subregion": "htr" }, "geometry": { "type": "Point", "coordinates": [ 19.57219444, -31.86066667 ] } },
{ "type": "Feature", "properties": { "plot": "HTR_173", "year": 2004.0, "species_richness": 4, "subregion": "htr" }, "geometry": { "type": "Point", "coordinates": [ 19.61175, -31.81861111 ] } },
{ "type": "Feature", "properties": { "plot": "HTR_174", "year": 2004.0, "species_richness": 4, "subregion": "htr" }, "geometry": { "type": "Point", "coordinates": [ 19.61938889, -31.82013889 ] } },
{ "type": "Feature", "properties": { "plot": "HTR_175", "year": 2004.0, "species_richness": 4, "subregion": "htr" }, "geometry": { "type": "Point", "coordinates": [ 19.684, -31.82147222 ] } },
{ "type": "Feature", "properties": { "plot": "HTR_176", "year": 2004.0, "species_richness": 3, "subregion": "htr" }, "geometry": { "type": "Point", "coordinates": [ 19.70308333, -31.81694444 ] } },
{ "type": "Feature", "properties": { "plot": "HTR_177", "year": 2004.0, "species_richness": 7, "subregion": "htr" }, "geometry": { "type": "Point", "coordinates": [ 19.74752778, -31.87533333 ] } },
{ "type": "Feature", "properties": { "plot": "HTR_178", "year": 2004.0, "species_richness": 8, "subregion": "htr" }, "geometry": { "type": "Point", "coordinates": [ 19.73413889, -31.85002778 ] } },
{ "type": "Feature", "properties": { "plot": "HTR_179", "year": 2004.0, "species_richness": 4, "subregion": "htr" }, "geometry": { "type": "Point", "coordinates": [ 19.73177778, -31.84180556 ] } },
{ "type": "Feature", "properties": { "plot": "HTR_17_ak", "year": 2013.0, "species_richness": 14, "subregion": "htr" }, "geometry": { "type": "Point", "coordinates": [ 19.78519444, -31.42966667 ] } },
{ "type": "Feature", "properties": { "plot": "HTR_18", "year": 2004.0, "species_richness": 9, "subregion": "htr" }, "geometry": { "type": "Point", "coordinates": [ 19.31536111, -31.3425 ] } },
{ "type": "Feature", "properties": { "plot": "HTR_180", "year": 2004.0, "species_richness": 6, "subregion": "htr" }, "geometry": { "type": "Point", "coordinates": [ 19.74116667, -31.69772222 ] } },
{ "type": "Feature", "properties": { "plot": "HTR_181", "year": 2004.0, "species_richness": 10, "subregion": "htr" }, "geometry": { "type": "Point", "coordinates": [ 19.75511111, -31.67711111 ] } },
{ "type": "Feature", "properties": { "plot": "HTR_182", "year": 2004.0, "species_richness": 8, "subregion": "htr" }, "geometry": { "type": "Point", "coordinates": [ 19.7475, -31.63816667 ] } },
{ "type": "Feature", "properties": { "plot": "HTR_183", "year": 2004.0, "species_richness": 5, "subregion": "htr" }, "geometry": { "type": "Point", "coordinates": [ 19.74863889, -31.62880556 ] } },
{ "type": "Feature", "properties": { "plot": "HTR_184", "year": 2004.0, "species_richness": 4, "subregion": "htr" }, "geometry": { "type": "Point", "coordinates": [ 19.77788889, -31.48194444 ] } },
{ "type": "Feature", "properties": { "plot": "HTR_185", "year": 2004.0, "species_richness": 4, "subregion": "htr" }, "geometry": { "type": "Point", "coordinates": [ 19.79491667, -31.49661111 ] } },
{ "type": "Feature", "properties": { "plot": "HTR_186", "year": 2004.0, "species_richness": 5, "subregion": "htr" }, "geometry": { "type": "Point", "coordinates": [ 19.81186111, -31.54769444 ] } },
{ "type": "Feature", "properties": { "plot": "HTR_187", "year": 2004.0, "species_richness": 4, "subregion": "htr" }, "geometry": { "type": "Point", "coordinates": [ 19.831, -31.56875 ] } },
{ "type": "Feature", "properties": { "plot": "HTR_188", "year": 2004.0, "species_richness": 7, "subregion": "htr" }, "geometry": { "type": "Point", "coordinates": [ 19.84188889, -31.58358333 ] } },
{ "type": "Feature", "properties": { "plot": "HTR_189", "year": 2004.0, "species_richness": 6, "subregion": "htr" }, "geometry": { "type": "Point", "coordinates": [ 19.85311111, -31.58863889 ] } },
{ "type": "Feature", "properties": { "plot": "HTR_18_ak", "year": 2013.0, "species_richness": 8, "subregion": "htr" }, "geometry": { "type": "Point", "coordinates": [ 19.78811111, -31.42919444 ] } },
{ "type": "Feature", "properties": { "plot": "HTR_19", "year": 2004.0, "species_richness": 7, "subregion": "htr" }, "geometry": { "type": "Point", "coordinates": [ 19.26736111, -31.35952778 ] } },
{ "type": "Feature", "properties": { "plot": "HTR_190", "year": 2004.0, "species_richness": 3, "subregion": "htr" }, "geometry": { "type": "Point", "coordinates": [ 19.86094444, -31.59047222 ] } },
{ "type": "Feature", "properties": { "plot": "HTR_191", "year": 2004.0, "species_richness": 5, "subregion": "htr" }, "geometry": { "type": "Point", "coordinates": [ 19.86525, -31.59208333 ] } },
{ "type": "Feature", "properties": { "plot": "HTR_192", "year": 2004.0, "species_richness": 3, "subregion": "htr" }, "geometry": { "type": "Point", "coordinates": [ 19.88022222, -31.60033333 ] } },
{ "type": "Feature", "properties": { "plot": "HTR_193", "year": 2004.0, "species_richness": 6, "subregion": "htr" }, "geometry": { "type": "Point", "coordinates": [ 19.88788889, -31.61113889 ] } },
{ "type": "Feature", "properties": { "plot": "HTR_194", "year": 2004.0, "species_richness": 7, "subregion": "htr" }, "geometry": { "type": "Point", "coordinates": [ 19.89719444, -31.63769444 ] } },
{ "type": "Feature", "properties": { "plot": "HTR_195", "year": 2004.0, "species_richness": 7, "subregion": "htr" }, "geometry": { "type": "Point", "coordinates": [ 19.89827778, -31.64380556 ] } },
{ "type": "Feature", "properties": { "plot": "HTR_196", "year": 2004.0, "species_richness": 13, "subregion": "htr" }, "geometry": { "type": "Point", "coordinates": [ 19.89702778, -31.65255556 ] } },
{ "type": "Feature", "properties": { "plot": "HTR_197", "year": 2004.0, "species_richness": 8, "subregion": "htr" }, "geometry": { "type": "Point", "coordinates": [ 19.89427778, -31.66411111 ] } },
{ "type": "Feature", "properties": { "plot": "HTR_198", "year": 2004.0, "species_richness": 8, "subregion": "htr" }, "geometry": { "type": "Point", "coordinates": [ 19.89297222, -31.69030556 ] } },
{ "type": "Feature", "properties": { "plot": "HTR_199", "year": 2004.0, "species_richness": 9, "subregion": "htr" }, "geometry": { "type": "Point", "coordinates": [ 19.96702778, -31.72902778 ] } },
{ "type": "Feature", "properties": { "plot": "HTR_19_ak", "year": 2013.0, "species_richness": 16, "subregion": "htr" }, "geometry": { "type": "Point", "coordinates": [ 19.77725, -31.43586111 ] } },
{ "type": "Feature", "properties": { "plot": "HTR_1_ak", "year": 2013.0, "species_richness": 23, "subregion": "htr" }, "geometry": { "type": "Point", "coordinates": [ 19.77230556, -31.45022222 ] } },
{ "type": "Feature", "properties": { "plot": "HTR_1_nieu", "year": 2014.0, "species_richness": 22, "subregion": "htr" }, "geometry": { "type": "Point", "coordinates": [ 19.03465, -31.28217 ] } },
{ "type": "Feature", "properties": { "plot": "HTR_2", "year": 2004.0, "species_richness": 12, "subregion": "htr" }, "geometry": { "type": "Point", "coordinates": [ 19.26311111, -31.53433333 ] } },
{ "type": "Feature", "properties": { "plot": "HTR_20", "year": 2004.0, "species_richness": 10, "subregion": "htr" }, "geometry": { "type": "Point", "coordinates": [ 19.22072222, -31.37794444 ] } },
{ "type": "Feature", "properties": { "plot": "HTR_200", "year": 2004.0, "species_richness": 7, "subregion": "htr" }, "geometry": { "type": "Point", "coordinates": [ 19.98308333, -31.67488889 ] } },
{ "type": "Feature", "properties": { "plot": "HTR_201", "year": 2004.0, "species_richness": 6, "subregion": "htr" }, "geometry": { "type": "Point", "coordinates": [ 19.98830556, -31.6475 ] } },
{ "type": "Feature", "properties": { "plot": "HTR_202", "year": 2004.0, "species_richness": 5, "subregion": "htr" }, "geometry": { "type": "Point", "coordinates": [ 19.96216667, -31.57522222 ] } },
{ "type": "Feature", "properties": { "plot": "HTR_203", "year": 2004.0, "species_richness": 7, "subregion": "htr" }, "geometry": { "type": "Point", "coordinates": [ 19.95566667, -31.55313889 ] } },
{ "type": "Feature", "properties": { "plot": "HTR_204", "year": 2004.0, "species_richness": 8, "subregion": "htr" }, "geometry": { "type": "Point", "coordinates": [ 19.93183333, -31.50222222 ] } },
{ "type": "Feature", "properties": { "plot": "HTR_205", "year": 2004.0, "species_richness": 8, "subregion": "htr" }, "geometry": { "type": "Point", "coordinates": [ 19.94169444, -31.49422222 ] } },
{ "type": "Feature", "properties": { "plot": "HTR_206", "year": 2004.0, "species_richness": 4, "subregion": "htr" }, "geometry": { "type": "Point", "coordinates": [ 19.94858333, -31.48830556 ] } },
{ "type": "Feature", "properties": { "plot": "HTR_207", "year": 2004.0, "species_richness": 6, "subregion": "htr" }, "geometry": { "type": "Point", "coordinates": [ 19.95169444, -31.46594444 ] } },
{ "type": "Feature", "properties": { "plot": "HTR_208", "year": 2004.0, "species_richness": 6, "subregion": "htr" }, "geometry": { "type": "Point", "coordinates": [ 19.94786111, -31.44311111 ] } },
{ "type": "Feature", "properties": { "plot": "HTR_209", "year": 2004.0, "species_richness": 5, "subregion": "htr" }, "geometry": { "type": "Point", "coordinates": [ 19.94361111, -31.40980556 ] } },
{ "type": "Feature", "properties": { "plot": "HTR_20_ak", "year": 2013.0, "species_richness": 13, "subregion": "htr" }, "geometry": { "type": "Point", "coordinates": [ 19.77405556, -31.43436111 ] } },
{ "type": "Feature", "properties": { "plot": "HTR_21", "year": 2004.0, "species_richness": 17, "subregion": "htr" }, "geometry": { "type": "Point", "coordinates": [ 19.20069444, -31.38311111 ] } },
{ "type": "Feature", "properties": { "plot": "HTR_210", "year": 2004.0, "species_richness": 7, "subregion": "htr" }, "geometry": { "type": "Point", "coordinates": [ 19.93094444, -31.31297222 ] } },
{ "type": "Feature", "properties": { "plot": "HTR_211", "year": 2004.0, "species_richness": 8, "subregion": "htr" }, "geometry": { "type": "Point", "coordinates": [ 19.93847222, -31.29586111 ] } },
{ "type": "Feature", "properties": { "plot": "HTR_212", "year": 2004.0, "species_richness": 9, "subregion": "htr" }, "geometry": { "type": "Point", "coordinates": [ 19.94627778, -31.18816667 ] } },
{ "type": "Feature", "properties": { "plot": "HTR_213", "year": 2004.0, "species_richness": 6, "subregion": "htr" }, "geometry": { "type": "Point", "coordinates": [ 19.72708333, -31.47041667 ] } },
{ "type": "Feature", "properties": { "plot": "HTR_214", "year": 2004.0, "species_richness": 5, "subregion": "htr" }, "geometry": { "type": "Point", "coordinates": [ 19.68905556, -31.46858333 ] } },
{ "type": "Feature", "properties": { "plot": "HTR_215", "year": 2004.0, "species_richness": 10, "subregion": "htr" }, "geometry": { "type": "Point", "coordinates": [ 19.49525, -31.26233333 ] } },
{ "type": "Feature", "properties": { "plot": "HTR_216", "year": 2004.0, "species_richness": 10, "subregion": "htr" }, "geometry": { "type": "Point", "coordinates": [ 19.48175, -31.25611111 ] } },
{ "type": "Feature", "properties": { "plot": "HTR_217", "year": 2004.0, "species_richness": 9, "subregion": "htr" }, "geometry": { "type": "Point", "coordinates": [ 19.45141667, -31.2255 ] } },
{ "type": "Feature", "properties": { "plot": "HTR_218", "year": 2004.0, "species_richness": 4, "subregion": "htr" }, "geometry": { "type": "Point", "coordinates": [ 19.44958333, -31.16916667 ] } },
{ "type": "Feature", "properties": { "plot": "HTR_219", "year": 2004.0, "species_richness": 5, "subregion": "htr" }, "geometry": { "type": "Point", "coordinates": [ 19.45888889, -31.13063889 ] } },
{ "type": "Feature", "properties": { "plot": "HTR_21_ak", "year": 2013.0, "species_richness": 14, "subregion": "htr" }, "geometry": { "type": "Point", "coordinates": [ 19.77119444, -31.43538889 ] } },
{ "type": "Feature", "properties": { "plot": "HTR_22", "year": 2004.0, "species_richness": 8, "subregion": "htr" }, "geometry": { "type": "Point", "coordinates": [ 19.18425, -31.38608333 ] } },
{ "type": "Feature", "properties": { "plot": "HTR_220", "year": 2004.0, "species_richness": 8, "subregion": "htr" }, "geometry": { "type": "Point", "coordinates": [ 19.46841667, -31.10561111 ] } },
{ "type": "Feature", "properties": { "plot": "HTR_221", "year": 2004.0, "species_richness": 8, "subregion": "htr" }, "geometry": { "type": "Point", "coordinates": [ 19.47158333, -30.98144444 ] } },
{ "type": "Feature", "properties": { "plot": "HTR_222", "year": 2004.0, "species_richness": 6, "subregion": "htr" }, "geometry": { "type": "Point", "coordinates": [ 19.46430556, -30.9725 ] } },
{ "type": "Feature", "properties": { "plot": "HTR_223", "year": 2004.0, "species_richness": 3, "subregion": "htr" }, "geometry": { "type": "Point", "coordinates": [ 19.83897222, -30.83419444 ] } },
{ "type": "Feature", "properties": { "plot": "HTR_224", "year": 2004.0, "species_richness": 5, "subregion": "htr" }, "geometry": { "type": "Point", "coordinates": [ 19.75411111, -30.86375 ] } },
{ "type": "Feature", "properties": { "plot": "HTR_225", "year": 2004.0, "species_richness": 2, "subregion": "htr" }, "geometry": { "type": "Point", "coordinates": [ 19.71294444, -30.86388889 ] } },
{ "type": "Feature", "properties": { "plot": "HTR_226", "year": 2004.0, "species_richness": 2, "subregion": "htr" }, "geometry": { "type": "Point", "coordinates": [ 19.63263889, -30.87394444 ] } },
{ "type": "Feature", "properties": { "plot": "HTR_227", "year": 2004.0, "species_richness": 3, "subregion": "htr" }, "geometry": { "type": "Point", "coordinates": [ 19.57252778, -30.91030556 ] } },
{ "type": "Feature", "properties": { "plot": "HTR_228", "year": 2004.0, "species_richness": 11, "subregion": "htr" }, "geometry": { "type": "Point", "coordinates": [ 19.41997222, -30.91258333 ] } },
{ "type": "Feature", "properties": { "plot": "HTR_229", "year": 2004.0, "species_richness": 7, "subregion": "htr" }, "geometry": { "type": "Point", "coordinates": [ 19.42655556, -30.90230556 ] } },
{ "type": "Feature", "properties": { "plot": "HTR_22_ak", "year": 2013.0, "species_richness": 10, "subregion": "htr" }, "geometry": { "type": "Point", "coordinates": [ 19.77072222, -31.43547222 ] } },
{ "type": "Feature", "properties": { "plot": "HTR_23", "year": 2004.0, "species_richness": 10, "subregion": "htr" }, "geometry": { "type": "Point", "coordinates": [ 19.13230556, -31.36819444 ] } },
{ "type": "Feature", "properties": { "plot": "HTR_230", "year": 2004.0, "species_richness": 4, "subregion": "htr" }, "geometry": { "type": "Point", "coordinates": [ 19.44894444, -30.84802778 ] } },
{ "type": "Feature", "properties": { "plot": "HTR_231", "year": 2004.0, "species_richness": 7, "subregion": "htr" }, "geometry": { "type": "Point", "coordinates": [ 19.53916667, -30.61036111 ] } },
{ "type": "Feature", "properties": { "plot": "HTR_232", "year": 2004.0, "species_richness": 3, "subregion": "htr" }, "geometry": { "type": "Point", "coordinates": [ 19.55475, -30.52588889 ] } },
{ "type": "Feature", "properties": { "plot": "HTR_233", "year": 2004.0, "species_richness": 7, "subregion": "htr" }, "geometry": { "type": "Point", "coordinates": [ 19.11272222, -31.32508333 ] } },
{ "type": "Feature", "properties": { "plot": "HTR_234", "year": 2004.0, "species_richness": 11, "subregion": "htr" }, "geometry": { "type": "Point", "coordinates": [ 19.12408333, -31.30119444 ] } },
{ "type": "Feature", "properties": { "plot": "HTR_235", "year": 2004.0, "species_richness": 5, "subregion": "htr" }, "geometry": { "type": "Point", "coordinates": [ 19.16558333, -31.26397222 ] } },
{ "type": "Feature", "properties": { "plot": "HTR_236", "year": 2004.0, "species_richness": 7, "subregion": "htr" }, "geometry": { "type": "Point", "coordinates": [ 19.18208333, -31.25527778 ] } },
{ "type": "Feature", "properties": { "plot": "HTR_237", "year": 2004.0, "species_richness": 4, "subregion": "htr" }, "geometry": { "type": "Point", "coordinates": [ 19.22552778, -31.18222222 ] } },
{ "type": "Feature", "properties": { "plot": "HTR_238", "year": 2004.0, "species_richness": 1, "subregion": "htr" }, "geometry": { "type": "Point", "coordinates": [ 19.22455556, -30.3925 ] } },
{ "type": "Feature", "properties": { "plot": "HTR_239", "year": 2004.0, "species_richness": 3, "subregion": "htr" }, "geometry": { "type": "Point", "coordinates": [ 19.25208333, -30.40402778 ] } },
{ "type": "Feature", "properties": { "plot": "HTR_23_ak", "year": 2013.0, "species_richness": 9, "subregion": "htr" }, "geometry": { "type": "Point", "coordinates": [ 19.76794444, -31.43458333 ] } },
{ "type": "Feature", "properties": { "plot": "HTR_24", "year": 2004.0, "species_richness": 4, "subregion": "htr" }, "geometry": { "type": "Point", "coordinates": [ 19.13677778, -31.36158333 ] } },
{ "type": "Feature", "properties": { "plot": "HTR_240", "year": 2004.0, "species_richness": 4, "subregion": "htr" }, "geometry": { "type": "Point", "coordinates": [ 19.29722222, -30.48813889 ] } },
{ "type": "Feature", "properties": { "plot": "HTR_241", "year": 2004.0, "species_richness": 3, "subregion": "htr" }, "geometry": { "type": "Point", "coordinates": [ 19.33902778, -30.57683333 ] } },
{ "type": "Feature", "properties": { "plot": "HTR_242", "year": 2004.0, "species_richness": 7, "subregion": "htr" }, "geometry": { "type": "Point", "coordinates": [ 19.38116667, -30.695 ] } },
{ "type": "Feature", "properties": { "plot": "HTR_243", "year": 2004.0, "species_richness": 9, "subregion": "htr" }, "geometry": { "type": "Point", "coordinates": [ 19.68605556, -32.00388889 ] } },
{ "type": "Feature", "properties": { "plot": "HTR_244", "year": 2004.0, "species_richness": 1, "subregion": "htr" }, "geometry": { "type": "Point", "coordinates": [ 19.6665, -32.00913889 ] } },
{ "type": "Feature", "properties": { "plot": "HTR_245", "year": 2004.0, "species_richness": 1, "subregion": "htr" }, "geometry": { "type": "Point", "coordinates": [ 19.58858333, -32.00430556 ] } },
{ "type": "Feature", "properties": { "plot": "HTR_246", "year": 2004.0, "species_richness": 7, "subregion": "htr" }, "geometry": { "type": "Point", "coordinates": [ 19.51661111, -32.00786111 ] } },
{ "type": "Feature", "properties": { "plot": "HTR_247", "year": 2004.0, "species_richness": 5, "subregion": "htr" }, "geometry": { "type": "Point", "coordinates": [ 19.44663889, -32.01819444 ] } },
{ "type": "Feature", "properties": { "plot": "HTR_248", "year": 2004.0, "species_richness": 10, "subregion": "htr" }, "geometry": { "type": "Point", "coordinates": [ 20.23347222, -32.47661111 ] } },
{ "type": "Feature", "properties": { "plot": "HTR_249", "year": 2004.0, "species_richness": 2, "subregion": "htr" }, "geometry": { "type": "Point", "coordinates": [ 20.25480556, -32.42866667 ] } },
{ "type": "Feature", "properties": { "plot": "HTR_24_ak", "year": 2013.0, "species_richness": 16, "subregion": "htr" }, "geometry": { "type": "Point", "coordinates": [ 19.7685, -31.4355 ] } },
{ "type": "Feature", "properties": { "plot": "HTR_25", "year": 2004.0, "species_richness": 7, "subregion": "htr" }, "geometry": { "type": "Point", "coordinates": [ 19.21125, -31.40152778 ] } },
{ "type": "Feature", "properties": { "plot": "HTR_250", "year": 2004.0, "species_richness": 12, "subregion": "htr" }, "geometry": { "type": "Point", "coordinates": [ 20.30408333, -32.40491667 ] } },
{ "type": "Feature", "properties": { "plot": "HTR_251", "year": 2004.0, "species_richness": 5, "subregion": "htr" }, "geometry": { "type": "Point", "coordinates": [ 20.34530556, -32.40725 ] } },
{ "type": "Feature", "properties": { "plot": "HTR_252", "year": 2004.0, "species_richness": 10, "subregion": "htr" }, "geometry": { "type": "Point", "coordinates": [ 20.35697222, -32.40913889 ] } },
{ "type": "Feature", "properties": { "plot": "HTR_253", "year": 2004.0, "species_richness": 3, "subregion": "htr" }, "geometry": { "type": "Point", "coordinates": [ 19.84341667, -31.47394444 ] } },
{ "type": "Feature", "properties": { "plot": "HTR_254", "year": 2004.0, "species_richness": 4, "subregion": "htr" }, "geometry": { "type": "Point", "coordinates": [ 19.98097222, -31.58616667 ] } },
{ "type": "Feature", "properties": { "plot": "HTR_255", "year": 2004.0, "species_richness": 6, "subregion": "htr" }, "geometry": { "type": "Point", "coordinates": [ 19.99816667, -31.58994444 ] } },
{ "type": "Feature", "properties": { "plot": "HTR_256", "year": 2004.0, "species_richness": 7, "subregion": "htr" }, "geometry": { "type": "Point", "coordinates": [ 20.05638889, -31.60430556 ] } },
{ "type": "Feature", "properties": { "plot": "HTR_257", "year": 2004.0, "species_richness": 5, "subregion": "htr" }, "geometry": { "type": "Point", "coordinates": [ 20.10252778, -31.61388889 ] } },
{ "type": "Feature", "properties": { "plot": "HTR_258", "year": 2004.0, "species_richness": 6, "subregion": "htr" }, "geometry": { "type": "Point", "coordinates": [ 20.1175, -31.62302778 ] } },
{ "type": "Feature", "properties": { "plot": "HTR_259", "year": 2004.0, "species_richness": 6, "subregion": "htr" }, "geometry": { "type": "Point", "coordinates": [ 20.20772222, -31.69480556 ] } },
{ "type": "Feature", "properties": { "plot": "HTR_25_ak", "year": 2013.0, "species_richness": 12, "subregion": "htr" }, "geometry": { "type": "Point", "coordinates": [ 19.76541667, -31.43752778 ] } },
{ "type": "Feature", "properties": { "plot": "HTR_26", "year": 2004.0, "species_richness": 11, "subregion": "htr" }, "geometry": { "type": "Point", "coordinates": [ 19.34294444, -31.48483333 ] } },
{ "type": "Feature", "properties": { "plot": "HTR_260", "year": 2004.0, "species_richness": 4, "subregion": "htr" }, "geometry": { "type": "Point", "coordinates": [ 20.26027778, -31.83988889 ] } },
{ "type": "Feature", "properties": { "plot": "HTR_261", "year": 2004.0, "species_richness": 6, "subregion": "htr" }, "geometry": { "type": "Point", "coordinates": [ 20.27363889, -31.93377778 ] } },
{ "type": "Feature", "properties": { "plot": "HTR_262", "year": 2004.0, "species_richness": 9, "subregion": "htr" }, "geometry": { "type": "Point", "coordinates": [ 20.34422222, -31.99475 ] } },
{ "type": "Feature", "properties": { "plot": "HTR_263", "year": 2004.0, "species_richness": 8, "subregion": "htr" }, "geometry": { "type": "Point", "coordinates": [ 20.34613889, -31.99663889 ] } },
{ "type": "Feature", "properties": { "plot": "HTR_264", "year": 2004.0, "species_richness": 7, "subregion": "htr" }, "geometry": { "type": "Point", "coordinates": [ 20.37733333, -32.01375 ] } },
{ "type": "Feature", "properties": { "plot": "HTR_265", "year": 2004.0, "species_richness": 6, "subregion": "htr" }, "geometry": { "type": "Point", "coordinates": [ 20.3875, -32.04527778 ] } },
{ "type": "Feature", "properties": { "plot": "HTR_266", "year": 2004.0, "species_richness": 5, "subregion": "htr" }, "geometry": { "type": "Point", "coordinates": [ 20.38030556, -32.04913889 ] } },
{ "type": "Feature", "properties": { "plot": "HTR_267", "year": 2004.0, "species_richness": 7, "subregion": "htr" }, "geometry": { "type": "Point", "coordinates": [ 20.3815, -32.11333333 ] } },
{ "type": "Feature", "properties": { "plot": "HTR_268", "year": 2004.0, "species_richness": 8, "subregion": "htr" }, "geometry": { "type": "Point", "coordinates": [ 20.42, -32.161 ] } },
{ "type": "Feature", "properties": { "plot": "HTR_269", "year": 2004.0, "species_richness": 9, "subregion": "htr" }, "geometry": { "type": "Point", "coordinates": [ 20.42619444, -32.16613889 ] } },
{ "type": "Feature", "properties": { "plot": "HTR_26_ak", "year": 2013.0, "species_richness": 17, "subregion": "htr" }, "geometry": { "type": "Point", "coordinates": [ 19.77411111, -31.43022222 ] } },
{ "type": "Feature", "properties": { "plot": "HTR_27", "year": 2004.0, "species_richness": 11, "subregion": "htr" }, "geometry": { "type": "Point", "coordinates": [ 19.38475, -31.49038889 ] } },
{ "type": "Feature", "properties": { "plot": "HTR_270", "year": 2004.0, "species_richness": 8, "subregion": "htr" }, "geometry": { "type": "Point", "coordinates": [ 20.47686111, -32.21363889 ] } },
{ "type": "Feature", "properties": { "plot": "HTR_271", "year": 2004.0, "species_richness": 7, "subregion": "htr" }, "geometry": { "type": "Point", "coordinates": [ 20.55338889, -32.23897222 ] } },
{ "type": "Feature", "properties": { "plot": "HTR_272", "year": 2004.0, "species_richness": 6, "subregion": "htr" }, "geometry": { "type": "Point", "coordinates": [ 20.55497222, -32.25038889 ] } },
{ "type": "Feature", "properties": { "plot": "HTR_273", "year": 2004.0, "species_richness": 10, "subregion": "htr" }, "geometry": { "type": "Point", "coordinates": [ 20.55527778, -32.25133333 ] } },
{ "type": "Feature", "properties": { "plot": "HTR_274", "year": 2004.0, "species_richness": 8, "subregion": "htr" }, "geometry": { "type": "Point", "coordinates": [ 20.68286111, -32.27983333 ] } },
{ "type": "Feature", "properties": { "plot": "HTR_275", "year": 2004.0, "species_richness": 6, "subregion": "htr" }, "geometry": { "type": "Point", "coordinates": [ 20.71158333, -32.17738889 ] } },
{ "type": "Feature", "properties": { "plot": "HTR_276", "year": 2004.0, "species_richness": 11, "subregion": "htr" }, "geometry": { "type": "Point", "coordinates": [ 20.6465, -32.0395 ] } },
{ "type": "Feature", "properties": { "plot": "HTR_277", "year": 2004.0, "species_richness": 9, "subregion": "htr" }, "geometry": { "type": "Point", "coordinates": [ 20.52613889, -32.02994444 ] } },
{ "type": "Feature", "properties": { "plot": "HTR_278", "year": 2004.0, "species_richness": 9, "subregion": "htr" }, "geometry": { "type": "Point", "coordinates": [ 20.52941667, -32.04119444 ] } },
{ "type": "Feature", "properties": { "plot": "HTR_279", "year": 2004.0, "species_richness": 6, "subregion": "htr" }, "geometry": { "type": "Point", "coordinates": [ 20.60938889, -32.1625 ] } },
{ "type": "Feature", "properties": { "plot": "HTR_27_ak", "year": 2013.0, "species_richness": 15, "subregion": "htr" }, "geometry": { "type": "Point", "coordinates": [ 19.774, -31.42875 ] } },
{ "type": "Feature", "properties": { "plot": "HTR_28", "year": 2004.0, "species_richness": 11, "subregion": "htr" }, "geometry": { "type": "Point", "coordinates": [ 19.40772222, -31.5035 ] } },
{ "type": "Feature", "properties": { "plot": "HTR_280", "year": 2004.0, "species_richness": 9, "subregion": "htr" }, "geometry": { "type": "Point", "coordinates": [ 20.60647222, -32.18186111 ] } },
{ "type": "Feature", "properties": { "plot": "HTR_281", "year": 2004.0, "species_richness": 6, "subregion": "htr" }, "geometry": { "type": "Point", "coordinates": [ 20.59619444, -32.22680556 ] } },
{ "type": "Feature", "properties": { "plot": "HTR_282", "year": 2004.0, "species_richness": 5, "subregion": "htr" }, "geometry": { "type": "Point", "coordinates": [ 20.66077778, -32.31863889 ] } },
{ "type": "Feature", "properties": { "plot": "HTR_283", "year": 2004.0, "species_richness": 7, "subregion": "htr" }, "geometry": { "type": "Point", "coordinates": [ 20.65813889, -32.41325 ] } },
{ "type": "Feature", "properties": { "plot": "HTR_284", "year": 2004.0, "species_richness": 9, "subregion": "htr" }, "geometry": { "type": "Point", "coordinates": [ 20.65786111, -32.41327778 ] } },
{ "type": "Feature", "properties": { "plot": "HTR_285", "year": 2004.0, "species_richness": 5, "subregion": "htr" }, "geometry": { "type": "Point", "coordinates": [ 20.61138889, -32.44841667 ] } },
{ "type": "Feature", "properties": { "plot": "HTR_286", "year": 2004.0, "species_richness": 9, "subregion": "htr" }, "geometry": { "type": "Point", "coordinates": [ 20.49816667, -32.36819444 ] } },
{ "type": "Feature", "properties": { "plot": "HTR_287", "year": 2004.0, "species_richness": 4, "subregion": "htr" }, "geometry": { "type": "Point", "coordinates": [ 20.49463889, -32.34616667 ] } },
{ "type": "Feature", "properties": { "plot": "HTR_288", "year": 2004.0, "species_richness": 8, "subregion": "htr" }, "geometry": { "type": "Point", "coordinates": [ 20.57094444, -32.45158333 ] } },
{ "type": "Feature", "properties": { "plot": "HTR_289", "year": 2004.0, "species_richness": 8, "subregion": "htr" }, "geometry": { "type": "Point", "coordinates": [ 20.49555556, -32.44833333 ] } },
{ "type": "Feature", "properties": { "plot": "HTR_28_ak", "year": 2013.0, "species_richness": 16, "subregion": "htr" }, "geometry": { "type": "Point", "coordinates": [ 19.77505556, -31.42833333 ] } },
{ "type": "Feature", "properties": { "plot": "HTR_29", "year": 2004.0, "species_richness": 5, "subregion": "htr" }, "geometry": { "type": "Point", "coordinates": [ 19.12861111, -31.42513889 ] } },
{ "type": "Feature", "properties": { "plot": "HTR_290", "year": 2004.0, "species_richness": 8, "subregion": "htr" }, "geometry": { "type": "Point", "coordinates": [ 20.40061111, -32.21469444 ] } },
{ "type": "Feature", "properties": { "plot": "HTR_291", "year": 2004.0, "species_richness": 6, "subregion": "htr" }, "geometry": { "type": "Point", "coordinates": [ 20.43644444, -32.206 ] } },
{ "type": "Feature", "properties": { "plot": "HTR_292", "year": 2004.0, "species_richness": 6, "subregion": "htr" }, "geometry": { "type": "Point", "coordinates": [ 20.39397222, -32.18577778 ] } },
{ "type": "Feature", "properties": { "plot": "HTR_293", "year": 2004.0, "species_richness": 5, "subregion": "htr" }, "geometry": { "type": "Point", "coordinates": [ 20.39969444, -32.15180556 ] } },
{ "type": "Feature", "properties": { "plot": "HTR_294", "year": 2004.0, "species_richness": 9, "subregion": "htr" }, "geometry": { "type": "Point", "coordinates": [ 20.69922222, -31.95377778 ] } },
{ "type": "Feature", "properties": { "plot": "HTR_295", "year": 2004.0, "species_richness": 2, "subregion": "htr" }, "geometry": { "type": "Point", "coordinates": [ 20.75566667, -31.83788889 ] } },
{ "type": "Feature", "properties": { "plot": "HTR_296", "year": 2004.0, "species_richness": 4, "subregion": "htr" }, "geometry": { "type": "Point", "coordinates": [ 20.82933333, -31.91738889 ] } },
{ "type": "Feature", "properties": { "plot": "HTR_297", "year": 2004.0, "species_richness": 10, "subregion": "htr" }, "geometry": { "type": "Point", "coordinates": [ 20.86713889, -31.97272222 ] } },
{ "type": "Feature", "properties": { "plot": "HTR_298", "year": 2004.0, "species_richness": 5, "subregion": "htr" }, "geometry": { "type": "Point", "coordinates": [ 20.78044444, -32.18586111 ] } },
{ "type": "Feature", "properties": { "plot": "HTR_299", "year": 2004.0, "species_richness": 5, "subregion": "htr" }, "geometry": { "type": "Point", "coordinates": [ 20.916, -32.106 ] } },
{ "type": "Feature", "properties": { "plot": "HTR_29_ak", "year": 2013.0, "species_richness": 19, "subregion": "htr" }, "geometry": { "type": "Point", "coordinates": [ 19.77744444, -31.42452778 ] } },
{ "type": "Feature", "properties": { "plot": "HTR_2_ak", "year": 2013.0, "species_richness": 18, "subregion": "htr" }, "geometry": { "type": "Point", "coordinates": [ 19.77327778, -31.44858333 ] } },
{ "type": "Feature", "properties": { "plot": "HTR_2_nieu", "year": 2014.0, "species_richness": 29, "subregion": "htr" }, "geometry": { "type": "Point", "coordinates": [ 19.03295, -31.28086 ] } },
{ "type": "Feature", "properties": { "plot": "HTR_3", "year": 2004.0, "species_richness": 19, "subregion": "htr" }, "geometry": { "type": "Point", "coordinates": [ 19.25511111, -31.544 ] } },
{ "type": "Feature", "properties": { "plot": "HTR_30", "year": 2004.0, "species_richness": 11, "subregion": "htr" }, "geometry": { "type": "Point", "coordinates": [ 19.17416667, -31.47088889 ] } },
{ "type": "Feature", "properties": { "plot": "HTR_300", "year": 2004.0, "species_richness": 7, "subregion": "htr" }, "geometry": { "type": "Point", "coordinates": [ 20.95794444, -31.99177778 ] } },
{ "type": "Feature", "properties": { "plot": "HTR_301", "year": 2004.0, "species_richness": 10, "subregion": "htr" }, "geometry": { "type": "Point", "coordinates": [ 21.05063889, -31.91105556 ] } },
{ "type": "Feature", "properties": { "plot": "HTR_302", "year": 2004.0, "species_richness": 5, "subregion": "htr" }, "geometry": { "type": "Point", "coordinates": [ 21.14325, -32.1415 ] } },
{ "type": "Feature", "properties": { "plot": "HTR_303", "year": 2004.0, "species_richness": 3, "subregion": "htr" }, "geometry": { "type": "Point", "coordinates": [ 20.96261111, -32.33858333 ] } },
{ "type": "Feature", "properties": { "plot": "HTR_304", "year": 2004.0, "species_richness": 6, "subregion": "htr" }, "geometry": { "type": "Point", "coordinates": [ 20.95297222, -32.34830556 ] } },
{ "type": "Feature", "properties": { "plot": "HTR_305", "year": 2004.0, "species_richness": 6, "subregion": "htr" }, "geometry": { "type": "Point", "coordinates": [ 20.93652778, -32.36997222 ] } },
{ "type": "Feature", "properties": { "plot": "HTR_306", "year": 2004.0, "species_richness": 10, "subregion": "htr" }, "geometry": { "type": "Point", "coordinates": [ 20.88088889, -32.40230556 ] } },
{ "type": "Feature", "properties": { "plot": "HTR_307", "year": 2004.0, "species_richness": 7, "subregion": "htr" }, "geometry": { "type": "Point", "coordinates": [ 20.81333333, -32.41027778 ] } },
{ "type": "Feature", "properties": { "plot": "HTR_308", "year": 2004.0, "species_richness": 4, "subregion": "htr" }, "geometry": { "type": "Point", "coordinates": [ 20.96888889, -32.41147222 ] } },
{ "type": "Feature", "properties": { "plot": "HTR_309", "year": 2004.0, "species_richness": 4, "subregion": "htr" }, "geometry": { "type": "Point", "coordinates": [ 21.00883333, -32.40811111 ] } },
{ "type": "Feature", "properties": { "plot": "HTR_30_ak", "year": 2013.0, "species_richness": 17, "subregion": "htr" }, "geometry": { "type": "Point", "coordinates": [ 19.77961111, -31.42327778 ] } },
{ "type": "Feature", "properties": { "plot": "HTR_31", "year": 2004.0, "species_richness": 7, "subregion": "htr" }, "geometry": { "type": "Point", "coordinates": [ 19.18111111, -31.50986111 ] } },
{ "type": "Feature", "properties": { "plot": "HTR_310", "year": 2004.0, "species_richness": 8, "subregion": "htr" }, "geometry": { "type": "Point", "coordinates": [ 21.02247222, -32.41161111 ] } },
{ "type": "Feature", "properties": { "plot": "HTR_311", "year": 2004.0, "species_richness": 6, "subregion": "htr" }, "geometry": { "type": "Point", "coordinates": [ 21.12980556, -32.47416667 ] } },
{ "type": "Feature", "properties": { "plot": "HTR_312", "year": 2004.0, "species_richness": 4, "subregion": "htr" }, "geometry": { "type": "Point", "coordinates": [ 21.16463889, -32.47136111 ] } },
{ "type": "Feature", "properties": { "plot": "HTR_313", "year": 2004.0, "species_richness": 4, "subregion": "htr" }, "geometry": { "type": "Point", "coordinates": [ 21.17811111, -32.46072222 ] } },
{ "type": "Feature", "properties": { "plot": "HTR_314", "year": 2004.0, "species_richness": 1, "subregion": "htr" }, "geometry": { "type": "Point", "coordinates": [ 21.19352778, -32.45477778 ] } },
{ "type": "Feature", "properties": { "plot": "HTR_315", "year": 2004.0, "species_richness": 3, "subregion": "htr" }, "geometry": { "type": "Point", "coordinates": [ 21.20355556, -32.45127778 ] } },
{ "type": "Feature", "properties": { "plot": "HTR_316", "year": 2004.0, "species_richness": 5, "subregion": "htr" }, "geometry": { "type": "Point", "coordinates": [ 21.21513889, -32.42738889 ] } },
{ "type": "Feature", "properties": { "plot": "HTR_317", "year": 2004.0, "species_richness": 4, "subregion": "htr" }, "geometry": { "type": "Point", "coordinates": [ 21.21730556, -32.38775 ] } },
{ "type": "Feature", "properties": { "plot": "HTR_318", "year": 2004.0, "species_richness": 6, "subregion": "htr" }, "geometry": { "type": "Point", "coordinates": [ 21.36366667, -32.24475 ] } },
{ "type": "Feature", "properties": { "plot": "HTR_319", "year": 2004.0, "species_richness": 6, "subregion": "htr" }, "geometry": { "type": "Point", "coordinates": [ 21.36286111, -32.23944444 ] } },
{ "type": "Feature", "properties": { "plot": "HTR_31_ak", "year": 2013.0, "species_richness": 10, "subregion": "htr" }, "geometry": { "type": "Point", "coordinates": [ 19.77677778, -31.41013889 ] } },
{ "type": "Feature", "properties": { "plot": "HTR_32", "year": 2004.0, "species_richness": 7, "subregion": "htr" }, "geometry": { "type": "Point", "coordinates": [ 19.18666667, -31.52880556 ] } },
{ "type": "Feature", "properties": { "plot": "HTR_320", "year": 2004.0, "species_richness": 4, "subregion": "htr" }, "geometry": { "type": "Point", "coordinates": [ 21.36769444, -31.22186111 ] } },
{ "type": "Feature", "properties": { "plot": "HTR_321", "year": 2004.0, "species_richness": 7, "subregion": "htr" }, "geometry": { "type": "Point", "coordinates": [ 21.43036111, -32.09886111 ] } },
{ "type": "Feature", "properties": { "plot": "HTR_322", "year": 2004.0, "species_richness": 8, "subregion": "htr" }, "geometry": { "type": "Point", "coordinates": [ 21.44355556, -32.08566667 ] } },
{ "type": "Feature", "properties": { "plot": "HTR_323", "year": 2004.0, "species_richness": 4, "subregion": "htr" }, "geometry": { "type": "Point", "coordinates": [ 21.74055556, -32.15594444 ] } },
{ "type": "Feature", "properties": { "plot": "HTR_324", "year": 2004.0, "species_richness": 4, "subregion": "htr" }, "geometry": { "type": "Point", "coordinates": [ 21.73252778, -32.11533333 ] } },
{ "type": "Feature", "properties": { "plot": "HTR_325", "year": 2004.0, "species_richness": 6, "subregion": "htr" }, "geometry": { "type": "Point", "coordinates": [ 20.69111111, -32.48508333 ] } },
{ "type": "Feature", "properties": { "plot": "HTR_326", "year": 2004.0, "species_richness": 4, "subregion": "htr" }, "geometry": { "type": "Point", "coordinates": [ 20.72452778, -32.48761111 ] } },
{ "type": "Feature", "properties": { "plot": "HTR_327", "year": 2004.0, "species_richness": 3, "subregion": "htr" }, "geometry": { "type": "Point", "coordinates": [ 20.80811111, -32.49913889 ] } },
{ "type": "Feature", "properties": { "plot": "HTR_328", "year": 2004.0, "species_richness": 4, "subregion": "htr" }, "geometry": { "type": "Point", "coordinates": [ 20.82055556, -32.506 ] } },
{ "type": "Feature", "properties": { "plot": "HTR_329", "year": 2004.0, "species_richness": 3, "subregion": "htr" }, "geometry": { "type": "Point", "coordinates": [ 20.84294444, -32.50911111 ] } },
{ "type": "Feature", "properties": { "plot": "HTR_32_ak", "year": 2013.0, "species_richness": 4, "subregion": "htr" }, "geometry": { "type": "Point", "coordinates": [ 19.77583333, -31.41033333 ] } },
{ "type": "Feature", "properties": { "plot": "HTR_33", "year": 2004.0, "species_richness": 13, "subregion": "htr" }, "geometry": { "type": "Point", "coordinates": [ 19.19013889, -31.54361111 ] } },
{ "type": "Feature", "properties": { "plot": "HTR_330", "year": 2004.0, "species_richness": 9, "subregion": "htr" }, "geometry": { "type": "Point", "coordinates": [ 20.85775, -32.50986111 ] } },
{ "type": "Feature", "properties": { "plot": "HTR_331", "year": 2004.0, "species_richness": 7, "subregion": "htr" }, "geometry": { "type": "Point", "coordinates": [ 20.87677778, -32.51052778 ] } },
{ "type": "Feature", "properties": { "plot": "HTR_332", "year": 2004.0, "species_richness": 8, "subregion": "htr" }, "geometry": { "type": "Point", "coordinates": [ 20.92033333, -32.51783333 ] } },
{ "type": "Feature", "properties": { "plot": "HTR_333", "year": 2004.0, "species_richness": 10, "subregion": "htr" }, "geometry": { "type": "Point", "coordinates": [ 20.93202778, -32.52127778 ] } },
{ "type": "Feature", "properties": { "plot": "HTR_334", "year": 2004.0, "species_richness": 7, "subregion": "htr" }, "geometry": { "type": "Point", "coordinates": [ 21.09502778, -32.52861111 ] } },
{ "type": "Feature", "properties": { "plot": "HTR_335", "year": 2004.0, "species_richness": 5, "subregion": "htr" }, "geometry": { "type": "Point", "coordinates": [ 21.14511111, -32.52894444 ] } },
{ "type": "Feature", "properties": { "plot": "HTR_336", "year": 2004.0, "species_richness": 7, "subregion": "htr" }, "geometry": { "type": "Point", "coordinates": [ 20.64425, -32.53216667 ] } },
{ "type": "Feature", "properties": { "plot": "HTR_337", "year": 2004.0, "species_richness": 6, "subregion": "htr" }, "geometry": { "type": "Point", "coordinates": [ 20.73877778, -32.5935 ] } },
{ "type": "Feature", "properties": { "plot": "HTR_338", "year": 2004.0, "species_richness": 3, "subregion": "htr" }, "geometry": { "type": "Point", "coordinates": [ 20.75827778, -32.63658333 ] } },
{ "type": "Feature", "properties": { "plot": "HTR_339", "year": 2004.0, "species_richness": 4, "subregion": "htr" }, "geometry": { "type": "Point", "coordinates": [ 20.76238889, -32.67136111 ] } },
{ "type": "Feature", "properties": { "plot": "HTR_33_ak", "year": 2013.0, "species_richness": 14, "subregion": "htr" }, "geometry": { "type": "Point", "coordinates": [ 19.77672222, -31.41116667 ] } },
{ "type": "Feature", "properties": { "plot": "HTR_34", "year": 2004.0, "species_richness": 3, "subregion": "htr" }, "geometry": { "type": "Point", "coordinates": [ 19.17572222, -31.59725 ] } },
{ "type": "Feature", "properties": { "plot": "HTR_340", "year": 2004.0, "species_richness": 11, "subregion": "htr" }, "geometry": { "type": "Point", "coordinates": [ 20.76941667, -32.68444444 ] } },
{ "type": "Feature", "properties": { "plot": "HTR_341", "year": 2004.0, "species_richness": 7, "subregion": "htr" }, "geometry": { "type": "Point", "coordinates": [ 20.77825, -32.69894444 ] } },
{ "type": "Feature", "properties": { "plot": "HTR_342", "year": 2004.0, "species_richness": 7, "subregion": "htr" }, "geometry": { "type": "Point", "coordinates": [ 20.78688889, -32.7105 ] } },
{ "type": "Feature", "properties": { "plot": "HTR_343", "year": 2004.0, "species_richness": 4, "subregion": "htr" }, "geometry": { "type": "Point", "coordinates": [ 20.85730556, -32.70013889 ] } },
{ "type": "Feature", "properties": { "plot": "HTR_344", "year": 2004.0, "species_richness": 9, "subregion": "htr" }, "geometry": { "type": "Point", "coordinates": [ 20.74358333, -32.72347222 ] } },
{ "type": "Feature", "properties": { "plot": "HTR_345", "year": 2004.0, "species_richness": 14, "subregion": "htr" }, "geometry": { "type": "Point", "coordinates": [ 20.69872222, -32.81644444 ] } },
{ "type": "Feature", "properties": { "plot": "HTR_346", "year": 2004.0, "species_richness": 5, "subregion": "htr" }, "geometry": { "type": "Point", "coordinates": [ 20.68872222, -32.86138889 ] } },
{ "type": "Feature", "properties": { "plot": "HTR_347", "year": 2004.0, "species_richness": 4, "subregion": "htr" }, "geometry": { "type": "Point", "coordinates": [ 20.33580556, -32.76716667 ] } },
{ "type": "Feature", "properties": { "plot": "HTR_348", "year": 2004.0, "species_richness": 6, "subregion": "htr" }, "geometry": { "type": "Point", "coordinates": [ 20.29544444, -32.78147222 ] } },
{ "type": "Feature", "properties": { "plot": "HTR_349", "year": 2004.0, "species_richness": 5, "subregion": "htr" }, "geometry": { "type": "Point", "coordinates": [ 20.24869444, -32.78066667 ] } },
{ "type": "Feature", "properties": { "plot": "HTR_34_ak", "year": 2013.0, "species_richness": 15, "subregion": "htr" }, "geometry": { "type": "Point", "coordinates": [ 19.77627778, -31.41163889 ] } },
{ "type": "Feature", "properties": { "plot": "HTR_35", "year": 2004.0, "species_richness": 12, "subregion": "htr" }, "geometry": { "type": "Point", "coordinates": [ 19.15630556, -31.83263889 ] } },
{ "type": "Feature", "properties": { "plot": "HTR_350", "year": 2004.0, "species_richness": 3, "subregion": "htr" }, "geometry": { "type": "Point", "coordinates": [ 20.02888889, -32.82783333 ] } },
{ "type": "Feature", "properties": { "plot": "HTR_351", "year": 2004.0, "species_richness": 4, "subregion": "htr" }, "geometry": { "type": "Point", "coordinates": [ 19.97908333, -32.85672222 ] } },
{ "type": "Feature", "properties": { "plot": "HTR_352", "year": 2004.0, "species_richness": 5, "subregion": "htr" }, "geometry": { "type": "Point", "coordinates": [ 19.969, -32.87608333 ] } },
{ "type": "Feature", "properties": { "plot": "HTR_353", "year": 2004.0, "species_richness": 4, "subregion": "htr" }, "geometry": { "type": "Point", "coordinates": [ 19.92519444, -32.94713889 ] } },
{ "type": "Feature", "properties": { "plot": "HTR_354", "year": 2004.0, "species_richness": 7, "subregion": "htr" }, "geometry": { "type": "Point", "coordinates": [ 19.88508333, -33.00761111 ] } },
{ "type": "Feature", "properties": { "plot": "HTR_355", "year": 2004.0, "species_richness": 4, "subregion": "htr" }, "geometry": { "type": "Point", "coordinates": [ 19.78363889, -33.17986111 ] } },
{ "type": "Feature", "properties": { "plot": "HTR_356", "year": 2004.0, "species_richness": 4, "subregion": "htr" }, "geometry": { "type": "Point", "coordinates": [ 19.75191667, -33.19508333 ] } },
{ "type": "Feature", "properties": { "plot": "HTR_357", "year": 2004.0, "species_richness": 1, "subregion": "htr" }, "geometry": { "type": "Point", "coordinates": [ 19.77075, -33.09355556 ] } },
{ "type": "Feature", "properties": { "plot": "HTR_359", "year": 2004.0, "species_richness": 3, "subregion": "htr" }, "geometry": { "type": "Point", "coordinates": [ 19.77411111, -32.86827778 ] } },
{ "type": "Feature", "properties": { "plot": "HTR_35_ak", "year": 2013.0, "species_richness": 9, "subregion": "htr" }, "geometry": { "type": "Point", "coordinates": [ 19.77061111, -31.40933333 ] } },
{ "type": "Feature", "properties": { "plot": "HTR_36", "year": 2004.0, "species_richness": 7, "subregion": "htr" }, "geometry": { "type": "Point", "coordinates": [ 19.18263889, -31.85583333 ] } },
{ "type": "Feature", "properties": { "plot": "HTR_362", "year": 2004.0, "species_richness": 7, "subregion": "htr" }, "geometry": { "type": "Point", "coordinates": [ 20.01988889, -31.98755556 ] } },
{ "type": "Feature", "properties": { "plot": "HTR_363", "year": 2004.0, "species_richness": 8, "subregion": "htr" }, "geometry": { "type": "Point", "coordinates": [ 20.02397222, -31.97761111 ] } },
{ "type": "Feature", "properties": { "plot": "HTR_364", "year": 2004.0, "species_richness": 8, "subregion": "htr" }, "geometry": { "type": "Point", "coordinates": [ 20.02633333, -31.9305 ] } },
{ "type": "Feature", "properties": { "plot": "HTR_365", "year": 2004.0, "species_richness": 16, "subregion": "htr" }, "geometry": { "type": "Point", "coordinates": [ 20.02894444, -31.92222222 ] } },
{ "type": "Feature", "properties": { "plot": "HTR_366", "year": 2004.0, "species_richness": 6, "subregion": "htr" }, "geometry": { "type": "Point", "coordinates": [ 19.84858333, -31.33497222 ] } },
{ "type": "Feature", "properties": { "plot": "HTR_367", "year": 2004.0, "species_richness": 5, "subregion": "htr" }, "geometry": { "type": "Point", "coordinates": [ 19.83055556, -31.33705556 ] } },
{ "type": "Feature", "properties": { "plot": "HTR_368", "year": 2004.0, "species_richness": 4, "subregion": "htr" }, "geometry": { "type": "Point", "coordinates": [ 19.80619444, -31.34602778 ] } },
{ "type": "Feature", "properties": { "plot": "HTR_369", "year": 2004.0, "species_richness": 8, "subregion": "htr" }, "geometry": { "type": "Point", "coordinates": [ 19.78163889, -31.38569444 ] } },
{ "type": "Feature", "properties": { "plot": "HTR_36_ak", "year": 2013.0, "species_richness": 7, "subregion": "htr" }, "geometry": { "type": "Point", "coordinates": [ 19.77561111, -31.41191667 ] } },
{ "type": "Feature", "properties": { "plot": "HTR_37", "year": 2004.0, "species_richness": 5, "subregion": "htr" }, "geometry": { "type": "Point", "coordinates": [ 19.18797222, -31.86041667 ] } },
{ "type": "Feature", "properties": { "plot": "HTR_370", "year": 2004.0, "species_richness": 13, "subregion": "htr" }, "geometry": { "type": "Point", "coordinates": [ 19.79563889, -31.35775 ] } },
{ "type": "Feature", "properties": { "plot": "HTR_371", "year": 2004.0, "species_richness": 3, "subregion": "htr" }, "geometry": { "type": "Point", "coordinates": [ 19.81577778, -31.33988889 ] } },
{ "type": "Feature", "properties": { "plot": "HTR_372", "year": 2004.0, "species_richness": 7, "subregion": "htr" }, "geometry": { "type": "Point", "coordinates": [ 20.56291667, -32.55772222 ] } },
{ "type": "Feature", "properties": { "plot": "HTR_373", "year": 2004.0, "species_richness": 4, "subregion": "htr" }, "geometry": { "type": "Point", "coordinates": [ 20.02725, -31.43580556 ] } },
{ "type": "Feature", "properties": { "plot": "HTR_374", "year": 2004.0, "species_richness": 9, "subregion": "htr" }, "geometry": { "type": "Point", "coordinates": [ 20.06022222, -31.39825 ] } },
{ "type": "Feature", "properties": { "plot": "HTR_375", "year": 2004.0, "species_richness": 3, "subregion": "htr" }, "geometry": { "type": "Point", "coordinates": [ 20.07472222, -31.3815 ] } },
{ "type": "Feature", "properties": { "plot": "HTR_376", "year": 2004.0, "species_richness": 4, "subregion": "htr" }, "geometry": { "type": "Point", "coordinates": [ 20.01238889, -31.45652778 ] } },
{ "type": "Feature", "properties": { "plot": "HTR_377", "year": 2004.0, "species_richness": 5, "subregion": "htr" }, "geometry": { "type": "Point", "coordinates": [ 19.02330556, -32.012 ] } },
{ "type": "Feature", "properties": { "plot": "HTR_378", "year": 2004.0, "species_richness": 6, "subregion": "htr" }, "geometry": { "type": "Point", "coordinates": [ 19.01391667, -31.99933333 ] } },
{ "type": "Feature", "properties": { "plot": "HTR_379", "year": 2004.0, "species_richness": 4, "subregion": "htr" }, "geometry": { "type": "Point", "coordinates": [ 18.9775, -31.95602778 ] } },
{ "type": "Feature", "properties": { "plot": "HTR_37_ak", "year": 2013.0, "species_richness": 18, "subregion": "htr" }, "geometry": { "type": "Point", "coordinates": [ 19.77825, -31.41536111 ] } },
{ "type": "Feature", "properties": { "plot": "HTR_38", "year": 2004.0, "species_richness": 7, "subregion": "htr" }, "geometry": { "type": "Point", "coordinates": [ 19.19597222, -31.86991667 ] } },
{ "type": "Feature", "properties": { "plot": "HTR_380", "year": 2004.0, "species_richness": 7, "subregion": "htr" }, "geometry": { "type": "Point", "coordinates": [ 18.95336111, -31.94555556 ] } },
{ "type": "Feature", "properties": { "plot": "HTR_381", "year": 2004.0, "species_richness": 4, "subregion": "htr" }, "geometry": { "type": "Point", "coordinates": [ 19.24905556, -32.14094444 ] } },
{ "type": "Feature", "properties": { "plot": "HTR_384", "year": 2004.0, "species_richness": 10, "subregion": "htr" }, "geometry": { "type": "Point", "coordinates": [ 18.92544444, -31.72838889 ] } },
{ "type": "Feature", "properties": { "plot": "HTR_385", "year": 2004.0, "species_richness": 1, "subregion": "htr" }, "geometry": { "type": "Point", "coordinates": [ 19.62111111, -32.32741667 ] } },
{ "type": "Feature", "properties": { "plot": "HTR_386", "year": 2004.0, "species_richness": 1, "subregion": "htr" }, "geometry": { "type": "Point", "coordinates": [ 19.62147222, -32.32738889 ] } },
{ "type": "Feature", "properties": { "plot": "HTR_388", "year": 2004.0, "species_richness": 4, "subregion": "htr" }, "geometry": { "type": "Point", "coordinates": [ 19.31441667, -30.94436111 ] } },
{ "type": "Feature", "properties": { "plot": "HTR_389", "year": 2004.0, "species_richness": 2, "subregion": "htr" }, "geometry": { "type": "Point", "coordinates": [ 19.26325, -30.92319444 ] } },
{ "type": "Feature", "properties": { "plot": "HTR_38_ak", "year": 2013.0, "species_richness": 10, "subregion": "htr" }, "geometry": { "type": "Point", "coordinates": [ 19.77819444, -31.41491667 ] } },
{ "type": "Feature", "properties": { "plot": "HTR_39", "year": 2004.0, "species_richness": 13, "subregion": "htr" }, "geometry": { "type": "Point", "coordinates": [ 19.19105556, -31.88480556 ] } },
{ "type": "Feature", "properties": { "plot": "HTR_390", "year": 2004.0, "species_richness": 7, "subregion": "htr" }, "geometry": { "type": "Point", "coordinates": [ 18.58872222, -30.91644444 ] } },
{ "type": "Feature", "properties": { "plot": "HTR_39_ak", "year": 2013.0, "species_richness": 14, "subregion": "htr" }, "geometry": { "type": "Point", "coordinates": [ 19.77894444, -31.41522222 ] } },
{ "type": "Feature", "properties": { "plot": "HTR_3_ak", "year": 2013.0, "species_richness": 18, "subregion": "htr" }, "geometry": { "type": "Point", "coordinates": [ 19.77583333, -31.44594444 ] } },
{ "type": "Feature", "properties": { "plot": "HTR_3_nieu", "year": 2014.0, "species_richness": 24, "subregion": "htr" }, "geometry": { "type": "Point", "coordinates": [ 19.04081, -31.27577 ] } },
{ "type": "Feature", "properties": { "plot": "HTR_4", "year": 2004.0, "species_richness": 14, "subregion": "htr" }, "geometry": { "type": "Point", "coordinates": [ 19.24866667, -31.495 ] } },
{ "type": "Feature", "properties": { "plot": "HTR_40", "year": 2004.0, "species_richness": 8, "subregion": "htr" }, "geometry": { "type": "Point", "coordinates": [ 19.18655556, -31.89472222 ] } },
{ "type": "Feature", "properties": { "plot": "HTR_40_ak", "year": 2013.0, "species_richness": 14, "subregion": "htr" }, "geometry": { "type": "Point", "coordinates": [ 19.78263889, -31.4245 ] } },
{ "type": "Feature", "properties": { "plot": "HTR_41", "year": 2004.0, "species_richness": 9, "subregion": "htr" }, "geometry": { "type": "Point", "coordinates": [ 19.20255556, -31.90847222 ] } },
{ "type": "Feature", "properties": { "plot": "HTR_41_ak", "year": 2013.0, "species_richness": 12, "subregion": "htr" }, "geometry": { "type": "Point", "coordinates": [ 19.76713889, -31.45127778 ] } },
{ "type": "Feature", "properties": { "plot": "HTR_42", "year": 2004.0, "species_richness": 3, "subregion": "htr" }, "geometry": { "type": "Point", "coordinates": [ 19.20441667, -31.93983333 ] } },
{ "type": "Feature", "properties": { "plot": "HTR_42_ak", "year": 2013.0, "species_richness": 14, "subregion": "htr" }, "geometry": { "type": "Point", "coordinates": [ 19.76758333, -31.45075 ] } },
{ "type": "Feature", "properties": { "plot": "HTR_43", "year": 2004.0, "species_richness": 14, "subregion": "htr" }, "geometry": { "type": "Point", "coordinates": [ 19.17886111, -32.051 ] } },
{ "type": "Feature", "properties": { "plot": "HTR_43_ak", "year": 2013.0, "species_richness": 15, "subregion": "htr" }, "geometry": { "type": "Point", "coordinates": [ 19.76077778, -31.44527778 ] } },
{ "type": "Feature", "properties": { "plot": "HTR_44", "year": 2004.0, "species_richness": 6, "subregion": "htr" }, "geometry": { "type": "Point", "coordinates": [ 19.22108333, -32.01863889 ] } },
{ "type": "Feature", "properties": { "plot": "HTR_44_ak", "year": 2013.0, "species_richness": 8, "subregion": "htr" }, "geometry": { "type": "Point", "coordinates": [ 19.75627778, -31.44286111 ] } },
{ "type": "Feature", "properties": { "plot": "HTR_45", "year": 2004.0, "species_richness": 5, "subregion": "htr" }, "geometry": { "type": "Point", "coordinates": [ 19.22833333, -32.00669444 ] } },
{ "type": "Feature", "properties": { "plot": "HTR_45_ak", "year": 2013.0, "species_richness": 10, "subregion": "htr" }, "geometry": { "type": "Point", "coordinates": [ 19.75616667, -31.442 ] } },
{ "type": "Feature", "properties": { "plot": "HTR_46", "year": 2004.0, "species_richness": 9, "subregion": "htr" }, "geometry": { "type": "Point", "coordinates": [ 19.22783333, -31.99894444 ] } },
{ "type": "Feature", "properties": { "plot": "HTR_46_ak", "year": 2013.0, "species_richness": 15, "subregion": "htr" }, "geometry": { "type": "Point", "coordinates": [ 19.75769444, -31.44266667 ] } },
{ "type": "Feature", "properties": { "plot": "HTR_47", "year": 2004.0, "species_richness": 10, "subregion": "htr" }, "geometry": { "type": "Point", "coordinates": [ 19.23961111, -31.94319444 ] } },
{ "type": "Feature", "properties": { "plot": "HTR_47_ak", "year": 2013.0, "species_richness": 17, "subregion": "htr" }, "geometry": { "type": "Point", "coordinates": [ 19.75902778, -31.443 ] } },
{ "type": "Feature", "properties": { "plot": "HTR_48", "year": 2004.0, "species_richness": 8, "subregion": "htr" }, "geometry": { "type": "Point", "coordinates": [ 19.27263889, -31.88052778 ] } },
{ "type": "Feature", "properties": { "plot": "HTR_48_ak", "year": 2013.0, "species_richness": 12, "subregion": "htr" }, "geometry": { "type": "Point", "coordinates": [ 19.7595, -31.44305556 ] } },
{ "type": "Feature", "properties": { "plot": "HTR_49", "year": 2004.0, "species_richness": 8, "subregion": "htr" }, "geometry": { "type": "Point", "coordinates": [ 19.2715, -31.8505 ] } },
{ "type": "Feature", "properties": { "plot": "HTR_49_ak", "year": 2013.0, "species_richness": 23, "subregion": "htr" }, "geometry": { "type": "Point", "coordinates": [ 19.76011111, -31.44311111 ] } },
{ "type": "Feature", "properties": { "plot": "HTR_4_ak", "year": 2013.0, "species_richness": 18, "subregion": "htr" }, "geometry": { "type": "Point", "coordinates": [ 19.77680556, -31.445 ] } },
{ "type": "Feature", "properties": { "plot": "HTR_4_nieu", "year": 2014.0, "species_richness": 27, "subregion": "htr" }, "geometry": { "type": "Point", "coordinates": [ 19.04072, -31.27538 ] } },
{ "type": "Feature", "properties": { "plot": "HTR_5", "year": 2004.0, "species_richness": 13, "subregion": "htr" }, "geometry": { "type": "Point", "coordinates": [ 19.47972222, -31.48455556 ] } },
{ "type": "Feature", "properties": { "plot": "HTR_50", "year": 2004.0, "species_richness": 4, "subregion": "htr" }, "geometry": { "type": "Point", "coordinates": [ 19.28622222, -31.78011111 ] } },
{ "type": "Feature", "properties": { "plot": "HTR_50_ak", "year": 2013.0, "species_richness": 15, "subregion": "htr" }, "geometry": { "type": "Point", "coordinates": [ 19.77541667, -31.42680556 ] } },
{ "type": "Feature", "properties": { "plot": "HTR_51", "year": 2004.0, "species_richness": 8, "subregion": "htr" }, "geometry": { "type": "Point", "coordinates": [ 19.30280556, -31.71975 ] } },
{ "type": "Feature", "properties": { "plot": "HTR_51_ak", "year": 2013.0, "species_richness": 12, "subregion": "htr" }, "geometry": { "type": "Point", "coordinates": [ 19.77547222, -31.42666667 ] } },
{ "type": "Feature", "properties": { "plot": "HTR_52", "year": 2004.0, "species_richness": 8, "subregion": "htr" }, "geometry": { "type": "Point", "coordinates": [ 19.2895, -31.70286111 ] } },
{ "type": "Feature", "properties": { "plot": "HTR_52_ak", "year": 2013.0, "species_richness": 9, "subregion": "htr" }, "geometry": { "type": "Point", "coordinates": [ 19.77325, -31.42519444 ] } },
{ "type": "Feature", "properties": { "plot": "HTR_53", "year": 2004.0, "species_richness": 5, "subregion": "htr" }, "geometry": { "type": "Point", "coordinates": [ 19.246, -31.63588889 ] } },
{ "type": "Feature", "properties": { "plot": "HTR_53_ak", "year": 2013.0, "species_richness": 15, "subregion": "htr" }, "geometry": { "type": "Point", "coordinates": [ 19.77311111, -31.42522222 ] } },
{ "type": "Feature", "properties": { "plot": "HTR_54", "year": 2004.0, "species_richness": 8, "subregion": "htr" }, "geometry": { "type": "Point", "coordinates": [ 19.37202778, -31.55213889 ] } },
{ "type": "Feature", "properties": { "plot": "HTR_54_ak", "year": 2013.0, "species_richness": 5, "subregion": "htr" }, "geometry": { "type": "Point", "coordinates": [ 19.77122222, -31.42597222 ] } },
{ "type": "Feature", "properties": { "plot": "HTR_55", "year": 2004.0, "species_richness": 9, "subregion": "htr" }, "geometry": { "type": "Point", "coordinates": [ 19.51188889, -31.30133333 ] } },
{ "type": "Feature", "properties": { "plot": "HTR_55_ak", "year": 2013.0, "species_richness": 14, "subregion": "htr" }, "geometry": { "type": "Point", "coordinates": [ 19.77233333, -31.42663889 ] } },
{ "type": "Feature", "properties": { "plot": "HTR_56", "year": 2004.0, "species_richness": 9, "subregion": "htr" }, "geometry": { "type": "Point", "coordinates": [ 19.52661111, -31.24852778 ] } },
{ "type": "Feature", "properties": { "plot": "HTR_56_ak", "year": 2013.0, "species_richness": 22, "subregion": "htr" }, "geometry": { "type": "Point", "coordinates": [ 19.78097222, -31.41447222 ] } },
{ "type": "Feature", "properties": { "plot": "HTR_57", "year": 2004.0, "species_richness": 7, "subregion": "htr" }, "geometry": { "type": "Point", "coordinates": [ 19.58055556, -31.21269444 ] } },
{ "type": "Feature", "properties": { "plot": "HTR_57_ak", "year": 2013.0, "species_richness": 12, "subregion": "htr" }, "geometry": { "type": "Point", "coordinates": [ 19.78275, -31.41461111 ] } },
{ "type": "Feature", "properties": { "plot": "HTR_58", "year": 2004.0, "species_richness": 9, "subregion": "htr" }, "geometry": { "type": "Point", "coordinates": [ 19.598, -31.20655556 ] } },
{ "type": "Feature", "properties": { "plot": "HTR_58_ak", "year": 2013.0, "species_richness": 13, "subregion": "htr" }, "geometry": { "type": "Point", "coordinates": [ 19.78344444, -31.41466667 ] } },
{ "type": "Feature", "properties": { "plot": "HTR_59", "year": 2004.0, "species_richness": 5, "subregion": "htr" }, "geometry": { "type": "Point", "coordinates": [ 19.63783333, -31.18211111 ] } },
{ "type": "Feature", "properties": { "plot": "HTR_59_ak", "year": 2013.0, "species_richness": 21, "subregion": "htr" }, "geometry": { "type": "Point", "coordinates": [ 19.78363889, -31.41369444 ] } },
{ "type": "Feature", "properties": { "plot": "HTR_5_ak", "year": 2013.0, "species_richness": 15, "subregion": "htr" }, "geometry": { "type": "Point", "coordinates": [ 19.77569444, -31.451 ] } },
{ "type": "Feature", "properties": { "plot": "HTR_5_nieu", "year": 2014.0, "species_richness": 37, "subregion": "htr" }, "geometry": { "type": "Point", "coordinates": [ 19.04989, -31.27247 ] } },
{ "type": "Feature", "properties": { "plot": "HTR_6", "year": 2004.0, "species_richness": 13, "subregion": "htr" }, "geometry": { "type": "Point", "coordinates": [ 19.47680556, -31.45755556 ] } },
{ "type": "Feature", "properties": { "plot": "HTR_60", "year": 2004.0, "species_richness": 4, "subregion": "htr" }, "geometry": { "type": "Point", "coordinates": [ 19.65544444, -31.16361111 ] } },
{ "type": "Feature", "properties": { "plot": "HTR_60_ak", "year": 2013.0, "species_richness": 11, "subregion": "htr" }, "geometry": { "type": "Point", "coordinates": [ 19.78355556, -31.41263889 ] } },
{ "type": "Feature", "properties": { "plot": "HTR_61", "year": 2004.0, "species_richness": 9, "subregion": "htr" }, "geometry": { "type": "Point", "coordinates": [ 19.68611111, -31.18397222 ] } },
{ "type": "Feature", "properties": { "plot": "HTR_61_ak", "year": 2013.0, "species_richness": 17, "subregion": "htr" }, "geometry": { "type": "Point", "coordinates": [ 19.78283333, -31.41302778 ] } },
{ "type": "Feature", "properties": { "plot": "HTR_62", "year": 2004.0, "species_richness": 1, "subregion": "htr" }, "geometry": { "type": "Point", "coordinates": [ 19.78094444, -31.135 ] } },
{ "type": "Feature", "properties": { "plot": "HTR_62_ak", "year": 2013.0, "species_richness": 16, "subregion": "htr" }, "geometry": { "type": "Point", "coordinates": [ 19.76241667, -31.43525 ] } },
{ "type": "Feature", "properties": { "plot": "HTR_63", "year": 2004.0, "species_richness": 6, "subregion": "htr" }, "geometry": { "type": "Point", "coordinates": [ 19.80852778, -31.12238889 ] } },
{ "type": "Feature", "properties": { "plot": "HTR_63_ak", "year": 2013.0, "species_richness": 12, "subregion": "htr" }, "geometry": { "type": "Point", "coordinates": [ 19.75852778, -31.43519444 ] } },
{ "type": "Feature", "properties": { "plot": "HTR_64", "year": 2004.0, "species_richness": 7, "subregion": "htr" }, "geometry": { "type": "Point", "coordinates": [ 19.83933333, -31.12519444 ] } },
{ "type": "Feature", "properties": { "plot": "HTR_64_ak", "year": 2013.0, "species_richness": 12, "subregion": "htr" }, "geometry": { "type": "Point", "coordinates": [ 19.75511111, -31.43541667 ] } },
{ "type": "Feature", "properties": { "plot": "HTR_65", "year": 2004.0, "species_richness": 9, "subregion": "htr" }, "geometry": { "type": "Point", "coordinates": [ 19.86266667, -31.13055556 ] } },
{ "type": "Feature", "properties": { "plot": "HTR_65_ak", "year": 2013.0, "species_richness": 17, "subregion": "htr" }, "geometry": { "type": "Point", "coordinates": [ 19.75288889, -31.43563889 ] } },
{ "type": "Feature", "properties": { "plot": "HTR_66", "year": 2004.0, "species_richness": 5, "subregion": "htr" }, "geometry": { "type": "Point", "coordinates": [ 19.87708333, -31.146 ] } },
{ "type": "Feature", "properties": { "plot": "HTR_66_ak", "year": 2013.0, "species_richness": 16, "subregion": "htr" }, "geometry": { "type": "Point", "coordinates": [ 19.75077778, -31.43722222 ] } },
{ "type": "Feature", "properties": { "plot": "HTR_67", "year": 2004.0, "species_richness": 4, "subregion": "htr" }, "geometry": { "type": "Point", "coordinates": [ 19.81141667, -31.21919444 ] } },
{ "type": "Feature", "properties": { "plot": "HTR_67_ak", "year": 2013.0, "species_richness": 10, "subregion": "htr" }, "geometry": { "type": "Point", "coordinates": [ 19.74925, -31.43808333 ] } },
{ "type": "Feature", "properties": { "plot": "HTR_68", "year": 2004.0, "species_richness": 13, "subregion": "htr" }, "geometry": { "type": "Point", "coordinates": [ 19.74702778, -31.27430556 ] } },
{ "type": "Feature", "properties": { "plot": "HTR_68_ak", "year": 2013.0, "species_richness": 15, "subregion": "htr" }, "geometry": { "type": "Point", "coordinates": [ 19.74763889, -31.43813889 ] } },
{ "type": "Feature", "properties": { "plot": "HTR_69", "year": 2004.0, "species_richness": 10, "subregion": "htr" }, "geometry": { "type": "Point", "coordinates": [ 19.74344444, -31.49730556 ] } },
{ "type": "Feature", "properties": { "plot": "HTR_69_ak", "year": 2013.0, "species_richness": 12, "subregion": "htr" }, "geometry": { "type": "Point", "coordinates": [ 19.74583333, -31.43663889 ] } },
{ "type": "Feature", "properties": { "plot": "HTR_6_ak", "year": 2013.0, "species_richness": 14, "subregion": "htr" }, "geometry": { "type": "Point", "coordinates": [ 19.77672222, -31.44961111 ] } },
{ "type": "Feature", "properties": { "plot": "HTR_6_nieu", "year": 2014.0, "species_richness": 17, "subregion": "htr" }, "geometry": { "type": "Point", "coordinates": [ 19.07369, -31.4326 ] } },
{ "type": "Feature", "properties": { "plot": "HTR_7", "year": 2004.0, "species_richness": 8, "subregion": "htr" }, "geometry": { "type": "Point", "coordinates": [ 19.45408333, -31.46044444 ] } },
{ "type": "Feature", "properties": { "plot": "HTR_70", "year": 2004.0, "species_richness": 9, "subregion": "htr" }, "geometry": { "type": "Point", "coordinates": [ 19.65905556, -31.50191667 ] } },
{ "type": "Feature", "properties": { "plot": "HTR_70_ak", "year": 2013.0, "species_richness": 12, "subregion": "htr" }, "geometry": { "type": "Point", "coordinates": [ 19.74352778, -31.43572222 ] } },
{ "type": "Feature", "properties": { "plot": "HTR_71", "year": 2004.0, "species_richness": 10, "subregion": "htr" }, "geometry": { "type": "Point", "coordinates": [ 19.60116667, -31.49536111 ] } },
{ "type": "Feature", "properties": { "plot": "HTR_71_ak", "year": 2013.0, "species_richness": 15, "subregion": "htr" }, "geometry": { "type": "Point", "coordinates": [ 19.74358333, -31.43458333 ] } },
{ "type": "Feature", "properties": { "plot": "HTR_72", "year": 2004.0, "species_richness": 7, "subregion": "htr" }, "geometry": { "type": "Point", "coordinates": [ 20.14772222, -32.05211111 ] } },
{ "type": "Feature", "properties": { "plot": "HTR_72_ak", "year": 2013.0, "species_richness": 7, "subregion": "htr" }, "geometry": { "type": "Point", "coordinates": [ 19.74255556, -31.43252778 ] } },
{ "type": "Feature", "properties": { "plot": "HTR_73", "year": 2004.0, "species_richness": 5, "subregion": "htr" }, "geometry": { "type": "Point", "coordinates": [ 20.15897222, -32.03811111 ] } },
{ "type": "Feature", "properties": { "plot": "HTR_73_ak", "year": 2013.0, "species_richness": 13, "subregion": "htr" }, "geometry": { "type": "Point", "coordinates": [ 19.74105556, -31.432 ] } },
{ "type": "Feature", "properties": { "plot": "HTR_74", "year": 2004.0, "species_richness": 7, "subregion": "htr" }, "geometry": { "type": "Point", "coordinates": [ 20.17594444, -32.02483333 ] } },
{ "type": "Feature", "properties": { "plot": "HTR_74_ak", "year": 2013.0, "species_richness": 7, "subregion": "htr" }, "geometry": { "type": "Point", "coordinates": [ 19.74202778, -31.42991667 ] } },
{ "type": "Feature", "properties": { "plot": "HTR_75", "year": 2004.0, "species_richness": 9, "subregion": "htr" }, "geometry": { "type": "Point", "coordinates": [ 20.19697222, -32.01594444 ] } },
{ "type": "Feature", "properties": { "plot": "HTR_75_ak", "year": 2013.0, "species_richness": 5, "subregion": "htr" }, "geometry": { "type": "Point", "coordinates": [ 19.74275, -31.42894444 ] } },
{ "type": "Feature", "properties": { "plot": "HTR_76", "year": 2004.0, "species_richness": 9, "subregion": "htr" }, "geometry": { "type": "Point", "coordinates": [ 20.21263889, -31.98819444 ] } },
{ "type": "Feature", "properties": { "plot": "HTR_76_ak", "year": 2013.0, "species_richness": 10, "subregion": "htr" }, "geometry": { "type": "Point", "coordinates": [ 19.74269444, -31.42775 ] } },
{ "type": "Feature", "properties": { "plot": "HTR_77", "year": 2004.0, "species_richness": 6, "subregion": "htr" }, "geometry": { "type": "Point", "coordinates": [ 20.20488889, -31.95383333 ] } },
{ "type": "Feature", "properties": { "plot": "HTR_77_ak", "year": 2013.0, "species_richness": 14, "subregion": "htr" }, "geometry": { "type": "Point", "coordinates": [ 19.74338889, -31.42183333 ] } },
{ "type": "Feature", "properties": { "plot": "HTR_78", "year": 2004.0, "species_richness": 9, "subregion": "htr" }, "geometry": { "type": "Point", "coordinates": [ 20.20458333, -31.944 ] } },
{ "type": "Feature", "properties": { "plot": "HTR_78_ak", "year": 2013.0, "species_richness": 13, "subregion": "htr" }, "geometry": { "type": "Point", "coordinates": [ 19.74313889, -31.42 ] } },
{ "type": "Feature", "properties": { "plot": "HTR_79", "year": 2004.0, "species_richness": 6, "subregion": "htr" }, "geometry": { "type": "Point", "coordinates": [ 20.20302778, -31.939 ] } },
{ "type": "Feature", "properties": { "plot": "HTR_79_ak", "year": 2013.0, "species_richness": 6, "subregion": "htr" }, "geometry": { "type": "Point", "coordinates": [ 19.74288889, -31.41655556 ] } },
{ "type": "Feature", "properties": { "plot": "HTR_7_ak", "year": 2013.0, "species_richness": 20, "subregion": "htr" }, "geometry": { "type": "Point", "coordinates": [ 19.77811111, -31.45011111 ] } },
{ "type": "Feature", "properties": { "plot": "HTR_7_nieu", "year": 2014.0, "species_richness": 18, "subregion": "htr" }, "geometry": { "type": "Point", "coordinates": [ 19.07603, -31.43571 ] } },
{ "type": "Feature", "properties": { "plot": "HTR_8", "year": 2004.0, "species_richness": 13, "subregion": "htr" }, "geometry": { "type": "Point", "coordinates": [ 19.44813889, -31.41975 ] } },
{ "type": "Feature", "properties": { "plot": "HTR_80", "year": 2004.0, "species_richness": 8, "subregion": "htr" }, "geometry": { "type": "Point", "coordinates": [ 20.21066667, -31.92844444 ] } },
{ "type": "Feature", "properties": { "plot": "HTR_80_ak", "year": 2013.0, "species_richness": 9, "subregion": "htr" }, "geometry": { "type": "Point", "coordinates": [ 19.74458333, -31.41908333 ] } },
{ "type": "Feature", "properties": { "plot": "HTR_81", "year": 2004.0, "species_richness": 8, "subregion": "htr" }, "geometry": { "type": "Point", "coordinates": [ 20.16388889, -32.05794444 ] } },
{ "type": "Feature", "properties": { "plot": "HTR_81_ak", "year": 2013.0, "species_richness": 6, "subregion": "htr" }, "geometry": { "type": "Point", "coordinates": [ 19.75138889, -31.39794444 ] } },
{ "type": "Feature", "properties": { "plot": "HTR_82", "year": 2004.0, "species_richness": 12, "subregion": "htr" }, "geometry": { "type": "Point", "coordinates": [ 20.13513889, -32.06441667 ] } },
{ "type": "Feature", "properties": { "plot": "HTR_82_ak", "year": 2013.0, "species_richness": 3, "subregion": "htr" }, "geometry": { "type": "Point", "coordinates": [ 19.75072222, -31.39933333 ] } },
{ "type": "Feature", "properties": { "plot": "HTR_83", "year": 2004.0, "species_richness": 8, "subregion": "htr" }, "geometry": { "type": "Point", "coordinates": [ 20.13047222, -32.10091667 ] } },
{ "type": "Feature", "properties": { "plot": "HTR_83_ak", "year": 2013.0, "species_richness": 5, "subregion": "htr" }, "geometry": { "type": "Point", "coordinates": [ 19.75047222, -31.40061111 ] } },
{ "type": "Feature", "properties": { "plot": "HTR_84", "year": 2004.0, "species_richness": 8, "subregion": "htr" }, "geometry": { "type": "Point", "coordinates": [ 20.12155556, -32.11647222 ] } },
{ "type": "Feature", "properties": { "plot": "HTR_84_ak", "year": 2013.0, "species_richness": 4, "subregion": "htr" }, "geometry": { "type": "Point", "coordinates": [ 19.74958333, -31.40208333 ] } },
{ "type": "Feature", "properties": { "plot": "HTR_85", "year": 2004.0, "species_richness": 14, "subregion": "htr" }, "geometry": { "type": "Point", "coordinates": [ 20.11658333, -32.12897222 ] } },
{ "type": "Feature", "properties": { "plot": "HTR_85_ak", "year": 2013.0, "species_richness": 2, "subregion": "htr" }, "geometry": { "type": "Point", "coordinates": [ 19.74930556, -31.40363889 ] } },
{ "type": "Feature", "properties": { "plot": "HTR_86", "year": 2004.0, "species_richness": 11, "subregion": "htr" }, "geometry": { "type": "Point", "coordinates": [ 20.11475, -32.12836111 ] } },
{ "type": "Feature", "properties": { "plot": "HTR_86_ak", "year": 2013.0, "species_richness": 2, "subregion": "htr" }, "geometry": { "type": "Point", "coordinates": [ 19.74869444, -31.40397222 ] } },
{ "type": "Feature", "properties": { "plot": "HTR_87", "year": 2004.0, "species_richness": 10, "subregion": "htr" }, "geometry": { "type": "Point", "coordinates": [ 20.10705556, -32.12475 ] } },
{ "type": "Feature", "properties": { "plot": "HTR_87_ak", "year": 2013.0, "species_richness": 9, "subregion": "htr" }, "geometry": { "type": "Point", "coordinates": [ 19.74513889, -31.40183333 ] } },
{ "type": "Feature", "properties": { "plot": "HTR_88", "year": 2004.0, "species_richness": 9, "subregion": "htr" }, "geometry": { "type": "Point", "coordinates": [ 20.09722222, -32.12713889 ] } },
{ "type": "Feature", "properties": { "plot": "HTR_88_ak", "year": 2013.0, "species_richness": 13, "subregion": "htr" }, "geometry": { "type": "Point", "coordinates": [ 19.73463889, -31.45319444 ] } },
{ "type": "Feature", "properties": { "plot": "HTR_89", "year": 2004.0, "species_richness": 11, "subregion": "htr" }, "geometry": { "type": "Point", "coordinates": [ 20.08716667, -32.12663889 ] } },
{ "type": "Feature", "properties": { "plot": "HTR_89_ak", "year": 2013.0, "species_richness": 16, "subregion": "htr" }, "geometry": { "type": "Point", "coordinates": [ 19.73338889, -31.45261111 ] } },
{ "type": "Feature", "properties": { "plot": "HTR_8_ak", "year": 2013.0, "species_richness": 16, "subregion": "htr" }, "geometry": { "type": "Point", "coordinates": [ 19.78055556, -31.44805556 ] } },
{ "type": "Feature", "properties": { "plot": "HTR_8_nieu", "year": 2014.0, "species_richness": 17, "subregion": "htr" }, "geometry": { "type": "Point", "coordinates": [ 19.07554, -31.4367 ] } },
{ "type": "Feature", "properties": { "plot": "HTR_9", "year": 2004.0, "species_richness": 12, "subregion": "htr" }, "geometry": { "type": "Point", "coordinates": [ 19.46666667, -31.42155556 ] } },
{ "type": "Feature", "properties": { "plot": "HTR_90", "year": 2004.0, "species_richness": 10, "subregion": "htr" }, "geometry": { "type": "Point", "coordinates": [ 20.07744444, -32.13352778 ] } },
{ "type": "Feature", "properties": { "plot": "HTR_90_ak", "year": 2013.0, "species_richness": 18, "subregion": "htr" }, "geometry": { "type": "Point", "coordinates": [ 19.73277778, -31.45102778 ] } },
{ "type": "Feature", "properties": { "plot": "HTR_91", "year": 2004.0, "species_richness": 9, "subregion": "htr" }, "geometry": { "type": "Point", "coordinates": [ 20.07052778, -32.13722222 ] } },
{ "type": "Feature", "properties": { "plot": "HTR_91_ak", "year": 2013.0, "species_richness": 14, "subregion": "htr" }, "geometry": { "type": "Point", "coordinates": [ 19.73894444, -31.45513889 ] } },
{ "type": "Feature", "properties": { "plot": "HTR_92", "year": 2004.0, "species_richness": 5, "subregion": "htr" }, "geometry": { "type": "Point", "coordinates": [ 20.04802778, -32.15977778 ] } },
{ "type": "Feature", "properties": { "plot": "HTR_92_ak", "year": 2013.0, "species_richness": 14, "subregion": "htr" }, "geometry": { "type": "Point", "coordinates": [ 19.74166667, -31.45772222 ] } },
{ "type": "Feature", "properties": { "plot": "HTR_93", "year": 2004.0, "species_richness": 7, "subregion": "htr" }, "geometry": { "type": "Point", "coordinates": [ 20.06241667, -32.19844444 ] } },
{ "type": "Feature", "properties": { "plot": "HTR_93_ak", "year": 2013.0, "species_richness": 18, "subregion": "htr" }, "geometry": { "type": "Point", "coordinates": [ 19.73663889, -31.4575 ] } },
{ "type": "Feature", "properties": { "plot": "HTR_94", "year": 2004.0, "species_richness": 11, "subregion": "htr" }, "geometry": { "type": "Point", "coordinates": [ 20.022, -32.18902778 ] } },
{ "type": "Feature", "properties": { "plot": "HTR_94_ak", "year": 2013.0, "species_richness": 14, "subregion": "htr" }, "geometry": { "type": "Point", "coordinates": [ 19.73494444, -31.45788889 ] } },
{ "type": "Feature", "properties": { "plot": "HTR_95", "year": 2004.0, "species_richness": 12, "subregion": "htr" }, "geometry": { "type": "Point", "coordinates": [ 19.99013889, -32.14511111 ] } },
{ "type": "Feature", "properties": { "plot": "HTR_95_ak", "year": 2013.0, "species_richness": 20, "subregion": "htr" }, "geometry": { "type": "Point", "coordinates": [ 19.73441667, -31.45727778 ] } },
{ "type": "Feature", "properties": { "plot": "HTR_96", "year": 2004.0, "species_richness": 8, "subregion": "htr" }, "geometry": { "type": "Point", "coordinates": [ 19.96888889, -32.12291667 ] } },
{ "type": "Feature", "properties": { "plot": "HTR_96_ak", "year": 2013.0, "species_richness": 16, "subregion": "htr" }, "geometry": { "type": "Point", "coordinates": [ 19.73508333, -31.45644444 ] } },
{ "type": "Feature", "properties": { "plot": "HTR_97", "year": 2004.0, "species_richness": 4, "subregion": "htr" }, "geometry": { "type": "Point", "coordinates": [ 19.84041667, -31.96472222 ] } },
{ "type": "Feature", "properties": { "plot": "HTR_97_ak", "year": 2013.0, "species_richness": 9, "subregion": "htr" }, "geometry": { "type": "Point", "coordinates": [ 19.77680556, -31.40855556 ] } },
{ "type": "Feature", "properties": { "plot": "HTR_98", "year": 2004.0, "species_richness": 10, "subregion": "htr" }, "geometry": { "type": "Point", "coordinates": [ 20.17086111, -31.87458333 ] } },
{ "type": "Feature", "properties": { "plot": "HTR_98_ak", "year": 2013.0, "species_richness": 13, "subregion": "htr" }, "geometry": { "type": "Point", "coordinates": [ 19.77638889, -31.40755556 ] } },
{ "type": "Feature", "properties": { "plot": "HTR_99", "year": 2004.0, "species_richness": 10, "subregion": "htr" }, "geometry": { "type": "Point", "coordinates": [ 20.12333333, -31.85877778 ] } },
{ "type": "Feature", "properties": { "plot": "HTR_99_ak", "year": 2013.0, "species_richness": 11, "subregion": "htr" }, "geometry": { "type": "Point", "coordinates": [ 19.77686111, -31.40741667 ] } },
{ "type": "Feature", "properties": { "plot": "HTR_9_ak", "year": 2013.0, "species_richness": 10, "subregion": "htr" }, "geometry": { "type": "Point", "coordinates": [ 19.77686111, -31.44647222 ] } },
{ "type": "Feature", "properties": { "plot": "LB1_1", "year": 1993.0, "species_richness": 41, "subregion": "langeberg" }, "geometry": { "type": "Point", "coordinates": [ 20.91638889, -33.93055556 ] } },
{ "type": "Feature", "properties": { "plot": "LB1_10", "year": 1993.0, "species_richness": 19, "subregion": "langeberg" }, "geometry": { "type": "Point", "coordinates": [ 20.85277778, -33.98083333 ] } },
{ "type": "Feature", "properties": { "plot": "LB1_100", "year": 1993.0, "species_richness": 37, "subregion": "langeberg" }, "geometry": { "type": "Point", "coordinates": [ 20.915, -33.89555556 ] } },
{ "type": "Feature", "properties": { "plot": "LB1_101", "year": 1993.0, "species_richness": 33, "subregion": "langeberg" }, "geometry": { "type": "Point", "coordinates": [ 20.91694444, -33.89805556 ] } },
{ "type": "Feature", "properties": { "plot": "LB1_102", "year": 1993.0, "species_richness": 36, "subregion": "langeberg" }, "geometry": { "type": "Point", "coordinates": [ 20.91527778, -33.89888889 ] } },
{ "type": "Feature", "properties": { "plot": "LB1_103", "year": 1993.0, "species_richness": 31, "subregion": "langeberg" }, "geometry": { "type": "Point", "coordinates": [ 20.91555556, -33.89944444 ] } },
{ "type": "Feature", "properties": { "plot": "LB1_104", "year": 1993.0, "species_richness": 28, "subregion": "langeberg" }, "geometry": { "type": "Point", "coordinates": [ 20.91083333, -33.89777778 ] } },
{ "type": "Feature", "properties": { "plot": "LB1_105", "year": 1993.0, "species_richness": 26, "subregion": "langeberg" }, "geometry": { "type": "Point", "coordinates": [ 20.91277778, -33.88472222 ] } },
{ "type": "Feature", "properties": { "plot": "LB1_106", "year": 1993.0, "species_richness": 31, "subregion": "langeberg" }, "geometry": { "type": "Point", "coordinates": [ 20.92, -33.88472222 ] } },
{ "type": "Feature", "properties": { "plot": "LB1_107", "year": 1993.0, "species_richness": 25, "subregion": "langeberg" }, "geometry": { "type": "Point", "coordinates": [ 20.91888889, -33.88583333 ] } },
{ "type": "Feature", "properties": { "plot": "LB1_108", "year": 1993.0, "species_richness": 29, "subregion": "langeberg" }, "geometry": { "type": "Point", "coordinates": [ 20.92, -33.88666667 ] } },
{ "type": "Feature", "properties": { "plot": "LB1_109", "year": 1993.0, "species_richness": 31, "subregion": "langeberg" }, "geometry": { "type": "Point", "coordinates": [ 20.92194444, -33.88638889 ] } },
{ "type": "Feature", "properties": { "plot": "LB1_11", "year": 1993.0, "species_richness": 26, "subregion": "langeberg" }, "geometry": { "type": "Point", "coordinates": [ 20.85305556, -33.97611111 ] } },
{ "type": "Feature", "properties": { "plot": "LB1_110", "year": 1993.0, "species_richness": 34, "subregion": "langeberg" }, "geometry": { "type": "Point", "coordinates": [ 20.91527778, -33.90416667 ] } },
{ "type": "Feature", "properties": { "plot": "LB1_111", "year": 1993.0, "species_richness": 30, "subregion": "langeberg" }, "geometry": { "type": "Point", "coordinates": [ 20.91833333, -33.90388889 ] } },
{ "type": "Feature", "properties": { "plot": "LB1_112", "year": 1993.0, "species_richness": 35, "subregion": "langeberg" }, "geometry": { "type": "Point", "coordinates": [ 20.91583333, -33.90194444 ] } },
{ "type": "Feature", "properties": { "plot": "LB1_113", "year": 1993.0, "species_richness": 26, "subregion": "langeberg" }, "geometry": { "type": "Point", "coordinates": [ 20.92083333, -33.90138889 ] } },
{ "type": "Feature", "properties": { "plot": "LB1_114", "year": 1993.0, "species_richness": 30, "subregion": "langeberg" }, "geometry": { "type": "Point", "coordinates": [ 20.92305556, -33.89972222 ] } },
{ "type": "Feature", "properties": { "plot": "LB1_115", "year": 1993.0, "species_richness": 23, "subregion": "langeberg" }, "geometry": { "type": "Point", "coordinates": [ 20.92055556, -33.88083333 ] } },
{ "type": "Feature", "properties": { "plot": "LB1_116", "year": 1993.0, "species_richness": 16, "subregion": "langeberg" }, "geometry": { "type": "Point", "coordinates": [ 20.91916667, -33.88055556 ] } },
{ "type": "Feature", "properties": { "plot": "LB1_117", "year": 1993.0, "species_richness": 19, "subregion": "langeberg" }, "geometry": { "type": "Point", "coordinates": [ 20.87583333, -33.92944444 ] } },
{ "type": "Feature", "properties": { "plot": "LB1_118", "year": 1993.0, "species_richness": 9, "subregion": "langeberg" }, "geometry": { "type": "Point", "coordinates": [ 20.87166667, -33.92833333 ] } },
{ "type": "Feature", "properties": { "plot": "LB1_119", "year": 1993.0, "species_richness": 15, "subregion": "langeberg" }, "geometry": { "type": "Point", "coordinates": [ 20.83666667, -33.93888889 ] } },
{ "type": "Feature", "properties": { "plot": "LB1_12", "year": 1993.0, "species_richness": 25, "subregion": "langeberg" }, "geometry": { "type": "Point", "coordinates": [ 20.84888889, -33.97583333 ] } },
{ "type": "Feature", "properties": { "plot": "LB1_120", "year": 1993.0, "species_richness": 23, "subregion": "langeberg" }, "geometry": { "type": "Point", "coordinates": [ 20.83555556, -33.93805556 ] } },
{ "type": "Feature", "properties": { "plot": "LB1_121", "year": 1993.0, "species_richness": 17, "subregion": "langeberg" }, "geometry": { "type": "Point", "coordinates": [ 20.84111111, -33.94305556 ] } },
{ "type": "Feature", "properties": { "plot": "LB1_122", "year": 1993.0, "species_richness": 19, "subregion": "langeberg" }, "geometry": { "type": "Point", "coordinates": [ 20.83861111, -33.95027778 ] } },
{ "type": "Feature", "properties": { "plot": "LB1_123", "year": 1993.0, "species_richness": 15, "subregion": "langeberg" }, "geometry": { "type": "Point", "coordinates": [ 20.8725, -33.91777778 ] } },
{ "type": "Feature", "properties": { "plot": "LB1_124", "year": 1993.0, "species_richness": 21, "subregion": "langeberg" }, "geometry": { "type": "Point", "coordinates": [ 20.86638889, -33.92055556 ] } },
{ "type": "Feature", "properties": { "plot": "LB1_125", "year": 1993.0, "species_richness": 34, "subregion": "langeberg" }, "geometry": { "type": "Point", "coordinates": [ 20.44638889, -33.99666667 ] } },
{ "type": "Feature", "properties": { "plot": "LB1_126", "year": 1993.0, "species_richness": 32, "subregion": "langeberg" }, "geometry": { "type": "Point", "coordinates": [ 20.44638889, -33.99777778 ] } },
{ "type": "Feature", "properties": { "plot": "LB1_127", "year": 1993.0, "species_richness": 29, "subregion": "langeberg" }, "geometry": { "type": "Point", "coordinates": [ 20.45027778, -33.99388889 ] } },
{ "type": "Feature", "properties": { "plot": "LB1_128", "year": 1993.0, "species_richness": 27, "subregion": "langeberg" }, "geometry": { "type": "Point", "coordinates": [ 20.44861111, -33.99388889 ] } },
{ "type": "Feature", "properties": { "plot": "LB1_129", "year": 1993.0, "species_richness": 25, "subregion": "langeberg" }, "geometry": { "type": "Point", "coordinates": [ 20.44916667, -33.99527778 ] } },
{ "type": "Feature", "properties": { "plot": "LB1_13", "year": 1993.0, "species_richness": 37, "subregion": "langeberg" }, "geometry": { "type": "Point", "coordinates": [ 20.84916667, -33.98083333 ] } },
{ "type": "Feature", "properties": { "plot": "LB1_130", "year": 1993.0, "species_richness": 16, "subregion": "langeberg" }, "geometry": { "type": "Point", "coordinates": [ 20.44944444, -33.99611111 ] } },
{ "type": "Feature", "properties": { "plot": "LB1_131", "year": 1993.0, "species_richness": 24, "subregion": "langeberg" }, "geometry": { "type": "Point", "coordinates": [ 20.44805556, -33.98833333 ] } },
{ "type": "Feature", "properties": { "plot": "LB1_132", "year": 1993.0, "species_richness": 19, "subregion": "langeberg" }, "geometry": { "type": "Point", "coordinates": [ 20.44777778, -33.98888889 ] } },
{ "type": "Feature", "properties": { "plot": "LB1_133", "year": 1993.0, "species_richness": 26, "subregion": "langeberg" }, "geometry": { "type": "Point", "coordinates": [ 20.44777778, -33.99027778 ] } },
{ "type": "Feature", "properties": { "plot": "LB1_134", "year": 1993.0, "species_richness": 25, "subregion": "langeberg" }, "geometry": { "type": "Point", "coordinates": [ 20.44916667, -33.99138889 ] } },
{ "type": "Feature", "properties": { "plot": "LB1_135", "year": 1993.0, "species_richness": 27, "subregion": "langeberg" }, "geometry": { "type": "Point", "coordinates": [ 20.44777778, -33.99194444 ] } },
{ "type": "Feature", "properties": { "plot": "LB1_136", "year": 1993.0, "species_richness": 19, "subregion": "langeberg" }, "geometry": { "type": "Point", "coordinates": [ 20.44722222, -33.985 ] } },
{ "type": "Feature", "properties": { "plot": "LB1_137", "year": 1993.0, "species_richness": 28, "subregion": "langeberg" }, "geometry": { "type": "Point", "coordinates": [ 20.44944444, -33.985 ] } },
{ "type": "Feature", "properties": { "plot": "LB1_138", "year": 1993.0, "species_richness": 24, "subregion": "langeberg" }, "geometry": { "type": "Point", "coordinates": [ 20.44944444, -33.98555556 ] } },
{ "type": "Feature", "properties": { "plot": "LB1_139", "year": 1993.0, "species_richness": 16, "subregion": "langeberg" }, "geometry": { "type": "Point", "coordinates": [ 20.44944444, -33.98611111 ] } },
{ "type": "Feature", "properties": { "plot": "LB1_14", "year": 1993.0, "species_richness": 18, "subregion": "langeberg" }, "geometry": { "type": "Point", "coordinates": [ 20.84083333, -33.96333333 ] } },
{ "type": "Feature", "properties": { "plot": "LB1_140", "year": 1993.0, "species_richness": 28, "subregion": "langeberg" }, "geometry": { "type": "Point", "coordinates": [ 20.44888889, -33.98638889 ] } },
{ "type": "Feature", "properties": { "plot": "LB1_141", "year": 1993.0, "species_richness": 30, "subregion": "langeberg" }, "geometry": { "type": "Point", "coordinates": [ 20.48333333, -33.96277778 ] } },
{ "type": "Feature", "properties": { "plot": "LB1_142", "year": 1993.0, "species_richness": 29, "subregion": "langeberg" }, "geometry": { "type": "Point", "coordinates": [ 20.48305556, -33.96361111 ] } },
{ "type": "Feature", "properties": { "plot": "LB1_143", "year": 1993.0, "species_richness": 32, "subregion": "langeberg" }, "geometry": { "type": "Point", "coordinates": [ 20.47888889, -33.96305556 ] } },
{ "type": "Feature", "properties": { "plot": "LB1_144", "year": 1993.0, "species_richness": 24, "subregion": "langeberg" }, "geometry": { "type": "Point", "coordinates": [ 20.47583333, -33.96 ] } },
{ "type": "Feature", "properties": { "plot": "LB1_145", "year": 1993.0, "species_richness": 24, "subregion": "langeberg" }, "geometry": { "type": "Point", "coordinates": [ 20.47611111, -33.96277778 ] } },
{ "type": "Feature", "properties": { "plot": "LB1_146", "year": 1993.0, "species_richness": 23, "subregion": "langeberg" }, "geometry": { "type": "Point", "coordinates": [ 20.47222222, -33.96305556 ] } },
{ "type": "Feature", "properties": { "plot": "LB1_147", "year": 1993.0, "species_richness": 16, "subregion": "langeberg" }, "geometry": { "type": "Point", "coordinates": [ 20.47, -33.95833333 ] } },
{ "type": "Feature", "properties": { "plot": "LB1_148", "year": 1993.0, "species_richness": 12, "subregion": "langeberg" }, "geometry": { "type": "Point", "coordinates": [ 20.46416667, -33.95166667 ] } },
{ "type": "Feature", "properties": { "plot": "LB1_149", "year": 1993.0, "species_richness": 30, "subregion": "langeberg" }, "geometry": { "type": "Point", "coordinates": [ 20.46305556, -33.9525 ] } },
{ "type": "Feature", "properties": { "plot": "LB1_15", "year": 1993.0, "species_richness": 27, "subregion": "langeberg" }, "geometry": { "type": "Point", "coordinates": [ 20.84527778, -33.95416667 ] } },
{ "type": "Feature", "properties": { "plot": "LB1_150", "year": 1993.0, "species_richness": 18, "subregion": "langeberg" }, "geometry": { "type": "Point", "coordinates": [ 20.46055556, -33.95222222 ] } },
{ "type": "Feature", "properties": { "plot": "LB1_16", "year": 1993.0, "species_richness": 24, "subregion": "langeberg" }, "geometry": { "type": "Point", "coordinates": [ 20.84472222, -33.96722222 ] } },
{ "type": "Feature", "properties": { "plot": "LB1_17", "year": 1993.0, "species_richness": 18, "subregion": "langeberg" }, "geometry": { "type": "Point", "coordinates": [ 20.84388889, -33.95083333 ] } },
{ "type": "Feature", "properties": { "plot": "LB1_18", "year": 1993.0, "species_richness": 33, "subregion": "langeberg" }, "geometry": { "type": "Point", "coordinates": [ 20.84638889, -33.95166667 ] } },
{ "type": "Feature", "properties": { "plot": "LB1_19", "year": 1993.0, "species_richness": 20, "subregion": "langeberg" }, "geometry": { "type": "Point", "coordinates": [ 20.84638889, -33.95 ] } },
{ "type": "Feature", "properties": { "plot": "LB1_2", "year": 1993.0, "species_richness": 26, "subregion": "langeberg" }, "geometry": { "type": "Point", "coordinates": [ 20.92194444, -33.88055556 ] } },
{ "type": "Feature", "properties": { "plot": "LB1_20", "year": 1993.0, "species_richness": 32, "subregion": "langeberg" }, "geometry": { "type": "Point", "coordinates": [ 20.85111111, -33.95277778 ] } },
{ "type": "Feature", "properties": { "plot": "LB1_21", "year": 1993.0, "species_richness": 28, "subregion": "langeberg" }, "geometry": { "type": "Point", "coordinates": [ 20.85833333, -33.94583333 ] } },
{ "type": "Feature", "properties": { "plot": "LB1_22", "year": 1993.0, "species_richness": 18, "subregion": "langeberg" }, "geometry": { "type": "Point", "coordinates": [ 20.85527778, -33.94527778 ] } },
{ "type": "Feature", "properties": { "plot": "LB1_23", "year": 1993.0, "species_richness": 17, "subregion": "langeberg" }, "geometry": { "type": "Point", "coordinates": [ 20.86222222, -33.94305556 ] } },
{ "type": "Feature", "properties": { "plot": "LB1_24", "year": 1993.0, "species_richness": 26, "subregion": "langeberg" }, "geometry": { "type": "Point", "coordinates": [ 20.9225, -33.89611111 ] } },
{ "type": "Feature", "properties": { "plot": "LB1_25", "year": 1993.0, "species_richness": 31, "subregion": "langeberg" }, "geometry": { "type": "Point", "coordinates": [ 20.8475, -33.95527778 ] } },
{ "type": "Feature", "properties": { "plot": "LB1_26", "year": 1993.0, "species_richness": 22, "subregion": "langeberg" }, "geometry": { "type": "Point", "coordinates": [ 20.85055556, -33.95583333 ] } },
{ "type": "Feature", "properties": { "plot": "LB1_27", "year": 1993.0, "species_richness": 26, "subregion": "langeberg" }, "geometry": { "type": "Point", "coordinates": [ 20.84972222, -33.95666667 ] } },
{ "type": "Feature", "properties": { "plot": "LB1_28", "year": 1993.0, "species_richness": 23, "subregion": "langeberg" }, "geometry": { "type": "Point", "coordinates": [ 20.84722222, -33.96083333 ] } },
{ "type": "Feature", "properties": { "plot": "LB1_29", "year": 1993.0, "species_richness": 27, "subregion": "langeberg" }, "geometry": { "type": "Point", "coordinates": [ 20.86472222, -33.93305556 ] } },
{ "type": "Feature", "properties": { "plot": "LB1_3", "year": 1993.0, "species_richness": 23, "subregion": "langeberg" }, "geometry": { "type": "Point", "coordinates": [ 20.84944444, -33.97055556 ] } },
{ "type": "Feature", "properties": { "plot": "LB1_30", "year": 1993.0, "species_richness": 26, "subregion": "langeberg" }, "geometry": { "type": "Point", "coordinates": [ 20.86333333, -33.93527778 ] } },
{ "type": "Feature", "properties": { "plot": "LB1_31", "year": 1993.0, "species_richness": 18, "subregion": "langeberg" }, "geometry": { "type": "Point", "coordinates": [ 20.86444444, -33.93527778 ] } },
{ "type": "Feature", "properties": { "plot": "LB1_32", "year": 1993.0, "species_richness": 26, "subregion": "langeberg" }, "geometry": { "type": "Point", "coordinates": [ 20.86638889, -33.93361111 ] } },
{ "type": "Feature", "properties": { "plot": "LB1_33", "year": 1993.0, "species_richness": 24, "subregion": "langeberg" }, "geometry": { "type": "Point", "coordinates": [ 20.86166667, -33.93416667 ] } },
{ "type": "Feature", "properties": { "plot": "LB1_34", "year": 1993.0, "species_richness": 30, "subregion": "langeberg" }, "geometry": { "type": "Point", "coordinates": [ 20.86583333, -33.93777778 ] } },
{ "type": "Feature", "properties": { "plot": "LB1_35", "year": 1993.0, "species_richness": 14, "subregion": "langeberg" }, "geometry": { "type": "Point", "coordinates": [ 20.86805556, -33.93944444 ] } },
{ "type": "Feature", "properties": { "plot": "LB1_36", "year": 1993.0, "species_richness": 15, "subregion": "langeberg" }, "geometry": { "type": "Point", "coordinates": [ 20.86472222, -33.94055556 ] } },
{ "type": "Feature", "properties": { "plot": "LB1_37", "year": 1993.0, "species_richness": 29, "subregion": "langeberg" }, "geometry": { "type": "Point", "coordinates": [ 20.86277778, -33.94138889 ] } },
{ "type": "Feature", "properties": { "plot": "LB1_38", "year": 1993.0, "species_richness": 20, "subregion": "langeberg" }, "geometry": { "type": "Point", "coordinates": [ 20.85916667, -33.9425 ] } },
{ "type": "Feature", "properties": { "plot": "LB1_39", "year": 1993.0, "species_richness": 22, "subregion": "langeberg" }, "geometry": { "type": "Point", "coordinates": [ 20.85694444, -33.94416667 ] } },
{ "type": "Feature", "properties": { "plot": "LB1_4", "year": 1993.0, "species_richness": 26, "subregion": "langeberg" }, "geometry": { "type": "Point", "coordinates": [ 20.84694444, -33.96305556 ] } },
{ "type": "Feature", "properties": { "plot": "LB1_40", "year": 1993.0, "species_richness": 24, "subregion": "langeberg" }, "geometry": { "type": "Point", "coordinates": [ 20.84972222, -33.945 ] } },
{ "type": "Feature", "properties": { "plot": "LB1_41", "year": 1993.0, "species_richness": 35, "subregion": "langeberg" }, "geometry": { "type": "Point", "coordinates": [ 20.90277778, -33.90055556 ] } },
{ "type": "Feature", "properties": { "plot": "LB1_42", "year": 1993.0, "species_richness": 28, "subregion": "langeberg" }, "geometry": { "type": "Point", "coordinates": [ 20.90888889, -33.90166667 ] } },
{ "type": "Feature", "properties": { "plot": "LB1_43", "year": 1993.0, "species_richness": 28, "subregion": "langeberg" }, "geometry": { "type": "Point", "coordinates": [ 20.92055556, -33.88333333 ] } },
{ "type": "Feature", "properties": { "plot": "LB1_44", "year": 1993.0, "species_richness": 28, "subregion": "langeberg" }, "geometry": { "type": "Point", "coordinates": [ 20.92083333, -33.88805556 ] } },
{ "type": "Feature", "properties": { "plot": "LB1_45", "year": 1993.0, "species_richness": 19, "subregion": "langeberg" }, "geometry": { "type": "Point", "coordinates": [ 20.92472222, -33.88055556 ] } },
{ "type": "Feature", "properties": { "plot": "LB1_46", "year": 1993.0, "species_richness": 15, "subregion": "langeberg" }, "geometry": { "type": "Point", "coordinates": [ 20.92333333, -33.88222222 ] } },
{ "type": "Feature", "properties": { "plot": "LB1_47", "year": 1993.0, "species_richness": 25, "subregion": "langeberg" }, "geometry": { "type": "Point", "coordinates": [ 20.9, -33.90611111 ] } },
{ "type": "Feature", "properties": { "plot": "LB1_48", "year": 1993.0, "species_richness": 32, "subregion": "langeberg" }, "geometry": { "type": "Point", "coordinates": [ 20.90055556, -33.90444444 ] } },
{ "type": "Feature", "properties": { "plot": "LB1_49", "year": 1993.0, "species_richness": 27, "subregion": "langeberg" }, "geometry": { "type": "Point", "coordinates": [ 20.91166667, -33.89972222 ] } },
{ "type": "Feature", "properties": { "plot": "LB1_5", "year": 1993.0, "species_richness": 21, "subregion": "langeberg" }, "geometry": { "type": "Point", "coordinates": [ 20.84666667, -33.9475 ] } },
{ "type": "Feature", "properties": { "plot": "LB1_50", "year": 1993.0, "species_richness": 22, "subregion": "langeberg" }, "geometry": { "type": "Point", "coordinates": [ 20.91888889, -33.88916667 ] } },
{ "type": "Feature", "properties": { "plot": "LB1_51", "year": 1993.0, "species_richness": 31, "subregion": "langeberg" }, "geometry": { "type": "Point", "coordinates": [ 20.91833333, -33.89111111 ] } },
{ "type": "Feature", "properties": { "plot": "LB1_52", "year": 1993.0, "species_richness": 29, "subregion": "langeberg" }, "geometry": { "type": "Point", "coordinates": [ 20.91472222, -33.89361111 ] } },
{ "type": "Feature", "properties": { "plot": "LB1_53", "year": 1993.0, "species_richness": 23, "subregion": "langeberg" }, "geometry": { "type": "Point", "coordinates": [ 20.91694444, -33.89472222 ] } },
{ "type": "Feature", "properties": { "plot": "LB1_54", "year": 1993.0, "species_richness": 28, "subregion": "langeberg" }, "geometry": { "type": "Point", "coordinates": [ 20.90138889, -33.9025 ] } },
{ "type": "Feature", "properties": { "plot": "LB1_55", "year": 1993.0, "species_richness": 20, "subregion": "langeberg" }, "geometry": { "type": "Point", "coordinates": [ 20.90361111, -33.89805556 ] } },
{ "type": "Feature", "properties": { "plot": "LB1_56", "year": 1993.0, "species_richness": 31, "subregion": "langeberg" }, "geometry": { "type": "Point", "coordinates": [ 20.87333333, -33.935 ] } },
{ "type": "Feature", "properties": { "plot": "LB1_57", "year": 1993.0, "species_richness": 25, "subregion": "langeberg" }, "geometry": { "type": "Point", "coordinates": [ 20.87194444, -33.93388889 ] } },
{ "type": "Feature", "properties": { "plot": "LB1_58", "year": 1993.0, "species_richness": 22, "subregion": "langeberg" }, "geometry": { "type": "Point", "coordinates": [ 20.8675, -33.9275 ] } },
{ "type": "Feature", "properties": { "plot": "LB1_59", "year": 1993.0, "species_richness": 23, "subregion": "langeberg" }, "geometry": { "type": "Point", "coordinates": [ 20.86611111, -33.92833333 ] } },
{ "type": "Feature", "properties": { "plot": "LB1_6", "year": 1993.0, "species_richness": 26, "subregion": "langeberg" }, "geometry": { "type": "Point", "coordinates": [ 20.85222222, -33.96555556 ] } },
{ "type": "Feature", "properties": { "plot": "LB1_60", "year": 1993.0, "species_richness": 20, "subregion": "langeberg" }, "geometry": { "type": "Point", "coordinates": [ 20.86194444, -33.91888889 ] } },
{ "type": "Feature", "properties": { "plot": "LB1_61", "year": 1993.0, "species_richness": 23, "subregion": "langeberg" }, "geometry": { "type": "Point", "coordinates": [ 20.86305556, -33.91944444 ] } },
{ "type": "Feature", "properties": { "plot": "LB1_62", "year": 1993.0, "species_richness": 26, "subregion": "langeberg" }, "geometry": { "type": "Point", "coordinates": [ 20.85638889, -33.92222222 ] } },
{ "type": "Feature", "properties": { "plot": "LB1_63", "year": 1993.0, "species_richness": 26, "subregion": "langeberg" }, "geometry": { "type": "Point", "coordinates": [ 20.85638889, -33.925 ] } },
{ "type": "Feature", "properties": { "plot": "LB1_64", "year": 1993.0, "species_richness": 21, "subregion": "langeberg" }, "geometry": { "type": "Point", "coordinates": [ 20.85333333, -33.92805556 ] } },
{ "type": "Feature", "properties": { "plot": "LB1_65", "year": 1993.0, "species_richness": 26, "subregion": "langeberg" }, "geometry": { "type": "Point", "coordinates": [ 20.83555556, -33.93472222 ] } },
{ "type": "Feature", "properties": { "plot": "LB1_66", "year": 1993.0, "species_richness": 19, "subregion": "langeberg" }, "geometry": { "type": "Point", "coordinates": [ 20.83666667, -33.93388889 ] } },
{ "type": "Feature", "properties": { "plot": "LB1_67", "year": 1993.0, "species_richness": 22, "subregion": "langeberg" }, "geometry": { "type": "Point", "coordinates": [ 20.84666667, -33.93111111 ] } },
{ "type": "Feature", "properties": { "plot": "LB1_68", "year": 1993.0, "species_richness": 15, "subregion": "langeberg" }, "geometry": { "type": "Point", "coordinates": [ 20.84777778, -33.91638889 ] } },
{ "type": "Feature", "properties": { "plot": "LB1_69", "year": 1993.0, "species_richness": 19, "subregion": "langeberg" }, "geometry": { "type": "Point", "coordinates": [ 20.84944444, -33.93444444 ] } },
{ "type": "Feature", "properties": { "plot": "LB1_7", "year": 1993.0, "species_richness": 23, "subregion": "langeberg" }, "geometry": { "type": "Point", "coordinates": [ 20.85638889, -33.96305556 ] } },
{ "type": "Feature", "properties": { "plot": "LB1_70", "year": 1993.0, "species_richness": 16, "subregion": "langeberg" }, "geometry": { "type": "Point", "coordinates": [ 20.85222222, -33.93388889 ] } },
{ "type": "Feature", "properties": { "plot": "LB1_71", "year": 1993.0, "species_richness": 26, "subregion": "langeberg" }, "geometry": { "type": "Point", "coordinates": [ 20.86194444, -33.92361111 ] } },
{ "type": "Feature", "properties": { "plot": "LB1_72", "year": 1993.0, "species_richness": 18, "subregion": "langeberg" }, "geometry": { "type": "Point", "coordinates": [ 20.86277778, -33.92944444 ] } },
{ "type": "Feature", "properties": { "plot": "LB1_73", "year": 1993.0, "species_richness": 12, "subregion": "langeberg" }, "geometry": { "type": "Point", "coordinates": [ 20.84694444, -33.96916667 ] } },
{ "type": "Feature", "properties": { "plot": "LB1_74", "year": 1993.0, "species_richness": 14, "subregion": "langeberg" }, "geometry": { "type": "Point", "coordinates": [ 20.84611111, -33.95611111 ] } },
{ "type": "Feature", "properties": { "plot": "LB1_75", "year": 1993.0, "species_richness": 22, "subregion": "langeberg" }, "geometry": { "type": "Point", "coordinates": [ 20.84777778, -33.95666667 ] } },
{ "type": "Feature", "properties": { "plot": "LB1_76", "year": 1993.0, "species_richness": 17, "subregion": "langeberg" }, "geometry": { "type": "Point", "coordinates": [ 20.84916667, -33.95527778 ] } },
{ "type": "Feature", "properties": { "plot": "LB1_77", "year": 1993.0, "species_richness": 34, "subregion": "langeberg" }, "geometry": { "type": "Point", "coordinates": [ 20.85111111, -33.93972222 ] } },
{ "type": "Feature", "properties": { "plot": "LB1_78", "year": 1993.0, "species_richness": 24, "subregion": "langeberg" }, "geometry": { "type": "Point", "coordinates": [ 20.85083333, -33.93888889 ] } },
{ "type": "Feature", "properties": { "plot": "LB1_79", "year": 1993.0, "species_richness": 20, "subregion": "langeberg" }, "geometry": { "type": "Point", "coordinates": [ 20.85361111, -33.93805556 ] } },
{ "type": "Feature", "properties": { "plot": "LB1_8", "year": 1993.0, "species_richness": 33, "subregion": "langeberg" }, "geometry": { "type": "Point", "coordinates": [ 20.85527778, -33.96694444 ] } },
{ "type": "Feature", "properties": { "plot": "LB1_80", "year": 1993.0, "species_richness": 23, "subregion": "langeberg" }, "geometry": { "type": "Point", "coordinates": [ 20.85694444, -33.93722222 ] } },
{ "type": "Feature", "properties": { "plot": "LB1_81", "year": 1993.0, "species_richness": 29, "subregion": "langeberg" }, "geometry": { "type": "Point", "coordinates": [ 20.85333333, -33.92361111 ] } },
{ "type": "Feature", "properties": { "plot": "LB1_82", "year": 1993.0, "species_richness": 28, "subregion": "langeberg" }, "geometry": { "type": "Point", "coordinates": [ 20.86694444, -33.93638889 ] } },
{ "type": "Feature", "properties": { "plot": "LB1_83", "year": 1993.0, "species_richness": 27, "subregion": "langeberg" }, "geometry": { "type": "Point", "coordinates": [ 20.86194444, -33.93833333 ] } },
{ "type": "Feature", "properties": { "plot": "LB1_84", "year": 1993.0, "species_richness": 26, "subregion": "langeberg" }, "geometry": { "type": "Point", "coordinates": [ 20.85111111, -33.98166667 ] } },
{ "type": "Feature", "properties": { "plot": "LB1_85", "year": 1993.0, "species_richness": 19, "subregion": "langeberg" }, "geometry": { "type": "Point", "coordinates": [ 20.85111111, -33.98166667 ] } },
{ "type": "Feature", "properties": { "plot": "LB1_86", "year": 1993.0, "species_richness": 28, "subregion": "langeberg" }, "geometry": { "type": "Point", "coordinates": [ 20.84861111, -33.97972222 ] } },
{ "type": "Feature", "properties": { "plot": "LB1_87", "year": 1993.0, "species_richness": 24, "subregion": "langeberg" }, "geometry": { "type": "Point", "coordinates": [ 20.85083333, -33.92361111 ] } },
{ "type": "Feature", "properties": { "plot": "LB1_88", "year": 1993.0, "species_richness": 33, "subregion": "langeberg" }, "geometry": { "type": "Point", "coordinates": [ 20.84972222, -33.92527778 ] } },
{ "type": "Feature", "properties": { "plot": "LB1_89", "year": 1993.0, "species_richness": 14, "subregion": "langeberg" }, "geometry": { "type": "Point", "coordinates": [ 20.85, -33.92583333 ] } },
{ "type": "Feature", "properties": { "plot": "LB1_9", "year": 1993.0, "species_richness": 22, "subregion": "langeberg" }, "geometry": { "type": "Point", "coordinates": [ 20.85722222, -33.97194444 ] } },
{ "type": "Feature", "properties": { "plot": "LB1_90", "year": 1993.0, "species_richness": 8, "subregion": "langeberg" }, "geometry": { "type": "Point", "coordinates": [ 20.88527778, -33.93 ] } },
{ "type": "Feature", "properties": { "plot": "LB1_91", "year": 1993.0, "species_richness": 28, "subregion": "langeberg" }, "geometry": { "type": "Point", "coordinates": [ 20.885, -33.9275 ] } },
{ "type": "Feature", "properties": { "plot": "LB1_92", "year": 1993.0, "species_richness": 21, "subregion": "langeberg" }, "geometry": { "type": "Point", "coordinates": [ 20.87777778, -33.92 ] } },
{ "type": "Feature", "properties": { "plot": "LB1_93", "year": 1993.0, "species_richness": 13, "subregion": "langeberg" }, "geometry": { "type": "Point", "coordinates": [ 20.885, -33.91583333 ] } },
{ "type": "Feature", "properties": { "plot": "LB1_94", "year": 1993.0, "species_richness": 25, "subregion": "langeberg" }, "geometry": { "type": "Point", "coordinates": [ 20.85805556, -33.93083333 ] } },
{ "type": "Feature", "properties": { "plot": "LB1_95", "year": 1993.0, "species_richness": 20, "subregion": "langeberg" }, "geometry": { "type": "Point", "coordinates": [ 20.85694444, -33.93166667 ] } },
{ "type": "Feature", "properties": { "plot": "LB1_96", "year": 1993.0, "species_richness": 19, "subregion": "langeberg" }, "geometry": { "type": "Point", "coordinates": [ 20.85638889, -33.93333333 ] } },
{ "type": "Feature", "properties": { "plot": "LB1_97", "year": 1993.0, "species_richness": 31, "subregion": "langeberg" }, "geometry": { "type": "Point", "coordinates": [ 20.85944444, -33.93694444 ] } },
{ "type": "Feature", "properties": { "plot": "LB1_98", "year": 1993.0, "species_richness": 30, "subregion": "langeberg" }, "geometry": { "type": "Point", "coordinates": [ 20.85944444, -33.93694444 ] } },
{ "type": "Feature", "properties": { "plot": "LB1_99", "year": 1993.0, "species_richness": 34, "subregion": "langeberg" }, "geometry": { "type": "Point", "coordinates": [ 20.91138889, -33.89527778 ] } },
{ "type": "Feature", "properties": { "plot": "LB2_1", "year": 1993.0, "species_richness": 20, "subregion": "langeberg" }, "geometry": { "type": "Point", "coordinates": [ 20.46111111, -33.95 ] } },
{ "type": "Feature", "properties": { "plot": "LB2_10", "year": 1993.0, "species_richness": 18, "subregion": "langeberg" }, "geometry": { "type": "Point", "coordinates": [ 20.44944444, -33.98305556 ] } },
{ "type": "Feature", "properties": { "plot": "LB2_100", "year": 1993.0, "species_richness": 29, "subregion": "langeberg" }, "geometry": { "type": "Point", "coordinates": [ 21.56027778, -33.97027778 ] } },
{ "type": "Feature", "properties": { "plot": "LB2_101", "year": 1993.0, "species_richness": 30, "subregion": "langeberg" }, "geometry": { "type": "Point", "coordinates": [ 21.5425, -33.9475 ] } },
{ "type": "Feature", "properties": { "plot": "LB2_102", "year": 1993.0, "species_richness": 37, "subregion": "langeberg" }, "geometry": { "type": "Point", "coordinates": [ 21.54222222, -33.94777778 ] } },
{ "type": "Feature", "properties": { "plot": "LB2_103", "year": 1993.0, "species_richness": 23, "subregion": "langeberg" }, "geometry": { "type": "Point", "coordinates": [ 21.54166667, -33.94805556 ] } },
{ "type": "Feature", "properties": { "plot": "LB2_104", "year": 1993.0, "species_richness": 20, "subregion": "langeberg" }, "geometry": { "type": "Point", "coordinates": [ 21.5425, -33.94888889 ] } },
{ "type": "Feature", "properties": { "plot": "LB2_105", "year": 1993.0, "species_richness": 38, "subregion": "langeberg" }, "geometry": { "type": "Point", "coordinates": [ 21.54388889, -33.94944444 ] } },
{ "type": "Feature", "properties": { "plot": "LB2_106", "year": 1993.0, "species_richness": 38, "subregion": "langeberg" }, "geometry": { "type": "Point", "coordinates": [ 21.53138889, -33.9425 ] } },
{ "type": "Feature", "properties": { "plot": "LB2_107", "year": 1993.0, "species_richness": 34, "subregion": "langeberg" }, "geometry": { "type": "Point", "coordinates": [ 21.53138889, -33.94388889 ] } },
{ "type": "Feature", "properties": { "plot": "LB2_108", "year": 1993.0, "species_richness": 43, "subregion": "langeberg" }, "geometry": { "type": "Point", "coordinates": [ 21.53222222, -33.94277778 ] } },
{ "type": "Feature", "properties": { "plot": "LB2_109", "year": 1993.0, "species_richness": 25, "subregion": "langeberg" }, "geometry": { "type": "Point", "coordinates": [ 21.53361111, -33.94222222 ] } },
{ "type": "Feature", "properties": { "plot": "LB2_11", "year": 1993.0, "species_richness": 23, "subregion": "langeberg" }, "geometry": { "type": "Point", "coordinates": [ 20.44972222, -33.98388889 ] } },
{ "type": "Feature", "properties": { "plot": "LB2_110", "year": 1993.0, "species_richness": 34, "subregion": "langeberg" }, "geometry": { "type": "Point", "coordinates": [ 21.53527778, -33.94333333 ] } },
{ "type": "Feature", "properties": { "plot": "LB2_111", "year": 1993.0, "species_richness": 28, "subregion": "langeberg" }, "geometry": { "type": "Point", "coordinates": [ 21.54305556, -33.95111111 ] } },
{ "type": "Feature", "properties": { "plot": "LB2_112", "year": 1993.0, "species_richness": 27, "subregion": "langeberg" }, "geometry": { "type": "Point", "coordinates": [ 21.54388889, -33.95083333 ] } },
{ "type": "Feature", "properties": { "plot": "LB2_113", "year": 1993.0, "species_richness": 24, "subregion": "langeberg" }, "geometry": { "type": "Point", "coordinates": [ 21.54861111, -33.96166667 ] } },
{ "type": "Feature", "properties": { "plot": "LB2_114", "year": 1993.0, "species_richness": 31, "subregion": "langeberg" }, "geometry": { "type": "Point", "coordinates": [ 21.54861111, -33.96055556 ] } },
{ "type": "Feature", "properties": { "plot": "LB2_115", "year": 1993.0, "species_richness": 33, "subregion": "langeberg" }, "geometry": { "type": "Point", "coordinates": [ 21.54583333, -33.96916667 ] } },
{ "type": "Feature", "properties": { "plot": "LB2_116", "year": 1993.0, "species_richness": 42, "subregion": "langeberg" }, "geometry": { "type": "Point", "coordinates": [ 21.54666667, -33.96972222 ] } },
{ "type": "Feature", "properties": { "plot": "LB2_117", "year": 1993.0, "species_richness": 33, "subregion": "langeberg" }, "geometry": { "type": "Point", "coordinates": [ 21.54583333, -33.97 ] } },
{ "type": "Feature", "properties": { "plot": "LB2_118", "year": 1993.0, "species_richness": 36, "subregion": "langeberg" }, "geometry": { "type": "Point", "coordinates": [ 21.54555556, -33.97055556 ] } },
{ "type": "Feature", "properties": { "plot": "LB2_119", "year": 1993.0, "species_richness": 32, "subregion": "langeberg" }, "geometry": { "type": "Point", "coordinates": [ 21.53666667, -33.94527778 ] } },
{ "type": "Feature", "properties": { "plot": "LB2_12", "year": 1993.0, "species_richness": 27, "subregion": "langeberg" }, "geometry": { "type": "Point", "coordinates": [ 20.44833333, -33.98583333 ] } },
{ "type": "Feature", "properties": { "plot": "LB2_120", "year": 1993.0, "species_richness": 36, "subregion": "langeberg" }, "geometry": { "type": "Point", "coordinates": [ 21.53805556, -33.94472222 ] } },
{ "type": "Feature", "properties": { "plot": "LB2_121", "year": 1993.0, "species_richness": 30, "subregion": "langeberg" }, "geometry": { "type": "Point", "coordinates": [ 21.53861111, -33.94527778 ] } },
{ "type": "Feature", "properties": { "plot": "LB2_122", "year": 1993.0, "species_richness": 36, "subregion": "langeberg" }, "geometry": { "type": "Point", "coordinates": [ 21.53944444, -33.94555556 ] } },
{ "type": "Feature", "properties": { "plot": "LB2_123", "year": 1993.0, "species_richness": 23, "subregion": "langeberg" }, "geometry": { "type": "Point", "coordinates": [ 21.54972222, -33.94694444 ] } },
{ "type": "Feature", "properties": { "plot": "LB2_124", "year": 1993.0, "species_richness": 38, "subregion": "langeberg" }, "geometry": { "type": "Point", "coordinates": [ 21.54833333, -33.94666667 ] } },
{ "type": "Feature", "properties": { "plot": "LB2_125", "year": 1993.0, "species_richness": 22, "subregion": "langeberg" }, "geometry": { "type": "Point", "coordinates": [ 21.54916667, -33.95166667 ] } },
{ "type": "Feature", "properties": { "plot": "LB2_126", "year": 1993.0, "species_richness": 10, "subregion": "langeberg" }, "geometry": { "type": "Point", "coordinates": [ 21.54694444, -33.94888889 ] } },
{ "type": "Feature", "properties": { "plot": "LB2_127", "year": 1993.0, "species_richness": 21, "subregion": "langeberg" }, "geometry": { "type": "Point", "coordinates": [ 21.55111111, -33.95472222 ] } },
{ "type": "Feature", "properties": { "plot": "LB2_128", "year": 1993.0, "species_richness": 43, "subregion": "langeberg" }, "geometry": { "type": "Point", "coordinates": [ 21.52805556, -33.9375 ] } },
{ "type": "Feature", "properties": { "plot": "LB2_129", "year": 1993.0, "species_richness": 41, "subregion": "langeberg" }, "geometry": { "type": "Point", "coordinates": [ 21.52611111, -33.9375 ] } },
{ "type": "Feature", "properties": { "plot": "LB2_13", "year": 1993.0, "species_richness": 32, "subregion": "langeberg" }, "geometry": { "type": "Point", "coordinates": [ 20.44555556, -33.98527778 ] } },
{ "type": "Feature", "properties": { "plot": "LB2_130", "year": 1993.0, "species_richness": 40, "subregion": "langeberg" }, "geometry": { "type": "Point", "coordinates": [ 21.53166667, -33.93777778 ] } },
{ "type": "Feature", "properties": { "plot": "LB2_131", "year": 1993.0, "species_richness": 38, "subregion": "langeberg" }, "geometry": { "type": "Point", "coordinates": [ 21.53083333, -33.93722222 ] } },
{ "type": "Feature", "properties": { "plot": "LB2_132", "year": 1993.0, "species_richness": 41, "subregion": "langeberg" }, "geometry": { "type": "Point", "coordinates": [ 21.15583333, -33.91916667 ] } },
{ "type": "Feature", "properties": { "plot": "LB2_133", "year": 1993.0, "species_richness": 39, "subregion": "langeberg" }, "geometry": { "type": "Point", "coordinates": [ 21.15666667, -33.92055556 ] } },
{ "type": "Feature", "properties": { "plot": "LB2_134", "year": 1993.0, "species_richness": 35, "subregion": "langeberg" }, "geometry": { "type": "Point", "coordinates": [ 21.15583333, -33.92277778 ] } },
{ "type": "Feature", "properties": { "plot": "LB2_135", "year": 1993.0, "species_richness": 36, "subregion": "langeberg" }, "geometry": { "type": "Point", "coordinates": [ 21.15722222, -33.92388889 ] } },
{ "type": "Feature", "properties": { "plot": "LB2_136", "year": 1993.0, "species_richness": 37, "subregion": "langeberg" }, "geometry": { "type": "Point", "coordinates": [ 21.14861111, -33.94166667 ] } },
{ "type": "Feature", "properties": { "plot": "LB2_137", "year": 1993.0, "species_richness": 36, "subregion": "langeberg" }, "geometry": { "type": "Point", "coordinates": [ 21.14694444, -33.94194444 ] } },
{ "type": "Feature", "properties": { "plot": "LB2_138", "year": 1993.0, "species_richness": 34, "subregion": "langeberg" }, "geometry": { "type": "Point", "coordinates": [ 21.14694444, -33.94027778 ] } },
{ "type": "Feature", "properties": { "plot": "LB2_139", "year": 1993.0, "species_richness": 35, "subregion": "langeberg" }, "geometry": { "type": "Point", "coordinates": [ 21.14527778, -33.93861111 ] } },
{ "type": "Feature", "properties": { "plot": "LB2_14", "year": 1993.0, "species_richness": 23, "subregion": "langeberg" }, "geometry": { "type": "Point", "coordinates": [ 20.44777778, -33.9875 ] } },
{ "type": "Feature", "properties": { "plot": "LB2_140", "year": 1993.0, "species_richness": 29, "subregion": "langeberg" }, "geometry": { "type": "Point", "coordinates": [ 21.1475, -33.93388889 ] } },
{ "type": "Feature", "properties": { "plot": "LB2_141", "year": 1993.0, "species_richness": 34, "subregion": "langeberg" }, "geometry": { "type": "Point", "coordinates": [ 21.14694444, -33.93361111 ] } },
{ "type": "Feature", "properties": { "plot": "LB2_142", "year": 1993.0, "species_richness": 42, "subregion": "langeberg" }, "geometry": { "type": "Point", "coordinates": [ 21.14583333, -33.93305556 ] } },
{ "type": "Feature", "properties": { "plot": "LB2_143", "year": 1993.0, "species_richness": 46, "subregion": "langeberg" }, "geometry": { "type": "Point", "coordinates": [ 21.14694444, -33.93305556 ] } },
{ "type": "Feature", "properties": { "plot": "LB2_144", "year": 1993.0, "species_richness": 42, "subregion": "langeberg" }, "geometry": { "type": "Point", "coordinates": [ 21.14805556, -33.93277778 ] } },
{ "type": "Feature", "properties": { "plot": "LB2_145", "year": 1993.0, "species_richness": 34, "subregion": "langeberg" }, "geometry": { "type": "Point", "coordinates": [ 21.15277778, -33.92916667 ] } },
{ "type": "Feature", "properties": { "plot": "LB2_146", "year": 1993.0, "species_richness": 29, "subregion": "langeberg" }, "geometry": { "type": "Point", "coordinates": [ 21.15555556, -33.92722222 ] } },
{ "type": "Feature", "properties": { "plot": "LB2_147", "year": 1993.0, "species_richness": 17, "subregion": "langeberg" }, "geometry": { "type": "Point", "coordinates": [ 21.16611111, -33.95472222 ] } },
{ "type": "Feature", "properties": { "plot": "LB2_148", "year": 1993.0, "species_richness": 25, "subregion": "langeberg" }, "geometry": { "type": "Point", "coordinates": [ 21.17027778, -33.95972222 ] } },
{ "type": "Feature", "properties": { "plot": "LB2_149", "year": 1993.0, "species_richness": 20, "subregion": "langeberg" }, "geometry": { "type": "Point", "coordinates": [ 21.16611111, -33.96055556 ] } },
{ "type": "Feature", "properties": { "plot": "LB2_15", "year": 1993.0, "species_richness": 21, "subregion": "langeberg" }, "geometry": { "type": "Point", "coordinates": [ 20.4475, -33.98805556 ] } },
{ "type": "Feature", "properties": { "plot": "LB2_150", "year": 1993.0, "species_richness": 20, "subregion": "langeberg" }, "geometry": { "type": "Point", "coordinates": [ 21.15888889, -33.96111111 ] } },
{ "type": "Feature", "properties": { "plot": "LB2_151", "year": 1993.0, "species_richness": 17, "subregion": "langeberg" }, "geometry": { "type": "Point", "coordinates": [ 21.15611111, -33.94944444 ] } },
{ "type": "Feature", "properties": { "plot": "LB2_152", "year": 1993.0, "species_richness": 27, "subregion": "langeberg" }, "geometry": { "type": "Point", "coordinates": [ 21.15305556, -33.94944444 ] } },
{ "type": "Feature", "properties": { "plot": "LB2_153", "year": 1993.0, "species_richness": 19, "subregion": "langeberg" }, "geometry": { "type": "Point", "coordinates": [ 21.15194444, -33.94916667 ] } },
{ "type": "Feature", "properties": { "plot": "LB2_154", "year": 1993.0, "species_richness": 32, "subregion": "langeberg" }, "geometry": { "type": "Point", "coordinates": [ 21.15, -33.94805556 ] } },
{ "type": "Feature", "properties": { "plot": "LB2_16", "year": 1993.0, "species_richness": 23, "subregion": "langeberg" }, "geometry": { "type": "Point", "coordinates": [ 20.47583333, -33.96416667 ] } },
{ "type": "Feature", "properties": { "plot": "LB2_17", "year": 1993.0, "species_richness": 22, "subregion": "langeberg" }, "geometry": { "type": "Point", "coordinates": [ 20.47861111, -33.97361111 ] } },
{ "type": "Feature", "properties": { "plot": "LB2_18", "year": 1993.0, "species_richness": 35, "subregion": "langeberg" }, "geometry": { "type": "Point", "coordinates": [ 20.47583333, -33.98222222 ] } },
{ "type": "Feature", "properties": { "plot": "LB2_19", "year": 1993.0, "species_richness": 17, "subregion": "langeberg" }, "geometry": { "type": "Point", "coordinates": [ 20.47722222, -33.98138889 ] } },
{ "type": "Feature", "properties": { "plot": "LB2_2", "year": 1993.0, "species_richness": 31, "subregion": "langeberg" }, "geometry": { "type": "Point", "coordinates": [ 20.44638889, -33.98861111 ] } },
{ "type": "Feature", "properties": { "plot": "LB2_20", "year": 1993.0, "species_richness": 28, "subregion": "langeberg" }, "geometry": { "type": "Point", "coordinates": [ 20.47555556, -33.98138889 ] } },
{ "type": "Feature", "properties": { "plot": "LB2_21", "year": 1993.0, "species_richness": 24, "subregion": "langeberg" }, "geometry": { "type": "Point", "coordinates": [ 20.47694444, -33.98 ] } },
{ "type": "Feature", "properties": { "plot": "LB2_22", "year": 1993.0, "species_richness": 27, "subregion": "langeberg" }, "geometry": { "type": "Point", "coordinates": [ 20.47888889, -33.97972222 ] } },
{ "type": "Feature", "properties": { "plot": "LB2_23", "year": 1993.0, "species_richness": 24, "subregion": "langeberg" }, "geometry": { "type": "Point", "coordinates": [ 20.47916667, -33.97138889 ] } },
{ "type": "Feature", "properties": { "plot": "LB2_24", "year": 1993.0, "species_richness": 22, "subregion": "langeberg" }, "geometry": { "type": "Point", "coordinates": [ 20.48277778, -33.97333333 ] } },
{ "type": "Feature", "properties": { "plot": "LB2_25", "year": 1993.0, "species_richness": 23, "subregion": "langeberg" }, "geometry": { "type": "Point", "coordinates": [ 20.48611111, -33.97472222 ] } },
{ "type": "Feature", "properties": { "plot": "LB2_26", "year": 1993.0, "species_richness": 23, "subregion": "langeberg" }, "geometry": { "type": "Point", "coordinates": [ 20.48722222, -33.975 ] } },
{ "type": "Feature", "properties": { "plot": "LB2_27", "year": 1993.0, "species_richness": 25, "subregion": "langeberg" }, "geometry": { "type": "Point", "coordinates": [ 20.48416667, -33.97472222 ] } },
{ "type": "Feature", "properties": { "plot": "LB2_28", "year": 1993.0, "species_richness": 25, "subregion": "langeberg" }, "geometry": { "type": "Point", "coordinates": [ 20.48305556, -33.97583333 ] } },
{ "type": "Feature", "properties": { "plot": "LB2_29", "year": 1993.0, "species_richness": 18, "subregion": "langeberg" }, "geometry": { "type": "Point", "coordinates": [ 20.48, -33.96583333 ] } },
{ "type": "Feature", "properties": { "plot": "LB2_3", "year": 1993.0, "species_richness": 25, "subregion": "langeberg" }, "geometry": { "type": "Point", "coordinates": [ 20.445, -33.98638889 ] } },
{ "type": "Feature", "properties": { "plot": "LB2_30", "year": 1993.0, "species_richness": 32, "subregion": "langeberg" }, "geometry": { "type": "Point", "coordinates": [ 20.48416667, -33.96444444 ] } },
{ "type": "Feature", "properties": { "plot": "LB2_31", "year": 1993.0, "species_richness": 24, "subregion": "langeberg" }, "geometry": { "type": "Point", "coordinates": [ 20.48472222, -33.96194444 ] } },
{ "type": "Feature", "properties": { "plot": "LB2_32", "year": 1993.0, "species_richness": 17, "subregion": "langeberg" }, "geometry": { "type": "Point", "coordinates": [ 20.48333333, -33.95888889 ] } },
{ "type": "Feature", "properties": { "plot": "LB2_33", "year": 1993.0, "species_richness": 30, "subregion": "langeberg" }, "geometry": { "type": "Point", "coordinates": [ 20.4375, -33.94638889 ] } },
{ "type": "Feature", "properties": { "plot": "LB2_34", "year": 1993.0, "species_richness": 27, "subregion": "langeberg" }, "geometry": { "type": "Point", "coordinates": [ 20.43777778, -33.94527778 ] } },
{ "type": "Feature", "properties": { "plot": "LB2_35", "year": 1993.0, "species_richness": 32, "subregion": "langeberg" }, "geometry": { "type": "Point", "coordinates": [ 20.43916667, -33.94444444 ] } },
{ "type": "Feature", "properties": { "plot": "LB2_36", "year": 1993.0, "species_richness": 21, "subregion": "langeberg" }, "geometry": { "type": "Point", "coordinates": [ 20.43472222, -33.94333333 ] } },
{ "type": "Feature", "properties": { "plot": "LB2_37", "year": 1993.0, "species_richness": 28, "subregion": "langeberg" }, "geometry": { "type": "Point", "coordinates": [ 20.47388889, -33.95888889 ] } },
{ "type": "Feature", "properties": { "plot": "LB2_38", "year": 1993.0, "species_richness": 11, "subregion": "langeberg" }, "geometry": { "type": "Point", "coordinates": [ 20.47388889, -33.96 ] } },
{ "type": "Feature", "properties": { "plot": "LB2_39", "year": 1993.0, "species_richness": 24, "subregion": "langeberg" }, "geometry": { "type": "Point", "coordinates": [ 20.47, -33.96027778 ] } },
{ "type": "Feature", "properties": { "plot": "LB2_4", "year": 1993.0, "species_richness": 13, "subregion": "langeberg" }, "geometry": { "type": "Point", "coordinates": [ 20.44666667, -33.98805556 ] } },
{ "type": "Feature", "properties": { "plot": "LB2_40", "year": 1993.0, "species_richness": 13, "subregion": "langeberg" }, "geometry": { "type": "Point", "coordinates": [ 20.4675, -33.96111111 ] } },
{ "type": "Feature", "properties": { "plot": "LB2_41", "year": 1993.0, "species_richness": 34, "subregion": "langeberg" }, "geometry": { "type": "Point", "coordinates": [ 20.46388889, -33.96 ] } },
{ "type": "Feature", "properties": { "plot": "LB2_42", "year": 1993.0, "species_richness": 28, "subregion": "langeberg" }, "geometry": { "type": "Point", "coordinates": [ 20.475, -33.95777778 ] } },
{ "type": "Feature", "properties": { "plot": "LB2_43", "year": 1993.0, "species_richness": 31, "subregion": "langeberg" }, "geometry": { "type": "Point", "coordinates": [ 20.47, -33.95694444 ] } },
{ "type": "Feature", "properties": { "plot": "LB2_44", "year": 1993.0, "species_richness": 14, "subregion": "langeberg" }, "geometry": { "type": "Point", "coordinates": [ 20.46888889, -33.95611111 ] } },
{ "type": "Feature", "properties": { "plot": "LB2_45", "year": 1993.0, "species_richness": 14, "subregion": "langeberg" }, "geometry": { "type": "Point", "coordinates": [ 20.47166667, -33.95416667 ] } },
{ "type": "Feature", "properties": { "plot": "LB2_46", "year": 1993.0, "species_richness": 7, "subregion": "langeberg" }, "geometry": { "type": "Point", "coordinates": [ 20.46861111, -33.95333333 ] } },
{ "type": "Feature", "properties": { "plot": "LB2_47", "year": 1993.0, "species_richness": 33, "subregion": "langeberg" }, "geometry": { "type": "Point", "coordinates": [ 20.46638889, -33.95333333 ] } },
{ "type": "Feature", "properties": { "plot": "LB2_48", "year": 1993.0, "species_richness": 18, "subregion": "langeberg" }, "geometry": { "type": "Point", "coordinates": [ 20.46555556, -33.95277778 ] } },
{ "type": "Feature", "properties": { "plot": "LB2_49", "year": 1993.0, "species_richness": 24, "subregion": "langeberg" }, "geometry": { "type": "Point", "coordinates": [ 20.45555556, -33.9475 ] } },
{ "type": "Feature", "properties": { "plot": "LB2_5", "year": 1993.0, "species_richness": 33, "subregion": "langeberg" }, "geometry": { "type": "Point", "coordinates": [ 20.45083333, -33.98805556 ] } },
{ "type": "Feature", "properties": { "plot": "LB2_50", "year": 1993.0, "species_richness": 22, "subregion": "langeberg" }, "geometry": { "type": "Point", "coordinates": [ 20.45694444, -33.9475 ] } },
{ "type": "Feature", "properties": { "plot": "LB2_51", "year": 1993.0, "species_richness": 23, "subregion": "langeberg" }, "geometry": { "type": "Point", "coordinates": [ 20.47194444, -33.97472222 ] } },
{ "type": "Feature", "properties": { "plot": "LB2_52", "year": 1993.0, "species_richness": 29, "subregion": "langeberg" }, "geometry": { "type": "Point", "coordinates": [ 20.47694444, -33.97472222 ] } },
{ "type": "Feature", "properties": { "plot": "LB2_53", "year": 1993.0, "species_richness": 27, "subregion": "langeberg" }, "geometry": { "type": "Point", "coordinates": [ 20.47555556, -33.9675 ] } },
{ "type": "Feature", "properties": { "plot": "LB2_54", "year": 1993.0, "species_richness": 20, "subregion": "langeberg" }, "geometry": { "type": "Point", "coordinates": [ 20.47416667, -33.96833333 ] } },
{ "type": "Feature", "properties": { "plot": "LB2_55", "year": 1993.0, "species_richness": 19, "subregion": "langeberg" }, "geometry": { "type": "Point", "coordinates": [ 20.47333333, -33.96944444 ] } },
{ "type": "Feature", "properties": { "plot": "LB2_56", "year": 1993.0, "species_richness": 19, "subregion": "langeberg" }, "geometry": { "type": "Point", "coordinates": [ 20.47888889, -33.96777778 ] } },
{ "type": "Feature", "properties": { "plot": "LB2_57", "year": 1993.0, "species_richness": 22, "subregion": "langeberg" }, "geometry": { "type": "Point", "coordinates": [ 20.47888889, -33.96916667 ] } },
{ "type": "Feature", "properties": { "plot": "LB2_58", "year": 1993.0, "species_richness": 25, "subregion": "langeberg" }, "geometry": { "type": "Point", "coordinates": [ 21.55972222, -33.96638889 ] } },
{ "type": "Feature", "properties": { "plot": "LB2_59", "year": 1993.0, "species_richness": 28, "subregion": "langeberg" }, "geometry": { "type": "Point", "coordinates": [ 21.55833333, -33.96638889 ] } },
{ "type": "Feature", "properties": { "plot": "LB2_6", "year": 1993.0, "species_richness": 44, "subregion": "langeberg" }, "geometry": { "type": "Point", "coordinates": [ 20.45138889, -33.98138889 ] } },
{ "type": "Feature", "properties": { "plot": "LB2_60", "year": 1993.0, "species_richness": 23, "subregion": "langeberg" }, "geometry": { "type": "Point", "coordinates": [ 21.5575, -33.96611111 ] } },
{ "type": "Feature", "properties": { "plot": "LB2_61", "year": 1993.0, "species_richness": 26, "subregion": "langeberg" }, "geometry": { "type": "Point", "coordinates": [ 21.55611111, -33.96666667 ] } },
{ "type": "Feature", "properties": { "plot": "LB2_62", "year": 1993.0, "species_richness": 35, "subregion": "langeberg" }, "geometry": { "type": "Point", "coordinates": [ 21.55888889, -33.96916667 ] } },
{ "type": "Feature", "properties": { "plot": "LB2_63", "year": 1993.0, "species_richness": 27, "subregion": "langeberg" }, "geometry": { "type": "Point", "coordinates": [ 21.55861111, -33.96972222 ] } },
{ "type": "Feature", "properties": { "plot": "LB2_64", "year": 1993.0, "species_richness": 32, "subregion": "langeberg" }, "geometry": { "type": "Point", "coordinates": [ 21.55083333, -33.97 ] } },
{ "type": "Feature", "properties": { "plot": "LB2_65", "year": 1993.0, "species_richness": 40, "subregion": "langeberg" }, "geometry": { "type": "Point", "coordinates": [ 21.55138889, -33.96916667 ] } },
{ "type": "Feature", "properties": { "plot": "LB2_66", "year": 1993.0, "species_richness": 40, "subregion": "langeberg" }, "geometry": { "type": "Point", "coordinates": [ 21.54833333, -33.96944444 ] } },
{ "type": "Feature", "properties": { "plot": "LB2_67", "year": 1993.0, "species_richness": 38, "subregion": "langeberg" }, "geometry": { "type": "Point", "coordinates": [ 21.54805556, -33.96861111 ] } },
{ "type": "Feature", "properties": { "plot": "LB2_68", "year": 1993.0, "species_richness": 41, "subregion": "langeberg" }, "geometry": { "type": "Point", "coordinates": [ 21.54861111, -33.96694444 ] } },
{ "type": "Feature", "properties": { "plot": "LB2_69", "year": 1993.0, "species_richness": 28, "subregion": "langeberg" }, "geometry": { "type": "Point", "coordinates": [ 21.55055556, -33.96555556 ] } },
{ "type": "Feature", "properties": { "plot": "LB2_7", "year": 1993.0, "species_richness": 42, "subregion": "langeberg" }, "geometry": { "type": "Point", "coordinates": [ 20.45111111, -33.98 ] } },
{ "type": "Feature", "properties": { "plot": "LB2_70", "year": 1993.0, "species_richness": 39, "subregion": "langeberg" }, "geometry": { "type": "Point", "coordinates": [ 21.55055556, -33.96722222 ] } },
{ "type": "Feature", "properties": { "plot": "LB2_71", "year": 1993.0, "species_richness": 31, "subregion": "langeberg" }, "geometry": { "type": "Point", "coordinates": [ 21.55527778, -33.96333333 ] } },
{ "type": "Feature", "properties": { "plot": "LB2_72", "year": 1993.0, "species_richness": 31, "subregion": "langeberg" }, "geometry": { "type": "Point", "coordinates": [ 21.55638889, -33.96472222 ] } },
{ "type": "Feature", "properties": { "plot": "LB2_73", "year": 1993.0, "species_richness": 40, "subregion": "langeberg" }, "geometry": { "type": "Point", "coordinates": [ 21.55888889, -33.965 ] } },
{ "type": "Feature", "properties": { "plot": "LB2_74", "year": 1993.0, "species_richness": 34, "subregion": "langeberg" }, "geometry": { "type": "Point", "coordinates": [ 21.56, -33.96444444 ] } },
{ "type": "Feature", "properties": { "plot": "LB2_75", "year": 1993.0, "species_richness": 36, "subregion": "langeberg" }, "geometry": { "type": "Point", "coordinates": [ 21.55777778, -33.96333333 ] } },
{ "type": "Feature", "properties": { "plot": "LB2_76", "year": 1993.0, "species_richness": 41, "subregion": "langeberg" }, "geometry": { "type": "Point", "coordinates": [ 21.55222222, -33.96722222 ] } },
{ "type": "Feature", "properties": { "plot": "LB2_78", "year": 1993.0, "species_richness": 31, "subregion": "langeberg" }, "geometry": { "type": "Point", "coordinates": [ 21.55361111, -33.95944444 ] } },
{ "type": "Feature", "properties": { "plot": "LB2_79", "year": 1993.0, "species_richness": 23, "subregion": "langeberg" }, "geometry": { "type": "Point", "coordinates": [ 21.55361111, -33.95888889 ] } },
{ "type": "Feature", "properties": { "plot": "LB2_8", "year": 1993.0, "species_richness": 26, "subregion": "langeberg" }, "geometry": { "type": "Point", "coordinates": [ 20.44944444, -33.98027778 ] } },
{ "type": "Feature", "properties": { "plot": "LB2_80", "year": 1993.0, "species_richness": 21, "subregion": "langeberg" }, "geometry": { "type": "Point", "coordinates": [ 21.55388889, -33.95833333 ] } },
{ "type": "Feature", "properties": { "plot": "LB2_81", "year": 1993.0, "species_richness": 42, "subregion": "langeberg" }, "geometry": { "type": "Point", "coordinates": [ 21.55333333, -33.95722222 ] } },
{ "type": "Feature", "properties": { "plot": "LB2_82", "year": 1993.0, "species_richness": 37, "subregion": "langeberg" }, "geometry": { "type": "Point", "coordinates": [ 21.5525, -33.95722222 ] } },
{ "type": "Feature", "properties": { "plot": "LB2_83", "year": 1993.0, "species_richness": 42, "subregion": "langeberg" }, "geometry": { "type": "Point", "coordinates": [ 21.55, -33.96361111 ] } },
{ "type": "Feature", "properties": { "plot": "LB2_84", "year": 1993.0, "species_richness": 35, "subregion": "langeberg" }, "geometry": { "type": "Point", "coordinates": [ 21.54833333, -33.96527778 ] } },
{ "type": "Feature", "properties": { "plot": "LB2_85", "year": 1993.0, "species_richness": 35, "subregion": "langeberg" }, "geometry": { "type": "Point", "coordinates": [ 21.5475, -33.96611111 ] } },
{ "type": "Feature", "properties": { "plot": "LB2_86", "year": 1993.0, "species_richness": 26, "subregion": "langeberg" }, "geometry": { "type": "Point", "coordinates": [ 21.55166667, -33.96083333 ] } },
{ "type": "Feature", "properties": { "plot": "LB2_87", "year": 1993.0, "species_richness": 39, "subregion": "langeberg" }, "geometry": { "type": "Point", "coordinates": [ 21.54805556, -33.95416667 ] } },
{ "type": "Feature", "properties": { "plot": "LB2_88", "year": 1993.0, "species_richness": 31, "subregion": "langeberg" }, "geometry": { "type": "Point", "coordinates": [ 21.54805556, -33.955 ] } },
{ "type": "Feature", "properties": { "plot": "LB2_89", "year": 1993.0, "species_richness": 25, "subregion": "langeberg" }, "geometry": { "type": "Point", "coordinates": [ 21.54694444, -33.95583333 ] } },
{ "type": "Feature", "properties": { "plot": "LB2_9", "year": 1993.0, "species_richness": 23, "subregion": "langeberg" }, "geometry": { "type": "Point", "coordinates": [ 20.44944444, -33.9825 ] } },
{ "type": "Feature", "properties": { "plot": "LB2_90", "year": 1993.0, "species_richness": 30, "subregion": "langeberg" }, "geometry": { "type": "Point", "coordinates": [ 21.54611111, -33.95638889 ] } },
{ "type": "Feature", "properties": { "plot": "LB2_91", "year": 1993.0, "species_richness": 31, "subregion": "langeberg" }, "geometry": { "type": "Point", "coordinates": [ 21.54638889, -33.95805556 ] } },
{ "type": "Feature", "properties": { "plot": "LB2_92", "year": 1993.0, "species_richness": 37, "subregion": "langeberg" }, "geometry": { "type": "Point", "coordinates": [ 21.54222222, -33.95444444 ] } },
{ "type": "Feature", "properties": { "plot": "LB2_93", "year": 1993.0, "species_richness": 46, "subregion": "langeberg" }, "geometry": { "type": "Point", "coordinates": [ 21.54194444, -33.95555556 ] } },
{ "type": "Feature", "properties": { "plot": "LB2_94", "year": 1993.0, "species_richness": 24, "subregion": "langeberg" }, "geometry": { "type": "Point", "coordinates": [ 21.54388889, -33.95472222 ] } },
{ "type": "Feature", "properties": { "plot": "LB2_95", "year": 1993.0, "species_richness": 38, "subregion": "langeberg" }, "geometry": { "type": "Point", "coordinates": [ 21.54361111, -33.95777778 ] } },
{ "type": "Feature", "properties": { "plot": "LB2_96", "year": 1993.0, "species_richness": 30, "subregion": "langeberg" }, "geometry": { "type": "Point", "coordinates": [ 21.54444444, -33.95916667 ] } },
{ "type": "Feature", "properties": { "plot": "LB2_97", "year": 1993.0, "species_richness": 34, "subregion": "langeberg" }, "geometry": { "type": "Point", "coordinates": [ 21.55611111, -33.97166667 ] } },
{ "type": "Feature", "properties": { "plot": "LB2_98", "year": 1993.0, "species_richness": 15, "subregion": "langeberg" }, "geometry": { "type": "Point", "coordinates": [ 21.55888889, -33.97138889 ] } },
{ "type": "Feature", "properties": { "plot": "LB2_99", "year": 1993.0, "species_richness": 34, "subregion": "langeberg" }, "geometry": { "type": "Point", "coordinates": [ 21.55916667, -33.97055556 ] } }
]
}
