scientific_name_original,scientific_name_MG,functional_twig,removal_date,removal_reason
Abutilon sonneratianum,Abutilon sonneratianum,0,2026-08-11,"functional_twig was a Dimensions-project-specific designation per original 2014 documentation, not intended for general use; column removed"
Acacia cyclops,Acacia cyclops,NA,2026-08-11,"functional_twig was a Dimensions-project-specific designation per original 2014 documentation, not intended for general use; column removed"
Acacia mearnsii,Acacia mearnsii,NA,2026-08-11,"functional_twig was a Dimensions-project-specific designation per original 2014 documentation, not intended for general use; column removed"
Acacia saligna,Acacia saligna,NA,2026-08-11,"functional_twig was a Dimensions-project-specific designation per original 2014 documentation, not intended for general use; column removed"
Acalypha glabrata,Acalypha glabrata,NA,2026-08-11,"functional_twig was a Dimensions-project-specific designation per original 2014 documentation, not intended for general use; column removed"
Acmadenia latifolia,Acmadenia latifolia,NA,2026-08-11,"functional_twig was a Dimensions-project-specific designation per original 2014 documentation, not intended for general use; column removed"
Acmadenia nivea,Acmadenia nivea,NA,2026-08-11,"functional_twig was a Dimensions-project-specific designation per original 2014 documentation, not intended for general use; column removed"
Acmadenia nivenii,Acmadenia nivenii,NA,2026-08-11,"functional_twig was a Dimensions-project-specific designation per original 2014 documentation, not intended for general use; column removed"
Acmadenia tetragona,Acmadenia tetragona,NA,2026-08-11,"functional_twig was a Dimensions-project-specific designation per original 2014 documentation, not intended for general use; column removed"
Acmadenia trigona,Acmadenia trigona,NA,2026-08-11,"functional_twig was a Dimensions-project-specific designation per original 2014 documentation, not intended for general use; column removed"
Acrolophia barbata,Acrolophia barbata,NA,2026-08-11,"functional_twig was a Dimensions-project-specific designation per original 2014 documentation, not intended for general use; column removed"
Acrolophia capensis,Acrolophia capensis,NA,2026-08-11,"functional_twig was a Dimensions-project-specific designation per original 2014 documentation, not intended for general use; column removed"
Acrosanthes angustifolia,Acrosanthes angustifolia,NA,2026-08-11,"functional_twig was a Dimensions-project-specific designation per original 2014 documentation, not intended for general use; column removed"
Adenandra brachyphylla,Adenandra brachyphylla,NA,2026-08-11,"functional_twig was a Dimensions-project-specific designation per original 2014 documentation, not intended for general use; column removed"
Adenandra fragrans,Adenandra fragrans,NA,2026-08-11,"functional_twig was a Dimensions-project-specific designation per original 2014 documentation, not intended for general use; column removed"
Adenandra mundiifolia,Adenandra mundiifolia,NA,2026-08-11,"functional_twig was a Dimensions-project-specific designation per original 2014 documentation, not intended for general use; column removed"
Adenandra uniflora,Adenandra uniflora,NA,2026-08-11,"functional_twig was a Dimensions-project-specific designation per original 2014 documentation, not intended for general use; column removed"
Adenandra villosa,Adenandra villosa,NA,2026-08-11,"functional_twig was a Dimensions-project-specific designation per original 2014 documentation, not intended for general use; column removed"
Adenocline pauciflora,Adenocline pauciflora,NA,2026-08-11,"functional_twig was a Dimensions-project-specific designation per original 2014 documentation, not intended for general use; column removed"
Adenogramma glomerata,Adenogramma glomerata,NA,2026-08-11,"functional_twig was a Dimensions-project-specific designation per original 2014 documentation, not intended for general use; column removed"
Adromischus cristatus,Adromischus cristatus,NA,2026-08-11,"functional_twig was a Dimensions-project-specific designation per original 2014 documentation, not intended for general use; column removed"
Adromischus maculatus,Adromischus maculatus,NA,2026-08-11,"functional_twig was a Dimensions-project-specific designation per original 2014 documentation, not intended for general use; column removed"
Adromischus triflorus,Adromischus triflorus,NA,2026-08-11,"functional_twig was a Dimensions-project-specific designation per original 2014 documentation, not intended for general use; column removed"
Agapanthus praecox,Agapanthus praecox,NA,2026-08-11,"functional_twig was a Dimensions-project-specific designation per original 2014 documentation, not intended for general use; column removed"
Agapanthus walshii,Agapanthus africanus,NA,2026-08-11,"functional_twig was a Dimensions-project-specific designation per original 2014 documentation, not intended for general use; column removed"
Agathosma anomala,Agathosma anomala,NA,2026-08-11,"functional_twig was a Dimensions-project-specific designation per original 2014 documentation, not intended for general use; column removed"
Agathosma betulina,Agathosma betulina,NA,2026-08-11,"functional_twig was a Dimensions-project-specific designation per original 2014 documentation, not intended for general use; column removed"
Agathosma bicolor,Agathosma bicolor,NA,2026-08-11,"functional_twig was a Dimensions-project-specific designation per original 2014 documentation, not intended for general use; column removed"
Agathosma bifida,Agathosma bifida,NA,2026-08-11,"functional_twig was a Dimensions-project-specific designation per original 2014 documentation, not intended for general use; column removed"
Agathosma bisulca,Agathosma bisulca,NA,2026-08-11,"functional_twig was a Dimensions-project-specific designation per original 2014 documentation, not intended for general use; column removed"
Agathosma capensis,Agathosma capensis,NA,2026-08-11,"functional_twig was a Dimensions-project-specific designation per original 2014 documentation, not intended for general use; column removed"
Agathosma cerefolium,Agathosma cerefolium,NA,2026-08-11,"functional_twig was a Dimensions-project-specific designation per original 2014 documentation, not intended for general use; column removed"
Agathosma ciliaris,Agathosma ciliaris,NA,2026-08-11,"functional_twig was a Dimensions-project-specific designation per original 2014 documentation, not intended for general use; column removed"
Agathosma crenulata,Agathosma crenulata,NA,2026-08-11,"functional_twig was a Dimensions-project-specific designation per original 2014 documentation, not intended for general use; column removed"
Agathosma distans,Agathosma distans,NA,2026-08-11,"functional_twig was a Dimensions-project-specific designation per original 2014 documentation, not intended for general use; column removed"
Agathosma divaricata,Agathosma divaricata,NA,2026-08-11,"functional_twig was a Dimensions-project-specific designation per original 2014 documentation, not intended for general use; column removed"
Agathosma hookeri,Agathosma hookeri,NA,2026-08-11,"functional_twig was a Dimensions-project-specific designation per original 2014 documentation, not intended for general use; column removed"
Agathosma imbricata,Agathosma imbricata,NA,2026-08-11,"functional_twig was a Dimensions-project-specific designation per original 2014 documentation, not intended for general use; column removed"
Agathosma kougaense,Agathosma kougaense,NA,2026-08-11,"functional_twig was a Dimensions-project-specific designation per original 2014 documentation, not intended for general use; column removed"
Agathosma lanceolata,Agathosma lanceolata,NA,2026-08-11,"functional_twig was a Dimensions-project-specific designation per original 2014 documentation, not intended for general use; column removed"
Agathosma martiana,Agathosma martiana,NA,2026-08-11,"functional_twig was a Dimensions-project-specific designation per original 2014 documentation, not intended for general use; column removed"
Agathosma minuta,Agathosma minuta,NA,2026-08-11,"functional_twig was a Dimensions-project-specific designation per original 2014 documentation, not intended for general use; column removed"
Agathosma mucronulata,Agathosma mucronulata,NA,2026-08-11,"functional_twig was a Dimensions-project-specific designation per original 2014 documentation, not intended for general use; column removed"
Agathosma mundtii,Agathosma mundtii,NA,2026-08-11,"functional_twig was a Dimensions-project-specific designation per original 2014 documentation, not intended for general use; column removed"
Agathosma orbicularis,Agathosma orbicularis,NA,2026-08-11,"functional_twig was a Dimensions-project-specific designation per original 2014 documentation, not intended for general use; column removed"
Agathosma ovata,Agathosma ovata,NA,2026-08-11,"functional_twig was a Dimensions-project-specific designation per original 2014 documentation, not intended for general use; column removed"
Agathosma pilifera,Agathosma pilifera,NA,2026-08-11,"functional_twig was a Dimensions-project-specific designation per original 2014 documentation, not intended for general use; column removed"
Agathosma puberula,Agathosma puberula,NA,2026-08-11,"functional_twig was a Dimensions-project-specific designation per original 2014 documentation, not intended for general use; column removed"
Agathosma pubigera,Agathosma pubigera,NA,2026-08-11,"functional_twig was a Dimensions-project-specific designation per original 2014 documentation, not intended for general use; column removed"
Agathosma pungens,Agathosma pungens,NA,2026-08-11,"functional_twig was a Dimensions-project-specific designation per original 2014 documentation, not intended for general use; column removed"
Agathosma recurvifolia,Agathosma recurvifolia,NA,2026-08-11,"functional_twig was a Dimensions-project-specific designation per original 2014 documentation, not intended for general use; column removed"
Agathosma serpyllacea,Agathosma serpyllacea,NA,2026-08-11,"functional_twig was a Dimensions-project-specific designation per original 2014 documentation, not intended for general use; column removed"
Agathosma stilbeoides,Agathosma stilbeoides,NA,2026-08-11,"functional_twig was a Dimensions-project-specific designation per original 2014 documentation, not intended for general use; column removed"
Agathosma unicarpellata,Agathosma unicarpellata,NA,2026-08-11,"functional_twig was a Dimensions-project-specific designation per original 2014 documentation, not intended for general use; column removed"
Agathosma venusta,Agathosma venusta,NA,2026-08-11,"functional_twig was a Dimensions-project-specific designation per original 2014 documentation, not intended for general use; column removed"
Agrostis lachnantha,Agrostis lachnantha,NA,2026-08-11,"functional_twig was a Dimensions-project-specific designation per original 2014 documentation, not intended for general use; column removed"
Aizoon paniculatum,Aizoon paniculatum,NA,2026-08-11,"functional_twig was a Dimensions-project-specific designation per original 2014 documentation, not intended for general use; column removed"
Aizoon rigidum,Aizoon rigidum,NA,2026-08-11,"functional_twig was a Dimensions-project-specific designation per original 2014 documentation, not intended for general use; column removed"
Aizoon sarmentosum,Aizoon sarmentosum,NA,2026-08-11,"functional_twig was a Dimensions-project-specific designation per original 2014 documentation, not intended for general use; column removed"
Albuca cooperi,Albuca cooperi,NA,2026-08-11,"functional_twig was a Dimensions-project-specific designation per original 2014 documentation, not intended for general use; column removed"
Albuca flaccida,Albuca flaccida,NA,2026-08-11,"functional_twig was a Dimensions-project-specific designation per original 2014 documentation, not intended for general use; column removed"
Alepidea capensis,Alepidea capensis,NA,2026-08-11,"functional_twig was a Dimensions-project-specific designation per original 2014 documentation, not intended for general use; column removed"
Alepidea delicatula,Alepidea delicatula,NA,2026-08-11,"functional_twig was a Dimensions-project-specific designation per original 2014 documentation, not intended for general use; column removed"
Allophylus decipiens,Allophylus decipiens,NA,2026-08-11,"functional_twig was a Dimensions-project-specific designation per original 2014 documentation, not intended for general use; column removed"
Aloe arborescens,Aloe arborescens,NA,2026-08-11,"functional_twig was a Dimensions-project-specific designation per original 2014 documentation, not intended for general use; column removed"
Aloe ciliaris,Aloe ciliaris,NA,2026-08-11,"functional_twig was a Dimensions-project-specific designation per original 2014 documentation, not intended for general use; column removed"
Aloe comptonii,Aloe comptonii,NA,2026-08-11,"functional_twig was a Dimensions-project-specific designation per original 2014 documentation, not intended for general use; column removed"
Aloe ferox,Aloe ferox,NA,2026-08-11,"functional_twig was a Dimensions-project-specific designation per original 2014 documentation, not intended for general use; column removed"
Aloe perfoliata,Aloe mitriformis,NA,2026-08-11,"functional_twig was a Dimensions-project-specific designation per original 2014 documentation, not intended for general use; column removed"
Aloe speciosa,Aloe speciosa,NA,2026-08-11,"functional_twig was a Dimensions-project-specific designation per original 2014 documentation, not intended for general use; column removed"
Alsophila capensis,Cyathea capensis,NA,2026-08-11,"functional_twig was a Dimensions-project-specific designation per original 2014 documentation, not intended for general use; column removed"
Amphithalea axillaris,Amphithalea axillaris,NA,2026-08-11,"functional_twig was a Dimensions-project-specific designation per original 2014 documentation, not intended for general use; column removed"
Amphithalea cymbifolia,Amphithalea cymbifolia,NA,2026-08-11,"functional_twig was a Dimensions-project-specific designation per original 2014 documentation, not intended for general use; column removed"
Amphithalea ericifolia,Amphithalea ericifolia,NA,2026-08-11,"functional_twig was a Dimensions-project-specific designation per original 2014 documentation, not intended for general use; column removed"
Amphithalea micrantha,Amphithalea micrantha,NA,2026-08-11,"functional_twig was a Dimensions-project-specific designation per original 2014 documentation, not intended for general use; column removed"
Amphithalea violacea,Amphithalea violacea,NA,2026-08-11,"functional_twig was a Dimensions-project-specific designation per original 2014 documentation, not intended for general use; column removed"
Amphithalea williamsonii,Amphithalea williamsonii,NA,2026-08-11,"functional_twig was a Dimensions-project-specific designation per original 2014 documentation, not intended for general use; column removed"
Anacampseros arachnoides,Anacampseros arachnoides,NA,2026-08-11,"functional_twig was a Dimensions-project-specific designation per original 2014 documentation, not intended for general use; column removed"
Anacampseros telephiastrum,Anacampseros telephiastrum,NA,2026-08-11,"functional_twig was a Dimensions-project-specific designation per original 2014 documentation, not intended for general use; column removed"
Anaxeton asperum,Anaxeton asperum,NA,2026-08-11,"functional_twig was a Dimensions-project-specific designation per original 2014 documentation, not intended for general use; column removed"
Anaxeton laeve,Anaxeton laeve,NA,2026-08-11,"functional_twig was a Dimensions-project-specific designation per original 2014 documentation, not intended for general use; column removed"
Anaxeton nycthemerum,Anaxeton nycthemerum,NA,2026-08-11,"functional_twig was a Dimensions-project-specific designation per original 2014 documentation, not intended for general use; column removed"
Anderbergia epaleata,Anderbergia epaleata,NA,2026-08-11,"functional_twig was a Dimensions-project-specific designation per original 2014 documentation, not intended for general use; column removed"
Andropogon appendiculatus,Andropogon appendiculatus,NA,2026-08-11,"functional_twig was a Dimensions-project-specific designation per original 2014 documentation, not intended for general use; column removed"
Anemone knowltonia,Knowltonia capensis,NA,2026-08-11,"functional_twig was a Dimensions-project-specific designation per original 2014 documentation, not intended for general use; column removed"
Anemone tenuifolia,Anemone tenuifolia,NA,2026-08-11,"functional_twig was a Dimensions-project-specific designation per original 2014 documentation, not intended for general use; column removed"
Anemone vesicatoria,Knowltonia vesicatoria,NA,2026-08-11,"functional_twig was a Dimensions-project-specific designation per original 2014 documentation, not intended for general use; column removed"
Anginon difforme,Anginon difforme,NA,2026-08-11,"functional_twig was a Dimensions-project-specific designation per original 2014 documentation, not intended for general use; column removed"
Anisodontea scabrosa,Anisodontea scabrosa,NA,2026-08-11,"functional_twig was a Dimensions-project-specific designation per original 2014 documentation, not intended for general use; column removed"
Annesorhiza altiscapa,Annesorhiza altiscapa,NA,2026-08-11,"functional_twig was a Dimensions-project-specific designation per original 2014 documentation, not intended for general use; column removed"
Anthochortus capensis,Anthochortus capensis,NA,2026-08-11,"functional_twig was a Dimensions-project-specific designation per original 2014 documentation, not intended for general use; column removed"
Anthochortus crinalis,Anthochortus crinalis,NA,2026-08-11,"functional_twig was a Dimensions-project-specific designation per original 2014 documentation, not intended for general use; column removed"
Anthochortus ecklonii,Anthochortus ecklonii,NA,2026-08-11,"functional_twig was a Dimensions-project-specific designation per original 2014 documentation, not intended for general use; column removed"
Anthochortus laxiflorus,Anthochortus laxiflorus,NA,2026-08-11,"functional_twig was a Dimensions-project-specific designation per original 2014 documentation, not intended for general use; column removed"
Anthospermum aethiopicum,Anthospermum aethiopicum,NA,2026-08-11,"functional_twig was a Dimensions-project-specific designation per original 2014 documentation, not intended for general use; column removed"
Anthospermum bergianum,Anthospermum bergianum,NA,2026-08-11,"functional_twig was a Dimensions-project-specific designation per original 2014 documentation, not intended for general use; column removed"
Anthospermum galioides,Anthospermum galioides,NA,2026-08-11,"functional_twig was a Dimensions-project-specific designation per original 2014 documentation, not intended for general use; column removed"
Anthospermum prostratum,Anthospermum prostratum,NA,2026-08-11,"functional_twig was a Dimensions-project-specific designation per original 2014 documentation, not intended for general use; column removed"
Anthospermum spathulatum,Anthospermum spathulatum,NA,2026-08-11,"functional_twig was a Dimensions-project-specific designation per original 2014 documentation, not intended for general use; column removed"
Antimima dasyphylla,Antimima dasyphylla,NA,2026-08-11,"functional_twig was a Dimensions-project-specific designation per original 2014 documentation, not intended for general use; column removed"
Apium decumbens,Apium decumbens,NA,2026-08-11,"functional_twig was a Dimensions-project-specific designation per original 2014 documentation, not intended for general use; column removed"
Apodytes dimidiata,Apodytes dimidiata,NA,2026-08-11,"functional_twig was a Dimensions-project-specific designation per original 2014 documentation, not intended for general use; column removed"
Arctopus echinatus,Arctopus echinatus,NA,2026-08-11,"functional_twig was a Dimensions-project-specific designation per original 2014 documentation, not intended for general use; column removed"
Arctotheca calendula,Arctotheca calendula,NA,2026-08-11,"functional_twig was a Dimensions-project-specific designation per original 2014 documentation, not intended for general use; column removed"
Arctotis acaulis,Arctotis acaulis,NA,2026-08-11,"functional_twig was a Dimensions-project-specific designation per original 2014 documentation, not intended for general use; column removed"
Arctotis adpressa,Arctotis adpressa,NA,2026-08-11,"functional_twig was a Dimensions-project-specific designation per original 2014 documentation, not intended for general use; column removed"
Arctotis aspera,Arctotis aspera,NA,2026-08-11,"functional_twig was a Dimensions-project-specific designation per original 2014 documentation, not intended for general use; column removed"
Arctotis scabra,Arctotis scabra,NA,2026-08-11,"functional_twig was a Dimensions-project-specific designation per original 2014 documentation, not intended for general use; column removed"
Arctotis stoechadifolia,Arctotis stoechadifolia,NA,2026-08-11,"functional_twig was a Dimensions-project-specific designation per original 2014 documentation, not intended for general use; column removed"
Argyrolobium collinum,Argyrolobium collinum,NA,2026-08-11,"functional_twig was a Dimensions-project-specific designation per original 2014 documentation, not intended for general use; column removed"
Argyrolobium filiforme,Argyrolobium filiforme,NA,2026-08-11,"functional_twig was a Dimensions-project-specific designation per original 2014 documentation, not intended for general use; column removed"
Argyrolobium incanum,Argyrolobium incanum,NA,2026-08-11,"functional_twig was a Dimensions-project-specific designation per original 2014 documentation, not intended for general use; column removed"
Argyrolobium parviflorum,Argyrolobium parviflorum,NA,2026-08-11,"functional_twig was a Dimensions-project-specific designation per original 2014 documentation, not intended for general use; column removed"
Aristea africana,Aristea africana,NA,2026-08-11,"functional_twig was a Dimensions-project-specific designation per original 2014 documentation, not intended for general use; column removed"
Aristea anceps,Aristea anceps,NA,2026-08-11,"functional_twig was a Dimensions-project-specific designation per original 2014 documentation, not intended for general use; column removed"
Aristea bakeri,Aristea bakeri,NA,2026-08-11,"functional_twig was a Dimensions-project-specific designation per original 2014 documentation, not intended for general use; column removed"
Aristea capitata,Aristea major,NA,2026-08-11,"functional_twig was a Dimensions-project-specific designation per original 2014 documentation, not intended for general use; column removed"
Aristea cuspidata,Aristea cuspidata,NA,2026-08-11,"functional_twig was a Dimensions-project-specific designation per original 2014 documentation, not intended for general use; column removed"
Aristea dichotoma,Aristea dichotoma,NA,2026-08-11,"functional_twig was a Dimensions-project-specific designation per original 2014 documentation, not intended for general use; column removed"
Aristea glauca,Aristea glauca,NA,2026-08-11,"functional_twig was a Dimensions-project-specific designation per original 2014 documentation, not intended for general use; column removed"
Aristea oligocephala,Aristea oligocephala,NA,2026-08-11,"functional_twig was a Dimensions-project-specific designation per original 2014 documentation, not intended for general use; column removed"
Aristea pusilla,Aristea pusilla,NA,2026-08-11,"functional_twig was a Dimensions-project-specific designation per original 2014 documentation, not intended for general use; column removed"
Aristea racemosa,Aristea racemosa,NA,2026-08-11,"functional_twig was a Dimensions-project-specific designation per original 2014 documentation, not intended for general use; column removed"
Aristida adscensionis,Aristida adscensionis,NA,2026-08-11,"functional_twig was a Dimensions-project-specific designation per original 2014 documentation, not intended for general use; column removed"
Aristida congesta,Aristida congesta,NA,2026-08-11,"functional_twig was a Dimensions-project-specific designation per original 2014 documentation, not intended for general use; column removed"
Aristida diffusa,Aristida diffusa,NA,2026-08-11,"functional_twig was a Dimensions-project-specific designation per original 2014 documentation, not intended for general use; column removed"
Aristida junciformis,Aristida junciformis,NA,2026-08-11,"functional_twig was a Dimensions-project-specific designation per original 2014 documentation, not intended for general use; column removed"
Asclepias crispa,Asclepias crispa,NA,2026-08-11,"functional_twig was a Dimensions-project-specific designation per original 2014 documentation, not intended for general use; column removed"
Askidiosperma capitatum,Askidiosperma capitatum,no,2026-08-11,"functional_twig was a Dimensions-project-specific designation per original 2014 documentation, not intended for general use; column removed"
Askidiosperma nitidum,Askidiosperma nitidum,no,2026-08-11,"functional_twig was a Dimensions-project-specific designation per original 2014 documentation, not intended for general use; column removed"
Askidiosperma paniculatum,Askidiosperma paniculatum,NA,2026-08-11,"functional_twig was a Dimensions-project-specific designation per original 2014 documentation, not intended for general use; column removed"
Aspalathus abietina,Aspalathus abietina,NA,2026-08-11,"functional_twig was a Dimensions-project-specific designation per original 2014 documentation, not intended for general use; column removed"
Aspalathus acanthes,Aspalathus acanthes,NA,2026-08-11,"functional_twig was a Dimensions-project-specific designation per original 2014 documentation, not intended for general use; column removed"
Aspalathus aciphylla,Aspalathus aciphylla,NA,2026-08-11,"functional_twig was a Dimensions-project-specific designation per original 2014 documentation, not intended for general use; column removed"
Aspalathus argyrella,Aspalathus argyrella,NA,2026-08-11,"functional_twig was a Dimensions-project-specific designation per original 2014 documentation, not intended for general use; column removed"
Aspalathus aspalathoides,Aspalathus aspalathoides,NA,2026-08-11,"functional_twig was a Dimensions-project-specific designation per original 2014 documentation, not intended for general use; column removed"
Aspalathus asparagoides,Aspalathus asparagoides,NA,2026-08-11,"functional_twig was a Dimensions-project-specific designation per original 2014 documentation, not intended for general use; column removed"
Aspalathus biflora,Aspalathus biflora,NA,2026-08-11,"functional_twig was a Dimensions-project-specific designation per original 2014 documentation, not intended for general use; column removed"
Aspalathus callosa,Aspalathus callosa,NA,2026-08-11,"functional_twig was a Dimensions-project-specific designation per original 2014 documentation, not intended for general use; column removed"
Aspalathus capensis,Aspalathus capensis,NA,2026-08-11,"functional_twig was a Dimensions-project-specific designation per original 2014 documentation, not intended for general use; column removed"
Aspalathus carnosa,Aspalathus carnosa,NA,2026-08-11,"functional_twig was a Dimensions-project-specific designation per original 2014 documentation, not intended for general use; column removed"
Aspalathus chenopoda,Aspalathus chenopoda,NA,2026-08-11,"functional_twig was a Dimensions-project-specific designation per original 2014 documentation, not intended for general use; column removed"
Aspalathus chortophila,Aspalathus chortophila,NA,2026-08-11,"functional_twig was a Dimensions-project-specific designation per original 2014 documentation, not intended for general use; column removed"
Aspalathus ciliaris,Aspalathus ciliaris,NA,2026-08-11,"functional_twig was a Dimensions-project-specific designation per original 2014 documentation, not intended for general use; column removed"
Aspalathus collina,Aspalathus collina,NA,2026-08-11,"functional_twig was a Dimensions-project-specific designation per original 2014 documentation, not intended for general use; column removed"
Aspalathus crassisepala,Aspalathus crassisepala,NA,2026-08-11,"functional_twig was a Dimensions-project-specific designation per original 2014 documentation, not intended for general use; column removed"
Aspalathus decora,Aspalathus decora,NA,2026-08-11,"functional_twig was a Dimensions-project-specific designation per original 2014 documentation, not intended for general use; column removed"
Aspalathus divaricata,Aspalathus divaricata,NA,2026-08-11,"functional_twig was a Dimensions-project-specific designation per original 2014 documentation, not intended for general use; column removed"
Aspalathus ericifolia,Aspalathus ericifolia,NA,2026-08-11,"functional_twig was a Dimensions-project-specific designation per original 2014 documentation, not intended for general use; column removed"
Aspalathus forbesii,Aspalathus forbesii,NA,2026-08-11,"functional_twig was a Dimensions-project-specific designation per original 2014 documentation, not intended for general use; column removed"
Aspalathus fourcadei,Aspalathus fourcadei,NA,2026-08-11,"functional_twig was a Dimensions-project-specific designation per original 2014 documentation, not intended for general use; column removed"
Aspalathus galeata,Aspalathus galeata,NA,2026-08-11,"functional_twig was a Dimensions-project-specific designation per original 2014 documentation, not intended for general use; column removed"
Aspalathus grandiflora,Aspalathus grandiflora,NA,2026-08-11,"functional_twig was a Dimensions-project-specific designation per original 2014 documentation, not intended for general use; column removed"
Aspalathus hirta,Aspalathus hirta,NA,2026-08-11,"functional_twig was a Dimensions-project-specific designation per original 2014 documentation, not intended for general use; column removed"
Aspalathus hispida,Aspalathus hispida,NA,2026-08-11,"functional_twig was a Dimensions-project-specific designation per original 2014 documentation, not intended for general use; column removed"
Aspalathus hypnoides,Aspalathus hypnoides,NA,2026-08-11,"functional_twig was a Dimensions-project-specific designation per original 2014 documentation, not intended for general use; column removed"
Aspalathus hystrix,Aspalathus hystrix,NA,2026-08-11,"functional_twig was a Dimensions-project-specific designation per original 2014 documentation, not intended for general use; column removed"
Aspalathus incompta,Aspalathus incompta,NA,2026-08-11,"functional_twig was a Dimensions-project-specific designation per original 2014 documentation, not intended for general use; column removed"
Aspalathus inops,Aspalathus inops,NA,2026-08-11,"functional_twig was a Dimensions-project-specific designation per original 2014 documentation, not intended for general use; column removed"
Aspalathus kougaensis,Aspalathus kougaensis,NA,2026-08-11,"functional_twig was a Dimensions-project-specific designation per original 2014 documentation, not intended for general use; column removed"
Aspalathus lanata,Aspalathus lanata,NA,2026-08-11,"functional_twig was a Dimensions-project-specific designation per original 2014 documentation, not intended for general use; column removed"
Aspalathus laricifolia,Aspalathus laricifolia,NA,2026-08-11,"functional_twig was a Dimensions-project-specific designation per original 2014 documentation, not intended for general use; column removed"
Aspalathus linearis,Aspalathus linearis,NA,2026-08-11,"functional_twig was a Dimensions-project-specific designation per original 2014 documentation, not intended for general use; column removed"
Aspalathus linguiloba,Aspalathus linguiloba,NA,2026-08-11,"functional_twig was a Dimensions-project-specific designation per original 2014 documentation, not intended for general use; column removed"
Aspalathus microphylla,Aspalathus microphylla,NA,2026-08-11,"functional_twig was a Dimensions-project-specific designation per original 2014 documentation, not intended for general use; column removed"
Aspalathus opaca,Aspalathus opaca,NA,2026-08-11,"functional_twig was a Dimensions-project-specific designation per original 2014 documentation, not intended for general use; column removed"
Aspalathus pachyloba,Aspalathus pachyloba,NA,2026-08-11,"functional_twig was a Dimensions-project-specific designation per original 2014 documentation, not intended for general use; column removed"
Aspalathus polycephala,Aspalathus polycephala,NA,2026-08-11,"functional_twig was a Dimensions-project-specific designation per original 2014 documentation, not intended for general use; column removed"
Aspalathus quinquefolia,Aspalathus quinquefolia,NA,2026-08-11,"functional_twig was a Dimensions-project-specific designation per original 2014 documentation, not intended for general use; column removed"
Aspalathus retroflexa,Aspalathus retroflexa,NA,2026-08-11,"functional_twig was a Dimensions-project-specific designation per original 2014 documentation, not intended for general use; column removed"
Aspalathus rubens,Aspalathus rubens,NA,2026-08-11,"functional_twig was a Dimensions-project-specific designation per original 2014 documentation, not intended for general use; column removed"
Aspalathus securifolia,Aspalathus securifolia,NA,2026-08-11,"functional_twig was a Dimensions-project-specific designation per original 2014 documentation, not intended for general use; column removed"
Aspalathus sericea,Aspalathus sericea,NA,2026-08-11,"functional_twig was a Dimensions-project-specific designation per original 2014 documentation, not intended for general use; column removed"
Aspalathus serpens,Aspalathus serpens,NA,2026-08-11,"functional_twig was a Dimensions-project-specific designation per original 2014 documentation, not intended for general use; column removed"
Aspalathus setacea,Aspalathus setacea,NA,2026-08-11,"functional_twig was a Dimensions-project-specific designation per original 2014 documentation, not intended for general use; column removed"
Aspalathus spinosa,Aspalathus spinosa,NA,2026-08-11,"functional_twig was a Dimensions-project-specific designation per original 2014 documentation, not intended for general use; column removed"
Aspalathus subtingens,Aspalathus subtingens,NA,2026-08-11,"functional_twig was a Dimensions-project-specific designation per original 2014 documentation, not intended for general use; column removed"
Aspalathus triquetra,Aspalathus triquetra,NA,2026-08-11,"functional_twig was a Dimensions-project-specific designation per original 2014 documentation, not intended for general use; column removed"
Aspalathus verbasciformis,Aspalathus verbasciformis,NA,2026-08-11,"functional_twig was a Dimensions-project-specific designation per original 2014 documentation, not intended for general use; column removed"
Aspalathus villosa,Aspalathus villosa,NA,2026-08-11,"functional_twig was a Dimensions-project-specific designation per original 2014 documentation, not intended for general use; column removed"
Aspalathus vulnerans,Aspalathus vulnerans,NA,2026-08-11,"functional_twig was a Dimensions-project-specific designation per original 2014 documentation, not intended for general use; column removed"
Aspalathus wittebergensis,Aspalathus wittebergensis,NA,2026-08-11,"functional_twig was a Dimensions-project-specific designation per original 2014 documentation, not intended for general use; column removed"
Asparagus aethiopicus,Asparagus aethiopicus,NA,2026-08-11,"functional_twig was a Dimensions-project-specific designation per original 2014 documentation, not intended for general use; column removed"
Asparagus africanus,Asparagus africanus,NA,2026-08-11,"functional_twig was a Dimensions-project-specific designation per original 2014 documentation, not intended for general use; column removed"
Asparagus burchellii,Asparagus burchellii,NA,2026-08-11,"functional_twig was a Dimensions-project-specific designation per original 2014 documentation, not intended for general use; column removed"
Asparagus capensis,Asparagus capensis,NA,2026-08-11,"functional_twig was a Dimensions-project-specific designation per original 2014 documentation, not intended for general use; column removed"
Asparagus crassicladus,Asparagus crassicladus,NA,2026-08-11,"functional_twig was a Dimensions-project-specific designation per original 2014 documentation, not intended for general use; column removed"
Asparagus declinatus,Asparagus declinatus,NA,2026-08-11,"functional_twig was a Dimensions-project-specific designation per original 2014 documentation, not intended for general use; column removed"
Asparagus kraussianus,Asparagus kraussianus,NA,2026-08-11,"functional_twig was a Dimensions-project-specific designation per original 2014 documentation, not intended for general use; column removed"
Asparagus lignosus,Asparagus lignosus,NA,2026-08-11,"functional_twig was a Dimensions-project-specific designation per original 2014 documentation, not intended for general use; column removed"
Asparagus mucronatus,Asparagus mucronatus,NA,2026-08-11,"functional_twig was a Dimensions-project-specific designation per original 2014 documentation, not intended for general use; column removed"
Asparagus retrofractus,Asparagus retrofractus,NA,2026-08-11,"functional_twig was a Dimensions-project-specific designation per original 2014 documentation, not intended for general use; column removed"
Asparagus rubicundus,Asparagus rubicundus,NA,2026-08-11,"functional_twig was a Dimensions-project-specific designation per original 2014 documentation, not intended for general use; column removed"
Asparagus scandens,Asparagus scandens,NA,2026-08-11,"functional_twig was a Dimensions-project-specific designation per original 2014 documentation, not intended for general use; column removed"
Asparagus striatus,Asparagus striatus,NA,2026-08-11,"functional_twig was a Dimensions-project-specific designation per original 2014 documentation, not intended for general use; column removed"
Asparagus suaveolens,Asparagus suaveolens,NA,2026-08-11,"functional_twig was a Dimensions-project-specific designation per original 2014 documentation, not intended for general use; column removed"
Asparagus subulatus,Asparagus subulatus,NA,2026-08-11,"functional_twig was a Dimensions-project-specific designation per original 2014 documentation, not intended for general use; column removed"
Asplenium cordatum,Ceterach cordatum,NA,2026-08-11,"functional_twig was a Dimensions-project-specific designation per original 2014 documentation, not intended for general use; column removed"
Atalaya capensis,Atalaya capensis,NA,2026-08-11,"functional_twig was a Dimensions-project-specific designation per original 2014 documentation, not intended for general use; column removed"
Athanasia bremeri,Athanasia bremeri,NA,2026-08-11,"functional_twig was a Dimensions-project-specific designation per original 2014 documentation, not intended for general use; column removed"
Athanasia calophylla,Athanasia calophylla,NA,2026-08-11,"functional_twig was a Dimensions-project-specific designation per original 2014 documentation, not intended for general use; column removed"
Athanasia flexuosa,Athanasia flexuosa,NA,2026-08-11,"functional_twig was a Dimensions-project-specific designation per original 2014 documentation, not intended for general use; column removed"
Athanasia linifolia,Athanasia linifolia,NA,2026-08-11,"functional_twig was a Dimensions-project-specific designation per original 2014 documentation, not intended for general use; column removed"
Athanasia microphylla,Athanasia microphylla,NA,2026-08-11,"functional_twig was a Dimensions-project-specific designation per original 2014 documentation, not intended for general use; column removed"
Athanasia pinnata,Athanasia pinnata,NA,2026-08-11,"functional_twig was a Dimensions-project-specific designation per original 2014 documentation, not intended for general use; column removed"
Athanasia tomentosa,Athanasia tomentosa,NA,2026-08-11,"functional_twig was a Dimensions-project-specific designation per original 2014 documentation, not intended for general use; column removed"
Athanasia trifurcata,Athanasia trifurcata,NA,2026-08-11,"functional_twig was a Dimensions-project-specific designation per original 2014 documentation, not intended for general use; column removed"
Athrixia heterophylla,Athrixia heterophylla,NA,2026-08-11,"functional_twig was a Dimensions-project-specific designation per original 2014 documentation, not intended for general use; column removed"
Aulax cancellata,Aulax cancellata,NA,2026-08-11,"functional_twig was a Dimensions-project-specific designation per original 2014 documentation, not intended for general use; column removed"
Aulax pallasia,Aulax pallasia,NA,2026-08-11,"functional_twig was a Dimensions-project-specific designation per original 2014 documentation, not intended for general use; column removed"
Aulax umbellata,Aulax umbellata,NA,2026-08-11,"functional_twig was a Dimensions-project-specific designation per original 2014 documentation, not intended for general use; column removed"
Azima tetracantha,Azima tetracantha,NA,2026-08-11,"functional_twig was a Dimensions-project-specific designation per original 2014 documentation, not intended for general use; column removed"
Babiana ambigua,Babiana ambigua,NA,2026-08-11,"functional_twig was a Dimensions-project-specific designation per original 2014 documentation, not intended for general use; column removed"
Babiana sambucina,Babiana sambucina,NA,2026-08-11,"functional_twig was a Dimensions-project-specific designation per original 2014 documentation, not intended for general use; column removed"
Babiana villosula,Babiana villosula,NA,2026-08-11,"functional_twig was a Dimensions-project-specific designation per original 2014 documentation, not intended for general use; column removed"
Barleria obtusa,Barleria obtusa,NA,2026-08-11,"functional_twig was a Dimensions-project-specific designation per original 2014 documentation, not intended for general use; column removed"
Berkheya barbata,Berkheya barbata,NA,2026-08-11,"functional_twig was a Dimensions-project-specific designation per original 2014 documentation, not intended for general use; column removed"
Berkheya cruciata,Berkheya cruciata,NA,2026-08-11,"functional_twig was a Dimensions-project-specific designation per original 2014 documentation, not intended for general use; column removed"
Berzelia abrotanoides,Berzelia abrotanoides,NA,2026-08-11,"functional_twig was a Dimensions-project-specific designation per original 2014 documentation, not intended for general use; column removed"
Berzelia albiflora,Brunia albiflora,NA,2026-08-11,"functional_twig was a Dimensions-project-specific designation per original 2014 documentation, not intended for general use; column removed"
Berzelia alopecuroides,Brunia alopecuroides,NA,2026-08-11,"functional_twig was a Dimensions-project-specific designation per original 2014 documentation, not intended for general use; column removed"
Berzelia burchellii,Berzelia burchellii,NA,2026-08-11,"functional_twig was a Dimensions-project-specific designation per original 2014 documentation, not intended for general use; column removed"
Berzelia dregeana,Berzelia dregeana,NA,2026-08-11,"functional_twig was a Dimensions-project-specific designation per original 2014 documentation, not intended for general use; column removed"
Berzelia ecklonii,Berzelia ecklonii,NA,2026-08-11,"functional_twig was a Dimensions-project-specific designation per original 2014 documentation, not intended for general use; column removed"
Berzelia galpinii,Berzelia galpinii,NA,2026-08-11,"functional_twig was a Dimensions-project-specific designation per original 2014 documentation, not intended for general use; column removed"
Berzelia intermedia,Berzelia intermedia,NA,2026-08-11,"functional_twig was a Dimensions-project-specific designation per original 2014 documentation, not intended for general use; column removed"
Berzelia lanuginosa,Berzelia lanuginosa,NA,2026-08-11,"functional_twig was a Dimensions-project-specific designation per original 2014 documentation, not intended for general use; column removed"
Berzelia stokoei,Brunia stokoei,NA,2026-08-11,"functional_twig was a Dimensions-project-specific designation per original 2014 documentation, not intended for general use; column removed"
Blechnum capense,Blechnum capense,NA,2026-08-11,"functional_twig was a Dimensions-project-specific designation per original 2014 documentation, not intended for general use; column removed"
Blechnum punctulatum,Blechnum punctulatum,NA,2026-08-11,"functional_twig was a Dimensions-project-specific designation per original 2014 documentation, not intended for general use; column removed"
Blechnum tabulare,Blechnum tabulare,NA,2026-08-11,"functional_twig was a Dimensions-project-specific designation per original 2014 documentation, not intended for general use; column removed"
Blepharis capensis,Blepharis capensis,NA,2026-08-11,"functional_twig was a Dimensions-project-specific designation per original 2014 documentation, not intended for general use; column removed"
Bobartia filiformis,Bobartia filiformis,NA,2026-08-11,"functional_twig was a Dimensions-project-specific designation per original 2014 documentation, not intended for general use; column removed"
Bobartia gladiata,Bobartia gladiata,no,2026-08-11,"functional_twig was a Dimensions-project-specific designation per original 2014 documentation, not intended for general use; column removed"
Bobartia indica,Bobartia indica,mixed,2026-08-11,"functional_twig was a Dimensions-project-specific designation per original 2014 documentation, not intended for general use; column removed"
Bobartia macrocarpa,Bobartia macrocarpa,NA,2026-08-11,"functional_twig was a Dimensions-project-specific designation per original 2014 documentation, not intended for general use; column removed"
Bobartia macrospatha,Bobartia macrospatha,no,2026-08-11,"functional_twig was a Dimensions-project-specific designation per original 2014 documentation, not intended for general use; column removed"
Bobartia orientalis,Bobartia orientalis,NA,2026-08-11,"functional_twig was a Dimensions-project-specific designation per original 2014 documentation, not intended for general use; column removed"
Bobartia parva,Bobartia parva,NA,2026-08-11,"functional_twig was a Dimensions-project-specific designation per original 2014 documentation, not intended for general use; column removed"
Bobartia rufa,Bobartia rufa,no,2026-08-11,"functional_twig was a Dimensions-project-specific designation per original 2014 documentation, not intended for general use; column removed"
Bolusafra bituminosa,Bolusafra bituminosa,NA,2026-08-11,"functional_twig was a Dimensions-project-specific designation per original 2014 documentation, not intended for general use; column removed"
Boophone disticha,Boophone disticha,NA,2026-08-11,"functional_twig was a Dimensions-project-specific designation per original 2014 documentation, not intended for general use; column removed"
Boscia oleoides,Boscia oleoides,NA,2026-08-11,"functional_twig was a Dimensions-project-specific designation per original 2014 documentation, not intended for general use; column removed"
Brabejum stellatifolium,Brabejum stellatifolium,NA,2026-08-11,"functional_twig was a Dimensions-project-specific designation per original 2014 documentation, not intended for general use; column removed"
Brachiaria serrata,Brachiaria serrata,NA,2026-08-11,"functional_twig was a Dimensions-project-specific designation per original 2014 documentation, not intended for general use; column removed"
Brachylaena neriifolia,Brachylaena neriifolia,NA,2026-08-11,"functional_twig was a Dimensions-project-specific designation per original 2014 documentation, not intended for general use; column removed"
Brunia fragarioides,Nebelia fragarioides,NA,2026-08-11,"functional_twig was a Dimensions-project-specific designation per original 2014 documentation, not intended for general use; column removed"
Brunia laevis,Brunia laevis,NA,2026-08-11,"functional_twig was a Dimensions-project-specific designation per original 2014 documentation, not intended for general use; column removed"
Brunia microphylla,Raspalia microphylla,NA,2026-08-11,"functional_twig was a Dimensions-project-specific designation per original 2014 documentation, not intended for general use; column removed"
Brunia noduliflora,Brunia nodiflora,NA,2026-08-11,"functional_twig was a Dimensions-project-specific designation per original 2014 documentation, not intended for general use; column removed"
Brunia paleacea,Nebelia paleacea,NA,2026-08-11,"functional_twig was a Dimensions-project-specific designation per original 2014 documentation, not intended for general use; column removed"
Brunia virgata,Raspalia virgata,NA,2026-08-11,"functional_twig was a Dimensions-project-specific designation per original 2014 documentation, not intended for general use; column removed"
Buddleja saligna,Buddleja saligna,NA,2026-08-11,"functional_twig was a Dimensions-project-specific designation per original 2014 documentation, not intended for general use; column removed"
Bulbine abyssinica,Bulbine abyssinica,NA,2026-08-11,"functional_twig was a Dimensions-project-specific designation per original 2014 documentation, not intended for general use; column removed"
Bulbine alooides,Bulbine alooides,NA,2026-08-11,"functional_twig was a Dimensions-project-specific designation per original 2014 documentation, not intended for general use; column removed"
Bulbine cepacea,Bulbine cepacea,NA,2026-08-11,"functional_twig was a Dimensions-project-specific designation per original 2014 documentation, not intended for general use; column removed"
Bulbine frutescens,Bulbine frutescens,NA,2026-08-11,"functional_twig was a Dimensions-project-specific designation per original 2014 documentation, not intended for general use; column removed"
Bulbine lagopus,Bulbine lagopus,NA,2026-08-11,"functional_twig was a Dimensions-project-specific designation per original 2014 documentation, not intended for general use; column removed"
Bulbine latifolia,Bulbine latifolia,NA,2026-08-11,"functional_twig was a Dimensions-project-specific designation per original 2014 documentation, not intended for general use; column removed"
Cadaba aphylla,Cadaba aphylla,yes,2026-08-11,"functional_twig was a Dimensions-project-specific designation per original 2014 documentation, not intended for general use; column removed"
Caesia contorta,Caesia contorta,NA,2026-08-11,"functional_twig was a Dimensions-project-specific designation per original 2014 documentation, not intended for general use; column removed"
Calobota cytisoides,Lebeckia cytisoides,NA,2026-08-11,"functional_twig was a Dimensions-project-specific designation per original 2014 documentation, not intended for general use; column removed"
Campylostachys cernua,Campylostachys cernua,NA,2026-08-11,"functional_twig was a Dimensions-project-specific designation per original 2014 documentation, not intended for general use; column removed"
Cannomois grandis,Cannomois grandis,no,2026-08-11,"functional_twig was a Dimensions-project-specific designation per original 2014 documentation, not intended for general use; column removed"
Cannomois parviflora,Cannomois parviflora,no,2026-08-11,"functional_twig was a Dimensions-project-specific designation per original 2014 documentation, not intended for general use; column removed"
Cannomois schlechteri,Cannomois taylorii,no,2026-08-11,"functional_twig was a Dimensions-project-specific designation per original 2014 documentation, not intended for general use; column removed"
Cannomois scirpoides,Cannomois scirpoides,yes,2026-08-11,"functional_twig was a Dimensions-project-specific designation per original 2014 documentation, not intended for general use; column removed"
Cannomois virgata,Cannomois virgata,yes,2026-08-11,"functional_twig was a Dimensions-project-specific designation per original 2014 documentation, not intended for general use; column removed"
Capelio tabularis,Alciope tabularis,NA,2026-08-11,"functional_twig was a Dimensions-project-specific designation per original 2014 documentation, not intended for general use; column removed"
Capelio tomentosa,Alciope lanata,NA,2026-08-11,"functional_twig was a Dimensions-project-specific designation per original 2014 documentation, not intended for general use; column removed"
Capeobolus brevicaulis,Capeobolus brevicaulis,NA,2026-08-11,"functional_twig was a Dimensions-project-specific designation per original 2014 documentation, not intended for general use; column removed"
Capeochloa arundinacea,Merxmuellera arundinacea,NA,2026-08-11,"functional_twig was a Dimensions-project-specific designation per original 2014 documentation, not intended for general use; column removed"
Capeochloa cincta,Merxmuellera cincta,NA,2026-08-11,"functional_twig was a Dimensions-project-specific designation per original 2014 documentation, not intended for general use; column removed"
Capparis sepiaria,Capparis sepiaria,NA,2026-08-11,"functional_twig was a Dimensions-project-specific designation per original 2014 documentation, not intended for general use; column removed"
Carissa bispinosa,Carissa bispinosa,NA,2026-08-11,"functional_twig was a Dimensions-project-specific designation per original 2014 documentation, not intended for general use; column removed"
Carpacoce gigantea,Carpacoce gigantea,NA,2026-08-11,"functional_twig was a Dimensions-project-specific designation per original 2014 documentation, not intended for general use; column removed"
Carpacoce heteromorpha,Carpacoce heteromorpha,NA,2026-08-11,"functional_twig was a Dimensions-project-specific designation per original 2014 documentation, not intended for general use; column removed"
Carpacoce spermacocea,Carpacoce spermacocea,NA,2026-08-11,"functional_twig was a Dimensions-project-specific designation per original 2014 documentation, not intended for general use; column removed"
Carpacoce vaginellata,Carpacoce vaginellata,NA,2026-08-11,"functional_twig was a Dimensions-project-specific designation per original 2014 documentation, not intended for general use; column removed"
Carpha glomerata,Carpha glomerata,NA,2026-08-11,"functional_twig was a Dimensions-project-specific designation per original 2014 documentation, not intended for general use; column removed"
Carpobrotus acinaciformis,Carpobrotus acinaciformis,NA,2026-08-11,"functional_twig was a Dimensions-project-specific designation per original 2014 documentation, not intended for general use; column removed"
Carpobrotus edulis,Carpobrotus edulis,NA,2026-08-11,"functional_twig was a Dimensions-project-specific designation per original 2014 documentation, not intended for general use; column removed"
Cassine peragua,Cassine peragua,NA,2026-08-11,"functional_twig was a Dimensions-project-specific designation per original 2014 documentation, not intended for general use; column removed"
Cassine schinoides,Cassine schinoides,NA,2026-08-11,"functional_twig was a Dimensions-project-specific designation per original 2014 documentation, not intended for general use; column removed"
Cassytha ciliolata,Cassytha ciliolata,NA,2026-08-11,"functional_twig was a Dimensions-project-specific designation per original 2014 documentation, not intended for general use; column removed"
Cassytha filiformis,Cassytha filiformis,NA,2026-08-11,"functional_twig was a Dimensions-project-specific designation per original 2014 documentation, not intended for general use; column removed"
Celtis africana,Celtis africana,NA,2026-08-11,"functional_twig was a Dimensions-project-specific designation per original 2014 documentation, not intended for general use; column removed"
Cenchrus ciliaris,Cenchrus ciliaris,NA,2026-08-11,"functional_twig was a Dimensions-project-specific designation per original 2014 documentation, not intended for general use; column removed"
Centella affinis,Centella affinis,NA,2026-08-11,"functional_twig was a Dimensions-project-specific designation per original 2014 documentation, not intended for general use; column removed"
Centella cochlearia,Centella recticarpa,NA,2026-08-11,"functional_twig was a Dimensions-project-specific designation per original 2014 documentation, not intended for general use; column removed"
Centella difformis,Centella difformis,NA,2026-08-11,"functional_twig was a Dimensions-project-specific designation per original 2014 documentation, not intended for general use; column removed"
Centella glabrata,Centella glabrata,NA,2026-08-11,"functional_twig was a Dimensions-project-specific designation per original 2014 documentation, not intended for general use; column removed"
Centella lanata,Centella lanata,NA,2026-08-11,"functional_twig was a Dimensions-project-specific designation per original 2014 documentation, not intended for general use; column removed"
Centella lasiophylla,Centella lasiophylla,NA,2026-08-11,"functional_twig was a Dimensions-project-specific designation per original 2014 documentation, not intended for general use; column removed"
Centella linifolia,Centella linifolia,NA,2026-08-11,"functional_twig was a Dimensions-project-specific designation per original 2014 documentation, not intended for general use; column removed"
Centella macrocarpa,Centella macrocarpa,NA,2026-08-11,"functional_twig was a Dimensions-project-specific designation per original 2014 documentation, not intended for general use; column removed"
Centella montana,Centella montana,NA,2026-08-11,"functional_twig was a Dimensions-project-specific designation per original 2014 documentation, not intended for general use; column removed"
Centella restioides,Centella restioides,NA,2026-08-11,"functional_twig was a Dimensions-project-specific designation per original 2014 documentation, not intended for general use; column removed"
Centella sessilis,Centella sessilis,NA,2026-08-11,"functional_twig was a Dimensions-project-specific designation per original 2014 documentation, not intended for general use; column removed"
Centella stenophylla,Centella stenophylla,NA,2026-08-11,"functional_twig was a Dimensions-project-specific designation per original 2014 documentation, not intended for general use; column removed"
Centella tridentata,Centella tridentata,NA,2026-08-11,"functional_twig was a Dimensions-project-specific designation per original 2014 documentation, not intended for general use; column removed"
Centella triloba,Centella triloba,NA,2026-08-11,"functional_twig was a Dimensions-project-specific designation per original 2014 documentation, not intended for general use; column removed"
Centella villosa,Centella villosa,NA,2026-08-11,"functional_twig was a Dimensions-project-specific designation per original 2014 documentation, not intended for general use; column removed"
Centella virgata,Centella virgata,NA,2026-08-11,"functional_twig was a Dimensions-project-specific designation per original 2014 documentation, not intended for general use; column removed"
Cephalaria humilis,Cephalaria humilis,NA,2026-08-11,"functional_twig was a Dimensions-project-specific designation per original 2014 documentation, not intended for general use; column removed"
Ceratocaryum argenteum,Ceratocaryum argenteum,NA,2026-08-11,"functional_twig was a Dimensions-project-specific designation per original 2014 documentation, not intended for general use; column removed"
Ceratocaryum decipiens,Ceratocaryum decipiens,NA,2026-08-11,"functional_twig was a Dimensions-project-specific designation per original 2014 documentation, not intended for general use; column removed"
Chaenostoma denudatum,Sutera denudata,NA,2026-08-11,"functional_twig was a Dimensions-project-specific designation per original 2014 documentation, not intended for general use; column removed"
Chaenostoma hispidum,Sutera hispida,NA,2026-08-11,"functional_twig was a Dimensions-project-specific designation per original 2014 documentation, not intended for general use; column removed"
Chaenostoma longipedicellatum,Sutera longipedicellata,NA,2026-08-11,"functional_twig was a Dimensions-project-specific designation per original 2014 documentation, not intended for general use; column removed"
Chamarea capensis,Chamarea capensis,NA,2026-08-11,"functional_twig was a Dimensions-project-specific designation per original 2014 documentation, not intended for general use; column removed"
Chamarea gracillima,Chamarea gracillima,NA,2026-08-11,"functional_twig was a Dimensions-project-specific designation per original 2014 documentation, not intended for general use; column removed"
Chascanum cuneifolium,Chascanum cuneifolium,NA,2026-08-11,"functional_twig was a Dimensions-project-specific designation per original 2014 documentation, not intended for general use; column removed"
Cheilanthes contracta,Cheilanthes contracta,NA,2026-08-11,"functional_twig was a Dimensions-project-specific designation per original 2014 documentation, not intended for general use; column removed"
Cheilanthes induta,Cheilanthes induta,NA,2026-08-11,"functional_twig was a Dimensions-project-specific designation per original 2014 documentation, not intended for general use; column removed"
Cheilanthes involuta,Cheilanthes involuta,NA,2026-08-11,"functional_twig was a Dimensions-project-specific designation per original 2014 documentation, not intended for general use; column removed"
Cheilanthes multifida,Cheilanthes multifida,NA,2026-08-11,"functional_twig was a Dimensions-project-specific designation per original 2014 documentation, not intended for general use; column removed"
Cheilanthes parviloba,Cheilanthes parviloba,NA,2026-08-11,"functional_twig was a Dimensions-project-specific designation per original 2014 documentation, not intended for general use; column removed"
Chenolea diffusa,Chenolea diffusa,NA,2026-08-11,"functional_twig was a Dimensions-project-specific designation per original 2014 documentation, not intended for general use; column removed"
Chironia baccifera,Chironia baccifera,NA,2026-08-11,"functional_twig was a Dimensions-project-specific designation per original 2014 documentation, not intended for general use; column removed"
Chironia decumbens,Chironia decumbens,NA,2026-08-11,"functional_twig was a Dimensions-project-specific designation per original 2014 documentation, not intended for general use; column removed"
Chironia jasminoides,Chironia jasminoides,NA,2026-08-11,"functional_twig was a Dimensions-project-specific designation per original 2014 documentation, not intended for general use; column removed"
Chironia linoides,Chironia linoides,NA,2026-08-11,"functional_twig was a Dimensions-project-specific designation per original 2014 documentation, not intended for general use; column removed"
Chironia melampyrifolia,Chironia melampyrifolia,NA,2026-08-11,"functional_twig was a Dimensions-project-specific designation per original 2014 documentation, not intended for general use; column removed"
Chlorophytum crispum,Chlorophytum crispum,NA,2026-08-11,"functional_twig was a Dimensions-project-specific designation per original 2014 documentation, not intended for general use; column removed"
Chrysitrix capensis,Chrysitrix capensis,yes,2026-08-11,"functional_twig was a Dimensions-project-specific designation per original 2014 documentation, not intended for general use; column removed"
Chrysitrix junciformis,Chrysitrix junciformis,no,2026-08-11,"functional_twig was a Dimensions-project-specific designation per original 2014 documentation, not intended for general use; column removed"
Chrysocoma ciliata,Chrysocoma ciliata,NA,2026-08-11,"functional_twig was a Dimensions-project-specific designation per original 2014 documentation, not intended for general use; column removed"
Chrysocoma coma-aurea,Chrysocoma coma-aurea,NA,2026-08-11,"functional_twig was a Dimensions-project-specific designation per original 2014 documentation, not intended for general use; column removed"
Cineraria geifolia,Cineraria geifolia,NA,2026-08-11,"functional_twig was a Dimensions-project-specific designation per original 2014 documentation, not intended for general use; column removed"
Cineraria lobata,Cineraria lobata,NA,2026-08-11,"functional_twig was a Dimensions-project-specific designation per original 2014 documentation, not intended for general use; column removed"
Cineraria platycarpa,Cineraria platycarpa,NA,2026-08-11,"functional_twig was a Dimensions-project-specific designation per original 2014 documentation, not intended for general use; column removed"
Cineraria saxifraga,Cineraria saxifraga,NA,2026-08-11,"functional_twig was a Dimensions-project-specific designation per original 2014 documentation, not intended for general use; column removed"
Cissampelos capensis,Cissampelos capensis,NA,2026-08-11,"functional_twig was a Dimensions-project-specific designation per original 2014 documentation, not intended for general use; column removed"
Cliffortia atrata,Cliffortia atrata,NA,2026-08-11,"functional_twig was a Dimensions-project-specific designation per original 2014 documentation, not intended for general use; column removed"
Cliffortia baccans,Cliffortia baccans,NA,2026-08-11,"functional_twig was a Dimensions-project-specific designation per original 2014 documentation, not intended for general use; column removed"
Cliffortia burchellii,Cliffortia burchellii,NA,2026-08-11,"functional_twig was a Dimensions-project-specific designation per original 2014 documentation, not intended for general use; column removed"
Cliffortia cervicornu,Cliffortia cervicornu,NA,2026-08-11,"functional_twig was a Dimensions-project-specific designation per original 2014 documentation, not intended for general use; column removed"
Cliffortia complanata,Cliffortia complanata,NA,2026-08-11,"functional_twig was a Dimensions-project-specific designation per original 2014 documentation, not intended for general use; column removed"
Cliffortia densa,Cliffortia densa,NA,2026-08-11,"functional_twig was a Dimensions-project-specific designation per original 2014 documentation, not intended for general use; column removed"
Cliffortia dentata,Cliffortia gracilis,NA,2026-08-11,"functional_twig was a Dimensions-project-specific designation per original 2014 documentation, not intended for general use; column removed"
Cliffortia drepanoides,Cliffortia drepanoides,NA,2026-08-11,"functional_twig was a Dimensions-project-specific designation per original 2014 documentation, not intended for general use; column removed"
Cliffortia falcata,Cliffortia falcata,NA,2026-08-11,"functional_twig was a Dimensions-project-specific designation per original 2014 documentation, not intended for general use; column removed"
Cliffortia ferruginea,Cliffortia ferruginea,NA,2026-08-11,"functional_twig was a Dimensions-project-specific designation per original 2014 documentation, not intended for general use; column removed"
Cliffortia filicaulis,Cliffortia filicaulis,NA,2026-08-11,"functional_twig was a Dimensions-project-specific designation per original 2014 documentation, not intended for general use; column removed"
Cliffortia filifolia,Cliffortia filifolia,NA,2026-08-11,"functional_twig was a Dimensions-project-specific designation per original 2014 documentation, not intended for general use; column removed"
Cliffortia glauca,Cliffortia glauca,NA,2026-08-11,"functional_twig was a Dimensions-project-specific designation per original 2014 documentation, not intended for general use; column removed"
Cliffortia graminea,Cliffortia graminea,NA,2026-08-11,"functional_twig was a Dimensions-project-specific designation per original 2014 documentation, not intended for general use; column removed"
Cliffortia heterophylla,Cliffortia heterophylla,NA,2026-08-11,"functional_twig was a Dimensions-project-specific designation per original 2014 documentation, not intended for general use; column removed"
Cliffortia hexandra,Cliffortia hexandra,NA,2026-08-11,"functional_twig was a Dimensions-project-specific designation per original 2014 documentation, not intended for general use; column removed"
Cliffortia hirsuta,Cliffortia hirsuta,NA,2026-08-11,"functional_twig was a Dimensions-project-specific designation per original 2014 documentation, not intended for general use; column removed"
Cliffortia ilicifolia,Cliffortia ilicifolia,NA,2026-08-11,"functional_twig was a Dimensions-project-specific designation per original 2014 documentation, not intended for general use; column removed"
Cliffortia linearifolia,Cliffortia linearifolia,NA,2026-08-11,"functional_twig was a Dimensions-project-specific designation per original 2014 documentation, not intended for general use; column removed"
Cliffortia neglecta,Cliffortia neglecta,NA,2026-08-11,"functional_twig was a Dimensions-project-specific designation per original 2014 documentation, not intended for general use; column removed"
Cliffortia obcordata,Cliffortia obcordata,NA,2026-08-11,"functional_twig was a Dimensions-project-specific designation per original 2014 documentation, not intended for general use; column removed"
Cliffortia odorata,Cliffortia discolor,NA,2026-08-11,"functional_twig was a Dimensions-project-specific designation per original 2014 documentation, not intended for general use; column removed"
Cliffortia paucistaminea,Cliffortia paucistaminea,NA,2026-08-11,"functional_twig was a Dimensions-project-specific designation per original 2014 documentation, not intended for general use; column removed"
Cliffortia polita,Cliffortia polita,NA,2026-08-11,"functional_twig was a Dimensions-project-specific designation per original 2014 documentation, not intended for general use; column removed"
Cliffortia polygonifolia,Cliffortia polygonifolia,NA,2026-08-11,"functional_twig was a Dimensions-project-specific designation per original 2014 documentation, not intended for general use; column removed"
Cliffortia pterocarpa,Cliffortia pterocarpa,NA,2026-08-11,"functional_twig was a Dimensions-project-specific designation per original 2014 documentation, not intended for general use; column removed"
Cliffortia pulchella,Cliffortia pulchella,NA,2026-08-11,"functional_twig was a Dimensions-project-specific designation per original 2014 documentation, not intended for general use; column removed"
Cliffortia ruscifolia,Cliffortia ruscifolia,NA,2026-08-11,"functional_twig was a Dimensions-project-specific designation per original 2014 documentation, not intended for general use; column removed"
Cliffortia sericea,Cliffortia sericea,NA,2026-08-11,"functional_twig was a Dimensions-project-specific designation per original 2014 documentation, not intended for general use; column removed"
Cliffortia serpyllifolia,Cliffortia serpyllifolia,NA,2026-08-11,"functional_twig was a Dimensions-project-specific designation per original 2014 documentation, not intended for general use; column removed"
Cliffortia stricta,Cliffortia stricta,NA,2026-08-11,"functional_twig was a Dimensions-project-specific designation per original 2014 documentation, not intended for general use; column removed"
Cliffortia strobilifera,Cliffortia strobilifera,NA,2026-08-11,"functional_twig was a Dimensions-project-specific designation per original 2014 documentation, not intended for general use; column removed"
Cliffortia subdura,Cliffortia subdura,NA,2026-08-11,"functional_twig was a Dimensions-project-specific designation per original 2014 documentation, not intended for general use; column removed"
Cliffortia subsetacea,Cliffortia subsetacea,NA,2026-08-11,"functional_twig was a Dimensions-project-specific designation per original 2014 documentation, not intended for general use; column removed"
Cliffortia teretifolia,Cliffortia teretifolia,NA,2026-08-11,"functional_twig was a Dimensions-project-specific designation per original 2014 documentation, not intended for general use; column removed"
Cliffortia triloba,Cliffortia triloba,NA,2026-08-11,"functional_twig was a Dimensions-project-specific designation per original 2014 documentation, not intended for general use; column removed"
Cliffortia tuberculata,Cliffortia tuberculata,NA,2026-08-11,"functional_twig was a Dimensions-project-specific designation per original 2014 documentation, not intended for general use; column removed"
Clutia alaternoides,Clutia alaternoides,NA,2026-08-11,"functional_twig was a Dimensions-project-specific designation per original 2014 documentation, not intended for general use; column removed"
Clutia daphnoides,Clutia daphnoides,NA,2026-08-11,"functional_twig was a Dimensions-project-specific designation per original 2014 documentation, not intended for general use; column removed"
Clutia ericoides,Clutia ericoides,NA,2026-08-11,"functional_twig was a Dimensions-project-specific designation per original 2014 documentation, not intended for general use; column removed"
Clutia laxa,Clutia laxa,NA,2026-08-11,"functional_twig was a Dimensions-project-specific designation per original 2014 documentation, not intended for general use; column removed"
Clutia polifolia,Clutia polifolia,NA,2026-08-11,"functional_twig was a Dimensions-project-specific designation per original 2014 documentation, not intended for general use; column removed"
Clutia polygonoides,Clutia polygonoides,NA,2026-08-11,"functional_twig was a Dimensions-project-specific designation per original 2014 documentation, not intended for general use; column removed"
Clutia pulchella,Clutia pulchella,NA,2026-08-11,"functional_twig was a Dimensions-project-specific designation per original 2014 documentation, not intended for general use; column removed"
Coleonema album,Coleonema album,NA,2026-08-11,"functional_twig was a Dimensions-project-specific designation per original 2014 documentation, not intended for general use; column removed"
Coleonema aspalathoides,Coleonema aspalathoides,NA,2026-08-11,"functional_twig was a Dimensions-project-specific designation per original 2014 documentation, not intended for general use; column removed"
Coleonema juniperinum,Coleonema juniperinum,NA,2026-08-11,"functional_twig was a Dimensions-project-specific designation per original 2014 documentation, not intended for general use; column removed"
Colpoon compressum,Osyris compressa,NA,2026-08-11,"functional_twig was a Dimensions-project-specific designation per original 2014 documentation, not intended for general use; column removed"
Commelina africana,Commelina africana,NA,2026-08-11,"functional_twig was a Dimensions-project-specific designation per original 2014 documentation, not intended for general use; column removed"
Commelina benghalensis,Commelina benghalensis,NA,2026-08-11,"functional_twig was a Dimensions-project-specific designation per original 2014 documentation, not intended for general use; column removed"
Conophytum minusculum,Conophytum minusculum,NA,2026-08-11,"functional_twig was a Dimensions-project-specific designation per original 2014 documentation, not intended for general use; column removed"
Conyza pinnatifida,Conyza pinnatifida,NA,2026-08-11,"functional_twig was a Dimensions-project-specific designation per original 2014 documentation, not intended for general use; column removed"
Corymbium africanum,Corymbium africanum,NA,2026-08-11,"functional_twig was a Dimensions-project-specific designation per original 2014 documentation, not intended for general use; column removed"
Corymbium glabrum,Corymbium glabrum,NA,2026-08-11,"functional_twig was a Dimensions-project-specific designation per original 2014 documentation, not intended for general use; column removed"
Cotula turbinata,Cotula turbinata,NA,2026-08-11,"functional_twig was a Dimensions-project-specific designation per original 2014 documentation, not intended for general use; column removed"
Cotyledon orbiculata,Cotyledon orbiculata,NA,2026-08-11,"functional_twig was a Dimensions-project-specific designation per original 2014 documentation, not intended for general use; column removed"
Cotyledon velutina,Cotyledon velutina,NA,2026-08-11,"functional_twig was a Dimensions-project-specific designation per original 2014 documentation, not intended for general use; column removed"
Cotyledon woodii,Cotyledon woodii,NA,2026-08-11,"functional_twig was a Dimensions-project-specific designation per original 2014 documentation, not intended for general use; column removed"
Crassula arborescens,Crassula arborescens,NA,2026-08-11,"functional_twig was a Dimensions-project-specific designation per original 2014 documentation, not intended for general use; column removed"
Crassula atropurpurea,Crassula atropurpurea,NA,2026-08-11,"functional_twig was a Dimensions-project-specific designation per original 2014 documentation, not intended for general use; column removed"
Crassula biplanata,Crassula biplanata,NA,2026-08-11,"functional_twig was a Dimensions-project-specific designation per original 2014 documentation, not intended for general use; column removed"
Crassula capensis,Crassula capensis,NA,2026-08-11,"functional_twig was a Dimensions-project-specific designation per original 2014 documentation, not intended for general use; column removed"
Crassula capitella,Crassula capitella,NA,2026-08-11,"functional_twig was a Dimensions-project-specific designation per original 2014 documentation, not intended for general use; column removed"
Crassula coccinea,Crassula coccinea,NA,2026-08-11,"functional_twig was a Dimensions-project-specific designation per original 2014 documentation, not intended for general use; column removed"
Crassula cotyledonis,Crassula cotyledonis,NA,2026-08-11,"functional_twig was a Dimensions-project-specific designation per original 2014 documentation, not intended for general use; column removed"
Crassula cultrata,Crassula cultrata,NA,2026-08-11,"functional_twig was a Dimensions-project-specific designation per original 2014 documentation, not intended for general use; column removed"
Crassula cymosa,Crassula cymosa,NA,2026-08-11,"functional_twig was a Dimensions-project-specific designation per original 2014 documentation, not intended for general use; column removed"
Crassula decumbens,Crassula decumbens,NA,2026-08-11,"functional_twig was a Dimensions-project-specific designation per original 2014 documentation, not intended for general use; column removed"
Crassula dejecta,Crassula dejecta,NA,2026-08-11,"functional_twig was a Dimensions-project-specific designation per original 2014 documentation, not intended for general use; column removed"
Crassula dentata,Crassula dentata,NA,2026-08-11,"functional_twig was a Dimensions-project-specific designation per original 2014 documentation, not intended for general use; column removed"
Crassula ericoides,Crassula ericoides,NA,2026-08-11,"functional_twig was a Dimensions-project-specific designation per original 2014 documentation, not intended for general use; column removed"
Crassula expansa,Crassula expansa,NA,2026-08-11,"functional_twig was a Dimensions-project-specific designation per original 2014 documentation, not intended for general use; column removed"
Crassula fascicularis,Crassula fascicularis,NA,2026-08-11,"functional_twig was a Dimensions-project-specific designation per original 2014 documentation, not intended for general use; column removed"
Crassula flava,Crassula flava,NA,2026-08-11,"functional_twig was a Dimensions-project-specific designation per original 2014 documentation, not intended for general use; column removed"
Crassula lactea,Crassula lactea,NA,2026-08-11,"functional_twig was a Dimensions-project-specific designation per original 2014 documentation, not intended for general use; column removed"
Crassula lanceolata,Crassula lanceolata,NA,2026-08-11,"functional_twig was a Dimensions-project-specific designation per original 2014 documentation, not intended for general use; column removed"
Crassula mollis,Crassula mollis,NA,2026-08-11,"functional_twig was a Dimensions-project-specific designation per original 2014 documentation, not intended for general use; column removed"
Crassula muscosa,Crassula muscosa,NA,2026-08-11,"functional_twig was a Dimensions-project-specific designation per original 2014 documentation, not intended for general use; column removed"
Crassula nudicaulis,Crassula nudicaulis,NA,2026-08-11,"functional_twig was a Dimensions-project-specific designation per original 2014 documentation, not intended for general use; column removed"
Crassula obtusa,Crassula obtusa,NA,2026-08-11,"functional_twig was a Dimensions-project-specific designation per original 2014 documentation, not intended for general use; column removed"
Crassula orbicularis,Crassula orbicularis,NA,2026-08-11,"functional_twig was a Dimensions-project-specific designation per original 2014 documentation, not intended for general use; column removed"
Crassula ovata,Crassula ovata,NA,2026-08-11,"functional_twig was a Dimensions-project-specific designation per original 2014 documentation, not intended for general use; column removed"
Crassula pellucida,Crassula pellucida,NA,2026-08-11,"functional_twig was a Dimensions-project-specific designation per original 2014 documentation, not intended for general use; column removed"
Crassula perfoliata,Crassula perfoliata,NA,2026-08-11,"functional_twig was a Dimensions-project-specific designation per original 2014 documentation, not intended for general use; column removed"
Crassula perforata,Crassula perforata,NA,2026-08-11,"functional_twig was a Dimensions-project-specific designation per original 2014 documentation, not intended for general use; column removed"
Crassula pubescens,Crassula pubescens,NA,2026-08-11,"functional_twig was a Dimensions-project-specific designation per original 2014 documentation, not intended for general use; column removed"
Crassula rogersii,Crassula rogersii,NA,2026-08-11,"functional_twig was a Dimensions-project-specific designation per original 2014 documentation, not intended for general use; column removed"
Crassula rupestris,Crassula rupestris,NA,2026-08-11,"functional_twig was a Dimensions-project-specific designation per original 2014 documentation, not intended for general use; column removed"
Crassula saxifraga,Crassula saxifraga,NA,2026-08-11,"functional_twig was a Dimensions-project-specific designation per original 2014 documentation, not intended for general use; column removed"
Crassula sebaeoides,Crassula sebaeoides,NA,2026-08-11,"functional_twig was a Dimensions-project-specific designation per original 2014 documentation, not intended for general use; column removed"
Crassula subulata,Crassula subulata,NA,2026-08-11,"functional_twig was a Dimensions-project-specific designation per original 2014 documentation, not intended for general use; column removed"
Crassula tecta,Crassula tecta,NA,2026-08-11,"functional_twig was a Dimensions-project-specific designation per original 2014 documentation, not intended for general use; column removed"
Crassula tetragona,Crassula tetragona,NA,2026-08-11,"functional_twig was a Dimensions-project-specific designation per original 2014 documentation, not intended for general use; column removed"
Crotalaria capensis,Crotalaria capensis,NA,2026-08-11,"functional_twig was a Dimensions-project-specific designation per original 2014 documentation, not intended for general use; column removed"
Crotalaria lebeckioides,Crotalaria lebeckioides,NA,2026-08-11,"functional_twig was a Dimensions-project-specific designation per original 2014 documentation, not intended for general use; column removed"
Cullumia aculeata,Cullumia aculeata,NA,2026-08-11,"functional_twig was a Dimensions-project-specific designation per original 2014 documentation, not intended for general use; column removed"
Cullumia bisulca,Cullumia bisulca,NA,2026-08-11,"functional_twig was a Dimensions-project-specific designation per original 2014 documentation, not intended for general use; column removed"
Cullumia decurrens,Cullumia decurrens,NA,2026-08-11,"functional_twig was a Dimensions-project-specific designation per original 2014 documentation, not intended for general use; column removed"
Cullumia squarrosa,Cullumia squarrosa,NA,2026-08-11,"functional_twig was a Dimensions-project-specific designation per original 2014 documentation, not intended for general use; column removed"
Cunonia capensis,Cunonia capensis,NA,2026-08-11,"functional_twig was a Dimensions-project-specific designation per original 2014 documentation, not intended for general use; column removed"
Curtisia dentata,Curtisia dentata,NA,2026-08-11,"functional_twig was a Dimensions-project-specific designation per original 2014 documentation, not intended for general use; column removed"
Cuscuta africana,Cuscuta africana,NA,2026-08-11,"functional_twig was a Dimensions-project-specific designation per original 2014 documentation, not intended for general use; column removed"
Cussonia spicata,Cussonia spicata,NA,2026-08-11,"functional_twig was a Dimensions-project-specific designation per original 2014 documentation, not intended for general use; column removed"
Cussonia thyrsiflora,Cussonia thyrsiflora,NA,2026-08-11,"functional_twig was a Dimensions-project-specific designation per original 2014 documentation, not intended for general use; column removed"
Cyanella lutea,Cyanella lutea,NA,2026-08-11,"functional_twig was a Dimensions-project-specific designation per original 2014 documentation, not intended for general use; column removed"
Cyanotis speciosa,Cyanotis speciosa,NA,2026-08-11,"functional_twig was a Dimensions-project-specific designation per original 2014 documentation, not intended for general use; column removed"
Cyathocoma ecklonii,Cyathocoma ecklonii,NA,2026-08-11,"functional_twig was a Dimensions-project-specific designation per original 2014 documentation, not intended for general use; column removed"
Cyclopia bowieana,Cyclopia bowieana,NA,2026-08-11,"functional_twig was a Dimensions-project-specific designation per original 2014 documentation, not intended for general use; column removed"
Cyclopia intermedia,Cyclopia intermedia,NA,2026-08-11,"functional_twig was a Dimensions-project-specific designation per original 2014 documentation, not intended for general use; column removed"
Cyclopia sessiliflora,Cyclopia sessiliflora,NA,2026-08-11,"functional_twig was a Dimensions-project-specific designation per original 2014 documentation, not intended for general use; column removed"
Cyclopia subternata,Cyclopia subternata,NA,2026-08-11,"functional_twig was a Dimensions-project-specific designation per original 2014 documentation, not intended for general use; column removed"
Cymbopogon marginatus,Cymbopogon marginatus,NA,2026-08-11,"functional_twig was a Dimensions-project-specific designation per original 2014 documentation, not intended for general use; column removed"
Cynanchum africanum,Cynanchum africanum,NA,2026-08-11,"functional_twig was a Dimensions-project-specific designation per original 2014 documentation, not intended for general use; column removed"
Cynanchum obtusifolium,Cynanchum obtusifolium,NA,2026-08-11,"functional_twig was a Dimensions-project-specific designation per original 2014 documentation, not intended for general use; column removed"
Cynodon dactylon,Cynodon dactylon,NA,2026-08-11,"functional_twig was a Dimensions-project-specific designation per original 2014 documentation, not intended for general use; column removed"
Cyperus thunbergii,Mariscus thunbergii,NA,2026-08-11,"functional_twig was a Dimensions-project-specific designation per original 2014 documentation, not intended for general use; column removed"
Cyperus uitenhagensis,Mariscus uitenhagensis,NA,2026-08-11,"functional_twig was a Dimensions-project-specific designation per original 2014 documentation, not intended for general use; column removed"
Cyphia angustiloba,Cyphia volubilis,NA,2026-08-11,"functional_twig was a Dimensions-project-specific designation per original 2014 documentation, not intended for general use; column removed"
Cyphia digitata,Cyphia digitata,NA,2026-08-11,"functional_twig was a Dimensions-project-specific designation per original 2014 documentation, not intended for general use; column removed"
Cyphia linarioides,Cyphia bulbosa,NA,2026-08-11,"functional_twig was a Dimensions-project-specific designation per original 2014 documentation, not intended for general use; column removed"
Cyphia undulata,Cyphia undulata,NA,2026-08-11,"functional_twig was a Dimensions-project-specific designation per original 2014 documentation, not intended for general use; column removed"
Cyphia zeyheriana,Cyphia zeyheriana,NA,2026-08-11,"functional_twig was a Dimensions-project-specific designation per original 2014 documentation, not intended for general use; column removed"
Cysticapnos cracca,Cysticapnos cracca,NA,2026-08-11,"functional_twig was a Dimensions-project-specific designation per original 2014 documentation, not intended for general use; column removed"
Dasispermum hispidum,Sonderina hispida,NA,2026-08-11,"functional_twig was a Dimensions-project-specific designation per original 2014 documentation, not intended for general use; column removed"
Delosperma ecklonis,Delosperma ecklonis,NA,2026-08-11,"functional_twig was a Dimensions-project-specific designation per original 2014 documentation, not intended for general use; column removed"
Delosperma multiflorum,Delosperma multiflorum,NA,2026-08-11,"functional_twig was a Dimensions-project-specific designation per original 2014 documentation, not intended for general use; column removed"
Diascia patens,Diascia patens,NA,2026-08-11,"functional_twig was a Dimensions-project-specific designation per original 2014 documentation, not intended for general use; column removed"
Diastella divaricata,Diastella divaricata,NA,2026-08-11,"functional_twig was a Dimensions-project-specific designation per original 2014 documentation, not intended for general use; column removed"
Diastella thymelaeoides,Diastella thymelaeoides,NA,2026-08-11,"functional_twig was a Dimensions-project-specific designation per original 2014 documentation, not intended for general use; column removed"
Didymodoxa capensis,Didymodoxa capensis,NA,2026-08-11,"functional_twig was a Dimensions-project-specific designation per original 2014 documentation, not intended for general use; column removed"
Digitaria eriantha,Digitaria eriantha,NA,2026-08-11,"functional_twig was a Dimensions-project-specific designation per original 2014 documentation, not intended for general use; column removed"
Dilatris corymbosa,Dilatris corymbosa,NA,2026-08-11,"functional_twig was a Dimensions-project-specific designation per original 2014 documentation, not intended for general use; column removed"
Dilatris ixioides,Dilatris ixioides,NA,2026-08-11,"functional_twig was a Dimensions-project-specific designation per original 2014 documentation, not intended for general use; column removed"
Dilatris pillansii,Dilatris pillansii,NA,2026-08-11,"functional_twig was a Dimensions-project-specific designation per original 2014 documentation, not intended for general use; column removed"
Dimorphotheca acutifolia,Dimorphotheca acutifolia,NA,2026-08-11,"functional_twig was a Dimensions-project-specific designation per original 2014 documentation, not intended for general use; column removed"
Dimorphotheca nudicaulis,Dimorphotheca nudicaulis,NA,2026-08-11,"functional_twig was a Dimensions-project-specific designation per original 2014 documentation, not intended for general use; column removed"
Dioscorea elephantipes,Dioscorea elephantipes,NA,2026-08-11,"functional_twig was a Dimensions-project-specific designation per original 2014 documentation, not intended for general use; column removed"
Diosma acmaeophylla,Diosma acmaeophylla,NA,2026-08-11,"functional_twig was a Dimensions-project-specific designation per original 2014 documentation, not intended for general use; column removed"
Diosma hirsuta,Diosma hirsuta,NA,2026-08-11,"functional_twig was a Dimensions-project-specific designation per original 2014 documentation, not intended for general use; column removed"
Diosma meyeriana,Diosma meyeriana,NA,2026-08-11,"functional_twig was a Dimensions-project-specific designation per original 2014 documentation, not intended for general use; column removed"
Diosma oppositifolia,Diosma oppositifolia,NA,2026-08-11,"functional_twig was a Dimensions-project-specific designation per original 2014 documentation, not intended for general use; column removed"
Diosma prama,Diosma prama,NA,2026-08-11,"functional_twig was a Dimensions-project-specific designation per original 2014 documentation, not intended for general use; column removed"
Diosma rourkei,Diosma rourkei,NA,2026-08-11,"functional_twig was a Dimensions-project-specific designation per original 2014 documentation, not intended for general use; column removed"
Diosma tenella,Diosma tenella,NA,2026-08-11,"functional_twig was a Dimensions-project-specific designation per original 2014 documentation, not intended for general use; column removed"
Diospyros austro-africana,Diospyros austro-africana,NA,2026-08-11,"functional_twig was a Dimensions-project-specific designation per original 2014 documentation, not intended for general use; column removed"
Diospyros dichrophylla,Diospyros dichrophylla,NA,2026-08-11,"functional_twig was a Dimensions-project-specific designation per original 2014 documentation, not intended for general use; column removed"
Diospyros glabra,Diospyros glabra,NA,2026-08-11,"functional_twig was a Dimensions-project-specific designation per original 2014 documentation, not intended for general use; column removed"
Diospyros scabrida,Diospyros scabrida,NA,2026-08-11,"functional_twig was a Dimensions-project-specific designation per original 2014 documentation, not intended for general use; column removed"
Diospyros whyteana,Diospyros whyteana,NA,2026-08-11,"functional_twig was a Dimensions-project-specific designation per original 2014 documentation, not intended for general use; column removed"
Disa obliqua,Schizodium obliquum,NA,2026-08-11,"functional_twig was a Dimensions-project-specific designation per original 2014 documentation, not intended for general use; column removed"
Dischisma ciliatum,Dischisma ciliatum,NA,2026-08-11,"functional_twig was a Dimensions-project-specific designation per original 2014 documentation, not intended for general use; column removed"
Disparago anomala,Disparago anomala,NA,2026-08-11,"functional_twig was a Dimensions-project-specific designation per original 2014 documentation, not intended for general use; column removed"
Disparago tortilis,Disparago ericoides,NA,2026-08-11,"functional_twig was a Dimensions-project-specific designation per original 2014 documentation, not intended for general use; column removed"
Disperis capensis,Disperis capensis,NA,2026-08-11,"functional_twig was a Dimensions-project-specific designation per original 2014 documentation, not intended for general use; column removed"
Disperis paludosa,Disperis paludosa,NA,2026-08-11,"functional_twig was a Dimensions-project-specific designation per original 2014 documentation, not intended for general use; column removed"
Dodonaea viscosa,Dodonaea angustifolia,NA,2026-08-11,"functional_twig was a Dimensions-project-specific designation per original 2014 documentation, not intended for general use; column removed"
Dolichothrix ericoides,Dolichothrix ericoides,NA,2026-08-11,"functional_twig was a Dimensions-project-specific designation per original 2014 documentation, not intended for general use; column removed"
Drimia capensis,Drimia capensis,NA,2026-08-11,"functional_twig was a Dimensions-project-specific designation per original 2014 documentation, not intended for general use; column removed"
Drimia intricata,Drimia intricata,NA,2026-08-11,"functional_twig was a Dimensions-project-specific designation per original 2014 documentation, not intended for general use; column removed"
Drosanthemum candens,Drosanthemum candens,NA,2026-08-11,"functional_twig was a Dimensions-project-specific designation per original 2014 documentation, not intended for general use; column removed"
Drosanthemum delicatulum,Drosanthemum delicatulum,NA,2026-08-11,"functional_twig was a Dimensions-project-specific designation per original 2014 documentation, not intended for general use; column removed"
Drosanthemum lique,Drosanthemum lique,NA,2026-08-11,"functional_twig was a Dimensions-project-specific designation per original 2014 documentation, not intended for general use; column removed"
Drosera aliciae,Drosera aliciae,NA,2026-08-11,"functional_twig was a Dimensions-project-specific designation per original 2014 documentation, not intended for general use; column removed"
Drosera glabripes,Drosera glabripes,NA,2026-08-11,"functional_twig was a Dimensions-project-specific designation per original 2014 documentation, not intended for general use; column removed"
Drosera trinervia,Drosera trinervia,NA,2026-08-11,"functional_twig was a Dimensions-project-specific designation per original 2014 documentation, not intended for general use; column removed"
Dyschoriste setigera,Chaetacanthus setiger,NA,2026-08-11,"functional_twig was a Dimensions-project-specific designation per original 2014 documentation, not intended for general use; column removed"
Edmondia pinifolia,Edmondia pinifolia,NA,2026-08-11,"functional_twig was a Dimensions-project-specific designation per original 2014 documentation, not intended for general use; column removed"
Edmondia sesamoides,Edmondia sesamoides,NA,2026-08-11,"functional_twig was a Dimensions-project-specific designation per original 2014 documentation, not intended for general use; column removed"
Ehretia rigida,Ehretia rigida,NA,2026-08-11,"functional_twig was a Dimensions-project-specific designation per original 2014 documentation, not intended for general use; column removed"
Ehrharta brevifolia,Ehrharta brevifolia,NA,2026-08-11,"functional_twig was a Dimensions-project-specific designation per original 2014 documentation, not intended for general use; column removed"
Ehrharta bulbosa,Ehrharta bulbosa,yes,2026-08-11,"functional_twig was a Dimensions-project-specific designation per original 2014 documentation, not intended for general use; column removed"
Ehrharta calycina,Ehrharta calycina,yes,2026-08-11,"functional_twig was a Dimensions-project-specific designation per original 2014 documentation, not intended for general use; column removed"
Ehrharta capensis,Ehrharta capensis,NA,2026-08-11,"functional_twig was a Dimensions-project-specific designation per original 2014 documentation, not intended for general use; column removed"
Ehrharta dura,Ehrharta dura,yes,2026-08-11,"functional_twig was a Dimensions-project-specific designation per original 2014 documentation, not intended for general use; column removed"
Ehrharta ramosa,Ehrharta ramosa,mixed,2026-08-11,"functional_twig was a Dimensions-project-specific designation per original 2014 documentation, not intended for general use; column removed"
Ehrharta rehmannii,Ehrharta rehmannii,NA,2026-08-11,"functional_twig was a Dimensions-project-specific designation per original 2014 documentation, not intended for general use; column removed"
Ehrharta rupestris,Ehrharta rupestris,NA,2026-08-11,"functional_twig was a Dimensions-project-specific designation per original 2014 documentation, not intended for general use; column removed"
Ehrharta setacea,Ehrharta setacea,yes,2026-08-11,"functional_twig was a Dimensions-project-specific designation per original 2014 documentation, not intended for general use; column removed"
Ehrharta villosa,Ehrharta villosa,no,2026-08-11,"functional_twig was a Dimensions-project-specific designation per original 2014 documentation, not intended for general use; column removed"
Elaphoglossum angustatum,Elaphoglossum angustatum,NA,2026-08-11,"functional_twig was a Dimensions-project-specific designation per original 2014 documentation, not intended for general use; column removed"
Elegia capensis,Elegia capensis,yes,2026-08-11,"functional_twig was a Dimensions-project-specific designation per original 2014 documentation, not intended for general use; column removed"
Elegia cuspidata,Elegia cuspidata,no,2026-08-11,"functional_twig was a Dimensions-project-specific designation per original 2014 documentation, not intended for general use; column removed"
Elegia deustum,Chondropetalum deustum,NA,2026-08-11,"functional_twig was a Dimensions-project-specific designation per original 2014 documentation, not intended for general use; column removed"
Elegia dregeana,Elegia asperiflora,no,2026-08-11,"functional_twig was a Dimensions-project-specific designation per original 2014 documentation, not intended for general use; column removed"
Elegia ebracteata,Chondropetalum ebracteatum,no,2026-08-11,"functional_twig was a Dimensions-project-specific designation per original 2014 documentation, not intended for general use; column removed"
Elegia equisetacea,Elegia equisetacea,yes,2026-08-11,"functional_twig was a Dimensions-project-specific designation per original 2014 documentation, not intended for general use; column removed"
Elegia filacea,Elegia filacea,no,2026-08-11,"functional_twig was a Dimensions-project-specific designation per original 2014 documentation, not intended for general use; column removed"
Elegia fistulosa,Elegia fistulosa,NA,2026-08-11,"functional_twig was a Dimensions-project-specific designation per original 2014 documentation, not intended for general use; column removed"
Elegia galpinii,Elegia galpinii,no,2026-08-11,"functional_twig was a Dimensions-project-specific designation per original 2014 documentation, not intended for general use; column removed"
Elegia hookeriana,Elegia hookeriana,no,2026-08-11,"functional_twig was a Dimensions-project-specific designation per original 2014 documentation, not intended for general use; column removed"
Elegia juncea,Elegia juncea,yes,2026-08-11,"functional_twig was a Dimensions-project-specific designation per original 2014 documentation, not intended for general use; column removed"
Elegia microcarpa,Chondropetalum microcarpum,no,2026-08-11,"functional_twig was a Dimensions-project-specific designation per original 2014 documentation, not intended for general use; column removed"
Elegia mucronata,Chondropetalum mucronatum,no,2026-08-11,"functional_twig was a Dimensions-project-specific designation per original 2014 documentation, not intended for general use; column removed"
Elegia neesii,Elegia neesii,no,2026-08-11,"functional_twig was a Dimensions-project-specific designation per original 2014 documentation, not intended for general use; column removed"
Elegia nuda,Chondropetalum nudum,no,2026-08-11,"functional_twig was a Dimensions-project-specific designation per original 2014 documentation, not intended for general use; column removed"
Elegia persistens,Elegia persistens,no,2026-08-11,"functional_twig was a Dimensions-project-specific designation per original 2014 documentation, not intended for general use; column removed"
Elegia racemosa,Elegia racemosa,no,2026-08-11,"functional_twig was a Dimensions-project-specific designation per original 2014 documentation, not intended for general use; column removed"
Elegia spathacea,Elegia spathacea,no,2026-08-11,"functional_twig was a Dimensions-project-specific designation per original 2014 documentation, not intended for general use; column removed"
Elegia stipularis,Elegia stipularis,no,2026-08-11,"functional_twig was a Dimensions-project-specific designation per original 2014 documentation, not intended for general use; column removed"
Elegia tectorum,Chondropetalum tectorum,no,2026-08-11,"functional_twig was a Dimensions-project-specific designation per original 2014 documentation, not intended for general use; column removed"
Elegia thyrsifera,Elegia thyrsifera,no,2026-08-11,"functional_twig was a Dimensions-project-specific designation per original 2014 documentation, not intended for general use; column removed"
Elegia vaginulata,Elegia vaginulata,mixed,2026-08-11,"functional_twig was a Dimensions-project-specific designation per original 2014 documentation, not intended for general use; column removed"
Elytropappus adpressus,Elytropappus adpressus,NA,2026-08-11,"functional_twig was a Dimensions-project-specific designation per original 2014 documentation, not intended for general use; column removed"
Elytropappus glandulosus,Elytropappus glandulosus,NA,2026-08-11,"functional_twig was a Dimensions-project-specific designation per original 2014 documentation, not intended for general use; column removed"
Elytropappus gnaphaloides,Elytropappus gnaphaloides,NA,2026-08-11,"functional_twig was a Dimensions-project-specific designation per original 2014 documentation, not intended for general use; column removed"
Elytropappus intricata,Elytropappus intricata,no,2026-08-11,"functional_twig was a Dimensions-project-specific designation per original 2014 documentation, not intended for general use; column removed"
Elytropappus longifolius,Elytropappus longifolius,NA,2026-08-11,"functional_twig was a Dimensions-project-specific designation per original 2014 documentation, not intended for general use; column removed"
Elytropappus rhinocerotis,Elytropappus rhinocerotis,NA,2026-08-11,"functional_twig was a Dimensions-project-specific designation per original 2014 documentation, not intended for general use; column removed"
Elytropappus scaber,Elytropappus scaber,NA,2026-08-11,"functional_twig was a Dimensions-project-specific designation per original 2014 documentation, not intended for general use; column removed"
Enneapogon scoparius,Enneapogon scoparius,NA,2026-08-11,"functional_twig was a Dimensions-project-specific designation per original 2014 documentation, not intended for general use; column removed"
Epischoenus adnatus,Epischoenus adnatus,NA,2026-08-11,"functional_twig was a Dimensions-project-specific designation per original 2014 documentation, not intended for general use; column removed"
Epischoenus gracilis,Epischoenus gracilis,no,2026-08-11,"functional_twig was a Dimensions-project-specific designation per original 2014 documentation, not intended for general use; column removed"
Epischoenus quadrangularis,Epischoenus quadrangularis,no,2026-08-11,"functional_twig was a Dimensions-project-specific designation per original 2014 documentation, not intended for general use; column removed"
Eragrostis capensis,Eragrostis capensis,NA,2026-08-11,"functional_twig was a Dimensions-project-specific designation per original 2014 documentation, not intended for general use; column removed"
Eragrostis curvula,Eragrostis curvula,NA,2026-08-11,"functional_twig was a Dimensions-project-specific designation per original 2014 documentation, not intended for general use; column removed"
Eragrostis obtusa,Eragrostis obtusa,NA,2026-08-11,"functional_twig was a Dimensions-project-specific designation per original 2014 documentation, not intended for general use; column removed"
Eragrostis plana,Eragrostis plana,NA,2026-08-11,"functional_twig was a Dimensions-project-specific designation per original 2014 documentation, not intended for general use; column removed"
Eragrostis racemosa,Eragrostis racemosa,NA,2026-08-11,"functional_twig was a Dimensions-project-specific designation per original 2014 documentation, not intended for general use; column removed"
Eragrostis sabulosa,Eragrostis sabulosa,NA,2026-08-11,"functional_twig was a Dimensions-project-specific designation per original 2014 documentation, not intended for general use; column removed"
Erepsia anceps,Erepsia anceps,NA,2026-08-11,"functional_twig was a Dimensions-project-specific designation per original 2014 documentation, not intended for general use; column removed"
Erepsia aspera,Erepsia aspera,NA,2026-08-11,"functional_twig was a Dimensions-project-specific designation per original 2014 documentation, not intended for general use; column removed"
Erepsia bracteata,Erepsia bracteata,NA,2026-08-11,"functional_twig was a Dimensions-project-specific designation per original 2014 documentation, not intended for general use; column removed"
Erepsia distans,Erepsia distans,NA,2026-08-11,"functional_twig was a Dimensions-project-specific designation per original 2014 documentation, not intended for general use; column removed"
Erepsia promontorii,Erepsia promontorii,NA,2026-08-11,"functional_twig was a Dimensions-project-specific designation per original 2014 documentation, not intended for general use; column removed"
Erepsia saturata,Erepsia saturata,NA,2026-08-11,"functional_twig was a Dimensions-project-specific designation per original 2014 documentation, not intended for general use; column removed"
Erica abietina,Erica abietina,NA,2026-08-11,"functional_twig was a Dimensions-project-specific designation per original 2014 documentation, not intended for general use; column removed"
Erica affinis,Erica affinis,NA,2026-08-11,"functional_twig was a Dimensions-project-specific designation per original 2014 documentation, not intended for general use; column removed"
Erica albens,Erica albens,NA,2026-08-11,"functional_twig was a Dimensions-project-specific designation per original 2014 documentation, not intended for general use; column removed"
Erica amphigena,Erica amphigena,NA,2026-08-11,"functional_twig was a Dimensions-project-specific designation per original 2014 documentation, not intended for general use; column removed"
Erica anguliger,Erica anguliger,NA,2026-08-11,"functional_twig was a Dimensions-project-specific designation per original 2014 documentation, not intended for general use; column removed"
Erica angulosa,Erica angulosa,NA,2026-08-11,"functional_twig was a Dimensions-project-specific designation per original 2014 documentation, not intended for general use; column removed"
Erica ardens,Erica ardens,NA,2026-08-11,"functional_twig was a Dimensions-project-specific designation per original 2014 documentation, not intended for general use; column removed"
Erica areolata,Erica areolata,NA,2026-08-11,"functional_twig was a Dimensions-project-specific designation per original 2014 documentation, not intended for general use; column removed"
Erica articularis,Erica articularis,NA,2026-08-11,"functional_twig was a Dimensions-project-specific designation per original 2014 documentation, not intended for general use; column removed"
Erica atropurpurea,Erica atropurpurea,NA,2026-08-11,"functional_twig was a Dimensions-project-specific designation per original 2014 documentation, not intended for general use; column removed"
Erica axillaris,Erica axillaris,NA,2026-08-11,"functional_twig was a Dimensions-project-specific designation per original 2014 documentation, not intended for general use; column removed"
Erica azaleifolia,Erica azaleifolia,NA,2026-08-11,"functional_twig was a Dimensions-project-specific designation per original 2014 documentation, not intended for general use; column removed"
Erica banksii,Erica comptonii,NA,2026-08-11,"functional_twig was a Dimensions-project-specific designation per original 2014 documentation, not intended for general use; column removed"
Erica blenna,Erica blenna,NA,2026-08-11,"functional_twig was a Dimensions-project-specific designation per original 2014 documentation, not intended for general use; column removed"
Erica bolusanthus,Erica bolusanthus,NA,2026-08-11,"functional_twig was a Dimensions-project-specific designation per original 2014 documentation, not intended for general use; column removed"
Erica brachialis,Erica brachialis,NA,2026-08-11,"functional_twig was a Dimensions-project-specific designation per original 2014 documentation, not intended for general use; column removed"
Erica bracteolaris,Erica bracteolaris,NA,2026-08-11,"functional_twig was a Dimensions-project-specific designation per original 2014 documentation, not intended for general use; column removed"
Erica brevicaulis,Erica brevicaulis,NA,2026-08-11,"functional_twig was a Dimensions-project-specific designation per original 2014 documentation, not intended for general use; column removed"
Erica bruniades,Erica bruniades,NA,2026-08-11,"functional_twig was a Dimensions-project-specific designation per original 2014 documentation, not intended for general use; column removed"
Erica caffra,Erica caffra,NA,2026-08-11,"functional_twig was a Dimensions-project-specific designation per original 2014 documentation, not intended for general use; column removed"
Erica calycina,Erica langebergensis,NA,2026-08-11,"functional_twig was a Dimensions-project-specific designation per original 2014 documentation, not intended for general use; column removed"
Erica capensis,Erica capensis,NA,2026-08-11,"functional_twig was a Dimensions-project-specific designation per original 2014 documentation, not intended for general use; column removed"
Erica capillaris,Erica capillaris,NA,2026-08-11,"functional_twig was a Dimensions-project-specific designation per original 2014 documentation, not intended for general use; column removed"
Erica carduifolia,Erica carduifolia,NA,2026-08-11,"functional_twig was a Dimensions-project-specific designation per original 2014 documentation, not intended for general use; column removed"
Erica cerinthoides,Erica cerinthoides,NA,2026-08-11,"functional_twig was a Dimensions-project-specific designation per original 2014 documentation, not intended for general use; column removed"
Erica chamissonis,Erica chamissonis,NA,2026-08-11,"functional_twig was a Dimensions-project-specific designation per original 2014 documentation, not intended for general use; column removed"
Erica clavisepala,Erica clavisepala,NA,2026-08-11,"functional_twig was a Dimensions-project-specific designation per original 2014 documentation, not intended for general use; column removed"
Erica coarctata,Erica coarctata,NA,2026-08-11,"functional_twig was a Dimensions-project-specific designation per original 2014 documentation, not intended for general use; column removed"
Erica coccinea,Erica coccinea,NA,2026-08-11,"functional_twig was a Dimensions-project-specific designation per original 2014 documentation, not intended for general use; column removed"
Erica condensata,Erica condensata,NA,2026-08-11,"functional_twig was a Dimensions-project-specific designation per original 2014 documentation, not intended for general use; column removed"
Erica conferta,Erica conferta,NA,2026-08-11,"functional_twig was a Dimensions-project-specific designation per original 2014 documentation, not intended for general use; column removed"
Erica copiosa,Erica copiosa,NA,2026-08-11,"functional_twig was a Dimensions-project-specific designation per original 2014 documentation, not intended for general use; column removed"
Erica cordata,Erica cordata,NA,2026-08-11,"functional_twig was a Dimensions-project-specific designation per original 2014 documentation, not intended for general use; column removed"
Erica corifolia,Erica corifolia,NA,2026-08-11,"functional_twig was a Dimensions-project-specific designation per original 2014 documentation, not intended for general use; column removed"
Erica corydalis,Erica corydalis,NA,2026-08-11,"functional_twig was a Dimensions-project-specific designation per original 2014 documentation, not intended for general use; column removed"
Erica cristata,Erica cristata,NA,2026-08-11,"functional_twig was a Dimensions-project-specific designation per original 2014 documentation, not intended for general use; column removed"
Erica cubica,Erica cubica,NA,2026-08-11,"functional_twig was a Dimensions-project-specific designation per original 2014 documentation, not intended for general use; column removed"
Erica curviflora,Erica curviflora,NA,2026-08-11,"functional_twig was a Dimensions-project-specific designation per original 2014 documentation, not intended for general use; column removed"
Erica curvifolia,Erica curvifolia,NA,2026-08-11,"functional_twig was a Dimensions-project-specific designation per original 2014 documentation, not intended for general use; column removed"
Erica daphniflora,Erica daphniflora,NA,2026-08-11,"functional_twig was a Dimensions-project-specific designation per original 2014 documentation, not intended for general use; column removed"
Erica demissa,Erica demissa,NA,2026-08-11,"functional_twig was a Dimensions-project-specific designation per original 2014 documentation, not intended for general use; column removed"
Erica densifolia,Erica densifolia,NA,2026-08-11,"functional_twig was a Dimensions-project-specific designation per original 2014 documentation, not intended for general use; column removed"
Erica desmantha,Erica desmantha,NA,2026-08-11,"functional_twig was a Dimensions-project-specific designation per original 2014 documentation, not intended for general use; column removed"
Erica dianthifolia,Erica dianthifolia,NA,2026-08-11,"functional_twig was a Dimensions-project-specific designation per original 2014 documentation, not intended for general use; column removed"
Erica discolor,Erica discolor,NA,2026-08-11,"functional_twig was a Dimensions-project-specific designation per original 2014 documentation, not intended for general use; column removed"
Erica distorta,Erica speciosa,NA,2026-08-11,"functional_twig was a Dimensions-project-specific designation per original 2014 documentation, not intended for general use; column removed"
Erica dodii,Erica dodii,NA,2026-08-11,"functional_twig was a Dimensions-project-specific designation per original 2014 documentation, not intended for general use; column removed"
Erica eburnea,Erica eburnea,NA,2026-08-11,"functional_twig was a Dimensions-project-specific designation per original 2014 documentation, not intended for general use; column removed"
Erica equisetifolia,Erica equisetifolia,NA,2026-08-11,"functional_twig was a Dimensions-project-specific designation per original 2014 documentation, not intended for general use; column removed"
Erica ericoides,Erica ericoides,NA,2026-08-11,"functional_twig was a Dimensions-project-specific designation per original 2014 documentation, not intended for general use; column removed"
Erica exleeana,Erica exleeana,NA,2026-08-11,"functional_twig was a Dimensions-project-specific designation per original 2014 documentation, not intended for general use; column removed"
Erica fascicularis,Erica fascicularis,NA,2026-08-11,"functional_twig was a Dimensions-project-specific designation per original 2014 documentation, not intended for general use; column removed"
Erica fastigiata,Erica fastigiata,NA,2026-08-11,"functional_twig was a Dimensions-project-specific designation per original 2014 documentation, not intended for general use; column removed"
Erica galpinii,Erica galpinii,NA,2026-08-11,"functional_twig was a Dimensions-project-specific designation per original 2014 documentation, not intended for general use; column removed"
Erica gigantea,Erica gigantea,NA,2026-08-11,"functional_twig was a Dimensions-project-specific designation per original 2014 documentation, not intended for general use; column removed"
Erica glabella,Erica glabella,NA,2026-08-11,"functional_twig was a Dimensions-project-specific designation per original 2014 documentation, not intended for general use; column removed"
Erica gnaphaloides,Erica gnaphaloides,NA,2026-08-11,"functional_twig was a Dimensions-project-specific designation per original 2014 documentation, not intended for general use; column removed"
Erica gracilipes,Erica gracilipes,NA,2026-08-11,"functional_twig was a Dimensions-project-specific designation per original 2014 documentation, not intended for general use; column removed"
Erica gracilis,Erica gracilis,NA,2026-08-11,"functional_twig was a Dimensions-project-specific designation per original 2014 documentation, not intended for general use; column removed"
Erica granulatifolia,Erica granulatifolia,NA,2026-08-11,"functional_twig was a Dimensions-project-specific designation per original 2014 documentation, not intended for general use; column removed"
Erica grata,Erica grata,NA,2026-08-11,"functional_twig was a Dimensions-project-specific designation per original 2014 documentation, not intended for general use; column removed"
Erica gysbertii,Erica gysbertii,NA,2026-08-11,"functional_twig was a Dimensions-project-specific designation per original 2014 documentation, not intended for general use; column removed"
Erica haematosiphon,Erica haematosiphon,NA,2026-08-11,"functional_twig was a Dimensions-project-specific designation per original 2014 documentation, not intended for general use; column removed"
Erica hirtiflora,Erica hirtiflora,NA,2026-08-11,"functional_twig was a Dimensions-project-specific designation per original 2014 documentation, not intended for general use; column removed"
Erica hispidula,Erica hispidula,NA,2026-08-11,"functional_twig was a Dimensions-project-specific designation per original 2014 documentation, not intended for general use; column removed"
Erica imbricata,Erica imbricata,NA,2026-08-11,"functional_twig was a Dimensions-project-specific designation per original 2014 documentation, not intended for general use; column removed"
Erica inflata,Erica inflata,NA,2026-08-11,"functional_twig was a Dimensions-project-specific designation per original 2014 documentation, not intended for general use; column removed"
Erica infundibuliformis,Erica infundibuliformis,NA,2026-08-11,"functional_twig was a Dimensions-project-specific designation per original 2014 documentation, not intended for general use; column removed"
Erica intervallaris,Erica intervallaris,NA,2026-08-11,"functional_twig was a Dimensions-project-specific designation per original 2014 documentation, not intended for general use; column removed"
Erica intonsa,Erica intonsa,NA,2026-08-11,"functional_twig was a Dimensions-project-specific designation per original 2014 documentation, not intended for general use; column removed"
Erica kougabergensis,Erica kougabergensis,NA,2026-08-11,"functional_twig was a Dimensions-project-specific designation per original 2014 documentation, not intended for general use; column removed"
Erica labialis,Erica labialis,NA,2026-08-11,"functional_twig was a Dimensions-project-specific designation per original 2014 documentation, not intended for general use; column removed"
Erica laeta,Erica laeta,NA,2026-08-11,"functional_twig was a Dimensions-project-specific designation per original 2014 documentation, not intended for general use; column removed"
Erica lasciva,Erica lasciva,NA,2026-08-11,"functional_twig was a Dimensions-project-specific designation per original 2014 documentation, not intended for general use; column removed"
Erica longimontana,Erica longimontana,NA,2026-08-11,"functional_twig was a Dimensions-project-specific designation per original 2014 documentation, not intended for general use; column removed"
Erica macowanii,Erica macowanii,NA,2026-08-11,"functional_twig was a Dimensions-project-specific designation per original 2014 documentation, not intended for general use; column removed"
Erica madida,Erica madida,NA,2026-08-11,"functional_twig was a Dimensions-project-specific designation per original 2014 documentation, not intended for general use; column removed"
Erica mammosa,Erica mammosa,NA,2026-08-11,"functional_twig was a Dimensions-project-specific designation per original 2014 documentation, not intended for general use; column removed"
Erica massonii,Erica massonii,NA,2026-08-11,"functional_twig was a Dimensions-project-specific designation per original 2014 documentation, not intended for general use; column removed"
Erica melanthera,Erica melanthera,NA,2026-08-11,"functional_twig was a Dimensions-project-specific designation per original 2014 documentation, not intended for general use; column removed"
Erica monadelphia,Erica monadelphia,NA,2026-08-11,"functional_twig was a Dimensions-project-specific designation per original 2014 documentation, not intended for general use; column removed"
Erica mucronata,Erica mucronata,NA,2026-08-11,"functional_twig was a Dimensions-project-specific designation per original 2014 documentation, not intended for general use; column removed"
Erica multumbellifera,Erica multumbellifera,NA,2026-08-11,"functional_twig was a Dimensions-project-specific designation per original 2014 documentation, not intended for general use; column removed"
Erica muscosa,Erica muscosa,NA,2026-08-11,"functional_twig was a Dimensions-project-specific designation per original 2014 documentation, not intended for general use; column removed"
Erica nabea,Erica nabea,NA,2026-08-11,"functional_twig was a Dimensions-project-specific designation per original 2014 documentation, not intended for general use; column removed"
Erica newdigateae,Erica newdigateae,NA,2026-08-11,"functional_twig was a Dimensions-project-specific designation per original 2014 documentation, not intended for general use; column removed"
Erica nudiflora,Erica nudiflora,NA,2026-08-11,"functional_twig was a Dimensions-project-specific designation per original 2014 documentation, not intended for general use; column removed"
Erica nutans,Erica deliciosa,NA,2026-08-11,"functional_twig was a Dimensions-project-specific designation per original 2014 documentation, not intended for general use; column removed"
Erica obliqua,Erica obliqua,NA,2026-08-11,"functional_twig was a Dimensions-project-specific designation per original 2014 documentation, not intended for general use; column removed"
Erica omninoglabra,Erica omninoglabra,NA,2026-08-11,"functional_twig was a Dimensions-project-specific designation per original 2014 documentation, not intended for general use; column removed"
Erica oresigena,Erica oresigena,NA,2026-08-11,"functional_twig was a Dimensions-project-specific designation per original 2014 documentation, not intended for general use; column removed"
Erica palliiflora,Erica palliiflora,NA,2026-08-11,"functional_twig was a Dimensions-project-specific designation per original 2014 documentation, not intended for general use; column removed"
Erica parilis,Erica parilis,NA,2026-08-11,"functional_twig was a Dimensions-project-specific designation per original 2014 documentation, not intended for general use; column removed"
Erica parviflora,Erica parviflora,NA,2026-08-11,"functional_twig was a Dimensions-project-specific designation per original 2014 documentation, not intended for general use; column removed"
Erica passerinaee,Erica passerinae,NA,2026-08-11,"functional_twig was a Dimensions-project-specific designation per original 2014 documentation, not intended for general use; column removed"
Erica pectinifolia,Erica pectinifolia,NA,2026-08-11,"functional_twig was a Dimensions-project-specific designation per original 2014 documentation, not intended for general use; column removed"
Erica penicilliformis,Erica penicilliformis,NA,2026-08-11,"functional_twig was a Dimensions-project-specific designation per original 2014 documentation, not intended for general use; column removed"
Erica perspicua,Erica perspicua,NA,2026-08-11,"functional_twig was a Dimensions-project-specific designation per original 2014 documentation, not intended for general use; column removed"
Erica petraea,Erica petraea,NA,2026-08-11,"functional_twig was a Dimensions-project-specific designation per original 2014 documentation, not intended for general use; column removed"
Erica placentiflora,Erica placentiflora,NA,2026-08-11,"functional_twig was a Dimensions-project-specific designation per original 2014 documentation, not intended for general use; column removed"
Erica plukenetii,Erica breviflora,NA,2026-08-11,"functional_twig was a Dimensions-project-specific designation per original 2014 documentation, not intended for general use; column removed"
Erica plumosa,Erica plumosa,NA,2026-08-11,"functional_twig was a Dimensions-project-specific designation per original 2014 documentation, not intended for general use; column removed"
Erica podophylla,Erica podophylla,NA,2026-08-11,"functional_twig was a Dimensions-project-specific designation per original 2014 documentation, not intended for general use; column removed"
Erica pubigera,Erica pubigera,NA,2026-08-11,"functional_twig was a Dimensions-project-specific designation per original 2014 documentation, not intended for general use; column removed"
Erica pulchella,Erica pulchella,NA,2026-08-11,"functional_twig was a Dimensions-project-specific designation per original 2014 documentation, not intended for general use; column removed"
Erica quadrangularis,Erica quadrangularis,NA,2026-08-11,"functional_twig was a Dimensions-project-specific designation per original 2014 documentation, not intended for general use; column removed"
Erica regerminans,Erica regerminans,NA,2026-08-11,"functional_twig was a Dimensions-project-specific designation per original 2014 documentation, not intended for general use; column removed"
Erica retorta,Erica retorta,NA,2026-08-11,"functional_twig was a Dimensions-project-specific designation per original 2014 documentation, not intended for general use; column removed"
Erica rhodantha,Erica rhodantha,NA,2026-08-11,"functional_twig was a Dimensions-project-specific designation per original 2014 documentation, not intended for general use; column removed"
Erica rigidula,Erica rigidula,NA,2026-08-11,"functional_twig was a Dimensions-project-specific designation per original 2014 documentation, not intended for general use; column removed"
Erica rosacea,Erica rosacea,NA,2026-08-11,"functional_twig was a Dimensions-project-specific designation per original 2014 documentation, not intended for general use; column removed"
Erica seriphiifolia,Erica seriphiifolia,NA,2026-08-11,"functional_twig was a Dimensions-project-specific designation per original 2014 documentation, not intended for general use; column removed"
Erica serrata,Erica serrata,NA,2026-08-11,"functional_twig was a Dimensions-project-specific designation per original 2014 documentation, not intended for general use; column removed"
Erica sessiliflora,Erica sessiliflora,NA,2026-08-11,"functional_twig was a Dimensions-project-specific designation per original 2014 documentation, not intended for general use; column removed"
Erica similis,Erica similis,NA,2026-08-11,"functional_twig was a Dimensions-project-specific designation per original 2014 documentation, not intended for general use; column removed"
Erica simulans,Erica simulans,NA,2026-08-11,"functional_twig was a Dimensions-project-specific designation per original 2014 documentation, not intended for general use; column removed"
Erica sitiens,Erica sitiens,NA,2026-08-11,"functional_twig was a Dimensions-project-specific designation per original 2014 documentation, not intended for general use; column removed"
Erica sparrmannii,Erica sparrmannii,NA,2026-08-11,"functional_twig was a Dimensions-project-specific designation per original 2014 documentation, not intended for general use; column removed"
Erica spumosa,Erica spumosa,NA,2026-08-11,"functional_twig was a Dimensions-project-specific designation per original 2014 documentation, not intended for general use; column removed"
Erica squarrosa,Erica squarrosa,NA,2026-08-11,"functional_twig was a Dimensions-project-specific designation per original 2014 documentation, not intended for general use; column removed"
Erica stenantha,Erica stenantha,NA,2026-08-11,"functional_twig was a Dimensions-project-specific designation per original 2014 documentation, not intended for general use; column removed"
Erica strigilifolia,Erica strigilifolia,NA,2026-08-11,"functional_twig was a Dimensions-project-specific designation per original 2014 documentation, not intended for general use; column removed"
Erica subcapitata,Erica subcapitata,NA,2026-08-11,"functional_twig was a Dimensions-project-specific designation per original 2014 documentation, not intended for general use; column removed"
Erica subdivaricata,Erica subdivaricata,NA,2026-08-11,"functional_twig was a Dimensions-project-specific designation per original 2014 documentation, not intended for general use; column removed"
Erica thamnoides,Erica thamnoides,NA,2026-08-11,"functional_twig was a Dimensions-project-specific designation per original 2014 documentation, not intended for general use; column removed"
Erica thomae,Erica tenax,NA,2026-08-11,"functional_twig was a Dimensions-project-specific designation per original 2014 documentation, not intended for general use; column removed"
Erica trachysantha,Erica trachysantha,NA,2026-08-11,"functional_twig was a Dimensions-project-specific designation per original 2014 documentation, not intended for general use; column removed"
Erica tragulifera,Erica tragulifera,NA,2026-08-11,"functional_twig was a Dimensions-project-specific designation per original 2014 documentation, not intended for general use; column removed"
Erica transparens,Erica transparens,NA,2026-08-11,"functional_twig was a Dimensions-project-specific designation per original 2014 documentation, not intended for general use; column removed"
Erica triceps,Erica triceps,NA,2026-08-11,"functional_twig was a Dimensions-project-specific designation per original 2014 documentation, not intended for general use; column removed"
Erica tristis,Erica tristis,NA,2026-08-11,"functional_twig was a Dimensions-project-specific designation per original 2014 documentation, not intended for general use; column removed"
Erica uberiflora,Erica uberiflora,NA,2026-08-11,"functional_twig was a Dimensions-project-specific designation per original 2014 documentation, not intended for general use; column removed"
Erica umbelliflora,Erica umbelliflora,NA,2026-08-11,"functional_twig was a Dimensions-project-specific designation per original 2014 documentation, not intended for general use; column removed"
Erica unilateralis,Erica unilateralis,NA,2026-08-11,"functional_twig was a Dimensions-project-specific designation per original 2014 documentation, not intended for general use; column removed"
Erica velitaris,Erica velitaris,NA,2026-08-11,"functional_twig was a Dimensions-project-specific designation per original 2014 documentation, not intended for general use; column removed"
Erica verecunda,Erica verecunda,NA,2026-08-11,"functional_twig was a Dimensions-project-specific designation per original 2014 documentation, not intended for general use; column removed"
Erica versicolor,Erica versicolor,NA,2026-08-11,"functional_twig was a Dimensions-project-specific designation per original 2014 documentation, not intended for general use; column removed"
Erica vestita,Erica vestita,NA,2026-08-11,"functional_twig was a Dimensions-project-specific designation per original 2014 documentation, not intended for general use; column removed"
Erica viscaria,Erica patersonia,NA,2026-08-11,"functional_twig was a Dimensions-project-specific designation per original 2014 documentation, not intended for general use; column removed"
Erica winteri,Erica winteri,NA,2026-08-11,"functional_twig was a Dimensions-project-specific designation per original 2014 documentation, not intended for general use; column removed"
Eriocephalus africanus,Eriocephalus africanus,NA,2026-08-11,"functional_twig was a Dimensions-project-specific designation per original 2014 documentation, not intended for general use; column removed"
Eriocephalus racemosus,Eriocephalus racemosus,NA,2026-08-11,"functional_twig was a Dimensions-project-specific designation per original 2014 documentation, not intended for general use; column removed"
Eriospermum capense,Eriospermum capense,NA,2026-08-11,"functional_twig was a Dimensions-project-specific designation per original 2014 documentation, not intended for general use; column removed"
Eriospermum lanuginosum,Eriospermum lanuginosum,NA,2026-08-11,"functional_twig was a Dimensions-project-specific designation per original 2014 documentation, not intended for general use; column removed"
Euchaetis vallis-simiae,Euchaetis vallis-simiae,NA,2026-08-11,"functional_twig was a Dimensions-project-specific designation per original 2014 documentation, not intended for general use; column removed"
Euclea acutifolia,Euclea acutifolia,NA,2026-08-11,"functional_twig was a Dimensions-project-specific designation per original 2014 documentation, not intended for general use; column removed"
Euclea crispa,Euclea crispa,NA,2026-08-11,"functional_twig was a Dimensions-project-specific designation per original 2014 documentation, not intended for general use; column removed"
Euclea lancea,Euclea lancea,NA,2026-08-11,"functional_twig was a Dimensions-project-specific designation per original 2014 documentation, not intended for general use; column removed"
Euclea natalensis,Euclea natalensis,NA,2026-08-11,"functional_twig was a Dimensions-project-specific designation per original 2014 documentation, not intended for general use; column removed"
Euclea polyandra,Euclea polyandra,NA,2026-08-11,"functional_twig was a Dimensions-project-specific designation per original 2014 documentation, not intended for general use; column removed"
Euclea racemosa,Euclea racemosa,NA,2026-08-11,"functional_twig was a Dimensions-project-specific designation per original 2014 documentation, not intended for general use; column removed"
Euclea schimperi,Euclea schimperi,NA,2026-08-11,"functional_twig was a Dimensions-project-specific designation per original 2014 documentation, not intended for general use; column removed"
Euclea tomentosa,Euclea tomentosa,NA,2026-08-11,"functional_twig was a Dimensions-project-specific designation per original 2014 documentation, not intended for general use; column removed"
Euclea undulata,Euclea undulata,NA,2026-08-11,"functional_twig was a Dimensions-project-specific designation per original 2014 documentation, not intended for general use; column removed"
Euphorbia erythrina,Euphorbia erythrina,yes,2026-08-11,"functional_twig was a Dimensions-project-specific designation per original 2014 documentation, not intended for general use; column removed"
Euphorbia genistoides,Euphorbia genistoides,yes,2026-08-11,"functional_twig was a Dimensions-project-specific designation per original 2014 documentation, not intended for general use; column removed"
Euphorbia grandidens,Euphorbia grandidens,yes,2026-08-11,"functional_twig was a Dimensions-project-specific designation per original 2014 documentation, not intended for general use; column removed"
Euphorbia heptagona,Euphorbia heptagona,yes,2026-08-11,"functional_twig was a Dimensions-project-specific designation per original 2014 documentation, not intended for general use; column removed"
Euphorbia loricata,Euphorbia loricata,yes,2026-08-11,"functional_twig was a Dimensions-project-specific designation per original 2014 documentation, not intended for general use; column removed"
Euphorbia mauritanica,Euphorbia mauritanica,mixed,2026-08-11,"functional_twig was a Dimensions-project-specific designation per original 2014 documentation, not intended for general use; column removed"
Euphorbia polygona,Euphorbia polygona,NA,2026-08-11,"functional_twig was a Dimensions-project-specific designation per original 2014 documentation, not intended for general use; column removed"
Euphorbia rhombifolia,Euphorbia rhombifolia,yes,2026-08-11,"functional_twig was a Dimensions-project-specific designation per original 2014 documentation, not intended for general use; column removed"
Euphorbia silenifolia,Euphorbia silenifolia,no,2026-08-11,"functional_twig was a Dimensions-project-specific designation per original 2014 documentation, not intended for general use; column removed"
Euphorbia tuberosa,Euphorbia tuberosa,no,2026-08-11,"functional_twig was a Dimensions-project-specific designation per original 2014 documentation, not intended for general use; column removed"
Euryops abrotanifolius,Euryops abrotanifolius,NA,2026-08-11,"functional_twig was a Dimensions-project-specific designation per original 2014 documentation, not intended for general use; column removed"
Euryops erectus,Euryops erectus,NA,2026-08-11,"functional_twig was a Dimensions-project-specific designation per original 2014 documentation, not intended for general use; column removed"
Euryops euryopoides,Euryops euryopoides,NA,2026-08-11,"functional_twig was a Dimensions-project-specific designation per original 2014 documentation, not intended for general use; column removed"
Euryops munitus,Euryops munitus,NA,2026-08-11,"functional_twig was a Dimensions-project-specific designation per original 2014 documentation, not intended for general use; column removed"
Euryops pinnatipartitus,Euryops pinnatipartitus,NA,2026-08-11,"functional_twig was a Dimensions-project-specific designation per original 2014 documentation, not intended for general use; column removed"
Euryops rehmannii,Euryops rehmannii,NA,2026-08-11,"functional_twig was a Dimensions-project-specific designation per original 2014 documentation, not intended for general use; column removed"
Euryops spathaceus,Euryops spathaceus,NA,2026-08-11,"functional_twig was a Dimensions-project-specific designation per original 2014 documentation, not intended for general use; column removed"
Euryops speciosissimus,Euryops speciosissimus,NA,2026-08-11,"functional_twig was a Dimensions-project-specific designation per original 2014 documentation, not intended for general use; column removed"
Euryops tenuissimus,Euryops tenuissimus,NA,2026-08-11,"functional_twig was a Dimensions-project-specific designation per original 2014 documentation, not intended for general use; column removed"
Euryops ursinoides,Euryops ursinoides,NA,2026-08-11,"functional_twig was a Dimensions-project-specific designation per original 2014 documentation, not intended for general use; column removed"
Eustachys paspaloides,Eustachys paspaloides,NA,2026-08-11,"functional_twig was a Dimensions-project-specific designation per original 2014 documentation, not intended for general use; column removed"
Evotella carnosa,Corycium carnosum,NA,2026-08-11,"functional_twig was a Dimensions-project-specific designation per original 2014 documentation, not intended for general use; column removed"
Exomis microphylla,Exomis microphylla,NA,2026-08-11,"functional_twig was a Dimensions-project-specific designation per original 2014 documentation, not intended for general use; column removed"
Falkia repens,Falkia repens,NA,2026-08-11,"functional_twig was a Dimensions-project-specific designation per original 2014 documentation, not intended for general use; column removed"
Felicia cymbalariae,Felicia cymbalariae,NA,2026-08-11,"functional_twig was a Dimensions-project-specific designation per original 2014 documentation, not intended for general use; column removed"
Felicia diffusa,Felicia diffusa,NA,2026-08-11,"functional_twig was a Dimensions-project-specific designation per original 2014 documentation, not intended for general use; column removed"
Felicia filifolia,Felicia filifolia,NA,2026-08-11,"functional_twig was a Dimensions-project-specific designation per original 2014 documentation, not intended for general use; column removed"
Felicia fruticosa,Felicia fruticosa,NA,2026-08-11,"functional_twig was a Dimensions-project-specific designation per original 2014 documentation, not intended for general use; column removed"
Felicia joubertinae,Felicia joubertinae,NA,2026-08-11,"functional_twig was a Dimensions-project-specific designation per original 2014 documentation, not intended for general use; column removed"
Felicia microcephala,Felicia microcephala,NA,2026-08-11,"functional_twig was a Dimensions-project-specific designation per original 2014 documentation, not intended for general use; column removed"
Felicia muricata,Felicia muricata,NA,2026-08-11,"functional_twig was a Dimensions-project-specific designation per original 2014 documentation, not intended for general use; column removed"
Festuca scabra,Festuca scabra,NA,2026-08-11,"functional_twig was a Dimensions-project-specific designation per original 2014 documentation, not intended for general use; column removed"
Ficinia acuminata,Ficinia acuminata,no,2026-08-11,"functional_twig was a Dimensions-project-specific designation per original 2014 documentation, not intended for general use; column removed"
Ficinia anceps,Ficinia anceps,no,2026-08-11,"functional_twig was a Dimensions-project-specific designation per original 2014 documentation, not intended for general use; column removed"
Ficinia brevifolia,Ficinia brevifolia,no,2026-08-11,"functional_twig was a Dimensions-project-specific designation per original 2014 documentation, not intended for general use; column removed"
Ficinia bulbosa,Ficinia bulbosa,mixed,2026-08-11,"functional_twig was a Dimensions-project-specific designation per original 2014 documentation, not intended for general use; column removed"
Ficinia capillifolia,Ficinia capillifolia,NA,2026-08-11,"functional_twig was a Dimensions-project-specific designation per original 2014 documentation, not intended for general use; column removed"
Ficinia capitella,Ficinia capitella,no,2026-08-11,"functional_twig was a Dimensions-project-specific designation per original 2014 documentation, not intended for general use; column removed"
Ficinia cedarbergensis,Ficinia cedarbergensis,mixed,2026-08-11,"functional_twig was a Dimensions-project-specific designation per original 2014 documentation, not intended for general use; column removed"
Ficinia deusta,Ficinia deusta,mixed,2026-08-11,"functional_twig was a Dimensions-project-specific designation per original 2014 documentation, not intended for general use; column removed"
Ficinia dunensis,Ficinia dunensis,mixed,2026-08-11,"functional_twig was a Dimensions-project-specific designation per original 2014 documentation, not intended for general use; column removed"
Ficinia fascicularis,Ficinia fascicularis,NA,2026-08-11,"functional_twig was a Dimensions-project-specific designation per original 2014 documentation, not intended for general use; column removed"
Ficinia indica,Ficinia indica,no,2026-08-11,"functional_twig was a Dimensions-project-specific designation per original 2014 documentation, not intended for general use; column removed"
Ficinia laciniata,Ficinia laciniata,NA,2026-08-11,"functional_twig was a Dimensions-project-specific designation per original 2014 documentation, not intended for general use; column removed"
Ficinia lateralis,Ficinia lateralis,NA,2026-08-11,"functional_twig was a Dimensions-project-specific designation per original 2014 documentation, not intended for general use; column removed"
Ficinia levynsiae,Ficinia levynsiae,NA,2026-08-11,"functional_twig was a Dimensions-project-specific designation per original 2014 documentation, not intended for general use; column removed"
Ficinia monticola,Ficinia monticola,mixed,2026-08-11,"functional_twig was a Dimensions-project-specific designation per original 2014 documentation, not intended for general use; column removed"
Ficinia nigrescens,Ficinia nigrescens,mixed,2026-08-11,"functional_twig was a Dimensions-project-specific designation per original 2014 documentation, not intended for general use; column removed"
Ficinia nodosa,Scirpoides nodosus,no,2026-08-11,"functional_twig was a Dimensions-project-specific designation per original 2014 documentation, not intended for general use; column removed"
Ficinia oligantha,Ficinia oligantha,mixed,2026-08-11,"functional_twig was a Dimensions-project-specific designation per original 2014 documentation, not intended for general use; column removed"
Ficinia paradoxa,Ficinia paradoxa,NA,2026-08-11,"functional_twig was a Dimensions-project-specific designation per original 2014 documentation, not intended for general use; column removed"
Ficinia pinguior,Ficinia pinguior,no,2026-08-11,"functional_twig was a Dimensions-project-specific designation per original 2014 documentation, not intended for general use; column removed"
Ficinia ramosissima,Ficinia ramosissima,yes,2026-08-11,"functional_twig was a Dimensions-project-specific designation per original 2014 documentation, not intended for general use; column removed"
Ficinia rigida,Ficinia rigida,no,2026-08-11,"functional_twig was a Dimensions-project-specific designation per original 2014 documentation, not intended for general use; column removed"
Ficinia secunda,Ficinia secunda,no,2026-08-11,"functional_twig was a Dimensions-project-specific designation per original 2014 documentation, not intended for general use; column removed"
Ficinia stolonifera,Ficinia stolonifera,no,2026-08-11,"functional_twig was a Dimensions-project-specific designation per original 2014 documentation, not intended for general use; column removed"
Ficinia trichodes,Ficinia trichodes,yes,2026-08-11,"functional_twig was a Dimensions-project-specific designation per original 2014 documentation, not intended for general use; column removed"
Ficinia zeyheri,Ficinia zeyheri,yes,2026-08-11,"functional_twig was a Dimensions-project-specific designation per original 2014 documentation, not intended for general use; column removed"
Frankenia repens,Frankenia repens,NA,2026-08-11,"functional_twig was a Dimensions-project-specific designation per original 2014 documentation, not intended for general use; column removed"
Freesia corymbosa,Freesia corymbosa,NA,2026-08-11,"functional_twig was a Dimensions-project-specific designation per original 2014 documentation, not intended for general use; column removed"
Freylinia lanceolata,Freylinia lanceolata,NA,2026-08-11,"functional_twig was a Dimensions-project-specific designation per original 2014 documentation, not intended for general use; column removed"
Freylinia undulata,Freylinia undulata,NA,2026-08-11,"functional_twig was a Dimensions-project-specific designation per original 2014 documentation, not intended for general use; column removed"
Fuirena hirsuta,Fuirena hirsuta,NA,2026-08-11,"functional_twig was a Dimensions-project-specific designation per original 2014 documentation, not intended for general use; column removed"
Galenia papulosa,Galenia papulosa,NA,2026-08-11,"functional_twig was a Dimensions-project-specific designation per original 2014 documentation, not intended for general use; column removed"
Galenia pubescens,Galenia pubescens,NA,2026-08-11,"functional_twig was a Dimensions-project-specific designation per original 2014 documentation, not intended for general use; column removed"
Galium capense,Galium capense,NA,2026-08-11,"functional_twig was a Dimensions-project-specific designation per original 2014 documentation, not intended for general use; column removed"
Galium tomentosum,Galium tomentosum,NA,2026-08-11,"functional_twig was a Dimensions-project-specific designation per original 2014 documentation, not intended for general use; column removed"
Galium undulatum,Galium undulatum,NA,2026-08-11,"functional_twig was a Dimensions-project-specific designation per original 2014 documentation, not intended for general use; column removed"
Gazania ciliaris,Gazania ciliaris,NA,2026-08-11,"functional_twig was a Dimensions-project-specific designation per original 2014 documentation, not intended for general use; column removed"
Gazania krebsiana,Gazania krebsiana,NA,2026-08-11,"functional_twig was a Dimensions-project-specific designation per original 2014 documentation, not intended for general use; column removed"
Gazania pectinata,Gazania pectinata,NA,2026-08-11,"functional_twig was a Dimensions-project-specific designation per original 2014 documentation, not intended for general use; column removed"
Gazania serrata,Gazania serrata,NA,2026-08-11,"functional_twig was a Dimensions-project-specific designation per original 2014 documentation, not intended for general use; column removed"
Geissorhiza confusa,Geissorhiza confusa,NA,2026-08-11,"functional_twig was a Dimensions-project-specific designation per original 2014 documentation, not intended for general use; column removed"
Geissorhiza juncea,Geissorhiza juncea,NA,2026-08-11,"functional_twig was a Dimensions-project-specific designation per original 2014 documentation, not intended for general use; column removed"
Geissorhiza tenella,Geissorhiza tenella,NA,2026-08-11,"functional_twig was a Dimensions-project-specific designation per original 2014 documentation, not intended for general use; column removed"
Geochloa decora,Merxmuellera decora,NA,2026-08-11,"functional_twig was a Dimensions-project-specific designation per original 2014 documentation, not intended for general use; column removed"
Geochloa rufa,Merxmuellera rufa,NA,2026-08-11,"functional_twig was a Dimensions-project-specific designation per original 2014 documentation, not intended for general use; column removed"
Geranium incanum,Geranium incanum,NA,2026-08-11,"functional_twig was a Dimensions-project-specific designation per original 2014 documentation, not intended for general use; column removed"
Gerbera crocea,Gerbera crocea,NA,2026-08-11,"functional_twig was a Dimensions-project-specific designation per original 2014 documentation, not intended for general use; column removed"
Gerbera piloselloides,Gerbera piloselloides,NA,2026-08-11,"functional_twig was a Dimensions-project-specific designation per original 2014 documentation, not intended for general use; column removed"
Gerbera serrata,Gerbera serrata,NA,2026-08-11,"functional_twig was a Dimensions-project-specific designation per original 2014 documentation, not intended for general use; column removed"
Gerbera tomentosa,Gerbera tomentosa,NA,2026-08-11,"functional_twig was a Dimensions-project-specific designation per original 2014 documentation, not intended for general use; column removed"
Gladiolus grandiflorus,Gladiolus floribundus,NA,2026-08-11,"functional_twig was a Dimensions-project-specific designation per original 2014 documentation, not intended for general use; column removed"
Gladiolus rogersii,Gladiolus rogersii,NA,2026-08-11,"functional_twig was a Dimensions-project-specific designation per original 2014 documentation, not intended for general use; column removed"
Gladiolus stellatus,Gladiolus stellatus,NA,2026-08-11,"functional_twig was a Dimensions-project-specific designation per original 2014 documentation, not intended for general use; column removed"
Gleichenia polypodioides,Gleichenia polypodioides,NA,2026-08-11,"functional_twig was a Dimensions-project-specific designation per original 2014 documentation, not intended for general use; column removed"
Glia prolifera,Glia prolifera,NA,2026-08-11,"functional_twig was a Dimensions-project-specific designation per original 2014 documentation, not intended for general use; column removed"
Gnidia anomala,Gnidia anomala,NA,2026-08-11,"functional_twig was a Dimensions-project-specific designation per original 2014 documentation, not intended for general use; column removed"
Gnidia francisci,Gnidia francisci,NA,2026-08-11,"functional_twig was a Dimensions-project-specific designation per original 2014 documentation, not intended for general use; column removed"
Gnidia galpinii,Gnidia galpinii,NA,2026-08-11,"functional_twig was a Dimensions-project-specific designation per original 2014 documentation, not intended for general use; column removed"
Gnidia geminiflora,Gnidia geminiflora,NA,2026-08-11,"functional_twig was a Dimensions-project-specific designation per original 2014 documentation, not intended for general use; column removed"
Gnidia imbricata,Gnidia imbricata,NA,2026-08-11,"functional_twig was a Dimensions-project-specific designation per original 2014 documentation, not intended for general use; column removed"
Gnidia juniperifolia,Gnidia juniperifolia,NA,2026-08-11,"functional_twig was a Dimensions-project-specific designation per original 2014 documentation, not intended for general use; column removed"
Gnidia oppositifolia,Gnidia oppositifolia,NA,2026-08-11,"functional_twig was a Dimensions-project-specific designation per original 2014 documentation, not intended for general use; column removed"
Gnidia pinifolia,Gnidia pinifolia,NA,2026-08-11,"functional_twig was a Dimensions-project-specific designation per original 2014 documentation, not intended for general use; column removed"
Gnidia simplex,Gnidia simplex,NA,2026-08-11,"functional_twig was a Dimensions-project-specific designation per original 2014 documentation, not intended for general use; column removed"
Gomphocarpus cancellatus,Gomphocarpus cancellatus,NA,2026-08-11,"functional_twig was a Dimensions-project-specific designation per original 2014 documentation, not intended for general use; column removed"
Gosela eckloniana,Gosela eckloniana,NA,2026-08-11,"functional_twig was a Dimensions-project-specific designation per original 2014 documentation, not intended for general use; column removed"
Grewia occidentalis,Grewia occidentalis,NA,2026-08-11,"functional_twig was a Dimensions-project-specific designation per original 2014 documentation, not intended for general use; column removed"
Grewia robusta,Grewia robusta,NA,2026-08-11,"functional_twig was a Dimensions-project-specific designation per original 2014 documentation, not intended for general use; column removed"
Grubbia rosmarinifolia,Grubbia rosmarinifolia,yes,2026-08-11,"functional_twig was a Dimensions-project-specific designation per original 2014 documentation, not intended for general use; column removed"
Grubbia tomentosa,Grubbia tomentosa,mixed,2026-08-11,"functional_twig was a Dimensions-project-specific designation per original 2014 documentation, not intended for general use; column removed"
Gymnodiscus capillaris,Gymnodiscus capillaris,NA,2026-08-11,"functional_twig was a Dimensions-project-specific designation per original 2014 documentation, not intended for general use; column removed"
Gymnosporia buxifolia,Gymnosporia buxifolia,NA,2026-08-11,"functional_twig was a Dimensions-project-specific designation per original 2014 documentation, not intended for general use; column removed"
Haemanthus coccineus,Haemanthus coccineus,NA,2026-08-11,"functional_twig was a Dimensions-project-specific designation per original 2014 documentation, not intended for general use; column removed"
Hakea sericea,Hakea sericea,NA,2026-08-11,"functional_twig was a Dimensions-project-specific designation per original 2014 documentation, not intended for general use; column removed"
Halleria elliptica,Halleria elliptica,NA,2026-08-11,"functional_twig was a Dimensions-project-specific designation per original 2014 documentation, not intended for general use; column removed"
Halleria lucida,Halleria lucida,NA,2026-08-11,"functional_twig was a Dimensions-project-specific designation per original 2014 documentation, not intended for general use; column removed"
Haplocarpha lanata,Haplocarpha lanata,NA,2026-08-11,"functional_twig was a Dimensions-project-specific designation per original 2014 documentation, not intended for general use; column removed"
Haplocarpha lyrata,Haplocarpha lyrata,NA,2026-08-11,"functional_twig was a Dimensions-project-specific designation per original 2014 documentation, not intended for general use; column removed"
Haplocarpha parvifolia,Haplocarpha parvifolia,NA,2026-08-11,"functional_twig was a Dimensions-project-specific designation per original 2014 documentation, not intended for general use; column removed"
Harveya pauciflora,Harveya tubulosa,NA,2026-08-11,"functional_twig was a Dimensions-project-specific designation per original 2014 documentation, not intended for general use; column removed"
Harveya purpurea,Harveya purpurea,NA,2026-08-11,"functional_twig was a Dimensions-project-specific designation per original 2014 documentation, not intended for general use; column removed"
Harveya stenosiphon,Harveya stenosiphon,NA,2026-08-11,"functional_twig was a Dimensions-project-specific designation per original 2014 documentation, not intended for general use; column removed"
Haworthia arachnoidea,Haworthia arachnoidea,NA,2026-08-11,"functional_twig was a Dimensions-project-specific designation per original 2014 documentation, not intended for general use; column removed"
Haworthia mucronata,Haworthia mucronata,NA,2026-08-11,"functional_twig was a Dimensions-project-specific designation per original 2014 documentation, not intended for general use; column removed"
Haworthia viscosa,Haworthia viscosa,NA,2026-08-11,"functional_twig was a Dimensions-project-specific designation per original 2014 documentation, not intended for general use; column removed"
Heeria argentea,Heeria argentea,NA,2026-08-11,"functional_twig was a Dimensions-project-specific designation per original 2014 documentation, not intended for general use; column removed"
Helichrysum anomalum,Helichrysum anomalum,NA,2026-08-11,"functional_twig was a Dimensions-project-specific designation per original 2014 documentation, not intended for general use; column removed"
Helichrysum asperum,Helichrysum asperum,NA,2026-08-11,"functional_twig was a Dimensions-project-specific designation per original 2014 documentation, not intended for general use; column removed"
Helichrysum capense,Helichrysum capense,NA,2026-08-11,"functional_twig was a Dimensions-project-specific designation per original 2014 documentation, not intended for general use; column removed"
Helichrysum crispum,Helichrysum crispum,NA,2026-08-11,"functional_twig was a Dimensions-project-specific designation per original 2014 documentation, not intended for general use; column removed"
Helichrysum cylindriflorum,Helichrysum cylindriflorum,NA,2026-08-11,"functional_twig was a Dimensions-project-specific designation per original 2014 documentation, not intended for general use; column removed"
Helichrysum cymosum,Helichrysum cymosum,NA,2026-08-11,"functional_twig was a Dimensions-project-specific designation per original 2014 documentation, not intended for general use; column removed"
Helichrysum dasyanthum,Helichrysum dasyanthum,NA,2026-08-11,"functional_twig was a Dimensions-project-specific designation per original 2014 documentation, not intended for general use; column removed"
Helichrysum felinum,Helichrysum felinum,NA,2026-08-11,"functional_twig was a Dimensions-project-specific designation per original 2014 documentation, not intended for general use; column removed"
Helichrysum herbaceum,Helichrysum herbaceum,NA,2026-08-11,"functional_twig was a Dimensions-project-specific designation per original 2014 documentation, not intended for general use; column removed"
Helichrysum indicum,Helichrysum indicum,NA,2026-08-11,"functional_twig was a Dimensions-project-specific designation per original 2014 documentation, not intended for general use; column removed"
Helichrysum lambertianum,Helichrysum lambertianum,NA,2026-08-11,"functional_twig was a Dimensions-project-specific designation per original 2014 documentation, not intended for general use; column removed"
Helichrysum litorale,Helichrysum litorale,NA,2026-08-11,"functional_twig was a Dimensions-project-specific designation per original 2014 documentation, not intended for general use; column removed"
Helichrysum moeserianum,Helichrysum moeserianum,NA,2026-08-11,"functional_twig was a Dimensions-project-specific designation per original 2014 documentation, not intended for general use; column removed"
Helichrysum niveum,Helichrysum niveum,NA,2026-08-11,"functional_twig was a Dimensions-project-specific designation per original 2014 documentation, not intended for general use; column removed"
Helichrysum nudifolium,Helichrysum nudifolium,NA,2026-08-11,"functional_twig was a Dimensions-project-specific designation per original 2014 documentation, not intended for general use; column removed"
Helichrysum odoratissimum,Helichrysum odoratissimum,NA,2026-08-11,"functional_twig was a Dimensions-project-specific designation per original 2014 documentation, not intended for general use; column removed"
Helichrysum oxyphyllum,Helichrysum oxyphyllum,NA,2026-08-11,"functional_twig was a Dimensions-project-specific designation per original 2014 documentation, not intended for general use; column removed"
Helichrysum pandurifolium,Helichrysum pandurifolium,NA,2026-08-11,"functional_twig was a Dimensions-project-specific designation per original 2014 documentation, not intended for general use; column removed"
Helichrysum patulum,Helichrysum patulum,NA,2026-08-11,"functional_twig was a Dimensions-project-specific designation per original 2014 documentation, not intended for general use; column removed"
Helichrysum petiolare,Helichrysum petiolare,NA,2026-08-11,"functional_twig was a Dimensions-project-specific designation per original 2014 documentation, not intended for general use; column removed"
Helichrysum rosum,Helichrysum rosum,NA,2026-08-11,"functional_twig was a Dimensions-project-specific designation per original 2014 documentation, not intended for general use; column removed"
Helichrysum rotundifolium,Helichrysum rotundifolium,NA,2026-08-11,"functional_twig was a Dimensions-project-specific designation per original 2014 documentation, not intended for general use; column removed"
Helichrysum rutilans,Helichrysum rutilans,NA,2026-08-11,"functional_twig was a Dimensions-project-specific designation per original 2014 documentation, not intended for general use; column removed"
Helichrysum scabrum,Helichrysum scabrum,NA,2026-08-11,"functional_twig was a Dimensions-project-specific designation per original 2014 documentation, not intended for general use; column removed"
Helichrysum spiralepis,Helichrysum spiralepis,NA,2026-08-11,"functional_twig was a Dimensions-project-specific designation per original 2014 documentation, not intended for general use; column removed"
Helichrysum teretifolium,Helichrysum teretifolium,NA,2026-08-11,"functional_twig was a Dimensions-project-specific designation per original 2014 documentation, not intended for general use; column removed"
Helichrysum tinctum,Helichrysum tinctum,NA,2026-08-11,"functional_twig was a Dimensions-project-specific designation per original 2014 documentation, not intended for general use; column removed"
Helichrysum zeyheri,Helichrysum zeyheri,NA,2026-08-11,"functional_twig was a Dimensions-project-specific designation per original 2014 documentation, not intended for general use; column removed"
Helichrysum zwartbergense,Helichrysum zwartbergense,NA,2026-08-11,"functional_twig was a Dimensions-project-specific designation per original 2014 documentation, not intended for general use; column removed"
Heliophila carnosa,Heliophila carnosa,NA,2026-08-11,"functional_twig was a Dimensions-project-specific designation per original 2014 documentation, not intended for general use; column removed"
Heliophila dregeana,Heliophila dregeana,NA,2026-08-11,"functional_twig was a Dimensions-project-specific designation per original 2014 documentation, not intended for general use; column removed"
Heliophila elongata,Heliophila elongata,NA,2026-08-11,"functional_twig was a Dimensions-project-specific designation per original 2014 documentation, not intended for general use; column removed"
Heliophila glauca,Heliophila glauca,NA,2026-08-11,"functional_twig was a Dimensions-project-specific designation per original 2014 documentation, not intended for general use; column removed"
Heliophila linearis,Heliophila linearis,NA,2026-08-11,"functional_twig was a Dimensions-project-specific designation per original 2014 documentation, not intended for general use; column removed"
Heliophila scoparia,Heliophila scoparia,NA,2026-08-11,"functional_twig was a Dimensions-project-specific designation per original 2014 documentation, not intended for general use; column removed"
Hemimeris racemosa,Hemimeris racemosa,NA,2026-08-11,"functional_twig was a Dimensions-project-specific designation per original 2014 documentation, not intended for general use; column removed"
Hermannia althaeifolia,Hermannia althaeifolia,NA,2026-08-11,"functional_twig was a Dimensions-project-specific designation per original 2014 documentation, not intended for general use; column removed"
Hermannia althaeoides,Hermannia althaeoides,NA,2026-08-11,"functional_twig was a Dimensions-project-specific designation per original 2014 documentation, not intended for general use; column removed"
Hermannia angularis,Hermannia angularis,NA,2026-08-11,"functional_twig was a Dimensions-project-specific designation per original 2014 documentation, not intended for general use; column removed"
Hermannia filifolia,Hermannia filifolia,NA,2026-08-11,"functional_twig was a Dimensions-project-specific designation per original 2014 documentation, not intended for general use; column removed"
Hermannia flammea,Hermannia flammea,NA,2026-08-11,"functional_twig was a Dimensions-project-specific designation per original 2014 documentation, not intended for general use; column removed"
Hermannia gracilis,Hermannia gracilis,NA,2026-08-11,"functional_twig was a Dimensions-project-specific designation per original 2014 documentation, not intended for general use; column removed"
Hermannia holosericea,Hermannia holosericea,NA,2026-08-11,"functional_twig was a Dimensions-project-specific designation per original 2014 documentation, not intended for general use; column removed"
Hermannia involucrata,Hermannia involucrata,NA,2026-08-11,"functional_twig was a Dimensions-project-specific designation per original 2014 documentation, not intended for general use; column removed"
Hermannia mucronulata,Hermannia mucronulata,NA,2026-08-11,"functional_twig was a Dimensions-project-specific designation per original 2014 documentation, not intended for general use; column removed"
Hermannia multiflora,Hermannia multiflora,NA,2026-08-11,"functional_twig was a Dimensions-project-specific designation per original 2014 documentation, not intended for general use; column removed"
Hermannia odorata,Hermannia odorata,NA,2026-08-11,"functional_twig was a Dimensions-project-specific designation per original 2014 documentation, not intended for general use; column removed"
Hermannia saccifera,Hermannia saccifera,NA,2026-08-11,"functional_twig was a Dimensions-project-specific designation per original 2014 documentation, not intended for general use; column removed"
Hermannia salviifolia,Hermannia salviifolia,NA,2026-08-11,"functional_twig was a Dimensions-project-specific designation per original 2014 documentation, not intended for general use; column removed"
Hermannia sisymbriifolia,Hermannia sisymbriifolia,NA,2026-08-11,"functional_twig was a Dimensions-project-specific designation per original 2014 documentation, not intended for general use; column removed"
Hermannia stipulacea,Hermannia stipulacea,NA,2026-08-11,"functional_twig was a Dimensions-project-specific designation per original 2014 documentation, not intended for general use; column removed"
Hermannia ternifolia,Hermannia ternifolia,NA,2026-08-11,"functional_twig was a Dimensions-project-specific designation per original 2014 documentation, not intended for general use; column removed"
Hermannia velutina,Hermannia velutina,NA,2026-08-11,"functional_twig was a Dimensions-project-specific designation per original 2014 documentation, not intended for general use; column removed"
Hermas capitata,Hermas capitata,NA,2026-08-11,"functional_twig was a Dimensions-project-specific designation per original 2014 documentation, not intended for general use; column removed"
Hermas ciliata,Hermas ciliata,NA,2026-08-11,"functional_twig was a Dimensions-project-specific designation per original 2014 documentation, not intended for general use; column removed"
Hermas villosa,Hermas villosa,NA,2026-08-11,"functional_twig was a Dimensions-project-specific designation per original 2014 documentation, not intended for general use; column removed"
Hertia kraussii,Hertia kraussii,NA,2026-08-11,"functional_twig was a Dimensions-project-specific designation per original 2014 documentation, not intended for general use; column removed"
Hesperantha radiata,Hesperantha radiata,NA,2026-08-11,"functional_twig was a Dimensions-project-specific designation per original 2014 documentation, not intended for general use; column removed"
Heterolepis aliena,Heterolepis aliena,NA,2026-08-11,"functional_twig was a Dimensions-project-specific designation per original 2014 documentation, not intended for general use; column removed"
Heteropogon contortus,Heteropogon contortus,NA,2026-08-11,"functional_twig was a Dimensions-project-specific designation per original 2014 documentation, not intended for general use; column removed"
Hibiscus aethiopicus,Hibiscus aethiopicus,NA,2026-08-11,"functional_twig was a Dimensions-project-specific designation per original 2014 documentation, not intended for general use; column removed"
Hibiscus pusillus,Hibiscus pusillus,NA,2026-08-11,"functional_twig was a Dimensions-project-specific designation per original 2014 documentation, not intended for general use; column removed"
Hilliardiella pinifolia,Vernonia capensis,NA,2026-08-11,"functional_twig was a Dimensions-project-specific designation per original 2014 documentation, not intended for general use; column removed"
Hippia integrifolia,Hippia integrifolia,NA,2026-08-11,"functional_twig was a Dimensions-project-specific designation per original 2014 documentation, not intended for general use; column removed"
Hippia pilosa,Hippia pilosa,NA,2026-08-11,"functional_twig was a Dimensions-project-specific designation per original 2014 documentation, not intended for general use; column removed"
Hippobromus pauciflorus,Hippobromus pauciflorus,NA,2026-08-11,"functional_twig was a Dimensions-project-specific designation per original 2014 documentation, not intended for general use; column removed"
Holothrix secunda,Holothrix secunda,NA,2026-08-11,"functional_twig was a Dimensions-project-specific designation per original 2014 documentation, not intended for general use; column removed"
Holothrix villosa,Holothrix villosa,NA,2026-08-11,"functional_twig was a Dimensions-project-specific designation per original 2014 documentation, not intended for general use; column removed"
Hyobanche sanguinea,Hyobanche sanguinea,NA,2026-08-11,"functional_twig was a Dimensions-project-specific designation per original 2014 documentation, not intended for general use; column removed"
Hyparrhenia hirta,Hyparrhenia hirta,NA,2026-08-11,"functional_twig was a Dimensions-project-specific designation per original 2014 documentation, not intended for general use; column removed"
Hypocalyptus sophoroides,Hypocalyptus sophoroides,NA,2026-08-11,"functional_twig was a Dimensions-project-specific designation per original 2014 documentation, not intended for general use; column removed"
Hypodiscus albo-aristatus,Hypodiscus albo-aristatus,mixed,2026-08-11,"functional_twig was a Dimensions-project-specific designation per original 2014 documentation, not intended for general use; column removed"
Hypodiscus alternans,Hypodiscus alternans,no,2026-08-11,"functional_twig was a Dimensions-project-specific designation per original 2014 documentation, not intended for general use; column removed"
Hypodiscus argenteus,Hypodiscus argenteus,no,2026-08-11,"functional_twig was a Dimensions-project-specific designation per original 2014 documentation, not intended for general use; column removed"
Hypodiscus aristatus,Hypodiscus aristatus,mixed,2026-08-11,"functional_twig was a Dimensions-project-specific designation per original 2014 documentation, not intended for general use; column removed"
Hypodiscus laevigatus,Hypodiscus laevigatus,no,2026-08-11,"functional_twig was a Dimensions-project-specific designation per original 2014 documentation, not intended for general use; column removed"
Hypodiscus neesii,Hypodiscus neesii,no,2026-08-11,"functional_twig was a Dimensions-project-specific designation per original 2014 documentation, not intended for general use; column removed"
Hypodiscus striatus,Hypodiscus striatus,mixed,2026-08-11,"functional_twig was a Dimensions-project-specific designation per original 2014 documentation, not intended for general use; column removed"
Hypodiscus synchroolepis,Hypodiscus synchroolepis,NA,2026-08-11,"functional_twig was a Dimensions-project-specific designation per original 2014 documentation, not intended for general use; column removed"
Hypodiscus willdenowia,Hypodiscus willdenowia,no,2026-08-11,"functional_twig was a Dimensions-project-specific designation per original 2014 documentation, not intended for general use; column removed"
Hypoestes forskaolii,Hypoestes forskaolii,NA,2026-08-11,"functional_twig was a Dimensions-project-specific designation per original 2014 documentation, not intended for general use; column removed"
Ifloga ambigua,Trichogyne ambigua,NA,2026-08-11,"functional_twig was a Dimensions-project-specific designation per original 2014 documentation, not intended for general use; column removed"
Ilex mitis,Ilex mitis,NA,2026-08-11,"functional_twig was a Dimensions-project-specific designation per original 2014 documentation, not intended for general use; column removed"
Imperata cylindrica,Imperata cylindrica,NA,2026-08-11,"functional_twig was a Dimensions-project-specific designation per original 2014 documentation, not intended for general use; column removed"
Indigofera alopecuroides,Indigofera alopecuroides,NA,2026-08-11,"functional_twig was a Dimensions-project-specific designation per original 2014 documentation, not intended for general use; column removed"
Indigofera angustifolia,Indigofera angustifolia,NA,2026-08-11,"functional_twig was a Dimensions-project-specific designation per original 2014 documentation, not intended for general use; column removed"
Indigofera brachystachya,Indigofera brachystachya,NA,2026-08-11,"functional_twig was a Dimensions-project-specific designation per original 2014 documentation, not intended for general use; column removed"
Indigofera candolleana,Indigofera candolleana,NA,2026-08-11,"functional_twig was a Dimensions-project-specific designation per original 2014 documentation, not intended for general use; column removed"
Indigofera concava,Indigofera concava,NA,2026-08-11,"functional_twig was a Dimensions-project-specific designation per original 2014 documentation, not intended for general use; column removed"
Indigofera denudata,Indigofera denudata,NA,2026-08-11,"functional_twig was a Dimensions-project-specific designation per original 2014 documentation, not intended for general use; column removed"
Indigofera disticha,Indigofera disticha,NA,2026-08-11,"functional_twig was a Dimensions-project-specific designation per original 2014 documentation, not intended for general use; column removed"
Indigofera flabellata,Indigofera flabellata,NA,2026-08-11,"functional_twig was a Dimensions-project-specific designation per original 2014 documentation, not intended for general use; column removed"
Indigofera frutescens,Indigofera frutescens,NA,2026-08-11,"functional_twig was a Dimensions-project-specific designation per original 2014 documentation, not intended for general use; column removed"
Indigofera glomerata,Indigofera glomerata,NA,2026-08-11,"functional_twig was a Dimensions-project-specific designation per original 2014 documentation, not intended for general use; column removed"
Indigofera heterophylla,Indigofera heterophylla,NA,2026-08-11,"functional_twig was a Dimensions-project-specific designation per original 2014 documentation, not intended for general use; column removed"
Indigofera ionii,Indigofera filifolia,NA,2026-08-11,"functional_twig was a Dimensions-project-specific designation per original 2014 documentation, not intended for general use; column removed"
Indigofera langebergensis,Indigofera langebergensis,NA,2026-08-11,"functional_twig was a Dimensions-project-specific designation per original 2014 documentation, not intended for general use; column removed"
Indigofera ovata,Indigofera ovata,NA,2026-08-11,"functional_twig was a Dimensions-project-specific designation per original 2014 documentation, not intended for general use; column removed"
Indigofera pappei,Indigofera pappei,NA,2026-08-11,"functional_twig was a Dimensions-project-specific designation per original 2014 documentation, not intended for general use; column removed"
Indigofera psoraloides,Indigofera psoraloides,NA,2026-08-11,"functional_twig was a Dimensions-project-specific designation per original 2014 documentation, not intended for general use; column removed"
Indigofera sarmentosa,Indigofera sarmentosa,NA,2026-08-11,"functional_twig was a Dimensions-project-specific designation per original 2014 documentation, not intended for general use; column removed"
Indigofera stricta,Indigofera stricta,NA,2026-08-11,"functional_twig was a Dimensions-project-specific designation per original 2014 documentation, not intended for general use; column removed"
Indigofera sulcata,Indigofera sulcata,NA,2026-08-11,"functional_twig was a Dimensions-project-specific designation per original 2014 documentation, not intended for general use; column removed"
Isolepis marginata,Isolepis marginata,NA,2026-08-11,"functional_twig was a Dimensions-project-specific designation per original 2014 documentation, not intended for general use; column removed"
Itasina filifolia,Itasina filifolia,NA,2026-08-11,"functional_twig was a Dimensions-project-specific designation per original 2014 documentation, not intended for general use; column removed"
Jamesbrittenia aspalathoides,Jamesbrittenia aspalathoides,NA,2026-08-11,"functional_twig was a Dimensions-project-specific designation per original 2014 documentation, not intended for general use; column removed"
Jamesbrittenia tenuifolia,Jamesbrittenia tenuifolia,NA,2026-08-11,"functional_twig was a Dimensions-project-specific designation per original 2014 documentation, not intended for general use; column removed"
Jasminum glaucum,Jasminum glaucum,NA,2026-08-11,"functional_twig was a Dimensions-project-specific designation per original 2014 documentation, not intended for general use; column removed"
Jatropha capensis,Jatropha capensis,NA,2026-08-11,"functional_twig was a Dimensions-project-specific designation per original 2014 documentation, not intended for general use; column removed"
Juncus capensis,Juncus capensis,NA,2026-08-11,"functional_twig was a Dimensions-project-specific designation per original 2014 documentation, not intended for general use; column removed"
Juncus kraussii,Juncus kraussii,NA,2026-08-11,"functional_twig was a Dimensions-project-specific designation per original 2014 documentation, not intended for general use; column removed"
Juncus lomatophyllus,Juncus lomatophyllus,NA,2026-08-11,"functional_twig was a Dimensions-project-specific designation per original 2014 documentation, not intended for general use; column removed"
Kalanchoe rotundifolia,Kalanchoe rotundifolia,NA,2026-08-11,"functional_twig was a Dimensions-project-specific designation per original 2014 documentation, not intended for general use; column removed"
Kedrostis nana,Kedrostis nana,NA,2026-08-11,"functional_twig was a Dimensions-project-specific designation per original 2014 documentation, not intended for general use; column removed"
Kiggelaria africana,Kiggelaria africana,NA,2026-08-11,"functional_twig was a Dimensions-project-specific designation per original 2014 documentation, not intended for general use; column removed"
Kniphofia uvaria,Kniphofia uvaria,NA,2026-08-11,"functional_twig was a Dimensions-project-specific designation per original 2014 documentation, not intended for general use; column removed"
Lachenalia elegans,Lachenalia elegans,NA,2026-08-11,"functional_twig was a Dimensions-project-specific designation per original 2014 documentation, not intended for general use; column removed"
Lachnaea densiflora,Lachnaea densiflora,NA,2026-08-11,"functional_twig was a Dimensions-project-specific designation per original 2014 documentation, not intended for general use; column removed"
Lachnaea funicaulis,Lachnaea funicaulis,NA,2026-08-11,"functional_twig was a Dimensions-project-specific designation per original 2014 documentation, not intended for general use; column removed"
Lachnaea globulifera,Lachnaea globulifera,NA,2026-08-11,"functional_twig was a Dimensions-project-specific designation per original 2014 documentation, not intended for general use; column removed"
Lachnaea glomerata,Lachnaea glomerata,NA,2026-08-11,"functional_twig was a Dimensions-project-specific designation per original 2014 documentation, not intended for general use; column removed"
Lachnaea grandiflora,Lachnaea grandiflora,NA,2026-08-11,"functional_twig was a Dimensions-project-specific designation per original 2014 documentation, not intended for general use; column removed"
Lachnaea macrantha,Lachnaea macrantha,NA,2026-08-11,"functional_twig was a Dimensions-project-specific designation per original 2014 documentation, not intended for general use; column removed"
Lachnaea penicillata,Lachnaea penicillata,NA,2026-08-11,"functional_twig was a Dimensions-project-specific designation per original 2014 documentation, not intended for general use; column removed"
Lachnaea sociorum,Lachnaea sociorum,NA,2026-08-11,"functional_twig was a Dimensions-project-specific designation per original 2014 documentation, not intended for general use; column removed"
Lachnaea striata,Lachnaea striata,NA,2026-08-11,"functional_twig was a Dimensions-project-specific designation per original 2014 documentation, not intended for general use; column removed"
Lachnospermum fasciculatum,Lachnospermum fasciculatum,NA,2026-08-11,"functional_twig was a Dimensions-project-specific designation per original 2014 documentation, not intended for general use; column removed"
Lachnospermum umbellatum,Lachnospermum umbellatum,NA,2026-08-11,"functional_twig was a Dimensions-project-specific designation per original 2014 documentation, not intended for general use; column removed"
Lampranthus bicolor,Lampranthus bicolor,NA,2026-08-11,"functional_twig was a Dimensions-project-specific designation per original 2014 documentation, not intended for general use; column removed"
Lampranthus elegans,Lampranthus elegans,NA,2026-08-11,"functional_twig was a Dimensions-project-specific designation per original 2014 documentation, not intended for general use; column removed"
Lampranthus emarginatus,Lampranthus emarginatus,NA,2026-08-11,"functional_twig was a Dimensions-project-specific designation per original 2014 documentation, not intended for general use; column removed"
Lampranthus falcatus,Lampranthus falcatus,NA,2026-08-11,"functional_twig was a Dimensions-project-specific designation per original 2014 documentation, not intended for general use; column removed"
Lampranthus falciformis,Lampranthus falciformis,NA,2026-08-11,"functional_twig was a Dimensions-project-specific designation per original 2014 documentation, not intended for general use; column removed"
Lampranthus laetus,Lampranthus laetus,NA,2026-08-11,"functional_twig was a Dimensions-project-specific designation per original 2014 documentation, not intended for general use; column removed"
Lampranthus promontorii,Lampranthus promontorii,NA,2026-08-11,"functional_twig was a Dimensions-project-specific designation per original 2014 documentation, not intended for general use; column removed"
Lampranthus scaber,Lampranthus scaber,NA,2026-08-11,"functional_twig was a Dimensions-project-specific designation per original 2014 documentation, not intended for general use; column removed"
Lampranthus stenus,Lampranthus stenus,NA,2026-08-11,"functional_twig was a Dimensions-project-specific designation per original 2014 documentation, not intended for general use; column removed"
Lampranthus tenuifolius,Lampranthus tenuifolius,NA,2026-08-11,"functional_twig was a Dimensions-project-specific designation per original 2014 documentation, not intended for general use; column removed"
Lanaria lanata,Lanaria lanata,NA,2026-08-11,"functional_twig was a Dimensions-project-specific designation per original 2014 documentation, not intended for general use; column removed"
Langebergia canescens,Langebergia canescens,NA,2026-08-11,"functional_twig was a Dimensions-project-specific designation per original 2014 documentation, not intended for general use; column removed"
Lantana rugosa,Lantana rugosa,NA,2026-08-11,"functional_twig was a Dimensions-project-specific designation per original 2014 documentation, not intended for general use; column removed"
Laurembergia repens,Laurembergia repens,NA,2026-08-11,"functional_twig was a Dimensions-project-specific designation per original 2014 documentation, not intended for general use; column removed"
Laurophyllus capensis,Laurophyllus capensis,NA,2026-08-11,"functional_twig was a Dimensions-project-specific designation per original 2014 documentation, not intended for general use; column removed"
Lebeckia longipes,Lebeckia longipes,NA,2026-08-11,"functional_twig was a Dimensions-project-specific designation per original 2014 documentation, not intended for general use; column removed"
Lebeckia meyeriana,Lebeckia meyeriana,NA,2026-08-11,"functional_twig was a Dimensions-project-specific designation per original 2014 documentation, not intended for general use; column removed"
Leonotis ocymifolia,Leonotis ocymifolia,NA,2026-08-11,"functional_twig was a Dimensions-project-specific designation per original 2014 documentation, not intended for general use; column removed"
Leucadendron album,Leucadendron album,NA,2026-08-11,"functional_twig was a Dimensions-project-specific designation per original 2014 documentation, not intended for general use; column removed"
Leucadendron coniferum,Leucadendron coniferum,NA,2026-08-11,"functional_twig was a Dimensions-project-specific designation per original 2014 documentation, not intended for general use; column removed"
Leucadendron dubium,Leucadendron dubium,NA,2026-08-11,"functional_twig was a Dimensions-project-specific designation per original 2014 documentation, not intended for general use; column removed"
Leucadendron eucalyptifolium,Leucadendron eucalyptifolium,NA,2026-08-11,"functional_twig was a Dimensions-project-specific designation per original 2014 documentation, not intended for general use; column removed"
Leucadendron gandogeri,Leucadendron gandogeri,NA,2026-08-11,"functional_twig was a Dimensions-project-specific designation per original 2014 documentation, not intended for general use; column removed"
Leucadendron glaberrimum,Leucadendron glaberrimum,NA,2026-08-11,"functional_twig was a Dimensions-project-specific designation per original 2014 documentation, not intended for general use; column removed"
Leucadendron laureolum,Leucadendron laureolum,NA,2026-08-11,"functional_twig was a Dimensions-project-specific designation per original 2014 documentation, not intended for general use; column removed"
Leucadendron microcephalum,Leucadendron microcephalum,NA,2026-08-11,"functional_twig was a Dimensions-project-specific designation per original 2014 documentation, not intended for general use; column removed"
Leucadendron nitidum,Leucadendron nitidum,NA,2026-08-11,"functional_twig was a Dimensions-project-specific designation per original 2014 documentation, not intended for general use; column removed"
Leucadendron nobile,Leucadendron nobile,NA,2026-08-11,"functional_twig was a Dimensions-project-specific designation per original 2014 documentation, not intended for general use; column removed"
Leucadendron olens,Leucadendron olens,NA,2026-08-11,"functional_twig was a Dimensions-project-specific designation per original 2014 documentation, not intended for general use; column removed"
Leucadendron pubescens,Leucadendron pubescens,NA,2026-08-11,"functional_twig was a Dimensions-project-specific designation per original 2014 documentation, not intended for general use; column removed"
Leucadendron pubibracteolatum,Leucadendron pubibracteolatum,NA,2026-08-11,"functional_twig was a Dimensions-project-specific designation per original 2014 documentation, not intended for general use; column removed"
Leucadendron rourkei,Leucadendron rourkei,NA,2026-08-11,"functional_twig was a Dimensions-project-specific designation per original 2014 documentation, not intended for general use; column removed"
Leucadendron rubrum,Leucadendron rubrum,NA,2026-08-11,"functional_twig was a Dimensions-project-specific designation per original 2014 documentation, not intended for general use; column removed"
Leucadendron salignum,Leucadendron salignum,NA,2026-08-11,"functional_twig was a Dimensions-project-specific designation per original 2014 documentation, not intended for general use; column removed"
Leucadendron sorocephalodes,Leucadendron sorocephalodes,NA,2026-08-11,"functional_twig was a Dimensions-project-specific designation per original 2014 documentation, not intended for general use; column removed"
Leucadendron spirale,Leucadendron spirale,NA,2026-08-11,"functional_twig was a Dimensions-project-specific designation per original 2014 documentation, not intended for general use; column removed"
Leucadendron spissifolium,Leucadendron spissifolium,NA,2026-08-11,"functional_twig was a Dimensions-project-specific designation per original 2014 documentation, not intended for general use; column removed"
Leucadendron tinctum,Leucadendron tinctum,NA,2026-08-11,"functional_twig was a Dimensions-project-specific designation per original 2014 documentation, not intended for general use; column removed"
Leucadendron uliginosum,Leucadendron uliginosum,NA,2026-08-11,"functional_twig was a Dimensions-project-specific designation per original 2014 documentation, not intended for general use; column removed"
Leucadendron xanthoconus,Leucadendron xanthoconus,NA,2026-08-11,"functional_twig was a Dimensions-project-specific designation per original 2014 documentation, not intended for general use; column removed"
Leucospermum calligerum,Leucospermum calligerum,NA,2026-08-11,"functional_twig was a Dimensions-project-specific designation per original 2014 documentation, not intended for general use; column removed"
Leucospermum conocarpodendron,Leucospermum conocarpodendron,NA,2026-08-11,"functional_twig was a Dimensions-project-specific designation per original 2014 documentation, not intended for general use; column removed"
Leucospermum cuneiforme,Leucospermum cuneiforme,NA,2026-08-11,"functional_twig was a Dimensions-project-specific designation per original 2014 documentation, not intended for general use; column removed"
Leucospermum erubescens,Leucospermum erubescens,NA,2026-08-11,"functional_twig was a Dimensions-project-specific designation per original 2014 documentation, not intended for general use; column removed"
Leucospermum hypophyllocarpodendron,Leucospermum hypophyllocarpodendron,NA,2026-08-11,"functional_twig was a Dimensions-project-specific designation per original 2014 documentation, not intended for general use; column removed"
Leucospermum mundii,Leucospermum mundii,NA,2026-08-11,"functional_twig was a Dimensions-project-specific designation per original 2014 documentation, not intended for general use; column removed"
Leucospermum winteri,Leucospermum winteri,NA,2026-08-11,"functional_twig was a Dimensions-project-specific designation per original 2014 documentation, not intended for general use; column removed"
Leucospermum wittebergense,Leucospermum wittebergense,NA,2026-08-11,"functional_twig was a Dimensions-project-specific designation per original 2014 documentation, not intended for general use; column removed"
Leysera gnaphalodes,Leysera gnaphalodes,NA,2026-08-11,"functional_twig was a Dimensions-project-specific designation per original 2014 documentation, not intended for general use; column removed"
Lichtensteinia lacera,Lichtensteinia lacera,NA,2026-08-11,"functional_twig was a Dimensions-project-specific designation per original 2014 documentation, not intended for general use; column removed"
Lichtensteinia latifolia,Lichtensteinia latifolia,NA,2026-08-11,"functional_twig was a Dimensions-project-specific designation per original 2014 documentation, not intended for general use; column removed"
Lidbeckia quinqueloba,Lidbeckia lobata,NA,2026-08-11,"functional_twig was a Dimensions-project-specific designation per original 2014 documentation, not intended for general use; column removed"
Limeum aethiopicum,Limeum aethiopicum,NA,2026-08-11,"functional_twig was a Dimensions-project-specific designation per original 2014 documentation, not intended for general use; column removed"
Limonium scabrum,Limonium scabrum,NA,2026-08-11,"functional_twig was a Dimensions-project-specific designation per original 2014 documentation, not intended for general use; column removed"
Linconia alopecuroidea,Linconia alopecuroidea,NA,2026-08-11,"functional_twig was a Dimensions-project-specific designation per original 2014 documentation, not intended for general use; column removed"
Linum africanum,Linum africanum,NA,2026-08-11,"functional_twig was a Dimensions-project-specific designation per original 2014 documentation, not intended for general use; column removed"
Linum gracile,Linum gracile,NA,2026-08-11,"functional_twig was a Dimensions-project-specific designation per original 2014 documentation, not intended for general use; column removed"
Linum pungens,Linum pungens,NA,2026-08-11,"functional_twig was a Dimensions-project-specific designation per original 2014 documentation, not intended for general use; column removed"
Linum thunbergii,Linum thunbergii,NA,2026-08-11,"functional_twig was a Dimensions-project-specific designation per original 2014 documentation, not intended for general use; column removed"
Liparia calycina,Liparia calycina,NA,2026-08-11,"functional_twig was a Dimensions-project-specific designation per original 2014 documentation, not intended for general use; column removed"
Liparia parva,Liparia parva,NA,2026-08-11,"functional_twig was a Dimensions-project-specific designation per original 2014 documentation, not intended for general use; column removed"
Lobelia anceps,Lobelia anceps,NA,2026-08-11,"functional_twig was a Dimensions-project-specific designation per original 2014 documentation, not intended for general use; column removed"
Lobelia capillifolia,Lobelia capillifolia,NA,2026-08-11,"functional_twig was a Dimensions-project-specific designation per original 2014 documentation, not intended for general use; column removed"
Lobelia chamaepitys,Lobelia chamaepitys,NA,2026-08-11,"functional_twig was a Dimensions-project-specific designation per original 2014 documentation, not intended for general use; column removed"
Lobelia comosa,Lobelia comosa,NA,2026-08-11,"functional_twig was a Dimensions-project-specific designation per original 2014 documentation, not intended for general use; column removed"
Lobelia coronopifolia,Lobelia coronopifolia,NA,2026-08-11,"functional_twig was a Dimensions-project-specific designation per original 2014 documentation, not intended for general use; column removed"
Lobelia jasionoides,Lobelia jasionoides,NA,2026-08-11,"functional_twig was a Dimensions-project-specific designation per original 2014 documentation, not intended for general use; column removed"
Lobelia linearis,Lobelia linearis,NA,2026-08-11,"functional_twig was a Dimensions-project-specific designation per original 2014 documentation, not intended for general use; column removed"
Lobelia neglecta,Lobelia neglecta,NA,2026-08-11,"functional_twig was a Dimensions-project-specific designation per original 2014 documentation, not intended for general use; column removed"
Lobelia patula,Lobelia patula,NA,2026-08-11,"functional_twig was a Dimensions-project-specific designation per original 2014 documentation, not intended for general use; column removed"
Lobelia pinifolia,Lobelia pinifolia,NA,2026-08-11,"functional_twig was a Dimensions-project-specific designation per original 2014 documentation, not intended for general use; column removed"
Lobelia pubescens,Lobelia pubescens,NA,2026-08-11,"functional_twig was a Dimensions-project-specific designation per original 2014 documentation, not intended for general use; column removed"
Lobelia setacea,Lobelia setacea,NA,2026-08-11,"functional_twig was a Dimensions-project-specific designation per original 2014 documentation, not intended for general use; column removed"
Lobelia tomentosa,Lobelia tomentosa,NA,2026-08-11,"functional_twig was a Dimensions-project-specific designation per original 2014 documentation, not intended for general use; column removed"
Lobostemon cinereus,Lobostemon trichotomus,NA,2026-08-11,"functional_twig was a Dimensions-project-specific designation per original 2014 documentation, not intended for general use; column removed"
Lobostemon decorus,Lobostemon decorus,NA,2026-08-11,"functional_twig was a Dimensions-project-specific designation per original 2014 documentation, not intended for general use; column removed"
Lobostemon echioides,Lobostemon echioides,NA,2026-08-11,"functional_twig was a Dimensions-project-specific designation per original 2014 documentation, not intended for general use; column removed"
Lobostemon fruticosus,Lobostemon fruticosus,NA,2026-08-11,"functional_twig was a Dimensions-project-specific designation per original 2014 documentation, not intended for general use; column removed"
Lobostemon glaucophyllus,Lobostemon glaucophyllus,NA,2026-08-11,"functional_twig was a Dimensions-project-specific designation per original 2014 documentation, not intended for general use; column removed"
Lobostemon montanus,Lobostemon montanus,NA,2026-08-11,"functional_twig was a Dimensions-project-specific designation per original 2014 documentation, not intended for general use; column removed"
Lobostemon muirii,Lobostemon muirii,NA,2026-08-11,"functional_twig was a Dimensions-project-specific designation per original 2014 documentation, not intended for general use; column removed"
Lotononis pungens,Lotononis pungens,NA,2026-08-11,"functional_twig was a Dimensions-project-specific designation per original 2014 documentation, not intended for general use; column removed"
Loxostylis alata,Loxostylis alata,NA,2026-08-11,"functional_twig was a Dimensions-project-specific designation per original 2014 documentation, not intended for general use; column removed"
Lycium afrum,Lycium afrum,NA,2026-08-11,"functional_twig was a Dimensions-project-specific designation per original 2014 documentation, not intended for general use; column removed"
Lycium ferocissimum,Lycium ferocissimum,NA,2026-08-11,"functional_twig was a Dimensions-project-specific designation per original 2014 documentation, not intended for general use; column removed"
Lycopodium zanclophyllum,Lycopodium complanatum,NA,2026-08-11,"functional_twig was a Dimensions-project-specific designation per original 2014 documentation, not intended for general use; column removed"
Machairophyllum albidum,Machairophyllum cookii,NA,2026-08-11,"functional_twig was a Dimensions-project-specific designation per original 2014 documentation, not intended for general use; column removed"
Machairophyllum bijliae,Machairophyllum acuminatum,NA,2026-08-11,"functional_twig was a Dimensions-project-specific designation per original 2014 documentation, not intended for general use; column removed"
Macledium spinosum,Dicoma spinosa,NA,2026-08-11,"functional_twig was a Dimensions-project-specific designation per original 2014 documentation, not intended for general use; column removed"
Macrostylis squarrosa,Macrostylis squarrosa,NA,2026-08-11,"functional_twig was a Dimensions-project-specific designation per original 2014 documentation, not intended for general use; column removed"
Macrostylis tenuis,Macrostylis tenuis,NA,2026-08-11,"functional_twig was a Dimensions-project-specific designation per original 2014 documentation, not intended for general use; column removed"
Macrostylis villosa,Macrostylis villosa,NA,2026-08-11,"functional_twig was a Dimensions-project-specific designation per original 2014 documentation, not intended for general use; column removed"
Mairia coriacea,Mairia coriacea,NA,2026-08-11,"functional_twig was a Dimensions-project-specific designation per original 2014 documentation, not intended for general use; column removed"
Mairia crenata,Mairia crenata,NA,2026-08-11,"functional_twig was a Dimensions-project-specific designation per original 2014 documentation, not intended for general use; column removed"
Mairia hirsuta,Mairia hirsuta,NA,2026-08-11,"functional_twig was a Dimensions-project-specific designation per original 2014 documentation, not intended for general use; column removed"
Manulea cephalotes,Manulea cephalotes,NA,2026-08-11,"functional_twig was a Dimensions-project-specific designation per original 2014 documentation, not intended for general use; column removed"
Manulea cheiranthus,Manulea cheiranthus,NA,2026-08-11,"functional_twig was a Dimensions-project-specific designation per original 2014 documentation, not intended for general use; column removed"
Manulea laxa,Manulea laxa,NA,2026-08-11,"functional_twig was a Dimensions-project-specific designation per original 2014 documentation, not intended for general use; column removed"
Manulea tomentosa,Manulea tomentosa,NA,2026-08-11,"functional_twig was a Dimensions-project-specific designation per original 2014 documentation, not intended for general use; column removed"
Mastersiella digitata,Mastersiella digitata,no,2026-08-11,"functional_twig was a Dimensions-project-specific designation per original 2014 documentation, not intended for general use; column removed"
Mastersiella purpurea,Mastersiella purpurea,yes,2026-08-11,"functional_twig was a Dimensions-project-specific designation per original 2014 documentation, not intended for general use; column removed"
Mastersiella spathulata,Mastersiella spathulata,NA,2026-08-11,"functional_twig was a Dimensions-project-specific designation per original 2014 documentation, not intended for general use; column removed"
Maurocenia frangula,Maurocenia frangula,NA,2026-08-11,"functional_twig was a Dimensions-project-specific designation per original 2014 documentation, not intended for general use; column removed"
Maytenus acuminata,Maytenus acuminata,NA,2026-08-11,"functional_twig was a Dimensions-project-specific designation per original 2014 documentation, not intended for general use; column removed"
Maytenus lucida,Maytenus lucida,NA,2026-08-11,"functional_twig was a Dimensions-project-specific designation per original 2014 documentation, not intended for general use; column removed"
Maytenus oleoides,Maytenus oleoides,NA,2026-08-11,"functional_twig was a Dimensions-project-specific designation per original 2014 documentation, not intended for general use; column removed"
Maytenus undata,Maytenus undata,NA,2026-08-11,"functional_twig was a Dimensions-project-specific designation per original 2014 documentation, not intended for general use; column removed"
Melianthus major,Melianthus major,NA,2026-08-11,"functional_twig was a Dimensions-project-specific designation per original 2014 documentation, not intended for general use; column removed"
Melica racemosa,Melica racemosa,NA,2026-08-11,"functional_twig was a Dimensions-project-specific designation per original 2014 documentation, not intended for general use; column removed"
Melinis nerviglumis,Melinis nerviglumis,NA,2026-08-11,"functional_twig was a Dimensions-project-specific designation per original 2014 documentation, not intended for general use; column removed"
Melinis repens,Melinis repens,NA,2026-08-11,"functional_twig was a Dimensions-project-specific designation per original 2014 documentation, not intended for general use; column removed"
Melolobium candicans,Melolobium candicans,NA,2026-08-11,"functional_twig was a Dimensions-project-specific designation per original 2014 documentation, not intended for general use; column removed"
Merciera azurea,Merciera azurea,NA,2026-08-11,"functional_twig was a Dimensions-project-specific designation per original 2014 documentation, not intended for general use; column removed"
Merciera brevifolia,Merciera brevifolia,NA,2026-08-11,"functional_twig was a Dimensions-project-specific designation per original 2014 documentation, not intended for general use; column removed"
Merciera tenuifolia,Merciera tenuifolia,NA,2026-08-11,"functional_twig was a Dimensions-project-specific designation per original 2014 documentation, not intended for general use; column removed"
Mesembryanthemum crystallinum,Mesembryanthemum crystallinum,NA,2026-08-11,"functional_twig was a Dimensions-project-specific designation per original 2014 documentation, not intended for general use; column removed"
Metalasia brevifolia,Metalasia brevifolia,NA,2026-08-11,"functional_twig was a Dimensions-project-specific designation per original 2014 documentation, not intended for general use; column removed"
Metalasia capitata,Metalasia capitata,NA,2026-08-11,"functional_twig was a Dimensions-project-specific designation per original 2014 documentation, not intended for general use; column removed"
Metalasia cephalotes,Metalasia cephalotes,NA,2026-08-11,"functional_twig was a Dimensions-project-specific designation per original 2014 documentation, not intended for general use; column removed"
Metalasia densa,Metalasia densa,NA,2026-08-11,"functional_twig was a Dimensions-project-specific designation per original 2014 documentation, not intended for general use; column removed"
Metalasia dregeana,Metalasia dregeana,NA,2026-08-11,"functional_twig was a Dimensions-project-specific designation per original 2014 documentation, not intended for general use; column removed"
Metalasia fastigiata,Metalasia fastigiata,NA,2026-08-11,"functional_twig was a Dimensions-project-specific designation per original 2014 documentation, not intended for general use; column removed"
Metalasia galpinii,Metalasia galpinii,NA,2026-08-11,"functional_twig was a Dimensions-project-specific designation per original 2014 documentation, not intended for general use; column removed"
Metalasia lichtensteinii,Metalasia lichtensteinii,NA,2026-08-11,"functional_twig was a Dimensions-project-specific designation per original 2014 documentation, not intended for general use; column removed"
Metalasia massonii,Metalasia massonii,NA,2026-08-11,"functional_twig was a Dimensions-project-specific designation per original 2014 documentation, not intended for general use; column removed"
Metalasia muricata,Metalasia muricata,NA,2026-08-11,"functional_twig was a Dimensions-project-specific designation per original 2014 documentation, not intended for general use; column removed"
Metalasia pallida,Metalasia pallida,NA,2026-08-11,"functional_twig was a Dimensions-project-specific designation per original 2014 documentation, not intended for general use; column removed"
Metalasia pungens,Metalasia pungens,NA,2026-08-11,"functional_twig was a Dimensions-project-specific designation per original 2014 documentation, not intended for general use; column removed"
Metalasia trivialis,Metalasia trivialis,NA,2026-08-11,"functional_twig was a Dimensions-project-specific designation per original 2014 documentation, not intended for general use; column removed"
Metrosideros angustifolia,Metrosideros angustifolia,NA,2026-08-11,"functional_twig was a Dimensions-project-specific designation per original 2014 documentation, not intended for general use; column removed"
Microdon dubius,Microdon dubius,NA,2026-08-11,"functional_twig was a Dimensions-project-specific designation per original 2014 documentation, not intended for general use; column removed"
Microloma tenuifolium,Microloma tenuifolium,NA,2026-08-11,"functional_twig was a Dimensions-project-specific designation per original 2014 documentation, not intended for general use; column removed"
Mimetes cucullatus,Mimetes cucullatus,NA,2026-08-11,"functional_twig was a Dimensions-project-specific designation per original 2014 documentation, not intended for general use; column removed"
Mimetes fimbriifolius,Mimetes fimbriifolius,NA,2026-08-11,"functional_twig was a Dimensions-project-specific designation per original 2014 documentation, not intended for general use; column removed"
Mimetes splendidus,Mimetes splendidus,NA,2026-08-11,"functional_twig was a Dimensions-project-specific designation per original 2014 documentation, not intended for general use; column removed"
Mohria caffrorum,Mohria caffrorum,NA,2026-08-11,"functional_twig was a Dimensions-project-specific designation per original 2014 documentation, not intended for general use; column removed"
Monopsis lutea,Monopsis lutea,NA,2026-08-11,"functional_twig was a Dimensions-project-specific designation per original 2014 documentation, not intended for general use; column removed"
Monsonia emarginata,Monsonia emarginata,NA,2026-08-11,"functional_twig was a Dimensions-project-specific designation per original 2014 documentation, not intended for general use; column removed"
Montinia caryophyllacea,Montinia caryophyllacea,yes,2026-08-11,"functional_twig was a Dimensions-project-specific designation per original 2014 documentation, not intended for general use; column removed"
Moraea fugax,Moraea fugax,NA,2026-08-11,"functional_twig was a Dimensions-project-specific designation per original 2014 documentation, not intended for general use; column removed"
Moraea tripetala,Moraea tripetala,NA,2026-08-11,"functional_twig was a Dimensions-project-specific designation per original 2014 documentation, not intended for general use; column removed"
Morella cordifolia,Morella cordifolia,NA,2026-08-11,"functional_twig was a Dimensions-project-specific designation per original 2014 documentation, not intended for general use; column removed"
Morella diversifolia,Morella diversifolia,NA,2026-08-11,"functional_twig was a Dimensions-project-specific designation per original 2014 documentation, not intended for general use; column removed"
Morella humilis,Morella humilis,NA,2026-08-11,"functional_twig was a Dimensions-project-specific designation per original 2014 documentation, not intended for general use; column removed"
Morella kraussiana,Morella kraussiana,NA,2026-08-11,"functional_twig was a Dimensions-project-specific designation per original 2014 documentation, not intended for general use; column removed"
Morella quercifolia,Morella quercifolia,NA,2026-08-11,"functional_twig was a Dimensions-project-specific designation per original 2014 documentation, not intended for general use; column removed"
Morella serrata,Morella serrata,NA,2026-08-11,"functional_twig was a Dimensions-project-specific designation per original 2014 documentation, not intended for general use; column removed"
Muraltia acipetala,Muraltia acipetala,NA,2026-08-11,"functional_twig was a Dimensions-project-specific designation per original 2014 documentation, not intended for general use; column removed"
Muraltia alopecuroides,Muraltia alopecuroides,NA,2026-08-11,"functional_twig was a Dimensions-project-specific designation per original 2014 documentation, not intended for general use; column removed"
Muraltia ciliaris,Muraltia ciliaris,NA,2026-08-11,"functional_twig was a Dimensions-project-specific designation per original 2014 documentation, not intended for general use; column removed"
Muraltia demissa,Muraltia demissa,NA,2026-08-11,"functional_twig was a Dimensions-project-specific designation per original 2014 documentation, not intended for general use; column removed"
Muraltia depressa,Muraltia depressa,NA,2026-08-11,"functional_twig was a Dimensions-project-specific designation per original 2014 documentation, not intended for general use; column removed"
Muraltia ericaefolia,Muraltia ericifolia,NA,2026-08-11,"functional_twig was a Dimensions-project-specific designation per original 2014 documentation, not intended for general use; column removed"
Muraltia ericoides,Muraltia ericoides,NA,2026-08-11,"functional_twig was a Dimensions-project-specific designation per original 2014 documentation, not intended for general use; column removed"
Muraltia filiformis,Muraltia filiformis,NA,2026-08-11,"functional_twig was a Dimensions-project-specific designation per original 2014 documentation, not intended for general use; column removed"
Muraltia heisteria,Muraltia heisteria,NA,2026-08-11,"functional_twig was a Dimensions-project-specific designation per original 2014 documentation, not intended for general use; column removed"
Muraltia juniperifolia,Muraltia juniperifolia,NA,2026-08-11,"functional_twig was a Dimensions-project-specific designation per original 2014 documentation, not intended for general use; column removed"
Muraltia pageae,Muraltia pageae,NA,2026-08-11,"functional_twig was a Dimensions-project-specific designation per original 2014 documentation, not intended for general use; column removed"
Muraltia pauciflora,Muraltia pauciflora,NA,2026-08-11,"functional_twig was a Dimensions-project-specific designation per original 2014 documentation, not intended for general use; column removed"
Muraltia rhamnoides,Muraltia rhamnoides,NA,2026-08-11,"functional_twig was a Dimensions-project-specific designation per original 2014 documentation, not intended for general use; column removed"
Muraltia rosmarinifolia,Muraltia rosmarinifolia,NA,2026-08-11,"functional_twig was a Dimensions-project-specific designation per original 2014 documentation, not intended for general use; column removed"
Muraltia satureioides,Muraltia satureioides,NA,2026-08-11,"functional_twig was a Dimensions-project-specific designation per original 2014 documentation, not intended for general use; column removed"
Muraltia spinosa,Nylandtia spinosa,NA,2026-08-11,"functional_twig was a Dimensions-project-specific designation per original 2014 documentation, not intended for general use; column removed"
Muraltia squarrosa,Muraltia squarrosa,NA,2026-08-11,"functional_twig was a Dimensions-project-specific designation per original 2014 documentation, not intended for general use; column removed"
Muraltia thunbergii,Muraltia thunbergii,NA,2026-08-11,"functional_twig was a Dimensions-project-specific designation per original 2014 documentation, not intended for general use; column removed"
Myrsine africana,Myrsine africana,NA,2026-08-11,"functional_twig was a Dimensions-project-specific designation per original 2014 documentation, not intended for general use; column removed"
Nanobubon strictum,Peucedanum strictum,NA,2026-08-11,"functional_twig was a Dimensions-project-specific designation per original 2014 documentation, not intended for general use; column removed"
Neesenbeckia punctoria,Neesenbeckia punctoria,no,2026-08-11,"functional_twig was a Dimensions-project-specific designation per original 2014 documentation, not intended for general use; column removed"
Nemesia barbata,Nemesia barbata,NA,2026-08-11,"functional_twig was a Dimensions-project-specific designation per original 2014 documentation, not intended for general use; column removed"
Nemesia fruticans,Nemesia fruticans,NA,2026-08-11,"functional_twig was a Dimensions-project-specific designation per original 2014 documentation, not intended for general use; column removed"
Nemesia ligulata,Nemesia ligulata,NA,2026-08-11,"functional_twig was a Dimensions-project-specific designation per original 2014 documentation, not intended for general use; column removed"
Nenax acerosa,Nenax acerosa,NA,2026-08-11,"functional_twig was a Dimensions-project-specific designation per original 2014 documentation, not intended for general use; column removed"
Nevillea obtusissima,Nevillea obtusissima,NA,2026-08-11,"functional_twig was a Dimensions-project-specific designation per original 2014 documentation, not intended for general use; column removed"
Nivenia fruticosa,Nivenia fruticosa,NA,2026-08-11,"functional_twig was a Dimensions-project-specific designation per original 2014 documentation, not intended for general use; column removed"
Nivenia levynsiae,Nivenia levynsiae,NA,2026-08-11,"functional_twig was a Dimensions-project-specific designation per original 2014 documentation, not intended for general use; column removed"
Nivenia stokoei,Nivenia stokoei,NA,2026-08-11,"functional_twig was a Dimensions-project-specific designation per original 2014 documentation, not intended for general use; column removed"
Notobubon ferulaceum,Peucedanum ferulaceum,NA,2026-08-11,"functional_twig was a Dimensions-project-specific designation per original 2014 documentation, not intended for general use; column removed"
Notobubon striatum,Peucedanum striatum,NA,2026-08-11,"functional_twig was a Dimensions-project-specific designation per original 2014 documentation, not intended for general use; column removed"
Notobubon tenuifolium,Peucedanum tenuifolium,NA,2026-08-11,"functional_twig was a Dimensions-project-specific designation per original 2014 documentation, not intended for general use; column removed"
Nymania capensis,Nymania capensis,NA,2026-08-11,"functional_twig was a Dimensions-project-specific designation per original 2014 documentation, not intended for general use; column removed"
Ochna serrulata,Ochna serrulata,NA,2026-08-11,"functional_twig was a Dimensions-project-specific designation per original 2014 documentation, not intended for general use; column removed"
Ocotea bullata,Ocotea bullata,NA,2026-08-11,"functional_twig was a Dimensions-project-specific designation per original 2014 documentation, not intended for general use; column removed"
Oedera capensis,Oedera capensis,NA,2026-08-11,"functional_twig was a Dimensions-project-specific designation per original 2014 documentation, not intended for general use; column removed"
Oedera imbricata,Oedera imbricata,NA,2026-08-11,"functional_twig was a Dimensions-project-specific designation per original 2014 documentation, not intended for general use; column removed"
Oedera sedifolia,Oedera sedifolia,NA,2026-08-11,"functional_twig was a Dimensions-project-specific designation per original 2014 documentation, not intended for general use; column removed"
Oedera squarrosa,Oedera squarrosa,NA,2026-08-11,"functional_twig was a Dimensions-project-specific designation per original 2014 documentation, not intended for general use; column removed"
Oftia africana,Oftia africana,NA,2026-08-11,"functional_twig was a Dimensions-project-specific designation per original 2014 documentation, not intended for general use; column removed"
Oldenburgia paradoxa,Oldenburgia paradoxa,NA,2026-08-11,"functional_twig was a Dimensions-project-specific designation per original 2014 documentation, not intended for general use; column removed"
Olea capensis,Olea capensis,NA,2026-08-11,"functional_twig was a Dimensions-project-specific designation per original 2014 documentation, not intended for general use; column removed"
Olea europaea,Olea europaea,NA,2026-08-11,"functional_twig was a Dimensions-project-specific designation per original 2014 documentation, not intended for general use; column removed"
Olea exasperata,Olea exasperata,NA,2026-08-11,"functional_twig was a Dimensions-project-specific designation per original 2014 documentation, not intended for general use; column removed"
Olinia ventosa,Olinia ventosa,NA,2026-08-11,"functional_twig was a Dimensions-project-specific designation per original 2014 documentation, not intended for general use; column removed"
Ornithogalum conicum,Ornithogalum conicum,NA,2026-08-11,"functional_twig was a Dimensions-project-specific designation per original 2014 documentation, not intended for general use; column removed"
Ornithogalum dubium,Ornithogalum dubium,NA,2026-08-11,"functional_twig was a Dimensions-project-specific designation per original 2014 documentation, not intended for general use; column removed"
Ornithogalum juncifolium,Ornithogalum juncifolium,NA,2026-08-11,"functional_twig was a Dimensions-project-specific designation per original 2014 documentation, not intended for general use; column removed"
Ornithogalum thyrsoides,Ornithogalum thyrsoides,NA,2026-08-11,"functional_twig was a Dimensions-project-specific designation per original 2014 documentation, not intended for general use; column removed"
Oscularia cedarbergensis,Oscularia cedarbergensis,NA,2026-08-11,"functional_twig was a Dimensions-project-specific designation per original 2014 documentation, not intended for general use; column removed"
Oscularia deltoides,Oscularia deltoides,NA,2026-08-11,"functional_twig was a Dimensions-project-specific designation per original 2014 documentation, not intended for general use; column removed"
Oscularia steenbergensis,Oscularia steenbergensis,NA,2026-08-11,"functional_twig was a Dimensions-project-specific designation per original 2014 documentation, not intended for general use; column removed"
Osmitopsis asteriscoides,Osmitopsis asteriscoides,NA,2026-08-11,"functional_twig was a Dimensions-project-specific designation per original 2014 documentation, not intended for general use; column removed"
Osmitopsis osmitoides,Osmitopsis osmitoides,NA,2026-08-11,"functional_twig was a Dimensions-project-specific designation per original 2014 documentation, not intended for general use; column removed"
Osmitopsis parvifolia,Osmitopsis parvifolia,NA,2026-08-11,"functional_twig was a Dimensions-project-specific designation per original 2014 documentation, not intended for general use; column removed"
Osteospermum bidens,Osteospermum bidens,NA,2026-08-11,"functional_twig was a Dimensions-project-specific designation per original 2014 documentation, not intended for general use; column removed"
Osteospermum connatum,Tripteris amplexicaulis,NA,2026-08-11,"functional_twig was a Dimensions-project-specific designation per original 2014 documentation, not intended for general use; column removed"
Osteospermum corymbosum,Osteospermum corymbosum,NA,2026-08-11,"functional_twig was a Dimensions-project-specific designation per original 2014 documentation, not intended for general use; column removed"
Osteospermum glabrum,Osteospermum glabrum,NA,2026-08-11,"functional_twig was a Dimensions-project-specific designation per original 2014 documentation, not intended for general use; column removed"
Osteospermum ilicifolium,Gibbaria ilicifolia,NA,2026-08-11,"functional_twig was a Dimensions-project-specific designation per original 2014 documentation, not intended for general use; column removed"
Osteospermum junceum,Osteospermum junceum,NA,2026-08-11,"functional_twig was a Dimensions-project-specific designation per original 2014 documentation, not intended for general use; column removed"
Osteospermum moniliferum,Chrysanthemoides monilifera,NA,2026-08-11,"functional_twig was a Dimensions-project-specific designation per original 2014 documentation, not intended for general use; column removed"
Osteospermum monstrosum,Tripteris clandestina,NA,2026-08-11,"functional_twig was a Dimensions-project-specific designation per original 2014 documentation, not intended for general use; column removed"
Osteospermum polygaloides,Osteospermum polygaloides,NA,2026-08-11,"functional_twig was a Dimensions-project-specific designation per original 2014 documentation, not intended for general use; column removed"
Osteospermum rigidum,Osteospermum rigidum,NA,2026-08-11,"functional_twig was a Dimensions-project-specific designation per original 2014 documentation, not intended for general use; column removed"
Osteospermum rotundifolium,Osteospermum rotundifolium,NA,2026-08-11,"functional_twig was a Dimensions-project-specific designation per original 2014 documentation, not intended for general use; column removed"
Osteospermum scabrum,Gibbaria scabra,NA,2026-08-11,"functional_twig was a Dimensions-project-specific designation per original 2014 documentation, not intended for general use; column removed"
Osteospermum triquetrum,Osteospermum triquetrum,NA,2026-08-11,"functional_twig was a Dimensions-project-specific designation per original 2014 documentation, not intended for general use; column removed"
Otholobium bracteolatum,Otholobium bracteolatum,NA,2026-08-11,"functional_twig was a Dimensions-project-specific designation per original 2014 documentation, not intended for general use; column removed"
Otholobium carneum,Otholobium carneum,NA,2026-08-11,"functional_twig was a Dimensions-project-specific designation per original 2014 documentation, not intended for general use; column removed"
Otholobium fruticans,Otholobium fruticans,NA,2026-08-11,"functional_twig was a Dimensions-project-specific designation per original 2014 documentation, not intended for general use; column removed"
Otholobium pictum,Otholobium pictum,NA,2026-08-11,"functional_twig was a Dimensions-project-specific designation per original 2014 documentation, not intended for general use; column removed"
Othonna arborescens,Othonna arborescens,NA,2026-08-11,"functional_twig was a Dimensions-project-specific designation per original 2014 documentation, not intended for general use; column removed"
Othonna auriculifolia,Othonna auriculifolia,NA,2026-08-11,"functional_twig was a Dimensions-project-specific designation per original 2014 documentation, not intended for general use; column removed"
Othonna carnosa,Othonna carnosa,NA,2026-08-11,"functional_twig was a Dimensions-project-specific designation per original 2014 documentation, not intended for general use; column removed"
Othonna digitata,Othonna digitata,NA,2026-08-11,"functional_twig was a Dimensions-project-specific designation per original 2014 documentation, not intended for general use; column removed"
Othonna perfoliata,Othonna amplexifolia,NA,2026-08-11,"functional_twig was a Dimensions-project-specific designation per original 2014 documentation, not intended for general use; column removed"
Othonna quinquedentata,Othonna quinquedentata,NA,2026-08-11,"functional_twig was a Dimensions-project-specific designation per original 2014 documentation, not intended for general use; column removed"
Othonna retrofracta,Othonna retrofracta,NA,2026-08-11,"functional_twig was a Dimensions-project-specific designation per original 2014 documentation, not intended for general use; column removed"
Oxalis algoensis,Oxalis algoensis,NA,2026-08-11,"functional_twig was a Dimensions-project-specific designation per original 2014 documentation, not intended for general use; column removed"
Oxalis obtusa,Oxalis obtusa,NA,2026-08-11,"functional_twig was a Dimensions-project-specific designation per original 2014 documentation, not intended for general use; column removed"
Oxalis purpurea,Oxalis purpurea,NA,2026-08-11,"functional_twig was a Dimensions-project-specific designation per original 2014 documentation, not intended for general use; column removed"
Oxalis stellata,Oxalis stellata,NA,2026-08-11,"functional_twig was a Dimensions-project-specific designation per original 2014 documentation, not intended for general use; column removed"
Oxalis versicolor,Oxalis versicolor,NA,2026-08-11,"functional_twig was a Dimensions-project-specific designation per original 2014 documentation, not intended for general use; column removed"
Pachycarpus dealbatus,Pachycarpus dealbatus,NA,2026-08-11,"functional_twig was a Dimensions-project-specific designation per original 2014 documentation, not intended for general use; column removed"
Pachypodium bispinosum,Pachypodium bispinosum,NA,2026-08-11,"functional_twig was a Dimensions-project-specific designation per original 2014 documentation, not intended for general use; column removed"
Pachypodium succulentum,Pachypodium succulentum,NA,2026-08-11,"functional_twig was a Dimensions-project-specific designation per original 2014 documentation, not intended for general use; column removed"
Panicum maximum,Panicum maximum,NA,2026-08-11,"functional_twig was a Dimensions-project-specific designation per original 2014 documentation, not intended for general use; column removed"
Pappea capensis,Pappea capensis,NA,2026-08-11,"functional_twig was a Dimensions-project-specific designation per original 2014 documentation, not intended for general use; column removed"
Paranomus bracteolaris,Paranomus bracteolaris,NA,2026-08-11,"functional_twig was a Dimensions-project-specific designation per original 2014 documentation, not intended for general use; column removed"
Paranomus esterhuyseniae,Paranomus esterhuyseniae,NA,2026-08-11,"functional_twig was a Dimensions-project-specific designation per original 2014 documentation, not intended for general use; column removed"
Paranomus spathulatus,Paranomus spathulatus,NA,2026-08-11,"functional_twig was a Dimensions-project-specific designation per original 2014 documentation, not intended for general use; column removed"
Paranomus tomentosus,Paranomus tomentosus,NA,2026-08-11,"functional_twig was a Dimensions-project-specific designation per original 2014 documentation, not intended for general use; column removed"
Passerina corymbosa,Passerina vulgaris,NA,2026-08-11,"functional_twig was a Dimensions-project-specific designation per original 2014 documentation, not intended for general use; column removed"
Passerina obtusifolia,Passerina obtusifolia,NA,2026-08-11,"functional_twig was a Dimensions-project-specific designation per original 2014 documentation, not intended for general use; column removed"
Passerina paleacea,Passerina paleacea,NA,2026-08-11,"functional_twig was a Dimensions-project-specific designation per original 2014 documentation, not intended for general use; column removed"
Passerina rigida,Passerina rigida,NA,2026-08-11,"functional_twig was a Dimensions-project-specific designation per original 2014 documentation, not intended for general use; column removed"
Passerina truncata,Passerina glomerata,NA,2026-08-11,"functional_twig was a Dimensions-project-specific designation per original 2014 documentation, not intended for general use; column removed"
Pegolettia baccaridifolia,Pegolettia baccaridifolia,NA,2026-08-11,"functional_twig was a Dimensions-project-specific designation per original 2014 documentation, not intended for general use; column removed"
Pelargonium alchemilloides,Pelargonium alchemilloides,NA,2026-08-11,"functional_twig was a Dimensions-project-specific designation per original 2014 documentation, not intended for general use; column removed"
Pelargonium alternans,Pelargonium alternans,NA,2026-08-11,"functional_twig was a Dimensions-project-specific designation per original 2014 documentation, not intended for general use; column removed"
Pelargonium betulinum,Pelargonium betulinum,NA,2026-08-11,"functional_twig was a Dimensions-project-specific designation per original 2014 documentation, not intended for general use; column removed"
Pelargonium candicans,Pelargonium candicans,NA,2026-08-11,"functional_twig was a Dimensions-project-specific designation per original 2014 documentation, not intended for general use; column removed"
Pelargonium capitatum,Pelargonium capitatum,NA,2026-08-11,"functional_twig was a Dimensions-project-specific designation per original 2014 documentation, not intended for general use; column removed"
Pelargonium caucalifolium,Pelargonium caucalifolium,NA,2026-08-11,"functional_twig was a Dimensions-project-specific designation per original 2014 documentation, not intended for general use; column removed"
Pelargonium cordifolium,Pelargonium cordifolium,NA,2026-08-11,"functional_twig was a Dimensions-project-specific designation per original 2014 documentation, not intended for general use; column removed"
Pelargonium coronopifolium,Pelargonium coronopifolium,NA,2026-08-11,"functional_twig was a Dimensions-project-specific designation per original 2014 documentation, not intended for general use; column removed"
Pelargonium cucullatum,Pelargonium cucullatum,NA,2026-08-11,"functional_twig was a Dimensions-project-specific designation per original 2014 documentation, not intended for general use; column removed"
Pelargonium englerianum,Pelargonium englerianum,NA,2026-08-11,"functional_twig was a Dimensions-project-specific designation per original 2014 documentation, not intended for general use; column removed"
Pelargonium fruticosum,Pelargonium fruticosum,NA,2026-08-11,"functional_twig was a Dimensions-project-specific designation per original 2014 documentation, not intended for general use; column removed"
Pelargonium gibbosum,Pelargonium gibbosum,NA,2026-08-11,"functional_twig was a Dimensions-project-specific designation per original 2014 documentation, not intended for general use; column removed"
Pelargonium grossularioides,Pelargonium grossularioides,NA,2026-08-11,"functional_twig was a Dimensions-project-specific designation per original 2014 documentation, not intended for general use; column removed"
Pelargonium laevigatum,Pelargonium laevigatum,NA,2026-08-11,"functional_twig was a Dimensions-project-specific designation per original 2014 documentation, not intended for general use; column removed"
Pelargonium longifolium,Pelargonium longifolium,NA,2026-08-11,"functional_twig was a Dimensions-project-specific designation per original 2014 documentation, not intended for general use; column removed"
Pelargonium multicaule,Pelargonium multicaule,NA,2026-08-11,"functional_twig was a Dimensions-project-specific designation per original 2014 documentation, not intended for general use; column removed"
Pelargonium myrrhifolium,Pelargonium myrrhifolium,NA,2026-08-11,"functional_twig was a Dimensions-project-specific designation per original 2014 documentation, not intended for general use; column removed"
Pelargonium odoratissimum,Pelargonium odoratissimum,NA,2026-08-11,"functional_twig was a Dimensions-project-specific designation per original 2014 documentation, not intended for general use; column removed"
Pelargonium ovale,Pelargonium ovale,NA,2026-08-11,"functional_twig was a Dimensions-project-specific designation per original 2014 documentation, not intended for general use; column removed"
Pelargonium panduriforme,Pelargonium panduriforme,NA,2026-08-11,"functional_twig was a Dimensions-project-specific designation per original 2014 documentation, not intended for general use; column removed"
Pelargonium peltatum,Pelargonium peltatum,NA,2026-08-11,"functional_twig was a Dimensions-project-specific designation per original 2014 documentation, not intended for general use; column removed"
Pelargonium pulverulentum,Pelargonium pulverulentum,NA,2026-08-11,"functional_twig was a Dimensions-project-specific designation per original 2014 documentation, not intended for general use; column removed"
Pelargonium reniforme,Pelargonium reniforme,NA,2026-08-11,"functional_twig was a Dimensions-project-specific designation per original 2014 documentation, not intended for general use; column removed"
Pelargonium scabrum,Pelargonium scabrum,NA,2026-08-11,"functional_twig was a Dimensions-project-specific designation per original 2014 documentation, not intended for general use; column removed"
Pelargonium schizopetalum,Pelargonium schizopetalum,NA,2026-08-11,"functional_twig was a Dimensions-project-specific designation per original 2014 documentation, not intended for general use; column removed"
Pelargonium sidoides,Pelargonium sidoides,NA,2026-08-11,"functional_twig was a Dimensions-project-specific designation per original 2014 documentation, not intended for general use; column removed"
Pelargonium tabulare,Pelargonium tabulare,NA,2026-08-11,"functional_twig was a Dimensions-project-specific designation per original 2014 documentation, not intended for general use; column removed"
Pelargonium ternatum,Pelargonium ternatum,NA,2026-08-11,"functional_twig was a Dimensions-project-specific designation per original 2014 documentation, not intended for general use; column removed"
Pelargonium tetragonum,Pelargonium tetragonum,NA,2026-08-11,"functional_twig was a Dimensions-project-specific designation per original 2014 documentation, not intended for general use; column removed"
Pelargonium triandrum,Pelargonium triandrum,NA,2026-08-11,"functional_twig was a Dimensions-project-specific designation per original 2014 documentation, not intended for general use; column removed"
Pelargonium tricolor,Pelargonium tricolor,NA,2026-08-11,"functional_twig was a Dimensions-project-specific designation per original 2014 documentation, not intended for general use; column removed"
Pelargonium triphyllum,Pelargonium triphyllum,NA,2026-08-11,"functional_twig was a Dimensions-project-specific designation per original 2014 documentation, not intended for general use; column removed"
Pelargonium triste,Pelargonium triste,NA,2026-08-11,"functional_twig was a Dimensions-project-specific designation per original 2014 documentation, not intended for general use; column removed"
Pelargonium zonale,Pelargonium zonale,NA,2026-08-11,"functional_twig was a Dimensions-project-specific designation per original 2014 documentation, not intended for general use; column removed"
Pellaea calomelanos,Pellaea calomelanos,NA,2026-08-11,"functional_twig was a Dimensions-project-specific designation per original 2014 documentation, not intended for general use; column removed"
Penaea cneorum,Penaea cneorum,NA,2026-08-11,"functional_twig was a Dimensions-project-specific designation per original 2014 documentation, not intended for general use; column removed"
Penaea mucronata,Penaea mucronata,NA,2026-08-11,"functional_twig was a Dimensions-project-specific designation per original 2014 documentation, not intended for general use; column removed"
Pentameris acinosa,Pentaschistis acinosa,NA,2026-08-11,"functional_twig was a Dimensions-project-specific designation per original 2014 documentation, not intended for general use; column removed"
Pentameris ampla,Pentaschistis ampla,NA,2026-08-11,"functional_twig was a Dimensions-project-specific designation per original 2014 documentation, not intended for general use; column removed"
Pentameris aristidoides,Pentaschistis aristidoides,NA,2026-08-11,"functional_twig was a Dimensions-project-specific designation per original 2014 documentation, not intended for general use; column removed"
Pentameris aurea,Pentaschistis aurea,NA,2026-08-11,"functional_twig was a Dimensions-project-specific designation per original 2014 documentation, not intended for general use; column removed"
Pentameris colorata,Pentaschistis colorata,NA,2026-08-11,"functional_twig was a Dimensions-project-specific designation per original 2014 documentation, not intended for general use; column removed"
Pentameris curvifolia,Pentaschistis curvifolia,NA,2026-08-11,"functional_twig was a Dimensions-project-specific designation per original 2014 documentation, not intended for general use; column removed"
Pentameris distichophylla,Pentameris distichophylla,NA,2026-08-11,"functional_twig was a Dimensions-project-specific designation per original 2014 documentation, not intended for general use; column removed"
Pentameris eriostoma,Pentaschistis eriostoma,NA,2026-08-11,"functional_twig was a Dimensions-project-specific designation per original 2014 documentation, not intended for general use; column removed"
Pentameris macrocalycina,Pentameris macrocalycina,NA,2026-08-11,"functional_twig was a Dimensions-project-specific designation per original 2014 documentation, not intended for general use; column removed"
Pentameris malouinensis,Pentaschistis malouinensis,NA,2026-08-11,"functional_twig was a Dimensions-project-specific designation per original 2014 documentation, not intended for general use; column removed"
Pentameris pallida,Pentaschistis pallida,NA,2026-08-11,"functional_twig was a Dimensions-project-specific designation per original 2014 documentation, not intended for general use; column removed"
Pentameris scabra,Pentaschistis papillosa,NA,2026-08-11,"functional_twig was a Dimensions-project-specific designation per original 2014 documentation, not intended for general use; column removed"
Pentameris thuarii,Pentameris thuarii,NA,2026-08-11,"functional_twig was a Dimensions-project-specific designation per original 2014 documentation, not intended for general use; column removed"
Pentameris velutina,Pentaschistis velutina,NA,2026-08-11,"functional_twig was a Dimensions-project-specific designation per original 2014 documentation, not intended for general use; column removed"
Pentameris viscidula,Pentaschistis viscidula,NA,2026-08-11,"functional_twig was a Dimensions-project-specific designation per original 2014 documentation, not intended for general use; column removed"
Pentzia elegans,Pentzia elegans,NA,2026-08-11,"functional_twig was a Dimensions-project-specific designation per original 2014 documentation, not intended for general use; column removed"
Pentzia incana,Pentzia incana,NA,2026-08-11,"functional_twig was a Dimensions-project-specific designation per original 2014 documentation, not intended for general use; column removed"
Peperomia retusa,Peperomia retusa,NA,2026-08-11,"functional_twig was a Dimensions-project-specific designation per original 2014 documentation, not intended for general use; column removed"
Petalacte coronata,Petalacte coronata,NA,2026-08-11,"functional_twig was a Dimensions-project-specific designation per original 2014 documentation, not intended for general use; column removed"
Phaenocoma prolifera,Phaenocoma prolifera,yes,2026-08-11,"functional_twig was a Dimensions-project-specific designation per original 2014 documentation, not intended for general use; column removed"
Pharnaceum cordifolium,Pharnaceum cordifolium,NA,2026-08-11,"functional_twig was a Dimensions-project-specific designation per original 2014 documentation, not intended for general use; column removed"
Pharnaceum incanum,Pharnaceum incanum,NA,2026-08-11,"functional_twig was a Dimensions-project-specific designation per original 2014 documentation, not intended for general use; column removed"
Pharnaceum lanuginosum,Pharnaceum lanatum,NA,2026-08-11,"functional_twig was a Dimensions-project-specific designation per original 2014 documentation, not intended for general use; column removed"
Phiambolia hallii,Phiambolia hallii,NA,2026-08-11,"functional_twig was a Dimensions-project-specific designation per original 2014 documentation, not intended for general use; column removed"
Phiambolia mentiens,Phiambolia mentiens,NA,2026-08-11,"functional_twig was a Dimensions-project-specific designation per original 2014 documentation, not intended for general use; column removed"
Phragmites australis,Phragmites australis,NA,2026-08-11,"functional_twig was a Dimensions-project-specific designation per original 2014 documentation, not intended for general use; column removed"
Phylica abietina,Phylica abietina,NA,2026-08-11,"functional_twig was a Dimensions-project-specific designation per original 2014 documentation, not intended for general use; column removed"
Phylica ambigua,Phylica ambigua,NA,2026-08-11,"functional_twig was a Dimensions-project-specific designation per original 2014 documentation, not intended for general use; column removed"
Phylica atrata,Phylica atrata,NA,2026-08-11,"functional_twig was a Dimensions-project-specific designation per original 2014 documentation, not intended for general use; column removed"
Phylica axillaris,Phylica axillaris,NA,2026-08-11,"functional_twig was a Dimensions-project-specific designation per original 2014 documentation, not intended for general use; column removed"
Phylica barnardii,Phylica barnardii,NA,2026-08-11,"functional_twig was a Dimensions-project-specific designation per original 2014 documentation, not intended for general use; column removed"
Phylica buxifolia,Phylica buxifolia,NA,2026-08-11,"functional_twig was a Dimensions-project-specific designation per original 2014 documentation, not intended for general use; column removed"
Phylica cryptandroides,Phylica cryptandroides,NA,2026-08-11,"functional_twig was a Dimensions-project-specific designation per original 2014 documentation, not intended for general use; column removed"
Phylica debilis,Phylica debilis,NA,2026-08-11,"functional_twig was a Dimensions-project-specific designation per original 2014 documentation, not intended for general use; column removed"
Phylica dodii,Phylica dodii,NA,2026-08-11,"functional_twig was a Dimensions-project-specific designation per original 2014 documentation, not intended for general use; column removed"
Phylica ericoides,Phylica ericoides,NA,2026-08-11,"functional_twig was a Dimensions-project-specific designation per original 2014 documentation, not intended for general use; column removed"
Phylica fruticosa,Phylica fruticosa,NA,2026-08-11,"functional_twig was a Dimensions-project-specific designation per original 2014 documentation, not intended for general use; column removed"
Phylica humilis,Phylica humilis,NA,2026-08-11,"functional_twig was a Dimensions-project-specific designation per original 2014 documentation, not intended for general use; column removed"
Phylica imberbis,Phylica imberbis,NA,2026-08-11,"functional_twig was a Dimensions-project-specific designation per original 2014 documentation, not intended for general use; column removed"
Phylica lachneaeoides,Phylica lachneaeoides,NA,2026-08-11,"functional_twig was a Dimensions-project-specific designation per original 2014 documentation, not intended for general use; column removed"
Phylica lasiocarpa,Phylica lasiocarpa,NA,2026-08-11,"functional_twig was a Dimensions-project-specific designation per original 2014 documentation, not intended for general use; column removed"
Phylica leipoldtii,Phylica leipoldtii,NA,2026-08-11,"functional_twig was a Dimensions-project-specific designation per original 2014 documentation, not intended for general use; column removed"
Phylica mairei,Phylica mairei,NA,2026-08-11,"functional_twig was a Dimensions-project-specific designation per original 2014 documentation, not intended for general use; column removed"
Phylica oleaefolia,Phylica oleaefolia,NA,2026-08-11,"functional_twig was a Dimensions-project-specific designation per original 2014 documentation, not intended for general use; column removed"
Phylica paniculata,Phylica paniculata,NA,2026-08-11,"functional_twig was a Dimensions-project-specific designation per original 2014 documentation, not intended for general use; column removed"
Phylica parviflora,Phylica parviflora,NA,2026-08-11,"functional_twig was a Dimensions-project-specific designation per original 2014 documentation, not intended for general use; column removed"
Phylica pinea,Phylica pinea,NA,2026-08-11,"functional_twig was a Dimensions-project-specific designation per original 2014 documentation, not intended for general use; column removed"
Phylica purpurea,Phylica purpurea,NA,2026-08-11,"functional_twig was a Dimensions-project-specific designation per original 2014 documentation, not intended for general use; column removed"
Phylica rigida,Phylica rigida,NA,2026-08-11,"functional_twig was a Dimensions-project-specific designation per original 2014 documentation, not intended for general use; column removed"
Phylica rigidifolia,Phylica rigidifolia,NA,2026-08-11,"functional_twig was a Dimensions-project-specific designation per original 2014 documentation, not intended for general use; column removed"
Phylica rubra,Phylica rubra,NA,2026-08-11,"functional_twig was a Dimensions-project-specific designation per original 2014 documentation, not intended for general use; column removed"
Phylica spicata,Phylica spicata,NA,2026-08-11,"functional_twig was a Dimensions-project-specific designation per original 2014 documentation, not intended for general use; column removed"
Phylica villosa,Phylica villosa,NA,2026-08-11,"functional_twig was a Dimensions-project-specific designation per original 2014 documentation, not intended for general use; column removed"
Phyllosma capensis,Phyllosma capensis,NA,2026-08-11,"functional_twig was a Dimensions-project-specific designation per original 2014 documentation, not intended for general use; column removed"
Pittosporum viridiflorum,Pittosporum viridiflorum,NA,2026-08-11,"functional_twig was a Dimensions-project-specific designation per original 2014 documentation, not intended for general use; column removed"
Plantago crassifolia,Plantago crassifolia,NA,2026-08-11,"functional_twig was a Dimensions-project-specific designation per original 2014 documentation, not intended for general use; column removed"
Platycaulos acutus,Platycaulos acutus,NA,2026-08-11,"functional_twig was a Dimensions-project-specific designation per original 2014 documentation, not intended for general use; column removed"
Platycaulos anceps,Platycaulos anceps,no,2026-08-11,"functional_twig was a Dimensions-project-specific designation per original 2014 documentation, not intended for general use; column removed"
Platycaulos compressus,Platycaulos compressus,no,2026-08-11,"functional_twig was a Dimensions-project-specific designation per original 2014 documentation, not intended for general use; column removed"
Platycaulos major,Platycaulos major,NA,2026-08-11,"functional_twig was a Dimensions-project-specific designation per original 2014 documentation, not intended for general use; column removed"
Platylophus trifoliatus,Platylophus trifoliatus,NA,2026-08-11,"functional_twig was a Dimensions-project-specific designation per original 2014 documentation, not intended for general use; column removed"
Plecostachys serpyllifolia,Plecostachys serpyllifolia,NA,2026-08-11,"functional_twig was a Dimensions-project-specific designation per original 2014 documentation, not intended for general use; column removed"
Plectranthus fruticosus,Plectranthus fruticosus,NA,2026-08-11,"functional_twig was a Dimensions-project-specific designation per original 2014 documentation, not intended for general use; column removed"
Plumbago auriculata,Plumbago auriculata,NA,2026-08-11,"functional_twig was a Dimensions-project-specific designation per original 2014 documentation, not intended for general use; column removed"
Podalyria biflora,Podalyria biflora,NA,2026-08-11,"functional_twig was a Dimensions-project-specific designation per original 2014 documentation, not intended for general use; column removed"
Podalyria burchellii,Podalyria burchellii,NA,2026-08-11,"functional_twig was a Dimensions-project-specific designation per original 2014 documentation, not intended for general use; column removed"
Podalyria calyptrata,Podalyria calyptrata,NA,2026-08-11,"functional_twig was a Dimensions-project-specific designation per original 2014 documentation, not intended for general use; column removed"
Podocarpus elongatus,Podocarpus elongatus,NA,2026-08-11,"functional_twig was a Dimensions-project-specific designation per original 2014 documentation, not intended for general use; column removed"
Podocarpus latifolius,Podocarpus latifolius,NA,2026-08-11,"functional_twig was a Dimensions-project-specific designation per original 2014 documentation, not intended for general use; column removed"
Pollichia campestris,Pollichia campestris,NA,2026-08-11,"functional_twig was a Dimensions-project-specific designation per original 2014 documentation, not intended for general use; column removed"
Polpoda capensis,Polpoda capensis,NA,2026-08-11,"functional_twig was a Dimensions-project-specific designation per original 2014 documentation, not intended for general use; column removed"
Polyarrhena reflexa,Polyarrhena reflexa,NA,2026-08-11,"functional_twig was a Dimensions-project-specific designation per original 2014 documentation, not intended for general use; column removed"
Polygala asbestina,Polygala asbestina,NA,2026-08-11,"functional_twig was a Dimensions-project-specific designation per original 2014 documentation, not intended for general use; column removed"
Polygala brachyphylla,Polygala brachyphylla,NA,2026-08-11,"functional_twig was a Dimensions-project-specific designation per original 2014 documentation, not intended for general use; column removed"
Polygala bracteolata,Polygala bracteolata,NA,2026-08-11,"functional_twig was a Dimensions-project-specific designation per original 2014 documentation, not intended for general use; column removed"
Polygala ericaefolia,Polygala ericaefolia,NA,2026-08-11,"functional_twig was a Dimensions-project-specific designation per original 2014 documentation, not intended for general use; column removed"
Polygala fruticosa,Polygala fruticosa,NA,2026-08-11,"functional_twig was a Dimensions-project-specific designation per original 2014 documentation, not intended for general use; column removed"
Polygala garcinii,Polygala garcinii,NA,2026-08-11,"functional_twig was a Dimensions-project-specific designation per original 2014 documentation, not intended for general use; column removed"
Polygala illepida,Polygala illepida,NA,2026-08-11,"functional_twig was a Dimensions-project-specific designation per original 2014 documentation, not intended for general use; column removed"
Polygala microlopha,Polygala microlopha,NA,2026-08-11,"functional_twig was a Dimensions-project-specific designation per original 2014 documentation, not intended for general use; column removed"
Polygala myrtifolia,Polygala myrtifolia,NA,2026-08-11,"functional_twig was a Dimensions-project-specific designation per original 2014 documentation, not intended for general use; column removed"
Polygala pappeana,Polygala pappeana,NA,2026-08-11,"functional_twig was a Dimensions-project-specific designation per original 2014 documentation, not intended for general use; column removed"
Polygala recognita,Polygala recognita,NA,2026-08-11,"functional_twig was a Dimensions-project-specific designation per original 2014 documentation, not intended for general use; column removed"
Polygala refracta,Polygala refracta,NA,2026-08-11,"functional_twig was a Dimensions-project-specific designation per original 2014 documentation, not intended for general use; column removed"
Polygala umbellata,Polygala umbellata,NA,2026-08-11,"functional_twig was a Dimensions-project-specific designation per original 2014 documentation, not intended for general use; column removed"
Polygala virgata,Polygala virgata,NA,2026-08-11,"functional_twig was a Dimensions-project-specific designation per original 2014 documentation, not intended for general use; column removed"
Polygala wittebergensis,Polygala wittebergensis,NA,2026-08-11,"functional_twig was a Dimensions-project-specific designation per original 2014 documentation, not intended for general use; column removed"
Polypogon strictus,Polypogon strictus,NA,2026-08-11,"functional_twig was a Dimensions-project-specific designation per original 2014 documentation, not intended for general use; column removed"
Portulacaria afra,Portulacaria afra,NA,2026-08-11,"functional_twig was a Dimensions-project-specific designation per original 2014 documentation, not intended for general use; column removed"
Printzia polifolia,Printzia polifolia,NA,2026-08-11,"functional_twig was a Dimensions-project-specific designation per original 2014 documentation, not intended for general use; column removed"
Prionium serratum,Prionium serratum,NA,2026-08-11,"functional_twig was a Dimensions-project-specific designation per original 2014 documentation, not intended for general use; column removed"
Prismatocarpus brevilobus,Prismatocarpus brevilobus,NA,2026-08-11,"functional_twig was a Dimensions-project-specific designation per original 2014 documentation, not intended for general use; column removed"
Prismatocarpus fruticosus,Prismatocarpus fruticosus,NA,2026-08-11,"functional_twig was a Dimensions-project-specific designation per original 2014 documentation, not intended for general use; column removed"
Prismatocarpus sessilis,Prismatocarpus sessilis,NA,2026-08-11,"functional_twig was a Dimensions-project-specific designation per original 2014 documentation, not intended for general use; column removed"
Protea acaulos,Protea acaulos,NA,2026-08-11,"functional_twig was a Dimensions-project-specific designation per original 2014 documentation, not intended for general use; column removed"
Protea acuminata,Protea acuminata,NA,2026-08-11,"functional_twig was a Dimensions-project-specific designation per original 2014 documentation, not intended for general use; column removed"
Protea angustata,Protea angustata,NA,2026-08-11,"functional_twig was a Dimensions-project-specific designation per original 2014 documentation, not intended for general use; column removed"
Protea aspera,Protea aspera,NA,2026-08-11,"functional_twig was a Dimensions-project-specific designation per original 2014 documentation, not intended for general use; column removed"
Protea aurea,Protea aurea,NA,2026-08-11,"functional_twig was a Dimensions-project-specific designation per original 2014 documentation, not intended for general use; column removed"
Protea cordata,Protea cordata,NA,2026-08-11,"functional_twig was a Dimensions-project-specific designation per original 2014 documentation, not intended for general use; column removed"
Protea cynaroides,Protea cynaroides,NA,2026-08-11,"functional_twig was a Dimensions-project-specific designation per original 2014 documentation, not intended for general use; column removed"
Protea eximia,Protea eximia,NA,2026-08-11,"functional_twig was a Dimensions-project-specific designation per original 2014 documentation, not intended for general use; column removed"
Protea glabra,Protea glabra,NA,2026-08-11,"functional_twig was a Dimensions-project-specific designation per original 2014 documentation, not intended for general use; column removed"
Protea grandiceps,Protea grandiceps,NA,2026-08-11,"functional_twig was a Dimensions-project-specific designation per original 2014 documentation, not intended for general use; column removed"
Protea intonsa,Protea intonsa,NA,2026-08-11,"functional_twig was a Dimensions-project-specific designation per original 2014 documentation, not intended for general use; column removed"
Protea laevis,Protea laevis,NA,2026-08-11,"functional_twig was a Dimensions-project-specific designation per original 2014 documentation, not intended for general use; column removed"
Protea laurifolia,Protea laurifolia,NA,2026-08-11,"functional_twig was a Dimensions-project-specific designation per original 2014 documentation, not intended for general use; column removed"
Protea lepidocarpodendron,Protea lepidocarpodendron,NA,2026-08-11,"functional_twig was a Dimensions-project-specific designation per original 2014 documentation, not intended for general use; column removed"
Protea lorea,Protea lorea,NA,2026-08-11,"functional_twig was a Dimensions-project-specific designation per original 2014 documentation, not intended for general use; column removed"
Protea lorifolia,Protea lorifolia,NA,2026-08-11,"functional_twig was a Dimensions-project-specific designation per original 2014 documentation, not intended for general use; column removed"
Protea mundii,Protea mundii,NA,2026-08-11,"functional_twig was a Dimensions-project-specific designation per original 2014 documentation, not intended for general use; column removed"
Protea neriifolia,Protea neriifolia,NA,2026-08-11,"functional_twig was a Dimensions-project-specific designation per original 2014 documentation, not intended for general use; column removed"
Protea nitida,Protea nitida,NA,2026-08-11,"functional_twig was a Dimensions-project-specific designation per original 2014 documentation, not intended for general use; column removed"
Protea piscina,Protea piscina,NA,2026-08-11,"functional_twig was a Dimensions-project-specific designation per original 2014 documentation, not intended for general use; column removed"
Protea punctata,Protea punctata,NA,2026-08-11,"functional_twig was a Dimensions-project-specific designation per original 2014 documentation, not intended for general use; column removed"
Protea repens,Protea repens,NA,2026-08-11,"functional_twig was a Dimensions-project-specific designation per original 2014 documentation, not intended for general use; column removed"
Protea scabra,Protea scabra,NA,2026-08-11,"functional_twig was a Dimensions-project-specific designation per original 2014 documentation, not intended for general use; column removed"
Protea scolopendriifolia,Protea scolopendriifolia,NA,2026-08-11,"functional_twig was a Dimensions-project-specific designation per original 2014 documentation, not intended for general use; column removed"
Protea speciosa,Protea speciosa,NA,2026-08-11,"functional_twig was a Dimensions-project-specific designation per original 2014 documentation, not intended for general use; column removed"
Protea tenax,Protea tenax,NA,2026-08-11,"functional_twig was a Dimensions-project-specific designation per original 2014 documentation, not intended for general use; column removed"
Psammotropha anguina,Psammotropha anguina,NA,2026-08-11,"functional_twig was a Dimensions-project-specific designation per original 2014 documentation, not intended for general use; column removed"
Psammotropha quadrangularis,Psammotropha quadrangularis,NA,2026-08-11,"functional_twig was a Dimensions-project-specific designation per original 2014 documentation, not intended for general use; column removed"
Pseudopentameris brachyphylla,Pseudopentameris brachyphylla,NA,2026-08-11,"functional_twig was a Dimensions-project-specific designation per original 2014 documentation, not intended for general use; column removed"
Pseudopentameris macrantha,Pseudopentameris macrantha,NA,2026-08-11,"functional_twig was a Dimensions-project-specific designation per original 2014 documentation, not intended for general use; column removed"
Pseudoselago humilis,Pseudoselago humilis,NA,2026-08-11,"functional_twig was a Dimensions-project-specific designation per original 2014 documentation, not intended for general use; column removed"
Pseudoselago recurvifolia,Pseudoselago recurvifolia,NA,2026-08-11,"functional_twig was a Dimensions-project-specific designation per original 2014 documentation, not intended for general use; column removed"
Pseudoselago serrata,Pseudoselago serrata,NA,2026-08-11,"functional_twig was a Dimensions-project-specific designation per original 2014 documentation, not intended for general use; column removed"
Pseudoselago spuria,Pseudoselago spuria,NA,2026-08-11,"functional_twig was a Dimensions-project-specific designation per original 2014 documentation, not intended for general use; column removed"
Psoralea aphylla,Psoralea aphylla,yes,2026-08-11,"functional_twig was a Dimensions-project-specific designation per original 2014 documentation, not intended for general use; column removed"
Psoralea asarina,Psoralea asarina,NA,2026-08-11,"functional_twig was a Dimensions-project-specific designation per original 2014 documentation, not intended for general use; column removed"
Psoralea imbricata,Psoralea imbricata,NA,2026-08-11,"functional_twig was a Dimensions-project-specific designation per original 2014 documentation, not intended for general use; column removed"
Psoralea laxa,Psoralea laxa,NA,2026-08-11,"functional_twig was a Dimensions-project-specific designation per original 2014 documentation, not intended for general use; column removed"
Psoralea monophylla,Psoralea monophylla,yes,2026-08-11,"functional_twig was a Dimensions-project-specific designation per original 2014 documentation, not intended for general use; column removed"
Psoralea oligophylla,Psoralea oligophylla,yes,2026-08-11,"functional_twig was a Dimensions-project-specific designation per original 2014 documentation, not intended for general use; column removed"
Psoralea oreophila,Psoralea oreophila,NA,2026-08-11,"functional_twig was a Dimensions-project-specific designation per original 2014 documentation, not intended for general use; column removed"
Psoralea pinnata,Psoralea pinnata,yes,2026-08-11,"functional_twig was a Dimensions-project-specific designation per original 2014 documentation, not intended for general use; column removed"
Psoralea repens,Psoralea repens,yes,2026-08-11,"functional_twig was a Dimensions-project-specific designation per original 2014 documentation, not intended for general use; column removed"
Psoralea verrucosa,Psoralea verrucosa,NA,2026-08-11,"functional_twig was a Dimensions-project-specific designation per original 2014 documentation, not intended for general use; column removed"
Pteridium aquilinum,Pteridium aquilinum,NA,2026-08-11,"functional_twig was a Dimensions-project-specific designation per original 2014 documentation, not intended for general use; column removed"
Pterocelastrus rostratus,Pterocelastrus rostratus,NA,2026-08-11,"functional_twig was a Dimensions-project-specific designation per original 2014 documentation, not intended for general use; column removed"
Pterocelastrus tricuspidatus,Pterocelastrus tricuspidatus,NA,2026-08-11,"functional_twig was a Dimensions-project-specific designation per original 2014 documentation, not intended for general use; column removed"
Pteronia ambrariifolia,Pteronia ambrariifolia,NA,2026-08-11,"functional_twig was a Dimensions-project-specific designation per original 2014 documentation, not intended for general use; column removed"
Pteronia camphorata,Pteronia camphorata,NA,2026-08-11,"functional_twig was a Dimensions-project-specific designation per original 2014 documentation, not intended for general use; column removed"
Pteronia incana,Pteronia incana,NA,2026-08-11,"functional_twig was a Dimensions-project-specific designation per original 2014 documentation, not intended for general use; column removed"
Pteronia teretifolia,Pteronia teretifolia,NA,2026-08-11,"functional_twig was a Dimensions-project-specific designation per original 2014 documentation, not intended for general use; column removed"
Pterygodium acutifolium,Pterygodium acutifolium,NA,2026-08-11,"functional_twig was a Dimensions-project-specific designation per original 2014 documentation, not intended for general use; column removed"
Putterlickia pyracantha,Putterlickia pyracantha,NA,2026-08-11,"functional_twig was a Dimensions-project-specific designation per original 2014 documentation, not intended for general use; column removed"
Rafnia acuminata,Rafnia perfoliata,NA,2026-08-11,"functional_twig was a Dimensions-project-specific designation per original 2014 documentation, not intended for general use; column removed"
Rafnia capensis,Rafnia capensis,NA,2026-08-11,"functional_twig was a Dimensions-project-specific designation per original 2014 documentation, not intended for general use; column removed"
Rafnia crassifolia,Rafnia crassifolia,NA,2026-08-11,"functional_twig was a Dimensions-project-specific designation per original 2014 documentation, not intended for general use; column removed"
Rafnia diffusa,Rafnia diffusa,NA,2026-08-11,"functional_twig was a Dimensions-project-specific designation per original 2014 documentation, not intended for general use; column removed"
Rafnia ovata,Rafnia ovata,NA,2026-08-11,"functional_twig was a Dimensions-project-specific designation per original 2014 documentation, not intended for general use; column removed"
Rafnia racemosa,Rafnia racemosa,NA,2026-08-11,"functional_twig was a Dimensions-project-specific designation per original 2014 documentation, not intended for general use; column removed"
Rapanea melanophloeos,Rapanea melanophloeos,NA,2026-08-11,"functional_twig was a Dimensions-project-specific designation per original 2014 documentation, not intended for general use; column removed"
Relhania calycina,Relhania calycina,NA,2026-08-11,"functional_twig was a Dimensions-project-specific designation per original 2014 documentation, not intended for general use; column removed"
Relhania decussata,Relhania decussata,NA,2026-08-11,"functional_twig was a Dimensions-project-specific designation per original 2014 documentation, not intended for general use; column removed"
Relhania pungens,Relhania pungens,NA,2026-08-11,"functional_twig was a Dimensions-project-specific designation per original 2014 documentation, not intended for general use; column removed"
Relhania speciosa,Relhania speciosa,NA,2026-08-11,"functional_twig was a Dimensions-project-specific designation per original 2014 documentation, not intended for general use; column removed"
Restio arcuatus,Restio arcuatus,no,2026-08-11,"functional_twig was a Dimensions-project-specific designation per original 2014 documentation, not intended for general use; column removed"
Restio asperus,Calopsis aspera,no,2026-08-11,"functional_twig was a Dimensions-project-specific designation per original 2014 documentation, not intended for general use; column removed"
Restio bifarius,Restio bifarius,no,2026-08-11,"functional_twig was a Dimensions-project-specific designation per original 2014 documentation, not intended for general use; column removed"
Restio bifidus,Restio bifidus,no,2026-08-11,"functional_twig was a Dimensions-project-specific designation per original 2014 documentation, not intended for general use; column removed"
Restio bifurcus,Restio bifurcus,no,2026-08-11,"functional_twig was a Dimensions-project-specific designation per original 2014 documentation, not intended for general use; column removed"
Restio brachiatus,Restio brachiatus,no,2026-08-11,"functional_twig was a Dimensions-project-specific designation per original 2014 documentation, not intended for general use; column removed"
Restio burchellii,Restio burchellii,NA,2026-08-11,"functional_twig was a Dimensions-project-specific designation per original 2014 documentation, not intended for general use; column removed"
Restio calcicola,Calopsis fruticosa,NA,2026-08-11,"functional_twig was a Dimensions-project-specific designation per original 2014 documentation, not intended for general use; column removed"
Restio capensis,Ischyrolepis capensis,mixed,2026-08-11,"functional_twig was a Dimensions-project-specific designation per original 2014 documentation, not intended for general use; column removed"
Restio capillaris,Restio capillaris,no,2026-08-11,"functional_twig was a Dimensions-project-specific designation per original 2014 documentation, not intended for general use; column removed"
Restio cincinnatus,Ischyrolepis cincinnata,no,2026-08-11,"functional_twig was a Dimensions-project-specific designation per original 2014 documentation, not intended for general use; column removed"
Restio curviramis,Ischyrolepis curviramis,no,2026-08-11,"functional_twig was a Dimensions-project-specific designation per original 2014 documentation, not intended for general use; column removed"
Restio debilis,Restio debilis,no,2026-08-11,"functional_twig was a Dimensions-project-specific designation per original 2014 documentation, not intended for general use; column removed"
Restio decipiens,Restio decipiens,NA,2026-08-11,"functional_twig was a Dimensions-project-specific designation per original 2014 documentation, not intended for general use; column removed"
Restio dispar,Restio dispar,no,2026-08-11,"functional_twig was a Dimensions-project-specific designation per original 2014 documentation, not intended for general use; column removed"
Restio distichus,Restio distichus,NA,2026-08-11,"functional_twig was a Dimensions-project-specific designation per original 2014 documentation, not intended for general use; column removed"
Restio dodii,Restio dodii,no,2026-08-11,"functional_twig was a Dimensions-project-specific designation per original 2014 documentation, not intended for general use; column removed"
Restio egregius,Restio egregius,no,2026-08-11,"functional_twig was a Dimensions-project-specific designation per original 2014 documentation, not intended for general use; column removed"
Restio eleocharis,Ischyrolepis eleocharis,no,2026-08-11,"functional_twig was a Dimensions-project-specific designation per original 2014 documentation, not intended for general use; column removed"
Restio festuciformis,Restio festuciformis,NA,2026-08-11,"functional_twig was a Dimensions-project-specific designation per original 2014 documentation, not intended for general use; column removed"
Restio filiformis,Restio filiformis,no,2026-08-11,"functional_twig was a Dimensions-project-specific designation per original 2014 documentation, not intended for general use; column removed"
Restio fragilis,Restio fragilis,NA,2026-08-11,"functional_twig was a Dimensions-project-specific designation per original 2014 documentation, not intended for general use; column removed"
Restio fusiformis,Restio fusiformis,NA,2026-08-11,"functional_twig was a Dimensions-project-specific designation per original 2014 documentation, not intended for general use; column removed"
Restio gaudichaudianus,Ischyrolepis gaudichaudiana,mixed,2026-08-11,"functional_twig was a Dimensions-project-specific designation per original 2014 documentation, not intended for general use; column removed"
Restio gossypinus,Ischyrolepis gossypina,no,2026-08-11,"functional_twig was a Dimensions-project-specific designation per original 2014 documentation, not intended for general use; column removed"
Restio hyalinus,Calopsis hyalina,no,2026-08-11,"functional_twig was a Dimensions-project-specific designation per original 2014 documentation, not intended for general use; column removed"
Restio hystrix,Ischyrolepis hystrix,no,2026-08-11,"functional_twig was a Dimensions-project-specific designation per original 2014 documentation, not intended for general use; column removed"
Restio implicatus,Restio implicatus,NA,2026-08-11,"functional_twig was a Dimensions-project-specific designation per original 2014 documentation, not intended for general use; column removed"
Restio inconspicuus,Restio inconspicuus,no,2026-08-11,"functional_twig was a Dimensions-project-specific designation per original 2014 documentation, not intended for general use; column removed"
Restio laniger,Ischyrolepis laniger,NA,2026-08-11,"functional_twig was a Dimensions-project-specific designation per original 2014 documentation, not intended for general use; column removed"
Restio leptostachyus,Restio leptostachyus,NA,2026-08-11,"functional_twig was a Dimensions-project-specific designation per original 2014 documentation, not intended for general use; column removed"
Restio monanthos,Ischyrolepis monanthos,no,2026-08-11,"functional_twig was a Dimensions-project-specific designation per original 2014 documentation, not intended for general use; column removed"
Restio monostylis,Calopsis monostylis,NA,2026-08-11,"functional_twig was a Dimensions-project-specific designation per original 2014 documentation, not intended for general use; column removed"
Restio occultus,Restio occultus,no,2026-08-11,"functional_twig was a Dimensions-project-specific designation per original 2014 documentation, not intended for general use; column removed"
Restio ocreatus,Ischyrolepis ocreata,no,2026-08-11,"functional_twig was a Dimensions-project-specific designation per original 2014 documentation, not intended for general use; column removed"
Restio paludosus,Ischyrolepis paludosa,no,2026-08-11,"functional_twig was a Dimensions-project-specific designation per original 2014 documentation, not intended for general use; column removed"
Restio paniculatus,Calopsis paniculata,yes,2026-08-11,"functional_twig was a Dimensions-project-specific designation per original 2014 documentation, not intended for general use; column removed"
Restio parvispiculus,Calopsis membranacea,no,2026-08-11,"functional_twig was a Dimensions-project-specific designation per original 2014 documentation, not intended for general use; column removed"
Restio patens,Restio patens,NA,2026-08-11,"functional_twig was a Dimensions-project-specific designation per original 2014 documentation, not intended for general use; column removed"
Restio pedicellatus,Restio filicaulis,NA,2026-08-11,"functional_twig was a Dimensions-project-specific designation per original 2014 documentation, not intended for general use; column removed"
Restio perplexus,Restio perplexus,no,2026-08-11,"functional_twig was a Dimensions-project-specific designation per original 2014 documentation, not intended for general use; column removed"
Restio purpurascens,Restio purpurascens,NA,2026-08-11,"functional_twig was a Dimensions-project-specific designation per original 2014 documentation, not intended for general use; column removed"
Restio quinquefarius,Restio quinquefarius,no,2026-08-11,"functional_twig was a Dimensions-project-specific designation per original 2014 documentation, not intended for general use; column removed"
Restio ramosissimus,Calopsis gracilis,no,2026-08-11,"functional_twig was a Dimensions-project-specific designation per original 2014 documentation, not intended for general use; column removed"
Restio rigidus,Calopsis rigida,NA,2026-08-11,"functional_twig was a Dimensions-project-specific designation per original 2014 documentation, not intended for general use; column removed"
Restio rudolfii,Calopsis marlothii,NA,2026-08-11,"functional_twig was a Dimensions-project-specific designation per original 2014 documentation, not intended for general use; column removed"
Restio sarocladus,Restio sarocladus,no,2026-08-11,"functional_twig was a Dimensions-project-specific designation per original 2014 documentation, not intended for general use; column removed"
Restio scaber,Restio scaber,NA,2026-08-11,"functional_twig was a Dimensions-project-specific designation per original 2014 documentation, not intended for general use; column removed"
Restio schoenoides,Ischyrolepis schoenoides,NA,2026-08-11,"functional_twig was a Dimensions-project-specific designation per original 2014 documentation, not intended for general use; column removed"
Restio sejunctus,Restio sejunctus,yes,2026-08-11,"functional_twig was a Dimensions-project-specific designation per original 2014 documentation, not intended for general use; column removed"
Restio sieberi,Ischyrolepis sieberi,no,2026-08-11,"functional_twig was a Dimensions-project-specific designation per original 2014 documentation, not intended for general use; column removed"
Restio similis,Restio similis,no,2026-08-11,"functional_twig was a Dimensions-project-specific designation per original 2014 documentation, not intended for general use; column removed"
Restio stokoei,Restio stokoei,no,2026-08-11,"functional_twig was a Dimensions-project-specific designation per original 2014 documentation, not intended for general use; column removed"
Restio strictus,Restio strictus,NA,2026-08-11,"functional_twig was a Dimensions-project-specific designation per original 2014 documentation, not intended for general use; column removed"
Restio subverticellatus,Ischyrolepis subverticillata,yes,2026-08-11,"functional_twig was a Dimensions-project-specific designation per original 2014 documentation, not intended for general use; column removed"
Restio tenuispicatus,Calopsis filiformis,no,2026-08-11,"functional_twig was a Dimensions-project-specific designation per original 2014 documentation, not intended for general use; column removed"
Restio tenuissimus,Ischyrolepis tenuissima,no,2026-08-11,"functional_twig was a Dimensions-project-specific designation per original 2014 documentation, not intended for general use; column removed"
Restio triticeus,Restio triticeus,mixed,2026-08-11,"functional_twig was a Dimensions-project-specific designation per original 2014 documentation, not intended for general use; column removed"
Restio unispicatus,Ischyrolepis unispicata,no,2026-08-11,"functional_twig was a Dimensions-project-specific designation per original 2014 documentation, not intended for general use; column removed"
Restio vallis-simius,Restio vallis-simius,NA,2026-08-11,"functional_twig was a Dimensions-project-specific designation per original 2014 documentation, not intended for general use; column removed"
Restio versatilis,Restio versatilis,no,2026-08-11,"functional_twig was a Dimensions-project-specific designation per original 2014 documentation, not intended for general use; column removed"
Restio vimineus,Calopsis viminea,NA,2026-08-11,"functional_twig was a Dimensions-project-specific designation per original 2014 documentation, not intended for general use; column removed"
Restio virgeus,Ischyrolepis virgea,no,2026-08-11,"functional_twig was a Dimensions-project-specific designation per original 2014 documentation, not intended for general use; column removed"
Retzia capensis,Retzia capensis,NA,2026-08-11,"functional_twig was a Dimensions-project-specific designation per original 2014 documentation, not intended for general use; column removed"
Rhodocoma capensis,Rhodocoma capensis,yes,2026-08-11,"functional_twig was a Dimensions-project-specific designation per original 2014 documentation, not intended for general use; column removed"
Rhodocoma fruticosa,Rhodocoma fruticosa,mixed,2026-08-11,"functional_twig was a Dimensions-project-specific designation per original 2014 documentation, not intended for general use; column removed"
Rhodocoma gigantea,Rhodocoma gigantea,yes,2026-08-11,"functional_twig was a Dimensions-project-specific designation per original 2014 documentation, not intended for general use; column removed"
Rhoicissus digitata,Rhoicissus digitata,NA,2026-08-11,"functional_twig was a Dimensions-project-specific designation per original 2014 documentation, not intended for general use; column removed"
Rhynchosia capensis,Rhynchosia capensis,NA,2026-08-11,"functional_twig was a Dimensions-project-specific designation per original 2014 documentation, not intended for general use; column removed"
Rhynchosia ferulifolia,Rhynchosia ferulifolia,NA,2026-08-11,"functional_twig was a Dimensions-project-specific designation per original 2014 documentation, not intended for general use; column removed"
Rhynchosia leucoscias,Rhynchosia leucoscias,NA,2026-08-11,"functional_twig was a Dimensions-project-specific designation per original 2014 documentation, not intended for general use; column removed"
Robsonodendron maritimum,Robsonodendron maritimum,NA,2026-08-11,"functional_twig was a Dimensions-project-specific designation per original 2014 documentation, not intended for general use; column removed"
Roella amplexicaulis,Roella amplexicaulis,NA,2026-08-11,"functional_twig was a Dimensions-project-specific designation per original 2014 documentation, not intended for general use; column removed"
Roella ciliata,Roella ciliata,NA,2026-08-11,"functional_twig was a Dimensions-project-specific designation per original 2014 documentation, not intended for general use; column removed"
Roella compacta,Roella compacta,NA,2026-08-11,"functional_twig was a Dimensions-project-specific designation per original 2014 documentation, not intended for general use; column removed"
Roella decurrens,Roella decurrens,NA,2026-08-11,"functional_twig was a Dimensions-project-specific designation per original 2014 documentation, not intended for general use; column removed"
Roella prostrata,Roella prostrata,NA,2026-08-11,"functional_twig was a Dimensions-project-specific designation per original 2014 documentation, not intended for general use; column removed"
Roella recurvata,Roella recurvata,NA,2026-08-11,"functional_twig was a Dimensions-project-specific designation per original 2014 documentation, not intended for general use; column removed"
Roella squarrosa,Roella squarrosa,NA,2026-08-11,"functional_twig was a Dimensions-project-specific designation per original 2014 documentation, not intended for general use; column removed"
Roella triflora,Roella triflora,NA,2026-08-11,"functional_twig was a Dimensions-project-specific designation per original 2014 documentation, not intended for general use; column removed"
Roepera flexuosa,Zygophyllum flexuosum,NA,2026-08-11,"functional_twig was a Dimensions-project-specific designation per original 2014 documentation, not intended for general use; column removed"
Roepera foetida,Zygophyllum foetidum,NA,2026-08-11,"functional_twig was a Dimensions-project-specific designation per original 2014 documentation, not intended for general use; column removed"
Roepera fulva,Zygophyllum fulvum,NA,2026-08-11,"functional_twig was a Dimensions-project-specific designation per original 2014 documentation, not intended for general use; column removed"
Roepera morgsana,Zygophyllum morgsana,NA,2026-08-11,"functional_twig was a Dimensions-project-specific designation per original 2014 documentation, not intended for general use; column removed"
Roepera spinosa,Zygophyllum procumbens,NA,2026-08-11,"functional_twig was a Dimensions-project-specific designation per original 2014 documentation, not intended for general use; column removed"
Rumohra adiantiformis,Rumohra adiantiformis,NA,2026-08-11,"functional_twig was a Dimensions-project-specific designation per original 2014 documentation, not intended for general use; column removed"
Ruschia aspera,Ruschia aspera,NA,2026-08-11,"functional_twig was a Dimensions-project-specific designation per original 2014 documentation, not intended for general use; column removed"
Ruschia decumbens,Ruschia decumbens,NA,2026-08-11,"functional_twig was a Dimensions-project-specific designation per original 2014 documentation, not intended for general use; column removed"
Ruschia dichroa,Ruschia dichroa,NA,2026-08-11,"functional_twig was a Dimensions-project-specific designation per original 2014 documentation, not intended for general use; column removed"
Ruschia fredericii,Ruschia fredericii,NA,2026-08-11,"functional_twig was a Dimensions-project-specific designation per original 2014 documentation, not intended for general use; column removed"
Ruschia knysnana,Ruschia knysnana,NA,2026-08-11,"functional_twig was a Dimensions-project-specific designation per original 2014 documentation, not intended for general use; column removed"
Ruschia lineolata,Ruschia lineolata,NA,2026-08-11,"functional_twig was a Dimensions-project-specific designation per original 2014 documentation, not intended for general use; column removed"
Ruschia macowanii,Ruschia macowanii,NA,2026-08-11,"functional_twig was a Dimensions-project-specific designation per original 2014 documentation, not intended for general use; column removed"
Ruschia sarmentosa,Ruschia sarmentosa,NA,2026-08-11,"functional_twig was a Dimensions-project-specific designation per original 2014 documentation, not intended for general use; column removed"
Ruschia tardissima,Ruschia tardissima,NA,2026-08-11,"functional_twig was a Dimensions-project-specific designation per original 2014 documentation, not intended for general use; column removed"
Ruschia virgata,Ruschia virgata,NA,2026-08-11,"functional_twig was a Dimensions-project-specific designation per original 2014 documentation, not intended for general use; column removed"
Salix mucronata,Salix mucronata,NA,2026-08-11,"functional_twig was a Dimensions-project-specific designation per original 2014 documentation, not intended for general use; column removed"
Saltera sarcocolla,Saltera sarcocolla,NA,2026-08-11,"functional_twig was a Dimensions-project-specific designation per original 2014 documentation, not intended for general use; column removed"
Salvia africana-lutea,Salvia africana-lutea,NA,2026-08-11,"functional_twig was a Dimensions-project-specific designation per original 2014 documentation, not intended for general use; column removed"
Salvia albicaulis,Salvia albicaulis,NA,2026-08-11,"functional_twig was a Dimensions-project-specific designation per original 2014 documentation, not intended for general use; column removed"
Samolus valerandi,Samolus valerandi,NA,2026-08-11,"functional_twig was a Dimensions-project-specific designation per original 2014 documentation, not intended for general use; column removed"
Sarcostemma viminale,Sarcostemma viminale,yes,2026-08-11,"functional_twig was a Dimensions-project-specific designation per original 2014 documentation, not intended for general use; column removed"
Satyrium longicolle,Satyrium longicolle,NA,2026-08-11,"functional_twig was a Dimensions-project-specific designation per original 2014 documentation, not intended for general use; column removed"
Satyrium odorum,Satyrium odorum,NA,2026-08-11,"functional_twig was a Dimensions-project-specific designation per original 2014 documentation, not intended for general use; column removed"
Satyrium stenopetalum,Satyrium stenopetalum,NA,2026-08-11,"functional_twig was a Dimensions-project-specific designation per original 2014 documentation, not intended for general use; column removed"
Scabiosa africana,Scabiosa africana,NA,2026-08-11,"functional_twig was a Dimensions-project-specific designation per original 2014 documentation, not intended for general use; column removed"
Scabiosa columbaria,Scabiosa columbaria,NA,2026-08-11,"functional_twig was a Dimensions-project-specific designation per original 2014 documentation, not intended for general use; column removed"
Schizaea pectinata,Schizaea pectinata,NA,2026-08-11,"functional_twig was a Dimensions-project-specific designation per original 2014 documentation, not intended for general use; column removed"
Schizoglossum aschersonianum,Schizoglossum aschersonianum,NA,2026-08-11,"functional_twig was a Dimensions-project-specific designation per original 2014 documentation, not intended for general use; column removed"
Schoenoxiphium ecklonii,Schoenoxiphium ecklonii,NA,2026-08-11,"functional_twig was a Dimensions-project-specific designation per original 2014 documentation, not intended for general use; column removed"
Schoenoxiphium lanceum,Schoenoxiphium lanceum,NA,2026-08-11,"functional_twig was a Dimensions-project-specific designation per original 2014 documentation, not intended for general use; column removed"
Schotia latifolia,Schotia latifolia,NA,2026-08-11,"functional_twig was a Dimensions-project-specific designation per original 2014 documentation, not intended for general use; column removed"
Searsia angustifolia,Rhus angustifolia,NA,2026-08-11,"functional_twig was a Dimensions-project-specific designation per original 2014 documentation, not intended for general use; column removed"
Searsia dentata,Rhus dentata,NA,2026-08-11,"functional_twig was a Dimensions-project-specific designation per original 2014 documentation, not intended for general use; column removed"
Searsia dissecta,Searsia dissecta,NA,2026-08-11,"functional_twig was a Dimensions-project-specific designation per original 2014 documentation, not intended for general use; column removed"
Searsia glauca,Rhus glauca,NA,2026-08-11,"functional_twig was a Dimensions-project-specific designation per original 2014 documentation, not intended for general use; column removed"
Searsia incisa,Rhus incisa,NA,2026-08-11,"functional_twig was a Dimensions-project-specific designation per original 2014 documentation, not intended for general use; column removed"
Searsia laevigata,Rhus laevigata,NA,2026-08-11,"functional_twig was a Dimensions-project-specific designation per original 2014 documentation, not intended for general use; column removed"
Searsia longispina,Rhus longispina,NA,2026-08-11,"functional_twig was a Dimensions-project-specific designation per original 2014 documentation, not intended for general use; column removed"
Searsia lucida,Rhus lucida,NA,2026-08-11,"functional_twig was a Dimensions-project-specific designation per original 2014 documentation, not intended for general use; column removed"
Searsia pallens,Rhus pallens,NA,2026-08-11,"functional_twig was a Dimensions-project-specific designation per original 2014 documentation, not intended for general use; column removed"
Searsia rimosa,Rhus rimosa,NA,2026-08-11,"functional_twig was a Dimensions-project-specific designation per original 2014 documentation, not intended for general use; column removed"
Searsia rosmarinifolia,Rhus rosmarinifolia,NA,2026-08-11,"functional_twig was a Dimensions-project-specific designation per original 2014 documentation, not intended for general use; column removed"
Searsia scytophylla,Rhus scytophylla,NA,2026-08-11,"functional_twig was a Dimensions-project-specific designation per original 2014 documentation, not intended for general use; column removed"
Searsia tomentosa,Rhus tomentosa,NA,2026-08-11,"functional_twig was a Dimensions-project-specific designation per original 2014 documentation, not intended for general use; column removed"
Searsia undulata,Rhus undulata,NA,2026-08-11,"functional_twig was a Dimensions-project-specific designation per original 2014 documentation, not intended for general use; column removed"
Sebaea aurea,Sebaea aurea,NA,2026-08-11,"functional_twig was a Dimensions-project-specific designation per original 2014 documentation, not intended for general use; column removed"
Sebaea capitata,Sebaea capitata,NA,2026-08-11,"functional_twig was a Dimensions-project-specific designation per original 2014 documentation, not intended for general use; column removed"
Sebaea exacoides,Sebaea exacoides,NA,2026-08-11,"functional_twig was a Dimensions-project-specific designation per original 2014 documentation, not intended for general use; column removed"
Sebaea stricta,Sebaea stricta,NA,2026-08-11,"functional_twig was a Dimensions-project-specific designation per original 2014 documentation, not intended for general use; column removed"
Sebaea sulphurea,Sebaea sulphurea,NA,2026-08-11,"functional_twig was a Dimensions-project-specific designation per original 2014 documentation, not intended for general use; column removed"
Sebaea zeyheri,Sebaea zeyheri,NA,2026-08-11,"functional_twig was a Dimensions-project-specific designation per original 2014 documentation, not intended for general use; column removed"
Secamone alpini,Secamone alpini,NA,2026-08-11,"functional_twig was a Dimensions-project-specific designation per original 2014 documentation, not intended for general use; column removed"
Selago brevifolia,Selago brevifolia,NA,2026-08-11,"functional_twig was a Dimensions-project-specific designation per original 2014 documentation, not intended for general use; column removed"
Selago canescens,Selago canescens,NA,2026-08-11,"functional_twig was a Dimensions-project-specific designation per original 2014 documentation, not intended for general use; column removed"
Selago corymbosa,Selago corymbosa,NA,2026-08-11,"functional_twig was a Dimensions-project-specific designation per original 2014 documentation, not intended for general use; column removed"
Selago glomerata,Selago glomerata,NA,2026-08-11,"functional_twig was a Dimensions-project-specific designation per original 2014 documentation, not intended for general use; column removed"
Selago glutinosa,Selago glutinosa,NA,2026-08-11,"functional_twig was a Dimensions-project-specific designation per original 2014 documentation, not intended for general use; column removed"
Selago lamprocarpa,Selago lamprocarpa,NA,2026-08-11,"functional_twig was a Dimensions-project-specific designation per original 2014 documentation, not intended for general use; column removed"
Selago levynsiae,Selago scabrida,NA,2026-08-11,"functional_twig was a Dimensions-project-specific designation per original 2014 documentation, not intended for general use; column removed"
Selago pustulosa,Selago pustulosa,NA,2026-08-11,"functional_twig was a Dimensions-project-specific designation per original 2014 documentation, not intended for general use; column removed"
Senecio acaulis,Senecio acaulis,NA,2026-08-11,"functional_twig was a Dimensions-project-specific designation per original 2014 documentation, not intended for general use; column removed"
Senecio albanensis,Senecio albanensis,NA,2026-08-11,"functional_twig was a Dimensions-project-specific designation per original 2014 documentation, not intended for general use; column removed"
Senecio arenarius,Senecio arenarius,NA,2026-08-11,"functional_twig was a Dimensions-project-specific designation per original 2014 documentation, not intended for general use; column removed"
Senecio arniciflorus,Senecio arniciflorus,NA,2026-08-11,"functional_twig was a Dimensions-project-specific designation per original 2014 documentation, not intended for general use; column removed"
Senecio bipinnatus,Senecio bipinnatus,NA,2026-08-11,"functional_twig was a Dimensions-project-specific designation per original 2014 documentation, not intended for general use; column removed"
Senecio burchellii,Senecio burchellii,NA,2026-08-11,"functional_twig was a Dimensions-project-specific designation per original 2014 documentation, not intended for general use; column removed"
Senecio chrysocoma,Senecio chrysocoma,NA,2026-08-11,"functional_twig was a Dimensions-project-specific designation per original 2014 documentation, not intended for general use; column removed"
Senecio cordifolius,Senecio cordifolius,NA,2026-08-11,"functional_twig was a Dimensions-project-specific designation per original 2014 documentation, not intended for general use; column removed"
Senecio crassiusculus,Senecio crassiusculus,NA,2026-08-11,"functional_twig was a Dimensions-project-specific designation per original 2014 documentation, not intended for general use; column removed"
Senecio crassulifolius,Senecio crassulaefolius,NA,2026-08-11,"functional_twig was a Dimensions-project-specific designation per original 2014 documentation, not intended for general use; column removed"
Senecio crenatus,Senecio crenatus,NA,2026-08-11,"functional_twig was a Dimensions-project-specific designation per original 2014 documentation, not intended for general use; column removed"
Senecio crenulatus,Senecio crenulatus,NA,2026-08-11,"functional_twig was a Dimensions-project-specific designation per original 2014 documentation, not intended for general use; column removed"
Senecio elegans,Senecio elegans,NA,2026-08-11,"functional_twig was a Dimensions-project-specific designation per original 2014 documentation, not intended for general use; column removed"
Senecio erosus,Senecio erosus,NA,2026-08-11,"functional_twig was a Dimensions-project-specific designation per original 2014 documentation, not intended for general use; column removed"
Senecio ficoides,Senecio ficoides,NA,2026-08-11,"functional_twig was a Dimensions-project-specific designation per original 2014 documentation, not intended for general use; column removed"
Senecio gramineus,Senecio gramineus,NA,2026-08-11,"functional_twig was a Dimensions-project-specific designation per original 2014 documentation, not intended for general use; column removed"
Senecio halimifolius,Senecio halimifolius,NA,2026-08-11,"functional_twig was a Dimensions-project-specific designation per original 2014 documentation, not intended for general use; column removed"
Senecio hastatus,Senecio hastatus,NA,2026-08-11,"functional_twig was a Dimensions-project-specific designation per original 2014 documentation, not intended for general use; column removed"
Senecio hollandii,Senecio hollandii,NA,2026-08-11,"functional_twig was a Dimensions-project-specific designation per original 2014 documentation, not intended for general use; column removed"
Senecio ilicifolius,Senecio ilicifolius,NA,2026-08-11,"functional_twig was a Dimensions-project-specific designation per original 2014 documentation, not intended for general use; column removed"
Senecio incertus,Senecio tuberosus,NA,2026-08-11,"functional_twig was a Dimensions-project-specific designation per original 2014 documentation, not intended for general use; column removed"
Senecio lanifer,Senecio lanifer,NA,2026-08-11,"functional_twig was a Dimensions-project-specific designation per original 2014 documentation, not intended for general use; column removed"
Senecio lineatus,Senecio lineatus,NA,2026-08-11,"functional_twig was a Dimensions-project-specific designation per original 2014 documentation, not intended for general use; column removed"
Senecio linifolius,Senecio linifolius,NA,2026-08-11,"functional_twig was a Dimensions-project-specific designation per original 2014 documentation, not intended for general use; column removed"
Senecio othonniflorus,Senecio othonniflorus,NA,2026-08-11,"functional_twig was a Dimensions-project-specific designation per original 2014 documentation, not intended for general use; column removed"
Senecio paniculatus,Senecio paniculatus,NA,2026-08-11,"functional_twig was a Dimensions-project-specific designation per original 2014 documentation, not intended for general use; column removed"
Senecio pauciflosculosus,Senecio pauciflosculosus,NA,2026-08-11,"functional_twig was a Dimensions-project-specific designation per original 2014 documentation, not intended for general use; column removed"
Senecio pinifolius,Senecio pinifolius,NA,2026-08-11,"functional_twig was a Dimensions-project-specific designation per original 2014 documentation, not intended for general use; column removed"
Senecio pinnatifidus,Senecio pinnatifidus,NA,2026-08-11,"functional_twig was a Dimensions-project-specific designation per original 2014 documentation, not intended for general use; column removed"
Senecio pterophorus,Senecio pterophorus,NA,2026-08-11,"functional_twig was a Dimensions-project-specific designation per original 2014 documentation, not intended for general use; column removed"
Senecio pubigerus,Senecio pubigerus,NA,2026-08-11,"functional_twig was a Dimensions-project-specific designation per original 2014 documentation, not intended for general use; column removed"
Senecio purpureus,Senecio purpureus,NA,2026-08-11,"functional_twig was a Dimensions-project-specific designation per original 2014 documentation, not intended for general use; column removed"
Senecio repandus,Senecio repandus,NA,2026-08-11,"functional_twig was a Dimensions-project-specific designation per original 2014 documentation, not intended for general use; column removed"
Senecio rosmarinifolius,Senecio rosmarinifolius,NA,2026-08-11,"functional_twig was a Dimensions-project-specific designation per original 2014 documentation, not intended for general use; column removed"
Senecio triqueter,Senecio triqueter,NA,2026-08-11,"functional_twig was a Dimensions-project-specific designation per original 2014 documentation, not intended for general use; column removed"
Senecio umbellatus,Senecio umbellatus,NA,2026-08-11,"functional_twig was a Dimensions-project-specific designation per original 2014 documentation, not intended for general use; column removed"
Senecio vestitus,Senecio vestitus,NA,2026-08-11,"functional_twig was a Dimensions-project-specific designation per original 2014 documentation, not intended for general use; column removed"
Serruria adscendens,Serruria adscendens,NA,2026-08-11,"functional_twig was a Dimensions-project-specific designation per original 2014 documentation, not intended for general use; column removed"
Serruria aitonii,Serruria aitonii,NA,2026-08-11,"functional_twig was a Dimensions-project-specific designation per original 2014 documentation, not intended for general use; column removed"
Serruria balanocephala,Serruria balanocephala,NA,2026-08-11,"functional_twig was a Dimensions-project-specific designation per original 2014 documentation, not intended for general use; column removed"
Serruria decumbens,Serruria decumbens,NA,2026-08-11,"functional_twig was a Dimensions-project-specific designation per original 2014 documentation, not intended for general use; column removed"
Serruria effusa,Serruria effusa,NA,2026-08-11,"functional_twig was a Dimensions-project-specific designation per original 2014 documentation, not intended for general use; column removed"
Serruria elongata,Serruria elongata,NA,2026-08-11,"functional_twig was a Dimensions-project-specific designation per original 2014 documentation, not intended for general use; column removed"
Serruria fasciflora,Serruria fasciflora,NA,2026-08-11,"functional_twig was a Dimensions-project-specific designation per original 2014 documentation, not intended for general use; column removed"
Serruria glomerata,Serruria glomerata,NA,2026-08-11,"functional_twig was a Dimensions-project-specific designation per original 2014 documentation, not intended for general use; column removed"
Serruria leipoldtii,Serruria leipoldtii,NA,2026-08-11,"functional_twig was a Dimensions-project-specific designation per original 2014 documentation, not intended for general use; column removed"
Serruria villosa,Serruria villosa,NA,2026-08-11,"functional_twig was a Dimensions-project-specific designation per original 2014 documentation, not intended for general use; column removed"
Setaria sphacelata,Setaria sphacelata,NA,2026-08-11,"functional_twig was a Dimensions-project-specific designation per original 2014 documentation, not intended for general use; column removed"
Sideroxylon inerme,Sideroxylon inerme,NA,2026-08-11,"functional_twig was a Dimensions-project-specific designation per original 2014 documentation, not intended for general use; column removed"
Silene undulata,Silene undulata,NA,2026-08-11,"functional_twig was a Dimensions-project-specific designation per original 2014 documentation, not intended for general use; column removed"
Smelophyllum capense,Smelophyllum capense,NA,2026-08-11,"functional_twig was a Dimensions-project-specific designation per original 2014 documentation, not intended for general use; column removed"
Solanum guineense,Solanum guineense,NA,2026-08-11,"functional_twig was a Dimensions-project-specific designation per original 2014 documentation, not intended for general use; column removed"
Solanum tomentosum,Solanum tomentosum,NA,2026-08-11,"functional_twig was a Dimensions-project-specific designation per original 2014 documentation, not intended for general use; column removed"
Sonderothamnus petraeus,Sonderothamnus petraeus,NA,2026-08-11,"functional_twig was a Dimensions-project-specific designation per original 2014 documentation, not intended for general use; column removed"
Soroveta ambigua,Restio ambiguus,NA,2026-08-11,"functional_twig was a Dimensions-project-specific designation per original 2014 documentation, not intended for general use; column removed"
Spatalla colorata,Spatalla colorata,NA,2026-08-11,"functional_twig was a Dimensions-project-specific designation per original 2014 documentation, not intended for general use; column removed"
Spatalla incurva,Spatalla incurva,NA,2026-08-11,"functional_twig was a Dimensions-project-specific designation per original 2014 documentation, not intended for general use; column removed"
Spatalla nubicola,Spatalla nubicola,NA,2026-08-11,"functional_twig was a Dimensions-project-specific designation per original 2014 documentation, not intended for general use; column removed"
Spatalla parilis,Spatalla parilis,NA,2026-08-11,"functional_twig was a Dimensions-project-specific designation per original 2014 documentation, not intended for general use; column removed"
Spergularia media,Spergularia media,NA,2026-08-11,"functional_twig was a Dimensions-project-specific designation per original 2014 documentation, not intended for general use; column removed"
Spiloxene capensis,Spiloxene capensis,NA,2026-08-11,"functional_twig was a Dimensions-project-specific designation per original 2014 documentation, not intended for general use; column removed"
Sporobolus africanus,Sporobolus africanus,NA,2026-08-11,"functional_twig was a Dimensions-project-specific designation per original 2014 documentation, not intended for general use; column removed"
Sporobolus virginicus,Sporobolus virginicus,NA,2026-08-11,"functional_twig was a Dimensions-project-specific designation per original 2014 documentation, not intended for general use; column removed"
Staavia radiata,Staavia radiata,NA,2026-08-11,"functional_twig was a Dimensions-project-specific designation per original 2014 documentation, not intended for general use; column removed"
Staberoha aemula,Staberoha aemula,no,2026-08-11,"functional_twig was a Dimensions-project-specific designation per original 2014 documentation, not intended for general use; column removed"
Staberoha banksii,Staberoha banksii,no,2026-08-11,"functional_twig was a Dimensions-project-specific designation per original 2014 documentation, not intended for general use; column removed"
Staberoha cernua,Staberoha cernua,mixed,2026-08-11,"functional_twig was a Dimensions-project-specific designation per original 2014 documentation, not intended for general use; column removed"
Staberoha distachyos,Staberoha distachyos,no,2026-08-11,"functional_twig was a Dimensions-project-specific designation per original 2014 documentation, not intended for general use; column removed"
Stachys aethiopica,Stachys aethiopica,NA,2026-08-11,"functional_twig was a Dimensions-project-specific designation per original 2014 documentation, not intended for general use; column removed"
Stachys rugosa,Stachys rugosa,NA,2026-08-11,"functional_twig was a Dimensions-project-specific designation per original 2014 documentation, not intended for general use; column removed"
Stellaria media,Stellaria media,NA,2026-08-11,"functional_twig was a Dimensions-project-specific designation per original 2014 documentation, not intended for general use; column removed"
Stenotaphrum secundatum,Stenotaphrum secundatum,NA,2026-08-11,"functional_twig was a Dimensions-project-specific designation per original 2014 documentation, not intended for general use; column removed"
Stilbe ericoides,Stilbe ericoides,NA,2026-08-11,"functional_twig was a Dimensions-project-specific designation per original 2014 documentation, not intended for general use; column removed"
Stilbe vestita,Stilbe vestita,NA,2026-08-11,"functional_twig was a Dimensions-project-specific designation per original 2014 documentation, not intended for general use; column removed"
Stipa dregeana,Stipa dregeana,NA,2026-08-11,"functional_twig was a Dimensions-project-specific designation per original 2014 documentation, not intended for general use; column removed"
Stipagrostis zeyheri,Stipagrostis zeyheri,NA,2026-08-11,"functional_twig was a Dimensions-project-specific designation per original 2014 documentation, not intended for general use; column removed"
Stoebe aethiopica,Stoebe aethiopica,NA,2026-08-11,"functional_twig was a Dimensions-project-specific designation per original 2014 documentation, not intended for general use; column removed"
Stoebe alopecuroides,Stoebe alopecuroides,NA,2026-08-11,"functional_twig was a Dimensions-project-specific designation per original 2014 documentation, not intended for general use; column removed"
Stoebe capitata,Stoebe capitata,NA,2026-08-11,"functional_twig was a Dimensions-project-specific designation per original 2014 documentation, not intended for general use; column removed"
Stoebe cinerea,Stoebe cinerea,NA,2026-08-11,"functional_twig was a Dimensions-project-specific designation per original 2014 documentation, not intended for general use; column removed"
Stoebe cyathuloides,Stoebe cyathuloides,NA,2026-08-11,"functional_twig was a Dimensions-project-specific designation per original 2014 documentation, not intended for general use; column removed"
Stoebe fusca,Stoebe fusca,NA,2026-08-11,"functional_twig was a Dimensions-project-specific designation per original 2014 documentation, not intended for general use; column removed"
Stoebe incana,Stoebe incana,NA,2026-08-11,"functional_twig was a Dimensions-project-specific designation per original 2014 documentation, not intended for general use; column removed"
Stoebe leucocephala,Stoebe leucocephala,NA,2026-08-11,"functional_twig was a Dimensions-project-specific designation per original 2014 documentation, not intended for general use; column removed"
Stoebe microphylla,Stoebe microphylla,NA,2026-08-11,"functional_twig was a Dimensions-project-specific designation per original 2014 documentation, not intended for general use; column removed"
Stoebe plumosa,Stoebe plumosa,NA,2026-08-11,"functional_twig was a Dimensions-project-specific designation per original 2014 documentation, not intended for general use; column removed"
Stoebe rosea,Stoebe rosea,NA,2026-08-11,"functional_twig was a Dimensions-project-specific designation per original 2014 documentation, not intended for general use; column removed"
Stoebe saxatilis,Stoebe saxatilis,NA,2026-08-11,"functional_twig was a Dimensions-project-specific designation per original 2014 documentation, not intended for general use; column removed"
Stoebe spiralis,Stoebe spiralis,NA,2026-08-11,"functional_twig was a Dimensions-project-specific designation per original 2014 documentation, not intended for general use; column removed"
Struthiola argentea,Struthiola argentea,NA,2026-08-11,"functional_twig was a Dimensions-project-specific designation per original 2014 documentation, not intended for general use; column removed"
Struthiola ciliata,Struthiola ciliata,NA,2026-08-11,"functional_twig was a Dimensions-project-specific designation per original 2014 documentation, not intended for general use; column removed"
Struthiola dodecandra,Struthiola dodecandra,NA,2026-08-11,"functional_twig was a Dimensions-project-specific designation per original 2014 documentation, not intended for general use; column removed"
Struthiola eckloniana,Struthiola eckloniana,NA,2026-08-11,"functional_twig was a Dimensions-project-specific designation per original 2014 documentation, not intended for general use; column removed"
Struthiola garciana,Struthiola garciana,NA,2026-08-11,"functional_twig was a Dimensions-project-specific designation per original 2014 documentation, not intended for general use; column removed"
Struthiola leptantha,Struthiola leptantha,NA,2026-08-11,"functional_twig was a Dimensions-project-specific designation per original 2014 documentation, not intended for general use; column removed"
Struthiola macowanii,Struthiola macowanii,NA,2026-08-11,"functional_twig was a Dimensions-project-specific designation per original 2014 documentation, not intended for general use; column removed"
Struthiola myrsinites,Struthiola myrsinites,NA,2026-08-11,"functional_twig was a Dimensions-project-specific designation per original 2014 documentation, not intended for general use; column removed"
Struthiola salteri,Struthiola salteri,NA,2026-08-11,"functional_twig was a Dimensions-project-specific designation per original 2014 documentation, not intended for general use; column removed"
Struthiola tomentosa,Struthiola tomentosa,NA,2026-08-11,"functional_twig was a Dimensions-project-specific designation per original 2014 documentation, not intended for general use; column removed"
Stylapterus dubius,Stylapterus dubius,NA,2026-08-11,"functional_twig was a Dimensions-project-specific designation per original 2014 documentation, not intended for general use; column removed"
Stylapterus fruticulosus,Stylapterus fruticulosus,NA,2026-08-11,"functional_twig was a Dimensions-project-specific designation per original 2014 documentation, not intended for general use; column removed"
Syncarpha canescens,Syncarpha canescens,NA,2026-08-11,"functional_twig was a Dimensions-project-specific designation per original 2014 documentation, not intended for general use; column removed"
Syncarpha dregeana,Syncarpha dregeana,NA,2026-08-11,"functional_twig was a Dimensions-project-specific designation per original 2014 documentation, not intended for general use; column removed"
Syncarpha eximia,Syncarpha eximia,NA,2026-08-11,"functional_twig was a Dimensions-project-specific designation per original 2014 documentation, not intended for general use; column removed"
Syncarpha flava,Syncarpha flava,NA,2026-08-11,"functional_twig was a Dimensions-project-specific designation per original 2014 documentation, not intended for general use; column removed"
Syncarpha gnaphaloides,Syncarpha gnaphaloides,NA,2026-08-11,"functional_twig was a Dimensions-project-specific designation per original 2014 documentation, not intended for general use; column removed"
Syncarpha milleflora,Syncarpha milleflora,NA,2026-08-11,"functional_twig was a Dimensions-project-specific designation per original 2014 documentation, not intended for general use; column removed"
Syncarpha paniculata,Syncarpha paniculata,NA,2026-08-11,"functional_twig was a Dimensions-project-specific designation per original 2014 documentation, not intended for general use; column removed"
Syncarpha speciosissima,Syncarpha speciosissima,NA,2026-08-11,"functional_twig was a Dimensions-project-specific designation per original 2014 documentation, not intended for general use; column removed"
Syncarpha staehelina,Syncarpha virgata,NA,2026-08-11,"functional_twig was a Dimensions-project-specific designation per original 2014 documentation, not intended for general use; column removed"
Syncarpha vestita,Syncarpha vestita,NA,2026-08-11,"functional_twig was a Dimensions-project-specific designation per original 2014 documentation, not intended for general use; column removed"
Tarchonanthus littoralis,Tarchonanthus camphoratus,NA,2026-08-11,"functional_twig was a Dimensions-project-specific designation per original 2014 documentation, not intended for general use; column removed"
Teedia lucida,Teedia lucida,NA,2026-08-11,"functional_twig was a Dimensions-project-specific designation per original 2014 documentation, not intended for general use; column removed"
Teedia pubescens,Teedia pubescens,NA,2026-08-11,"functional_twig was a Dimensions-project-specific designation per original 2014 documentation, not intended for general use; column removed"
Tenaxia stricta,Merxmuellera stricta,NA,2026-08-11,"functional_twig was a Dimensions-project-specific designation per original 2014 documentation, not intended for general use; column removed"
Tephrosia capensis,Tephrosia capensis,NA,2026-08-11,"functional_twig was a Dimensions-project-specific designation per original 2014 documentation, not intended for general use; column removed"
Tetragonia decumbens,Tetragonia decumbens,NA,2026-08-11,"functional_twig was a Dimensions-project-specific designation per original 2014 documentation, not intended for general use; column removed"
Tetragonia fruticosa,Tetragonia fruticosa,NA,2026-08-11,"functional_twig was a Dimensions-project-specific designation per original 2014 documentation, not intended for general use; column removed"
Tetraria bolusii,Tetraria bolusii,no,2026-08-11,"functional_twig was a Dimensions-project-specific designation per original 2014 documentation, not intended for general use; column removed"
Tetraria brachyphylla,Tetraria brachyphylla,NA,2026-08-11,"functional_twig was a Dimensions-project-specific designation per original 2014 documentation, not intended for general use; column removed"
Tetraria bromoides,Tetraria bromoides,mixed,2026-08-11,"functional_twig was a Dimensions-project-specific designation per original 2014 documentation, not intended for general use; column removed"
Tetraria burmannii,Tetraria burmannii,no,2026-08-11,"functional_twig was a Dimensions-project-specific designation per original 2014 documentation, not intended for general use; column removed"
Tetraria capillacea,Tetraria capillacea,mixed,2026-08-11,"functional_twig was a Dimensions-project-specific designation per original 2014 documentation, not intended for general use; column removed"
Tetraria compacta,Tetraria compacta,NA,2026-08-11,"functional_twig was a Dimensions-project-specific designation per original 2014 documentation, not intended for general use; column removed"
Tetraria compar,Tetraria compar,mixed,2026-08-11,"functional_twig was a Dimensions-project-specific designation per original 2014 documentation, not intended for general use; column removed"
Tetraria crassa,Tetraria crassa,no,2026-08-11,"functional_twig was a Dimensions-project-specific designation per original 2014 documentation, not intended for general use; column removed"
Tetraria crinifolia,Tetraria crinifolia,no,2026-08-11,"functional_twig was a Dimensions-project-specific designation per original 2014 documentation, not intended for general use; column removed"
Tetraria cuspidata,Tetraria cuspidata,mixed,2026-08-11,"functional_twig was a Dimensions-project-specific designation per original 2014 documentation, not intended for general use; column removed"
Tetraria exilis,Tetraria exilis,no,2026-08-11,"functional_twig was a Dimensions-project-specific designation per original 2014 documentation, not intended for general use; column removed"
Tetraria eximia,Tetraria eximia,no,2026-08-11,"functional_twig was a Dimensions-project-specific designation per original 2014 documentation, not intended for general use; column removed"
Tetraria fasciata,Tetraria fasciata,mixed,2026-08-11,"functional_twig was a Dimensions-project-specific designation per original 2014 documentation, not intended for general use; column removed"
Tetraria fimbriolata,Tetraria fimbriolata,mixed,2026-08-11,"functional_twig was a Dimensions-project-specific designation per original 2014 documentation, not intended for general use; column removed"
Tetraria flexuosa,Tetraria flexuosa,mixed,2026-08-11,"functional_twig was a Dimensions-project-specific designation per original 2014 documentation, not intended for general use; column removed"
Tetraria involucrata,Tetraria involucrata,mixed,2026-08-11,"functional_twig was a Dimensions-project-specific designation per original 2014 documentation, not intended for general use; column removed"
Tetraria ligulata,Tetraria autumnalis,NA,2026-08-11,"functional_twig was a Dimensions-project-specific designation per original 2014 documentation, not intended for general use; column removed"
Tetraria microstachys,Tetraria microstachys,mixed,2026-08-11,"functional_twig was a Dimensions-project-specific designation per original 2014 documentation, not intended for general use; column removed"
Tetraria nigrovaginata,Tetraria nigrovaginata,mixed,2026-08-11,"functional_twig was a Dimensions-project-specific designation per original 2014 documentation, not intended for general use; column removed"
Tetraria picta,Tetraria picta,NA,2026-08-11,"functional_twig was a Dimensions-project-specific designation per original 2014 documentation, not intended for general use; column removed"
Tetraria pillansii,Tetraria pillansii,no,2026-08-11,"functional_twig was a Dimensions-project-specific designation per original 2014 documentation, not intended for general use; column removed"
Tetraria pubescens,Tetraria pubescens,no,2026-08-11,"functional_twig was a Dimensions-project-specific designation per original 2014 documentation, not intended for general use; column removed"
Tetraria pygmaea,Tetraria pygmaea,NA,2026-08-11,"functional_twig was a Dimensions-project-specific designation per original 2014 documentation, not intended for general use; column removed"
Tetraria robusta,Tetraria compressa,NA,2026-08-11,"functional_twig was a Dimensions-project-specific designation per original 2014 documentation, not intended for general use; column removed"
Tetraria sylvatica,Tetraria sylvatica,no,2026-08-11,"functional_twig was a Dimensions-project-specific designation per original 2014 documentation, not intended for general use; column removed"
Tetraria thermalis,Tetraria thermalis,no,2026-08-11,"functional_twig was a Dimensions-project-specific designation per original 2014 documentation, not intended for general use; column removed"
Tetraria triangularis,Tetraria triangularis,NA,2026-08-11,"functional_twig was a Dimensions-project-specific designation per original 2014 documentation, not intended for general use; column removed"
Tetraria ustulata,Tetraria ustulata,mixed,2026-08-11,"functional_twig was a Dimensions-project-specific designation per original 2014 documentation, not intended for general use; column removed"
Teucrium africanum,Teucrium africanum,NA,2026-08-11,"functional_twig was a Dimensions-project-specific designation per original 2014 documentation, not intended for general use; column removed"
Thaminophyllum multiflorum,Thaminophyllum multiflorum,NA,2026-08-11,"functional_twig was a Dimensions-project-specific designation per original 2014 documentation, not intended for general use; column removed"
Thamnochortus arenarius,Thamnochortus arenarius,no,2026-08-11,"functional_twig was a Dimensions-project-specific designation per original 2014 documentation, not intended for general use; column removed"
Thamnochortus cinereus,Thamnochortus cinereus,yes,2026-08-11,"functional_twig was a Dimensions-project-specific designation per original 2014 documentation, not intended for general use; column removed"
Thamnochortus ellipticus,Thamnochortus ellipticus,NA,2026-08-11,"functional_twig was a Dimensions-project-specific designation per original 2014 documentation, not intended for general use; column removed"
Thamnochortus erectus,Thamnochortus erectus,NA,2026-08-11,"functional_twig was a Dimensions-project-specific designation per original 2014 documentation, not intended for general use; column removed"
Thamnochortus fraternus,Thamnochortus fraternus,no,2026-08-11,"functional_twig was a Dimensions-project-specific designation per original 2014 documentation, not intended for general use; column removed"
Thamnochortus fruticosus,Thamnochortus fruticosus,no,2026-08-11,"functional_twig was a Dimensions-project-specific designation per original 2014 documentation, not intended for general use; column removed"
Thamnochortus gracilis,Thamnochortus gracilis,no,2026-08-11,"functional_twig was a Dimensions-project-specific designation per original 2014 documentation, not intended for general use; column removed"
Thamnochortus insignis,Thamnochortus insignis,no,2026-08-11,"functional_twig was a Dimensions-project-specific designation per original 2014 documentation, not intended for general use; column removed"
Thamnochortus karooica,Thamnochortus karooica,no,2026-08-11,"functional_twig was a Dimensions-project-specific designation per original 2014 documentation, not intended for general use; column removed"
Thamnochortus lucens,Thamnochortus lucens,mixed,2026-08-11,"functional_twig was a Dimensions-project-specific designation per original 2014 documentation, not intended for general use; column removed"
Thamnochortus obtusus,Thamnochortus obtusus,NA,2026-08-11,"functional_twig was a Dimensions-project-specific designation per original 2014 documentation, not intended for general use; column removed"
Thamnochortus pellucidus,Thamnochortus pellucidus,NA,2026-08-11,"functional_twig was a Dimensions-project-specific designation per original 2014 documentation, not intended for general use; column removed"
Thamnochortus platypteris,Thamnochortus platypteris,no,2026-08-11,"functional_twig was a Dimensions-project-specific designation per original 2014 documentation, not intended for general use; column removed"
Thamnochortus pulcher,Thamnochortus pulcher,NA,2026-08-11,"functional_twig was a Dimensions-project-specific designation per original 2014 documentation, not intended for general use; column removed"
Themeda triandra,Themeda triandra,NA,2026-08-11,"functional_twig was a Dimensions-project-specific designation per original 2014 documentation, not intended for general use; column removed"
Thesidium fragile,Thesidium fragile,yes,2026-08-11,"functional_twig was a Dimensions-project-specific designation per original 2014 documentation, not intended for general use; column removed"
Thesidium hirtum,Thesidium hirtum,NA,2026-08-11,"functional_twig was a Dimensions-project-specific designation per original 2014 documentation, not intended for general use; column removed"
Thesium acuminatum,Thesium acuminatum,yes,2026-08-11,"functional_twig was a Dimensions-project-specific designation per original 2014 documentation, not intended for general use; column removed"
Thesium aggregatum,Thesium aggregatum,NA,2026-08-11,"functional_twig was a Dimensions-project-specific designation per original 2014 documentation, not intended for general use; column removed"
Thesium capituliflorum,Thesium capituliflorum,NA,2026-08-11,"functional_twig was a Dimensions-project-specific designation per original 2014 documentation, not intended for general use; column removed"
Thesium carinatum,Thesium carinatum,yes,2026-08-11,"functional_twig was a Dimensions-project-specific designation per original 2014 documentation, not intended for general use; column removed"
Thesium commutatum,Thesium commutatum,NA,2026-08-11,"functional_twig was a Dimensions-project-specific designation per original 2014 documentation, not intended for general use; column removed"
Thesium ericaefolium,Thesium ericifolium,yes,2026-08-11,"functional_twig was a Dimensions-project-specific designation per original 2014 documentation, not intended for general use; column removed"
Thesium euphorbioides,Thesium euphorbioides,yes,2026-08-11,"functional_twig was a Dimensions-project-specific designation per original 2014 documentation, not intended for general use; column removed"
Thesium flexuosum,Thesium flexuosum,NA,2026-08-11,"functional_twig was a Dimensions-project-specific designation per original 2014 documentation, not intended for general use; column removed"
Thesium gnidiaceum,Thesium gnidiaceum,NA,2026-08-11,"functional_twig was a Dimensions-project-specific designation per original 2014 documentation, not intended for general use; column removed"
Thesium junceum,Thesium junceum,NA,2026-08-11,"functional_twig was a Dimensions-project-specific designation per original 2014 documentation, not intended for general use; column removed"
Thesium nigromontanum,Thesium nigromontanum,mixed,2026-08-11,"functional_twig was a Dimensions-project-specific designation per original 2014 documentation, not intended for general use; column removed"
Thesium nudicaule,Thesium nudicaule,NA,2026-08-11,"functional_twig was a Dimensions-project-specific designation per original 2014 documentation, not intended for general use; column removed"
Thesium pseudovirgatum,Thesium pseudovirgatum,mixed,2026-08-11,"functional_twig was a Dimensions-project-specific designation per original 2014 documentation, not intended for general use; column removed"
Thesium scandens,Thesium scandens,NA,2026-08-11,"functional_twig was a Dimensions-project-specific designation per original 2014 documentation, not intended for general use; column removed"
Thesium schumannianum,Thesium schumannianum,NA,2026-08-11,"functional_twig was a Dimensions-project-specific designation per original 2014 documentation, not intended for general use; column removed"
Thesium spicatum,Thesium spicatum,mixed,2026-08-11,"functional_twig was a Dimensions-project-specific designation per original 2014 documentation, not intended for general use; column removed"
Thesium squarrosum,Thesium squarrosum,NA,2026-08-11,"functional_twig was a Dimensions-project-specific designation per original 2014 documentation, not intended for general use; column removed"
Thesium strictum,Thesium strictum,mixed,2026-08-11,"functional_twig was a Dimensions-project-specific designation per original 2014 documentation, not intended for general use; column removed"
Thesium subnudum,Thesium subnudum,no,2026-08-11,"functional_twig was a Dimensions-project-specific designation per original 2014 documentation, not intended for general use; column removed"
Thesium susannae,Thesium susannae,NA,2026-08-11,"functional_twig was a Dimensions-project-specific designation per original 2014 documentation, not intended for general use; column removed"
Thesium virgatum,Thesium virgatum,mixed,2026-08-11,"functional_twig was a Dimensions-project-specific designation per original 2014 documentation, not intended for general use; column removed"
Thesium viridifolium,Thesium viridifolium,yes,2026-08-11,"functional_twig was a Dimensions-project-specific designation per original 2014 documentation, not intended for general use; column removed"
Todea barbara,Todea barbara,NA,2026-08-11,"functional_twig was a Dimensions-project-specific designation per original 2014 documentation, not intended for general use; column removed"
Trachyandra hirsutiflora,Trachyandra hirsutiflora,NA,2026-08-11,"functional_twig was a Dimensions-project-specific designation per original 2014 documentation, not intended for general use; column removed"
Trachyandra revoluta,Trachyandra revoluta,NA,2026-08-11,"functional_twig was a Dimensions-project-specific designation per original 2014 documentation, not intended for general use; column removed"
Trachyandra tabularis,Trachyandra tabularis,NA,2026-08-11,"functional_twig was a Dimensions-project-specific designation per original 2014 documentation, not intended for general use; column removed"
Tragus berteronianus,Tragus berteronianus,NA,2026-08-11,"functional_twig was a Dimensions-project-specific designation per original 2014 documentation, not intended for general use; column removed"
Tribolium brachystachyum,Tribolium brachystachyum,NA,2026-08-11,"functional_twig was a Dimensions-project-specific designation per original 2014 documentation, not intended for general use; column removed"
Tribolium hispidum,Tribolium hispidum,NA,2026-08-11,"functional_twig was a Dimensions-project-specific designation per original 2014 documentation, not intended for general use; column removed"
Tribolium uniolae,Tribolium uniolae,NA,2026-08-11,"functional_twig was a Dimensions-project-specific designation per original 2014 documentation, not intended for general use; column removed"
Trichocephalus stipularis,Trichocephalus stipularis,NA,2026-08-11,"functional_twig was a Dimensions-project-specific designation per original 2014 documentation, not intended for general use; column removed"
Trichodiadema barbatum,Trichodiadema barbatum,NA,2026-08-11,"functional_twig was a Dimensions-project-specific designation per original 2014 documentation, not intended for general use; column removed"
Trichodiadema mirabile,Trichodiadema mirabile,NA,2026-08-11,"functional_twig was a Dimensions-project-specific designation per original 2014 documentation, not intended for general use; column removed"
Triraphis andropogonoides,Triraphis andropogonoides,NA,2026-08-11,"functional_twig was a Dimensions-project-specific designation per original 2014 documentation, not intended for general use; column removed"
Tristachya leucothrix,Tristachya leucothrix,NA,2026-08-11,"functional_twig was a Dimensions-project-specific designation per original 2014 documentation, not intended for general use; column removed"
Tritoniopsis antholyza,Tritoniopsis antholyza,NA,2026-08-11,"functional_twig was a Dimensions-project-specific designation per original 2014 documentation, not intended for general use; column removed"
Tritoniopsis triticea,Tritoniopsis triticea,NA,2026-08-11,"functional_twig was a Dimensions-project-specific designation per original 2014 documentation, not intended for general use; column removed"
Troglophyton capillaceum,Troglophyton capillaceum,NA,2026-08-11,"functional_twig was a Dimensions-project-specific designation per original 2014 documentation, not intended for general use; column removed"
Tylecodon paniculatus,Tylecodon paniculatus,NA,2026-08-11,"functional_twig was a Dimensions-project-specific designation per original 2014 documentation, not intended for general use; column removed"
Ursinia anethoides,Ursinia anethoides,NA,2026-08-11,"functional_twig was a Dimensions-project-specific designation per original 2014 documentation, not intended for general use; column removed"
Ursinia chrysanthemoides,Ursinia chrysanthemoides,NA,2026-08-11,"functional_twig was a Dimensions-project-specific designation per original 2014 documentation, not intended for general use; column removed"
Ursinia dentata,Ursinia dentata,NA,2026-08-11,"functional_twig was a Dimensions-project-specific designation per original 2014 documentation, not intended for general use; column removed"
Ursinia heterodonta,Ursinia heterodonta,NA,2026-08-11,"functional_twig was a Dimensions-project-specific designation per original 2014 documentation, not intended for general use; column removed"
Ursinia hispida,Ursinia hispida,NA,2026-08-11,"functional_twig was a Dimensions-project-specific designation per original 2014 documentation, not intended for general use; column removed"
Ursinia nudicaulis,Ursinia nudicaulis,NA,2026-08-11,"functional_twig was a Dimensions-project-specific designation per original 2014 documentation, not intended for general use; column removed"
Ursinia paleacea,Ursinia paleacea,NA,2026-08-11,"functional_twig was a Dimensions-project-specific designation per original 2014 documentation, not intended for general use; column removed"
Ursinia pilifera,Ursinia pilifera,NA,2026-08-11,"functional_twig was a Dimensions-project-specific designation per original 2014 documentation, not intended for general use; column removed"
Ursinia punctata,Ursinia punctata,NA,2026-08-11,"functional_twig was a Dimensions-project-specific designation per original 2014 documentation, not intended for general use; column removed"
Ursinia quinquepartita,Ursinia quinquepartita,NA,2026-08-11,"functional_twig was a Dimensions-project-specific designation per original 2014 documentation, not intended for general use; column removed"
Ursinia scariosa,Ursinia scariosa,NA,2026-08-11,"functional_twig was a Dimensions-project-specific designation per original 2014 documentation, not intended for general use; column removed"
Ursinia sericea,Ursinia sericea,NA,2026-08-11,"functional_twig was a Dimensions-project-specific designation per original 2014 documentation, not intended for general use; column removed"
Ursinia serrata,Ursinia serrata,NA,2026-08-11,"functional_twig was a Dimensions-project-specific designation per original 2014 documentation, not intended for general use; column removed"
Ursinia tenuifolia,Ursinia tenuifolia,NA,2026-08-11,"functional_twig was a Dimensions-project-specific designation per original 2014 documentation, not intended for general use; column removed"
Ursinia trifida,Ursinia trifida,NA,2026-08-11,"functional_twig was a Dimensions-project-specific designation per original 2014 documentation, not intended for general use; column removed"
Utricularia bisquamata,Utricularia bisquamata,NA,2026-08-11,"functional_twig was a Dimensions-project-specific designation per original 2014 documentation, not intended for general use; column removed"
Vachellia karroo,Acacia karroo,NA,2026-08-11,"functional_twig was a Dimensions-project-specific designation per original 2014 documentation, not intended for general use; column removed"
Vellereophyton dealbatum,Vellereophyton dealbatum,NA,2026-08-11,"functional_twig was a Dimensions-project-specific designation per original 2014 documentation, not intended for general use; column removed"
Villarsia capensis,Villarsia capensis,NA,2026-08-11,"functional_twig was a Dimensions-project-specific designation per original 2014 documentation, not intended for general use; column removed"
Virgilia oroboides,Virgilia oroboides,NA,2026-08-11,"functional_twig was a Dimensions-project-specific designation per original 2014 documentation, not intended for general use; column removed"
Viscum capense,Viscum capense,NA,2026-08-11,"functional_twig was a Dimensions-project-specific designation per original 2014 documentation, not intended for general use; column removed"
Viscum pauciflorum,Viscum pauciflorum,NA,2026-08-11,"functional_twig was a Dimensions-project-specific designation per original 2014 documentation, not intended for general use; column removed"
Viscum rotundifolium,Viscum rotundifolium,NA,2026-08-11,"functional_twig was a Dimensions-project-specific designation per original 2014 documentation, not intended for general use; column removed"
Wachendorfia paniculata,Wachendorfia paniculata,NA,2026-08-11,"functional_twig was a Dimensions-project-specific designation per original 2014 documentation, not intended for general use; column removed"
Wahlenbergia albens,Wahlenbergia albens,NA,2026-08-11,"functional_twig was a Dimensions-project-specific designation per original 2014 documentation, not intended for general use; column removed"
Wahlenbergia cinerea,Wahlenbergia cinerea,NA,2026-08-11,"functional_twig was a Dimensions-project-specific designation per original 2014 documentation, not intended for general use; column removed"
Wahlenbergia desmantha,Wahlenbergia desmantha,NA,2026-08-11,"functional_twig was a Dimensions-project-specific designation per original 2014 documentation, not intended for general use; column removed"
Wahlenbergia ecklonii,Wahlenbergia ecklonii,NA,2026-08-11,"functional_twig was a Dimensions-project-specific designation per original 2014 documentation, not intended for general use; column removed"
Wahlenbergia fruticosa,Wahlenbergia fruticosa,NA,2026-08-11,"functional_twig was a Dimensions-project-specific designation per original 2014 documentation, not intended for general use; column removed"
Wahlenbergia macrostachys,Wahlenbergia macrostachys,NA,2026-08-11,"functional_twig was a Dimensions-project-specific designation per original 2014 documentation, not intended for general use; column removed"
Wahlenbergia neorigida,Wahlenbergia neorigida,NA,2026-08-11,"functional_twig was a Dimensions-project-specific designation per original 2014 documentation, not intended for general use; column removed"
Wahlenbergia obovata,Wahlenbergia obovata,NA,2026-08-11,"functional_twig was a Dimensions-project-specific designation per original 2014 documentation, not intended for general use; column removed"
Wahlenbergia rubens,Wahlenbergia rubens,NA,2026-08-11,"functional_twig was a Dimensions-project-specific designation per original 2014 documentation, not intended for general use; column removed"
Wahlenbergia tenella,Wahlenbergia tenella,NA,2026-08-11,"functional_twig was a Dimensions-project-specific designation per original 2014 documentation, not intended for general use; column removed"
Wahlenbergia unidentata,Wahlenbergia unidentata,NA,2026-08-11,"functional_twig was a Dimensions-project-specific designation per original 2014 documentation, not intended for general use; column removed"
Watsonia fourcadei,Watsonia fourcadei,NA,2026-08-11,"functional_twig was a Dimensions-project-specific designation per original 2014 documentation, not intended for general use; column removed"
Watsonia knysnana,Watsonia knysnana,NA,2026-08-11,"functional_twig was a Dimensions-project-specific designation per original 2014 documentation, not intended for general use; column removed"
Watsonia marginata,Watsonia marginata,NA,2026-08-11,"functional_twig was a Dimensions-project-specific designation per original 2014 documentation, not intended for general use; column removed"
Watsonia meriana,Watsonia borbonica,NA,2026-08-11,"functional_twig was a Dimensions-project-specific designation per original 2014 documentation, not intended for general use; column removed"
Watsonia schlechteri,Watsonia schlechteri,NA,2026-08-11,"functional_twig was a Dimensions-project-specific designation per original 2014 documentation, not intended for general use; column removed"
Watsonia tabularis,Watsonia tabularis,NA,2026-08-11,"functional_twig was a Dimensions-project-specific designation per original 2014 documentation, not intended for general use; column removed"
Watsonia vanderspuyiae,Watsonia vanderspuyiae,NA,2026-08-11,"functional_twig was a Dimensions-project-specific designation per original 2014 documentation, not intended for general use; column removed"
Wiborgia tetraptera,Wiborgia tetraptera,NA,2026-08-11,"functional_twig was a Dimensions-project-specific designation per original 2014 documentation, not intended for general use; column removed"
Widdringtonia cedarbergensis,Widdringtonia cedarbergensis,NA,2026-08-11,"functional_twig was a Dimensions-project-specific designation per original 2014 documentation, not intended for general use; column removed"
Widdringtonia nodiflora,Widdringtonia nodiflora,NA,2026-08-11,"functional_twig was a Dimensions-project-specific designation per original 2014 documentation, not intended for general use; column removed"
Willdenowia arescens,Willdenowia arescens,no,2026-08-11,"functional_twig was a Dimensions-project-specific designation per original 2014 documentation, not intended for general use; column removed"
Willdenowia bolusii,Willdenowia bolusii,no,2026-08-11,"functional_twig was a Dimensions-project-specific designation per original 2014 documentation, not intended for general use; column removed"
Willdenowia glomerata,Willdenowia glomerata,mixed,2026-08-11,"functional_twig was a Dimensions-project-specific designation per original 2014 documentation, not intended for general use; column removed"
Willdenowia humilis,Willdenowia humilis,NA,2026-08-11,"functional_twig was a Dimensions-project-specific designation per original 2014 documentation, not intended for general use; column removed"
Willdenowia incurvata,Willdenowia incurvata,mixed,2026-08-11,"functional_twig was a Dimensions-project-specific designation per original 2014 documentation, not intended for general use; column removed"
Willdenowia stokoei,Willdenowia stokoei,NA,2026-08-11,"functional_twig was a Dimensions-project-specific designation per original 2014 documentation, not intended for general use; column removed"
Willdenowia sulcata,Willdenowia sulcata,no,2026-08-11,"functional_twig was a Dimensions-project-specific designation per original 2014 documentation, not intended for general use; column removed"
Willdenowia teres,Willdenowia teres,yes,2026-08-11,"functional_twig was a Dimensions-project-specific designation per original 2014 documentation, not intended for general use; column removed"
Zantedeschia aethiopica,Zantedeschia aethiopica,NA,2026-08-11,"functional_twig was a Dimensions-project-specific designation per original 2014 documentation, not intended for general use; column removed"
Zyrphelis microcephala,Zyrphelis microcephala,NA,2026-08-11,"functional_twig was a Dimensions-project-specific designation per original 2014 documentation, not intended for general use; column removed"
Alatoseta tenuis,Alatoseta tenuis,0,2026-08-11,"functional_twig was a Dimensions-project-specific designation per original 2014 documentation, not intended for general use; column removed"
Albuca concordiana,Albuca concordiana,0,2026-08-11,"functional_twig was a Dimensions-project-specific designation per original 2014 documentation, not intended for general use; column removed"
Aloe comosa,Aloe comosa,0,2026-08-11,"functional_twig was a Dimensions-project-specific designation per original 2014 documentation, not intended for general use; column removed"
Aloe dichotoma var. dichotoma,Aloe dichotoma var. dichotoma,0,2026-08-11,"functional_twig was a Dimensions-project-specific designation per original 2014 documentation, not intended for general use; column removed"
Aloe microstigma,Aloe microstigma,0,2026-08-11,"functional_twig was a Dimensions-project-specific designation per original 2014 documentation, not intended for general use; column removed"
Alyssum minutum,Alyssum minutum,0,2026-08-11,"functional_twig was a Dimensions-project-specific designation per original 2014 documentation, not intended for general use; column removed"
Amphiglossa tomentosa,Amphiglossa tomentosa,0,2026-08-11,"functional_twig was a Dimensions-project-specific designation per original 2014 documentation, not intended for general use; column removed"
Amphiglossa triflora,Amphiglossa triflora,0,2026-08-11,"functional_twig was a Dimensions-project-specific designation per original 2014 documentation, not intended for general use; column removed"
Amsinckia calycina,Amsinckia calycina,0,2026-08-11,"functional_twig was a Dimensions-project-specific designation per original 2014 documentation, not intended for general use; column removed"
Amsinckia menziesii,Amsinckia menziesii,0,2026-08-11,"functional_twig was a Dimensions-project-specific designation per original 2014 documentation, not intended for general use; column removed"
Anacampseros albidiflora,Anacampseros albidiflora,0,2026-08-11,"functional_twig was a Dimensions-project-specific designation per original 2014 documentation, not intended for general use; column removed"
Colchicum coloratum subsp. burchellii,Androcymbium burchellii,0,2026-08-11,"functional_twig was a Dimensions-project-specific designation per original 2014 documentation, not intended for general use; column removed"
Colchicum volutare,Androcymbium volutare,0,2026-08-11,"functional_twig was a Dimensions-project-specific designation per original 2014 documentation, not intended for general use; column removed"
Anginon fruticosum,Anginon fruticosum,0,2026-08-11,"functional_twig was a Dimensions-project-specific designation per original 2014 documentation, not intended for general use; column removed"
Anisodontea triloba,Anisodontea triloba,0,2026-08-11,"functional_twig was a Dimensions-project-specific designation per original 2014 documentation, not intended for general use; column removed"
Anthospermum anthiopicum,Anthospermum anthiopicum,0,2026-08-11,"functional_twig was a Dimensions-project-specific designation per original 2014 documentation, not intended for general use; column removed"
Anthospermum dregei,Anthospermum dregei,0,2026-08-11,"functional_twig was a Dimensions-project-specific designation per original 2014 documentation, not intended for general use; column removed"
Antimima gracillima,Antimima gracillima,0,2026-08-11,"functional_twig was a Dimensions-project-specific designation per original 2014 documentation, not intended for general use; column removed"
Antimima triquetra,Antimima triquetra,0,2026-08-11,"functional_twig was a Dimensions-project-specific designation per original 2014 documentation, not intended for general use; column removed"
Aptosimum indivisum,Aptosimum indivisum,0,2026-08-11,"functional_twig was a Dimensions-project-specific designation per original 2014 documentation, not intended for general use; column removed"
Aptosimum procumbens,Aptosimum procumbens,0,2026-08-11,"functional_twig was a Dimensions-project-specific designation per original 2014 documentation, not intended for general use; column removed"
Aptosimum spinescens,Aptosimum spinescens,0,2026-08-11,"functional_twig was a Dimensions-project-specific designation per original 2014 documentation, not intended for general use; column removed"
Arctotis fastuosa,Arctotis fastuosa,0,2026-08-11,"functional_twig was a Dimensions-project-specific designation per original 2014 documentation, not intended for general use; column removed"
Mesembryanthemum noctiflora,Aridaria noctiflora,0,2026-08-11,"functional_twig was a Dimensions-project-specific designation per original 2014 documentation, not intended for general use; column removed"
Aristida vestita,Aristida vestita,0,2026-08-11,"functional_twig was a Dimensions-project-specific designation per original 2014 documentation, not intended for general use; column removed"
Asparagus asparagoides,Asparagus asparagoides,0,2026-08-11,"functional_twig was a Dimensions-project-specific designation per original 2014 documentation, not intended for general use; column removed"
Asparagus multituberosus,Asparagus multituberosus,0,2026-08-11,"functional_twig was a Dimensions-project-specific designation per original 2014 documentation, not intended for general use; column removed"
Asparagus ovatus,Asparagus ovatus,0,2026-08-11,"functional_twig was a Dimensions-project-specific designation per original 2014 documentation, not intended for general use; column removed"
Athanasia minuta,Athanasia minuta,0,2026-08-11,"functional_twig was a Dimensions-project-specific designation per original 2014 documentation, not intended for general use; column removed"
Atriplex cinerea,Atriplex cinerea subsp. bolusii,0,2026-08-11,"functional_twig was a Dimensions-project-specific designation per original 2014 documentation, not intended for general use; column removed"
Atriplex lindleyi,Atriplex lindleyi,0,2026-08-11,"functional_twig was a Dimensions-project-specific designation per original 2014 documentation, not intended for general use; column removed"
Atriplex semibaccata,Atriplex semibaccata,0,2026-08-11,"functional_twig was a Dimensions-project-specific designation per original 2014 documentation, not intended for general use; column removed"
Augea capensis,Augea capensis,0,2026-08-11,"functional_twig was a Dimensions-project-specific designation per original 2014 documentation, not intended for general use; column removed"
Babiana flabellifolia,Babiana flabellifolia,0,2026-08-11,"functional_twig was a Dimensions-project-specific designation per original 2014 documentation, not intended for general use; column removed"
Babiana framesii,Babiana framesii,0,2026-08-11,"functional_twig was a Dimensions-project-specific designation per original 2014 documentation, not intended for general use; column removed"
Babiana pauciflora,Babiana pauciflora,0,2026-08-11,"functional_twig was a Dimensions-project-specific designation per original 2014 documentation, not intended for general use; column removed"
Babiana sambucina,Babiana sambucina var. longibracteata,0,2026-08-11,"functional_twig was a Dimensions-project-specific designation per original 2014 documentation, not intended for general use; column removed"
Babiana spathacea,Babiana spathaceae,0,2026-08-11,"functional_twig was a Dimensions-project-specific designation per original 2014 documentation, not intended for general use; column removed"
Berkheya eriobasis,Berkheya eriobasis,0,2026-08-11,"functional_twig was a Dimensions-project-specific designation per original 2014 documentation, not intended for general use; column removed"
Berkheya fruticosa,Berkheya fruticosa,0,2026-08-11,"functional_twig was a Dimensions-project-specific designation per original 2014 documentation, not intended for general use; column removed"
Berkheya glabrata,Berkheya glabrata,0,2026-08-11,"functional_twig was a Dimensions-project-specific designation per original 2014 documentation, not intended for general use; column removed"
Berkheya heterophylla,Berkheya heterophylla,0,2026-08-11,"functional_twig was a Dimensions-project-specific designation per original 2014 documentation, not intended for general use; column removed"
Berkheya onobromoides,Berkheya onobromoides,0,2026-08-11,"functional_twig was a Dimensions-project-specific designation per original 2014 documentation, not intended for general use; column removed"
Boophane disticha,Boophane disticha,0,2026-08-11,"functional_twig was a Dimensions-project-specific designation per original 2014 documentation, not intended for general use; column removed"
Bromus pectinatus,Bromus pectinatus,0,2026-08-11,"functional_twig was a Dimensions-project-specific designation per original 2014 documentation, not intended for general use; column removed"
Brunsvigia bosmaniae,Brunsvigia bosmaniae,0,2026-08-11,"functional_twig was a Dimensions-project-specific designation per original 2014 documentation, not intended for general use; column removed"
Brunsvigia striata,Brunsvigia cf. minor,0,2026-08-11,"functional_twig was a Dimensions-project-specific designation per original 2014 documentation, not intended for general use; column removed"
Bulbine aloides,Bulbine aloides,0,2026-08-11,"functional_twig was a Dimensions-project-specific designation per original 2014 documentation, not intended for general use; column removed"
Bulbinella nutans,Bulbine nutans,0,2026-08-11,"functional_twig was a Dimensions-project-specific designation per original 2014 documentation, not intended for general use; column removed"
Bulbine praemorsa,Bulbine praemorsa,0,2026-08-11,"functional_twig was a Dimensions-project-specific designation per original 2014 documentation, not intended for general use; column removed"
Bulbine succulenta,Bulbine succulenta,0,2026-08-11,"functional_twig was a Dimensions-project-specific designation per original 2014 documentation, not intended for general use; column removed"
Bulbine torta,Bulbine torta,0,2026-08-11,"functional_twig was a Dimensions-project-specific designation per original 2014 documentation, not intended for general use; column removed"
Capsella bursa-pastoris,Capsella bursa-pastoris,0,2026-08-11,"functional_twig was a Dimensions-project-specific designation per original 2014 documentation, not intended for general use; column removed"
Cephalophyllum curtophyllum,Cephalophyllum curtophyllum,0,2026-08-11,"functional_twig was a Dimensions-project-specific designation per original 2014 documentation, not intended for general use; column removed"
Cephalophyllum framesii,Cephalophyllum framesii,0,2026-08-11,"functional_twig was a Dimensions-project-specific designation per original 2014 documentation, not intended for general use; column removed"
Cephalophyllum hallii,Cephalophyllum hallii,0,2026-08-11,"functional_twig was a Dimensions-project-specific designation per original 2014 documentation, not intended for general use; column removed"
Chaenostoma caeruleum,Chaenostoma caeruleum,0,2026-08-11,"functional_twig was a Dimensions-project-specific designation per original 2014 documentation, not intended for general use; column removed"
Chaetobromus involucratus,Chaetobromus involucratus,0,2026-08-11,"functional_twig was a Dimensions-project-specific designation per original 2014 documentation, not intended for general use; column removed"
Cheiridopsis namaquensis,Cheiridopsis namaquensis,0,2026-08-11,"functional_twig was a Dimensions-project-specific designation per original 2014 documentation, not intended for general use; column removed"
Chlorophytum undulatum,Chlorophytum undulatum,0,2026-08-11,"functional_twig was a Dimensions-project-specific designation per original 2014 documentation, not intended for general use; column removed"
Chrysocoma oblongifolia,Chrysocoma oblongifolia,0,2026-08-11,"functional_twig was a Dimensions-project-specific designation per original 2014 documentation, not intended for general use; column removed"
Cladoraphis spinosa,Cladoraphis spinosa,0,2026-08-11,"functional_twig was a Dimensions-project-specific designation per original 2014 documentation, not intended for general use; column removed"
Cleretum bellidiforme,Cleretum bellidiforme,0,2026-08-11,"functional_twig was a Dimensions-project-specific designation per original 2014 documentation, not intended for general use; column removed"
Cleretum lyratifolium,Cleretum lyratifolium,0,2026-08-11,"functional_twig was a Dimensions-project-specific designation per original 2014 documentation, not intended for general use; column removed"
Cleretum maughanii,Cleretum maughanii,0,2026-08-11,"functional_twig was a Dimensions-project-specific designation per original 2014 documentation, not intended for general use; column removed"
Cleretum papulosum,Cleretum papulosum,0,2026-08-11,"functional_twig was a Dimensions-project-specific designation per original 2014 documentation, not intended for general use; column removed"
Cliffortia arborea,Cliffortia arborea,0,2026-08-11,"functional_twig was a Dimensions-project-specific designation per original 2014 documentation, not intended for general use; column removed"
Colchicum albomarginatum,Colchicum albomarginatum,0,2026-08-11,"functional_twig was a Dimensions-project-specific designation per original 2014 documentation, not intended for general use; column removed"
Colchicum capense subsp. ciliolatum,Colchicum capense subsp. ciliolatum,0,2026-08-11,"functional_twig was a Dimensions-project-specific designation per original 2014 documentation, not intended for general use; column removed"
Colchicum crispum,Colchicum crispum,0,2026-08-11,"functional_twig was a Dimensions-project-specific designation per original 2014 documentation, not intended for general use; column removed"
Convolvulus capensis,Convolvulus capensis,0,2026-08-11,"functional_twig was a Dimensions-project-specific designation per original 2014 documentation, not intended for general use; column removed"
Nidorella ivifolia,Conyza scabrida,0,2026-08-11,"functional_twig was a Dimensions-project-specific designation per original 2014 documentation, not intended for general use; column removed"
Cotula barbata,Cotula barbata,0,2026-08-11,"functional_twig was a Dimensions-project-specific designation per original 2014 documentation, not intended for general use; column removed"
Cotula bipinnata,Cotula bipinnata,0,2026-08-11,"functional_twig was a Dimensions-project-specific designation per original 2014 documentation, not intended for general use; column removed"
Cotula microglossa,Cotula microglossa,0,2026-08-11,"functional_twig was a Dimensions-project-specific designation per original 2014 documentation, not intended for general use; column removed"
Cotula nudicaulis,Cotula nudicaulis,0,2026-08-11,"functional_twig was a Dimensions-project-specific designation per original 2014 documentation, not intended for general use; column removed"
Cotula sororia,Cotula sororia,0,2026-08-11,"functional_twig was a Dimensions-project-specific designation per original 2014 documentation, not intended for general use; column removed"
Crassula alpestris,Crassula alpestris,0,2026-08-11,"functional_twig was a Dimensions-project-specific designation per original 2014 documentation, not intended for general use; column removed"
Crassula barbata,Crassula barbata,0,2026-08-11,"functional_twig was a Dimensions-project-specific designation per original 2014 documentation, not intended for general use; column removed"
Crassula dichotoma,Crassula dichotoma,0,2026-08-11,"functional_twig was a Dimensions-project-specific designation per original 2014 documentation, not intended for general use; column removed"
Crassula glomerata,Crassula glomerata,0,2026-08-11,"functional_twig was a Dimensions-project-specific designation per original 2014 documentation, not intended for general use; column removed"
Crassula sericea,Crassula sericea,0,2026-08-11,"functional_twig was a Dimensions-project-specific designation per original 2014 documentation, not intended for general use; column removed"
Crassula subaphylla,Crassula subaphylla,0,2026-08-11,"functional_twig was a Dimensions-project-specific designation per original 2014 documentation, not intended for general use; column removed"
Crassula thunbergiana,Crassula thunbergiana,0,2026-08-11,"functional_twig was a Dimensions-project-specific designation per original 2014 documentation, not intended for general use; column removed"
Crassula umbella,Crassula umbella,0,2026-08-11,"functional_twig was a Dimensions-project-specific designation per original 2014 documentation, not intended for general use; column removed"
Crassula vaillantii,Crassula vaillantii,0,2026-08-11,"functional_twig was a Dimensions-project-specific designation per original 2014 documentation, not intended for general use; column removed"
Cromidon corrigioloides,Cromidon corrigioloides,0,2026-08-11,"functional_twig was a Dimensions-project-specific designation per original 2014 documentation, not intended for general use; column removed"
Cromidon varicalyx,Cromidon varicalyx,0,2026-08-11,"functional_twig was a Dimensions-project-specific designation per original 2014 documentation, not intended for general use; column removed"
Crossyne guttata,Crossyne guttata,0,2026-08-11,"functional_twig was a Dimensions-project-specific designation per original 2014 documentation, not intended for general use; column removed"
Cyperus marginatus,Cyperus marginatus,0,2026-08-11,"functional_twig was a Dimensions-project-specific designation per original 2014 documentation, not intended for general use; column removed"
Cyphia volubilis,Cyphia volubilis,0,2026-08-11,"functional_twig was a Dimensions-project-specific designation per original 2014 documentation, not intended for general use; column removed"
Cysticapnos vesicaria,Cysticapnos vesicaria,0,2026-08-11,"functional_twig was a Dimensions-project-specific designation per original 2014 documentation, not intended for general use; column removed"
Deverra denudata,Deverra denudata,NA,2026-08-11,"functional_twig was a Dimensions-project-specific designation per original 2014 documentation, not intended for general use; column removed"
Diascia macrophylla,Diascia macrophylla,0,2026-08-11,"functional_twig was a Dimensions-project-specific designation per original 2014 documentation, not intended for general use; column removed"
Diascia namaquensis,Diascia namaquensis,0,2026-08-11,"functional_twig was a Dimensions-project-specific designation per original 2014 documentation, not intended for general use; column removed"
Diascia nana,Diascia nana,0,2026-08-11,"functional_twig was a Dimensions-project-specific designation per original 2014 documentation, not intended for general use; column removed"
Didelta spinosa,Didelta spinosa,0,2026-08-11,"functional_twig was a Dimensions-project-specific designation per original 2014 documentation, not intended for general use; column removed"
Dimorphotheca cuneata,Dimorphotheca cuneata,0,2026-08-11,"functional_twig was a Dimensions-project-specific designation per original 2014 documentation, not intended for general use; column removed"
Dimorphotheca pinnata,Dimorphotheca pinnata,0,2026-08-11,"functional_twig was a Dimensions-project-specific designation per original 2014 documentation, not intended for general use; column removed"
Dimorphotheca pluvialis,Dimorphotheca pluvialis,0,2026-08-11,"functional_twig was a Dimensions-project-specific designation per original 2014 documentation, not intended for general use; column removed"
Dimorphotheca sinuata,Dimorphotheca sinuata,0,2026-08-11,"functional_twig was a Dimensions-project-specific designation per original 2014 documentation, not intended for general use; column removed"
Disperis purpurata,Disperis purpurata,0,2026-08-11,"functional_twig was a Dimensions-project-specific designation per original 2014 documentation, not intended for general use; column removed"
Drimia physodes,Drimia physodes,0,2026-08-11,"functional_twig was a Dimensions-project-specific designation per original 2014 documentation, not intended for general use; column removed"
Drosanthemum floribundum,Drosanthemum floribundum,0,2026-08-11,"functional_twig was a Dimensions-project-specific designation per original 2014 documentation, not intended for general use; column removed"
Drosanthemum framesii,Drosanthemum framesii,0,2026-08-11,"functional_twig was a Dimensions-project-specific designation per original 2014 documentation, not intended for general use; column removed"
Drosanthemum karrooense,Drosanthemum karrooense,0,2026-08-11,"functional_twig was a Dimensions-project-specific designation per original 2014 documentation, not intended for general use; column removed"
Ehrharta delicatula,Ehrharta delicatula,0,2026-08-11,"functional_twig was a Dimensions-project-specific designation per original 2014 documentation, not intended for general use; column removed"
Ehrharta longiflora,Ehrharta longiflora,0,2026-08-11,"functional_twig was a Dimensions-project-specific designation per original 2014 documentation, not intended for general use; column removed"
Ehrharta longifolia,Ehrharta longifolia,0,2026-08-11,"functional_twig was a Dimensions-project-specific designation per original 2014 documentation, not intended for general use; column removed"
Ehrharta melicoides,Ehrharta melicoides,0,2026-08-11,"functional_twig was a Dimensions-project-specific designation per original 2014 documentation, not intended for general use; column removed"
Ehrharta ramosa,Ehrharta ramosa subsp. ramosa,0,2026-08-11,"functional_twig was a Dimensions-project-specific designation per original 2014 documentation, not intended for general use; column removed"
Emilia hantamensis,Emilia hantamensis,0,2026-08-11,"functional_twig was a Dimensions-project-specific designation per original 2014 documentation, not intended for general use; column removed"
Erica inaequalis,Erica inaequalis,0,2026-08-11,"functional_twig was a Dimensions-project-specific designation per original 2014 documentation, not intended for general use; column removed"
Eriocephalus decussatus,Eriocephalus decussatus,0,2026-08-11,"functional_twig was a Dimensions-project-specific designation per original 2014 documentation, not intended for general use; column removed"
Eriocephalus ericoides,Eriocephalus ericoides,0,2026-08-11,"functional_twig was a Dimensions-project-specific designation per original 2014 documentation, not intended for general use; column removed"
Eriocephalus microphyllus,Eriocephalus microphyllus,0,2026-08-11,"functional_twig was a Dimensions-project-specific designation per original 2014 documentation, not intended for general use; column removed"
Eriocephalus namaquensis,Eriocephalus namaquensis,0,2026-08-11,"functional_twig was a Dimensions-project-specific designation per original 2014 documentation, not intended for general use; column removed"
Eriocephalus pauperrimus,Eriocephalus pauperrimus,0,2026-08-11,"functional_twig was a Dimensions-project-specific designation per original 2014 documentation, not intended for general use; column removed"
Eriocephalus punctulatus,Eriocephalus punctulatus,0,2026-08-11,"functional_twig was a Dimensions-project-specific designation per original 2014 documentation, not intended for general use; column removed"
Eriocephalus purpureus,Eriocephalus purpureus,0,2026-08-11,"functional_twig was a Dimensions-project-specific designation per original 2014 documentation, not intended for general use; column removed"
Eriocephalus spinescens,Eriocephalus spinescens,0,2026-08-11,"functional_twig was a Dimensions-project-specific designation per original 2014 documentation, not intended for general use; column removed"
Erodium cicutarium,Erodium cicutarium,0,2026-08-11,"functional_twig was a Dimensions-project-specific designation per original 2014 documentation, not intended for general use; column removed"
Erodium moschatum,Erodium moschatum,0,2026-08-11,"functional_twig was a Dimensions-project-specific designation per original 2014 documentation, not intended for general use; column removed"
Euchlora hirsuta,Euchlora hirsuta,0,2026-08-11,"functional_twig was a Dimensions-project-specific designation per original 2014 documentation, not intended for general use; column removed"
Euphorbia hamata,Euphorbia hamata,0,2026-08-11,"functional_twig was a Dimensions-project-specific designation per original 2014 documentation, not intended for general use; column removed"
Euphorbia multiceps,Euphorbia multiceps,0,2026-08-11,"functional_twig was a Dimensions-project-specific designation per original 2014 documentation, not intended for general use; column removed"
Euryops annuus,Euryops annuus,0,2026-08-11,"functional_twig was a Dimensions-project-specific designation per original 2014 documentation, not intended for general use; column removed"
Euryops imbricatus,Euryops imbricatus,0,2026-08-11,"functional_twig was a Dimensions-project-specific designation per original 2014 documentation, not intended for general use; column removed"
Euryops lateriflorus,Euryops lateriflorus,0,2026-08-11,"functional_twig was a Dimensions-project-specific designation per original 2014 documentation, not intended for general use; column removed"
Euryops marlothii,Euryops marlothii,0,2026-08-11,"functional_twig was a Dimensions-project-specific designation per original 2014 documentation, not intended for general use; column removed"
Euryops multifidus,Euryops multifidus,0,2026-08-11,"functional_twig was a Dimensions-project-specific designation per original 2014 documentation, not intended for general use; column removed"
Euryops trifidus,Euryops trifidus,0,2026-08-11,"functional_twig was a Dimensions-project-specific designation per original 2014 documentation, not intended for general use; column removed"
Felicia merxmuelleri,Felicia merxmuelleri,0,2026-08-11,"functional_twig was a Dimensions-project-specific designation per original 2014 documentation, not intended for general use; column removed"
Felicia australis,Felicia australis,0,2026-08-11,"functional_twig was a Dimensions-project-specific designation per original 2014 documentation, not intended for general use; column removed"
Felicia bergiana,Felicia bergiana,0,2026-08-11,"functional_twig was a Dimensions-project-specific designation per original 2014 documentation, not intended for general use; column removed"
Felicia brevifolia,Felicia brevifolia,0,2026-08-11,"functional_twig was a Dimensions-project-specific designation per original 2014 documentation, not intended for general use; column removed"
Felicia hirsuta,Felicia hirsuta,0,2026-08-11,"functional_twig was a Dimensions-project-specific designation per original 2014 documentation, not intended for general use; column removed"
Felicia hirta,Felicia hirta,0,2026-08-11,"functional_twig was a Dimensions-project-specific designation per original 2014 documentation, not intended for general use; column removed"
Felicia hispida,Felicia hispida,0,2026-08-11,"functional_twig was a Dimensions-project-specific designation per original 2014 documentation, not intended for general use; column removed"
Felicia macrorrhiza,Felicia macrorrhiza,0,2026-08-11,"functional_twig was a Dimensions-project-specific designation per original 2014 documentation, not intended for general use; column removed"
Felicia ovata,Felicia ovata,0,2026-08-11,"functional_twig was a Dimensions-project-specific designation per original 2014 documentation, not intended for general use; column removed"
Felicia rogersii,Felicia rogersii,0,2026-08-11,"functional_twig was a Dimensions-project-specific designation per original 2014 documentation, not intended for general use; column removed"
Fingerhuthia africana,Fingerhuthia africana,0,2026-08-11,"functional_twig was a Dimensions-project-specific designation per original 2014 documentation, not intended for general use; column removed"
Forsskaolea candida,Forsskaolea candida,0,2026-08-11,"functional_twig was a Dimensions-project-specific designation per original 2014 documentation, not intended for general use; column removed"
Foveolina dichotoma,Foveolina dichotoma,0,2026-08-11,"functional_twig was a Dimensions-project-specific designation per original 2014 documentation, not intended for general use; column removed"
Galenia africana,Galenia africana,0,2026-08-11,"functional_twig was a Dimensions-project-specific designation per original 2014 documentation, not intended for general use; column removed"
Galenia filiformis,Galenia filiformis,0,2026-08-11,"functional_twig was a Dimensions-project-specific designation per original 2014 documentation, not intended for general use; column removed"
Galenia fruticosa,Galenia fruticosa,0,2026-08-11,"functional_twig was a Dimensions-project-specific designation per original 2014 documentation, not intended for general use; column removed"
Galenia namaensis,Galenia namaensis,0,2026-08-11,"functional_twig was a Dimensions-project-specific designation per original 2014 documentation, not intended for general use; column removed"
Galenia sarcophylla,Galenia sarcophylla,0,2026-08-11,"functional_twig was a Dimensions-project-specific designation per original 2014 documentation, not intended for general use; column removed"
Gazania lichtensteinii,Gazania lichtensteinianum,0,2026-08-11,"functional_twig was a Dimensions-project-specific designation per original 2014 documentation, not intended for general use; column removed"
Gazania rigida,Gazania rigida,0,2026-08-11,"functional_twig was a Dimensions-project-specific designation per original 2014 documentation, not intended for general use; column removed"
Gazania tenuifolia,Gazania tenuifolia,0,2026-08-11,"functional_twig was a Dimensions-project-specific designation per original 2014 documentation, not intended for general use; column removed"
Geissorhiza corrigata,Geissorhiza corrigata,0,2026-08-11,"functional_twig was a Dimensions-project-specific designation per original 2014 documentation, not intended for general use; column removed"
Geissorhiza divaricata,Geissorhiza divaricata,0,2026-08-11,"functional_twig was a Dimensions-project-specific designation per original 2014 documentation, not intended for general use; column removed"
Gnidia deserticola,Gnidia deserticola,0,2026-08-11,"functional_twig was a Dimensions-project-specific designation per original 2014 documentation, not intended for general use; column removed"
Gnidia meyeri,Gnidia meyeri,0,2026-08-11,"functional_twig was a Dimensions-project-specific designation per original 2014 documentation, not intended for general use; column removed"
Gnidia scabra,Gnidia scabra,0,2026-08-11,"functional_twig was a Dimensions-project-specific designation per original 2014 documentation, not intended for general use; column removed"
Gorteria diffusa,Gorteria diffusa,0,2026-08-11,"functional_twig was a Dimensions-project-specific designation per original 2014 documentation, not intended for general use; column removed"
Grielum humifusum,Grielum humifusum,0,2026-08-11,"functional_twig was a Dimensions-project-specific designation per original 2014 documentation, not intended for general use; column removed"
Haemanthus barkerae,Haemanthus barkerii,0,2026-08-11,"functional_twig was a Dimensions-project-specific designation per original 2014 documentation, not intended for general use; column removed"
Haworthia venosa,Haworthia venosa,0,2026-08-11,"functional_twig was a Dimensions-project-specific designation per original 2014 documentation, not intended for general use; column removed"
Hebenstretia robusta,Hebenstretia robusta,0,2026-08-11,"functional_twig was a Dimensions-project-specific designation per original 2014 documentation, not intended for general use; column removed"
Helichrysum hamulosum,Helichrysum hamulosum,0,2026-08-11,"functional_twig was a Dimensions-project-specific designation per original 2014 documentation, not intended for general use; column removed"
Helichrysum leontonyx,Helichrysum leontonyx,0,2026-08-11,"functional_twig was a Dimensions-project-specific designation per original 2014 documentation, not intended for general use; column removed"
Helichrysum lucilioides,Helichrysum lucilioides,0,2026-08-11,"functional_twig was a Dimensions-project-specific designation per original 2014 documentation, not intended for general use; column removed"
Helichrysum obtusum,Helichrysum obtusum,0,2026-08-11,"functional_twig was a Dimensions-project-specific designation per original 2014 documentation, not intended for general use; column removed"
Helichrysum revolutum,Helichrysum revolutum,0,2026-08-11,"functional_twig was a Dimensions-project-specific designation per original 2014 documentation, not intended for general use; column removed"
Helichrysum stellatum,Helichrysum stellatum,0,2026-08-11,"functional_twig was a Dimensions-project-specific designation per original 2014 documentation, not intended for general use; column removed"
Heliophila amplexicaulis,Heliophila amplexicaulis,0,2026-08-11,"functional_twig was a Dimensions-project-specific designation per original 2014 documentation, not intended for general use; column removed"
Heliophila collina,Heliophila collina,0,2026-08-11,"functional_twig was a Dimensions-project-specific designation per original 2014 documentation, not intended for general use; column removed"
Heliophila crithmifolia,Heliophila crithmifolia,0,2026-08-11,"functional_twig was a Dimensions-project-specific designation per original 2014 documentation, not intended for general use; column removed"
Heliophila deserticola,Heliophila deserticola,0,2026-08-11,"functional_twig was a Dimensions-project-specific designation per original 2014 documentation, not intended for general use; column removed"
Heliophila pinnata,Heliophila pinnata,0,2026-08-11,"functional_twig was a Dimensions-project-specific designation per original 2014 documentation, not intended for general use; column removed"
Heliophila seselifolia,Heliophila seselifolia,0,2026-08-11,"functional_twig was a Dimensions-project-specific designation per original 2014 documentation, not intended for general use; column removed"
Heliophila suborbicularis,Heliophila suborbicularis,0,2026-08-11,"functional_twig was a Dimensions-project-specific designation per original 2014 documentation, not intended for general use; column removed"
Heliophila variabilis,Heliophila variabilis,0,2026-08-11,"functional_twig was a Dimensions-project-specific designation per original 2014 documentation, not intended for general use; column removed"
Hemimeris centrodes,Hemimeris centrodes,0,2026-08-11,"functional_twig was a Dimensions-project-specific designation per original 2014 documentation, not intended for general use; column removed"
Hermannia alnifolia,Hermannia alnifolia,0,2026-08-11,"functional_twig was a Dimensions-project-specific designation per original 2014 documentation, not intended for general use; column removed"
Hermannia cernua,Hermannia cernua,0,2026-08-11,"functional_twig was a Dimensions-project-specific designation per original 2014 documentation, not intended for general use; column removed"
Hermannia coccocarpa,Hermannia coccocarpa,0,2026-08-11,"functional_twig was a Dimensions-project-specific designation per original 2014 documentation, not intended for general use; column removed"
Hermannia cuneifolia,Hermannia cuneifolia,0,2026-08-11,"functional_twig was a Dimensions-project-specific designation per original 2014 documentation, not intended for general use; column removed"
Hermannia grandiflora,Hermannia grandiflora,0,2026-08-11,"functional_twig was a Dimensions-project-specific designation per original 2014 documentation, not intended for general use; column removed"
Hermannia spinosa,Hermannia spinosa,0,2026-08-11,"functional_twig was a Dimensions-project-specific designation per original 2014 documentation, not intended for general use; column removed"
Hesperantha bachmannii,Hesperantha bachmannii,0,2026-08-11,"functional_twig was a Dimensions-project-specific designation per original 2014 documentation, not intended for general use; column removed"
Hesperantha cucullata,Hesperantha cucullata,0,2026-08-11,"functional_twig was a Dimensions-project-specific designation per original 2014 documentation, not intended for general use; column removed"
Hesperantha luticola,Hesperantha luticola,0,2026-08-11,"functional_twig was a Dimensions-project-specific designation per original 2014 documentation, not intended for general use; column removed"
Hesperantha pauciflora,Hesperantha pauciflora,0,2026-08-11,"functional_twig was a Dimensions-project-specific designation per original 2014 documentation, not intended for general use; column removed"
Hirpicium alienatum,Hirpicium alienatum,0,2026-08-11,"functional_twig was a Dimensions-project-specific designation per original 2014 documentation, not intended for general use; column removed"
Hirpicium echinus,Hirpicium echinus,0,2026-08-11,"functional_twig was a Dimensions-project-specific designation per original 2014 documentation, not intended for general use; column removed"
Hoodia gordonii,Hoodia gordonii,0,2026-08-11,"functional_twig was a Dimensions-project-specific designation per original 2014 documentation, not intended for general use; column removed"
Hordeum murinum,Hordeum murinum,0,2026-08-11,"functional_twig was a Dimensions-project-specific designation per original 2014 documentation, not intended for general use; column removed"
Hypertelis salsoloides,Hypertelis salsoloides,0,2026-08-11,"functional_twig was a Dimensions-project-specific designation per original 2014 documentation, not intended for general use; column removed"
Ifloga glomerata,Ifloga glomerata,0,2026-08-11,"functional_twig was a Dimensions-project-specific designation per original 2014 documentation, not intended for general use; column removed"
Indigofera nigromontana,Indigofera nigromontana,0,2026-08-11,"functional_twig was a Dimensions-project-specific designation per original 2014 documentation, not intended for general use; column removed"
Ixia rapunculoides,Ixia rapunculoides,0,2026-08-11,"functional_twig was a Dimensions-project-specific designation per original 2014 documentation, not intended for general use; column removed"
Justicia cuneata,Justicia cuneata,0,2026-08-11,"functional_twig was a Dimensions-project-specific designation per original 2014 documentation, not intended for general use; column removed"
Lachenalia obscura,Lachenalia obscura,0,2026-08-11,"functional_twig was a Dimensions-project-specific designation per original 2014 documentation, not intended for general use; column removed"
Lachenalia violacea,Lachenalia violacea,0,2026-08-11,"functional_twig was a Dimensions-project-specific designation per original 2014 documentation, not intended for general use; column removed"
Lampranthus watermeyeri,Lampranthus watermeyeri,0,2026-08-11,"functional_twig was a Dimensions-project-specific designation per original 2014 documentation, not intended for general use; column removed"
Lapeirousia falcata,Lapeirousia falcata,0,2026-08-11,"functional_twig was a Dimensions-project-specific designation per original 2014 documentation, not intended for general use; column removed"
Lapeirousia montana,Lapeirousia montana,0,2026-08-11,"functional_twig was a Dimensions-project-specific designation per original 2014 documentation, not intended for general use; column removed"
Lapeirousia plicata,Lapeirousia plicata,0,2026-08-11,"functional_twig was a Dimensions-project-specific designation per original 2014 documentation, not intended for general use; column removed"
Lapeirousia jacquinii,Lapeirousia jacquinii,0,2026-08-11,"functional_twig was a Dimensions-project-specific designation per original 2014 documentation, not intended for general use; column removed"
Lasiopogon muscoides,Lasiopogon muscoides,0,2026-08-11,"functional_twig was a Dimensions-project-specific designation per original 2014 documentation, not intended for general use; column removed"
Lasiospermum brachyglossum,Lasiospermum brachyglossum,0,2026-08-11,"functional_twig was a Dimensions-project-specific designation per original 2014 documentation, not intended for general use; column removed"
Lasiospermum poterioides,Lasiospermum poterioides,0,2026-08-11,"functional_twig was a Dimensions-project-specific designation per original 2014 documentation, not intended for general use; column removed"
Leipoldtia schultzei,Leipoldtia schultzei,0,2026-08-11,"functional_twig was a Dimensions-project-specific designation per original 2014 documentation, not intended for general use; column removed"
Lessertia diffusa,Lessertia diffusa,0,2026-08-11,"functional_twig was a Dimensions-project-specific designation per original 2014 documentation, not intended for general use; column removed"
Leucadendron brunioides,Leucadendron brunioides,0,2026-08-11,"functional_twig was a Dimensions-project-specific designation per original 2014 documentation, not intended for general use; column removed"
Leucadendron remotum,Leucadendron remotum,0,2026-08-11,"functional_twig was a Dimensions-project-specific designation per original 2014 documentation, not intended for general use; column removed"
Leysera tenella,Leysera tenella,0,2026-08-11,"functional_twig was a Dimensions-project-specific designation per original 2014 documentation, not intended for general use; column removed"
Lotononis falcata,Lotononis falcata (form C),0,2026-08-11,"functional_twig was a Dimensions-project-specific designation per original 2014 documentation, not intended for general use; column removed"
Lotononis parvifolia,Lotononis parvifolia,0,2026-08-11,"functional_twig was a Dimensions-project-specific designation per original 2014 documentation, not intended for general use; column removed"
Lycium amoenum,Lycium amoenum,0,2026-08-11,"functional_twig was a Dimensions-project-specific designation per original 2014 documentation, not intended for general use; column removed"
Lycium cinereum,Lycium cinereum,0,2026-08-11,"functional_twig was a Dimensions-project-specific designation per original 2014 documentation, not intended for general use; column removed"
Lyperia tristis,Lyperia tristis,0,2026-08-11,"functional_twig was a Dimensions-project-specific designation per original 2014 documentation, not intended for general use; column removed"
Malephora crassa,Malephora crassa,0,2026-08-11,"functional_twig was a Dimensions-project-specific designation per original 2014 documentation, not intended for general use; column removed"
Manochlamys albicans,Manochlamys albicans,0,2026-08-11,"functional_twig was a Dimensions-project-specific designation per original 2014 documentation, not intended for general use; column removed"
Massonia depressa,Massonia depressa,0,2026-08-11,"functional_twig was a Dimensions-project-specific designation per original 2014 documentation, not intended for general use; column removed"
Medicargo polymorpha,Medicargo polymorpha,0,2026-08-11,"functional_twig was a Dimensions-project-specific designation per original 2014 documentation, not intended for general use; column removed"
Melasphaerula ramosa,Melasphaerula ramosa,0,2026-08-11,"functional_twig was a Dimensions-project-specific designation per original 2014 documentation, not intended for general use; column removed"
Melianthus comosus,Melianthus comosus,0,2026-08-11,"functional_twig was a Dimensions-project-specific designation per original 2014 documentation, not intended for general use; column removed"
Mentha longiflora,Mentha longiflora,0,2026-08-11,"functional_twig was a Dimensions-project-specific designation per original 2014 documentation, not intended for general use; column removed"
Mesembryanthemum emarcidum,Mesembryanthemum emarcidum,0,2026-08-11,"functional_twig was a Dimensions-project-specific designation per original 2014 documentation, not intended for general use; column removed"
Mesembryanthemum guerichianum,Mesembryanthemum guerichianum,0,2026-08-11,"functional_twig was a Dimensions-project-specific designation per original 2014 documentation, not intended for general use; column removed"
Mesembryanthemum junceum,Mesembryanthemum junceum,0,2026-08-11,"functional_twig was a Dimensions-project-specific designation per original 2014 documentation, not intended for general use; column removed"
Mesembryanthemum nitidum,Mesembryanthemum nitidum,0,2026-08-11,"functional_twig was a Dimensions-project-specific designation per original 2014 documentation, not intended for general use; column removed"
Mesembryanthemum resurgens,Mesembryanthemum resurgens,0,2026-08-11,"functional_twig was a Dimensions-project-specific designation per original 2014 documentation, not intended for general use; column removed"
Mesembryanthemum stenandrum,Mesembryanthemum stenandrum,0,2026-08-11,"functional_twig was a Dimensions-project-specific designation per original 2014 documentation, not intended for general use; column removed"
Mesembryanthemum vaginatum,Mesembryanthemum vaginatus,0,2026-08-11,"functional_twig was a Dimensions-project-specific designation per original 2014 documentation, not intended for general use; column removed"
Microloma armatum,Microloma armatum,0,2026-08-11,"functional_twig was a Dimensions-project-specific designation per original 2014 documentation, not intended for general use; column removed"
Microloma calycinum,Microloma calycinum,0,2026-08-11,"functional_twig was a Dimensions-project-specific designation per original 2014 documentation, not intended for general use; column removed"
Microloma namaquense,Microloma namaquense,0,2026-08-11,"functional_twig was a Dimensions-project-specific designation per original 2014 documentation, not intended for general use; column removed"
Microloma sagittatum,Microloma sagittatum,0,2026-08-11,"functional_twig was a Dimensions-project-specific designation per original 2014 documentation, not intended for general use; column removed"
Monechma spartioides,Monechma spartioides,0,2026-08-11,"functional_twig was a Dimensions-project-specific designation per original 2014 documentation, not intended for general use; column removed"
Osteospermum hyoseroides,Monoculus hyoseroides,0,2026-08-11,"functional_twig was a Dimensions-project-specific designation per original 2014 documentation, not intended for general use; column removed"
Moraea amabilis,Moraea amabilis,0,2026-08-11,"functional_twig was a Dimensions-project-specific designation per original 2014 documentation, not intended for general use; column removed"
Moraea bifida,Moraea bifida,0,2026-08-11,"functional_twig was a Dimensions-project-specific designation per original 2014 documentation, not intended for general use; column removed"
Moraea brachygyne,Moraea brachygyne,0,2026-08-11,"functional_twig was a Dimensions-project-specific designation per original 2014 documentation, not intended for general use; column removed"
Moraea ciliata,Moraea ciliata,0,2026-08-11,"functional_twig was a Dimensions-project-specific designation per original 2014 documentation, not intended for general use; column removed"
Moraea falcifolia,Moraea falcifolia,0,2026-08-11,"functional_twig was a Dimensions-project-specific designation per original 2014 documentation, not intended for general use; column removed"
Moraea fenestrata,Moraea fenestrata,0,2026-08-11,"functional_twig was a Dimensions-project-specific designation per original 2014 documentation, not intended for general use; column removed"
Moraea miniata,Moraea miniata,0,2026-08-11,"functional_twig was a Dimensions-project-specific designation per original 2014 documentation, not intended for general use; column removed"
Moraea pritzeliana,Moraea pritzeliana,0,2026-08-11,"functional_twig was a Dimensions-project-specific designation per original 2014 documentation, not intended for general use; column removed"
Muraltia divaricata,Muraltia divaricata,0,2026-08-11,"functional_twig was a Dimensions-project-specific designation per original 2014 documentation, not intended for general use; column removed"
Muraltia vulnerans,Muraltia vulnerans,0,2026-08-11,"functional_twig was a Dimensions-project-specific designation per original 2014 documentation, not intended for general use; column removed"
Nemesia anisocarpa,Nemesia anisocarpa,0,2026-08-11,"functional_twig was a Dimensions-project-specific designation per original 2014 documentation, not intended for general use; column removed"
Nemesia cheiranthus,Nemesia cheiranthus,0,2026-08-11,"functional_twig was a Dimensions-project-specific designation per original 2014 documentation, not intended for general use; column removed"
Nemesia leipoldtii,Nemesia leipoldtii,0,2026-08-11,"functional_twig was a Dimensions-project-specific designation per original 2014 documentation, not intended for general use; column removed"
Nenax cinerea,Nenax cinerea,0,2026-08-11,"functional_twig was a Dimensions-project-specific designation per original 2014 documentation, not intended for general use; column removed"
Nenax microphylla,Nenax microphylla,0,2026-08-11,"functional_twig was a Dimensions-project-specific designation per original 2014 documentation, not intended for general use; column removed"
Oedera genistifolia,Oedera genistifolia,0,2026-08-11,"functional_twig was a Dimensions-project-specific designation per original 2014 documentation, not intended for general use; column removed"
Oncosiphon grandiflorum,Oncosiphon grandiflorum,0,2026-08-11,"functional_twig was a Dimensions-project-specific designation per original 2014 documentation, not intended for general use; column removed"
Oncosiphon suffruticosum,Oncosiphon suffruticosum,0,2026-08-11,"functional_twig was a Dimensions-project-specific designation per original 2014 documentation, not intended for general use; column removed"
Ophioglossum polyphyllum,Ophioglossum polyphyllum,0,2026-08-11,"functional_twig was a Dimensions-project-specific designation per original 2014 documentation, not intended for general use; column removed"
Ornithogalum rupestre,Ornithogalum multifolium,0,2026-08-11,"functional_twig was a Dimensions-project-specific designation per original 2014 documentation, not intended for general use; column removed"
Ornithogalum pruinosum,Ornithogalum pruinosum,0,2026-08-11,"functional_twig was a Dimensions-project-specific designation per original 2014 documentation, not intended for general use; column removed"
Albuca secunda,Ornithogalum secundum,0,2026-08-11,"functional_twig was a Dimensions-project-specific designation per original 2014 documentation, not intended for general use; column removed"
Ornithogalum tanquanum,Ornithogalum tanquanum,0,2026-08-11,"functional_twig was a Dimensions-project-specific designation per original 2014 documentation, not intended for general use; column removed"
Ornithogalum xanthochlorum,Ornithogalum xanthochlorum,0,2026-08-11,"functional_twig was a Dimensions-project-specific designation per original 2014 documentation, not intended for general use; column removed"
Ornithoglossum parviflorum,Ornithoglossum parviflorum,0,2026-08-11,"functional_twig was a Dimensions-project-specific designation per original 2014 documentation, not intended for general use; column removed"
Ornithoglossum viride,Ornithoglossum viride,0,2026-08-11,"functional_twig was a Dimensions-project-specific designation per original 2014 documentation, not intended for general use; column removed"
Ornithoglossum vulgare,Ornithoglossum vulgare,0,2026-08-11,"functional_twig was a Dimensions-project-specific designation per original 2014 documentation, not intended for general use; column removed"
Osteospermum acanthospermum,Osteospermum acanthospermum,0,2026-08-11,"functional_twig was a Dimensions-project-specific designation per original 2014 documentation, not intended for general use; column removed"
Osteospermum incanum subsp. incanum,Osteospermum incanum,0,2026-08-11,"functional_twig was a Dimensions-project-specific designation per original 2014 documentation, not intended for general use; column removed"
Osteospermum leptolobum,Osteospermum leptolobum,0,2026-08-11,"functional_twig was a Dimensions-project-specific designation per original 2014 documentation, not intended for general use; column removed"
Osteospermum scariosum,Osteospermum scariosum,0,2026-08-11,"functional_twig was a Dimensions-project-specific designation per original 2014 documentation, not intended for general use; column removed"
Osteospermum sinuatum,Osteospermum sinuatum,0,2026-08-11,"functional_twig was a Dimensions-project-specific designation per original 2014 documentation, not intended for general use; column removed"
Osteospermum spinescens,Osteospermum spinescens,0,2026-08-11,"functional_twig was a Dimensions-project-specific designation per original 2014 documentation, not intended for general use; column removed"
Otholobium candicans,Otholobium candicans,0,2026-08-11,"functional_twig was a Dimensions-project-specific designation per original 2014 documentation, not intended for general use; column removed"
Otholobium arborescens,Otholobium arborescens,0,2026-08-11,"functional_twig was a Dimensions-project-specific designation per original 2014 documentation, not intended for general use; column removed"
Otholobium candicans,Otholobium candicans,0,2026-08-11,"functional_twig was a Dimensions-project-specific designation per original 2014 documentation, not intended for general use; column removed"
Othonna cylindrica,Othonna cylindrica,0,2026-08-11,"functional_twig was a Dimensions-project-specific designation per original 2014 documentation, not intended for general use; column removed"
Othonna hederifolia,Othonna hederifolia,0,2026-08-11,"functional_twig was a Dimensions-project-specific designation per original 2014 documentation, not intended for general use; column removed"
Othonna pteronioides,Othonna pteronioides,0,2026-08-11,"functional_twig was a Dimensions-project-specific designation per original 2014 documentation, not intended for general use; column removed"
Othonna protecta,Othonna rechingeri,0,2026-08-11,"functional_twig was a Dimensions-project-specific designation per original 2014 documentation, not intended for general use; column removed"
Othonna undulosa,Othonna undulosa,0,2026-08-11,"functional_twig was a Dimensions-project-specific designation per original 2014 documentation, not intended for general use; column removed"
Oxalis flava,Oxalis flava,0,2026-08-11,"functional_twig was a Dimensions-project-specific designation per original 2014 documentation, not intended for general use; column removed"
Oxalis luteola,Oxalis luteola,0,2026-08-11,"functional_twig was a Dimensions-project-specific designation per original 2014 documentation, not intended for general use; column removed"
Oxalis pardalis,Oxalis massoniana var. massoniana,0,2026-08-11,"functional_twig was a Dimensions-project-specific designation per original 2014 documentation, not intended for general use; column removed"
Oxalis pes-caprae,Oxalis pes-caprae,0,2026-08-11,"functional_twig was a Dimensions-project-specific designation per original 2014 documentation, not intended for general use; column removed"
Oxalis pocockiae,Oxalis pocockiae,0,2026-08-11,"functional_twig was a Dimensions-project-specific designation per original 2014 documentation, not intended for general use; column removed"
Pelargonium abrotanifolium,Pelargonium abrotanifolium,0,2026-08-11,"functional_twig was a Dimensions-project-specific designation per original 2014 documentation, not intended for general use; column removed"
Pelargonium articulatum,Pelargonium articulatum,0,2026-08-11,"functional_twig was a Dimensions-project-specific designation per original 2014 documentation, not intended for general use; column removed"
Pelargonium polycephalum,Pelargonium cf. polycephalum,0,2026-08-11,"functional_twig was a Dimensions-project-specific designation per original 2014 documentation, not intended for general use; column removed"
Pelargonium crithmifolium,Pelargonium crithifolium,0,2026-08-11,"functional_twig was a Dimensions-project-specific designation per original 2014 documentation, not intended for general use; column removed"
Pelargonium magenteum,Pelargonium magenteum,0,2026-08-11,"functional_twig was a Dimensions-project-specific designation per original 2014 documentation, not intended for general use; column removed"
Pelargonium moniliforme,Pelargonium monoliforme,0,2026-08-11,"functional_twig was a Dimensions-project-specific designation per original 2014 documentation, not intended for general use; column removed"
Pelargonium oreophilum,Pelargonium oreophilum,0,2026-08-11,"functional_twig was a Dimensions-project-specific designation per original 2014 documentation, not intended for general use; column removed"
Pelargonium praemorsum,Pelargonium praemorsum,0,2026-08-11,"functional_twig was a Dimensions-project-specific designation per original 2014 documentation, not intended for general use; column removed"
Pelargonium rapaceum,Pelargonium rapaceum,0,2026-08-11,"functional_twig was a Dimensions-project-specific designation per original 2014 documentation, not intended for general use; column removed"
Pelargonium redactum,Pelargonium reductum,0,2026-08-11,"functional_twig was a Dimensions-project-specific designation per original 2014 documentation, not intended for general use; column removed"
Pelargonium reflexum,Pelargonium reflexum,0,2026-08-11,"functional_twig was a Dimensions-project-specific designation per original 2014 documentation, not intended for general use; column removed"
Pelargonium pachypodium,Pelargonium sp,0,2026-08-11,"functional_twig was a Dimensions-project-specific designation per original 2014 documentation, not intended for general use; column removed"
Pentameris rupestris,Pentameris rupestris,0,2026-08-11,"functional_twig was a Dimensions-project-specific designation per original 2014 documentation, not intended for general use; column removed"
Pentameris airoides,Pentaschistis airoides,0,2026-08-11,"functional_twig was a Dimensions-project-specific designation per original 2014 documentation, not intended for general use; column removed"
Pentameris patula,Pentaschistis patula,0,2026-08-11,"functional_twig was a Dimensions-project-specific designation per original 2014 documentation, not intended for general use; column removed"
Pentzia dentata,Pentzia dentata,0,2026-08-11,"functional_twig was a Dimensions-project-specific designation per original 2014 documentation, not intended for general use; column removed"
Pentzia lanata,Pentzia lanata,0,2026-08-11,"functional_twig was a Dimensions-project-specific designation per original 2014 documentation, not intended for general use; column removed"
Pentzia sphaerocephala,Pentzia sphaerocephala,0,2026-08-11,"functional_twig was a Dimensions-project-specific designation per original 2014 documentation, not intended for general use; column removed"
Pentzia spinescens,Pentzia spinescens,0,2026-08-11,"functional_twig was a Dimensions-project-specific designation per original 2014 documentation, not intended for general use; column removed"
Pharnaceum aurantium,Pharnaceum aurantium,0,2026-08-11,"functional_twig was a Dimensions-project-specific designation per original 2014 documentation, not intended for general use; column removed"
Pharnaceum ciliare,Pharnaceum ciliare,0,2026-08-11,"functional_twig was a Dimensions-project-specific designation per original 2014 documentation, not intended for general use; column removed"
Pharnaceum croceum,Pharnaceum croceum,0,2026-08-11,"functional_twig was a Dimensions-project-specific designation per original 2014 documentation, not intended for general use; column removed"
Phylica agathosmoides,Phylica agathosmoides,0,2026-08-11,"functional_twig was a Dimensions-project-specific designation per original 2014 documentation, not intended for general use; column removed"
Mesembryantheum tenuiflorum,Phyllobolus tenuiflorus,0,2026-08-11,"functional_twig was a Dimensions-project-specific designation per original 2014 documentation, not intended for general use; column removed"
Plantago cafra,Plantago cafra,0,2026-08-11,"functional_twig was a Dimensions-project-specific designation per original 2014 documentation, not intended for general use; column removed"
Poa bulbosa,Poa bulbosa,0,2026-08-11,"functional_twig was a Dimensions-project-specific designation per original 2014 documentation, not intended for general use; column removed"
Polycarena aurea,Polycarena aurea,0,2026-08-11,"functional_twig was a Dimensions-project-specific designation per original 2014 documentation, not intended for general use; column removed"
Polygala ephedroides,Polygala ephedroides,0,2026-08-11,"functional_twig was a Dimensions-project-specific designation per original 2014 documentation, not intended for general use; column removed"
Polygala scabra,Polygala scabra,0,2026-08-11,"functional_twig was a Dimensions-project-specific designation per original 2014 documentation, not intended for general use; column removed"
Mesembryanthemum pallens,Prenia pallens,0,2026-08-11,"functional_twig was a Dimensions-project-specific designation per original 2014 documentation, not intended for general use; column removed"
Mesembryanthemum tetragonum,Prenia tetragona,0,2026-08-11,"functional_twig was a Dimensions-project-specific designation per original 2014 documentation, not intended for general use; column removed"
Prosopis glandulosa,Prosopis glandulosa,0,2026-08-11,"functional_twig was a Dimensions-project-specific designation per original 2014 documentation, not intended for general use; column removed"
Pseudoschoenus inanis,Pseudoschoenus inanis,0,2026-08-11,"functional_twig was a Dimensions-project-specific designation per original 2014 documentation, not intended for general use; column removed"
Mesembryanthemum coriarium,Psilocaulon coriarium,0,2026-08-11,"functional_twig was a Dimensions-project-specific designation per original 2014 documentation, not intended for general use; column removed"
Pteronia adenocarpa,Pteronia adenocarpa,0,2026-08-11,"functional_twig was a Dimensions-project-specific designation per original 2014 documentation, not intended for general use; column removed"
Pteronia aspalatha,Pteronia aspalatha,0,2026-08-11,"functional_twig was a Dimensions-project-specific designation per original 2014 documentation, not intended for general use; column removed"
Pteronia divaricata,Pteronia divaricata,0,2026-08-11,"functional_twig was a Dimensions-project-specific designation per original 2014 documentation, not intended for general use; column removed"
Pteronia empetrifolia,Pteronia empetrifolia,0,2026-08-11,"functional_twig was a Dimensions-project-specific designation per original 2014 documentation, not intended for general use; column removed"
Pteronia flexicaulis,Pteronia flexicaulis,0,2026-08-11,"functional_twig was a Dimensions-project-specific designation per original 2014 documentation, not intended for general use; column removed"
Pteronia glabrata,Pteronia glabrata,0,2026-08-11,"functional_twig was a Dimensions-project-specific designation per original 2014 documentation, not intended for general use; column removed"
Pteronia glauca,Pteronia glauca,0,2026-08-11,"functional_twig was a Dimensions-project-specific designation per original 2014 documentation, not intended for general use; column removed"
Pteronia glomerata,Pteronia glomerata,0,2026-08-11,"functional_twig was a Dimensions-project-specific designation per original 2014 documentation, not intended for general use; column removed"
Pteronia oblanceolata,Pteronia oblanceolata,0,2026-08-11,"functional_twig was a Dimensions-project-specific designation per original 2014 documentation, not intended for general use; column removed"
Pteronia pallens,Pteronia pallens,0,2026-08-11,"functional_twig was a Dimensions-project-specific designation per original 2014 documentation, not intended for general use; column removed"
Pteronia paniculata,Pteronia paniculata,0,2026-08-11,"functional_twig was a Dimensions-project-specific designation per original 2014 documentation, not intended for general use; column removed"
Pteronia scariosa,Pteronia scariosa,0,2026-08-11,"functional_twig was a Dimensions-project-specific designation per original 2014 documentation, not intended for general use; column removed"
Pteronia sordida,Pteronia sordida,0,2026-08-11,"functional_twig was a Dimensions-project-specific designation per original 2014 documentation, not intended for general use; column removed"
Pteronia villosa,Pteronia villosa,0,2026-08-11,"functional_twig was a Dimensions-project-specific designation per original 2014 documentation, not intended for general use; column removed"
Relhania corymbosa,Relhania corymbosa,0,2026-08-11,"functional_twig was a Dimensions-project-specific designation per original 2014 documentation, not intended for general use; column removed"
Restio longiaristatus,Restio longiaristatus,0,2026-08-11,"functional_twig was a Dimensions-project-specific designation per original 2014 documentation, not intended for general use; column removed"
Restio macer,Restio macer,0,2026-08-11,"functional_twig was a Dimensions-project-specific designation per original 2014 documentation, not intended for general use; column removed"
Romulea hantamensis,Romulea hantamensis,0,2026-08-11,"functional_twig was a Dimensions-project-specific designation per original 2014 documentation, not intended for general use; column removed"
Romulea montana,Romulea montana,0,2026-08-11,"functional_twig was a Dimensions-project-specific designation per original 2014 documentation, not intended for general use; column removed"
Romulea sabulosa,Romulea sabulosa,0,2026-08-11,"functional_twig was a Dimensions-project-specific designation per original 2014 documentation, not intended for general use; column removed"
Romulea tortuosa,Romulea tortuosa,0,2026-08-11,"functional_twig was a Dimensions-project-specific designation per original 2014 documentation, not intended for general use; column removed"
Rosenia glandulosa,Rosenia glandulosa,0,2026-08-11,"functional_twig was a Dimensions-project-specific designation per original 2014 documentation, not intended for general use; column removed"
Rosenia humilis,Rosenia humilis,0,2026-08-11,"functional_twig was a Dimensions-project-specific designation per original 2014 documentation, not intended for general use; column removed"
Rosenia oppositifolia,Rosenia oppositifolia,0,2026-08-11,"functional_twig was a Dimensions-project-specific designation per original 2014 documentation, not intended for general use; column removed"
Rumex crispus,Rumex crispus,0,2026-08-11,"functional_twig was a Dimensions-project-specific designation per original 2014 documentation, not intended for general use; column removed"
Rumex sagittatus,Rumex sagittatus,0,2026-08-11,"functional_twig was a Dimensions-project-specific designation per original 2014 documentation, not intended for general use; column removed"
Ruschia burtoniae,Ruschia burtoniae,0,2026-08-11,"functional_twig was a Dimensions-project-specific designation per original 2014 documentation, not intended for general use; column removed"
Ruschia cradockensis,Ruschia cradockensis,0,2026-08-11,"functional_twig was a Dimensions-project-specific designation per original 2014 documentation, not intended for general use; column removed"
Ruschia decurvans,Ruschia decurvans,0,2026-08-11,"functional_twig was a Dimensions-project-specific designation per original 2014 documentation, not intended for general use; column removed"
Ruschia grisea,Ruschia grisea,0,2026-08-11,"functional_twig was a Dimensions-project-specific designation per original 2014 documentation, not intended for general use; column removed"
Ruschia intricata,Ruschia intricata,0,2026-08-11,"functional_twig was a Dimensions-project-specific designation per original 2014 documentation, not intended for general use; column removed"
Ruschia laxipetala,Ruschia laxipetala,0,2026-08-11,"functional_twig was a Dimensions-project-specific designation per original 2014 documentation, not intended for general use; column removed"
Ruschia muelleri,Ruschia muelleri,0,2026-08-11,"functional_twig was a Dimensions-project-specific designation per original 2014 documentation, not intended for general use; column removed"
Ruschia robusta,Ruschia robusta,0,2026-08-11,"functional_twig was a Dimensions-project-specific designation per original 2014 documentation, not intended for general use; column removed"
Phiambolia unca,Ruschia unca,0,2026-08-11,"functional_twig was a Dimensions-project-specific designation per original 2014 documentation, not intended for general use; column removed"
Salsola aphylla,Salsola aphylla,0,2026-08-11,"functional_twig was a Dimensions-project-specific designation per original 2014 documentation, not intended for general use; column removed"
Salsola glabrescens,Salsola glabrescens,0,2026-08-11,"functional_twig was a Dimensions-project-specific designation per original 2014 documentation, not intended for general use; column removed"
Salsola kali,Salsola kali,0,2026-08-11,"functional_twig was a Dimensions-project-specific designation per original 2014 documentation, not intended for general use; column removed"
Salsola tuberculata,Salsola tuberculata,0,2026-08-11,"functional_twig was a Dimensions-project-specific designation per original 2014 documentation, not intended for general use; column removed"
Salsola zeyheri,Salsola zeyheri,0,2026-08-11,"functional_twig was a Dimensions-project-specific designation per original 2014 documentation, not intended for general use; column removed"
Salvia disermas,Salvia disermas,0,2026-08-11,"functional_twig was a Dimensions-project-specific designation per original 2014 documentation, not intended for general use; column removed"
Monsonia crassicaulis,Sarcocaulon crassicaule,0,2026-08-11,"functional_twig was a Dimensions-project-specific designation per original 2014 documentation, not intended for general use; column removed"
Satyrium erectum,Satyrium erectum,0,2026-08-11,"functional_twig was a Dimensions-project-specific designation per original 2014 documentation, not intended for general use; column removed"
Mesembryanthemum tortuosum,Sceletium tortuosum,0,2026-08-11,"functional_twig was a Dimensions-project-specific designation per original 2014 documentation, not intended for general use; column removed"
Schismus barbatus,Schismus barbatus,0,2026-08-11,"functional_twig was a Dimensions-project-specific designation per original 2014 documentation, not intended for general use; column removed"
Schismus scaberrimus,Schismus scaberrimus,0,2026-08-11,"functional_twig was a Dimensions-project-specific designation per original 2014 documentation, not intended for general use; column removed"
Schismus schismoides,Schismus schismoides,0,2026-08-11,"functional_twig was a Dimensions-project-specific designation per original 2014 documentation, not intended for general use; column removed"
Scirpoides dioecus,Scirpoides dioecus,0,2026-08-11,"functional_twig was a Dimensions-project-specific designation per original 2014 documentation, not intended for general use; column removed"
Scleranthus annuus,Scleranthus annuus,0,2026-08-11,"functional_twig was a Dimensions-project-specific designation per original 2014 documentation, not intended for general use; column removed"
Searsia burchellii,Searsia burchellii,0,2026-08-11,"functional_twig was a Dimensions-project-specific designation per original 2014 documentation, not intended for general use; column removed"
Searsia lancea,Searsia lancea,0,2026-08-11,"functional_twig was a Dimensions-project-specific designation per original 2014 documentation, not intended for general use; column removed"
Selago albida,Selago albida,0,2026-08-11,"functional_twig was a Dimensions-project-specific designation per original 2014 documentation, not intended for general use; column removed"
Selago articulata,Selago articulata,0,2026-08-11,"functional_twig was a Dimensions-project-specific designation per original 2014 documentation, not intended for general use; column removed"
Selago divaricata,Selago divaricata,0,2026-08-11,"functional_twig was a Dimensions-project-specific designation per original 2014 documentation, not intended for general use; column removed"
Selago glabrata,Selago glabrata,0,2026-08-11,"functional_twig was a Dimensions-project-specific designation per original 2014 documentation, not intended for general use; column removed"
Selago rigida,Selago rigida,0,2026-08-11,"functional_twig was a Dimensions-project-specific designation per original 2014 documentation, not intended for general use; column removed"
Selago subspinosa,Selago subspinosa,0,2026-08-11,"functional_twig was a Dimensions-project-specific designation per original 2014 documentation, not intended for general use; column removed"
Senecio abbreviatus,Senecio abbreviatus,0,2026-08-11,"functional_twig was a Dimensions-project-specific designation per original 2014 documentation, not intended for general use; column removed"
Senecio abruptus,Senecio abruptus,0,2026-08-11,"functional_twig was a Dimensions-project-specific designation per original 2014 documentation, not intended for general use; column removed"
Senecio cardaminifolius,Senecio cardaminifolius,0,2026-08-11,"functional_twig was a Dimensions-project-specific designation per original 2014 documentation, not intended for general use; column removed"
Senecio cinerascens,Senecio cinerascens,0,2026-08-11,"functional_twig was a Dimensions-project-specific designation per original 2014 documentation, not intended for general use; column removed"
Senecio leptophyllus,Senecio leptophyllus,0,2026-08-11,"functional_twig was a Dimensions-project-specific designation per original 2014 documentation, not intended for general use; column removed"
Senecio radicans,Senecio radicans,0,2026-08-11,"functional_twig was a Dimensions-project-specific designation per original 2014 documentation, not intended for general use; column removed"
Septulina glauca,Septulina glauca,0,2026-08-11,"functional_twig was a Dimensions-project-specific designation per original 2014 documentation, not intended for general use; column removed"
Silene clandestina,Silene clandestina,0,2026-08-11,"functional_twig was a Dimensions-project-specific designation per original 2014 documentation, not intended for general use; column removed"
Stachys lamarckii,Stachys lamarckii,0,2026-08-11,"functional_twig was a Dimensions-project-specific designation per original 2014 documentation, not intended for general use; column removed"
Stipagrostis brevifolia,Stipagrostis brevifolia,0,2026-08-11,"functional_twig was a Dimensions-project-specific designation per original 2014 documentation, not intended for general use; column removed"
Stipagrostis ciliata,Stipagrostis ciliata,0,2026-08-11,"functional_twig was a Dimensions-project-specific designation per original 2014 documentation, not intended for general use; column removed"
Stipagrostis namaquensis,Stipagrostis namaquensis,0,2026-08-11,"functional_twig was a Dimensions-project-specific designation per original 2014 documentation, not intended for general use; column removed"
Stipagrostis obtusa,Stipagrostis obtusa,0,2026-08-11,"functional_twig was a Dimensions-project-specific designation per original 2014 documentation, not intended for general use; column removed"
Lessertia frutescens,Sutherlandia frutescens,0,2026-08-11,"functional_twig was a Dimensions-project-specific designation per original 2014 documentation, not intended for general use; column removed"
Tenaxia dura,Tenaxia dura,0,2026-08-11,"functional_twig was a Dimensions-project-specific designation per original 2014 documentation, not intended for general use; column removed"
Tetragonia enchinata,Tetragonia microptera,0,2026-08-11,"functional_twig was a Dimensions-project-specific designation per original 2014 documentation, not intended for general use; column removed"
Tetragonia nigrescens,Tetragonia nigrescens,0,2026-08-11,"functional_twig was a Dimensions-project-specific designation per original 2014 documentation, not intended for general use; column removed"
Tetragonia sarcophylla,Tetragonia sarcophylla,0,2026-08-11,"functional_twig was a Dimensions-project-specific designation per original 2014 documentation, not intended for general use; column removed"
Thesium hispidulum,Thesium hispidulum,0,2026-08-11,"functional_twig was a Dimensions-project-specific designation per original 2014 documentation, not intended for general use; column removed"
Thesium horridum,Thesium horridum,0,2026-08-11,"functional_twig was a Dimensions-project-specific designation per original 2014 documentation, not intended for general use; column removed"
Thesium hystrix,Thesium hystrix,0,2026-08-11,"functional_twig was a Dimensions-project-specific designation per original 2014 documentation, not intended for general use; column removed"
Thesium lineatum,Thesium lineatum,0,2026-08-11,"functional_twig was a Dimensions-project-specific designation per original 2014 documentation, not intended for general use; column removed"
Trachyandra divaricata,Trachyandra divaricata,0,2026-08-11,"functional_twig was a Dimensions-project-specific designation per original 2014 documentation, not intended for general use; column removed"
Trachyandra falcata,Trachyandra falcata,0,2026-08-11,"functional_twig was a Dimensions-project-specific designation per original 2014 documentation, not intended for general use; column removed"
Trachyandra jacquiniana,Trachyandra jacquiniana,0,2026-08-11,"functional_twig was a Dimensions-project-specific designation per original 2014 documentation, not intended for general use; column removed"
Tribolium tenella,Tribolium tenellum,0,2026-08-11,"functional_twig was a Dimensions-project-specific designation per original 2014 documentation, not intended for general use; column removed"
Tribolium utriculosum,Tribolium utriculosum,0,2026-08-11,"functional_twig was a Dimensions-project-specific designation per original 2014 documentation, not intended for general use; column removed"
Trichodiadema promeridiana,Trichodiadema promeridiana,0,2026-08-11,"functional_twig was a Dimensions-project-specific designation per original 2014 documentation, not intended for general use; column removed"
Tylecodon reticulatus,Tylecodon reticulatus,0,2026-08-11,"functional_twig was a Dimensions-project-specific designation per original 2014 documentation, not intended for general use; column removed"
Tylecodon wallichii,Tylecodon wallichii,0,2026-08-11,"functional_twig was a Dimensions-project-specific designation per original 2014 documentation, not intended for general use; column removed"
Ursinia anthemoides,Ursinia anthemoides,0,2026-08-11,"functional_twig was a Dimensions-project-specific designation per original 2014 documentation, not intended for general use; column removed"
Ursinia cakilefolia,Ursinia cakilefolia,0,2026-08-11,"functional_twig was a Dimensions-project-specific designation per original 2014 documentation, not intended for general use; column removed"
Ursinia calenduliflora,Ursinia calenduliflora,0,2026-08-11,"functional_twig was a Dimensions-project-specific designation per original 2014 documentation, not intended for general use; column removed"
Ursinia nana subsp. nana,Ursinia nana subsp. nana,0,2026-08-11,"functional_twig was a Dimensions-project-specific designation per original 2014 documentation, not intended for general use; column removed"
Wahlenbergia androsacea,Wahlenbergia androsacea,0,2026-08-11,"functional_twig was a Dimensions-project-specific designation per original 2014 documentation, not intended for general use; column removed"
Wahlenbergia annularis,Wahlenbergia annularis,0,2026-08-11,"functional_twig was a Dimensions-project-specific designation per original 2014 documentation, not intended for general use; column removed"
Wahlenbergia prostrata,Wahlenbergia prostrata,0,2026-08-11,"functional_twig was a Dimensions-project-specific designation per original 2014 documentation, not intended for general use; column removed"
Wahlenbergia thunbergiana,Wahlenbergia thunbergiana,0,2026-08-11,"functional_twig was a Dimensions-project-specific designation per original 2014 documentation, not intended for general use; column removed"
Wiborgia monoptera,Wiborgia monoptera,0,2026-08-11,"functional_twig was a Dimensions-project-specific designation per original 2014 documentation, not intended for general use; column removed"
Wiborgia sericea,Wiborgia sericea,0,2026-08-11,"functional_twig was a Dimensions-project-specific designation per original 2014 documentation, not intended for general use; column removed"
Wiborgiella leipoldtiana,Wiborgiella leipoldtiana,0,2026-08-11,"functional_twig was a Dimensions-project-specific designation per original 2014 documentation, not intended for general use; column removed"
Zaluzianskya affinis,Zaluzianskya affinis,0,2026-08-11,"functional_twig was a Dimensions-project-specific designation per original 2014 documentation, not intended for general use; column removed"
Zaluzianskya benthamiana,Zaluzianskya benthamiana,0,2026-08-11,"functional_twig was a Dimensions-project-specific designation per original 2014 documentation, not intended for general use; column removed"
Zaluzianskya cohabitans,Zaluzianskya cohabitans,0,2026-08-11,"functional_twig was a Dimensions-project-specific designation per original 2014 documentation, not intended for general use; column removed"
Zaluzianskya minima,Zaluzianskya minima,0,2026-08-11,"functional_twig was a Dimensions-project-specific designation per original 2014 documentation, not intended for general use; column removed"
Zaluzianskya pusilla,Zaluzianskya pusilla,0,2026-08-11,"functional_twig was a Dimensions-project-specific designation per original 2014 documentation, not intended for general use; column removed"
Zaluzianskya villosa,Zaluzianskya villosa,0,2026-08-11,"functional_twig was a Dimensions-project-specific designation per original 2014 documentation, not intended for general use; column removed"
Zaluzianskya violacea,Zaluzianskya violacea,0,2026-08-11,"functional_twig was a Dimensions-project-specific designation per original 2014 documentation, not intended for general use; column removed"
Roepera lichtensteiniana,Zygophyllum lichtensteinianum,0,2026-08-11,"functional_twig was a Dimensions-project-specific designation per original 2014 documentation, not intended for general use; column removed"
Roepera pygmaea,Zygophyllum pygmaeum,0,2026-08-11,"functional_twig was a Dimensions-project-specific designation per original 2014 documentation, not intended for general use; column removed"
Tetraena retrofracta,Zygophyllum retrofractum,0,2026-08-11,"functional_twig was a Dimensions-project-specific designation per original 2014 documentation, not intended for general use; column removed"
