scientific_name_original,scientific_name_MG,scientific_name_WFO,leaf_type,functional_leaf,virtually_no_leaves,archive_date,removal_reason
Abutilon sonneratianum,Abutilon sonneratianum,Abutilon sonneratianum,leaf,leaf,0,2026-08-11,"leaf_type 'leaf' value found to reflect an undocumented default fill, not a verified classification; column retired in favor of structural binary flags (frond/cladode/phyllode/microphyll) plus functional_leaf"
Acacia cyclops,Acacia cyclops,Acacia cyclops,phyllode,leaf,0,2026-08-11,"leaf_type 'leaf' value found to reflect an undocumented default fill, not a verified classification; column retired in favor of structural binary flags (frond/cladode/phyllode/microphyll) plus functional_leaf"
Acacia mearnsii,Acacia mearnsii,Acacia mearnsii,leaf,leaf,0,2026-08-11,"leaf_type 'leaf' value found to reflect an undocumented default fill, not a verified classification; column retired in favor of structural binary flags (frond/cladode/phyllode/microphyll) plus functional_leaf"
Acacia saligna,Acacia saligna,Acacia saligna,phyllode,leaf,0,2026-08-11,"leaf_type 'leaf' value found to reflect an undocumented default fill, not a verified classification; column retired in favor of structural binary flags (frond/cladode/phyllode/microphyll) plus functional_leaf"
Acalypha glabrata,Acalypha glabrata,Acalypha glabrata,leaf,leaf,0,2026-08-11,"leaf_type 'leaf' value found to reflect an undocumented default fill, not a verified classification; column retired in favor of structural binary flags (frond/cladode/phyllode/microphyll) plus functional_leaf"
Acmadenia latifolia,Acmadenia latifolia,Acmadenia latifolia,leaf,leaf,0,2026-08-11,"leaf_type 'leaf' value found to reflect an undocumented default fill, not a verified classification; column retired in favor of structural binary flags (frond/cladode/phyllode/microphyll) plus functional_leaf"
Acmadenia nivea,Acmadenia nivea,Acmadenia nivea,leaf,leaf,0,2026-08-11,"leaf_type 'leaf' value found to reflect an undocumented default fill, not a verified classification; column retired in favor of structural binary flags (frond/cladode/phyllode/microphyll) plus functional_leaf"
Acmadenia nivenii,Acmadenia nivenii,Acmadenia nivenii,leaf,leaf,0,2026-08-11,"leaf_type 'leaf' value found to reflect an undocumented default fill, not a verified classification; column retired in favor of structural binary flags (frond/cladode/phyllode/microphyll) plus functional_leaf"
Acmadenia tetragona,Acmadenia tetragona,Acmadenia tetragona,leaf,leaf,0,2026-08-11,"leaf_type 'leaf' value found to reflect an undocumented default fill, not a verified classification; column retired in favor of structural binary flags (frond/cladode/phyllode/microphyll) plus functional_leaf"
Acmadenia trigona,Acmadenia trigona,Acmadenia trigona,leaf,leaf,0,2026-08-11,"leaf_type 'leaf' value found to reflect an undocumented default fill, not a verified classification; column retired in favor of structural binary flags (frond/cladode/phyllode/microphyll) plus functional_leaf"
Acrolophia barbata,Acrolophia barbata,Eulophia barbata,leaf,leaf,0,2026-08-11,"leaf_type 'leaf' value found to reflect an undocumented default fill, not a verified classification; column retired in favor of structural binary flags (frond/cladode/phyllode/microphyll) plus functional_leaf"
Acrolophia capensis,Acrolophia capensis,Eulophia tristis,leaf,leaf,0,2026-08-11,"leaf_type 'leaf' value found to reflect an undocumented default fill, not a verified classification; column retired in favor of structural binary flags (frond/cladode/phyllode/microphyll) plus functional_leaf"
Acrosanthes angustifolia,Acrosanthes angustifolia,Acrosanthes angustifolia,leaf,leaf,0,2026-08-11,"leaf_type 'leaf' value found to reflect an undocumented default fill, not a verified classification; column retired in favor of structural binary flags (frond/cladode/phyllode/microphyll) plus functional_leaf"
Adenandra brachyphylla,Adenandra brachyphylla,Adenandra brachyphylla,leaf,leaf,0,2026-08-11,"leaf_type 'leaf' value found to reflect an undocumented default fill, not a verified classification; column retired in favor of structural binary flags (frond/cladode/phyllode/microphyll) plus functional_leaf"
Adenandra fragrans,Adenandra fragrans,Adenandra fragrans,leaf,leaf,0,2026-08-11,"leaf_type 'leaf' value found to reflect an undocumented default fill, not a verified classification; column retired in favor of structural binary flags (frond/cladode/phyllode/microphyll) plus functional_leaf"
Adenandra mundiifolia,Adenandra mundiifolia,Adenandra mundiifolia,leaf,leaf,0,2026-08-11,"leaf_type 'leaf' value found to reflect an undocumented default fill, not a verified classification; column retired in favor of structural binary flags (frond/cladode/phyllode/microphyll) plus functional_leaf"
Adenandra uniflora,Adenandra uniflora,Adenandra uniflora,leaf,leaf,0,2026-08-11,"leaf_type 'leaf' value found to reflect an undocumented default fill, not a verified classification; column retired in favor of structural binary flags (frond/cladode/phyllode/microphyll) plus functional_leaf"
Adenandra villosa,Adenandra villosa,Adenandra villosa,leaf,leaf,0,2026-08-11,"leaf_type 'leaf' value found to reflect an undocumented default fill, not a verified classification; column retired in favor of structural binary flags (frond/cladode/phyllode/microphyll) plus functional_leaf"
Adenocline pauciflora,Adenocline pauciflora,Adenocline pauciflora,leaf,leaf,0,2026-08-11,"leaf_type 'leaf' value found to reflect an undocumented default fill, not a verified classification; column retired in favor of structural binary flags (frond/cladode/phyllode/microphyll) plus functional_leaf"
Adenogramma glomerata,Adenogramma glomerata,Adenogramma glomerata,leaf,leaf,0,2026-08-11,"leaf_type 'leaf' value found to reflect an undocumented default fill, not a verified classification; column retired in favor of structural binary flags (frond/cladode/phyllode/microphyll) plus functional_leaf"
Adromischus cristatus,Adromischus cristatus,Adromischus cristatus,leaf,leaf,0,2026-08-11,"leaf_type 'leaf' value found to reflect an undocumented default fill, not a verified classification; column retired in favor of structural binary flags (frond/cladode/phyllode/microphyll) plus functional_leaf"
Adromischus maculatus,Adromischus maculatus,Adromischus maculatus,leaf,leaf,0,2026-08-11,"leaf_type 'leaf' value found to reflect an undocumented default fill, not a verified classification; column retired in favor of structural binary flags (frond/cladode/phyllode/microphyll) plus functional_leaf"
Adromischus triflorus,Adromischus triflorus,Adromischus triflorus,leaf,leaf,0,2026-08-11,"leaf_type 'leaf' value found to reflect an undocumented default fill, not a verified classification; column retired in favor of structural binary flags (frond/cladode/phyllode/microphyll) plus functional_leaf"
Agapanthus praecox,Agapanthus praecox,Agapanthus praecox,leaf,leaf,0,2026-08-11,"leaf_type 'leaf' value found to reflect an undocumented default fill, not a verified classification; column retired in favor of structural binary flags (frond/cladode/phyllode/microphyll) plus functional_leaf"
Agapanthus walshii,Agapanthus africanus,Agapanthus walshii,leaf,leaf,0,2026-08-11,"leaf_type 'leaf' value found to reflect an undocumented default fill, not a verified classification; column retired in favor of structural binary flags (frond/cladode/phyllode/microphyll) plus functional_leaf"
Agathosma anomala,Agathosma anomala,Agathosma anomala,leaf,leaf,0,2026-08-11,"leaf_type 'leaf' value found to reflect an undocumented default fill, not a verified classification; column retired in favor of structural binary flags (frond/cladode/phyllode/microphyll) plus functional_leaf"
Agathosma betulina,Agathosma betulina,Agathosma betulina,leaf,leaf,0,2026-08-11,"leaf_type 'leaf' value found to reflect an undocumented default fill, not a verified classification; column retired in favor of structural binary flags (frond/cladode/phyllode/microphyll) plus functional_leaf"
Agathosma bicolor,Agathosma bicolor,Agathosma bicolor,leaf,leaf,0,2026-08-11,"leaf_type 'leaf' value found to reflect an undocumented default fill, not a verified classification; column retired in favor of structural binary flags (frond/cladode/phyllode/microphyll) plus functional_leaf"
Agathosma bifida,Agathosma bifida,Agathosma bifida,leaf,leaf,0,2026-08-11,"leaf_type 'leaf' value found to reflect an undocumented default fill, not a verified classification; column retired in favor of structural binary flags (frond/cladode/phyllode/microphyll) plus functional_leaf"
Agathosma bisulca,Agathosma bisulca,Agathosma bisulca,leaf,leaf,0,2026-08-11,"leaf_type 'leaf' value found to reflect an undocumented default fill, not a verified classification; column retired in favor of structural binary flags (frond/cladode/phyllode/microphyll) plus functional_leaf"
Agathosma capensis,Agathosma capensis,Agathosma capensis,leaf,leaf,0,2026-08-11,"leaf_type 'leaf' value found to reflect an undocumented default fill, not a verified classification; column retired in favor of structural binary flags (frond/cladode/phyllode/microphyll) plus functional_leaf"
Agathosma cerefolium,Agathosma cerefolium,Agathosma cerefolium,leaf,leaf,0,2026-08-11,"leaf_type 'leaf' value found to reflect an undocumented default fill, not a verified classification; column retired in favor of structural binary flags (frond/cladode/phyllode/microphyll) plus functional_leaf"
Agathosma ciliaris,Agathosma ciliaris,Agathosma ciliaris,leaf,leaf,0,2026-08-11,"leaf_type 'leaf' value found to reflect an undocumented default fill, not a verified classification; column retired in favor of structural binary flags (frond/cladode/phyllode/microphyll) plus functional_leaf"
Agathosma crenulata,Agathosma crenulata,Agathosma crenulata,leaf,leaf,0,2026-08-11,"leaf_type 'leaf' value found to reflect an undocumented default fill, not a verified classification; column retired in favor of structural binary flags (frond/cladode/phyllode/microphyll) plus functional_leaf"
Agathosma distans,Agathosma distans,Agathosma distans,leaf,leaf,0,2026-08-11,"leaf_type 'leaf' value found to reflect an undocumented default fill, not a verified classification; column retired in favor of structural binary flags (frond/cladode/phyllode/microphyll) plus functional_leaf"
Agathosma divaricata,Agathosma divaricata,Agathosma divaricata,leaf,leaf,0,2026-08-11,"leaf_type 'leaf' value found to reflect an undocumented default fill, not a verified classification; column retired in favor of structural binary flags (frond/cladode/phyllode/microphyll) plus functional_leaf"
Agathosma hookeri,Agathosma hookeri,Agathosma hookeri,leaf,leaf,0,2026-08-11,"leaf_type 'leaf' value found to reflect an undocumented default fill, not a verified classification; column retired in favor of structural binary flags (frond/cladode/phyllode/microphyll) plus functional_leaf"
Agathosma imbricata,Agathosma imbricata,Agathosma imbricata,leaf,leaf,0,2026-08-11,"leaf_type 'leaf' value found to reflect an undocumented default fill, not a verified classification; column retired in favor of structural binary flags (frond/cladode/phyllode/microphyll) plus functional_leaf"
Agathosma kougaense,Agathosma kougaense,Agathosma kougaense,leaf,leaf,0,2026-08-11,"leaf_type 'leaf' value found to reflect an undocumented default fill, not a verified classification; column retired in favor of structural binary flags (frond/cladode/phyllode/microphyll) plus functional_leaf"
Agathosma lanceolata,Agathosma lanceolata,Agathosma lanceolata,leaf,leaf,0,2026-08-11,"leaf_type 'leaf' value found to reflect an undocumented default fill, not a verified classification; column retired in favor of structural binary flags (frond/cladode/phyllode/microphyll) plus functional_leaf"
Agathosma martiana,Agathosma martiana,Agathosma martiana,leaf,leaf,0,2026-08-11,"leaf_type 'leaf' value found to reflect an undocumented default fill, not a verified classification; column retired in favor of structural binary flags (frond/cladode/phyllode/microphyll) plus functional_leaf"
Agathosma minuta,Agathosma minuta,Agathosma minuta,leaf,leaf,0,2026-08-11,"leaf_type 'leaf' value found to reflect an undocumented default fill, not a verified classification; column retired in favor of structural binary flags (frond/cladode/phyllode/microphyll) plus functional_leaf"
Agathosma mucronulata,Agathosma mucronulata,Agathosma mucronulata,leaf,leaf,0,2026-08-11,"leaf_type 'leaf' value found to reflect an undocumented default fill, not a verified classification; column retired in favor of structural binary flags (frond/cladode/phyllode/microphyll) plus functional_leaf"
Agathosma mundtii,Agathosma mundtii,Agathosma mundtii,leaf,leaf,0,2026-08-11,"leaf_type 'leaf' value found to reflect an undocumented default fill, not a verified classification; column retired in favor of structural binary flags (frond/cladode/phyllode/microphyll) plus functional_leaf"
Agathosma orbicularis,Agathosma orbicularis,Agathosma orbicularis,leaf,leaf,0,2026-08-11,"leaf_type 'leaf' value found to reflect an undocumented default fill, not a verified classification; column retired in favor of structural binary flags (frond/cladode/phyllode/microphyll) plus functional_leaf"
Agathosma ovata,Agathosma ovata,Agathosma ovata,leaf,leaf,0,2026-08-11,"leaf_type 'leaf' value found to reflect an undocumented default fill, not a verified classification; column retired in favor of structural binary flags (frond/cladode/phyllode/microphyll) plus functional_leaf"
Agathosma pilifera,Agathosma pilifera,Agathosma pilifera,leaf,leaf,0,2026-08-11,"leaf_type 'leaf' value found to reflect an undocumented default fill, not a verified classification; column retired in favor of structural binary flags (frond/cladode/phyllode/microphyll) plus functional_leaf"
Agathosma puberula,Agathosma puberula,Agathosma puberula,leaf,leaf,0,2026-08-11,"leaf_type 'leaf' value found to reflect an undocumented default fill, not a verified classification; column retired in favor of structural binary flags (frond/cladode/phyllode/microphyll) plus functional_leaf"
Agathosma pubigera,Agathosma pubigera,Agathosma pubigera,leaf,leaf,0,2026-08-11,"leaf_type 'leaf' value found to reflect an undocumented default fill, not a verified classification; column retired in favor of structural binary flags (frond/cladode/phyllode/microphyll) plus functional_leaf"
Agathosma pungens,Agathosma pungens,Agathosma pungens,leaf,leaf,0,2026-08-11,"leaf_type 'leaf' value found to reflect an undocumented default fill, not a verified classification; column retired in favor of structural binary flags (frond/cladode/phyllode/microphyll) plus functional_leaf"
Agathosma recurvifolia,Agathosma recurvifolia,Agathosma recurvifolia,leaf,leaf,0,2026-08-11,"leaf_type 'leaf' value found to reflect an undocumented default fill, not a verified classification; column retired in favor of structural binary flags (frond/cladode/phyllode/microphyll) plus functional_leaf"
Agathosma serpyllacea,Agathosma serpyllacea,Agathosma serpyllacea,leaf,leaf,0,2026-08-11,"leaf_type 'leaf' value found to reflect an undocumented default fill, not a verified classification; column retired in favor of structural binary flags (frond/cladode/phyllode/microphyll) plus functional_leaf"
Agathosma stilbeoides,Agathosma stilbeoides,Agathosma stilbeoides,leaf,leaf,0,2026-08-11,"leaf_type 'leaf' value found to reflect an undocumented default fill, not a verified classification; column retired in favor of structural binary flags (frond/cladode/phyllode/microphyll) plus functional_leaf"
Agathosma unicarpellata,Agathosma unicarpellata,Agathosma unicarpellata,leaf,leaf,0,2026-08-11,"leaf_type 'leaf' value found to reflect an undocumented default fill, not a verified classification; column retired in favor of structural binary flags (frond/cladode/phyllode/microphyll) plus functional_leaf"
Agathosma venusta,Agathosma venusta,Agathosma venusta,leaf,leaf,0,2026-08-11,"leaf_type 'leaf' value found to reflect an undocumented default fill, not a verified classification; column retired in favor of structural binary flags (frond/cladode/phyllode/microphyll) plus functional_leaf"
Agrostis lachnantha,Agrostis lachnantha,Lachnagrostis lachnantha,leaf,mixed,0,2026-08-11,"leaf_type 'leaf' value found to reflect an undocumented default fill, not a verified classification; column retired in favor of structural binary flags (frond/cladode/phyllode/microphyll) plus functional_leaf"
Aizoon paniculatum,Aizoon paniculatum,Aizoon paniculatum,leaf,leaf,0,2026-08-11,"leaf_type 'leaf' value found to reflect an undocumented default fill, not a verified classification; column retired in favor of structural binary flags (frond/cladode/phyllode/microphyll) plus functional_leaf"
Aizoon rigidum,Aizoon rigidum,Aizoon rigidum,leaf,leaf,0,2026-08-11,"leaf_type 'leaf' value found to reflect an undocumented default fill, not a verified classification; column retired in favor of structural binary flags (frond/cladode/phyllode/microphyll) plus functional_leaf"
Aizoon sarmentosum,Aizoon sarmentosum,Aizoon sarmentosum,leaf,leaf,0,2026-08-11,"leaf_type 'leaf' value found to reflect an undocumented default fill, not a verified classification; column retired in favor of structural binary flags (frond/cladode/phyllode/microphyll) plus functional_leaf"
Albuca cooperi,Albuca cooperi,Albuca cooperi,leaf,leaf,0,2026-08-11,"leaf_type 'leaf' value found to reflect an undocumented default fill, not a verified classification; column retired in favor of structural binary flags (frond/cladode/phyllode/microphyll) plus functional_leaf"
Albuca flaccida,Albuca flaccida,Albuca flaccida,leaf,leaf,0,2026-08-11,"leaf_type 'leaf' value found to reflect an undocumented default fill, not a verified classification; column retired in favor of structural binary flags (frond/cladode/phyllode/microphyll) plus functional_leaf"
Alepidea capensis,Alepidea capensis,Alepidea capensis,leaf,leaf,0,2026-08-11,"leaf_type 'leaf' value found to reflect an undocumented default fill, not a verified classification; column retired in favor of structural binary flags (frond/cladode/phyllode/microphyll) plus functional_leaf"
Alepidea delicatula,Alepidea delicatula,Alepidea delicatula,leaf,leaf,0,2026-08-11,"leaf_type 'leaf' value found to reflect an undocumented default fill, not a verified classification; column retired in favor of structural binary flags (frond/cladode/phyllode/microphyll) plus functional_leaf"
Allophylus decipiens,Allophylus decipiens,Allophylus decipiens,leaf,leaf,0,2026-08-11,"leaf_type 'leaf' value found to reflect an undocumented default fill, not a verified classification; column retired in favor of structural binary flags (frond/cladode/phyllode/microphyll) plus functional_leaf"
Aloe arborescens,Aloe arborescens,Aloe arborescens,leaf,leaf,0,2026-08-11,"leaf_type 'leaf' value found to reflect an undocumented default fill, not a verified classification; column retired in favor of structural binary flags (frond/cladode/phyllode/microphyll) plus functional_leaf"
Aloe ciliaris,Aloe ciliaris,Aloiampelos ciliaris,leaf,leaf,0,2026-08-11,"leaf_type 'leaf' value found to reflect an undocumented default fill, not a verified classification; column retired in favor of structural binary flags (frond/cladode/phyllode/microphyll) plus functional_leaf"
Aloe comptonii,Aloe comptonii,Aloe comptonii,leaf,leaf,0,2026-08-11,"leaf_type 'leaf' value found to reflect an undocumented default fill, not a verified classification; column retired in favor of structural binary flags (frond/cladode/phyllode/microphyll) plus functional_leaf"
Aloe ferox,Aloe ferox,Aloe ferox,leaf,leaf,0,2026-08-11,"leaf_type 'leaf' value found to reflect an undocumented default fill, not a verified classification; column retired in favor of structural binary flags (frond/cladode/phyllode/microphyll) plus functional_leaf"
Aloe perfoliata,Aloe mitriformis,Aloe perfoliata,leaf,leaf,0,2026-08-11,"leaf_type 'leaf' value found to reflect an undocumented default fill, not a verified classification; column retired in favor of structural binary flags (frond/cladode/phyllode/microphyll) plus functional_leaf"
Aloe speciosa,Aloe speciosa,Aloe speciosa,leaf,leaf,0,2026-08-11,"leaf_type 'leaf' value found to reflect an undocumented default fill, not a verified classification; column retired in favor of structural binary flags (frond/cladode/phyllode/microphyll) plus functional_leaf"
Alsophila capensis,Cyathea capensis,Alsophila capensis,frond,leaf,0,2026-08-11,"leaf_type 'leaf' value found to reflect an undocumented default fill, not a verified classification; column retired in favor of structural binary flags (frond/cladode/phyllode/microphyll) plus functional_leaf"
Amphithalea axillaris,Amphithalea axillaris,Amphithalea axillaris,leaf,leaf,0,2026-08-11,"leaf_type 'leaf' value found to reflect an undocumented default fill, not a verified classification; column retired in favor of structural binary flags (frond/cladode/phyllode/microphyll) plus functional_leaf"
Amphithalea cymbifolia,Amphithalea cymbifolia,Amphithalea cymbifolia,leaf,leaf,0,2026-08-11,"leaf_type 'leaf' value found to reflect an undocumented default fill, not a verified classification; column retired in favor of structural binary flags (frond/cladode/phyllode/microphyll) plus functional_leaf"
Amphithalea ericifolia,Amphithalea ericifolia,Amphithalea ericifolia,leaf,leaf,0,2026-08-11,"leaf_type 'leaf' value found to reflect an undocumented default fill, not a verified classification; column retired in favor of structural binary flags (frond/cladode/phyllode/microphyll) plus functional_leaf"
Amphithalea micrantha,Amphithalea micrantha,Amphithalea micrantha,leaf,leaf,0,2026-08-11,"leaf_type 'leaf' value found to reflect an undocumented default fill, not a verified classification; column retired in favor of structural binary flags (frond/cladode/phyllode/microphyll) plus functional_leaf"
Amphithalea violacea,Amphithalea violacea,Amphithalea violacea,leaf,leaf,0,2026-08-11,"leaf_type 'leaf' value found to reflect an undocumented default fill, not a verified classification; column retired in favor of structural binary flags (frond/cladode/phyllode/microphyll) plus functional_leaf"
Amphithalea williamsonii,Amphithalea williamsonii,Amphithalea williamsonii,leaf,leaf,0,2026-08-11,"leaf_type 'leaf' value found to reflect an undocumented default fill, not a verified classification; column retired in favor of structural binary flags (frond/cladode/phyllode/microphyll) plus functional_leaf"
Anacampseros arachnoides,Anacampseros arachnoides,Anacampseros arachnoides,leaf,leaf,0,2026-08-11,"leaf_type 'leaf' value found to reflect an undocumented default fill, not a verified classification; column retired in favor of structural binary flags (frond/cladode/phyllode/microphyll) plus functional_leaf"
Anacampseros telephiastrum,Anacampseros telephiastrum,Anacampseros telephiastrum,leaf,leaf,0,2026-08-11,"leaf_type 'leaf' value found to reflect an undocumented default fill, not a verified classification; column retired in favor of structural binary flags (frond/cladode/phyllode/microphyll) plus functional_leaf"
Anaxeton asperum,Anaxeton asperum,Anaxeton asperum,leaf,leaf,0,2026-08-11,"leaf_type 'leaf' value found to reflect an undocumented default fill, not a verified classification; column retired in favor of structural binary flags (frond/cladode/phyllode/microphyll) plus functional_leaf"
Anaxeton laeve,Anaxeton laeve,Anaxeton laeve,leaf,leaf,0,2026-08-11,"leaf_type 'leaf' value found to reflect an undocumented default fill, not a verified classification; column retired in favor of structural binary flags (frond/cladode/phyllode/microphyll) plus functional_leaf"
Anaxeton nycthemerum,Anaxeton nycthemerum,Anaxeton nycthemerum,leaf,leaf,0,2026-08-11,"leaf_type 'leaf' value found to reflect an undocumented default fill, not a verified classification; column retired in favor of structural binary flags (frond/cladode/phyllode/microphyll) plus functional_leaf"
Anderbergia epaleata,Anderbergia epaleata,Anderbergia epaleata,leaf,leaf,0,2026-08-11,"leaf_type 'leaf' value found to reflect an undocumented default fill, not a verified classification; column retired in favor of structural binary flags (frond/cladode/phyllode/microphyll) plus functional_leaf"
Andropogon appendiculatus,Andropogon appendiculatus,Andropogon appendiculatus,leaf,leaf,0,2026-08-11,"leaf_type 'leaf' value found to reflect an undocumented default fill, not a verified classification; column retired in favor of structural binary flags (frond/cladode/phyllode/microphyll) plus functional_leaf"
Anemone knowltonia,Knowltonia capensis,Knowltonia capensis,leaf,leaf,0,2026-08-11,"leaf_type 'leaf' value found to reflect an undocumented default fill, not a verified classification; column retired in favor of structural binary flags (frond/cladode/phyllode/microphyll) plus functional_leaf"
Anemone tenuifolia,Anemone tenuifolia,Pulsatilla vulgaris,leaf,leaf,0,2026-08-11,"leaf_type 'leaf' value found to reflect an undocumented default fill, not a verified classification; column retired in favor of structural binary flags (frond/cladode/phyllode/microphyll) plus functional_leaf"
Anemone vesicatoria,Knowltonia vesicatoria,Anemone vesicatoria,leaf,leaf,0,2026-08-11,"leaf_type 'leaf' value found to reflect an undocumented default fill, not a verified classification; column retired in favor of structural binary flags (frond/cladode/phyllode/microphyll) plus functional_leaf"
Anginon difforme,Anginon difforme,Anginon difforme,leaf,leaf,0,2026-08-11,"leaf_type 'leaf' value found to reflect an undocumented default fill, not a verified classification; column retired in favor of structural binary flags (frond/cladode/phyllode/microphyll) plus functional_leaf"
Anisodontea scabrosa,Anisodontea scabrosa,Anisodontea scabrosa,leaf,leaf,0,2026-08-11,"leaf_type 'leaf' value found to reflect an undocumented default fill, not a verified classification; column retired in favor of structural binary flags (frond/cladode/phyllode/microphyll) plus functional_leaf"
Annesorhiza altiscapa,Annesorhiza altiscapa,Annesorhiza altiscapa,leaf,leaf,0,2026-08-11,"leaf_type 'leaf' value found to reflect an undocumented default fill, not a verified classification; column retired in favor of structural binary flags (frond/cladode/phyllode/microphyll) plus functional_leaf"
Anthochortus capensis,Anthochortus capensis,Anthochortus capensis,leaf,culm_stem,1,2026-08-11,"leaf_type 'leaf' value found to reflect an undocumented default fill, not a verified classification; column retired in favor of structural binary flags (frond/cladode/phyllode/microphyll) plus functional_leaf"
Anthochortus crinalis,Anthochortus crinalis,Anthochortus crinalis,leaf,culm_stem,1,2026-08-11,"leaf_type 'leaf' value found to reflect an undocumented default fill, not a verified classification; column retired in favor of structural binary flags (frond/cladode/phyllode/microphyll) plus functional_leaf"
Anthochortus ecklonii,Anthochortus ecklonii,Anthochortus ecklonii,leaf,culm_stem,1,2026-08-11,"leaf_type 'leaf' value found to reflect an undocumented default fill, not a verified classification; column retired in favor of structural binary flags (frond/cladode/phyllode/microphyll) plus functional_leaf"
Anthochortus laxiflorus,Anthochortus laxiflorus,Anthochortus laxiflorus,leaf,culm_stem,1,2026-08-11,"leaf_type 'leaf' value found to reflect an undocumented default fill, not a verified classification; column retired in favor of structural binary flags (frond/cladode/phyllode/microphyll) plus functional_leaf"
Anthospermum aethiopicum,Anthospermum aethiopicum,Anthospermum aethiopicum,leaf,leaf,0,2026-08-11,"leaf_type 'leaf' value found to reflect an undocumented default fill, not a verified classification; column retired in favor of structural binary flags (frond/cladode/phyllode/microphyll) plus functional_leaf"
Anthospermum bergianum,Anthospermum bergianum,Anthospermum bergianum,leaf,leaf,0,2026-08-11,"leaf_type 'leaf' value found to reflect an undocumented default fill, not a verified classification; column retired in favor of structural binary flags (frond/cladode/phyllode/microphyll) plus functional_leaf"
Anthospermum galioides,Anthospermum galioides,Anthospermum galioides,leaf,leaf,0,2026-08-11,"leaf_type 'leaf' value found to reflect an undocumented default fill, not a verified classification; column retired in favor of structural binary flags (frond/cladode/phyllode/microphyll) plus functional_leaf"
Anthospermum prostratum,Anthospermum prostratum,Anthospermum prostratum,leaf,leaf,0,2026-08-11,"leaf_type 'leaf' value found to reflect an undocumented default fill, not a verified classification; column retired in favor of structural binary flags (frond/cladode/phyllode/microphyll) plus functional_leaf"
Anthospermum spathulatum,Anthospermum spathulatum,Anthospermum spathulatum,leaf,leaf,0,2026-08-11,"leaf_type 'leaf' value found to reflect an undocumented default fill, not a verified classification; column retired in favor of structural binary flags (frond/cladode/phyllode/microphyll) plus functional_leaf"
Antimima dasyphylla,Antimima dasyphylla,Antimima dasyphylla,leaf,leaf,0,2026-08-11,"leaf_type 'leaf' value found to reflect an undocumented default fill, not a verified classification; column retired in favor of structural binary flags (frond/cladode/phyllode/microphyll) plus functional_leaf"
Apium decumbens,Apium decumbens,Apium graveolens,leaf,leaf,0,2026-08-11,"leaf_type 'leaf' value found to reflect an undocumented default fill, not a verified classification; column retired in favor of structural binary flags (frond/cladode/phyllode/microphyll) plus functional_leaf"
Apodytes dimidiata,Apodytes dimidiata,Apodytes dimidiata,leaf,leaf,0,2026-08-11,"leaf_type 'leaf' value found to reflect an undocumented default fill, not a verified classification; column retired in favor of structural binary flags (frond/cladode/phyllode/microphyll) plus functional_leaf"
Arctopus echinatus,Arctopus echinatus,Arctopus echinatus,leaf,leaf,0,2026-08-11,"leaf_type 'leaf' value found to reflect an undocumented default fill, not a verified classification; column retired in favor of structural binary flags (frond/cladode/phyllode/microphyll) plus functional_leaf"
Arctotheca calendula,Arctotheca calendula,Arctotheca calendula,leaf,leaf,0,2026-08-11,"leaf_type 'leaf' value found to reflect an undocumented default fill, not a verified classification; column retired in favor of structural binary flags (frond/cladode/phyllode/microphyll) plus functional_leaf"
Arctotis acaulis,Arctotis acaulis,Arctotis acaulis,leaf,leaf,0,2026-08-11,"leaf_type 'leaf' value found to reflect an undocumented default fill, not a verified classification; column retired in favor of structural binary flags (frond/cladode/phyllode/microphyll) plus functional_leaf"
Arctotis adpressa,Arctotis adpressa,Arctotis adpressa,leaf,leaf,0,2026-08-11,"leaf_type 'leaf' value found to reflect an undocumented default fill, not a verified classification; column retired in favor of structural binary flags (frond/cladode/phyllode/microphyll) plus functional_leaf"
Arctotis aspera,Arctotis aspera,Arctotis aspera,leaf,leaf,0,2026-08-11,"leaf_type 'leaf' value found to reflect an undocumented default fill, not a verified classification; column retired in favor of structural binary flags (frond/cladode/phyllode/microphyll) plus functional_leaf"
Arctotis scabra,Arctotis scabra,Arctotis semipapposa,leaf,leaf,0,2026-08-11,"leaf_type 'leaf' value found to reflect an undocumented default fill, not a verified classification; column retired in favor of structural binary flags (frond/cladode/phyllode/microphyll) plus functional_leaf"
Arctotis stoechadifolia,Arctotis stoechadifolia,Arctotis stoechadifolia,leaf,leaf,0,2026-08-11,"leaf_type 'leaf' value found to reflect an undocumented default fill, not a verified classification; column retired in favor of structural binary flags (frond/cladode/phyllode/microphyll) plus functional_leaf"
Argyrolobium collinum,Argyrolobium collinum,Argyrolobium collinum,leaf,leaf,0,2026-08-11,"leaf_type 'leaf' value found to reflect an undocumented default fill, not a verified classification; column retired in favor of structural binary flags (frond/cladode/phyllode/microphyll) plus functional_leaf"
Argyrolobium filiforme,Argyrolobium filiforme,Argyrolobium filifolia,leaf,leaf,0,2026-08-11,"leaf_type 'leaf' value found to reflect an undocumented default fill, not a verified classification; column retired in favor of structural binary flags (frond/cladode/phyllode/microphyll) plus functional_leaf"
Argyrolobium incanum,Argyrolobium incanum,Argyrolobium incanum,leaf,leaf,0,2026-08-11,"leaf_type 'leaf' value found to reflect an undocumented default fill, not a verified classification; column retired in favor of structural binary flags (frond/cladode/phyllode/microphyll) plus functional_leaf"
Argyrolobium parviflorum,Argyrolobium parviflorum,Argyrolobium parviflorum,leaf,leaf,0,2026-08-11,"leaf_type 'leaf' value found to reflect an undocumented default fill, not a verified classification; column retired in favor of structural binary flags (frond/cladode/phyllode/microphyll) plus functional_leaf"
Aristea africana,Aristea africana,Aristea africana,leaf,leaf,0,2026-08-11,"leaf_type 'leaf' value found to reflect an undocumented default fill, not a verified classification; column retired in favor of structural binary flags (frond/cladode/phyllode/microphyll) plus functional_leaf"
Aristea anceps,Aristea anceps,Aristea anceps,leaf,leaf,0,2026-08-11,"leaf_type 'leaf' value found to reflect an undocumented default fill, not a verified classification; column retired in favor of structural binary flags (frond/cladode/phyllode/microphyll) plus functional_leaf"
Aristea bakeri,Aristea bakeri,Aristea bakeri,leaf,leaf,0,2026-08-11,"leaf_type 'leaf' value found to reflect an undocumented default fill, not a verified classification; column retired in favor of structural binary flags (frond/cladode/phyllode/microphyll) plus functional_leaf"
Aristea capitata,Aristea major,Aristea capitata,leaf,leaf,0,2026-08-11,"leaf_type 'leaf' value found to reflect an undocumented default fill, not a verified classification; column retired in favor of structural binary flags (frond/cladode/phyllode/microphyll) plus functional_leaf"
Aristea cuspidata,Aristea cuspidata,Aristea cuspidata,leaf,leaf,0,2026-08-11,"leaf_type 'leaf' value found to reflect an undocumented default fill, not a verified classification; column retired in favor of structural binary flags (frond/cladode/phyllode/microphyll) plus functional_leaf"
Aristea dichotoma,Aristea dichotoma,Aristea dichotoma,leaf,leaf,0,2026-08-11,"leaf_type 'leaf' value found to reflect an undocumented default fill, not a verified classification; column retired in favor of structural binary flags (frond/cladode/phyllode/microphyll) plus functional_leaf"
Aristea glauca,Aristea glauca,Aristea glauca,leaf,leaf,0,2026-08-11,"leaf_type 'leaf' value found to reflect an undocumented default fill, not a verified classification; column retired in favor of structural binary flags (frond/cladode/phyllode/microphyll) plus functional_leaf"
Aristea oligocephala,Aristea oligocephala,Aristea oligocephala,leaf,leaf,0,2026-08-11,"leaf_type 'leaf' value found to reflect an undocumented default fill, not a verified classification; column retired in favor of structural binary flags (frond/cladode/phyllode/microphyll) plus functional_leaf"
Aristea pusilla,Aristea pusilla,Aristea pusilla,leaf,leaf,0,2026-08-11,"leaf_type 'leaf' value found to reflect an undocumented default fill, not a verified classification; column retired in favor of structural binary flags (frond/cladode/phyllode/microphyll) plus functional_leaf"
Aristea racemosa,Aristea racemosa,Aristea racemosa,leaf,leaf,0,2026-08-11,"leaf_type 'leaf' value found to reflect an undocumented default fill, not a verified classification; column retired in favor of structural binary flags (frond/cladode/phyllode/microphyll) plus functional_leaf"
Aristida adscensionis,Aristida adscensionis,Aristida adscensionis,leaf,mixed,0,2026-08-11,"leaf_type 'leaf' value found to reflect an undocumented default fill, not a verified classification; column retired in favor of structural binary flags (frond/cladode/phyllode/microphyll) plus functional_leaf"
Aristida congesta,Aristida congesta,Aristida congesta,leaf,mixed,0,2026-08-11,"leaf_type 'leaf' value found to reflect an undocumented default fill, not a verified classification; column retired in favor of structural binary flags (frond/cladode/phyllode/microphyll) plus functional_leaf"
Aristida diffusa,Aristida diffusa,Aristida diffusa,leaf,mixed,0,2026-08-11,"leaf_type 'leaf' value found to reflect an undocumented default fill, not a verified classification; column retired in favor of structural binary flags (frond/cladode/phyllode/microphyll) plus functional_leaf"
Aristida junciformis,Aristida junciformis,Aristida junciformis,leaf,mixed,0,2026-08-11,"leaf_type 'leaf' value found to reflect an undocumented default fill, not a verified classification; column retired in favor of structural binary flags (frond/cladode/phyllode/microphyll) plus functional_leaf"
Asclepias crispa,Asclepias crispa,Asclepias crispa,leaf,leaf,0,2026-08-11,"leaf_type 'leaf' value found to reflect an undocumented default fill, not a verified classification; column retired in favor of structural binary flags (frond/cladode/phyllode/microphyll) plus functional_leaf"
Askidiosperma capitatum,Askidiosperma capitatum,Askidiosperma capitatum,leaf,culm_stem,1,2026-08-11,"leaf_type 'leaf' value found to reflect an undocumented default fill, not a verified classification; column retired in favor of structural binary flags (frond/cladode/phyllode/microphyll) plus functional_leaf"
Askidiosperma nitidum,Askidiosperma nitidum,Askidiosperma nitidum,leaf,culm_stem,1,2026-08-11,"leaf_type 'leaf' value found to reflect an undocumented default fill, not a verified classification; column retired in favor of structural binary flags (frond/cladode/phyllode/microphyll) plus functional_leaf"
Askidiosperma paniculatum,Askidiosperma paniculatum,Askidiosperma paniculatum,leaf,culm_stem,1,2026-08-11,"leaf_type 'leaf' value found to reflect an undocumented default fill, not a verified classification; column retired in favor of structural binary flags (frond/cladode/phyllode/microphyll) plus functional_leaf"
Aspalathus abietina,Aspalathus abietina,Aspalathus abietina,leaf,leaf,0,2026-08-11,"leaf_type 'leaf' value found to reflect an undocumented default fill, not a verified classification; column retired in favor of structural binary flags (frond/cladode/phyllode/microphyll) plus functional_leaf"
Aspalathus acanthes,Aspalathus acanthes,Aspalathus acanthes,leaf,leaf,0,2026-08-11,"leaf_type 'leaf' value found to reflect an undocumented default fill, not a verified classification; column retired in favor of structural binary flags (frond/cladode/phyllode/microphyll) plus functional_leaf"
Aspalathus aciphylla,Aspalathus aciphylla,Aspalathus aciphylla,leaf,leaf,0,2026-08-11,"leaf_type 'leaf' value found to reflect an undocumented default fill, not a verified classification; column retired in favor of structural binary flags (frond/cladode/phyllode/microphyll) plus functional_leaf"
Aspalathus argyrella,Aspalathus argyrella,Aspalathus argyrella,leaf,leaf,0,2026-08-11,"leaf_type 'leaf' value found to reflect an undocumented default fill, not a verified classification; column retired in favor of structural binary flags (frond/cladode/phyllode/microphyll) plus functional_leaf"
Aspalathus aspalathoides,Aspalathus aspalathoides,Aspalathus aspalathoides,leaf,leaf,0,2026-08-11,"leaf_type 'leaf' value found to reflect an undocumented default fill, not a verified classification; column retired in favor of structural binary flags (frond/cladode/phyllode/microphyll) plus functional_leaf"
Aspalathus asparagoides,Aspalathus asparagoides,Aspalathus asparagoides,leaf,leaf,0,2026-08-11,"leaf_type 'leaf' value found to reflect an undocumented default fill, not a verified classification; column retired in favor of structural binary flags (frond/cladode/phyllode/microphyll) plus functional_leaf"
Aspalathus biflora,Aspalathus biflora,Aspalathus biflora,leaf,leaf,0,2026-08-11,"leaf_type 'leaf' value found to reflect an undocumented default fill, not a verified classification; column retired in favor of structural binary flags (frond/cladode/phyllode/microphyll) plus functional_leaf"
Aspalathus callosa,Aspalathus callosa,Aspalathus callosa,leaf,leaf,0,2026-08-11,"leaf_type 'leaf' value found to reflect an undocumented default fill, not a verified classification; column retired in favor of structural binary flags (frond/cladode/phyllode/microphyll) plus functional_leaf"
Aspalathus capensis,Aspalathus capensis,Aspalathus capensis,leaf,leaf,0,2026-08-11,"leaf_type 'leaf' value found to reflect an undocumented default fill, not a verified classification; column retired in favor of structural binary flags (frond/cladode/phyllode/microphyll) plus functional_leaf"
Aspalathus carnosa,Aspalathus carnosa,Aspalathus carnosa,leaf,leaf,0,2026-08-11,"leaf_type 'leaf' value found to reflect an undocumented default fill, not a verified classification; column retired in favor of structural binary flags (frond/cladode/phyllode/microphyll) plus functional_leaf"
Aspalathus chenopoda,Aspalathus chenopoda,Aspalathus chenopoda,leaf,leaf,0,2026-08-11,"leaf_type 'leaf' value found to reflect an undocumented default fill, not a verified classification; column retired in favor of structural binary flags (frond/cladode/phyllode/microphyll) plus functional_leaf"
Aspalathus chortophila,Aspalathus chortophila,Aspalathus chortophila,leaf,leaf,0,2026-08-11,"leaf_type 'leaf' value found to reflect an undocumented default fill, not a verified classification; column retired in favor of structural binary flags (frond/cladode/phyllode/microphyll) plus functional_leaf"
Aspalathus ciliaris,Aspalathus ciliaris,Aspalathus ciliaris,leaf,leaf,0,2026-08-11,"leaf_type 'leaf' value found to reflect an undocumented default fill, not a verified classification; column retired in favor of structural binary flags (frond/cladode/phyllode/microphyll) plus functional_leaf"
Aspalathus collina,Aspalathus collina,Aspalathus collina,leaf,leaf,0,2026-08-11,"leaf_type 'leaf' value found to reflect an undocumented default fill, not a verified classification; column retired in favor of structural binary flags (frond/cladode/phyllode/microphyll) plus functional_leaf"
Aspalathus crassisepala,Aspalathus crassisepala,Aspalathus crassisepala,leaf,leaf,0,2026-08-11,"leaf_type 'leaf' value found to reflect an undocumented default fill, not a verified classification; column retired in favor of structural binary flags (frond/cladode/phyllode/microphyll) plus functional_leaf"
Aspalathus decora,Aspalathus decora,Aspalathus decora,leaf,leaf,0,2026-08-11,"leaf_type 'leaf' value found to reflect an undocumented default fill, not a verified classification; column retired in favor of structural binary flags (frond/cladode/phyllode/microphyll) plus functional_leaf"
Aspalathus divaricata,Aspalathus divaricata,Aspalathus divaricata,leaf,leaf,0,2026-08-11,"leaf_type 'leaf' value found to reflect an undocumented default fill, not a verified classification; column retired in favor of structural binary flags (frond/cladode/phyllode/microphyll) plus functional_leaf"
Aspalathus ericifolia,Aspalathus ericifolia,Aspalathus ericifolia,leaf,leaf,0,2026-08-11,"leaf_type 'leaf' value found to reflect an undocumented default fill, not a verified classification; column retired in favor of structural binary flags (frond/cladode/phyllode/microphyll) plus functional_leaf"
Aspalathus forbesii,Aspalathus forbesii,Aspalathus forbesii,leaf,leaf,0,2026-08-11,"leaf_type 'leaf' value found to reflect an undocumented default fill, not a verified classification; column retired in favor of structural binary flags (frond/cladode/phyllode/microphyll) plus functional_leaf"
Aspalathus fourcadei,Aspalathus fourcadei,Aspalathus fourcadei,leaf,leaf,0,2026-08-11,"leaf_type 'leaf' value found to reflect an undocumented default fill, not a verified classification; column retired in favor of structural binary flags (frond/cladode/phyllode/microphyll) plus functional_leaf"
Aspalathus galeata,Aspalathus galeata,Aspalathus galeata,leaf,leaf,0,2026-08-11,"leaf_type 'leaf' value found to reflect an undocumented default fill, not a verified classification; column retired in favor of structural binary flags (frond/cladode/phyllode/microphyll) plus functional_leaf"
Aspalathus grandiflora,Aspalathus grandiflora,Aspalathus grandiflora,leaf,leaf,0,2026-08-11,"leaf_type 'leaf' value found to reflect an undocumented default fill, not a verified classification; column retired in favor of structural binary flags (frond/cladode/phyllode/microphyll) plus functional_leaf"
Aspalathus hirta,Aspalathus hirta,Aspalathus hirta,leaf,leaf,0,2026-08-11,"leaf_type 'leaf' value found to reflect an undocumented default fill, not a verified classification; column retired in favor of structural binary flags (frond/cladode/phyllode/microphyll) plus functional_leaf"
Aspalathus hispida,Aspalathus hispida,Aspalathus hispida,leaf,leaf,0,2026-08-11,"leaf_type 'leaf' value found to reflect an undocumented default fill, not a verified classification; column retired in favor of structural binary flags (frond/cladode/phyllode/microphyll) plus functional_leaf"
Aspalathus hypnoides,Aspalathus hypnoides,Aspalathus hypnoides,leaf,leaf,0,2026-08-11,"leaf_type 'leaf' value found to reflect an undocumented default fill, not a verified classification; column retired in favor of structural binary flags (frond/cladode/phyllode/microphyll) plus functional_leaf"
Aspalathus hystrix,Aspalathus hystrix,Aspalathus hystrix,leaf,leaf,0,2026-08-11,"leaf_type 'leaf' value found to reflect an undocumented default fill, not a verified classification; column retired in favor of structural binary flags (frond/cladode/phyllode/microphyll) plus functional_leaf"
Aspalathus incompta,Aspalathus incompta,Aspalathus incomta,leaf,leaf,0,2026-08-11,"leaf_type 'leaf' value found to reflect an undocumented default fill, not a verified classification; column retired in favor of structural binary flags (frond/cladode/phyllode/microphyll) plus functional_leaf"
Aspalathus inops,Aspalathus inops,Aspalathus inops,leaf,leaf,0,2026-08-11,"leaf_type 'leaf' value found to reflect an undocumented default fill, not a verified classification; column retired in favor of structural binary flags (frond/cladode/phyllode/microphyll) plus functional_leaf"
Aspalathus kougaensis,Aspalathus kougaensis,Aspalathus kougaensis,leaf,leaf,0,2026-08-11,"leaf_type 'leaf' value found to reflect an undocumented default fill, not a verified classification; column retired in favor of structural binary flags (frond/cladode/phyllode/microphyll) plus functional_leaf"
Aspalathus lanata,Aspalathus lanata,Aspalathus lanata,leaf,leaf,0,2026-08-11,"leaf_type 'leaf' value found to reflect an undocumented default fill, not a verified classification; column retired in favor of structural binary flags (frond/cladode/phyllode/microphyll) plus functional_leaf"
Aspalathus laricifolia,Aspalathus laricifolia,Aspalathus laricifolia,leaf,leaf,0,2026-08-11,"leaf_type 'leaf' value found to reflect an undocumented default fill, not a verified classification; column retired in favor of structural binary flags (frond/cladode/phyllode/microphyll) plus functional_leaf"
Aspalathus linearis,Aspalathus linearis,Aspalathus linearis,leaf,leaf,0,2026-08-11,"leaf_type 'leaf' value found to reflect an undocumented default fill, not a verified classification; column retired in favor of structural binary flags (frond/cladode/phyllode/microphyll) plus functional_leaf"
Aspalathus linguiloba,Aspalathus linguiloba,Aspalathus linguiloba,leaf,leaf,0,2026-08-11,"leaf_type 'leaf' value found to reflect an undocumented default fill, not a verified classification; column retired in favor of structural binary flags (frond/cladode/phyllode/microphyll) plus functional_leaf"
Aspalathus microphylla,Aspalathus microphylla,Aspalathus microphylla,leaf,leaf,0,2026-08-11,"leaf_type 'leaf' value found to reflect an undocumented default fill, not a verified classification; column retired in favor of structural binary flags (frond/cladode/phyllode/microphyll) plus functional_leaf"
Aspalathus opaca,Aspalathus opaca,Aspalathus opaca,leaf,leaf,0,2026-08-11,"leaf_type 'leaf' value found to reflect an undocumented default fill, not a verified classification; column retired in favor of structural binary flags (frond/cladode/phyllode/microphyll) plus functional_leaf"
Aspalathus pachyloba,Aspalathus pachyloba,Aspalathus pachyloba,leaf,leaf,0,2026-08-11,"leaf_type 'leaf' value found to reflect an undocumented default fill, not a verified classification; column retired in favor of structural binary flags (frond/cladode/phyllode/microphyll) plus functional_leaf"
Aspalathus polycephala,Aspalathus polycephala,Aspalathus polycephala,leaf,leaf,0,2026-08-11,"leaf_type 'leaf' value found to reflect an undocumented default fill, not a verified classification; column retired in favor of structural binary flags (frond/cladode/phyllode/microphyll) plus functional_leaf"
Aspalathus quinquefolia,Aspalathus quinquefolia,Aspalathus quinquefolia,leaf,leaf,0,2026-08-11,"leaf_type 'leaf' value found to reflect an undocumented default fill, not a verified classification; column retired in favor of structural binary flags (frond/cladode/phyllode/microphyll) plus functional_leaf"
Aspalathus retroflexa,Aspalathus retroflexa,Aspalathus retroflexa,leaf,leaf,0,2026-08-11,"leaf_type 'leaf' value found to reflect an undocumented default fill, not a verified classification; column retired in favor of structural binary flags (frond/cladode/phyllode/microphyll) plus functional_leaf"
Aspalathus rubens,Aspalathus rubens,Aspalathus rubens,leaf,leaf,0,2026-08-11,"leaf_type 'leaf' value found to reflect an undocumented default fill, not a verified classification; column retired in favor of structural binary flags (frond/cladode/phyllode/microphyll) plus functional_leaf"
Aspalathus securifolia,Aspalathus securifolia,Aspalathus securifolia,leaf,leaf,0,2026-08-11,"leaf_type 'leaf' value found to reflect an undocumented default fill, not a verified classification; column retired in favor of structural binary flags (frond/cladode/phyllode/microphyll) plus functional_leaf"
Aspalathus sericea,Aspalathus sericea,Aspalathus sericea,leaf,leaf,0,2026-08-11,"leaf_type 'leaf' value found to reflect an undocumented default fill, not a verified classification; column retired in favor of structural binary flags (frond/cladode/phyllode/microphyll) plus functional_leaf"
Aspalathus serpens,Aspalathus serpens,Aspalathus serpens,leaf,leaf,0,2026-08-11,"leaf_type 'leaf' value found to reflect an undocumented default fill, not a verified classification; column retired in favor of structural binary flags (frond/cladode/phyllode/microphyll) plus functional_leaf"
Aspalathus setacea,Aspalathus setacea,Aspalathus setacea,leaf,leaf,0,2026-08-11,"leaf_type 'leaf' value found to reflect an undocumented default fill, not a verified classification; column retired in favor of structural binary flags (frond/cladode/phyllode/microphyll) plus functional_leaf"
Aspalathus spinosa,Aspalathus spinosa,Aspalathus spinosa,leaf,leaf,0,2026-08-11,"leaf_type 'leaf' value found to reflect an undocumented default fill, not a verified classification; column retired in favor of structural binary flags (frond/cladode/phyllode/microphyll) plus functional_leaf"
Aspalathus subtingens,Aspalathus subtingens,Aspalathus subtingens,leaf,leaf,0,2026-08-11,"leaf_type 'leaf' value found to reflect an undocumented default fill, not a verified classification; column retired in favor of structural binary flags (frond/cladode/phyllode/microphyll) plus functional_leaf"
Aspalathus triquetra,Aspalathus triquetra,Aspalathus triquetra,leaf,leaf,0,2026-08-11,"leaf_type 'leaf' value found to reflect an undocumented default fill, not a verified classification; column retired in favor of structural binary flags (frond/cladode/phyllode/microphyll) plus functional_leaf"
Aspalathus verbasciformis,Aspalathus verbasciformis,Aspalathus verbasciformis,leaf,leaf,0,2026-08-11,"leaf_type 'leaf' value found to reflect an undocumented default fill, not a verified classification; column retired in favor of structural binary flags (frond/cladode/phyllode/microphyll) plus functional_leaf"
Aspalathus villosa,Aspalathus villosa,Aspalathus villosa,leaf,leaf,0,2026-08-11,"leaf_type 'leaf' value found to reflect an undocumented default fill, not a verified classification; column retired in favor of structural binary flags (frond/cladode/phyllode/microphyll) plus functional_leaf"
Aspalathus vulnerans,Aspalathus vulnerans,Aspalathus vulnerans,leaf,leaf,0,2026-08-11,"leaf_type 'leaf' value found to reflect an undocumented default fill, not a verified classification; column retired in favor of structural binary flags (frond/cladode/phyllode/microphyll) plus functional_leaf"
Aspalathus wittebergensis,Aspalathus wittebergensis,Aspalathus wittebergensis,leaf,leaf,0,2026-08-11,"leaf_type 'leaf' value found to reflect an undocumented default fill, not a verified classification; column retired in favor of structural binary flags (frond/cladode/phyllode/microphyll) plus functional_leaf"
Asparagus aethiopicus,Asparagus aethiopicus,Asparagus aethiopicus,cladode,mixed,0,2026-08-11,"leaf_type 'leaf' value found to reflect an undocumented default fill, not a verified classification; column retired in favor of structural binary flags (frond/cladode/phyllode/microphyll) plus functional_leaf"
Asparagus africanus,Asparagus africanus,Asparagus africanus,cladode,mixed,0,2026-08-11,"leaf_type 'leaf' value found to reflect an undocumented default fill, not a verified classification; column retired in favor of structural binary flags (frond/cladode/phyllode/microphyll) plus functional_leaf"
Asparagus burchellii,Asparagus burchellii,Asparagus burchellii,cladode,mixed,0,2026-08-11,"leaf_type 'leaf' value found to reflect an undocumented default fill, not a verified classification; column retired in favor of structural binary flags (frond/cladode/phyllode/microphyll) plus functional_leaf"
Asparagus capensis,Asparagus capensis,Asparagus capensis,cladode,mixed,0,2026-08-11,"leaf_type 'leaf' value found to reflect an undocumented default fill, not a verified classification; column retired in favor of structural binary flags (frond/cladode/phyllode/microphyll) plus functional_leaf"
Asparagus crassicladus,Asparagus crassicladus,Asparagus crassicladus,cladode,mixed,0,2026-08-11,"leaf_type 'leaf' value found to reflect an undocumented default fill, not a verified classification; column retired in favor of structural binary flags (frond/cladode/phyllode/microphyll) plus functional_leaf"
Asparagus declinatus,Asparagus declinatus,Asparagus declinatus,cladode,mixed,0,2026-08-11,"leaf_type 'leaf' value found to reflect an undocumented default fill, not a verified classification; column retired in favor of structural binary flags (frond/cladode/phyllode/microphyll) plus functional_leaf"
Asparagus kraussianus,Asparagus kraussianus,Asparagus krausianus,cladode,mixed,0,2026-08-11,"leaf_type 'leaf' value found to reflect an undocumented default fill, not a verified classification; column retired in favor of structural binary flags (frond/cladode/phyllode/microphyll) plus functional_leaf"
Asparagus lignosus,Asparagus lignosus,Asparagus lignosus,cladode,mixed,0,2026-08-11,"leaf_type 'leaf' value found to reflect an undocumented default fill, not a verified classification; column retired in favor of structural binary flags (frond/cladode/phyllode/microphyll) plus functional_leaf"
Asparagus mucronatus,Asparagus mucronatus,Asparagus mucronatus,cladode,mixed,0,2026-08-11,"leaf_type 'leaf' value found to reflect an undocumented default fill, not a verified classification; column retired in favor of structural binary flags (frond/cladode/phyllode/microphyll) plus functional_leaf"
Asparagus retrofractus,Asparagus retrofractus,Asparagus retrofractus,cladode,mixed,0,2026-08-11,"leaf_type 'leaf' value found to reflect an undocumented default fill, not a verified classification; column retired in favor of structural binary flags (frond/cladode/phyllode/microphyll) plus functional_leaf"
Asparagus rubicundus,Asparagus rubicundus,Asparagus rubicundus,cladode,mixed,0,2026-08-11,"leaf_type 'leaf' value found to reflect an undocumented default fill, not a verified classification; column retired in favor of structural binary flags (frond/cladode/phyllode/microphyll) plus functional_leaf"
Asparagus scandens,Asparagus scandens,Asparagus scandens,cladode,mixed,0,2026-08-11,"leaf_type 'leaf' value found to reflect an undocumented default fill, not a verified classification; column retired in favor of structural binary flags (frond/cladode/phyllode/microphyll) plus functional_leaf"
Asparagus striatus,Asparagus striatus,Asparagus striatus,cladode,mixed,0,2026-08-11,"leaf_type 'leaf' value found to reflect an undocumented default fill, not a verified classification; column retired in favor of structural binary flags (frond/cladode/phyllode/microphyll) plus functional_leaf"
Asparagus suaveolens,Asparagus suaveolens,Asparagus suaveolens,cladode,mixed,0,2026-08-11,"leaf_type 'leaf' value found to reflect an undocumented default fill, not a verified classification; column retired in favor of structural binary flags (frond/cladode/phyllode/microphyll) plus functional_leaf"
Asparagus subulatus,Asparagus subulatus,Asparagus subulatus,cladode,mixed,0,2026-08-11,"leaf_type 'leaf' value found to reflect an undocumented default fill, not a verified classification; column retired in favor of structural binary flags (frond/cladode/phyllode/microphyll) plus functional_leaf"
Asplenium cordatum,Ceterach cordatum,Asplenium cordatum,frond,leaf,0,2026-08-11,"leaf_type 'leaf' value found to reflect an undocumented default fill, not a verified classification; column retired in favor of structural binary flags (frond/cladode/phyllode/microphyll) plus functional_leaf"
Atalaya capensis,Atalaya capensis,Atalaya capensis,leaf,leaf,0,2026-08-11,"leaf_type 'leaf' value found to reflect an undocumented default fill, not a verified classification; column retired in favor of structural binary flags (frond/cladode/phyllode/microphyll) plus functional_leaf"
Athanasia bremeri,Athanasia bremeri,Athanasia bremeri,leaf,leaf,0,2026-08-11,"leaf_type 'leaf' value found to reflect an undocumented default fill, not a verified classification; column retired in favor of structural binary flags (frond/cladode/phyllode/microphyll) plus functional_leaf"
Athanasia calophylla,Athanasia calophylla,Athanasia calophylla,leaf,leaf,0,2026-08-11,"leaf_type 'leaf' value found to reflect an undocumented default fill, not a verified classification; column retired in favor of structural binary flags (frond/cladode/phyllode/microphyll) plus functional_leaf"
Athanasia flexuosa,Athanasia flexuosa,Athanasia flexuosa,leaf,leaf,0,2026-08-11,"leaf_type 'leaf' value found to reflect an undocumented default fill, not a verified classification; column retired in favor of structural binary flags (frond/cladode/phyllode/microphyll) plus functional_leaf"
Athanasia linifolia,Athanasia linifolia,Athanasia linifolia,leaf,leaf,0,2026-08-11,"leaf_type 'leaf' value found to reflect an undocumented default fill, not a verified classification; column retired in favor of structural binary flags (frond/cladode/phyllode/microphyll) plus functional_leaf"
Athanasia microphylla,Athanasia microphylla,Athanasia microphylla,leaf,leaf,0,2026-08-11,"leaf_type 'leaf' value found to reflect an undocumented default fill, not a verified classification; column retired in favor of structural binary flags (frond/cladode/phyllode/microphyll) plus functional_leaf"
Athanasia pinnata,Athanasia pinnata,Athanasia pinnata,leaf,leaf,0,2026-08-11,"leaf_type 'leaf' value found to reflect an undocumented default fill, not a verified classification; column retired in favor of structural binary flags (frond/cladode/phyllode/microphyll) plus functional_leaf"
Athanasia tomentosa,Athanasia tomentosa,Athanasia tomentosa,leaf,leaf,0,2026-08-11,"leaf_type 'leaf' value found to reflect an undocumented default fill, not a verified classification; column retired in favor of structural binary flags (frond/cladode/phyllode/microphyll) plus functional_leaf"
Athanasia trifurcata,Athanasia trifurcata,Athanasia trifurcata,leaf,leaf,0,2026-08-11,"leaf_type 'leaf' value found to reflect an undocumented default fill, not a verified classification; column retired in favor of structural binary flags (frond/cladode/phyllode/microphyll) plus functional_leaf"
Athrixia heterophylla,Athrixia heterophylla,Athrixia heterophylla,leaf,leaf,0,2026-08-11,"leaf_type 'leaf' value found to reflect an undocumented default fill, not a verified classification; column retired in favor of structural binary flags (frond/cladode/phyllode/microphyll) plus functional_leaf"
Aulax cancellata,Aulax cancellata,Aulax cancellata,leaf,leaf,0,2026-08-11,"leaf_type 'leaf' value found to reflect an undocumented default fill, not a verified classification; column retired in favor of structural binary flags (frond/cladode/phyllode/microphyll) plus functional_leaf"
Aulax pallasia,Aulax pallasia,Aulax pallasia,leaf,leaf,0,2026-08-11,"leaf_type 'leaf' value found to reflect an undocumented default fill, not a verified classification; column retired in favor of structural binary flags (frond/cladode/phyllode/microphyll) plus functional_leaf"
Aulax umbellata,Aulax umbellata,Aulax umbellata,leaf,leaf,0,2026-08-11,"leaf_type 'leaf' value found to reflect an undocumented default fill, not a verified classification; column retired in favor of structural binary flags (frond/cladode/phyllode/microphyll) plus functional_leaf"
Azima tetracantha,Azima tetracantha,Azima tetracantha,leaf,leaf,0,2026-08-11,"leaf_type 'leaf' value found to reflect an undocumented default fill, not a verified classification; column retired in favor of structural binary flags (frond/cladode/phyllode/microphyll) plus functional_leaf"
Babiana ambigua,Babiana ambigua,Babiana ambigua,leaf,leaf,0,2026-08-11,"leaf_type 'leaf' value found to reflect an undocumented default fill, not a verified classification; column retired in favor of structural binary flags (frond/cladode/phyllode/microphyll) plus functional_leaf"
Babiana sambucina,Babiana sambucina,Babiana sambucina,leaf,leaf,0,2026-08-11,"leaf_type 'leaf' value found to reflect an undocumented default fill, not a verified classification; column retired in favor of structural binary flags (frond/cladode/phyllode/microphyll) plus functional_leaf"
Babiana villosula,Babiana villosula,Babiana villosula,leaf,leaf,0,2026-08-11,"leaf_type 'leaf' value found to reflect an undocumented default fill, not a verified classification; column retired in favor of structural binary flags (frond/cladode/phyllode/microphyll) plus functional_leaf"
Barleria obtusa,Barleria obtusa,Barleria obtusa,leaf,leaf,0,2026-08-11,"leaf_type 'leaf' value found to reflect an undocumented default fill, not a verified classification; column retired in favor of structural binary flags (frond/cladode/phyllode/microphyll) plus functional_leaf"
Berkheya barbata,Berkheya barbata,Berkheya barbata,leaf,leaf,0,2026-08-11,"leaf_type 'leaf' value found to reflect an undocumented default fill, not a verified classification; column retired in favor of structural binary flags (frond/cladode/phyllode/microphyll) plus functional_leaf"
Berkheya cruciata,Berkheya cruciata,Berkheya cruciata,leaf,leaf,0,2026-08-11,"leaf_type 'leaf' value found to reflect an undocumented default fill, not a verified classification; column retired in favor of structural binary flags (frond/cladode/phyllode/microphyll) plus functional_leaf"
Berzelia abrotanoides,Berzelia abrotanoides,Berzelia abrotanoides,leaf,leaf,0,2026-08-11,"leaf_type 'leaf' value found to reflect an undocumented default fill, not a verified classification; column retired in favor of structural binary flags (frond/cladode/phyllode/microphyll) plus functional_leaf"
Berzelia albiflora,Brunia albiflora,Berzelia albiflora,leaf,leaf,0,2026-08-11,"leaf_type 'leaf' value found to reflect an undocumented default fill, not a verified classification; column retired in favor of structural binary flags (frond/cladode/phyllode/microphyll) plus functional_leaf"
Berzelia alopecuroides,Brunia alopecuroides,Berzelia alopecuroides,leaf,leaf,0,2026-08-11,"leaf_type 'leaf' value found to reflect an undocumented default fill, not a verified classification; column retired in favor of structural binary flags (frond/cladode/phyllode/microphyll) plus functional_leaf"
Berzelia burchellii,Berzelia burchellii,Berzelia burchellii,leaf,leaf,0,2026-08-11,"leaf_type 'leaf' value found to reflect an undocumented default fill, not a verified classification; column retired in favor of structural binary flags (frond/cladode/phyllode/microphyll) plus functional_leaf"
Berzelia dregeana,Berzelia dregeana,Berzelia dregeana,leaf,leaf,0,2026-08-11,"leaf_type 'leaf' value found to reflect an undocumented default fill, not a verified classification; column retired in favor of structural binary flags (frond/cladode/phyllode/microphyll) plus functional_leaf"
Berzelia ecklonii,Berzelia ecklonii,Berzelia ecklonii,leaf,leaf,0,2026-08-11,"leaf_type 'leaf' value found to reflect an undocumented default fill, not a verified classification; column retired in favor of structural binary flags (frond/cladode/phyllode/microphyll) plus functional_leaf"
Berzelia galpinii,Berzelia galpinii,Berzelia galpinii,leaf,leaf,0,2026-08-11,"leaf_type 'leaf' value found to reflect an undocumented default fill, not a verified classification; column retired in favor of structural binary flags (frond/cladode/phyllode/microphyll) plus functional_leaf"
Berzelia intermedia,Berzelia intermedia,Berzelia intermedia,leaf,leaf,0,2026-08-11,"leaf_type 'leaf' value found to reflect an undocumented default fill, not a verified classification; column retired in favor of structural binary flags (frond/cladode/phyllode/microphyll) plus functional_leaf"
Berzelia lanuginosa,Berzelia lanuginosa,Berzelia lanuginosa,leaf,leaf,0,2026-08-11,"leaf_type 'leaf' value found to reflect an undocumented default fill, not a verified classification; column retired in favor of structural binary flags (frond/cladode/phyllode/microphyll) plus functional_leaf"
Berzelia stokoei,Brunia stokoei,Berzelia stokoei,leaf,leaf,0,2026-08-11,"leaf_type 'leaf' value found to reflect an undocumented default fill, not a verified classification; column retired in favor of structural binary flags (frond/cladode/phyllode/microphyll) plus functional_leaf"
Blechnum capense,Blechnum capense,Parablechnum capense,frond,leaf,0,2026-08-11,"leaf_type 'leaf' value found to reflect an undocumented default fill, not a verified classification; column retired in favor of structural binary flags (frond/cladode/phyllode/microphyll) plus functional_leaf"
Blechnum punctulatum,Blechnum punctulatum,Blechnum punctulatum,frond,leaf,0,2026-08-11,"leaf_type 'leaf' value found to reflect an undocumented default fill, not a verified classification; column retired in favor of structural binary flags (frond/cladode/phyllode/microphyll) plus functional_leaf"
Blechnum tabulare,Blechnum tabulare,Lomariocycas tabularis,frond,leaf,0,2026-08-11,"leaf_type 'leaf' value found to reflect an undocumented default fill, not a verified classification; column retired in favor of structural binary flags (frond/cladode/phyllode/microphyll) plus functional_leaf"
Blepharis capensis,Blepharis capensis,Blepharis capensis,leaf,leaf,0,2026-08-11,"leaf_type 'leaf' value found to reflect an undocumented default fill, not a verified classification; column retired in favor of structural binary flags (frond/cladode/phyllode/microphyll) plus functional_leaf"
Bobartia filiformis,Bobartia filiformis,Bobartia filiformis,leaf,culm_stem,1,2026-08-11,"leaf_type 'leaf' value found to reflect an undocumented default fill, not a verified classification; column retired in favor of structural binary flags (frond/cladode/phyllode/microphyll) plus functional_leaf"
Bobartia gladiata,Bobartia gladiata,Bobartia gladiata,leaf,leaf,0,2026-08-11,"leaf_type 'leaf' value found to reflect an undocumented default fill, not a verified classification; column retired in favor of structural binary flags (frond/cladode/phyllode/microphyll) plus functional_leaf"
Bobartia indica,Bobartia indica,Bobartia indica,leaf,mixed,0,2026-08-11,"leaf_type 'leaf' value found to reflect an undocumented default fill, not a verified classification; column retired in favor of structural binary flags (frond/cladode/phyllode/microphyll) plus functional_leaf"
Bobartia macrocarpa,Bobartia macrocarpa,Bobartia macrocarpa,leaf,culm_stem,1,2026-08-11,"leaf_type 'leaf' value found to reflect an undocumented default fill, not a verified classification; column retired in favor of structural binary flags (frond/cladode/phyllode/microphyll) plus functional_leaf"
Bobartia macrospatha,Bobartia macrospatha,Bobartia macrospatha,leaf,culm_stem,1,2026-08-11,"leaf_type 'leaf' value found to reflect an undocumented default fill, not a verified classification; column retired in favor of structural binary flags (frond/cladode/phyllode/microphyll) plus functional_leaf"
Bobartia orientalis,Bobartia orientalis,Bobartia orientalis,leaf,culm_stem,1,2026-08-11,"leaf_type 'leaf' value found to reflect an undocumented default fill, not a verified classification; column retired in favor of structural binary flags (frond/cladode/phyllode/microphyll) plus functional_leaf"
Bobartia parva,Bobartia parva,Bobartia parva,leaf,culm_stem,1,2026-08-11,"leaf_type 'leaf' value found to reflect an undocumented default fill, not a verified classification; column retired in favor of structural binary flags (frond/cladode/phyllode/microphyll) plus functional_leaf"
Bobartia rufa,Bobartia rufa,Bobartia rufa,leaf,culm_stem,1,2026-08-11,"leaf_type 'leaf' value found to reflect an undocumented default fill, not a verified classification; column retired in favor of structural binary flags (frond/cladode/phyllode/microphyll) plus functional_leaf"
Bolusafra bituminosa,Bolusafra bituminosa,Bolusafra bituminosa,leaf,leaf,0,2026-08-11,"leaf_type 'leaf' value found to reflect an undocumented default fill, not a verified classification; column retired in favor of structural binary flags (frond/cladode/phyllode/microphyll) plus functional_leaf"
Boophone disticha,Boophone disticha,Boophone disticha,leaf,leaf,0,2026-08-11,"leaf_type 'leaf' value found to reflect an undocumented default fill, not a verified classification; column retired in favor of structural binary flags (frond/cladode/phyllode/microphyll) plus functional_leaf"
Boscia oleoides,Boscia oleoides,Boscia oleoides,leaf,leaf,0,2026-08-11,"leaf_type 'leaf' value found to reflect an undocumented default fill, not a verified classification; column retired in favor of structural binary flags (frond/cladode/phyllode/microphyll) plus functional_leaf"
Brabejum stellatifolium,Brabejum stellatifolium,Brabejum stellatifolium,leaf,leaf,0,2026-08-11,"leaf_type 'leaf' value found to reflect an undocumented default fill, not a verified classification; column retired in favor of structural binary flags (frond/cladode/phyllode/microphyll) plus functional_leaf"
Brachiaria serrata,Brachiaria serrata,Urochloa serrata,leaf,mixed,0,2026-08-11,"leaf_type 'leaf' value found to reflect an undocumented default fill, not a verified classification; column retired in favor of structural binary flags (frond/cladode/phyllode/microphyll) plus functional_leaf"
Brachylaena neriifolia,Brachylaena neriifolia,Brachylaena neriifolia,leaf,leaf,0,2026-08-11,"leaf_type 'leaf' value found to reflect an undocumented default fill, not a verified classification; column retired in favor of structural binary flags (frond/cladode/phyllode/microphyll) plus functional_leaf"
Brunia fragarioides,Nebelia fragarioides,Brunia fragarioides,leaf,leaf,0,2026-08-11,"leaf_type 'leaf' value found to reflect an undocumented default fill, not a verified classification; column retired in favor of structural binary flags (frond/cladode/phyllode/microphyll) plus functional_leaf"
Brunia laevis,Brunia laevis,Brunia laevis,leaf,leaf,0,2026-08-11,"leaf_type 'leaf' value found to reflect an undocumented default fill, not a verified classification; column retired in favor of structural binary flags (frond/cladode/phyllode/microphyll) plus functional_leaf"
Brunia microphylla,Raspalia microphylla,Brunia microphylla,leaf,leaf,0,2026-08-11,"leaf_type 'leaf' value found to reflect an undocumented default fill, not a verified classification; column retired in favor of structural binary flags (frond/cladode/phyllode/microphyll) plus functional_leaf"
Brunia noduliflora,Brunia nodiflora,Brunia noduliflora,leaf,leaf,0,2026-08-11,"leaf_type 'leaf' value found to reflect an undocumented default fill, not a verified classification; column retired in favor of structural binary flags (frond/cladode/phyllode/microphyll) plus functional_leaf"
Brunia paleacea,Nebelia paleacea,Brunia paleacea,leaf,leaf,0,2026-08-11,"leaf_type 'leaf' value found to reflect an undocumented default fill, not a verified classification; column retired in favor of structural binary flags (frond/cladode/phyllode/microphyll) plus functional_leaf"
Brunia virgata,Raspalia virgata,Brunia virgata,leaf,leaf,0,2026-08-11,"leaf_type 'leaf' value found to reflect an undocumented default fill, not a verified classification; column retired in favor of structural binary flags (frond/cladode/phyllode/microphyll) plus functional_leaf"
Buddleja saligna,Buddleja saligna,Buddleja saligna,leaf,leaf,0,2026-08-11,"leaf_type 'leaf' value found to reflect an undocumented default fill, not a verified classification; column retired in favor of structural binary flags (frond/cladode/phyllode/microphyll) plus functional_leaf"
Bulbine abyssinica,Bulbine abyssinica,Bulbine abyssinica,leaf,leaf,0,2026-08-11,"leaf_type 'leaf' value found to reflect an undocumented default fill, not a verified classification; column retired in favor of structural binary flags (frond/cladode/phyllode/microphyll) plus functional_leaf"
Bulbine alooides,Bulbine alooides,Bulbine alooides,leaf,leaf,0,2026-08-11,"leaf_type 'leaf' value found to reflect an undocumented default fill, not a verified classification; column retired in favor of structural binary flags (frond/cladode/phyllode/microphyll) plus functional_leaf"
Bulbine cepacea,Bulbine cepacea,Bulbine cepacea,leaf,leaf,0,2026-08-11,"leaf_type 'leaf' value found to reflect an undocumented default fill, not a verified classification; column retired in favor of structural binary flags (frond/cladode/phyllode/microphyll) plus functional_leaf"
Bulbine frutescens,Bulbine frutescens,Bulbine frutescens,leaf,leaf,0,2026-08-11,"leaf_type 'leaf' value found to reflect an undocumented default fill, not a verified classification; column retired in favor of structural binary flags (frond/cladode/phyllode/microphyll) plus functional_leaf"
Bulbine lagopus,Bulbine lagopus,Bulbine lagopus,leaf,leaf,0,2026-08-11,"leaf_type 'leaf' value found to reflect an undocumented default fill, not a verified classification; column retired in favor of structural binary flags (frond/cladode/phyllode/microphyll) plus functional_leaf"
Bulbine latifolia,Bulbine latifolia,Bulbine latifolia,leaf,leaf,0,2026-08-11,"leaf_type 'leaf' value found to reflect an undocumented default fill, not a verified classification; column retired in favor of structural binary flags (frond/cladode/phyllode/microphyll) plus functional_leaf"
Cadaba aphylla,Cadaba aphylla,Cadaba aphylla,leaf,culm_stem,1,2026-08-11,"leaf_type 'leaf' value found to reflect an undocumented default fill, not a verified classification; column retired in favor of structural binary flags (frond/cladode/phyllode/microphyll) plus functional_leaf"
Caesia contorta,Caesia contorta,Caesia contorta,leaf,leaf,0,2026-08-11,"leaf_type 'leaf' value found to reflect an undocumented default fill, not a verified classification; column retired in favor of structural binary flags (frond/cladode/phyllode/microphyll) plus functional_leaf"
Calobota cytisoides,Lebeckia cytisoides,Calobota cytisoides,leaf,leaf,0,2026-08-11,"leaf_type 'leaf' value found to reflect an undocumented default fill, not a verified classification; column retired in favor of structural binary flags (frond/cladode/phyllode/microphyll) plus functional_leaf"
Campylostachys cernua,Campylostachys cernua,Campylostachys cernua,leaf,leaf,0,2026-08-11,"leaf_type 'leaf' value found to reflect an undocumented default fill, not a verified classification; column retired in favor of structural binary flags (frond/cladode/phyllode/microphyll) plus functional_leaf"
Cannomois grandis,Cannomois grandis,Cannomois grandis,leaf,culm_stem,1,2026-08-11,"leaf_type 'leaf' value found to reflect an undocumented default fill, not a verified classification; column retired in favor of structural binary flags (frond/cladode/phyllode/microphyll) plus functional_leaf"
Cannomois parviflora,Cannomois parviflora,Cannomois parviflora,leaf,culm_stem,1,2026-08-11,"leaf_type 'leaf' value found to reflect an undocumented default fill, not a verified classification; column retired in favor of structural binary flags (frond/cladode/phyllode/microphyll) plus functional_leaf"
Cannomois schlechteri,Cannomois taylorii,Cannomois parviflora,leaf,culm_stem,1,2026-08-11,"leaf_type 'leaf' value found to reflect an undocumented default fill, not a verified classification; column retired in favor of structural binary flags (frond/cladode/phyllode/microphyll) plus functional_leaf"
Cannomois scirpoides,Cannomois scirpoides,Cannomois scirpoides,leaf,culm_stem,1,2026-08-11,"leaf_type 'leaf' value found to reflect an undocumented default fill, not a verified classification; column retired in favor of structural binary flags (frond/cladode/phyllode/microphyll) plus functional_leaf"
Cannomois virgata,Cannomois virgata,Cannomois virgata,leaf,culm_stem,1,2026-08-11,"leaf_type 'leaf' value found to reflect an undocumented default fill, not a verified classification; column retired in favor of structural binary flags (frond/cladode/phyllode/microphyll) plus functional_leaf"
Capelio tabularis,Alciope tabularis,Capelio tabularis,leaf,leaf,0,2026-08-11,"leaf_type 'leaf' value found to reflect an undocumented default fill, not a verified classification; column retired in favor of structural binary flags (frond/cladode/phyllode/microphyll) plus functional_leaf"
Capelio tomentosa,Alciope lanata,Capelio tomentosa,leaf,leaf,0,2026-08-11,"leaf_type 'leaf' value found to reflect an undocumented default fill, not a verified classification; column retired in favor of structural binary flags (frond/cladode/phyllode/microphyll) plus functional_leaf"
Capeobolus brevicaulis,Capeobolus brevicaulis,Capeobolus brevicaulis,leaf,leaf,0,2026-08-11,"leaf_type 'leaf' value found to reflect an undocumented default fill, not a verified classification; column retired in favor of structural binary flags (frond/cladode/phyllode/microphyll) plus functional_leaf"
Capeochloa arundinacea,Merxmuellera arundinacea,Capeochloa arundinacea,leaf,leaf,0,2026-08-11,"leaf_type 'leaf' value found to reflect an undocumented default fill, not a verified classification; column retired in favor of structural binary flags (frond/cladode/phyllode/microphyll) plus functional_leaf"
Capeochloa cincta,Merxmuellera cincta,Capeochloa cincta,leaf,leaf,0,2026-08-11,"leaf_type 'leaf' value found to reflect an undocumented default fill, not a verified classification; column retired in favor of structural binary flags (frond/cladode/phyllode/microphyll) plus functional_leaf"
Capparis sepiaria,Capparis sepiaria,Capparis sepiaria,leaf,leaf,0,2026-08-11,"leaf_type 'leaf' value found to reflect an undocumented default fill, not a verified classification; column retired in favor of structural binary flags (frond/cladode/phyllode/microphyll) plus functional_leaf"
Carissa bispinosa,Carissa bispinosa,Carissa bispinosa,leaf,leaf,0,2026-08-11,"leaf_type 'leaf' value found to reflect an undocumented default fill, not a verified classification; column retired in favor of structural binary flags (frond/cladode/phyllode/microphyll) plus functional_leaf"
Carpacoce gigantea,Carpacoce gigantea,Carpacoce gigantea,leaf,leaf,0,2026-08-11,"leaf_type 'leaf' value found to reflect an undocumented default fill, not a verified classification; column retired in favor of structural binary flags (frond/cladode/phyllode/microphyll) plus functional_leaf"
Carpacoce heteromorpha,Carpacoce heteromorpha,Carpacoce heteromorpha,leaf,leaf,0,2026-08-11,"leaf_type 'leaf' value found to reflect an undocumented default fill, not a verified classification; column retired in favor of structural binary flags (frond/cladode/phyllode/microphyll) plus functional_leaf"
Carpacoce spermacocea,Carpacoce spermacocea,Carpacoce spermacocea,leaf,mixed,0,2026-08-11,"leaf_type 'leaf' value found to reflect an undocumented default fill, not a verified classification; column retired in favor of structural binary flags (frond/cladode/phyllode/microphyll) plus functional_leaf"
Carpacoce vaginellata,Carpacoce vaginellata,Carpacoce vaginellata,leaf,mixed,0,2026-08-11,"leaf_type 'leaf' value found to reflect an undocumented default fill, not a verified classification; column retired in favor of structural binary flags (frond/cladode/phyllode/microphyll) plus functional_leaf"
Carpha glomerata,Carpha glomerata,Carpha glomerata,leaf,leaf,0,2026-08-11,"leaf_type 'leaf' value found to reflect an undocumented default fill, not a verified classification; column retired in favor of structural binary flags (frond/cladode/phyllode/microphyll) plus functional_leaf"
Carpobrotus acinaciformis,Carpobrotus acinaciformis,Carpobrotus acinaciformis,leaf,leaf,0,2026-08-11,"leaf_type 'leaf' value found to reflect an undocumented default fill, not a verified classification; column retired in favor of structural binary flags (frond/cladode/phyllode/microphyll) plus functional_leaf"
Carpobrotus edulis,Carpobrotus edulis,Carpobrotus edulis,leaf,leaf,0,2026-08-11,"leaf_type 'leaf' value found to reflect an undocumented default fill, not a verified classification; column retired in favor of structural binary flags (frond/cladode/phyllode/microphyll) plus functional_leaf"
Cassine peragua,Cassine peragua,Cassine peragua,leaf,leaf,0,2026-08-11,"leaf_type 'leaf' value found to reflect an undocumented default fill, not a verified classification; column retired in favor of structural binary flags (frond/cladode/phyllode/microphyll) plus functional_leaf"
Cassine schinoides,Cassine schinoides,Elaeodendron schinoides,leaf,leaf,0,2026-08-11,"leaf_type 'leaf' value found to reflect an undocumented default fill, not a verified classification; column retired in favor of structural binary flags (frond/cladode/phyllode/microphyll) plus functional_leaf"
Cassytha ciliolata,Cassytha ciliolata,Cassytha ciliolata,leaf,culm_stem,1,2026-08-11,"leaf_type 'leaf' value found to reflect an undocumented default fill, not a verified classification; column retired in favor of structural binary flags (frond/cladode/phyllode/microphyll) plus functional_leaf"
Cassytha filiformis,Cassytha filiformis,Cassytha filiformis,leaf,culm_stem,1,2026-08-11,"leaf_type 'leaf' value found to reflect an undocumented default fill, not a verified classification; column retired in favor of structural binary flags (frond/cladode/phyllode/microphyll) plus functional_leaf"
Celtis africana,Celtis africana,Celtis africana,leaf,leaf,0,2026-08-11,"leaf_type 'leaf' value found to reflect an undocumented default fill, not a verified classification; column retired in favor of structural binary flags (frond/cladode/phyllode/microphyll) plus functional_leaf"
Cenchrus ciliaris,Cenchrus ciliaris,Cenchrus ciliaris,leaf,mixed,0,2026-08-11,"leaf_type 'leaf' value found to reflect an undocumented default fill, not a verified classification; column retired in favor of structural binary flags (frond/cladode/phyllode/microphyll) plus functional_leaf"
Centella affinis,Centella affinis,Centella affinis,leaf,leaf,0,2026-08-11,"leaf_type 'leaf' value found to reflect an undocumented default fill, not a verified classification; column retired in favor of structural binary flags (frond/cladode/phyllode/microphyll) plus functional_leaf"
Centella cochlearia,Centella recticarpa,Centella cochlearia,leaf,leaf,0,2026-08-11,"leaf_type 'leaf' value found to reflect an undocumented default fill, not a verified classification; column retired in favor of structural binary flags (frond/cladode/phyllode/microphyll) plus functional_leaf"
Centella difformis,Centella difformis,Centella difformis,leaf,leaf,0,2026-08-11,"leaf_type 'leaf' value found to reflect an undocumented default fill, not a verified classification; column retired in favor of structural binary flags (frond/cladode/phyllode/microphyll) plus functional_leaf"
Centella glabrata,Centella glabrata,Centella glabrata,leaf,leaf,0,2026-08-11,"leaf_type 'leaf' value found to reflect an undocumented default fill, not a verified classification; column retired in favor of structural binary flags (frond/cladode/phyllode/microphyll) plus functional_leaf"
Centella lanata,Centella lanata,Centella lanata,leaf,leaf,0,2026-08-11,"leaf_type 'leaf' value found to reflect an undocumented default fill, not a verified classification; column retired in favor of structural binary flags (frond/cladode/phyllode/microphyll) plus functional_leaf"
Centella lasiophylla,Centella lasiophylla,Centella lasiophylla,leaf,leaf,0,2026-08-11,"leaf_type 'leaf' value found to reflect an undocumented default fill, not a verified classification; column retired in favor of structural binary flags (frond/cladode/phyllode/microphyll) plus functional_leaf"
Centella linifolia,Centella linifolia,Centella linifolia,leaf,leaf,0,2026-08-11,"leaf_type 'leaf' value found to reflect an undocumented default fill, not a verified classification; column retired in favor of structural binary flags (frond/cladode/phyllode/microphyll) plus functional_leaf"
Centella macrocarpa,Centella macrocarpa,Centella macrocarpa,leaf,leaf,0,2026-08-11,"leaf_type 'leaf' value found to reflect an undocumented default fill, not a verified classification; column retired in favor of structural binary flags (frond/cladode/phyllode/microphyll) plus functional_leaf"
Centella montana,Centella montana,Centella montana,leaf,leaf,0,2026-08-11,"leaf_type 'leaf' value found to reflect an undocumented default fill, not a verified classification; column retired in favor of structural binary flags (frond/cladode/phyllode/microphyll) plus functional_leaf"
Centella restioides,Centella restioides,Centella restioides,leaf,leaf,0,2026-08-11,"leaf_type 'leaf' value found to reflect an undocumented default fill, not a verified classification; column retired in favor of structural binary flags (frond/cladode/phyllode/microphyll) plus functional_leaf"
Centella sessilis,Centella sessilis,Centella sessilis,leaf,leaf,0,2026-08-11,"leaf_type 'leaf' value found to reflect an undocumented default fill, not a verified classification; column retired in favor of structural binary flags (frond/cladode/phyllode/microphyll) plus functional_leaf"
Centella stenophylla,Centella stenophylla,Centella stenophylla,leaf,leaf,0,2026-08-11,"leaf_type 'leaf' value found to reflect an undocumented default fill, not a verified classification; column retired in favor of structural binary flags (frond/cladode/phyllode/microphyll) plus functional_leaf"
Centella tridentata,Centella tridentata,Centella tridentata,leaf,leaf,0,2026-08-11,"leaf_type 'leaf' value found to reflect an undocumented default fill, not a verified classification; column retired in favor of structural binary flags (frond/cladode/phyllode/microphyll) plus functional_leaf"
Centella triloba,Centella triloba,Centella triloba,leaf,leaf,0,2026-08-11,"leaf_type 'leaf' value found to reflect an undocumented default fill, not a verified classification; column retired in favor of structural binary flags (frond/cladode/phyllode/microphyll) plus functional_leaf"
Centella villosa,Centella villosa,Centella villosa,leaf,leaf,0,2026-08-11,"leaf_type 'leaf' value found to reflect an undocumented default fill, not a verified classification; column retired in favor of structural binary flags (frond/cladode/phyllode/microphyll) plus functional_leaf"
Centella virgata,Centella virgata,Centella virgata,leaf,leaf,0,2026-08-11,"leaf_type 'leaf' value found to reflect an undocumented default fill, not a verified classification; column retired in favor of structural binary flags (frond/cladode/phyllode/microphyll) plus functional_leaf"
Cephalaria humilis,Cephalaria humilis,Cephalaria humilis,leaf,leaf,0,2026-08-11,"leaf_type 'leaf' value found to reflect an undocumented default fill, not a verified classification; column retired in favor of structural binary flags (frond/cladode/phyllode/microphyll) plus functional_leaf"
Ceratocaryum argenteum,Ceratocaryum argenteum,Ceratocaryum argenteum,leaf,culm_stem,1,2026-08-11,"leaf_type 'leaf' value found to reflect an undocumented default fill, not a verified classification; column retired in favor of structural binary flags (frond/cladode/phyllode/microphyll) plus functional_leaf"
Ceratocaryum decipiens,Ceratocaryum decipiens,Ceratocaryum decipiens,leaf,culm_stem,1,2026-08-11,"leaf_type 'leaf' value found to reflect an undocumented default fill, not a verified classification; column retired in favor of structural binary flags (frond/cladode/phyllode/microphyll) plus functional_leaf"
Chaenostoma denudatum,Sutera denudata,Chaenostoma denudatum,leaf,leaf,0,2026-08-11,"leaf_type 'leaf' value found to reflect an undocumented default fill, not a verified classification; column retired in favor of structural binary flags (frond/cladode/phyllode/microphyll) plus functional_leaf"
Chaenostoma hispidum,Sutera hispida,Chaenostoma hispidum,leaf,leaf,0,2026-08-11,"leaf_type 'leaf' value found to reflect an undocumented default fill, not a verified classification; column retired in favor of structural binary flags (frond/cladode/phyllode/microphyll) plus functional_leaf"
Chaenostoma longipedicellatum,Sutera longipedicellata,Chaenostoma longipedicellatum,leaf,leaf,0,2026-08-11,"leaf_type 'leaf' value found to reflect an undocumented default fill, not a verified classification; column retired in favor of structural binary flags (frond/cladode/phyllode/microphyll) plus functional_leaf"
Chamarea capensis,Chamarea capensis,Chamarea capensis,leaf,leaf,0,2026-08-11,"leaf_type 'leaf' value found to reflect an undocumented default fill, not a verified classification; column retired in favor of structural binary flags (frond/cladode/phyllode/microphyll) plus functional_leaf"
Chamarea gracillima,Chamarea gracillima,Chamarea gracillima,leaf,leaf,0,2026-08-11,"leaf_type 'leaf' value found to reflect an undocumented default fill, not a verified classification; column retired in favor of structural binary flags (frond/cladode/phyllode/microphyll) plus functional_leaf"
Chascanum cuneifolium,Chascanum cuneifolium,Chascanum cuneifolium,leaf,leaf,0,2026-08-11,"leaf_type 'leaf' value found to reflect an undocumented default fill, not a verified classification; column retired in favor of structural binary flags (frond/cladode/phyllode/microphyll) plus functional_leaf"
Cheilanthes contracta,Cheilanthes contracta,Anthonya contracta,frond,leaf,0,2026-08-11,"leaf_type 'leaf' value found to reflect an undocumented default fill, not a verified classification; column retired in favor of structural binary flags (frond/cladode/phyllode/microphyll) plus functional_leaf"
Cheilanthes induta,Cheilanthes induta,Choristosoria induta,frond,leaf,0,2026-08-11,"leaf_type 'leaf' value found to reflect an undocumented default fill, not a verified classification; column retired in favor of structural binary flags (frond/cladode/phyllode/microphyll) plus functional_leaf"
Cheilanthes involuta,Cheilanthes involuta,Choristosoria involuta,frond,leaf,0,2026-08-11,"leaf_type 'leaf' value found to reflect an undocumented default fill, not a verified classification; column retired in favor of structural binary flags (frond/cladode/phyllode/microphyll) plus functional_leaf"
Cheilanthes multifida,Cheilanthes multifida,Choristosoria multifida,frond,leaf,0,2026-08-11,"leaf_type 'leaf' value found to reflect an undocumented default fill, not a verified classification; column retired in favor of structural binary flags (frond/cladode/phyllode/microphyll) plus functional_leaf"
Cheilanthes parviloba,Cheilanthes parviloba,Anthonya parviloba,frond,leaf,0,2026-08-11,"leaf_type 'leaf' value found to reflect an undocumented default fill, not a verified classification; column retired in favor of structural binary flags (frond/cladode/phyllode/microphyll) plus functional_leaf"
Chenolea diffusa,Chenolea diffusa,Chenolea diffusa,leaf,leaf,0,2026-08-11,"leaf_type 'leaf' value found to reflect an undocumented default fill, not a verified classification; column retired in favor of structural binary flags (frond/cladode/phyllode/microphyll) plus functional_leaf"
Chironia baccifera,Chironia baccifera,Chironia baccifera,leaf,leaf,0,2026-08-11,"leaf_type 'leaf' value found to reflect an undocumented default fill, not a verified classification; column retired in favor of structural binary flags (frond/cladode/phyllode/microphyll) plus functional_leaf"
Chironia decumbens,Chironia decumbens,Chironia decumbens,leaf,leaf,0,2026-08-11,"leaf_type 'leaf' value found to reflect an undocumented default fill, not a verified classification; column retired in favor of structural binary flags (frond/cladode/phyllode/microphyll) plus functional_leaf"
Chironia jasminoides,Chironia jasminoides,Chironia jasminoides,leaf,leaf,0,2026-08-11,"leaf_type 'leaf' value found to reflect an undocumented default fill, not a verified classification; column retired in favor of structural binary flags (frond/cladode/phyllode/microphyll) plus functional_leaf"
Chironia linoides,Chironia linoides,Chironia linoides,leaf,leaf,0,2026-08-11,"leaf_type 'leaf' value found to reflect an undocumented default fill, not a verified classification; column retired in favor of structural binary flags (frond/cladode/phyllode/microphyll) plus functional_leaf"
Chironia melampyrifolia,Chironia melampyrifolia,Chironia melampyrifolia,leaf,leaf,0,2026-08-11,"leaf_type 'leaf' value found to reflect an undocumented default fill, not a verified classification; column retired in favor of structural binary flags (frond/cladode/phyllode/microphyll) plus functional_leaf"
Chlorophytum crispum,Chlorophytum crispum,Chlorophytum crispum,leaf,leaf,0,2026-08-11,"leaf_type 'leaf' value found to reflect an undocumented default fill, not a verified classification; column retired in favor of structural binary flags (frond/cladode/phyllode/microphyll) plus functional_leaf"
Chrysitrix capensis,Chrysitrix capensis,Chrysitrix capensis,leaf,leaf,0,2026-08-11,"leaf_type 'leaf' value found to reflect an undocumented default fill, not a verified classification; column retired in favor of structural binary flags (frond/cladode/phyllode/microphyll) plus functional_leaf"
Chrysitrix junciformis,Chrysitrix junciformis,Chrysitrix junciformis,leaf,culm_stem,1,2026-08-11,"leaf_type 'leaf' value found to reflect an undocumented default fill, not a verified classification; column retired in favor of structural binary flags (frond/cladode/phyllode/microphyll) plus functional_leaf"
Chrysocoma ciliata,Chrysocoma ciliata,Chrysocoma ciliata,leaf,leaf,0,2026-08-11,"leaf_type 'leaf' value found to reflect an undocumented default fill, not a verified classification; column retired in favor of structural binary flags (frond/cladode/phyllode/microphyll) plus functional_leaf"
Chrysocoma coma-aurea,Chrysocoma coma-aurea,Chrysocoma coma-aurea,leaf,leaf,0,2026-08-11,"leaf_type 'leaf' value found to reflect an undocumented default fill, not a verified classification; column retired in favor of structural binary flags (frond/cladode/phyllode/microphyll) plus functional_leaf"
Cineraria geifolia,Cineraria geifolia,Cineraria geifolia,leaf,leaf,0,2026-08-11,"leaf_type 'leaf' value found to reflect an undocumented default fill, not a verified classification; column retired in favor of structural binary flags (frond/cladode/phyllode/microphyll) plus functional_leaf"
Cineraria lobata,Cineraria lobata,Cineraria lobata,leaf,leaf,0,2026-08-11,"leaf_type 'leaf' value found to reflect an undocumented default fill, not a verified classification; column retired in favor of structural binary flags (frond/cladode/phyllode/microphyll) plus functional_leaf"
Cineraria platycarpa,Cineraria platycarpa,Cineraria platycarpa,leaf,leaf,0,2026-08-11,"leaf_type 'leaf' value found to reflect an undocumented default fill, not a verified classification; column retired in favor of structural binary flags (frond/cladode/phyllode/microphyll) plus functional_leaf"
Cineraria saxifraga,Cineraria saxifraga,Cineraria saxifraga,leaf,leaf,0,2026-08-11,"leaf_type 'leaf' value found to reflect an undocumented default fill, not a verified classification; column retired in favor of structural binary flags (frond/cladode/phyllode/microphyll) plus functional_leaf"
Cissampelos capensis,Cissampelos capensis,Cissampelos capensis,leaf,leaf,0,2026-08-11,"leaf_type 'leaf' value found to reflect an undocumented default fill, not a verified classification; column retired in favor of structural binary flags (frond/cladode/phyllode/microphyll) plus functional_leaf"
Cliffortia atrata,Cliffortia atrata,Cliffortia atrata,leaf,leaf,0,2026-08-11,"leaf_type 'leaf' value found to reflect an undocumented default fill, not a verified classification; column retired in favor of structural binary flags (frond/cladode/phyllode/microphyll) plus functional_leaf"
Cliffortia baccans,Cliffortia baccans,Cliffortia baccans,leaf,leaf,0,2026-08-11,"leaf_type 'leaf' value found to reflect an undocumented default fill, not a verified classification; column retired in favor of structural binary flags (frond/cladode/phyllode/microphyll) plus functional_leaf"
Cliffortia burchellii,Cliffortia burchellii,Cliffortia burchellii,leaf,leaf,0,2026-08-11,"leaf_type 'leaf' value found to reflect an undocumented default fill, not a verified classification; column retired in favor of structural binary flags (frond/cladode/phyllode/microphyll) plus functional_leaf"
Cliffortia cervicornu,Cliffortia cervicornu,Cliffortia cervicornu,leaf,leaf,0,2026-08-11,"leaf_type 'leaf' value found to reflect an undocumented default fill, not a verified classification; column retired in favor of structural binary flags (frond/cladode/phyllode/microphyll) plus functional_leaf"
Cliffortia complanata,Cliffortia complanata,Cliffortia complanata,leaf,leaf,0,2026-08-11,"leaf_type 'leaf' value found to reflect an undocumented default fill, not a verified classification; column retired in favor of structural binary flags (frond/cladode/phyllode/microphyll) plus functional_leaf"
Cliffortia densa,Cliffortia densa,Cliffortia densa,leaf,leaf,0,2026-08-11,"leaf_type 'leaf' value found to reflect an undocumented default fill, not a verified classification; column retired in favor of structural binary flags (frond/cladode/phyllode/microphyll) plus functional_leaf"
Cliffortia dentata,Cliffortia gracilis,Cliffortia dentata,leaf,leaf,0,2026-08-11,"leaf_type 'leaf' value found to reflect an undocumented default fill, not a verified classification; column retired in favor of structural binary flags (frond/cladode/phyllode/microphyll) plus functional_leaf"
Cliffortia drepanoides,Cliffortia drepanoides,Cliffortia drepanoides,leaf,leaf,0,2026-08-11,"leaf_type 'leaf' value found to reflect an undocumented default fill, not a verified classification; column retired in favor of structural binary flags (frond/cladode/phyllode/microphyll) plus functional_leaf"
Cliffortia falcata,Cliffortia falcata,Cliffortia falcata,leaf,leaf,0,2026-08-11,"leaf_type 'leaf' value found to reflect an undocumented default fill, not a verified classification; column retired in favor of structural binary flags (frond/cladode/phyllode/microphyll) plus functional_leaf"
Cliffortia ferruginea,Cliffortia ferruginea,Cliffortia ferruginea,leaf,leaf,0,2026-08-11,"leaf_type 'leaf' value found to reflect an undocumented default fill, not a verified classification; column retired in favor of structural binary flags (frond/cladode/phyllode/microphyll) plus functional_leaf"
Cliffortia filicaulis,Cliffortia filicaulis,Cliffortia filicaulis,leaf,leaf,0,2026-08-11,"leaf_type 'leaf' value found to reflect an undocumented default fill, not a verified classification; column retired in favor of structural binary flags (frond/cladode/phyllode/microphyll) plus functional_leaf"
Cliffortia filifolia,Cliffortia filifolia,Cliffortia filifolia,leaf,leaf,0,2026-08-11,"leaf_type 'leaf' value found to reflect an undocumented default fill, not a verified classification; column retired in favor of structural binary flags (frond/cladode/phyllode/microphyll) plus functional_leaf"
Cliffortia glauca,Cliffortia glauca,Cliffortia glauca,leaf,leaf,0,2026-08-11,"leaf_type 'leaf' value found to reflect an undocumented default fill, not a verified classification; column retired in favor of structural binary flags (frond/cladode/phyllode/microphyll) plus functional_leaf"
Cliffortia graminea,Cliffortia graminea,Cliffortia graminea,leaf,leaf,0,2026-08-11,"leaf_type 'leaf' value found to reflect an undocumented default fill, not a verified classification; column retired in favor of structural binary flags (frond/cladode/phyllode/microphyll) plus functional_leaf"
Cliffortia heterophylla,Cliffortia heterophylla,Cliffortia heterophylla,leaf,leaf,0,2026-08-11,"leaf_type 'leaf' value found to reflect an undocumented default fill, not a verified classification; column retired in favor of structural binary flags (frond/cladode/phyllode/microphyll) plus functional_leaf"
Cliffortia hexandra,Cliffortia hexandra,Cliffortia hexandra,leaf,leaf,0,2026-08-11,"leaf_type 'leaf' value found to reflect an undocumented default fill, not a verified classification; column retired in favor of structural binary flags (frond/cladode/phyllode/microphyll) plus functional_leaf"
Cliffortia hirsuta,Cliffortia hirsuta,Cliffortia hirsuta,leaf,leaf,0,2026-08-11,"leaf_type 'leaf' value found to reflect an undocumented default fill, not a verified classification; column retired in favor of structural binary flags (frond/cladode/phyllode/microphyll) plus functional_leaf"
Cliffortia ilicifolia,Cliffortia ilicifolia,Cliffortia ilicifolia,leaf,leaf,0,2026-08-11,"leaf_type 'leaf' value found to reflect an undocumented default fill, not a verified classification; column retired in favor of structural binary flags (frond/cladode/phyllode/microphyll) plus functional_leaf"
Cliffortia linearifolia,Cliffortia linearifolia,Cliffortia linearifolia,leaf,leaf,0,2026-08-11,"leaf_type 'leaf' value found to reflect an undocumented default fill, not a verified classification; column retired in favor of structural binary flags (frond/cladode/phyllode/microphyll) plus functional_leaf"
Cliffortia neglecta,Cliffortia neglecta,Cliffortia neglecta,leaf,leaf,0,2026-08-11,"leaf_type 'leaf' value found to reflect an undocumented default fill, not a verified classification; column retired in favor of structural binary flags (frond/cladode/phyllode/microphyll) plus functional_leaf"
Cliffortia obcordata,Cliffortia obcordata,Cliffortia obcordata,leaf,leaf,0,2026-08-11,"leaf_type 'leaf' value found to reflect an undocumented default fill, not a verified classification; column retired in favor of structural binary flags (frond/cladode/phyllode/microphyll) plus functional_leaf"
Cliffortia odorata,Cliffortia discolor,Cliffortia odorata,leaf,leaf,0,2026-08-11,"leaf_type 'leaf' value found to reflect an undocumented default fill, not a verified classification; column retired in favor of structural binary flags (frond/cladode/phyllode/microphyll) plus functional_leaf"
Cliffortia paucistaminea,Cliffortia paucistaminea,Cliffortia paucistaminea,leaf,leaf,0,2026-08-11,"leaf_type 'leaf' value found to reflect an undocumented default fill, not a verified classification; column retired in favor of structural binary flags (frond/cladode/phyllode/microphyll) plus functional_leaf"
Cliffortia polita,Cliffortia polita,Cliffortia polita,leaf,leaf,0,2026-08-11,"leaf_type 'leaf' value found to reflect an undocumented default fill, not a verified classification; column retired in favor of structural binary flags (frond/cladode/phyllode/microphyll) plus functional_leaf"
Cliffortia polygonifolia,Cliffortia polygonifolia,Cliffortia polygonifolia,leaf,leaf,0,2026-08-11,"leaf_type 'leaf' value found to reflect an undocumented default fill, not a verified classification; column retired in favor of structural binary flags (frond/cladode/phyllode/microphyll) plus functional_leaf"
Cliffortia pterocarpa,Cliffortia pterocarpa,Cliffortia pterocarpa,leaf,leaf,0,2026-08-11,"leaf_type 'leaf' value found to reflect an undocumented default fill, not a verified classification; column retired in favor of structural binary flags (frond/cladode/phyllode/microphyll) plus functional_leaf"
Cliffortia pulchella,Cliffortia pulchella,Cliffortia pulchella,leaf,leaf,0,2026-08-11,"leaf_type 'leaf' value found to reflect an undocumented default fill, not a verified classification; column retired in favor of structural binary flags (frond/cladode/phyllode/microphyll) plus functional_leaf"
Cliffortia ruscifolia,Cliffortia ruscifolia,Cliffortia ruscifolia,leaf,leaf,0,2026-08-11,"leaf_type 'leaf' value found to reflect an undocumented default fill, not a verified classification; column retired in favor of structural binary flags (frond/cladode/phyllode/microphyll) plus functional_leaf"
Cliffortia sericea,Cliffortia sericea,Cliffortia sericea,leaf,leaf,0,2026-08-11,"leaf_type 'leaf' value found to reflect an undocumented default fill, not a verified classification; column retired in favor of structural binary flags (frond/cladode/phyllode/microphyll) plus functional_leaf"
Cliffortia serpyllifolia,Cliffortia serpyllifolia,Cliffortia serpyllifolia,leaf,leaf,0,2026-08-11,"leaf_type 'leaf' value found to reflect an undocumented default fill, not a verified classification; column retired in favor of structural binary flags (frond/cladode/phyllode/microphyll) plus functional_leaf"
Cliffortia stricta,Cliffortia stricta,Cliffortia stricta,leaf,leaf,0,2026-08-11,"leaf_type 'leaf' value found to reflect an undocumented default fill, not a verified classification; column retired in favor of structural binary flags (frond/cladode/phyllode/microphyll) plus functional_leaf"
Cliffortia strobilifera,Cliffortia strobilifera,Cliffortia strobilifera,leaf,leaf,0,2026-08-11,"leaf_type 'leaf' value found to reflect an undocumented default fill, not a verified classification; column retired in favor of structural binary flags (frond/cladode/phyllode/microphyll) plus functional_leaf"
Cliffortia subdura,Cliffortia subdura,Cliffortia subdura,leaf,leaf,0,2026-08-11,"leaf_type 'leaf' value found to reflect an undocumented default fill, not a verified classification; column retired in favor of structural binary flags (frond/cladode/phyllode/microphyll) plus functional_leaf"
Cliffortia subsetacea,Cliffortia subsetacea,Cliffortia subsetacea,leaf,leaf,0,2026-08-11,"leaf_type 'leaf' value found to reflect an undocumented default fill, not a verified classification; column retired in favor of structural binary flags (frond/cladode/phyllode/microphyll) plus functional_leaf"
Cliffortia teretifolia,Cliffortia teretifolia,Cliffortia teretifolia,leaf,leaf,0,2026-08-11,"leaf_type 'leaf' value found to reflect an undocumented default fill, not a verified classification; column retired in favor of structural binary flags (frond/cladode/phyllode/microphyll) plus functional_leaf"
Cliffortia triloba,Cliffortia triloba,Cliffortia triloba,leaf,leaf,0,2026-08-11,"leaf_type 'leaf' value found to reflect an undocumented default fill, not a verified classification; column retired in favor of structural binary flags (frond/cladode/phyllode/microphyll) plus functional_leaf"
Cliffortia tuberculata,Cliffortia tuberculata,Cliffortia tuberculata,leaf,leaf,0,2026-08-11,"leaf_type 'leaf' value found to reflect an undocumented default fill, not a verified classification; column retired in favor of structural binary flags (frond/cladode/phyllode/microphyll) plus functional_leaf"
Clutia alaternoides,Clutia alaternoides,Clutia alaternoides,leaf,leaf,0,2026-08-11,"leaf_type 'leaf' value found to reflect an undocumented default fill, not a verified classification; column retired in favor of structural binary flags (frond/cladode/phyllode/microphyll) plus functional_leaf"
Clutia daphnoides,Clutia daphnoides,Clutia daphnoides,leaf,leaf,0,2026-08-11,"leaf_type 'leaf' value found to reflect an undocumented default fill, not a verified classification; column retired in favor of structural binary flags (frond/cladode/phyllode/microphyll) plus functional_leaf"
Clutia ericoides,Clutia ericoides,Clutia ericoides,leaf,leaf,0,2026-08-11,"leaf_type 'leaf' value found to reflect an undocumented default fill, not a verified classification; column retired in favor of structural binary flags (frond/cladode/phyllode/microphyll) plus functional_leaf"
Clutia laxa,Clutia laxa,Clutia laxa,leaf,leaf,0,2026-08-11,"leaf_type 'leaf' value found to reflect an undocumented default fill, not a verified classification; column retired in favor of structural binary flags (frond/cladode/phyllode/microphyll) plus functional_leaf"
Clutia polifolia,Clutia polifolia,Clutia polifolia,leaf,leaf,0,2026-08-11,"leaf_type 'leaf' value found to reflect an undocumented default fill, not a verified classification; column retired in favor of structural binary flags (frond/cladode/phyllode/microphyll) plus functional_leaf"
Clutia polygonoides,Clutia polygonoides,Clutia polygonoides,leaf,leaf,0,2026-08-11,"leaf_type 'leaf' value found to reflect an undocumented default fill, not a verified classification; column retired in favor of structural binary flags (frond/cladode/phyllode/microphyll) plus functional_leaf"
Clutia pulchella,Clutia pulchella,Clutia pulchella,leaf,leaf,0,2026-08-11,"leaf_type 'leaf' value found to reflect an undocumented default fill, not a verified classification; column retired in favor of structural binary flags (frond/cladode/phyllode/microphyll) plus functional_leaf"
Coleonema album,Coleonema album,Coleonema album,leaf,leaf,0,2026-08-11,"leaf_type 'leaf' value found to reflect an undocumented default fill, not a verified classification; column retired in favor of structural binary flags (frond/cladode/phyllode/microphyll) plus functional_leaf"
Coleonema aspalathoides,Coleonema aspalathoides,Coleonema aspalathoides,leaf,leaf,0,2026-08-11,"leaf_type 'leaf' value found to reflect an undocumented default fill, not a verified classification; column retired in favor of structural binary flags (frond/cladode/phyllode/microphyll) plus functional_leaf"
Coleonema juniperinum,Coleonema juniperinum,Coleonema juniperinum,leaf,leaf,0,2026-08-11,"leaf_type 'leaf' value found to reflect an undocumented default fill, not a verified classification; column retired in favor of structural binary flags (frond/cladode/phyllode/microphyll) plus functional_leaf"
Colpoon compressum,Osyris compressa,Osyris compressa,leaf,leaf,0,2026-08-11,"leaf_type 'leaf' value found to reflect an undocumented default fill, not a verified classification; column retired in favor of structural binary flags (frond/cladode/phyllode/microphyll) plus functional_leaf"
Commelina africana,Commelina africana,Commelina africana,leaf,leaf,0,2026-08-11,"leaf_type 'leaf' value found to reflect an undocumented default fill, not a verified classification; column retired in favor of structural binary flags (frond/cladode/phyllode/microphyll) plus functional_leaf"
Commelina benghalensis,Commelina benghalensis,Commelina benghalensis,leaf,leaf,0,2026-08-11,"leaf_type 'leaf' value found to reflect an undocumented default fill, not a verified classification; column retired in favor of structural binary flags (frond/cladode/phyllode/microphyll) plus functional_leaf"
Conophytum minusculum,Conophytum minusculum,Conophytum minusculum,leaf,leaf,0,2026-08-11,"leaf_type 'leaf' value found to reflect an undocumented default fill, not a verified classification; column retired in favor of structural binary flags (frond/cladode/phyllode/microphyll) plus functional_leaf"
Conyza pinnatifida,Conyza pinnatifida,Conyza pinnatifida,leaf,leaf,0,2026-08-11,"leaf_type 'leaf' value found to reflect an undocumented default fill, not a verified classification; column retired in favor of structural binary flags (frond/cladode/phyllode/microphyll) plus functional_leaf"
Corymbium africanum,Corymbium africanum,Corymbium africanum,leaf,leaf,0,2026-08-11,"leaf_type 'leaf' value found to reflect an undocumented default fill, not a verified classification; column retired in favor of structural binary flags (frond/cladode/phyllode/microphyll) plus functional_leaf"
Corymbium glabrum,Corymbium glabrum,Corymbium glabrum,leaf,leaf,0,2026-08-11,"leaf_type 'leaf' value found to reflect an undocumented default fill, not a verified classification; column retired in favor of structural binary flags (frond/cladode/phyllode/microphyll) plus functional_leaf"
Cotula turbinata,Cotula turbinata,Cotula turbinata,leaf,leaf,0,2026-08-11,"leaf_type 'leaf' value found to reflect an undocumented default fill, not a verified classification; column retired in favor of structural binary flags (frond/cladode/phyllode/microphyll) plus functional_leaf"
Cotyledon orbiculata,Cotyledon orbiculata,Cotyledon orbiculata,leaf,leaf,0,2026-08-11,"leaf_type 'leaf' value found to reflect an undocumented default fill, not a verified classification; column retired in favor of structural binary flags (frond/cladode/phyllode/microphyll) plus functional_leaf"
Cotyledon velutina,Cotyledon velutina,Cotyledon velutina,leaf,leaf,0,2026-08-11,"leaf_type 'leaf' value found to reflect an undocumented default fill, not a verified classification; column retired in favor of structural binary flags (frond/cladode/phyllode/microphyll) plus functional_leaf"
Cotyledon woodii,Cotyledon woodii,Cotyledon woodii,leaf,leaf,0,2026-08-11,"leaf_type 'leaf' value found to reflect an undocumented default fill, not a verified classification; column retired in favor of structural binary flags (frond/cladode/phyllode/microphyll) plus functional_leaf"
Crassula arborescens,Crassula arborescens,Crassula arborescens,leaf,leaf,0,2026-08-11,"leaf_type 'leaf' value found to reflect an undocumented default fill, not a verified classification; column retired in favor of structural binary flags (frond/cladode/phyllode/microphyll) plus functional_leaf"
Crassula atropurpurea,Crassula atropurpurea,Crassula atropurpurea,leaf,leaf,0,2026-08-11,"leaf_type 'leaf' value found to reflect an undocumented default fill, not a verified classification; column retired in favor of structural binary flags (frond/cladode/phyllode/microphyll) plus functional_leaf"
Crassula biplanata,Crassula biplanata,Crassula biplanata,leaf,leaf,0,2026-08-11,"leaf_type 'leaf' value found to reflect an undocumented default fill, not a verified classification; column retired in favor of structural binary flags (frond/cladode/phyllode/microphyll) plus functional_leaf"
Crassula capensis,Crassula capensis,Crassula capensis,leaf,leaf,0,2026-08-11,"leaf_type 'leaf' value found to reflect an undocumented default fill, not a verified classification; column retired in favor of structural binary flags (frond/cladode/phyllode/microphyll) plus functional_leaf"
Crassula capitella,Crassula capitella,Crassula capitella,leaf,leaf,0,2026-08-11,"leaf_type 'leaf' value found to reflect an undocumented default fill, not a verified classification; column retired in favor of structural binary flags (frond/cladode/phyllode/microphyll) plus functional_leaf"
Crassula coccinea,Crassula coccinea,Crassula coccinea,leaf,leaf,0,2026-08-11,"leaf_type 'leaf' value found to reflect an undocumented default fill, not a verified classification; column retired in favor of structural binary flags (frond/cladode/phyllode/microphyll) plus functional_leaf"
Crassula cotyledonis,Crassula cotyledonis,Crassula cotyledonis,leaf,leaf,0,2026-08-11,"leaf_type 'leaf' value found to reflect an undocumented default fill, not a verified classification; column retired in favor of structural binary flags (frond/cladode/phyllode/microphyll) plus functional_leaf"
Crassula cultrata,Crassula cultrata,Crassula cultrata,leaf,leaf,0,2026-08-11,"leaf_type 'leaf' value found to reflect an undocumented default fill, not a verified classification; column retired in favor of structural binary flags (frond/cladode/phyllode/microphyll) plus functional_leaf"
Crassula cymosa,Crassula cymosa,Crassula cymosa,leaf,leaf,0,2026-08-11,"leaf_type 'leaf' value found to reflect an undocumented default fill, not a verified classification; column retired in favor of structural binary flags (frond/cladode/phyllode/microphyll) plus functional_leaf"
Crassula decumbens,Crassula decumbens,Crassula decumbens,leaf,leaf,0,2026-08-11,"leaf_type 'leaf' value found to reflect an undocumented default fill, not a verified classification; column retired in favor of structural binary flags (frond/cladode/phyllode/microphyll) plus functional_leaf"
Crassula dejecta,Crassula dejecta,Crassula undulata,leaf,leaf,0,2026-08-11,"leaf_type 'leaf' value found to reflect an undocumented default fill, not a verified classification; column retired in favor of structural binary flags (frond/cladode/phyllode/microphyll) plus functional_leaf"
Crassula dentata,Crassula dentata,Crassula dentata,leaf,leaf,0,2026-08-11,"leaf_type 'leaf' value found to reflect an undocumented default fill, not a verified classification; column retired in favor of structural binary flags (frond/cladode/phyllode/microphyll) plus functional_leaf"
Crassula ericoides,Crassula ericoides,Crassula ericoides,leaf,leaf,0,2026-08-11,"leaf_type 'leaf' value found to reflect an undocumented default fill, not a verified classification; column retired in favor of structural binary flags (frond/cladode/phyllode/microphyll) plus functional_leaf"
Crassula expansa,Crassula expansa,Crassula expansa,leaf,leaf,0,2026-08-11,"leaf_type 'leaf' value found to reflect an undocumented default fill, not a verified classification; column retired in favor of structural binary flags (frond/cladode/phyllode/microphyll) plus functional_leaf"
Crassula fascicularis,Crassula fascicularis,Crassula fascicularis,leaf,leaf,0,2026-08-11,"leaf_type 'leaf' value found to reflect an undocumented default fill, not a verified classification; column retired in favor of structural binary flags (frond/cladode/phyllode/microphyll) plus functional_leaf"
Crassula flava,Crassula flava,Crassula flava,leaf,leaf,0,2026-08-11,"leaf_type 'leaf' value found to reflect an undocumented default fill, not a verified classification; column retired in favor of structural binary flags (frond/cladode/phyllode/microphyll) plus functional_leaf"
Crassula lactea,Crassula lactea,Crassula lactea,leaf,leaf,0,2026-08-11,"leaf_type 'leaf' value found to reflect an undocumented default fill, not a verified classification; column retired in favor of structural binary flags (frond/cladode/phyllode/microphyll) plus functional_leaf"
Crassula lanceolata,Crassula lanceolata,Crassula schimperi var. illecebroides,leaf,leaf,0,2026-08-11,"leaf_type 'leaf' value found to reflect an undocumented default fill, not a verified classification; column retired in favor of structural binary flags (frond/cladode/phyllode/microphyll) plus functional_leaf"
Crassula mollis,Crassula mollis,Crassula mollis,leaf,leaf,0,2026-08-11,"leaf_type 'leaf' value found to reflect an undocumented default fill, not a verified classification; column retired in favor of structural binary flags (frond/cladode/phyllode/microphyll) plus functional_leaf"
Crassula muscosa,Crassula muscosa,Crassula muscosa,leaf,leaf,0,2026-08-11,"leaf_type 'leaf' value found to reflect an undocumented default fill, not a verified classification; column retired in favor of structural binary flags (frond/cladode/phyllode/microphyll) plus functional_leaf"
Crassula nudicaulis,Crassula nudicaulis,Crassula nudicaulis,leaf,leaf,0,2026-08-11,"leaf_type 'leaf' value found to reflect an undocumented default fill, not a verified classification; column retired in favor of structural binary flags (frond/cladode/phyllode/microphyll) plus functional_leaf"
Crassula obtusa,Crassula obtusa,Crassula obtusa,leaf,leaf,0,2026-08-11,"leaf_type 'leaf' value found to reflect an undocumented default fill, not a verified classification; column retired in favor of structural binary flags (frond/cladode/phyllode/microphyll) plus functional_leaf"
Crassula orbicularis,Crassula orbicularis,Crassula orbicularis,leaf,leaf,0,2026-08-11,"leaf_type 'leaf' value found to reflect an undocumented default fill, not a verified classification; column retired in favor of structural binary flags (frond/cladode/phyllode/microphyll) plus functional_leaf"
Crassula ovata,Crassula ovata,Crassula ovata,leaf,leaf,0,2026-08-11,"leaf_type 'leaf' value found to reflect an undocumented default fill, not a verified classification; column retired in favor of structural binary flags (frond/cladode/phyllode/microphyll) plus functional_leaf"
Crassula pellucida,Crassula pellucida,Crassula pellucida,leaf,leaf,0,2026-08-11,"leaf_type 'leaf' value found to reflect an undocumented default fill, not a verified classification; column retired in favor of structural binary flags (frond/cladode/phyllode/microphyll) plus functional_leaf"
Crassula perfoliata,Crassula perfoliata,Crassula perfoliata,leaf,leaf,0,2026-08-11,"leaf_type 'leaf' value found to reflect an undocumented default fill, not a verified classification; column retired in favor of structural binary flags (frond/cladode/phyllode/microphyll) plus functional_leaf"
Crassula perforata,Crassula perforata,Crassula perforata,leaf,leaf,0,2026-08-11,"leaf_type 'leaf' value found to reflect an undocumented default fill, not a verified classification; column retired in favor of structural binary flags (frond/cladode/phyllode/microphyll) plus functional_leaf"
Crassula pubescens,Crassula pubescens,Crassula pubescens,leaf,leaf,0,2026-08-11,"leaf_type 'leaf' value found to reflect an undocumented default fill, not a verified classification; column retired in favor of structural binary flags (frond/cladode/phyllode/microphyll) plus functional_leaf"
Crassula rogersii,Crassula rogersii,Crassula rogersii,leaf,leaf,0,2026-08-11,"leaf_type 'leaf' value found to reflect an undocumented default fill, not a verified classification; column retired in favor of structural binary flags (frond/cladode/phyllode/microphyll) plus functional_leaf"
Crassula rupestris,Crassula rupestris,Crassula rupestris,leaf,leaf,0,2026-08-11,"leaf_type 'leaf' value found to reflect an undocumented default fill, not a verified classification; column retired in favor of structural binary flags (frond/cladode/phyllode/microphyll) plus functional_leaf"
Crassula saxifraga,Crassula saxifraga,Crassula saxifraga,leaf,leaf,0,2026-08-11,"leaf_type 'leaf' value found to reflect an undocumented default fill, not a verified classification; column retired in favor of structural binary flags (frond/cladode/phyllode/microphyll) plus functional_leaf"
Crassula sebaeoides,Crassula sebaeoides,Crassula sebaeoides,leaf,leaf,0,2026-08-11,"leaf_type 'leaf' value found to reflect an undocumented default fill, not a verified classification; column retired in favor of structural binary flags (frond/cladode/phyllode/microphyll) plus functional_leaf"
Crassula subulata,Crassula subulata,Crassula subulata,leaf,leaf,0,2026-08-11,"leaf_type 'leaf' value found to reflect an undocumented default fill, not a verified classification; column retired in favor of structural binary flags (frond/cladode/phyllode/microphyll) plus functional_leaf"
Crassula tecta,Crassula tecta,Crassula tecta,leaf,leaf,0,2026-08-11,"leaf_type 'leaf' value found to reflect an undocumented default fill, not a verified classification; column retired in favor of structural binary flags (frond/cladode/phyllode/microphyll) plus functional_leaf"
Crassula tetragona,Crassula tetragona,Crassula tetragona,leaf,leaf,0,2026-08-11,"leaf_type 'leaf' value found to reflect an undocumented default fill, not a verified classification; column retired in favor of structural binary flags (frond/cladode/phyllode/microphyll) plus functional_leaf"
Crotalaria capensis,Crotalaria capensis,Crotalaria capensis,leaf,leaf,0,2026-08-11,"leaf_type 'leaf' value found to reflect an undocumented default fill, not a verified classification; column retired in favor of structural binary flags (frond/cladode/phyllode/microphyll) plus functional_leaf"
Crotalaria lebeckioides,Crotalaria lebeckioides,Crotalaria lebeckioides,leaf,leaf,0,2026-08-11,"leaf_type 'leaf' value found to reflect an undocumented default fill, not a verified classification; column retired in favor of structural binary flags (frond/cladode/phyllode/microphyll) plus functional_leaf"
Cullumia aculeata,Cullumia aculeata,Cullumia aculeata,leaf,leaf,0,2026-08-11,"leaf_type 'leaf' value found to reflect an undocumented default fill, not a verified classification; column retired in favor of structural binary flags (frond/cladode/phyllode/microphyll) plus functional_leaf"
Cullumia bisulca,Cullumia bisulca,Cullumia bisulca,leaf,leaf,0,2026-08-11,"leaf_type 'leaf' value found to reflect an undocumented default fill, not a verified classification; column retired in favor of structural binary flags (frond/cladode/phyllode/microphyll) plus functional_leaf"
Cullumia decurrens,Cullumia decurrens,Cullumia decurrens,leaf,leaf,0,2026-08-11,"leaf_type 'leaf' value found to reflect an undocumented default fill, not a verified classification; column retired in favor of structural binary flags (frond/cladode/phyllode/microphyll) plus functional_leaf"
Cullumia squarrosa,Cullumia squarrosa,Cullumia setosa,leaf,leaf,0,2026-08-11,"leaf_type 'leaf' value found to reflect an undocumented default fill, not a verified classification; column retired in favor of structural binary flags (frond/cladode/phyllode/microphyll) plus functional_leaf"
Cunonia capensis,Cunonia capensis,Cunonia capensis,leaf,leaf,0,2026-08-11,"leaf_type 'leaf' value found to reflect an undocumented default fill, not a verified classification; column retired in favor of structural binary flags (frond/cladode/phyllode/microphyll) plus functional_leaf"
Curtisia dentata,Curtisia dentata,Curtisia dentata,leaf,leaf,0,2026-08-11,"leaf_type 'leaf' value found to reflect an undocumented default fill, not a verified classification; column retired in favor of structural binary flags (frond/cladode/phyllode/microphyll) plus functional_leaf"
Cuscuta africana,Cuscuta africana,Cuscuta africana,leaf,culm_stem,1,2026-08-11,"leaf_type 'leaf' value found to reflect an undocumented default fill, not a verified classification; column retired in favor of structural binary flags (frond/cladode/phyllode/microphyll) plus functional_leaf"
Cussonia spicata,Cussonia spicata,Cussonia spicata,leaf,leaf,0,2026-08-11,"leaf_type 'leaf' value found to reflect an undocumented default fill, not a verified classification; column retired in favor of structural binary flags (frond/cladode/phyllode/microphyll) plus functional_leaf"
Cussonia thyrsiflora,Cussonia thyrsiflora,Cussonia thyrsiflora,leaf,leaf,0,2026-08-11,"leaf_type 'leaf' value found to reflect an undocumented default fill, not a verified classification; column retired in favor of structural binary flags (frond/cladode/phyllode/microphyll) plus functional_leaf"
Cyanella lutea,Cyanella lutea,Cyanella lutea,leaf,leaf,0,2026-08-11,"leaf_type 'leaf' value found to reflect an undocumented default fill, not a verified classification; column retired in favor of structural binary flags (frond/cladode/phyllode/microphyll) plus functional_leaf"
Cyanotis speciosa,Cyanotis speciosa,Cyanotis speciosa,leaf,leaf,0,2026-08-11,"leaf_type 'leaf' value found to reflect an undocumented default fill, not a verified classification; column retired in favor of structural binary flags (frond/cladode/phyllode/microphyll) plus functional_leaf"
Cyathocoma ecklonii,Cyathocoma ecklonii,Cyathocoma ecklonii,leaf,mixed,0,2026-08-11,"leaf_type 'leaf' value found to reflect an undocumented default fill, not a verified classification; column retired in favor of structural binary flags (frond/cladode/phyllode/microphyll) plus functional_leaf"
Cyclopia bowieana,Cyclopia bowieana,Cyclopia bowieana,leaf,leaf,0,2026-08-11,"leaf_type 'leaf' value found to reflect an undocumented default fill, not a verified classification; column retired in favor of structural binary flags (frond/cladode/phyllode/microphyll) plus functional_leaf"
Cyclopia intermedia,Cyclopia intermedia,Cyclopia intermedia,leaf,leaf,0,2026-08-11,"leaf_type 'leaf' value found to reflect an undocumented default fill, not a verified classification; column retired in favor of structural binary flags (frond/cladode/phyllode/microphyll) plus functional_leaf"
Cyclopia sessiliflora,Cyclopia sessiliflora,Cyclopia sessiliflora,leaf,leaf,0,2026-08-11,"leaf_type 'leaf' value found to reflect an undocumented default fill, not a verified classification; column retired in favor of structural binary flags (frond/cladode/phyllode/microphyll) plus functional_leaf"
Cyclopia subternata,Cyclopia subternata,Cyclopia subternata,leaf,leaf,0,2026-08-11,"leaf_type 'leaf' value found to reflect an undocumented default fill, not a verified classification; column retired in favor of structural binary flags (frond/cladode/phyllode/microphyll) plus functional_leaf"
Cymbopogon marginatus,Cymbopogon marginatus,Cymbopogon marginatus,leaf,leaf,0,2026-08-11,"leaf_type 'leaf' value found to reflect an undocumented default fill, not a verified classification; column retired in favor of structural binary flags (frond/cladode/phyllode/microphyll) plus functional_leaf"
Cynanchum africanum,Cynanchum africanum,Cynanchum africanum,leaf,mixed,0,2026-08-11,"leaf_type 'leaf' value found to reflect an undocumented default fill, not a verified classification; column retired in favor of structural binary flags (frond/cladode/phyllode/microphyll) plus functional_leaf"
Cynanchum obtusifolium,Cynanchum obtusifolium,Cynanchum obtusifolium,leaf,mixed,0,2026-08-11,"leaf_type 'leaf' value found to reflect an undocumented default fill, not a verified classification; column retired in favor of structural binary flags (frond/cladode/phyllode/microphyll) plus functional_leaf"
Cynodon dactylon,Cynodon dactylon,Cynodon dactylon,leaf,leaf,0,2026-08-11,"leaf_type 'leaf' value found to reflect an undocumented default fill, not a verified classification; column retired in favor of structural binary flags (frond/cladode/phyllode/microphyll) plus functional_leaf"
Cyperus thunbergii,Mariscus thunbergii,Cyperus thunbergii,leaf,leaf,0,2026-08-11,"leaf_type 'leaf' value found to reflect an undocumented default fill, not a verified classification; column retired in favor of structural binary flags (frond/cladode/phyllode/microphyll) plus functional_leaf"
Cyperus uitenhagensis,Mariscus uitenhagensis,Cyperus uitenhagensis,leaf,leaf,0,2026-08-11,"leaf_type 'leaf' value found to reflect an undocumented default fill, not a verified classification; column retired in favor of structural binary flags (frond/cladode/phyllode/microphyll) plus functional_leaf"
Cyphia angustiloba,Cyphia volubilis,Cyphia volubilis,leaf,mixed,0,2026-08-11,"leaf_type 'leaf' value found to reflect an undocumented default fill, not a verified classification; column retired in favor of structural binary flags (frond/cladode/phyllode/microphyll) plus functional_leaf"
Cyphia digitata,Cyphia digitata,Cyphia digitata,leaf,mixed,0,2026-08-11,"leaf_type 'leaf' value found to reflect an undocumented default fill, not a verified classification; column retired in favor of structural binary flags (frond/cladode/phyllode/microphyll) plus functional_leaf"
Cyphia linarioides,Cyphia bulbosa,Cyphia linarioides,leaf,mixed,0,2026-08-11,"leaf_type 'leaf' value found to reflect an undocumented default fill, not a verified classification; column retired in favor of structural binary flags (frond/cladode/phyllode/microphyll) plus functional_leaf"
Cyphia undulata,Cyphia undulata,Cyphia undulata,leaf,mixed,0,2026-08-11,"leaf_type 'leaf' value found to reflect an undocumented default fill, not a verified classification; column retired in favor of structural binary flags (frond/cladode/phyllode/microphyll) plus functional_leaf"
Cyphia zeyheriana,Cyphia zeyheriana,Cyphia zeyheriana,leaf,mixed,0,2026-08-11,"leaf_type 'leaf' value found to reflect an undocumented default fill, not a verified classification; column retired in favor of structural binary flags (frond/cladode/phyllode/microphyll) plus functional_leaf"
Cysticapnos cracca,Cysticapnos cracca,Cysticapnos cracca,leaf,leaf,0,2026-08-11,"leaf_type 'leaf' value found to reflect an undocumented default fill, not a verified classification; column retired in favor of structural binary flags (frond/cladode/phyllode/microphyll) plus functional_leaf"
Dasispermum hispidum,Sonderina hispida,Dasispermum hispidum,leaf,leaf,0,2026-08-11,"leaf_type 'leaf' value found to reflect an undocumented default fill, not a verified classification; column retired in favor of structural binary flags (frond/cladode/phyllode/microphyll) plus functional_leaf"
Delosperma ecklonis,Delosperma ecklonis,Delosperma ecklonis,leaf,leaf,0,2026-08-11,"leaf_type 'leaf' value found to reflect an undocumented default fill, not a verified classification; column retired in favor of structural binary flags (frond/cladode/phyllode/microphyll) plus functional_leaf"
Delosperma multiflorum,Delosperma multiflorum,Delosperma multiflorum,leaf,leaf,0,2026-08-11,"leaf_type 'leaf' value found to reflect an undocumented default fill, not a verified classification; column retired in favor of structural binary flags (frond/cladode/phyllode/microphyll) plus functional_leaf"
Diascia patens,Diascia patens,Diascia patens,leaf,leaf,0,2026-08-11,"leaf_type 'leaf' value found to reflect an undocumented default fill, not a verified classification; column retired in favor of structural binary flags (frond/cladode/phyllode/microphyll) plus functional_leaf"
Diastella divaricata,Diastella divaricata,Diastella divaricata,leaf,leaf,0,2026-08-11,"leaf_type 'leaf' value found to reflect an undocumented default fill, not a verified classification; column retired in favor of structural binary flags (frond/cladode/phyllode/microphyll) plus functional_leaf"
Diastella thymelaeoides,Diastella thymelaeoides,Diastella thymelaeoides,leaf,leaf,0,2026-08-11,"leaf_type 'leaf' value found to reflect an undocumented default fill, not a verified classification; column retired in favor of structural binary flags (frond/cladode/phyllode/microphyll) plus functional_leaf"
Didymodoxa capensis,Didymodoxa capensis,Didymodoxa capensis,leaf,leaf,0,2026-08-11,"leaf_type 'leaf' value found to reflect an undocumented default fill, not a verified classification; column retired in favor of structural binary flags (frond/cladode/phyllode/microphyll) plus functional_leaf"
Digitaria eriantha,Digitaria eriantha,Digitaria eriantha,leaf,leaf,0,2026-08-11,"leaf_type 'leaf' value found to reflect an undocumented default fill, not a verified classification; column retired in favor of structural binary flags (frond/cladode/phyllode/microphyll) plus functional_leaf"
Dilatris corymbosa,Dilatris corymbosa,Dilatris corymbosa,leaf,leaf,0,2026-08-11,"leaf_type 'leaf' value found to reflect an undocumented default fill, not a verified classification; column retired in favor of structural binary flags (frond/cladode/phyllode/microphyll) plus functional_leaf"
Dilatris ixioides,Dilatris ixioides,Dilatris ixioides,leaf,leaf,0,2026-08-11,"leaf_type 'leaf' value found to reflect an undocumented default fill, not a verified classification; column retired in favor of structural binary flags (frond/cladode/phyllode/microphyll) plus functional_leaf"
Dilatris pillansii,Dilatris pillansii,Dilatris pillansii,leaf,leaf,0,2026-08-11,"leaf_type 'leaf' value found to reflect an undocumented default fill, not a verified classification; column retired in favor of structural binary flags (frond/cladode/phyllode/microphyll) plus functional_leaf"
Dimorphotheca acutifolia,Dimorphotheca acutifolia,Dimorphotheca acutifolia,leaf,leaf,0,2026-08-11,"leaf_type 'leaf' value found to reflect an undocumented default fill, not a verified classification; column retired in favor of structural binary flags (frond/cladode/phyllode/microphyll) plus functional_leaf"
Dimorphotheca nudicaulis,Dimorphotheca nudicaulis,Dimorphotheca nudicaulis,leaf,leaf,0,2026-08-11,"leaf_type 'leaf' value found to reflect an undocumented default fill, not a verified classification; column retired in favor of structural binary flags (frond/cladode/phyllode/microphyll) plus functional_leaf"
Dioscorea elephantipes,Dioscorea elephantipes,Dioscorea elephantipes,leaf,leaf,0,2026-08-11,"leaf_type 'leaf' value found to reflect an undocumented default fill, not a verified classification; column retired in favor of structural binary flags (frond/cladode/phyllode/microphyll) plus functional_leaf"
Diosma acmaeophylla,Diosma acmaeophylla,Diosma acmaephylla,leaf,leaf,0,2026-08-11,"leaf_type 'leaf' value found to reflect an undocumented default fill, not a verified classification; column retired in favor of structural binary flags (frond/cladode/phyllode/microphyll) plus functional_leaf"
Diosma hirsuta,Diosma hirsuta,Diosma hirsuta,leaf,leaf,0,2026-08-11,"leaf_type 'leaf' value found to reflect an undocumented default fill, not a verified classification; column retired in favor of structural binary flags (frond/cladode/phyllode/microphyll) plus functional_leaf"
Diosma meyeriana,Diosma meyeriana,Diosma meyeriana,leaf,leaf,0,2026-08-11,"leaf_type 'leaf' value found to reflect an undocumented default fill, not a verified classification; column retired in favor of structural binary flags (frond/cladode/phyllode/microphyll) plus functional_leaf"
Diosma oppositifolia,Diosma oppositifolia,Diosma oppositifolia,leaf,leaf,0,2026-08-11,"leaf_type 'leaf' value found to reflect an undocumented default fill, not a verified classification; column retired in favor of structural binary flags (frond/cladode/phyllode/microphyll) plus functional_leaf"
Diosma prama,Diosma prama,Diosma prama,leaf,leaf,0,2026-08-11,"leaf_type 'leaf' value found to reflect an undocumented default fill, not a verified classification; column retired in favor of structural binary flags (frond/cladode/phyllode/microphyll) plus functional_leaf"
Diosma rourkei,Diosma rourkei,Diosma rourkei,leaf,leaf,0,2026-08-11,"leaf_type 'leaf' value found to reflect an undocumented default fill, not a verified classification; column retired in favor of structural binary flags (frond/cladode/phyllode/microphyll) plus functional_leaf"
Diosma tenella,Diosma tenella,Diosma tenella,leaf,leaf,0,2026-08-11,"leaf_type 'leaf' value found to reflect an undocumented default fill, not a verified classification; column retired in favor of structural binary flags (frond/cladode/phyllode/microphyll) plus functional_leaf"
Diospyros austro-africana,Diospyros austro-africana,Diospyros pubescens,leaf,leaf,0,2026-08-11,"leaf_type 'leaf' value found to reflect an undocumented default fill, not a verified classification; column retired in favor of structural binary flags (frond/cladode/phyllode/microphyll) plus functional_leaf"
Diospyros dichrophylla,Diospyros dichrophylla,Diospyros dichrophylla,leaf,leaf,0,2026-08-11,"leaf_type 'leaf' value found to reflect an undocumented default fill, not a verified classification; column retired in favor of structural binary flags (frond/cladode/phyllode/microphyll) plus functional_leaf"
Diospyros glabra,Diospyros glabra,Diospyros glabra,leaf,leaf,0,2026-08-11,"leaf_type 'leaf' value found to reflect an undocumented default fill, not a verified classification; column retired in favor of structural binary flags (frond/cladode/phyllode/microphyll) plus functional_leaf"
Diospyros scabrida,Diospyros scabrida,Diospyros scabrida,leaf,leaf,0,2026-08-11,"leaf_type 'leaf' value found to reflect an undocumented default fill, not a verified classification; column retired in favor of structural binary flags (frond/cladode/phyllode/microphyll) plus functional_leaf"
Diospyros whyteana,Diospyros whyteana,Diospyros whyteana,leaf,leaf,0,2026-08-11,"leaf_type 'leaf' value found to reflect an undocumented default fill, not a verified classification; column retired in favor of structural binary flags (frond/cladode/phyllode/microphyll) plus functional_leaf"
Disa obliqua,Schizodium obliquum,Disa obliqua,leaf,leaf,0,2026-08-11,"leaf_type 'leaf' value found to reflect an undocumented default fill, not a verified classification; column retired in favor of structural binary flags (frond/cladode/phyllode/microphyll) plus functional_leaf"
Dischisma ciliatum,Dischisma ciliatum,Dischisma ciliatum,leaf,leaf,0,2026-08-11,"leaf_type 'leaf' value found to reflect an undocumented default fill, not a verified classification; column retired in favor of structural binary flags (frond/cladode/phyllode/microphyll) plus functional_leaf"
Disparago anomala,Disparago anomala,Stoebe anomala,leaf,leaf,0,2026-08-11,"leaf_type 'leaf' value found to reflect an undocumented default fill, not a verified classification; column retired in favor of structural binary flags (frond/cladode/phyllode/microphyll) plus functional_leaf"
Disparago tortilis,Disparago ericoides,Stoebe tortilis,leaf,leaf,0,2026-08-11,"leaf_type 'leaf' value found to reflect an undocumented default fill, not a verified classification; column retired in favor of structural binary flags (frond/cladode/phyllode/microphyll) plus functional_leaf"
Disperis capensis,Disperis capensis,Disperis capensis,leaf,leaf,0,2026-08-11,"leaf_type 'leaf' value found to reflect an undocumented default fill, not a verified classification; column retired in favor of structural binary flags (frond/cladode/phyllode/microphyll) plus functional_leaf"
Disperis paludosa,Disperis paludosa,Disperis paludosa,leaf,leaf,0,2026-08-11,"leaf_type 'leaf' value found to reflect an undocumented default fill, not a verified classification; column retired in favor of structural binary flags (frond/cladode/phyllode/microphyll) plus functional_leaf"
Dodonaea viscosa,Dodonaea angustifolia,Dodonaea viscosa,leaf,leaf,0,2026-08-11,"leaf_type 'leaf' value found to reflect an undocumented default fill, not a verified classification; column retired in favor of structural binary flags (frond/cladode/phyllode/microphyll) plus functional_leaf"
Dolichothrix ericoides,Dolichothrix ericoides,Dolichothrix ericoides,leaf,leaf,0,2026-08-11,"leaf_type 'leaf' value found to reflect an undocumented default fill, not a verified classification; column retired in favor of structural binary flags (frond/cladode/phyllode/microphyll) plus functional_leaf"
Drimia capensis,Drimia capensis,Urginavia capensis,leaf,leaf,0,2026-08-11,"leaf_type 'leaf' value found to reflect an undocumented default fill, not a verified classification; column retired in favor of structural binary flags (frond/cladode/phyllode/microphyll) plus functional_leaf"
Drimia intricata,Drimia intricata,Schizobasis intricata,leaf,leaf,0,2026-08-11,"leaf_type 'leaf' value found to reflect an undocumented default fill, not a verified classification; column retired in favor of structural binary flags (frond/cladode/phyllode/microphyll) plus functional_leaf"
Drosanthemum candens,Drosanthemum candens,Drosanthemum candens,leaf,mixed,0,2026-08-11,"leaf_type 'leaf' value found to reflect an undocumented default fill, not a verified classification; column retired in favor of structural binary flags (frond/cladode/phyllode/microphyll) plus functional_leaf"
Drosanthemum delicatulum,Drosanthemum delicatulum,Drosanthemum delicatulum,leaf,leaf,0,2026-08-11,"leaf_type 'leaf' value found to reflect an undocumented default fill, not a verified classification; column retired in favor of structural binary flags (frond/cladode/phyllode/microphyll) plus functional_leaf"
Drosanthemum lique,Drosanthemum lique,Drosanthemum lique,leaf,leaf,0,2026-08-11,"leaf_type 'leaf' value found to reflect an undocumented default fill, not a verified classification; column retired in favor of structural binary flags (frond/cladode/phyllode/microphyll) plus functional_leaf"
Drosera aliciae,Drosera aliciae,Drosera aliciae,leaf,leaf,0,2026-08-11,"leaf_type 'leaf' value found to reflect an undocumented default fill, not a verified classification; column retired in favor of structural binary flags (frond/cladode/phyllode/microphyll) plus functional_leaf"
Drosera glabripes,Drosera glabripes,Drosera glabripes,leaf,leaf,0,2026-08-11,"leaf_type 'leaf' value found to reflect an undocumented default fill, not a verified classification; column retired in favor of structural binary flags (frond/cladode/phyllode/microphyll) plus functional_leaf"
Drosera trinervia,Drosera trinervia,Drosera trinervia,leaf,leaf,0,2026-08-11,"leaf_type 'leaf' value found to reflect an undocumented default fill, not a verified classification; column retired in favor of structural binary flags (frond/cladode/phyllode/microphyll) plus functional_leaf"
Dyschoriste setigera,Chaetacanthus setiger,Dyschoriste setigera,leaf,leaf,0,2026-08-11,"leaf_type 'leaf' value found to reflect an undocumented default fill, not a verified classification; column retired in favor of structural binary flags (frond/cladode/phyllode/microphyll) plus functional_leaf"
Edmondia pinifolia,Edmondia pinifolia,Edmondia pinifolia,leaf,leaf,0,2026-08-11,"leaf_type 'leaf' value found to reflect an undocumented default fill, not a verified classification; column retired in favor of structural binary flags (frond/cladode/phyllode/microphyll) plus functional_leaf"
Edmondia sesamoides,Edmondia sesamoides,Edmondia sesamoides,leaf,leaf,0,2026-08-11,"leaf_type 'leaf' value found to reflect an undocumented default fill, not a verified classification; column retired in favor of structural binary flags (frond/cladode/phyllode/microphyll) plus functional_leaf"
Ehretia rigida,Ehretia rigida,Ehretia rigida,leaf,leaf,0,2026-08-11,"leaf_type 'leaf' value found to reflect an undocumented default fill, not a verified classification; column retired in favor of structural binary flags (frond/cladode/phyllode/microphyll) plus functional_leaf"
Ehrharta brevifolia,Ehrharta brevifolia,Ehrharta brevifolia,leaf,mixed,0,2026-08-11,"leaf_type 'leaf' value found to reflect an undocumented default fill, not a verified classification; column retired in favor of structural binary flags (frond/cladode/phyllode/microphyll) plus functional_leaf"
Ehrharta bulbosa,Ehrharta bulbosa,Ehrharta bulbosa,leaf,mixed,0,2026-08-11,"leaf_type 'leaf' value found to reflect an undocumented default fill, not a verified classification; column retired in favor of structural binary flags (frond/cladode/phyllode/microphyll) plus functional_leaf"
Ehrharta calycina,Ehrharta calycina,Ehrharta calycina,leaf,mixed,0,2026-08-11,"leaf_type 'leaf' value found to reflect an undocumented default fill, not a verified classification; column retired in favor of structural binary flags (frond/cladode/phyllode/microphyll) plus functional_leaf"
Ehrharta capensis,Ehrharta capensis,Ehrharta capensis,leaf,mixed,0,2026-08-11,"leaf_type 'leaf' value found to reflect an undocumented default fill, not a verified classification; column retired in favor of structural binary flags (frond/cladode/phyllode/microphyll) plus functional_leaf"
Ehrharta dura,Ehrharta dura,Ehrharta dura,leaf,leaf,0,2026-08-11,"leaf_type 'leaf' value found to reflect an undocumented default fill, not a verified classification; column retired in favor of structural binary flags (frond/cladode/phyllode/microphyll) plus functional_leaf"
Ehrharta ramosa,Ehrharta ramosa,Ehrharta ramosa,leaf,mixed,0,2026-08-11,"leaf_type 'leaf' value found to reflect an undocumented default fill, not a verified classification; column retired in favor of structural binary flags (frond/cladode/phyllode/microphyll) plus functional_leaf"
Ehrharta rehmannii,Ehrharta rehmannii,Ehrharta rehmannii,leaf,mixed,0,2026-08-11,"leaf_type 'leaf' value found to reflect an undocumented default fill, not a verified classification; column retired in favor of structural binary flags (frond/cladode/phyllode/microphyll) plus functional_leaf"
Ehrharta rupestris,Ehrharta rupestris,Ehrharta rupestris,leaf,mixed,0,2026-08-11,"leaf_type 'leaf' value found to reflect an undocumented default fill, not a verified classification; column retired in favor of structural binary flags (frond/cladode/phyllode/microphyll) plus functional_leaf"
Ehrharta setacea,Ehrharta setacea,Ehrharta setacea,leaf,mixed,0,2026-08-11,"leaf_type 'leaf' value found to reflect an undocumented default fill, not a verified classification; column retired in favor of structural binary flags (frond/cladode/phyllode/microphyll) plus functional_leaf"
Ehrharta villosa,Ehrharta villosa,Ehrharta villosa,leaf,culm_stem,1,2026-08-11,"leaf_type 'leaf' value found to reflect an undocumented default fill, not a verified classification; column retired in favor of structural binary flags (frond/cladode/phyllode/microphyll) plus functional_leaf"
Elaphoglossum angustatum,Elaphoglossum angustatum,Elaphoglossum angustatum,frond,leaf,0,2026-08-11,"leaf_type 'leaf' value found to reflect an undocumented default fill, not a verified classification; column retired in favor of structural binary flags (frond/cladode/phyllode/microphyll) plus functional_leaf"
Elegia capensis,Elegia capensis,Elegia capensis,leaf,culm_stem,1,2026-08-11,"leaf_type 'leaf' value found to reflect an undocumented default fill, not a verified classification; column retired in favor of structural binary flags (frond/cladode/phyllode/microphyll) plus functional_leaf"
Elegia cuspidata,Elegia cuspidata,Elegia cuspidata,leaf,culm_stem,1,2026-08-11,"leaf_type 'leaf' value found to reflect an undocumented default fill, not a verified classification; column retired in favor of structural binary flags (frond/cladode/phyllode/microphyll) plus functional_leaf"
Elegia deustum,Chondropetalum deustum,Elegia deusta,leaf,culm_stem,1,2026-08-11,"leaf_type 'leaf' value found to reflect an undocumented default fill, not a verified classification; column retired in favor of structural binary flags (frond/cladode/phyllode/microphyll) plus functional_leaf"
Elegia dregeana,Elegia asperiflora,Elegia asperiflora,leaf,culm_stem,1,2026-08-11,"leaf_type 'leaf' value found to reflect an undocumented default fill, not a verified classification; column retired in favor of structural binary flags (frond/cladode/phyllode/microphyll) plus functional_leaf"
Elegia ebracteata,Chondropetalum ebracteatum,Elegia ebracteata,leaf,culm_stem,1,2026-08-11,"leaf_type 'leaf' value found to reflect an undocumented default fill, not a verified classification; column retired in favor of structural binary flags (frond/cladode/phyllode/microphyll) plus functional_leaf"
Elegia equisetacea,Elegia equisetacea,Elegia equisetacea,leaf,culm_stem,1,2026-08-11,"leaf_type 'leaf' value found to reflect an undocumented default fill, not a verified classification; column retired in favor of structural binary flags (frond/cladode/phyllode/microphyll) plus functional_leaf"
Elegia filacea,Elegia filacea,Elegia filacea,leaf,culm_stem,1,2026-08-11,"leaf_type 'leaf' value found to reflect an undocumented default fill, not a verified classification; column retired in favor of structural binary flags (frond/cladode/phyllode/microphyll) plus functional_leaf"
Elegia fistulosa,Elegia fistulosa,Elegia fistulosa,leaf,culm_stem,1,2026-08-11,"leaf_type 'leaf' value found to reflect an undocumented default fill, not a verified classification; column retired in favor of structural binary flags (frond/cladode/phyllode/microphyll) plus functional_leaf"
Elegia galpinii,Elegia galpinii,Elegia galpinii,leaf,culm_stem,1,2026-08-11,"leaf_type 'leaf' value found to reflect an undocumented default fill, not a verified classification; column retired in favor of structural binary flags (frond/cladode/phyllode/microphyll) plus functional_leaf"
Elegia hookeriana,Elegia hookeriana,Elegia hookeriana,leaf,culm_stem,1,2026-08-11,"leaf_type 'leaf' value found to reflect an undocumented default fill, not a verified classification; column retired in favor of structural binary flags (frond/cladode/phyllode/microphyll) plus functional_leaf"
Elegia juncea,Elegia juncea,Elegia juncea,leaf,culm_stem,1,2026-08-11,"leaf_type 'leaf' value found to reflect an undocumented default fill, not a verified classification; column retired in favor of structural binary flags (frond/cladode/phyllode/microphyll) plus functional_leaf"
Elegia microcarpa,Chondropetalum microcarpum,Elegia microcarpa,leaf,culm_stem,1,2026-08-11,"leaf_type 'leaf' value found to reflect an undocumented default fill, not a verified classification; column retired in favor of structural binary flags (frond/cladode/phyllode/microphyll) plus functional_leaf"
Elegia mucronata,Chondropetalum mucronatum,Elegia mucronata,leaf,culm_stem,1,2026-08-11,"leaf_type 'leaf' value found to reflect an undocumented default fill, not a verified classification; column retired in favor of structural binary flags (frond/cladode/phyllode/microphyll) plus functional_leaf"
Elegia neesii,Elegia neesii,Elegia neesii,leaf,culm_stem,1,2026-08-11,"leaf_type 'leaf' value found to reflect an undocumented default fill, not a verified classification; column retired in favor of structural binary flags (frond/cladode/phyllode/microphyll) plus functional_leaf"
Elegia nuda,Chondropetalum nudum,Elegia nuda,leaf,culm_stem,1,2026-08-11,"leaf_type 'leaf' value found to reflect an undocumented default fill, not a verified classification; column retired in favor of structural binary flags (frond/cladode/phyllode/microphyll) plus functional_leaf"
Elegia persistens,Elegia persistens,Elegia persistens,leaf,culm_stem,1,2026-08-11,"leaf_type 'leaf' value found to reflect an undocumented default fill, not a verified classification; column retired in favor of structural binary flags (frond/cladode/phyllode/microphyll) plus functional_leaf"
Elegia racemosa,Elegia racemosa,Elegia racemosa,leaf,culm_stem,1,2026-08-11,"leaf_type 'leaf' value found to reflect an undocumented default fill, not a verified classification; column retired in favor of structural binary flags (frond/cladode/phyllode/microphyll) plus functional_leaf"
Elegia spathacea,Elegia spathacea,Elegia spathacea,leaf,culm_stem,1,2026-08-11,"leaf_type 'leaf' value found to reflect an undocumented default fill, not a verified classification; column retired in favor of structural binary flags (frond/cladode/phyllode/microphyll) plus functional_leaf"
Elegia stipularis,Elegia stipularis,Elegia stipularis,leaf,culm_stem,1,2026-08-11,"leaf_type 'leaf' value found to reflect an undocumented default fill, not a verified classification; column retired in favor of structural binary flags (frond/cladode/phyllode/microphyll) plus functional_leaf"
Elegia tectorum,Chondropetalum tectorum,Elegia tectorum,leaf,culm_stem,1,2026-08-11,"leaf_type 'leaf' value found to reflect an undocumented default fill, not a verified classification; column retired in favor of structural binary flags (frond/cladode/phyllode/microphyll) plus functional_leaf"
Elegia thyrsifera,Elegia thyrsifera,Elegia thyrsifera,leaf,culm_stem,1,2026-08-11,"leaf_type 'leaf' value found to reflect an undocumented default fill, not a verified classification; column retired in favor of structural binary flags (frond/cladode/phyllode/microphyll) plus functional_leaf"
Elegia vaginulata,Elegia vaginulata,Elegia vaginulata,leaf,culm_stem,1,2026-08-11,"leaf_type 'leaf' value found to reflect an undocumented default fill, not a verified classification; column retired in favor of structural binary flags (frond/cladode/phyllode/microphyll) plus functional_leaf"
Elytropappus adpressus,Elytropappus adpressus,Stoebe gracilis,leaf,leaf,0,2026-08-11,"leaf_type 'leaf' value found to reflect an undocumented default fill, not a verified classification; column retired in favor of structural binary flags (frond/cladode/phyllode/microphyll) plus functional_leaf"
Elytropappus glandulosus,Elytropappus glandulosus,Stoebe glandulosa,leaf,leaf,0,2026-08-11,"leaf_type 'leaf' value found to reflect an undocumented default fill, not a verified classification; column retired in favor of structural binary flags (frond/cladode/phyllode/microphyll) plus functional_leaf"
Elytropappus gnaphaloides,Elytropappus gnaphaloides,Stoebe gnaphaloides,leaf,leaf,0,2026-08-11,"leaf_type 'leaf' value found to reflect an undocumented default fill, not a verified classification; column retired in favor of structural binary flags (frond/cladode/phyllode/microphyll) plus functional_leaf"
Elytropappus intricata,Elytropappus intricata,Stoebe,leaf,leaf,0,2026-08-11,"leaf_type 'leaf' value found to reflect an undocumented default fill, not a verified classification; column retired in favor of structural binary flags (frond/cladode/phyllode/microphyll) plus functional_leaf"
Elytropappus longifolius,Elytropappus longifolius,Stoebe longifolia,leaf,leaf,0,2026-08-11,"leaf_type 'leaf' value found to reflect an undocumented default fill, not a verified classification; column retired in favor of structural binary flags (frond/cladode/phyllode/microphyll) plus functional_leaf"
Elytropappus rhinocerotis,Elytropappus rhinocerotis,Stoebe rhinocerotis,leaf,leaf,0,2026-08-11,"leaf_type 'leaf' value found to reflect an undocumented default fill, not a verified classification; column retired in favor of structural binary flags (frond/cladode/phyllode/microphyll) plus functional_leaf"
Elytropappus scaber,Elytropappus scaber,Stoebe scabra,leaf,leaf,0,2026-08-11,"leaf_type 'leaf' value found to reflect an undocumented default fill, not a verified classification; column retired in favor of structural binary flags (frond/cladode/phyllode/microphyll) plus functional_leaf"
Enneapogon scoparius,Enneapogon scoparius,Enneapogon scoparius,leaf,leaf,0,2026-08-11,"leaf_type 'leaf' value found to reflect an undocumented default fill, not a verified classification; column retired in favor of structural binary flags (frond/cladode/phyllode/microphyll) plus functional_leaf"
Epischoenus adnatus,Epischoenus adnatus,Schoenus adnatus,leaf,culm_stem,1,2026-08-11,"leaf_type 'leaf' value found to reflect an undocumented default fill, not a verified classification; column retired in favor of structural binary flags (frond/cladode/phyllode/microphyll) plus functional_leaf"
Epischoenus gracilis,Epischoenus gracilis,Schoenus gracillimus,leaf,culm_stem,1,2026-08-11,"leaf_type 'leaf' value found to reflect an undocumented default fill, not a verified classification; column retired in favor of structural binary flags (frond/cladode/phyllode/microphyll) plus functional_leaf"
Epischoenus quadrangularis,Epischoenus quadrangularis,Schoenus quadrangularis,leaf,culm_stem,1,2026-08-11,"leaf_type 'leaf' value found to reflect an undocumented default fill, not a verified classification; column retired in favor of structural binary flags (frond/cladode/phyllode/microphyll) plus functional_leaf"
Eragrostis capensis,Eragrostis capensis,Eragrostis capensis,leaf,leaf,0,2026-08-11,"leaf_type 'leaf' value found to reflect an undocumented default fill, not a verified classification; column retired in favor of structural binary flags (frond/cladode/phyllode/microphyll) plus functional_leaf"
Eragrostis curvula,Eragrostis curvula,Eragrostis curvula,leaf,leaf,0,2026-08-11,"leaf_type 'leaf' value found to reflect an undocumented default fill, not a verified classification; column retired in favor of structural binary flags (frond/cladode/phyllode/microphyll) plus functional_leaf"
Eragrostis obtusa,Eragrostis obtusa,Eragrostis obtusa,leaf,leaf,0,2026-08-11,"leaf_type 'leaf' value found to reflect an undocumented default fill, not a verified classification; column retired in favor of structural binary flags (frond/cladode/phyllode/microphyll) plus functional_leaf"
Eragrostis plana,Eragrostis plana,Eragrostis plana,leaf,leaf,0,2026-08-11,"leaf_type 'leaf' value found to reflect an undocumented default fill, not a verified classification; column retired in favor of structural binary flags (frond/cladode/phyllode/microphyll) plus functional_leaf"
Eragrostis racemosa,Eragrostis racemosa,Eragrostis racemosa,leaf,leaf,0,2026-08-11,"leaf_type 'leaf' value found to reflect an undocumented default fill, not a verified classification; column retired in favor of structural binary flags (frond/cladode/phyllode/microphyll) plus functional_leaf"
Eragrostis sabulosa,Eragrostis sabulosa,Eragrostis sabulosa,leaf,leaf,0,2026-08-11,"leaf_type 'leaf' value found to reflect an undocumented default fill, not a verified classification; column retired in favor of structural binary flags (frond/cladode/phyllode/microphyll) plus functional_leaf"
Erepsia anceps,Erepsia anceps,Erepsia anceps,leaf,leaf,0,2026-08-11,"leaf_type 'leaf' value found to reflect an undocumented default fill, not a verified classification; column retired in favor of structural binary flags (frond/cladode/phyllode/microphyll) plus functional_leaf"
Erepsia aspera,Erepsia aspera,Erepsia aspera,leaf,leaf,0,2026-08-11,"leaf_type 'leaf' value found to reflect an undocumented default fill, not a verified classification; column retired in favor of structural binary flags (frond/cladode/phyllode/microphyll) plus functional_leaf"
Erepsia bracteata,Erepsia bracteata,Erepsia bracteata,leaf,leaf,0,2026-08-11,"leaf_type 'leaf' value found to reflect an undocumented default fill, not a verified classification; column retired in favor of structural binary flags (frond/cladode/phyllode/microphyll) plus functional_leaf"
Erepsia distans,Erepsia distans,Erepsia distans,leaf,leaf,0,2026-08-11,"leaf_type 'leaf' value found to reflect an undocumented default fill, not a verified classification; column retired in favor of structural binary flags (frond/cladode/phyllode/microphyll) plus functional_leaf"
Erepsia promontorii,Erepsia promontorii,Erepsia promontorii,leaf,leaf,0,2026-08-11,"leaf_type 'leaf' value found to reflect an undocumented default fill, not a verified classification; column retired in favor of structural binary flags (frond/cladode/phyllode/microphyll) plus functional_leaf"
Erepsia saturata,Erepsia saturata,Erepsia saturata,leaf,leaf,0,2026-08-11,"leaf_type 'leaf' value found to reflect an undocumented default fill, not a verified classification; column retired in favor of structural binary flags (frond/cladode/phyllode/microphyll) plus functional_leaf"
Erica abietina,Erica abietina,Erica abietina,leaf,leaf,0,2026-08-11,"leaf_type 'leaf' value found to reflect an undocumented default fill, not a verified classification; column retired in favor of structural binary flags (frond/cladode/phyllode/microphyll) plus functional_leaf"
Erica affinis,Erica affinis,Erica affinis,leaf,leaf,0,2026-08-11,"leaf_type 'leaf' value found to reflect an undocumented default fill, not a verified classification; column retired in favor of structural binary flags (frond/cladode/phyllode/microphyll) plus functional_leaf"
Erica albens,Erica albens,Erica albens,leaf,leaf,0,2026-08-11,"leaf_type 'leaf' value found to reflect an undocumented default fill, not a verified classification; column retired in favor of structural binary flags (frond/cladode/phyllode/microphyll) plus functional_leaf"
Erica amphigena,Erica amphigena,Erica amphigena,leaf,leaf,0,2026-08-11,"leaf_type 'leaf' value found to reflect an undocumented default fill, not a verified classification; column retired in favor of structural binary flags (frond/cladode/phyllode/microphyll) plus functional_leaf"
Erica anguliger,Erica anguliger,Erica anguliger,leaf,leaf,0,2026-08-11,"leaf_type 'leaf' value found to reflect an undocumented default fill, not a verified classification; column retired in favor of structural binary flags (frond/cladode/phyllode/microphyll) plus functional_leaf"
Erica angulosa,Erica angulosa,Erica angulosa,leaf,leaf,0,2026-08-11,"leaf_type 'leaf' value found to reflect an undocumented default fill, not a verified classification; column retired in favor of structural binary flags (frond/cladode/phyllode/microphyll) plus functional_leaf"
Erica ardens,Erica ardens,Erica ardens,leaf,leaf,0,2026-08-11,"leaf_type 'leaf' value found to reflect an undocumented default fill, not a verified classification; column retired in favor of structural binary flags (frond/cladode/phyllode/microphyll) plus functional_leaf"
Erica areolata,Erica areolata,Erica areolata,leaf,leaf,0,2026-08-11,"leaf_type 'leaf' value found to reflect an undocumented default fill, not a verified classification; column retired in favor of structural binary flags (frond/cladode/phyllode/microphyll) plus functional_leaf"
Erica articularis,Erica articularis,Erica articularis,leaf,leaf,0,2026-08-11,"leaf_type 'leaf' value found to reflect an undocumented default fill, not a verified classification; column retired in favor of structural binary flags (frond/cladode/phyllode/microphyll) plus functional_leaf"
Erica atropurpurea,Erica atropurpurea,Erica atropurpurea,leaf,leaf,0,2026-08-11,"leaf_type 'leaf' value found to reflect an undocumented default fill, not a verified classification; column retired in favor of structural binary flags (frond/cladode/phyllode/microphyll) plus functional_leaf"
Erica axillaris,Erica axillaris,Erica axillaris,leaf,leaf,0,2026-08-11,"leaf_type 'leaf' value found to reflect an undocumented default fill, not a verified classification; column retired in favor of structural binary flags (frond/cladode/phyllode/microphyll) plus functional_leaf"
Erica azaleifolia,Erica azaleifolia,Erica azaleifolia,leaf,leaf,0,2026-08-11,"leaf_type 'leaf' value found to reflect an undocumented default fill, not a verified classification; column retired in favor of structural binary flags (frond/cladode/phyllode/microphyll) plus functional_leaf"
Erica banksii,Erica comptonii,Erica banksii,leaf,leaf,0,2026-08-11,"leaf_type 'leaf' value found to reflect an undocumented default fill, not a verified classification; column retired in favor of structural binary flags (frond/cladode/phyllode/microphyll) plus functional_leaf"
Erica blenna,Erica blenna,Erica blenna,leaf,leaf,0,2026-08-11,"leaf_type 'leaf' value found to reflect an undocumented default fill, not a verified classification; column retired in favor of structural binary flags (frond/cladode/phyllode/microphyll) plus functional_leaf"
Erica bolusanthus,Erica bolusanthus,Erica bolusanthus,leaf,leaf,0,2026-08-11,"leaf_type 'leaf' value found to reflect an undocumented default fill, not a verified classification; column retired in favor of structural binary flags (frond/cladode/phyllode/microphyll) plus functional_leaf"
Erica brachialis,Erica brachialis,Erica brachialis,leaf,leaf,0,2026-08-11,"leaf_type 'leaf' value found to reflect an undocumented default fill, not a verified classification; column retired in favor of structural binary flags (frond/cladode/phyllode/microphyll) plus functional_leaf"
Erica bracteolaris,Erica bracteolaris,Erica bracteolaris,leaf,leaf,0,2026-08-11,"leaf_type 'leaf' value found to reflect an undocumented default fill, not a verified classification; column retired in favor of structural binary flags (frond/cladode/phyllode/microphyll) plus functional_leaf"
Erica brevicaulis,Erica brevicaulis,Erica brevicaulis,leaf,leaf,0,2026-08-11,"leaf_type 'leaf' value found to reflect an undocumented default fill, not a verified classification; column retired in favor of structural binary flags (frond/cladode/phyllode/microphyll) plus functional_leaf"
Erica bruniades,Erica bruniades,Erica bruniades,leaf,leaf,0,2026-08-11,"leaf_type 'leaf' value found to reflect an undocumented default fill, not a verified classification; column retired in favor of structural binary flags (frond/cladode/phyllode/microphyll) plus functional_leaf"
Erica caffra,Erica caffra,Erica afra,leaf,leaf,0,2026-08-11,"leaf_type 'leaf' value found to reflect an undocumented default fill, not a verified classification; column retired in favor of structural binary flags (frond/cladode/phyllode/microphyll) plus functional_leaf"
Erica calycina,Erica langebergensis,Erica calycina,leaf,leaf,0,2026-08-11,"leaf_type 'leaf' value found to reflect an undocumented default fill, not a verified classification; column retired in favor of structural binary flags (frond/cladode/phyllode/microphyll) plus functional_leaf"
Erica capensis,Erica capensis,Erica turbiniflora,leaf,leaf,0,2026-08-11,"leaf_type 'leaf' value found to reflect an undocumented default fill, not a verified classification; column retired in favor of structural binary flags (frond/cladode/phyllode/microphyll) plus functional_leaf"
Erica capillaris,Erica capillaris,Erica capillaris,leaf,leaf,0,2026-08-11,"leaf_type 'leaf' value found to reflect an undocumented default fill, not a verified classification; column retired in favor of structural binary flags (frond/cladode/phyllode/microphyll) plus functional_leaf"
Erica carduifolia,Erica carduifolia,Erica carduifolia,leaf,leaf,0,2026-08-11,"leaf_type 'leaf' value found to reflect an undocumented default fill, not a verified classification; column retired in favor of structural binary flags (frond/cladode/phyllode/microphyll) plus functional_leaf"
Erica cerinthoides,Erica cerinthoides,Erica cerinthoides,leaf,leaf,0,2026-08-11,"leaf_type 'leaf' value found to reflect an undocumented default fill, not a verified classification; column retired in favor of structural binary flags (frond/cladode/phyllode/microphyll) plus functional_leaf"
Erica chamissonis,Erica chamissonis,Erica chamissonis,leaf,leaf,0,2026-08-11,"leaf_type 'leaf' value found to reflect an undocumented default fill, not a verified classification; column retired in favor of structural binary flags (frond/cladode/phyllode/microphyll) plus functional_leaf"
Erica clavisepala,Erica clavisepala,Erica clavisepala,leaf,leaf,0,2026-08-11,"leaf_type 'leaf' value found to reflect an undocumented default fill, not a verified classification; column retired in favor of structural binary flags (frond/cladode/phyllode/microphyll) plus functional_leaf"
Erica coarctata,Erica coarctata,Erica coarctata,leaf,leaf,0,2026-08-11,"leaf_type 'leaf' value found to reflect an undocumented default fill, not a verified classification; column retired in favor of structural binary flags (frond/cladode/phyllode/microphyll) plus functional_leaf"
Erica coccinea,Erica coccinea,Erica coccinea,leaf,leaf,0,2026-08-11,"leaf_type 'leaf' value found to reflect an undocumented default fill, not a verified classification; column retired in favor of structural binary flags (frond/cladode/phyllode/microphyll) plus functional_leaf"
Erica condensata,Erica condensata,Erica condensata,leaf,leaf,0,2026-08-11,"leaf_type 'leaf' value found to reflect an undocumented default fill, not a verified classification; column retired in favor of structural binary flags (frond/cladode/phyllode/microphyll) plus functional_leaf"
Erica conferta,Erica conferta,Erica conferta,leaf,leaf,0,2026-08-11,"leaf_type 'leaf' value found to reflect an undocumented default fill, not a verified classification; column retired in favor of structural binary flags (frond/cladode/phyllode/microphyll) plus functional_leaf"
Erica copiosa,Erica copiosa,Erica copiosa,leaf,leaf,0,2026-08-11,"leaf_type 'leaf' value found to reflect an undocumented default fill, not a verified classification; column retired in favor of structural binary flags (frond/cladode/phyllode/microphyll) plus functional_leaf"
Erica cordata,Erica cordata,Erica cordata,leaf,leaf,0,2026-08-11,"leaf_type 'leaf' value found to reflect an undocumented default fill, not a verified classification; column retired in favor of structural binary flags (frond/cladode/phyllode/microphyll) plus functional_leaf"
Erica corifolia,Erica corifolia,Erica corifolia,leaf,leaf,0,2026-08-11,"leaf_type 'leaf' value found to reflect an undocumented default fill, not a verified classification; column retired in favor of structural binary flags (frond/cladode/phyllode/microphyll) plus functional_leaf"
Erica corydalis,Erica corydalis,Erica corydalis,leaf,leaf,0,2026-08-11,"leaf_type 'leaf' value found to reflect an undocumented default fill, not a verified classification; column retired in favor of structural binary flags (frond/cladode/phyllode/microphyll) plus functional_leaf"
Erica cristata,Erica cristata,Erica cristata,leaf,leaf,0,2026-08-11,"leaf_type 'leaf' value found to reflect an undocumented default fill, not a verified classification; column retired in favor of structural binary flags (frond/cladode/phyllode/microphyll) plus functional_leaf"
Erica cubica,Erica cubica,Erica cubica,leaf,leaf,0,2026-08-11,"leaf_type 'leaf' value found to reflect an undocumented default fill, not a verified classification; column retired in favor of structural binary flags (frond/cladode/phyllode/microphyll) plus functional_leaf"
Erica curviflora,Erica curviflora,Erica curviflora,leaf,leaf,0,2026-08-11,"leaf_type 'leaf' value found to reflect an undocumented default fill, not a verified classification; column retired in favor of structural binary flags (frond/cladode/phyllode/microphyll) plus functional_leaf"
Erica curvifolia,Erica curvifolia,Erica curvifolia,leaf,leaf,0,2026-08-11,"leaf_type 'leaf' value found to reflect an undocumented default fill, not a verified classification; column retired in favor of structural binary flags (frond/cladode/phyllode/microphyll) plus functional_leaf"
Erica daphniflora,Erica daphniflora,Erica daphniflora,leaf,leaf,0,2026-08-11,"leaf_type 'leaf' value found to reflect an undocumented default fill, not a verified classification; column retired in favor of structural binary flags (frond/cladode/phyllode/microphyll) plus functional_leaf"
Erica demissa,Erica demissa,Erica coccinea,leaf,leaf,0,2026-08-11,"leaf_type 'leaf' value found to reflect an undocumented default fill, not a verified classification; column retired in favor of structural binary flags (frond/cladode/phyllode/microphyll) plus functional_leaf"
Erica densifolia,Erica densifolia,Erica densifolia,leaf,leaf,0,2026-08-11,"leaf_type 'leaf' value found to reflect an undocumented default fill, not a verified classification; column retired in favor of structural binary flags (frond/cladode/phyllode/microphyll) plus functional_leaf"
Erica desmantha,Erica desmantha,Erica desmantha,leaf,leaf,0,2026-08-11,"leaf_type 'leaf' value found to reflect an undocumented default fill, not a verified classification; column retired in favor of structural binary flags (frond/cladode/phyllode/microphyll) plus functional_leaf"
Erica dianthifolia,Erica dianthifolia,Erica dianthifolia,leaf,leaf,0,2026-08-11,"leaf_type 'leaf' value found to reflect an undocumented default fill, not a verified classification; column retired in favor of structural binary flags (frond/cladode/phyllode/microphyll) plus functional_leaf"
Erica discolor,Erica discolor,Erica discolor,leaf,leaf,0,2026-08-11,"leaf_type 'leaf' value found to reflect an undocumented default fill, not a verified classification; column retired in favor of structural binary flags (frond/cladode/phyllode/microphyll) plus functional_leaf"
Erica distorta,Erica speciosa,Erica distorta,leaf,leaf,0,2026-08-11,"leaf_type 'leaf' value found to reflect an undocumented default fill, not a verified classification; column retired in favor of structural binary flags (frond/cladode/phyllode/microphyll) plus functional_leaf"
Erica dodii,Erica dodii,Erica dodii,leaf,leaf,0,2026-08-11,"leaf_type 'leaf' value found to reflect an undocumented default fill, not a verified classification; column retired in favor of structural binary flags (frond/cladode/phyllode/microphyll) plus functional_leaf"
Erica eburnea,Erica eburnea,Erica eburnea,leaf,leaf,0,2026-08-11,"leaf_type 'leaf' value found to reflect an undocumented default fill, not a verified classification; column retired in favor of structural binary flags (frond/cladode/phyllode/microphyll) plus functional_leaf"
Erica equisetifolia,Erica equisetifolia,Erica equisetifolia,leaf,leaf,0,2026-08-11,"leaf_type 'leaf' value found to reflect an undocumented default fill, not a verified classification; column retired in favor of structural binary flags (frond/cladode/phyllode/microphyll) plus functional_leaf"
Erica ericoides,Erica ericoides,Erica ericoides,leaf,leaf,0,2026-08-11,"leaf_type 'leaf' value found to reflect an undocumented default fill, not a verified classification; column retired in favor of structural binary flags (frond/cladode/phyllode/microphyll) plus functional_leaf"
Erica exleeana,Erica exleeana,Erica exleeana,leaf,leaf,0,2026-08-11,"leaf_type 'leaf' value found to reflect an undocumented default fill, not a verified classification; column retired in favor of structural binary flags (frond/cladode/phyllode/microphyll) plus functional_leaf"
Erica fascicularis,Erica fascicularis,Erica fascicularis,leaf,leaf,0,2026-08-11,"leaf_type 'leaf' value found to reflect an undocumented default fill, not a verified classification; column retired in favor of structural binary flags (frond/cladode/phyllode/microphyll) plus functional_leaf"
Erica fastigiata,Erica fastigiata,Erica fastigiata,leaf,leaf,0,2026-08-11,"leaf_type 'leaf' value found to reflect an undocumented default fill, not a verified classification; column retired in favor of structural binary flags (frond/cladode/phyllode/microphyll) plus functional_leaf"
Erica galpinii,Erica galpinii,Erica galpinii,leaf,leaf,0,2026-08-11,"leaf_type 'leaf' value found to reflect an undocumented default fill, not a verified classification; column retired in favor of structural binary flags (frond/cladode/phyllode/microphyll) plus functional_leaf"
Erica gigantea,Erica gigantea,Erica gigantea,leaf,leaf,0,2026-08-11,"leaf_type 'leaf' value found to reflect an undocumented default fill, not a verified classification; column retired in favor of structural binary flags (frond/cladode/phyllode/microphyll) plus functional_leaf"
Erica glabella,Erica glabella,Erica glabella,leaf,leaf,0,2026-08-11,"leaf_type 'leaf' value found to reflect an undocumented default fill, not a verified classification; column retired in favor of structural binary flags (frond/cladode/phyllode/microphyll) plus functional_leaf"
Erica gnaphaloides,Erica gnaphaloides,Erica gnaphaloides,leaf,leaf,0,2026-08-11,"leaf_type 'leaf' value found to reflect an undocumented default fill, not a verified classification; column retired in favor of structural binary flags (frond/cladode/phyllode/microphyll) plus functional_leaf"
Erica gracilipes,Erica gracilipes,Erica gracilipes,leaf,leaf,0,2026-08-11,"leaf_type 'leaf' value found to reflect an undocumented default fill, not a verified classification; column retired in favor of structural binary flags (frond/cladode/phyllode/microphyll) plus functional_leaf"
Erica gracilis,Erica gracilis,Erica gracilis,leaf,leaf,0,2026-08-11,"leaf_type 'leaf' value found to reflect an undocumented default fill, not a verified classification; column retired in favor of structural binary flags (frond/cladode/phyllode/microphyll) plus functional_leaf"
Erica granulatifolia,Erica granulatifolia,Erica granulatifolia,leaf,leaf,0,2026-08-11,"leaf_type 'leaf' value found to reflect an undocumented default fill, not a verified classification; column retired in favor of structural binary flags (frond/cladode/phyllode/microphyll) plus functional_leaf"
Erica grata,Erica grata,Erica grata,leaf,leaf,0,2026-08-11,"leaf_type 'leaf' value found to reflect an undocumented default fill, not a verified classification; column retired in favor of structural binary flags (frond/cladode/phyllode/microphyll) plus functional_leaf"
Erica gysbertii,Erica gysbertii,Erica gysbertii,leaf,leaf,0,2026-08-11,"leaf_type 'leaf' value found to reflect an undocumented default fill, not a verified classification; column retired in favor of structural binary flags (frond/cladode/phyllode/microphyll) plus functional_leaf"
Erica haematosiphon,Erica haematosiphon,Erica haematosiphon,leaf,leaf,0,2026-08-11,"leaf_type 'leaf' value found to reflect an undocumented default fill, not a verified classification; column retired in favor of structural binary flags (frond/cladode/phyllode/microphyll) plus functional_leaf"
Erica hirtiflora,Erica hirtiflora,Erica hirtiflora,leaf,leaf,0,2026-08-11,"leaf_type 'leaf' value found to reflect an undocumented default fill, not a verified classification; column retired in favor of structural binary flags (frond/cladode/phyllode/microphyll) plus functional_leaf"
Erica hispidula,Erica hispidula,Erica hispidula,leaf,leaf,0,2026-08-11,"leaf_type 'leaf' value found to reflect an undocumented default fill, not a verified classification; column retired in favor of structural binary flags (frond/cladode/phyllode/microphyll) plus functional_leaf"
Erica imbricata,Erica imbricata,Erica imbricata,leaf,leaf,0,2026-08-11,"leaf_type 'leaf' value found to reflect an undocumented default fill, not a verified classification; column retired in favor of structural binary flags (frond/cladode/phyllode/microphyll) plus functional_leaf"
Erica inflata,Erica inflata,Erica inflata,leaf,leaf,0,2026-08-11,"leaf_type 'leaf' value found to reflect an undocumented default fill, not a verified classification; column retired in favor of structural binary flags (frond/cladode/phyllode/microphyll) plus functional_leaf"
Erica infundibuliformis,Erica infundibuliformis,Erica infundibuliformis,leaf,leaf,0,2026-08-11,"leaf_type 'leaf' value found to reflect an undocumented default fill, not a verified classification; column retired in favor of structural binary flags (frond/cladode/phyllode/microphyll) plus functional_leaf"
Erica intervallaris,Erica intervallaris,Erica intervallaris,leaf,leaf,0,2026-08-11,"leaf_type 'leaf' value found to reflect an undocumented default fill, not a verified classification; column retired in favor of structural binary flags (frond/cladode/phyllode/microphyll) plus functional_leaf"
Erica intonsa,Erica intonsa,Erica intonsa,leaf,leaf,0,2026-08-11,"leaf_type 'leaf' value found to reflect an undocumented default fill, not a verified classification; column retired in favor of structural binary flags (frond/cladode/phyllode/microphyll) plus functional_leaf"
Erica kougabergensis,Erica kougabergensis,Erica kougabergensis,leaf,leaf,0,2026-08-11,"leaf_type 'leaf' value found to reflect an undocumented default fill, not a verified classification; column retired in favor of structural binary flags (frond/cladode/phyllode/microphyll) plus functional_leaf"
Erica labialis,Erica labialis,Erica labialis,leaf,leaf,0,2026-08-11,"leaf_type 'leaf' value found to reflect an undocumented default fill, not a verified classification; column retired in favor of structural binary flags (frond/cladode/phyllode/microphyll) plus functional_leaf"
Erica laeta,Erica laeta,Erica laeta,leaf,leaf,0,2026-08-11,"leaf_type 'leaf' value found to reflect an undocumented default fill, not a verified classification; column retired in favor of structural binary flags (frond/cladode/phyllode/microphyll) plus functional_leaf"
Erica lasciva,Erica lasciva,Erica lasciva,leaf,leaf,0,2026-08-11,"leaf_type 'leaf' value found to reflect an undocumented default fill, not a verified classification; column retired in favor of structural binary flags (frond/cladode/phyllode/microphyll) plus functional_leaf"
Erica longimontana,Erica longimontana,Erica longimontana,leaf,leaf,0,2026-08-11,"leaf_type 'leaf' value found to reflect an undocumented default fill, not a verified classification; column retired in favor of structural binary flags (frond/cladode/phyllode/microphyll) plus functional_leaf"
Erica macowanii,Erica macowanii,Erica macowanii,leaf,leaf,0,2026-08-11,"leaf_type 'leaf' value found to reflect an undocumented default fill, not a verified classification; column retired in favor of structural binary flags (frond/cladode/phyllode/microphyll) plus functional_leaf"
Erica madida,Erica madida,Erica madida,leaf,leaf,0,2026-08-11,"leaf_type 'leaf' value found to reflect an undocumented default fill, not a verified classification; column retired in favor of structural binary flags (frond/cladode/phyllode/microphyll) plus functional_leaf"
Erica mammosa,Erica mammosa,Erica mammosa,leaf,leaf,0,2026-08-11,"leaf_type 'leaf' value found to reflect an undocumented default fill, not a verified classification; column retired in favor of structural binary flags (frond/cladode/phyllode/microphyll) plus functional_leaf"
Erica massonii,Erica massonii,Erica massonii,leaf,leaf,0,2026-08-11,"leaf_type 'leaf' value found to reflect an undocumented default fill, not a verified classification; column retired in favor of structural binary flags (frond/cladode/phyllode/microphyll) plus functional_leaf"
Erica melanthera,Erica melanthera,Erica melanthera,leaf,leaf,0,2026-08-11,"leaf_type 'leaf' value found to reflect an undocumented default fill, not a verified classification; column retired in favor of structural binary flags (frond/cladode/phyllode/microphyll) plus functional_leaf"
Erica monadelphia,Erica monadelphia,Erica monadelphia,leaf,leaf,0,2026-08-11,"leaf_type 'leaf' value found to reflect an undocumented default fill, not a verified classification; column retired in favor of structural binary flags (frond/cladode/phyllode/microphyll) plus functional_leaf"
Erica mucronata,Erica mucronata,Erica mucronata,leaf,leaf,0,2026-08-11,"leaf_type 'leaf' value found to reflect an undocumented default fill, not a verified classification; column retired in favor of structural binary flags (frond/cladode/phyllode/microphyll) plus functional_leaf"
Erica multumbellifera,Erica multumbellifera,Erica multumbellifera,leaf,leaf,0,2026-08-11,"leaf_type 'leaf' value found to reflect an undocumented default fill, not a verified classification; column retired in favor of structural binary flags (frond/cladode/phyllode/microphyll) plus functional_leaf"
Erica muscosa,Erica muscosa,Erica muscosa,leaf,leaf,0,2026-08-11,"leaf_type 'leaf' value found to reflect an undocumented default fill, not a verified classification; column retired in favor of structural binary flags (frond/cladode/phyllode/microphyll) plus functional_leaf"
Erica nabea,Erica nabea,Erica nabea,leaf,leaf,0,2026-08-11,"leaf_type 'leaf' value found to reflect an undocumented default fill, not a verified classification; column retired in favor of structural binary flags (frond/cladode/phyllode/microphyll) plus functional_leaf"
Erica newdigateae,Erica newdigateae,Erica newdigateae,leaf,leaf,0,2026-08-11,"leaf_type 'leaf' value found to reflect an undocumented default fill, not a verified classification; column retired in favor of structural binary flags (frond/cladode/phyllode/microphyll) plus functional_leaf"
Erica nudiflora,Erica nudiflora,Erica nudiflora,leaf,leaf,0,2026-08-11,"leaf_type 'leaf' value found to reflect an undocumented default fill, not a verified classification; column retired in favor of structural binary flags (frond/cladode/phyllode/microphyll) plus functional_leaf"
Erica nutans,Erica deliciosa,Erica nutans,leaf,leaf,0,2026-08-11,"leaf_type 'leaf' value found to reflect an undocumented default fill, not a verified classification; column retired in favor of structural binary flags (frond/cladode/phyllode/microphyll) plus functional_leaf"
Erica obliqua,Erica obliqua,Erica obliqua,leaf,leaf,0,2026-08-11,"leaf_type 'leaf' value found to reflect an undocumented default fill, not a verified classification; column retired in favor of structural binary flags (frond/cladode/phyllode/microphyll) plus functional_leaf"
Erica omninoglabra,Erica omninoglabra,Erica omninoglabra,leaf,leaf,0,2026-08-11,"leaf_type 'leaf' value found to reflect an undocumented default fill, not a verified classification; column retired in favor of structural binary flags (frond/cladode/phyllode/microphyll) plus functional_leaf"
Erica oresigena,Erica oresigena,Erica oresigena,leaf,leaf,0,2026-08-11,"leaf_type 'leaf' value found to reflect an undocumented default fill, not a verified classification; column retired in favor of structural binary flags (frond/cladode/phyllode/microphyll) plus functional_leaf"
Erica palliiflora,Erica palliiflora,Erica palliiflora,leaf,leaf,0,2026-08-11,"leaf_type 'leaf' value found to reflect an undocumented default fill, not a verified classification; column retired in favor of structural binary flags (frond/cladode/phyllode/microphyll) plus functional_leaf"
Erica parilis,Erica parilis,Erica parilis,leaf,leaf,0,2026-08-11,"leaf_type 'leaf' value found to reflect an undocumented default fill, not a verified classification; column retired in favor of structural binary flags (frond/cladode/phyllode/microphyll) plus functional_leaf"
Erica parviflora,Erica parviflora,Erica parviflora,leaf,leaf,0,2026-08-11,"leaf_type 'leaf' value found to reflect an undocumented default fill, not a verified classification; column retired in favor of structural binary flags (frond/cladode/phyllode/microphyll) plus functional_leaf"
Erica passerinaee,Erica passerinae,Erica passerina,leaf,leaf,0,2026-08-11,"leaf_type 'leaf' value found to reflect an undocumented default fill, not a verified classification; column retired in favor of structural binary flags (frond/cladode/phyllode/microphyll) plus functional_leaf"
Erica pectinifolia,Erica pectinifolia,Erica pectinifolia,leaf,leaf,0,2026-08-11,"leaf_type 'leaf' value found to reflect an undocumented default fill, not a verified classification; column retired in favor of structural binary flags (frond/cladode/phyllode/microphyll) plus functional_leaf"
Erica penicilliformis,Erica penicilliformis,Erica penicilliformis,leaf,leaf,0,2026-08-11,"leaf_type 'leaf' value found to reflect an undocumented default fill, not a verified classification; column retired in favor of structural binary flags (frond/cladode/phyllode/microphyll) plus functional_leaf"
Erica perspicua,Erica perspicua,Erica perspicua,leaf,leaf,0,2026-08-11,"leaf_type 'leaf' value found to reflect an undocumented default fill, not a verified classification; column retired in favor of structural binary flags (frond/cladode/phyllode/microphyll) plus functional_leaf"
Erica petraea,Erica petraea,Erica petraea,leaf,leaf,0,2026-08-11,"leaf_type 'leaf' value found to reflect an undocumented default fill, not a verified classification; column retired in favor of structural binary flags (frond/cladode/phyllode/microphyll) plus functional_leaf"
Erica placentiflora,Erica placentiflora,Erica placentiflora,leaf,leaf,0,2026-08-11,"leaf_type 'leaf' value found to reflect an undocumented default fill, not a verified classification; column retired in favor of structural binary flags (frond/cladode/phyllode/microphyll) plus functional_leaf"
Erica plukenetii,Erica breviflora,Erica plukenetii,leaf,leaf,0,2026-08-11,"leaf_type 'leaf' value found to reflect an undocumented default fill, not a verified classification; column retired in favor of structural binary flags (frond/cladode/phyllode/microphyll) plus functional_leaf"
Erica plumosa,Erica plumosa,Erica plumosa,leaf,leaf,0,2026-08-11,"leaf_type 'leaf' value found to reflect an undocumented default fill, not a verified classification; column retired in favor of structural binary flags (frond/cladode/phyllode/microphyll) plus functional_leaf"
Erica podophylla,Erica podophylla,Erica podophylla,leaf,leaf,0,2026-08-11,"leaf_type 'leaf' value found to reflect an undocumented default fill, not a verified classification; column retired in favor of structural binary flags (frond/cladode/phyllode/microphyll) plus functional_leaf"
Erica pubigera,Erica pubigera,Erica pubigera,leaf,leaf,0,2026-08-11,"leaf_type 'leaf' value found to reflect an undocumented default fill, not a verified classification; column retired in favor of structural binary flags (frond/cladode/phyllode/microphyll) plus functional_leaf"
Erica pulchella,Erica pulchella,Erica pulchella,leaf,leaf,0,2026-08-11,"leaf_type 'leaf' value found to reflect an undocumented default fill, not a verified classification; column retired in favor of structural binary flags (frond/cladode/phyllode/microphyll) plus functional_leaf"
Erica quadrangularis,Erica quadrangularis,Erica quadrangularis,leaf,leaf,0,2026-08-11,"leaf_type 'leaf' value found to reflect an undocumented default fill, not a verified classification; column retired in favor of structural binary flags (frond/cladode/phyllode/microphyll) plus functional_leaf"
Erica regerminans,Erica regerminans,Erica regerminans,leaf,leaf,0,2026-08-11,"leaf_type 'leaf' value found to reflect an undocumented default fill, not a verified classification; column retired in favor of structural binary flags (frond/cladode/phyllode/microphyll) plus functional_leaf"
Erica retorta,Erica retorta,Erica retorta,leaf,leaf,0,2026-08-11,"leaf_type 'leaf' value found to reflect an undocumented default fill, not a verified classification; column retired in favor of structural binary flags (frond/cladode/phyllode/microphyll) plus functional_leaf"
Erica rhodantha,Erica rhodantha,Erica rhodella,leaf,leaf,0,2026-08-11,"leaf_type 'leaf' value found to reflect an undocumented default fill, not a verified classification; column retired in favor of structural binary flags (frond/cladode/phyllode/microphyll) plus functional_leaf"
Erica rigidula,Erica rigidula,Erica rigidula,leaf,leaf,0,2026-08-11,"leaf_type 'leaf' value found to reflect an undocumented default fill, not a verified classification; column retired in favor of structural binary flags (frond/cladode/phyllode/microphyll) plus functional_leaf"
Erica rosacea,Erica rosacea,Erica rosacea,leaf,leaf,0,2026-08-11,"leaf_type 'leaf' value found to reflect an undocumented default fill, not a verified classification; column retired in favor of structural binary flags (frond/cladode/phyllode/microphyll) plus functional_leaf"
Erica seriphiifolia,Erica seriphiifolia,Erica seriphiifolia,leaf,leaf,0,2026-08-11,"leaf_type 'leaf' value found to reflect an undocumented default fill, not a verified classification; column retired in favor of structural binary flags (frond/cladode/phyllode/microphyll) plus functional_leaf"
Erica serrata,Erica serrata,Erica serrata,leaf,leaf,0,2026-08-11,"leaf_type 'leaf' value found to reflect an undocumented default fill, not a verified classification; column retired in favor of structural binary flags (frond/cladode/phyllode/microphyll) plus functional_leaf"
Erica sessiliflora,Erica sessiliflora,Erica sessiliflora,leaf,leaf,0,2026-08-11,"leaf_type 'leaf' value found to reflect an undocumented default fill, not a verified classification; column retired in favor of structural binary flags (frond/cladode/phyllode/microphyll) plus functional_leaf"
Erica similis,Erica similis,Erica similis,leaf,leaf,0,2026-08-11,"leaf_type 'leaf' value found to reflect an undocumented default fill, not a verified classification; column retired in favor of structural binary flags (frond/cladode/phyllode/microphyll) plus functional_leaf"
Erica simulans,Erica simulans,Erica simulans,leaf,leaf,0,2026-08-11,"leaf_type 'leaf' value found to reflect an undocumented default fill, not a verified classification; column retired in favor of structural binary flags (frond/cladode/phyllode/microphyll) plus functional_leaf"
Erica sitiens,Erica sitiens,Erica sitiens,leaf,leaf,0,2026-08-11,"leaf_type 'leaf' value found to reflect an undocumented default fill, not a verified classification; column retired in favor of structural binary flags (frond/cladode/phyllode/microphyll) plus functional_leaf"
Erica sparrmannii,Erica sparrmannii,Erica sparrmannii,leaf,leaf,0,2026-08-11,"leaf_type 'leaf' value found to reflect an undocumented default fill, not a verified classification; column retired in favor of structural binary flags (frond/cladode/phyllode/microphyll) plus functional_leaf"
Erica spumosa,Erica spumosa,Erica spumosa,leaf,leaf,0,2026-08-11,"leaf_type 'leaf' value found to reflect an undocumented default fill, not a verified classification; column retired in favor of structural binary flags (frond/cladode/phyllode/microphyll) plus functional_leaf"
Erica squarrosa,Erica squarrosa,Erica squarrosa,leaf,leaf,0,2026-08-11,"leaf_type 'leaf' value found to reflect an undocumented default fill, not a verified classification; column retired in favor of structural binary flags (frond/cladode/phyllode/microphyll) plus functional_leaf"
Erica stenantha,Erica stenantha,Erica cylindrica,leaf,leaf,0,2026-08-11,"leaf_type 'leaf' value found to reflect an undocumented default fill, not a verified classification; column retired in favor of structural binary flags (frond/cladode/phyllode/microphyll) plus functional_leaf"
Erica strigilifolia,Erica strigilifolia,Erica strigilifolia,leaf,leaf,0,2026-08-11,"leaf_type 'leaf' value found to reflect an undocumented default fill, not a verified classification; column retired in favor of structural binary flags (frond/cladode/phyllode/microphyll) plus functional_leaf"
Erica subcapitata,Erica subcapitata,Erica subcapitata,leaf,leaf,0,2026-08-11,"leaf_type 'leaf' value found to reflect an undocumented default fill, not a verified classification; column retired in favor of structural binary flags (frond/cladode/phyllode/microphyll) plus functional_leaf"
Erica subdivaricata,Erica subdivaricata,Erica subdivaricata,leaf,leaf,0,2026-08-11,"leaf_type 'leaf' value found to reflect an undocumented default fill, not a verified classification; column retired in favor of structural binary flags (frond/cladode/phyllode/microphyll) plus functional_leaf"
Erica thamnoides,Erica thamnoides,Erica thamnoides,leaf,leaf,0,2026-08-11,"leaf_type 'leaf' value found to reflect an undocumented default fill, not a verified classification; column retired in favor of structural binary flags (frond/cladode/phyllode/microphyll) plus functional_leaf"
Erica thomae,Erica tenax,Erica thomae,leaf,leaf,0,2026-08-11,"leaf_type 'leaf' value found to reflect an undocumented default fill, not a verified classification; column retired in favor of structural binary flags (frond/cladode/phyllode/microphyll) plus functional_leaf"
Erica trachysantha,Erica trachysantha,Erica trachysantha,leaf,leaf,0,2026-08-11,"leaf_type 'leaf' value found to reflect an undocumented default fill, not a verified classification; column retired in favor of structural binary flags (frond/cladode/phyllode/microphyll) plus functional_leaf"
Erica tragulifera,Erica tragulifera,Erica tragulifera,leaf,leaf,0,2026-08-11,"leaf_type 'leaf' value found to reflect an undocumented default fill, not a verified classification; column retired in favor of structural binary flags (frond/cladode/phyllode/microphyll) plus functional_leaf"
Erica transparens,Erica transparens,Erica transparens,leaf,leaf,0,2026-08-11,"leaf_type 'leaf' value found to reflect an undocumented default fill, not a verified classification; column retired in favor of structural binary flags (frond/cladode/phyllode/microphyll) plus functional_leaf"
Erica triceps,Erica triceps,Erica triceps,leaf,leaf,0,2026-08-11,"leaf_type 'leaf' value found to reflect an undocumented default fill, not a verified classification; column retired in favor of structural binary flags (frond/cladode/phyllode/microphyll) plus functional_leaf"
Erica tristis,Erica tristis,Erica tristis,leaf,leaf,0,2026-08-11,"leaf_type 'leaf' value found to reflect an undocumented default fill, not a verified classification; column retired in favor of structural binary flags (frond/cladode/phyllode/microphyll) plus functional_leaf"
Erica uberiflora,Erica uberiflora,Erica uberiflora,leaf,leaf,0,2026-08-11,"leaf_type 'leaf' value found to reflect an undocumented default fill, not a verified classification; column retired in favor of structural binary flags (frond/cladode/phyllode/microphyll) plus functional_leaf"
Erica umbelliflora,Erica umbelliflora,Erica umbelliflora,leaf,leaf,0,2026-08-11,"leaf_type 'leaf' value found to reflect an undocumented default fill, not a verified classification; column retired in favor of structural binary flags (frond/cladode/phyllode/microphyll) plus functional_leaf"
Erica unilateralis,Erica unilateralis,Erica unilateralis,leaf,leaf,0,2026-08-11,"leaf_type 'leaf' value found to reflect an undocumented default fill, not a verified classification; column retired in favor of structural binary flags (frond/cladode/phyllode/microphyll) plus functional_leaf"
Erica velitaris,Erica velitaris,Erica velitaris,leaf,leaf,0,2026-08-11,"leaf_type 'leaf' value found to reflect an undocumented default fill, not a verified classification; column retired in favor of structural binary flags (frond/cladode/phyllode/microphyll) plus functional_leaf"
Erica verecunda,Erica verecunda,Erica verecunda,leaf,leaf,0,2026-08-11,"leaf_type 'leaf' value found to reflect an undocumented default fill, not a verified classification; column retired in favor of structural binary flags (frond/cladode/phyllode/microphyll) plus functional_leaf"
Erica versicolor,Erica versicolor,Erica versicolor,leaf,leaf,0,2026-08-11,"leaf_type 'leaf' value found to reflect an undocumented default fill, not a verified classification; column retired in favor of structural binary flags (frond/cladode/phyllode/microphyll) plus functional_leaf"
Erica vestita,Erica vestita,Erica vestita,leaf,leaf,0,2026-08-11,"leaf_type 'leaf' value found to reflect an undocumented default fill, not a verified classification; column retired in favor of structural binary flags (frond/cladode/phyllode/microphyll) plus functional_leaf"
Erica viscaria,Erica patersonia,Erica viscaria,leaf,leaf,0,2026-08-11,"leaf_type 'leaf' value found to reflect an undocumented default fill, not a verified classification; column retired in favor of structural binary flags (frond/cladode/phyllode/microphyll) plus functional_leaf"
Erica winteri,Erica winteri,Erica lambertii,leaf,leaf,0,2026-08-11,"leaf_type 'leaf' value found to reflect an undocumented default fill, not a verified classification; column retired in favor of structural binary flags (frond/cladode/phyllode/microphyll) plus functional_leaf"
Eriocephalus africanus,Eriocephalus africanus,Eriocephalus africanus,leaf,leaf,0,2026-08-11,"leaf_type 'leaf' value found to reflect an undocumented default fill, not a verified classification; column retired in favor of structural binary flags (frond/cladode/phyllode/microphyll) plus functional_leaf"
Eriocephalus racemosus,Eriocephalus racemosus,Eriocephalus racemosus,leaf,leaf,0,2026-08-11,"leaf_type 'leaf' value found to reflect an undocumented default fill, not a verified classification; column retired in favor of structural binary flags (frond/cladode/phyllode/microphyll) plus functional_leaf"
Eriospermum capense,Eriospermum capense,Eriospermum capense,leaf,leaf,0,2026-08-11,"leaf_type 'leaf' value found to reflect an undocumented default fill, not a verified classification; column retired in favor of structural binary flags (frond/cladode/phyllode/microphyll) plus functional_leaf"
Eriospermum lanuginosum,Eriospermum lanuginosum,Eriospermum lanuginosum,leaf,leaf,0,2026-08-11,"leaf_type 'leaf' value found to reflect an undocumented default fill, not a verified classification; column retired in favor of structural binary flags (frond/cladode/phyllode/microphyll) plus functional_leaf"
Euchaetis vallis-simiae,Euchaetis vallis-simiae,Euchaetis vallis-simiae,leaf,leaf,0,2026-08-11,"leaf_type 'leaf' value found to reflect an undocumented default fill, not a verified classification; column retired in favor of structural binary flags (frond/cladode/phyllode/microphyll) plus functional_leaf"
Euclea acutifolia,Euclea acutifolia,Euclea acutifolia,leaf,leaf,0,2026-08-11,"leaf_type 'leaf' value found to reflect an undocumented default fill, not a verified classification; column retired in favor of structural binary flags (frond/cladode/phyllode/microphyll) plus functional_leaf"
Euclea crispa,Euclea crispa,Euclea crispa,leaf,leaf,0,2026-08-11,"leaf_type 'leaf' value found to reflect an undocumented default fill, not a verified classification; column retired in favor of structural binary flags (frond/cladode/phyllode/microphyll) plus functional_leaf"
Euclea lancea,Euclea lancea,Euclea lancea,leaf,leaf,0,2026-08-11,"leaf_type 'leaf' value found to reflect an undocumented default fill, not a verified classification; column retired in favor of structural binary flags (frond/cladode/phyllode/microphyll) plus functional_leaf"
Euclea natalensis,Euclea natalensis,Euclea natalensis,leaf,leaf,0,2026-08-11,"leaf_type 'leaf' value found to reflect an undocumented default fill, not a verified classification; column retired in favor of structural binary flags (frond/cladode/phyllode/microphyll) plus functional_leaf"
Euclea polyandra,Euclea polyandra,Euclea polyandra,leaf,leaf,0,2026-08-11,"leaf_type 'leaf' value found to reflect an undocumented default fill, not a verified classification; column retired in favor of structural binary flags (frond/cladode/phyllode/microphyll) plus functional_leaf"
Euclea racemosa,Euclea racemosa,Euclea racemosa,leaf,leaf,0,2026-08-11,"leaf_type 'leaf' value found to reflect an undocumented default fill, not a verified classification; column retired in favor of structural binary flags (frond/cladode/phyllode/microphyll) plus functional_leaf"
Euclea schimperi,Euclea schimperi,Euclea racemosa subsp. schimperi,leaf,leaf,0,2026-08-11,"leaf_type 'leaf' value found to reflect an undocumented default fill, not a verified classification; column retired in favor of structural binary flags (frond/cladode/phyllode/microphyll) plus functional_leaf"
Euclea tomentosa,Euclea tomentosa,Euclea tomentosa,leaf,leaf,0,2026-08-11,"leaf_type 'leaf' value found to reflect an undocumented default fill, not a verified classification; column retired in favor of structural binary flags (frond/cladode/phyllode/microphyll) plus functional_leaf"
Euclea undulata,Euclea undulata,Euclea undulata,leaf,leaf,0,2026-08-11,"leaf_type 'leaf' value found to reflect an undocumented default fill, not a verified classification; column retired in favor of structural binary flags (frond/cladode/phyllode/microphyll) plus functional_leaf"
Euphorbia erythrina,Euphorbia erythrina,Euphorbia genistoides,leaf,leaf,0,2026-08-11,"leaf_type 'leaf' value found to reflect an undocumented default fill, not a verified classification; column retired in favor of structural binary flags (frond/cladode/phyllode/microphyll) plus functional_leaf"
Euphorbia genistoides,Euphorbia genistoides,Euphorbia genistoides,leaf,leaf,0,2026-08-11,"leaf_type 'leaf' value found to reflect an undocumented default fill, not a verified classification; column retired in favor of structural binary flags (frond/cladode/phyllode/microphyll) plus functional_leaf"
Euphorbia grandidens,Euphorbia grandidens,Euphorbia grandidens,leaf,culm_stem,1,2026-08-11,"leaf_type 'leaf' value found to reflect an undocumented default fill, not a verified classification; column retired in favor of structural binary flags (frond/cladode/phyllode/microphyll) plus functional_leaf"
Euphorbia heptagona,Euphorbia heptagona,Euphorbia heptagona,leaf,culm_stem,1,2026-08-11,"leaf_type 'leaf' value found to reflect an undocumented default fill, not a verified classification; column retired in favor of structural binary flags (frond/cladode/phyllode/microphyll) plus functional_leaf"
Euphorbia loricata,Euphorbia loricata,Euphorbia loricata,leaf,mixed,0,2026-08-11,"leaf_type 'leaf' value found to reflect an undocumented default fill, not a verified classification; column retired in favor of structural binary flags (frond/cladode/phyllode/microphyll) plus functional_leaf"
Euphorbia mauritanica,Euphorbia mauritanica,Euphorbia mauritanica,leaf,culm_stem,1,2026-08-11,"leaf_type 'leaf' value found to reflect an undocumented default fill, not a verified classification; column retired in favor of structural binary flags (frond/cladode/phyllode/microphyll) plus functional_leaf"
Euphorbia polygona,Euphorbia polygona,Euphorbia polygona,leaf,culm_stem,1,2026-08-11,"leaf_type 'leaf' value found to reflect an undocumented default fill, not a verified classification; column retired in favor of structural binary flags (frond/cladode/phyllode/microphyll) plus functional_leaf"
Euphorbia rhombifolia,Euphorbia rhombifolia,Euphorbia rhombifolia,leaf,culm_stem,1,2026-08-11,"leaf_type 'leaf' value found to reflect an undocumented default fill, not a verified classification; column retired in favor of structural binary flags (frond/cladode/phyllode/microphyll) plus functional_leaf"
Euphorbia silenifolia,Euphorbia silenifolia,Euphorbia silenifolia,leaf,leaf,0,2026-08-11,"leaf_type 'leaf' value found to reflect an undocumented default fill, not a verified classification; column retired in favor of structural binary flags (frond/cladode/phyllode/microphyll) plus functional_leaf"
Euphorbia tuberosa,Euphorbia tuberosa,Euphorbia tuberosa,leaf,leaf,0,2026-08-11,"leaf_type 'leaf' value found to reflect an undocumented default fill, not a verified classification; column retired in favor of structural binary flags (frond/cladode/phyllode/microphyll) plus functional_leaf"
Euryops abrotanifolius,Euryops abrotanifolius,Euryops abrotanifolius,leaf,leaf,0,2026-08-11,"leaf_type 'leaf' value found to reflect an undocumented default fill, not a verified classification; column retired in favor of structural binary flags (frond/cladode/phyllode/microphyll) plus functional_leaf"
Euryops erectus,Euryops erectus,Euryops erectus,leaf,leaf,0,2026-08-11,"leaf_type 'leaf' value found to reflect an undocumented default fill, not a verified classification; column retired in favor of structural binary flags (frond/cladode/phyllode/microphyll) plus functional_leaf"
Euryops euryopoides,Euryops euryopoides,Euryops euryopoides,leaf,leaf,0,2026-08-11,"leaf_type 'leaf' value found to reflect an undocumented default fill, not a verified classification; column retired in favor of structural binary flags (frond/cladode/phyllode/microphyll) plus functional_leaf"
Euryops munitus,Euryops munitus,Euryops munitus,leaf,leaf,0,2026-08-11,"leaf_type 'leaf' value found to reflect an undocumented default fill, not a verified classification; column retired in favor of structural binary flags (frond/cladode/phyllode/microphyll) plus functional_leaf"
Euryops pinnatipartitus,Euryops pinnatipartitus,Euryops pinnatipartitus,leaf,leaf,0,2026-08-11,"leaf_type 'leaf' value found to reflect an undocumented default fill, not a verified classification; column retired in favor of structural binary flags (frond/cladode/phyllode/microphyll) plus functional_leaf"
Euryops rehmannii,Euryops rehmannii,Euryops rehmannii,leaf,leaf,0,2026-08-11,"leaf_type 'leaf' value found to reflect an undocumented default fill, not a verified classification; column retired in favor of structural binary flags (frond/cladode/phyllode/microphyll) plus functional_leaf"
Euryops spathaceus,Euryops spathaceus,Euryops spathaceus,leaf,leaf,0,2026-08-11,"leaf_type 'leaf' value found to reflect an undocumented default fill, not a verified classification; column retired in favor of structural binary flags (frond/cladode/phyllode/microphyll) plus functional_leaf"
Euryops speciosissimus,Euryops speciosissimus,Euryops speciosissimus,leaf,leaf,0,2026-08-11,"leaf_type 'leaf' value found to reflect an undocumented default fill, not a verified classification; column retired in favor of structural binary flags (frond/cladode/phyllode/microphyll) plus functional_leaf"
Euryops tenuissimus,Euryops tenuissimus,Euryops tenuissimus,leaf,leaf,0,2026-08-11,"leaf_type 'leaf' value found to reflect an undocumented default fill, not a verified classification; column retired in favor of structural binary flags (frond/cladode/phyllode/microphyll) plus functional_leaf"
Euryops ursinoides,Euryops ursinoides,Euryops ursinoides,leaf,leaf,0,2026-08-11,"leaf_type 'leaf' value found to reflect an undocumented default fill, not a verified classification; column retired in favor of structural binary flags (frond/cladode/phyllode/microphyll) plus functional_leaf"
Eustachys paspaloides,Eustachys paspaloides,Eustachys paspaloides,leaf,leaf,0,2026-08-11,"leaf_type 'leaf' value found to reflect an undocumented default fill, not a verified classification; column retired in favor of structural binary flags (frond/cladode/phyllode/microphyll) plus functional_leaf"
Evotella carnosa,Corycium carnosum,Evotella carnosa,leaf,leaf,0,2026-08-11,"leaf_type 'leaf' value found to reflect an undocumented default fill, not a verified classification; column retired in favor of structural binary flags (frond/cladode/phyllode/microphyll) plus functional_leaf"
Exomis microphylla,Exomis microphylla,Exomis microphylla,leaf,leaf,0,2026-08-11,"leaf_type 'leaf' value found to reflect an undocumented default fill, not a verified classification; column retired in favor of structural binary flags (frond/cladode/phyllode/microphyll) plus functional_leaf"
Falkia repens,Falkia repens,Falkia repens,leaf,leaf,0,2026-08-11,"leaf_type 'leaf' value found to reflect an undocumented default fill, not a verified classification; column retired in favor of structural binary flags (frond/cladode/phyllode/microphyll) plus functional_leaf"
Felicia cymbalariae,Felicia cymbalariae,Felicia cymbalariae,leaf,leaf,0,2026-08-11,"leaf_type 'leaf' value found to reflect an undocumented default fill, not a verified classification; column retired in favor of structural binary flags (frond/cladode/phyllode/microphyll) plus functional_leaf"
Felicia diffusa,Felicia diffusa,Felicia diffusa,leaf,leaf,0,2026-08-11,"leaf_type 'leaf' value found to reflect an undocumented default fill, not a verified classification; column retired in favor of structural binary flags (frond/cladode/phyllode/microphyll) plus functional_leaf"
Felicia filifolia,Felicia filifolia,Felicia filifolia,leaf,leaf,0,2026-08-11,"leaf_type 'leaf' value found to reflect an undocumented default fill, not a verified classification; column retired in favor of structural binary flags (frond/cladode/phyllode/microphyll) plus functional_leaf"
Felicia fruticosa,Felicia fruticosa,Felicia fruticosa,leaf,leaf,0,2026-08-11,"leaf_type 'leaf' value found to reflect an undocumented default fill, not a verified classification; column retired in favor of structural binary flags (frond/cladode/phyllode/microphyll) plus functional_leaf"
Felicia joubertinae,Felicia joubertinae,Felicia joubertinae,leaf,leaf,0,2026-08-11,"leaf_type 'leaf' value found to reflect an undocumented default fill, not a verified classification; column retired in favor of structural binary flags (frond/cladode/phyllode/microphyll) plus functional_leaf"
Felicia microcephala,Felicia microcephala,Felicia microcephala,leaf,leaf,0,2026-08-11,"leaf_type 'leaf' value found to reflect an undocumented default fill, not a verified classification; column retired in favor of structural binary flags (frond/cladode/phyllode/microphyll) plus functional_leaf"
Felicia muricata,Felicia muricata,Felicia muricata,leaf,leaf,0,2026-08-11,"leaf_type 'leaf' value found to reflect an undocumented default fill, not a verified classification; column retired in favor of structural binary flags (frond/cladode/phyllode/microphyll) plus functional_leaf"
Festuca scabra,Festuca scabra,Festuca scabra,leaf,leaf,0,2026-08-11,"leaf_type 'leaf' value found to reflect an undocumented default fill, not a verified classification; column retired in favor of structural binary flags (frond/cladode/phyllode/microphyll) plus functional_leaf"
Ficinia acuminata,Ficinia acuminata,Ficinia acuminata,leaf,culm_stem,1,2026-08-11,"leaf_type 'leaf' value found to reflect an undocumented default fill, not a verified classification; column retired in favor of structural binary flags (frond/cladode/phyllode/microphyll) plus functional_leaf"
Ficinia anceps,Ficinia anceps,Ficinia anceps,leaf,mixed,0,2026-08-11,"leaf_type 'leaf' value found to reflect an undocumented default fill, not a verified classification; column retired in favor of structural binary flags (frond/cladode/phyllode/microphyll) plus functional_leaf"
Ficinia brevifolia,Ficinia brevifolia,Ficinia brevifolia,leaf,mixed,0,2026-08-11,"leaf_type 'leaf' value found to reflect an undocumented default fill, not a verified classification; column retired in favor of structural binary flags (frond/cladode/phyllode/microphyll) plus functional_leaf"
Ficinia bulbosa,Ficinia bulbosa,Ficinia bulbosa,leaf,mixed,0,2026-08-11,"leaf_type 'leaf' value found to reflect an undocumented default fill, not a verified classification; column retired in favor of structural binary flags (frond/cladode/phyllode/microphyll) plus functional_leaf"
Ficinia capillifolia,Ficinia capillifolia,Ficinia capillifolia,leaf,mixed,0,2026-08-11,"leaf_type 'leaf' value found to reflect an undocumented default fill, not a verified classification; column retired in favor of structural binary flags (frond/cladode/phyllode/microphyll) plus functional_leaf"
Ficinia capitella,Ficinia capitella,Ficinia capitella,leaf,mixed,0,2026-08-11,"leaf_type 'leaf' value found to reflect an undocumented default fill, not a verified classification; column retired in favor of structural binary flags (frond/cladode/phyllode/microphyll) plus functional_leaf"
Ficinia cedarbergensis,Ficinia cedarbergensis,Ficinia cedarbergensis,leaf,mixed,0,2026-08-11,"leaf_type 'leaf' value found to reflect an undocumented default fill, not a verified classification; column retired in favor of structural binary flags (frond/cladode/phyllode/microphyll) plus functional_leaf"
Ficinia deusta,Ficinia deusta,Ficinia deusta,leaf,mixed,0,2026-08-11,"leaf_type 'leaf' value found to reflect an undocumented default fill, not a verified classification; column retired in favor of structural binary flags (frond/cladode/phyllode/microphyll) plus functional_leaf"
Ficinia dunensis,Ficinia dunensis,Ficinia dunensis,leaf,mixed,0,2026-08-11,"leaf_type 'leaf' value found to reflect an undocumented default fill, not a verified classification; column retired in favor of structural binary flags (frond/cladode/phyllode/microphyll) plus functional_leaf"
Ficinia fascicularis,Ficinia fascicularis,Ficinia fascicularis,leaf,mixed,0,2026-08-11,"leaf_type 'leaf' value found to reflect an undocumented default fill, not a verified classification; column retired in favor of structural binary flags (frond/cladode/phyllode/microphyll) plus functional_leaf"
Ficinia indica,Ficinia indica,Ficinia indica,leaf,mixed,0,2026-08-11,"leaf_type 'leaf' value found to reflect an undocumented default fill, not a verified classification; column retired in favor of structural binary flags (frond/cladode/phyllode/microphyll) plus functional_leaf"
Ficinia laciniata,Ficinia laciniata,Ficinia laciniata,leaf,mixed,0,2026-08-11,"leaf_type 'leaf' value found to reflect an undocumented default fill, not a verified classification; column retired in favor of structural binary flags (frond/cladode/phyllode/microphyll) plus functional_leaf"
Ficinia lateralis,Ficinia lateralis,Ficinia lateralis,leaf,mixed,0,2026-08-11,"leaf_type 'leaf' value found to reflect an undocumented default fill, not a verified classification; column retired in favor of structural binary flags (frond/cladode/phyllode/microphyll) plus functional_leaf"
Ficinia levynsiae,Ficinia levynsiae,Ficinia levynsiae,leaf,mixed,0,2026-08-11,"leaf_type 'leaf' value found to reflect an undocumented default fill, not a verified classification; column retired in favor of structural binary flags (frond/cladode/phyllode/microphyll) plus functional_leaf"
Ficinia monticola,Ficinia monticola,Ficinia monticola,leaf,mixed,0,2026-08-11,"leaf_type 'leaf' value found to reflect an undocumented default fill, not a verified classification; column retired in favor of structural binary flags (frond/cladode/phyllode/microphyll) plus functional_leaf"
Ficinia nigrescens,Ficinia nigrescens,Ficinia nigrescens,leaf,mixed,0,2026-08-11,"leaf_type 'leaf' value found to reflect an undocumented default fill, not a verified classification; column retired in favor of structural binary flags (frond/cladode/phyllode/microphyll) plus functional_leaf"
Ficinia nodosa,Scirpoides nodosus,Ficinia nodosa,leaf,mixed,0,2026-08-11,"leaf_type 'leaf' value found to reflect an undocumented default fill, not a verified classification; column retired in favor of structural binary flags (frond/cladode/phyllode/microphyll) plus functional_leaf"
Ficinia oligantha,Ficinia oligantha,Ficinia oligantha,leaf,leaf,0,2026-08-11,"leaf_type 'leaf' value found to reflect an undocumented default fill, not a verified classification; column retired in favor of structural binary flags (frond/cladode/phyllode/microphyll) plus functional_leaf"
Ficinia paradoxa,Ficinia paradoxa,Ficinia paradoxa,leaf,leaf,0,2026-08-11,"leaf_type 'leaf' value found to reflect an undocumented default fill, not a verified classification; column retired in favor of structural binary flags (frond/cladode/phyllode/microphyll) plus functional_leaf"
Ficinia pinguior,Ficinia pinguior,Ficinia pinguior,leaf,mixed,0,2026-08-11,"leaf_type 'leaf' value found to reflect an undocumented default fill, not a verified classification; column retired in favor of structural binary flags (frond/cladode/phyllode/microphyll) plus functional_leaf"
Ficinia ramosissima,Ficinia ramosissima,Ficinia ramosissima,leaf,leaf,0,2026-08-11,"leaf_type 'leaf' value found to reflect an undocumented default fill, not a verified classification; column retired in favor of structural binary flags (frond/cladode/phyllode/microphyll) plus functional_leaf"
Ficinia rigida,Ficinia rigida,Ficinia rigida,leaf,mixed,0,2026-08-11,"leaf_type 'leaf' value found to reflect an undocumented default fill, not a verified classification; column retired in favor of structural binary flags (frond/cladode/phyllode/microphyll) plus functional_leaf"
Ficinia secunda,Ficinia secunda,Ficinia secunda,leaf,mixed,0,2026-08-11,"leaf_type 'leaf' value found to reflect an undocumented default fill, not a verified classification; column retired in favor of structural binary flags (frond/cladode/phyllode/microphyll) plus functional_leaf"
Ficinia stolonifera,Ficinia stolonifera,Ficinia stolonifera,leaf,mixed,0,2026-08-11,"leaf_type 'leaf' value found to reflect an undocumented default fill, not a verified classification; column retired in favor of structural binary flags (frond/cladode/phyllode/microphyll) plus functional_leaf"
Ficinia trichodes,Ficinia trichodes,Ficinia trichodes,leaf,leaf,0,2026-08-11,"leaf_type 'leaf' value found to reflect an undocumented default fill, not a verified classification; column retired in favor of structural binary flags (frond/cladode/phyllode/microphyll) plus functional_leaf"
Ficinia zeyheri,Ficinia zeyheri,Ficinia zeyheri,leaf,leaf,0,2026-08-11,"leaf_type 'leaf' value found to reflect an undocumented default fill, not a verified classification; column retired in favor of structural binary flags (frond/cladode/phyllode/microphyll) plus functional_leaf"
Frankenia repens,Frankenia repens,Frankenia repens,leaf,leaf,0,2026-08-11,"leaf_type 'leaf' value found to reflect an undocumented default fill, not a verified classification; column retired in favor of structural binary flags (frond/cladode/phyllode/microphyll) plus functional_leaf"
Freesia corymbosa,Freesia corymbosa,Freesia corymbosa,leaf,leaf,0,2026-08-11,"leaf_type 'leaf' value found to reflect an undocumented default fill, not a verified classification; column retired in favor of structural binary flags (frond/cladode/phyllode/microphyll) plus functional_leaf"
Freylinia lanceolata,Freylinia lanceolata,Freylinia lanceolata,leaf,leaf,0,2026-08-11,"leaf_type 'leaf' value found to reflect an undocumented default fill, not a verified classification; column retired in favor of structural binary flags (frond/cladode/phyllode/microphyll) plus functional_leaf"
Freylinia undulata,Freylinia undulata,Freylinia undulata,leaf,leaf,0,2026-08-11,"leaf_type 'leaf' value found to reflect an undocumented default fill, not a verified classification; column retired in favor of structural binary flags (frond/cladode/phyllode/microphyll) plus functional_leaf"
Fuirena hirsuta,Fuirena hirsuta,Fuirena hirsuta,leaf,mixed,0,2026-08-11,"leaf_type 'leaf' value found to reflect an undocumented default fill, not a verified classification; column retired in favor of structural binary flags (frond/cladode/phyllode/microphyll) plus functional_leaf"
Galenia papulosa,Galenia papulosa,Aizoon papulosum,leaf,leaf,0,2026-08-11,"leaf_type 'leaf' value found to reflect an undocumented default fill, not a verified classification; column retired in favor of structural binary flags (frond/cladode/phyllode/microphyll) plus functional_leaf"
Galenia pubescens,Galenia pubescens,Aizoon pubescens,leaf,leaf,0,2026-08-11,"leaf_type 'leaf' value found to reflect an undocumented default fill, not a verified classification; column retired in favor of structural binary flags (frond/cladode/phyllode/microphyll) plus functional_leaf"
Galium capense,Galium capense,Galium capense,leaf,leaf,0,2026-08-11,"leaf_type 'leaf' value found to reflect an undocumented default fill, not a verified classification; column retired in favor of structural binary flags (frond/cladode/phyllode/microphyll) plus functional_leaf"
Galium tomentosum,Galium tomentosum,Galium tomentosum,leaf,leaf,0,2026-08-11,"leaf_type 'leaf' value found to reflect an undocumented default fill, not a verified classification; column retired in favor of structural binary flags (frond/cladode/phyllode/microphyll) plus functional_leaf"
Galium undulatum,Galium undulatum,Galium undulatum,leaf,leaf,0,2026-08-11,"leaf_type 'leaf' value found to reflect an undocumented default fill, not a verified classification; column retired in favor of structural binary flags (frond/cladode/phyllode/microphyll) plus functional_leaf"
Gazania ciliaris,Gazania ciliaris,Gazania ciliaris,leaf,leaf,0,2026-08-11,"leaf_type 'leaf' value found to reflect an undocumented default fill, not a verified classification; column retired in favor of structural binary flags (frond/cladode/phyllode/microphyll) plus functional_leaf"
Gazania krebsiana,Gazania krebsiana,Gazania krebsiana,leaf,leaf,0,2026-08-11,"leaf_type 'leaf' value found to reflect an undocumented default fill, not a verified classification; column retired in favor of structural binary flags (frond/cladode/phyllode/microphyll) plus functional_leaf"
Gazania pectinata,Gazania pectinata,Gazania pectinata,leaf,leaf,0,2026-08-11,"leaf_type 'leaf' value found to reflect an undocumented default fill, not a verified classification; column retired in favor of structural binary flags (frond/cladode/phyllode/microphyll) plus functional_leaf"
Gazania serrata,Gazania serrata,Gazania serrata,leaf,leaf,0,2026-08-11,"leaf_type 'leaf' value found to reflect an undocumented default fill, not a verified classification; column retired in favor of structural binary flags (frond/cladode/phyllode/microphyll) plus functional_leaf"
Geissorhiza confusa,Geissorhiza confusa,Geissorhiza confusa,leaf,leaf,0,2026-08-11,"leaf_type 'leaf' value found to reflect an undocumented default fill, not a verified classification; column retired in favor of structural binary flags (frond/cladode/phyllode/microphyll) plus functional_leaf"
Geissorhiza juncea,Geissorhiza juncea,Geissorhiza juncea,leaf,leaf,0,2026-08-11,"leaf_type 'leaf' value found to reflect an undocumented default fill, not a verified classification; column retired in favor of structural binary flags (frond/cladode/phyllode/microphyll) plus functional_leaf"
Geissorhiza tenella,Geissorhiza tenella,Geissorhiza tenella,leaf,leaf,0,2026-08-11,"leaf_type 'leaf' value found to reflect an undocumented default fill, not a verified classification; column retired in favor of structural binary flags (frond/cladode/phyllode/microphyll) plus functional_leaf"
Geochloa decora,Merxmuellera decora,Geochloa decora,leaf,leaf,0,2026-08-11,"leaf_type 'leaf' value found to reflect an undocumented default fill, not a verified classification; column retired in favor of structural binary flags (frond/cladode/phyllode/microphyll) plus functional_leaf"
Geochloa rufa,Merxmuellera rufa,Geochloa rufa,leaf,leaf,0,2026-08-11,"leaf_type 'leaf' value found to reflect an undocumented default fill, not a verified classification; column retired in favor of structural binary flags (frond/cladode/phyllode/microphyll) plus functional_leaf"
Geranium incanum,Geranium incanum,Geranium incanum,leaf,leaf,0,2026-08-11,"leaf_type 'leaf' value found to reflect an undocumented default fill, not a verified classification; column retired in favor of structural binary flags (frond/cladode/phyllode/microphyll) plus functional_leaf"
Gerbera crocea,Gerbera crocea,Gerbera crocea,leaf,leaf,0,2026-08-11,"leaf_type 'leaf' value found to reflect an undocumented default fill, not a verified classification; column retired in favor of structural binary flags (frond/cladode/phyllode/microphyll) plus functional_leaf"
Gerbera piloselloides,Gerbera piloselloides,Gerbera piloselloides,leaf,leaf,0,2026-08-11,"leaf_type 'leaf' value found to reflect an undocumented default fill, not a verified classification; column retired in favor of structural binary flags (frond/cladode/phyllode/microphyll) plus functional_leaf"
Gerbera serrata,Gerbera serrata,Gerbera serrata,leaf,leaf,0,2026-08-11,"leaf_type 'leaf' value found to reflect an undocumented default fill, not a verified classification; column retired in favor of structural binary flags (frond/cladode/phyllode/microphyll) plus functional_leaf"
Gerbera tomentosa,Gerbera tomentosa,Gerbera tomentosa,leaf,leaf,0,2026-08-11,"leaf_type 'leaf' value found to reflect an undocumented default fill, not a verified classification; column retired in favor of structural binary flags (frond/cladode/phyllode/microphyll) plus functional_leaf"
Gladiolus grandiflorus,Gladiolus floribundus,Gladiolus grandiflorus,leaf,leaf,0,2026-08-11,"leaf_type 'leaf' value found to reflect an undocumented default fill, not a verified classification; column retired in favor of structural binary flags (frond/cladode/phyllode/microphyll) plus functional_leaf"
Gladiolus rogersii,Gladiolus rogersii,Gladiolus rogersii,leaf,leaf,0,2026-08-11,"leaf_type 'leaf' value found to reflect an undocumented default fill, not a verified classification; column retired in favor of structural binary flags (frond/cladode/phyllode/microphyll) plus functional_leaf"
Gladiolus stellatus,Gladiolus stellatus,Gladiolus stellatus,leaf,leaf,0,2026-08-11,"leaf_type 'leaf' value found to reflect an undocumented default fill, not a verified classification; column retired in favor of structural binary flags (frond/cladode/phyllode/microphyll) plus functional_leaf"
Gleichenia polypodioides,Gleichenia polypodioides,Gleichenia polypodioides,frond,leaf,0,2026-08-11,"leaf_type 'leaf' value found to reflect an undocumented default fill, not a verified classification; column retired in favor of structural binary flags (frond/cladode/phyllode/microphyll) plus functional_leaf"
Glia prolifera,Glia prolifera,Glia prolifera,leaf,leaf,0,2026-08-11,"leaf_type 'leaf' value found to reflect an undocumented default fill, not a verified classification; column retired in favor of structural binary flags (frond/cladode/phyllode/microphyll) plus functional_leaf"
Gnidia anomala,Gnidia anomala,Gnidia anomala,leaf,leaf,0,2026-08-11,"leaf_type 'leaf' value found to reflect an undocumented default fill, not a verified classification; column retired in favor of structural binary flags (frond/cladode/phyllode/microphyll) plus functional_leaf"
Gnidia francisci,Gnidia francisci,Gnidia francisci,leaf,leaf,0,2026-08-11,"leaf_type 'leaf' value found to reflect an undocumented default fill, not a verified classification; column retired in favor of structural binary flags (frond/cladode/phyllode/microphyll) plus functional_leaf"
Gnidia galpinii,Gnidia galpinii,Gnidia galpini,leaf,leaf,0,2026-08-11,"leaf_type 'leaf' value found to reflect an undocumented default fill, not a verified classification; column retired in favor of structural binary flags (frond/cladode/phyllode/microphyll) plus functional_leaf"
Gnidia geminiflora,Gnidia geminiflora,Gnidia geminiflora,leaf,leaf,0,2026-08-11,"leaf_type 'leaf' value found to reflect an undocumented default fill, not a verified classification; column retired in favor of structural binary flags (frond/cladode/phyllode/microphyll) plus functional_leaf"
Gnidia imbricata,Gnidia imbricata,Gnidia imbricata,leaf,leaf,0,2026-08-11,"leaf_type 'leaf' value found to reflect an undocumented default fill, not a verified classification; column retired in favor of structural binary flags (frond/cladode/phyllode/microphyll) plus functional_leaf"
Gnidia juniperifolia,Gnidia juniperifolia,Gnidia juniperifolia,leaf,leaf,0,2026-08-11,"leaf_type 'leaf' value found to reflect an undocumented default fill, not a verified classification; column retired in favor of structural binary flags (frond/cladode/phyllode/microphyll) plus functional_leaf"
Gnidia oppositifolia,Gnidia oppositifolia,Gnidia oppositifolia,leaf,leaf,0,2026-08-11,"leaf_type 'leaf' value found to reflect an undocumented default fill, not a verified classification; column retired in favor of structural binary flags (frond/cladode/phyllode/microphyll) plus functional_leaf"
Gnidia pinifolia,Gnidia pinifolia,Gnidia pinifolia,leaf,leaf,0,2026-08-11,"leaf_type 'leaf' value found to reflect an undocumented default fill, not a verified classification; column retired in favor of structural binary flags (frond/cladode/phyllode/microphyll) plus functional_leaf"
Gnidia simplex,Gnidia simplex,Gnidia simplex,leaf,leaf,0,2026-08-11,"leaf_type 'leaf' value found to reflect an undocumented default fill, not a verified classification; column retired in favor of structural binary flags (frond/cladode/phyllode/microphyll) plus functional_leaf"
Gomphocarpus cancellatus,Gomphocarpus cancellatus,Gomphocarpus cancellatus,leaf,leaf,0,2026-08-11,"leaf_type 'leaf' value found to reflect an undocumented default fill, not a verified classification; column retired in favor of structural binary flags (frond/cladode/phyllode/microphyll) plus functional_leaf"
Gosela eckloniana,Gosela eckloniana,Gosela eckloniana,leaf,leaf,0,2026-08-11,"leaf_type 'leaf' value found to reflect an undocumented default fill, not a verified classification; column retired in favor of structural binary flags (frond/cladode/phyllode/microphyll) plus functional_leaf"
Grewia occidentalis,Grewia occidentalis,Grewia occidentalis,leaf,leaf,0,2026-08-11,"leaf_type 'leaf' value found to reflect an undocumented default fill, not a verified classification; column retired in favor of structural binary flags (frond/cladode/phyllode/microphyll) plus functional_leaf"
Grewia robusta,Grewia robusta,Grewia robusta,leaf,leaf,0,2026-08-11,"leaf_type 'leaf' value found to reflect an undocumented default fill, not a verified classification; column retired in favor of structural binary flags (frond/cladode/phyllode/microphyll) plus functional_leaf"
Grubbia rosmarinifolia,Grubbia rosmarinifolia,Grubbia rosmarinifolia,leaf,leaf,0,2026-08-11,"leaf_type 'leaf' value found to reflect an undocumented default fill, not a verified classification; column retired in favor of structural binary flags (frond/cladode/phyllode/microphyll) plus functional_leaf"
Grubbia tomentosa,Grubbia tomentosa,Grubbia tomentosa,leaf,mixed,0,2026-08-11,"leaf_type 'leaf' value found to reflect an undocumented default fill, not a verified classification; column retired in favor of structural binary flags (frond/cladode/phyllode/microphyll) plus functional_leaf"
Gymnodiscus capillaris,Gymnodiscus capillaris,Gymnodiscus capillaris,leaf,leaf,0,2026-08-11,"leaf_type 'leaf' value found to reflect an undocumented default fill, not a verified classification; column retired in favor of structural binary flags (frond/cladode/phyllode/microphyll) plus functional_leaf"
Gymnosporia buxifolia,Gymnosporia buxifolia,Gymnosporia buxifolia,leaf,leaf,0,2026-08-11,"leaf_type 'leaf' value found to reflect an undocumented default fill, not a verified classification; column retired in favor of structural binary flags (frond/cladode/phyllode/microphyll) plus functional_leaf"
Haemanthus coccineus,Haemanthus coccineus,Haemanthus coccineus,leaf,leaf,0,2026-08-11,"leaf_type 'leaf' value found to reflect an undocumented default fill, not a verified classification; column retired in favor of structural binary flags (frond/cladode/phyllode/microphyll) plus functional_leaf"
Hakea sericea,Hakea sericea,Hakea sericea,leaf,leaf,0,2026-08-11,"leaf_type 'leaf' value found to reflect an undocumented default fill, not a verified classification; column retired in favor of structural binary flags (frond/cladode/phyllode/microphyll) plus functional_leaf"
Halleria elliptica,Halleria elliptica,Halleria elliptica,leaf,leaf,0,2026-08-11,"leaf_type 'leaf' value found to reflect an undocumented default fill, not a verified classification; column retired in favor of structural binary flags (frond/cladode/phyllode/microphyll) plus functional_leaf"
Halleria lucida,Halleria lucida,Halleria lucida,leaf,leaf,0,2026-08-11,"leaf_type 'leaf' value found to reflect an undocumented default fill, not a verified classification; column retired in favor of structural binary flags (frond/cladode/phyllode/microphyll) plus functional_leaf"
Haplocarpha lanata,Haplocarpha lanata,Haplocarpha lanata,leaf,leaf,0,2026-08-11,"leaf_type 'leaf' value found to reflect an undocumented default fill, not a verified classification; column retired in favor of structural binary flags (frond/cladode/phyllode/microphyll) plus functional_leaf"
Haplocarpha lyrata,Haplocarpha lyrata,Haplocarpha lyrata,leaf,leaf,0,2026-08-11,"leaf_type 'leaf' value found to reflect an undocumented default fill, not a verified classification; column retired in favor of structural binary flags (frond/cladode/phyllode/microphyll) plus functional_leaf"
Haplocarpha parvifolia,Haplocarpha parvifolia,Haplocarpha parvifolia,leaf,leaf,0,2026-08-11,"leaf_type 'leaf' value found to reflect an undocumented default fill, not a verified classification; column retired in favor of structural binary flags (frond/cladode/phyllode/microphyll) plus functional_leaf"
Harveya pauciflora,Harveya tubulosa,Harveya pauciflora,none,none,1,2026-08-11,"leaf_type 'leaf' value found to reflect an undocumented default fill, not a verified classification; column retired in favor of structural binary flags (frond/cladode/phyllode/microphyll) plus functional_leaf"
Harveya purpurea,Harveya purpurea,Harveya purpurea,none,none,1,2026-08-11,"leaf_type 'leaf' value found to reflect an undocumented default fill, not a verified classification; column retired in favor of structural binary flags (frond/cladode/phyllode/microphyll) plus functional_leaf"
Harveya stenosiphon,Harveya stenosiphon,Harveya stenosiphon,none,none,1,2026-08-11,"leaf_type 'leaf' value found to reflect an undocumented default fill, not a verified classification; column retired in favor of structural binary flags (frond/cladode/phyllode/microphyll) plus functional_leaf"
Haworthia arachnoidea,Haworthia arachnoidea,Haworthia arachnoidea,leaf,leaf,0,2026-08-11,"leaf_type 'leaf' value found to reflect an undocumented default fill, not a verified classification; column retired in favor of structural binary flags (frond/cladode/phyllode/microphyll) plus functional_leaf"
Haworthia mucronata,Haworthia mucronata,Haworthia mucronata,leaf,leaf,0,2026-08-11,"leaf_type 'leaf' value found to reflect an undocumented default fill, not a verified classification; column retired in favor of structural binary flags (frond/cladode/phyllode/microphyll) plus functional_leaf"
Haworthia viscosa,Haworthia viscosa,Haworthiopsis viscosa,leaf,leaf,0,2026-08-11,"leaf_type 'leaf' value found to reflect an undocumented default fill, not a verified classification; column retired in favor of structural binary flags (frond/cladode/phyllode/microphyll) plus functional_leaf"
Heeria argentea,Heeria argentea,Heeria argentea,leaf,leaf,0,2026-08-11,"leaf_type 'leaf' value found to reflect an undocumented default fill, not a verified classification; column retired in favor of structural binary flags (frond/cladode/phyllode/microphyll) plus functional_leaf"
Helichrysum anomalum,Helichrysum anomalum,Helichrysum anomalum,leaf,leaf,0,2026-08-11,"leaf_type 'leaf' value found to reflect an undocumented default fill, not a verified classification; column retired in favor of structural binary flags (frond/cladode/phyllode/microphyll) plus functional_leaf"
Helichrysum asperum,Helichrysum asperum,Helichrysum asperum,leaf,leaf,0,2026-08-11,"leaf_type 'leaf' value found to reflect an undocumented default fill, not a verified classification; column retired in favor of structural binary flags (frond/cladode/phyllode/microphyll) plus functional_leaf"
Helichrysum capense,Helichrysum capense,Helichrysum capense,leaf,leaf,0,2026-08-11,"leaf_type 'leaf' value found to reflect an undocumented default fill, not a verified classification; column retired in favor of structural binary flags (frond/cladode/phyllode/microphyll) plus functional_leaf"
Helichrysum crispum,Helichrysum crispum,Helichrysum crispum,leaf,leaf,0,2026-08-11,"leaf_type 'leaf' value found to reflect an undocumented default fill, not a verified classification; column retired in favor of structural binary flags (frond/cladode/phyllode/microphyll) plus functional_leaf"
Helichrysum cylindriflorum,Helichrysum cylindriflorum,Helichrysum cylindriflorum,leaf,leaf,0,2026-08-11,"leaf_type 'leaf' value found to reflect an undocumented default fill, not a verified classification; column retired in favor of structural binary flags (frond/cladode/phyllode/microphyll) plus functional_leaf"
Helichrysum cymosum,Helichrysum cymosum,Helichrysum cymosum,leaf,leaf,0,2026-08-11,"leaf_type 'leaf' value found to reflect an undocumented default fill, not a verified classification; column retired in favor of structural binary flags (frond/cladode/phyllode/microphyll) plus functional_leaf"
Helichrysum dasyanthum,Helichrysum dasyanthum,Helichrysum dasyanthum,leaf,leaf,0,2026-08-11,"leaf_type 'leaf' value found to reflect an undocumented default fill, not a verified classification; column retired in favor of structural binary flags (frond/cladode/phyllode/microphyll) plus functional_leaf"
Helichrysum felinum,Helichrysum felinum,Helichrysum felinum,leaf,leaf,0,2026-08-11,"leaf_type 'leaf' value found to reflect an undocumented default fill, not a verified classification; column retired in favor of structural binary flags (frond/cladode/phyllode/microphyll) plus functional_leaf"
Helichrysum herbaceum,Helichrysum herbaceum,Helichrysum herbaceum,leaf,leaf,0,2026-08-11,"leaf_type 'leaf' value found to reflect an undocumented default fill, not a verified classification; column retired in favor of structural binary flags (frond/cladode/phyllode/microphyll) plus functional_leaf"
Helichrysum indicum,Helichrysum indicum,Helichrysum indicum,leaf,leaf,0,2026-08-11,"leaf_type 'leaf' value found to reflect an undocumented default fill, not a verified classification; column retired in favor of structural binary flags (frond/cladode/phyllode/microphyll) plus functional_leaf"
Helichrysum lambertianum,Helichrysum lambertianum,Helichrysum lambertianum,leaf,leaf,0,2026-08-11,"leaf_type 'leaf' value found to reflect an undocumented default fill, not a verified classification; column retired in favor of structural binary flags (frond/cladode/phyllode/microphyll) plus functional_leaf"
Helichrysum litorale,Helichrysum litorale,Helichrysum litorale,leaf,leaf,0,2026-08-11,"leaf_type 'leaf' value found to reflect an undocumented default fill, not a verified classification; column retired in favor of structural binary flags (frond/cladode/phyllode/microphyll) plus functional_leaf"
Helichrysum moeserianum,Helichrysum moeserianum,Helichrysum moeserianum,leaf,leaf,0,2026-08-11,"leaf_type 'leaf' value found to reflect an undocumented default fill, not a verified classification; column retired in favor of structural binary flags (frond/cladode/phyllode/microphyll) plus functional_leaf"
Helichrysum niveum,Helichrysum niveum,Helichrysum niveum,leaf,leaf,0,2026-08-11,"leaf_type 'leaf' value found to reflect an undocumented default fill, not a verified classification; column retired in favor of structural binary flags (frond/cladode/phyllode/microphyll) plus functional_leaf"
Helichrysum nudifolium,Helichrysum nudifolium,Helichrysum nudifolium,leaf,leaf,0,2026-08-11,"leaf_type 'leaf' value found to reflect an undocumented default fill, not a verified classification; column retired in favor of structural binary flags (frond/cladode/phyllode/microphyll) plus functional_leaf"
Helichrysum odoratissimum,Helichrysum odoratissimum,Helichrysum odoratissimum,leaf,leaf,0,2026-08-11,"leaf_type 'leaf' value found to reflect an undocumented default fill, not a verified classification; column retired in favor of structural binary flags (frond/cladode/phyllode/microphyll) plus functional_leaf"
Helichrysum oxyphyllum,Helichrysum oxyphyllum,Helichrysum nudifolium var. oxyphyllum,leaf,leaf,0,2026-08-11,"leaf_type 'leaf' value found to reflect an undocumented default fill, not a verified classification; column retired in favor of structural binary flags (frond/cladode/phyllode/microphyll) plus functional_leaf"
Helichrysum pandurifolium,Helichrysum pandurifolium,Helichrysum pandurifolium,leaf,leaf,0,2026-08-11,"leaf_type 'leaf' value found to reflect an undocumented default fill, not a verified classification; column retired in favor of structural binary flags (frond/cladode/phyllode/microphyll) plus functional_leaf"
Helichrysum patulum,Helichrysum patulum,Helichrysum patulum,leaf,leaf,0,2026-08-11,"leaf_type 'leaf' value found to reflect an undocumented default fill, not a verified classification; column retired in favor of structural binary flags (frond/cladode/phyllode/microphyll) plus functional_leaf"
Helichrysum petiolare,Helichrysum petiolare,Helichrysum petiolare,leaf,leaf,0,2026-08-11,"leaf_type 'leaf' value found to reflect an undocumented default fill, not a verified classification; column retired in favor of structural binary flags (frond/cladode/phyllode/microphyll) plus functional_leaf"
Helichrysum rosum,Helichrysum rosum,Helichrysum rosum,leaf,leaf,0,2026-08-11,"leaf_type 'leaf' value found to reflect an undocumented default fill, not a verified classification; column retired in favor of structural binary flags (frond/cladode/phyllode/microphyll) plus functional_leaf"
Helichrysum rotundifolium,Helichrysum rotundifolium,Helichrysum rotundifolium,leaf,leaf,0,2026-08-11,"leaf_type 'leaf' value found to reflect an undocumented default fill, not a verified classification; column retired in favor of structural binary flags (frond/cladode/phyllode/microphyll) plus functional_leaf"
Helichrysum rutilans,Helichrysum rutilans,Helichrysum rutilans,leaf,leaf,0,2026-08-11,"leaf_type 'leaf' value found to reflect an undocumented default fill, not a verified classification; column retired in favor of structural binary flags (frond/cladode/phyllode/microphyll) plus functional_leaf"
Helichrysum scabrum,Helichrysum scabrum,Helichrysum scabrum,leaf,leaf,0,2026-08-11,"leaf_type 'leaf' value found to reflect an undocumented default fill, not a verified classification; column retired in favor of structural binary flags (frond/cladode/phyllode/microphyll) plus functional_leaf"
Helichrysum spiralepis,Helichrysum spiralepis,Helichrysum spiralepis,leaf,leaf,0,2026-08-11,"leaf_type 'leaf' value found to reflect an undocumented default fill, not a verified classification; column retired in favor of structural binary flags (frond/cladode/phyllode/microphyll) plus functional_leaf"
Helichrysum teretifolium,Helichrysum teretifolium,Helichrysum teretifolium,leaf,leaf,0,2026-08-11,"leaf_type 'leaf' value found to reflect an undocumented default fill, not a verified classification; column retired in favor of structural binary flags (frond/cladode/phyllode/microphyll) plus functional_leaf"
Helichrysum tinctum,Helichrysum tinctum,Helichrysum tinctum,leaf,leaf,0,2026-08-11,"leaf_type 'leaf' value found to reflect an undocumented default fill, not a verified classification; column retired in favor of structural binary flags (frond/cladode/phyllode/microphyll) plus functional_leaf"
Helichrysum zeyheri,Helichrysum zeyheri,Helichrysum zeyheri,leaf,leaf,0,2026-08-11,"leaf_type 'leaf' value found to reflect an undocumented default fill, not a verified classification; column retired in favor of structural binary flags (frond/cladode/phyllode/microphyll) plus functional_leaf"
Helichrysum zwartbergense,Helichrysum zwartbergense,Helichrysum zwartbergense,leaf,leaf,0,2026-08-11,"leaf_type 'leaf' value found to reflect an undocumented default fill, not a verified classification; column retired in favor of structural binary flags (frond/cladode/phyllode/microphyll) plus functional_leaf"
Heliophila carnosa,Heliophila carnosa,Heliophila carnosa,leaf,leaf,0,2026-08-11,"leaf_type 'leaf' value found to reflect an undocumented default fill, not a verified classification; column retired in favor of structural binary flags (frond/cladode/phyllode/microphyll) plus functional_leaf"
Heliophila dregeana,Heliophila dregeana,Heliophila dregeana,leaf,leaf,0,2026-08-11,"leaf_type 'leaf' value found to reflect an undocumented default fill, not a verified classification; column retired in favor of structural binary flags (frond/cladode/phyllode/microphyll) plus functional_leaf"
Heliophila elongata,Heliophila elongata,Heliophila elongata,leaf,leaf,0,2026-08-11,"leaf_type 'leaf' value found to reflect an undocumented default fill, not a verified classification; column retired in favor of structural binary flags (frond/cladode/phyllode/microphyll) plus functional_leaf"
Heliophila glauca,Heliophila glauca,Heliophila glauca,leaf,leaf,0,2026-08-11,"leaf_type 'leaf' value found to reflect an undocumented default fill, not a verified classification; column retired in favor of structural binary flags (frond/cladode/phyllode/microphyll) plus functional_leaf"
Heliophila linearis,Heliophila linearis,Heliophila linearis,leaf,leaf,0,2026-08-11,"leaf_type 'leaf' value found to reflect an undocumented default fill, not a verified classification; column retired in favor of structural binary flags (frond/cladode/phyllode/microphyll) plus functional_leaf"
Heliophila scoparia,Heliophila scoparia,Heliophila scoparia,leaf,leaf,0,2026-08-11,"leaf_type 'leaf' value found to reflect an undocumented default fill, not a verified classification; column retired in favor of structural binary flags (frond/cladode/phyllode/microphyll) plus functional_leaf"
Hemimeris racemosa,Hemimeris racemosa,Hemimeris racemosa,leaf,leaf,0,2026-08-11,"leaf_type 'leaf' value found to reflect an undocumented default fill, not a verified classification; column retired in favor of structural binary flags (frond/cladode/phyllode/microphyll) plus functional_leaf"
Hermannia althaeifolia,Hermannia althaeifolia,Hermannia althaeifolia,leaf,leaf,0,2026-08-11,"leaf_type 'leaf' value found to reflect an undocumented default fill, not a verified classification; column retired in favor of structural binary flags (frond/cladode/phyllode/microphyll) plus functional_leaf"
Hermannia althaeoides,Hermannia althaeoides,Hermannia althaeoides,leaf,leaf,0,2026-08-11,"leaf_type 'leaf' value found to reflect an undocumented default fill, not a verified classification; column retired in favor of structural binary flags (frond/cladode/phyllode/microphyll) plus functional_leaf"
Hermannia angularis,Hermannia angularis,Hermannia angularis,leaf,leaf,0,2026-08-11,"leaf_type 'leaf' value found to reflect an undocumented default fill, not a verified classification; column retired in favor of structural binary flags (frond/cladode/phyllode/microphyll) plus functional_leaf"
Hermannia filifolia,Hermannia filifolia,Hermannia filifolia,leaf,leaf,0,2026-08-11,"leaf_type 'leaf' value found to reflect an undocumented default fill, not a verified classification; column retired in favor of structural binary flags (frond/cladode/phyllode/microphyll) plus functional_leaf"
Hermannia flammea,Hermannia flammea,Hermannia flammea,leaf,leaf,0,2026-08-11,"leaf_type 'leaf' value found to reflect an undocumented default fill, not a verified classification; column retired in favor of structural binary flags (frond/cladode/phyllode/microphyll) plus functional_leaf"
Hermannia gracilis,Hermannia gracilis,Hermannia gracilis,leaf,leaf,0,2026-08-11,"leaf_type 'leaf' value found to reflect an undocumented default fill, not a verified classification; column retired in favor of structural binary flags (frond/cladode/phyllode/microphyll) plus functional_leaf"
Hermannia holosericea,Hermannia holosericea,Hermannia holosericea,leaf,leaf,0,2026-08-11,"leaf_type 'leaf' value found to reflect an undocumented default fill, not a verified classification; column retired in favor of structural binary flags (frond/cladode/phyllode/microphyll) plus functional_leaf"
Hermannia involucrata,Hermannia involucrata,Hermannia involucrata,leaf,leaf,0,2026-08-11,"leaf_type 'leaf' value found to reflect an undocumented default fill, not a verified classification; column retired in favor of structural binary flags (frond/cladode/phyllode/microphyll) plus functional_leaf"
Hermannia mucronulata,Hermannia mucronulata,Hermannia mucronulata,leaf,leaf,0,2026-08-11,"leaf_type 'leaf' value found to reflect an undocumented default fill, not a verified classification; column retired in favor of structural binary flags (frond/cladode/phyllode/microphyll) plus functional_leaf"
Hermannia multiflora,Hermannia multiflora,Hermannia multiflora,leaf,leaf,0,2026-08-11,"leaf_type 'leaf' value found to reflect an undocumented default fill, not a verified classification; column retired in favor of structural binary flags (frond/cladode/phyllode/microphyll) plus functional_leaf"
Hermannia odorata,Hermannia odorata,Hermannia odorata,leaf,leaf,0,2026-08-11,"leaf_type 'leaf' value found to reflect an undocumented default fill, not a verified classification; column retired in favor of structural binary flags (frond/cladode/phyllode/microphyll) plus functional_leaf"
Hermannia saccifera,Hermannia saccifera,Hermannia saccifera,leaf,leaf,0,2026-08-11,"leaf_type 'leaf' value found to reflect an undocumented default fill, not a verified classification; column retired in favor of structural binary flags (frond/cladode/phyllode/microphyll) plus functional_leaf"
Hermannia salviifolia,Hermannia salviifolia,Hermannia salviifolia,leaf,leaf,0,2026-08-11,"leaf_type 'leaf' value found to reflect an undocumented default fill, not a verified classification; column retired in favor of structural binary flags (frond/cladode/phyllode/microphyll) plus functional_leaf"
Hermannia sisymbriifolia,Hermannia sisymbriifolia,Hermannia sisymbriifolia,leaf,leaf,0,2026-08-11,"leaf_type 'leaf' value found to reflect an undocumented default fill, not a verified classification; column retired in favor of structural binary flags (frond/cladode/phyllode/microphyll) plus functional_leaf"
Hermannia stipulacea,Hermannia stipulacea,Hermannia stipulacea,leaf,leaf,0,2026-08-11,"leaf_type 'leaf' value found to reflect an undocumented default fill, not a verified classification; column retired in favor of structural binary flags (frond/cladode/phyllode/microphyll) plus functional_leaf"
Hermannia ternifolia,Hermannia ternifolia,Hermannia ternifolia,leaf,leaf,0,2026-08-11,"leaf_type 'leaf' value found to reflect an undocumented default fill, not a verified classification; column retired in favor of structural binary flags (frond/cladode/phyllode/microphyll) plus functional_leaf"
Hermannia velutina,Hermannia velutina,Hermannia velutina,leaf,leaf,0,2026-08-11,"leaf_type 'leaf' value found to reflect an undocumented default fill, not a verified classification; column retired in favor of structural binary flags (frond/cladode/phyllode/microphyll) plus functional_leaf"
Hermas capitata,Hermas capitata,Hermas capitata,leaf,leaf,0,2026-08-11,"leaf_type 'leaf' value found to reflect an undocumented default fill, not a verified classification; column retired in favor of structural binary flags (frond/cladode/phyllode/microphyll) plus functional_leaf"
Hermas ciliata,Hermas ciliata,Hermas ciliata,leaf,leaf,0,2026-08-11,"leaf_type 'leaf' value found to reflect an undocumented default fill, not a verified classification; column retired in favor of structural binary flags (frond/cladode/phyllode/microphyll) plus functional_leaf"
Hermas villosa,Hermas villosa,Hermas villosa,leaf,leaf,0,2026-08-11,"leaf_type 'leaf' value found to reflect an undocumented default fill, not a verified classification; column retired in favor of structural binary flags (frond/cladode/phyllode/microphyll) plus functional_leaf"
Hertia kraussii,Hertia kraussii,Hertia kraussii,leaf,leaf,0,2026-08-11,"leaf_type 'leaf' value found to reflect an undocumented default fill, not a verified classification; column retired in favor of structural binary flags (frond/cladode/phyllode/microphyll) plus functional_leaf"
Hesperantha radiata,Hesperantha radiata,Hesperantha radiata,leaf,leaf,0,2026-08-11,"leaf_type 'leaf' value found to reflect an undocumented default fill, not a verified classification; column retired in favor of structural binary flags (frond/cladode/phyllode/microphyll) plus functional_leaf"
Heterolepis aliena,Heterolepis aliena,Heterolepis aliena,leaf,leaf,0,2026-08-11,"leaf_type 'leaf' value found to reflect an undocumented default fill, not a verified classification; column retired in favor of structural binary flags (frond/cladode/phyllode/microphyll) plus functional_leaf"
Heteropogon contortus,Heteropogon contortus,Heteropogon contortus,leaf,mixed,0,2026-08-11,"leaf_type 'leaf' value found to reflect an undocumented default fill, not a verified classification; column retired in favor of structural binary flags (frond/cladode/phyllode/microphyll) plus functional_leaf"
Hibiscus aethiopicus,Hibiscus aethiopicus,Hibiscus aethiopicus,leaf,leaf,0,2026-08-11,"leaf_type 'leaf' value found to reflect an undocumented default fill, not a verified classification; column retired in favor of structural binary flags (frond/cladode/phyllode/microphyll) plus functional_leaf"
Hibiscus pusillus,Hibiscus pusillus,Hibiscus pusillus,leaf,leaf,0,2026-08-11,"leaf_type 'leaf' value found to reflect an undocumented default fill, not a verified classification; column retired in favor of structural binary flags (frond/cladode/phyllode/microphyll) plus functional_leaf"
Hilliardiella pinifolia,Vernonia capensis,Hilliardiella pinifolia,leaf,leaf,0,2026-08-11,"leaf_type 'leaf' value found to reflect an undocumented default fill, not a verified classification; column retired in favor of structural binary flags (frond/cladode/phyllode/microphyll) plus functional_leaf"
Hippia integrifolia,Hippia integrifolia,Hippia integrifolia,leaf,leaf,0,2026-08-11,"leaf_type 'leaf' value found to reflect an undocumented default fill, not a verified classification; column retired in favor of structural binary flags (frond/cladode/phyllode/microphyll) plus functional_leaf"
Hippia pilosa,Hippia pilosa,Hippia pilosa,leaf,leaf,0,2026-08-11,"leaf_type 'leaf' value found to reflect an undocumented default fill, not a verified classification; column retired in favor of structural binary flags (frond/cladode/phyllode/microphyll) plus functional_leaf"
Hippobromus pauciflorus,Hippobromus pauciflorus,Hippobromus pauciflorus,leaf,leaf,0,2026-08-11,"leaf_type 'leaf' value found to reflect an undocumented default fill, not a verified classification; column retired in favor of structural binary flags (frond/cladode/phyllode/microphyll) plus functional_leaf"
Holothrix secunda,Holothrix secunda,Holothrix secunda,leaf,leaf,0,2026-08-11,"leaf_type 'leaf' value found to reflect an undocumented default fill, not a verified classification; column retired in favor of structural binary flags (frond/cladode/phyllode/microphyll) plus functional_leaf"
Holothrix villosa,Holothrix villosa,Holothrix villosa,leaf,leaf,0,2026-08-11,"leaf_type 'leaf' value found to reflect an undocumented default fill, not a verified classification; column retired in favor of structural binary flags (frond/cladode/phyllode/microphyll) plus functional_leaf"
Hyobanche sanguinea,Hyobanche sanguinea,Hyobanche sanguinea,none,none,1,2026-08-11,"leaf_type 'leaf' value found to reflect an undocumented default fill, not a verified classification; column retired in favor of structural binary flags (frond/cladode/phyllode/microphyll) plus functional_leaf"
Hyparrhenia hirta,Hyparrhenia hirta,Hyparrhenia hirta,leaf,mixed,0,2026-08-11,"leaf_type 'leaf' value found to reflect an undocumented default fill, not a verified classification; column retired in favor of structural binary flags (frond/cladode/phyllode/microphyll) plus functional_leaf"
Hypocalyptus sophoroides,Hypocalyptus sophoroides,Hypocalyptus sophoroides,leaf,leaf,0,2026-08-11,"leaf_type 'leaf' value found to reflect an undocumented default fill, not a verified classification; column retired in favor of structural binary flags (frond/cladode/phyllode/microphyll) plus functional_leaf"
Hypodiscus albo-aristatus,Hypodiscus albo-aristatus,Hypodiscus alboaristatus,leaf,culm_stem,1,2026-08-11,"leaf_type 'leaf' value found to reflect an undocumented default fill, not a verified classification; column retired in favor of structural binary flags (frond/cladode/phyllode/microphyll) plus functional_leaf"
Hypodiscus alternans,Hypodiscus alternans,Hypodiscus alternans,leaf,culm_stem,1,2026-08-11,"leaf_type 'leaf' value found to reflect an undocumented default fill, not a verified classification; column retired in favor of structural binary flags (frond/cladode/phyllode/microphyll) plus functional_leaf"
Hypodiscus argenteus,Hypodiscus argenteus,Hypodiscus argenteus,leaf,culm_stem,1,2026-08-11,"leaf_type 'leaf' value found to reflect an undocumented default fill, not a verified classification; column retired in favor of structural binary flags (frond/cladode/phyllode/microphyll) plus functional_leaf"
Hypodiscus aristatus,Hypodiscus aristatus,Hypodiscus aristatus,leaf,culm_stem,1,2026-08-11,"leaf_type 'leaf' value found to reflect an undocumented default fill, not a verified classification; column retired in favor of structural binary flags (frond/cladode/phyllode/microphyll) plus functional_leaf"
Hypodiscus laevigatus,Hypodiscus laevigatus,Hypodiscus laevigatus,leaf,culm_stem,1,2026-08-11,"leaf_type 'leaf' value found to reflect an undocumented default fill, not a verified classification; column retired in favor of structural binary flags (frond/cladode/phyllode/microphyll) plus functional_leaf"
Hypodiscus neesii,Hypodiscus neesii,Hypodiscus neesii,leaf,culm_stem,1,2026-08-11,"leaf_type 'leaf' value found to reflect an undocumented default fill, not a verified classification; column retired in favor of structural binary flags (frond/cladode/phyllode/microphyll) plus functional_leaf"
Hypodiscus striatus,Hypodiscus striatus,Hypodiscus striatus,leaf,culm_stem,1,2026-08-11,"leaf_type 'leaf' value found to reflect an undocumented default fill, not a verified classification; column retired in favor of structural binary flags (frond/cladode/phyllode/microphyll) plus functional_leaf"
Hypodiscus synchroolepis,Hypodiscus synchroolepis,Hypodiscus synchroolepis,leaf,culm_stem,1,2026-08-11,"leaf_type 'leaf' value found to reflect an undocumented default fill, not a verified classification; column retired in favor of structural binary flags (frond/cladode/phyllode/microphyll) plus functional_leaf"
Hypodiscus willdenowia,Hypodiscus willdenowia,Hypodiscus willdenovia,leaf,culm_stem,1,2026-08-11,"leaf_type 'leaf' value found to reflect an undocumented default fill, not a verified classification; column retired in favor of structural binary flags (frond/cladode/phyllode/microphyll) plus functional_leaf"
Hypoestes forskaolii,Hypoestes forskaolii,Hypoestes forskaolii,leaf,leaf,0,2026-08-11,"leaf_type 'leaf' value found to reflect an undocumented default fill, not a verified classification; column retired in favor of structural binary flags (frond/cladode/phyllode/microphyll) plus functional_leaf"
Ifloga ambigua,Trichogyne ambigua,Ifloga ambigua,leaf,leaf,0,2026-08-11,"leaf_type 'leaf' value found to reflect an undocumented default fill, not a verified classification; column retired in favor of structural binary flags (frond/cladode/phyllode/microphyll) plus functional_leaf"
Ilex mitis,Ilex mitis,Ilex mitis,leaf,leaf,0,2026-08-11,"leaf_type 'leaf' value found to reflect an undocumented default fill, not a verified classification; column retired in favor of structural binary flags (frond/cladode/phyllode/microphyll) plus functional_leaf"
Imperata cylindrica,Imperata cylindrica,Imperata cylindrica,leaf,leaf,0,2026-08-11,"leaf_type 'leaf' value found to reflect an undocumented default fill, not a verified classification; column retired in favor of structural binary flags (frond/cladode/phyllode/microphyll) plus functional_leaf"
Indigofera alopecuroides,Indigofera alopecuroides,Indigofera alopecuroides,leaf,leaf,0,2026-08-11,"leaf_type 'leaf' value found to reflect an undocumented default fill, not a verified classification; column retired in favor of structural binary flags (frond/cladode/phyllode/microphyll) plus functional_leaf"
Indigofera angustifolia,Indigofera angustifolia,Indigofera brachystachya,leaf,leaf,0,2026-08-11,"leaf_type 'leaf' value found to reflect an undocumented default fill, not a verified classification; column retired in favor of structural binary flags (frond/cladode/phyllode/microphyll) plus functional_leaf"
Indigofera brachystachya,Indigofera brachystachya,Indigofera brachystachya,leaf,leaf,0,2026-08-11,"leaf_type 'leaf' value found to reflect an undocumented default fill, not a verified classification; column retired in favor of structural binary flags (frond/cladode/phyllode/microphyll) plus functional_leaf"
Indigofera candolleana,Indigofera candolleana,Indigofera candolleana,leaf,leaf,0,2026-08-11,"leaf_type 'leaf' value found to reflect an undocumented default fill, not a verified classification; column retired in favor of structural binary flags (frond/cladode/phyllode/microphyll) plus functional_leaf"
Indigofera concava,Indigofera concava,Indigofera concava,leaf,leaf,0,2026-08-11,"leaf_type 'leaf' value found to reflect an undocumented default fill, not a verified classification; column retired in favor of structural binary flags (frond/cladode/phyllode/microphyll) plus functional_leaf"
Indigofera denudata,Indigofera denudata,Indigofera denudata,leaf,leaf,0,2026-08-11,"leaf_type 'leaf' value found to reflect an undocumented default fill, not a verified classification; column retired in favor of structural binary flags (frond/cladode/phyllode/microphyll) plus functional_leaf"
Indigofera disticha,Indigofera disticha,Indigofera disticha,leaf,leaf,0,2026-08-11,"leaf_type 'leaf' value found to reflect an undocumented default fill, not a verified classification; column retired in favor of structural binary flags (frond/cladode/phyllode/microphyll) plus functional_leaf"
Indigofera flabellata,Indigofera flabellata,Indigofera flabellata,leaf,leaf,0,2026-08-11,"leaf_type 'leaf' value found to reflect an undocumented default fill, not a verified classification; column retired in favor of structural binary flags (frond/cladode/phyllode/microphyll) plus functional_leaf"
Indigofera frutescens,Indigofera frutescens,Indigofera frutescens,leaf,leaf,0,2026-08-11,"leaf_type 'leaf' value found to reflect an undocumented default fill, not a verified classification; column retired in favor of structural binary flags (frond/cladode/phyllode/microphyll) plus functional_leaf"
Indigofera glomerata,Indigofera glomerata,Indigofera glomerata,leaf,leaf,0,2026-08-11,"leaf_type 'leaf' value found to reflect an undocumented default fill, not a verified classification; column retired in favor of structural binary flags (frond/cladode/phyllode/microphyll) plus functional_leaf"
Indigofera heterophylla,Indigofera heterophylla,Indigofera heterophylla,leaf,leaf,0,2026-08-11,"leaf_type 'leaf' value found to reflect an undocumented default fill, not a verified classification; column retired in favor of structural binary flags (frond/cladode/phyllode/microphyll) plus functional_leaf"
Indigofera ionii,Indigofera filifolia,Indigofera ionii,leaf,mixed,1,2026-08-11,"leaf_type 'leaf' value found to reflect an undocumented default fill, not a verified classification; column retired in favor of structural binary flags (frond/cladode/phyllode/microphyll) plus functional_leaf"
Indigofera langebergensis,Indigofera langebergensis,Indigofera langebergensis,leaf,leaf,0,2026-08-11,"leaf_type 'leaf' value found to reflect an undocumented default fill, not a verified classification; column retired in favor of structural binary flags (frond/cladode/phyllode/microphyll) plus functional_leaf"
Indigofera ovata,Indigofera ovata,Indigofera ovata,leaf,leaf,0,2026-08-11,"leaf_type 'leaf' value found to reflect an undocumented default fill, not a verified classification; column retired in favor of structural binary flags (frond/cladode/phyllode/microphyll) plus functional_leaf"
Indigofera pappei,Indigofera pappei,Indigofera pappei,leaf,leaf,0,2026-08-11,"leaf_type 'leaf' value found to reflect an undocumented default fill, not a verified classification; column retired in favor of structural binary flags (frond/cladode/phyllode/microphyll) plus functional_leaf"
Indigofera psoraloides,Indigofera psoraloides,Indigofera psoraloides,leaf,leaf,0,2026-08-11,"leaf_type 'leaf' value found to reflect an undocumented default fill, not a verified classification; column retired in favor of structural binary flags (frond/cladode/phyllode/microphyll) plus functional_leaf"
Indigofera sarmentosa,Indigofera sarmentosa,Indigofera sarmentosa,leaf,leaf,0,2026-08-11,"leaf_type 'leaf' value found to reflect an undocumented default fill, not a verified classification; column retired in favor of structural binary flags (frond/cladode/phyllode/microphyll) plus functional_leaf"
Indigofera stricta,Indigofera stricta,Indigofera stricta,leaf,leaf,0,2026-08-11,"leaf_type 'leaf' value found to reflect an undocumented default fill, not a verified classification; column retired in favor of structural binary flags (frond/cladode/phyllode/microphyll) plus functional_leaf"
Indigofera sulcata,Indigofera sulcata,Indigofera sulcata,leaf,leaf,0,2026-08-11,"leaf_type 'leaf' value found to reflect an undocumented default fill, not a verified classification; column retired in favor of structural binary flags (frond/cladode/phyllode/microphyll) plus functional_leaf"
Isolepis marginata,Isolepis marginata,Isolepis marginata,leaf,leaf,0,2026-08-11,"leaf_type 'leaf' value found to reflect an undocumented default fill, not a verified classification; column retired in favor of structural binary flags (frond/cladode/phyllode/microphyll) plus functional_leaf"
Itasina filifolia,Itasina filifolia,Itasina filifolia,leaf,leaf,0,2026-08-11,"leaf_type 'leaf' value found to reflect an undocumented default fill, not a verified classification; column retired in favor of structural binary flags (frond/cladode/phyllode/microphyll) plus functional_leaf"
Jamesbrittenia aspalathoides,Jamesbrittenia aspalathoides,Jamesbrittenia aspalathoides,leaf,leaf,0,2026-08-11,"leaf_type 'leaf' value found to reflect an undocumented default fill, not a verified classification; column retired in favor of structural binary flags (frond/cladode/phyllode/microphyll) plus functional_leaf"
Jamesbrittenia tenuifolia,Jamesbrittenia tenuifolia,Jamesbrittenia tenuifolia,leaf,leaf,0,2026-08-11,"leaf_type 'leaf' value found to reflect an undocumented default fill, not a verified classification; column retired in favor of structural binary flags (frond/cladode/phyllode/microphyll) plus functional_leaf"
Jasminum glaucum,Jasminum glaucum,Jasminum glaucum,leaf,leaf,0,2026-08-11,"leaf_type 'leaf' value found to reflect an undocumented default fill, not a verified classification; column retired in favor of structural binary flags (frond/cladode/phyllode/microphyll) plus functional_leaf"
Jatropha capensis,Jatropha capensis,Jatropha capensis,leaf,leaf,0,2026-08-11,"leaf_type 'leaf' value found to reflect an undocumented default fill, not a verified classification; column retired in favor of structural binary flags (frond/cladode/phyllode/microphyll) plus functional_leaf"
Juncus capensis,Juncus capensis,Juncus capensis,leaf,leaf,0,2026-08-11,"leaf_type 'leaf' value found to reflect an undocumented default fill, not a verified classification; column retired in favor of structural binary flags (frond/cladode/phyllode/microphyll) plus functional_leaf"
Juncus kraussii,Juncus kraussii,Juncus kraussii,leaf,culm_stem,1,2026-08-11,"leaf_type 'leaf' value found to reflect an undocumented default fill, not a verified classification; column retired in favor of structural binary flags (frond/cladode/phyllode/microphyll) plus functional_leaf"
Juncus lomatophyllus,Juncus lomatophyllus,Juncus lomatophyllus,leaf,leaf,0,2026-08-11,"leaf_type 'leaf' value found to reflect an undocumented default fill, not a verified classification; column retired in favor of structural binary flags (frond/cladode/phyllode/microphyll) plus functional_leaf"
Kalanchoe rotundifolia,Kalanchoe rotundifolia,Kalanchoe rotundifolia,leaf,leaf,0,2026-08-11,"leaf_type 'leaf' value found to reflect an undocumented default fill, not a verified classification; column retired in favor of structural binary flags (frond/cladode/phyllode/microphyll) plus functional_leaf"
Kedrostis nana,Kedrostis nana,Kedrostis nana,leaf,leaf,0,2026-08-11,"leaf_type 'leaf' value found to reflect an undocumented default fill, not a verified classification; column retired in favor of structural binary flags (frond/cladode/phyllode/microphyll) plus functional_leaf"
Kiggelaria africana,Kiggelaria africana,Kiggelaria africana,leaf,leaf,0,2026-08-11,"leaf_type 'leaf' value found to reflect an undocumented default fill, not a verified classification; column retired in favor of structural binary flags (frond/cladode/phyllode/microphyll) plus functional_leaf"
Kniphofia uvaria,Kniphofia uvaria,Kniphofia uvaria,leaf,leaf,0,2026-08-11,"leaf_type 'leaf' value found to reflect an undocumented default fill, not a verified classification; column retired in favor of structural binary flags (frond/cladode/phyllode/microphyll) plus functional_leaf"
Lachenalia elegans,Lachenalia elegans,Lachenalia elegans,leaf,leaf,0,2026-08-11,"leaf_type 'leaf' value found to reflect an undocumented default fill, not a verified classification; column retired in favor of structural binary flags (frond/cladode/phyllode/microphyll) plus functional_leaf"
Lachnaea densiflora,Lachnaea densiflora,Lachnaea densiflora,leaf,leaf,0,2026-08-11,"leaf_type 'leaf' value found to reflect an undocumented default fill, not a verified classification; column retired in favor of structural binary flags (frond/cladode/phyllode/microphyll) plus functional_leaf"
Lachnaea funicaulis,Lachnaea funicaulis,Lachnaea funicaulis,leaf,leaf,0,2026-08-11,"leaf_type 'leaf' value found to reflect an undocumented default fill, not a verified classification; column retired in favor of structural binary flags (frond/cladode/phyllode/microphyll) plus functional_leaf"
Lachnaea globulifera,Lachnaea globulifera,Lachnaea globulifera,leaf,leaf,0,2026-08-11,"leaf_type 'leaf' value found to reflect an undocumented default fill, not a verified classification; column retired in favor of structural binary flags (frond/cladode/phyllode/microphyll) plus functional_leaf"
Lachnaea glomerata,Lachnaea glomerata,Lachnaea glomerata,leaf,leaf,0,2026-08-11,"leaf_type 'leaf' value found to reflect an undocumented default fill, not a verified classification; column retired in favor of structural binary flags (frond/cladode/phyllode/microphyll) plus functional_leaf"
Lachnaea grandiflora,Lachnaea grandiflora,Lachnaea grandiflora,leaf,leaf,0,2026-08-11,"leaf_type 'leaf' value found to reflect an undocumented default fill, not a verified classification; column retired in favor of structural binary flags (frond/cladode/phyllode/microphyll) plus functional_leaf"
Lachnaea macrantha,Lachnaea macrantha,Lachnaea macrantha,leaf,leaf,0,2026-08-11,"leaf_type 'leaf' value found to reflect an undocumented default fill, not a verified classification; column retired in favor of structural binary flags (frond/cladode/phyllode/microphyll) plus functional_leaf"
Lachnaea penicillata,Lachnaea penicillata,Lachnaea penicillata,leaf,leaf,0,2026-08-11,"leaf_type 'leaf' value found to reflect an undocumented default fill, not a verified classification; column retired in favor of structural binary flags (frond/cladode/phyllode/microphyll) plus functional_leaf"
Lachnaea sociorum,Lachnaea sociorum,Lachnaea sociorum,leaf,leaf,0,2026-08-11,"leaf_type 'leaf' value found to reflect an undocumented default fill, not a verified classification; column retired in favor of structural binary flags (frond/cladode/phyllode/microphyll) plus functional_leaf"
Lachnaea striata,Lachnaea striata,Lachnaea striata,leaf,leaf,0,2026-08-11,"leaf_type 'leaf' value found to reflect an undocumented default fill, not a verified classification; column retired in favor of structural binary flags (frond/cladode/phyllode/microphyll) plus functional_leaf"
Lachnospermum fasciculatum,Lachnospermum fasciculatum,Lachnospermum fasciculatum,leaf,leaf,0,2026-08-11,"leaf_type 'leaf' value found to reflect an undocumented default fill, not a verified classification; column retired in favor of structural binary flags (frond/cladode/phyllode/microphyll) plus functional_leaf"
Lachnospermum umbellatum,Lachnospermum umbellatum,Lachnospermum umbellatum,leaf,leaf,0,2026-08-11,"leaf_type 'leaf' value found to reflect an undocumented default fill, not a verified classification; column retired in favor of structural binary flags (frond/cladode/phyllode/microphyll) plus functional_leaf"
Lampranthus bicolor,Lampranthus bicolor,Lampranthus bicolor,leaf,leaf,0,2026-08-11,"leaf_type 'leaf' value found to reflect an undocumented default fill, not a verified classification; column retired in favor of structural binary flags (frond/cladode/phyllode/microphyll) plus functional_leaf"
Lampranthus elegans,Lampranthus elegans,Lampranthus elegans,leaf,leaf,0,2026-08-11,"leaf_type 'leaf' value found to reflect an undocumented default fill, not a verified classification; column retired in favor of structural binary flags (frond/cladode/phyllode/microphyll) plus functional_leaf"
Lampranthus emarginatus,Lampranthus emarginatus,Lampranthus emarginatus,leaf,leaf,0,2026-08-11,"leaf_type 'leaf' value found to reflect an undocumented default fill, not a verified classification; column retired in favor of structural binary flags (frond/cladode/phyllode/microphyll) plus functional_leaf"
Lampranthus falcatus,Lampranthus falcatus,Lampranthus falcatus,leaf,leaf,0,2026-08-11,"leaf_type 'leaf' value found to reflect an undocumented default fill, not a verified classification; column retired in favor of structural binary flags (frond/cladode/phyllode/microphyll) plus functional_leaf"
Lampranthus falciformis,Lampranthus falciformis,Lampranthus falciformis,leaf,leaf,0,2026-08-11,"leaf_type 'leaf' value found to reflect an undocumented default fill, not a verified classification; column retired in favor of structural binary flags (frond/cladode/phyllode/microphyll) plus functional_leaf"
Lampranthus laetus,Lampranthus laetus,Lampranthus laetus,leaf,leaf,0,2026-08-11,"leaf_type 'leaf' value found to reflect an undocumented default fill, not a verified classification; column retired in favor of structural binary flags (frond/cladode/phyllode/microphyll) plus functional_leaf"
Lampranthus promontorii,Lampranthus promontorii,Lampranthus promontorii,leaf,leaf,0,2026-08-11,"leaf_type 'leaf' value found to reflect an undocumented default fill, not a verified classification; column retired in favor of structural binary flags (frond/cladode/phyllode/microphyll) plus functional_leaf"
Lampranthus scaber,Lampranthus scaber,Lampranthus scaber,leaf,leaf,0,2026-08-11,"leaf_type 'leaf' value found to reflect an undocumented default fill, not a verified classification; column retired in favor of structural binary flags (frond/cladode/phyllode/microphyll) plus functional_leaf"
Lampranthus stenus,Lampranthus stenus,Lampranthus stenus,leaf,leaf,0,2026-08-11,"leaf_type 'leaf' value found to reflect an undocumented default fill, not a verified classification; column retired in favor of structural binary flags (frond/cladode/phyllode/microphyll) plus functional_leaf"
Lampranthus tenuifolius,Lampranthus tenuifolius,Lampranthus tenuifolius,leaf,leaf,0,2026-08-11,"leaf_type 'leaf' value found to reflect an undocumented default fill, not a verified classification; column retired in favor of structural binary flags (frond/cladode/phyllode/microphyll) plus functional_leaf"
Lanaria lanata,Lanaria lanata,Lanaria lanata,leaf,leaf,0,2026-08-11,"leaf_type 'leaf' value found to reflect an undocumented default fill, not a verified classification; column retired in favor of structural binary flags (frond/cladode/phyllode/microphyll) plus functional_leaf"
Langebergia canescens,Langebergia canescens,Langebergia canescens,leaf,leaf,0,2026-08-11,"leaf_type 'leaf' value found to reflect an undocumented default fill, not a verified classification; column retired in favor of structural binary flags (frond/cladode/phyllode/microphyll) plus functional_leaf"
Lantana rugosa,Lantana rugosa,Lantana rugosa,leaf,leaf,0,2026-08-11,"leaf_type 'leaf' value found to reflect an undocumented default fill, not a verified classification; column retired in favor of structural binary flags (frond/cladode/phyllode/microphyll) plus functional_leaf"
Laurembergia repens,Laurembergia repens,Laurembergia repens,leaf,leaf,0,2026-08-11,"leaf_type 'leaf' value found to reflect an undocumented default fill, not a verified classification; column retired in favor of structural binary flags (frond/cladode/phyllode/microphyll) plus functional_leaf"
Laurophyllus capensis,Laurophyllus capensis,Laurophyllus capensis,leaf,leaf,0,2026-08-11,"leaf_type 'leaf' value found to reflect an undocumented default fill, not a verified classification; column retired in favor of structural binary flags (frond/cladode/phyllode/microphyll) plus functional_leaf"
Lebeckia longipes,Lebeckia longipes,Lebeckia longipes,leaf,leaf,0,2026-08-11,"leaf_type 'leaf' value found to reflect an undocumented default fill, not a verified classification; column retired in favor of structural binary flags (frond/cladode/phyllode/microphyll) plus functional_leaf"
Lebeckia meyeriana,Lebeckia meyeriana,Lebeckia meyeriana,leaf,leaf,0,2026-08-11,"leaf_type 'leaf' value found to reflect an undocumented default fill, not a verified classification; column retired in favor of structural binary flags (frond/cladode/phyllode/microphyll) plus functional_leaf"
Leonotis ocymifolia,Leonotis ocymifolia,Leonotis ocymifolia,leaf,leaf,0,2026-08-11,"leaf_type 'leaf' value found to reflect an undocumented default fill, not a verified classification; column retired in favor of structural binary flags (frond/cladode/phyllode/microphyll) plus functional_leaf"
Leucadendron album,Leucadendron album,Leucadendron album,leaf,leaf,0,2026-08-11,"leaf_type 'leaf' value found to reflect an undocumented default fill, not a verified classification; column retired in favor of structural binary flags (frond/cladode/phyllode/microphyll) plus functional_leaf"
Leucadendron coniferum,Leucadendron coniferum,Leucadendron coniferum,leaf,leaf,0,2026-08-11,"leaf_type 'leaf' value found to reflect an undocumented default fill, not a verified classification; column retired in favor of structural binary flags (frond/cladode/phyllode/microphyll) plus functional_leaf"
Leucadendron dubium,Leucadendron dubium,Leucadendron dubium,leaf,leaf,0,2026-08-11,"leaf_type 'leaf' value found to reflect an undocumented default fill, not a verified classification; column retired in favor of structural binary flags (frond/cladode/phyllode/microphyll) plus functional_leaf"
Leucadendron eucalyptifolium,Leucadendron eucalyptifolium,Leucadendron eucalyptifolium,leaf,leaf,0,2026-08-11,"leaf_type 'leaf' value found to reflect an undocumented default fill, not a verified classification; column retired in favor of structural binary flags (frond/cladode/phyllode/microphyll) plus functional_leaf"
Leucadendron gandogeri,Leucadendron gandogeri,Leucadendron gandogeri,leaf,leaf,0,2026-08-11,"leaf_type 'leaf' value found to reflect an undocumented default fill, not a verified classification; column retired in favor of structural binary flags (frond/cladode/phyllode/microphyll) plus functional_leaf"
Leucadendron glaberrimum,Leucadendron glaberrimum,Leucadendron glaberrimum,leaf,leaf,0,2026-08-11,"leaf_type 'leaf' value found to reflect an undocumented default fill, not a verified classification; column retired in favor of structural binary flags (frond/cladode/phyllode/microphyll) plus functional_leaf"
Leucadendron laureolum,Leucadendron laureolum,Leucadendron laureolum,leaf,leaf,0,2026-08-11,"leaf_type 'leaf' value found to reflect an undocumented default fill, not a verified classification; column retired in favor of structural binary flags (frond/cladode/phyllode/microphyll) plus functional_leaf"
Leucadendron microcephalum,Leucadendron microcephalum,Leucadendron microcephalum,leaf,leaf,0,2026-08-11,"leaf_type 'leaf' value found to reflect an undocumented default fill, not a verified classification; column retired in favor of structural binary flags (frond/cladode/phyllode/microphyll) plus functional_leaf"
Leucadendron nitidum,Leucadendron nitidum,Leucadendron nitidum,leaf,leaf,0,2026-08-11,"leaf_type 'leaf' value found to reflect an undocumented default fill, not a verified classification; column retired in favor of structural binary flags (frond/cladode/phyllode/microphyll) plus functional_leaf"
Leucadendron nobile,Leucadendron nobile,Leucadendron nobile,leaf,leaf,0,2026-08-11,"leaf_type 'leaf' value found to reflect an undocumented default fill, not a verified classification; column retired in favor of structural binary flags (frond/cladode/phyllode/microphyll) plus functional_leaf"
Leucadendron olens,Leucadendron olens,Leucadendron olens,leaf,leaf,0,2026-08-11,"leaf_type 'leaf' value found to reflect an undocumented default fill, not a verified classification; column retired in favor of structural binary flags (frond/cladode/phyllode/microphyll) plus functional_leaf"
Leucadendron pubescens,Leucadendron pubescens,Leucadendron pubescens,leaf,leaf,0,2026-08-11,"leaf_type 'leaf' value found to reflect an undocumented default fill, not a verified classification; column retired in favor of structural binary flags (frond/cladode/phyllode/microphyll) plus functional_leaf"
Leucadendron pubibracteolatum,Leucadendron pubibracteolatum,Leucadendron pubibracteolatum,leaf,leaf,0,2026-08-11,"leaf_type 'leaf' value found to reflect an undocumented default fill, not a verified classification; column retired in favor of structural binary flags (frond/cladode/phyllode/microphyll) plus functional_leaf"
Leucadendron rourkei,Leucadendron rourkei,Leucadendron rourkei,leaf,leaf,0,2026-08-11,"leaf_type 'leaf' value found to reflect an undocumented default fill, not a verified classification; column retired in favor of structural binary flags (frond/cladode/phyllode/microphyll) plus functional_leaf"
Leucadendron rubrum,Leucadendron rubrum,Leucadendron rubrum,leaf,leaf,0,2026-08-11,"leaf_type 'leaf' value found to reflect an undocumented default fill, not a verified classification; column retired in favor of structural binary flags (frond/cladode/phyllode/microphyll) plus functional_leaf"
Leucadendron salignum,Leucadendron salignum,Leucadendron salignum,leaf,leaf,0,2026-08-11,"leaf_type 'leaf' value found to reflect an undocumented default fill, not a verified classification; column retired in favor of structural binary flags (frond/cladode/phyllode/microphyll) plus functional_leaf"
Leucadendron sorocephalodes,Leucadendron sorocephalodes,Leucadendron sorocephalodes,leaf,leaf,0,2026-08-11,"leaf_type 'leaf' value found to reflect an undocumented default fill, not a verified classification; column retired in favor of structural binary flags (frond/cladode/phyllode/microphyll) plus functional_leaf"
Leucadendron spirale,Leucadendron spirale,Leucadendron spirale,leaf,leaf,0,2026-08-11,"leaf_type 'leaf' value found to reflect an undocumented default fill, not a verified classification; column retired in favor of structural binary flags (frond/cladode/phyllode/microphyll) plus functional_leaf"
Leucadendron spissifolium,Leucadendron spissifolium,Leucadendron spissifolium,leaf,leaf,0,2026-08-11,"leaf_type 'leaf' value found to reflect an undocumented default fill, not a verified classification; column retired in favor of structural binary flags (frond/cladode/phyllode/microphyll) plus functional_leaf"
Leucadendron tinctum,Leucadendron tinctum,Leucadendron tinctum,leaf,leaf,0,2026-08-11,"leaf_type 'leaf' value found to reflect an undocumented default fill, not a verified classification; column retired in favor of structural binary flags (frond/cladode/phyllode/microphyll) plus functional_leaf"
Leucadendron uliginosum,Leucadendron uliginosum,Leucadendron uliginosum,leaf,leaf,0,2026-08-11,"leaf_type 'leaf' value found to reflect an undocumented default fill, not a verified classification; column retired in favor of structural binary flags (frond/cladode/phyllode/microphyll) plus functional_leaf"
Leucadendron xanthoconus,Leucadendron xanthoconus,Leucadendron xanthoconus,leaf,leaf,0,2026-08-11,"leaf_type 'leaf' value found to reflect an undocumented default fill, not a verified classification; column retired in favor of structural binary flags (frond/cladode/phyllode/microphyll) plus functional_leaf"
Leucospermum calligerum,Leucospermum calligerum,Leucospermum calligerum,leaf,leaf,0,2026-08-11,"leaf_type 'leaf' value found to reflect an undocumented default fill, not a verified classification; column retired in favor of structural binary flags (frond/cladode/phyllode/microphyll) plus functional_leaf"
Leucospermum conocarpodendron,Leucospermum conocarpodendron,Leucospermum conocarpodendron,leaf,leaf,0,2026-08-11,"leaf_type 'leaf' value found to reflect an undocumented default fill, not a verified classification; column retired in favor of structural binary flags (frond/cladode/phyllode/microphyll) plus functional_leaf"
Leucospermum cuneiforme,Leucospermum cuneiforme,Leucospermum cuneiforme,leaf,leaf,0,2026-08-11,"leaf_type 'leaf' value found to reflect an undocumented default fill, not a verified classification; column retired in favor of structural binary flags (frond/cladode/phyllode/microphyll) plus functional_leaf"
Leucospermum erubescens,Leucospermum erubescens,Leucospermum erubescens,leaf,leaf,0,2026-08-11,"leaf_type 'leaf' value found to reflect an undocumented default fill, not a verified classification; column retired in favor of structural binary flags (frond/cladode/phyllode/microphyll) plus functional_leaf"
Leucospermum hypophyllocarpodendron,Leucospermum hypophyllocarpodendron,Leucospermum hypophyllocarpodendron,leaf,leaf,0,2026-08-11,"leaf_type 'leaf' value found to reflect an undocumented default fill, not a verified classification; column retired in favor of structural binary flags (frond/cladode/phyllode/microphyll) plus functional_leaf"
Leucospermum mundii,Leucospermum mundii,Leucospermum mundii,leaf,leaf,0,2026-08-11,"leaf_type 'leaf' value found to reflect an undocumented default fill, not a verified classification; column retired in favor of structural binary flags (frond/cladode/phyllode/microphyll) plus functional_leaf"
Leucospermum winteri,Leucospermum winteri,Leucospermum winteri,leaf,leaf,0,2026-08-11,"leaf_type 'leaf' value found to reflect an undocumented default fill, not a verified classification; column retired in favor of structural binary flags (frond/cladode/phyllode/microphyll) plus functional_leaf"
Leucospermum wittebergense,Leucospermum wittebergense,Leucospermum wittebergense,leaf,leaf,0,2026-08-11,"leaf_type 'leaf' value found to reflect an undocumented default fill, not a verified classification; column retired in favor of structural binary flags (frond/cladode/phyllode/microphyll) plus functional_leaf"
Leysera gnaphalodes,Leysera gnaphalodes,Leysera gnaphalodes,leaf,leaf,0,2026-08-11,"leaf_type 'leaf' value found to reflect an undocumented default fill, not a verified classification; column retired in favor of structural binary flags (frond/cladode/phyllode/microphyll) plus functional_leaf"
Lichtensteinia lacera,Lichtensteinia lacera,Lichtensteinia lacera,leaf,leaf,0,2026-08-11,"leaf_type 'leaf' value found to reflect an undocumented default fill, not a verified classification; column retired in favor of structural binary flags (frond/cladode/phyllode/microphyll) plus functional_leaf"
Lichtensteinia latifolia,Lichtensteinia latifolia,Lichtensteinia latifolia,leaf,leaf,0,2026-08-11,"leaf_type 'leaf' value found to reflect an undocumented default fill, not a verified classification; column retired in favor of structural binary flags (frond/cladode/phyllode/microphyll) plus functional_leaf"
Lidbeckia quinqueloba,Lidbeckia lobata,Lidbeckia quinqueloba,leaf,leaf,0,2026-08-11,"leaf_type 'leaf' value found to reflect an undocumented default fill, not a verified classification; column retired in favor of structural binary flags (frond/cladode/phyllode/microphyll) plus functional_leaf"
Limeum aethiopicum,Limeum aethiopicum,Limeum aethiopicum,leaf,leaf,0,2026-08-11,"leaf_type 'leaf' value found to reflect an undocumented default fill, not a verified classification; column retired in favor of structural binary flags (frond/cladode/phyllode/microphyll) plus functional_leaf"
Limonium scabrum,Limonium scabrum,Limonium scabrum,leaf,leaf,0,2026-08-11,"leaf_type 'leaf' value found to reflect an undocumented default fill, not a verified classification; column retired in favor of structural binary flags (frond/cladode/phyllode/microphyll) plus functional_leaf"
Linconia alopecuroidea,Linconia alopecuroidea,Linconia alopecuroidea,leaf,leaf,0,2026-08-11,"leaf_type 'leaf' value found to reflect an undocumented default fill, not a verified classification; column retired in favor of structural binary flags (frond/cladode/phyllode/microphyll) plus functional_leaf"
Linum africanum,Linum africanum,Linum africanum,leaf,leaf,0,2026-08-11,"leaf_type 'leaf' value found to reflect an undocumented default fill, not a verified classification; column retired in favor of structural binary flags (frond/cladode/phyllode/microphyll) plus functional_leaf"
Linum gracile,Linum gracile,Linum gracile,leaf,leaf,0,2026-08-11,"leaf_type 'leaf' value found to reflect an undocumented default fill, not a verified classification; column retired in favor of structural binary flags (frond/cladode/phyllode/microphyll) plus functional_leaf"
Linum pungens,Linum pungens,Linum pungens,leaf,leaf,0,2026-08-11,"leaf_type 'leaf' value found to reflect an undocumented default fill, not a verified classification; column retired in favor of structural binary flags (frond/cladode/phyllode/microphyll) plus functional_leaf"
Linum thunbergii,Linum thunbergii,Linum thunbergii,leaf,leaf,0,2026-08-11,"leaf_type 'leaf' value found to reflect an undocumented default fill, not a verified classification; column retired in favor of structural binary flags (frond/cladode/phyllode/microphyll) plus functional_leaf"
Liparia calycina,Liparia calycina,Liparia calycina,leaf,leaf,0,2026-08-11,"leaf_type 'leaf' value found to reflect an undocumented default fill, not a verified classification; column retired in favor of structural binary flags (frond/cladode/phyllode/microphyll) plus functional_leaf"
Liparia parva,Liparia parva,Liparia parva,leaf,leaf,0,2026-08-11,"leaf_type 'leaf' value found to reflect an undocumented default fill, not a verified classification; column retired in favor of structural binary flags (frond/cladode/phyllode/microphyll) plus functional_leaf"
Lobelia anceps,Lobelia anceps,Lobelia anceps,leaf,leaf,0,2026-08-11,"leaf_type 'leaf' value found to reflect an undocumented default fill, not a verified classification; column retired in favor of structural binary flags (frond/cladode/phyllode/microphyll) plus functional_leaf"
Lobelia capillifolia,Lobelia capillifolia,Lobelia capillifolia,leaf,leaf,0,2026-08-11,"leaf_type 'leaf' value found to reflect an undocumented default fill, not a verified classification; column retired in favor of structural binary flags (frond/cladode/phyllode/microphyll) plus functional_leaf"
Lobelia chamaepitys,Lobelia chamaepitys,Lobelia chamaepitys,leaf,leaf,0,2026-08-11,"leaf_type 'leaf' value found to reflect an undocumented default fill, not a verified classification; column retired in favor of structural binary flags (frond/cladode/phyllode/microphyll) plus functional_leaf"
Lobelia comosa,Lobelia comosa,Lobelia comosa,leaf,leaf,0,2026-08-11,"leaf_type 'leaf' value found to reflect an undocumented default fill, not a verified classification; column retired in favor of structural binary flags (frond/cladode/phyllode/microphyll) plus functional_leaf"
Lobelia coronopifolia,Lobelia coronopifolia,Lobelia coronopifolia,leaf,leaf,0,2026-08-11,"leaf_type 'leaf' value found to reflect an undocumented default fill, not a verified classification; column retired in favor of structural binary flags (frond/cladode/phyllode/microphyll) plus functional_leaf"
Lobelia jasionoides,Lobelia jasionoides,Lobelia jasionoides,leaf,leaf,0,2026-08-11,"leaf_type 'leaf' value found to reflect an undocumented default fill, not a verified classification; column retired in favor of structural binary flags (frond/cladode/phyllode/microphyll) plus functional_leaf"
Lobelia linearis,Lobelia linearis,Lobelia linearis,leaf,leaf,0,2026-08-11,"leaf_type 'leaf' value found to reflect an undocumented default fill, not a verified classification; column retired in favor of structural binary flags (frond/cladode/phyllode/microphyll) plus functional_leaf"
Lobelia neglecta,Lobelia neglecta,Lobelia neglecta,leaf,leaf,0,2026-08-11,"leaf_type 'leaf' value found to reflect an undocumented default fill, not a verified classification; column retired in favor of structural binary flags (frond/cladode/phyllode/microphyll) plus functional_leaf"
Lobelia patula,Lobelia patula,Lobelia patula,leaf,leaf,0,2026-08-11,"leaf_type 'leaf' value found to reflect an undocumented default fill, not a verified classification; column retired in favor of structural binary flags (frond/cladode/phyllode/microphyll) plus functional_leaf"
Lobelia pinifolia,Lobelia pinifolia,Lobelia pinifolia,leaf,leaf,0,2026-08-11,"leaf_type 'leaf' value found to reflect an undocumented default fill, not a verified classification; column retired in favor of structural binary flags (frond/cladode/phyllode/microphyll) plus functional_leaf"
Lobelia pubescens,Lobelia pubescens,Lobelia pubescens,leaf,leaf,0,2026-08-11,"leaf_type 'leaf' value found to reflect an undocumented default fill, not a verified classification; column retired in favor of structural binary flags (frond/cladode/phyllode/microphyll) plus functional_leaf"
Lobelia setacea,Lobelia setacea,Lobelia setacea,leaf,leaf,0,2026-08-11,"leaf_type 'leaf' value found to reflect an undocumented default fill, not a verified classification; column retired in favor of structural binary flags (frond/cladode/phyllode/microphyll) plus functional_leaf"
Lobelia tomentosa,Lobelia tomentosa,Lobelia tomentosa,leaf,leaf,0,2026-08-11,"leaf_type 'leaf' value found to reflect an undocumented default fill, not a verified classification; column retired in favor of structural binary flags (frond/cladode/phyllode/microphyll) plus functional_leaf"
Lobostemon cinereus,Lobostemon trichotomus,Lobostemon cinereus,leaf,leaf,0,2026-08-11,"leaf_type 'leaf' value found to reflect an undocumented default fill, not a verified classification; column retired in favor of structural binary flags (frond/cladode/phyllode/microphyll) plus functional_leaf"
Lobostemon decorus,Lobostemon decorus,Lobostemon decorus,leaf,leaf,0,2026-08-11,"leaf_type 'leaf' value found to reflect an undocumented default fill, not a verified classification; column retired in favor of structural binary flags (frond/cladode/phyllode/microphyll) plus functional_leaf"
Lobostemon echioides,Lobostemon echioides,Lobostemon echioides,leaf,leaf,0,2026-08-11,"leaf_type 'leaf' value found to reflect an undocumented default fill, not a verified classification; column retired in favor of structural binary flags (frond/cladode/phyllode/microphyll) plus functional_leaf"
Lobostemon fruticosus,Lobostemon fruticosus,Lobostemon fruticosus,leaf,leaf,0,2026-08-11,"leaf_type 'leaf' value found to reflect an undocumented default fill, not a verified classification; column retired in favor of structural binary flags (frond/cladode/phyllode/microphyll) plus functional_leaf"
Lobostemon glaucophyllus,Lobostemon glaucophyllus,Lobostemon glaucophyllus,leaf,leaf,0,2026-08-11,"leaf_type 'leaf' value found to reflect an undocumented default fill, not a verified classification; column retired in favor of structural binary flags (frond/cladode/phyllode/microphyll) plus functional_leaf"
Lobostemon montanus,Lobostemon montanus,Lobostemon montanus,leaf,leaf,0,2026-08-11,"leaf_type 'leaf' value found to reflect an undocumented default fill, not a verified classification; column retired in favor of structural binary flags (frond/cladode/phyllode/microphyll) plus functional_leaf"
Lobostemon muirii,Lobostemon muirii,Lobostemon muirii,leaf,leaf,0,2026-08-11,"leaf_type 'leaf' value found to reflect an undocumented default fill, not a verified classification; column retired in favor of structural binary flags (frond/cladode/phyllode/microphyll) plus functional_leaf"
Lotononis pungens,Lotononis pungens,Lotononis pungens,leaf,leaf,0,2026-08-11,"leaf_type 'leaf' value found to reflect an undocumented default fill, not a verified classification; column retired in favor of structural binary flags (frond/cladode/phyllode/microphyll) plus functional_leaf"
Loxostylis alata,Loxostylis alata,Loxostylis alata,leaf,leaf,0,2026-08-11,"leaf_type 'leaf' value found to reflect an undocumented default fill, not a verified classification; column retired in favor of structural binary flags (frond/cladode/phyllode/microphyll) plus functional_leaf"
Lycium afrum,Lycium afrum,Lycium afrum,leaf,leaf,0,2026-08-11,"leaf_type 'leaf' value found to reflect an undocumented default fill, not a verified classification; column retired in favor of structural binary flags (frond/cladode/phyllode/microphyll) plus functional_leaf"
Lycium ferocissimum,Lycium ferocissimum,Lycium ferocissimum,leaf,leaf,0,2026-08-11,"leaf_type 'leaf' value found to reflect an undocumented default fill, not a verified classification; column retired in favor of structural binary flags (frond/cladode/phyllode/microphyll) plus functional_leaf"
Lycopodium zanclophyllum,Lycopodium complanatum,Diphasiastrum zanclophyllum,microphyll,leaf,0,2026-08-11,"leaf_type 'leaf' value found to reflect an undocumented default fill, not a verified classification; column retired in favor of structural binary flags (frond/cladode/phyllode/microphyll) plus functional_leaf"
Machairophyllum albidum,Machairophyllum cookii,Machairophyllum albidum,leaf,leaf,0,2026-08-11,"leaf_type 'leaf' value found to reflect an undocumented default fill, not a verified classification; column retired in favor of structural binary flags (frond/cladode/phyllode/microphyll) plus functional_leaf"
Machairophyllum bijliae,Machairophyllum acuminatum,Machairophyllum bijlii,leaf,leaf,0,2026-08-11,"leaf_type 'leaf' value found to reflect an undocumented default fill, not a verified classification; column retired in favor of structural binary flags (frond/cladode/phyllode/microphyll) plus functional_leaf"
Macledium spinosum,Dicoma spinosa,Macledium spinosum,leaf,leaf,0,2026-08-11,"leaf_type 'leaf' value found to reflect an undocumented default fill, not a verified classification; column retired in favor of structural binary flags (frond/cladode/phyllode/microphyll) plus functional_leaf"
Macrostylis squarrosa,Macrostylis squarrosa,Macrostylis squarrosa,leaf,leaf,0,2026-08-11,"leaf_type 'leaf' value found to reflect an undocumented default fill, not a verified classification; column retired in favor of structural binary flags (frond/cladode/phyllode/microphyll) plus functional_leaf"
Macrostylis tenuis,Macrostylis tenuis,Macrostylis tenuis,leaf,leaf,0,2026-08-11,"leaf_type 'leaf' value found to reflect an undocumented default fill, not a verified classification; column retired in favor of structural binary flags (frond/cladode/phyllode/microphyll) plus functional_leaf"
Macrostylis villosa,Macrostylis villosa,Macrostylis villosa,leaf,leaf,0,2026-08-11,"leaf_type 'leaf' value found to reflect an undocumented default fill, not a verified classification; column retired in favor of structural binary flags (frond/cladode/phyllode/microphyll) plus functional_leaf"
Mairia coriacea,Mairia coriacea,Mairia coriacea,leaf,leaf,0,2026-08-11,"leaf_type 'leaf' value found to reflect an undocumented default fill, not a verified classification; column retired in favor of structural binary flags (frond/cladode/phyllode/microphyll) plus functional_leaf"
Mairia crenata,Mairia crenata,Zyrphelis crenata,leaf,leaf,0,2026-08-11,"leaf_type 'leaf' value found to reflect an undocumented default fill, not a verified classification; column retired in favor of structural binary flags (frond/cladode/phyllode/microphyll) plus functional_leaf"
Mairia hirsuta,Mairia hirsuta,Mairia purpurata,leaf,leaf,0,2026-08-11,"leaf_type 'leaf' value found to reflect an undocumented default fill, not a verified classification; column retired in favor of structural binary flags (frond/cladode/phyllode/microphyll) plus functional_leaf"
Manulea cephalotes,Manulea cephalotes,Manulea cephalotes,leaf,leaf,0,2026-08-11,"leaf_type 'leaf' value found to reflect an undocumented default fill, not a verified classification; column retired in favor of structural binary flags (frond/cladode/phyllode/microphyll) plus functional_leaf"
Manulea cheiranthus,Manulea cheiranthus,Manulea cheiranthus,leaf,leaf,0,2026-08-11,"leaf_type 'leaf' value found to reflect an undocumented default fill, not a verified classification; column retired in favor of structural binary flags (frond/cladode/phyllode/microphyll) plus functional_leaf"
Manulea laxa,Manulea laxa,Manulea laxa,leaf,leaf,0,2026-08-11,"leaf_type 'leaf' value found to reflect an undocumented default fill, not a verified classification; column retired in favor of structural binary flags (frond/cladode/phyllode/microphyll) plus functional_leaf"
Manulea tomentosa,Manulea tomentosa,Manulea tomentosa,leaf,leaf,0,2026-08-11,"leaf_type 'leaf' value found to reflect an undocumented default fill, not a verified classification; column retired in favor of structural binary flags (frond/cladode/phyllode/microphyll) plus functional_leaf"
Mastersiella digitata,Mastersiella digitata,Mastersiella digitata,leaf,culm_stem,1,2026-08-11,"leaf_type 'leaf' value found to reflect an undocumented default fill, not a verified classification; column retired in favor of structural binary flags (frond/cladode/phyllode/microphyll) plus functional_leaf"
Mastersiella purpurea,Mastersiella purpurea,Mastersiella purpurea,leaf,culm_stem,1,2026-08-11,"leaf_type 'leaf' value found to reflect an undocumented default fill, not a verified classification; column retired in favor of structural binary flags (frond/cladode/phyllode/microphyll) plus functional_leaf"
Mastersiella spathulata,Mastersiella spathulata,Mastersiella spathulata,leaf,culm_stem,1,2026-08-11,"leaf_type 'leaf' value found to reflect an undocumented default fill, not a verified classification; column retired in favor of structural binary flags (frond/cladode/phyllode/microphyll) plus functional_leaf"
Maurocenia frangula,Maurocenia frangula,Maurocenia frangula,leaf,leaf,0,2026-08-11,"leaf_type 'leaf' value found to reflect an undocumented default fill, not a verified classification; column retired in favor of structural binary flags (frond/cladode/phyllode/microphyll) plus functional_leaf"
Maytenus acuminata,Maytenus acuminata,Maytenus acuminata,leaf,leaf,0,2026-08-11,"leaf_type 'leaf' value found to reflect an undocumented default fill, not a verified classification; column retired in favor of structural binary flags (frond/cladode/phyllode/microphyll) plus functional_leaf"
Maytenus lucida,Maytenus lucida,Maytenus lucida,leaf,leaf,0,2026-08-11,"leaf_type 'leaf' value found to reflect an undocumented default fill, not a verified classification; column retired in favor of structural binary flags (frond/cladode/phyllode/microphyll) plus functional_leaf"
Maytenus oleoides,Maytenus oleoides,Maytenus oleoides,leaf,leaf,0,2026-08-11,"leaf_type 'leaf' value found to reflect an undocumented default fill, not a verified classification; column retired in favor of structural binary flags (frond/cladode/phyllode/microphyll) plus functional_leaf"
Maytenus undata,Maytenus undata,Maytenus undata,leaf,leaf,0,2026-08-11,"leaf_type 'leaf' value found to reflect an undocumented default fill, not a verified classification; column retired in favor of structural binary flags (frond/cladode/phyllode/microphyll) plus functional_leaf"
Melianthus major,Melianthus major,Melianthus major,leaf,leaf,0,2026-08-11,"leaf_type 'leaf' value found to reflect an undocumented default fill, not a verified classification; column retired in favor of structural binary flags (frond/cladode/phyllode/microphyll) plus functional_leaf"
Melica racemosa,Melica racemosa,Melica racemosa,leaf,leaf,0,2026-08-11,"leaf_type 'leaf' value found to reflect an undocumented default fill, not a verified classification; column retired in favor of structural binary flags (frond/cladode/phyllode/microphyll) plus functional_leaf"
Melinis nerviglumis,Melinis nerviglumis,Melinis nerviglumis,leaf,leaf,0,2026-08-11,"leaf_type 'leaf' value found to reflect an undocumented default fill, not a verified classification; column retired in favor of structural binary flags (frond/cladode/phyllode/microphyll) plus functional_leaf"
Melinis repens,Melinis repens,Melinis repens,leaf,leaf,0,2026-08-11,"leaf_type 'leaf' value found to reflect an undocumented default fill, not a verified classification; column retired in favor of structural binary flags (frond/cladode/phyllode/microphyll) plus functional_leaf"
Melolobium candicans,Melolobium candicans,Melolobium candicans,leaf,leaf,0,2026-08-11,"leaf_type 'leaf' value found to reflect an undocumented default fill, not a verified classification; column retired in favor of structural binary flags (frond/cladode/phyllode/microphyll) plus functional_leaf"
Merciera azurea,Merciera azurea,Merciera azurea,leaf,leaf,0,2026-08-11,"leaf_type 'leaf' value found to reflect an undocumented default fill, not a verified classification; column retired in favor of structural binary flags (frond/cladode/phyllode/microphyll) plus functional_leaf"
Merciera brevifolia,Merciera brevifolia,Merciera brevifolia,leaf,leaf,0,2026-08-11,"leaf_type 'leaf' value found to reflect an undocumented default fill, not a verified classification; column retired in favor of structural binary flags (frond/cladode/phyllode/microphyll) plus functional_leaf"
Merciera tenuifolia,Merciera tenuifolia,Merciera tenuifolia,leaf,leaf,0,2026-08-11,"leaf_type 'leaf' value found to reflect an undocumented default fill, not a verified classification; column retired in favor of structural binary flags (frond/cladode/phyllode/microphyll) plus functional_leaf"
Mesembryanthemum crystallinum,Mesembryanthemum crystallinum,Mesembryanthemum crystallinum,leaf,leaf,0,2026-08-11,"leaf_type 'leaf' value found to reflect an undocumented default fill, not a verified classification; column retired in favor of structural binary flags (frond/cladode/phyllode/microphyll) plus functional_leaf"
Metalasia brevifolia,Metalasia brevifolia,Metalasia brevifolia,leaf,leaf,0,2026-08-11,"leaf_type 'leaf' value found to reflect an undocumented default fill, not a verified classification; column retired in favor of structural binary flags (frond/cladode/phyllode/microphyll) plus functional_leaf"
Metalasia capitata,Metalasia capitata,Metalasia capitata,leaf,leaf,0,2026-08-11,"leaf_type 'leaf' value found to reflect an undocumented default fill, not a verified classification; column retired in favor of structural binary flags (frond/cladode/phyllode/microphyll) plus functional_leaf"
Metalasia cephalotes,Metalasia cephalotes,Metalasia cephalotes,leaf,leaf,0,2026-08-11,"leaf_type 'leaf' value found to reflect an undocumented default fill, not a verified classification; column retired in favor of structural binary flags (frond/cladode/phyllode/microphyll) plus functional_leaf"
Metalasia densa,Metalasia densa,Metalasia densa,leaf,leaf,0,2026-08-11,"leaf_type 'leaf' value found to reflect an undocumented default fill, not a verified classification; column retired in favor of structural binary flags (frond/cladode/phyllode/microphyll) plus functional_leaf"
Metalasia dregeana,Metalasia dregeana,Metalasia dregeana,leaf,leaf,0,2026-08-11,"leaf_type 'leaf' value found to reflect an undocumented default fill, not a verified classification; column retired in favor of structural binary flags (frond/cladode/phyllode/microphyll) plus functional_leaf"
Metalasia fastigiata,Metalasia fastigiata,Metalasia fastigiata,leaf,leaf,0,2026-08-11,"leaf_type 'leaf' value found to reflect an undocumented default fill, not a verified classification; column retired in favor of structural binary flags (frond/cladode/phyllode/microphyll) plus functional_leaf"
Metalasia galpinii,Metalasia galpinii,Metalasia galpinii,leaf,leaf,0,2026-08-11,"leaf_type 'leaf' value found to reflect an undocumented default fill, not a verified classification; column retired in favor of structural binary flags (frond/cladode/phyllode/microphyll) plus functional_leaf"
Metalasia lichtensteinii,Metalasia lichtensteinii,Metalasia lichtensteinii,leaf,leaf,0,2026-08-11,"leaf_type 'leaf' value found to reflect an undocumented default fill, not a verified classification; column retired in favor of structural binary flags (frond/cladode/phyllode/microphyll) plus functional_leaf"
Metalasia massonii,Metalasia massonii,Metalasia massonii,leaf,leaf,0,2026-08-11,"leaf_type 'leaf' value found to reflect an undocumented default fill, not a verified classification; column retired in favor of structural binary flags (frond/cladode/phyllode/microphyll) plus functional_leaf"
Metalasia muricata,Metalasia muricata,Metalasia muricata,leaf,leaf,0,2026-08-11,"leaf_type 'leaf' value found to reflect an undocumented default fill, not a verified classification; column retired in favor of structural binary flags (frond/cladode/phyllode/microphyll) plus functional_leaf"
Metalasia pallida,Metalasia pallida,Metalasia pallida,leaf,leaf,0,2026-08-11,"leaf_type 'leaf' value found to reflect an undocumented default fill, not a verified classification; column retired in favor of structural binary flags (frond/cladode/phyllode/microphyll) plus functional_leaf"
Metalasia pungens,Metalasia pungens,Metalasia pungens,leaf,leaf,0,2026-08-11,"leaf_type 'leaf' value found to reflect an undocumented default fill, not a verified classification; column retired in favor of structural binary flags (frond/cladode/phyllode/microphyll) plus functional_leaf"
Metalasia trivialis,Metalasia trivialis,Metalasia trivialis,leaf,leaf,0,2026-08-11,"leaf_type 'leaf' value found to reflect an undocumented default fill, not a verified classification; column retired in favor of structural binary flags (frond/cladode/phyllode/microphyll) plus functional_leaf"
Metrosideros angustifolia,Metrosideros angustifolia,Metrosideros angustifolia,leaf,leaf,0,2026-08-11,"leaf_type 'leaf' value found to reflect an undocumented default fill, not a verified classification; column retired in favor of structural binary flags (frond/cladode/phyllode/microphyll) plus functional_leaf"
Microdon dubius,Microdon dubius,Microdon dubius,leaf,leaf,0,2026-08-11,"leaf_type 'leaf' value found to reflect an undocumented default fill, not a verified classification; column retired in favor of structural binary flags (frond/cladode/phyllode/microphyll) plus functional_leaf"
Microloma tenuifolium,Microloma tenuifolium,Microloma tenuifolium,leaf,leaf,0,2026-08-11,"leaf_type 'leaf' value found to reflect an undocumented default fill, not a verified classification; column retired in favor of structural binary flags (frond/cladode/phyllode/microphyll) plus functional_leaf"
Mimetes cucullatus,Mimetes cucullatus,Mimetes cucullatus,leaf,leaf,0,2026-08-11,"leaf_type 'leaf' value found to reflect an undocumented default fill, not a verified classification; column retired in favor of structural binary flags (frond/cladode/phyllode/microphyll) plus functional_leaf"
Mimetes fimbriifolius,Mimetes fimbriifolius,Mimetes fimbriifolius,leaf,leaf,0,2026-08-11,"leaf_type 'leaf' value found to reflect an undocumented default fill, not a verified classification; column retired in favor of structural binary flags (frond/cladode/phyllode/microphyll) plus functional_leaf"
Mimetes splendidus,Mimetes splendidus,Mimetes splendidus,leaf,leaf,0,2026-08-11,"leaf_type 'leaf' value found to reflect an undocumented default fill, not a verified classification; column retired in favor of structural binary flags (frond/cladode/phyllode/microphyll) plus functional_leaf"
Mohria caffrorum,Mohria caffrorum,Anemia afrorum,frond,leaf,0,2026-08-11,"leaf_type 'leaf' value found to reflect an undocumented default fill, not a verified classification; column retired in favor of structural binary flags (frond/cladode/phyllode/microphyll) plus functional_leaf"
Monopsis lutea,Monopsis lutea,Monopsis lutea,leaf,leaf,0,2026-08-11,"leaf_type 'leaf' value found to reflect an undocumented default fill, not a verified classification; column retired in favor of structural binary flags (frond/cladode/phyllode/microphyll) plus functional_leaf"
Monsonia emarginata,Monsonia emarginata,Monsonia emarginata,leaf,leaf,0,2026-08-11,"leaf_type 'leaf' value found to reflect an undocumented default fill, not a verified classification; column retired in favor of structural binary flags (frond/cladode/phyllode/microphyll) plus functional_leaf"
Montinia caryophyllacea,Montinia caryophyllacea,Montinia caryophyllacea,leaf,culm_stem,1,2026-08-11,"leaf_type 'leaf' value found to reflect an undocumented default fill, not a verified classification; column retired in favor of structural binary flags (frond/cladode/phyllode/microphyll) plus functional_leaf"
Moraea fugax,Moraea fugax,Moraea fugax,leaf,leaf,0,2026-08-11,"leaf_type 'leaf' value found to reflect an undocumented default fill, not a verified classification; column retired in favor of structural binary flags (frond/cladode/phyllode/microphyll) plus functional_leaf"
Moraea tripetala,Moraea tripetala,Moraea tripetala,leaf,leaf,0,2026-08-11,"leaf_type 'leaf' value found to reflect an undocumented default fill, not a verified classification; column retired in favor of structural binary flags (frond/cladode/phyllode/microphyll) plus functional_leaf"
Morella cordifolia,Morella cordifolia,Myrica cordifolia,leaf,leaf,0,2026-08-11,"leaf_type 'leaf' value found to reflect an undocumented default fill, not a verified classification; column retired in favor of structural binary flags (frond/cladode/phyllode/microphyll) plus functional_leaf"
Morella diversifolia,Morella diversifolia,Morella diversifolia,leaf,leaf,0,2026-08-11,"leaf_type 'leaf' value found to reflect an undocumented default fill, not a verified classification; column retired in favor of structural binary flags (frond/cladode/phyllode/microphyll) plus functional_leaf"
Morella humilis,Morella humilis,Myrica humilis,leaf,leaf,0,2026-08-11,"leaf_type 'leaf' value found to reflect an undocumented default fill, not a verified classification; column retired in favor of structural binary flags (frond/cladode/phyllode/microphyll) plus functional_leaf"
Morella kraussiana,Morella kraussiana,Myrica kraussiana,leaf,leaf,0,2026-08-11,"leaf_type 'leaf' value found to reflect an undocumented default fill, not a verified classification; column retired in favor of structural binary flags (frond/cladode/phyllode/microphyll) plus functional_leaf"
Morella quercifolia,Morella quercifolia,Myrica quercifolia,leaf,leaf,0,2026-08-11,"leaf_type 'leaf' value found to reflect an undocumented default fill, not a verified classification; column retired in favor of structural binary flags (frond/cladode/phyllode/microphyll) plus functional_leaf"
Morella serrata,Morella serrata,Myrica serrata,leaf,leaf,0,2026-08-11,"leaf_type 'leaf' value found to reflect an undocumented default fill, not a verified classification; column retired in favor of structural binary flags (frond/cladode/phyllode/microphyll) plus functional_leaf"
Muraltia acipetala,Muraltia acipetala,Muraltia acipetala,leaf,leaf,0,2026-08-11,"leaf_type 'leaf' value found to reflect an undocumented default fill, not a verified classification; column retired in favor of structural binary flags (frond/cladode/phyllode/microphyll) plus functional_leaf"
Muraltia alopecuroides,Muraltia alopecuroides,Muraltia alopecuroides,leaf,leaf,0,2026-08-11,"leaf_type 'leaf' value found to reflect an undocumented default fill, not a verified classification; column retired in favor of structural binary flags (frond/cladode/phyllode/microphyll) plus functional_leaf"
Muraltia ciliaris,Muraltia ciliaris,Muraltia ciliaris,leaf,leaf,0,2026-08-11,"leaf_type 'leaf' value found to reflect an undocumented default fill, not a verified classification; column retired in favor of structural binary flags (frond/cladode/phyllode/microphyll) plus functional_leaf"
Muraltia demissa,Muraltia demissa,Muraltia demissa,leaf,leaf,0,2026-08-11,"leaf_type 'leaf' value found to reflect an undocumented default fill, not a verified classification; column retired in favor of structural binary flags (frond/cladode/phyllode/microphyll) plus functional_leaf"
Muraltia depressa,Muraltia depressa,Muraltia depressa,leaf,leaf,0,2026-08-11,"leaf_type 'leaf' value found to reflect an undocumented default fill, not a verified classification; column retired in favor of structural binary flags (frond/cladode/phyllode/microphyll) plus functional_leaf"
Muraltia ericaefolia,Muraltia ericifolia,Muraltia ericaefolia,leaf,leaf,0,2026-08-11,"leaf_type 'leaf' value found to reflect an undocumented default fill, not a verified classification; column retired in favor of structural binary flags (frond/cladode/phyllode/microphyll) plus functional_leaf"
Muraltia ericoides,Muraltia ericoides,Muraltia ericoides,leaf,leaf,0,2026-08-11,"leaf_type 'leaf' value found to reflect an undocumented default fill, not a verified classification; column retired in favor of structural binary flags (frond/cladode/phyllode/microphyll) plus functional_leaf"
Muraltia filiformis,Muraltia filiformis,Muraltia filiformis,leaf,leaf,0,2026-08-11,"leaf_type 'leaf' value found to reflect an undocumented default fill, not a verified classification; column retired in favor of structural binary flags (frond/cladode/phyllode/microphyll) plus functional_leaf"
Muraltia heisteria,Muraltia heisteria,Muraltia heisteria,leaf,leaf,0,2026-08-11,"leaf_type 'leaf' value found to reflect an undocumented default fill, not a verified classification; column retired in favor of structural binary flags (frond/cladode/phyllode/microphyll) plus functional_leaf"
Muraltia juniperifolia,Muraltia juniperifolia,Muraltia juniperifolia,leaf,leaf,0,2026-08-11,"leaf_type 'leaf' value found to reflect an undocumented default fill, not a verified classification; column retired in favor of structural binary flags (frond/cladode/phyllode/microphyll) plus functional_leaf"
Muraltia pageae,Muraltia pageae,Muraltia pageae,leaf,leaf,0,2026-08-11,"leaf_type 'leaf' value found to reflect an undocumented default fill, not a verified classification; column retired in favor of structural binary flags (frond/cladode/phyllode/microphyll) plus functional_leaf"
Muraltia pauciflora,Muraltia pauciflora,Muraltia pauciflora,leaf,leaf,0,2026-08-11,"leaf_type 'leaf' value found to reflect an undocumented default fill, not a verified classification; column retired in favor of structural binary flags (frond/cladode/phyllode/microphyll) plus functional_leaf"
Muraltia rhamnoides,Muraltia rhamnoides,Muraltia rhamnoides,leaf,leaf,0,2026-08-11,"leaf_type 'leaf' value found to reflect an undocumented default fill, not a verified classification; column retired in favor of structural binary flags (frond/cladode/phyllode/microphyll) plus functional_leaf"
Muraltia rosmarinifolia,Muraltia rosmarinifolia,Muraltia rosmarinifolia,leaf,leaf,0,2026-08-11,"leaf_type 'leaf' value found to reflect an undocumented default fill, not a verified classification; column retired in favor of structural binary flags (frond/cladode/phyllode/microphyll) plus functional_leaf"
Muraltia satureioides,Muraltia satureioides,Muraltia satureioides,leaf,leaf,0,2026-08-11,"leaf_type 'leaf' value found to reflect an undocumented default fill, not a verified classification; column retired in favor of structural binary flags (frond/cladode/phyllode/microphyll) plus functional_leaf"
Muraltia spinosa,Nylandtia spinosa,Muraltia spinosa,leaf,leaf,0,2026-08-11,"leaf_type 'leaf' value found to reflect an undocumented default fill, not a verified classification; column retired in favor of structural binary flags (frond/cladode/phyllode/microphyll) plus functional_leaf"
Muraltia squarrosa,Muraltia squarrosa,Muraltia squarrosa,leaf,leaf,0,2026-08-11,"leaf_type 'leaf' value found to reflect an undocumented default fill, not a verified classification; column retired in favor of structural binary flags (frond/cladode/phyllode/microphyll) plus functional_leaf"
Muraltia thunbergii,Muraltia thunbergii,Muraltia thunbergii,leaf,leaf,0,2026-08-11,"leaf_type 'leaf' value found to reflect an undocumented default fill, not a verified classification; column retired in favor of structural binary flags (frond/cladode/phyllode/microphyll) plus functional_leaf"
Myrsine africana,Myrsine africana,Myrsine africana,leaf,leaf,0,2026-08-11,"leaf_type 'leaf' value found to reflect an undocumented default fill, not a verified classification; column retired in favor of structural binary flags (frond/cladode/phyllode/microphyll) plus functional_leaf"
Nanobubon strictum,Peucedanum strictum,Nanobubon strictum,leaf,mixed,0,2026-08-11,"leaf_type 'leaf' value found to reflect an undocumented default fill, not a verified classification; column retired in favor of structural binary flags (frond/cladode/phyllode/microphyll) plus functional_leaf"
Neesenbeckia punctoria,Neesenbeckia punctoria,Neesenbeckia punctoria,leaf,culm_stem,1,2026-08-11,"leaf_type 'leaf' value found to reflect an undocumented default fill, not a verified classification; column retired in favor of structural binary flags (frond/cladode/phyllode/microphyll) plus functional_leaf"
Nemesia barbata,Nemesia barbata,Nemesia barbata,leaf,leaf,0,2026-08-11,"leaf_type 'leaf' value found to reflect an undocumented default fill, not a verified classification; column retired in favor of structural binary flags (frond/cladode/phyllode/microphyll) plus functional_leaf"
Nemesia fruticans,Nemesia fruticans,Nemesia fruticans,leaf,leaf,0,2026-08-11,"leaf_type 'leaf' value found to reflect an undocumented default fill, not a verified classification; column retired in favor of structural binary flags (frond/cladode/phyllode/microphyll) plus functional_leaf"
Nemesia ligulata,Nemesia ligulata,Nemesia ligulata,leaf,leaf,0,2026-08-11,"leaf_type 'leaf' value found to reflect an undocumented default fill, not a verified classification; column retired in favor of structural binary flags (frond/cladode/phyllode/microphyll) plus functional_leaf"
Nenax acerosa,Nenax acerosa,Nenax acerosa,leaf,leaf,0,2026-08-11,"leaf_type 'leaf' value found to reflect an undocumented default fill, not a verified classification; column retired in favor of structural binary flags (frond/cladode/phyllode/microphyll) plus functional_leaf"
Nevillea obtusissima,Nevillea obtusissima,Nevillea obtusissima,leaf,culm_stem,1,2026-08-11,"leaf_type 'leaf' value found to reflect an undocumented default fill, not a verified classification; column retired in favor of structural binary flags (frond/cladode/phyllode/microphyll) plus functional_leaf"
Nivenia fruticosa,Nivenia fruticosa,Nivenia fruticosa,leaf,leaf,0,2026-08-11,"leaf_type 'leaf' value found to reflect an undocumented default fill, not a verified classification; column retired in favor of structural binary flags (frond/cladode/phyllode/microphyll) plus functional_leaf"
Nivenia levynsiae,Nivenia levynsiae,Nivenia levynsiae,leaf,leaf,0,2026-08-11,"leaf_type 'leaf' value found to reflect an undocumented default fill, not a verified classification; column retired in favor of structural binary flags (frond/cladode/phyllode/microphyll) plus functional_leaf"
Nivenia stokoei,Nivenia stokoei,Nivenia stokoei,leaf,leaf,0,2026-08-11,"leaf_type 'leaf' value found to reflect an undocumented default fill, not a verified classification; column retired in favor of structural binary flags (frond/cladode/phyllode/microphyll) plus functional_leaf"
Notobubon ferulaceum,Peucedanum ferulaceum,Notobubon ferulaceum,leaf,leaf,0,2026-08-11,"leaf_type 'leaf' value found to reflect an undocumented default fill, not a verified classification; column retired in favor of structural binary flags (frond/cladode/phyllode/microphyll) plus functional_leaf"
Notobubon striatum,Peucedanum striatum,Notobubon striatum,leaf,leaf,0,2026-08-11,"leaf_type 'leaf' value found to reflect an undocumented default fill, not a verified classification; column retired in favor of structural binary flags (frond/cladode/phyllode/microphyll) plus functional_leaf"
Notobubon tenuifolium,Peucedanum tenuifolium,Notobubon tenuifolium,leaf,leaf,0,2026-08-11,"leaf_type 'leaf' value found to reflect an undocumented default fill, not a verified classification; column retired in favor of structural binary flags (frond/cladode/phyllode/microphyll) plus functional_leaf"
Nymania capensis,Nymania capensis,Nymania capensis,leaf,leaf,0,2026-08-11,"leaf_type 'leaf' value found to reflect an undocumented default fill, not a verified classification; column retired in favor of structural binary flags (frond/cladode/phyllode/microphyll) plus functional_leaf"
Ochna serrulata,Ochna serrulata,Ochna serrulata,leaf,leaf,0,2026-08-11,"leaf_type 'leaf' value found to reflect an undocumented default fill, not a verified classification; column retired in favor of structural binary flags (frond/cladode/phyllode/microphyll) plus functional_leaf"
Ocotea bullata,Ocotea bullata,Ocotea bullata,leaf,leaf,0,2026-08-11,"leaf_type 'leaf' value found to reflect an undocumented default fill, not a verified classification; column retired in favor of structural binary flags (frond/cladode/phyllode/microphyll) plus functional_leaf"
Oedera capensis,Oedera capensis,Oedera capensis,leaf,leaf,0,2026-08-11,"leaf_type 'leaf' value found to reflect an undocumented default fill, not a verified classification; column retired in favor of structural binary flags (frond/cladode/phyllode/microphyll) plus functional_leaf"
Oedera imbricata,Oedera imbricata,Oedera imbricata,leaf,leaf,0,2026-08-11,"leaf_type 'leaf' value found to reflect an undocumented default fill, not a verified classification; column retired in favor of structural binary flags (frond/cladode/phyllode/microphyll) plus functional_leaf"
Oedera sedifolia,Oedera sedifolia,Oedera sedifolia,leaf,leaf,0,2026-08-11,"leaf_type 'leaf' value found to reflect an undocumented default fill, not a verified classification; column retired in favor of structural binary flags (frond/cladode/phyllode/microphyll) plus functional_leaf"
Oedera squarrosa,Oedera squarrosa,Oedera squarrosa,leaf,leaf,0,2026-08-11,"leaf_type 'leaf' value found to reflect an undocumented default fill, not a verified classification; column retired in favor of structural binary flags (frond/cladode/phyllode/microphyll) plus functional_leaf"
Oftia africana,Oftia africana,Oftia africana,leaf,leaf,0,2026-08-11,"leaf_type 'leaf' value found to reflect an undocumented default fill, not a verified classification; column retired in favor of structural binary flags (frond/cladode/phyllode/microphyll) plus functional_leaf"
Oldenburgia paradoxa,Oldenburgia paradoxa,Oldenburgia paradoxa,leaf,leaf,0,2026-08-11,"leaf_type 'leaf' value found to reflect an undocumented default fill, not a verified classification; column retired in favor of structural binary flags (frond/cladode/phyllode/microphyll) plus functional_leaf"
Olea capensis,Olea capensis,Olea capensis,leaf,leaf,0,2026-08-11,"leaf_type 'leaf' value found to reflect an undocumented default fill, not a verified classification; column retired in favor of structural binary flags (frond/cladode/phyllode/microphyll) plus functional_leaf"
Olea europaea,Olea europaea,Olea europaea,leaf,leaf,0,2026-08-11,"leaf_type 'leaf' value found to reflect an undocumented default fill, not a verified classification; column retired in favor of structural binary flags (frond/cladode/phyllode/microphyll) plus functional_leaf"
Olea exasperata,Olea exasperata,Olea exasperata,leaf,leaf,0,2026-08-11,"leaf_type 'leaf' value found to reflect an undocumented default fill, not a verified classification; column retired in favor of structural binary flags (frond/cladode/phyllode/microphyll) plus functional_leaf"
Olinia ventosa,Olinia ventosa,Olinia ventosa,leaf,leaf,0,2026-08-11,"leaf_type 'leaf' value found to reflect an undocumented default fill, not a verified classification; column retired in favor of structural binary flags (frond/cladode/phyllode/microphyll) plus functional_leaf"
Ornithogalum conicum,Ornithogalum conicum,Eliokarmos thyrsoides,leaf,leaf,0,2026-08-11,"leaf_type 'leaf' value found to reflect an undocumented default fill, not a verified classification; column retired in favor of structural binary flags (frond/cladode/phyllode/microphyll) plus functional_leaf"
Ornithogalum dubium,Ornithogalum dubium,Eliokarmos dubius,leaf,leaf,0,2026-08-11,"leaf_type 'leaf' value found to reflect an undocumented default fill, not a verified classification; column retired in favor of structural binary flags (frond/cladode/phyllode/microphyll) plus functional_leaf"
Ornithogalum juncifolium,Ornithogalum juncifolium,Nicipe juncifolia,leaf,leaf,0,2026-08-11,"leaf_type 'leaf' value found to reflect an undocumented default fill, not a verified classification; column retired in favor of structural binary flags (frond/cladode/phyllode/microphyll) plus functional_leaf"
Ornithogalum thyrsoides,Ornithogalum thyrsoides,Eliokarmos thyrsoides,leaf,leaf,0,2026-08-11,"leaf_type 'leaf' value found to reflect an undocumented default fill, not a verified classification; column retired in favor of structural binary flags (frond/cladode/phyllode/microphyll) plus functional_leaf"
Oscularia cedarbergensis,Oscularia cedarbergensis,Oscularia lunata,leaf,leaf,0,2026-08-11,"leaf_type 'leaf' value found to reflect an undocumented default fill, not a verified classification; column retired in favor of structural binary flags (frond/cladode/phyllode/microphyll) plus functional_leaf"
Oscularia deltoides,Oscularia deltoides,Oscularia deltoides,leaf,leaf,0,2026-08-11,"leaf_type 'leaf' value found to reflect an undocumented default fill, not a verified classification; column retired in favor of structural binary flags (frond/cladode/phyllode/microphyll) plus functional_leaf"
Oscularia steenbergensis,Oscularia steenbergensis,Oscularia steenbergensis,leaf,leaf,0,2026-08-11,"leaf_type 'leaf' value found to reflect an undocumented default fill, not a verified classification; column retired in favor of structural binary flags (frond/cladode/phyllode/microphyll) plus functional_leaf"
Osmitopsis asteriscoides,Osmitopsis asteriscoides,Osmitopsis asteriscoides,leaf,leaf,0,2026-08-11,"leaf_type 'leaf' value found to reflect an undocumented default fill, not a verified classification; column retired in favor of structural binary flags (frond/cladode/phyllode/microphyll) plus functional_leaf"
Osmitopsis osmitoides,Osmitopsis osmitoides,Osmitopsis osmitoides,leaf,leaf,0,2026-08-11,"leaf_type 'leaf' value found to reflect an undocumented default fill, not a verified classification; column retired in favor of structural binary flags (frond/cladode/phyllode/microphyll) plus functional_leaf"
Osmitopsis parvifolia,Osmitopsis parvifolia,Osmitopsis parvifolia,leaf,leaf,0,2026-08-11,"leaf_type 'leaf' value found to reflect an undocumented default fill, not a verified classification; column retired in favor of structural binary flags (frond/cladode/phyllode/microphyll) plus functional_leaf"
Osteospermum bidens,Osteospermum bidens,Osteospermum bidens,leaf,leaf,0,2026-08-11,"leaf_type 'leaf' value found to reflect an undocumented default fill, not a verified classification; column retired in favor of structural binary flags (frond/cladode/phyllode/microphyll) plus functional_leaf"
Osteospermum connatum,Tripteris amplexicaulis,Osteospermum connatum,leaf,leaf,0,2026-08-11,"leaf_type 'leaf' value found to reflect an undocumented default fill, not a verified classification; column retired in favor of structural binary flags (frond/cladode/phyllode/microphyll) plus functional_leaf"
Osteospermum corymbosum,Osteospermum corymbosum,Osteospermum corymbosum,leaf,leaf,0,2026-08-11,"leaf_type 'leaf' value found to reflect an undocumented default fill, not a verified classification; column retired in favor of structural binary flags (frond/cladode/phyllode/microphyll) plus functional_leaf"
Osteospermum glabrum,Osteospermum glabrum,Osteospermum glabrum,leaf,leaf,0,2026-08-11,"leaf_type 'leaf' value found to reflect an undocumented default fill, not a verified classification; column retired in favor of structural binary flags (frond/cladode/phyllode/microphyll) plus functional_leaf"
Osteospermum ilicifolium,Gibbaria ilicifolia,Nephrotheca ilicifolia,leaf,leaf,0,2026-08-11,"leaf_type 'leaf' value found to reflect an undocumented default fill, not a verified classification; column retired in favor of structural binary flags (frond/cladode/phyllode/microphyll) plus functional_leaf"
Osteospermum junceum,Osteospermum junceum,Osteospermum junceum,leaf,leaf,0,2026-08-11,"leaf_type 'leaf' value found to reflect an undocumented default fill, not a verified classification; column retired in favor of structural binary flags (frond/cladode/phyllode/microphyll) plus functional_leaf"
Osteospermum moniliferum,Chrysanthemoides monilifera,Chrysanthemoides monilifera,leaf,leaf,0,2026-08-11,"leaf_type 'leaf' value found to reflect an undocumented default fill, not a verified classification; column retired in favor of structural binary flags (frond/cladode/phyllode/microphyll) plus functional_leaf"
Osteospermum monstrosum,Tripteris clandestina,Osteospermum monstrosum,leaf,leaf,0,2026-08-11,"leaf_type 'leaf' value found to reflect an undocumented default fill, not a verified classification; column retired in favor of structural binary flags (frond/cladode/phyllode/microphyll) plus functional_leaf"
Osteospermum polygaloides,Osteospermum polygaloides,Osteospermum polygaloides,leaf,leaf,0,2026-08-11,"leaf_type 'leaf' value found to reflect an undocumented default fill, not a verified classification; column retired in favor of structural binary flags (frond/cladode/phyllode/microphyll) plus functional_leaf"
Osteospermum rigidum,Osteospermum rigidum,Osteospermum rigidum,leaf,leaf,0,2026-08-11,"leaf_type 'leaf' value found to reflect an undocumented default fill, not a verified classification; column retired in favor of structural binary flags (frond/cladode/phyllode/microphyll) plus functional_leaf"
Osteospermum rotundifolium,Osteospermum rotundifolium,Osteospermum rotundifolium,leaf,leaf,0,2026-08-11,"leaf_type 'leaf' value found to reflect an undocumented default fill, not a verified classification; column retired in favor of structural binary flags (frond/cladode/phyllode/microphyll) plus functional_leaf"
Osteospermum scabrum,Gibbaria scabra,Gibbaria scabra,leaf,leaf,0,2026-08-11,"leaf_type 'leaf' value found to reflect an undocumented default fill, not a verified classification; column retired in favor of structural binary flags (frond/cladode/phyllode/microphyll) plus functional_leaf"
Osteospermum triquetrum,Osteospermum triquetrum,Osteospermum triquetrum,leaf,leaf,0,2026-08-11,"leaf_type 'leaf' value found to reflect an undocumented default fill, not a verified classification; column retired in favor of structural binary flags (frond/cladode/phyllode/microphyll) plus functional_leaf"
Otholobium bracteolatum,Otholobium bracteolatum,Psoralea bracteolata,leaf,leaf,0,2026-08-11,"leaf_type 'leaf' value found to reflect an undocumented default fill, not a verified classification; column retired in favor of structural binary flags (frond/cladode/phyllode/microphyll) plus functional_leaf"
Otholobium carneum,Otholobium carneum,Psoralea reticulata,leaf,leaf,0,2026-08-11,"leaf_type 'leaf' value found to reflect an undocumented default fill, not a verified classification; column retired in favor of structural binary flags (frond/cladode/phyllode/microphyll) plus functional_leaf"
Otholobium fruticans,Otholobium fruticans,Psoralea fruticans,leaf,leaf,0,2026-08-11,"leaf_type 'leaf' value found to reflect an undocumented default fill, not a verified classification; column retired in favor of structural binary flags (frond/cladode/phyllode/microphyll) plus functional_leaf"
Otholobium pictum,Otholobium pictum,Psoralea picta,leaf,leaf,0,2026-08-11,"leaf_type 'leaf' value found to reflect an undocumented default fill, not a verified classification; column retired in favor of structural binary flags (frond/cladode/phyllode/microphyll) plus functional_leaf"
Othonna arborescens,Othonna arborescens,Othonna arborescens,leaf,leaf,0,2026-08-11,"leaf_type 'leaf' value found to reflect an undocumented default fill, not a verified classification; column retired in favor of structural binary flags (frond/cladode/phyllode/microphyll) plus functional_leaf"
Othonna auriculifolia,Othonna auriculifolia,Othonna auriculifolia,leaf,leaf,0,2026-08-11,"leaf_type 'leaf' value found to reflect an undocumented default fill, not a verified classification; column retired in favor of structural binary flags (frond/cladode/phyllode/microphyll) plus functional_leaf"
Othonna carnosa,Othonna carnosa,Othonna carnosa,leaf,leaf,0,2026-08-11,"leaf_type 'leaf' value found to reflect an undocumented default fill, not a verified classification; column retired in favor of structural binary flags (frond/cladode/phyllode/microphyll) plus functional_leaf"
Othonna digitata,Othonna digitata,Othonna digitata,leaf,leaf,0,2026-08-11,"leaf_type 'leaf' value found to reflect an undocumented default fill, not a verified classification; column retired in favor of structural binary flags (frond/cladode/phyllode/microphyll) plus functional_leaf"
Othonna perfoliata,Othonna amplexifolia,Othonna perfoliata,leaf,leaf,0,2026-08-11,"leaf_type 'leaf' value found to reflect an undocumented default fill, not a verified classification; column retired in favor of structural binary flags (frond/cladode/phyllode/microphyll) plus functional_leaf"
Othonna quinquedentata,Othonna quinquedentata,Othonna quinquedentata,leaf,leaf,0,2026-08-11,"leaf_type 'leaf' value found to reflect an undocumented default fill, not a verified classification; column retired in favor of structural binary flags (frond/cladode/phyllode/microphyll) plus functional_leaf"
Othonna retrofracta,Othonna retrofracta,Othonna retrofracta,leaf,leaf,0,2026-08-11,"leaf_type 'leaf' value found to reflect an undocumented default fill, not a verified classification; column retired in favor of structural binary flags (frond/cladode/phyllode/microphyll) plus functional_leaf"
Oxalis algoensis,Oxalis algoensis,Oxalis algoensis,leaf,leaf,0,2026-08-11,"leaf_type 'leaf' value found to reflect an undocumented default fill, not a verified classification; column retired in favor of structural binary flags (frond/cladode/phyllode/microphyll) plus functional_leaf"
Oxalis obtusa,Oxalis obtusa,Oxalis obtusa,leaf,leaf,0,2026-08-11,"leaf_type 'leaf' value found to reflect an undocumented default fill, not a verified classification; column retired in favor of structural binary flags (frond/cladode/phyllode/microphyll) plus functional_leaf"
Oxalis purpurea,Oxalis purpurea,Oxalis purpurea,leaf,leaf,0,2026-08-11,"leaf_type 'leaf' value found to reflect an undocumented default fill, not a verified classification; column retired in favor of structural binary flags (frond/cladode/phyllode/microphyll) plus functional_leaf"
Oxalis stellata,Oxalis stellata,Oxalis stellata,leaf,leaf,0,2026-08-11,"leaf_type 'leaf' value found to reflect an undocumented default fill, not a verified classification; column retired in favor of structural binary flags (frond/cladode/phyllode/microphyll) plus functional_leaf"
Oxalis versicolor,Oxalis versicolor,Oxalis versicolor,leaf,leaf,0,2026-08-11,"leaf_type 'leaf' value found to reflect an undocumented default fill, not a verified classification; column retired in favor of structural binary flags (frond/cladode/phyllode/microphyll) plus functional_leaf"
Pachycarpus dealbatus,Pachycarpus dealbatus,Pachycarpus dealbatus,leaf,leaf,0,2026-08-11,"leaf_type 'leaf' value found to reflect an undocumented default fill, not a verified classification; column retired in favor of structural binary flags (frond/cladode/phyllode/microphyll) plus functional_leaf"
Pachypodium bispinosum,Pachypodium bispinosum,Pachypodium bispinosum,leaf,leaf,0,2026-08-11,"leaf_type 'leaf' value found to reflect an undocumented default fill, not a verified classification; column retired in favor of structural binary flags (frond/cladode/phyllode/microphyll) plus functional_leaf"
Pachypodium succulentum,Pachypodium succulentum,Pachypodium succulentum,leaf,leaf,0,2026-08-11,"leaf_type 'leaf' value found to reflect an undocumented default fill, not a verified classification; column retired in favor of structural binary flags (frond/cladode/phyllode/microphyll) plus functional_leaf"
Panicum maximum,Panicum maximum,Megathyrsus maximus,leaf,leaf,0,2026-08-11,"leaf_type 'leaf' value found to reflect an undocumented default fill, not a verified classification; column retired in favor of structural binary flags (frond/cladode/phyllode/microphyll) plus functional_leaf"
Pappea capensis,Pappea capensis,Pappea capensis,leaf,leaf,0,2026-08-11,"leaf_type 'leaf' value found to reflect an undocumented default fill, not a verified classification; column retired in favor of structural binary flags (frond/cladode/phyllode/microphyll) plus functional_leaf"
Paranomus bracteolaris,Paranomus bracteolaris,Paranomus bracteolaris,leaf,leaf,0,2026-08-11,"leaf_type 'leaf' value found to reflect an undocumented default fill, not a verified classification; column retired in favor of structural binary flags (frond/cladode/phyllode/microphyll) plus functional_leaf"
Paranomus esterhuyseniae,Paranomus esterhuyseniae,Paranomus esterhuyseniae,leaf,leaf,0,2026-08-11,"leaf_type 'leaf' value found to reflect an undocumented default fill, not a verified classification; column retired in favor of structural binary flags (frond/cladode/phyllode/microphyll) plus functional_leaf"
Paranomus spathulatus,Paranomus spathulatus,Paranomus spathulatus,leaf,leaf,0,2026-08-11,"leaf_type 'leaf' value found to reflect an undocumented default fill, not a verified classification; column retired in favor of structural binary flags (frond/cladode/phyllode/microphyll) plus functional_leaf"
Paranomus tomentosus,Paranomus tomentosus,Paranomus tomentosus,leaf,leaf,0,2026-08-11,"leaf_type 'leaf' value found to reflect an undocumented default fill, not a verified classification; column retired in favor of structural binary flags (frond/cladode/phyllode/microphyll) plus functional_leaf"
Passerina corymbosa,Passerina vulgaris,Passerina corymbosa,leaf,leaf,0,2026-08-11,"leaf_type 'leaf' value found to reflect an undocumented default fill, not a verified classification; column retired in favor of structural binary flags (frond/cladode/phyllode/microphyll) plus functional_leaf"
Passerina obtusifolia,Passerina obtusifolia,Passerina obtusifolia,leaf,leaf,0,2026-08-11,"leaf_type 'leaf' value found to reflect an undocumented default fill, not a verified classification; column retired in favor of structural binary flags (frond/cladode/phyllode/microphyll) plus functional_leaf"
Passerina paleacea,Passerina paleacea,Passerina paleacea,leaf,leaf,0,2026-08-11,"leaf_type 'leaf' value found to reflect an undocumented default fill, not a verified classification; column retired in favor of structural binary flags (frond/cladode/phyllode/microphyll) plus functional_leaf"
Passerina rigida,Passerina rigida,Passerina rigida,leaf,leaf,0,2026-08-11,"leaf_type 'leaf' value found to reflect an undocumented default fill, not a verified classification; column retired in favor of structural binary flags (frond/cladode/phyllode/microphyll) plus functional_leaf"
Passerina truncata,Passerina glomerata,Passerina truncata,leaf,leaf,0,2026-08-11,"leaf_type 'leaf' value found to reflect an undocumented default fill, not a verified classification; column retired in favor of structural binary flags (frond/cladode/phyllode/microphyll) plus functional_leaf"
Pegolettia baccaridifolia,Pegolettia baccaridifolia,Pegolettia baccharidifolia,leaf,leaf,0,2026-08-11,"leaf_type 'leaf' value found to reflect an undocumented default fill, not a verified classification; column retired in favor of structural binary flags (frond/cladode/phyllode/microphyll) plus functional_leaf"
Pelargonium alchemilloides,Pelargonium alchemilloides,Pelargonium alchemilloides,leaf,leaf,0,2026-08-11,"leaf_type 'leaf' value found to reflect an undocumented default fill, not a verified classification; column retired in favor of structural binary flags (frond/cladode/phyllode/microphyll) plus functional_leaf"
Pelargonium alternans,Pelargonium alternans,Pelargonium alternans,leaf,leaf,0,2026-08-11,"leaf_type 'leaf' value found to reflect an undocumented default fill, not a verified classification; column retired in favor of structural binary flags (frond/cladode/phyllode/microphyll) plus functional_leaf"
Pelargonium betulinum,Pelargonium betulinum,Pelargonium betulinum,leaf,leaf,0,2026-08-11,"leaf_type 'leaf' value found to reflect an undocumented default fill, not a verified classification; column retired in favor of structural binary flags (frond/cladode/phyllode/microphyll) plus functional_leaf"
Pelargonium candicans,Pelargonium candicans,Pelargonium candicans,leaf,leaf,0,2026-08-11,"leaf_type 'leaf' value found to reflect an undocumented default fill, not a verified classification; column retired in favor of structural binary flags (frond/cladode/phyllode/microphyll) plus functional_leaf"
Pelargonium capitatum,Pelargonium capitatum,Pelargonium capitatum,leaf,leaf,0,2026-08-11,"leaf_type 'leaf' value found to reflect an undocumented default fill, not a verified classification; column retired in favor of structural binary flags (frond/cladode/phyllode/microphyll) plus functional_leaf"
Pelargonium caucalifolium,Pelargonium caucalifolium,Pelargonium caucalifolium,leaf,leaf,0,2026-08-11,"leaf_type 'leaf' value found to reflect an undocumented default fill, not a verified classification; column retired in favor of structural binary flags (frond/cladode/phyllode/microphyll) plus functional_leaf"
Pelargonium cordifolium,Pelargonium cordifolium,Pelargonium cordifolium,leaf,leaf,0,2026-08-11,"leaf_type 'leaf' value found to reflect an undocumented default fill, not a verified classification; column retired in favor of structural binary flags (frond/cladode/phyllode/microphyll) plus functional_leaf"
Pelargonium coronopifolium,Pelargonium coronopifolium,Pelargonium coronopifolium,leaf,leaf,0,2026-08-11,"leaf_type 'leaf' value found to reflect an undocumented default fill, not a verified classification; column retired in favor of structural binary flags (frond/cladode/phyllode/microphyll) plus functional_leaf"
Pelargonium cucullatum,Pelargonium cucullatum,Pelargonium cucullatum,leaf,leaf,0,2026-08-11,"leaf_type 'leaf' value found to reflect an undocumented default fill, not a verified classification; column retired in favor of structural binary flags (frond/cladode/phyllode/microphyll) plus functional_leaf"
Pelargonium englerianum,Pelargonium englerianum,Pelargonium englerianum,leaf,leaf,0,2026-08-11,"leaf_type 'leaf' value found to reflect an undocumented default fill, not a verified classification; column retired in favor of structural binary flags (frond/cladode/phyllode/microphyll) plus functional_leaf"
Pelargonium fruticosum,Pelargonium fruticosum,Pelargonium fruticosum,leaf,leaf,0,2026-08-11,"leaf_type 'leaf' value found to reflect an undocumented default fill, not a verified classification; column retired in favor of structural binary flags (frond/cladode/phyllode/microphyll) plus functional_leaf"
Pelargonium gibbosum,Pelargonium gibbosum,Pelargonium gibbosum,leaf,leaf,0,2026-08-11,"leaf_type 'leaf' value found to reflect an undocumented default fill, not a verified classification; column retired in favor of structural binary flags (frond/cladode/phyllode/microphyll) plus functional_leaf"
Pelargonium grossularioides,Pelargonium grossularioides,Pelargonium grossularioides,leaf,leaf,0,2026-08-11,"leaf_type 'leaf' value found to reflect an undocumented default fill, not a verified classification; column retired in favor of structural binary flags (frond/cladode/phyllode/microphyll) plus functional_leaf"
Pelargonium laevigatum,Pelargonium laevigatum,Pelargonium laevigatum,leaf,leaf,0,2026-08-11,"leaf_type 'leaf' value found to reflect an undocumented default fill, not a verified classification; column retired in favor of structural binary flags (frond/cladode/phyllode/microphyll) plus functional_leaf"
Pelargonium longifolium,Pelargonium longifolium,Pelargonium longifolium,leaf,leaf,0,2026-08-11,"leaf_type 'leaf' value found to reflect an undocumented default fill, not a verified classification; column retired in favor of structural binary flags (frond/cladode/phyllode/microphyll) plus functional_leaf"
Pelargonium multicaule,Pelargonium multicaule,Pelargonium multicaule,leaf,leaf,0,2026-08-11,"leaf_type 'leaf' value found to reflect an undocumented default fill, not a verified classification; column retired in favor of structural binary flags (frond/cladode/phyllode/microphyll) plus functional_leaf"
Pelargonium myrrhifolium,Pelargonium myrrhifolium,Pelargonium myrrhifolium,leaf,leaf,0,2026-08-11,"leaf_type 'leaf' value found to reflect an undocumented default fill, not a verified classification; column retired in favor of structural binary flags (frond/cladode/phyllode/microphyll) plus functional_leaf"
Pelargonium odoratissimum,Pelargonium odoratissimum,Pelargonium odoratissimum,leaf,leaf,0,2026-08-11,"leaf_type 'leaf' value found to reflect an undocumented default fill, not a verified classification; column retired in favor of structural binary flags (frond/cladode/phyllode/microphyll) plus functional_leaf"
Pelargonium ovale,Pelargonium ovale,Pelargonium ovale,leaf,leaf,0,2026-08-11,"leaf_type 'leaf' value found to reflect an undocumented default fill, not a verified classification; column retired in favor of structural binary flags (frond/cladode/phyllode/microphyll) plus functional_leaf"
Pelargonium panduriforme,Pelargonium panduriforme,Pelargonium panduriforme,leaf,leaf,0,2026-08-11,"leaf_type 'leaf' value found to reflect an undocumented default fill, not a verified classification; column retired in favor of structural binary flags (frond/cladode/phyllode/microphyll) plus functional_leaf"
Pelargonium peltatum,Pelargonium peltatum,Pelargonium peltatum,leaf,leaf,0,2026-08-11,"leaf_type 'leaf' value found to reflect an undocumented default fill, not a verified classification; column retired in favor of structural binary flags (frond/cladode/phyllode/microphyll) plus functional_leaf"
Pelargonium pulverulentum,Pelargonium pulverulentum,Pelargonium pulverulentum,leaf,leaf,0,2026-08-11,"leaf_type 'leaf' value found to reflect an undocumented default fill, not a verified classification; column retired in favor of structural binary flags (frond/cladode/phyllode/microphyll) plus functional_leaf"
Pelargonium reniforme,Pelargonium reniforme,Pelargonium reniforme,leaf,leaf,0,2026-08-11,"leaf_type 'leaf' value found to reflect an undocumented default fill, not a verified classification; column retired in favor of structural binary flags (frond/cladode/phyllode/microphyll) plus functional_leaf"
Pelargonium scabrum,Pelargonium scabrum,Pelargonium scabrum,leaf,leaf,0,2026-08-11,"leaf_type 'leaf' value found to reflect an undocumented default fill, not a verified classification; column retired in favor of structural binary flags (frond/cladode/phyllode/microphyll) plus functional_leaf"
Pelargonium schizopetalum,Pelargonium schizopetalum,Pelargonium schizopetalum,leaf,leaf,0,2026-08-11,"leaf_type 'leaf' value found to reflect an undocumented default fill, not a verified classification; column retired in favor of structural binary flags (frond/cladode/phyllode/microphyll) plus functional_leaf"
Pelargonium sidoides,Pelargonium sidoides,Pelargonium sidoides,leaf,leaf,0,2026-08-11,"leaf_type 'leaf' value found to reflect an undocumented default fill, not a verified classification; column retired in favor of structural binary flags (frond/cladode/phyllode/microphyll) plus functional_leaf"
Pelargonium tabulare,Pelargonium tabulare,Pelargonium tabulare,leaf,leaf,0,2026-08-11,"leaf_type 'leaf' value found to reflect an undocumented default fill, not a verified classification; column retired in favor of structural binary flags (frond/cladode/phyllode/microphyll) plus functional_leaf"
Pelargonium ternatum,Pelargonium ternatum,Pelargonium ternatum,leaf,leaf,0,2026-08-11,"leaf_type 'leaf' value found to reflect an undocumented default fill, not a verified classification; column retired in favor of structural binary flags (frond/cladode/phyllode/microphyll) plus functional_leaf"
Pelargonium tetragonum,Pelargonium tetragonum,Pelargonium tetragonum,leaf,leaf,0,2026-08-11,"leaf_type 'leaf' value found to reflect an undocumented default fill, not a verified classification; column retired in favor of structural binary flags (frond/cladode/phyllode/microphyll) plus functional_leaf"
Pelargonium triandrum,Pelargonium triandrum,Pelargonium triandrum,leaf,leaf,0,2026-08-11,"leaf_type 'leaf' value found to reflect an undocumented default fill, not a verified classification; column retired in favor of structural binary flags (frond/cladode/phyllode/microphyll) plus functional_leaf"
Pelargonium tricolor,Pelargonium tricolor,Pelargonium tricolor,leaf,leaf,0,2026-08-11,"leaf_type 'leaf' value found to reflect an undocumented default fill, not a verified classification; column retired in favor of structural binary flags (frond/cladode/phyllode/microphyll) plus functional_leaf"
Pelargonium triphyllum,Pelargonium triphyllum,Pelargonium triphyllum,leaf,leaf,0,2026-08-11,"leaf_type 'leaf' value found to reflect an undocumented default fill, not a verified classification; column retired in favor of structural binary flags (frond/cladode/phyllode/microphyll) plus functional_leaf"
Pelargonium triste,Pelargonium triste,Pelargonium triste,leaf,leaf,0,2026-08-11,"leaf_type 'leaf' value found to reflect an undocumented default fill, not a verified classification; column retired in favor of structural binary flags (frond/cladode/phyllode/microphyll) plus functional_leaf"
Pelargonium zonale,Pelargonium zonale,Pelargonium zonale,leaf,leaf,0,2026-08-11,"leaf_type 'leaf' value found to reflect an undocumented default fill, not a verified classification; column retired in favor of structural binary flags (frond/cladode/phyllode/microphyll) plus functional_leaf"
Pellaea calomelanos,Pellaea calomelanos,Choristosoria calomelanos,frond,leaf,0,2026-08-11,"leaf_type 'leaf' value found to reflect an undocumented default fill, not a verified classification; column retired in favor of structural binary flags (frond/cladode/phyllode/microphyll) plus functional_leaf"
Penaea cneorum,Penaea cneorum,Penaea cneorum,leaf,leaf,0,2026-08-11,"leaf_type 'leaf' value found to reflect an undocumented default fill, not a verified classification; column retired in favor of structural binary flags (frond/cladode/phyllode/microphyll) plus functional_leaf"
Penaea mucronata,Penaea mucronata,Penaea mucronata,leaf,leaf,0,2026-08-11,"leaf_type 'leaf' value found to reflect an undocumented default fill, not a verified classification; column retired in favor of structural binary flags (frond/cladode/phyllode/microphyll) plus functional_leaf"
Pentameris acinosa,Pentaschistis acinosa,Pentameris acinosa,leaf,leaf,0,2026-08-11,"leaf_type 'leaf' value found to reflect an undocumented default fill, not a verified classification; column retired in favor of structural binary flags (frond/cladode/phyllode/microphyll) plus functional_leaf"
Pentameris ampla,Pentaschistis ampla,Pentameris ampla,leaf,leaf,0,2026-08-11,"leaf_type 'leaf' value found to reflect an undocumented default fill, not a verified classification; column retired in favor of structural binary flags (frond/cladode/phyllode/microphyll) plus functional_leaf"
Pentameris aristidoides,Pentaschistis aristidoides,Pentameris aristidoides,leaf,leaf,0,2026-08-11,"leaf_type 'leaf' value found to reflect an undocumented default fill, not a verified classification; column retired in favor of structural binary flags (frond/cladode/phyllode/microphyll) plus functional_leaf"
Pentameris aurea,Pentaschistis aurea,Pentameris aurea,leaf,leaf,0,2026-08-11,"leaf_type 'leaf' value found to reflect an undocumented default fill, not a verified classification; column retired in favor of structural binary flags (frond/cladode/phyllode/microphyll) plus functional_leaf"
Pentameris colorata,Pentaschistis colorata,Pentameris colorata,leaf,leaf,0,2026-08-11,"leaf_type 'leaf' value found to reflect an undocumented default fill, not a verified classification; column retired in favor of structural binary flags (frond/cladode/phyllode/microphyll) plus functional_leaf"
Pentameris curvifolia,Pentaschistis curvifolia,Pentameris curvifolia,leaf,leaf,0,2026-08-11,"leaf_type 'leaf' value found to reflect an undocumented default fill, not a verified classification; column retired in favor of structural binary flags (frond/cladode/phyllode/microphyll) plus functional_leaf"
Pentameris distichophylla,Pentameris distichophylla,Pentameris dregeana,leaf,leaf,0,2026-08-11,"leaf_type 'leaf' value found to reflect an undocumented default fill, not a verified classification; column retired in favor of structural binary flags (frond/cladode/phyllode/microphyll) plus functional_leaf"
Pentameris eriostoma,Pentaschistis eriostoma,Pentameris eriostoma,leaf,leaf,0,2026-08-11,"leaf_type 'leaf' value found to reflect an undocumented default fill, not a verified classification; column retired in favor of structural binary flags (frond/cladode/phyllode/microphyll) plus functional_leaf"
Pentameris macrocalycina,Pentameris macrocalycina,Pentameris macrocalycina,leaf,leaf,0,2026-08-11,"leaf_type 'leaf' value found to reflect an undocumented default fill, not a verified classification; column retired in favor of structural binary flags (frond/cladode/phyllode/microphyll) plus functional_leaf"
Pentameris malouinensis,Pentaschistis malouinensis,Pentameris malouinensis,leaf,leaf,0,2026-08-11,"leaf_type 'leaf' value found to reflect an undocumented default fill, not a verified classification; column retired in favor of structural binary flags (frond/cladode/phyllode/microphyll) plus functional_leaf"
Pentameris pallida,Pentaschistis pallida,Pentameris pallida,leaf,leaf,0,2026-08-11,"leaf_type 'leaf' value found to reflect an undocumented default fill, not a verified classification; column retired in favor of structural binary flags (frond/cladode/phyllode/microphyll) plus functional_leaf"
Pentameris scabra,Pentaschistis papillosa,Pentameris scabra,leaf,leaf,0,2026-08-11,"leaf_type 'leaf' value found to reflect an undocumented default fill, not a verified classification; column retired in favor of structural binary flags (frond/cladode/phyllode/microphyll) plus functional_leaf"
Pentameris thuarii,Pentameris thuarii,Pentameris thuarii,leaf,leaf,0,2026-08-11,"leaf_type 'leaf' value found to reflect an undocumented default fill, not a verified classification; column retired in favor of structural binary flags (frond/cladode/phyllode/microphyll) plus functional_leaf"
Pentameris velutina,Pentaschistis velutina,Pentameris velutina,leaf,leaf,0,2026-08-11,"leaf_type 'leaf' value found to reflect an undocumented default fill, not a verified classification; column retired in favor of structural binary flags (frond/cladode/phyllode/microphyll) plus functional_leaf"
Pentameris viscidula,Pentaschistis viscidula,Pentameris viscidula,leaf,leaf,0,2026-08-11,"leaf_type 'leaf' value found to reflect an undocumented default fill, not a verified classification; column retired in favor of structural binary flags (frond/cladode/phyllode/microphyll) plus functional_leaf"
Pentzia elegans,Pentzia elegans,Pentzia elegans,leaf,leaf,0,2026-08-11,"leaf_type 'leaf' value found to reflect an undocumented default fill, not a verified classification; column retired in favor of structural binary flags (frond/cladode/phyllode/microphyll) plus functional_leaf"
Pentzia incana,Pentzia incana,Pentzia incana,leaf,leaf,0,2026-08-11,"leaf_type 'leaf' value found to reflect an undocumented default fill, not a verified classification; column retired in favor of structural binary flags (frond/cladode/phyllode/microphyll) plus functional_leaf"
Peperomia retusa,Peperomia retusa,Peperomia retusa,leaf,leaf,0,2026-08-11,"leaf_type 'leaf' value found to reflect an undocumented default fill, not a verified classification; column retired in favor of structural binary flags (frond/cladode/phyllode/microphyll) plus functional_leaf"
Petalacte coronata,Petalacte coronata,Petalacte coronata,leaf,leaf,0,2026-08-11,"leaf_type 'leaf' value found to reflect an undocumented default fill, not a verified classification; column retired in favor of structural binary flags (frond/cladode/phyllode/microphyll) plus functional_leaf"
Phaenocoma prolifera,Phaenocoma prolifera,Phaenocoma prolifera,leaf,leaf,0,2026-08-11,"leaf_type 'leaf' value found to reflect an undocumented default fill, not a verified classification; column retired in favor of structural binary flags (frond/cladode/phyllode/microphyll) plus functional_leaf"
Pharnaceum cordifolium,Pharnaceum cordifolium,Pharnaceum cordifolium,leaf,leaf,0,2026-08-11,"leaf_type 'leaf' value found to reflect an undocumented default fill, not a verified classification; column retired in favor of structural binary flags (frond/cladode/phyllode/microphyll) plus functional_leaf"
Pharnaceum incanum,Pharnaceum incanum,Pharnaceum incanum,leaf,leaf,0,2026-08-11,"leaf_type 'leaf' value found to reflect an undocumented default fill, not a verified classification; column retired in favor of structural binary flags (frond/cladode/phyllode/microphyll) plus functional_leaf"
Pharnaceum lanuginosum,Pharnaceum lanatum,Pharnaceum lanuginosum,leaf,leaf,0,2026-08-11,"leaf_type 'leaf' value found to reflect an undocumented default fill, not a verified classification; column retired in favor of structural binary flags (frond/cladode/phyllode/microphyll) plus functional_leaf"
Phiambolia hallii,Phiambolia hallii,Phiambolia hallii,leaf,leaf,0,2026-08-11,"leaf_type 'leaf' value found to reflect an undocumented default fill, not a verified classification; column retired in favor of structural binary flags (frond/cladode/phyllode/microphyll) plus functional_leaf"
Phiambolia mentiens,Phiambolia mentiens,Phiambolia mentiens,leaf,leaf,0,2026-08-11,"leaf_type 'leaf' value found to reflect an undocumented default fill, not a verified classification; column retired in favor of structural binary flags (frond/cladode/phyllode/microphyll) plus functional_leaf"
Phragmites australis,Phragmites australis,Phragmites australis,leaf,leaf,0,2026-08-11,"leaf_type 'leaf' value found to reflect an undocumented default fill, not a verified classification; column retired in favor of structural binary flags (frond/cladode/phyllode/microphyll) plus functional_leaf"
Phylica abietina,Phylica abietina,Phylica abietina,leaf,leaf,0,2026-08-11,"leaf_type 'leaf' value found to reflect an undocumented default fill, not a verified classification; column retired in favor of structural binary flags (frond/cladode/phyllode/microphyll) plus functional_leaf"
Phylica ambigua,Phylica ambigua,Phylica ambigua,leaf,leaf,0,2026-08-11,"leaf_type 'leaf' value found to reflect an undocumented default fill, not a verified classification; column retired in favor of structural binary flags (frond/cladode/phyllode/microphyll) plus functional_leaf"
Phylica atrata,Phylica atrata,Phylica atrata,leaf,leaf,0,2026-08-11,"leaf_type 'leaf' value found to reflect an undocumented default fill, not a verified classification; column retired in favor of structural binary flags (frond/cladode/phyllode/microphyll) plus functional_leaf"
Phylica axillaris,Phylica axillaris,Phylica axillaris,leaf,leaf,0,2026-08-11,"leaf_type 'leaf' value found to reflect an undocumented default fill, not a verified classification; column retired in favor of structural binary flags (frond/cladode/phyllode/microphyll) plus functional_leaf"
Phylica barnardii,Phylica barnardii,Phylica barnardii,leaf,leaf,0,2026-08-11,"leaf_type 'leaf' value found to reflect an undocumented default fill, not a verified classification; column retired in favor of structural binary flags (frond/cladode/phyllode/microphyll) plus functional_leaf"
Phylica buxifolia,Phylica buxifolia,Phylica buxifolia,leaf,leaf,0,2026-08-11,"leaf_type 'leaf' value found to reflect an undocumented default fill, not a verified classification; column retired in favor of structural binary flags (frond/cladode/phyllode/microphyll) plus functional_leaf"
Phylica cryptandroides,Phylica cryptandroides,Phylica cryptandroides,leaf,leaf,0,2026-08-11,"leaf_type 'leaf' value found to reflect an undocumented default fill, not a verified classification; column retired in favor of structural binary flags (frond/cladode/phyllode/microphyll) plus functional_leaf"
Phylica debilis,Phylica debilis,Phylica debilis,leaf,leaf,0,2026-08-11,"leaf_type 'leaf' value found to reflect an undocumented default fill, not a verified classification; column retired in favor of structural binary flags (frond/cladode/phyllode/microphyll) plus functional_leaf"
Phylica dodii,Phylica dodii,Phylica dodii,leaf,leaf,0,2026-08-11,"leaf_type 'leaf' value found to reflect an undocumented default fill, not a verified classification; column retired in favor of structural binary flags (frond/cladode/phyllode/microphyll) plus functional_leaf"
Phylica ericoides,Phylica ericoides,Phylica ericoides,leaf,leaf,0,2026-08-11,"leaf_type 'leaf' value found to reflect an undocumented default fill, not a verified classification; column retired in favor of structural binary flags (frond/cladode/phyllode/microphyll) plus functional_leaf"
Phylica fruticosa,Phylica fruticosa,Phylica fruticosa,leaf,leaf,0,2026-08-11,"leaf_type 'leaf' value found to reflect an undocumented default fill, not a verified classification; column retired in favor of structural binary flags (frond/cladode/phyllode/microphyll) plus functional_leaf"
Phylica humilis,Phylica humilis,Phylica humilis,leaf,leaf,0,2026-08-11,"leaf_type 'leaf' value found to reflect an undocumented default fill, not a verified classification; column retired in favor of structural binary flags (frond/cladode/phyllode/microphyll) plus functional_leaf"
Phylica imberbis,Phylica imberbis,Phylica imberbis,leaf,leaf,0,2026-08-11,"leaf_type 'leaf' value found to reflect an undocumented default fill, not a verified classification; column retired in favor of structural binary flags (frond/cladode/phyllode/microphyll) plus functional_leaf"
Phylica lachneaeoides,Phylica lachneaeoides,Phylica lachneaeoides,leaf,leaf,0,2026-08-11,"leaf_type 'leaf' value found to reflect an undocumented default fill, not a verified classification; column retired in favor of structural binary flags (frond/cladode/phyllode/microphyll) plus functional_leaf"
Phylica lasiocarpa,Phylica lasiocarpa,Phylica lasiocarpa,leaf,leaf,0,2026-08-11,"leaf_type 'leaf' value found to reflect an undocumented default fill, not a verified classification; column retired in favor of structural binary flags (frond/cladode/phyllode/microphyll) plus functional_leaf"
Phylica leipoldtii,Phylica leipoldtii,Phylica leipoldtii,leaf,leaf,0,2026-08-11,"leaf_type 'leaf' value found to reflect an undocumented default fill, not a verified classification; column retired in favor of structural binary flags (frond/cladode/phyllode/microphyll) plus functional_leaf"
Phylica mairei,Phylica mairei,Phylica mairei,leaf,leaf,0,2026-08-11,"leaf_type 'leaf' value found to reflect an undocumented default fill, not a verified classification; column retired in favor of structural binary flags (frond/cladode/phyllode/microphyll) plus functional_leaf"
Phylica oleaefolia,Phylica oleaefolia,Phylica oleaefolia,leaf,leaf,0,2026-08-11,"leaf_type 'leaf' value found to reflect an undocumented default fill, not a verified classification; column retired in favor of structural binary flags (frond/cladode/phyllode/microphyll) plus functional_leaf"
Phylica paniculata,Phylica paniculata,Phylica paniculata,leaf,leaf,0,2026-08-11,"leaf_type 'leaf' value found to reflect an undocumented default fill, not a verified classification; column retired in favor of structural binary flags (frond/cladode/phyllode/microphyll) plus functional_leaf"
Phylica parviflora,Phylica parviflora,Phylica parviflora,leaf,leaf,0,2026-08-11,"leaf_type 'leaf' value found to reflect an undocumented default fill, not a verified classification; column retired in favor of structural binary flags (frond/cladode/phyllode/microphyll) plus functional_leaf"
Phylica pinea,Phylica pinea,Phylica pinea,leaf,leaf,0,2026-08-11,"leaf_type 'leaf' value found to reflect an undocumented default fill, not a verified classification; column retired in favor of structural binary flags (frond/cladode/phyllode/microphyll) plus functional_leaf"
Phylica purpurea,Phylica purpurea,Phylica purpurea,leaf,leaf,0,2026-08-11,"leaf_type 'leaf' value found to reflect an undocumented default fill, not a verified classification; column retired in favor of structural binary flags (frond/cladode/phyllode/microphyll) plus functional_leaf"
Phylica rigida,Phylica rigida,Phylica rigida,leaf,leaf,0,2026-08-11,"leaf_type 'leaf' value found to reflect an undocumented default fill, not a verified classification; column retired in favor of structural binary flags (frond/cladode/phyllode/microphyll) plus functional_leaf"
Phylica rigidifolia,Phylica rigidifolia,Phylica rigidifolia,leaf,leaf,0,2026-08-11,"leaf_type 'leaf' value found to reflect an undocumented default fill, not a verified classification; column retired in favor of structural binary flags (frond/cladode/phyllode/microphyll) plus functional_leaf"
Phylica rubra,Phylica rubra,Phylica rubra,leaf,leaf,0,2026-08-11,"leaf_type 'leaf' value found to reflect an undocumented default fill, not a verified classification; column retired in favor of structural binary flags (frond/cladode/phyllode/microphyll) plus functional_leaf"
Phylica spicata,Phylica spicata,Phylica spicata,leaf,leaf,0,2026-08-11,"leaf_type 'leaf' value found to reflect an undocumented default fill, not a verified classification; column retired in favor of structural binary flags (frond/cladode/phyllode/microphyll) plus functional_leaf"
Phylica villosa,Phylica villosa,Phylica villosa,leaf,leaf,0,2026-08-11,"leaf_type 'leaf' value found to reflect an undocumented default fill, not a verified classification; column retired in favor of structural binary flags (frond/cladode/phyllode/microphyll) plus functional_leaf"
Phyllosma capensis,Phyllosma capensis,Phyllosma capensis,leaf,leaf,0,2026-08-11,"leaf_type 'leaf' value found to reflect an undocumented default fill, not a verified classification; column retired in favor of structural binary flags (frond/cladode/phyllode/microphyll) plus functional_leaf"
Pittosporum viridiflorum,Pittosporum viridiflorum,Pittosporum viridiflorum,leaf,leaf,0,2026-08-11,"leaf_type 'leaf' value found to reflect an undocumented default fill, not a verified classification; column retired in favor of structural binary flags (frond/cladode/phyllode/microphyll) plus functional_leaf"
Plantago crassifolia,Plantago crassifolia,Plantago crassifolia,leaf,leaf,0,2026-08-11,"leaf_type 'leaf' value found to reflect an undocumented default fill, not a verified classification; column retired in favor of structural binary flags (frond/cladode/phyllode/microphyll) plus functional_leaf"
Platycaulos acutus,Platycaulos acutus,Platycaulos acutus,leaf,culm_stem,1,2026-08-11,"leaf_type 'leaf' value found to reflect an undocumented default fill, not a verified classification; column retired in favor of structural binary flags (frond/cladode/phyllode/microphyll) plus functional_leaf"
Platycaulos anceps,Platycaulos anceps,Platycaulos anceps,leaf,culm_stem,1,2026-08-11,"leaf_type 'leaf' value found to reflect an undocumented default fill, not a verified classification; column retired in favor of structural binary flags (frond/cladode/phyllode/microphyll) plus functional_leaf"
Platycaulos compressus,Platycaulos compressus,Platycaulos compressus,leaf,culm_stem,1,2026-08-11,"leaf_type 'leaf' value found to reflect an undocumented default fill, not a verified classification; column retired in favor of structural binary flags (frond/cladode/phyllode/microphyll) plus functional_leaf"
Platycaulos major,Platycaulos major,Platycaulos major,leaf,culm_stem,1,2026-08-11,"leaf_type 'leaf' value found to reflect an undocumented default fill, not a verified classification; column retired in favor of structural binary flags (frond/cladode/phyllode/microphyll) plus functional_leaf"
Platylophus trifoliatus,Platylophus trifoliatus,Platylophus trifoliatus,leaf,leaf,0,2026-08-11,"leaf_type 'leaf' value found to reflect an undocumented default fill, not a verified classification; column retired in favor of structural binary flags (frond/cladode/phyllode/microphyll) plus functional_leaf"
Plecostachys serpyllifolia,Plecostachys serpyllifolia,Plecostachys serpyllifolia,leaf,leaf,0,2026-08-11,"leaf_type 'leaf' value found to reflect an undocumented default fill, not a verified classification; column retired in favor of structural binary flags (frond/cladode/phyllode/microphyll) plus functional_leaf"
Plectranthus fruticosus,Plectranthus fruticosus,Plectranthus fruticosus,leaf,leaf,0,2026-08-11,"leaf_type 'leaf' value found to reflect an undocumented default fill, not a verified classification; column retired in favor of structural binary flags (frond/cladode/phyllode/microphyll) plus functional_leaf"
Plumbago auriculata,Plumbago auriculata,Plumbago auriculata,leaf,leaf,0,2026-08-11,"leaf_type 'leaf' value found to reflect an undocumented default fill, not a verified classification; column retired in favor of structural binary flags (frond/cladode/phyllode/microphyll) plus functional_leaf"
Podalyria biflora,Podalyria biflora,Podalyria biflora,leaf,leaf,0,2026-08-11,"leaf_type 'leaf' value found to reflect an undocumented default fill, not a verified classification; column retired in favor of structural binary flags (frond/cladode/phyllode/microphyll) plus functional_leaf"
Podalyria burchellii,Podalyria burchellii,Podalyria burchellii,leaf,leaf,0,2026-08-11,"leaf_type 'leaf' value found to reflect an undocumented default fill, not a verified classification; column retired in favor of structural binary flags (frond/cladode/phyllode/microphyll) plus functional_leaf"
Podalyria calyptrata,Podalyria calyptrata,Podalyria calyptrata,leaf,leaf,0,2026-08-11,"leaf_type 'leaf' value found to reflect an undocumented default fill, not a verified classification; column retired in favor of structural binary flags (frond/cladode/phyllode/microphyll) plus functional_leaf"
Podocarpus elongatus,Podocarpus elongatus,Podocarpus elongatus,leaf,leaf,0,2026-08-11,"leaf_type 'leaf' value found to reflect an undocumented default fill, not a verified classification; column retired in favor of structural binary flags (frond/cladode/phyllode/microphyll) plus functional_leaf"
Podocarpus latifolius,Podocarpus latifolius,Podocarpus latifolius,leaf,leaf,0,2026-08-11,"leaf_type 'leaf' value found to reflect an undocumented default fill, not a verified classification; column retired in favor of structural binary flags (frond/cladode/phyllode/microphyll) plus functional_leaf"
Pollichia campestris,Pollichia campestris,Pollichia campestris,leaf,leaf,0,2026-08-11,"leaf_type 'leaf' value found to reflect an undocumented default fill, not a verified classification; column retired in favor of structural binary flags (frond/cladode/phyllode/microphyll) plus functional_leaf"
Polpoda capensis,Polpoda capensis,Polpoda capensis,leaf,leaf,0,2026-08-11,"leaf_type 'leaf' value found to reflect an undocumented default fill, not a verified classification; column retired in favor of structural binary flags (frond/cladode/phyllode/microphyll) plus functional_leaf"
Polyarrhena reflexa,Polyarrhena reflexa,Polyarrhena reflexa,leaf,leaf,0,2026-08-11,"leaf_type 'leaf' value found to reflect an undocumented default fill, not a verified classification; column retired in favor of structural binary flags (frond/cladode/phyllode/microphyll) plus functional_leaf"
Polygala asbestina,Polygala asbestina,Polygala asbestina,leaf,leaf,0,2026-08-11,"leaf_type 'leaf' value found to reflect an undocumented default fill, not a verified classification; column retired in favor of structural binary flags (frond/cladode/phyllode/microphyll) plus functional_leaf"
Polygala brachyphylla,Polygala brachyphylla,Polygala brachyphylla,leaf,leaf,0,2026-08-11,"leaf_type 'leaf' value found to reflect an undocumented default fill, not a verified classification; column retired in favor of structural binary flags (frond/cladode/phyllode/microphyll) plus functional_leaf"
Polygala bracteolata,Polygala bracteolata,Polygala bracteolata,leaf,leaf,0,2026-08-11,"leaf_type 'leaf' value found to reflect an undocumented default fill, not a verified classification; column retired in favor of structural binary flags (frond/cladode/phyllode/microphyll) plus functional_leaf"
Polygala ericaefolia,Polygala ericaefolia,Polygala ericaefolia,leaf,leaf,0,2026-08-11,"leaf_type 'leaf' value found to reflect an undocumented default fill, not a verified classification; column retired in favor of structural binary flags (frond/cladode/phyllode/microphyll) plus functional_leaf"
Polygala fruticosa,Polygala fruticosa,Polygala fruticosa,leaf,leaf,0,2026-08-11,"leaf_type 'leaf' value found to reflect an undocumented default fill, not a verified classification; column retired in favor of structural binary flags (frond/cladode/phyllode/microphyll) plus functional_leaf"
Polygala garcinii,Polygala garcinii,Polygala garcinii,leaf,leaf,0,2026-08-11,"leaf_type 'leaf' value found to reflect an undocumented default fill, not a verified classification; column retired in favor of structural binary flags (frond/cladode/phyllode/microphyll) plus functional_leaf"
Polygala illepida,Polygala illepida,Polygala illepida,leaf,leaf,0,2026-08-11,"leaf_type 'leaf' value found to reflect an undocumented default fill, not a verified classification; column retired in favor of structural binary flags (frond/cladode/phyllode/microphyll) plus functional_leaf"
Polygala microlopha,Polygala microlopha,Polygala microlopha,leaf,leaf,0,2026-08-11,"leaf_type 'leaf' value found to reflect an undocumented default fill, not a verified classification; column retired in favor of structural binary flags (frond/cladode/phyllode/microphyll) plus functional_leaf"
Polygala myrtifolia,Polygala myrtifolia,Polygala myrtifolia,leaf,leaf,0,2026-08-11,"leaf_type 'leaf' value found to reflect an undocumented default fill, not a verified classification; column retired in favor of structural binary flags (frond/cladode/phyllode/microphyll) plus functional_leaf"
Polygala pappeana,Polygala pappeana,Polygala pappeana,leaf,leaf,0,2026-08-11,"leaf_type 'leaf' value found to reflect an undocumented default fill, not a verified classification; column retired in favor of structural binary flags (frond/cladode/phyllode/microphyll) plus functional_leaf"
Polygala recognita,Polygala recognita,Polygala recognita,leaf,leaf,0,2026-08-11,"leaf_type 'leaf' value found to reflect an undocumented default fill, not a verified classification; column retired in favor of structural binary flags (frond/cladode/phyllode/microphyll) plus functional_leaf"
Polygala refracta,Polygala refracta,Polygala refracta,leaf,leaf,0,2026-08-11,"leaf_type 'leaf' value found to reflect an undocumented default fill, not a verified classification; column retired in favor of structural binary flags (frond/cladode/phyllode/microphyll) plus functional_leaf"
Polygala umbellata,Polygala umbellata,Polygala umbellata,leaf,leaf,0,2026-08-11,"leaf_type 'leaf' value found to reflect an undocumented default fill, not a verified classification; column retired in favor of structural binary flags (frond/cladode/phyllode/microphyll) plus functional_leaf"
Polygala virgata,Polygala virgata,Polygala virgata,leaf,leaf,0,2026-08-11,"leaf_type 'leaf' value found to reflect an undocumented default fill, not a verified classification; column retired in favor of structural binary flags (frond/cladode/phyllode/microphyll) plus functional_leaf"
Polygala wittebergensis,Polygala wittebergensis,Polygala wittebergensis,leaf,leaf,0,2026-08-11,"leaf_type 'leaf' value found to reflect an undocumented default fill, not a verified classification; column retired in favor of structural binary flags (frond/cladode/phyllode/microphyll) plus functional_leaf"
Polypogon strictus,Polypogon strictus,Polypogon tenuis,leaf,leaf,0,2026-08-11,"leaf_type 'leaf' value found to reflect an undocumented default fill, not a verified classification; column retired in favor of structural binary flags (frond/cladode/phyllode/microphyll) plus functional_leaf"
Portulacaria afra,Portulacaria afra,Portulacaria afra,leaf,leaf,0,2026-08-11,"leaf_type 'leaf' value found to reflect an undocumented default fill, not a verified classification; column retired in favor of structural binary flags (frond/cladode/phyllode/microphyll) plus functional_leaf"
Printzia polifolia,Printzia polifolia,Printzia polifolia,leaf,leaf,0,2026-08-11,"leaf_type 'leaf' value found to reflect an undocumented default fill, not a verified classification; column retired in favor of structural binary flags (frond/cladode/phyllode/microphyll) plus functional_leaf"
Prionium serratum,Prionium serratum,Prionium serratum,leaf,leaf,0,2026-08-11,"leaf_type 'leaf' value found to reflect an undocumented default fill, not a verified classification; column retired in favor of structural binary flags (frond/cladode/phyllode/microphyll) plus functional_leaf"
Prismatocarpus brevilobus,Prismatocarpus brevilobus,Prismatocarpus brevilobus,leaf,leaf,0,2026-08-11,"leaf_type 'leaf' value found to reflect an undocumented default fill, not a verified classification; column retired in favor of structural binary flags (frond/cladode/phyllode/microphyll) plus functional_leaf"
Prismatocarpus fruticosus,Prismatocarpus fruticosus,Prismatocarpus fruticosus,leaf,leaf,0,2026-08-11,"leaf_type 'leaf' value found to reflect an undocumented default fill, not a verified classification; column retired in favor of structural binary flags (frond/cladode/phyllode/microphyll) plus functional_leaf"
Prismatocarpus sessilis,Prismatocarpus sessilis,Prismatocarpus sessilis,leaf,leaf,0,2026-08-11,"leaf_type 'leaf' value found to reflect an undocumented default fill, not a verified classification; column retired in favor of structural binary flags (frond/cladode/phyllode/microphyll) plus functional_leaf"
Protea acaulos,Protea acaulos,Protea acaulos,leaf,leaf,0,2026-08-11,"leaf_type 'leaf' value found to reflect an undocumented default fill, not a verified classification; column retired in favor of structural binary flags (frond/cladode/phyllode/microphyll) plus functional_leaf"
Protea acuminata,Protea acuminata,Protea acuminata,leaf,leaf,0,2026-08-11,"leaf_type 'leaf' value found to reflect an undocumented default fill, not a verified classification; column retired in favor of structural binary flags (frond/cladode/phyllode/microphyll) plus functional_leaf"
Protea angustata,Protea angustata,Protea angustata,leaf,leaf,0,2026-08-11,"leaf_type 'leaf' value found to reflect an undocumented default fill, not a verified classification; column retired in favor of structural binary flags (frond/cladode/phyllode/microphyll) plus functional_leaf"
Protea aspera,Protea aspera,Protea aspera,leaf,leaf,0,2026-08-11,"leaf_type 'leaf' value found to reflect an undocumented default fill, not a verified classification; column retired in favor of structural binary flags (frond/cladode/phyllode/microphyll) plus functional_leaf"
Protea aurea,Protea aurea,Protea aurea,leaf,leaf,0,2026-08-11,"leaf_type 'leaf' value found to reflect an undocumented default fill, not a verified classification; column retired in favor of structural binary flags (frond/cladode/phyllode/microphyll) plus functional_leaf"
Protea cordata,Protea cordata,Protea cordata,leaf,leaf,0,2026-08-11,"leaf_type 'leaf' value found to reflect an undocumented default fill, not a verified classification; column retired in favor of structural binary flags (frond/cladode/phyllode/microphyll) plus functional_leaf"
Protea cynaroides,Protea cynaroides,Protea cynaroides,leaf,leaf,0,2026-08-11,"leaf_type 'leaf' value found to reflect an undocumented default fill, not a verified classification; column retired in favor of structural binary flags (frond/cladode/phyllode/microphyll) plus functional_leaf"
Protea eximia,Protea eximia,Protea eximia,leaf,leaf,0,2026-08-11,"leaf_type 'leaf' value found to reflect an undocumented default fill, not a verified classification; column retired in favor of structural binary flags (frond/cladode/phyllode/microphyll) plus functional_leaf"
Protea glabra,Protea glabra,Protea glabra,leaf,leaf,0,2026-08-11,"leaf_type 'leaf' value found to reflect an undocumented default fill, not a verified classification; column retired in favor of structural binary flags (frond/cladode/phyllode/microphyll) plus functional_leaf"
Protea grandiceps,Protea grandiceps,Protea grandiceps,leaf,leaf,0,2026-08-11,"leaf_type 'leaf' value found to reflect an undocumented default fill, not a verified classification; column retired in favor of structural binary flags (frond/cladode/phyllode/microphyll) plus functional_leaf"
Protea intonsa,Protea intonsa,Protea intonsa,leaf,leaf,0,2026-08-11,"leaf_type 'leaf' value found to reflect an undocumented default fill, not a verified classification; column retired in favor of structural binary flags (frond/cladode/phyllode/microphyll) plus functional_leaf"
Protea laevis,Protea laevis,Protea laevis,leaf,leaf,0,2026-08-11,"leaf_type 'leaf' value found to reflect an undocumented default fill, not a verified classification; column retired in favor of structural binary flags (frond/cladode/phyllode/microphyll) plus functional_leaf"
Protea laurifolia,Protea laurifolia,Protea laurifolia,leaf,leaf,0,2026-08-11,"leaf_type 'leaf' value found to reflect an undocumented default fill, not a verified classification; column retired in favor of structural binary flags (frond/cladode/phyllode/microphyll) plus functional_leaf"
Protea lepidocarpodendron,Protea lepidocarpodendron,Protea lepidocarpodendron,leaf,leaf,0,2026-08-11,"leaf_type 'leaf' value found to reflect an undocumented default fill, not a verified classification; column retired in favor of structural binary flags (frond/cladode/phyllode/microphyll) plus functional_leaf"
Protea lorea,Protea lorea,Protea lorea,leaf,leaf,0,2026-08-11,"leaf_type 'leaf' value found to reflect an undocumented default fill, not a verified classification; column retired in favor of structural binary flags (frond/cladode/phyllode/microphyll) plus functional_leaf"
Protea lorifolia,Protea lorifolia,Protea lorifolia,leaf,leaf,0,2026-08-11,"leaf_type 'leaf' value found to reflect an undocumented default fill, not a verified classification; column retired in favor of structural binary flags (frond/cladode/phyllode/microphyll) plus functional_leaf"
Protea mundii,Protea mundii,Protea mundii,leaf,leaf,0,2026-08-11,"leaf_type 'leaf' value found to reflect an undocumented default fill, not a verified classification; column retired in favor of structural binary flags (frond/cladode/phyllode/microphyll) plus functional_leaf"
Protea neriifolia,Protea neriifolia,Protea neriifolia,leaf,leaf,0,2026-08-11,"leaf_type 'leaf' value found to reflect an undocumented default fill, not a verified classification; column retired in favor of structural binary flags (frond/cladode/phyllode/microphyll) plus functional_leaf"
Protea nitida,Protea nitida,Protea nitida,leaf,leaf,0,2026-08-11,"leaf_type 'leaf' value found to reflect an undocumented default fill, not a verified classification; column retired in favor of structural binary flags (frond/cladode/phyllode/microphyll) plus functional_leaf"
Protea piscina,Protea piscina,Protea piscina,leaf,leaf,0,2026-08-11,"leaf_type 'leaf' value found to reflect an undocumented default fill, not a verified classification; column retired in favor of structural binary flags (frond/cladode/phyllode/microphyll) plus functional_leaf"
Protea punctata,Protea punctata,Protea punctata,leaf,leaf,0,2026-08-11,"leaf_type 'leaf' value found to reflect an undocumented default fill, not a verified classification; column retired in favor of structural binary flags (frond/cladode/phyllode/microphyll) plus functional_leaf"
Protea repens,Protea repens,Protea repens,leaf,leaf,0,2026-08-11,"leaf_type 'leaf' value found to reflect an undocumented default fill, not a verified classification; column retired in favor of structural binary flags (frond/cladode/phyllode/microphyll) plus functional_leaf"
Protea scabra,Protea scabra,Protea scabra,leaf,leaf,0,2026-08-11,"leaf_type 'leaf' value found to reflect an undocumented default fill, not a verified classification; column retired in favor of structural binary flags (frond/cladode/phyllode/microphyll) plus functional_leaf"
Protea scolopendriifolia,Protea scolopendriifolia,Protea scolopendriifolia,leaf,leaf,0,2026-08-11,"leaf_type 'leaf' value found to reflect an undocumented default fill, not a verified classification; column retired in favor of structural binary flags (frond/cladode/phyllode/microphyll) plus functional_leaf"
Protea speciosa,Protea speciosa,Protea speciosa,leaf,leaf,0,2026-08-11,"leaf_type 'leaf' value found to reflect an undocumented default fill, not a verified classification; column retired in favor of structural binary flags (frond/cladode/phyllode/microphyll) plus functional_leaf"
Protea tenax,Protea tenax,Protea tenax,leaf,leaf,0,2026-08-11,"leaf_type 'leaf' value found to reflect an undocumented default fill, not a verified classification; column retired in favor of structural binary flags (frond/cladode/phyllode/microphyll) plus functional_leaf"
Psammotropha anguina,Psammotropha anguina,Psammotropha anguina,leaf,leaf,0,2026-08-11,"leaf_type 'leaf' value found to reflect an undocumented default fill, not a verified classification; column retired in favor of structural binary flags (frond/cladode/phyllode/microphyll) plus functional_leaf"
Psammotropha quadrangularis,Psammotropha quadrangularis,Psammotropha quadrangularis,leaf,leaf,0,2026-08-11,"leaf_type 'leaf' value found to reflect an undocumented default fill, not a verified classification; column retired in favor of structural binary flags (frond/cladode/phyllode/microphyll) plus functional_leaf"
Pseudopentameris brachyphylla,Pseudopentameris brachyphylla,Pseudopentameris brachyphylla,leaf,leaf,0,2026-08-11,"leaf_type 'leaf' value found to reflect an undocumented default fill, not a verified classification; column retired in favor of structural binary flags (frond/cladode/phyllode/microphyll) plus functional_leaf"
Pseudopentameris macrantha,Pseudopentameris macrantha,Pseudopentameris macrantha,leaf,leaf,0,2026-08-11,"leaf_type 'leaf' value found to reflect an undocumented default fill, not a verified classification; column retired in favor of structural binary flags (frond/cladode/phyllode/microphyll) plus functional_leaf"
Pseudoselago humilis,Pseudoselago humilis,Pseudoselago humilis,leaf,leaf,0,2026-08-11,"leaf_type 'leaf' value found to reflect an undocumented default fill, not a verified classification; column retired in favor of structural binary flags (frond/cladode/phyllode/microphyll) plus functional_leaf"
Pseudoselago recurvifolia,Pseudoselago recurvifolia,Pseudoselago recurvifolia,leaf,leaf,0,2026-08-11,"leaf_type 'leaf' value found to reflect an undocumented default fill, not a verified classification; column retired in favor of structural binary flags (frond/cladode/phyllode/microphyll) plus functional_leaf"
Pseudoselago serrata,Pseudoselago serrata,Pseudoselago serrata,leaf,leaf,0,2026-08-11,"leaf_type 'leaf' value found to reflect an undocumented default fill, not a verified classification; column retired in favor of structural binary flags (frond/cladode/phyllode/microphyll) plus functional_leaf"
Pseudoselago spuria,Pseudoselago spuria,Pseudoselago spuria,leaf,leaf,0,2026-08-11,"leaf_type 'leaf' value found to reflect an undocumented default fill, not a verified classification; column retired in favor of structural binary flags (frond/cladode/phyllode/microphyll) plus functional_leaf"
Psoralea aphylla,Psoralea aphylla,Psoralea aphylla,leaf,mixed,0,2026-08-11,"leaf_type 'leaf' value found to reflect an undocumented default fill, not a verified classification; column retired in favor of structural binary flags (frond/cladode/phyllode/microphyll) plus functional_leaf"
Psoralea asarina,Psoralea asarina,Psoralea asarina,leaf,leaf,0,2026-08-11,"leaf_type 'leaf' value found to reflect an undocumented default fill, not a verified classification; column retired in favor of structural binary flags (frond/cladode/phyllode/microphyll) plus functional_leaf"
Psoralea imbricata,Psoralea imbricata,Psoralea imbricata,leaf,leaf,0,2026-08-11,"leaf_type 'leaf' value found to reflect an undocumented default fill, not a verified classification; column retired in favor of structural binary flags (frond/cladode/phyllode/microphyll) plus functional_leaf"
Psoralea laxa,Psoralea laxa,Psoralea laxa,leaf,leaf,0,2026-08-11,"leaf_type 'leaf' value found to reflect an undocumented default fill, not a verified classification; column retired in favor of structural binary flags (frond/cladode/phyllode/microphyll) plus functional_leaf"
Psoralea monophylla,Psoralea monophylla,Psoralea monophylla,leaf,leaf,0,2026-08-11,"leaf_type 'leaf' value found to reflect an undocumented default fill, not a verified classification; column retired in favor of structural binary flags (frond/cladode/phyllode/microphyll) plus functional_leaf"
Psoralea oligophylla,Psoralea oligophylla,Psoralea oligophylla,leaf,leaf,0,2026-08-11,"leaf_type 'leaf' value found to reflect an undocumented default fill, not a verified classification; column retired in favor of structural binary flags (frond/cladode/phyllode/microphyll) plus functional_leaf"
Psoralea oreophila,Psoralea oreophila,Psoralea oreophila,leaf,leaf,0,2026-08-11,"leaf_type 'leaf' value found to reflect an undocumented default fill, not a verified classification; column retired in favor of structural binary flags (frond/cladode/phyllode/microphyll) plus functional_leaf"
Psoralea pinnata,Psoralea pinnata,Psoralea pinnata,leaf,leaf,0,2026-08-11,"leaf_type 'leaf' value found to reflect an undocumented default fill, not a verified classification; column retired in favor of structural binary flags (frond/cladode/phyllode/microphyll) plus functional_leaf"
Psoralea repens,Psoralea repens,Psoralea repens,leaf,leaf,0,2026-08-11,"leaf_type 'leaf' value found to reflect an undocumented default fill, not a verified classification; column retired in favor of structural binary flags (frond/cladode/phyllode/microphyll) plus functional_leaf"
Psoralea verrucosa,Psoralea verrucosa,Psoralea verrucosa,leaf,leaf,0,2026-08-11,"leaf_type 'leaf' value found to reflect an undocumented default fill, not a verified classification; column retired in favor of structural binary flags (frond/cladode/phyllode/microphyll) plus functional_leaf"
Pteridium aquilinum,Pteridium aquilinum,Pteridium aquilinum,frond,leaf,0,2026-08-11,"leaf_type 'leaf' value found to reflect an undocumented default fill, not a verified classification; column retired in favor of structural binary flags (frond/cladode/phyllode/microphyll) plus functional_leaf"
Pterocelastrus rostratus,Pterocelastrus rostratus,Pterocelastrus rostratus,leaf,leaf,0,2026-08-11,"leaf_type 'leaf' value found to reflect an undocumented default fill, not a verified classification; column retired in favor of structural binary flags (frond/cladode/phyllode/microphyll) plus functional_leaf"
Pterocelastrus tricuspidatus,Pterocelastrus tricuspidatus,Pterocelastrus tricuspidatus,leaf,leaf,0,2026-08-11,"leaf_type 'leaf' value found to reflect an undocumented default fill, not a verified classification; column retired in favor of structural binary flags (frond/cladode/phyllode/microphyll) plus functional_leaf"
Pteronia ambrariifolia,Pteronia ambrariifolia,Pteronia ambrariifolia,leaf,leaf,0,2026-08-11,"leaf_type 'leaf' value found to reflect an undocumented default fill, not a verified classification; column retired in favor of structural binary flags (frond/cladode/phyllode/microphyll) plus functional_leaf"
Pteronia camphorata,Pteronia camphorata,Pteronia camphorata,leaf,leaf,0,2026-08-11,"leaf_type 'leaf' value found to reflect an undocumented default fill, not a verified classification; column retired in favor of structural binary flags (frond/cladode/phyllode/microphyll) plus functional_leaf"
Pteronia incana,Pteronia incana,Pteronia incana,leaf,leaf,0,2026-08-11,"leaf_type 'leaf' value found to reflect an undocumented default fill, not a verified classification; column retired in favor of structural binary flags (frond/cladode/phyllode/microphyll) plus functional_leaf"
Pteronia teretifolia,Pteronia teretifolia,Pteronia teretifolia,leaf,leaf,0,2026-08-11,"leaf_type 'leaf' value found to reflect an undocumented default fill, not a verified classification; column retired in favor of structural binary flags (frond/cladode/phyllode/microphyll) plus functional_leaf"
Pterygodium acutifolium,Pterygodium acutifolium,Pterygodium acutifolium,leaf,leaf,0,2026-08-11,"leaf_type 'leaf' value found to reflect an undocumented default fill, not a verified classification; column retired in favor of structural binary flags (frond/cladode/phyllode/microphyll) plus functional_leaf"
Putterlickia pyracantha,Putterlickia pyracantha,Putterlickia pyracantha,leaf,leaf,0,2026-08-11,"leaf_type 'leaf' value found to reflect an undocumented default fill, not a verified classification; column retired in favor of structural binary flags (frond/cladode/phyllode/microphyll) plus functional_leaf"
Rafnia acuminata,Rafnia perfoliata,Rafnia acuminata,leaf,leaf,0,2026-08-11,"leaf_type 'leaf' value found to reflect an undocumented default fill, not a verified classification; column retired in favor of structural binary flags (frond/cladode/phyllode/microphyll) plus functional_leaf"
Rafnia capensis,Rafnia capensis,Rafnia capensis,leaf,leaf,0,2026-08-11,"leaf_type 'leaf' value found to reflect an undocumented default fill, not a verified classification; column retired in favor of structural binary flags (frond/cladode/phyllode/microphyll) plus functional_leaf"
Rafnia crassifolia,Rafnia crassifolia,Rafnia crassifolia,leaf,leaf,0,2026-08-11,"leaf_type 'leaf' value found to reflect an undocumented default fill, not a verified classification; column retired in favor of structural binary flags (frond/cladode/phyllode/microphyll) plus functional_leaf"
Rafnia diffusa,Rafnia diffusa,Rafnia diffusa,leaf,leaf,0,2026-08-11,"leaf_type 'leaf' value found to reflect an undocumented default fill, not a verified classification; column retired in favor of structural binary flags (frond/cladode/phyllode/microphyll) plus functional_leaf"
Rafnia ovata,Rafnia ovata,Rafnia ovata,leaf,leaf,0,2026-08-11,"leaf_type 'leaf' value found to reflect an undocumented default fill, not a verified classification; column retired in favor of structural binary flags (frond/cladode/phyllode/microphyll) plus functional_leaf"
Rafnia racemosa,Rafnia racemosa,Rafnia racemosa,leaf,leaf,0,2026-08-11,"leaf_type 'leaf' value found to reflect an undocumented default fill, not a verified classification; column retired in favor of structural binary flags (frond/cladode/phyllode/microphyll) plus functional_leaf"
Rapanea melanophloeos,Rapanea melanophloeos,Myrsine melanophloeos,leaf,leaf,0,2026-08-11,"leaf_type 'leaf' value found to reflect an undocumented default fill, not a verified classification; column retired in favor of structural binary flags (frond/cladode/phyllode/microphyll) plus functional_leaf"
Relhania calycina,Relhania calycina,Oedera calycina,leaf,leaf,0,2026-08-11,"leaf_type 'leaf' value found to reflect an undocumented default fill, not a verified classification; column retired in favor of structural binary flags (frond/cladode/phyllode/microphyll) plus functional_leaf"
Relhania decussata,Relhania decussata,Oedera decussata,leaf,leaf,0,2026-08-11,"leaf_type 'leaf' value found to reflect an undocumented default fill, not a verified classification; column retired in favor of structural binary flags (frond/cladode/phyllode/microphyll) plus functional_leaf"
Relhania pungens,Relhania pungens,Oedera pungens,leaf,leaf,0,2026-08-11,"leaf_type 'leaf' value found to reflect an undocumented default fill, not a verified classification; column retired in favor of structural binary flags (frond/cladode/phyllode/microphyll) plus functional_leaf"
Relhania speciosa,Relhania speciosa,Oedera speciosa,leaf,leaf,0,2026-08-11,"leaf_type 'leaf' value found to reflect an undocumented default fill, not a verified classification; column retired in favor of structural binary flags (frond/cladode/phyllode/microphyll) plus functional_leaf"
Restio arcuatus,Restio arcuatus,Restio arcuatus,leaf,culm_stem,1,2026-08-11,"leaf_type 'leaf' value found to reflect an undocumented default fill, not a verified classification; column retired in favor of structural binary flags (frond/cladode/phyllode/microphyll) plus functional_leaf"
Restio asperus,Calopsis aspera,Restio asperus,leaf,culm_stem,1,2026-08-11,"leaf_type 'leaf' value found to reflect an undocumented default fill, not a verified classification; column retired in favor of structural binary flags (frond/cladode/phyllode/microphyll) plus functional_leaf"
Restio bifarius,Restio bifarius,Restio bifarius,leaf,culm_stem,1,2026-08-11,"leaf_type 'leaf' value found to reflect an undocumented default fill, not a verified classification; column retired in favor of structural binary flags (frond/cladode/phyllode/microphyll) plus functional_leaf"
Restio bifidus,Restio bifidus,Restio bifidus,leaf,culm_stem,1,2026-08-11,"leaf_type 'leaf' value found to reflect an undocumented default fill, not a verified classification; column retired in favor of structural binary flags (frond/cladode/phyllode/microphyll) plus functional_leaf"
Restio bifurcus,Restio bifurcus,Restio bifurcus,leaf,culm_stem,1,2026-08-11,"leaf_type 'leaf' value found to reflect an undocumented default fill, not a verified classification; column retired in favor of structural binary flags (frond/cladode/phyllode/microphyll) plus functional_leaf"
Restio brachiatus,Restio brachiatus,Restio brachiatus,leaf,culm_stem,1,2026-08-11,"leaf_type 'leaf' value found to reflect an undocumented default fill, not a verified classification; column retired in favor of structural binary flags (frond/cladode/phyllode/microphyll) plus functional_leaf"
Restio burchellii,Restio burchellii,Restio burchellii,leaf,culm_stem,1,2026-08-11,"leaf_type 'leaf' value found to reflect an undocumented default fill, not a verified classification; column retired in favor of structural binary flags (frond/cladode/phyllode/microphyll) plus functional_leaf"
Restio calcicola,Calopsis fruticosa,Restio calcicola,leaf,culm_stem,1,2026-08-11,"leaf_type 'leaf' value found to reflect an undocumented default fill, not a verified classification; column retired in favor of structural binary flags (frond/cladode/phyllode/microphyll) plus functional_leaf"
Restio capensis,Ischyrolepis capensis,Restio capensis,leaf,culm_stem,1,2026-08-11,"leaf_type 'leaf' value found to reflect an undocumented default fill, not a verified classification; column retired in favor of structural binary flags (frond/cladode/phyllode/microphyll) plus functional_leaf"
Restio capillaris,Restio capillaris,Restio capillaris,leaf,culm_stem,1,2026-08-11,"leaf_type 'leaf' value found to reflect an undocumented default fill, not a verified classification; column retired in favor of structural binary flags (frond/cladode/phyllode/microphyll) plus functional_leaf"
Restio cincinnatus,Ischyrolepis cincinnata,Restio cincinnatus,leaf,culm_stem,1,2026-08-11,"leaf_type 'leaf' value found to reflect an undocumented default fill, not a verified classification; column retired in favor of structural binary flags (frond/cladode/phyllode/microphyll) plus functional_leaf"
Restio curviramis,Ischyrolepis curviramis,Restio curviramis,leaf,culm_stem,1,2026-08-11,"leaf_type 'leaf' value found to reflect an undocumented default fill, not a verified classification; column retired in favor of structural binary flags (frond/cladode/phyllode/microphyll) plus functional_leaf"
Restio debilis,Restio debilis,Restio debilis,leaf,culm_stem,1,2026-08-11,"leaf_type 'leaf' value found to reflect an undocumented default fill, not a verified classification; column retired in favor of structural binary flags (frond/cladode/phyllode/microphyll) plus functional_leaf"
Restio decipiens,Restio decipiens,Restio decipiens,leaf,culm_stem,1,2026-08-11,"leaf_type 'leaf' value found to reflect an undocumented default fill, not a verified classification; column retired in favor of structural binary flags (frond/cladode/phyllode/microphyll) plus functional_leaf"
Restio dispar,Restio dispar,Restio dispar,leaf,culm_stem,1,2026-08-11,"leaf_type 'leaf' value found to reflect an undocumented default fill, not a verified classification; column retired in favor of structural binary flags (frond/cladode/phyllode/microphyll) plus functional_leaf"
Restio distichus,Restio distichus,Restio distichus,leaf,culm_stem,1,2026-08-11,"leaf_type 'leaf' value found to reflect an undocumented default fill, not a verified classification; column retired in favor of structural binary flags (frond/cladode/phyllode/microphyll) plus functional_leaf"
Restio dodii,Restio dodii,Restio dodii,leaf,culm_stem,1,2026-08-11,"leaf_type 'leaf' value found to reflect an undocumented default fill, not a verified classification; column retired in favor of structural binary flags (frond/cladode/phyllode/microphyll) plus functional_leaf"
Restio egregius,Restio egregius,Restio egregius,leaf,culm_stem,1,2026-08-11,"leaf_type 'leaf' value found to reflect an undocumented default fill, not a verified classification; column retired in favor of structural binary flags (frond/cladode/phyllode/microphyll) plus functional_leaf"
Restio eleocharis,Ischyrolepis eleocharis,Restio eleocharis,leaf,culm_stem,1,2026-08-11,"leaf_type 'leaf' value found to reflect an undocumented default fill, not a verified classification; column retired in favor of structural binary flags (frond/cladode/phyllode/microphyll) plus functional_leaf"
Restio festuciformis,Restio festuciformis,Restio festuciformis,leaf,culm_stem,1,2026-08-11,"leaf_type 'leaf' value found to reflect an undocumented default fill, not a verified classification; column retired in favor of structural binary flags (frond/cladode/phyllode/microphyll) plus functional_leaf"
Restio filiformis,Restio filiformis,Restio filiformis,leaf,culm_stem,1,2026-08-11,"leaf_type 'leaf' value found to reflect an undocumented default fill, not a verified classification; column retired in favor of structural binary flags (frond/cladode/phyllode/microphyll) plus functional_leaf"
Restio fragilis,Restio fragilis,Restio fragilis,leaf,culm_stem,1,2026-08-11,"leaf_type 'leaf' value found to reflect an undocumented default fill, not a verified classification; column retired in favor of structural binary flags (frond/cladode/phyllode/microphyll) plus functional_leaf"
Restio fusiformis,Restio fusiformis,Restio fusiformis,leaf,culm_stem,1,2026-08-11,"leaf_type 'leaf' value found to reflect an undocumented default fill, not a verified classification; column retired in favor of structural binary flags (frond/cladode/phyllode/microphyll) plus functional_leaf"
Restio gaudichaudianus,Ischyrolepis gaudichaudiana,Restio gaudichaudianus,leaf,culm_stem,1,2026-08-11,"leaf_type 'leaf' value found to reflect an undocumented default fill, not a verified classification; column retired in favor of structural binary flags (frond/cladode/phyllode/microphyll) plus functional_leaf"
Restio gossypinus,Ischyrolepis gossypina,Restio gossypinus,leaf,culm_stem,1,2026-08-11,"leaf_type 'leaf' value found to reflect an undocumented default fill, not a verified classification; column retired in favor of structural binary flags (frond/cladode/phyllode/microphyll) plus functional_leaf"
Restio hyalinus,Calopsis hyalina,Restio hyalinus,leaf,culm_stem,1,2026-08-11,"leaf_type 'leaf' value found to reflect an undocumented default fill, not a verified classification; column retired in favor of structural binary flags (frond/cladode/phyllode/microphyll) plus functional_leaf"
Restio hystrix,Ischyrolepis hystrix,Restio hystrix,leaf,culm_stem,1,2026-08-11,"leaf_type 'leaf' value found to reflect an undocumented default fill, not a verified classification; column retired in favor of structural binary flags (frond/cladode/phyllode/microphyll) plus functional_leaf"
Restio implicatus,Restio implicatus,Restio implicatus,leaf,culm_stem,1,2026-08-11,"leaf_type 'leaf' value found to reflect an undocumented default fill, not a verified classification; column retired in favor of structural binary flags (frond/cladode/phyllode/microphyll) plus functional_leaf"
Restio inconspicuus,Restio inconspicuus,Restio inconspicuus,leaf,culm_stem,1,2026-08-11,"leaf_type 'leaf' value found to reflect an undocumented default fill, not a verified classification; column retired in favor of structural binary flags (frond/cladode/phyllode/microphyll) plus functional_leaf"
Restio laniger,Ischyrolepis laniger,Restio laniger,leaf,culm_stem,1,2026-08-11,"leaf_type 'leaf' value found to reflect an undocumented default fill, not a verified classification; column retired in favor of structural binary flags (frond/cladode/phyllode/microphyll) plus functional_leaf"
Restio leptostachyus,Restio leptostachyus,Restio leptostachyus,leaf,culm_stem,1,2026-08-11,"leaf_type 'leaf' value found to reflect an undocumented default fill, not a verified classification; column retired in favor of structural binary flags (frond/cladode/phyllode/microphyll) plus functional_leaf"
Restio monanthos,Ischyrolepis monanthos,Restio monanthos,leaf,culm_stem,1,2026-08-11,"leaf_type 'leaf' value found to reflect an undocumented default fill, not a verified classification; column retired in favor of structural binary flags (frond/cladode/phyllode/microphyll) plus functional_leaf"
Restio monostylis,Calopsis monostylis,Restio monostylis,leaf,culm_stem,1,2026-08-11,"leaf_type 'leaf' value found to reflect an undocumented default fill, not a verified classification; column retired in favor of structural binary flags (frond/cladode/phyllode/microphyll) plus functional_leaf"
Restio occultus,Restio occultus,Restio occultus,leaf,culm_stem,1,2026-08-11,"leaf_type 'leaf' value found to reflect an undocumented default fill, not a verified classification; column retired in favor of structural binary flags (frond/cladode/phyllode/microphyll) plus functional_leaf"
Restio ocreatus,Ischyrolepis ocreata,Restio ocreatus,leaf,culm_stem,1,2026-08-11,"leaf_type 'leaf' value found to reflect an undocumented default fill, not a verified classification; column retired in favor of structural binary flags (frond/cladode/phyllode/microphyll) plus functional_leaf"
Restio paludosus,Ischyrolepis paludosa,Restio paludosus,leaf,culm_stem,1,2026-08-11,"leaf_type 'leaf' value found to reflect an undocumented default fill, not a verified classification; column retired in favor of structural binary flags (frond/cladode/phyllode/microphyll) plus functional_leaf"
Restio paniculatus,Calopsis paniculata,Restio paniculatus,leaf,culm_stem,1,2026-08-11,"leaf_type 'leaf' value found to reflect an undocumented default fill, not a verified classification; column retired in favor of structural binary flags (frond/cladode/phyllode/microphyll) plus functional_leaf"
Restio parvispiculus,Calopsis membranacea,Restio parvispiculus,leaf,culm_stem,1,2026-08-11,"leaf_type 'leaf' value found to reflect an undocumented default fill, not a verified classification; column retired in favor of structural binary flags (frond/cladode/phyllode/microphyll) plus functional_leaf"
Restio patens,Restio patens,Restio patens,leaf,culm_stem,1,2026-08-11,"leaf_type 'leaf' value found to reflect an undocumented default fill, not a verified classification; column retired in favor of structural binary flags (frond/cladode/phyllode/microphyll) plus functional_leaf"
Restio pedicellatus,Restio filicaulis,Restio pedicellatus,leaf,culm_stem,1,2026-08-11,"leaf_type 'leaf' value found to reflect an undocumented default fill, not a verified classification; column retired in favor of structural binary flags (frond/cladode/phyllode/microphyll) plus functional_leaf"
Restio perplexus,Restio perplexus,Restio perplexus,leaf,culm_stem,1,2026-08-11,"leaf_type 'leaf' value found to reflect an undocumented default fill, not a verified classification; column retired in favor of structural binary flags (frond/cladode/phyllode/microphyll) plus functional_leaf"
Restio purpurascens,Restio purpurascens,Restio purpurascens,leaf,culm_stem,1,2026-08-11,"leaf_type 'leaf' value found to reflect an undocumented default fill, not a verified classification; column retired in favor of structural binary flags (frond/cladode/phyllode/microphyll) plus functional_leaf"
Restio quinquefarius,Restio quinquefarius,Restio quinquefarius,leaf,culm_stem,1,2026-08-11,"leaf_type 'leaf' value found to reflect an undocumented default fill, not a verified classification; column retired in favor of structural binary flags (frond/cladode/phyllode/microphyll) plus functional_leaf"
Restio ramosissimus,Calopsis gracilis,Restio ramosissimus,leaf,culm_stem,1,2026-08-11,"leaf_type 'leaf' value found to reflect an undocumented default fill, not a verified classification; column retired in favor of structural binary flags (frond/cladode/phyllode/microphyll) plus functional_leaf"
Restio rigidus,Calopsis rigida,Restio rigidus,leaf,culm_stem,1,2026-08-11,"leaf_type 'leaf' value found to reflect an undocumented default fill, not a verified classification; column retired in favor of structural binary flags (frond/cladode/phyllode/microphyll) plus functional_leaf"
Restio rudolfii,Calopsis marlothii,Restio rudolfii,leaf,culm_stem,1,2026-08-11,"leaf_type 'leaf' value found to reflect an undocumented default fill, not a verified classification; column retired in favor of structural binary flags (frond/cladode/phyllode/microphyll) plus functional_leaf"
Restio sarocladus,Restio sarocladus,Restio saroclados,leaf,culm_stem,1,2026-08-11,"leaf_type 'leaf' value found to reflect an undocumented default fill, not a verified classification; column retired in favor of structural binary flags (frond/cladode/phyllode/microphyll) plus functional_leaf"
Restio scaber,Restio scaber,Restio scaber,leaf,culm_stem,1,2026-08-11,"leaf_type 'leaf' value found to reflect an undocumented default fill, not a verified classification; column retired in favor of structural binary flags (frond/cladode/phyllode/microphyll) plus functional_leaf"
Restio schoenoides,Ischyrolepis schoenoides,Restio schoenoides,leaf,culm_stem,1,2026-08-11,"leaf_type 'leaf' value found to reflect an undocumented default fill, not a verified classification; column retired in favor of structural binary flags (frond/cladode/phyllode/microphyll) plus functional_leaf"
Restio sejunctus,Restio sejunctus,Restio sejunctus,leaf,culm_stem,1,2026-08-11,"leaf_type 'leaf' value found to reflect an undocumented default fill, not a verified classification; column retired in favor of structural binary flags (frond/cladode/phyllode/microphyll) plus functional_leaf"
Restio sieberi,Ischyrolepis sieberi,Restio sieberi,leaf,culm_stem,1,2026-08-11,"leaf_type 'leaf' value found to reflect an undocumented default fill, not a verified classification; column retired in favor of structural binary flags (frond/cladode/phyllode/microphyll) plus functional_leaf"
Restio similis,Restio similis,Restio similis,leaf,culm_stem,1,2026-08-11,"leaf_type 'leaf' value found to reflect an undocumented default fill, not a verified classification; column retired in favor of structural binary flags (frond/cladode/phyllode/microphyll) plus functional_leaf"
Restio stokoei,Restio stokoei,Restio stokoei,leaf,culm_stem,1,2026-08-11,"leaf_type 'leaf' value found to reflect an undocumented default fill, not a verified classification; column retired in favor of structural binary flags (frond/cladode/phyllode/microphyll) plus functional_leaf"
Restio strictus,Restio strictus,Restio strictus,leaf,culm_stem,1,2026-08-11,"leaf_type 'leaf' value found to reflect an undocumented default fill, not a verified classification; column retired in favor of structural binary flags (frond/cladode/phyllode/microphyll) plus functional_leaf"
Restio subverticellatus,Ischyrolepis subverticillata,Restio subverticillatus,leaf,culm_stem,1,2026-08-11,"leaf_type 'leaf' value found to reflect an undocumented default fill, not a verified classification; column retired in favor of structural binary flags (frond/cladode/phyllode/microphyll) plus functional_leaf"
Restio tenuispicatus,Calopsis filiformis,Restio tenuispicatus,leaf,culm_stem,1,2026-08-11,"leaf_type 'leaf' value found to reflect an undocumented default fill, not a verified classification; column retired in favor of structural binary flags (frond/cladode/phyllode/microphyll) plus functional_leaf"
Restio tenuissimus,Ischyrolepis tenuissima,Restio tenuissimus,leaf,culm_stem,1,2026-08-11,"leaf_type 'leaf' value found to reflect an undocumented default fill, not a verified classification; column retired in favor of structural binary flags (frond/cladode/phyllode/microphyll) plus functional_leaf"
Restio triticeus,Restio triticeus,Restio triticeus,leaf,culm_stem,1,2026-08-11,"leaf_type 'leaf' value found to reflect an undocumented default fill, not a verified classification; column retired in favor of structural binary flags (frond/cladode/phyllode/microphyll) plus functional_leaf"
Restio unispicatus,Ischyrolepis unispicata,Restio unispicatus,leaf,culm_stem,1,2026-08-11,"leaf_type 'leaf' value found to reflect an undocumented default fill, not a verified classification; column retired in favor of structural binary flags (frond/cladode/phyllode/microphyll) plus functional_leaf"
Restio vallis-simius,Restio vallis-simius,Restio vallis-simius,leaf,culm_stem,1,2026-08-11,"leaf_type 'leaf' value found to reflect an undocumented default fill, not a verified classification; column retired in favor of structural binary flags (frond/cladode/phyllode/microphyll) plus functional_leaf"
Restio versatilis,Restio versatilis,Restio versatilis,leaf,culm_stem,1,2026-08-11,"leaf_type 'leaf' value found to reflect an undocumented default fill, not a verified classification; column retired in favor of structural binary flags (frond/cladode/phyllode/microphyll) plus functional_leaf"
Restio vimineus,Calopsis viminea,Restio vimineus,leaf,culm_stem,1,2026-08-11,"leaf_type 'leaf' value found to reflect an undocumented default fill, not a verified classification; column retired in favor of structural binary flags (frond/cladode/phyllode/microphyll) plus functional_leaf"
Restio virgeus,Ischyrolepis virgea,Restio virgeus,leaf,culm_stem,1,2026-08-11,"leaf_type 'leaf' value found to reflect an undocumented default fill, not a verified classification; column retired in favor of structural binary flags (frond/cladode/phyllode/microphyll) plus functional_leaf"
Retzia capensis,Retzia capensis,Retzia capensis,leaf,leaf,0,2026-08-11,"leaf_type 'leaf' value found to reflect an undocumented default fill, not a verified classification; column retired in favor of structural binary flags (frond/cladode/phyllode/microphyll) plus functional_leaf"
Rhodocoma capensis,Rhodocoma capensis,Rhodocoma capense,leaf,culm_stem,1,2026-08-11,"leaf_type 'leaf' value found to reflect an undocumented default fill, not a verified classification; column retired in favor of structural binary flags (frond/cladode/phyllode/microphyll) plus functional_leaf"
Rhodocoma fruticosa,Rhodocoma fruticosa,Rhodocoma fruticosa,leaf,culm_stem,1,2026-08-11,"leaf_type 'leaf' value found to reflect an undocumented default fill, not a verified classification; column retired in favor of structural binary flags (frond/cladode/phyllode/microphyll) plus functional_leaf"
Rhodocoma gigantea,Rhodocoma gigantea,Rhodocoma gigantea,leaf,culm_stem,1,2026-08-11,"leaf_type 'leaf' value found to reflect an undocumented default fill, not a verified classification; column retired in favor of structural binary flags (frond/cladode/phyllode/microphyll) plus functional_leaf"
Rhoicissus digitata,Rhoicissus digitata,Rhoicissus digitata,leaf,leaf,0,2026-08-11,"leaf_type 'leaf' value found to reflect an undocumented default fill, not a verified classification; column retired in favor of structural binary flags (frond/cladode/phyllode/microphyll) plus functional_leaf"
Rhynchosia capensis,Rhynchosia capensis,Rhynchosia capensis,leaf,leaf,0,2026-08-11,"leaf_type 'leaf' value found to reflect an undocumented default fill, not a verified classification; column retired in favor of structural binary flags (frond/cladode/phyllode/microphyll) plus functional_leaf"
Rhynchosia ferulifolia,Rhynchosia ferulifolia,Rhynchosia ferulifolia,leaf,leaf,0,2026-08-11,"leaf_type 'leaf' value found to reflect an undocumented default fill, not a verified classification; column retired in favor of structural binary flags (frond/cladode/phyllode/microphyll) plus functional_leaf"
Rhynchosia leucoscias,Rhynchosia leucoscias,Rhynchosia leucoscias,leaf,leaf,0,2026-08-11,"leaf_type 'leaf' value found to reflect an undocumented default fill, not a verified classification; column retired in favor of structural binary flags (frond/cladode/phyllode/microphyll) plus functional_leaf"
Robsonodendron maritimum,Robsonodendron maritimum,Robsonodendron maritimum,leaf,leaf,0,2026-08-11,"leaf_type 'leaf' value found to reflect an undocumented default fill, not a verified classification; column retired in favor of structural binary flags (frond/cladode/phyllode/microphyll) plus functional_leaf"
Roella amplexicaulis,Roella amplexicaulis,Roella amplexicaulis,leaf,leaf,0,2026-08-11,"leaf_type 'leaf' value found to reflect an undocumented default fill, not a verified classification; column retired in favor of structural binary flags (frond/cladode/phyllode/microphyll) plus functional_leaf"
Roella ciliata,Roella ciliata,Roella ciliata,leaf,leaf,0,2026-08-11,"leaf_type 'leaf' value found to reflect an undocumented default fill, not a verified classification; column retired in favor of structural binary flags (frond/cladode/phyllode/microphyll) plus functional_leaf"
Roella compacta,Roella compacta,Roella compacta,leaf,leaf,0,2026-08-11,"leaf_type 'leaf' value found to reflect an undocumented default fill, not a verified classification; column retired in favor of structural binary flags (frond/cladode/phyllode/microphyll) plus functional_leaf"
Roella decurrens,Roella decurrens,Roella decurrens,leaf,leaf,0,2026-08-11,"leaf_type 'leaf' value found to reflect an undocumented default fill, not a verified classification; column retired in favor of structural binary flags (frond/cladode/phyllode/microphyll) plus functional_leaf"
Roella prostrata,Roella prostrata,Roella prostrata,leaf,leaf,0,2026-08-11,"leaf_type 'leaf' value found to reflect an undocumented default fill, not a verified classification; column retired in favor of structural binary flags (frond/cladode/phyllode/microphyll) plus functional_leaf"
Roella recurvata,Roella recurvata,Roella recurvata,leaf,leaf,0,2026-08-11,"leaf_type 'leaf' value found to reflect an undocumented default fill, not a verified classification; column retired in favor of structural binary flags (frond/cladode/phyllode/microphyll) plus functional_leaf"
Roella squarrosa,Roella squarrosa,Roella squarrosa,leaf,leaf,0,2026-08-11,"leaf_type 'leaf' value found to reflect an undocumented default fill, not a verified classification; column retired in favor of structural binary flags (frond/cladode/phyllode/microphyll) plus functional_leaf"
Roella triflora,Roella triflora,Roella triflora,leaf,leaf,0,2026-08-11,"leaf_type 'leaf' value found to reflect an undocumented default fill, not a verified classification; column retired in favor of structural binary flags (frond/cladode/phyllode/microphyll) plus functional_leaf"
Roepera flexuosa,Zygophyllum flexuosum,Roepera flexuosa,leaf,leaf,0,2026-08-11,"leaf_type 'leaf' value found to reflect an undocumented default fill, not a verified classification; column retired in favor of structural binary flags (frond/cladode/phyllode/microphyll) plus functional_leaf"
Roepera foetida,Zygophyllum foetidum,Roepera foetida,leaf,leaf,0,2026-08-11,"leaf_type 'leaf' value found to reflect an undocumented default fill, not a verified classification; column retired in favor of structural binary flags (frond/cladode/phyllode/microphyll) plus functional_leaf"
Roepera fulva,Zygophyllum fulvum,Roepera fulva,leaf,leaf,0,2026-08-11,"leaf_type 'leaf' value found to reflect an undocumented default fill, not a verified classification; column retired in favor of structural binary flags (frond/cladode/phyllode/microphyll) plus functional_leaf"
Roepera morgsana,Zygophyllum morgsana,Roepera morgsana,leaf,leaf,0,2026-08-11,"leaf_type 'leaf' value found to reflect an undocumented default fill, not a verified classification; column retired in favor of structural binary flags (frond/cladode/phyllode/microphyll) plus functional_leaf"
Roepera spinosa,Zygophyllum procumbens,Roepera spinosa,leaf,leaf,0,2026-08-11,"leaf_type 'leaf' value found to reflect an undocumented default fill, not a verified classification; column retired in favor of structural binary flags (frond/cladode/phyllode/microphyll) plus functional_leaf"
Rumohra adiantiformis,Rumohra adiantiformis,Rumohra adiantiformis,frond,leaf,0,2026-08-11,"leaf_type 'leaf' value found to reflect an undocumented default fill, not a verified classification; column retired in favor of structural binary flags (frond/cladode/phyllode/microphyll) plus functional_leaf"
Ruschia aspera,Ruschia aspera,Ruschia aspera,leaf,leaf,0,2026-08-11,"leaf_type 'leaf' value found to reflect an undocumented default fill, not a verified classification; column retired in favor of structural binary flags (frond/cladode/phyllode/microphyll) plus functional_leaf"
Ruschia decumbens,Ruschia decumbens,Ruschia decumbens,leaf,leaf,0,2026-08-11,"leaf_type 'leaf' value found to reflect an undocumented default fill, not a verified classification; column retired in favor of structural binary flags (frond/cladode/phyllode/microphyll) plus functional_leaf"
Ruschia dichroa,Ruschia dichroa,Ruschia dichroa,leaf,leaf,0,2026-08-11,"leaf_type 'leaf' value found to reflect an undocumented default fill, not a verified classification; column retired in favor of structural binary flags (frond/cladode/phyllode/microphyll) plus functional_leaf"
Ruschia fredericii,Ruschia fredericii,Ruschia frederici,leaf,leaf,0,2026-08-11,"leaf_type 'leaf' value found to reflect an undocumented default fill, not a verified classification; column retired in favor of structural binary flags (frond/cladode/phyllode/microphyll) plus functional_leaf"
Ruschia knysnana,Ruschia knysnana,Ruschia knysnana,leaf,leaf,0,2026-08-11,"leaf_type 'leaf' value found to reflect an undocumented default fill, not a verified classification; column retired in favor of structural binary flags (frond/cladode/phyllode/microphyll) plus functional_leaf"
Ruschia lineolata,Ruschia lineolata,Ruschia lineolata,leaf,leaf,0,2026-08-11,"leaf_type 'leaf' value found to reflect an undocumented default fill, not a verified classification; column retired in favor of structural binary flags (frond/cladode/phyllode/microphyll) plus functional_leaf"
Ruschia macowanii,Ruschia macowanii,Ruschia macowanii,leaf,leaf,0,2026-08-11,"leaf_type 'leaf' value found to reflect an undocumented default fill, not a verified classification; column retired in favor of structural binary flags (frond/cladode/phyllode/microphyll) plus functional_leaf"
Ruschia sarmentosa,Ruschia sarmentosa,Ruschia sarmentosa,leaf,leaf,0,2026-08-11,"leaf_type 'leaf' value found to reflect an undocumented default fill, not a verified classification; column retired in favor of structural binary flags (frond/cladode/phyllode/microphyll) plus functional_leaf"
Ruschia tardissima,Ruschia tardissima,Ruschia tardissima,leaf,leaf,0,2026-08-11,"leaf_type 'leaf' value found to reflect an undocumented default fill, not a verified classification; column retired in favor of structural binary flags (frond/cladode/phyllode/microphyll) plus functional_leaf"
Ruschia virgata,Ruschia virgata,Ruschia virgata,leaf,leaf,0,2026-08-11,"leaf_type 'leaf' value found to reflect an undocumented default fill, not a verified classification; column retired in favor of structural binary flags (frond/cladode/phyllode/microphyll) plus functional_leaf"
Salix mucronata,Salix mucronata,Salix mucronata,leaf,leaf,0,2026-08-11,"leaf_type 'leaf' value found to reflect an undocumented default fill, not a verified classification; column retired in favor of structural binary flags (frond/cladode/phyllode/microphyll) plus functional_leaf"
Saltera sarcocolla,Saltera sarcocolla,Penaea sarcocolla,leaf,leaf,0,2026-08-11,"leaf_type 'leaf' value found to reflect an undocumented default fill, not a verified classification; column retired in favor of structural binary flags (frond/cladode/phyllode/microphyll) plus functional_leaf"
Salvia africana-lutea,Salvia africana-lutea,Salvia aurea,leaf,leaf,0,2026-08-11,"leaf_type 'leaf' value found to reflect an undocumented default fill, not a verified classification; column retired in favor of structural binary flags (frond/cladode/phyllode/microphyll) plus functional_leaf"
Salvia albicaulis,Salvia albicaulis,Salvia albicaulis,leaf,leaf,0,2026-08-11,"leaf_type 'leaf' value found to reflect an undocumented default fill, not a verified classification; column retired in favor of structural binary flags (frond/cladode/phyllode/microphyll) plus functional_leaf"
Samolus valerandi,Samolus valerandi,Samolus valerandi,leaf,leaf,0,2026-08-11,"leaf_type 'leaf' value found to reflect an undocumented default fill, not a verified classification; column retired in favor of structural binary flags (frond/cladode/phyllode/microphyll) plus functional_leaf"
Sarcostemma viminale,Sarcostemma viminale,Cynanchum viminale,leaf,culm_stem,1,2026-08-11,"leaf_type 'leaf' value found to reflect an undocumented default fill, not a verified classification; column retired in favor of structural binary flags (frond/cladode/phyllode/microphyll) plus functional_leaf"
Satyrium longicolle,Satyrium longicolle,Satyrium longicolle,leaf,leaf,0,2026-08-11,"leaf_type 'leaf' value found to reflect an undocumented default fill, not a verified classification; column retired in favor of structural binary flags (frond/cladode/phyllode/microphyll) plus functional_leaf"
Satyrium odorum,Satyrium odorum,Satyrium odorum,leaf,leaf,0,2026-08-11,"leaf_type 'leaf' value found to reflect an undocumented default fill, not a verified classification; column retired in favor of structural binary flags (frond/cladode/phyllode/microphyll) plus functional_leaf"
Satyrium stenopetalum,Satyrium stenopetalum,Satyrium stenopetalum,leaf,leaf,0,2026-08-11,"leaf_type 'leaf' value found to reflect an undocumented default fill, not a verified classification; column retired in favor of structural binary flags (frond/cladode/phyllode/microphyll) plus functional_leaf"
Scabiosa africana,Scabiosa africana,Scabiosa africana,leaf,leaf,0,2026-08-11,"leaf_type 'leaf' value found to reflect an undocumented default fill, not a verified classification; column retired in favor of structural binary flags (frond/cladode/phyllode/microphyll) plus functional_leaf"
Scabiosa columbaria,Scabiosa columbaria,Scabiosa columbaria,leaf,leaf,0,2026-08-11,"leaf_type 'leaf' value found to reflect an undocumented default fill, not a verified classification; column retired in favor of structural binary flags (frond/cladode/phyllode/microphyll) plus functional_leaf"
Schizaea pectinata,Schizaea pectinata,Schizaea pectinata,frond,leaf,0,2026-08-11,"leaf_type 'leaf' value found to reflect an undocumented default fill, not a verified classification; column retired in favor of structural binary flags (frond/cladode/phyllode/microphyll) plus functional_leaf"
Schizoglossum aschersonianum,Schizoglossum aschersonianum,Schizoglossum aschersonianum,leaf,leaf,0,2026-08-11,"leaf_type 'leaf' value found to reflect an undocumented default fill, not a verified classification; column retired in favor of structural binary flags (frond/cladode/phyllode/microphyll) plus functional_leaf"
Schoenoxiphium ecklonii,Schoenoxiphium ecklonii,Carex capensis,leaf,leaf,0,2026-08-11,"leaf_type 'leaf' value found to reflect an undocumented default fill, not a verified classification; column retired in favor of structural binary flags (frond/cladode/phyllode/microphyll) plus functional_leaf"
Schoenoxiphium lanceum,Schoenoxiphium lanceum,Carex lancea,leaf,leaf,0,2026-08-11,"leaf_type 'leaf' value found to reflect an undocumented default fill, not a verified classification; column retired in favor of structural binary flags (frond/cladode/phyllode/microphyll) plus functional_leaf"
Schotia latifolia,Schotia latifolia,Schotia latifolia,leaf,leaf,0,2026-08-11,"leaf_type 'leaf' value found to reflect an undocumented default fill, not a verified classification; column retired in favor of structural binary flags (frond/cladode/phyllode/microphyll) plus functional_leaf"
Searsia angustifolia,Rhus angustifolia,Searsia angustifolia,leaf,leaf,0,2026-08-11,"leaf_type 'leaf' value found to reflect an undocumented default fill, not a verified classification; column retired in favor of structural binary flags (frond/cladode/phyllode/microphyll) plus functional_leaf"
Searsia dentata,Rhus dentata,Searsia dentata,leaf,leaf,0,2026-08-11,"leaf_type 'leaf' value found to reflect an undocumented default fill, not a verified classification; column retired in favor of structural binary flags (frond/cladode/phyllode/microphyll) plus functional_leaf"
Searsia dissecta,Searsia dissecta,Searsia dissecta,leaf,leaf,0,2026-08-11,"leaf_type 'leaf' value found to reflect an undocumented default fill, not a verified classification; column retired in favor of structural binary flags (frond/cladode/phyllode/microphyll) plus functional_leaf"
Searsia glauca,Rhus glauca,Searsia glauca,leaf,leaf,0,2026-08-11,"leaf_type 'leaf' value found to reflect an undocumented default fill, not a verified classification; column retired in favor of structural binary flags (frond/cladode/phyllode/microphyll) plus functional_leaf"
Searsia incisa,Rhus incisa,Searsia incisa,leaf,leaf,0,2026-08-11,"leaf_type 'leaf' value found to reflect an undocumented default fill, not a verified classification; column retired in favor of structural binary flags (frond/cladode/phyllode/microphyll) plus functional_leaf"
Searsia laevigata,Rhus laevigata,Searsia laevigata,leaf,leaf,0,2026-08-11,"leaf_type 'leaf' value found to reflect an undocumented default fill, not a verified classification; column retired in favor of structural binary flags (frond/cladode/phyllode/microphyll) plus functional_leaf"
Searsia longispina,Rhus longispina,Searsia longispina,leaf,leaf,0,2026-08-11,"leaf_type 'leaf' value found to reflect an undocumented default fill, not a verified classification; column retired in favor of structural binary flags (frond/cladode/phyllode/microphyll) plus functional_leaf"
Searsia lucida,Rhus lucida,Searsia lucida,leaf,leaf,0,2026-08-11,"leaf_type 'leaf' value found to reflect an undocumented default fill, not a verified classification; column retired in favor of structural binary flags (frond/cladode/phyllode/microphyll) plus functional_leaf"
Searsia pallens,Rhus pallens,Searsia pallens,leaf,leaf,0,2026-08-11,"leaf_type 'leaf' value found to reflect an undocumented default fill, not a verified classification; column retired in favor of structural binary flags (frond/cladode/phyllode/microphyll) plus functional_leaf"
Searsia rimosa,Rhus rimosa,Searsia rimosa,leaf,leaf,0,2026-08-11,"leaf_type 'leaf' value found to reflect an undocumented default fill, not a verified classification; column retired in favor of structural binary flags (frond/cladode/phyllode/microphyll) plus functional_leaf"
Searsia rosmarinifolia,Rhus rosmarinifolia,Searsia rosmarinifolia,leaf,leaf,0,2026-08-11,"leaf_type 'leaf' value found to reflect an undocumented default fill, not a verified classification; column retired in favor of structural binary flags (frond/cladode/phyllode/microphyll) plus functional_leaf"
Searsia scytophylla,Rhus scytophylla,Searsia scytophylla,leaf,leaf,0,2026-08-11,"leaf_type 'leaf' value found to reflect an undocumented default fill, not a verified classification; column retired in favor of structural binary flags (frond/cladode/phyllode/microphyll) plus functional_leaf"
Searsia tomentosa,Rhus tomentosa,Searsia tomentosa,leaf,leaf,0,2026-08-11,"leaf_type 'leaf' value found to reflect an undocumented default fill, not a verified classification; column retired in favor of structural binary flags (frond/cladode/phyllode/microphyll) plus functional_leaf"
Searsia undulata,Rhus undulata,Searsia undulata,leaf,leaf,0,2026-08-11,"leaf_type 'leaf' value found to reflect an undocumented default fill, not a verified classification; column retired in favor of structural binary flags (frond/cladode/phyllode/microphyll) plus functional_leaf"
Sebaea aurea,Sebaea aurea,Sebaea aurea,leaf,leaf,0,2026-08-11,"leaf_type 'leaf' value found to reflect an undocumented default fill, not a verified classification; column retired in favor of structural binary flags (frond/cladode/phyllode/microphyll) plus functional_leaf"
Sebaea capitata,Sebaea capitata,Sebaea capitata,leaf,leaf,0,2026-08-11,"leaf_type 'leaf' value found to reflect an undocumented default fill, not a verified classification; column retired in favor of structural binary flags (frond/cladode/phyllode/microphyll) plus functional_leaf"
Sebaea exacoides,Sebaea exacoides,Sebaea exacoides,leaf,leaf,0,2026-08-11,"leaf_type 'leaf' value found to reflect an undocumented default fill, not a verified classification; column retired in favor of structural binary flags (frond/cladode/phyllode/microphyll) plus functional_leaf"
Sebaea stricta,Sebaea stricta,Sebaea stricta,leaf,leaf,0,2026-08-11,"leaf_type 'leaf' value found to reflect an undocumented default fill, not a verified classification; column retired in favor of structural binary flags (frond/cladode/phyllode/microphyll) plus functional_leaf"
Sebaea sulphurea,Sebaea sulphurea,Sebaea sulphurea,leaf,leaf,0,2026-08-11,"leaf_type 'leaf' value found to reflect an undocumented default fill, not a verified classification; column retired in favor of structural binary flags (frond/cladode/phyllode/microphyll) plus functional_leaf"
Sebaea zeyheri,Sebaea zeyheri,Sebaea zeyheri,leaf,leaf,0,2026-08-11,"leaf_type 'leaf' value found to reflect an undocumented default fill, not a verified classification; column retired in favor of structural binary flags (frond/cladode/phyllode/microphyll) plus functional_leaf"
Secamone alpini,Secamone alpini,Secamone alpini,leaf,leaf,0,2026-08-11,"leaf_type 'leaf' value found to reflect an undocumented default fill, not a verified classification; column retired in favor of structural binary flags (frond/cladode/phyllode/microphyll) plus functional_leaf"
Selago brevifolia,Selago brevifolia,Selago brevifolia,leaf,leaf,0,2026-08-11,"leaf_type 'leaf' value found to reflect an undocumented default fill, not a verified classification; column retired in favor of structural binary flags (frond/cladode/phyllode/microphyll) plus functional_leaf"
Selago canescens,Selago canescens,Selago canescens,leaf,leaf,0,2026-08-11,"leaf_type 'leaf' value found to reflect an undocumented default fill, not a verified classification; column retired in favor of structural binary flags (frond/cladode/phyllode/microphyll) plus functional_leaf"
Selago corymbosa,Selago corymbosa,Selago corymbosa,leaf,leaf,0,2026-08-11,"leaf_type 'leaf' value found to reflect an undocumented default fill, not a verified classification; column retired in favor of structural binary flags (frond/cladode/phyllode/microphyll) plus functional_leaf"
Selago glomerata,Selago glomerata,Selago glomerata,leaf,leaf,0,2026-08-11,"leaf_type 'leaf' value found to reflect an undocumented default fill, not a verified classification; column retired in favor of structural binary flags (frond/cladode/phyllode/microphyll) plus functional_leaf"
Selago glutinosa,Selago glutinosa,Selago glutinosa,leaf,leaf,0,2026-08-11,"leaf_type 'leaf' value found to reflect an undocumented default fill, not a verified classification; column retired in favor of structural binary flags (frond/cladode/phyllode/microphyll) plus functional_leaf"
Selago lamprocarpa,Selago lamprocarpa,Selago lamprocarpa,leaf,leaf,0,2026-08-11,"leaf_type 'leaf' value found to reflect an undocumented default fill, not a verified classification; column retired in favor of structural binary flags (frond/cladode/phyllode/microphyll) plus functional_leaf"
Selago levynsiae,Selago scabrida,Selago levynsiae,leaf,leaf,0,2026-08-11,"leaf_type 'leaf' value found to reflect an undocumented default fill, not a verified classification; column retired in favor of structural binary flags (frond/cladode/phyllode/microphyll) plus functional_leaf"
Selago pustulosa,Selago pustulosa,Selago pustulosa,leaf,leaf,0,2026-08-11,"leaf_type 'leaf' value found to reflect an undocumented default fill, not a verified classification; column retired in favor of structural binary flags (frond/cladode/phyllode/microphyll) plus functional_leaf"
Senecio acaulis,Senecio acaulis,Senecio acaulis,leaf,leaf,0,2026-08-11,"leaf_type 'leaf' value found to reflect an undocumented default fill, not a verified classification; column retired in favor of structural binary flags (frond/cladode/phyllode/microphyll) plus functional_leaf"
Senecio albanensis,Senecio albanensis,Senecio albanensis,leaf,leaf,0,2026-08-11,"leaf_type 'leaf' value found to reflect an undocumented default fill, not a verified classification; column retired in favor of structural binary flags (frond/cladode/phyllode/microphyll) plus functional_leaf"
Senecio arenarius,Senecio arenarius,Senecio arenarius,leaf,leaf,0,2026-08-11,"leaf_type 'leaf' value found to reflect an undocumented default fill, not a verified classification; column retired in favor of structural binary flags (frond/cladode/phyllode/microphyll) plus functional_leaf"
Senecio arniciflorus,Senecio arniciflorus,Senecio arniciflorus,leaf,leaf,0,2026-08-11,"leaf_type 'leaf' value found to reflect an undocumented default fill, not a verified classification; column retired in favor of structural binary flags (frond/cladode/phyllode/microphyll) plus functional_leaf"
Senecio bipinnatus,Senecio bipinnatus,Senecio bipinnatus,leaf,leaf,0,2026-08-11,"leaf_type 'leaf' value found to reflect an undocumented default fill, not a verified classification; column retired in favor of structural binary flags (frond/cladode/phyllode/microphyll) plus functional_leaf"
Senecio burchellii,Senecio burchellii,Senecio burchellii,leaf,leaf,0,2026-08-11,"leaf_type 'leaf' value found to reflect an undocumented default fill, not a verified classification; column retired in favor of structural binary flags (frond/cladode/phyllode/microphyll) plus functional_leaf"
Senecio chrysocoma,Senecio chrysocoma,Senecio chrysocoma,leaf,leaf,0,2026-08-11,"leaf_type 'leaf' value found to reflect an undocumented default fill, not a verified classification; column retired in favor of structural binary flags (frond/cladode/phyllode/microphyll) plus functional_leaf"
Senecio cordifolius,Senecio cordifolius,Senecio cordifolius,leaf,leaf,0,2026-08-11,"leaf_type 'leaf' value found to reflect an undocumented default fill, not a verified classification; column retired in favor of structural binary flags (frond/cladode/phyllode/microphyll) plus functional_leaf"
Senecio crassiusculus,Senecio crassiusculus,Senecio crassiusculus,leaf,leaf,0,2026-08-11,"leaf_type 'leaf' value found to reflect an undocumented default fill, not a verified classification; column retired in favor of structural binary flags (frond/cladode/phyllode/microphyll) plus functional_leaf"
Senecio crassulifolius,Senecio crassulaefolius,Senecio crassulifolius,leaf,leaf,0,2026-08-11,"leaf_type 'leaf' value found to reflect an undocumented default fill, not a verified classification; column retired in favor of structural binary flags (frond/cladode/phyllode/microphyll) plus functional_leaf"
Senecio crenatus,Senecio crenatus,Senecio crenatus,leaf,leaf,0,2026-08-11,"leaf_type 'leaf' value found to reflect an undocumented default fill, not a verified classification; column retired in favor of structural binary flags (frond/cladode/phyllode/microphyll) plus functional_leaf"
Senecio crenulatus,Senecio crenulatus,Senecio crenulatus,leaf,leaf,0,2026-08-11,"leaf_type 'leaf' value found to reflect an undocumented default fill, not a verified classification; column retired in favor of structural binary flags (frond/cladode/phyllode/microphyll) plus functional_leaf"
Senecio elegans,Senecio elegans,Senecio elegans,leaf,leaf,0,2026-08-11,"leaf_type 'leaf' value found to reflect an undocumented default fill, not a verified classification; column retired in favor of structural binary flags (frond/cladode/phyllode/microphyll) plus functional_leaf"
Senecio erosus,Senecio erosus,Senecio erosus,leaf,leaf,0,2026-08-11,"leaf_type 'leaf' value found to reflect an undocumented default fill, not a verified classification; column retired in favor of structural binary flags (frond/cladode/phyllode/microphyll) plus functional_leaf"
Senecio ficoides,Senecio ficoides,Senecio ficoides,leaf,leaf,0,2026-08-11,"leaf_type 'leaf' value found to reflect an undocumented default fill, not a verified classification; column retired in favor of structural binary flags (frond/cladode/phyllode/microphyll) plus functional_leaf"
Senecio gramineus,Senecio gramineus,Senecio gramineus,leaf,leaf,0,2026-08-11,"leaf_type 'leaf' value found to reflect an undocumented default fill, not a verified classification; column retired in favor of structural binary flags (frond/cladode/phyllode/microphyll) plus functional_leaf"
Senecio halimifolius,Senecio halimifolius,Senecio halimifolius,leaf,leaf,0,2026-08-11,"leaf_type 'leaf' value found to reflect an undocumented default fill, not a verified classification; column retired in favor of structural binary flags (frond/cladode/phyllode/microphyll) plus functional_leaf"
Senecio hastatus,Senecio hastatus,Senecio hastatus,leaf,leaf,0,2026-08-11,"leaf_type 'leaf' value found to reflect an undocumented default fill, not a verified classification; column retired in favor of structural binary flags (frond/cladode/phyllode/microphyll) plus functional_leaf"
Senecio hollandii,Senecio hollandii,Senecio hollandii,leaf,leaf,0,2026-08-11,"leaf_type 'leaf' value found to reflect an undocumented default fill, not a verified classification; column retired in favor of structural binary flags (frond/cladode/phyllode/microphyll) plus functional_leaf"
Senecio ilicifolius,Senecio ilicifolius,Senecio ilicifolius,leaf,leaf,0,2026-08-11,"leaf_type 'leaf' value found to reflect an undocumented default fill, not a verified classification; column retired in favor of structural binary flags (frond/cladode/phyllode/microphyll) plus functional_leaf"
Senecio incertus,Senecio tuberosus,Senecio tuberosus,leaf,leaf,0,2026-08-11,"leaf_type 'leaf' value found to reflect an undocumented default fill, not a verified classification; column retired in favor of structural binary flags (frond/cladode/phyllode/microphyll) plus functional_leaf"
Senecio lanifer,Senecio lanifer,Senecio lanifer,leaf,leaf,0,2026-08-11,"leaf_type 'leaf' value found to reflect an undocumented default fill, not a verified classification; column retired in favor of structural binary flags (frond/cladode/phyllode/microphyll) plus functional_leaf"
Senecio lineatus,Senecio lineatus,Senecio lineatus,leaf,leaf,0,2026-08-11,"leaf_type 'leaf' value found to reflect an undocumented default fill, not a verified classification; column retired in favor of structural binary flags (frond/cladode/phyllode/microphyll) plus functional_leaf"
Senecio linifolius,Senecio linifolius,Senecio linifolius,leaf,leaf,0,2026-08-11,"leaf_type 'leaf' value found to reflect an undocumented default fill, not a verified classification; column retired in favor of structural binary flags (frond/cladode/phyllode/microphyll) plus functional_leaf"
Senecio othonniflorus,Senecio othonniflorus,Senecio othonniflorus,leaf,leaf,0,2026-08-11,"leaf_type 'leaf' value found to reflect an undocumented default fill, not a verified classification; column retired in favor of structural binary flags (frond/cladode/phyllode/microphyll) plus functional_leaf"
Senecio paniculatus,Senecio paniculatus,Senecio paniculatus,leaf,leaf,0,2026-08-11,"leaf_type 'leaf' value found to reflect an undocumented default fill, not a verified classification; column retired in favor of structural binary flags (frond/cladode/phyllode/microphyll) plus functional_leaf"
Senecio pauciflosculosus,Senecio pauciflosculosus,Senecio pauciflosculosus,leaf,leaf,0,2026-08-11,"leaf_type 'leaf' value found to reflect an undocumented default fill, not a verified classification; column retired in favor of structural binary flags (frond/cladode/phyllode/microphyll) plus functional_leaf"
Senecio pinifolius,Senecio pinifolius,Senecio pinifolius,leaf,leaf,0,2026-08-11,"leaf_type 'leaf' value found to reflect an undocumented default fill, not a verified classification; column retired in favor of structural binary flags (frond/cladode/phyllode/microphyll) plus functional_leaf"
Senecio pinnatifidus,Senecio pinnatifidus,Senecio pinnatifidus,leaf,leaf,0,2026-08-11,"leaf_type 'leaf' value found to reflect an undocumented default fill, not a verified classification; column retired in favor of structural binary flags (frond/cladode/phyllode/microphyll) plus functional_leaf"
Senecio pterophorus,Senecio pterophorus,Senecio pterophorus,leaf,leaf,0,2026-08-11,"leaf_type 'leaf' value found to reflect an undocumented default fill, not a verified classification; column retired in favor of structural binary flags (frond/cladode/phyllode/microphyll) plus functional_leaf"
Senecio pubigerus,Senecio pubigerus,Senecio pubigerus,leaf,leaf,0,2026-08-11,"leaf_type 'leaf' value found to reflect an undocumented default fill, not a verified classification; column retired in favor of structural binary flags (frond/cladode/phyllode/microphyll) plus functional_leaf"
Senecio purpureus,Senecio purpureus,Senecio purpureus,leaf,leaf,0,2026-08-11,"leaf_type 'leaf' value found to reflect an undocumented default fill, not a verified classification; column retired in favor of structural binary flags (frond/cladode/phyllode/microphyll) plus functional_leaf"
Senecio repandus,Senecio repandus,Senecio repandus,leaf,leaf,0,2026-08-11,"leaf_type 'leaf' value found to reflect an undocumented default fill, not a verified classification; column retired in favor of structural binary flags (frond/cladode/phyllode/microphyll) plus functional_leaf"
Senecio rosmarinifolius,Senecio rosmarinifolius,Senecio rosmarinifolius,leaf,leaf,0,2026-08-11,"leaf_type 'leaf' value found to reflect an undocumented default fill, not a verified classification; column retired in favor of structural binary flags (frond/cladode/phyllode/microphyll) plus functional_leaf"
Senecio triqueter,Senecio triqueter,Senecio triqueter,leaf,leaf,0,2026-08-11,"leaf_type 'leaf' value found to reflect an undocumented default fill, not a verified classification; column retired in favor of structural binary flags (frond/cladode/phyllode/microphyll) plus functional_leaf"
Senecio umbellatus,Senecio umbellatus,Senecio umbellatus,leaf,leaf,0,2026-08-11,"leaf_type 'leaf' value found to reflect an undocumented default fill, not a verified classification; column retired in favor of structural binary flags (frond/cladode/phyllode/microphyll) plus functional_leaf"
Senecio vestitus,Senecio vestitus,Senecio vestitus,leaf,leaf,0,2026-08-11,"leaf_type 'leaf' value found to reflect an undocumented default fill, not a verified classification; column retired in favor of structural binary flags (frond/cladode/phyllode/microphyll) plus functional_leaf"
Serruria adscendens,Serruria adscendens,Serruria adscendens,leaf,leaf,0,2026-08-11,"leaf_type 'leaf' value found to reflect an undocumented default fill, not a verified classification; column retired in favor of structural binary flags (frond/cladode/phyllode/microphyll) plus functional_leaf"
Serruria aitonii,Serruria aitonii,Serruria aitonii,leaf,leaf,0,2026-08-11,"leaf_type 'leaf' value found to reflect an undocumented default fill, not a verified classification; column retired in favor of structural binary flags (frond/cladode/phyllode/microphyll) plus functional_leaf"
Serruria balanocephala,Serruria balanocephala,Serruria balanocephala,leaf,leaf,0,2026-08-11,"leaf_type 'leaf' value found to reflect an undocumented default fill, not a verified classification; column retired in favor of structural binary flags (frond/cladode/phyllode/microphyll) plus functional_leaf"
Serruria decumbens,Serruria decumbens,Serruria decumbens,leaf,leaf,0,2026-08-11,"leaf_type 'leaf' value found to reflect an undocumented default fill, not a verified classification; column retired in favor of structural binary flags (frond/cladode/phyllode/microphyll) plus functional_leaf"
Serruria effusa,Serruria effusa,Serruria effusa,leaf,leaf,0,2026-08-11,"leaf_type 'leaf' value found to reflect an undocumented default fill, not a verified classification; column retired in favor of structural binary flags (frond/cladode/phyllode/microphyll) plus functional_leaf"
Serruria elongata,Serruria elongata,Serruria elongata,leaf,leaf,0,2026-08-11,"leaf_type 'leaf' value found to reflect an undocumented default fill, not a verified classification; column retired in favor of structural binary flags (frond/cladode/phyllode/microphyll) plus functional_leaf"
Serruria fasciflora,Serruria fasciflora,Serruria fasciflora,leaf,leaf,0,2026-08-11,"leaf_type 'leaf' value found to reflect an undocumented default fill, not a verified classification; column retired in favor of structural binary flags (frond/cladode/phyllode/microphyll) plus functional_leaf"
Serruria glomerata,Serruria glomerata,Serruria glomerata,leaf,leaf,0,2026-08-11,"leaf_type 'leaf' value found to reflect an undocumented default fill, not a verified classification; column retired in favor of structural binary flags (frond/cladode/phyllode/microphyll) plus functional_leaf"
Serruria leipoldtii,Serruria leipoldtii,Serruria leipoldtii,leaf,leaf,0,2026-08-11,"leaf_type 'leaf' value found to reflect an undocumented default fill, not a verified classification; column retired in favor of structural binary flags (frond/cladode/phyllode/microphyll) plus functional_leaf"
Serruria villosa,Serruria villosa,Serruria villosa,leaf,leaf,0,2026-08-11,"leaf_type 'leaf' value found to reflect an undocumented default fill, not a verified classification; column retired in favor of structural binary flags (frond/cladode/phyllode/microphyll) plus functional_leaf"
Setaria sphacelata,Setaria sphacelata,Setaria sphacelata,leaf,leaf,0,2026-08-11,"leaf_type 'leaf' value found to reflect an undocumented default fill, not a verified classification; column retired in favor of structural binary flags (frond/cladode/phyllode/microphyll) plus functional_leaf"
Sideroxylon inerme,Sideroxylon inerme,Sideroxylon inerme,leaf,leaf,0,2026-08-11,"leaf_type 'leaf' value found to reflect an undocumented default fill, not a verified classification; column retired in favor of structural binary flags (frond/cladode/phyllode/microphyll) plus functional_leaf"
Silene undulata,Silene undulata,Silene undulata,leaf,leaf,0,2026-08-11,"leaf_type 'leaf' value found to reflect an undocumented default fill, not a verified classification; column retired in favor of structural binary flags (frond/cladode/phyllode/microphyll) plus functional_leaf"
Smelophyllum capense,Smelophyllum capense,Smelophyllum capense,leaf,leaf,0,2026-08-11,"leaf_type 'leaf' value found to reflect an undocumented default fill, not a verified classification; column retired in favor of structural binary flags (frond/cladode/phyllode/microphyll) plus functional_leaf"
Solanum guineense,Solanum guineense,Solanum guineense,leaf,leaf,0,2026-08-11,"leaf_type 'leaf' value found to reflect an undocumented default fill, not a verified classification; column retired in favor of structural binary flags (frond/cladode/phyllode/microphyll) plus functional_leaf"
Solanum tomentosum,Solanum tomentosum,Solanum tomentosum,leaf,leaf,0,2026-08-11,"leaf_type 'leaf' value found to reflect an undocumented default fill, not a verified classification; column retired in favor of structural binary flags (frond/cladode/phyllode/microphyll) plus functional_leaf"
Sonderothamnus petraeus,Sonderothamnus petraeus,Penaea petraea,leaf,leaf,0,2026-08-11,"leaf_type 'leaf' value found to reflect an undocumented default fill, not a verified classification; column retired in favor of structural binary flags (frond/cladode/phyllode/microphyll) plus functional_leaf"
Soroveta ambigua,Restio ambiguus,Soroveta ambigua,leaf,culm_stem,1,2026-08-11,"leaf_type 'leaf' value found to reflect an undocumented default fill, not a verified classification; column retired in favor of structural binary flags (frond/cladode/phyllode/microphyll) plus functional_leaf"
Spatalla colorata,Spatalla colorata,Spatalla colorata,leaf,leaf,0,2026-08-11,"leaf_type 'leaf' value found to reflect an undocumented default fill, not a verified classification; column retired in favor of structural binary flags (frond/cladode/phyllode/microphyll) plus functional_leaf"
Spatalla incurva,Spatalla incurva,Spatalla incurva,leaf,leaf,0,2026-08-11,"leaf_type 'leaf' value found to reflect an undocumented default fill, not a verified classification; column retired in favor of structural binary flags (frond/cladode/phyllode/microphyll) plus functional_leaf"
Spatalla nubicola,Spatalla nubicola,Spatalla nubicola,leaf,leaf,0,2026-08-11,"leaf_type 'leaf' value found to reflect an undocumented default fill, not a verified classification; column retired in favor of structural binary flags (frond/cladode/phyllode/microphyll) plus functional_leaf"
Spatalla parilis,Spatalla parilis,Spatalla parilis,leaf,leaf,0,2026-08-11,"leaf_type 'leaf' value found to reflect an undocumented default fill, not a verified classification; column retired in favor of structural binary flags (frond/cladode/phyllode/microphyll) plus functional_leaf"
Spergularia media,Spergularia media,Spergularia media,leaf,leaf,0,2026-08-11,"leaf_type 'leaf' value found to reflect an undocumented default fill, not a verified classification; column retired in favor of structural binary flags (frond/cladode/phyllode/microphyll) plus functional_leaf"
Spiloxene capensis,Spiloxene capensis,Pauridia capensis,leaf,leaf,0,2026-08-11,"leaf_type 'leaf' value found to reflect an undocumented default fill, not a verified classification; column retired in favor of structural binary flags (frond/cladode/phyllode/microphyll) plus functional_leaf"
Sporobolus africanus,Sporobolus africanus,Sporobolus africanus,leaf,leaf,0,2026-08-11,"leaf_type 'leaf' value found to reflect an undocumented default fill, not a verified classification; column retired in favor of structural binary flags (frond/cladode/phyllode/microphyll) plus functional_leaf"
Sporobolus virginicus,Sporobolus virginicus,Sporobolus virginicus,leaf,leaf,0,2026-08-11,"leaf_type 'leaf' value found to reflect an undocumented default fill, not a verified classification; column retired in favor of structural binary flags (frond/cladode/phyllode/microphyll) plus functional_leaf"
Staavia radiata,Staavia radiata,Staavia radiata,leaf,leaf,0,2026-08-11,"leaf_type 'leaf' value found to reflect an undocumented default fill, not a verified classification; column retired in favor of structural binary flags (frond/cladode/phyllode/microphyll) plus functional_leaf"
Staberoha aemula,Staberoha aemula,Staberoha aemula,leaf,culm_stem,1,2026-08-11,"leaf_type 'leaf' value found to reflect an undocumented default fill, not a verified classification; column retired in favor of structural binary flags (frond/cladode/phyllode/microphyll) plus functional_leaf"
Staberoha banksii,Staberoha banksii,Staberoha banksii,leaf,culm_stem,1,2026-08-11,"leaf_type 'leaf' value found to reflect an undocumented default fill, not a verified classification; column retired in favor of structural binary flags (frond/cladode/phyllode/microphyll) plus functional_leaf"
Staberoha cernua,Staberoha cernua,Staberoha cernua,leaf,culm_stem,1,2026-08-11,"leaf_type 'leaf' value found to reflect an undocumented default fill, not a verified classification; column retired in favor of structural binary flags (frond/cladode/phyllode/microphyll) plus functional_leaf"
Staberoha distachyos,Staberoha distachyos,Staberoha distachyos,leaf,culm_stem,1,2026-08-11,"leaf_type 'leaf' value found to reflect an undocumented default fill, not a verified classification; column retired in favor of structural binary flags (frond/cladode/phyllode/microphyll) plus functional_leaf"
Stachys aethiopica,Stachys aethiopica,Stachys aethiopica,leaf,leaf,0,2026-08-11,"leaf_type 'leaf' value found to reflect an undocumented default fill, not a verified classification; column retired in favor of structural binary flags (frond/cladode/phyllode/microphyll) plus functional_leaf"
Stachys rugosa,Stachys rugosa,Stachys rugosa,leaf,leaf,0,2026-08-11,"leaf_type 'leaf' value found to reflect an undocumented default fill, not a verified classification; column retired in favor of structural binary flags (frond/cladode/phyllode/microphyll) plus functional_leaf"
Stellaria media,Stellaria media,Stellaria media,leaf,leaf,0,2026-08-11,"leaf_type 'leaf' value found to reflect an undocumented default fill, not a verified classification; column retired in favor of structural binary flags (frond/cladode/phyllode/microphyll) plus functional_leaf"
Stenotaphrum secundatum,Stenotaphrum secundatum,Stenotaphrum secundatum,leaf,leaf,0,2026-08-11,"leaf_type 'leaf' value found to reflect an undocumented default fill, not a verified classification; column retired in favor of structural binary flags (frond/cladode/phyllode/microphyll) plus functional_leaf"
Stilbe ericoides,Stilbe ericoides,Stilbe ericoides,leaf,leaf,0,2026-08-11,"leaf_type 'leaf' value found to reflect an undocumented default fill, not a verified classification; column retired in favor of structural binary flags (frond/cladode/phyllode/microphyll) plus functional_leaf"
Stilbe vestita,Stilbe vestita,Stilbe vestita,leaf,leaf,0,2026-08-11,"leaf_type 'leaf' value found to reflect an undocumented default fill, not a verified classification; column retired in favor of structural binary flags (frond/cladode/phyllode/microphyll) plus functional_leaf"
Stipa dregeana,Stipa dregeana,Stipa dregeana,leaf,leaf,0,2026-08-11,"leaf_type 'leaf' value found to reflect an undocumented default fill, not a verified classification; column retired in favor of structural binary flags (frond/cladode/phyllode/microphyll) plus functional_leaf"
Stipagrostis zeyheri,Stipagrostis zeyheri,Stipagrostis zeyheri,leaf,leaf,0,2026-08-11,"leaf_type 'leaf' value found to reflect an undocumented default fill, not a verified classification; column retired in favor of structural binary flags (frond/cladode/phyllode/microphyll) plus functional_leaf"
Stoebe aethiopica,Stoebe aethiopica,Stoebe aethiopica,leaf,leaf,0,2026-08-11,"leaf_type 'leaf' value found to reflect an undocumented default fill, not a verified classification; column retired in favor of structural binary flags (frond/cladode/phyllode/microphyll) plus functional_leaf"
Stoebe alopecuroides,Stoebe alopecuroides,Stoebe alopecuroides,leaf,leaf,0,2026-08-11,"leaf_type 'leaf' value found to reflect an undocumented default fill, not a verified classification; column retired in favor of structural binary flags (frond/cladode/phyllode/microphyll) plus functional_leaf"
Stoebe capitata,Stoebe capitata,Stoebe capitata,leaf,leaf,0,2026-08-11,"leaf_type 'leaf' value found to reflect an undocumented default fill, not a verified classification; column retired in favor of structural binary flags (frond/cladode/phyllode/microphyll) plus functional_leaf"
Stoebe cinerea,Stoebe cinerea,Stoebe cinerea,leaf,leaf,0,2026-08-11,"leaf_type 'leaf' value found to reflect an undocumented default fill, not a verified classification; column retired in favor of structural binary flags (frond/cladode/phyllode/microphyll) plus functional_leaf"
Stoebe cyathuloides,Stoebe cyathuloides,Stoebe cyathuloides,leaf,leaf,0,2026-08-11,"leaf_type 'leaf' value found to reflect an undocumented default fill, not a verified classification; column retired in favor of structural binary flags (frond/cladode/phyllode/microphyll) plus functional_leaf"
Stoebe fusca,Stoebe fusca,Stoebe fusca,leaf,leaf,0,2026-08-11,"leaf_type 'leaf' value found to reflect an undocumented default fill, not a verified classification; column retired in favor of structural binary flags (frond/cladode/phyllode/microphyll) plus functional_leaf"
Stoebe incana,Stoebe incana,Stoebe incana,leaf,leaf,0,2026-08-11,"leaf_type 'leaf' value found to reflect an undocumented default fill, not a verified classification; column retired in favor of structural binary flags (frond/cladode/phyllode/microphyll) plus functional_leaf"
Stoebe leucocephala,Stoebe leucocephala,Stoebe leucocephala,leaf,leaf,0,2026-08-11,"leaf_type 'leaf' value found to reflect an undocumented default fill, not a verified classification; column retired in favor of structural binary flags (frond/cladode/phyllode/microphyll) plus functional_leaf"
Stoebe microphylla,Stoebe microphylla,Stoebe microphylla,leaf,leaf,0,2026-08-11,"leaf_type 'leaf' value found to reflect an undocumented default fill, not a verified classification; column retired in favor of structural binary flags (frond/cladode/phyllode/microphyll) plus functional_leaf"
Stoebe plumosa,Stoebe plumosa,Stoebe plumosa,leaf,leaf,0,2026-08-11,"leaf_type 'leaf' value found to reflect an undocumented default fill, not a verified classification; column retired in favor of structural binary flags (frond/cladode/phyllode/microphyll) plus functional_leaf"
Stoebe rosea,Stoebe rosea,Stoebe rosea,leaf,leaf,0,2026-08-11,"leaf_type 'leaf' value found to reflect an undocumented default fill, not a verified classification; column retired in favor of structural binary flags (frond/cladode/phyllode/microphyll) plus functional_leaf"
Stoebe saxatilis,Stoebe saxatilis,Stoebe saxatilis,leaf,leaf,0,2026-08-11,"leaf_type 'leaf' value found to reflect an undocumented default fill, not a verified classification; column retired in favor of structural binary flags (frond/cladode/phyllode/microphyll) plus functional_leaf"
Stoebe spiralis,Stoebe spiralis,Stoebe spiralis,leaf,leaf,0,2026-08-11,"leaf_type 'leaf' value found to reflect an undocumented default fill, not a verified classification; column retired in favor of structural binary flags (frond/cladode/phyllode/microphyll) plus functional_leaf"
Struthiola argentea,Struthiola argentea,Struthiola argentea,leaf,leaf,0,2026-08-11,"leaf_type 'leaf' value found to reflect an undocumented default fill, not a verified classification; column retired in favor of structural binary flags (frond/cladode/phyllode/microphyll) plus functional_leaf"
Struthiola ciliata,Struthiola ciliata,Struthiola ciliata,leaf,leaf,0,2026-08-11,"leaf_type 'leaf' value found to reflect an undocumented default fill, not a verified classification; column retired in favor of structural binary flags (frond/cladode/phyllode/microphyll) plus functional_leaf"
Struthiola dodecandra,Struthiola dodecandra,Struthiola dodecandra,leaf,leaf,0,2026-08-11,"leaf_type 'leaf' value found to reflect an undocumented default fill, not a verified classification; column retired in favor of structural binary flags (frond/cladode/phyllode/microphyll) plus functional_leaf"
Struthiola eckloniana,Struthiola eckloniana,Struthiola eckloniana,leaf,leaf,0,2026-08-11,"leaf_type 'leaf' value found to reflect an undocumented default fill, not a verified classification; column retired in favor of structural binary flags (frond/cladode/phyllode/microphyll) plus functional_leaf"
Struthiola garciana,Struthiola garciana,Struthiola garciana,leaf,leaf,0,2026-08-11,"leaf_type 'leaf' value found to reflect an undocumented default fill, not a verified classification; column retired in favor of structural binary flags (frond/cladode/phyllode/microphyll) plus functional_leaf"
Struthiola leptantha,Struthiola leptantha,Struthiola leptantha,leaf,leaf,0,2026-08-11,"leaf_type 'leaf' value found to reflect an undocumented default fill, not a verified classification; column retired in favor of structural binary flags (frond/cladode/phyllode/microphyll) plus functional_leaf"
Struthiola macowanii,Struthiola macowanii,Struthiola macowanii,leaf,leaf,0,2026-08-11,"leaf_type 'leaf' value found to reflect an undocumented default fill, not a verified classification; column retired in favor of structural binary flags (frond/cladode/phyllode/microphyll) plus functional_leaf"
Struthiola myrsinites,Struthiola myrsinites,Struthiola myrsinites,leaf,leaf,0,2026-08-11,"leaf_type 'leaf' value found to reflect an undocumented default fill, not a verified classification; column retired in favor of structural binary flags (frond/cladode/phyllode/microphyll) plus functional_leaf"
Struthiola salteri,Struthiola salteri,Struthiola salteri,leaf,leaf,0,2026-08-11,"leaf_type 'leaf' value found to reflect an undocumented default fill, not a verified classification; column retired in favor of structural binary flags (frond/cladode/phyllode/microphyll) plus functional_leaf"
Struthiola tomentosa,Struthiola tomentosa,Struthiola tomentosa,leaf,leaf,0,2026-08-11,"leaf_type 'leaf' value found to reflect an undocumented default fill, not a verified classification; column retired in favor of structural binary flags (frond/cladode/phyllode/microphyll) plus functional_leaf"
Stylapterus dubius,Stylapterus dubius,Penaea dubia,leaf,leaf,0,2026-08-11,"leaf_type 'leaf' value found to reflect an undocumented default fill, not a verified classification; column retired in favor of structural binary flags (frond/cladode/phyllode/microphyll) plus functional_leaf"
Stylapterus fruticulosus,Stylapterus fruticulosus,Penaea fruticulosa,leaf,leaf,0,2026-08-11,"leaf_type 'leaf' value found to reflect an undocumented default fill, not a verified classification; column retired in favor of structural binary flags (frond/cladode/phyllode/microphyll) plus functional_leaf"
Syncarpha canescens,Syncarpha canescens,Syncarpha canescens,leaf,leaf,0,2026-08-11,"leaf_type 'leaf' value found to reflect an undocumented default fill, not a verified classification; column retired in favor of structural binary flags (frond/cladode/phyllode/microphyll) plus functional_leaf"
Syncarpha dregeana,Syncarpha dregeana,Syncarpha dregeana,leaf,leaf,0,2026-08-11,"leaf_type 'leaf' value found to reflect an undocumented default fill, not a verified classification; column retired in favor of structural binary flags (frond/cladode/phyllode/microphyll) plus functional_leaf"
Syncarpha eximia,Syncarpha eximia,Syncarpha eximia,leaf,leaf,0,2026-08-11,"leaf_type 'leaf' value found to reflect an undocumented default fill, not a verified classification; column retired in favor of structural binary flags (frond/cladode/phyllode/microphyll) plus functional_leaf"
Syncarpha flava,Syncarpha flava,Syncarpha flava,leaf,leaf,0,2026-08-11,"leaf_type 'leaf' value found to reflect an undocumented default fill, not a verified classification; column retired in favor of structural binary flags (frond/cladode/phyllode/microphyll) plus functional_leaf"
Syncarpha gnaphaloides,Syncarpha gnaphaloides,Syncarpha gnaphaloides,leaf,leaf,0,2026-08-11,"leaf_type 'leaf' value found to reflect an undocumented default fill, not a verified classification; column retired in favor of structural binary flags (frond/cladode/phyllode/microphyll) plus functional_leaf"
Syncarpha milleflora,Syncarpha milleflora,Syncarpha milleflora,leaf,leaf,0,2026-08-11,"leaf_type 'leaf' value found to reflect an undocumented default fill, not a verified classification; column retired in favor of structural binary flags (frond/cladode/phyllode/microphyll) plus functional_leaf"
Syncarpha paniculata,Syncarpha paniculata,Achyranthemum paniculatum,leaf,leaf,0,2026-08-11,"leaf_type 'leaf' value found to reflect an undocumented default fill, not a verified classification; column retired in favor of structural binary flags (frond/cladode/phyllode/microphyll) plus functional_leaf"
Syncarpha speciosissima,Syncarpha speciosissima,Syncarpha speciosissima,leaf,leaf,0,2026-08-11,"leaf_type 'leaf' value found to reflect an undocumented default fill, not a verified classification; column retired in favor of structural binary flags (frond/cladode/phyllode/microphyll) plus functional_leaf"
Syncarpha staehelina,Syncarpha virgata,Syncarpha staehelina,leaf,leaf,0,2026-08-11,"leaf_type 'leaf' value found to reflect an undocumented default fill, not a verified classification; column retired in favor of structural binary flags (frond/cladode/phyllode/microphyll) plus functional_leaf"
Syncarpha vestita,Syncarpha vestita,Syncarpha vestita,leaf,leaf,0,2026-08-11,"leaf_type 'leaf' value found to reflect an undocumented default fill, not a verified classification; column retired in favor of structural binary flags (frond/cladode/phyllode/microphyll) plus functional_leaf"
Tarchonanthus littoralis,Tarchonanthus camphoratus,Tarchonanthus littoralis,leaf,leaf,0,2026-08-11,"leaf_type 'leaf' value found to reflect an undocumented default fill, not a verified classification; column retired in favor of structural binary flags (frond/cladode/phyllode/microphyll) plus functional_leaf"
Teedia lucida,Teedia lucida,Teedia lucida,leaf,leaf,0,2026-08-11,"leaf_type 'leaf' value found to reflect an undocumented default fill, not a verified classification; column retired in favor of structural binary flags (frond/cladode/phyllode/microphyll) plus functional_leaf"
Teedia pubescens,Teedia pubescens,Teedia pubescens,leaf,leaf,0,2026-08-11,"leaf_type 'leaf' value found to reflect an undocumented default fill, not a verified classification; column retired in favor of structural binary flags (frond/cladode/phyllode/microphyll) plus functional_leaf"
Tenaxia stricta,Merxmuellera stricta,Tenaxia stricta,leaf,leaf,0,2026-08-11,"leaf_type 'leaf' value found to reflect an undocumented default fill, not a verified classification; column retired in favor of structural binary flags (frond/cladode/phyllode/microphyll) plus functional_leaf"
Tephrosia capensis,Tephrosia capensis,Tephrosia capensis,leaf,leaf,0,2026-08-11,"leaf_type 'leaf' value found to reflect an undocumented default fill, not a verified classification; column retired in favor of structural binary flags (frond/cladode/phyllode/microphyll) plus functional_leaf"
Tetragonia decumbens,Tetragonia decumbens,Tetragonia decumbens,leaf,leaf,0,2026-08-11,"leaf_type 'leaf' value found to reflect an undocumented default fill, not a verified classification; column retired in favor of structural binary flags (frond/cladode/phyllode/microphyll) plus functional_leaf"
Tetragonia fruticosa,Tetragonia fruticosa,Tetragonia fruticosa,leaf,leaf,0,2026-08-11,"leaf_type 'leaf' value found to reflect an undocumented default fill, not a verified classification; column retired in favor of structural binary flags (frond/cladode/phyllode/microphyll) plus functional_leaf"
Tetraria bolusii,Tetraria bolusii,Schoenus bolusii,leaf,mixed,0,2026-08-11,"leaf_type 'leaf' value found to reflect an undocumented default fill, not a verified classification; column retired in favor of structural binary flags (frond/cladode/phyllode/microphyll) plus functional_leaf"
Tetraria brachyphylla,Tetraria brachyphylla,Schoenus arenicola,leaf,mixed,0,2026-08-11,"leaf_type 'leaf' value found to reflect an undocumented default fill, not a verified classification; column retired in favor of structural binary flags (frond/cladode/phyllode/microphyll) plus functional_leaf"
Tetraria bromoides,Tetraria bromoides,Tetraria bromoides,leaf,mixed,0,2026-08-11,"leaf_type 'leaf' value found to reflect an undocumented default fill, not a verified classification; column retired in favor of structural binary flags (frond/cladode/phyllode/microphyll) plus functional_leaf"
Tetraria burmannii,Tetraria burmannii,Tetraria burmanni,leaf,mixed,0,2026-08-11,"leaf_type 'leaf' value found to reflect an undocumented default fill, not a verified classification; column retired in favor of structural binary flags (frond/cladode/phyllode/microphyll) plus functional_leaf"
Tetraria capillacea,Tetraria capillacea,Tetraria capillacea,leaf,mixed,0,2026-08-11,"leaf_type 'leaf' value found to reflect an undocumented default fill, not a verified classification; column retired in favor of structural binary flags (frond/cladode/phyllode/microphyll) plus functional_leaf"
Tetraria compacta,Tetraria compacta,Schoenus compactus,leaf,mixed,0,2026-08-11,"leaf_type 'leaf' value found to reflect an undocumented default fill, not a verified classification; column retired in favor of structural binary flags (frond/cladode/phyllode/microphyll) plus functional_leaf"
Tetraria compar,Tetraria compar,Schoenus compar,leaf,mixed,0,2026-08-11,"leaf_type 'leaf' value found to reflect an undocumented default fill, not a verified classification; column retired in favor of structural binary flags (frond/cladode/phyllode/microphyll) plus functional_leaf"
Tetraria crassa,Tetraria crassa,Schoenus crassus,leaf,mixed,0,2026-08-11,"leaf_type 'leaf' value found to reflect an undocumented default fill, not a verified classification; column retired in favor of structural binary flags (frond/cladode/phyllode/microphyll) plus functional_leaf"
Tetraria crinifolia,Tetraria crinifolia,Tetraria crinifolia,leaf,mixed,0,2026-08-11,"leaf_type 'leaf' value found to reflect an undocumented default fill, not a verified classification; column retired in favor of structural binary flags (frond/cladode/phyllode/microphyll) plus functional_leaf"
Tetraria cuspidata,Tetraria cuspidata,Schoenus cuspidatus,leaf,mixed,0,2026-08-11,"leaf_type 'leaf' value found to reflect an undocumented default fill, not a verified classification; column retired in favor of structural binary flags (frond/cladode/phyllode/microphyll) plus functional_leaf"
Tetraria exilis,Tetraria exilis,Schoenus exilis,leaf,mixed,0,2026-08-11,"leaf_type 'leaf' value found to reflect an undocumented default fill, not a verified classification; column retired in favor of structural binary flags (frond/cladode/phyllode/microphyll) plus functional_leaf"
Tetraria eximia,Tetraria eximia,Tetraria eximia,leaf,mixed,0,2026-08-11,"leaf_type 'leaf' value found to reflect an undocumented default fill, not a verified classification; column retired in favor of structural binary flags (frond/cladode/phyllode/microphyll) plus functional_leaf"
Tetraria fasciata,Tetraria fasciata,Tetraria fasciata,leaf,mixed,0,2026-08-11,"leaf_type 'leaf' value found to reflect an undocumented default fill, not a verified classification; column retired in favor of structural binary flags (frond/cladode/phyllode/microphyll) plus functional_leaf"
Tetraria fimbriolata,Tetraria fimbriolata,Tetraria fimbriolata,leaf,mixed,0,2026-08-11,"leaf_type 'leaf' value found to reflect an undocumented default fill, not a verified classification; column retired in favor of structural binary flags (frond/cladode/phyllode/microphyll) plus functional_leaf"
Tetraria flexuosa,Tetraria flexuosa,Tetraria flexuosa,leaf,mixed,0,2026-08-11,"leaf_type 'leaf' value found to reflect an undocumented default fill, not a verified classification; column retired in favor of structural binary flags (frond/cladode/phyllode/microphyll) plus functional_leaf"
Tetraria involucrata,Tetraria involucrata,Tetraria involucrata,leaf,mixed,0,2026-08-11,"leaf_type 'leaf' value found to reflect an undocumented default fill, not a verified classification; column retired in favor of structural binary flags (frond/cladode/phyllode/microphyll) plus functional_leaf"
Tetraria ligulata,Tetraria autumnalis,Schoenus ligulatus,leaf,mixed,0,2026-08-11,"leaf_type 'leaf' value found to reflect an undocumented default fill, not a verified classification; column retired in favor of structural binary flags (frond/cladode/phyllode/microphyll) plus functional_leaf"
Tetraria microstachys,Tetraria microstachys,Tetraria microstachys,leaf,mixed,0,2026-08-11,"leaf_type 'leaf' value found to reflect an undocumented default fill, not a verified classification; column retired in favor of structural binary flags (frond/cladode/phyllode/microphyll) plus functional_leaf"
Tetraria nigrovaginata,Tetraria nigrovaginata,Tetraria nigrovaginata,leaf,mixed,0,2026-08-11,"leaf_type 'leaf' value found to reflect an undocumented default fill, not a verified classification; column retired in favor of structural binary flags (frond/cladode/phyllode/microphyll) plus functional_leaf"
Tetraria picta,Tetraria picta,Schoenus pictus,leaf,mixed,0,2026-08-11,"leaf_type 'leaf' value found to reflect an undocumented default fill, not a verified classification; column retired in favor of structural binary flags (frond/cladode/phyllode/microphyll) plus functional_leaf"
Tetraria pillansii,Tetraria pillansii,Tetraria pillansii,leaf,mixed,0,2026-08-11,"leaf_type 'leaf' value found to reflect an undocumented default fill, not a verified classification; column retired in favor of structural binary flags (frond/cladode/phyllode/microphyll) plus functional_leaf"
Tetraria pubescens,Tetraria pubescens,Tetraria pubescens,leaf,mixed,0,2026-08-11,"leaf_type 'leaf' value found to reflect an undocumented default fill, not a verified classification; column retired in favor of structural binary flags (frond/cladode/phyllode/microphyll) plus functional_leaf"
Tetraria pygmaea,Tetraria pygmaea,Tetraria pygmaea,leaf,mixed,0,2026-08-11,"leaf_type 'leaf' value found to reflect an undocumented default fill, not a verified classification; column retired in favor of structural binary flags (frond/cladode/phyllode/microphyll) plus functional_leaf"
Tetraria robusta,Tetraria compressa,Tetraria robusta,leaf,mixed,0,2026-08-11,"leaf_type 'leaf' value found to reflect an undocumented default fill, not a verified classification; column retired in favor of structural binary flags (frond/cladode/phyllode/microphyll) plus functional_leaf"
Tetraria sylvatica,Tetraria sylvatica,Schoenus auritus,leaf,mixed,0,2026-08-11,"leaf_type 'leaf' value found to reflect an undocumented default fill, not a verified classification; column retired in favor of structural binary flags (frond/cladode/phyllode/microphyll) plus functional_leaf"
Tetraria thermalis,Tetraria thermalis,Tetraria thermalis,leaf,mixed,0,2026-08-11,"leaf_type 'leaf' value found to reflect an undocumented default fill, not a verified classification; column retired in favor of structural binary flags (frond/cladode/phyllode/microphyll) plus functional_leaf"
Tetraria triangularis,Tetraria triangularis,Tetraria triangularis,leaf,mixed,0,2026-08-11,"leaf_type 'leaf' value found to reflect an undocumented default fill, not a verified classification; column retired in favor of structural binary flags (frond/cladode/phyllode/microphyll) plus functional_leaf"
Tetraria ustulata,Tetraria ustulata,Tetraria ustulata,leaf,mixed,0,2026-08-11,"leaf_type 'leaf' value found to reflect an undocumented default fill, not a verified classification; column retired in favor of structural binary flags (frond/cladode/phyllode/microphyll) plus functional_leaf"
Teucrium africanum,Teucrium africanum,Teucrium africanum,leaf,leaf,0,2026-08-11,"leaf_type 'leaf' value found to reflect an undocumented default fill, not a verified classification; column retired in favor of structural binary flags (frond/cladode/phyllode/microphyll) plus functional_leaf"
Thaminophyllum multiflorum,Thaminophyllum multiflorum,Thaminophyllum multiflorum,leaf,leaf,0,2026-08-11,"leaf_type 'leaf' value found to reflect an undocumented default fill, not a verified classification; column retired in favor of structural binary flags (frond/cladode/phyllode/microphyll) plus functional_leaf"
Thamnochortus arenarius,Thamnochortus arenarius,Thamnochortus arenarius,leaf,mixed,1,2026-08-11,"leaf_type 'leaf' value found to reflect an undocumented default fill, not a verified classification; column retired in favor of structural binary flags (frond/cladode/phyllode/microphyll) plus functional_leaf"
Thamnochortus cinereus,Thamnochortus cinereus,Thamnochortus cinereus,leaf,mixed,1,2026-08-11,"leaf_type 'leaf' value found to reflect an undocumented default fill, not a verified classification; column retired in favor of structural binary flags (frond/cladode/phyllode/microphyll) plus functional_leaf"
Thamnochortus ellipticus,Thamnochortus ellipticus,Thamnochortus ellipticus,leaf,mixed,1,2026-08-11,"leaf_type 'leaf' value found to reflect an undocumented default fill, not a verified classification; column retired in favor of structural binary flags (frond/cladode/phyllode/microphyll) plus functional_leaf"
Thamnochortus erectus,Thamnochortus erectus,Thamnochortus erectus,leaf,mixed,1,2026-08-11,"leaf_type 'leaf' value found to reflect an undocumented default fill, not a verified classification; column retired in favor of structural binary flags (frond/cladode/phyllode/microphyll) plus functional_leaf"
Thamnochortus fraternus,Thamnochortus fraternus,Thamnochortus fraternus,leaf,mixed,1,2026-08-11,"leaf_type 'leaf' value found to reflect an undocumented default fill, not a verified classification; column retired in favor of structural binary flags (frond/cladode/phyllode/microphyll) plus functional_leaf"
Thamnochortus fruticosus,Thamnochortus fruticosus,Thamnochortus fruticosus,leaf,mixed,1,2026-08-11,"leaf_type 'leaf' value found to reflect an undocumented default fill, not a verified classification; column retired in favor of structural binary flags (frond/cladode/phyllode/microphyll) plus functional_leaf"
Thamnochortus gracilis,Thamnochortus gracilis,Thamnochortus gracilis,leaf,mixed,1,2026-08-11,"leaf_type 'leaf' value found to reflect an undocumented default fill, not a verified classification; column retired in favor of structural binary flags (frond/cladode/phyllode/microphyll) plus functional_leaf"
Thamnochortus insignis,Thamnochortus insignis,Thamnochortus insignis,leaf,mixed,1,2026-08-11,"leaf_type 'leaf' value found to reflect an undocumented default fill, not a verified classification; column retired in favor of structural binary flags (frond/cladode/phyllode/microphyll) plus functional_leaf"
Thamnochortus karooica,Thamnochortus karooica,Thamnochortus karooica,leaf,mixed,1,2026-08-11,"leaf_type 'leaf' value found to reflect an undocumented default fill, not a verified classification; column retired in favor of structural binary flags (frond/cladode/phyllode/microphyll) plus functional_leaf"
Thamnochortus lucens,Thamnochortus lucens,Thamnochortus lucens,leaf,mixed,1,2026-08-11,"leaf_type 'leaf' value found to reflect an undocumented default fill, not a verified classification; column retired in favor of structural binary flags (frond/cladode/phyllode/microphyll) plus functional_leaf"
Thamnochortus obtusus,Thamnochortus obtusus,Thamnochortus obtusus,leaf,mixed,1,2026-08-11,"leaf_type 'leaf' value found to reflect an undocumented default fill, not a verified classification; column retired in favor of structural binary flags (frond/cladode/phyllode/microphyll) plus functional_leaf"
Thamnochortus pellucidus,Thamnochortus pellucidus,Thamnochortus pellucidus,leaf,mixed,1,2026-08-11,"leaf_type 'leaf' value found to reflect an undocumented default fill, not a verified classification; column retired in favor of structural binary flags (frond/cladode/phyllode/microphyll) plus functional_leaf"
Thamnochortus platypteris,Thamnochortus platypteris,Thamnochortus platypteris,leaf,mixed,1,2026-08-11,"leaf_type 'leaf' value found to reflect an undocumented default fill, not a verified classification; column retired in favor of structural binary flags (frond/cladode/phyllode/microphyll) plus functional_leaf"
Thamnochortus pulcher,Thamnochortus pulcher,Thamnochortus pulcher,leaf,mixed,1,2026-08-11,"leaf_type 'leaf' value found to reflect an undocumented default fill, not a verified classification; column retired in favor of structural binary flags (frond/cladode/phyllode/microphyll) plus functional_leaf"
Themeda triandra,Themeda triandra,Themeda triandra,leaf,leaf,0,2026-08-11,"leaf_type 'leaf' value found to reflect an undocumented default fill, not a verified classification; column retired in favor of structural binary flags (frond/cladode/phyllode/microphyll) plus functional_leaf"
Thesidium fragile,Thesidium fragile,Thesium confusum,leaf,culm_stem,1,2026-08-11,"leaf_type 'leaf' value found to reflect an undocumented default fill, not a verified classification; column retired in favor of structural binary flags (frond/cladode/phyllode/microphyll) plus functional_leaf"
Thesidium hirtum,Thesidium hirtum,Thesium globosum,leaf,mixed,0,2026-08-11,"leaf_type 'leaf' value found to reflect an undocumented default fill, not a verified classification; column retired in favor of structural binary flags (frond/cladode/phyllode/microphyll) plus functional_leaf"
Thesium acuminatum,Thesium acuminatum,Thesium acuminatum,leaf,mixed,0,2026-08-11,"leaf_type 'leaf' value found to reflect an undocumented default fill, not a verified classification; column retired in favor of structural binary flags (frond/cladode/phyllode/microphyll) plus functional_leaf"
Thesium aggregatum,Thesium aggregatum,Thesium aggregatum,leaf,mixed,0,2026-08-11,"leaf_type 'leaf' value found to reflect an undocumented default fill, not a verified classification; column retired in favor of structural binary flags (frond/cladode/phyllode/microphyll) plus functional_leaf"
Thesium capituliflorum,Thesium capituliflorum,Thesium capituliflorum,leaf,mixed,0,2026-08-11,"leaf_type 'leaf' value found to reflect an undocumented default fill, not a verified classification; column retired in favor of structural binary flags (frond/cladode/phyllode/microphyll) plus functional_leaf"
Thesium carinatum,Thesium carinatum,Thesium carinatum,leaf,mixed,0,2026-08-11,"leaf_type 'leaf' value found to reflect an undocumented default fill, not a verified classification; column retired in favor of structural binary flags (frond/cladode/phyllode/microphyll) plus functional_leaf"
Thesium commutatum,Thesium commutatum,Thesium commutatum,leaf,mixed,0,2026-08-11,"leaf_type 'leaf' value found to reflect an undocumented default fill, not a verified classification; column retired in favor of structural binary flags (frond/cladode/phyllode/microphyll) plus functional_leaf"
Thesium ericaefolium,Thesium ericifolium,Thesium ericaefolium,leaf,mixed,0,2026-08-11,"leaf_type 'leaf' value found to reflect an undocumented default fill, not a verified classification; column retired in favor of structural binary flags (frond/cladode/phyllode/microphyll) plus functional_leaf"
Thesium euphorbioides,Thesium euphorbioides,Thesium euphorbioides,leaf,mixed,0,2026-08-11,"leaf_type 'leaf' value found to reflect an undocumented default fill, not a verified classification; column retired in favor of structural binary flags (frond/cladode/phyllode/microphyll) plus functional_leaf"
Thesium flexuosum,Thesium flexuosum,Thesium flexuosum,leaf,mixed,0,2026-08-11,"leaf_type 'leaf' value found to reflect an undocumented default fill, not a verified classification; column retired in favor of structural binary flags (frond/cladode/phyllode/microphyll) plus functional_leaf"
Thesium gnidiaceum,Thesium gnidiaceum,Thesium gnidiaceum,leaf,mixed,0,2026-08-11,"leaf_type 'leaf' value found to reflect an undocumented default fill, not a verified classification; column retired in favor of structural binary flags (frond/cladode/phyllode/microphyll) plus functional_leaf"
Thesium junceum,Thesium junceum,Thesium junceum,leaf,mixed,0,2026-08-11,"leaf_type 'leaf' value found to reflect an undocumented default fill, not a verified classification; column retired in favor of structural binary flags (frond/cladode/phyllode/microphyll) plus functional_leaf"
Thesium nigromontanum,Thesium nigromontanum,Thesium nigromontanum,leaf,mixed,0,2026-08-11,"leaf_type 'leaf' value found to reflect an undocumented default fill, not a verified classification; column retired in favor of structural binary flags (frond/cladode/phyllode/microphyll) plus functional_leaf"
Thesium nudicaule,Thesium nudicaule,Thesium nudicaule,leaf,mixed,0,2026-08-11,"leaf_type 'leaf' value found to reflect an undocumented default fill, not a verified classification; column retired in favor of structural binary flags (frond/cladode/phyllode/microphyll) plus functional_leaf"
Thesium pseudovirgatum,Thesium pseudovirgatum,Thesium pseudovirgatum,leaf,mixed,0,2026-08-11,"leaf_type 'leaf' value found to reflect an undocumented default fill, not a verified classification; column retired in favor of structural binary flags (frond/cladode/phyllode/microphyll) plus functional_leaf"
Thesium scandens,Thesium scandens,Thesium scandens,leaf,mixed,0,2026-08-11,"leaf_type 'leaf' value found to reflect an undocumented default fill, not a verified classification; column retired in favor of structural binary flags (frond/cladode/phyllode/microphyll) plus functional_leaf"
Thesium schumannianum,Thesium schumannianum,Thesium schumannianum,leaf,mixed,0,2026-08-11,"leaf_type 'leaf' value found to reflect an undocumented default fill, not a verified classification; column retired in favor of structural binary flags (frond/cladode/phyllode/microphyll) plus functional_leaf"
Thesium spicatum,Thesium spicatum,Thesium spicatum,leaf,mixed,0,2026-08-11,"leaf_type 'leaf' value found to reflect an undocumented default fill, not a verified classification; column retired in favor of structural binary flags (frond/cladode/phyllode/microphyll) plus functional_leaf"
Thesium squarrosum,Thesium squarrosum,Thesium squarrosum,leaf,mixed,0,2026-08-11,"leaf_type 'leaf' value found to reflect an undocumented default fill, not a verified classification; column retired in favor of structural binary flags (frond/cladode/phyllode/microphyll) plus functional_leaf"
Thesium strictum,Thesium strictum,Thesium strictum,leaf,mixed,0,2026-08-11,"leaf_type 'leaf' value found to reflect an undocumented default fill, not a verified classification; column retired in favor of structural binary flags (frond/cladode/phyllode/microphyll) plus functional_leaf"
Thesium subnudum,Thesium subnudum,Thesium subnudum,leaf,mixed,0,2026-08-11,"leaf_type 'leaf' value found to reflect an undocumented default fill, not a verified classification; column retired in favor of structural binary flags (frond/cladode/phyllode/microphyll) plus functional_leaf"
Thesium susannae,Thesium susannae,Thesium susannae,leaf,mixed,0,2026-08-11,"leaf_type 'leaf' value found to reflect an undocumented default fill, not a verified classification; column retired in favor of structural binary flags (frond/cladode/phyllode/microphyll) plus functional_leaf"
Thesium virgatum,Thesium virgatum,Thesium virgatum,leaf,mixed,0,2026-08-11,"leaf_type 'leaf' value found to reflect an undocumented default fill, not a verified classification; column retired in favor of structural binary flags (frond/cladode/phyllode/microphyll) plus functional_leaf"
Thesium viridifolium,Thesium viridifolium,Thesium viridifolium,leaf,mixed,0,2026-08-11,"leaf_type 'leaf' value found to reflect an undocumented default fill, not a verified classification; column retired in favor of structural binary flags (frond/cladode/phyllode/microphyll) plus functional_leaf"
Todea barbara,Todea barbara,Todea barbara,frond,leaf,0,2026-08-11,"leaf_type 'leaf' value found to reflect an undocumented default fill, not a verified classification; column retired in favor of structural binary flags (frond/cladode/phyllode/microphyll) plus functional_leaf"
Trachyandra hirsutiflora,Trachyandra hirsutiflora,Trachyandra hirsutiflora,leaf,leaf,0,2026-08-11,"leaf_type 'leaf' value found to reflect an undocumented default fill, not a verified classification; column retired in favor of structural binary flags (frond/cladode/phyllode/microphyll) plus functional_leaf"
Trachyandra revoluta,Trachyandra revoluta,Trachyandra revoluta,leaf,leaf,0,2026-08-11,"leaf_type 'leaf' value found to reflect an undocumented default fill, not a verified classification; column retired in favor of structural binary flags (frond/cladode/phyllode/microphyll) plus functional_leaf"
Trachyandra tabularis,Trachyandra tabularis,Trachyandra tabularis,leaf,leaf,0,2026-08-11,"leaf_type 'leaf' value found to reflect an undocumented default fill, not a verified classification; column retired in favor of structural binary flags (frond/cladode/phyllode/microphyll) plus functional_leaf"
Tragus berteronianus,Tragus berteronianus,Tragus berteronianus,leaf,leaf,0,2026-08-11,"leaf_type 'leaf' value found to reflect an undocumented default fill, not a verified classification; column retired in favor of structural binary flags (frond/cladode/phyllode/microphyll) plus functional_leaf"
Tribolium brachystachyum,Tribolium brachystachyum,Tribolium brachystachyum,leaf,leaf,0,2026-08-11,"leaf_type 'leaf' value found to reflect an undocumented default fill, not a verified classification; column retired in favor of structural binary flags (frond/cladode/phyllode/microphyll) plus functional_leaf"
Tribolium hispidum,Tribolium hispidum,Tribolium hispidum,leaf,leaf,0,2026-08-11,"leaf_type 'leaf' value found to reflect an undocumented default fill, not a verified classification; column retired in favor of structural binary flags (frond/cladode/phyllode/microphyll) plus functional_leaf"
Tribolium uniolae,Tribolium uniolae,Tribolium uniolae,leaf,leaf,0,2026-08-11,"leaf_type 'leaf' value found to reflect an undocumented default fill, not a verified classification; column retired in favor of structural binary flags (frond/cladode/phyllode/microphyll) plus functional_leaf"
Trichocephalus stipularis,Trichocephalus stipularis,Trichocephalus stipularis,leaf,leaf,0,2026-08-11,"leaf_type 'leaf' value found to reflect an undocumented default fill, not a verified classification; column retired in favor of structural binary flags (frond/cladode/phyllode/microphyll) plus functional_leaf"
Trichodiadema barbatum,Trichodiadema barbatum,Trichodiadema barbatum,leaf,leaf,0,2026-08-11,"leaf_type 'leaf' value found to reflect an undocumented default fill, not a verified classification; column retired in favor of structural binary flags (frond/cladode/phyllode/microphyll) plus functional_leaf"
Trichodiadema mirabile,Trichodiadema mirabile,Trichodiadema mirabile,leaf,leaf,0,2026-08-11,"leaf_type 'leaf' value found to reflect an undocumented default fill, not a verified classification; column retired in favor of structural binary flags (frond/cladode/phyllode/microphyll) plus functional_leaf"
Triraphis andropogonoides,Triraphis andropogonoides,Triraphis andropogonoides,leaf,mixed,0,2026-08-11,"leaf_type 'leaf' value found to reflect an undocumented default fill, not a verified classification; column retired in favor of structural binary flags (frond/cladode/phyllode/microphyll) plus functional_leaf"
Tristachya leucothrix,Tristachya leucothrix,Tristachya leucothrix,leaf,leaf,0,2026-08-11,"leaf_type 'leaf' value found to reflect an undocumented default fill, not a verified classification; column retired in favor of structural binary flags (frond/cladode/phyllode/microphyll) plus functional_leaf"
Tritoniopsis antholyza,Tritoniopsis antholyza,Tritoniopsis antholyza,leaf,leaf,0,2026-08-11,"leaf_type 'leaf' value found to reflect an undocumented default fill, not a verified classification; column retired in favor of structural binary flags (frond/cladode/phyllode/microphyll) plus functional_leaf"
Tritoniopsis triticea,Tritoniopsis triticea,Tritoniopsis triticea,leaf,leaf,0,2026-08-11,"leaf_type 'leaf' value found to reflect an undocumented default fill, not a verified classification; column retired in favor of structural binary flags (frond/cladode/phyllode/microphyll) plus functional_leaf"
Troglophyton capillaceum,Troglophyton capillaceum,Troglophyton capillaceum,leaf,leaf,0,2026-08-11,"leaf_type 'leaf' value found to reflect an undocumented default fill, not a verified classification; column retired in favor of structural binary flags (frond/cladode/phyllode/microphyll) plus functional_leaf"
Tylecodon paniculatus,Tylecodon paniculatus,Tylecodon paniculatus,leaf,leaf,0,2026-08-11,"leaf_type 'leaf' value found to reflect an undocumented default fill, not a verified classification; column retired in favor of structural binary flags (frond/cladode/phyllode/microphyll) plus functional_leaf"
Ursinia anethoides,Ursinia anethoides,Ursinia anethoides,leaf,leaf,0,2026-08-11,"leaf_type 'leaf' value found to reflect an undocumented default fill, not a verified classification; column retired in favor of structural binary flags (frond/cladode/phyllode/microphyll) plus functional_leaf"
Ursinia chrysanthemoides,Ursinia chrysanthemoides,Ursinia chrysanthemoides,leaf,leaf,0,2026-08-11,"leaf_type 'leaf' value found to reflect an undocumented default fill, not a verified classification; column retired in favor of structural binary flags (frond/cladode/phyllode/microphyll) plus functional_leaf"
Ursinia dentata,Ursinia dentata,Ursinia dentata,leaf,leaf,0,2026-08-11,"leaf_type 'leaf' value found to reflect an undocumented default fill, not a verified classification; column retired in favor of structural binary flags (frond/cladode/phyllode/microphyll) plus functional_leaf"
Ursinia heterodonta,Ursinia heterodonta,Ursinia heterodonta,leaf,leaf,0,2026-08-11,"leaf_type 'leaf' value found to reflect an undocumented default fill, not a verified classification; column retired in favor of structural binary flags (frond/cladode/phyllode/microphyll) plus functional_leaf"
Ursinia hispida,Ursinia hispida,Ursinia hispida,leaf,leaf,0,2026-08-11,"leaf_type 'leaf' value found to reflect an undocumented default fill, not a verified classification; column retired in favor of structural binary flags (frond/cladode/phyllode/microphyll) plus functional_leaf"
Ursinia nudicaulis,Ursinia nudicaulis,Ursinia nudicaulis,leaf,leaf,0,2026-08-11,"leaf_type 'leaf' value found to reflect an undocumented default fill, not a verified classification; column retired in favor of structural binary flags (frond/cladode/phyllode/microphyll) plus functional_leaf"
Ursinia paleacea,Ursinia paleacea,Ursinia paleacea,leaf,leaf,0,2026-08-11,"leaf_type 'leaf' value found to reflect an undocumented default fill, not a verified classification; column retired in favor of structural binary flags (frond/cladode/phyllode/microphyll) plus functional_leaf"
Ursinia pilifera,Ursinia pilifera,Ursinia pilifera,leaf,leaf,0,2026-08-11,"leaf_type 'leaf' value found to reflect an undocumented default fill, not a verified classification; column retired in favor of structural binary flags (frond/cladode/phyllode/microphyll) plus functional_leaf"
Ursinia punctata,Ursinia punctata,Ursinia punctata,leaf,leaf,0,2026-08-11,"leaf_type 'leaf' value found to reflect an undocumented default fill, not a verified classification; column retired in favor of structural binary flags (frond/cladode/phyllode/microphyll) plus functional_leaf"
Ursinia quinquepartita,Ursinia quinquepartita,Ursinia quinquepartita,leaf,leaf,0,2026-08-11,"leaf_type 'leaf' value found to reflect an undocumented default fill, not a verified classification; column retired in favor of structural binary flags (frond/cladode/phyllode/microphyll) plus functional_leaf"
Ursinia scariosa,Ursinia scariosa,Ursinia scariosa,leaf,leaf,0,2026-08-11,"leaf_type 'leaf' value found to reflect an undocumented default fill, not a verified classification; column retired in favor of structural binary flags (frond/cladode/phyllode/microphyll) plus functional_leaf"
Ursinia sericea,Ursinia sericea,Ursinia sericea,leaf,leaf,0,2026-08-11,"leaf_type 'leaf' value found to reflect an undocumented default fill, not a verified classification; column retired in favor of structural binary flags (frond/cladode/phyllode/microphyll) plus functional_leaf"
Ursinia serrata,Ursinia serrata,Ursinia serrata,leaf,leaf,0,2026-08-11,"leaf_type 'leaf' value found to reflect an undocumented default fill, not a verified classification; column retired in favor of structural binary flags (frond/cladode/phyllode/microphyll) plus functional_leaf"
Ursinia tenuifolia,Ursinia tenuifolia,Ursinia tenuifolia,leaf,leaf,0,2026-08-11,"leaf_type 'leaf' value found to reflect an undocumented default fill, not a verified classification; column retired in favor of structural binary flags (frond/cladode/phyllode/microphyll) plus functional_leaf"
Ursinia trifida,Ursinia trifida,Ursinia trifida,leaf,leaf,0,2026-08-11,"leaf_type 'leaf' value found to reflect an undocumented default fill, not a verified classification; column retired in favor of structural binary flags (frond/cladode/phyllode/microphyll) plus functional_leaf"
Utricularia bisquamata,Utricularia bisquamata,Utricularia bisquamata,leaf,leaf,0,2026-08-11,"leaf_type 'leaf' value found to reflect an undocumented default fill, not a verified classification; column retired in favor of structural binary flags (frond/cladode/phyllode/microphyll) plus functional_leaf"
Vachellia karroo,Acacia karroo,Vachellia karroo,leaf,leaf,0,2026-08-11,"leaf_type 'leaf' value found to reflect an undocumented default fill, not a verified classification; column retired in favor of structural binary flags (frond/cladode/phyllode/microphyll) plus functional_leaf"
Vellereophyton dealbatum,Vellereophyton dealbatum,Vellereophyton dealbatum,leaf,leaf,0,2026-08-11,"leaf_type 'leaf' value found to reflect an undocumented default fill, not a verified classification; column retired in favor of structural binary flags (frond/cladode/phyllode/microphyll) plus functional_leaf"
Villarsia capensis,Villarsia capensis,Villarsia capensis,leaf,leaf,0,2026-08-11,"leaf_type 'leaf' value found to reflect an undocumented default fill, not a verified classification; column retired in favor of structural binary flags (frond/cladode/phyllode/microphyll) plus functional_leaf"
Virgilia oroboides,Virgilia oroboides,Virgilia oroboides,leaf,leaf,0,2026-08-11,"leaf_type 'leaf' value found to reflect an undocumented default fill, not a verified classification; column retired in favor of structural binary flags (frond/cladode/phyllode/microphyll) plus functional_leaf"
Viscum capense,Viscum capense,Viscum capense,leaf,mixed,1,2026-08-11,"leaf_type 'leaf' value found to reflect an undocumented default fill, not a verified classification; column retired in favor of structural binary flags (frond/cladode/phyllode/microphyll) plus functional_leaf"
Viscum pauciflorum,Viscum pauciflorum,Viscum pauciflorum,leaf,mixed,0,2026-08-11,"leaf_type 'leaf' value found to reflect an undocumented default fill, not a verified classification; column retired in favor of structural binary flags (frond/cladode/phyllode/microphyll) plus functional_leaf"
Viscum rotundifolium,Viscum rotundifolium,Viscum rotundifolium,leaf,mixed,0,2026-08-11,"leaf_type 'leaf' value found to reflect an undocumented default fill, not a verified classification; column retired in favor of structural binary flags (frond/cladode/phyllode/microphyll) plus functional_leaf"
Wachendorfia paniculata,Wachendorfia paniculata,Wachendorfia paniculata,leaf,leaf,0,2026-08-11,"leaf_type 'leaf' value found to reflect an undocumented default fill, not a verified classification; column retired in favor of structural binary flags (frond/cladode/phyllode/microphyll) plus functional_leaf"
Wahlenbergia albens,Wahlenbergia albens,Wahlenbergia albens,leaf,leaf,0,2026-08-11,"leaf_type 'leaf' value found to reflect an undocumented default fill, not a verified classification; column retired in favor of structural binary flags (frond/cladode/phyllode/microphyll) plus functional_leaf"
Wahlenbergia cinerea,Wahlenbergia cinerea,Wahlenbergia cinerea,leaf,leaf,0,2026-08-11,"leaf_type 'leaf' value found to reflect an undocumented default fill, not a verified classification; column retired in favor of structural binary flags (frond/cladode/phyllode/microphyll) plus functional_leaf"
Wahlenbergia desmantha,Wahlenbergia desmantha,Wahlenbergia desmantha,leaf,leaf,0,2026-08-11,"leaf_type 'leaf' value found to reflect an undocumented default fill, not a verified classification; column retired in favor of structural binary flags (frond/cladode/phyllode/microphyll) plus functional_leaf"
Wahlenbergia ecklonii,Wahlenbergia ecklonii,Wahlenbergia ecklonii,leaf,leaf,0,2026-08-11,"leaf_type 'leaf' value found to reflect an undocumented default fill, not a verified classification; column retired in favor of structural binary flags (frond/cladode/phyllode/microphyll) plus functional_leaf"
Wahlenbergia fruticosa,Wahlenbergia fruticosa,Wahlenbergia fruticosa,leaf,leaf,0,2026-08-11,"leaf_type 'leaf' value found to reflect an undocumented default fill, not a verified classification; column retired in favor of structural binary flags (frond/cladode/phyllode/microphyll) plus functional_leaf"
Wahlenbergia macrostachys,Wahlenbergia macrostachys,Wahlenbergia macrostachys,leaf,leaf,0,2026-08-11,"leaf_type 'leaf' value found to reflect an undocumented default fill, not a verified classification; column retired in favor of structural binary flags (frond/cladode/phyllode/microphyll) plus functional_leaf"
Wahlenbergia neorigida,Wahlenbergia neorigida,Wahlenbergia neorigida,leaf,leaf,0,2026-08-11,"leaf_type 'leaf' value found to reflect an undocumented default fill, not a verified classification; column retired in favor of structural binary flags (frond/cladode/phyllode/microphyll) plus functional_leaf"
Wahlenbergia obovata,Wahlenbergia obovata,Wahlenbergia obovata,leaf,leaf,0,2026-08-11,"leaf_type 'leaf' value found to reflect an undocumented default fill, not a verified classification; column retired in favor of structural binary flags (frond/cladode/phyllode/microphyll) plus functional_leaf"
Wahlenbergia rubens,Wahlenbergia rubens,Wahlenbergia rubens,leaf,leaf,0,2026-08-11,"leaf_type 'leaf' value found to reflect an undocumented default fill, not a verified classification; column retired in favor of structural binary flags (frond/cladode/phyllode/microphyll) plus functional_leaf"
Wahlenbergia tenella,Wahlenbergia tenella,Wahlenbergia tenella,leaf,leaf,0,2026-08-11,"leaf_type 'leaf' value found to reflect an undocumented default fill, not a verified classification; column retired in favor of structural binary flags (frond/cladode/phyllode/microphyll) plus functional_leaf"
Wahlenbergia unidentata,Wahlenbergia unidentata,Wahlenbergia unidentata,leaf,leaf,0,2026-08-11,"leaf_type 'leaf' value found to reflect an undocumented default fill, not a verified classification; column retired in favor of structural binary flags (frond/cladode/phyllode/microphyll) plus functional_leaf"
Watsonia fourcadei,Watsonia fourcadei,Watsonia fourcadei,leaf,leaf,0,2026-08-11,"leaf_type 'leaf' value found to reflect an undocumented default fill, not a verified classification; column retired in favor of structural binary flags (frond/cladode/phyllode/microphyll) plus functional_leaf"
Watsonia knysnana,Watsonia knysnana,Watsonia knysnana,leaf,leaf,0,2026-08-11,"leaf_type 'leaf' value found to reflect an undocumented default fill, not a verified classification; column retired in favor of structural binary flags (frond/cladode/phyllode/microphyll) plus functional_leaf"
Watsonia marginata,Watsonia marginata,Watsonia marginata,leaf,leaf,0,2026-08-11,"leaf_type 'leaf' value found to reflect an undocumented default fill, not a verified classification; column retired in favor of structural binary flags (frond/cladode/phyllode/microphyll) plus functional_leaf"
Watsonia meriana,Watsonia borbonica,Watsonia meriana,leaf,leaf,0,2026-08-11,"leaf_type 'leaf' value found to reflect an undocumented default fill, not a verified classification; column retired in favor of structural binary flags (frond/cladode/phyllode/microphyll) plus functional_leaf"
Watsonia schlechteri,Watsonia schlechteri,Watsonia schlechteri,leaf,leaf,0,2026-08-11,"leaf_type 'leaf' value found to reflect an undocumented default fill, not a verified classification; column retired in favor of structural binary flags (frond/cladode/phyllode/microphyll) plus functional_leaf"
Watsonia tabularis,Watsonia tabularis,Watsonia tabularis,leaf,leaf,0,2026-08-11,"leaf_type 'leaf' value found to reflect an undocumented default fill, not a verified classification; column retired in favor of structural binary flags (frond/cladode/phyllode/microphyll) plus functional_leaf"
Watsonia vanderspuyiae,Watsonia vanderspuyiae,Watsonia vanderspuyae,leaf,leaf,0,2026-08-11,"leaf_type 'leaf' value found to reflect an undocumented default fill, not a verified classification; column retired in favor of structural binary flags (frond/cladode/phyllode/microphyll) plus functional_leaf"
Wiborgia tetraptera,Wiborgia tetraptera,Wiborgia tetraptera,leaf,leaf,0,2026-08-11,"leaf_type 'leaf' value found to reflect an undocumented default fill, not a verified classification; column retired in favor of structural binary flags (frond/cladode/phyllode/microphyll) plus functional_leaf"
Widdringtonia cedarbergensis,Widdringtonia cedarbergensis,Widdringtonia cedarbergensis,leaf,leaf,0,2026-08-11,"leaf_type 'leaf' value found to reflect an undocumented default fill, not a verified classification; column retired in favor of structural binary flags (frond/cladode/phyllode/microphyll) plus functional_leaf"
Widdringtonia nodiflora,Widdringtonia nodiflora,Widdringtonia nodiflora,leaf,leaf,0,2026-08-11,"leaf_type 'leaf' value found to reflect an undocumented default fill, not a verified classification; column retired in favor of structural binary flags (frond/cladode/phyllode/microphyll) plus functional_leaf"
Willdenowia arescens,Willdenowia arescens,Willdenowia arescens,leaf,culm_stem,1,2026-08-11,"leaf_type 'leaf' value found to reflect an undocumented default fill, not a verified classification; column retired in favor of structural binary flags (frond/cladode/phyllode/microphyll) plus functional_leaf"
Willdenowia bolusii,Willdenowia bolusii,Willdenowia bolusii,leaf,culm_stem,1,2026-08-11,"leaf_type 'leaf' value found to reflect an undocumented default fill, not a verified classification; column retired in favor of structural binary flags (frond/cladode/phyllode/microphyll) plus functional_leaf"
Willdenowia glomerata,Willdenowia glomerata,Willdenowia glomerata,leaf,culm_stem,1,2026-08-11,"leaf_type 'leaf' value found to reflect an undocumented default fill, not a verified classification; column retired in favor of structural binary flags (frond/cladode/phyllode/microphyll) plus functional_leaf"
Willdenowia humilis,Willdenowia humilis,Willdenowia humilis,leaf,culm_stem,1,2026-08-11,"leaf_type 'leaf' value found to reflect an undocumented default fill, not a verified classification; column retired in favor of structural binary flags (frond/cladode/phyllode/microphyll) plus functional_leaf"
Willdenowia incurvata,Willdenowia incurvata,Willdenowia incurvata,leaf,culm_stem,1,2026-08-11,"leaf_type 'leaf' value found to reflect an undocumented default fill, not a verified classification; column retired in favor of structural binary flags (frond/cladode/phyllode/microphyll) plus functional_leaf"
Willdenowia stokoei,Willdenowia stokoei,Willdenowia stokoei,leaf,culm_stem,1,2026-08-11,"leaf_type 'leaf' value found to reflect an undocumented default fill, not a verified classification; column retired in favor of structural binary flags (frond/cladode/phyllode/microphyll) plus functional_leaf"
Willdenowia sulcata,Willdenowia sulcata,Willdenowia sulcata,leaf,culm_stem,1,2026-08-11,"leaf_type 'leaf' value found to reflect an undocumented default fill, not a verified classification; column retired in favor of structural binary flags (frond/cladode/phyllode/microphyll) plus functional_leaf"
Willdenowia teres,Willdenowia teres,Willdenowia teres,leaf,culm_stem,1,2026-08-11,"leaf_type 'leaf' value found to reflect an undocumented default fill, not a verified classification; column retired in favor of structural binary flags (frond/cladode/phyllode/microphyll) plus functional_leaf"
Zantedeschia aethiopica,Zantedeschia aethiopica,Zantedeschia aethiopica,leaf,leaf,0,2026-08-11,"leaf_type 'leaf' value found to reflect an undocumented default fill, not a verified classification; column retired in favor of structural binary flags (frond/cladode/phyllode/microphyll) plus functional_leaf"
Zyrphelis microcephala,Zyrphelis microcephala,Zyrphelis microcephala,leaf,leaf,0,2026-08-11,"leaf_type 'leaf' value found to reflect an undocumented default fill, not a verified classification; column retired in favor of structural binary flags (frond/cladode/phyllode/microphyll) plus functional_leaf"
Alatoseta tenuis,Alatoseta tenuis,Alatoseta tenuis,leaf,leaf,0,2026-08-11,"leaf_type 'leaf' value found to reflect an undocumented default fill, not a verified classification; column retired in favor of structural binary flags (frond/cladode/phyllode/microphyll) plus functional_leaf"
Albuca concordiana,Albuca concordiana,Coilonox concordianum,leaf,leaf,0,2026-08-11,"leaf_type 'leaf' value found to reflect an undocumented default fill, not a verified classification; column retired in favor of structural binary flags (frond/cladode/phyllode/microphyll) plus functional_leaf"
Aloe comosa,Aloe comosa,Aloe comosa,leaf,leaf,0,2026-08-11,"leaf_type 'leaf' value found to reflect an undocumented default fill, not a verified classification; column retired in favor of structural binary flags (frond/cladode/phyllode/microphyll) plus functional_leaf"
Aloe dichotoma var. dichotoma,Aloe dichotoma var. dichotoma,Qualea cordata var. dichotoma,leaf,leaf,0,2026-08-11,"leaf_type 'leaf' value found to reflect an undocumented default fill, not a verified classification; column retired in favor of structural binary flags (frond/cladode/phyllode/microphyll) plus functional_leaf"
Aloe microstigma,Aloe microstigma,Aloe microstigma,leaf,leaf,0,2026-08-11,"leaf_type 'leaf' value found to reflect an undocumented default fill, not a verified classification; column retired in favor of structural binary flags (frond/cladode/phyllode/microphyll) plus functional_leaf"
Alyssum minutum,Alyssum minutum,Alyssum minutum,leaf,leaf,0,2026-08-11,"leaf_type 'leaf' value found to reflect an undocumented default fill, not a verified classification; column retired in favor of structural binary flags (frond/cladode/phyllode/microphyll) plus functional_leaf"
Amphiglossa tomentosa,Amphiglossa tomentosa,Pterothrix tomentosa,leaf,leaf,0,2026-08-11,"leaf_type 'leaf' value found to reflect an undocumented default fill, not a verified classification; column retired in favor of structural binary flags (frond/cladode/phyllode/microphyll) plus functional_leaf"
Amphiglossa triflora,Amphiglossa triflora,Pterothrix spinescens,leaf,leaf,0,2026-08-11,"leaf_type 'leaf' value found to reflect an undocumented default fill, not a verified classification; column retired in favor of structural binary flags (frond/cladode/phyllode/microphyll) plus functional_leaf"
Amsinckia calycina,Amsinckia calycina,Amsinckia calycina,leaf,leaf,0,2026-08-11,"leaf_type 'leaf' value found to reflect an undocumented default fill, not a verified classification; column retired in favor of structural binary flags (frond/cladode/phyllode/microphyll) plus functional_leaf"
Amsinckia menziesii,Amsinckia menziesii,Amsinckia menziesii,leaf,leaf,0,2026-08-11,"leaf_type 'leaf' value found to reflect an undocumented default fill, not a verified classification; column retired in favor of structural binary flags (frond/cladode/phyllode/microphyll) plus functional_leaf"
Anacampseros albidiflora,Anacampseros albidiflora,Anacampseros albidiflora,leaf,leaf,0,2026-08-11,"leaf_type 'leaf' value found to reflect an undocumented default fill, not a verified classification; column retired in favor of structural binary flags (frond/cladode/phyllode/microphyll) plus functional_leaf"
Colchicum coloratum subsp. burchellii,Androcymbium burchellii,Colchicum burchellii,leaf,leaf,0,2026-08-11,"leaf_type 'leaf' value found to reflect an undocumented default fill, not a verified classification; column retired in favor of structural binary flags (frond/cladode/phyllode/microphyll) plus functional_leaf"
Colchicum volutare,Androcymbium volutare,Colchicum volutare,leaf,leaf,0,2026-08-11,"leaf_type 'leaf' value found to reflect an undocumented default fill, not a verified classification; column retired in favor of structural binary flags (frond/cladode/phyllode/microphyll) plus functional_leaf"
Anginon fruticosum,Anginon fruticosum,Anginon fruticosum,leaf,leaf,0,2026-08-11,"leaf_type 'leaf' value found to reflect an undocumented default fill, not a verified classification; column retired in favor of structural binary flags (frond/cladode/phyllode/microphyll) plus functional_leaf"
Anisodontea triloba,Anisodontea triloba,Anisodontea triloba,leaf,leaf,0,2026-08-11,"leaf_type 'leaf' value found to reflect an undocumented default fill, not a verified classification; column retired in favor of structural binary flags (frond/cladode/phyllode/microphyll) plus functional_leaf"
Anthospermum anthiopicum,Anthospermum anthiopicum,Anthospermum aethiopicum,leaf,leaf,0,2026-08-11,"leaf_type 'leaf' value found to reflect an undocumented default fill, not a verified classification; column retired in favor of structural binary flags (frond/cladode/phyllode/microphyll) plus functional_leaf"
Anthospermum dregei,Anthospermum dregei,Anthospermum dregei,leaf,leaf,0,2026-08-11,"leaf_type 'leaf' value found to reflect an undocumented default fill, not a verified classification; column retired in favor of structural binary flags (frond/cladode/phyllode/microphyll) plus functional_leaf"
Antimima gracillima,Antimima gracillima,Antimima gracillima,leaf,leaf,0,2026-08-11,"leaf_type 'leaf' value found to reflect an undocumented default fill, not a verified classification; column retired in favor of structural binary flags (frond/cladode/phyllode/microphyll) plus functional_leaf"
Antimima triquetra,Antimima triquetra,Antimima triquetra,leaf,leaf,0,2026-08-11,"leaf_type 'leaf' value found to reflect an undocumented default fill, not a verified classification; column retired in favor of structural binary flags (frond/cladode/phyllode/microphyll) plus functional_leaf"
Aptosimum indivisum,Aptosimum indivisum,Aptosimum indivisum,leaf,leaf,0,2026-08-11,"leaf_type 'leaf' value found to reflect an undocumented default fill, not a verified classification; column retired in favor of structural binary flags (frond/cladode/phyllode/microphyll) plus functional_leaf"
Aptosimum procumbens,Aptosimum procumbens,Aptosimum procumbens,leaf,leaf,0,2026-08-11,"leaf_type 'leaf' value found to reflect an undocumented default fill, not a verified classification; column retired in favor of structural binary flags (frond/cladode/phyllode/microphyll) plus functional_leaf"
Aptosimum spinescens,Aptosimum spinescens,Aptosimum spinescens,leaf,leaf,0,2026-08-11,"leaf_type 'leaf' value found to reflect an undocumented default fill, not a verified classification; column retired in favor of structural binary flags (frond/cladode/phyllode/microphyll) plus functional_leaf"
Arctotis fastuosa,Arctotis fastuosa,Arctotis fastuosa,leaf,leaf,0,2026-08-11,"leaf_type 'leaf' value found to reflect an undocumented default fill, not a verified classification; column retired in favor of structural binary flags (frond/cladode/phyllode/microphyll) plus functional_leaf"
Mesembryanthemum noctiflora,Aridaria noctiflora,Mesembryanthemum noctiflorum,leaf,leaf,0,2026-08-11,"leaf_type 'leaf' value found to reflect an undocumented default fill, not a verified classification; column retired in favor of structural binary flags (frond/cladode/phyllode/microphyll) plus functional_leaf"
Aristida vestita,Aristida vestita,Aristida vestita,leaf,leaf,0,2026-08-11,"leaf_type 'leaf' value found to reflect an undocumented default fill, not a verified classification; column retired in favor of structural binary flags (frond/cladode/phyllode/microphyll) plus functional_leaf"
Asparagus asparagoides,Asparagus asparagoides,Asparagus asparagoides,cladode,leaf,0,2026-08-11,"leaf_type 'leaf' value found to reflect an undocumented default fill, not a verified classification; column retired in favor of structural binary flags (frond/cladode/phyllode/microphyll) plus functional_leaf"
Asparagus multituberosus,Asparagus multituberosus,Asparagus multituberosus,cladode,leaf,0,2026-08-11,"leaf_type 'leaf' value found to reflect an undocumented default fill, not a verified classification; column retired in favor of structural binary flags (frond/cladode/phyllode/microphyll) plus functional_leaf"
Asparagus ovatus,Asparagus ovatus,Asparagus ovatus,cladode,leaf,0,2026-08-11,"leaf_type 'leaf' value found to reflect an undocumented default fill, not a verified classification; column retired in favor of structural binary flags (frond/cladode/phyllode/microphyll) plus functional_leaf"
Athanasia minuta,Athanasia minuta,Athanasia minuta,leaf,leaf,0,2026-08-11,"leaf_type 'leaf' value found to reflect an undocumented default fill, not a verified classification; column retired in favor of structural binary flags (frond/cladode/phyllode/microphyll) plus functional_leaf"
Atriplex cinerea,Atriplex cinerea subsp. bolusii,Atriplex cinerea,leaf,leaf,0,2026-08-11,"leaf_type 'leaf' value found to reflect an undocumented default fill, not a verified classification; column retired in favor of structural binary flags (frond/cladode/phyllode/microphyll) plus functional_leaf"
Atriplex lindleyi,Atriplex lindleyi,Atriplex lindleyi,leaf,leaf,0,2026-08-11,"leaf_type 'leaf' value found to reflect an undocumented default fill, not a verified classification; column retired in favor of structural binary flags (frond/cladode/phyllode/microphyll) plus functional_leaf"
Atriplex semibaccata,Atriplex semibaccata,Atriplex semibaccata,leaf,leaf,0,2026-08-11,"leaf_type 'leaf' value found to reflect an undocumented default fill, not a verified classification; column retired in favor of structural binary flags (frond/cladode/phyllode/microphyll) plus functional_leaf"
Augea capensis,Augea capensis,Zygophyllum augea,leaf,leaf,0,2026-08-11,"leaf_type 'leaf' value found to reflect an undocumented default fill, not a verified classification; column retired in favor of structural binary flags (frond/cladode/phyllode/microphyll) plus functional_leaf"
Babiana flabellifolia,Babiana flabellifolia,Babiana flabellifolia,leaf,leaf,0,2026-08-11,"leaf_type 'leaf' value found to reflect an undocumented default fill, not a verified classification; column retired in favor of structural binary flags (frond/cladode/phyllode/microphyll) plus functional_leaf"
Babiana framesii,Babiana framesii,Babiana framesii,leaf,leaf,0,2026-08-11,"leaf_type 'leaf' value found to reflect an undocumented default fill, not a verified classification; column retired in favor of structural binary flags (frond/cladode/phyllode/microphyll) plus functional_leaf"
Babiana pauciflora,Babiana pauciflora,Babiana pauciflora,leaf,leaf,0,2026-08-11,"leaf_type 'leaf' value found to reflect an undocumented default fill, not a verified classification; column retired in favor of structural binary flags (frond/cladode/phyllode/microphyll) plus functional_leaf"
Babiana sambucina,Babiana sambucina var. longibracteata,Babiana sambucina,leaf,leaf,0,2026-08-11,"leaf_type 'leaf' value found to reflect an undocumented default fill, not a verified classification; column retired in favor of structural binary flags (frond/cladode/phyllode/microphyll) plus functional_leaf"
Babiana spathacea,Babiana spathaceae,Babiana spathacea,leaf,leaf,0,2026-08-11,"leaf_type 'leaf' value found to reflect an undocumented default fill, not a verified classification; column retired in favor of structural binary flags (frond/cladode/phyllode/microphyll) plus functional_leaf"
Berkheya eriobasis,Berkheya eriobasis,Berkheya eriobasis,leaf,leaf,0,2026-08-11,"leaf_type 'leaf' value found to reflect an undocumented default fill, not a verified classification; column retired in favor of structural binary flags (frond/cladode/phyllode/microphyll) plus functional_leaf"
Berkheya fruticosa,Berkheya fruticosa,Berkheya fruticosa,leaf,leaf,0,2026-08-11,"leaf_type 'leaf' value found to reflect an undocumented default fill, not a verified classification; column retired in favor of structural binary flags (frond/cladode/phyllode/microphyll) plus functional_leaf"
Berkheya glabrata,Berkheya glabrata,Berkheya glabrata,leaf,leaf,0,2026-08-11,"leaf_type 'leaf' value found to reflect an undocumented default fill, not a verified classification; column retired in favor of structural binary flags (frond/cladode/phyllode/microphyll) plus functional_leaf"
Berkheya heterophylla,Berkheya heterophylla,Berkheya heterophylla,leaf,leaf,0,2026-08-11,"leaf_type 'leaf' value found to reflect an undocumented default fill, not a verified classification; column retired in favor of structural binary flags (frond/cladode/phyllode/microphyll) plus functional_leaf"
Berkheya onobromoides,Berkheya onobromoides,Berkheya onobromoides,leaf,leaf,0,2026-08-11,"leaf_type 'leaf' value found to reflect an undocumented default fill, not a verified classification; column retired in favor of structural binary flags (frond/cladode/phyllode/microphyll) plus functional_leaf"
Boophane disticha,Boophane disticha,Boophone disticha,leaf,leaf,0,2026-08-11,"leaf_type 'leaf' value found to reflect an undocumented default fill, not a verified classification; column retired in favor of structural binary flags (frond/cladode/phyllode/microphyll) plus functional_leaf"
Bromus pectinatus,Bromus pectinatus,Bromus pectinatus,leaf,leaf,0,2026-08-11,"leaf_type 'leaf' value found to reflect an undocumented default fill, not a verified classification; column retired in favor of structural binary flags (frond/cladode/phyllode/microphyll) plus functional_leaf"
Brunsvigia bosmaniae,Brunsvigia bosmaniae,Brunsvigia bosmaniae,leaf,leaf,0,2026-08-11,"leaf_type 'leaf' value found to reflect an undocumented default fill, not a verified classification; column retired in favor of structural binary flags (frond/cladode/phyllode/microphyll) plus functional_leaf"
Brunsvigia striata,Brunsvigia cf. minor,Brunsvigia nervosa,leaf,leaf,0,2026-08-11,"leaf_type 'leaf' value found to reflect an undocumented default fill, not a verified classification; column retired in favor of structural binary flags (frond/cladode/phyllode/microphyll) plus functional_leaf"
Bulbine aloides,Bulbine aloides,Bulbine alooides,leaf,leaf,0,2026-08-11,"leaf_type 'leaf' value found to reflect an undocumented default fill, not a verified classification; column retired in favor of structural binary flags (frond/cladode/phyllode/microphyll) plus functional_leaf"
Bulbinella nutans,Bulbine nutans,Bulbinella nutans,leaf,leaf,0,2026-08-11,"leaf_type 'leaf' value found to reflect an undocumented default fill, not a verified classification; column retired in favor of structural binary flags (frond/cladode/phyllode/microphyll) plus functional_leaf"
Bulbine praemorsa,Bulbine praemorsa,Bulbine praemorsa,leaf,leaf,0,2026-08-11,"leaf_type 'leaf' value found to reflect an undocumented default fill, not a verified classification; column retired in favor of structural binary flags (frond/cladode/phyllode/microphyll) plus functional_leaf"
Bulbine succulenta,Bulbine succulenta,Bulbine succulenta,leaf,leaf,0,2026-08-11,"leaf_type 'leaf' value found to reflect an undocumented default fill, not a verified classification; column retired in favor of structural binary flags (frond/cladode/phyllode/microphyll) plus functional_leaf"
Bulbine torta,Bulbine torta,Bulbine torta,leaf,leaf,0,2026-08-11,"leaf_type 'leaf' value found to reflect an undocumented default fill, not a verified classification; column retired in favor of structural binary flags (frond/cladode/phyllode/microphyll) plus functional_leaf"
Capsella bursa-pastoris,Capsella bursa-pastoris,Capsella bursa-pastoris,leaf,leaf,0,2026-08-11,"leaf_type 'leaf' value found to reflect an undocumented default fill, not a verified classification; column retired in favor of structural binary flags (frond/cladode/phyllode/microphyll) plus functional_leaf"
Cephalophyllum curtophyllum,Cephalophyllum curtophyllum,Cephalophyllum curtophyllum,leaf,leaf,0,2026-08-11,"leaf_type 'leaf' value found to reflect an undocumented default fill, not a verified classification; column retired in favor of structural binary flags (frond/cladode/phyllode/microphyll) plus functional_leaf"
Cephalophyllum framesii,Cephalophyllum framesii,Cephalophyllum framesii,leaf,leaf,0,2026-08-11,"leaf_type 'leaf' value found to reflect an undocumented default fill, not a verified classification; column retired in favor of structural binary flags (frond/cladode/phyllode/microphyll) plus functional_leaf"
Cephalophyllum hallii,Cephalophyllum hallii,Cephalophyllum hallii,leaf,leaf,0,2026-08-11,"leaf_type 'leaf' value found to reflect an undocumented default fill, not a verified classification; column retired in favor of structural binary flags (frond/cladode/phyllode/microphyll) plus functional_leaf"
Chaenostoma caeruleum,Chaenostoma caeruleum,Chaenostoma caeruleum,leaf,leaf,0,2026-08-11,"leaf_type 'leaf' value found to reflect an undocumented default fill, not a verified classification; column retired in favor of structural binary flags (frond/cladode/phyllode/microphyll) plus functional_leaf"
Chaetobromus involucratus,Chaetobromus involucratus,Chaetobromus involucratus,leaf,mixed,0,2026-08-11,"leaf_type 'leaf' value found to reflect an undocumented default fill, not a verified classification; column retired in favor of structural binary flags (frond/cladode/phyllode/microphyll) plus functional_leaf"
Cheiridopsis namaquensis,Cheiridopsis namaquensis,Cheiridopsis namaquensis,leaf,leaf,0,2026-08-11,"leaf_type 'leaf' value found to reflect an undocumented default fill, not a verified classification; column retired in favor of structural binary flags (frond/cladode/phyllode/microphyll) plus functional_leaf"
Chlorophytum undulatum,Chlorophytum undulatum,Chlorophytum graminifolium,leaf,leaf,0,2026-08-11,"leaf_type 'leaf' value found to reflect an undocumented default fill, not a verified classification; column retired in favor of structural binary flags (frond/cladode/phyllode/microphyll) plus functional_leaf"
Chrysocoma oblongifolia,Chrysocoma oblongifolia,Chrysocoma oblongifolia,leaf,leaf,0,2026-08-11,"leaf_type 'leaf' value found to reflect an undocumented default fill, not a verified classification; column retired in favor of structural binary flags (frond/cladode/phyllode/microphyll) plus functional_leaf"
Cladoraphis spinosa,Cladoraphis spinosa,Cladoraphis spinosa,leaf,mixed,0,2026-08-11,"leaf_type 'leaf' value found to reflect an undocumented default fill, not a verified classification; column retired in favor of structural binary flags (frond/cladode/phyllode/microphyll) plus functional_leaf"
Cleretum bellidiforme,Cleretum bellidiforme,Cleretum bellidiforme,leaf,leaf,0,2026-08-11,"leaf_type 'leaf' value found to reflect an undocumented default fill, not a verified classification; column retired in favor of structural binary flags (frond/cladode/phyllode/microphyll) plus functional_leaf"
Cleretum lyratifolium,Cleretum lyratifolium,Cleretum lyratifolium,leaf,leaf,0,2026-08-11,"leaf_type 'leaf' value found to reflect an undocumented default fill, not a verified classification; column retired in favor of structural binary flags (frond/cladode/phyllode/microphyll) plus functional_leaf"
Cleretum maughanii,Cleretum maughanii,Cleretum maughanii,leaf,leaf,0,2026-08-11,"leaf_type 'leaf' value found to reflect an undocumented default fill, not a verified classification; column retired in favor of structural binary flags (frond/cladode/phyllode/microphyll) plus functional_leaf"
Cleretum papulosum,Cleretum papulosum,Cleretum papulosum,leaf,leaf,0,2026-08-11,"leaf_type 'leaf' value found to reflect an undocumented default fill, not a verified classification; column retired in favor of structural binary flags (frond/cladode/phyllode/microphyll) plus functional_leaf"
Cliffortia arborea,Cliffortia arborea,Cliffortia arborea,leaf,leaf,0,2026-08-11,"leaf_type 'leaf' value found to reflect an undocumented default fill, not a verified classification; column retired in favor of structural binary flags (frond/cladode/phyllode/microphyll) plus functional_leaf"
Colchicum albomarginatum,Colchicum albomarginatum,Colchicum albomarginatum,leaf,leaf,0,2026-08-11,"leaf_type 'leaf' value found to reflect an undocumented default fill, not a verified classification; column retired in favor of structural binary flags (frond/cladode/phyllode/microphyll) plus functional_leaf"
Colchicum capense subsp. ciliolatum,Colchicum capense subsp. ciliolatum,Colchicum capense subsp. ciliolatum,leaf,leaf,0,2026-08-11,"leaf_type 'leaf' value found to reflect an undocumented default fill, not a verified classification; column retired in favor of structural binary flags (frond/cladode/phyllode/microphyll) plus functional_leaf"
Colchicum crispum,Colchicum crispum,Colchicum crispum,leaf,leaf,0,2026-08-11,"leaf_type 'leaf' value found to reflect an undocumented default fill, not a verified classification; column retired in favor of structural binary flags (frond/cladode/phyllode/microphyll) plus functional_leaf"
Convolvulus capensis,Convolvulus capensis,Convolvulus capensis,leaf,leaf,0,2026-08-11,"leaf_type 'leaf' value found to reflect an undocumented default fill, not a verified classification; column retired in favor of structural binary flags (frond/cladode/phyllode/microphyll) plus functional_leaf"
Nidorella ivifolia,Conyza scabrida,Nidorella ivifolia,leaf,leaf,0,2026-08-11,"leaf_type 'leaf' value found to reflect an undocumented default fill, not a verified classification; column retired in favor of structural binary flags (frond/cladode/phyllode/microphyll) plus functional_leaf"
Cotula barbata,Cotula barbata,Cotula barbata,leaf,leaf,0,2026-08-11,"leaf_type 'leaf' value found to reflect an undocumented default fill, not a verified classification; column retired in favor of structural binary flags (frond/cladode/phyllode/microphyll) plus functional_leaf"
Cotula bipinnata,Cotula bipinnata,Cotula bipinnata,leaf,leaf,0,2026-08-11,"leaf_type 'leaf' value found to reflect an undocumented default fill, not a verified classification; column retired in favor of structural binary flags (frond/cladode/phyllode/microphyll) plus functional_leaf"
Cotula microglossa,Cotula microglossa,Cotula microglossa,leaf,leaf,0,2026-08-11,"leaf_type 'leaf' value found to reflect an undocumented default fill, not a verified classification; column retired in favor of structural binary flags (frond/cladode/phyllode/microphyll) plus functional_leaf"
Cotula nudicaulis,Cotula nudicaulis,Cotula nudicaulis,leaf,leaf,0,2026-08-11,"leaf_type 'leaf' value found to reflect an undocumented default fill, not a verified classification; column retired in favor of structural binary flags (frond/cladode/phyllode/microphyll) plus functional_leaf"
Cotula sororia,Cotula sororia,Cotula sororia,leaf,leaf,0,2026-08-11,"leaf_type 'leaf' value found to reflect an undocumented default fill, not a verified classification; column retired in favor of structural binary flags (frond/cladode/phyllode/microphyll) plus functional_leaf"
Crassula alpestris,Crassula alpestris,Crassula alpestris,leaf,leaf,0,2026-08-11,"leaf_type 'leaf' value found to reflect an undocumented default fill, not a verified classification; column retired in favor of structural binary flags (frond/cladode/phyllode/microphyll) plus functional_leaf"
Crassula barbata,Crassula barbata,Crassula barbata,leaf,leaf,0,2026-08-11,"leaf_type 'leaf' value found to reflect an undocumented default fill, not a verified classification; column retired in favor of structural binary flags (frond/cladode/phyllode/microphyll) plus functional_leaf"
Crassula dichotoma,Crassula dichotoma,Crassula dichotoma,leaf,leaf,0,2026-08-11,"leaf_type 'leaf' value found to reflect an undocumented default fill, not a verified classification; column retired in favor of structural binary flags (frond/cladode/phyllode/microphyll) plus functional_leaf"
Crassula glomerata,Crassula glomerata,Crassula glomerata,leaf,leaf,0,2026-08-11,"leaf_type 'leaf' value found to reflect an undocumented default fill, not a verified classification; column retired in favor of structural binary flags (frond/cladode/phyllode/microphyll) plus functional_leaf"
Crassula sericea,Crassula sericea,Crassula sericea,leaf,leaf,0,2026-08-11,"leaf_type 'leaf' value found to reflect an undocumented default fill, not a verified classification; column retired in favor of structural binary flags (frond/cladode/phyllode/microphyll) plus functional_leaf"
Crassula subaphylla,Crassula subaphylla,Crassula subaphylla,leaf,leaf,0,2026-08-11,"leaf_type 'leaf' value found to reflect an undocumented default fill, not a verified classification; column retired in favor of structural binary flags (frond/cladode/phyllode/microphyll) plus functional_leaf"
Crassula thunbergiana,Crassula thunbergiana,Crassula thunbergiana,leaf,leaf,0,2026-08-11,"leaf_type 'leaf' value found to reflect an undocumented default fill, not a verified classification; column retired in favor of structural binary flags (frond/cladode/phyllode/microphyll) plus functional_leaf"
Crassula umbella,Crassula umbella,Crassula umbella,leaf,leaf,0,2026-08-11,"leaf_type 'leaf' value found to reflect an undocumented default fill, not a verified classification; column retired in favor of structural binary flags (frond/cladode/phyllode/microphyll) plus functional_leaf"
Crassula vaillantii,Crassula vaillantii,Crassula vaillantii,leaf,leaf,0,2026-08-11,"leaf_type 'leaf' value found to reflect an undocumented default fill, not a verified classification; column retired in favor of structural binary flags (frond/cladode/phyllode/microphyll) plus functional_leaf"
Cromidon corrigioloides,Cromidon corrigioloides,Cromidon corrigioloides,leaf,leaf,0,2026-08-11,"leaf_type 'leaf' value found to reflect an undocumented default fill, not a verified classification; column retired in favor of structural binary flags (frond/cladode/phyllode/microphyll) plus functional_leaf"
Cromidon varicalyx,Cromidon varicalyx,Cromidon varicalyx,leaf,leaf,0,2026-08-11,"leaf_type 'leaf' value found to reflect an undocumented default fill, not a verified classification; column retired in favor of structural binary flags (frond/cladode/phyllode/microphyll) plus functional_leaf"
Crossyne guttata,Crossyne guttata,Crossyne guttata,leaf,leaf,0,2026-08-11,"leaf_type 'leaf' value found to reflect an undocumented default fill, not a verified classification; column retired in favor of structural binary flags (frond/cladode/phyllode/microphyll) plus functional_leaf"
Cyperus marginatus,Cyperus marginatus,Cyperus marginatus,leaf,mixed,1,2026-08-11,"leaf_type 'leaf' value found to reflect an undocumented default fill, not a verified classification; column retired in favor of structural binary flags (frond/cladode/phyllode/microphyll) plus functional_leaf"
Cyphia volubilis,Cyphia volubilis,Cyphia volubilis,leaf,mixed,0,2026-08-11,"leaf_type 'leaf' value found to reflect an undocumented default fill, not a verified classification; column retired in favor of structural binary flags (frond/cladode/phyllode/microphyll) plus functional_leaf"
Cysticapnos vesicaria,Cysticapnos vesicaria,Cysticapnos vesicaria,leaf,leaf,0,2026-08-11,"leaf_type 'leaf' value found to reflect an undocumented default fill, not a verified classification; column retired in favor of structural binary flags (frond/cladode/phyllode/microphyll) plus functional_leaf"
Deverra denudata,Deverra denudata,Deverra denudata,leaf,mixed,1,2026-08-11,"leaf_type 'leaf' value found to reflect an undocumented default fill, not a verified classification; column retired in favor of structural binary flags (frond/cladode/phyllode/microphyll) plus functional_leaf"
Diascia macrophylla,Diascia macrophylla,Diascia macrophylla,leaf,leaf,0,2026-08-11,"leaf_type 'leaf' value found to reflect an undocumented default fill, not a verified classification; column retired in favor of structural binary flags (frond/cladode/phyllode/microphyll) plus functional_leaf"
Diascia namaquensis,Diascia namaquensis,Diascia namaquensis,leaf,leaf,0,2026-08-11,"leaf_type 'leaf' value found to reflect an undocumented default fill, not a verified classification; column retired in favor of structural binary flags (frond/cladode/phyllode/microphyll) plus functional_leaf"
Diascia nana,Diascia nana,Diascia nana,leaf,leaf,0,2026-08-11,"leaf_type 'leaf' value found to reflect an undocumented default fill, not a verified classification; column retired in favor of structural binary flags (frond/cladode/phyllode/microphyll) plus functional_leaf"
Didelta spinosa,Didelta spinosa,Didelta spinosa,leaf,leaf,0,2026-08-11,"leaf_type 'leaf' value found to reflect an undocumented default fill, not a verified classification; column retired in favor of structural binary flags (frond/cladode/phyllode/microphyll) plus functional_leaf"
Dimorphotheca cuneata,Dimorphotheca cuneata,Dimorphotheca cuneata,leaf,leaf,0,2026-08-11,"leaf_type 'leaf' value found to reflect an undocumented default fill, not a verified classification; column retired in favor of structural binary flags (frond/cladode/phyllode/microphyll) plus functional_leaf"
Dimorphotheca pinnata,Dimorphotheca pinnata,Osteospermum pinnatum,leaf,leaf,0,2026-08-11,"leaf_type 'leaf' value found to reflect an undocumented default fill, not a verified classification; column retired in favor of structural binary flags (frond/cladode/phyllode/microphyll) plus functional_leaf"
Dimorphotheca pluvialis,Dimorphotheca pluvialis,Dimorphotheca pluvialis,leaf,leaf,0,2026-08-11,"leaf_type 'leaf' value found to reflect an undocumented default fill, not a verified classification; column retired in favor of structural binary flags (frond/cladode/phyllode/microphyll) plus functional_leaf"
Dimorphotheca sinuata,Dimorphotheca sinuata,Dimorphotheca sinuata,leaf,leaf,0,2026-08-11,"leaf_type 'leaf' value found to reflect an undocumented default fill, not a verified classification; column retired in favor of structural binary flags (frond/cladode/phyllode/microphyll) plus functional_leaf"
Disperis purpurata,Disperis purpurata,Disperis purpurata,leaf,leaf,0,2026-08-11,"leaf_type 'leaf' value found to reflect an undocumented default fill, not a verified classification; column retired in favor of structural binary flags (frond/cladode/phyllode/microphyll) plus functional_leaf"
Drimia physodes,Drimia physodes,Fusifilum physodes,leaf,leaf,0,2026-08-11,"leaf_type 'leaf' value found to reflect an undocumented default fill, not a verified classification; column retired in favor of structural binary flags (frond/cladode/phyllode/microphyll) plus functional_leaf"
Drosanthemum floribundum,Drosanthemum floribundum,Drosanthemum floribundum,leaf,leaf,0,2026-08-11,"leaf_type 'leaf' value found to reflect an undocumented default fill, not a verified classification; column retired in favor of structural binary flags (frond/cladode/phyllode/microphyll) plus functional_leaf"
Drosanthemum framesii,Drosanthemum framesii,Drosanthemum framesii,leaf,leaf,0,2026-08-11,"leaf_type 'leaf' value found to reflect an undocumented default fill, not a verified classification; column retired in favor of structural binary flags (frond/cladode/phyllode/microphyll) plus functional_leaf"
Drosanthemum karrooense,Drosanthemum karrooense,Drosanthemum karrooense,leaf,leaf,0,2026-08-11,"leaf_type 'leaf' value found to reflect an undocumented default fill, not a verified classification; column retired in favor of structural binary flags (frond/cladode/phyllode/microphyll) plus functional_leaf"
Ehrharta delicatula,Ehrharta delicatula,Ehrharta delicatula,leaf,mixed,0,2026-08-11,"leaf_type 'leaf' value found to reflect an undocumented default fill, not a verified classification; column retired in favor of structural binary flags (frond/cladode/phyllode/microphyll) plus functional_leaf"
Ehrharta longiflora,Ehrharta longiflora,Ehrharta longiflora,leaf,mixed,0,2026-08-11,"leaf_type 'leaf' value found to reflect an undocumented default fill, not a verified classification; column retired in favor of structural binary flags (frond/cladode/phyllode/microphyll) plus functional_leaf"
Ehrharta longifolia,Ehrharta longifolia,Ehrharta longifolia,leaf,mixed,0,2026-08-11,"leaf_type 'leaf' value found to reflect an undocumented default fill, not a verified classification; column retired in favor of structural binary flags (frond/cladode/phyllode/microphyll) plus functional_leaf"
Ehrharta melicoides,Ehrharta melicoides,Ehrharta melicoides,leaf,mixed,0,2026-08-11,"leaf_type 'leaf' value found to reflect an undocumented default fill, not a verified classification; column retired in favor of structural binary flags (frond/cladode/phyllode/microphyll) plus functional_leaf"
Ehrharta ramosa,Ehrharta ramosa subsp. ramosa,Ehrharta ramosa,leaf,mixed,0,2026-08-11,"leaf_type 'leaf' value found to reflect an undocumented default fill, not a verified classification; column retired in favor of structural binary flags (frond/cladode/phyllode/microphyll) plus functional_leaf"
Emilia hantamensis,Emilia hantamensis,Emilia hantamensis,leaf,leaf,0,2026-08-11,"leaf_type 'leaf' value found to reflect an undocumented default fill, not a verified classification; column retired in favor of structural binary flags (frond/cladode/phyllode/microphyll) plus functional_leaf"
Erica inaequalis,Erica inaequalis,Erica inaequalis,leaf,leaf,0,2026-08-11,"leaf_type 'leaf' value found to reflect an undocumented default fill, not a verified classification; column retired in favor of structural binary flags (frond/cladode/phyllode/microphyll) plus functional_leaf"
Eriocephalus decussatus,Eriocephalus decussatus,Eriocephalus decussatus,leaf,leaf,0,2026-08-11,"leaf_type 'leaf' value found to reflect an undocumented default fill, not a verified classification; column retired in favor of structural binary flags (frond/cladode/phyllode/microphyll) plus functional_leaf"
Eriocephalus ericoides,Eriocephalus ericoides,Eriocephalus ericoides,leaf,leaf,0,2026-08-11,"leaf_type 'leaf' value found to reflect an undocumented default fill, not a verified classification; column retired in favor of structural binary flags (frond/cladode/phyllode/microphyll) plus functional_leaf"
Eriocephalus microphyllus,Eriocephalus microphyllus,Eriocephalus microphyllus,leaf,leaf,0,2026-08-11,"leaf_type 'leaf' value found to reflect an undocumented default fill, not a verified classification; column retired in favor of structural binary flags (frond/cladode/phyllode/microphyll) plus functional_leaf"
Eriocephalus namaquensis,Eriocephalus namaquensis,Eriocephalus namaquensis,leaf,leaf,0,2026-08-11,"leaf_type 'leaf' value found to reflect an undocumented default fill, not a verified classification; column retired in favor of structural binary flags (frond/cladode/phyllode/microphyll) plus functional_leaf"
Eriocephalus pauperrimus,Eriocephalus pauperrimus,Eriocephalus pauperrimus,leaf,leaf,0,2026-08-11,"leaf_type 'leaf' value found to reflect an undocumented default fill, not a verified classification; column retired in favor of structural binary flags (frond/cladode/phyllode/microphyll) plus functional_leaf"
Eriocephalus punctulatus,Eriocephalus punctulatus,Eriocephalus punctulatus,leaf,leaf,0,2026-08-11,"leaf_type 'leaf' value found to reflect an undocumented default fill, not a verified classification; column retired in favor of structural binary flags (frond/cladode/phyllode/microphyll) plus functional_leaf"
Eriocephalus purpureus,Eriocephalus purpureus,Eriocephalus purpureus,leaf,leaf,0,2026-08-11,"leaf_type 'leaf' value found to reflect an undocumented default fill, not a verified classification; column retired in favor of structural binary flags (frond/cladode/phyllode/microphyll) plus functional_leaf"
Eriocephalus spinescens,Eriocephalus spinescens,Eriocephalus spinescens,leaf,leaf,0,2026-08-11,"leaf_type 'leaf' value found to reflect an undocumented default fill, not a verified classification; column retired in favor of structural binary flags (frond/cladode/phyllode/microphyll) plus functional_leaf"
Erodium cicutarium,Erodium cicutarium,Erodium cicutarium,leaf,leaf,0,2026-08-11,"leaf_type 'leaf' value found to reflect an undocumented default fill, not a verified classification; column retired in favor of structural binary flags (frond/cladode/phyllode/microphyll) plus functional_leaf"
Erodium moschatum,Erodium moschatum,Erodium moschatum,leaf,leaf,0,2026-08-11,"leaf_type 'leaf' value found to reflect an undocumented default fill, not a verified classification; column retired in favor of structural binary flags (frond/cladode/phyllode/microphyll) plus functional_leaf"
Euchlora hirsuta,Euchlora hirsuta,Euchlora hirsuta,leaf,leaf,0,2026-08-11,"leaf_type 'leaf' value found to reflect an undocumented default fill, not a verified classification; column retired in favor of structural binary flags (frond/cladode/phyllode/microphyll) plus functional_leaf"
Euphorbia hamata,Euphorbia hamata,Euphorbia hamata,leaf,mixed,1,2026-08-11,"leaf_type 'leaf' value found to reflect an undocumented default fill, not a verified classification; column retired in favor of structural binary flags (frond/cladode/phyllode/microphyll) plus functional_leaf"
Euphorbia multiceps,Euphorbia multiceps,Euphorbia multiceps,leaf,mixed,1,2026-08-11,"leaf_type 'leaf' value found to reflect an undocumented default fill, not a verified classification; column retired in favor of structural binary flags (frond/cladode/phyllode/microphyll) plus functional_leaf"
Euryops annuus,Euryops annuus,Euryops annuus,leaf,leaf,0,2026-08-11,"leaf_type 'leaf' value found to reflect an undocumented default fill, not a verified classification; column retired in favor of structural binary flags (frond/cladode/phyllode/microphyll) plus functional_leaf"
Euryops imbricatus,Euryops imbricatus,Euryops imbricatus,leaf,leaf,0,2026-08-11,"leaf_type 'leaf' value found to reflect an undocumented default fill, not a verified classification; column retired in favor of structural binary flags (frond/cladode/phyllode/microphyll) plus functional_leaf"
Euryops lateriflorus,Euryops lateriflorus,Euryops lateriflorus,leaf,leaf,0,2026-08-11,"leaf_type 'leaf' value found to reflect an undocumented default fill, not a verified classification; column retired in favor of structural binary flags (frond/cladode/phyllode/microphyll) plus functional_leaf"
Euryops marlothii,Euryops marlothii,Euryops marlothii,leaf,leaf,0,2026-08-11,"leaf_type 'leaf' value found to reflect an undocumented default fill, not a verified classification; column retired in favor of structural binary flags (frond/cladode/phyllode/microphyll) plus functional_leaf"
Euryops multifidus,Euryops multifidus,Euryops multifidus,leaf,leaf,0,2026-08-11,"leaf_type 'leaf' value found to reflect an undocumented default fill, not a verified classification; column retired in favor of structural binary flags (frond/cladode/phyllode/microphyll) plus functional_leaf"
Euryops trifidus,Euryops trifidus,Euryops trifidus,leaf,leaf,0,2026-08-11,"leaf_type 'leaf' value found to reflect an undocumented default fill, not a verified classification; column retired in favor of structural binary flags (frond/cladode/phyllode/microphyll) plus functional_leaf"
Felicia merxmuelleri,Felicia merxmuelleri,Felicia merxmuelleri,leaf,leaf,0,2026-08-11,"leaf_type 'leaf' value found to reflect an undocumented default fill, not a verified classification; column retired in favor of structural binary flags (frond/cladode/phyllode/microphyll) plus functional_leaf"
Felicia australis,Felicia australis,Felicia australis,leaf,leaf,0,2026-08-11,"leaf_type 'leaf' value found to reflect an undocumented default fill, not a verified classification; column retired in favor of structural binary flags (frond/cladode/phyllode/microphyll) plus functional_leaf"
Felicia bergiana,Felicia bergiana,Felicia bergeriana,leaf,leaf,0,2026-08-11,"leaf_type 'leaf' value found to reflect an undocumented default fill, not a verified classification; column retired in favor of structural binary flags (frond/cladode/phyllode/microphyll) plus functional_leaf"
Felicia brevifolia,Felicia brevifolia,Felicia brevifolia,leaf,leaf,0,2026-08-11,"leaf_type 'leaf' value found to reflect an undocumented default fill, not a verified classification; column retired in favor of structural binary flags (frond/cladode/phyllode/microphyll) plus functional_leaf"
Felicia hirsuta,Felicia hirsuta,Felicia hirsuta,leaf,leaf,0,2026-08-11,"leaf_type 'leaf' value found to reflect an undocumented default fill, not a verified classification; column retired in favor of structural binary flags (frond/cladode/phyllode/microphyll) plus functional_leaf"
Felicia hirta,Felicia hirta,Felicia hirta,leaf,leaf,0,2026-08-11,"leaf_type 'leaf' value found to reflect an undocumented default fill, not a verified classification; column retired in favor of structural binary flags (frond/cladode/phyllode/microphyll) plus functional_leaf"
Felicia hispida,Felicia hispida,Felicia hispida,leaf,leaf,0,2026-08-11,"leaf_type 'leaf' value found to reflect an undocumented default fill, not a verified classification; column retired in favor of structural binary flags (frond/cladode/phyllode/microphyll) plus functional_leaf"
Felicia macrorrhiza,Felicia macrorrhiza,Felicia macrorrhiza,leaf,leaf,0,2026-08-11,"leaf_type 'leaf' value found to reflect an undocumented default fill, not a verified classification; column retired in favor of structural binary flags (frond/cladode/phyllode/microphyll) plus functional_leaf"
Felicia ovata,Felicia ovata,Felicia ovata,leaf,leaf,0,2026-08-11,"leaf_type 'leaf' value found to reflect an undocumented default fill, not a verified classification; column retired in favor of structural binary flags (frond/cladode/phyllode/microphyll) plus functional_leaf"
Felicia rogersii,Felicia rogersii,Felicia rogersii,leaf,leaf,0,2026-08-11,"leaf_type 'leaf' value found to reflect an undocumented default fill, not a verified classification; column retired in favor of structural binary flags (frond/cladode/phyllode/microphyll) plus functional_leaf"
Fingerhuthia africana,Fingerhuthia africana,Fingerhuthia africana,leaf,mixed,0,2026-08-11,"leaf_type 'leaf' value found to reflect an undocumented default fill, not a verified classification; column retired in favor of structural binary flags (frond/cladode/phyllode/microphyll) plus functional_leaf"
Forsskaolea candida,Forsskaolea candida,Forsskaolea candida,leaf,leaf,0,2026-08-11,"leaf_type 'leaf' value found to reflect an undocumented default fill, not a verified classification; column retired in favor of structural binary flags (frond/cladode/phyllode/microphyll) plus functional_leaf"
Foveolina dichotoma,Foveolina dichotoma,Foveolina dichotoma,leaf,leaf,0,2026-08-11,"leaf_type 'leaf' value found to reflect an undocumented default fill, not a verified classification; column retired in favor of structural binary flags (frond/cladode/phyllode/microphyll) plus functional_leaf"
Galenia africana,Galenia africana,Aizoon africanum,leaf,leaf,0,2026-08-11,"leaf_type 'leaf' value found to reflect an undocumented default fill, not a verified classification; column retired in favor of structural binary flags (frond/cladode/phyllode/microphyll) plus functional_leaf"
Galenia filiformis,Galenia filiformis,Aizoon filiforme,leaf,leaf,0,2026-08-11,"leaf_type 'leaf' value found to reflect an undocumented default fill, not a verified classification; column retired in favor of structural binary flags (frond/cladode/phyllode/microphyll) plus functional_leaf"
Galenia fruticosa,Galenia fruticosa,Aizoon fruticosum,leaf,leaf,0,2026-08-11,"leaf_type 'leaf' value found to reflect an undocumented default fill, not a verified classification; column retired in favor of structural binary flags (frond/cladode/phyllode/microphyll) plus functional_leaf"
Galenia namaensis,Galenia namaensis,Aizoon namaense,leaf,leaf,0,2026-08-11,"leaf_type 'leaf' value found to reflect an undocumented default fill, not a verified classification; column retired in favor of structural binary flags (frond/cladode/phyllode/microphyll) plus functional_leaf"
Galenia sarcophylla,Galenia sarcophylla,Aizoon sarcophyllum,leaf,leaf,0,2026-08-11,"leaf_type 'leaf' value found to reflect an undocumented default fill, not a verified classification; column retired in favor of structural binary flags (frond/cladode/phyllode/microphyll) plus functional_leaf"
Gazania lichtensteinii,Gazania lichtensteinianum,Gazania lichtensteinii,leaf,leaf,0,2026-08-11,"leaf_type 'leaf' value found to reflect an undocumented default fill, not a verified classification; column retired in favor of structural binary flags (frond/cladode/phyllode/microphyll) plus functional_leaf"
Gazania rigida,Gazania rigida,Gazania rigida,leaf,leaf,0,2026-08-11,"leaf_type 'leaf' value found to reflect an undocumented default fill, not a verified classification; column retired in favor of structural binary flags (frond/cladode/phyllode/microphyll) plus functional_leaf"
Gazania tenuifolia,Gazania tenuifolia,Gazania tenuifolia,leaf,leaf,0,2026-08-11,"leaf_type 'leaf' value found to reflect an undocumented default fill, not a verified classification; column retired in favor of structural binary flags (frond/cladode/phyllode/microphyll) plus functional_leaf"
Geissorhiza corrigata,Geissorhiza corrigata,Geissorhiza corrugata,leaf,leaf,0,2026-08-11,"leaf_type 'leaf' value found to reflect an undocumented default fill, not a verified classification; column retired in favor of structural binary flags (frond/cladode/phyllode/microphyll) plus functional_leaf"
Geissorhiza divaricata,Geissorhiza divaricata,Geissorhiza divaricata,leaf,leaf,0,2026-08-11,"leaf_type 'leaf' value found to reflect an undocumented default fill, not a verified classification; column retired in favor of structural binary flags (frond/cladode/phyllode/microphyll) plus functional_leaf"
Gnidia deserticola,Gnidia deserticola,Lasiosiphon deserticola,leaf,leaf,0,2026-08-11,"leaf_type 'leaf' value found to reflect an undocumented default fill, not a verified classification; column retired in favor of structural binary flags (frond/cladode/phyllode/microphyll) plus functional_leaf"
Gnidia meyeri,Gnidia meyeri,Gnidia meyeri,leaf,leaf,0,2026-08-11,"leaf_type 'leaf' value found to reflect an undocumented default fill, not a verified classification; column retired in favor of structural binary flags (frond/cladode/phyllode/microphyll) plus functional_leaf"
Gnidia scabra,Gnidia scabra,Gnidia scabra,leaf,leaf,0,2026-08-11,"leaf_type 'leaf' value found to reflect an undocumented default fill, not a verified classification; column retired in favor of structural binary flags (frond/cladode/phyllode/microphyll) plus functional_leaf"
Gorteria diffusa,Gorteria diffusa,Gorteria diffusa,leaf,leaf,0,2026-08-11,"leaf_type 'leaf' value found to reflect an undocumented default fill, not a verified classification; column retired in favor of structural binary flags (frond/cladode/phyllode/microphyll) plus functional_leaf"
Grielum humifusum,Grielum humifusum,Grielum humifusum,leaf,leaf,0,2026-08-11,"leaf_type 'leaf' value found to reflect an undocumented default fill, not a verified classification; column retired in favor of structural binary flags (frond/cladode/phyllode/microphyll) plus functional_leaf"
Haemanthus barkerae,Haemanthus barkerii,Haemanthus barkerae,leaf,leaf,0,2026-08-11,"leaf_type 'leaf' value found to reflect an undocumented default fill, not a verified classification; column retired in favor of structural binary flags (frond/cladode/phyllode/microphyll) plus functional_leaf"
Haworthia venosa,Haworthia venosa,Haworthiopsis venosa,leaf,leaf,0,2026-08-11,"leaf_type 'leaf' value found to reflect an undocumented default fill, not a verified classification; column retired in favor of structural binary flags (frond/cladode/phyllode/microphyll) plus functional_leaf"
Hebenstretia robusta,Hebenstretia robusta,Hebenstretia robusta,leaf,leaf,0,2026-08-11,"leaf_type 'leaf' value found to reflect an undocumented default fill, not a verified classification; column retired in favor of structural binary flags (frond/cladode/phyllode/microphyll) plus functional_leaf"
Helichrysum hamulosum,Helichrysum hamulosum,Helichrysum hamulosum,leaf,leaf,0,2026-08-11,"leaf_type 'leaf' value found to reflect an undocumented default fill, not a verified classification; column retired in favor of structural binary flags (frond/cladode/phyllode/microphyll) plus functional_leaf"
Helichrysum leontonyx,Helichrysum leontonyx,Helichrysum leontonyx,leaf,leaf,0,2026-08-11,"leaf_type 'leaf' value found to reflect an undocumented default fill, not a verified classification; column retired in favor of structural binary flags (frond/cladode/phyllode/microphyll) plus functional_leaf"
Helichrysum lucilioides,Helichrysum lucilioides,Helichrysum lucilioides,leaf,leaf,0,2026-08-11,"leaf_type 'leaf' value found to reflect an undocumented default fill, not a verified classification; column retired in favor of structural binary flags (frond/cladode/phyllode/microphyll) plus functional_leaf"
Helichrysum obtusum,Helichrysum obtusum,Helichrysum obtusum,leaf,leaf,0,2026-08-11,"leaf_type 'leaf' value found to reflect an undocumented default fill, not a verified classification; column retired in favor of structural binary flags (frond/cladode/phyllode/microphyll) plus functional_leaf"
Helichrysum revolutum,Helichrysum revolutum,Helichrysum revolutum,leaf,leaf,0,2026-08-11,"leaf_type 'leaf' value found to reflect an undocumented default fill, not a verified classification; column retired in favor of structural binary flags (frond/cladode/phyllode/microphyll) plus functional_leaf"
Helichrysum stellatum,Helichrysum stellatum,Helichrysum stellatum,leaf,leaf,0,2026-08-11,"leaf_type 'leaf' value found to reflect an undocumented default fill, not a verified classification; column retired in favor of structural binary flags (frond/cladode/phyllode/microphyll) plus functional_leaf"
Heliophila amplexicaulis,Heliophila amplexicaulis,Heliophila amplexicaulis,leaf,leaf,0,2026-08-11,"leaf_type 'leaf' value found to reflect an undocumented default fill, not a verified classification; column retired in favor of structural binary flags (frond/cladode/phyllode/microphyll) plus functional_leaf"
Heliophila collina,Heliophila collina,Heliophila collina,leaf,leaf,0,2026-08-11,"leaf_type 'leaf' value found to reflect an undocumented default fill, not a verified classification; column retired in favor of structural binary flags (frond/cladode/phyllode/microphyll) plus functional_leaf"
Heliophila crithmifolia,Heliophila crithmifolia,Heliophila crithmifolia,leaf,leaf,0,2026-08-11,"leaf_type 'leaf' value found to reflect an undocumented default fill, not a verified classification; column retired in favor of structural binary flags (frond/cladode/phyllode/microphyll) plus functional_leaf"
Heliophila deserticola,Heliophila deserticola,Heliophila deserticola,leaf,leaf,0,2026-08-11,"leaf_type 'leaf' value found to reflect an undocumented default fill, not a verified classification; column retired in favor of structural binary flags (frond/cladode/phyllode/microphyll) plus functional_leaf"
Heliophila pinnata,Heliophila pinnata,Heliophila pinnata,leaf,leaf,0,2026-08-11,"leaf_type 'leaf' value found to reflect an undocumented default fill, not a verified classification; column retired in favor of structural binary flags (frond/cladode/phyllode/microphyll) plus functional_leaf"
Heliophila seselifolia,Heliophila seselifolia,Heliophila seselifolia,leaf,leaf,0,2026-08-11,"leaf_type 'leaf' value found to reflect an undocumented default fill, not a verified classification; column retired in favor of structural binary flags (frond/cladode/phyllode/microphyll) plus functional_leaf"
Heliophila suborbicularis,Heliophila suborbicularis,Heliophila suborbicularis,leaf,leaf,0,2026-08-11,"leaf_type 'leaf' value found to reflect an undocumented default fill, not a verified classification; column retired in favor of structural binary flags (frond/cladode/phyllode/microphyll) plus functional_leaf"
Heliophila variabilis,Heliophila variabilis,Heliophila variabilis,leaf,leaf,0,2026-08-11,"leaf_type 'leaf' value found to reflect an undocumented default fill, not a verified classification; column retired in favor of structural binary flags (frond/cladode/phyllode/microphyll) plus functional_leaf"
Hemimeris centrodes,Hemimeris centrodes,Hemimeris centrodes,leaf,leaf,0,2026-08-11,"leaf_type 'leaf' value found to reflect an undocumented default fill, not a verified classification; column retired in favor of structural binary flags (frond/cladode/phyllode/microphyll) plus functional_leaf"
Hermannia alnifolia,Hermannia alnifolia,Hermannia alnifolia,leaf,leaf,0,2026-08-11,"leaf_type 'leaf' value found to reflect an undocumented default fill, not a verified classification; column retired in favor of structural binary flags (frond/cladode/phyllode/microphyll) plus functional_leaf"
Hermannia cernua,Hermannia cernua,Hermannia cernua,leaf,leaf,0,2026-08-11,"leaf_type 'leaf' value found to reflect an undocumented default fill, not a verified classification; column retired in favor of structural binary flags (frond/cladode/phyllode/microphyll) plus functional_leaf"
Hermannia coccocarpa,Hermannia coccocarpa,Hermannia coccocarpa,leaf,leaf,0,2026-08-11,"leaf_type 'leaf' value found to reflect an undocumented default fill, not a verified classification; column retired in favor of structural binary flags (frond/cladode/phyllode/microphyll) plus functional_leaf"
Hermannia cuneifolia,Hermannia cuneifolia,Hermannia cuneifolia,leaf,leaf,0,2026-08-11,"leaf_type 'leaf' value found to reflect an undocumented default fill, not a verified classification; column retired in favor of structural binary flags (frond/cladode/phyllode/microphyll) plus functional_leaf"
Hermannia grandiflora,Hermannia grandiflora,Hermannia grandiflora,leaf,leaf,0,2026-08-11,"leaf_type 'leaf' value found to reflect an undocumented default fill, not a verified classification; column retired in favor of structural binary flags (frond/cladode/phyllode/microphyll) plus functional_leaf"
Hermannia spinosa,Hermannia spinosa,Hermannia spinosa,leaf,leaf,0,2026-08-11,"leaf_type 'leaf' value found to reflect an undocumented default fill, not a verified classification; column retired in favor of structural binary flags (frond/cladode/phyllode/microphyll) plus functional_leaf"
Hesperantha bachmannii,Hesperantha bachmannii,Hesperantha bachmannii,leaf,leaf,0,2026-08-11,"leaf_type 'leaf' value found to reflect an undocumented default fill, not a verified classification; column retired in favor of structural binary flags (frond/cladode/phyllode/microphyll) plus functional_leaf"
Hesperantha cucullata,Hesperantha cucullata,Hesperantha cucullata,leaf,leaf,0,2026-08-11,"leaf_type 'leaf' value found to reflect an undocumented default fill, not a verified classification; column retired in favor of structural binary flags (frond/cladode/phyllode/microphyll) plus functional_leaf"
Hesperantha luticola,Hesperantha luticola,Hesperantha luticola,leaf,leaf,0,2026-08-11,"leaf_type 'leaf' value found to reflect an undocumented default fill, not a verified classification; column retired in favor of structural binary flags (frond/cladode/phyllode/microphyll) plus functional_leaf"
Hesperantha pauciflora,Hesperantha pauciflora,Hesperantha pauciflora,leaf,leaf,0,2026-08-11,"leaf_type 'leaf' value found to reflect an undocumented default fill, not a verified classification; column retired in favor of structural binary flags (frond/cladode/phyllode/microphyll) plus functional_leaf"
Hirpicium alienatum,Hirpicium alienatum,Hirpicium alienatum,leaf,leaf,0,2026-08-11,"leaf_type 'leaf' value found to reflect an undocumented default fill, not a verified classification; column retired in favor of structural binary flags (frond/cladode/phyllode/microphyll) plus functional_leaf"
Hirpicium echinus,Hirpicium echinus,Hirpicium echinus,leaf,leaf,0,2026-08-11,"leaf_type 'leaf' value found to reflect an undocumented default fill, not a verified classification; column retired in favor of structural binary flags (frond/cladode/phyllode/microphyll) plus functional_leaf"
Hoodia gordonii,Hoodia gordonii,Hoodia gordonii,NA,culm_stem,1,2026-08-11,"leaf_type 'leaf' value found to reflect an undocumented default fill, not a verified classification; column retired in favor of structural binary flags (frond/cladode/phyllode/microphyll) plus functional_leaf"
Hordeum murinum,Hordeum murinum,Hordeum murinum,leaf,mixed,0,2026-08-11,"leaf_type 'leaf' value found to reflect an undocumented default fill, not a verified classification; column retired in favor of structural binary flags (frond/cladode/phyllode/microphyll) plus functional_leaf"
Hypertelis salsoloides,Hypertelis salsoloides,Kewa salsoloides,leaf,leaf,0,2026-08-11,"leaf_type 'leaf' value found to reflect an undocumented default fill, not a verified classification; column retired in favor of structural binary flags (frond/cladode/phyllode/microphyll) plus functional_leaf"
Ifloga glomerata,Ifloga glomerata,Ifloga glomerata,leaf,leaf,0,2026-08-11,"leaf_type 'leaf' value found to reflect an undocumented default fill, not a verified classification; column retired in favor of structural binary flags (frond/cladode/phyllode/microphyll) plus functional_leaf"
Indigofera nigromontana,Indigofera nigromontana,Indigofera nigromontana,leaf,leaf,0,2026-08-11,"leaf_type 'leaf' value found to reflect an undocumented default fill, not a verified classification; column retired in favor of structural binary flags (frond/cladode/phyllode/microphyll) plus functional_leaf"
Ixia rapunculoides,Ixia rapunculoides,Ixia rapunculoides,leaf,leaf,0,2026-08-11,"leaf_type 'leaf' value found to reflect an undocumented default fill, not a verified classification; column retired in favor of structural binary flags (frond/cladode/phyllode/microphyll) plus functional_leaf"
Justicia cuneata,Justicia cuneata,Justicia cuneata,leaf,leaf,0,2026-08-11,"leaf_type 'leaf' value found to reflect an undocumented default fill, not a verified classification; column retired in favor of structural binary flags (frond/cladode/phyllode/microphyll) plus functional_leaf"
Lachenalia obscura,Lachenalia obscura,Lachenalia obscura,leaf,leaf,0,2026-08-11,"leaf_type 'leaf' value found to reflect an undocumented default fill, not a verified classification; column retired in favor of structural binary flags (frond/cladode/phyllode/microphyll) plus functional_leaf"
Lachenalia violacea,Lachenalia violacea,Lachenalia violacea,leaf,leaf,0,2026-08-11,"leaf_type 'leaf' value found to reflect an undocumented default fill, not a verified classification; column retired in favor of structural binary flags (frond/cladode/phyllode/microphyll) plus functional_leaf"
Lampranthus watermeyeri,Lampranthus watermeyeri,Lampranthus watermeyeri,leaf,leaf,0,2026-08-11,"leaf_type 'leaf' value found to reflect an undocumented default fill, not a verified classification; column retired in favor of structural binary flags (frond/cladode/phyllode/microphyll) plus functional_leaf"
Lapeirousia falcata,Lapeirousia falcata,Codonorhiza falcata,leaf,leaf,0,2026-08-11,"leaf_type 'leaf' value found to reflect an undocumented default fill, not a verified classification; column retired in favor of structural binary flags (frond/cladode/phyllode/microphyll) plus functional_leaf"
Lapeirousia montana,Lapeirousia montana,Lapeirousia montana,leaf,leaf,0,2026-08-11,"leaf_type 'leaf' value found to reflect an undocumented default fill, not a verified classification; column retired in favor of structural binary flags (frond/cladode/phyllode/microphyll) plus functional_leaf"
Lapeirousia plicata,Lapeirousia plicata,Lapeirousia plicata,leaf,leaf,0,2026-08-11,"leaf_type 'leaf' value found to reflect an undocumented default fill, not a verified classification; column retired in favor of structural binary flags (frond/cladode/phyllode/microphyll) plus functional_leaf"
Lapeirousia jacquinii,Lapeirousia jacquinii,Lapeirousia jacquinii,leaf,leaf,0,2026-08-11,"leaf_type 'leaf' value found to reflect an undocumented default fill, not a verified classification; column retired in favor of structural binary flags (frond/cladode/phyllode/microphyll) plus functional_leaf"
Lasiopogon muscoides,Lasiopogon muscoides,Lasiopogon muscoides,leaf,leaf,0,2026-08-11,"leaf_type 'leaf' value found to reflect an undocumented default fill, not a verified classification; column retired in favor of structural binary flags (frond/cladode/phyllode/microphyll) plus functional_leaf"
Lasiospermum brachyglossum,Lasiospermum brachyglossum,Lasiospermum brachyglossum,leaf,leaf,0,2026-08-11,"leaf_type 'leaf' value found to reflect an undocumented default fill, not a verified classification; column retired in favor of structural binary flags (frond/cladode/phyllode/microphyll) plus functional_leaf"
Lasiospermum poterioides,Lasiospermum poterioides,Lasiospermum poterioides,leaf,leaf,0,2026-08-11,"leaf_type 'leaf' value found to reflect an undocumented default fill, not a verified classification; column retired in favor of structural binary flags (frond/cladode/phyllode/microphyll) plus functional_leaf"
Leipoldtia schultzei,Leipoldtia schultzei,Leipoldtia schultzei,leaf,leaf,0,2026-08-11,"leaf_type 'leaf' value found to reflect an undocumented default fill, not a verified classification; column retired in favor of structural binary flags (frond/cladode/phyllode/microphyll) plus functional_leaf"
Lessertia diffusa,Lessertia diffusa,Lessertia diffusa,leaf,leaf,0,2026-08-11,"leaf_type 'leaf' value found to reflect an undocumented default fill, not a verified classification; column retired in favor of structural binary flags (frond/cladode/phyllode/microphyll) plus functional_leaf"
Leucadendron brunioides,Leucadendron brunioides,Leucadendron brunioides,leaf,leaf,0,2026-08-11,"leaf_type 'leaf' value found to reflect an undocumented default fill, not a verified classification; column retired in favor of structural binary flags (frond/cladode/phyllode/microphyll) plus functional_leaf"
Leucadendron remotum,Leucadendron remotum,Leucadendron remotum,leaf,leaf,0,2026-08-11,"leaf_type 'leaf' value found to reflect an undocumented default fill, not a verified classification; column retired in favor of structural binary flags (frond/cladode/phyllode/microphyll) plus functional_leaf"
Leysera tenella,Leysera tenella,Leysera tenella,leaf,leaf,0,2026-08-11,"leaf_type 'leaf' value found to reflect an undocumented default fill, not a verified classification; column retired in favor of structural binary flags (frond/cladode/phyllode/microphyll) plus functional_leaf"
Lotononis falcata,Lotononis falcata (form C),Lotononis falcata,leaf,leaf,0,2026-08-11,"leaf_type 'leaf' value found to reflect an undocumented default fill, not a verified classification; column retired in favor of structural binary flags (frond/cladode/phyllode/microphyll) plus functional_leaf"
Lotononis parvifolia,Lotononis parvifolia,Lotononis,leaf,leaf,0,2026-08-11,"leaf_type 'leaf' value found to reflect an undocumented default fill, not a verified classification; column retired in favor of structural binary flags (frond/cladode/phyllode/microphyll) plus functional_leaf"
Lycium amoenum,Lycium amoenum,Lycium amoenum,leaf,leaf,0,2026-08-11,"leaf_type 'leaf' value found to reflect an undocumented default fill, not a verified classification; column retired in favor of structural binary flags (frond/cladode/phyllode/microphyll) plus functional_leaf"
Lycium cinereum,Lycium cinereum,Lycium cinereum,leaf,leaf,0,2026-08-11,"leaf_type 'leaf' value found to reflect an undocumented default fill, not a verified classification; column retired in favor of structural binary flags (frond/cladode/phyllode/microphyll) plus functional_leaf"
Lyperia tristis,Lyperia tristis,Lyperia tristis,leaf,leaf,0,2026-08-11,"leaf_type 'leaf' value found to reflect an undocumented default fill, not a verified classification; column retired in favor of structural binary flags (frond/cladode/phyllode/microphyll) plus functional_leaf"
Malephora crassa,Malephora crassa,Malephora crassa,leaf,leaf,0,2026-08-11,"leaf_type 'leaf' value found to reflect an undocumented default fill, not a verified classification; column retired in favor of structural binary flags (frond/cladode/phyllode/microphyll) plus functional_leaf"
Manochlamys albicans,Manochlamys albicans,Manochlamys albicans,leaf,leaf,0,2026-08-11,"leaf_type 'leaf' value found to reflect an undocumented default fill, not a verified classification; column retired in favor of structural binary flags (frond/cladode/phyllode/microphyll) plus functional_leaf"
Massonia depressa,Massonia depressa,Massonia depressa,leaf,leaf,0,2026-08-11,"leaf_type 'leaf' value found to reflect an undocumented default fill, not a verified classification; column retired in favor of structural binary flags (frond/cladode/phyllode/microphyll) plus functional_leaf"
Medicargo polymorpha,Medicargo polymorpha,Medicago polymorpha,leaf,leaf,0,2026-08-11,"leaf_type 'leaf' value found to reflect an undocumented default fill, not a verified classification; column retired in favor of structural binary flags (frond/cladode/phyllode/microphyll) plus functional_leaf"
Melasphaerula ramosa,Melasphaerula ramosa,Ixia scillaris subsp. scillaris,leaf,leaf,0,2026-08-11,"leaf_type 'leaf' value found to reflect an undocumented default fill, not a verified classification; column retired in favor of structural binary flags (frond/cladode/phyllode/microphyll) plus functional_leaf"
Melianthus comosus,Melianthus comosus,Melianthus comosus,leaf,leaf,0,2026-08-11,"leaf_type 'leaf' value found to reflect an undocumented default fill, not a verified classification; column retired in favor of structural binary flags (frond/cladode/phyllode/microphyll) plus functional_leaf"
Mentha longiflora,Mentha longiflora,Dracaena longiflora,leaf,leaf,0,2026-08-11,"leaf_type 'leaf' value found to reflect an undocumented default fill, not a verified classification; column retired in favor of structural binary flags (frond/cladode/phyllode/microphyll) plus functional_leaf"
Mesembryanthemum emarcidum,Mesembryanthemum emarcidum,Mesembryanthemum emarcidum,leaf,leaf,0,2026-08-11,"leaf_type 'leaf' value found to reflect an undocumented default fill, not a verified classification; column retired in favor of structural binary flags (frond/cladode/phyllode/microphyll) plus functional_leaf"
Mesembryanthemum guerichianum,Mesembryanthemum guerichianum,Mesembryanthemum guerichianum,leaf,leaf,0,2026-08-11,"leaf_type 'leaf' value found to reflect an undocumented default fill, not a verified classification; column retired in favor of structural binary flags (frond/cladode/phyllode/microphyll) plus functional_leaf"
Mesembryanthemum junceum,Mesembryanthemum junceum,Mesembryanthemum junceum,leaf,leaf,0,2026-08-11,"leaf_type 'leaf' value found to reflect an undocumented default fill, not a verified classification; column retired in favor of structural binary flags (frond/cladode/phyllode/microphyll) plus functional_leaf"
Mesembryanthemum nitidum,Mesembryanthemum nitidum,Mesembryanthemum nitidum,leaf,leaf,0,2026-08-11,"leaf_type 'leaf' value found to reflect an undocumented default fill, not a verified classification; column retired in favor of structural binary flags (frond/cladode/phyllode/microphyll) plus functional_leaf"
Mesembryanthemum resurgens,Mesembryanthemum resurgens,Mesembryanthemum resurgens,leaf,leaf,0,2026-08-11,"leaf_type 'leaf' value found to reflect an undocumented default fill, not a verified classification; column retired in favor of structural binary flags (frond/cladode/phyllode/microphyll) plus functional_leaf"
Mesembryanthemum stenandrum,Mesembryanthemum stenandrum,Mesembryanthemum stenandrum,leaf,leaf,0,2026-08-11,"leaf_type 'leaf' value found to reflect an undocumented default fill, not a verified classification; column retired in favor of structural binary flags (frond/cladode/phyllode/microphyll) plus functional_leaf"
Mesembryanthemum vaginatum,Mesembryanthemum vaginatus,Mesembryanthemum vaginatum,leaf,mixed,1,2026-08-11,"leaf_type 'leaf' value found to reflect an undocumented default fill, not a verified classification; column retired in favor of structural binary flags (frond/cladode/phyllode/microphyll) plus functional_leaf"
Microloma armatum,Microloma armatum,Microloma armatum,leaf,leaf,0,2026-08-11,"leaf_type 'leaf' value found to reflect an undocumented default fill, not a verified classification; column retired in favor of structural binary flags (frond/cladode/phyllode/microphyll) plus functional_leaf"
Microloma calycinum,Microloma calycinum,Microloma calycinum,leaf,leaf,0,2026-08-11,"leaf_type 'leaf' value found to reflect an undocumented default fill, not a verified classification; column retired in favor of structural binary flags (frond/cladode/phyllode/microphyll) plus functional_leaf"
Microloma namaquense,Microloma namaquense,Microloma namaquense,leaf,leaf,0,2026-08-11,"leaf_type 'leaf' value found to reflect an undocumented default fill, not a verified classification; column retired in favor of structural binary flags (frond/cladode/phyllode/microphyll) plus functional_leaf"
Microloma sagittatum,Microloma sagittatum,Microloma sagittatum,leaf,mixed,0,2026-08-11,"leaf_type 'leaf' value found to reflect an undocumented default fill, not a verified classification; column retired in favor of structural binary flags (frond/cladode/phyllode/microphyll) plus functional_leaf"
Monechma spartioides,Monechma spartioides,Pogonospermum patulum,leaf,leaf,0,2026-08-11,"leaf_type 'leaf' value found to reflect an undocumented default fill, not a verified classification; column retired in favor of structural binary flags (frond/cladode/phyllode/microphyll) plus functional_leaf"
Osteospermum hyoseroides,Monoculus hyoseroides,Monoculus hyoseroides,leaf,leaf,0,2026-08-11,"leaf_type 'leaf' value found to reflect an undocumented default fill, not a verified classification; column retired in favor of structural binary flags (frond/cladode/phyllode/microphyll) plus functional_leaf"
Moraea amabilis,Moraea amabilis,Moraea amabilis,leaf,leaf,0,2026-08-11,"leaf_type 'leaf' value found to reflect an undocumented default fill, not a verified classification; column retired in favor of structural binary flags (frond/cladode/phyllode/microphyll) plus functional_leaf"
Moraea bifida,Moraea bifida,Moraea bifida,leaf,leaf,0,2026-08-11,"leaf_type 'leaf' value found to reflect an undocumented default fill, not a verified classification; column retired in favor of structural binary flags (frond/cladode/phyllode/microphyll) plus functional_leaf"
Moraea brachygyne,Moraea brachygyne,Moraea brachygyne,leaf,leaf,0,2026-08-11,"leaf_type 'leaf' value found to reflect an undocumented default fill, not a verified classification; column retired in favor of structural binary flags (frond/cladode/phyllode/microphyll) plus functional_leaf"
Moraea ciliata,Moraea ciliata,Moraea ciliata,leaf,leaf,0,2026-08-11,"leaf_type 'leaf' value found to reflect an undocumented default fill, not a verified classification; column retired in favor of structural binary flags (frond/cladode/phyllode/microphyll) plus functional_leaf"
Moraea falcifolia,Moraea falcifolia,Moraea falcifolia,leaf,leaf,0,2026-08-11,"leaf_type 'leaf' value found to reflect an undocumented default fill, not a verified classification; column retired in favor of structural binary flags (frond/cladode/phyllode/microphyll) plus functional_leaf"
Moraea fenestrata,Moraea fenestrata,Moraea fenestrata,leaf,leaf,0,2026-08-11,"leaf_type 'leaf' value found to reflect an undocumented default fill, not a verified classification; column retired in favor of structural binary flags (frond/cladode/phyllode/microphyll) plus functional_leaf"
Moraea miniata,Moraea miniata,Moraea miniata,leaf,leaf,0,2026-08-11,"leaf_type 'leaf' value found to reflect an undocumented default fill, not a verified classification; column retired in favor of structural binary flags (frond/cladode/phyllode/microphyll) plus functional_leaf"
Moraea pritzeliana,Moraea pritzeliana,Moraea pritzeliana,leaf,leaf,0,2026-08-11,"leaf_type 'leaf' value found to reflect an undocumented default fill, not a verified classification; column retired in favor of structural binary flags (frond/cladode/phyllode/microphyll) plus functional_leaf"
Muraltia divaricata,Muraltia divaricata,Muraltia divaricata,leaf,leaf,0,2026-08-11,"leaf_type 'leaf' value found to reflect an undocumented default fill, not a verified classification; column retired in favor of structural binary flags (frond/cladode/phyllode/microphyll) plus functional_leaf"
Muraltia vulnerans,Muraltia vulnerans,Muraltia vulnerans,leaf,leaf,0,2026-08-11,"leaf_type 'leaf' value found to reflect an undocumented default fill, not a verified classification; column retired in favor of structural binary flags (frond/cladode/phyllode/microphyll) plus functional_leaf"
Nemesia anisocarpa,Nemesia anisocarpa,Nemesia anisocarpa,leaf,leaf,0,2026-08-11,"leaf_type 'leaf' value found to reflect an undocumented default fill, not a verified classification; column retired in favor of structural binary flags (frond/cladode/phyllode/microphyll) plus functional_leaf"
Nemesia cheiranthus,Nemesia cheiranthus,Nemesia cheiranthus,leaf,leaf,0,2026-08-11,"leaf_type 'leaf' value found to reflect an undocumented default fill, not a verified classification; column retired in favor of structural binary flags (frond/cladode/phyllode/microphyll) plus functional_leaf"
Nemesia leipoldtii,Nemesia leipoldtii,Nemesia leipoldtii,leaf,leaf,0,2026-08-11,"leaf_type 'leaf' value found to reflect an undocumented default fill, not a verified classification; column retired in favor of structural binary flags (frond/cladode/phyllode/microphyll) plus functional_leaf"
Nenax cinerea,Nenax cinerea,Nenax cinerea,leaf,leaf,0,2026-08-11,"leaf_type 'leaf' value found to reflect an undocumented default fill, not a verified classification; column retired in favor of structural binary flags (frond/cladode/phyllode/microphyll) plus functional_leaf"
Nenax microphylla,Nenax microphylla,Nenax microphylla,leaf,leaf,0,2026-08-11,"leaf_type 'leaf' value found to reflect an undocumented default fill, not a verified classification; column retired in favor of structural binary flags (frond/cladode/phyllode/microphyll) plus functional_leaf"
Oedera genistifolia,Oedera genistifolia,Oedera genistifolia,leaf,leaf,0,2026-08-11,"leaf_type 'leaf' value found to reflect an undocumented default fill, not a verified classification; column retired in favor of structural binary flags (frond/cladode/phyllode/microphyll) plus functional_leaf"
Oncosiphon grandiflorum,Oncosiphon grandiflorum,Oncosiphon grandiflorus,leaf,leaf,0,2026-08-11,"leaf_type 'leaf' value found to reflect an undocumented default fill, not a verified classification; column retired in favor of structural binary flags (frond/cladode/phyllode/microphyll) plus functional_leaf"
Oncosiphon suffruticosum,Oncosiphon suffruticosum,Oncosiphon suffruticosum,leaf,leaf,0,2026-08-11,"leaf_type 'leaf' value found to reflect an undocumented default fill, not a verified classification; column retired in favor of structural binary flags (frond/cladode/phyllode/microphyll) plus functional_leaf"
Ophioglossum polyphyllum,Ophioglossum polyphyllum,Ophioglossum polyphyllum,frond,leaf,0,2026-08-11,"leaf_type 'leaf' value found to reflect an undocumented default fill, not a verified classification; column retired in favor of structural binary flags (frond/cladode/phyllode/microphyll) plus functional_leaf"
Ornithogalum rupestre,Ornithogalum multifolium,Eliokarmos rupestris,leaf,leaf,0,2026-08-11,"leaf_type 'leaf' value found to reflect an undocumented default fill, not a verified classification; column retired in favor of structural binary flags (frond/cladode/phyllode/microphyll) plus functional_leaf"
Ornithogalum pruinosum,Ornithogalum pruinosum,Eliokarmos pruinosus,leaf,leaf,0,2026-08-11,"leaf_type 'leaf' value found to reflect an undocumented default fill, not a verified classification; column retired in favor of structural binary flags (frond/cladode/phyllode/microphyll) plus functional_leaf"
Albuca secunda,Ornithogalum secundum,Coilonox secundum,leaf,leaf,0,2026-08-11,"leaf_type 'leaf' value found to reflect an undocumented default fill, not a verified classification; column retired in favor of structural binary flags (frond/cladode/phyllode/microphyll) plus functional_leaf"
Ornithogalum tanquanum,Ornithogalum tanquanum,Ethesia tanquana,leaf,leaf,0,2026-08-11,"leaf_type 'leaf' value found to reflect an undocumented default fill, not a verified classification; column retired in favor of structural binary flags (frond/cladode/phyllode/microphyll) plus functional_leaf"
Ornithogalum xanthochlorum,Ornithogalum xanthochlorum,Ethesia xanthochlora,leaf,leaf,0,2026-08-11,"leaf_type 'leaf' value found to reflect an undocumented default fill, not a verified classification; column retired in favor of structural binary flags (frond/cladode/phyllode/microphyll) plus functional_leaf"
Ornithoglossum parviflorum,Ornithoglossum parviflorum,Ornithoglossum parviflorum,leaf,leaf,0,2026-08-11,"leaf_type 'leaf' value found to reflect an undocumented default fill, not a verified classification; column retired in favor of structural binary flags (frond/cladode/phyllode/microphyll) plus functional_leaf"
Ornithoglossum viride,Ornithoglossum viride,Ornithoglossum viride,leaf,leaf,0,2026-08-11,"leaf_type 'leaf' value found to reflect an undocumented default fill, not a verified classification; column retired in favor of structural binary flags (frond/cladode/phyllode/microphyll) plus functional_leaf"
Ornithoglossum vulgare,Ornithoglossum vulgare,Ornithoglossum vulgare,leaf,leaf,0,2026-08-11,"leaf_type 'leaf' value found to reflect an undocumented default fill, not a verified classification; column retired in favor of structural binary flags (frond/cladode/phyllode/microphyll) plus functional_leaf"
Osteospermum acanthospermum,Osteospermum acanthospermum,Osteospermum acanthospermum,leaf,leaf,0,2026-08-11,"leaf_type 'leaf' value found to reflect an undocumented default fill, not a verified classification; column retired in favor of structural binary flags (frond/cladode/phyllode/microphyll) plus functional_leaf"
Osteospermum incanum subsp. incanum,Osteospermum incanum,Chrysanthemoides incana,leaf,leaf,0,2026-08-11,"leaf_type 'leaf' value found to reflect an undocumented default fill, not a verified classification; column retired in favor of structural binary flags (frond/cladode/phyllode/microphyll) plus functional_leaf"
Osteospermum leptolobum,Osteospermum leptolobum,Osteospermum leptolobum,leaf,leaf,0,2026-08-11,"leaf_type 'leaf' value found to reflect an undocumented default fill, not a verified classification; column retired in favor of structural binary flags (frond/cladode/phyllode/microphyll) plus functional_leaf"
Osteospermum scariosum,Osteospermum scariosum,Osteospermum scariosum,leaf,leaf,0,2026-08-11,"leaf_type 'leaf' value found to reflect an undocumented default fill, not a verified classification; column retired in favor of structural binary flags (frond/cladode/phyllode/microphyll) plus functional_leaf"
Osteospermum sinuatum,Osteospermum sinuatum,Osteospermum sinuatum,leaf,leaf,0,2026-08-11,"leaf_type 'leaf' value found to reflect an undocumented default fill, not a verified classification; column retired in favor of structural binary flags (frond/cladode/phyllode/microphyll) plus functional_leaf"
Osteospermum spinescens,Osteospermum spinescens,Osteospermum spinescens,leaf,leaf,0,2026-08-11,"leaf_type 'leaf' value found to reflect an undocumented default fill, not a verified classification; column retired in favor of structural binary flags (frond/cladode/phyllode/microphyll) plus functional_leaf"
Otholobium candicans,Otholobium candicans,Psoralea candicans,leaf,leaf,0,2026-08-11,"leaf_type 'leaf' value found to reflect an undocumented default fill, not a verified classification; column retired in favor of structural binary flags (frond/cladode/phyllode/microphyll) plus functional_leaf"
Otholobium arborescens,Otholobium arborescens,Psoralea arborescens,leaf,leaf,0,2026-08-11,"leaf_type 'leaf' value found to reflect an undocumented default fill, not a verified classification; column retired in favor of structural binary flags (frond/cladode/phyllode/microphyll) plus functional_leaf"
Otholobium candicans,Otholobium candicans,Psoralea candicans,leaf,leaf,0,2026-08-11,"leaf_type 'leaf' value found to reflect an undocumented default fill, not a verified classification; column retired in favor of structural binary flags (frond/cladode/phyllode/microphyll) plus functional_leaf"
Othonna cylindrica,Othonna cylindrica,Othonna cylindrica,leaf,leaf,0,2026-08-11,"leaf_type 'leaf' value found to reflect an undocumented default fill, not a verified classification; column retired in favor of structural binary flags (frond/cladode/phyllode/microphyll) plus functional_leaf"
Othonna hederifolia,Othonna hederifolia,Othonna hederifolia,leaf,leaf,0,2026-08-11,"leaf_type 'leaf' value found to reflect an undocumented default fill, not a verified classification; column retired in favor of structural binary flags (frond/cladode/phyllode/microphyll) plus functional_leaf"
Othonna pteronioides,Othonna pteronioides,Othonna pteronioides,leaf,leaf,0,2026-08-11,"leaf_type 'leaf' value found to reflect an undocumented default fill, not a verified classification; column retired in favor of structural binary flags (frond/cladode/phyllode/microphyll) plus functional_leaf"
Othonna protecta,Othonna rechingeri,Othonna protecta,leaf,leaf,0,2026-08-11,"leaf_type 'leaf' value found to reflect an undocumented default fill, not a verified classification; column retired in favor of structural binary flags (frond/cladode/phyllode/microphyll) plus functional_leaf"
Othonna undulosa,Othonna undulosa,Othonna undulosa,leaf,leaf,0,2026-08-11,"leaf_type 'leaf' value found to reflect an undocumented default fill, not a verified classification; column retired in favor of structural binary flags (frond/cladode/phyllode/microphyll) plus functional_leaf"
Oxalis flava,Oxalis flava,Oxalis flava,leaf,leaf,0,2026-08-11,"leaf_type 'leaf' value found to reflect an undocumented default fill, not a verified classification; column retired in favor of structural binary flags (frond/cladode/phyllode/microphyll) plus functional_leaf"
Oxalis luteola,Oxalis luteola,Oxalis luteola,leaf,leaf,0,2026-08-11,"leaf_type 'leaf' value found to reflect an undocumented default fill, not a verified classification; column retired in favor of structural binary flags (frond/cladode/phyllode/microphyll) plus functional_leaf"
Oxalis pardalis,Oxalis massoniana var. massoniana,Oxalis pardalis,leaf,leaf,0,2026-08-11,"leaf_type 'leaf' value found to reflect an undocumented default fill, not a verified classification; column retired in favor of structural binary flags (frond/cladode/phyllode/microphyll) plus functional_leaf"
Oxalis pes-caprae,Oxalis pes-caprae,Oxalis pes-caprae,leaf,leaf,0,2026-08-11,"leaf_type 'leaf' value found to reflect an undocumented default fill, not a verified classification; column retired in favor of structural binary flags (frond/cladode/phyllode/microphyll) plus functional_leaf"
Oxalis pocockiae,Oxalis pocockiae,Oxalis pocockiae,leaf,leaf,0,2026-08-11,"leaf_type 'leaf' value found to reflect an undocumented default fill, not a verified classification; column retired in favor of structural binary flags (frond/cladode/phyllode/microphyll) plus functional_leaf"
Pelargonium abrotanifolium,Pelargonium abrotanifolium,Pelargonium abrotanifolium,leaf,leaf,0,2026-08-11,"leaf_type 'leaf' value found to reflect an undocumented default fill, not a verified classification; column retired in favor of structural binary flags (frond/cladode/phyllode/microphyll) plus functional_leaf"
Pelargonium articulatum,Pelargonium articulatum,Pelargonium articulatum,leaf,leaf,0,2026-08-11,"leaf_type 'leaf' value found to reflect an undocumented default fill, not a verified classification; column retired in favor of structural binary flags (frond/cladode/phyllode/microphyll) plus functional_leaf"
Pelargonium polycephalum,Pelargonium cf. polycephalum,Pelargonium polycephalum,leaf,leaf,0,2026-08-11,"leaf_type 'leaf' value found to reflect an undocumented default fill, not a verified classification; column retired in favor of structural binary flags (frond/cladode/phyllode/microphyll) plus functional_leaf"
Pelargonium crithmifolium,Pelargonium crithifolium,Pelargonium crithmifolium,leaf,leaf,0,2026-08-11,"leaf_type 'leaf' value found to reflect an undocumented default fill, not a verified classification; column retired in favor of structural binary flags (frond/cladode/phyllode/microphyll) plus functional_leaf"
Pelargonium magenteum,Pelargonium magenteum,Pelargonium magenteum,leaf,leaf,0,2026-08-11,"leaf_type 'leaf' value found to reflect an undocumented default fill, not a verified classification; column retired in favor of structural binary flags (frond/cladode/phyllode/microphyll) plus functional_leaf"
Pelargonium moniliforme,Pelargonium monoliforme,Pelargonium moniliforme,leaf,leaf,0,2026-08-11,"leaf_type 'leaf' value found to reflect an undocumented default fill, not a verified classification; column retired in favor of structural binary flags (frond/cladode/phyllode/microphyll) plus functional_leaf"
Pelargonium oreophilum,Pelargonium oreophilum,Pelargonium oreophilum,leaf,leaf,0,2026-08-11,"leaf_type 'leaf' value found to reflect an undocumented default fill, not a verified classification; column retired in favor of structural binary flags (frond/cladode/phyllode/microphyll) plus functional_leaf"
Pelargonium praemorsum,Pelargonium praemorsum,Pelargonium praemorsum,leaf,leaf,0,2026-08-11,"leaf_type 'leaf' value found to reflect an undocumented default fill, not a verified classification; column retired in favor of structural binary flags (frond/cladode/phyllode/microphyll) plus functional_leaf"
Pelargonium rapaceum,Pelargonium rapaceum,Pelargonium rapaceum,leaf,leaf,0,2026-08-11,"leaf_type 'leaf' value found to reflect an undocumented default fill, not a verified classification; column retired in favor of structural binary flags (frond/cladode/phyllode/microphyll) plus functional_leaf"
Pelargonium redactum,Pelargonium reductum,Pelargonium redactum,leaf,leaf,0,2026-08-11,"leaf_type 'leaf' value found to reflect an undocumented default fill, not a verified classification; column retired in favor of structural binary flags (frond/cladode/phyllode/microphyll) plus functional_leaf"
Pelargonium reflexum,Pelargonium reflexum,Pelargonium reflexum,leaf,leaf,0,2026-08-11,"leaf_type 'leaf' value found to reflect an undocumented default fill, not a verified classification; column retired in favor of structural binary flags (frond/cladode/phyllode/microphyll) plus functional_leaf"
Pelargonium pachypodium,Pelargonium sp,Pelargonium pachypodium,leaf,leaf,0,2026-08-11,"leaf_type 'leaf' value found to reflect an undocumented default fill, not a verified classification; column retired in favor of structural binary flags (frond/cladode/phyllode/microphyll) plus functional_leaf"
Pentameris rupestris,Pentameris rupestris,Pentameris rupestris,leaf,mixed,0,2026-08-11,"leaf_type 'leaf' value found to reflect an undocumented default fill, not a verified classification; column retired in favor of structural binary flags (frond/cladode/phyllode/microphyll) plus functional_leaf"
Pentameris airoides,Pentaschistis airoides,Pentameris airoides,leaf,mixed,0,2026-08-11,"leaf_type 'leaf' value found to reflect an undocumented default fill, not a verified classification; column retired in favor of structural binary flags (frond/cladode/phyllode/microphyll) plus functional_leaf"
Pentameris patula,Pentaschistis patula,Pentameris patula,leaf,mixed,0,2026-08-11,"leaf_type 'leaf' value found to reflect an undocumented default fill, not a verified classification; column retired in favor of structural binary flags (frond/cladode/phyllode/microphyll) plus functional_leaf"
Pentzia dentata,Pentzia dentata,Pentzia dentata,leaf,leaf,0,2026-08-11,"leaf_type 'leaf' value found to reflect an undocumented default fill, not a verified classification; column retired in favor of structural binary flags (frond/cladode/phyllode/microphyll) plus functional_leaf"
Pentzia lanata,Pentzia lanata,Pentzia lanata,leaf,leaf,0,2026-08-11,"leaf_type 'leaf' value found to reflect an undocumented default fill, not a verified classification; column retired in favor of structural binary flags (frond/cladode/phyllode/microphyll) plus functional_leaf"
Pentzia sphaerocephala,Pentzia sphaerocephala,Pentzia sphaerocephala,leaf,leaf,0,2026-08-11,"leaf_type 'leaf' value found to reflect an undocumented default fill, not a verified classification; column retired in favor of structural binary flags (frond/cladode/phyllode/microphyll) plus functional_leaf"
Pentzia spinescens,Pentzia spinescens,Pentzia spinescens,leaf,leaf,0,2026-08-11,"leaf_type 'leaf' value found to reflect an undocumented default fill, not a verified classification; column retired in favor of structural binary flags (frond/cladode/phyllode/microphyll) plus functional_leaf"
Pharnaceum aurantium,Pharnaceum aurantium,Pharnaceum aurantium,leaf,leaf,0,2026-08-11,"leaf_type 'leaf' value found to reflect an undocumented default fill, not a verified classification; column retired in favor of structural binary flags (frond/cladode/phyllode/microphyll) plus functional_leaf"
Pharnaceum ciliare,Pharnaceum ciliare,Pharnaceum ciliare,leaf,leaf,0,2026-08-11,"leaf_type 'leaf' value found to reflect an undocumented default fill, not a verified classification; column retired in favor of structural binary flags (frond/cladode/phyllode/microphyll) plus functional_leaf"
Pharnaceum croceum,Pharnaceum croceum,Pharnaceum croceum,leaf,leaf,0,2026-08-11,"leaf_type 'leaf' value found to reflect an undocumented default fill, not a verified classification; column retired in favor of structural binary flags (frond/cladode/phyllode/microphyll) plus functional_leaf"
Phylica agathosmoides,Phylica agathosmoides,Phylica agathosmoides,leaf,leaf,0,2026-08-11,"leaf_type 'leaf' value found to reflect an undocumented default fill, not a verified classification; column retired in favor of structural binary flags (frond/cladode/phyllode/microphyll) plus functional_leaf"
Mesembryantheum tenuiflorum,Phyllobolus tenuiflorus,Mesembryanthemum tenuiflorum,leaf,leaf,0,2026-08-11,"leaf_type 'leaf' value found to reflect an undocumented default fill, not a verified classification; column retired in favor of structural binary flags (frond/cladode/phyllode/microphyll) plus functional_leaf"
Plantago cafra,Plantago cafra,Plantago capillaris,leaf,leaf,0,2026-08-11,"leaf_type 'leaf' value found to reflect an undocumented default fill, not a verified classification; column retired in favor of structural binary flags (frond/cladode/phyllode/microphyll) plus functional_leaf"
Poa bulbosa,Poa bulbosa,Poa bulbosa,leaf,mixed,0,2026-08-11,"leaf_type 'leaf' value found to reflect an undocumented default fill, not a verified classification; column retired in favor of structural binary flags (frond/cladode/phyllode/microphyll) plus functional_leaf"
Polycarena aurea,Polycarena aurea,Polycarena aurea,leaf,leaf,0,2026-08-11,"leaf_type 'leaf' value found to reflect an undocumented default fill, not a verified classification; column retired in favor of structural binary flags (frond/cladode/phyllode/microphyll) plus functional_leaf"
Polygala ephedroides,Polygala ephedroides,Polygala ephedroides,leaf,mixed,1,2026-08-11,"leaf_type 'leaf' value found to reflect an undocumented default fill, not a verified classification; column retired in favor of structural binary flags (frond/cladode/phyllode/microphyll) plus functional_leaf"
Polygala scabra,Polygala scabra,Polygala bowkerae,leaf,leaf,0,2026-08-11,"leaf_type 'leaf' value found to reflect an undocumented default fill, not a verified classification; column retired in favor of structural binary flags (frond/cladode/phyllode/microphyll) plus functional_leaf"
Mesembryanthemum pallens,Prenia pallens,Mesembryanthemum pallens,leaf,leaf,0,2026-08-11,"leaf_type 'leaf' value found to reflect an undocumented default fill, not a verified classification; column retired in favor of structural binary flags (frond/cladode/phyllode/microphyll) plus functional_leaf"
Mesembryanthemum tetragonum,Prenia tetragona,Mesembryanthemum tetragonum,leaf,leaf,0,2026-08-11,"leaf_type 'leaf' value found to reflect an undocumented default fill, not a verified classification; column retired in favor of structural binary flags (frond/cladode/phyllode/microphyll) plus functional_leaf"
Prosopis glandulosa,Prosopis glandulosa,Neltuma glandulosa,leaf,leaf,0,2026-08-11,"leaf_type 'leaf' value found to reflect an undocumented default fill, not a verified classification; column retired in favor of structural binary flags (frond/cladode/phyllode/microphyll) plus functional_leaf"
Pseudoschoenus inanis,Pseudoschoenus inanis,Pseudoschoenus inanis,leaf,culm_stem,1,2026-08-11,"leaf_type 'leaf' value found to reflect an undocumented default fill, not a verified classification; column retired in favor of structural binary flags (frond/cladode/phyllode/microphyll) plus functional_leaf"
Mesembryanthemum coriarium,Psilocaulon coriarium,Mesembryanthemum coriarium,leaf,leaf,0,2026-08-11,"leaf_type 'leaf' value found to reflect an undocumented default fill, not a verified classification; column retired in favor of structural binary flags (frond/cladode/phyllode/microphyll) plus functional_leaf"
Pteronia adenocarpa,Pteronia adenocarpa,Pteronia adenocarpa,leaf,leaf,0,2026-08-11,"leaf_type 'leaf' value found to reflect an undocumented default fill, not a verified classification; column retired in favor of structural binary flags (frond/cladode/phyllode/microphyll) plus functional_leaf"
Pteronia aspalatha,Pteronia aspalatha,Pteronia aspalatha,leaf,leaf,0,2026-08-11,"leaf_type 'leaf' value found to reflect an undocumented default fill, not a verified classification; column retired in favor of structural binary flags (frond/cladode/phyllode/microphyll) plus functional_leaf"
Pteronia divaricata,Pteronia divaricata,Pteronia divaricata,leaf,leaf,0,2026-08-11,"leaf_type 'leaf' value found to reflect an undocumented default fill, not a verified classification; column retired in favor of structural binary flags (frond/cladode/phyllode/microphyll) plus functional_leaf"
Pteronia empetrifolia,Pteronia empetrifolia,Pteronia empetrifolia,leaf,leaf,0,2026-08-11,"leaf_type 'leaf' value found to reflect an undocumented default fill, not a verified classification; column retired in favor of structural binary flags (frond/cladode/phyllode/microphyll) plus functional_leaf"
Pteronia flexicaulis,Pteronia flexicaulis,Pteronia flexicaulis,leaf,leaf,0,2026-08-11,"leaf_type 'leaf' value found to reflect an undocumented default fill, not a verified classification; column retired in favor of structural binary flags (frond/cladode/phyllode/microphyll) plus functional_leaf"
Pteronia glabrata,Pteronia glabrata,Pteronia glabrata,leaf,leaf,0,2026-08-11,"leaf_type 'leaf' value found to reflect an undocumented default fill, not a verified classification; column retired in favor of structural binary flags (frond/cladode/phyllode/microphyll) plus functional_leaf"
Pteronia glauca,Pteronia glauca,Pteronia glauca,leaf,leaf,0,2026-08-11,"leaf_type 'leaf' value found to reflect an undocumented default fill, not a verified classification; column retired in favor of structural binary flags (frond/cladode/phyllode/microphyll) plus functional_leaf"
Pteronia glomerata,Pteronia glomerata,Pteronia glomerata,leaf,leaf,0,2026-08-11,"leaf_type 'leaf' value found to reflect an undocumented default fill, not a verified classification; column retired in favor of structural binary flags (frond/cladode/phyllode/microphyll) plus functional_leaf"
Pteronia oblanceolata,Pteronia oblanceolata,Pteronia oblanceolata,leaf,leaf,0,2026-08-11,"leaf_type 'leaf' value found to reflect an undocumented default fill, not a verified classification; column retired in favor of structural binary flags (frond/cladode/phyllode/microphyll) plus functional_leaf"
Pteronia pallens,Pteronia pallens,Pteronia pallens,leaf,leaf,0,2026-08-11,"leaf_type 'leaf' value found to reflect an undocumented default fill, not a verified classification; column retired in favor of structural binary flags (frond/cladode/phyllode/microphyll) plus functional_leaf"
Pteronia paniculata,Pteronia paniculata,Pteronia paniculata,leaf,leaf,0,2026-08-11,"leaf_type 'leaf' value found to reflect an undocumented default fill, not a verified classification; column retired in favor of structural binary flags (frond/cladode/phyllode/microphyll) plus functional_leaf"
Pteronia scariosa,Pteronia scariosa,Pteronia scariosa,leaf,leaf,0,2026-08-11,"leaf_type 'leaf' value found to reflect an undocumented default fill, not a verified classification; column retired in favor of structural binary flags (frond/cladode/phyllode/microphyll) plus functional_leaf"
Pteronia sordida,Pteronia sordida,Pteronia sordida,leaf,leaf,0,2026-08-11,"leaf_type 'leaf' value found to reflect an undocumented default fill, not a verified classification; column retired in favor of structural binary flags (frond/cladode/phyllode/microphyll) plus functional_leaf"
Pteronia villosa,Pteronia villosa,Pteronia villosa,leaf,leaf,0,2026-08-11,"leaf_type 'leaf' value found to reflect an undocumented default fill, not a verified classification; column retired in favor of structural binary flags (frond/cladode/phyllode/microphyll) plus functional_leaf"
Relhania corymbosa,Relhania corymbosa,Oedera corymbosa,leaf,leaf,0,2026-08-11,"leaf_type 'leaf' value found to reflect an undocumented default fill, not a verified classification; column retired in favor of structural binary flags (frond/cladode/phyllode/microphyll) plus functional_leaf"
Restio longiaristatus,Restio longiaristatus,Restio longiaristatus,leaf,culm_stem,1,2026-08-11,"leaf_type 'leaf' value found to reflect an undocumented default fill, not a verified classification; column retired in favor of structural binary flags (frond/cladode/phyllode/microphyll) plus functional_leaf"
Restio macer,Restio macer,Restio macer,leaf,culm_stem,1,2026-08-11,"leaf_type 'leaf' value found to reflect an undocumented default fill, not a verified classification; column retired in favor of structural binary flags (frond/cladode/phyllode/microphyll) plus functional_leaf"
Romulea hantamensis,Romulea hantamensis,Romulea hantamensis,leaf,leaf,0,2026-08-11,"leaf_type 'leaf' value found to reflect an undocumented default fill, not a verified classification; column retired in favor of structural binary flags (frond/cladode/phyllode/microphyll) plus functional_leaf"
Romulea montana,Romulea montana,Romulea montana,leaf,leaf,0,2026-08-11,"leaf_type 'leaf' value found to reflect an undocumented default fill, not a verified classification; column retired in favor of structural binary flags (frond/cladode/phyllode/microphyll) plus functional_leaf"
Romulea sabulosa,Romulea sabulosa,Romulea sabulosa,leaf,leaf,0,2026-08-11,"leaf_type 'leaf' value found to reflect an undocumented default fill, not a verified classification; column retired in favor of structural binary flags (frond/cladode/phyllode/microphyll) plus functional_leaf"
Romulea tortuosa,Romulea tortuosa,Romulea tortuosa,leaf,leaf,0,2026-08-11,"leaf_type 'leaf' value found to reflect an undocumented default fill, not a verified classification; column retired in favor of structural binary flags (frond/cladode/phyllode/microphyll) plus functional_leaf"
Rosenia glandulosa,Rosenia glandulosa,Rosenia glandulosa,leaf,leaf,0,2026-08-11,"leaf_type 'leaf' value found to reflect an undocumented default fill, not a verified classification; column retired in favor of structural binary flags (frond/cladode/phyllode/microphyll) plus functional_leaf"
Rosenia humilis,Rosenia humilis,Rosenia humilis,leaf,leaf,0,2026-08-11,"leaf_type 'leaf' value found to reflect an undocumented default fill, not a verified classification; column retired in favor of structural binary flags (frond/cladode/phyllode/microphyll) plus functional_leaf"
Rosenia oppositifolia,Rosenia oppositifolia,Rosenia oppositifolia,leaf,leaf,0,2026-08-11,"leaf_type 'leaf' value found to reflect an undocumented default fill, not a verified classification; column retired in favor of structural binary flags (frond/cladode/phyllode/microphyll) plus functional_leaf"
Rumex crispus,Rumex crispus,Rumex crispus,leaf,leaf,0,2026-08-11,"leaf_type 'leaf' value found to reflect an undocumented default fill, not a verified classification; column retired in favor of structural binary flags (frond/cladode/phyllode/microphyll) plus functional_leaf"
Rumex sagittatus,Rumex sagittatus,Rumex sagittatus,leaf,leaf,0,2026-08-11,"leaf_type 'leaf' value found to reflect an undocumented default fill, not a verified classification; column retired in favor of structural binary flags (frond/cladode/phyllode/microphyll) plus functional_leaf"
Ruschia burtoniae,Ruschia burtoniae,Ruschia burtoniae,leaf,leaf,0,2026-08-11,"leaf_type 'leaf' value found to reflect an undocumented default fill, not a verified classification; column retired in favor of structural binary flags (frond/cladode/phyllode/microphyll) plus functional_leaf"
Ruschia cradockensis,Ruschia cradockensis,Ruschia cradockensis,leaf,leaf,0,2026-08-11,"leaf_type 'leaf' value found to reflect an undocumented default fill, not a verified classification; column retired in favor of structural binary flags (frond/cladode/phyllode/microphyll) plus functional_leaf"
Ruschia decurvans,Ruschia decurvans,Ruschia decurvans,leaf,leaf,0,2026-08-11,"leaf_type 'leaf' value found to reflect an undocumented default fill, not a verified classification; column retired in favor of structural binary flags (frond/cladode/phyllode/microphyll) plus functional_leaf"
Ruschia grisea,Ruschia grisea,Ruschia grisea,leaf,mixed,0,2026-08-11,"leaf_type 'leaf' value found to reflect an undocumented default fill, not a verified classification; column retired in favor of structural binary flags (frond/cladode/phyllode/microphyll) plus functional_leaf"
Ruschia intricata,Ruschia intricata,Ruschia intricata,leaf,leaf,0,2026-08-11,"leaf_type 'leaf' value found to reflect an undocumented default fill, not a verified classification; column retired in favor of structural binary flags (frond/cladode/phyllode/microphyll) plus functional_leaf"
Ruschia laxipetala,Ruschia laxipetala,Ruschia laxipetala,leaf,mixed,0,2026-08-11,"leaf_type 'leaf' value found to reflect an undocumented default fill, not a verified classification; column retired in favor of structural binary flags (frond/cladode/phyllode/microphyll) plus functional_leaf"
Ruschia muelleri,Ruschia muelleri,Ruschia muelleri,leaf,leaf,0,2026-08-11,"leaf_type 'leaf' value found to reflect an undocumented default fill, not a verified classification; column retired in favor of structural binary flags (frond/cladode/phyllode/microphyll) plus functional_leaf"
Ruschia robusta,Ruschia robusta,Ruschia robusta,leaf,leaf,0,2026-08-11,"leaf_type 'leaf' value found to reflect an undocumented default fill, not a verified classification; column retired in favor of structural binary flags (frond/cladode/phyllode/microphyll) plus functional_leaf"
Phiambolia unca,Ruschia unca,Phiambolia unca,leaf,leaf,0,2026-08-11,"leaf_type 'leaf' value found to reflect an undocumented default fill, not a verified classification; column retired in favor of structural binary flags (frond/cladode/phyllode/microphyll) plus functional_leaf"
Salsola aphylla,Salsola aphylla,Caroxylon aphyllum,leaf,leaf,0,2026-08-11,"leaf_type 'leaf' value found to reflect an undocumented default fill, not a verified classification; column retired in favor of structural binary flags (frond/cladode/phyllode/microphyll) plus functional_leaf"
Salsola glabrescens,Salsola glabrescens,Caroxylon glabrescens,leaf,leaf,0,2026-08-11,"leaf_type 'leaf' value found to reflect an undocumented default fill, not a verified classification; column retired in favor of structural binary flags (frond/cladode/phyllode/microphyll) plus functional_leaf"
Salsola kali,Salsola kali,Salsola kali,leaf,leaf,0,2026-08-11,"leaf_type 'leaf' value found to reflect an undocumented default fill, not a verified classification; column retired in favor of structural binary flags (frond/cladode/phyllode/microphyll) plus functional_leaf"
Salsola tuberculata,Salsola tuberculata,Caroxylon tuberculatum,leaf,leaf,0,2026-08-11,"leaf_type 'leaf' value found to reflect an undocumented default fill, not a verified classification; column retired in favor of structural binary flags (frond/cladode/phyllode/microphyll) plus functional_leaf"
Salsola zeyheri,Salsola zeyheri,Salsola zeyheri,leaf,leaf,0,2026-08-11,"leaf_type 'leaf' value found to reflect an undocumented default fill, not a verified classification; column retired in favor of structural binary flags (frond/cladode/phyllode/microphyll) plus functional_leaf"
Salvia disermas,Salvia disermas,Salvia disermas,leaf,leaf,0,2026-08-11,"leaf_type 'leaf' value found to reflect an undocumented default fill, not a verified classification; column retired in favor of structural binary flags (frond/cladode/phyllode/microphyll) plus functional_leaf"
Monsonia crassicaulis,Sarcocaulon crassicaule,Sarcocaulon spinosum,leaf,leaf,0,2026-08-11,"leaf_type 'leaf' value found to reflect an undocumented default fill, not a verified classification; column retired in favor of structural binary flags (frond/cladode/phyllode/microphyll) plus functional_leaf"
Satyrium erectum,Satyrium erectum,Satyrium erectum,leaf,leaf,0,2026-08-11,"leaf_type 'leaf' value found to reflect an undocumented default fill, not a verified classification; column retired in favor of structural binary flags (frond/cladode/phyllode/microphyll) plus functional_leaf"
Mesembryanthemum tortuosum,Sceletium tortuosum,Mesembryanthemum tortuosum,leaf,leaf,0,2026-08-11,"leaf_type 'leaf' value found to reflect an undocumented default fill, not a verified classification; column retired in favor of structural binary flags (frond/cladode/phyllode/microphyll) plus functional_leaf"
Schismus barbatus,Schismus barbatus,Schismus barbatus,leaf,leaf,0,2026-08-11,"leaf_type 'leaf' value found to reflect an undocumented default fill, not a verified classification; column retired in favor of structural binary flags (frond/cladode/phyllode/microphyll) plus functional_leaf"
Schismus scaberrimus,Schismus scaberrimus,Schismus scaberrimus,leaf,leaf,0,2026-08-11,"leaf_type 'leaf' value found to reflect an undocumented default fill, not a verified classification; column retired in favor of structural binary flags (frond/cladode/phyllode/microphyll) plus functional_leaf"
Schismus schismoides,Schismus schismoides,Schismus schismoides,leaf,leaf,0,2026-08-11,"leaf_type 'leaf' value found to reflect an undocumented default fill, not a verified classification; column retired in favor of structural binary flags (frond/cladode/phyllode/microphyll) plus functional_leaf"
Scirpoides dioecus,Scirpoides dioecus,Afroscirpoides dioeca,leaf,culm_stem,1,2026-08-11,"leaf_type 'leaf' value found to reflect an undocumented default fill, not a verified classification; column retired in favor of structural binary flags (frond/cladode/phyllode/microphyll) plus functional_leaf"
Scleranthus annuus,Scleranthus annuus,Scleranthus annuus,leaf,leaf,0,2026-08-11,"leaf_type 'leaf' value found to reflect an undocumented default fill, not a verified classification; column retired in favor of structural binary flags (frond/cladode/phyllode/microphyll) plus functional_leaf"
Searsia burchellii,Searsia burchellii,Searsia burchellii,leaf,leaf,0,2026-08-11,"leaf_type 'leaf' value found to reflect an undocumented default fill, not a verified classification; column retired in favor of structural binary flags (frond/cladode/phyllode/microphyll) plus functional_leaf"
Searsia lancea,Searsia lancea,Searsia lancea,leaf,leaf,0,2026-08-11,"leaf_type 'leaf' value found to reflect an undocumented default fill, not a verified classification; column retired in favor of structural binary flags (frond/cladode/phyllode/microphyll) plus functional_leaf"
Selago albida,Selago albida,Selago albida,leaf,leaf,0,2026-08-11,"leaf_type 'leaf' value found to reflect an undocumented default fill, not a verified classification; column retired in favor of structural binary flags (frond/cladode/phyllode/microphyll) plus functional_leaf"
Selago articulata,Selago articulata,Selago articulata,leaf,leaf,0,2026-08-11,"leaf_type 'leaf' value found to reflect an undocumented default fill, not a verified classification; column retired in favor of structural binary flags (frond/cladode/phyllode/microphyll) plus functional_leaf"
Selago divaricata,Selago divaricata,Selago divaricata,leaf,leaf,0,2026-08-11,"leaf_type 'leaf' value found to reflect an undocumented default fill, not a verified classification; column retired in favor of structural binary flags (frond/cladode/phyllode/microphyll) plus functional_leaf"
Selago glabrata,Selago glabrata,Selago glabrata,leaf,leaf,0,2026-08-11,"leaf_type 'leaf' value found to reflect an undocumented default fill, not a verified classification; column retired in favor of structural binary flags (frond/cladode/phyllode/microphyll) plus functional_leaf"
Selago rigida,Selago rigida,Selago rigida,leaf,leaf,0,2026-08-11,"leaf_type 'leaf' value found to reflect an undocumented default fill, not a verified classification; column retired in favor of structural binary flags (frond/cladode/phyllode/microphyll) plus functional_leaf"
Selago subspinosa,Selago subspinosa,Selago subspinosa,leaf,leaf,0,2026-08-11,"leaf_type 'leaf' value found to reflect an undocumented default fill, not a verified classification; column retired in favor of structural binary flags (frond/cladode/phyllode/microphyll) plus functional_leaf"
Senecio abbreviatus,Senecio abbreviatus,Senecio abbreviatus,leaf,leaf,0,2026-08-11,"leaf_type 'leaf' value found to reflect an undocumented default fill, not a verified classification; column retired in favor of structural binary flags (frond/cladode/phyllode/microphyll) plus functional_leaf"
Senecio abruptus,Senecio abruptus,Senecio abruptus,leaf,leaf,0,2026-08-11,"leaf_type 'leaf' value found to reflect an undocumented default fill, not a verified classification; column retired in favor of structural binary flags (frond/cladode/phyllode/microphyll) plus functional_leaf"
Senecio cardaminifolius,Senecio cardaminifolius,Senecio cardaminifolius,leaf,leaf,0,2026-08-11,"leaf_type 'leaf' value found to reflect an undocumented default fill, not a verified classification; column retired in favor of structural binary flags (frond/cladode/phyllode/microphyll) plus functional_leaf"
Senecio cinerascens,Senecio cinerascens,Senecio cinerascens,leaf,leaf,0,2026-08-11,"leaf_type 'leaf' value found to reflect an undocumented default fill, not a verified classification; column retired in favor of structural binary flags (frond/cladode/phyllode/microphyll) plus functional_leaf"
Senecio leptophyllus,Senecio leptophyllus,Senecio leptophyllus,leaf,leaf,0,2026-08-11,"leaf_type 'leaf' value found to reflect an undocumented default fill, not a verified classification; column retired in favor of structural binary flags (frond/cladode/phyllode/microphyll) plus functional_leaf"
Senecio radicans,Senecio radicans,Senecio radicans,leaf,leaf,0,2026-08-11,"leaf_type 'leaf' value found to reflect an undocumented default fill, not a verified classification; column retired in favor of structural binary flags (frond/cladode/phyllode/microphyll) plus functional_leaf"
Septulina glauca,Septulina glauca,Septulina glauca,leaf,leaf,0,2026-08-11,"leaf_type 'leaf' value found to reflect an undocumented default fill, not a verified classification; column retired in favor of structural binary flags (frond/cladode/phyllode/microphyll) plus functional_leaf"
Silene clandestina,Silene clandestina,Silene cretica,leaf,leaf,0,2026-08-11,"leaf_type 'leaf' value found to reflect an undocumented default fill, not a verified classification; column retired in favor of structural binary flags (frond/cladode/phyllode/microphyll) plus functional_leaf"
Stachys lamarckii,Stachys lamarckii,Stachys lamarckii,leaf,leaf,0,2026-08-11,"leaf_type 'leaf' value found to reflect an undocumented default fill, not a verified classification; column retired in favor of structural binary flags (frond/cladode/phyllode/microphyll) plus functional_leaf"
Stipagrostis brevifolia,Stipagrostis brevifolia,Stipagrostis brevifolia,leaf,mixed,0,2026-08-11,"leaf_type 'leaf' value found to reflect an undocumented default fill, not a verified classification; column retired in favor of structural binary flags (frond/cladode/phyllode/microphyll) plus functional_leaf"
Stipagrostis ciliata,Stipagrostis ciliata,Stipagrostis ciliata,leaf,mixed,0,2026-08-11,"leaf_type 'leaf' value found to reflect an undocumented default fill, not a verified classification; column retired in favor of structural binary flags (frond/cladode/phyllode/microphyll) plus functional_leaf"
Stipagrostis namaquensis,Stipagrostis namaquensis,Stipagrostis namaquensis,leaf,mixed,0,2026-08-11,"leaf_type 'leaf' value found to reflect an undocumented default fill, not a verified classification; column retired in favor of structural binary flags (frond/cladode/phyllode/microphyll) plus functional_leaf"
Stipagrostis obtusa,Stipagrostis obtusa,Stipagrostis obtusa,leaf,mixed,0,2026-08-11,"leaf_type 'leaf' value found to reflect an undocumented default fill, not a verified classification; column retired in favor of structural binary flags (frond/cladode/phyllode/microphyll) plus functional_leaf"
Lessertia frutescens,Sutherlandia frutescens,Lessertia frutescens,leaf,leaf,0,2026-08-11,"leaf_type 'leaf' value found to reflect an undocumented default fill, not a verified classification; column retired in favor of structural binary flags (frond/cladode/phyllode/microphyll) plus functional_leaf"
Tenaxia dura,Tenaxia dura,Tenaxia dura,leaf,mixed,0,2026-08-11,"leaf_type 'leaf' value found to reflect an undocumented default fill, not a verified classification; column retired in favor of structural binary flags (frond/cladode/phyllode/microphyll) plus functional_leaf"
Tetragonia enchinata,Tetragonia microptera,Tetragonia echinata,leaf,leaf,0,2026-08-11,"leaf_type 'leaf' value found to reflect an undocumented default fill, not a verified classification; column retired in favor of structural binary flags (frond/cladode/phyllode/microphyll) plus functional_leaf"
Tetragonia nigrescens,Tetragonia nigrescens,Tetragonia nigrescens,leaf,leaf,0,2026-08-11,"leaf_type 'leaf' value found to reflect an undocumented default fill, not a verified classification; column retired in favor of structural binary flags (frond/cladode/phyllode/microphyll) plus functional_leaf"
Tetragonia sarcophylla,Tetragonia sarcophylla,Tetragonia sarcophylla,leaf,leaf,0,2026-08-11,"leaf_type 'leaf' value found to reflect an undocumented default fill, not a verified classification; column retired in favor of structural binary flags (frond/cladode/phyllode/microphyll) plus functional_leaf"
Thesium hispidulum,Thesium hispidulum,Thesium hispidulum,leaf,mixed,0,2026-08-11,"leaf_type 'leaf' value found to reflect an undocumented default fill, not a verified classification; column retired in favor of structural binary flags (frond/cladode/phyllode/microphyll) plus functional_leaf"
Thesium horridum,Thesium horridum,Thesium horridum,leaf,mixed,0,2026-08-11,"leaf_type 'leaf' value found to reflect an undocumented default fill, not a verified classification; column retired in favor of structural binary flags (frond/cladode/phyllode/microphyll) plus functional_leaf"
Thesium hystrix,Thesium hystrix,Thesium hystrix,leaf,mixed,1,2026-08-11,"leaf_type 'leaf' value found to reflect an undocumented default fill, not a verified classification; column retired in favor of structural binary flags (frond/cladode/phyllode/microphyll) plus functional_leaf"
Thesium lineatum,Thesium lineatum,Lacomucinaea lineata,leaf,mixed,1,2026-08-11,"leaf_type 'leaf' value found to reflect an undocumented default fill, not a verified classification; column retired in favor of structural binary flags (frond/cladode/phyllode/microphyll) plus functional_leaf"
Trachyandra divaricata,Trachyandra divaricata,Trachyandra divaricata,leaf,leaf,0,2026-08-11,"leaf_type 'leaf' value found to reflect an undocumented default fill, not a verified classification; column retired in favor of structural binary flags (frond/cladode/phyllode/microphyll) plus functional_leaf"
Trachyandra falcata,Trachyandra falcata,Trachyandra falcata,leaf,leaf,0,2026-08-11,"leaf_type 'leaf' value found to reflect an undocumented default fill, not a verified classification; column retired in favor of structural binary flags (frond/cladode/phyllode/microphyll) plus functional_leaf"
Trachyandra jacquiniana,Trachyandra jacquiniana,Trachyandra jacquiniana,leaf,leaf,0,2026-08-11,"leaf_type 'leaf' value found to reflect an undocumented default fill, not a verified classification; column retired in favor of structural binary flags (frond/cladode/phyllode/microphyll) plus functional_leaf"
Tribolium tenella,Tribolium tenellum,Tribolium tenellum,leaf,mixed,0,2026-08-11,"leaf_type 'leaf' value found to reflect an undocumented default fill, not a verified classification; column retired in favor of structural binary flags (frond/cladode/phyllode/microphyll) plus functional_leaf"
Tribolium utriculosum,Tribolium utriculosum,Tribolium utriculosum,leaf,mixed,0,2026-08-11,"leaf_type 'leaf' value found to reflect an undocumented default fill, not a verified classification; column retired in favor of structural binary flags (frond/cladode/phyllode/microphyll) plus functional_leaf"
Trichodiadema promeridiana,Trichodiadema promeridiana,Trichodiadema pomeridianum,leaf,leaf,0,2026-08-11,"leaf_type 'leaf' value found to reflect an undocumented default fill, not a verified classification; column retired in favor of structural binary flags (frond/cladode/phyllode/microphyll) plus functional_leaf"
Tylecodon reticulatus,Tylecodon reticulatus,Tylecodon reticulatus,leaf,leaf,0,2026-08-11,"leaf_type 'leaf' value found to reflect an undocumented default fill, not a verified classification; column retired in favor of structural binary flags (frond/cladode/phyllode/microphyll) plus functional_leaf"
Tylecodon wallichii,Tylecodon wallichii,Tylecodon wallichii,leaf,leaf,0,2026-08-11,"leaf_type 'leaf' value found to reflect an undocumented default fill, not a verified classification; column retired in favor of structural binary flags (frond/cladode/phyllode/microphyll) plus functional_leaf"
Ursinia anthemoides,Ursinia anthemoides,Ursinia anthemoides,leaf,leaf,0,2026-08-11,"leaf_type 'leaf' value found to reflect an undocumented default fill, not a verified classification; column retired in favor of structural binary flags (frond/cladode/phyllode/microphyll) plus functional_leaf"
Ursinia cakilefolia,Ursinia cakilefolia,Ursinia cakilefolia,leaf,leaf,0,2026-08-11,"leaf_type 'leaf' value found to reflect an undocumented default fill, not a verified classification; column retired in favor of structural binary flags (frond/cladode/phyllode/microphyll) plus functional_leaf"
Ursinia calenduliflora,Ursinia calenduliflora,Ursinia calenduliflora,leaf,leaf,0,2026-08-11,"leaf_type 'leaf' value found to reflect an undocumented default fill, not a verified classification; column retired in favor of structural binary flags (frond/cladode/phyllode/microphyll) plus functional_leaf"
Ursinia nana subsp. nana,Ursinia nana subsp. nana,Ursinia nana subsp. nana,leaf,leaf,0,2026-08-11,"leaf_type 'leaf' value found to reflect an undocumented default fill, not a verified classification; column retired in favor of structural binary flags (frond/cladode/phyllode/microphyll) plus functional_leaf"
Wahlenbergia androsacea,Wahlenbergia androsacea,Wahlenbergia androsacea,leaf,leaf,0,2026-08-11,"leaf_type 'leaf' value found to reflect an undocumented default fill, not a verified classification; column retired in favor of structural binary flags (frond/cladode/phyllode/microphyll) plus functional_leaf"
Wahlenbergia annularis,Wahlenbergia annularis,Wahlenbergia annularis,leaf,leaf,0,2026-08-11,"leaf_type 'leaf' value found to reflect an undocumented default fill, not a verified classification; column retired in favor of structural binary flags (frond/cladode/phyllode/microphyll) plus functional_leaf"
Wahlenbergia prostrata,Wahlenbergia prostrata,Wahlenbergia prostrata,leaf,leaf,0,2026-08-11,"leaf_type 'leaf' value found to reflect an undocumented default fill, not a verified classification; column retired in favor of structural binary flags (frond/cladode/phyllode/microphyll) plus functional_leaf"
Wahlenbergia thunbergiana,Wahlenbergia thunbergiana,Wahlenbergia thunbergiana,leaf,leaf,0,2026-08-11,"leaf_type 'leaf' value found to reflect an undocumented default fill, not a verified classification; column retired in favor of structural binary flags (frond/cladode/phyllode/microphyll) plus functional_leaf"
Wiborgia monoptera,Wiborgia monoptera,Wiborgia monoptera,leaf,leaf,0,2026-08-11,"leaf_type 'leaf' value found to reflect an undocumented default fill, not a verified classification; column retired in favor of structural binary flags (frond/cladode/phyllode/microphyll) plus functional_leaf"
Wiborgia sericea,Wiborgia sericea,Wiborgia sericea,leaf,leaf,0,2026-08-11,"leaf_type 'leaf' value found to reflect an undocumented default fill, not a verified classification; column retired in favor of structural binary flags (frond/cladode/phyllode/microphyll) plus functional_leaf"
Wiborgiella leipoldtiana,Wiborgiella leipoldtiana,Wiborgiella leipoldtiana,leaf,leaf,0,2026-08-11,"leaf_type 'leaf' value found to reflect an undocumented default fill, not a verified classification; column retired in favor of structural binary flags (frond/cladode/phyllode/microphyll) plus functional_leaf"
Zaluzianskya affinis,Zaluzianskya affinis,Zaluzianskya affinis,leaf,leaf,0,2026-08-11,"leaf_type 'leaf' value found to reflect an undocumented default fill, not a verified classification; column retired in favor of structural binary flags (frond/cladode/phyllode/microphyll) plus functional_leaf"
Zaluzianskya benthamiana,Zaluzianskya benthamiana,Zaluzianskya benthamiana,leaf,leaf,0,2026-08-11,"leaf_type 'leaf' value found to reflect an undocumented default fill, not a verified classification; column retired in favor of structural binary flags (frond/cladode/phyllode/microphyll) plus functional_leaf"
Zaluzianskya cohabitans,Zaluzianskya cohabitans,Zaluzianskya cohabitans,leaf,leaf,0,2026-08-11,"leaf_type 'leaf' value found to reflect an undocumented default fill, not a verified classification; column retired in favor of structural binary flags (frond/cladode/phyllode/microphyll) plus functional_leaf"
Zaluzianskya minima,Zaluzianskya minima,Zaluzianskya minima,leaf,leaf,0,2026-08-11,"leaf_type 'leaf' value found to reflect an undocumented default fill, not a verified classification; column retired in favor of structural binary flags (frond/cladode/phyllode/microphyll) plus functional_leaf"
Zaluzianskya pusilla,Zaluzianskya pusilla,Zaluzianskya pusilla,leaf,leaf,0,2026-08-11,"leaf_type 'leaf' value found to reflect an undocumented default fill, not a verified classification; column retired in favor of structural binary flags (frond/cladode/phyllode/microphyll) plus functional_leaf"
Zaluzianskya villosa,Zaluzianskya villosa,Zaluzianskya villosa,leaf,leaf,0,2026-08-11,"leaf_type 'leaf' value found to reflect an undocumented default fill, not a verified classification; column retired in favor of structural binary flags (frond/cladode/phyllode/microphyll) plus functional_leaf"
Zaluzianskya violacea,Zaluzianskya violacea,Zaluzianskya violacea,leaf,leaf,0,2026-08-11,"leaf_type 'leaf' value found to reflect an undocumented default fill, not a verified classification; column retired in favor of structural binary flags (frond/cladode/phyllode/microphyll) plus functional_leaf"
Roepera lichtensteiniana,Zygophyllum lichtensteinianum,Roepera lichtensteiniana,leaf,leaf,0,2026-08-11,"leaf_type 'leaf' value found to reflect an undocumented default fill, not a verified classification; column retired in favor of structural binary flags (frond/cladode/phyllode/microphyll) plus functional_leaf"
Roepera pygmaea,Zygophyllum pygmaeum,Roepera pygmaea,leaf,leaf,0,2026-08-11,"leaf_type 'leaf' value found to reflect an undocumented default fill, not a verified classification; column retired in favor of structural binary flags (frond/cladode/phyllode/microphyll) plus functional_leaf"
Tetraena retrofracta,Zygophyllum retrofractum,Zygophyllum retrofractum,leaf,mixed,0,2026-08-11,"leaf_type 'leaf' value found to reflect an undocumented default fill, not a verified classification; column retired in favor of structural binary flags (frond/cladode/phyllode/microphyll) plus functional_leaf"
