"","field_1","NewUID","finalname","family_GM","latitude","longitude","region","date","collector","sample","height_cm","canopy_axis_1_cm","canopy_axis_2_cm","canopy_area_cm2","branch_order","pubescence","percent_N","percent_C","C_to_N_ratio","d_15N_14N","d_13C_12C","Chili","Elevation","TopoDiv","geometry"
"1",1,"726_1_BK","Euphorbia grandidens","EUPHORBIACEAE",-33.55142,24.04194,"Baviaanksloof",726,"ASH",1,1000,500,500,196349.5408,"2","N","1.360609795","42.02669126","30.8881293","7.547038941","-15.20076096",5550,457.925199232767,22.775857925415,c(24.04194, -33.55142)
"2",2,"726_10_BK","Cotyledon woodii","CRASSULACEAE",-33.55142,24.04194,"Baviaanksloof",726,"ASH",10,95,105,58,4783.074815,"4","N","0.555052701","43.30490031","78.01943891","4.090359897","-14.60902325",5550,457.925199232767,22.775857925415,c(24.04194, -33.55142)
"3",3,"726_11_BK","Senecio ficoides","ASTERACEAE",-33.55094,24.04128,"Baviaanksloof",726,"ASH",11,112,115,95,8580.474935,"1","N","0.563865044","42.86770566","76.02476185","1.922860135","-23.93547245",4110,476.3586288629,26.7112064361572,c(24.04128, -33.55094)
"4",4,"726_12_BK","Rhoicissus digitata","VITACEAE",-33.55094,24.04128,"Baviaanksloof",726,"ASH",12,220,300,350,82466.80716,"4","B","0.868317601","46.66187406","53.73825659","4.111829953","-26.24295706",4110,476.3586288629,26.7112064361572,c(24.04128, -33.55094)
"5",5,"726_13_BK","Indigofera denudata","FABACEAE",-33.55094,24.04128,"Baviaanksloof",726,"ASH",13,120,58,50,2277.654674,"4","L","1.329070372","47.45361796","35.70436822","-0.642811578","-26.79959994",4110,476.3586288629,26.7112064361572,c(24.04128, -33.55094)
"6",6,"726_14_BK","Hermannia involucrata","MALVACEAE",-33.54049,24.07991,"Baviaanksloof",726,"ASH",14,138,20,15,235.619449,"4","N","1.062293193","45.21468974","42.56328672","-0.750161859","-27.32699714",5520,946.896174684705,26.301441192627,c(24.07991, -33.54049)
"7",7,"726_15_BK","Pentaschistis eriostoma","POACEAE",-33.54049,24.07991,"Baviaanksloof",726,"ASH",15,45,70,60,3298.672286,"0","S","0.554483603","44.07813334","79.49402494","0.592692564","-24.28252125",5520,946.896174684705,26.301441192627,c(24.07991, -33.54049)
"8",8,"726_16_BK","Osteospermum polygaloides","ASTERACEAE",-33.54049,24.07991,"Baviaanksloof",726,"ASH",16,140,15,17,200.2765317,"2","N","NA","NA","NA","NA","NA",5520,946.896174684705,26.301441192627,c(24.07991, -33.54049)
"9",9,"726_17_BK","Lobelia coronopifolia","CAMPANULACEAE",-33.54049,24.07991,"Baviaanksloof",726,"ASH",17,23,40,30,942.4777961,"4","B","0.806681642","40.27147963","49.92239507","0.835694563","-26.17471712",5520,946.896174684705,26.301441192627,c(24.07991, -33.54049)
"10",10,"726_18_BK","Aristea pusilla","IRIDACEAE",-33.54049,24.07991,"Baviaanksloof",726,"ASH",18,9,9,6,42.41150082,"0","N","0.968464282","43.79275539","45.21876148","0.501932781","-25.37241047",5520,946.896174684705,26.301441192627,c(24.07991, -33.54049)
"11",11,"726_19_BK","Helichrysum nudifolium","ASTERACEAE",-33.54049,24.07991,"Baviaanksloof",726,"ASH",19,10,16,13,163.362818,"0","L","1.192633479","36.12921812","30.29364742","0.288208131","-27.49077298",5520,946.896174684705,26.301441192627,c(24.07991, -33.54049)
"12",12,"726_2_BK","Panicum maximum","POACEAE",-33.55142,24.04194,"Baviaanksloof",726,"ASH",2,60,90,80,5654.866776,"1","B","1.950331153","40.93216578","20.98729014","7.03566124","-13.94417132",5550,457.925199232767,22.775857925415,c(24.04194, -33.55142)
"13",13,"726_20_BK","Gazania krebsiana","ASTERACEAE",-33.54049,24.07991,"Baviaanksloof",726,"ASH",20,10,15,15,176.7145868,"0","B","1.152112837","39.15060627","33.98157283","-0.432990574","-29.5555184",5520,946.896174684705,26.301441192627,c(24.07991, -33.54049)
"14",14,"726_21_BK","Aspalathus kougaensis","FABACEAE",-33.54049,24.07991,"Baviaanksloof",726,"ASH",21,114,71,58,3234.269637,"4","B","0.702815589","48.26211874","68.66967599","-1.508445206","-25.31294425",5520,946.896174684705,26.301441192627,c(24.07991, -33.54049)
"15",15,"726_22_BK","Euchaetis vallis-simiae","RUTACEAE",-33.54049,24.07991,"Baviaanksloof",726,"ASH",22,55,30,32,753.9822369,"4","B","0.478154402","47.03868011","98.37550356","0.792754451","-25.54008574",5520,946.896174684705,26.301441192627,c(24.07991, -33.54049)
"16",16,"726_23_BK","Selago glomerata","SCROPHULARIACEAE",-33.54049,24.07991,"Baviaanksloof",726,"ASH",23,110,80,55,3455.751919,"4","S","0.618964496","46.70272938","75.45300208","0.101809007","-26.99554604",5520,946.896174684705,26.301441192627,c(24.07991, -33.54049)
"17",17,"726_24_BK","Disparago ericoides","ASTERACEAE",-33.54049,24.07991,"Baviaanksloof",726,"ASH",24,80,45,40,1413.716694,"4","B","0.502432372","45.91124296","91.37795547","-0.020179949","-26.3999089",5520,946.896174684705,26.301441192627,c(24.07991, -33.54049)
"18",18,"726_25_BK","Asparagus africanus","ASPARAGACEAE",-33.54049,24.07991,"Baviaanksloof",726,"ASH",25,16,36,37,1046.150354,"1","B","0.693874474","47.05386705","67.81322671","1.964824336","-25.61319995",5520,946.896174684705,26.301441192627,c(24.07991, -33.54049)
"19",19,"726_26_BK","Aspalathus collina","FABACEAE",-33.54049,24.07991,"Baviaanksloof",726,"ASH",26,70,80,50,3141.592654,"4","S","0.703466845","47.18131989","67.0697137","-1.26739503","-26.21761079",5520,946.896174684705,26.301441192627,c(24.07991, -33.54049)
"20",20,"726_27_BK","Ursinia chrysanthemoides","ASTERACEAE",-33.54049,24.07991,"Baviaanksloof",726,"ASH",27,50,50,35,1374.446786,"4","N","0.628823662","45.32349573","72.07663845","-0.995115681","-27.11447849",5520,946.896174684705,26.301441192627,c(24.07991, -33.54049)
"21",21,"726_28_BK","Struthiola argentea","THYMELAEACEAE",-33.54049,24.07991,"Baviaanksloof",726,"ASH",28,63,50,40,1570.796327,"3","B","0.607974277","45.87889642","75.46190381","-0.861415786","-25.40848015",5520,946.896174684705,26.301441192627,c(24.07991, -33.54049)
"22",22,"726_29_BK","Hertia kraussii","ASTERACEAE",-33.54049,24.07991,"Baviaanksloof",726,"ASH",29,105,65,45,2297.289628,"4","N","0.664467887","42.24897819","63.58317539","0.12132724","-27.76080815",5520,946.896174684705,26.301441192627,c(24.07991, -33.54049)
"23",23,"726_3_BK","Crassula cultrata","CRASSULACEAE",-33.55142,24.04194,"Baviaanksloof",726,"ASH",3,45,70,44,2419.026343,"2","N","1.35186104","42.34134348","31.32078094","4.740317052","-21.37160066",5550,457.925199232767,22.775857925415,c(24.04194, -33.55142)
"24",24,"726_30_BK","Pelargonium myrrhifolium","GERANIACEAE",-33.54049,24.07991,"Baviaanksloof",726,"ASH",30,65,70,65,3573.561643,"2","B","0.997077131","45.07376351","45.20589442","-0.404689136","-26.02458927",5520,946.896174684705,26.301441192627,c(24.07991, -33.54049)
"25",25,"726_31_BK","Hibiscus aethiopicus","MALVACEAE",-33.53947,24.07983,"Baviaanksloof",726,"ASH",31,12,20,15,235.619449,"1","B","1.123177884","38.91973224","34.65144104","0.200376083","-28.35936985",5850,962.41906279429,26.6209869384766,c(24.07983, -33.53947)
"26",26,"726_32_BK","Gnidia juniperifolia","THYMELAEACEAE",-33.53947,24.07983,"Baviaanksloof",726,"ASH",32,13,28,11,241.9026343,"3","N","0.630093368","45.86860077","72.79651412","-1.093682757","-27.20806469",5850,962.41906279429,26.6209869384766,c(24.07983, -33.53947)
"27",27,"726_33_BK","Protea intonsa","PROTEACEAE",-33.53947,24.07983,"Baviaanksloof",726,"ASH",33,22,52,42,1715.309589,"1","L","0.601830233","48.75394899","81.00947134","2.780686471","-24.18211106",5850,962.41906279429,26.6209869384766,c(24.07983, -33.53947)
"28",28,"726_34_BK","Gibbaria scabra","ASTERACEAE",-33.53947,24.07983,"Baviaanksloof",726,"ASH",34,23,50,58,2277.654674,"4","B","0.702894092","44.41601047","63.19018895","-1.464529182","-28.31647618",5850,962.41906279429,26.6209869384766,c(24.07983, -33.53947)
"29",29,"726_35_BK","Protea repens","PROTEACEAE",-33.53947,24.07983,"Baviaanksloof",726,"ASH",35,100,75,55,3239.767424,"3",NA,"0.536445509","49.99188803","93.19099002","4.114757688","-25.57420571",5850,962.41906279429,26.6209869384766,c(24.07983, -33.53947)
"30",30,"726_36_BK","Pellaea calomelanos","PTERIDACEAE",-33.53947,24.07983,"Baviaanksloof",726,"ASH",36,15,10,7,54.97787144,"0","N","0.912119563","46.6344187","51.12752823","-1.772917262","-29.33812547",5850,962.41906279429,26.6209869384766,c(24.07983, -33.53947)
"31",31,"726_37_BK","Leucospermum wittebergense","PROTEACEAE",-33.53756,24.08003,"Baviaanksloof",726,"ASH",37,43,44,42,1451.415806,"2","B","0.456715532","46.83707284","102.5519597","1.540302771","-28.22678941",5580,1008.98772712305,25.8448810577393,c(24.08003, -33.53756)
"32",32,"726_38_BK","Aspalathus subtingens","FABACEAE",-33.55082,24.07446,"Baviaanksloof",726,"ASH",38,100,180,180,25446.90049,"4","S","1.137773712","47.15982822","41.44921588","-0.660377987","-24.82064187",5790,768.382961424474,23.9090423583984,c(24.07446, -33.55082)
"33",33,"726_39_BK","Eragrostis capensis","POACEAE",-33.55082,24.07446,"Baviaanksloof",726,"ASH",39,30,35,25,687.223393,"0","N","0.864135726","43.39710772","50.22024484","1.109925736","-13.13796525",5790,768.382961424474,23.9090423583984,c(24.07446, -33.55082)
"34",34,"726_4_BK","Passerina obtusifolia","THYMELAEACEAE",-33.55142,24.04194,"Baviaanksloof",726,"ASH",4,250,180,160,22619.46711,"4","B","0.618993378","49.9279937","80.65998031","2.755312768","-27.03356543",5550,457.925199232767,22.775857925415,c(24.04194, -33.55142)
"35",35,"726_40_BK","Polygala illepida","POLYGALACEAE",-33.55082,24.07446,"Baviaanksloof",726,"ASH",40,60,44,35,1209.513172,"4","N","0.682939375","48.75773376","71.39394147","2.531829001","-26.14547144",5790,768.382961424474,23.9090423583984,c(24.07446, -33.55082)
"36",36,"726_41_BK","Pentaschistis eriostoma","POACEAE",-33.55082,24.07446,"Baviaanksloof",726,"ASH",41,65,75,60,3534.291735,"1","S","0.750428507","43.58103262","58.07486283","1.78916024","-24.14994081",5790,768.382961424474,23.9090423583984,c(24.07446, -33.55082)
"37",37,"726_5_BK","Othonna carnosa","ASTERACEAE",-33.55142,24.04194,"Baviaanksloof",726,"ASH",5,100,120,115,10838.49465,"2","N","0.822826832","40.25425269","48.92190086","4.992102256","-29.92206433",5550,457.925199232767,22.775857925415,c(24.04194, -33.55142)
"38",38,"726_6_BK","Commelina africana","COMMELINACEAE",-33.55142,24.04194,"Baviaanksloof",726,"ASH",6,22,54,30,1272.345025,"0","N","1.994334535","40.40863536","20.2617137","7.513857945","-28.5319194",5550,457.925199232767,22.775857925415,c(24.04194, -33.55142)
"39",39,"726_7_BK","Crassula ericoides","CRASSULACEAE",-33.55142,24.04194,"Baviaanksloof",726,"ASH",7,22,20,14,219.9114858,"4","N","0.473029397","47.76671589","100.9804384","2.751409121","-26.78302739",5550,457.925199232767,22.775857925415,c(24.04194, -33.55142)
"40",40,"726_8_BK","Ehrharta calycina","POACEAE",-33.55142,24.04194,"Baviaanksloof",726,"ASH",8,75,85,70,4673.119072,"1","N","1.222246527","42.3138026","34.61969552","7.390893078","-27.22756181",5550,457.925199232767,22.775857925415,c(24.04194, -33.55142)
"41",41,"726_9_BK","Crassula pubescens","CRASSULACEAE",-33.55142,24.04194,"Baviaanksloof",726,"ASH",9,20,17,19,253.6836068,"1","B","0.547574494","45.86365252","83.75783216","4.461206322","-18.7336398",5550,457.925199232767,22.775857925415,c(24.04194, -33.55142)
"42",42,"729_10_HTR","Asparagus capensis","ASPARAGACEAE",-31.42739,19.7757,"HTR",729,"BHR",10,20,45,30,1060.287521,"2","L","2.781534453","49.85055057","17.92196049","-0.102387845","-27.98969826",6000,1080.78108462988,16.6409950256348,c(19.7757, -31.42739)
"43",43,"729_11_HTR","Ehrharta calycina","POACEAE",-31.42739,19.7757,"HTR",729,"BHR",11,40,45,20,706.8583471,"0","N","1.954845884","40.34748801","20.63972835","1.791556554","-25.98721622",6000,1080.78108462988,16.6409950256348,c(19.7757, -31.42739)
"44",44,"729_12_HTR","Felicia hirsuta","ASTERACEAE",-31.42739,19.7757,"HTR",729,"BHR",12,25,20,10,157.0796327,"2","L","2.8201051","44.27246609","15.69887097","0.360815723","-29.87526893",6000,1080.78108462988,16.6409950256348,c(19.7757, -31.42739)
"45",45,"729_13_HTR","Selago albida","SCROPHULARIACEAE",-31.42739,19.7757,"HTR",729,"BHR",13,70,90,60,4241.150082,"4","N","1.260681212","44.91771098","35.62971396","1.621160315","-27.10636786",6000,1080.78108462988,16.6409950256348,c(19.7757, -31.42739)
"46",46,"729_14_HTR","Galenia africana","AIZOACEAE",-31.42854,19.77599,"HTR",729,"BHR",14,60,150,110,12959.0697,"3","N?","2.317535527","42.06563831","18.15102199","5.080008099","-25.37867751",5550,1070.10909905454,16.6409950256348,c(19.77599, -31.42854)
"47",47,"729_15_HTR","Pteronia incana","ASTERACEAE",-31.42854,19.77599,"HTR",729,"BHR",15,80,130,110,11231.19374,"4","N","1.788489045","46.08331972","25.76662119","1.530086463","-26.65970645",5550,1070.10909905454,16.6409950256348,c(19.77599, -31.42854)
"48",48,"729_16_HTR","Thesium lineatum","SANTALACEAE",-31.42854,19.77599,"HTR",729,"BHR",16,110,120,100,9424.777961,"4","N","1.065684889","45.6773693","42.8619846","1.658838703","-26.31278061",5550,1070.10909905454,16.6409950256348,c(19.77599, -31.42854)
"49",49,"729_17_HTR","Felicia filifolia","ASTERACEAE",-31.42854,19.77599,"HTR",729,"BHR",17,75,100,80,6283.185307,"4","N","1.383480821","45.41046888","32.82334543","-0.331069547","-28.26792931",5550,1070.10909905454,16.6409950256348,c(19.77599, -31.42854)
"50",50,"729_18_HTR","Pentzia incana","ASTERACEAE",-31.42854,19.77599,"HTR",729,"BHR",18,50,120,10,942.4777961,"4","B","3.147575022","44.61424529","14.17416423","2.319853075","-28.00465772",5550,1070.10909905454,16.6409950256348,c(19.77599, -31.42854)
"51",51,"729_19_HTR","Rhus undulata","ANACARDIACEAE",-31.42854,19.77599,"HTR",729,"BHR",19,220,310,290,70607.29489,"4","N","1.8178954","47.96026001","26.38229901","0.732045556","-25.07091424",5550,1070.10909905454,16.6409950256348,c(19.77599, -31.42854)
"52",52,"729_1_HTR","Stachys rugosa","LAMIACEAE",-31.42739,19.7757,"HTR",729,"BHR",1,44,80,70,4398.229715,"3","B","2.394518277","46.07401862","19.24145623","2.432011381","-28.12659449",6000,1080.78108462988,16.6409950256348,c(19.7757, -31.42739)
"53",53,"729_20_HTR","Hermannia cuneifolia","MALVACEAE",-31.42854,19.77599,"HTR",729,"BHR",20,30,80,50,3141.592654,"3","B","2.487213177","43.1223864","17.33763185","0.984094062","-28.32507353",5550,1070.10909905454,16.6409950256348,c(19.77599, -31.42854)
"54",54,"729_21_HTR","Microloma sagittatum","APOCYNACEAE",-31.42854,19.77599,"HTR",729,"BHR",21,30,18,2,28.27433388,"0","B","2.384552911","43.54457705","18.2611075","4.644224616","-26.75463449",5550,1070.10909905454,16.6409950256348,c(19.77599, -31.42854)
"55",55,"729_22_HTR","NA","NA",-31.42854,19.77599,"HTR",729,"BHR",22,50,110,70,6047.565858,"4","N","1.076405579","42.23764753","39.23952863","4.036136681","-29.24346279",5550,1070.10909905454,16.6409950256348,c(19.77599, -31.42854)
"56",56,"729_2_HTR","Pteronia glauca","ASTERACEAE",-31.42739,19.7757,"HTR",729,"BHR",2,42,86,72,4863.185428,"4","L","1.330707186","45.2183777","33.98071204","1.478184161","-28.68517107",6000,1080.78108462988,16.6409950256348,c(19.7757, -31.42739)
"57",57,"729_3_HTR","Massonia depressa","HYACINTHACEAE",-31.42739,19.7757,"HTR",729,"BHR",3,1,9,5,35.34291735,"0","N","1.768525691","37.60349063","21.26262051","-0.72129832","-27.09337771",6000,1080.78108462988,16.6409950256348,c(19.7757, -31.42739)
"58",58,"729_4_HTR","Tylecodon wallichii","CRASSULACEAE",-31.42739,19.7757,"HTR",729,"BHR",4,41,55,38,1641.482162,"3","N","1.114713094","35.96390605","32.26292599","1.424323281","-16.99795809",6000,1080.78108462988,16.6409950256348,c(19.7757, -31.42739)
"59",59,"729_5_HTR","Melolobium candicans","FABACEAE",-31.42739,19.7757,"HTR",729,"BHR",5,35,40,32,1005.309649,"4","B","3.105773782","43.88828721","14.13119251","-0.900508157","-26.91251481",6000,1080.78108462988,16.6409950256348,c(19.7757, -31.42739)
"60",60,"729_6_HTR","Diospyros austro-africana","EBENACEAE",-31.42739,19.7757,"HTR",729,"BHR",6,125,190,170,25368.36068,"4","L","0.986391026","49.61364386","50.29815008","1.143267416","-28.18455056",6000,1080.78108462988,16.6409950256348,c(19.7757, -31.42739)
"61",61,"729_7_HTR","Euryops lateriflorus","ASTERACEAE",-31.42739,19.7757,"HTR",729,"BHR",7,125,120,110,10367.25576,"3","N","0.819737752","46.59276442","56.83862224","1.097240846","-30.21900836",6000,1080.78108462988,16.6409950256348,c(19.7757, -31.42739)
"62",62,"729_8_HTR","Euphorbia mauritanica","EUPHORBIACEAE",-31.42739,19.7757,"HTR",729,"BHR",8,90,114,90,8058.185156,"4","N","2.031897482","44.39612347","21.84958831","0.704546066","-19.28736461",6000,1080.78108462988,16.6409950256348,c(19.7757, -31.42739)
"63",63,"729_9_HTR","Antimima gracillima","AIZOACEAE",-31.42739,19.7757,"HTR",729,"BHR",9,25,25,20,392.6990817,"2","N","1.113370442","36.75325886","33.01080887","0.873963016","-25.34170554",6000,1080.78108462988,16.6409950256348,c(19.7757, -31.42739)
"64",64,"815_10_HTR","Oxalis obtusa","OXALIDACEAE",-31.28217,19.03465,"HTR",815,"BHR",10,5,4,2,6.283185307,"1","B","2.602212829","37.7461522","14.50540547","0.594030754","-31.4262011",6450,782.93566902721,2.67857480049133,c(19.03465, -31.28217)
"65",65,"815_11_HTR","Pelargonium scabrum","GERANIACEAE",-31.28217,19.03465,"HTR",815,"BHR",11,30,30,20,471.238898,"3","B","1.985534123","41.52115468","20.91183133","2.499506812","-27.63755156",6450,782.93566902721,2.67857480049133,c(19.03465, -31.28217)
"66",66,"815_12_HTR","Ischyrolepis monanthos","RESTIONACEAE",-31.28217,19.03465,"HTR",815,"BHR",12,65,30,20,471.238898,"0","N","0.419226072","46.77055674","111.5640459","1.599481748","-27.32907902",6450,782.93566902721,2.67857480049133,c(19.03465, -31.28217)
"67",67,"815_13_HTR","Calopsis marlothii","RESTIONACEAE",-31.28217,19.03465,"HTR",815,"BHR",13,70,20,20,314.1592654,"2","S","0.461330207","47.34912025","102.6360718","1.095393827","-26.36865319",6450,782.93566902721,2.67857480049133,c(19.03465, -31.28217)
"68",68,"815_14_HTR","NA","NA",-31.28217,19.03465,"HTR",815,"BHR",14,55,15,15,176.7145868,"0","N","2.082196205","44.62160137","21.43006565","4.84816224","-24.89568586",6450,782.93566902721,2.67857480049133,c(19.03465, -31.28217)
"69",69,"815_15_HTR","Festuca scabra","POACEAE",-31.28217,19.03465,"HTR",815,"BHR",15,30,15,10,117.8097245,"0","N","1.62411854","43.58064947","26.83341665","2.43696295","-27.91482974",6450,782.93566902721,2.67857480049133,c(19.03465, -31.28217)
"70",70,"815_16_HTR","Ficinia deusta","CYPERACEAE",-31.28217,19.03465,"HTR",815,"BHR",16,70,30,20,471.238898,"0","N","0.825492468","44.96412974","54.46946094","3.771642135","-24.42301457",6450,782.93566902721,2.67857480049133,c(19.03465, -31.28217)
"71",71,"815_17_HTR","Ficinia bulbosa","CYPERACEAE",-31.28217,19.03465,"HTR",815,"BHR",17,15,25,20,392.6990817,"0","N","2.45011316","46.33747796","18.91238279","3.204698764","-25.79728332",6450,782.93566902721,2.67857480049133,c(19.03465, -31.28217)
"72",72,"815_18_HTR","Hermannia cuneifolia","MALVACEAE",-31.28217,19.03465,"HTR",815,"BHR",18,40,35,20,549.7787144,"3","B","1.897666745","45.63667537","24.04883549","1.500915821","-28.08971861",6450,782.93566902721,2.67857480049133,c(19.03465, -31.28217)
"73",73,"815_19_HTR","Ischyrolepis capensis","RESTIONACEAE",-31.28217,19.03465,"HTR",815,"BHR",19,60,40,40,1256.637061,"1","N","0.629216841","46.43360178","73.79586616","2.730277402","-25.79430226",6450,782.93566902721,2.67857480049133,c(19.03465, -31.28217)
"74",74,"815_1_HTR","Protea repens","PROTEACEAE",-31.28217,19.03465,"HTR",815,"BHR",1,120,100,80,6283.185307,"3","N","0.503404343","52.32286658","103.9380516","4.422905364","-24.89804185",6450,782.93566902721,2.67857480049133,c(19.03465, -31.28217)
"75",75,"815_20_HTR","Oxalis flava","OXALIDACEAE",-31.28217,19.03465,"HTR",815,"BHR",20,12,9,3,21.20575041,"1","N","1.990029957","43.33171502","21.77440338","2.891698778","-28.57463773",6450,782.93566902721,2.67857480049133,c(19.03465, -31.28217)
"76",76,"815_21_HTR","Merxmuellera stricta","POACEAE",-31.28217,19.03465,"HTR",815,"BHR",21,40,60,50,2356.19449,"0","N","0.951791822","45.46861981","47.77160169","1.857223982","-25.33124424",6450,782.93566902721,2.67857480049133,c(19.03465, -31.28217)
"77",77,"815_22_HTR","Tribolium uniolae","POACEAE",-31.28217,19.03465,"HTR",815,"BHR",22,25,20,15,235.619449,"0","N","1.88711989","42.48464397","22.51295437","3.279503792","-27.45177173",6450,782.93566902721,2.67857480049133,c(19.03465, -31.28217)
"78",78,"815_23_HTR","Ehrharta bulbosa","POACEAE",-31.28086,19.03295,"HTR",815,"BHR",23,15,15,10,117.8097245,"0","L","2.040498094","43.98596931","21.55648635","2.274557296","-25.04009403",6600,780.025127506663,3.02882599830627,c(19.03295, -31.28086)
"79",79,"815_24_HTR","Ficinia indica","CYPERACEAE",-31.28086,19.03295,"HTR",815,"BHR",24,40,30,20,471.238898,"0","N","1.001570499","46.23386181","46.16136543","3.747196142","-25.45062298",6600,780.025127506663,3.02882599830627,c(19.03295, -31.28086)
"80",80,"815_25_HTR","NA","NA",-31.28086,19.03295,"HTR",815,"BHR",25,24,8,6,37.69911184,"0","B","1.1277206","44.13613019","39.13746915","1.941387729","-13.57239087",6600,780.025127506663,3.02882599830627,c(19.03295, -31.28086)
"81",81,"815_26_HTR","NA","NA",-31.28086,19.03295,"HTR",815,"BHR",26,30,55,40,1727.875959,"0","N","0.644547849","49.80731589","77.27481516","1.073737917","-26.0361791",6600,780.025127506663,3.02882599830627,c(19.03295, -31.28086)
"82",82,"815_27_HTR","Bulbine succulenta","ASPHODELACEAE",-31.28086,19.03295,"HTR",815,"BHR",27,10,5,2,7.853981634,"0","N","2.017988649","35.6311634","17.65677097","3.766570297","-30.30558612",6600,780.025127506663,3.02882599830627,c(19.03295, -31.28086)
"83",83,"815_28_HTR","Helichrysum stellatum","ASTERACEAE",-31.28086,19.03295,"HTR",815,"BHR",28,15,10,6,47.1238898,"3","B","2.083009524","41.39595737","19.87314839","4.968369185","-30.9504539",6600,780.025127506663,3.02882599830627,c(19.03295, -31.28086)
"84",84,"815_29_HTR","Thamnochortus platypteris","RESTIONACEAE",-31.28086,19.03295,"HTR",815,"BHR",29,40,30,25,589.0486225,"0","N","0.558918861","46.98453519","84.06324866","1.90221618","-27.07639058",6600,780.025127506663,3.02882599830627,c(19.03295, -31.28086)
"85",85,"815_2_HTR","Leucadendron remotum","PROTEACEAE",-31.28217,19.03465,"HTR",815,"BHR",2,115,130,110,11231.19374,"3","B","0.463256252","54.56652736","117.7890792","3.667001364","-25.40238992",6450,782.93566902721,2.67857480049133,c(19.03465, -31.28217)
"86",86,"815_30_HTR","Asparagus rubicundus","ASPARAGACEAE",-31.28086,19.03295,"HTR",815,"BHR",30,80,80,70,4398.229715,"2","N","1.334009696","48.46133445","36.32757288","2.188168488","-24.13961677",6600,780.025127506663,3.02882599830627,c(19.03295, -31.28086)
"87",87,"815_31_HTR","Leucadendron salignum","PROTEACEAE",-31.28086,19.03295,"HTR",815,"BHR",31,100,160,150,18849.55592,"4","N","0.515081212","51.40707908","99.80383264","5.137786134","-27.18530802",6600,780.025127506663,3.02882599830627,c(19.03295, -31.28086)
"88",88,"815_32_HTR","Ursinia anthemoides","ASTERACEAE",-31.28086,19.03295,"HTR",815,"BHR",32,9,4,3,9.424777961,"1","L","2.863726408","42.95202362","14.99864774","7.208002504","-30.60871295",6600,780.025127506663,3.02882599830627,c(19.03295, -31.28086)
"89",89,"815_33_HTR","Arctotis acaulis","ASTERACEAE",-31.28086,19.03295,"HTR",815,"BHR",33,8,20,20,314.1592654,"0","L","NA","NA","NA","NA","NA",6600,780.025127506663,3.02882599830627,c(19.03295, -31.28086)
"90",90,"815_34_HTR","NA","NA",-31.28086,19.03295,"HTR",815,"BHR",34,35,40,10,314.1592654,"0","N","NA","NA","NA","NA","NA",6600,780.025127506663,3.02882599830627,c(19.03295, -31.28086)
"91",91,"815_35_HTR","Nylandtia spinosa","POLYGALACEAE",-31.28086,19.03295,"HTR",815,"BHR",35,40,50,40,1570.796327,"4","N","1.733203256","36.59350777","21.11322353","5.37183614","-29.82430756",6600,780.025127506663,3.02882599830627,c(19.03295, -31.28086)
"92",92,"815_36_HTR","Asparagus capensis","ASPARAGACEAE",-31.28086,19.03295,"HTR",815,"BHR",36,20,40,30,942.4777961,"4","N","2.500142649","50.33017738","20.13092229","3.084217673","-27.03242391",6600,780.025127506663,3.02882599830627,c(19.03295, -31.28086)
"93",93,"815_37_HTR","NA","NA",-31.28086,19.03295,"HTR",815,"BHR",37,45,45,25,883.5729338,"4","B","1.054587396","51.32552814","48.66882378","1.511479978","-25.94125106",6600,780.025127506663,3.02882599830627,c(19.03295, -31.28086)
"94",94,"815_3_HTR","Protea laurifolia","PROTEACEAE",-31.28217,19.03465,"HTR",815,"BHR",3,85,60,40,1884.955592,"3","B","0.688032479","53.98951709","78.46943093","5.259128132","-26.83653436",6450,782.93566902721,2.67857480049133,c(19.03465, -31.28217)
"95",95,"815_4_HTR","Cliffortia ruscifolia","ROSACEAE",-31.28217,19.03465,"HTR",815,"BHR",4,95,40,30,942.4777961,"3","N","0.91515409","51.85978846","56.66782133","1.329083762","-27.9935592",6450,782.93566902721,2.67857480049133,c(19.03465, -31.28217)
"96",96,"815_5_HTR","Muraltia divaricata","POLYGALACEAE",-31.28217,19.03465,"HTR",815,"BHR",5,25,60,40,1884.955592,"4","L","1.126581096","51.06685708","45.32905555","1.844499417","-28.99685347",6450,782.93566902721,2.67857480049133,c(19.03465, -31.28217)
"97",97,"815_6_HTR","Erica inaequalis","ERICACEAE",-31.28217,19.03465,"HTR",815,"BHR",6,10,35,30,824.6680716,"3","N","1.005151771","53.52510884","53.25077305","2.180300526","-29.04438859",6450,782.93566902721,2.67857480049133,c(19.03465, -31.28217)
"98",98,"815_7_HTR","Linum africanum","LINACEAE",-31.28217,19.03465,"HTR",815,"BHR",7,30,30,20,471.238898,"2","N","3.495712067","42.01593972","12.01927931","5.31014095","-29.02990974",6450,782.93566902721,2.67857480049133,c(19.03465, -31.28217)
"99",99,"815_8_HTR","Passerina glomerata","THYMELAEACEAE",-31.28217,19.03465,"HTR",815,"BHR",8,15,4,3,9.424777961,"3","L","0.778307517","52.67130326","67.67415464","0.935688859","-28.55487807",6450,782.93566902721,2.67857480049133,c(19.03465, -31.28217)
"100",100,"815_9_HTR","Ursinia chrysanthemoides","ASTERACEAE",-31.28217,19.03465,"HTR",815,"BHR",9,14,7,2,10.99557429,"3","L","2.084699373","42.49017956","20.38192178","3.030356793","-29.44059843",6450,782.93566902721,2.67857480049133,c(19.03465, -31.28217)
"101",101,"826_10_HTR","Schismus barbatus","POACEAE",-32.20613,20.43673,"HTR",826,"BHR",10,1,3,2,4.71238898,"0","N","NA","NA","NA","NA","NA",NA,NA,NA,c(20.43673, -32.20613)
"102",102,"826_11_HTR","Mesembryanthemum stenandrum","AIZOACEAE",-32.21432,20.4778,"HTR",826,"BHR",11,1,40,30,942.4777961,"0","N","NA","NA","NA","NA","NA",NA,NA,NA,c(20.4778, -32.21432)
"103",103,"826_12_HTR","Lasiospermum brachyglossum","ASTERACEAE",-32.21432,20.4778,"HTR",826,"BHR",12,2,28,22,483.8052687,"1","B","NA","NA","NA","NA","NA",NA,NA,NA,c(20.4778, -32.21432)
"104",104,"826_13_HTR","NA","NA",-32.21432,20.4778,"HTR",826,"BHR",13,2,26,11,224.6238747,"1","B","NA","NA","NA","NA","NA",NA,NA,NA,c(20.4778, -32.21432)
"105",105,"826_14_HTR","Gnidia scabra","THYMELAEACEAE",-32.22685,20.59611,"HTR",826,"BHR",14,44,60,30,1413.716694,"4","L","NA","NA","NA","NA","NA",NA,NA,NA,c(20.59611, -32.22685)
"106",106,"826_15_HTR","Selago rigida","SCROPHULARIACEAE",-32.04119,20.52941,"HTR",826,"BHR",15,23,37,31,900.8516934,"3","L","NA","NA","NA","NA","NA",NA,NA,NA,c(20.52941, -32.04119)
"107",107,"826_16_HTR","Eriocephalus ericoides","ASTERACEAE",-32.04127,20.5293,"HTR",826,"BHR",16,42,70,40,2199.114858,"4","L","NA","NA","NA","NA","NA",NA,NA,NA,c(20.5293, -32.04127)
"108",108,"826_17_HTR","Ruschia grisea","AIZOACEAE",-32.02994,20.5261,"HTR",826,"BHR",17,64,88,80,5529.20307,"4","L","NA","NA","NA","NA","NA",NA,NA,NA,c(20.5261, -32.02994)
"109",109,"826_18_HTR","Pteronia adenocarpa","ASTERACEAE",-31.99662,20.47208,"HTR",826,"BHR",18,40,40,35,1099.557429,"4","B","NA","NA","NA","NA","NA",NA,NA,NA,c(20.47208, -31.99662)
"110",110,"826_1_HTR","Eriocephalus namaquensis","ASTERACEAE",-32.11337,20.38178,"HTR",826,"BHR",1,35,62,46,2239.955562,"4","L","NA","NA","NA","NA","NA",NA,NA,NA,c(20.38178, -32.11337)
"111",111,"826_2_HTR","Eriocephalus pauperrimus","ASTERACEAE",-32.1612,20.42,"HTR",826,"BHR",2,70,120,90,8482.300165,"4","L","NA","NA","NA","NA","NA",NA,NA,NA,c(20.42, -32.1612)
"112",112,"826_3_HTR","Lycium cinereum","SOLANACEAE",-32.1612,20.42,"HTR",826,"BHR",3,140,250,160,31415.92654,"4","N","NA","NA","NA","NA","NA",NA,NA,NA,c(20.42, -32.1612)
"113",113,"826_4_HTR","Felicia ovata","ASTERACEAE",-32.16624,20.42625,"HTR",826,"BHR",4,25,40,27,848.2300165,"4","B","NA","NA","NA","NA","NA",NA,NA,NA,c(20.42625, -32.16624)
"114",114,"826_5_HTR","NA","NA",-32.16624,20.42625,"HTR",826,"BHR",5,20,55,45,1943.860454,"2","B","NA","NA","NA","NA","NA",NA,NA,NA,c(20.42625, -32.16624)
"115",115,"826_6_HTR","Rosenia oppositifolia","ASTERACEAE",-32.16624,20.42625,"HTR",826,"BHR",6,35,70,45,2474.004215,"4","B","NA","NA","NA","NA","NA",NA,NA,NA,c(20.42625, -32.16624)
"116",116,"826_7_HTR","Lasiopogon muscoides","ASTERACEAE",-32.20613,20.43673,"HTR",826,"BHR",7,1,4,2,6.283185307,"0","L","NA","NA","NA","NA","NA",NA,NA,NA,c(20.43673, -32.20613)
"117",117,"826_8_HTR","Senecio arenarius","ASTERACEAE",-32.20613,20.43673,"HTR",826,"BHR",8,10,5,4,15.70796327,"0","B","NA","NA","NA","NA","NA",NA,NA,NA,c(20.43673, -32.20613)
"118",118,"826_9_HTR","Tribolium tenellum","POACEAE",-32.20613,20.43673,"HTR",826,"BHR",9,0.5,1,0.5,0.392699082,"0","L","NA","NA","NA","NA","NA",NA,NA,NA,c(20.43673, -32.20613)
"119",119,"621_1_HK","Tetraria flexuosa","CYPERACEAE",-34.33882,18.95015,"Hangklip",621,"CC",1,40,50,50,1963.495408,"0","N","0.601546883","45.39372656","75.46166033","0.57615894","-27.53533024",6960,388.072202739633,22.6854763031006,c(18.95015, -34.33882)
"120",120,"621_10_HK","Nivenia levynsiae","IRIDACEAE",-34.33882,18.95015,"Hangklip",621,"CC",10,35,50,40,1570.796327,"1","N","0.645073591","47.74295744","74.01164469","-3.584933775","-27.5261301",6960,388.072202739633,22.6854763031006,c(18.95015, -34.33882)
"121",121,"621_11_HK","Pseudopentameris brachyphylla","POACEAE",-34.33882,18.95015,"Hangklip",621,"CC",11,27,28,25,549.7787144,"1","S","0.98333987","43.93322992","44.67756397","-3.748817408","-26.90767673",6960,388.072202739633,22.6854763031006,c(18.95015, -34.33882)
"122",122,"621_12_HK","Penaea mucronata","PENAEACEAE",-34.33882,18.95015,"Hangklip",621,"CC",12,25,35,31,852.1570073,"2","N","0.458185371","44.80332374","97.78427364","-3.974763482","-28.35414205",6960,388.072202739633,22.6854763031006,c(18.95015, -34.33882)
"123",123,"621_13_HK","Syncarpha vestita","ASTERACEAE",-34.33882,18.95015,"Hangklip",621,"CC",13,35,26,20,408.407045,"2","B","0.680856761","39.30337144","57.72634379","0.914593188","-30.97822436",6960,388.072202739633,22.6854763031006,c(18.95015, -34.33882)
"124",124,"621_14_HK","Bobartia gladiata","IRIDACEAE",-34.33882,18.95015,"Hangklip",621,"CC",14,55,15,10,117.8097245,"0","N","0.593465015","45.75165158","77.09241561","-5.311045412","-27.23990375",6960,388.072202739633,22.6854763031006,c(18.95015, -34.33882)
"125",125,"621_15_HK","Merxmuellera cincta","POACEAE",-34.33882,18.95015,"Hangklip",621,"CC",15,120,190,150,22383.84766,"0","N","0.530413153","45.29946696","85.40411692","-1.415657521","-26.81363093",6960,388.072202739633,22.6854763031006,c(18.95015, -34.33882)
"126",126,"621_16_HK","Osmitopsis asteriscoides","ASTERACEAE",-34.33882,18.95015,"Hangklip",621,"CC",16,95,80,70,4398.229715,"1","B","0.999935167","44.41981182","44.42269189","-5.200496689","-29.98052108",6960,388.072202739633,22.6854763031006,c(18.95015, -34.33882)
"127",127,"621_17_HK","Retzia capensis","STILBACEAE",-34.33882,18.95015,"Hangklip",621,"CC",17,80,95,90,6715.154297,"2","B","0.360852757","50.39537731","139.6563456","-3.301773888","-27.15096913",6960,388.072202739633,22.6854763031006,c(18.95015, -34.33882)
"128",128,"621_18_HK","Ficinia monticola","CYPERACEAE",-34.33882,18.95015,"Hangklip",621,"CC",18,25,30,15,353.4291735,"0","N","0.948312837","46.11099476","48.624244","-0.166650899","-26.26775639",6960,388.072202739633,22.6854763031006,c(18.95015, -34.33882)
"129",129,"621_19_HK","Restio occultus","RESTIONACEAE",-34.33882,18.95015,"Hangklip",621,"CC",19,60,50,25,981.7477042,"2","N","0.282158317","46.02337603","163.1118888","0.931078524","-26.82692001",6960,388.072202739633,22.6854763031006,c(18.95015, -34.33882)
"130",130,"621_2_HK","Thesium carinatum","SANTALACEAE",-34.33882,18.95015,"Hangklip",621,"CC",2,20,10,8,62.83185307,"1","N","0.664502999","39.37906417","59.26092768","-4.144465468","-28.16502821",6960,388.072202739633,22.6854763031006,c(18.95015, -34.33882)
"131",131,"621_20_HK","Brunia albiflora","BRUNIACEAE",-34.33882,18.95015,"Hangklip",621,"CC",20,35,40,22,691.1503838,"3","B","0.75005465","48.20173136","64.26429244","-4.153192999","-30.56217391",6960,388.072202739633,22.6854763031006,c(18.95015, -34.33882)
"132",132,"621_21_HK","Pentaschistis curvifolia","POACEAE",-34.34706,18.9642,"Hangklip",621,"CC",21,20,20,18,282.7433388,"0","N","0.617877301","44.76777962","72.45415809","-3.213528855","-26.06126452",5880,343.443899424575,21.6723346710205,c(18.9642, -34.34706)
"133",133,"621_22_HK","Willdenowia teres","RESTIONACEAE",-34.34706,18.9642,"Hangklip",621,"CC",22,45,57,45,2014.546289,"2","N","0.442792666","46.18981912","104.3147792","0.458822138","-26.36793561",5880,343.443899424575,21.6723346710205,c(18.9642, -34.34706)
"134",134,"621_23_HK","Ischyrolepis tenuissima","RESTIONACEAE",-34.34706,18.9642,"Hangklip",621,"CC",23,12,35,30,824.6680716,"4","N","0.471791557","46.28086315","98.09599707","0.730345317","-28.61072353",5880,343.443899424575,21.6723346710205,c(18.9642, -34.34706)
"135",135,"621_24_HK","Stoebe spiralis","ASTERACEAE",-34.34706,18.9642,"Hangklip",621,"CC",24,95,70,55,3023.782929,"4","B","0.743819381","46.61147984","62.66505151","-4.752483444","-30.46301693",5880,343.443899424575,21.6723346710205,c(18.9642, -34.34706)
"136",136,"621_25_HK","Erica labialis","ERICACEAE",-34.34706,18.9642,"Hangklip",621,"CC",25,20,20,12,188.4955592,"3","S","0.574110847","52.00831826","90.58933218","-3.353169347","-28.35925324",5880,343.443899424575,21.6723346710205,c(18.9642, -34.34706)
"137",137,"621_26_HK","Erica articularis","ERICACEAE",-34.34706,18.9642,"Hangklip",621,"CC",26,32,30,30,706.8583471,"3","N","0.670055795","52.86697848","78.89936763","-1.587298959","-27.71728842",5880,343.443899424575,21.6723346710205,c(18.9642, -34.34706)
"138",138,"621_27_HK","Erica fascicularis","ERICACEAE",-34.34706,18.9642,"Hangklip",621,"CC",27,94,2,2,3.141592654,"1","N","0.919958151","49.78996548","54.12198961","-0.294654683","-27.7418221",5880,343.443899424575,21.6723346710205,c(18.9642, -34.34706)
"139",139,"621_28_HK","Restio dispar","RESTIONACEAE",-34.34706,18.9642,"Hangklip",621,"CC",28,200,40,40,1256.637061,"3","N","0.256631178","46.05896091","179.4753124","-0.375141911","-28.99917358",5880,343.443899424575,21.6723346710205,c(18.9642, -34.34706)
"140",140,"621_29_HK","Protea cynaroides","PROTEACEAE",-34.34706,18.9642,"Hangklip",621,"CC",29,75,125,120,11780.97245,"2","N","0.584119299","49.56910253","84.86126491","0.82537843","-26.45993694",5880,343.443899424575,21.6723346710205,c(18.9642, -34.34706)
"141",141,"621_3_HK","Villarsia capensis","MENYANTHACEAE",-34.33882,18.95015,"Hangklip",621,"CC",3,15,30,22,518.3627878,"0","N","0.685950021","45.08968348","65.73319065","-5.633964049","-28.68330236",6960,388.072202739633,22.6854763031006,c(18.95015, -34.33882)
"142",142,"621_30_HK","Thamnochortus gracilis","RESTIONACEAE",-34.34706,18.9642,"Hangklip",621,"CC",30,67,40,35,1099.557429,"3","N","0.227888913","46.82902653","205.4905871","-1.840397351","-27.96773648",5880,343.443899424575,21.6723346710205,c(18.9642, -34.34706)
"143",143,"621_31_HK","Erica sessiliflora","ERICACEAE",-34.34706,18.9642,"Hangklip",621,"CC",31,42,27,18,381.7035074,"3","N","0.683864245","51.72923749","75.64255315","-5.866864066","-28.25139595",5880,343.443899424575,21.6723346710205,c(18.9642, -34.34706)
"144",144,"621_32_HK","Leucadendron gandogeri","PROTEACEAE",-34.34706,18.9642,"Hangklip",621,"CC",32,32,14,10,109.9557429,"1","B","0.455616791","47.86320533","105.0514518","-0.004433849","-30.54082527",5880,343.443899424575,21.6723346710205,c(18.9642, -34.34706)
"145",145,"621_33_HK","Psoralea aphylla","FABACEAE",-34.34706,18.9642,"Hangklip",621,"CC",33,230,95,80,5969.026042,"3","N","2.054629846","46.84012583","22.79735492","-1.817998405","-26.58600021",5880,343.443899424575,21.6723346710205,c(18.9642, -34.34706)
"146",146,"621_34_HK","Anthochortus capensis","RESTIONACEAE",-34.34706,18.9642,"Hangklip",621,"CC",34,60,110,90,7775.441818,"4","N","0.565503385","46.98328695","83.08223822","-0.511881289","-30.12839492",5880,343.443899424575,21.6723346710205,c(18.9642, -34.34706)
"147",147,"621_35_HK","Carpacoce spermacocea","RUBIACEAE",-34.34706,18.9642,"Hangklip",621,"CC",35,60,100,100,7853.981634,"3","N","1.310731791","44.37601011","33.85590433","-4.527631378","-28.39932228",5880,343.443899424575,21.6723346710205,c(18.9642, -34.34706)
"148",148,"621_36_HK","Restio ambiguus","RESTIONACEAE",-34.34706,18.9642,"Hangklip",621,"CC",36,55,90,80,5654.866776,"3","N","0.328691034","45.42482428","138.1991585","0.537103151","-27.6126677",5880,343.443899424575,21.6723346710205,c(18.9642, -34.34706)
"149",149,"621_37_HK","Erica perspicua","ERICACEAE",-34.34706,18.9642,"Hangklip",621,"CC",37,75,15,10,117.8097245,"3","B","0.859202843","46.75566175","54.41748954","-6.120100792","-29.90797489",5880,343.443899424575,21.6723346710205,c(18.9642, -34.34706)
"150",150,"621_38_HK","Clutia alaternoides","EUPHORBIACEAE",-34.34706,18.9642,"Hangklip",621,"CC",38,30,35,30,824.6680716,"2","N","0.885212783","50.56295521","57.11954933","-3.185476728","-28.66480595",5880,343.443899424575,21.6723346710205,c(18.9642, -34.34706)
"151",151,"621_39_HK","Drosera aliciae","DROSERACEAE",-34.34706,18.9642,"Hangklip",621,"CC",39,2,4,4,12.56637061,"0","L","0.762872419","39.81603305","52.19225661","-0.577138445","-28.32095072",5880,343.443899424575,21.6723346710205,c(18.9642, -34.34706)
"152",152,"621_4_HK","Pentaschistis ampla","POACEAE",-34.33882,18.95015,"Hangklip",621,"CC",4,20,22,21,362.8539515,"0","N","0.814440971","45.03402713","55.29440282","-4.821333964","-24.79471291",6960,388.072202739633,22.6854763031006,c(18.95015, -34.33882)
"153",153,"621_40_HK","Carpacoce heteromorpha","RUBIACEAE",-34.34706,18.9642,"Hangklip",621,"CC",40,28,18,17,240.331838,"2","N","0.353638896","39.91236697","112.8619263","-4.011418051","-25.32127909",5880,343.443899424575,21.6723346710205,c(18.9642, -34.34706)
"154",154,"621_41_HK","Restio bifidus","RESTIONACEAE",-34.34706,18.9642,"Hangklip",621,"CC",41,60,45,45,1590.431281,"0","N","0.224409257","46.72854415","208.2291289","-1.209256274","-28.73632001",5880,343.443899424575,21.6723346710205,c(18.9642, -34.34706)
"155",155,"621_42_HK","Elegia persistens","RESTIONACEAE",-34.34706,18.9642,"Hangklip",621,"CC",42,70,30,30,706.8583471,"1","N","0.329570445","43.73303595","132.6970808","-1.550151867","-28.38266832",5880,343.443899424575,21.6723346710205,c(18.9642, -34.34706)
"156",156,"621_43_HK","Erica serrata","ERICACEAE",-34.34706,18.9642,"Hangklip",621,"CC",43,60,40,25,785.3981634,"4","N","0.578097935","55.16007359","95.41648609","-4.134140465","-27.43045382",5880,343.443899424575,21.6723346710205,c(18.9642, -34.34706)
"157",157,"621_5_HK","Capeobolus brevicaulis","CYPERACEAE",-34.33882,18.95015,"Hangklip",621,"CC",5,13,16,12,150.7964474,"0","N","0.525849335","45.22410243","86.0020151","0.997989593","-28.01680385",6960,388.072202739633,22.6854763031006,c(18.95015, -34.33882)
"158",158,"621_6_HK","Tetraria thermalis","CYPERACEAE",-34.33882,18.95015,"Hangklip",621,"CC",6,65,230,150,27096.23664,"1","N","0.36296282","44.02529278","121.2942219","2.635856197","-25.69428145",6960,388.072202739633,22.6854763031006,c(18.95015, -34.33882)
"159",159,"621_7_HK","Merxmuellera rufa","POACEAE",-34.33882,18.95015,"Hangklip",621,"CC",7,10,14,9,98.96016859,"0","S","0.800889391","44.19757677","55.185619","-2.352412488","-24.09652506",6960,388.072202739633,22.6854763031006,c(18.95015, -34.33882)
"160",160,"621_8_HK","Nevillea obtusissima","RESTIONACEAE",-34.33882,18.95015,"Hangklip",621,"CC",8,75,110,100,8639.379797,"0","N","0.399045341","46.16196368","115.680999","-0.86000473","-28.24782941",6960,388.072202739633,22.6854763031006,c(18.95015, -34.33882)
"161",161,"621_9_HK","Lobelia capillifolia","CAMPANULACEAE",-34.33882,18.95015,"Hangklip",621,"CC",9,13,18,15,212.0575041,"2","N","1.226837871","40.91215493","33.34764593","-0.407142857","-27.48830733",6960,388.072202739633,22.6854763031006,c(18.95015, -34.33882)
"162",162,"626_11_HK","Calopsis membranacea","RESTIONACEAE",-34.3618,18.86605,"Hangklip",626,"CC",11,60,25,25,490.8738521,"1","N","0.23215313","44.86854587","193.2713369","-1.123545382","-28.52667607",6270,16.4930686164344,8.73109245300293,c(18.86605, -34.3618)
"163",163,"626_12_HK","Cliffortia subsetacea","ROSACEAE",-34.3618,18.86605,"Hangklip",626,"CC",12,40,50,45,1767.145868,"4","S","0.875095578","46.951872","53.6534216","-4.332833896","-28.99298688",6270,16.4930686164344,8.73109245300293,c(18.86605, -34.3618)
"164",164,"626_13_HK","Berzelia abrotanoides","BRUNIACEAE",-34.3618,18.86605,"Hangklip",626,"CC",13,85,65,60,3063.052837,"4","S","1.093275014","52.28526622","47.82444085","-0.713496683","-29.02923373",6270,16.4930686164344,8.73109245300293,c(18.86605, -34.3618)
"165",165,"626_14_HK","Centella restioides","APIACEAE",-34.3618,18.86605,"Hangklip",626,"CC",14,50,100,75,5890.486225,"2","N","0.811618914","44.97055197","55.40845732","-2.03422361","-27.76843119",6270,16.4930686164344,8.73109245300293,c(18.86605, -34.3618)
"166",166,"626_15_HK","Morella serrata","MYRICACEAE",-34.3618,18.86605,"Hangklip",626,"CC",15,80,120,74,6974.335691,"3","S","1.251087081","49.1818811","39.3113172","-1.44009129","-28.22788448",6270,16.4930686164344,8.73109245300293,c(18.86605, -34.3618)
"167",167,"626_16_HK","Erica brachialis","ERICACEAE",-34.30713,18.8177,"Hangklip",626,"CC",16,175,150,130,15315.26419,"4","S","0.570959127","55.23492572","96.74059513","-3.503970611","-27.56564477",6630,29.1054152054725,21.8526878356934,c(18.8177, -34.30713)
"168",168,"626_17_HK","Protea nitida","PROTEACEAE",-34.30749,18.81936,"Hangklip",626,"CC",17,300,350,300,82466.80716,"4","N","0.5776439","47.54036636","82.30047332","1.793546909","-28.14657399",6330,94.1075091643611,22.8432903289795,c(18.81936, -34.30749)
"169",169,"626_18_HK","Syncarpha gnaphaloides","ASTERACEAE",-34.30749,18.81936,"Hangklip",626,"CC",18,25,24,20,376.9911184,"3","B","0.788272501","37.82959745","47.99050762","-0.059951131","-31.1834721",6330,94.1075091643611,22.8432903289795,c(18.81936, -34.30749)
"170",170,"627_15_HK","Cunonia capensis","CUNONIACEAE",-34.3441,18.92532,"Hangklip",627,"CC",15,1000,800,500,314159.2654,"4","N","0.967506384","44.67351616","46.17387223","-2.941387125","-29.29134142",4260,165.900866671193,28.744649887085,c(18.92532, -34.3441)
"171",171,"627_16_HK","Platylophus trifoliatus","CUNONIACEAE",-34.3441,18.92532,"Hangklip",627,"CC",16,1200,1000,800,628318.5307,"4","N","1.165944577","46.52773793","39.90561718","-1.269943644","-29.94760461",4260,165.900866671193,28.744649887085,c(18.92532, -34.3441)
"172",172,"627_17_HK","Curtisia dentata","CORNACEAE",-34.3441,18.92532,"Hangklip",627,"CC",17,800,800,700,439822.9715,"4","S","1.132564687","48.60810287","42.91861067","-1.070426693","-30.1952511",4260,165.900866671193,28.744649887085,c(18.92532, -34.3441)
"173",173,"627_18_HK","Protea lepidocarpodendron","PROTEACEAE",-34.34782,18.926,"Hangklip",627,"CC",18,300,330,275,71274.88333,"4","N","0.722967102","53.13979001","73.50236254","4.696004413","-31.65739723",4620,66.9424549725867,26.4787521362305,c(18.926, -34.34782)
"174",174,"627_19_HK","Gleichenia polypodioides","GLEICHENIACEAE",-34.34782,18.926,"Hangklip",627,"CC",19,200,400,400,125663.7061,"2","N","0.859919208","47.55165344","55.29781521","-3.698377911","-29.43064257",4620,66.9424549725867,26.4787521362305,c(18.926, -34.34782)
"175",175,"627_20_HK","Ischyrolepis subverticillata","RESTIONACEAE",-34.34782,18.926,"Hangklip",627,"CC",20,200,100,100,7853.981634,"1","N","1.050096352","46.58161065","44.35936811","0.795643617","-30.0910332",4620,66.9424549725867,26.4787521362305,c(18.926, -34.34782)
"176",176,"627_21_HK","Halleria lucida","SCROPHULARIACEAE",-34.34782,18.926,"Hangklip",627,"CC",21,800,600,500,235619.449,"4","N","1.568246124","49.54413931","31.59206872","-0.515886931","-29.86815136",4620,66.9424549725867,26.4787521362305,c(18.926, -34.34782)
"177",177,"627_23_HK","Erica sitiens","ERICACEAE",-34.34782,18.926,"Hangklip",627,"CC",23,50,15,10,117.8097245,"3","B","0.536694042","49.56293879","92.34859143","-4.074917256","-29.45127977",4620,66.9424549725867,26.4787521362305,c(18.926, -34.34782)
"178",178,"619_1_HK","Rhus laevigata","ANACARDIACEAE",-34.3643,18.86727,"Hangklip",619,"CM",1,90,130,80,8168.140899,"4","N","0.95935973","45.96948011","47.91683313","1.844194254","-28.33564538",6240,11.642166082189,9.56480598449707,c(18.86727, -34.3643)
"179",179,"619_10_HK","Olea capensis","OLEACEAE",-34.3643,18.86727,"Hangklip",619,"CM",10,150,110,85,7343.472828,"4","N","0.957190604","49.02879481","51.22155882","-2.345899581","-27.78900372",6240,11.642166082189,9.56480598449707,c(18.86727, -34.3643)
"180",180,"619_11_HK","Passerina vulgaris","THYMELAEACEAE",-34.3643,18.86727,"Hangklip",619,"CM",11,185,155,150,18260.5073,"4","S","1.228040133","50.88399107","41.43512064","-1.983576265","-27.87227351",6240,11.642166082189,9.56480598449707,c(18.86727, -34.3643)
"181",181,"619_12_HK","Cassine peragua","CELASTRACEAE",-34.3643,18.86727,"Hangklip",619,"CM",12,155,210,190,31337.38672,"4","N","0.890022331","43.69200393","49.09090752","-1.971888416","-27.61168806",6240,11.642166082189,9.56480598449707,c(18.86727, -34.3643)
"182",182,"619_13_HK","Metalasia muricata","ASTERACEAE",-34.3643,18.86727,"Hangklip",619,"CM",13,120,160,130,16336.2818,"4","L","1.009112306","46.43693268","46.01760619","-2.189087608","-30.45167762",6240,11.642166082189,9.56480598449707,c(18.86727, -34.3643)
"183",183,"619_14_HK","Agathosma imbricata","RUTACEAE",-34.3643,18.86727,"Hangklip",619,"CM",14,65,60,60,2827.433388,"4","N","0.925305932","49.08390816","53.04614017","-1.19562045","-28.64521306",6240,11.642166082189,9.56480598449707,c(18.86727, -34.3643)
"184",184,"619_15_HK","Pentaschistis ampla","POACEAE",-34.3643,18.86727,"Hangklip",619,"CM",15,30,55,43,1857.466656,"0","N","1.790452293","44.60363787","24.91193875","-0.25961855","-27.86933458",6240,11.642166082189,9.56480598449707,c(18.86727, -34.3643)
"185",185,"619_16_HK","Tetraria cuspidata","CYPERACEAE",-34.3643,18.86727,"Hangklip",619,"CM",16,75,65,55,2807.798434,"0","N","0.497833381","44.61515072","89.61864026","2.475338096","-26.18238666",6240,11.642166082189,9.56480598449707,c(18.86727, -34.3643)
"186",186,"619_2_HK","Berzelia lanuginosa","BRUNIACEAE",-34.3643,18.86727,"Hangklip",619,"CM",2,135,87,55,3758.130212,"4","N","1.144047074","50.82828902","44.42849442","-0.734924406","-28.74023859",6240,11.642166082189,9.56480598449707,c(18.86727, -34.3643)
"187",187,"619_3_HK","Neesenbeckia punctoria","CYPERACEAE",-34.3643,18.86727,"Hangklip",619,"CM",3,98,77,55,3326.161222,"0","N","0.466570381","41.64305946","89.25354286","2.009772114","-27.71651003",6240,11.642166082189,9.56480598449707,c(18.86727, -34.3643)
"188",188,"619_4_HK","Senecio halimifolius","ASTERACEAE",-34.3643,18.86727,"Hangklip",619,"CM",4,135,125,122,11977.32199,"4","L","1.449430858","43.71150748","30.15770448","-0.703756809","-28.08289709",6240,11.642166082189,9.56480598449707,c(18.86727, -34.3643)
"189",189,"619_5_HK","Anthospermum aethiopicum","RUBIACEAE",-34.3643,18.86727,"Hangklip",619,"CM",5,87,60,46,2167.698931,"4","N","1.622193998","47.07320541","29.01823424","-1.201464375","-28.28862245",6240,11.642166082189,9.56480598449707,c(18.86727, -34.3643)
"190",190,"619_6_HK","Chondropetalum tectorum","RESTIONACEAE",-34.3643,18.86727,"Hangklip",619,"CM",6,65,70,45,2474.004215,"0","N","0.428336268","45.72537416","106.7511149","0.613074169","-29.30451385",6240,11.642166082189,9.56480598449707,c(18.86727, -34.3643)
"191",191,"619_7_HK","Myrsine africana","MYRSINACEAE",-34.3643,18.86727,"Hangklip",619,"CM",7,125,90,50,3534.291735,"4","N","1.123896779","48.91399004","43.5217815","-2.91763019","-27.4343724",6240,11.642166082189,9.56480598449707,c(18.86727, -34.3643)
"192",192,"619_8_HK","Morella quercifolia","MYRICACEAE",-34.3643,18.86727,"Hangklip",619,"CM",8,64,85,70,4673.119072,"4","N","1.265340961","48.85014216","38.60630745","-0.941409736","-27.85953813",6240,11.642166082189,9.56480598449707,c(18.86727, -34.3643)
"193",193,"619_9_HK","NA","NA",-34.3643,18.86727,"Hangklip",619,"CM",9,136,80,45,2827.433388,"4","N","0.91238153","45.46345172","49.82943016","-2.688743149","-26.72413009",6240,11.642166082189,9.56480598449707,c(18.86727, -34.3643)
"194",194,"620_28_HK","Cliffortia atrata","ROSACEAE",-34.33877,18.99487,"Hangklip",620,"CM",28,95,120,110,10367.25576,"4","N","0.627984913","48.04005795","76.49874531","1.569529805","-28.01432197",6330,20.3737906438307,12.2744836807251,c(18.99487, -34.33877)
"195",195,"620_29_HK","Protea repens","PROTEACEAE",-34.33877,18.99487,"Hangklip",620,"CM",29,160,160,135,16964.60033,"4","N","0.576414183","51.87451606","89.99521101","0.781573991","-26.34794659",6330,20.3737906438307,12.2744836807251,c(18.99487, -34.33877)
"196",196,"620_30_HK","Leucadendron laureolum","PROTEACEAE",-34.33877,18.99487,"Hangklip",620,"CM",30,120,110,90,7775.441818,"4","N","0.407884685","48.95437684","120.0201397","1.2218163","-28.76864828",6330,20.3737906438307,12.2744836807251,c(18.99487, -34.33877)
"197",197,"620_31_HK","Leucadendron laureolum","PROTEACEAE",-34.33877,18.99487,"Hangklip",620,"CM",31,150,80,75,4712.38898,"4","N","0.395911599","49.00524873","123.7782597","0.150430149","-27.44025026",6330,20.3737906438307,12.2744836807251,c(18.99487, -34.33877)
"198",198,"620_32_HK","Gnidia pinifolia","THYMELAEACEAE",-34.33877,18.99487,"Hangklip",620,"CM",32,65,70,55,3023.782929,"4","N","0.998745176","45.18970311","45.2464795","-3.559487893","-28.97045506",6330,20.3737906438307,12.2744836807251,c(18.99487, -34.33877)
"199",199,"620_33_HK","Rhus scytophylla","ANACARDIACEAE",-34.33877,18.99487,"Hangklip",620,"CM",33,27,30,22,518.3627878,"3","N","0.575987506","46.55946937","80.83416554","-3.929603109","-27.53527578",6330,20.3737906438307,12.2744836807251,c(18.99487, -34.33877)
"200",200,"620_34_HK","Centella difformis","APIACEAE",-34.33877,18.99487,"Hangklip",620,"CM",34,25,15,10,117.8097245,"1","B","0.441383885","43.58876339","98.75476859","-2.16571191","-28.94694359",6330,20.3737906438307,12.2744836807251,c(18.99487, -34.33877)
"201",201,"620_35_HK","Erica muscosa","ERICACEAE",-34.33877,18.99487,"Hangklip",620,"CM",35,65,50,35,1374.446786,"4","S","0.594677708","51.44526072","86.50948243","-4.179917873","-28.22592519",6330,20.3737906438307,12.2744836807251,c(18.99487, -34.33877)
"202",202,"620_36_HK","Hypodiscus aristatus","RESTIONACEAE",-34.33877,18.99487,"Hangklip",620,"CM",36,80,130,130,13273.22896,"0","N","0.387081828","45.95849493","118.7306964","10.08023179","-27.78214621",6330,20.3737906438307,12.2744836807251,c(18.99487, -34.33877)
"203",203,"620_37_HK","Widdringtonia nodiflora","CUPRESSACEAE",-34.32975,18.99423,"Hangklip",620,"CM",37,120,110,100,8639.379797,"4","N","1.270817606","50.33923704","39.61169313","0.019915837","-25.57402739",6030,43.6581228082087,20.8353233337402,c(18.99423, -34.32975)
"204",204,"620_38_HK","Asparagus lignosus","ASPARAGACEAE",-34.32975,18.99423,"Hangklip",620,"CM",38,84,90,55,3887.720909,"3","N","0.620878639","50.95606026","82.07088639","-0.935565812","-26.51938438",6030,43.6581228082087,20.8353233337402,c(18.99423, -34.32975)
"205",205,"620_39_HK","Hermas villosa","APIACEAE",-34.32975,18.99423,"Hangklip",620,"CM",39,80,75,60,3534.291735,"0","N","1.005886885","45.11393537","44.84990913","-1.826764292","-27.62442344",6030,43.6581228082087,20.8353233337402,c(18.99423, -34.32975)
"206",206,"620_40_HK","Lanaria lanata","LANARIACEAE",-34.32975,18.99423,"Hangklip",620,"CM",40,80,80,75,4712.38898,"0","N","NA","NA","NA","NA","NA",6030,43.6581228082087,20.8353233337402,c(18.99423, -34.32975)
"207",207,"620_41_HK","Cymbopogon marginatus","POACEAE",-34.32975,18.99423,"Hangklip",620,"CM",41,35,30,25,589.0486225,"0","N","1.067414872","44.69862797","41.87559041","-0.804077512","-12.89252864",6030,43.6581228082087,20.8353233337402,c(18.99423, -34.32975)
"208",208,"620_42_HK","Ficinia nigrescens","CYPERACEAE",-34.32975,18.99423,"Hangklip",620,"CM",42,50,60,60,2827.433388,"0","N","0.69306367","44.42677406","64.43325634","2.307325268","-27.3222031",6030,43.6581228082087,20.8353233337402,c(18.99423, -34.32975)
"209",209,"620_43_HK","Lobelia pinifolia","CAMPANULACEAE",-34.32975,18.99423,"Hangklip",620,"CM",43,30,23,15,270.9623664,"1","N","1.260645085","47.85846285","37.96347079","1.074744201","-28.04175202",6030,43.6581228082087,20.8353233337402,c(18.99423, -34.32975)
"210",210,"620_44_HK","Phylica lasiocarpa","RHAMNACEAE",-34.32975,18.99423,"Hangklip",620,"CM",44,20,40,35,1099.557429,"3","B","1.128578117","50.82638191","45.0357677","-0.835245109","-29.65326731",6030,43.6581228082087,20.8353233337402,c(18.99423, -34.32975)
"211",211,"620_45_HK","Ursinia paleacea","ASTERACEAE",-34.32975,18.99423,"Hangklip",620,"CM",45,26,40,30,942.4777961,"2","N","1.135836908","43.62866278","38.41102756","0.547817013","-29.52493387",6030,43.6581228082087,20.8353233337402,c(18.99423, -34.32975)
"212",212,"620_46_HK","Pterocelastrus tricuspidatus","CELASTRACEAE",-34.32975,18.99423,"Hangklip",620,"CM",46,160,260,180,36756.63405,"4","N","0.770302868","46.20894272","59.98801854","0.568270748","-28.72260498",6030,43.6581228082087,20.8353233337402,c(18.99423, -34.32975)
"213",213,"620_47_HK","Ehrharta ramosa","POACEAE",-34.32975,18.99423,"Hangklip",620,"CM",47,94,45,35,1237.002107,"1","N","0.55843092","44.83381682","80.28534096","1.899711537","-28.78334295",6030,43.6581228082087,20.8353233337402,c(18.99423, -34.32975)
"214",214,"620_48_HK","Lobelia capillifolia","CAMPANULACEAE",-34.32975,18.99423,"Hangklip",620,"CM",48,40,40,35,1099.557429,"2","B","1.488815982","45.33600509","30.45104677","-0.385262926","-29.76886537",6030,43.6581228082087,20.8353233337402,c(18.99423, -34.32975)
"215",215,"620_49_HK","Rafnia perfoliata","FABACEAE",-34.32975,18.99423,"Hangklip",620,"CM",49,35,60,40,1884.955592,"2","N","1.925523562","48.42471875","25.14885806","-1.070950062","-28.99690546",6030,43.6581228082087,20.8353233337402,c(18.99423, -34.32975)
"216",216,"620_50_HK","Schizaea pectinata","SCHIZAEACEAE",-34.32975,18.99423,"Hangklip",620,"CM",50,25,40,25,785.3981634,"0","N","0.949790072","46.69091063","49.15919001","-0.091118728","-26.50762865",6030,43.6581228082087,20.8353233337402,c(18.99423, -34.32975)
"217",217,"627_1_HK","Sonderothamnus petraeus","PENAEACEAE",-34.31217,18.94951,"Hangklip",627,"CM",1,10,11,8,69.11503838,"3","N","0.623513672","47.23015114","75.74838087","-5.152700003","-28.86415123",6210,67.9126354794358,26.9913444519043,c(18.94951, -34.31217)
"218",218,"627_10_HK","Metalasia lichtensteinii","ASTERACEAE",-34.30693,18.94398,"Hangklip",627,"CM",10,130,85,75,5006.913292,"4","B","0.792570439","44.20217973","55.77066413","-2.798595581","-28.09025595",6450,54.3301083835487,26.28395652771,c(18.94398, -34.30693)
"219",219,"627_11_HK","Elegia spathacea","RESTIONACEAE",-34.30693,18.94398,"Hangklip",627,"CM",11,63,10,8,62.83185307,"0","N","0.37432257","45.19535113","120.739049","-0.021006649","-29.89910717",6450,54.3301083835487,26.28395652771,c(18.94398, -34.30693)
"220",220,"627_12_HK","Calopsis aspera","RESTIONACEAE",-34.30693,18.94398,"Hangklip",627,"CM",12,43,30,30,706.8583471,"3","N","0.294962491","47.38232103","160.6384625","0.066037511","-29.08187376",6450,54.3301083835487,26.28395652771,c(18.94398, -34.30693)
"221",221,"627_13_HK","Coleonema juniperinum","RUTACEAE",-34.30693,18.94398,"Hangklip",627,"CM",13,40,30,20,471.238898,"4","N","0.964226866","49.34003345","51.17056494","-4.751710052","-29.17886864",6450,54.3301083835487,26.28395652771,c(18.94398, -34.30693)
"222",222,"627_14_HK","Anthospermum galioides","RUBIACEAE",-34.30693,18.94398,"Hangklip",627,"CM",14,20,55,20,863.9379797,"2","S","1.125560766","50.92105293","45.24060759","-0.191182873","-27.91690341",6450,54.3301083835487,26.28395652771,c(18.94398, -34.30693)
"223",223,"627_2_HK","Heterolepis aliena","ASTERACEAE",-34.31118,18.94868,"Hangklip",627,"CM",2,55,65,50,2552.544031,"4","B","0.993406735","49.69401682","50.02383726","-2.517902615","-30.18596435",7020,72.7635380136812,26.9913444519043,c(18.94868, -34.31118)
"224",224,"627_3_HK","Erica intervallaris","ERICACEAE",-34.30845,18.95576,"Hangklip",627,"CM",3,50,25,20,392.6990817,"3","S","0.653855237","48.10593575","73.57276199","-5.59378895","-29.69583068",4080,178.513213260231,29.7620506286621,c(18.95576, -34.30845)
"225",225,"627_4_HK","Laurophyllus capensis","ANACARDIACEAE",-34.30693,18.94398,"Hangklip",627,"CM",4,185,120,80,7539.822369,"3","N","0.615743315","47.489847","77.12604555","-4.35756627","-26.06574592",6450,54.3301083835487,26.28395652771,c(18.94398, -34.30693)
"226",226,"627_5_HK","Restio perplexus","RESTIONACEAE",-34.30693,18.94398,"Hangklip",627,"CM",5,70,100,65,5105.088062,"4","N","0.388845915","47.02335146","120.9305528","0.24208188","-28.64023753",6450,54.3301083835487,26.28395652771,c(18.94398, -34.30693)
"227",227,"627_6_HK","Elytropappus longifolius","ASTERACEAE",-34.30693,18.94398,"Hangklip",627,"CM",6,135,90,90,6361.725124,"4","B","0.983102317","48.55312646","49.38766353","-1.421537406","-30.35622131",6450,54.3301083835487,26.28395652771,c(18.94398, -34.30693)
"228",228,"627_7_HK","Elegia neesii","RESTIONACEAE",-34.30693,18.94398,"Hangklip",627,"CM",7,125,70,50,2748.893572,"2","N","0.451921766","46.44191109","102.7653778","1.1213257","-29.13656236",6450,54.3301083835487,26.28395652771,c(18.94398, -34.30693)
"229",229,"627_8_HK","Elegia persistens","RESTIONACEAE",-34.30693,18.94398,"Hangklip",627,"CM",8,90,75,40,2356.19449,"1","N","0.38993896","44.29451701","113.5934635","-0.318326028","-29.00138866",6450,54.3301083835487,26.28395652771,c(18.94398, -34.30693)
"230",230,"627_9_HK","Grubbia tomentosa","GRUBBIACEAE",-34.30693,18.94398,"Hangklip",627,"CM",9,200,300,300,70685.83471,"4","B","0.529691001","52.86835494","99.8098039","-4.918952202","-28.3234564",6450,54.3301083835487,26.28395652771,c(18.94398, -34.30693)
"231",231,"702_21_LB","Erica infundibuliformis","ERICACEAE",-33.93268,21.03528,"Langeberg",702,"CM",21,75,45,40,1413.716694,"4","N","NA","NA","NA","NA","NA",7170,750.91971230119,19.5991630554199,c(21.03528, -33.93268)
"232",232,"702_22_LB","Erica similis","ERICACEAE",-33.93268,21.03528,"Langeberg",702,"CM",22,40,45,35,1237.002107,"4","B","0.651763835","54.56001406","83.71132469","-2.232319528","-28.76818821",7170,750.91971230119,19.5991630554199,c(21.03528, -33.93268)
"233",233,"702_23_LB","Metalasia densa","ASTERACEAE",-33.93268,21.03528,"Langeberg",702,"CM",23,55,55,50,2159.844949,"4","B","0.715232504","47.60621664","66.56047699","-1.185833557","-29.94347717",7170,750.91971230119,19.5991630554199,c(21.03528, -33.93268)
"234",234,"702_24_LB","Stoebe spiralis","ASTERACEAE",-33.93268,21.03528,"Langeberg",702,"CM",24,50,55,36,1555.088364,"4","B","0.882939307","49.50626566","56.06984","-2.49834213","-29.89394787",7170,750.91971230119,19.5991630554199,c(21.03528, -33.93268)
"235",235,"702_25_LB","Hypodiscus aristatus","RESTIONACEAE",-33.93268,21.03528,"Langeberg",702,"CM",25,70,90,60,4241.150082,"0","N","0.391049124","47.20229677","120.7068215","1.214238006","-28.80533519",7170,750.91971230119,19.5991630554199,c(21.03528, -33.93268)
"236",236,"702_26_LB","Cliffortia densa","ROSACEAE",-33.93268,21.03528,"Langeberg",702,"CM",26,55,50,45,1767.145868,"4","N","0.472429792","48.81274525","103.3227499","-7.636881653","-29.50390465",7170,750.91971230119,19.5991630554199,c(21.03528, -33.93268)
"237",237,"702_27_LB","Hypodiscus argenteus","RESTIONACEAE",-33.93268,21.03528,"Langeberg",702,"CM",27,70,100,80,6283.185307,"0","N","0.367344341","46.70418722","127.1400755","0.459203268","-28.91368053",7170,750.91971230119,19.5991630554199,c(21.03528, -33.93268)
"238",238,"702_28_LB","Mimetes cucullatus","PROTEACEAE",-33.93268,21.03528,"Langeberg",702,"CM",28,70,130,130,13273.22896,"3","B","0.452659125","48.41187731","106.9499645","-0.166732266","-28.69905357",7170,750.91971230119,19.5991630554199,c(21.03528, -33.93268)
"239",239,"702_29_LB","Tetraria thermalis","CYPERACEAE",-33.93268,21.03528,"Langeberg",702,"CM",29,70,160,160,20106.19298,"1","N","0.359726091","44.77880282","124.4802753","4.830971763","-24.96475091",7170,750.91971230119,19.5991630554199,c(21.03528, -33.93268)
"240",240,"702_30_LB","Berzelia abrotanoides","BRUNIACEAE",-33.93268,21.03528,"Langeberg",702,"CM",30,80,110,110,9503.317777,"4","N","0.606621846","54.01943937","89.04961091","-6.208966216","-27.58361252",7170,750.91971230119,19.5991630554199,c(21.03528, -33.93268)
"241",241,"702_31_LB","Tetraria capillacea","CYPERACEAE",-33.93268,21.03528,"Langeberg",702,"CM",31,70,60,50,2356.19449,"0","N","0.489574947","45.75903194","93.46685781","1.241622685","-26.22877986",7170,750.91971230119,19.5991630554199,c(21.03528, -33.93268)
"242",242,"702_32_LB","Tetraria fasciata","CYPERACEAE",-33.93268,21.03528,"Langeberg",702,"CM",32,35,50,40,1570.796327,"0","N","0.480382705","46.30270591","96.38712096","3.547803918","-28.24916245",7170,750.91971230119,19.5991630554199,c(21.03528, -33.93268)
"243",243,"702_33_LB","Restio inconspicuus","RESTIONACEAE",-33.93268,21.03528,"Langeberg",702,"CM",33,90,80,60,3769.911184,"2","N","0.28416583","46.91451832","165.0955652","-1.118349882","-26.9696556",7170,750.91971230119,19.5991630554199,c(21.03528, -33.93268)
"244",244,"702_34_LB","Erica anguliger","ERICACEAE",-33.93268,21.03528,"Langeberg",702,"CM",34,20,110,90,7775.441818,"4","S","0.701603087","52.2121114","74.41830337","-6.381098488","-28.87962913",7170,750.91971230119,19.5991630554199,c(21.03528, -33.93268)
"245",245,"702_35_LB","Erica hispidula","ERICACEAE",-33.93268,21.03528,"Langeberg",702,"CM",35,115,110,90,7775.441818,"4","B","0.780373451","54.98477727","70.45956937","-5.339502639","-27.91587155",7170,750.91971230119,19.5991630554199,c(21.03528, -33.93268)
"246",246,"702_36_LB","Staberoha cernua","RESTIONACEAE",-33.93268,21.03528,"Langeberg",702,"CM",36,55,55,45,1943.860454,"0","N","0.346106801","47.54346299","137.3664511","0.6176432","-27.82403598",7170,750.91971230119,19.5991630554199,c(21.03528, -33.93268)
"247",247,"702_37_LB","Elegia juncea","RESTIONACEAE",-33.93268,21.03528,"Langeberg",702,"CM",37,75,45,35,1237.002107,"0","N","0.354908883","44.31830296","124.8723406","0.069949608","-27.03156722",7170,750.91971230119,19.5991630554199,c(21.03528, -33.93268)
"248",248,"702_38_LB","Struthiola eckloniana","THYMELAEACEAE",-33.93268,21.03528,"Langeberg",702,"CM",38,60,20,15,235.619449,"1","N","0.700426219","47.25085982","67.46015291","-6.949994887","-27.08332123",7170,750.91971230119,19.5991630554199,c(21.03528, -33.93268)
"249",249,"702_39_LB","Capeobolus brevicaulis","CYPERACEAE",-33.93268,21.03528,"Langeberg",702,"CM",39,20,25,15,294.5243113,"1","N","0.364263341","44.6273356","122.5139359","5.556423629","-26.41978718",7170,750.91971230119,19.5991630554199,c(21.03528, -33.93268)
"250",250,"702_40_LB","NA","NA",-33.93268,21.03528,"Langeberg",702,"CM",40,25,40,25,785.3981634,"0","N","0.720051726","46.34228079","64.35965518","3.850291441","-26.67555702",7170,750.91971230119,19.5991630554199,c(21.03528, -33.93268)
"251",251,"705_1_LB","Protea repens","PROTEACEAE",-33.93166,21.15439,"Langeberg",705,"CM",1,200,240,180,33929.20066,"4","N","0.700856473","52.54164446","74.96776653","1.659866232","-26.62419965",6060,545.241444849185,18.8458633422852,c(21.15439, -33.93166)
"252",252,"705_10_LB","Syncarpha milleflora","ASTERACEAE",-33.93166,21.15439,"Langeberg",705,"CM",10,155,70,35,1924.2255,"3","B","0.841758887","45.23161385","53.73464368","-0.737635858","-29.52434267",6060,545.241444849185,18.8458633422852,c(21.15439, -33.93166)
"253",253,"705_11_LB","Acmadenia nivenii","RUTACEAE",-33.93166,21.15439,"Langeberg",705,"CM",11,55,70,60,3298.672286,"4","L","0.951717718","52.60636783","55.27517962","-3.561164668","-28.62878501",6060,545.241444849185,18.8458633422852,c(21.15439, -33.93166)
"254",254,"705_12_LB","Metalasia pungens","ASTERACEAE",-33.93166,21.15439,"Langeberg",705,"CM",12,80,80,50,3141.592654,"4","B","0.809934768","42.47292873","52.43993763","-1.324279548","-29.16855926",6060,545.241444849185,18.8458633422852,c(21.15439, -33.93166)
"255",255,"705_13_LB","Erica rosacea","ERICACEAE",-33.93166,21.15439,"Langeberg",705,"CM",13,55,35,30,824.6680716,"4","N","0.653551595","52.75092724","80.71425058","-3.85595557","-27.94364783",6060,545.241444849185,18.8458633422852,c(21.15439, -33.93166)
"256",256,"705_14_LB","Thamnochortus karooica","RESTIONACEAE",-33.93166,21.15439,"Langeberg",705,"CM",14,120,60,55,2591.813939,"2","N","0.505399186","47.28837713","93.56638965","0.234880308","-25.99090519",6060,545.241444849185,18.8458633422852,c(21.15439, -33.93166)
"257",257,"705_15_LB","Phaenocoma prolifera","ASTERACEAE",-33.93166,21.15439,"Langeberg",705,"CM",15,65,70,50,2748.893572,"4","B","0.503353669","46.49378219","92.36802078","-2.364372366","-29.04251029",6060,545.241444849185,18.8458633422852,c(21.15439, -33.93166)
"258",258,"705_16_LB","Tetraria cuspidata","CYPERACEAE",-33.93166,21.15439,"Langeberg",705,"CM",16,60,80,55,3455.751919,"0","N","0.828186035","45.52282714","59.02999461","1.706876077","-25.86688926",6060,545.241444849185,18.8458633422852,c(21.15439, -33.93166)
"259",259,"705_17_LB","Tetraria fimbriolata","CYPERACEAE",-33.93166,21.15439,"Langeberg",705,"CM",17,65,80,75,4712.38898,"1","N","0.793952331","46.40686075","58.45043704","1.627546964","-25.2884871",6060,545.241444849185,18.8458633422852,c(21.15439, -33.93166)
"260",260,"705_18_LB","Phylica imberbis","RHAMNACEAE",-33.93166,21.15439,"Langeberg",705,"CM",18,40,60,60,2827.433388,"4","B","0.683991421","59.3554856","86.77811417","-3.232095753","-29.27326124",6060,545.241444849185,18.8458633422852,c(21.15439, -33.93166)
"261",261,"705_19_LB","Tetraria bromoides","CYPERACEAE",-33.93166,21.15439,"Langeberg",705,"CM",19,170,80,65,4084.07045,"1","N","0.56106556","46.17175706","108.3117929","1.796488594","-24.81224559",6060,545.241444849185,18.8458633422852,c(21.15439, -33.93166)
"262",262,"705_2_LB","Stoebe microphylla","ASTERACEAE",-33.93166,21.15439,"Langeberg",705,"CM",2,55,100,65,5105.088062,"4","N","1.153526104","49.74299031","43.12255279","-2.384939173","-28.37465401",6060,545.241444849185,18.8458633422852,c(21.15439, -33.93166)
"263",263,"705_20_LB","Protea lorifolia","PROTEACEAE",-33.93166,21.15439,"Langeberg",705,"CM",20,120,155,150,18260.5073,"4","S","0.558927905","51.17973624","91.56768836","2.376766367","-27.05208846",6060,545.241444849185,18.8458633422852,c(21.15439, -33.93166)
"264",264,"705_21_LB","Rhodocoma fruticosa","RESTIONACEAE",-33.93166,21.15439,"Langeberg",705,"CM",21,90,70,60,3298.672286,"0","N","0.349277883","47.37824627","135.6462821","0.505186917","-25.78135957",6060,545.241444849185,18.8458633422852,c(21.15439, -33.93166)
"265",265,"705_22_LB","Hypodiscus albo-aristatus","RESTIONACEAE",-33.93166,21.15439,"Langeberg",705,"CM",22,120,90,80,5654.866776,"0","N","0.307163755","46.94038472","152.8187619","0.963532905","-26.47457588",6060,545.241444849185,18.8458633422852,c(21.15439, -33.93166)
"266",266,"705_23_LB","Serruria fasciflora","PROTEACEAE",-33.93166,21.15439,"Langeberg",705,"CM",23,45,75,50,2945.243113,"4","B","1.026546564","50.49151943","49.18580532","1.293581191","-29.001948",6060,545.241444849185,18.8458633422852,c(21.15439, -33.93166)
"267",267,"705_24_LB","Corymbium glabrum","ASTERACEAE",-33.93166,21.15439,"Langeberg",705,"CM",24,23,30,20,471.238898,"0","N","0.355069683","47.12928114","132.7324845","-4.06064427","-27.61652148",6060,545.241444849185,18.8458633422852,c(21.15439, -33.93166)
"268",268,"705_25_LB","Leucospermum calligerum","PROTEACEAE",-33.93166,21.15439,"Langeberg",705,"CM",25,115,145,110,12527.10071,"4","B","0.733313073","50.82449353","69.3080424","-0.511400979","-28.89731157",6060,545.241444849185,18.8458633422852,c(21.15439, -33.93166)
"269",269,"705_26_LB","Paranomus spathulatus","PROTEACEAE",-33.93166,21.15439,"Langeberg",705,"CM",26,160,110,100,8639.379797,"4","N","0.49152641","50.55991697","102.8630729","1.923317238","-29.67101744",6060,545.241444849185,18.8458633422852,c(21.15439, -33.93166)
"270",270,"705_27_LB","Leucadendron salignum","PROTEACEAE",-33.93166,21.15439,"Langeberg",705,"CM",27,130,125,90,8835.729338,"4","N","0.407113975","51.39259644","126.236385","0.42977529","-28.34998258",6060,545.241444849185,18.8458633422852,c(21.15439, -33.93166)
"271",271,"705_28_LB","Acmadenia latifolia","RUTACEAE",-33.93166,21.15439,"Langeberg",705,"CM",28,55,35,10,274.8893572,"1","B","0.8279108","51.44862399","62.14271393","-3.24678633","-27.317704",6060,545.241444849185,18.8458633422852,c(21.15439, -33.93166)
"272",272,"705_29_LB","Metalasia galpinii","ASTERACEAE",-33.93166,21.15439,"Langeberg",705,"CM",29,125,35,30,824.6680716,"4","S","0.3164565","40.94369375","129.3817435","-4.580690679","-29.31283891",6060,545.241444849185,18.8458633422852,c(21.15439, -33.93166)
"273",273,"705_3_LB","Tetraria ustulata","CYPERACEAE",-33.93166,21.15439,"Langeberg",705,"CM",3,80,135,125,13253.59401,"0","N","0.448861586","45.48350596","116.044357","1.005156205","-25.23257828",6060,545.241444849185,18.8458633422852,c(21.15439, -33.93166)
"274",274,"705_30_LB","Lobostemon muirii","BORAGINACEAE",-33.93166,21.15439,"Langeberg",705,"CM",30,70,130,100,10210.17612,"3","S","0.820325726","40.17815862","48.97829893","-1.229280486","-28.93554411",6060,545.241444849185,18.8458633422852,c(21.15439, -33.93166)
"275",275,"705_31_LB","Agathosma ovata","RUTACEAE",-33.93166,21.15439,"Langeberg",705,"CM",31,80,80,50,3141.592654,"4","N","0.752017052","49.07511279","65.25797876","-1.13721954","-26.88708487",6060,545.241444849185,18.8458633422852,c(21.15439, -33.93166)
"276",276,"705_32_LB","Elegia filacea","RESTIONACEAE",-33.93166,21.15439,"Langeberg",705,"CM",32,70,40,40,1256.637061,"0","N","0.567527353","44.0381899","77.59659458","-2.221384088","-27.59841133",6060,545.241444849185,18.8458633422852,c(21.15439, -33.93166)
"277",277,"705_4_LB","Erica breviflora","ERICACEAE",-33.93166,21.15439,"Langeberg",705,"CM",4,100,85,80,5340.707511,"4","N","0.671741633","53.00693676","78.90970893","-5.221199816","-27.25241149",6060,545.241444849185,18.8458633422852,c(21.15439, -33.93166)
"278",278,"705_5_LB","Lachnaea penicillata","THYMELAEACEAE",-33.93166,21.15439,"Langeberg",705,"CM",5,15,40,30,942.4777961,"4","B","0.732846982","49.67548814","67.78425693","-0.748408947","-28.83412286",6060,545.241444849185,18.8458633422852,c(21.15439, -33.93166)
"279",279,"705_6_LB","Erica cerinthoides","ERICACEAE",-33.93166,21.15439,"Langeberg",705,"CM",6,40,75,60,3534.291735,"3","B","0.816275904","57.27972235","70.1720118","-3.716884779","-27.48824507",6060,545.241444849185,18.8458633422852,c(21.15439, -33.93166)
"280",280,"705_7_LB","Dicoma spinosa","ASTERACEAE",-33.93166,21.15439,"Langeberg",705,"CM",7,55,40,35,1099.557429,"4","N","0.814645276","40.24245509","49.39874602","-1.557370028","-28.6663964",6060,545.241444849185,18.8458633422852,c(21.15439, -33.93166)
"281",281,"705_8_LB","Restio filiformis","RESTIONACEAE",-33.93166,21.15439,"Langeberg",705,"CM",8,60,70,50,2748.893572,"0","N","0.431084298","47.75301992","110.7742039","0.295601358","-27.97820964",6060,545.241444849185,18.8458633422852,c(21.15439, -33.93166)
"282",282,"705_9_LB","Mastersiella purpurea","RESTIONACEAE",-33.93166,21.15439,"Langeberg",705,"CM",9,80,75,45,2650.718801,"1","N","0.386464246","46.91518963","121.3959379","-0.221506936","-28.18456402",6060,545.241444849185,18.8458633422852,c(21.15439, -33.93166)
"283",283,"710_1_LB","Merxmuellera stricta","POACEAE",-33.97716,21.02699,"Langeberg",710,"CM",1,60,70,55,3023.782929,"0","N","0.773195832","45.20038757","58.45917124","0.364854556","-26.05890588",5730,350.235162972519,15.5006093978882,c(21.02699, -33.97716)
"284",284,"710_10_LB","Thamnochortus karooica","RESTIONACEAE",-33.92216,21.15752,"Langeberg",710,"CM",10,155,90,85,6008.29595,"0","N","0.445406976","46.38136043","104.1325416","-0.7456487","-26.41159553",6180,460.835740753315,14.3453207015991,c(21.15752, -33.92216)
"285",285,"710_11_LB","Pentaschistis eriostoma","POACEAE",-33.92216,21.15752,"Langeberg",710,"CM",11,75,100,95,7461.282552,"0","S","0.527084547","44.89324253","85.17275419","0.82838611","-25.96150612",6180,460.835740753315,14.3453207015991,c(21.15752, -33.92216)
"286",286,"710_12_LB","Felicia filifolia","ASTERACEAE",-33.92216,21.15752,"Langeberg",710,"CM",12,90,90,65,4594.579256,"3","N","1.577543905","49.41761251","31.32566539","0.485175512","-28.37496957",6180,460.835740753315,14.3453207015991,c(21.15752, -33.92216)
"287",287,"710_13_LB","Helichrysum zeyheri","ASTERACEAE",-33.92216,21.15752,"Langeberg",710,"CM",13,45,120,150,14137.16694,"4","B","2.196250652","49.2903389","22.44294787","2.676594904","-28.8476147",6180,460.835740753315,14.3453207015991,c(21.15752, -33.92216)
"288",288,"710_14_LB","Wahlenbergia neorigida","CAMPANULACEAE",-33.92216,21.15752,"Langeberg",710,"CM",14,85,50,25,981.7477042,"4","N","1.412490666","48.4882498","34.32819132","1.936916891","-28.10327551",6180,460.835740753315,14.3453207015991,c(21.15752, -33.92216)
"289",289,"710_15_LB","Dicoma spinosa","ASTERACEAE",-33.92216,21.15752,"Langeberg",710,"CM",15,15,35,20,549.7787144,"3","B","1.197574775","44.390807","37.06725286","0.317515163","-29.55196873",6180,460.835740753315,14.3453207015991,c(21.15752, -33.92216)
"290",290,"710_16_LB","Pentaschistis malouinensis","POACEAE",-33.92216,21.15752,"Langeberg",710,"CM",16,20,33,30,777.5441818,"0","N","0.818453297","43.94267915","53.68990423","-0.754524836","-26.74685574",6180,460.835740753315,14.3453207015991,c(21.15752, -33.92216)
"291",291,"710_17_LB","Erica areolata","ERICACEAE",-33.95859,21.23056,"Langeberg",710,"CM",17,100,30,30,706.8583471,"4","B","0.754701026","54.00932114","71.56386336","-5.001262865","-28.73791182",6780,475.388448356051,27.6677589416504,c(21.23056, -33.95859)
"292",292,"710_18_LB","Ischyrolepis hystrix","RESTIONACEAE",-33.95859,21.23056,"Langeberg",710,"CM",18,130,70,30,1649.336143,"3","N","0.409501265","46.60730978","113.8148128","-1.064203364","-27.71162596",6780,475.388448356051,27.6677589416504,c(21.23056, -33.95859)
"293",293,"710_19_LB","Gnidia juniperifolia","THYMELAEACEAE",-33.95859,21.23056,"Langeberg",710,"CM",19,50,45,30,1060.287521,"4","N","0.933631078","44.31011853","47.45998669","-3.639269085","-27.74135852",6780,475.388448356051,27.6677589416504,c(21.23056, -33.95859)
"294",294,"710_2_LB","Clutia ericoides","EUPHORBIACEAE",-33.97716,21.02699,"Langeberg",710,"CM",2,25,80,70,4398.229715,"4","N","0.899825582","48.46461574","53.860011","-1.718078727","-31.89468919",5730,350.235162972519,15.5006093978882,c(21.02699, -33.97716)
"295",295,"710_22_LB","Cliffortia ferruginea","ROSACEAE",-33.95859,21.23056,"Langeberg",710,"CM",22,70,200,100,15707.96327,"4","L","0.83649906","44.31892895","52.98144499","-7.4816498","-30.41523815",6780,475.388448356051,27.6677589416504,c(21.23056, -33.95859)
"296",296,"710_23_LB","Platycaulos compressus","RESTIONACEAE",-33.95859,21.23056,"Langeberg",710,"CM",23,90,110,85,7343.472828,"3","N","0.542394869","47.55054578","87.6677647","-0.852162334","-27.55168531",6780,475.388448356051,27.6677589416504,c(21.23056, -33.95859)
"297",297,"710_25_LB","Cliffortia gracilis","ROSACEAE",-33.95859,21.23056,"Langeberg",710,"CM",25,30,70,70,3848.451001,"4","S","0.706401375","46.35273448","65.61812607","-5.194565385","-30.72384159",6780,475.388448356051,27.6677589416504,c(21.23056, -33.95859)
"298",298,"710_26_LB","Erica triceps","ERICACEAE",-33.95859,21.23056,"Langeberg",710,"CM",26,50,40,35,1099.557429,"4","B","0.725071498","54.84573667","75.64183233","-4.332593942","-29.63296432",6780,475.388448356051,27.6677589416504,c(21.23056, -33.95859)
"299",299,"710_27_LB","Psoralea monophylla","FABACEAE",-33.95859,21.23056,"Langeberg",710,"CM",27,25,140,75,8246.680716,"4","N","1.714330567","49.80540104","29.05239048","-2.966655212","-29.63193906",6780,475.388448356051,27.6677589416504,c(21.23056, -33.95859)
"300",300,"710_28_LB","Indigofera langebergensis","FABACEAE",-33.96555,21.22127,"Langeberg",710,"CM",28,40,50,35,1374.446786,"3","N","1.601673661","49.57223807","30.95027362","-1.019822683","-30.37627825",7170,492.851697479334,25.9341773986816,c(21.22127, -33.96555)
"301",301,"710_29_LB","Acmadenia trigona","RUTACEAE",-33.96555,21.22127,"Langeberg",710,"CM",29,30,40,20,628.3185307,"4","L","0.969511949","50.46590774","52.05289917","-4.413007944","-28.90579331",7170,492.851697479334,25.9341773986816,c(21.22127, -33.96555)
"302",302,"710_3_LB","Cunonia capensis","CUNONIACEAE",-33.9491,21.05873,"Langeberg",710,"CM",3,1200,1300,1000,1021017.612,"4","N","0.872466127","46.23832991","52.99727806","-3.820736757","-26.8155482",6360,494.792058493032,17.2465476989746,c(21.05873, -33.9491)
"303",303,"710_30_LB","Maytenus acuminata","CELASTRACEAE",-33.97227,21.21824,"Langeberg",710,"CM",30,200,190,170,25368.36068,"4","N","0.970763355","48.88505548","50.35733503","-2.832746094","-30.13135732",5940,499.642961027278,29.7991981506348,c(21.21824, -33.97227)
"304",304,"710_4_LB","Leucadendron tinctum","PROTEACEAE",-33.927,21.06728,"Langeberg",710,"CM",4,75,70,70,3848.451001,"3","S","0.49838134","53.93961509","108.2296041","-0.209135582","-28.20477631",7380,593.750470191639,18.8028736114502,c(21.06728, -33.927)
"305",305,"710_5_LB","Cullumia aculeata","ASTERACEAE",-33.927,21.06728,"Langeberg",710,"CM",5,40,75,30,1767.145868,"4","B","0.696966722","41.79435925","59.96607572","-1.150992251","-27.80389941",7380,593.750470191639,18.8028736114502,c(21.06728, -33.927)
"306",306,"710_6_LB","Passerina obtusifolia","THYMELAEACEAE",-33.89585,21.12415,"Langeberg",710,"CM",6,120,130,120,12252.21135,"4","S","0.773775026","53.43496785","69.05749867","2.360012715","-25.80259073",6420,478.298989876598,7.35222578048706,c(21.12415, -33.89585)
"307",307,"710_7_LB","Willdenowia bolusii","RESTIONACEAE",-33.92216,21.15752,"Langeberg",710,"CM",7,115,45,40,1413.716694,"3","N","0.311892647","46.18181919","148.0695989","1.009853783","-26.12657308",6180,460.835740753315,14.3453207015991,c(21.15752, -33.92216)
"308",308,"710_8_LB","Senecio paniculatus","ASTERACEAE",-33.92216,21.15752,"Langeberg",710,"CM",8,60,65,55,2807.798434,"1","N","0.759514505","49.18302188","64.75586915","-0.511910448","-30.54442098",6180,460.835740753315,14.3453207015991,c(21.15752, -33.92216)
"309",309,"710_9_LB","Muraltia heisteria","POLYGALACEAE",-33.92216,21.15752,"Langeberg",710,"CM",9,155,35,30,824.6680716,"3","B","1.096616487","50.93124678","46.44399149","0.443753544","-28.48262193",6180,460.835740753315,14.3453207015991,c(21.15752, -33.92216)
"310",310,"702_1_BK","Hermannia saccifera","MALVACEAE",-33.66459,24.1328,"Baviaanksloof",702,"DEB",1,20,65,55,2807.798434,"2","N","2.414511464","48.73765404","20.18530653","2.308345235","-26.16984284",6540,1024.51061523263,17.576602935791,c(24.1328, -33.66459)
"311",311,"702_10_BK","Elytropappus rhinocerotis","ASTERACEAE",-33.66459,24.1328,"Baviaanksloof",702,"DEB",10,145,140,120,13194.68915,"4","B","1.803002608","51.74389794","28.69873715","2.467418833","-27.51027011",6540,1024.51061523263,17.576602935791,c(24.1328, -33.66459)
"312",312,"702_11_BK","Solanum tomentosum","SOLANACEAE",-33.66459,24.1328,"Baviaanksloof",702,"DEB",11,35,52,35,1429.424657,"3","B","3.152597476","42.87418044","13.59963673","5.247791107","-24.10412257",6540,1024.51061523263,17.576602935791,c(24.1328, -33.66459)
"313",313,"702_12_BK","NA","NA",-33.66459,24.1328,"Baviaanksloof",702,"DEB",12,17,8,7,43.98229715,"0","N","1.337500498","45.49591704","34.01562624","2.403984576","-25.33439108",6540,1024.51061523263,17.576602935791,c(24.1328, -33.66459)
"314",314,"702_13_BK","Ficinia oligantha","CYPERACEAE",-33.66459,24.1328,"Baviaanksloof",702,"DEB",13,17,22,19,328.2964323,"0","N","1.151394503","46.04719296","39.99254195","3.724393031","-25.2895477",6540,1024.51061523263,17.576602935791,c(24.1328, -33.66459)
"315",315,"702_14_BK","Brachiaria serrata","POACEAE",-33.66459,24.1328,"Baviaanksloof",702,"DEB",14,10,52,35,1429.424657,"0","N","1.365871524","41.48122408","30.36978469","2.173669428","-13.70533156",6540,1024.51061523263,17.576602935791,c(24.1328, -33.66459)
"316",316,"702_15_BK","Pentaschistis eriostoma","POACEAE",-33.66459,24.1328,"Baviaanksloof",702,"DEB",15,45,65,60,3063.052837,"0","S","0.645383666","44.61010128","69.12183197","1.566652385","-23.82921312",6540,1024.51061523263,17.576602935791,c(24.1328, -33.66459)
"317",317,"702_16_BK","Euclea schimperi","EBENACEAE",-33.66459,24.1328,"Baviaanksloof",702,"DEB",16,75,70,60,3298.672286,"4","S","0.809532447","49.85711851","61.58754811","1.166528611","-26.46327455",6540,1024.51061523263,17.576602935791,c(24.1328, -33.66459)
"318",318,"702_17_BK","Anthospermum galioides","RUBIACEAE",-33.66459,24.1328,"Baviaanksloof",702,"DEB",17,18,33,22,570.1990666,"2","S","1.650277945","47.4492723","28.75229135","1.620327525","-26.98677233",6540,1024.51061523263,17.576602935791,c(24.1328, -33.66459)
"319",319,"702_18_BK","Crassula ericoides","CRASSULACEAE",-33.66459,24.1328,"Baviaanksloof",702,"DEB",18,28,26,23,469.6681017,"4","S","0.868432217","45.28918228","52.15050915","1.260216129","-26.22540964",6540,1024.51061523263,17.576602935791,c(24.1328, -33.66459)
"320",320,"702_19_BK","Pelargonium myrrhifolium","GERANIACEAE",-33.66459,24.1328,"Baviaanksloof",702,"DEB",19,19,25,18,353.4291735,"3","B","1.356857598","46.51095988","34.27843861","4.332385985","-27.73058761",6540,1024.51061523263,17.576602935791,c(24.1328, -33.66459)
"321",321,"702_2_BK","Asparagus africanus","ASPARAGACEAE",-33.66459,24.1328,"Baviaanksloof",702,"DEB",2,15,40,30,942.4777961,"1","N","2.213693069","47.68277952","21.53992358","3.312558317","-27.19344184",6540,1024.51061523263,17.576602935791,c(24.1328, -33.66459)
"322",322,"702_20_BK","Helichrysum teretifolium","ASTERACEAE",-33.66459,24.1328,"Baviaanksloof",702,"DEB",20,25,40,40,1256.637061,"3","B","1.328702859","46.19551381","34.76737744","2.942687803","-26.61925155",6540,1024.51061523263,17.576602935791,c(24.1328, -33.66459)
"323",323,"702_21_BK","Eriocephalus africanus","ASTERACEAE",-33.66459,24.1328,"Baviaanksloof",702,"DEB",21,35,45,43,1519.745446,"3","B","1.285367964","44.77184104","34.8319254","1.768666095","-28.38081669",6540,1024.51061523263,17.576602935791,c(24.1328, -33.66459)
"324",324,"702_22_BK","Cliffortia linearifolia","ROSACEAE",-33.66459,24.1328,"Baviaanksloof",702,"DEB",22,38,45,36,1272.345025,"3","S","1.843421173","52.00194129","28.2094738","2.565757524","-25.77934342",6540,1024.51061523263,17.576602935791,c(24.1328, -33.66459)
"325",325,"702_23_BK","Crassula cotyledonis","CRASSULACEAE",-33.66459,24.1328,"Baviaanksloof",702,"DEB",23,5,8,8,50.26548246,"0","N","0.803607378","40.2548967","50.09274158","1.084116939","-17.4198882",6540,1024.51061523263,17.576602935791,c(24.1328, -33.66459)
"326",326,"702_24_BK","Muraltia juniperifolia","POLYGALACEAE",-33.66459,24.1328,"Baviaanksloof",702,"DEB",24,32,40,34,1068.141502,"3","N","0.846737976","52.11043355","61.54257281","2.324904557","-26.50899101",6540,1024.51061523263,17.576602935791,c(24.1328, -33.66459)
"327",327,"702_25_BK","Erica pectinifolia","ERICACEAE",-33.66459,24.1328,"Baviaanksloof",702,"DEB",25,165,150,150,17671.45868,"4","B","0.977059304","56.06952206","57.38599679","0.109846948","-25.71248328",6540,1024.51061523263,17.576602935791,c(24.1328, -33.66459)
"328",328,"702_26_BK","Hypodiscus striatus","RESTIONACEAE",-33.66459,24.1328,"Baviaanksloof",702,"DEB",26,60,125,65,6381.360078,"0","N","0.603829515","47.00486199","77.84459154","0.368467756","-26.08457448",6540,1024.51061523263,17.576602935791,c(24.1328, -33.66459)
"329",329,"702_27_BK","Metalasia pungens","ASTERACEAE",-33.66459,24.1328,"Baviaanksloof",702,"DEB",27,85,65,58,2960.951076,"4","B","0.553357607","43.91766503","79.36579251","-0.604815133","-27.29483988",6540,1024.51061523263,17.576602935791,c(24.1328, -33.66459)
"330",330,"702_28_BK","Protea nitida","PROTEACEAE",-33.65554,24.13147,"Baviaanksloof",702,"DEB",28,400,400,400,125663.7061,"4","N","0.708452817","48.35259706","68.25097718","2.607215821","-23.74350067",6210,898.387149342251,15.182445526123,c(24.13147, -33.65554)
"331",331,"702_29_BK","Ischyrolepis capensis","RESTIONACEAE",-33.65554,24.13147,"Baviaanksloof",702,"DEB",29,40,30,25,589.0486225,"1","N","0.754029239","46.14253276","61.19462002","1.221324162","-24.41404002",6210,898.387149342251,15.182445526123,c(24.13147, -33.65554)
"332",332,"702_3_BK","Phylica axillaris","RHAMNACEAE",-33.66459,24.1328,"Baviaanksloof",702,"DEB",3,80,100,100,7853.981634,"4","L","0.864870301","54.00426975","62.44204444","1.057226507","-26.31412156",6540,1024.51061523263,17.576602935791,c(24.1328, -33.66459)
"333",333,"702_30_BK","Triraphis andropogonoides","POACEAE",-33.65554,24.13147,"Baviaanksloof",702,"DEB",30,30,17,16,213.6283004,"0","N","1.058486041","44.54225313","42.08109639","1.134459157","-13.77552619",6210,898.387149342251,15.182445526123,c(24.13147, -33.65554)
"334",334,"702_31_BK","Merxmuellera stricta","POACEAE",-33.65554,24.13147,"Baviaanksloof",702,"DEB",31,30,45,38,1343.030859,"0","N","0.852177428","44.78741588","52.55644474","1.521403267","-25.19407496",6210,898.387149342251,15.182445526123,c(24.13147, -33.65554)
"335",335,"702_32_BK","Ruschia virgata","AIZOACEAE",-33.65554,24.13147,"Baviaanksloof",702,"DEB",32,35,40,15,471.238898,"3","N","0.910668019","35.88987789","39.41049555","1.565822872","-23.45861834",6210,898.387149342251,15.182445526123,c(24.13147, -33.65554)
"336",336,"702_33_BK","Wahlenbergia neorigida","CAMPANULACEAE",-33.65554,24.13147,"Baviaanksloof",702,"DEB",33,100,45,35,1237.002107,"4","S","1.754949161","47.16678674","26.87644053","1.655649183","-26.47507645",6210,898.387149342251,15.182445526123,c(24.13147, -33.65554)
"337",337,"702_34_BK","Clutia polifolia","EUPHORBIACEAE",-33.65554,24.13147,"Baviaanksloof",702,"DEB",34,54,40,33,1036.725576,"4","N","0.913179069","48.93855599","53.59141229","-0.592969905","-30.56420372",6210,898.387149342251,15.182445526123,c(24.13147, -33.65554)
"338",338,"702_35_BK","Schoenoxiphium ecklonii","CYPERACEAE",-33.65554,24.13147,"Baviaanksloof",702,"DEB",35,45,40,30,942.4777961,"0","N","0.989295471","44.54294406","45.02491454","2.633867584","-26.13108588",6210,898.387149342251,15.182445526123,c(24.13147, -33.65554)
"339",339,"702_36_BK","Montinia caryophyllacea","MONTINIACEAE",-33.65554,24.13147,"Baviaanksloof",702,"DEB",36,145,120,65,6126.105675,"4","N","1.221545774","47.50718354","38.89103836","-0.753867584","-25.80841304",6210,898.387149342251,15.182445526123,c(24.13147, -33.65554)
"340",340,"702_37_BK","Indigofera denudata","FABACEAE",-33.65554,24.13147,"Baviaanksloof",702,"DEB",37,110,23,12,216.7698931,"3","L","2.121855616","47.1640827","22.22775308","-0.316581255","-26.77836954",6210,898.387149342251,15.182445526123,c(24.13147, -33.65554)
"341",341,"702_38_BK","Selago glomerata","SCROPHULARIACEAE",-33.65554,24.13147,"Baviaanksloof",702,"DEB",38,100,70,20,1099.557429,"3","S","1.630963464","47.94678998","29.39783203","0.687301806","-28.24832358",6210,898.387149342251,15.182445526123,c(24.13147, -33.65554)
"342",342,"702_39_BK","Senecio pinifolius","ASTERACEAE",-33.65554,24.13147,"Baviaanksloof",702,"DEB",39,36,40,25,785.3981634,"2","N","0.678651922","51.82334963","76.36219381","0.213492691","-28.56033756",6210,898.387149342251,15.182445526123,c(24.13147, -33.65554)
"343",343,"702_4_BK","Aspalathus collina","FABACEAE",-33.66459,24.1328,"Baviaanksloof",702,"DEB",4,130,100,80,6283.185307,"4","L","2.124442296","46.42075981","21.85079815","0.150604589","-26.62315097",6540,1024.51061523263,17.576602935791,c(24.1328, -33.66459)
"344",344,"702_40_BK","Pelargonium reniforme","GERANIACEAE",-33.65554,24.13147,"Baviaanksloof",702,"DEB",40,12,15,8,94.24777961,"1","B","2.350360254","46.51263438","19.78957664","1.761269132","-28.35975715",6210,898.387149342251,15.182445526123,c(24.13147, -33.65554)
"345",345,"702_41_BK","Gazania krebsiana","ASTERACEAE",-33.65554,24.13147,"Baviaanksloof",702,"DEB",41,8,22,18,311.0176727,"0","L","1.508803285","33.43708321","22.16132716","3.789764402","-27.8122792",6210,898.387149342251,15.182445526123,c(24.13147, -33.65554)
"346",346,"702_42_BK","Hermannia flammea","MALVACEAE",-33.65554,24.13147,"Baviaanksloof",702,"DEB",42,7,20,20,314.1592654,"3","S","1.855734179","43.31938955","23.34353165","3.429472055","-28.46731476",6210,898.387149342251,15.182445526123,c(24.13147, -33.65554)
"347",347,"702_43_BK","Sutera denudata","SCROPHULARIACEAE",-33.65554,24.13147,"Baviaanksloof",702,"DEB",43,52,50,40,1570.796327,"4","B","1.444473629","47.58783545","32.9447589","1.003174549","-28.78804962",6210,898.387149342251,15.182445526123,c(24.13147, -33.65554)
"348",348,"702_44_BK","NA","NA",-33.65554,24.13147,"Baviaanksloof",702,"DEB",44,145,150,150,17671.45868,"4","N","1.038570868","46.48457543","44.75821235","-0.698589854","-25.24930725",6210,898.387149342251,15.182445526123,c(24.13147, -33.65554)
"349",349,"702_45_BK","Dodonaea angustifolia","SAPINDACEAE",-33.65554,24.13147,"Baviaanksloof",702,"DEB",45,220,210,200,32986.72286,"4","N","1.83449861","49.77938155","27.1351427","0.388209802","-25.578763",6210,898.387149342251,15.182445526123,c(24.13147, -33.65554)
"350",350,"702_5_BK","Pelargonium reniforme","GERANIACEAE",-33.66459,24.1328,"Baviaanksloof",702,"DEB",5,10,18,10,141.3716694,"1","L","2.37055268","45.40883709","19.15537987","4.203565648","-27.96747766",6540,1024.51061523263,17.576602935791,c(24.1328, -33.66459)
"351",351,"702_6_BK","Themeda triandra","POACEAE",-33.66459,24.1328,"Baviaanksloof",702,"DEB",6,25,20,15,235.619449,"0","L","1.19139871","42.87653697","35.98840304","0.966466724","-12.658336",6540,1024.51061523263,17.576602935791,c(24.1328, -33.66459)
"352",352,"702_7_BK","Chrysocoma ciliata","ASTERACEAE",-33.66459,24.1328,"Baviaanksloof",702,"DEB",7,25,60,40,1884.955592,"4","N","3.019638886","46.65795336","15.45150103","5.112139389","-28.77855801",6540,1024.51061523263,17.576602935791,c(24.1328, -33.66459)
"353",353,"702_8_BK","Felicia muricata","ASTERACEAE",-33.66459,24.1328,"Baviaanksloof",702,"DEB",8,15,40,42,1319.468915,"3","S","1.980815625","45.28921857","22.86392433","1.720846425","-28.79708028",6540,1024.51061523263,17.576602935791,c(24.1328, -33.66459)
"354",354,"702_9_BK","Oedera squarrosa","ASTERACEAE",-33.66459,24.1328,"Baviaanksloof",702,"DEB",9,65,70,65,3573.561643,"2","N","1.278438569","46.96581788","36.73685933","3.044182614","-25.76430266",6540,1024.51061523263,17.576602935791,c(24.1328, -33.66459)
"355",355,"713_1_BK","Monsonia emarginata","GERANIACEAE",-33.66997,24.20945,"Baviaanksloof",713,"DEB",1,12,7,8,43.98229715,"1","B","1.778314341","47.03032387","26.44657516","-1.338232158","-28.90723509",6090,928.462745054573,20.8108463287354,c(24.20945, -33.66997)
"356",356,"713_2_BK","Cotyledon orbiculata","CRASSULACEAE",-33.66997,24.20945,"Baviaanksloof",713,"DEB",2,23,31,25,608.6835766,"0","N","0.856193236","36.03920942","43.57333834","1.353924907","-13.92927221",6090,928.462745054573,20.8108463287354,c(24.20945, -33.66997)
"357",357,"713_3_BK","Euryops spathaceus","ASTERACEAE",-33.66997,24.20945,"Baviaanksloof",713,"DEB",3,123,95,130,9699.667318,"4","N","2.090172681","46.04791338","22.03067421","1.43749957","-27.46441269",6090,928.462745054573,20.8108463287354,c(24.20945, -33.66997)
"358",358,"713_4_BK","Pelargonium sidoides","GERANIACEAE",-33.65076,24.21976,"Baviaanksloof",713,"DEB",4,14,25,30,589.0486225,"0","B","3.071446748","46.85588616","15.25531451","5.206256234","-29.30258199",6960,843.086860451853,18.9223461151123,c(24.21976, -33.65076)
"359",359,"714_1_BK","Smelophyllum capense","SAPINDACEAE",-33.57829,24.16078,"Baviaanksloof",714,"DEB",1,390,620,540,262951.3051,"4","N","0.978536735","49.47054413","50.55563309","4.850899398","-25.64174719",3930,505.464044068372,22.4573917388916,c(24.16078, -33.57829)
"360",360,"714_10_BK","Diospyros dichrophylla","EBENACEAE",-33.57829,24.16078,"Baviaanksloof",714,"DEB",10,185,280,320,70371.67544,"4","N","1.358492758","47.77564623","35.1681273","3.1935546","-28.73378632",3930,505.464044068372,22.4573917388916,c(24.16078, -33.57829)
"361",361,"714_11_BK","Pelargonium odoratissimum","GERANIACEAE",-33.57827,24.16154,"Baviaanksloof",714,"DEB",11,31,62,38,1850.398073,"1","B","2.09577835","43.16360123","20.59549915","5.069049011","-30.53028916",3510,493.821877986183,22.4573917388916,c(24.16154, -33.57827)
"362",362,"714_2_BK","Crassula lactea","CRASSULACEAE",-33.57829,24.16078,"Baviaanksloof",714,"DEB",2,15,21,42,692.7211801,"1","N","0.831610811","41.59739746","50.02027019","7.474617369","-17.0167894",3930,505.464044068372,22.4573917388916,c(24.16078, -33.57829)
"363",363,"714_3_BK","Cymbopogon marginatus","POACEAE",-33.57829,24.16078,"Baviaanksloof",714,"DEB",3,78,100,85,6675.884389,"0","N","1.465328086","45.21733395","30.85816369","8.396570937","-13.56331792",3930,505.464044068372,22.4573917388916,c(24.16078, -33.57829)
"364",364,"714_4_BK","Cineraria saxifraga","ASTERACEAE",-33.57829,24.16078,"Baviaanksloof",714,"DEB",4,35,71,62,3457.322715,"4","N","3.729836119","40.47625282","10.85201911","13.75949785","-30.03998148",3930,505.464044068372,22.4573917388916,c(24.16078, -33.57829)
"365",365,"714_5_BK","Senecio ficoides","ASTERACEAE",-33.57829,24.16078,"Baviaanksloof",714,"DEB",5,78,92,100,7225.663103,"3","N","0.941852607","44.18498243","46.91284188","7.848729149","-23.56811393",3930,505.464044068372,22.4573917388916,c(24.16078, -33.57829)
"366",366,"714_6_BK","Diospyros scabrida","EBENACEAE",-33.57829,24.16078,"Baviaanksloof",714,"DEB",6,136,148,95,11042.69818,"4","L","0.964366453","47.5717838","49.32957138","0.813650903","-28.64367049",3930,505.464044068372,22.4573917388916,c(24.16078, -33.57829)
"367",367,"714_7_BK","Grewia occidentalis","MALVACEAE",-33.57829,24.16078,"Baviaanksloof",714,"DEB",7,415,450,340,120165.919,"4","N","1.955500133","44.13484199","22.56959293","7.485475494","-29.37234909",3930,505.464044068372,22.4573917388916,c(24.16078, -33.57829)
"368",368,"714_8_BK","Crassula pellucida","CRASSULACEAE",-33.57829,24.16078,"Baviaanksloof",714,"DEB",8,13,35,43,1182.024236,"2","N","1.448232671","37.64691147","25.99507125","2.905320722","-25.83263773",3930,505.464044068372,22.4573917388916,c(24.16078, -33.57829)
"369",369,"714_9_BK","Aloe comptonii","ASPHODELACEAE",-33.57829,24.16078,"Baviaanksloof",714,"DEB",9,60,93,65,4747.731898,"1","N","0.633166608","42.24010352","66.71246243","6.895188306","-15.09819413",3930,505.464044068372,22.4573917388916,c(24.16078, -33.57829)
"370",370,"715_1_BK","NA","NA",-33.6431,24.13628,"Baviaanksloof",715,"DEB",1,15,62,27,1314.756526,"1","B","1.806727602","44.52155895","24.64209818","1.439473775","-28.26092042",5940,900.327510355949,17.1472415924072,c(24.13628, -33.6431)
"371",371,"715_10_BK","Erica thamnoides","ERICACEAE",-33.69301,24.12387,"Baviaanksloof",715,"DEB",10,130,40,35,1099.557429,"4","B","1.124947032","54.431498","48.38583193","-1.279006019","-26.75317586",7110,1049.73530841071,19.5553531646729,c(24.12387, -33.69301)
"372",372,"715_11_BK","Senecio hollandii","ASTERACEAE",-33.69301,24.12387,"Baviaanksloof",715,"DEB",11,120,96,114,8595.3975,"4","B","1.038822221","48.67257706","46.85361564","-0.892061909","-31.25896776",7110,1049.73530841071,19.5553531646729,c(24.12387, -33.69301)
"373",373,"715_12_BK","Erica chamissonis","ERICACEAE",-33.69301,24.12387,"Baviaanksloof",715,"DEB",12,70,48,55,2073.451151,"4","B","0.617250238","52.21592071","84.59441161","-2.78038865","-28.33553246",7110,1049.73530841071,19.5553531646729,c(24.12387, -33.69301)
"374",374,"715_13_BK","Amphithalea williamsonii","FABACEAE",-33.69301,24.12387,"Baviaanksloof",715,"DEB",13,120,75,60,3534.291735,"4","B","1.595246026","49.05468441","30.75054482","-1.034204643","-27.68340387",7110,1049.73530841071,19.5553531646729,c(24.12387, -33.69301)
"375",375,"715_14_BK","Pelargonium zonale","GERANIACEAE",-33.69295,24.13646,"Baviaanksloof",715,"DEB",14,115,165,130,16846.7906,"4","B","1.713160863","44.65143472","26.06377235","2.252846088","-27.07294174",6540,1016.74917117784,21.7132034301758,c(24.13646, -33.69295)
"376",376,"715_15_BK","Relhania decussata","ASTERACEAE",-33.69298,24.14518,"Baviaanksloof",715,"DEB",15,40,20,25,392.6990817,"3","N","0.800368912","51.93134359","64.88425873","-4.616398968","-27.96925518",4380,1082.72144564358,23.1431770324707,c(24.14518, -33.69298)
"377",377,"715_16_BK","Tetraria involucrata","CYPERACEAE",-33.69298,24.14518,"Baviaanksloof",715,"DEB",16,80,70,50,2748.893572,"0","N","0.777762147","45.36489711","58.32746848","3.356426483","-25.1989199",4380,1082.72144564358,23.1431770324707,c(24.14518, -33.69298)
"378",378,"715_17_BK","Centella virgata","APIACEAE",-33.69298,24.14518,"Baviaanksloof",715,"DEB",17,15,38,34,1014.734427,"1","B","0.626540271","45.59186025","72.76764539","-1.471490972","-26.47507645",4380,1082.72144564358,23.1431770324707,c(24.14518, -33.69298)
"379",379,"715_18_BK","Phylica debilis","RHAMNACEAE",-33.69298,24.14518,"Baviaanksloof",715,"DEB",18,33,45,35,1237.002107,"4","B","0.675513921","54.33107287","80.42924231","-4.354816853","-30.2018024",4380,1082.72144564358,23.1431770324707,c(24.14518, -33.69298)
"380",380,"715_19_BK","Leucadendron salignum","PROTEACEAE",-33.69298,24.14518,"Baviaanksloof",715,"DEB",19,110,74,70,4068.362486,"4","N","0.498903688","51.15619967","102.5372248","0.939012898","-29.41595353",4380,1082.72144564358,23.1431770324707,c(24.14518, -33.69298)
"381",381,"715_2_BK","Protea neriifolia","PROTEACEAE",-33.69301,24.12387,"Baviaanksloof",715,"DEB",2,300,310,250,60868.35766,"4","N","0.757278102","52.95476262","69.92776166","4.477774721","-27.97313113",7110,1049.73530841071,19.5553531646729,c(24.12387, -33.69301)
"382",382,"715_20_BK","Hypodiscus striatus","RESTIONACEAE",-33.69298,24.14518,"Baviaanksloof",715,"DEB",20,60,90,80,5654.866776,"0","N","0.415342058","46.43255861","111.793539","-0.547563199","-27.85491466",4380,1082.72144564358,23.1431770324707,c(24.14518, -33.69298)
"383",383,"715_21_BK","Agathosma ovata","RUTACEAE",-33.69298,24.14518,"Baviaanksloof",715,"DEB",21,47,50,40,1570.796327,"3","B","0.994770427","48.35047214","48.60465373","-0.281045572","-26.79581131",4380,1082.72144564358,23.1431770324707,c(24.14518, -33.69298)
"384",384,"715_22_BK","Tetraria capillacea","CYPERACEAE",-33.69298,24.14518,"Baviaanksloof",715,"DEB",22,30,20,18,282.7433388,"0","N","0.639555033","44.72342239","69.9289664","3.221193465","-27.46538168",4380,1082.72144564358,23.1431770324707,c(24.14518, -33.69298)
"385",385,"715_23_BK","Erica newdigateae","ERICACEAE",-33.69298,24.14518,"Baviaanksloof",715,"DEB",23,60,65,61,3114.103718,"4","B","0.853340823","53.07585165","62.19771776","-3.522689596","-27.14949175",4380,1082.72144564358,23.1431770324707,c(24.14518, -33.69298)
"386",386,"715_24_BK","Protea eximia","PROTEACEAE",-33.69298,24.14518,"Baviaanksloof",715,"DEB",24,250,115,160,14451.32621,"4","N","0.682855039","52.03249709","76.1984523","1.169994841","-28.06518494",4380,1082.72144564358,23.1431770324707,c(24.14518, -33.69298)
"387",387,"715_3_BK","Berzelia lanuginosa","BRUNIACEAE",-33.69301,24.12387,"Baviaanksloof",715,"DEB",3,230,140,150,16493.36143,"4","N","1.013637906","53.2302638","52.5140817","0.119717971","-28.24638561",7110,1049.73530841071,19.5553531646729,c(24.12387, -33.69301)
"388",388,"715_4_BK","Cliffortia ilicifolia","ROSACEAE",-33.69301,24.12387,"Baviaanksloof",715,"DEB",4,185,330,230,59611.7206,"4","N","1.384059943","46.77216665","33.79345446","0.170060189","-29.32389971",7110,1049.73530841071,19.5553531646729,c(24.12387, -33.69301)
"389",389,"715_5_BK","Agathosma venusta","RUTACEAE",-33.69301,24.12387,"Baviaanksloof",715,"DEB",5,140,120,115,10838.49465,"4","N","1.572452425","49.8059476","31.6740569","-1.605736887","-27.29483988",7110,1049.73530841071,19.5553531646729,c(24.12387, -33.69301)
"390",390,"715_6_BK","Selago corymbosa","SCROPHULARIACEAE",-33.69301,24.12387,"Baviaanksloof",715,"DEB",6,40,47,60,2214.822821,"3","B","2.190077016","49.82125789","22.74863282","4.001004299","-30.26284861",7110,1049.73530841071,19.5553531646729,c(24.12387, -33.69301)
"391",391,"715_7_BK","Erica hispidula","ERICACEAE",-33.69301,24.12387,"Baviaanksloof",715,"DEB",7,130,60,45,2120.575041,"4","B","1.132071043","54.79492728","48.40237511","-1.38561307","-27.90627099",7110,1049.73530841071,19.5553531646729,c(24.12387, -33.69301)
"392",392,"715_8_BK","Phylica paniculata","RHAMNACEAE",-33.69301,24.12387,"Baviaanksloof",715,"DEB",8,220,270,190,40290.92578,"4","B","1.114559688","52.55703167","47.1549727","-3.298617369","-29.14366804",7110,1049.73530841071,19.5553531646729,c(24.12387, -33.69301)
"393",393,"715_9_BK","Coleonema aspalathoides","RUTACEAE",-33.69301,24.12387,"Baviaanksloof",715,"DEB",9,135,47,35,1291.979979,"4","B","1.08822836","46.82519219","43.02882914","-1.756763543","-28.17468053",7110,1049.73530841071,19.5553531646729,c(24.12387, -33.69301)
"394",394,"716_1_BK","Agathosma puberula","RUTACEAE",-33.64982,24.34838,"Baviaanksloof",716,"DEB",1,200,270,195,41351.2133,"4","B","1.254405107","50.78165379","40.48265869","7.408481513","-25.38012056",5790,395.833646794426,25.0549278259277,c(24.34838, -33.64982)
"395",395,"716_2_BK","Passerina obtusifolia","THYMELAEACEAE",-33.64982,24.34838,"Baviaanksloof",716,"DEB",2,310,290,230,52386.0575,"4","B","1.121029481","53.84701297","48.03353871","6.146964746","-26.67371888",5790,395.833646794426,25.0549278259277,c(24.34838, -33.64982)
"396",396,"716_3_BK","Pterocelastrus tricuspidatus","CELASTRACEAE",-33.64982,24.34838,"Baviaanksloof",716,"DEB",3,350,210,200,32986.72286,"4","N","1.065086788","46.79797322","43.93817833","4.711717971","-27.08456959",5790,395.833646794426,25.0549278259277,c(24.34838, -33.64982)
"397",397,"716_4_BK","Smelophyllum capense","SAPINDACEAE",-33.64982,24.34838,"Baviaanksloof",716,"DEB",4,340,490,370,142392.687,"4","N","1.18775053","50.22205177","42.28333351","8.976","-26.12333398",5790,395.833646794426,25.0549278259277,c(24.34838, -33.64982)
"398",398,"716_5_BK","Loxostylis alata","ANACARDIACEAE",-33.64982,24.34838,"Baviaanksloof",716,"DEB",5,300,450,345,121933.0649,"4","N","1.090137348","50.22304483","46.07038271","6.914930353","-25.0128743",5790,395.833646794426,25.0549278259277,c(24.34838, -33.64982)
"399",399,"716_6_BK","Crassula rogersii","CRASSULACEAE",-33.64982,24.34838,"Baviaanksloof",716,"DEB",6,40,60,45,2120.575041,"3","L","1.501155379","44.79098652","29.83767513","6.448030954","-17.9315136",5790,395.833646794426,25.0549278259277,c(24.34838, -33.64982)
"400",400,"716_7_BK","Boscia oleoides","CAPPARACEAE",-33.6403,24.32462,"Baviaanksloof",716,"DEB",7,460,420,400,131946.8915,"4","N","1.874518784","45.43942529","24.24058147","17.38413758","-27.17953036",6150,252.246931780762,22.3919410705566,c(24.32462, -33.6403)
"401",401,"717_1_BK","Acacia karroo","FABACEAE",-33.70229,24.19984,"Baviaanksloof",717,"DEB",1,85,140,140,15393.804,"3","N","2.474452084","45.81376628","18.51471143","1.260808255","-30.4421113",6270,1034.21242030112,20.3390274047852,c(24.19984, -33.70229)
"402",402,"717_10_BK","Penaea cneorum","PENAEACEAE",-33.70229,24.19984,"Baviaanksloof",717,"DEB",10,25,55,40,1727.875959,"2","N","0.777584017","46.2691337","59.50370978","-2.536574377","-27.91886783",6270,1034.21242030112,20.3390274047852,c(24.19984, -33.70229)
"403",403,"717_11_BK","Cannomois scirpoides","RESTIONACEAE",-33.70229,24.19984,"Baviaanksloof",717,"DEB",11,80,65,40,2042.035225,"0","N","0.337258812","46.94456245","139.1944724","0.769231298","-27.05937591",6270,1034.21242030112,20.3390274047852,c(24.19984, -33.70229)
"404",404,"717_12_BK","Thesium carinatum","SANTALACEAE",-33.70229,24.19984,"Baviaanksloof",717,"DEB",12,80,40,40,1256.637061,"4","N","0.871708855","43.56108861","49.97206158","-0.314607051","-28.4644078",6270,1034.21242030112,20.3390274047852,c(24.19984, -33.70229)
"405",405,"717_13_BK","Muraltia squarrosa","POLYGALACEAE",-33.70229,24.19984,"Baviaanksloof",717,"DEB",13,40,50,50,1963.495408,"3","B","0.644236644","50.86522439","78.95425515","-1.103301806","-28.9372737",6270,1034.21242030112,20.3390274047852,c(24.19984, -33.70229)
"406",406,"717_14_BK","Euclea polyandra","EBENACEAE",-33.70229,24.19984,"Baviaanksloof",717,"DEB",14,65,45,30,1060.287521,"3","B","0.885884466","50.89572663","57.45187839","-2.683652623","-27.82584503",6270,1034.21242030112,20.3390274047852,c(24.19984, -33.70229)
"407",407,"717_15_BK","Agathosma ovata","RUTACEAE",-33.70229,24.19984,"Baviaanksloof",717,"DEB",15,85,180,120,16964.60033,"4","B","1.142501883","48.71316748","42.63727545","-0.074741187","-25.81616494",6270,1034.21242030112,20.3390274047852,c(24.19984, -33.70229)
"408",408,"717_16_BK","Athanasia linifolia","ASTERACEAE",-33.70229,24.19984,"Baviaanksloof",717,"DEB",16,125,25,20,392.6990817,"2","S","1.274663191","47.04697828","36.90934092","-0.653183147","-27.70569058",6270,1034.21242030112,20.3390274047852,c(24.19984, -33.70229)
"409",409,"717_17_BK","Leucadendron rubrum","PROTEACEAE",-33.69542,24.20174,"Baviaanksloof",717,"DEB",17,55,40,30,942.4777961,"3","B","0.639365863","51.14996162","80.00108319","1.827404987","-29.86750171",6600,990.554297492914,22.6962032318115,c(24.20174, -33.69542)
"410",410,"717_18_BK","Protea repens","PROTEACEAE",-33.69542,24.20174,"Baviaanksloof",717,"DEB",18,85,80,50,3141.592654,"3","N","0.746406854","51.84623676","69.46109411","3.837145314","-26.73864105",6600,990.554297492914,22.6962032318115,c(24.20174, -33.69542)
"411",411,"717_19_BK","Protea tenax","PROTEACEAE",-33.69542,24.20174,"Baviaanksloof",717,"DEB",19,15,80,60,3769.911184,"1","N","0.4612303","48.44898029","105.042926","1.65861049","-26.06810169",6600,990.554297492914,22.6962032318115,c(24.20174, -33.69542)
"412",412,"717_2_BK","Schotia latifolia","FABACEAE",-33.70229,24.19984,"Baviaanksloof",717,"DEB",2,70,90,60,4241.150082,"4","N","1.447258228","49.43571332","34.15818433","3.055360275","-28.31809068",6270,1034.21242030112,20.3390274047852,c(24.19984, -33.70229)
"413",413,"717_20_BK","Hypodiscus aristatus","RESTIONACEAE",-33.69542,24.20174,"Baviaanksloof",717,"DEB",20,75,60,50,2356.19449,"0","N","0.355202058","46.26054853","130.2372761","-0.326452279","-25.8500795",6600,990.554297492914,22.6962032318115,c(24.20174, -33.69542)
"414",414,"717_21_BK","Willdenowia teres","RESTIONACEAE",-33.69542,24.20174,"Baviaanksloof",717,"DEB",21,50,50,50,1963.495408,"3","N","0.555698531","47.3542644","85.2157451","0.164137575","-24.30648241",6600,990.554297492914,22.6962032318115,c(24.20174, -33.69542)
"415",415,"717_22_BK","Leucadendron salignum","PROTEACEAE",-33.69542,24.20174,"Baviaanksloof",717,"DEB",22,80,120,90,8482.300165,"4","N","0.611064363","50.90112656","83.29912464","2.299239897","-28.27739321",6600,990.554297492914,22.6962032318115,c(24.20174, -33.69542)
"416",416,"717_23_BK","Mastersiella purpurea","RESTIONACEAE",-33.69542,24.20174,"Baviaanksloof",717,"DEB",23,50,35,45,1237.002107,"2","N","0.433554908","46.03330446","106.1764117","-0.081650903","-27.44600193",6600,990.554297492914,22.6962032318115,c(24.20174, -33.69542)
"417",417,"717_24_BK","Syncarpha milleflora","ASTERACEAE",-33.69542,24.20174,"Baviaanksloof",717,"DEB",24,15,10,8,62.83185307,"0","B","0.791469333","38.92900263","49.18573723","0.175735825","-29.55821635",6600,990.554297492914,22.6962032318115,c(24.20174, -33.69542)
"418",418,"717_25_BK","Erica strigilifolia","ERICACEAE",-33.69542,24.20174,"Baviaanksloof",717,"DEB",25,65,75,65,3828.816047,"4","B","0.671404242","58.62370026","87.31505788","-0.814750229","-25.19218729",6600,990.554297492914,22.6962032318115,c(24.20174, -33.69542)
"419",419,"717_26_BK","Brunia nodiflora","BRUNIACEAE",-33.69542,24.20174,"Baviaanksloof",717,"DEB",26,85,110,105,9071.348787,"4","N","0.684612458","55.36138824","80.86529486","-2.427376078","-25.98820898",6600,990.554297492914,22.6962032318115,c(24.20174, -33.69542)
"420",420,"717_27_BK","Ruschia virgata","AIZOACEAE",-33.69542,24.20174,"Baviaanksloof",717,"DEB",27,40,60,35,1649.336143,"3","N","0.813024739","34.14482683","41.99727906","1.803174527","-24.32749301",6600,990.554297492914,22.6962032318115,c(24.20174, -33.69542)
"421",421,"717_28_BK","Tetraria compar","CYPERACEAE",-33.69542,24.20174,"Baviaanksloof",717,"DEB",28,55,40,35,1099.557429,"0","N","0.311281523","44.25475185","142.1695427","1.666896286","-25.35951627",6600,990.554297492914,22.6962032318115,c(24.20174, -33.69542)
"422",422,"717_29_BK","Tetraria cuspidata","CYPERACEAE",-33.69542,24.20174,"Baviaanksloof",717,"DEB",29,50,45,40,1413.716694,"0","N","0.610078788","44.05193531","72.20696103","1.937477721","-25.90115922",6600,990.554297492914,22.6962032318115,c(24.20174, -33.69542)
"423",423,"717_3_BK","Protea neriifolia","PROTEACEAE",-33.70229,24.19984,"Baviaanksloof",717,"DEB",3,85,30,35,824.6680716,"1","S","0.980654175","50.7370419","51.73795535","6.213100602","-27.88592226",6270,1034.21242030112,20.3390274047852,c(24.19984, -33.70229)
"424",424,"717_30_BK","Rhus rosmarinifolia","ANACARDIACEAE",-33.69542,24.20174,"Baviaanksloof",717,"DEB",30,18,30,20,471.238898,"3","N","1.236868544","49.01837141","39.63102762","-0.833513175","-26.89159204",6600,990.554297492914,22.6962032318115,c(24.20174, -33.69542)
"425",425,"717_31_BK","Indigofera flabellata","FABACEAE",-33.69482,24.20221,"Baviaanksloof",717,"DEB",31,45,30,20,471.238898,"2","B","1.52196052","45.66311465","30.00282467","-0.12348379","-28.68481709",6390,985.703394958669,22.6962032318115,c(24.20221, -33.69482)
"426",426,"717_32_BK","Protea repens","PROTEACEAE",-33.69482,24.20221,"Baviaanksloof",717,"DEB",32,170,180,170,24033.1838,"4","N","0.699363776","52.60727221","75.22161429","3.741683125","-23.91062138",6390,985.703394958669,22.6962032318115,c(24.20221, -33.69482)
"427",427,"717_33_BK","Paranomus esterhuyseniae","PROTEACEAE",-33.69481,24.20134,"Baviaanksloof",717,"DEB",33,35,25,15,294.5243113,"1","S","0.65290124","49.85386462","76.35743595","2.936851486","-29.50211761",6840,986.673575465518,22.6962032318115,c(24.20134, -33.69481)
"428",428,"717_34_BK","Centella virgata","APIACEAE",-33.69481,24.20134,"Baviaanksloof",717,"DEB",34,30,25,15,294.5243113,"2","N","0.486674717","45.17601665","92.82589599","-2.961626283","-27.71663032",6840,986.673575465518,22.6962032318115,c(24.20134, -33.69481)
"429",429,"717_35_BK","Leucospermum wittebergense","PROTEACEAE",-33.6897,24.2014,"Baviaanksloof",717,"DEB",35,145,220,160,27646.01535,"4","B","0.635144227","49.36128209","77.71665078","2.581343032","-28.53296362",5130,939.134730629913,20.8985023498535,c(24.2014, -33.6897)
"430",430,"717_36_BK","Erica thamnoides","ERICACEAE",-33.6897,24.2014,"Baviaanksloof",717,"DEB",36,50,80,60,3769.911184,"4","B","0.856676977","54.06832605","63.1140179","-1.693646129","-25.62840331",5130,939.134730629913,20.8985023498535,c(24.2014, -33.6897)
"431",431,"717_37_BK","Tetraria ustulata","CYPERACEAE",-33.68825,24.20169,"Baviaanksloof",717,"DEB",37,35,80,50,3141.592654,"0","N","0.810901221","46.22851117","57.00880697","1.421002938","-24.57026512",5730,945.925994177856,20.0328159332275,c(24.20169, -33.68825)
"432",432,"717_38_BK","Pelargonium reniforme","GERANIACEAE",-33.68059,24.20755,"Baviaanksloof",717,"DEB",38,10,10,8,62.83185307,"2","L","2.3154798","46.64567482","20.14514435","0.204374006","-27.29782425",6630,990.554297492914,18.7392959594727,c(24.20755, -33.68059)
"433",433,"717_39_BK","Themeda triandra","POACEAE",-33.68059,24.20755,"Baviaanksloof",717,"DEB",39,20,25,20,392.6990817,"0","B","0.951355535","44.38270048","46.65206525","0.054270437","-13.5874871",6630,990.554297492914,18.7392959594727,c(24.20755, -33.68059)
"434",434,"717_4_BK","Protea lorifolia","PROTEACEAE",-33.70229,24.19984,"Baviaanksloof",717,"DEB",4,50,25,20,392.6990817,"1","B","0.667244354","51.0797985","76.55336193","5.513245056","-30.83552022",6270,1034.21242030112,20.3390274047852,c(24.19984, -33.70229)
"435",435,"717_5_BK","Helichrysum odoratissimum","ASTERACEAE",-33.70229,24.19984,"Baviaanksloof",717,"DEB",5,25,30,25,589.0486225,"4","B","1.551488742","43.88042807","28.28278857","0.474087704","-30.35199546",6270,1034.21242030112,20.3390274047852,c(24.19984, -33.70229)
"436",436,"717_6_BK","Anthospermum aethiopicum","RUBIACEAE",-33.70229,24.19984,"Baviaanksloof",717,"DEB",6,115,40,25,785.3981634,"3","S","2.622381153","48.54686815","18.51251413","1.45428031","-28.48572552",6270,1034.21242030112,20.3390274047852,c(24.19984, -33.70229)
"437",437,"717_7_BK","Cliffortia stricta","ROSACEAE",-33.70229,24.19984,"Baviaanksloof",717,"DEB",7,30,35,40,1099.557429,"2","B","0.796798113","53.69205164","67.38476258","0.934077386","-26.60395178",6270,1034.21242030112,20.3390274047852,c(24.19984, -33.70229)
"438",438,"717_8_BK","Peucedanum tenuifolium","APIACEAE",-33.70229,24.19984,"Baviaanksloof",717,"DEB",8,20,24,20,376.9911184,"1","N","0.932039725","43.88772219","47.08782363","1.458228719","-26.53224671",6270,1034.21242030112,20.3390274047852,c(24.19984, -33.70229)
"439",439,"717_9_BK","Selago glomerata","SCROPHULARIACEAE",-33.70229,24.19984,"Baviaanksloof",717,"DEB",9,80,40,40,1256.637061,"3","B","1.134556645","48.29183095","42.56449528","3.640711952","-28.79483254",6270,1034.21242030112,20.3390274047852,c(24.19984, -33.70229)
"440",440,"729_1_CB","Cannomois taylorii","RESTIONACEAE",-32.13677,18.97217,"Cederberg",729,"DEB",1,180,120,90,8482.300165,"0","N","0.348990785","45.49024284","130.3479769","2.175348355","-25.46812132",6930,692.708881890245,18.1432266235352,c(18.97217, -32.13677)
"441",441,"729_10_CB","Ficinia indica","CYPERACEAE",-32.13677,18.97217,"Cederberg",729,"DEB",10,25,30,25,589.0486225,"0","N","1.123605217","46.49767843","41.39718428","3.183270086","-25.61111111",6930,692.708881890245,18.1432266235352,c(18.97217, -32.13677)
"442",442,"729_11_CB","Protea glabra","PROTEACEAE",-32.13929,18.9704,"Cederberg",729,"DEB",11,400,450,390,137837.3777,"4","N","0.461029945","49.03114558","106.3513251","4.077417729","-25.20971835",6750,718.903755575171,15.4801902770996,c(18.9704, -32.13929)
"443",443,"729_12_CB","Wiborgia tetraptera","FABACEAE",-32.13929,18.9704,"Cederberg",729,"DEB",12,300,210,200,32986.72286,"4","L","2.68329012","47.69816568","17.77600018","-1.515016306","-28.73850201",6750,718.903755575171,15.4801902770996,c(18.9704, -32.13929)
"444",444,"729_2_CB","Merxmuellera arundinacea","POACEAE",-32.13677,18.97217,"Cederberg",729,"DEB",2,90,170,160,21362.83004,"0","N","0.865513795","45.53193468","52.60682726","1.393516158","-23.97183535",6930,692.708881890245,18.1432266235352,c(18.97217, -32.13677)
"445",445,"729_3_CB","Tritoniopsis antholyza","IRIDACEAE",-32.13677,18.97217,"Cederberg",729,"DEB",3,50,30,20,471.238898,"0","N","1.321535519","47.23183658","35.7401189","0.541669137","-28.06747137",6930,692.708881890245,18.1432266235352,c(18.97217, -32.13677)
"446",446,"729_4_CB","Clutia polifolia","EUPHORBIACEAE",-32.13677,18.97217,"Cederberg",729,"DEB",4,105,70,65,3573.561643,"4","N","1.465594186","47.62089877","32.49255436","2.190907204","-28.31361807",6930,692.708881890245,18.1432266235352,c(18.97217, -32.13677)
"447",447,"729_5_CB","Rhus rimosa","ANACARDIACEAE",-32.13677,18.97217,"Cederberg",729,"DEB",5,150,320,200,50265.48246,"4","N","0.741542079","46.79840638","63.10957628","2.411648384","-24.3548437",6930,692.708881890245,18.1432266235352,c(18.97217, -32.13677)
"448",448,"729_6_CB","Ficinia acuminata","CYPERACEAE",-32.13677,18.97217,"Cederberg",729,"DEB",6,35,50,40,1570.796327,"0","N","0.939395898","46.74640765","49.76220114","2.714073525","-26.31993191",6930,692.708881890245,18.1432266235352,c(18.97217, -32.13677)
"449",449,"729_7_CB","Salvia albicaulis","LAMIACEAE",-32.13677,18.97217,"Cederberg",729,"DEB",7,160,180,150,21205.75041,"4","B","2.180254864","46.470824","21.31439988","1.563691076","-28.47090684",6930,692.708881890245,18.1432266235352,c(18.97217, -32.13677)
"450",450,"729_8_CB","Ruschia aspera","AIZOACEAE",-32.13677,18.97217,"Cederberg",729,"DEB",8,40,55,40,1727.875959,"4","N","0.964826442","38.87357135","40.29074001","6.149662022","-26.45475085",6930,692.708881890245,18.1432266235352,c(18.97217, -32.13677)
"451",451,"729_9_CB","Leucadendron pubescens","PROTEACEAE",-32.13677,18.97217,"Cederberg",729,"DEB",9,280,500,450,176714.5868,"4","B","0.429097389","51.5567465","120.15162","3.223625852","-27.85809347",6930,692.708881890245,18.1432266235352,c(18.97217, -32.13677)
"452",452,"625_1_HK","Cassine schinoides","CELASTRACEAE",-34.32808,18.9902,"Hangklip",625,"EFG",1,500,360,250,70685.83471,"4","N","0.904523496","45.31856391","50.10214121","-0.315135832","-29.89915809",5940,35.8966787534161,18.3162117004395,c(18.9902, -34.32808)
"453",453,"625_10_HK","Erica ericoides","ERICACEAE",-34.32943,18.9898,"Hangklip",625,"EFG",10,90,85,80,5340.707511,"4","B","0.509676385","51.23825611","100.5309597","-4.91040843","-28.07799887",5970,13.5825270958872,18.3162117004395,c(18.9898, -34.32943)
"454",454,"625_11_HK","Adenandra villosa","RUTACEAE",-34.33132,18.9855,"Hangklip",625,"EFG",11,80,40,40,1256.637061,"4","S","NA","NA","NA","NA","NA",5970,41.7177617945106,17.0346183776855,c(18.9855, -34.33132)
"455",455,"625_12_HK","Restio debilis","RESTIONACEAE",-34.33133,18.9855,"Hangklip",625,"EFG",12,45,70,60,3298.672286,"1","N","0.612265498","46.23311656","75.51154964","4.273318854","-28.63835555",5970,43.6581228082087,17.0346183776855,c(18.9855, -34.33133)
"456",456,"625_13_HK","Struthiola tomentosa","THYMELAEACEAE",-34.33135,18.9855,"Hangklip",625,"EFG",13,55,65,20,1021.017612,"2","B","0.654405308","48.17402712","73.61496999","-4.844177286","-27.46768031",5970,43.6581228082087,17.0346183776855,c(18.9855, -34.33135)
"457",457,"625_14_HK","Phylica humilis","RHAMNACEAE",-34.33137,18.9855,"Hangklip",625,"EFG",14,50,35,25,687.223393,"4","B","0.489140633","53.36851473","109.1066886","-6.086985221","-29.37798719",5970,43.6581228082087,17.0346183776855,c(18.9855, -34.33137)
"458",458,"625_15_HK","Pseudopentameris macrantha","POACEAE",-34.33138,18.9855,"Hangklip",625,"EFG",15,100,55,50,2159.844949,"1","N","0.729850835","45.33681685","62.11792144","-2.028379685","-26.89850682",5970,43.6581228082087,17.0346183776855,c(18.9855, -34.33138)
"459",459,"625_16_HK","Anaxeton nycthemerum","ASTERACEAE",-34.3314,18.9855,"Hangklip",625,"EFG",16,20,5,4,15.70796327,"1","B","0.576219541","40.94867286","71.06435993","-3.919863235","-29.45146053",5970,43.6581228082087,17.0346183776855,c(18.9855, -34.3314)
"460",460,"625_17_HK","Edmondia sesamoides","ASTERACEAE",-34.33142,18.9855,"Hangklip",625,"EFG",17,30,10,10,78.53981634,"1","B","0.708760173","43.47721275","61.34262958","-1.807284543","-28.98808866",5970,43.6581228082087,17.0346183776855,c(18.9855, -34.33142)
"461",461,"625_2_HK","Rhus tomentosa","ANACARDIACEAE",-34.3281,18.9902,"Hangklip",625,"EFG",2,230,430,200,67544.24205,"4","N","1.221790191","47.95714919","39.25154216","-1.443013252","-28.80195619",5940,36.8668592602652,18.3162117004395,c(18.9902, -34.3281)
"462",462,"625_3_HK","Rapanea melanophloeos","MYRSINACEAE",-34.32812,18.9902,"Hangklip",625,"EFG",3,600,400,350,109955.7429,"4","N","1.104712611","46.55788286","42.14479169","-1.111857533","-32.13862554",5940,36.8668592602652,18.3162117004395,c(18.9902, -34.32812)
"463",463,"625_4_HK","Maytenus acuminata","CELASTRACEAE",-34.32813,18.9902,"Hangklip",625,"EFG",4,400,600,400,188495.5592,"4","N","1.199753197","44.98417636","37.49452509","-0.000537899","-31.81534284",5940,36.8668592602652,18.3162117004395,c(18.9902, -34.32813)
"464",464,"625_5_HK","Podocarpus latifolius","PODOCARPACEAE",-34.32815,18.9902,"Hangklip",625,"EFG",5,500,400,360,113097.3355,"4","N","1.250812568","45.50036048","36.37664159","1.329928902","-30.32824241",5940,36.8668592602652,18.3162117004395,c(18.9902, -34.32815)
"465",465,"625_6_HK","Phylica buxifolia","RHAMNACEAE",-34.32817,18.9902,"Hangklip",625,"EFG",6,350,220,210,36285.39515,"4","B","0.796306616","53.04343714","66.61182524","-1.865723788","-29.04098946",5940,36.8668592602652,18.3162117004395,c(18.9902, -34.32817)
"466",466,"625_7_HK","Crassula capensis","CRASSULACEAE",-34.32878,18.99053,"Hangklip",625,"EFG",7,1,4,3,9.424777961,"0","N","1.823876542","41.32309689","22.65674016","-1.242371846","-32.87335896",6060,32.9861372328688,18.3162117004395,c(18.99053, -34.32878)
"467",467,"625_8_HK","Roella ciliata","CAMPANULACEAE",-34.3288,18.99053,"Hangklip",625,"EFG",8,27,26,22,449.2477495,"3","B","1.02666104","41.36513439","40.29093614","-0.156375884","-27.70475429",6060,32.9861372328688,18.3162117004395,c(18.99053, -34.3288)
"468",468,"625_9_HK","Alciope tabularis","ASTERACEAE",-34.32882,18.99053,"Hangklip",625,"EFG",9,70,80,75,4712.38898,"1","B","1.131856279","42.43363786","37.49030565","-0.237216839","-28.27588707",6060,32.9861372328688,18.3162117004395,c(18.99053, -34.32882)
"469",469,"629_1_HK","Rumohra adiantiformis","DRYOPTERIDACEAE",-34.34577,18.92387,"Hangklip",629,"EFG",1,90,300,250,58904.86225,"1","S","0.875659444","42.41065979","48.43282409","-1.742574224","-27.56865499",5370,76.6442600410776,28.1388969421387,c(18.92387, -34.34577)
"470",470,"629_10_HK","Ficinia oligantha","CYPERACEAE",-34.32123,18.96987,"Hangklip",629,"EFG",10,40,20,12,188.4955592,"0","N","0.658227481","46.21186822","70.2065313","0.97217166","-27.82442483",6540,36.8668592602652,18.2089061737061,c(18.96987, -34.32123)
"471",471,"629_11_HK","Metalasia densa","ASTERACEAE",-34.32194,18.97004,"Hangklip",629,"EFG",11,38,30,20,471.238898,"2","B","0.68226359","43.00386846","63.03116433","-2.780536524","-30.80770749",6630,46.568664328756,18.2089061737061,c(18.97004, -34.32194)
"472",472,"629_12_HK","Thamnochortus lucens","RESTIONACEAE",-34.32194,18.97004,"Hangklip",629,"EFG",12,63,20,15,235.619449,"0","N","0.47291528","47.34094937","100.1045036","-0.311340628","-28.0414099",6630,46.568664328756,18.2089061737061,c(18.97004, -34.32194)
"473",473,"629_13_HK","Elegia hookeriana","RESTIONACEAE",-34.35055,18.95403,"Hangklip",629,"EFG",13,50,50,50,1963.495408,"0","N","0.52695671","46.26141556","87.78978363","-0.877768688","-28.95442438",0,351.205343479368,30,c(18.95403, -34.35055)
"474",474,"629_14_HK","Helichrysum patulum","ASTERACEAE",-34.35055,18.95403,"Hangklip",629,"EFG",14,60,120,75,7068.583471,"4","B","1.295334939","42.83348532","33.06749786","-2.534986536","-31.24691882",0,351.205343479368,30,c(18.95403, -34.35055)
"475",475,"629_2_HK","Pterocelastrus rostratus","CELASTRACEAE",-34.34577,18.92387,"Hangklip",629,"EFG",2,500,500,300,117809.7245,"4","N","0.906885574","47.12376273","51.96219245","0.210086239","-29.79825521",5370,76.6442600410776,28.1388969421387,c(18.92387, -34.34577)
"476",476,"629_3_HK","Elegia capensis","RESTIONACEAE",-34.34577,18.92387,"Hangklip",629,"EFG",3,220,170,120,16022.12253,"1","N","1.152104121","46.373555","40.25118404","1.298919453","-29.25631665",5370,76.6442600410776,28.1388969421387,c(18.92387, -34.34577)
"477",477,"629_4_HK","Asparagus rubicundus","ASPARAGACEAE",-34.34577,18.92387,"Hangklip",629,"EFG",4,140,220,200,34557.51919,"3","N","1.524265705","47.78687664","31.35075236","0.141606163","-29.20914598",5370,76.6442600410776,28.1388969421387,c(18.92387, -34.34577)
"478",478,"629_5_HK","Knowltonia capensis","RANUNCULACEAE",-34.34577,18.92387,"Hangklip",629,"EFG",5,20,40,30,942.4777961,"2","N","0.986423667","36.97601963","37.48492749","-1.520503119","-31.88424695",5370,76.6442600410776,28.1388969421387,c(18.92387, -34.34577)
"479",479,"629_6_HK","Kiggelaria africana","ACHARIACEAE",-34.34577,18.92387,"Hangklip",629,"EFG",6,500,400,400,125663.7061,"4","B","1.798443243","45.36642587","25.22538647","1.990568224","-27.67662341",5370,76.6442600410776,28.1388969421387,c(18.92387, -34.34577)
"480",480,"629_7_HK","Struthiola ciliata","THYMELAEACEAE",-34.32979,18.98302,"Hangklip",629,"EFG",7,30,20,10,157.0796327,"1","N","1.061875958","45.05412484","42.42880205","-4.516995603","-29.56554658",6930,39.7774007808124,19.9928016662598,c(18.98302, -34.32979)
"481",481,"629_8_HK","Merxmuellera rufa","POACEAE",-34.32123,18.96987,"Hangklip",629,"EFG",8,30,20,15,235.619449,"1","S","1.10434918","43.45203911","39.34628638","-2.151498108","-24.37467668",6540,36.8668592602652,18.2089061737061,c(18.96987, -34.32123)
"482",482,"629_9_HK","Indigofera candolleana","FABACEAE",-34.32123,18.96987,"Hangklip",629,"EFG",9,13,30,25,589.0486225,"2","B","1.407023414","46.99238207","33.39843645","-0.096117531","-29.3538027",6540,36.8668592602652,18.2089061737061,c(18.96987, -34.32123)
"483",483,"703_1_LB","Lachnaea sociorum","THYMELAEACEAE",-33.93325,21.03538,"Langeberg",703,"EFG",1,22,26,15,306.3052837,"4","S","0.755650546","46.73897548","61.85263247","-3.137611208","-27.81708717",5790,760.621517369681,19.5991630554199,c(21.03538, -33.93325)
"484",484,"703_10_LB","Phylica pinea","RHAMNACEAE",-33.93304,21.03705,"Langeberg",703,"EFG",10,150,60,45,2120.575041,"4","B","0.845054162","55.57122784","65.76055161","-4.877983434","-30.28986053",4770,765.472419903927,20.8882846832275,c(21.03705, -33.93304)
"485",485,"703_11_LB","Helichrysum felinum","ASTERACEAE",-33.93304,21.03705,"Langeberg",703,"EFG",11,80,12,10,94.24777961,"2","B","1.228826069","43.75303988","35.60555964","-6.135081978","-30.59842522",4770,765.472419903927,20.8882846832275,c(21.03705, -33.93304)
"486",486,"703_12_LB","Oldenburgia paradoxa","ASTERACEAE",-33.93304,21.03705,"Langeberg",703,"EFG",12,30,55,48,2073.451151,"2","B","0.368127576","48.48917579","131.7184014","-6.68585745","-28.12889929",4770,765.472419903927,20.8882846832275,c(21.03705, -33.93304)
"487",487,"703_13_LB","Senecio crassulaefolius","ASTERACEAE",-33.93209,21.03861,"Langeberg",703,"EFG",13,25,40,40,1256.637061,"1","N","1.213779617","41.27099068","34.00204626","0.156280465","-25.68155775",4380,810.100723218985,22.0559406280518,c(21.03861, -33.93209)
"488",488,"703_14_LB","Euclea polyandra","EBENACEAE",-33.93209,21.03861,"Langeberg",703,"EFG",14,60,65,30,1531.526419,"4","B","1.015739571","50.9195969","50.13056333","-1.791488564","-26.25936027",4380,810.100723218985,22.0559406280518,c(21.03861, -33.93209)
"489",489,"703_15_LB","Ficinia acuminata","CYPERACEAE",-33.93209,21.03861,"Langeberg",703,"EFG",15,45,30,30,706.8583471,"0","N","0.77695748","47.6607765","61.3428376","1.089566077","-25.64323926",4380,810.100723218985,22.0559406280518,c(21.03861, -33.93209)
"490",490,"703_16_LB","Phylica purpurea","RHAMNACEAE",-33.93635,21.03385,"Langeberg",703,"EFG",16,135,60,40,1884.955592,"4","B","1.201515871","52.03625537","43.30883731","-2.862712615","-30.95740898",5310,702.410686958736,19.2153587341309,c(21.03385, -33.93635)
"491",491,"703_17_LB","Restio capillaris","RESTIONACEAE",-33.93635,21.03385,"Langeberg",703,"EFG",17,45,50,40,1570.796327,"4","N","0.39011938","47.14231262","120.8407349","0.611183829","-28.73493649",5310,702.410686958736,19.2153587341309,c(21.03385, -33.93635)
"492",492,"703_18_LB","Restio stokoei","RESTIONACEAE",-33.93635,21.03385,"Langeberg",703,"EFG",18,60,55,50,2159.844949,"2","N","0.351341347","46.72638564","132.994269","0.938909909","-27.57529793",5310,702.410686958736,19.2153587341309,c(21.03385, -33.93635)
"493",493,"703_2_LB","Erica coccinea","ERICACEAE",-33.93304,21.03705,"Langeberg",703,"EFG",2,80,55,55,2375.829444,"4","S","0.569775181","55.36258633","97.16566839","-5.482564679","-29.01627036",4770,765.472419903927,20.8882846832275,c(21.03705, -33.93304)
"494",494,"703_3_LB","Leucadendron spissifolium","PROTEACEAE",-33.93304,21.03705,"Langeberg",703,"EFG",3,90,80,70,4398.229715,"4","S","0.364798732","52.81655426","144.7827243","1.496533388","-30.18715115",4770,765.472419903927,20.8882846832275,c(21.03705, -33.93304)
"495",495,"703_4_LB","Protea cynaroides","PROTEACEAE",-33.93304,21.03705,"Langeberg",703,"EFG",4,55,60,35,1649.336143,"2","N","0.620168242","49.34156477","79.56157937","0.05062549","-26.33487997",4770,765.472419903927,20.8882846832275,c(21.03705, -33.93304)
"496",496,"703_5_LB","Erica cordata","ERICACEAE",-33.93304,21.03705,"Langeberg",703,"EFG",5,40,20,15,235.619449,"4","B","0.620061053","54.07567377","87.2102408","-10.26540887","-30.21440532",4770,765.472419903927,20.8882846832275,c(21.03705, -33.93304)
"497",497,"703_6_LB","Erica imbricata","ERICACEAE",-33.93304,21.03705,"Langeberg",703,"EFG",6,90,20,15,235.619449,"4","N","0.682248875","56.82137583","83.28540792","-8.765695197","-29.10904597",4770,765.472419903927,20.8882846832275,c(21.03705, -33.93304)
"498",498,"703_7_LB","Alepidea capensis","APIACEAE",-33.93304,21.03705,"Langeberg",703,"EFG",7,5,10,8,62.83185307,"1","L","1.12905078","40.23608209","35.63708809","-8.482970311","-31.16513554",4770,765.472419903927,20.8882846832275,c(21.03705, -33.93304)
"499",499,"703_8_LB","Blechnum tabulare","BLECHNACEAE",-33.93304,21.03705,"Langeberg",703,"EFG",8,95,120,100,9424.777961,"0","N","0.799451442","43.04981327","53.84919086","-5.673330606","-25.92558604",4770,765.472419903927,20.8882846832275,c(21.03705, -33.93304)
"500",500,"703_9_LB","Gleichenia polypodioides","GLEICHENIACEAE",-33.93304,21.03705,"Langeberg",703,"EFG",9,70,130,90,9189.158512,"1","N","0.822406899","47.48508448","57.73916115","-6.699553465","-30.24448337",4770,765.472419903927,20.8882846832275,c(21.03705, -33.93304)
"501",501,"706_1_LB","Lanaria lanata","LANARIACEAE",-33.92404,21.06118,"Langeberg",706,"EFG",1,55,60,45,2120.575041,"0","N","0.828005992","47.27570389","57.09584755","-3.552350322","-26.06508526",7050,531.658917753298,16.9281711578369,c(21.06118, -33.92404)
"502",502,"706_10_LB","Cannomois parviflora","RESTIONACEAE",-33.92404,21.06118,"Langeberg",706,"EFG",10,85,60,50,2356.19449,"0","N","0.359027662","46.57444901","129.7238457","1.679453668","-26.56713887",7050,531.658917753298,16.9281711578369,c(21.06118, -33.92404)
"503",503,"706_11_LB","Elytropappus glandulosus","ASTERACEAE",-33.92404,21.06118,"Langeberg",706,"EFG",11,55,40,30,942.4777961,"4","B","0.942429719","46.83058598","49.69132981","-0.903149687","-29.08847427",7050,531.658917753298,16.9281711578369,c(21.06118, -33.92404)
"504",504,"706_12_LB","Senecio pinifolius","ASTERACEAE",-33.92404,21.06118,"Langeberg",706,"EFG",12,30,70,60,3298.672286,"3","N","0.61450746","52.13749411","84.84436311","-2.82075961","-29.68309088",7050,531.658917753298,16.9281711578369,c(21.06118, -33.92404)
"505",505,"706_13_LB","Elegia galpinii","RESTIONACEAE",-33.92404,21.06118,"Langeberg",706,"EFG",13,120,70,50,2748.893572,"0","N","0.267881083","44.60319931","166.5037292","-1.892315173","-26.93839696",7050,531.658917753298,16.9281711578369,c(21.06118, -33.92404)
"506",506,"706_14_LB","Syncarpha gnaphaloides","ASTERACEAE",-33.92404,21.06118,"Langeberg",706,"EFG",14,60,50,50,1963.495408,"4","B","0.813388852","39.41707044","48.46030328","1.659866232","-30.04227553",7050,531.658917753298,16.9281711578369,c(21.06118, -33.92404)
"507",507,"706_15_LB","Rhus lucida","ANACARDIACEAE",-33.92404,21.06118,"Langeberg",706,"EFG",15,300,420,320,105557.5132,"4","N","1.009658633","47.1473066","46.69628435","0.230962821","-26.30957229",7050,531.658917753298,16.9281711578369,c(21.06118, -33.92404)
"508",508,"706_16_LB","Elytropappus rhinocerotis","ASTERACEAE",-33.92227,21.061,"Langeberg",706,"EFG",16,150,140,120,13194.68915,"4","B","1.007194847","55.48404394","55.08769638","1.086933747","-27.65072955",6900,508.37458558892,13.4241409301758,c(21.061, -33.92227)
"509",509,"706_17_LB","Dodonaea angustifolia","SAPINDACEAE",-33.92227,21.061,"Langeberg",706,"EFG",17,300,500,400,157079.6327,"4","N","1.425136527","49.13392979","34.47664759","0.280910782","-27.64268059",6900,508.37458558892,13.4241409301758,c(21.061, -33.92227)
"510",510,"706_18_LB","Pelargonium ternatum","GERANIACEAE",-33.92227,21.061,"Langeberg",706,"EFG",18,50,80,75,4712.38898,"4","B","0.963556969","45.63325129","47.35916272","1.837132522","-28.1085139",6900,508.37458558892,13.4241409301758,c(21.061, -33.92227)
"511",511,"706_19_LB","Erica articularis","ERICACEAE",-33.9322,21.07233,"Langeberg",706,"EFG",19,15,60,40,1884.955592,"4","N","0.749541026","54.98124486","73.35321606","-5.307384531","-26.36792722",6660,715.993214054623,17.1512336730957,c(21.07233, -33.9322)
"512",512,"706_2_LB","Struthiola garciana","THYMELAEACEAE",-33.92404,21.06118,"Langeberg",706,"EFG",2,100,30,20,471.238898,"1","B","0.97325344","50.84317299","52.24042464","-3.173333447","-26.37798841",7050,531.658917753298,16.9281711578369,c(21.06118, -33.92404)
"513",513,"706_20_LB","Cliffortia stricta","ROSACEAE",-33.9322,21.07233,"Langeberg",706,"EFG",20,90,40,20,628.3185307,"3","B","0.709423845","55.38445415","78.0696258","-2.464268286","-27.97872449",6660,715.993214054623,17.1512336730957,c(21.07233, -33.9322)
"514",514,"706_3_LB","Aspalathus acanthes","FABACEAE",-33.92404,21.06118,"Langeberg",706,"EFG",3,95,80,70,4398.229715,"3","B","0.985644493","49.58882127","50.31106205","-0.841449265","-26.51985126",7050,531.658917753298,16.9281711578369,c(21.06118, -33.92404)
"515",515,"706_4_LB","Clutia laxa","EUPHORBIACEAE",-33.92404,21.06118,"Langeberg",706,"EFG",4,35,60,50,2356.19449,"4","N","0.670689313","48.38051049","72.13550229","-2.127364398","-30.79485289",7050,531.658917753298,16.9281711578369,c(21.06118, -33.92404)
"516",516,"706_5_LB","Thesium virgatum","SANTALACEAE",-33.92404,21.06118,"Langeberg",706,"EFG",5,60,90,65,4594.579256,"4","N","0.892004506","45.80472569","51.35032993","-2.706173113","-26.39207409",7050,531.658917753298,16.9281711578369,c(21.06118, -33.92404)
"517",517,"706_6_LB","Lobelia tomentosa","CAMPANULACEAE",-33.92404,21.06118,"Langeberg",706,"EFG",6,15,15,10,117.8097245,"1","B","0.709276847","45.17017841","63.68483417","-1.753244382","-29.69214595",7050,531.658917753298,16.9281711578369,c(21.06118, -33.92404)
"518",518,"706_7_LB","Stoebe capitata","ASTERACEAE",-33.92404,21.06118,"Langeberg",706,"EFG",7,80,30,20,471.238898,"4","B","0.661049036","43.38157434","65.62534994","-2.19494105","-28.66590409",7050,531.658917753298,16.9281711578369,c(21.06118, -33.92404)
"519",519,"706_8_LB","Ischyrolepis capensis","RESTIONACEAE",-33.92404,21.06118,"Langeberg",706,"EFG",8,45,80,60,3769.911184,"2","N","0.508700884","46.191804","90.80346707","-0.213671962","-26.44741066",7050,531.658917753298,16.9281711578369,c(21.06118, -33.92404)
"520",520,"706_9_LB","Thesidium fragile","SANTALACEAE",-33.92404,21.06118,"Langeberg",706,"EFG",9,35,30,20,471.238898,"4","N","0.618891913","41.48141263","67.02529436","-1.164641949","-29.89135761",7050,531.658917753298,16.9281711578369,c(21.06118, -33.92404)
"521",521,"708_1_LB","Protea eximia","PROTEACEAE",-33.94076,21.2273,"Langeberg",708,"EFG",1,250,85,70,4673.119072,"4","S","0.705603411","52.72592992","74.72459615","1.789143306","-26.94946427",6300,520.986932177958,13.2353439331055,c(21.2273, -33.94076)
"522",522,"708_10_LB","Gerbera serrata","ASTERACEAE",-33.94076,21.2273,"Langeberg",708,"EFG",10,13,20,20,314.1592654,"1","B","0.952728194","41.83702169","43.91286197","-3.09204559","-29.60360744",6300,520.986932177958,13.2353439331055,c(21.2273, -33.94076)
"523",523,"708_11_LB","Diosma hirsuta","RUTACEAE",-33.94076,21.2273,"Langeberg",708,"EFG",11,55,25,20,392.6990817,"4","N","1.266046034","48.16206937","38.04132557","-1.926593185","-29.04018054",6300,520.986932177958,13.2353439331055,c(21.2273, -33.94076)
"524",524,"708_12_LB","Oscularia deltoides","AIZOACEAE",-33.94076,21.2273,"Langeberg",708,"EFG",12,7,14,12,131.9468915,"4","N","0.798368229","43.54494691","54.54243457","-0.444803699","-25.87392256",6300,520.986932177958,13.2353439331055,c(21.2273, -33.94076)
"525",525,"708_13_LB","Protea nitida","PROTEACEAE",-33.94076,21.2273,"Langeberg",708,"EFG",13,175,260,230,46966.81017,"4","N","0.665274296","48.83012785","73.39848867","3.502064529","-25.32759969",6300,520.986932177958,13.2353439331055,c(21.2273, -33.94076)
"526",526,"708_14_LB","Stoebe cinerea","ASTERACEAE",-33.95895,21.23044,"Langeberg",708,"EFG",14,110,140,120,13194.68915,"4","B","1.196308481","48.99738387","40.9571483","0.088953915","-27.80667806",7230,485.090253424542,28.2889842987061,c(21.23044, -33.95895)
"527",527,"708_15_LB","Helichrysum patulum","ASTERACEAE",-33.95895,21.23044,"Langeberg",708,"EFG",15,100,210,130,21441.36986,"4","B","2.325861641","45.23511199","19.44875447","0.419002201","-30.94476469",7230,485.090253424542,28.2889842987061,c(21.23044, -33.95895)
"528",528,"708_16_LB","Halleria lucida","SCROPHULARIACEAE",-33.95895,21.23044,"Langeberg",708,"EFG",16,400,350,270,74220.12644,"4","N","1.19111659","50.96015201","42.78351292","-0.676914808","-28.07631808",7230,485.090253424542,28.2889842987061,c(21.23044, -33.95895)
"529",529,"708_17_LB","Erica anguliger","ERICACEAE",-33.95895,21.23044,"Langeberg",708,"EFG",17,30,65,45,2297.289628,"4","B","0.723001817","52.16405918","72.14927815","-4.183065741","-28.61660424",7230,485.090253424542,28.2889842987061,c(21.23044, -33.95895)
"530",530,"708_18_LB","Erica vestita","ERICACEAE",-33.95895,21.23044,"Langeberg",708,"EFG",18,120,30,30,706.8583471,"4","L","1.058619652","52.79809436","49.87447025","-4.801049327","-28.13266077",7230,485.090253424542,28.2889842987061,c(21.23044, -33.95895)
"531",531,"708_19_LB","Phylica pinea","RHAMNACEAE",-33.95895,21.23044,"Langeberg",708,"EFG",19,85,80,40,2513.274123,"4","B","0.954913543","51.65911189","54.09820844","-4.795173096","-29.12771293",7230,485.090253424542,28.2889842987061,c(21.23044, -33.95895)
"532",532,"708_2_LB","Centella virgata","APIACEAE",-33.94076,21.2273,"Langeberg",708,"EFG",2,90,9,75,530.1437603,"4","N","0.654491716","45.05802179","68.84429657","-2.29483697","-27.22916549",6300,520.986932177958,13.2353439331055,c(21.2273, -33.94076)
"533",533,"708_20_LB","Leucospermum mundii","PROTEACEAE",-33.95895,21.23044,"Langeberg",708,"EFG",20,90,60,35,1649.336143,"2","B","0.419648842","50.98513548","121.4947603","-0.578977631","-30.90653215",7230,485.090253424542,28.2889842987061,c(21.23044, -33.95895)
"534",534,"708_21_LB","Cannomois grandis","RESTIONACEAE",-33.95895,21.23044,"Langeberg",708,"EFG",21,360,230,200,36128.31552,"4","N","NA","NA","NA","NA","NA",7230,485.090253424542,28.2889842987061,c(21.23044, -33.95895)
"535",535,"708_3_LB","Erica anguliger","ERICACEAE",-33.94076,21.2273,"Langeberg",708,"EFG",3,40,540,30,12723.45025,"4","B","0.83864736","54.32739962","64.77978974","-4.479815387","-29.24945339",6300,520.986932177958,13.2353439331055,c(21.2273, -33.94076)
"536",536,"708_4_LB","Syncarpha paniculata","ASTERACEAE",-33.94076,21.2273,"Langeberg",708,"EFG",4,75,40,15,471.238898,"3","B","0.853174329","44.64748054","52.33101729","-2.75416233","-31.21842919",6300,520.986932177958,13.2353439331055,c(21.2273, -33.94076)
"537",537,"708_5_LB","Ceratocaryum decipiens","RESTIONACEAE",-33.94076,21.2273,"Langeberg",708,"EFG",5,140,115,110,9935.286767,"0","N","0.285516983","44.98990426","157.5734788","0.099727004","-27.63161328",6300,520.986932177958,13.2353439331055,c(21.2273, -33.94076)
"538",538,"708_6_LB","Erica gigantea","ERICACEAE",-33.94076,21.2273,"Langeberg",708,"EFG",6,115,50,30,1178.097245,"4","S","NA","NA","NA","NA","NA",6300,520.986932177958,13.2353439331055,c(21.2273, -33.94076)
"539",539,"708_7_LB","Erica grata","ERICACEAE",-33.94076,21.2273,"Langeberg",708,"EFG",7,90,75,70,4123.340358,"4","S","0.740612805","54.62456682","73.75590383","-5.003779283","-28.88926261",6300,520.986932177958,13.2353439331055,c(21.2273, -33.94076)
"540",540,"708_8_LB","Thesium euphorbioides","SANTALACEAE",-33.94076,21.2273,"Langeberg",708,"EFG",8,240,80,50,3141.592654,"3","N","0.800609249","39.31188979","49.10246771","0.081118941","-27.56420327",6300,520.986932177958,13.2353439331055,c(21.2273, -33.94076)
"541",541,"708_9_LB","Erica rosacea","ERICACEAE",-33.94076,21.2273,"Langeberg",708,"EFG",9,75,50,50,1963.495408,"4","S","NA","NA","NA","NA","NA",6300,520.986932177958,13.2353439331055,c(21.2273, -33.94076)
"542",542,"712_1_LB","Merxmuellera decora","POACEAE",-33.93286,21.03567,"Langeberg",712,"EFG",1,20,22,18,311.0176727,"0","S","0.349533501","45.63607657","130.5628113","-4.620537528","-24.52834311",7170,755.770614835436,19.5991630554199,c(21.03567, -33.93286)
"543",543,"712_2_LB","Podalyria burchellii","FABACEAE",-33.93987,21.02734,"Langeberg",712,"EFG",2,130,135,75,7952.156404,"4","B","1.235642428","48.08559717","38.91546299","-0.953844112","-26.16683574",5700,643.229676040942,22.2152481079102,c(21.02734, -33.93987)
"544",544,"712_3_LB","Gnidia galpinii","THYMELAEACEAE",-33.93968,21.02935,"Langeberg",712,"EFG",3,200,150,100,11780.97245,"4","N","1.005589651","47.68276477","47.4177163","0.199210499","-27.16966239",3360,619.945343876564,22.828104019165,c(21.02935, -33.93968)
"545",545,"712_4_LB","Chrysanthemoides monilifera","ASTERACEAE",-33.95002,21.03572,"Langeberg",712,"EFG",4,300,370,370,107521.0086,"4","N","1.179310427","49.56710853","42.03058617","-1.470137221","-29.67469488",5700,522.927293191656,22.1764030456543,c(21.03572, -33.95002)
"546",546,"712_5_LB","Pteronia camphorata","ASTERACEAE",-33.95002,21.03572,"Langeberg",712,"EFG",5,190,270,200,42411.50082,"4","N","1.102217783","48.61199199","44.10379941","-4.924239357","-29.01868759",5700,522.927293191656,22.1764030456543,c(21.03572, -33.95002)
"547",547,"712_7_LB","Ficinia nigrescens","CYPERACEAE",-33.95783,21.04021,"Langeberg",712,"EFG",7,45,80,80,5026.548246,"0","N","0.824647353","45.41245549","55.94908006","2.143914544","-25.88002325",6000,452.104116191673,17.955623626709,c(21.04021, -33.95783)
"548",548,"712_8_LB","Diospyros dichrophylla","EBENACEAE",-33.96081,21.03903,"Langeberg",712,"EFG",8,220,350,350,96211.27502,"4","B","1.178777023","48.5917244","41.22215096","3.805163548","-29.14276959",5910,390.012563753331,18.0442752838135,c(21.03903, -33.96081)
"549",549,"726_1_CB","Protea acuminata","PROTEACEAE",-32.40786,19.1874,"Cederberg",726,"EFG",1,105,145,130,14804.75538,"4","N","0.620184995","49.94109685","80.52612888","3.924916321","-26.11077821",5610,1431.0162476024,22.2937049865723,c(19.1874, -32.40786)
"550",550,"726_10_CB","Psammotropha quadrangularis","MOLLUGINACEAE",-32.40786,19.1874,"Cederberg",726,"EFG",10,5,6,5,23.5619449,"2","N","1.31502835","44.101874","33.53682376","4.25736618","-27.87665755",5610,1431.0162476024,22.2937049865723,c(19.1874, -32.40786)
"551",551,"726_11_CB","Erepsia aspera","AIZOACEAE",-32.40786,19.1874,"Cederberg",726,"EFG",11,35,30,25,589.0486225,"4","N","0.864084547","42.15732114","48.78842155","3.096365289","-25.36024037",5610,1431.0162476024,22.2937049865723,c(19.1874, -32.40786)
"552",552,"726_12_CB","Tribolium brachystachyum","POACEAE",-32.40786,19.1874,"Cederberg",726,"EFG",12,20,30,20,471.238898,"0","B","1.504545322","42.05290788","27.95057568","0.480732664","-27.21624951",5610,1431.0162476024,22.2937049865723,c(19.1874, -32.40786)
"553",553,"726_13_CB","Ischyrolepis virgea","RESTIONACEAE",-32.41466,19.19634,"Cederberg",726,"EFG",13,60,70,60,3298.672286,"0","N","0.264092006","46.29956989","175.3160594","-0.370217241","-26.67802705",5700,1534.82556183525,24.016809463501,c(19.19634, -32.41466)
"554",554,"726_14_CB","Cannomois parviflora","RESTIONACEAE",-32.41466,19.19634,"Cederberg",726,"EFG",14,85,95,80,5969.026042,"0","N","0.297877145","45.9621787","154.2991109","1.616620391","-27.09305412",5700,1534.82556183525,24.016809463501,c(19.19634, -32.41466)
"555",555,"726_15_CB","Elegia filacea","RESTIONACEAE",-32.41466,19.19634,"Cederberg",726,"EFG",15,60,40,40,1256.637061,"0","N","0.336950233","43.89971712","130.2854631","-0.014769381","-26.82646739",5700,1534.82556183525,24.016809463501,c(19.19634, -32.41466)
"556",556,"726_16_CB","Aristea major","IRIDACEAE",-32.41466,19.19634,"Cederberg",726,"EFG",16,100,140,100,10995.57429,"0","N","0.768251045","47.59200646","61.94850862","-1.486787151","-25.53796485",5700,1534.82556183525,24.016809463501,c(19.19634, -32.41466)
"557",557,"726_17_CB","Cliffortia hexandra","ROSACEAE",-32.41466,19.19634,"Cederberg",726,"EFG",17,100,95,50,3730.641276,"4","B","1.256534072","48.289768","38.43092604","-2.609152405","-28.2472535",5700,1534.82556183525,24.016809463501,c(19.19634, -32.41466)
"558",558,"726_18_CB","Protea punctata","PROTEACEAE",-32.41466,19.19634,"Cederberg",726,"EFG",18,200,110,100,8639.379797,"4","B","0.465267618","49.50606994","106.403429","3.671070389","-27.1071913",5700,1534.82556183525,24.016809463501,c(19.19634, -32.41466)
"559",559,"726_19_CB","Pentaschistis velutina","POACEAE",-32.41466,19.19634,"Cederberg",726,"EFG",19,20,30,20,471.238898,"0","S","1.048957281","45.6042009","43.47574658","2.259903747","-26.27511756",5700,1534.82556183525,24.016809463501,c(19.19634, -32.41466)
"560",560,"726_2_CB","Athanasia microphylla","ASTERACEAE",-32.40786,19.1874,"Cederberg",726,"EFG",2,70,55,45,1943.860454,"4","N","1.069528283","50.3142646","47.04341661","1.783100893","-27.64286461",5610,1431.0162476024,22.2937049865723,c(19.1874, -32.40786)
"561",561,"726_20_CB","Erica verecunda","ERICACEAE",-32.41914,19.19336,"Cederberg",726,"EFG",20,75,160,140,17592.91886,"4","S","0.697149464","52.3003166","75.02023501","0.150753039","-25.89300526",6390,1386.38794428734,24.2017822265625,c(19.19336, -32.41914)
"562",562,"726_21_CB","Phiambolia hallii","AIZOACEAE",-32.41914,19.19336,"Cederberg",726,"EFG",21,15,80,80,5026.548246,"4","N","0.625642547","43.68686012","69.82718855","2.045042988","-27.12271742",6390,1386.38794428734,24.2017822265625,c(19.19336, -32.41914)
"563",563,"726_22_CB","Willdenowia arescens","RESTIONACEAE",-32.41914,19.19336,"Cederberg",726,"EFG",22,65,100,75,5890.486225,"4","N","0.442977045","46.81418183","105.6808301","3.100127483","-24.8175178",6390,1386.38794428734,24.2017822265625,c(19.19336, -32.41914)
"564",564,"726_23_CB","Leucadendron dubium","PROTEACEAE",-32.42424,19.19929,"Cederberg",726,"EFG",23,155,145,130,14804.75538,"4","B","0.355224312","55.33604467","155.7777515","2.263839312","-26.5640359",5640,1380.56686124625,28.089298248291,c(19.19929, -32.42424)
"565",565,"726_24_CB","Widdringtonia cedarbergensis","CUPRESSACEAE",-32.42424,19.19929,"Cederberg",726,"EFG",24,700,800,600,376991.1184,"4","N","0.645028141","50.0591606","77.60771575","-0.495911651","-25.86645002",5640,1380.56686124625,28.089298248291,c(19.19929, -32.42424)
"566",566,"726_25_CB","Pseudoselago serrata","SCROPHULARIACEAE",-32.42424,19.19929,"Cederberg",726,"EFG",25,25,45,40,1413.716694,"4","N","0.869875286","48.86899012","56.17930631","2.285232731","-29.98966264",5640,1380.56686124625,28.089298248291,c(19.19929, -32.42424)
"567",567,"726_26_CB","Elytropappus rhinocerotis","ASTERACEAE",-32.42424,19.19929,"Cederberg",726,"EFG",26,35,55,50,2159.844949,"4","B","0.671867361","53.07031425","78.98927276","0.344266232","-28.50359022",5640,1380.56686124625,28.089298248291,c(19.19929, -32.42424)
"568",568,"726_27_CB","Phiambolia mentiens","AIZOACEAE",-32.42424,19.19929,"Cederberg",726,"EFG",27,50,90,50,3534.291735,"4","N","0.811442484","45.64617526","56.25312474","4.228144085","-27.23404519",5640,1380.56686124625,28.089298248291,c(19.19929, -32.42424)
"569",569,"726_28_CB","Muraltia alopecuroides","POLYGALACEAE",-32.42424,19.19929,"Cederberg",726,"EFG",28,15,70,65,3573.561643,"4","B","0.852490022","50.18163213","58.8647736","1.652182034","-28.63432374",5640,1380.56686124625,28.089298248291,c(19.19929, -32.42424)
"570",570,"726_29_CB","Phyllosma capensis","RUTACEAE",-32.43258,19.20782,"Cederberg",726,"EFG",29,60,140,115,12644.91043,"4","N","0.64936916","51.26292857","78.94265964","-1.180501038","-26.262736",5730,1327.20693336955,22.1236381530762,c(19.20782, -32.43258)
"571",571,"726_3_CB","Corymbium africanum","ASTERACEAE",-32.40786,19.1874,"Cederberg",726,"EFG",3,35,30,40,942.4777961,"0","S","0.544869448","48.46383248","88.94576976","-0.618477048","-26.32806689",5610,1431.0162476024,22.2937049865723,c(19.1874, -32.40786)
"572",572,"726_30_CB","Ischyrolepis ocreata","RESTIONACEAE",-32.43258,19.20782,"Cederberg",726,"EFG",30,75,130,120,12252.21135,"3","N","0.29527361","46.80726731","158.5216753","0.246050993","-25.84295884",5730,1327.20693336955,22.1236381530762,c(19.20782, -32.43258)
"573",573,"726_31_CB","Cannomois virgata","RESTIONACEAE",-32.43724,19.22107,"Cederberg",726,"EFG",31,250,250,210,41233.40358,"1","N","0.482125659","46.05367005","95.52213033","3.104017195","-27.36477871",5460,1230.18888268464,19.9498615264893,c(19.22107, -32.43724)
"574",574,"726_4_CB","Protea scolopendriifolia","PROTEACEAE",-32.40786,19.1874,"Cederberg",726,"EFG",4,22,140,135,14844.02529,"2","B","0.763126583","50.57780222","66.27708085","3.671035225","-25.55146105",5610,1431.0162476024,22.2937049865723,c(19.1874, -32.40786)
"575",575,"726_5_CB","NA","NA",-32.40786,19.1874,"Cederberg",726,"EFG",5,45,65,50,2552.544031,"0","N","0.915085772","46.1688609","55.99298661","2.314388747","-24.66118103",5610,1431.0162476024,22.2937049865723,c(19.1874, -32.40786)
"576",576,"726_6_CB","Festuca scabra","POACEAE",-32.40786,19.1874,"Cederberg",726,"EFG",6,15,18,15,212.0575041,"0","N","1.883624715","42.68099052","22.65896714","1.347876156","-27.67002569",5610,1431.0162476024,22.2937049865723,c(19.1874, -32.40786)
"577",577,"726_7_CB","Ischyrolepis unispicata","RESTIONACEAE",-32.40786,19.1874,"Cederberg",726,"EFG",7,26,40,40,1256.637061,"3","N","0.739869911","46.63710125","63.03419096","0.740129901","-25.90857902",5610,1431.0162476024,22.2937049865723,c(19.1874, -32.40786)
"578",578,"726_8_CB","Clutia alaternoides","EUPHORBIACEAE",-32.40786,19.1874,"Cederberg",726,"EFG",8,20,40,40,1256.637061,"4","N","1.173803815","47.0947565","40.1214887","0.517616353","-28.97979358",5610,1431.0162476024,22.2937049865723,c(19.1874, -32.40786)
"579",579,"726_9_CB","Lobostemon trichotomus","BORAGINACEAE",-32.40786,19.1874,"Cederberg",726,"EFG",9,65,95,90,6715.154297,"4","B","0.909357572","39.64400238","43.59561476","0.428574554","-27.9039221",5610,1431.0162476024,22.2937049865723,c(19.1874, -32.40786)
"580",580,"801_1_CB","Hypodiscus neesii","RESTIONACEAE",-32.22188,19.12251,"Cederberg",801,"EFG",1,70,90,60,4241.150082,"0","N","0.43653145","46.85333103","107.3309404","1.3050252","-27.29021975",6540,889.655524780609,10.5121841430664,c(19.12251, -32.22188)
"581",581,"801_10_CB","NA","NA",-32.18132,19.07371,"Cederberg",801,"EFG",10,78,70,50,2748.893572,"4","N","0.554618262","47.16115192","85.03353599","-1.160080047","-28.52810275",6630,838.235957917608,24.445032119751,c(19.07371, -32.18132)
"582",582,"801_11_CB","NA","NA",-32.18132,19.07371,"Cederberg",801,"EFG",11,50,120,100,9424.777961,"4","B","0.771930418","56.0873511","72.65855806","-1.700750074","-27.80396162",6630,838.235957917608,24.445032119751,c(19.07371, -32.18132)
"583",583,"801_12_CB","Wahlenbergia macrostachys","CAMPANULACEAE",-32.18132,19.07371,"Cederberg",801,"EFG",12,50,50,40,1570.796327,"4","N","2.14385806","45.6670637","21.30134664","0.842149422","-27.82847416",6630,838.235957917608,24.445032119751,c(19.07371, -32.18132)
"584",584,"801_13_CB","Haplocarpha parvifolia","ASTERACEAE",-32.18132,19.07371,"Cederberg",801,"EFG",13,8,65,50,2552.544031,"2","B","1.129467984","40.84630099","36.1641955","1.555911651","-29.98864129",6630,838.235957917608,24.445032119751,c(19.07371, -32.18132)
"585",585,"801_14_CB","Prionium serratum","PRIONIACEAE",-32.18132,19.07371,"Cederberg",801,"EFG",14,70,60,50,2356.19449,"0","N","0.960689421","43.84295612","45.63697191","0.27327898","-28.21556794",6630,838.235957917608,24.445032119751,c(19.07371, -32.18132)
"586",586,"801_15_CB","Osyris compressa","SANTALACEAE",-32.16892,19.0582,"Cederberg",801,"EFG",15,250,350,150,41233.40358,"4","N","0.700593629","50.43896005","71.99460278","-1.901070264","-26.66617146",6750,887.715163766911,25.3681507110596,c(19.0582, -32.16892)
"587",587,"801_16_CB","Phylica buxifolia","RHAMNACEAE",-32.16892,19.0582,"Cederberg",801,"EFG",16,110,100,90,7068.583471,"4","B","0.5794866","54.82695781","94.61298645","-4.456611325","-28.00084262",6750,887.715163766911,25.3681507110596,c(19.0582, -32.16892)
"588",588,"801_17_CB","Rafnia capensis","FABACEAE",-32.16605,19.04935,"Cederberg",801,"EFG",17,60,100,65,5105.088062,"4","N","1.248743882","51.75326763","41.44426119","-0.519249926","-29.93810377",6480,916.820578972384,19.1013011932373,c(19.04935, -32.16605)
"589",589,"801_18_CB","Bobartia rufa","IRIDACEAE",-32.16573,19.04763,"Cederberg",801,"EFG",18,130,50,40,1570.796327,"0","N","0.357171201","47.02177121","131.6505111","-2.786952268","-25.00503583",6480,929.432925561422,19.1013011932373,c(19.04763, -32.16573)
"590",590,"801_19_CB","Stoebe plumosa","ASTERACEAE",-32.16573,19.04763,"Cederberg",801,"EFG",19,80,120,85,8011.061267,"4","B","0.695997152","48.22050433","69.28261726","-2.831683961","-29.18710855",6480,929.432925561422,19.1013011932373,c(19.04763, -32.16573)
"591",591,"801_2_CB","Agathosma pubigera","RUTACEAE",-32.22188,19.12251,"Cederberg",801,"EFG",2,35,35,25,687.223393,"4","B","1.252037256","51.43028241","41.07727798","0.975372072","-29.46468586",6540,889.655524780609,10.5121841430664,c(19.12251, -32.22188)
"592",592,"801_20_CB","Arctotis adpressa","ASTERACEAE",-32.16036,19.03627,"Cederberg",801,"EFG",20,10,45,25,883.5729338,"1","B","1.677125544","43.04537998","25.66616443","5.04692855","-29.82060111",6450,941.075091643611,13.8237400054932,c(19.03627, -32.16036)
"593",593,"801_21_CB","Elytropappus scaber","ASTERACEAE",-32.15823,19.03306,"Cederberg",801,"EFG",21,70,80,50,3141.592654,"4","B","1.298837918","48.41307576","37.27414723","1.475200119","-29.80731821",7020,931.37328657512,14.0507354736328,c(19.03306, -32.15823)
"594",594,"801_22_CB","Aspalathus vulnerans","FABACEAE",-32.15644,19.02741,"Cederberg",801,"EFG",22,210,170,160,21362.83004,"4","N","1.743773811","47.33878232","27.14731808","-0.834316632","-27.82816481",6720,895.476607821704,17.1276435852051,c(19.02741, -32.15644)
"595",595,"801_23_CB","Chrysitrix junciformis","CYPERACEAE",-32.15499,19.02734,"Cederberg",801,"EFG",23,95,50,50,1963.495408,"0","N","0.430276225","46.70973973","108.5575662","-0.171120664","-26.46104697",6660,885.774802753213,17.1276435852051,c(19.02734, -32.15499)
"596",596,"801_24_CB","NA","NA",-32.15499,19.02734,"Cederberg",801,"EFG",24,70,100,80,6283.185307,"0","N","0.397801777","46.33083661","116.4671434","1.005517344","-27.11599655",6660,885.774802753213,17.1276435852051,c(19.02734, -32.15499)
"597",597,"801_25_CB","Lachnaea striata","THYMELAEACEAE",-32.15499,19.02734,"Cederberg",801,"EFG",25,90,55,45,1943.860454,"4","N","1.472139032","47.56505494","32.31016493","-0.90724874","-25.67429007",6660,885.774802753213,17.1276435852051,c(19.02734, -32.15499)
"598",598,"801_26_CB","Tetraria crinifolia","CYPERACEAE",-32.15499,19.02734,"Cederberg",801,"EFG",26,50,70,65,3573.561643,"0","N","0.474638717","45.3690045","103.3073218","3.315520309","-27.51499469",6660,885.774802753213,17.1276435852051,c(19.02734, -32.15499)
"599",599,"801_3_CB","Aspalathus linearis","FABACEAE",-32.18986,19.0775,"Cederberg",801,"EFG",3,65,90,50,3534.291735,"4","N","1.052608257","51.38744821","48.81915741","-0.810978358","-29.18789848",6090,975.031409383329,20.5969123840332,c(19.0775, -32.18986)
"600",600,"801_4_CB","Anthospermum aethiopicum","RUBIACEAE",-32.18578,19.07405,"Cederberg",801,"EFG",4,210,50,30,1178.097245,"4","N","0.945183165","51.67276059","54.66957359","-1.152300623","-26.97564222",6270,903.238051876497,23.7224674224854,c(19.07405, -32.18578)
"601",601,"801_5_CB","Ficinia cedarbergensis","CYPERACEAE",-32.18578,19.07405,"Cederberg",801,"EFG",5,50,100,50,3926.990817,"0","N","0.635681909","44.90158948","71.69073469","0.832911355","-26.62889199",6270,903.238051876497,23.7224674224854,c(19.07405, -32.18578)
"602",602,"801_6_CB","Tetraria cuspidata","CYPERACEAE",-32.18578,19.07405,"Cederberg",801,"EFG",6,28,10,10,78.53981634,"0","N","0.53248847","46.74909983","88.71754661","2.489928847","-28.14100898",6270,903.238051876497,23.7224674224854,c(19.07405, -32.18578)
"603",603,"801_7_CB","Hypodiscus laevigatus","RESTIONACEAE",-32.18578,19.07405,"Cederberg",801,"EFG",7,115,100,95,7461.282552,"0","N","0.298298461","46.40540949","155.5670428","1.768873406","-28.37489941",6270,903.238051876497,23.7224674224854,c(19.07405, -32.18578)
"604",604,"801_8_CB","Ursinia punctata","ASTERACEAE",-32.18578,19.07405,"Cederberg",801,"EFG",8,40,15,10,117.8097245,"4","B","1.734444841","46.94769959","27.06785393","1.214589386","-30.78734138",6270,903.238051876497,23.7224674224854,c(19.07405, -32.18578)
"605",605,"801_9_CB","Tetraria pubescens","CYPERACEAE",-32.18578,19.07405,"Cederberg",801,"EFG",9,12,15,13,153.1526419,"0","N","0.856753804","45.77177479","53.42465315","1.481034687","-26.97870628",6270,903.238051876497,23.7224674224854,c(19.07405, -32.18578)
"606",606,"806_10_HTR","Haemanthus barkerii","AMARYLLIDACEAE",-31.67749,19.75519,"HTR",806,"EPO",10,15,4,1,3.141592654,"0","N","2.295114065","38.07900046","16.59133245","8.375882371","-30.74860075",5730,905.178412890195,16.0830841064453,c(19.75519, -31.67749)
"607",607,"806_11_HTR","Monechma spartioides","THURNIACEAE",-31.67749,19.75519,"HTR",806,"EPO",11,60,140,112,12315.0432,"4","L","2.930069556","40.33904343","13.76726479","8.152657663","-26.47795873",5730,905.178412890195,16.0830841064453,c(19.75519, -31.67749)
"608",608,"806_12_HTR","Malephora crassa","AIZOACEAE",-31.69793,19.74137,"HTR",806,"EPO",12,15,70,50,2748.893572,"2","N","0.80260172","21.25385855","26.48120234","5.024716038","-19.46967952",6510,725.695019123114,7.18474531173706,c(19.74137, -31.69793)
"609",609,"806_13_HTR","Mesembryanthemum nitidum","AIZOACEAE",-31.69793,19.74137,"HTR",806,"EPO",13,22,41,38,1223.650339,"3","N","0.890953509","30.18149444","33.87549871","6.919358976","-18.31808825",6510,725.695019123114,7.18474531173706,c(19.74137, -31.69793)
"610",610,"806_14_HTR","NA","NA",-31.81993,19.68726,"HTR",806,"EPO",14,47,94,77,5684.711907,"4","N","0.951809391","39.56173594","41.56476739","5.398651497","-29.25431946",6330,555.913430424525,4.95231866836548,c(19.68726, -31.81993)
"611",611,"806_15_HTR","Ruschia laxipetala","AIZOACEAE",-31.81993,19.68726,"HTR",806,"EPO",15,15,27,18,381.7035074,"1","N","0.552213085","39.35999835","71.2768303","9.73635885","-21.45288493",6330,555.913430424525,4.95231866836548,c(19.68726, -31.81993)
"612",612,"806_16_HTR","Pteronia glabrata","ASTERACEAE",-31.81993,19.68726,"HTR",806,"EPO",16,67,98,84,6465.397681,"4","N","2.287604831","32.19204344","14.07237955","6.340604285","-28.11952921",6330,555.913430424525,4.95231866836548,c(19.68726, -31.81993)
"613",613,"806_17_HTR","Drosanthemum framesii","AIZOACEAE",-31.81833,19.61181,"HTR",806,"EPO",17,8,27,20,424.1150082,"1","S","0.836372129","32.84023803","39.26510328","9.152078193","-21.20817485",6450,475.388448356051,3.57320404052734,c(19.61181, -31.81833)
"614",614,"806_18_HTR","Stipagrostis obtusa","POACEAE",-31.8607,19.57221,"HTR",806,"EPO",18,36,14,14,153.93804,"0","N","3.252495279","41.31537196","12.70266931","4.561169432","-26.41377528",6540,429.789964534144,1.84245002269745,c(19.57221, -31.8607)
"615",615,"806_19_HTR","Cladoraphis spinosa","POACEAE",-31.8607,19.57221,"HTR",806,"EPO",19,53,84,63,4156.327081,"2","N","0.588334103","45.68237042","77.64698695","4.343484411","-15.44485168",6540,429.789964534144,1.84245002269745,c(19.57221, -31.8607)
"616",616,"806_1_HTR","Pelargonium rapaceum","GERANIACEAE",-31.62858,19.74865,"HTR",806,"EPO",1,12,19,15,223.8384766,"0","B","3.11984294","41.95621183","13.44818077","2.699764825","-28.99397354",6300,1046.82476689016,4.67745351791382,c(19.74865, -31.62858)
"617",617,"806_20_HTR","Stipagrostis namaquensis","POACEAE",-31.8607,19.57221,"HTR",806,"EPO",20,90,120,120,11309.73355,"1","S","1.183311287","44.2938198","37.4320944","4.837424414","-13.09379325",6540,429.789964534144,1.84245002269745,c(19.57221, -31.8607)
"618",618,"806_21_HTR","Ornithogalum tanquanum","HYACINTHACEAE",-31.8607,19.57221,"HTR",806,"EPO",21,1,6,6,28.27433388,"0","N","1.3036658","43.71171213","33.52984494","4.141418046","-13.95437291",6540,429.789964534144,1.84245002269745,c(19.57221, -31.8607)
"619",619,"806_22_HTR","Cephalophyllum framesii","AIZOACEAE",-31.89687,19.52036,"HTR",806,"EPO",22,6,75,56,3298.672286,"1","N","1.266793525","41.17053345","44.9355712","6.8802638","-25.05815884",6420,403.595090849219,3.59547090530396,c(19.52036, -31.89687)
"620",620,"806_23_HTR","Cephalophyllum curtophyllum","AIZOACEAE",-31.88277,19.49961,"HTR",806,"EPO",23,5,16,16,201.0619298,"1","N","0.553940665","36.93928426","66.68455052","7.153888443","-21.39327546",6270,426.879423013597,4.14431667327881,c(19.49961, -31.88277)
"621",621,"806_24_HTR","Eriocephalus spinescens","ASTERACEAE",-31.88277,19.49961,"HTR",806,"EPO",24,28,54,39,1654.048532,"4","L","1.980203671","43.67065588","22.05361828","7.596069568","-25.23955688",6270,426.879423013597,4.14431667327881,c(19.49961, -31.88277)
"622",622,"806_25_HTR","Augea capensis","ZYGOPHYLLACEAE",-31.88277,19.49961,"HTR",806,"EPO",25,20,28,21,461.8141201,"2","N","0.688037526","16.89005501","24.54815961","5.658380031","-24.76319438",6270,426.879423013597,4.14431667327881,c(19.49961, -31.88277)
"623",623,"806_26_HTR","NA","NA",-31.8719,19.47399,"HTR",806,"EPO",26,41,53,45,1873.17462,"2","L","1.480724257","45.52812068","30.74719717","7.672210517","-27.37459136",6510,479.269170383447,3.82752919197083,c(19.47399, -31.8719)
"624",624,"806_27_HTR","Ruschia decurvans","AIZOACEAE",-31.85319,19.44261,"HTR",806,"EPO",27,95,126,89,8807.455004,"4","N","0.681216849","39.57834031","58.09947356","10.37326188","-24.0228603",6390,475.388448356051,5.26997518539429,c(19.44261, -31.85319)
"625",625,"806_28_HTR","Pelargonium magenteum","GERANIACEAE",-31.85319,19.44261,"HTR",806,"EPO",28,20,23,19,343.2189974,"2","B","2.697421771","45.18330968","16.75055424","9.741682465","-27.21984941",6390,475.388448356051,5.26997518539429,c(19.44261, -31.85319)
"626",626,"806_29_HTR","Hirpicium alienatum","ASTERACEAE",-31.85319,19.44261,"HTR",806,"EPO",29,23,29,29,660.5198554,"4","B","1.424786874","42.15256158","29.58516979","9.218457482","-28.37080594",6390,475.388448356051,5.26997518539429,c(19.44261, -31.85319)
"627",627,"806_2_HTR","Ruschia cradockensis","AIZOACEAE",-31.62858,19.74865,"HTR",806,"EPO",2,34,54,52,2205.398043,"4","N","0.901314997","40.12746256","44.5210195","4.057082374","-25.40477706",6300,1046.82476689016,4.67745351791382,c(19.74865, -31.62858)
"628",628,"806_3_HTR","Pteronia glomerata","ASTERACEAE",-31.62858,19.74865,"HTR",806,"EPO",3,37,70,68,3738.495258,"3","L","1.779793407","45.16751818","25.37795567","4.549220717","-28.08176912",6300,1046.82476689016,4.67745351791382,c(19.74865, -31.62858)
"629",629,"806_4_HTR","NA","NA",-31.63813,19.74711,"HTR",806,"EPO",4,7,16,9,113.0973355,"0","B","3.372538336","42.81476171","12.69511491","-1.282618646","-29.47789897",6570,1039.06332283537,7.55033588409424,c(19.74711, -31.63813)
"630",630,"806_5_HTR","Holothrix secunda","ORCHIDACEAE",-31.63813,19.74711,"HTR",806,"EPO",5,7,9,3,21.20575041,"0","S","1.907959291","40.56184303","21.25928117","0.272081549","-25.39235048",6570,1039.06332283537,7.55033588409424,c(19.74711, -31.63813)
"631",631,"806_6_HTR","Tylecodon paniculatus","CRASSULACEAE",-31.67749,19.75519,"HTR",806,"EPO",6,87,75,75,4417.864669,"3","N","0.989219458","35.3177398","35.70263354","2.303180605","-15.40264189",5730,905.178412890195,16.0830841064453,c(19.75519, -31.67749)
"632",632,"806_7_HTR","NA","NA",-31.67749,19.75519,"HTR",806,"EPO",7,58,78,62,3798.185518,"4","N","0.776917005","38.25234851","49.2360809","3.975387409","-23.19680514",5730,905.178412890195,16.0830841064453,c(19.75519, -31.67749)
"633",633,"806_8_HTR","Montinia caryophyllacea","MONTINIACEAE",-31.67749,19.75519,"HTR",806,"EPO",8,163,170,150,20027.65317,"4","N","2.44693695","45.30583313","18.5153251","2.639723947","-26.53161781",5730,905.178412890195,16.0830841064453,c(19.75519, -31.67749)
"634",634,"806_9_HTR","Felicia hirta","ASTERACEAE",-31.67749,19.75519,"HTR",806,"EPO",9,52,42,16,527.7875658,"3","B","2.504606761","43.55427714","17.38966684","2.198767992","-30.32452007",5730,905.178412890195,16.0830841064453,c(19.75519, -31.67749)
"635",635,"808_10_HTR","Gazania krebsiana","ASTERACEAE",-31.49766,19.92908,"HTR",808,"EPO",10,9,20,15,235.619449,"1","B","2.860748474","37.65291441","13.16191016","5.96869039","-28.03568929",6300,1021.60007371208,7.05754041671753,c(19.92908, -31.49766)
"636",636,"808_11_HTR","NA","NA",-31.49738,19.74346,"HTR",808,"EPO",11,35,60,50,2356.19449,"4","S","1.109141097","33.91092107","30.57403712","6.235308716","-22.25084589",6600,950.776896712102,2.62184357643127,c(19.74346, -31.49738)
"637",637,"808_12_HTR","Rosenia humilis","ASTERACEAE",-31.49738,19.74346,"HTR",808,"EPO",12,30,60,50,2356.19449,"4","B","3.035289782","44.70107549","14.72711955","4.903215657","-28.81499984",6600,950.776896712102,2.62184357643127,c(19.74346, -31.49738)
"638",638,"808_13_HTR","Lachenalia obscura","HYACINTHACEAE",-31.49738,19.74346,"HTR",808,"EPO",13,13,1,1,0.785398163,"0","N","NA","NA","NA","NA","NA",6600,950.776896712102,2.62184357643127,c(19.74346, -31.49738)
"639",639,"808_14_HTR","Pelargonium praemorsum","GERANIACEAE",-31.49738,19.74346,"HTR",808,"EPO",14,40,30,25,589.0486225,"4","B","2.401956153","42.92717892","17.87175793","2.284963782","-26.97711739",6600,950.776896712102,2.62184357643127,c(19.74346, -31.49738)
"640",640,"808_15_HTR","Foveolina dichotoma","ASTERACEAE",-31.49306,19.74421,"HTR",808,"EPO",15,1,5,3,11.78097245,"1","B","2.116282845","35.258385","16.66052583","7.73516162","-31.02187022",6570,947.866355191554,2.65253901481628,c(19.74421, -31.49306)
"641",641,"808_16_HTR","Gorteria diffusa","ASTERACEAE",-31.49306,19.74421,"HTR",808,"EPO",16,4,10,8,62.83185307,"1","B","1.323295016","35.72035662","26.99349441","6.482954202","-28.74442838",6570,947.866355191554,2.65253901481628,c(19.74421, -31.49306)
"642",642,"808_17_HTR","Senecio cardaminifolius","ASTERACEAE",-31.49306,19.74421,"HTR",808,"EPO",17,15,8,6,37.69911184,"1","B","3.486855244","38.80160322","11.12796503","1.522055914","-28.62546507",6570,947.866355191554,2.65253901481628,c(19.74421, -31.49306)
"643",643,"808_18_HTR","Moraea bifida","IRIDACEAE",-31.49306,19.74421,"HTR",808,"EPO",18,20,1,1,0.785398163,"1","B","2.390418392","40.05602739","16.78477347","3.860708046","-28.8885958",6570,947.866355191554,2.65253901481628,c(19.74421, -31.49306)
"644",644,"808_19_HTR","Leysera gnaphalodes","ASTERACEAE",-31.44853,19.77332,"HTR",808,"EPO",19,15,10,10,78.53981634,"2","B","2.596403185","42.88495976","16.51706484","2.483679314","-31.48058471",6630,1003.16664408195,8.05287456512451,c(19.77332, -31.44853)
"645",645,"808_1_HTR","Colchicum crispum","COLCHICACEAE",-31.48831,19.94055,"HTR",808,"EPO",1,1,7,1,5.497787144,"0","N","2.458778943","43.10273108","17.53013674","4.563701684","-27.68081567",NA,NA,NA,c(19.94055, -31.48831)
"646",646,"808_20_HTR","Aristida vestita","POACEAE",-31.44853,19.77332,"HTR",808,"EPO",20,80,50,40,1570.796327,"0","N","0.9586236","43.79327087","45.68348919","0.159636878","-13.69450422",6630,1003.16664408195,8.05287456512451,c(19.77332, -31.44853)
"647",647,"808_21_HTR","Aptosimum spinescens","SCROPHULARIACEAE",-31.45082,19.77549,"HTR",808,"EPO",21,8,27,27,572.5552611,"4","B","1.657413631","42.44938117","25.61182096","2.018345457","-26.80371323",6240,1021.60007371208,7.16935348510742,c(19.77549, -31.45082)
"648",648,"808_22_HTR","Zaluzianskya violacea","SCROPHULARIACEAE",-31.45082,19.77549,"HTR",808,"EPO",22,2,1,1,0.785398163,"1","B","2.803366086","41.90416147","14.9478021","3.942590827","-30.46133119",6240,1021.60007371208,7.16935348510742,c(19.77549, -31.45082)
"649",649,"808_2_HTR","Ifloga glomerata","ASTERACEAE",-31.48831,19.94055,"HTR",808,"EPO",2,1,9,7,49.48008429,"1","B","4.162023544","38.47862925","9.245173373","7.44058332","-27.87035044",NA,NA,NA,c(19.94055, -31.48831)
"650",650,"808_3_HTR","Plantago cafra","PLANTAGINACEAE",-31.48831,19.94055,"HTR",808,"EPO",3,1,3,3,7.068583471,"0","L","1.249644755","39.36138056","31.49805607","4.270121954","-29.7525921",NA,NA,NA,c(19.94055, -31.48831)
"651",651,"808_4_HTR","Leysera tenella","ASTERACEAE",-31.48831,19.94055,"HTR",808,"EPO",4,5,22,12,207.3451151,"1","B","2.815917023","42.82003468","15.2064263","6.611769798","-30.69320885",NA,NA,NA,c(19.94055, -31.48831)
"652",652,"808_5_HTR","Ifloga glomerata","ASTERACEAE",-31.48831,19.94055,"HTR",808,"EPO",5,1,4,4,12.56637061,"1","B","2.132094283","27.91383773","13.09221546","7.524463243","-29.90885748",NA,NA,NA,c(19.94055, -31.48831)
"653",653,"808_6_HTR","Felicia macrorrhiza","ASTERACEAE",-31.46602,19.95173,"HTR",808,"EPO",6,20,22,15,259.1813939,"4","B","2.924674049","40.51769258","13.8537464","3.582106874","-29.38057969",NA,NA,NA,c(19.95173, -31.46602)
"654",654,"808_7_HTR","NA","NA",-31.46602,19.95173,"HTR",808,"EPO",7,7,14,7,76.96902001,"4","L","1.611266098","32.70639961","20.2985712","3.721906745","-26.22704359",NA,NA,NA,c(19.95173, -31.46602)
"655",655,"808_8_HTR","NA","NA",-31.46602,19.95173,"HTR",808,"EPO",8,13,9,8,56.54866776,"2","N","2.338504081","35.60988016","15.22763225","6.318190068","-31.1640213",NA,NA,NA,c(19.95173, -31.46602)
"656",656,"808_9_HTR","Otholobium candicans","FABACEAE",-31.47886,19.95338,"HTR",808,"EPO",9,220,150,150,17671.45868,"4","B","2.493577874","47.75553787","19.15141226","-2.048832227","-26.51033759",NA,NA,NA,c(19.95338, -31.47886)
"657",657,"818_38_HTR","Willdenowia incurvata","RESTIONACEAE",-31.27577,19.04081,"HTR",818,"EPO",38,110,140,110,12095.13172,"1","N","0.384325321","46.22858056","120.3212443","3.335593003","-26.65600207",6450,756.740795342285,3.70112013816833,c(19.04081, -31.27577)
"658",658,"818_39_HTR","Cannomois parviflora","RESTIONACEAE",-31.27577,19.04081,"HTR",818,"EPO",39,50,60,35,1649.336143,"0","N","0.329831413","46.042662","139.5945328","4.195865387","-28.71772862",6450,756.740795342285,3.70112013816833,c(19.04081, -31.27577)
"659",659,"818_40_HTR","Cymbopogon marginatus","POACEAE",-31.27577,19.04081,"HTR",818,"EPO",40,55,100,80,6283.185307,"0","L","1.825081969","37.94573914","20.791252","2.911862857","-31.0513774",6450,756.740795342285,3.70112013816833,c(19.04081, -31.27577)
"660",660,"818_41_HTR","Gymnodiscus capillaris","ASTERACEAE",-31.27577,19.04081,"HTR",818,"EPO",41,0.5,1.5,1,1.178097245,"0","B","1.684911644","33.82704655","20.07645129","3.898985894","-31.77682748",6450,756.740795342285,3.70112013816833,c(19.04081, -31.27577)
"661",661,"818_42_HTR","Heliophila pinnata","BRASSICACEAE",-31.27577,19.04081,"HTR",818,"EPO",42,17,6,5,23.5619449,"1","L","2.606790687","415.884074","159.5387294","4.727464158","-31.43808426",6450,756.740795342285,3.70112013816833,c(19.04081, -31.27577)
"662",662,"818_43_HTR","Tenaxia dura","POACEAE",-31.27577,19.04081,"HTR",818,"EPO",43,30,50,45,1767.145868,"0","N","0.955686336","44.36369117","46.42076537","2.093177482","-13.96345036",6450,756.740795342285,3.70112013816833,c(19.04081, -31.27577)
"663",663,"818_44_HTR","Selago glabrata","SCROPHULARIACEAE",-31.27577,19.04081,"HTR",818,"EPO",44,40,40,30,942.4777961,"4","N","1.86621935","43.45159109","23.43550073","5.262094029","-29.73495847",6450,756.740795342285,3.70112013816833,c(19.04081, -31.27577)
"664",664,"818_45_HTR","Arctopus echinatus","APIACEAE",-31.27577,19.04081,"HTR",818,"EPO",45,0.5,9,7,49.48008429,"0","N","2.163595957","41.75749195","19.30004159","0.907258833","-26.44686778",6450,756.740795342285,3.70112013816833,c(19.04081, -31.27577)
"665",665,"818_46_HTR","Pharnaceum ciliare","MOLLUGINACEAE",-31.27577,19.04081,"HTR",818,"EPO",46,10,12,10,94.24777961,"3","B","2.386761471","39.20916832","16.42776993","4.342603688","-30.73561675",6450,756.740795342285,3.70112013816833,c(19.04081, -31.27577)
"666",666,"818_47_HTR","Stipagrostis zeyheri","POACEAE",-31.27577,19.04081,"HTR",818,"EPO",47,65,100,90,7068.583471,"0","S","0.658593591","45.44692984","69.00603112","1.811142328","-13.6644607",6450,756.740795342285,3.70112013816833,c(19.04081, -31.27577)
"667",667,"818_48_HTR","Senecio burchellii","ASTERACEAE",-31.27577,19.04081,"HTR",818,"EPO",48,70,45,25,883.5729338,"2","B","2.436128496","39.69321466","16.29356363","5.71067004","-31.60895473",6450,756.740795342285,3.70112013816833,c(19.04081, -31.27577)
"668",668,"818_49_HTR","Pelargonium triste","GERANIACEAE",-31.27538,19.04072,"HTR",818,"EPO",49,35,30,5,117.8097245,"0","B","NA","NA","NA","NA","NA",6510,757.710975849134,3.70112013816833,c(19.04072, -31.27538)
"669",669,"818_50_HTR","Cyphia volubilis","LOBELIACEAE",-31.27538,19.04072,"HTR",818,"EPO",50,60,25,5,98.17477042,"0","N","2.068466791","41.17509663","19.90609509","3.839249282","-26.46485415",6510,757.710975849134,3.70112013816833,c(19.04072, -31.27538)
"670",670,"818_51_HTR","Oxalis pocockiae","OXALIDACEAE",-31.27538,19.04072,"HTR",818,"EPO",51,0.5,8,5,31.41592654,"0","N","1.673133435","46.43687155","27.75443403","1.656414709","-29.43859994",6510,757.710975849134,3.70112013816833,c(19.04072, -31.27538)
"671",671,"818_52_HTR","Olea europaea","OLEACEAE",-31.27538,19.04072,"HTR",818,"EPO",52,125,150,140,16493.36143,"4","N","0.942616886","50.36984417","53.43617849","0.704546066","-28.56326348",6510,757.710975849134,3.70112013816833,c(19.04072, -31.27538)
"672",672,"818_53_HTR","Pentaschistis pallida","POACEAE",-31.27538,19.04072,"HTR",818,"EPO",53,5,7,5,27.48893572,"0","B","2.9789567","40.13644922","13.47332414","6.073986158","-32.2754495",6510,757.710975849134,3.70112013816833,c(19.04072, -31.27538)
"673",673,"818_54_HTR","Rhus angustifolia","ANACARDIACEAE",-31.27538,19.04072,"HTR",818,"EPO",54,220,350,300,82466.80716,"4","S","1.081749202","48.47577244","44.81239492","5.086863121","-27.07139437",6510,757.710975849134,3.70112013816833,c(19.04072, -31.27538)
"674",674,"818_55_HTR","Trichogyne ambigua","ASTERACEAE",-31.27538,19.04072,"HTR",818,"EPO",55,30,25,20,392.6990817,"4","B","1.948439625","35.36823345","18.15208077","1.777846511","-31.07136225",6510,757.710975849134,3.70112013816833,c(19.04072, -31.27538)
"675",675,"818_56_HTR","Indigofera nigromontana","FABACEAE",-31.27247,19.04989,"HTR",818,"EPO",56,75,140,115,12644.91043,"4","B","2.651065421","46.45803201","17.52428727","-0.619452293","-27.77386187",6570,742.188087739549,3.25063896179199,c(19.04989, -31.27247)
"676",676,"818_57_HTR","Convolvulus capensis","CONVOLVULACEAE",-31.27247,19.04989,"HTR",818,"EPO",57,5,44,10,345.5751919,"2","B","NA","NA","NA","NA","NA",6570,742.188087739549,3.25063896179199,c(19.04989, -31.27247)
"677",677,"818_58_HTR","Romulea sabulosa","IRIDACEAE",-31.27247,19.04989,"HTR",818,"EPO",58,15,2,1,1.570796327,"0","N","2.091319074","42.9762288","20.54981917","4.574835756","-29.97081757",6570,742.188087739549,3.25063896179199,c(19.04989, -31.27247)
"678",678,"818_59_HTR","Thesium hispidulum","SANTALACEAE",-31.27247,19.04989,"HTR",818,"EPO",59,15,35,25,687.223393,"3","B","NA","NA","NA","NA","NA",6570,742.188087739549,3.25063896179199,c(19.04989, -31.27247)
"679",679,"818_60_HTR","Thamnochortus platypteris","RESTIONACEAE",-31.27247,19.04989,"HTR",818,"EPO",60,80,120,110,10367.25576,"0","N","0.518858176","46.85341313","90.30100189","4.269969173","-25.33322961",6570,742.188087739549,3.25063896179199,c(19.04989, -31.27247)
"680",680,"818_61_HTR","Amphiglossa tomentosa","ASTERACEAE",-31.27247,19.04989,"HTR",818,"EPO",61,30,60,50,2356.19449,"4","B","NA","NA","NA","NA","NA",6570,742.188087739549,3.25063896179199,c(19.04989, -31.27247)
"681",681,"818_62_HTR","Helichrysum moeserianum","ASTERACEAE",-31.27247,19.04989,"HTR",818,"EPO",62,6,23,18,325.1548396,"1","B","NA","NA","NA","NA","NA",6570,742.188087739549,3.25063896179199,c(19.04989, -31.27247)
"682",682,"818_63_HTR","Restio macer","RESTIONACEAE",-31.27247,19.04989,"HTR",818,"EPO",63,35,80,80,5026.548246,"3","N","NA","NA","NA","NA","NA",6570,742.188087739549,3.25063896179199,c(19.04989, -31.27247)
"683",683,"818_64_HTR","Cleretum bellidiforme","AIZOACEAE",-31.27247,19.04989,"HTR",818,"EPO",64,2,2,2,3.141592654,"0","N","NA","NA","NA","NA","NA",6570,742.188087739549,3.25063896179199,c(19.04989, -31.27247)
"684",684,"818_65_HTR","Nemesia cheiranthus","SCROPHULARIACEAE",-31.27247,19.04989,"HTR",818,"EPO",65,25,5,3,11.78097245,"0","B","NA","NA","NA","NA","NA",6570,742.188087739549,3.25063896179199,c(19.04989, -31.27247)
"685",685,"818_66_HTR","Tetragonia nigrescens","AIZOACEAE",-31.27247,19.04989,"HTR",818,"EPO",66,5,25,15,294.5243113,"1","N","NA","NA","NA","NA","NA",6570,742.188087739549,3.25063896179199,c(19.04989, -31.27247)
"686",686,"818_67_HTR","Trachyandra divaricata","ASPHODELACEAE",-31.27247,19.04989,"HTR",818,"EPO",67,30,10,4,31.41592654,"0","N","NA","NA","NA","NA","NA",6570,742.188087739549,3.25063896179199,c(19.04989, -31.27247)
"687",687,"818_68_HTR","Pelargonium triste","GERANIACEAE",-31.27247,19.04989,"HTR",818,"EPO",68,15,30,20,471.238898,"0","B","NA","NA","NA","NA","NA",6570,742.188087739549,3.25063896179199,c(19.04989, -31.27247)
"688",688,"818_69_HTR","Indigofera nigromontana","FABACEAE",-31.27247,19.04989,"HTR",818,"EPO",69,30,75,50,2945.243113,"4","B","NA","NA","NA","NA","NA",6570,742.188087739549,3.25063896179199,c(19.04989, -31.27247)
"689",689,"818_70_HTR","Antimima triquetra","AIZOACEAE",-31.27247,19.04989,"HTR",818,"EPO",70,15,40,30,942.4777961,"4","N","NA","NA","NA","NA","NA",6570,742.188087739549,3.25063896179199,c(19.04989, -31.27247)
"690",690,"818_71_HTR","Heliophila amplexicaulis","BRASSICACEAE",-31.27247,19.04989,"HTR",818,"EPO",71,15,15,6,70.68583471,"1","N","NA","NA","NA","NA","NA",6570,742.188087739549,3.25063896179199,c(19.04989, -31.27247)
"691",691,"818_72_HTR","Adenogramma glomerata","MOLLUGINACEAE",-31.27247,19.04989,"HTR",818,"EPO",72,2,7,6,32.98672286,"0","N","NA","NA","NA","NA","NA",6570,742.188087739549,3.25063896179199,c(19.04989, -31.27247)
"692",692,"818_73_HTR","Moraea brachygyne","IRIDACEAE",-31.27247,19.04989,"HTR",818,"EPO",73,20,2,1,1.570796327,"0","N","NA","NA","NA","NA","NA",6570,742.188087739549,3.25063896179199,c(19.04989, -31.27247)
"693",693,"818_74_HTR","Lapeirousia jacquinii","IRIDACEAE",-31.27247,19.04989,"HTR",818,"EPO",74,3,4,4,12.56637061,"0","N","NA","NA","NA","NA","NA",6570,742.188087739549,3.25063896179199,c(19.04989, -31.27247)
"694",694,"818_75_HTR","Zaluzianskya pusilla","SCROPHULARIACEAE",-31.27247,19.04989,"HTR",818,"EPO",75,4,1,1,0.785398163,"0","B","NA","NA","NA","NA","NA",6570,742.188087739549,3.25063896179199,c(19.04989, -31.27247)
"695",695,"818_76_HTR","Cotula nudicaulis","ASTERACEAE",-31.27247,19.04989,"HTR",818,"EPO",76,4,3,3,7.068583471,"0","B","NA","NA","NA","NA","NA",6570,742.188087739549,3.25063896179199,c(19.04989, -31.27247)
"696",696,"625_1_HK","Ischyrolepis capensis","RESTIONACEAE",-34.32397,18.95578,"Hangklip",625,"ET",1,27,75,70,4123.340358,"2","N","0.868957713","45.59238015","52.4678928","-0.092092715","-27.14145867",4980,309.487581684858,26.7167129516602,c(18.95578, -34.32397)
"697",697,"625_10_HK","Cassytha filiformis","LAURACEAE",-34.3286,18.96027,"Hangklip",625,"ET",10,150,2,2,3.141592654,"1","N","0.444630919","43.17689015","97.10725974","1.595827465","-29.061562",6450,84.4057040958702,25.5977783203125,c(18.96027, -34.3286)
"698",698,"625_11_HK","Gnidia oppositifolia","THYMELAEACEAE",-34.3286,18.96027,"Hangklip",625,"ET",11,150,20,20,314.1592654,"1","N","1.622859773","48.61603671","29.95701632","-2.881592656","-30.6074411",6450,84.4057040958702,25.5977783203125,c(18.96027, -34.3286)
"699",699,"625_12_HK","Epischoenus gracilis","CYPERACEAE",-34.3286,18.96027,"Hangklip",625,"ET",12,70,160,90,11309.73355,"1","N","0.280631225","46.73509535","166.535621","-0.604410093","-28.10836785",6450,84.4057040958702,25.5977783203125,c(18.96027, -34.3286)
"700",700,"625_13_HK","Cliffortia heterophylla","ROSACEAE",-34.3286,18.96027,"Hangklip",625,"ET",13,130,25,20,392.6990817,"1","N","0.958344804","45.32766113","47.2978629","-3.683184294","-30.25280978",6450,84.4057040958702,25.5977783203125,c(18.96027, -34.3286)
"701",701,"625_14_HK","Chironia melampyrifolia","GENTIANACEAE",-34.3286,18.96027,"Hangklip",625,"ET",14,110,100,50,3926.990817,"1","N","1.132416401","42.18473602","37.25196489","-1.602747187","-32.0651522",6450,84.4057040958702,25.5977783203125,c(18.96027, -34.3286)
"702",702,"625_15_HK","Todea barbara","OSMUNDACEAE",-34.3286,18.96027,"Hangklip",625,"ET",15,140,230,200,36128.31552,"1","N","0.658740489","48.35189764","73.40052482","-0.485583629","-26.58404092",6450,84.4057040958702,25.5977783203125,c(18.96027, -34.3286)
"703",703,"625_16_HK","Podalyria calyptrata","FABACEAE",-34.3286,18.96027,"Hangklip",625,"ET",16,170,200,100,15707.96327,"2","B","2.330904345","49.39939129","21.19322974","-0.644343577","-28.32682858",6450,84.4057040958702,25.5977783203125,c(18.96027, -34.3286)
"704",704,"625_17_HK","Metrosideros angustifolia","MYRTACEAE",-34.3286,18.96027,"Hangklip",625,"ET",17,400,300,250,58904.86225,"4","N","1.020760795","47.37198369","46.40850623","-2.744929292","-27.86512962",6450,84.4057040958702,25.5977783203125,c(18.96027, -34.3286)
"705",705,"625_18_HK","Brabejum stellatifolium","PROTEACEAE",-34.3286,18.96027,"Hangklip",625,"ET",18,200,300,150,35342.91735,"4","N","0.82004006","46.42713826","56.61569537","1.470403098","-28.6418827",6450,84.4057040958702,25.5977783203125,c(18.96027, -34.3286)
"706",706,"625_19_HK","Polyarrhena reflexa","ASTERACEAE",-34.3286,18.96027,"Hangklip",625,"ET",19,120,80,60,3769.911184,"3","N","0.968787153","43.08735541","44.47556438","-1.911654527","-29.88718657",6450,84.4057040958702,25.5977783203125,c(18.96027, -34.3286)
"707",707,"625_2_HK","Psoralea pinnata","FABACEAE",-34.32397,18.95578,"Hangklip",625,"ET",2,250,250,120,23561.9449,"4","N","2.284144197","51.30774765","22.46256945","-2.429662498","-29.08507347",4980,309.487581684858,26.7167129516602,c(18.95578, -34.32397)
"708",708,"625_20_HK","Cannomois virgata","RESTIONACEAE",-34.3286,18.96027,"Hangklip",625,"ET",20,150,140,90,9896.016859,"1","N","0.497985379","46.75795031","93.89422325","0.854504359","-28.20040374",6450,84.4057040958702,25.5977783203125,c(18.96027, -34.3286)
"709",709,"625_3_HK","Erica imbricata","ERICACEAE",-34.32397,18.95578,"Hangklip",625,"ET",3,25,63,40,1979.203372,"4","S","0.610659599","54.21376796","88.77903173","-1.289123242","-27.25999566",4980,309.487581684858,26.7167129516602,c(18.95578, -34.32397)
"710",710,"625_4_HK","Erica pulchella","ERICACEAE",-34.32397,18.95578,"Hangklip",625,"ET",4,33,60,30,1413.716694,"4","S","0.764946811","52.61451382","68.78192452","-2.503685541","-27.84092488",4980,309.487581684858,26.7167129516602,c(18.95578, -34.32397)
"711",711,"625_5_HK","Ficinia deusta","CYPERACEAE",-34.32397,18.95578,"Hangklip",625,"ET",5,45,50,30,1178.097245,"0","N","0.825786087","46.06208566","55.77968241","3.057782567","-25.54659734",4980,309.487581684858,26.7167129516602,c(18.95578, -34.32397)
"712",712,"625_6_HK","Erica breviflora","ERICACEAE",-34.32397,18.95578,"Hangklip",625,"ET",6,30,70,35,1924.2255,"3","N","0.551130027","50.26380514","91.2013548","-1.178088677","-29.16540432",4980,309.487581684858,26.7167129516602,c(18.95578, -34.32397)
"713",713,"625_7_HK","Staberoha cernua","RESTIONACEAE",-34.3286,18.96027,"Hangklip",625,"ET",7,55,70,70,3848.451001,"1","N","0.431942729","48.14659293","111.4652238","1.528622334","-29.31920852",6450,84.4057040958702,25.5977783203125,c(18.96027, -34.3286)
"714",714,"625_8_HK","Pteridium aquilinum","DENNSTAEDTIACEAE",-34.3286,18.96027,"Hangklip",625,"ET",8,70,30,30,706.8583471,"0","N","0.658698886","45.22067581","68.65151405","-1.196594438","-27.4147795",6450,84.4057040958702,25.5977783203125,c(18.96027, -34.3286)
"715",715,"625_9_HK","Elegia racemosa","RESTIONACEAE",-34.3286,18.96027,"Hangklip",625,"ET",9,150,55,40,1727.875959,"0","N","0.358540319","44.19906017","123.2750066","0.787417915","-30.39093966",6450,84.4057040958702,25.5977783203125,c(18.96027, -34.3286)
"716",716,"703_1_BK","NA","NA",-33.59451,24.21148,"Baviaanksloof",703,"HK",1,190,200,120,18849.55592,"4","B","1.661849327","45.92884313","27.63718851","2.906238258","-29.23032892",5610,343.443899424575,28.8269157409668,c(24.21148, -33.59451)
"717",717,"703_10_BK","Cineraria saxifraga","ASTERACEAE",-33.59451,24.21148,"Baviaanksloof",703,"HK",10,35,50,35,1374.446786,"2","N","3.183862615","40.6140188","12.75620959","6.046562937","-31.67062385",5610,343.443899424575,28.8269157409668,c(24.21148, -33.59451)
"718",718,"703_11_BK","Ehrharta ramosa","POACEAE",-33.59451,24.21148,"Baviaanksloof",703,"HK",11,80,220,150,25918.13939,"3","N","2.328981493","43.42240151","18.64437379","3.805872152","-26.12942303",5610,343.443899424575,28.8269157409668,c(24.21148, -33.59451)
"719",719,"703_12_BK","Crassula muscosa","CRASSULACEAE",-33.59451,24.21148,"Baviaanksloof",703,"HK",12,25,22,15,259.1813939,"3","N","0.613005055","45.10073757","73.57319027","0.383115757","-21.91911632",5610,343.443899424575,28.8269157409668,c(24.21148, -33.59451)
"720",720,"703_13_BK","Aspalathus kougaensis","FABACEAE",-33.59451,24.21148,"Baviaanksloof",703,"HK",13,450,400,200,62831.85307,"4","B","1.384823782","48.77195233","35.21888703","-0.396040272","-26.52695027",5610,343.443899424575,28.8269157409668,c(24.21148, -33.59451)
"721",721,"703_14_BK","Cotyledon woodii","CRASSULACEAE",-33.59451,24.21148,"Baviaanksloof",703,"HK",14,120,170,120,16022.12253,"4","N","0.729360769","42.52770507","58.30818829","1.719235031","-14.03917863",5610,343.443899424575,28.8269157409668,c(24.21148, -33.59451)
"722",722,"703_15_BK","Ehretia rigida","BORAGINACEAE",-33.59451,24.21148,"Baviaanksloof",703,"HK",15,190,180,120,16964.60033,"4","N","2.072998904","43.73869802","21.09923837","4.762782408","-28.39561844",5610,343.443899424575,28.8269157409668,c(24.21148, -33.59451)
"723",723,"703_16_BK","Cussonia spicata","ARALIACEAE",-33.59451,24.21148,"Baviaanksloof",703,"HK",16,300,100,100,7853.981634,"1","N","1.401894494","47.06053671","33.56924284","2.547767233","-25.939848",5610,343.443899424575,28.8269157409668,c(24.21148, -33.59451)
"724",724,"703_17_BK","Eragrostis curvula","POACEAE",-33.59451,24.21148,"Baviaanksloof",703,"HK",17,45,45,40,1413.716694,"0","N","1.684381","44.32318155","26.31422555","3.081029915","-13.98791599",5610,343.443899424575,28.8269157409668,c(24.21148, -33.59451)
"725",725,"703_18_BK","Felicia muricata","ASTERACEAE",-33.59451,24.21148,"Baviaanksloof",703,"HK",18,35,60,40,1884.955592,"3","N","3.208226464","42.77024975","13.33143101","3.766371212","-29.61624952",5610,343.443899424575,28.8269157409668,c(24.21148, -33.59451)
"726",726,"703_19_BK","Selago canescens","SCROPHULARIACEAE",-33.59451,24.21148,"Baviaanksloof",703,"HK",19,60,80,55,3455.751919,"4","N","2.333783572","43.59428995","18.6796627","4.249270196","-30.27202438",5610,343.443899424575,28.8269157409668,c(24.21148, -33.59451)
"727",727,"703_2_BK","Osyris compressa","SANTALACEAE",-33.59451,24.21148,"Baviaanksloof",703,"HK",2,500,800,600,376991.1184,"4","N","0.826563123","49.14522007","59.45731025","2.231759719","-27.00088785",5610,343.443899424575,28.8269157409668,c(24.21148, -33.59451)
"728",728,"703_20_BK","Carissa bispinosa","APOCYNACEAE",-33.59451,24.21148,"Baviaanksloof",703,"HK",20,150,340,250,66758.84389,"4","N","1.066808738","49.10059446","46.02567706","3.742670649","-26.88191985",5610,343.443899424575,28.8269157409668,c(24.21148, -33.59451)
"729",729,"703_21_BK","Stipa dregeana","POACEAE",-33.59451,24.21148,"Baviaanksloof",703,"HK",21,50,60,50,2356.19449,"0","N","1.759966189","43.78224975","24.87675617","3.737733031","-27.39357899",5610,343.443899424575,28.8269157409668,c(24.21148, -33.59451)
"730",730,"703_3_BK","Phylica paniculata","RHAMNACEAE",-33.59451,24.21148,"Baviaanksloof",703,"HK",3,130,95,85,6342.090169,"4","B","0.801796588","52.63134112","65.64176243","1.897976781","-26.64785271",5610,343.443899424575,28.8269157409668,c(24.21148, -33.59451)
"731",731,"703_4_BK","Polygala fruticosa","POLYGALACEAE",-33.59451,24.21148,"Baviaanksloof",703,"HK",4,130,180,130,18378.31702,"4","N","1.578858896","51.82755461","32.82595724","2.122144612","-29.61818396",5610,343.443899424575,28.8269157409668,c(24.21148, -33.59451)
"732",732,"703_5_BK","Ischyrolepis gaudichaudiana","RESTIONACEAE",-33.59451,24.21148,"Baviaanksloof",703,"HK",5,160,140,150,16493.36143,"1","N","0.378033038","46.29051758","122.4509844","1.252136423","-26.14780021",5610,343.443899424575,28.8269157409668,c(24.21148, -33.59451)
"733",733,"703_6_BK","Loxostylis alata","ANACARDIACEAE",-33.59451,24.21148,"Baviaanksloof",703,"HK",6,700,800,800,502654.8246,"4","N","0.902358728","49.64478866","55.01668809","0.395953562","-25.6777315",5610,343.443899424575,28.8269157409668,c(24.21148, -33.59451)
"734",734,"703_7_BK","Pittosporum viridiflorum","PITTOSPORACEAE",-33.59451,24.21148,"Baviaanksloof",703,"HK",7,400,300,300,70685.83471,"4","N","1.038270614","46.22112273","44.51741396","1.444703502","-28.30566703",5610,343.443899424575,28.8269157409668,c(24.21148, -33.59451)
"735",735,"703_8_BK","Erica demissa","ERICACEAE",-33.59451,24.21148,"Baviaanksloof",703,"HK",8,200,200,130,20420.35225,"4","N","1.080803092","53.11489935","49.14391878","1.8693386","-26.7706896",5610,343.443899424575,28.8269157409668,c(24.21148, -33.59451)
"736",736,"703_9_BK","Passerina obtusifolia","THYMELAEACEAE",-33.59451,24.21148,"Baviaanksloof",703,"HK",9,330,215,200,33772.12103,"4","N","0.703557252","54.05914085","76.83687531","0.875889975","-27.95940243",5610,343.443899424575,28.8269157409668,c(24.21148, -33.59451)
"737",737,"710_1_BK","Cliffortia ilicifolia","ROSACEAE",-33.7042,24.2066,"Baviaanksloof",710,"HK",1,115,120,120,11309.73355,"4","N","1.205715146","46.46179675","38.53463806","-0.487879956","-28.64129221",7260,915.850398465535,19.4656085968018,c(24.2066, -33.7042)
"738",738,"710_10_BK","Agathosma venusta","RUTACEAE",-33.7042,24.2066,"Baviaanksloof",710,"HK",10,50,30,25,589.0486225,"2","N","1.078869394","50.66873173","46.96465765","1.34496363","-27.44000553",7260,915.850398465535,19.4656085968018,c(24.2066, -33.7042)
"739",739,"710_11_BK","Ehrharta dura","POACEAE",-33.7042,24.2066,"Baviaanksloof",710,"HK",11,40,30,30,706.8583471,"0","N","1.157919762","44.45554176","38.39259267","-0.25907711","-26.56469854",7260,915.850398465535,19.4656085968018,c(24.2066, -33.7042)
"740",740,"710_12_BK","Protea neriifolia","PROTEACEAE",-33.7042,24.2066,"Baviaanksloof",710,"HK",12,70,50,45,1767.145868,"1","B","1.087793285","52.42408899","48.19306176","4.413661202","-28.72156598",7260,915.850398465535,19.4656085968018,c(24.2066, -33.7042)
"741",741,"710_13_BK","Leucadendron pubibracteolatum","PROTEACEAE",-33.7042,24.2066,"Baviaanksloof",710,"HK",13,85,80,65,4084.07045,"2","S","0.704607742","51.58382523","73.2092797","0.614268367","-29.55172718",7260,915.850398465535,19.4656085968018,c(24.2066, -33.7042)
"742",742,"710_14_BK","Erica articularis","ERICACEAE",-33.7042,24.2066,"Baviaanksloof",710,"HK",14,35,30,25,589.0486225,"2","N","0.830695564","54.28335962","65.34687549","-3.06660595","-26.54336262",7260,915.850398465535,19.4656085968018,c(24.2066, -33.7042)
"743",743,"710_15_BK","Tetraria involucrata","CYPERACEAE",-33.7042,24.2066,"Baviaanksloof",710,"HK",15,50,65,40,2042.035225,"0","N","0.618766542","45.06713912","72.83383318","3.776381299","-26.53851355",7260,915.850398465535,19.4656085968018,c(24.2066, -33.7042)
"744",744,"710_16_BK","Pentameris macrocalycina","POACEAE",-33.7042,24.2066,"Baviaanksloof",710,"HK",16,50,40,17,534.0707511,"1","N","0.617454","43.17215548","69.91963041","-1.85033394","-26.84691456",7260,915.850398465535,19.4656085968018,c(24.2066, -33.7042)
"745",745,"710_17_BK","NA","NA",-33.7042,24.2066,"Baviaanksloof",710,"HK",17,25,20,15,235.619449,"0","N","0.548419307","44.00043989","80.23138383","-0.036612022","-26.43377359",7260,915.850398465535,19.4656085968018,c(24.2066, -33.7042)
"746",746,"710_18_BK","Thamnochortus cinereus","RESTIONACEAE",-33.7042,24.2066,"Baviaanksloof",710,"HK",18,60,60,30,1413.716694,"0","B","0.714256736","47.30451504","66.22900798","0.904735883","-27.50444879",7260,915.850398465535,19.4656085968018,c(24.2066, -33.7042)
"747",747,"710_19_BK","Cannomois scirpoides","RESTIONACEAE",-33.7042,24.2066,"Baviaanksloof",710,"HK",19,95,40,30,942.4777961,"0","N","0.318868299","46.1232651","144.6467561","0.795931998","-27.97868807",7260,915.850398465535,19.4656085968018,c(24.2066, -33.7042)
"748",748,"710_2_BK","Pelargonium ovale","GERANIACEAE",-33.7042,24.2066,"Baviaanksloof",710,"HK",2,25,38,30,895.3539063,"2","B","1.106066357","45.45724904","41.09812106","-2.787822149","-27.05118327",7260,915.850398465535,19.4656085968018,c(24.2066, -33.7042)
"749",749,"710_20_BK","Elegia vaginulata","RESTIONACEAE",-33.7042,24.2066,"Baviaanksloof",710,"HK",20,40,30,15,353.4291735,"0","N","0.541823774","44.42170957","81.98553048","-0.30376442","-28.64495063",7260,915.850398465535,19.4656085968018,c(24.2066, -33.7042)
"750",750,"710_21_BK","Agathosma mundtii","RUTACEAE",-33.7042,24.2066,"Baviaanksloof",710,"HK",21,25,34,29,774.4025891,"3","N","0.78452781","49.83684523","63.52463816","-1.366545234","-28.72641505",7260,915.850398465535,19.4656085968018,c(24.2066, -33.7042)
"751",751,"710_22_BK","Aspalathus rubens","FABACEAE",-33.7042,24.2066,"Baviaanksloof",710,"HK",22,45,100,125,9817.477042,"4","B","1.338105665","48.69963472","36.3944612","-0.464055859","-28.70216969",7260,915.850398465535,19.4656085968018,c(24.2066, -33.7042)
"752",752,"710_23_BK","Leucadendron eucalyptifolium","PROTEACEAE",-33.7042,24.2066,"Baviaanksloof",710,"HK",23,65,15,15,176.7145868,"1","B","0.739940848","49.6473926","67.09643448","1.921857923","-31.11700778",7260,915.850398465535,19.4656085968018,c(24.2066, -33.7042)
"753",753,"710_24_BK","Erica speciosa","ERICACEAE",-33.70465,24.20145,"Baviaanksloof",710,"HK",24,115,135,125,13253.59401,"4","N","0.600410292","55.39314888","92.25882645","-2.068913175","-25.25350935",6210,990.554297492914,19.401704788208,c(24.20145, -33.70465)
"754",754,"710_25_BK","Helichrysum anomalum","ASTERACEAE",-33.7042,24.20039,"Baviaanksloof",710,"HK",25,40,40,30,942.4777961,"3","B","0.977761155","45.8614842","46.90458808","-0.411596843","-30.01626833",4950,1011.89826864359,21.031587600708,c(24.20039, -33.7042)
"755",755,"710_26_BK","Ehrharta ramosa","POACEAE",-33.7042,24.20039,"Baviaanksloof",710,"HK",26,110,40,30,942.4777961,"3","N","0.921994809","42.81637923","46.43885065","4.074620522","-26.63452519",4950,1011.89826864359,21.031587600708,c(24.20039, -33.7042)
"756",756,"710_27_BK","Stoebe plumosa","ASTERACEAE",-33.7042,24.20039,"Baviaanksloof",710,"HK",27,110,130,120,12252.21135,"4","B","1.497451995","47.78386521","31.91011489","3.444140862","-28.01457121",4950,1011.89826864359,21.031587600708,c(24.20039, -33.7042)
"757",757,"710_28_BK","Senecio linifolius","ASTERACEAE",-33.7042,24.20039,"Baviaanksloof",710,"HK",28,70,65,14,714.7123287,"2","N","3.711120967","40.9734453","11.04071941","4.600182149","-29.83297339",4950,1011.89826864359,21.031587600708,c(24.20039, -33.7042)
"758",758,"710_29_BK","Agathosma capensis","RUTACEAE",-33.7042,24.20039,"Baviaanksloof",710,"HK",29,32,30,23,541.9247327,"4","N","1.085605664","49.6450474","45.73027668","0.765816636","-29.17252972",4950,1011.89826864359,21.031587600708,c(24.20039, -33.7042)
"759",759,"710_3_BK","Brunia nodiflora","BRUNIACEAE",-33.7042,24.2066,"Baviaanksloof",710,"HK",3,100,110,100,8639.379797,"4","N","0.656895516","55.47603981","84.45184726","-2.140006744","-26.84806716",7260,915.850398465535,19.4656085968018,c(24.2066, -33.7042)
"760",760,"710_30_BK","Erica rosacea","ERICACEAE",-33.7042,24.20039,"Baviaanksloof",710,"HK",30,27,46,42,1517.389252,"4","N","0.575707448","52.27536907","90.80196768","-1.982452945","-27.64895115",4950,1011.89826864359,21.031587600708,c(24.20039, -33.7042)
"761",761,"710_31_BK","Thesium virgatum","SANTALACEAE",-33.7042,24.20039,"Baviaanksloof",710,"HK",31,60,40,40,1256.637061,"4","N","0.937948209","44.41464368","47.35298096","-1.467577413","-27.70423057",4950,1011.89826864359,21.031587600708,c(24.20039, -33.7042)
"762",762,"710_32_BK","Knowltonia vesicatoria","RANUNCULACEAE",-33.7042,24.20039,"Baviaanksloof",710,"HK",32,24,40,26,816.8140899,"0","S","1.080604727","41.45159245","38.35962531","-0.180388585","-27.3512181",4950,1011.89826864359,21.031587600708,c(24.20039, -33.7042)
"763",763,"710_33_BK","Thesium nigromontanum","SANTALACEAE",-33.7042,24.20039,"Baviaanksloof",710,"HK",33,25,15,12,141.3716694,"4","N","0.635740082","42.42332551","66.73061319","-0.06867031","-30.16271032",4950,1011.89826864359,21.031587600708,c(24.20039, -33.7042)
"764",764,"710_34_BK","Ursinia chrysanthemoides","ASTERACEAE",-33.7042,24.20039,"Baviaanksloof",710,"HK",34,60,33,20,518.3627878,"2","B","1.301552045","46.07444094","35.39961473","-1.066363084","-28.65076952",4950,1011.89826864359,21.031587600708,c(24.20039, -33.7042)
"765",765,"710_35_BK","Amphithalea williamsonii","FABACEAE",-33.7042,24.20039,"Baviaanksloof",710,"HK",35,76,80,14,879.645943,"4","B","1.439354556","49.52151459","34.40536202","-1.040133576","-26.32612418",4950,1011.89826864359,21.031587600708,c(24.20039, -33.7042)
"766",766,"710_36_BK","Athanasia pinnata","ASTERACEAE",-33.70368,24.19931,"Baviaanksloof",710,"HK",36,80,6,5,23.5619449,"0","B","1.062536985","43.820261","41.241163","-1.447176685","-28.94947238",6210,1026.45097624633,20.3390274047852,c(24.19931, -33.70368)
"767",767,"710_37_BK","Ruschia virgata","AIZOACEAE",-33.70368,24.19931,"Baviaanksloof",710,"HK",37,40,20,20,314.1592654,"2","N","0.649343791","33.12094161","51.00678883","0.238312083","-25.13907124",6210,1026.45097624633,20.3390274047852,c(24.19931, -33.70368)
"768",768,"710_38_BK","Lobostemon echioides","BORAGINACEAE",-33.70368,24.19931,"Baviaanksloof",710,"HK",38,60,75,60,3534.291735,"3","B","0.922626283","40.93234148","44.36502867","-0.901214329","-27.79636295",6210,1026.45097624633,20.3390274047852,c(24.19931, -33.70368)
"769",769,"710_39_BK","Leucadendron salignum","PROTEACEAE",-33.70368,24.19931,"Baviaanksloof",710,"HK",39,70,70,55,3023.782929,"3","N","0.499492264","51.20515094","102.5144023","1.73339405","-28.69247154",6210,1026.45097624633,20.3390274047852,c(24.19931, -33.70368)
"770",770,"710_4_BK","Helichrysum felinum","ASTERACEAE",-33.7042,24.2066,"Baviaanksloof",710,"HK",4,30,30,24,565.4866776,"2","B","1.419983576","45.85283267","32.29110072","-0.659709042","-30.63376449",7260,915.850398465535,19.4656085968018,c(24.2066, -33.7042)
"771",771,"710_40_BK","Ficinia deusta","CYPERACEAE",-33.70368,24.19931,"Baviaanksloof",710,"HK",40,30,50,24,942.4777961,"0","N","0.75140951","46.83809317","62.3336444","2.920522162","-26.7159896",6210,1026.45097624633,20.3390274047852,c(24.19931, -33.70368)
"772",772,"710_41_BK","Aspalathus kougaensis","FABACEAE",-33.70416,24.20075,"Baviaanksloof",710,"HK",41,50,80,55,3455.751919,"4","B","1.247783926","48.08784441","38.53859905","-0.555373406","-26.62773648",4950,1005.10700509565,21.031587600708,c(24.20075, -33.70416)
"773",773,"710_42_BK","Metalasia massonii","ASTERACEAE",-33.70416,24.20075,"Baviaanksloof",710,"HK",42,60,110,70,6047.565858,"4","B","0.736505588","44.68241746","60.66813098","0.852276867","-28.30357593",4950,1005.10700509565,21.031587600708,c(24.20075, -33.70416)
"774",774,"710_43_BK","Stachys aethiopica","LAMIACEAE",-33.70416,24.20075,"Baviaanksloof",710,"HK",43,34,20,15,235.619449,"0","N","1.819519588","43.35133563","23.82570427","1.754766242","-28.62555434",4950,1005.10700509565,21.031587600708,c(24.20075, -33.70416)
"775",775,"710_44_BK","Ficinia nigrescens","CYPERACEAE",-33.70416,24.20075,"Baviaanksloof",710,"HK",44,45,60,44,2073.451151,"0","N","1.112647778","45.70850271","41.08083762","3.32465088","-25.38637393",4950,1005.10700509565,21.031587600708,c(24.20075, -33.70416)
"776",776,"710_45_BK","Dodonaea angustifolia","SAPINDACEAE",-33.70416,24.20075,"Baviaanksloof",710,"HK",45,54,95,50,3730.641276,"4","N","1.650853395","49.79621438","30.16392281","0.610382514","-26.41146785",4950,1005.10700509565,21.031587600708,c(24.20075, -33.70416)
"777",777,"710_46_BK","Cullumia aculeata","ASTERACEAE",-33.70416,24.20075,"Baviaanksloof",710,"HK",46,35,90,50,3534.291735,"4","B","1.081279453","41.29766108","38.19332823","2.832119004","-27.84776312",4950,1005.10700509565,21.031587600708,c(24.20075, -33.70416)
"778",778,"710_47_BK","Tristachya leucothrix","POACEAE",-33.70416,24.20075,"Baviaanksloof",710,"HK",47,43,50,25,981.7477042,"0","B","0.867902508","44.41474019","51.17480339","0.539465695","-13.57306358",4950,1005.10700509565,21.031587600708,c(24.20075, -33.70416)
"779",779,"710_48_BK","Zygophyllum flexuosum","ZYGOPHYLLACEAE",-33.70416,24.20075,"Baviaanksloof",710,"HK",48,38,40,15,471.238898,"3","N","1.861408079","38.44168839","20.65194023","4.87996357","-28.03299769",4950,1005.10700509565,21.031587600708,c(24.20075, -33.70416)
"780",780,"710_49_BK","Rhus dentata","ANACARDIACEAE",-33.70416,24.20075,"Baviaanksloof",710,"HK",49,55,120,50,4712.38898,"3","N","2.609397898","46.92161195","17.98177732","5.859198543","-26.53851355",4950,1005.10700509565,21.031587600708,c(24.20075, -33.70416)
"781",781,"710_5_BK","Euryops munitus","ASTERACEAE",-33.7042,24.2066,"Baviaanksloof",710,"HK",5,47,38,36,1074.424688,"4","N","0.818958176","45.50093717","55.5595371","-4.65325401","-29.71684035",7260,915.850398465535,19.4656085968018,c(24.2066, -33.7042)
"782",782,"710_50_BK","Asparagus burchellii","ASPARAGACEAE",-33.70416,24.20075,"Baviaanksloof",710,"HK",50,45,28,14,307.8760801,"1","N","1.510943009","49.79732096","32.95777581","1.464298725","-24.53196736",4950,1005.10700509565,21.031587600708,c(24.20075, -33.70416)
"783",783,"710_51_BK","Euclea polyandra","EBENACEAE",-33.70416,24.20075,"Baviaanksloof",710,"HK",51,94,95,70,5222.897787,"4","B","1.101993231","50.59085782","45.90850143","0.189738919","-26.61124964",4950,1005.10700509565,21.031587600708,c(24.20075, -33.70416)
"784",784,"710_6_BK","Pelargonium laevigatum","GERANIACEAE",-33.7042,24.2066,"Baviaanksloof",710,"HK",6,24,55,28,1209.513172,"3","N","1.191306006","42.92401093","36.03105392","-2.061004865","-27.18465957",7260,915.850398465535,19.4656085968018,c(24.2066, -33.7042)
"785",785,"710_7_BK","Morella quercifolia","MYRICACEAE",-33.7042,24.2066,"Baviaanksloof",710,"HK",7,50,90,75,5301.437603,"2","N","1.430048501","48.69078321","34.04834393","-1.798323619","-26.09073425",7260,915.850398465535,19.4656085968018,c(24.2066, -33.7042)
"786",786,"710_8_BK","Cyclopia intermedia","FABACEAE",-33.7042,24.2066,"Baviaanksloof",710,"HK",8,145,165,150,19438.60454,"4","N","1.928867206","51.19461568","26.54128575","-0.643908666","-27.48546485",7260,915.850398465535,19.4656085968018,c(24.2066, -33.7042)
"787",787,"710_9_BK","Gibbaria scabra","ASTERACEAE",-33.7042,24.2066,"Baviaanksloof",710,"HK",9,30,70,50,2748.893572,"4","B","1.00272214","42.46371582","42.34843745","3.271621947","-30.43258282",7260,915.850398465535,19.4656085968018,c(24.2066, -33.7042)
"788",788,"721_1_BK","Passerina obtusifolia","THYMELAEACEAE",-33.54781,24.07915,"Baviaanksloof",721,"HK",1,200,165,125,16198.83712,"4","B","0.509428782","50.37073076","98.87688436","-1.506435944","-26.97589989",5790,825.62361132857,23.02587890625,c(24.07915, -33.54781)
"789",789,"721_10_BK","Crassula biplanata","CRASSULACEAE",-33.54781,24.07915,"Baviaanksloof",721,"HK",10,13,9,6,42.41150082,"4","N","0.556854944","45.59091021","81.87214767","-0.148330298","-23.61549266",5790,825.62361132857,23.02587890625,c(24.07915, -33.54781)
"790",790,"721_11_BK","Wahlenbergia neorigida","CAMPANULACEAE",-33.54523,24.07965,"Baviaanksloof",721,"HK",11,76,75,45,2650.718801,"4","B","0.871325319","46.57083641","53.44827633","0.233454766","-27.32115385",5730,860.550109575137,25.0386543273926,c(24.07965, -33.54523)
"791",791,"721_12_BK","Leucadendron nobile","PROTEACEAE",-33.54523,24.07965,"Baviaanksloof",721,"HK",12,270,200,195,30630.52837,"4","N","0.361594175","49.07856584","135.7283087","2.463934426","-26.17483312",5730,860.550109575137,25.0386543273926,c(24.07965, -33.54523)
"792",792,"721_13_BK","Lobostemon fruticosus","BORAGINACEAE",-33.54523,24.07965,"Baviaanksloof",721,"HK",13,75,25,20,392.6990817,"2","B","0.698588608","41.10182051","58.83551496","0.17808136","-28.57415417",5730,860.550109575137,25.0386543273926,c(24.07965, -33.54523)
"793",793,"721_14_BK","Muraltia ericifolia","POLYGALACEAE",-33.54523,24.07965,"Baviaanksloof",721,"HK",14,60,28,17,373.8495258,"2","S","0.554055591","48.71436346","87.92324138","-0.632119004","-26.97202063",5730,860.550109575137,25.0386543273926,c(24.07965, -33.54523)
"794",794,"721_15_BK","Senecio acaulis","ASTERACEAE",-33.54781,24.07915,"Baviaanksloof",721,"HK",15,20,10,10,78.53981634,"0","N","0.483070789","43.52534625","90.10138308","-0.546630237","-26.47644542",5790,825.62361132857,23.02587890625,c(24.07915, -33.54781)
"795",795,"721_16_BK","Euclea schimperi","EBENACEAE",-33.54618,24.07533,"Baviaanksloof",721,"HK",16,160,160,150,18849.55592,"4","N","0.711678932","50.15662604","70.47648","1.498299939","-25.79757528",6930,796.518196123097,24.718147277832,c(24.07533, -33.54618)
"796",796,"721_17_BK","Portulacaria afra","PORTULACACEAE",-33.54618,24.07533,"Baviaanksloof",721,"HK",17,130,165,165,21382.465,"4","N","0.537164543","43.82791676","81.59123186","4.725500911","-18.08755005",6930,796.518196123097,24.718147277832,c(24.07533, -33.54618)
"797",797,"721_18_BK","Pellaea calomelanos","PTERIDACEAE",-33.54618,24.07533,"Baviaanksloof",721,"HK",18,35,15,10,117.8097245,"0","N","1.130362436","45.44605298","40.2048507","3.150758956","-27.35897661",6930,796.518196123097,24.718147277832,c(24.07533, -33.54618)
"798",798,"721_19_BK","Adromischus maculatus","CRASSULACEAE",-33.54618,24.07533,"Baviaanksloof",721,"HK",19,23,32,18,452.3893421,"2",NA,"0.636427744","47.53988811","74.6980134","4.407832423","-14.80084873",6930,796.518196123097,24.718147277832,c(24.07533, -33.54618)
"799",799,"721_2_BK","Felicia filifolia","ASTERACEAE",-33.54781,24.07915,"Baviaanksloof",721,"HK",2,110,160,105,13194.68915,"4","L","0.547710548","47.89842226","87.45207195","-1.08287796","-27.26587442",5790,825.62361132857,23.02587890625,c(24.07915, -33.54781)
"800",800,"721_20_BK","Crassula muscosa","CRASSULACEAE",-33.54618,24.07533,"Baviaanksloof",721,"HK",20,35,35,34,934.6238144,"4",NA,"0.355726538","48.00507476","134.9493772","2.407589557","-19.76435931",6930,796.518196123097,24.718147277832,c(24.07533, -33.54618)
"801",801,"721_21_BK","Polygala myrtifolia","POLYGALACEAE",-33.54618,24.07533,"Baviaanksloof",721,"HK",21,360,300,350,82466.80716,"4",NA,"0.800613588","51.57534244","64.41976906","1.511900425","-26.50553986",6930,796.518196123097,24.718147277832,c(24.07533, -33.54618)
"802",802,"721_22_BK","Crassula mollis","CRASSULACEAE",-33.54618,24.07533,"Baviaanksloof",721,"HK",22,30,20,20,314.1592654,"2","N","0.469412557","42.11875305","89.72651537","2.153066181","-17.60167299",6930,796.518196123097,24.718147277832,c(24.07533, -33.54618)
"803",803,"721_3_BK","Pentaschistis eriostoma","POACEAE",-33.54781,24.07915,"Baviaanksloof",721,"HK",3,75,125,105,10308.35089,"0","S","0.563483188","44.46702034","78.91454666","-0.331936855","-24.52517866",5790,825.62361132857,23.02587890625,c(24.07915, -33.54781)
"804",804,"721_4_BK","Cliffortia drepanoides","ROSACEAE",-33.54781,24.07915,"Baviaanksloof",721,"HK",4,105,165,135,17494.74409,"4","N","0.662394992","49.11241301","74.1436961","-3.165695203","-26.33970158",5790,825.62361132857,23.02587890625,c(24.07915, -33.54781)
"805",805,"721_5_BK","Aspalathus kougaensis","FABACEAE",-33.54781,24.07915,"Baviaanksloof",721,"HK",5,235,150,85,10013.82658,"4","B","0.99063045","48.90263761","49.36516703","-0.879842137","-26.66458943",5790,825.62361132857,23.02587890625,c(24.07915, -33.54781)
"806",806,"721_6_BK","Erica strigilifolia","ERICACEAE",-33.54781,24.07915,"Baviaanksloof",721,"HK",6,200,175,120,16493.36143,"4","S","0.551684482","53.62356504","97.19969808","-0.475713418","-25.65598236",5790,825.62361132857,23.02587890625,c(24.07915, -33.54781)
"807",807,"721_7_BK","Euchaetis vallis-simiae","RUTACEAE",-33.54781,24.07915,"Baviaanksloof",721,"HK",7,170,140,120,13194.68915,"4","L","0.559818574","48.13076579","85.97565","-1.330601093","-24.22744561",5790,825.62361132857,23.02587890625,c(24.07915, -33.54781)
"808",808,"721_8_BK","Euryops munitus","ASTERACEAE",-33.54781,24.07915,"Baviaanksloof",721,"HK",8,50,56,30,1319.468915,"4","B","0.879432302","44.92987585","51.0896356","0.061505768","-29.09882382",5790,825.62361132857,23.02587890625,c(24.07915, -33.54781)
"809",809,"721_9_BK","Ficinia oligantha","CYPERACEAE",-33.54781,24.07915,"Baviaanksloof",721,"HK",9,20,30,20,471.238898,"0","S","0.839207658","46.2434645","55.10372082","2.564966606","-26.00123632",5790,825.62361132857,23.02587890625,c(24.07915, -33.54781)
"810",810,"727_1_BK","Asparagus striatus","ASPARAGACEAE",-33.60394,24.11147,"Baviaanksloof",727,"HK",1,45,110,110,9503.317777,"2","N","0.790044242","47.48785972","60.10784861","7.870127505","-23.88122184",6600,477.328809369749,15.2166204452515,c(24.11147, -33.60394)
"811",811,"727_10_BK","Pelargonium myrrhifolium","GERANIACEAE",-33.6209,24.11301,"Baviaanksloof",727,"HK",10,18,76,45,2686.061719,"2","S","1.298740713","43.65641814","33.61442179","3.905585914","-27.59755098",6780,832.414874876513,22.6153430938721,c(24.11301, -33.6209)
"812",812,"727_11_BK","Asparagus africanus","ASPARAGACEAE",-33.6209,24.11301,"Baviaanksloof",727,"HK",11,35,80,80,5026.548246,"1","N","0.875056615","47.5500373","54.33938386","3.541287189","-25.80533379",6780,832.414874876513,22.6153430938721,c(24.11301, -33.6209)
"813",813,"727_12_BK","Chascanum cuneifolium","VERBENACEAE",-33.6209,24.11301,"Baviaanksloof",727,"HK",12,15,35,28,769.6902001,"3","N","0.919756591","44.54544322","48.43177388","3.252762599","-27.14949668",6780,832.414874876513,22.6153430938721,c(24.11301, -33.6209)
"814",814,"727_13_BK","Kedrostis nana","CUCURBITACEAE",-33.6209,24.11301,"Baviaanksloof",727,"HK",13,17,36,25,706.8583471,"1","B","1.390961553","41.00298263","29.47815671","4.542865817","-25.9527456",6780,832.414874876513,22.6153430938721,c(24.11301, -33.6209)
"815",815,"727_14_BK","Trichodiadema mirabile","AIZOACEAE",-33.6209,24.11301,"Baviaanksloof",727,"HK",14,6,12,10,94.24777961,"1","S","1.076416856","36.60998511","34.01097346","4.313600486","-25.50857056",6780,832.414874876513,22.6153430938721,c(24.11301, -33.6209)
"816",816,"727_15_BK","Aristida junciformis","POACEAE",-33.6209,24.11301,"Baviaanksloof",727,"HK",15,45,50,40,1570.796327,"0","N","0.962743689","42.56387089","44.21101004","4.087249545","-14.02693676",6780,832.414874876513,22.6153430938721,c(24.11301, -33.6209)
"817",817,"727_16_BK","Lantana rugosa","VERBENACEAE",-33.6209,24.11301,"Baviaanksloof",727,"HK",16,22,83,47,3063.838235,"1","B","1.422493935","46.17461131","32.46032211","2.805889496","-26.88473733",6780,832.414874876513,22.6153430938721,c(24.11301, -33.6209)
"818",818,"727_17_BK","Babiana sambucina","IRIDACEAE",-33.63014,24.11618,"Baviaanksloof",727,"HK",17,14,10,5,39.26990817,"0","L","1.653418527","46.35190684","28.03398299","2.445476624","-28.36079499",6030,870.251914643628,20.8108901977539,c(24.11618, -33.63014)
"819",819,"727_18_BK","Pentaschistis eriostoma","POACEAE",-33.63014,24.11618,"Baviaanksloof",727,"HK",18,50,80,70,4398.229715,"0","S","0.716041748","44.90689128","62.71546514","1.814025501","-23.83951981",6030,870.251914643628,20.8108901977539,c(24.11618, -33.63014)
"820",820,"727_19_BK","Eustachys paspaloides","POACEAE",-33.63014,24.11618,"Baviaanksloof",727,"HK",19,13,27,19,402.9092578,"0","N","1.450067618","42.01241877","28.97273082","2.213296903","-14.3043037",6030,870.251914643628,20.8108901977539,c(24.11618, -33.63014)
"821",821,"727_2_BK","Galenia papulosa","AIZOACEAE",-33.60394,24.11147,"Baviaanksloof",727,"HK",2,13,65,60,3063.052837,"3","B","0.995708325","39.69011172","39.86118296","9.548816029","-27.13882872",6600,477.328809369749,15.2166204452515,c(24.11147, -33.60394)
"822",822,"727_20_BK","Relhania speciosa","ASTERACEAE",-33.62988,24.11511,"Baviaanksloof",727,"HK",20,74,66,43,2228.959988,"3","B","0.81218566","49.94310212","61.49222351","0.227625987","-27.47147509",5940,881.894080725817,20.8108901977539,c(24.11511, -33.62988)
"823",823,"727_21_BK","Montinia caryophyllacea","MONTINIACEAE",-33.62988,24.11511,"Baviaanksloof",727,"HK",21,80,65,45,2297.289628,"4","N","1.966428462","44.71359818","22.738482","1.756709168","-26.67913665",5940,881.894080725817,20.8108901977539,c(24.11511, -33.62988)
"824",824,"727_22_BK","Stachys aethiopica","LAMIACEAE",-33.62988,24.11511,"Baviaanksloof",727,"HK",22,26,15,10,117.8097245,"2","B","1.572837565","41.83880275","26.60084149","2.175409836","-29.12597862",5940,881.894080725817,20.8108901977539,c(24.11511, -33.62988)
"825",825,"727_23_BK","Tragus berteronianus","POACEAE",-33.62988,24.11511,"Baviaanksloof",727,"HK",23,6,31,60,1460.840584,"1","L","1.902523401","41.37804211","21.74903189","4.187310261","-14.57294232",5940,881.894080725817,20.8108901977539,c(24.11511, -33.62988)
"826",826,"727_24_BK","Stipa dregeana","POACEAE",-33.6362,24.11925,"Baviaanksloof",727,"HK",24,85,65,70,3573.561643,"0","N","2.574783813","41.2878727","16.03547159","6.939465695","-27.60240005",6630,846.96758247925,14.6914072036743,c(24.11925, -33.6362)
"827",827,"727_25_BK","Indigofera denudata","FABACEAE",-33.64058,24.12316,"Baviaanksloof",727,"HK",25,200,130,80,8168.140899,"4","B","2.477651602","47.25611145","19.07294448","0.783302975","-27.59852079",6480,872.192275657326,16.636739730835,c(24.12316, -33.64058)
"828",828,"727_26_BK","Thesium strictum","SANTALACEAE",-33.64058,24.12316,"Baviaanksloof",727,"HK",26,185,55,40,1727.875959,"1","N","1.031914746","40.35665341","39.10851509","1.29623558","-27.04475672",6480,872.192275657326,16.636739730835,c(24.12316, -33.64058)
"829",829,"727_27_BK","Erica strigilifolia","ERICACEAE",-33.64058,24.12316,"Baviaanksloof",727,"HK",27,120,135,125,13253.59401,"4","B","0.849712677","57.65753074","67.85532607","-0.607832423","-25.9934778",6480,872.192275657326,16.636739730835,c(24.12316, -33.64058)
"830",830,"727_28_BK","Hermannia velutina","MALVACEAE",-33.64058,24.12316,"Baviaanksloof",727,"HK",28,85,65,55,2807.798434,"4","B","1.376575812","45.68138014","33.18479065","3.155616272","-27.06318319",6480,872.192275657326,16.636739730835,c(24.12316, -33.64058)
"831",831,"727_29_BK","Muraltia squarrosa","POLYGALACEAE",-33.64058,24.12316,"Baviaanksloof",727,"HK",29,60,43,35,1182.024236,"3","B","0.79568196","51.44695426","64.6576859","0.747358834","-28.24635688",6480,872.192275657326,16.636739730835,c(24.12316, -33.64058)
"832",832,"727_3_BK","Asparagus africanus","ASPARAGACEAE",-33.60394,24.11147,"Baviaanksloof",727,"HK",3,55,80,80,5026.548246,"1","N","0.783383933","46.7983993","59.73877859","7.616575592","-24.57172976",6600,477.328809369749,15.2166204452515,c(24.11147, -33.60394)
"833",833,"727_30_BK","Helichrysum anomalum","ASTERACEAE",-33.66692,24.13431,"Baviaanksloof",727,"HK",30,28,30,25,589.0486225,"3","B","1.365301735","44.67654162","32.72283369","2.103521554","-29.81551673",5820,1018.68953219154,19.029857635498,c(24.13431, -33.66692)
"834",834,"727_31_BK","Scabiosa columbaria","DIPSACACEAE",-33.66692,24.13431,"Baviaanksloof",727,"HK",31,8,15,14,164.9336143,"0","L","1.754145217","43.3488923","24.71225978","1.283606557","-29.312183",5820,1018.68953219154,19.029857635498,c(24.13431, -33.66692)
"835",835,"727_32_BK","Hermannia flammea","MALVACEAE",-33.66692,24.13431,"Baviaanksloof",727,"HK",32,12,58,15,683.2964022,"2","S","1.350977417","43.3711611","32.10354264","0.817585922","-28.48502133",5820,1018.68953219154,19.029857635498,c(24.13431, -33.66692)
"836",836,"727_33_BK","Carpobrotus edulis","AIZOACEAE",-33.66692,24.13431,"Baviaanksloof",727,"HK",33,15,60,30,1413.716694,"1","N","0.660046104","33.37734776","50.56820658","3.075079721","-25.7607508",5820,1018.68953219154,19.029857635498,c(24.13431, -33.66692)
"837",837,"727_34_BK","Corymbium africanum","ASTERACEAE",-33.66692,24.13431,"Baviaanksloof",727,"HK",34,30,40,35,1099.557429,"0","N","0.423341116","48.96355995","115.6598262","-1.639411834","-24.29070814",5820,1018.68953219154,19.029857635498,c(24.13431, -33.66692)
"838",838,"727_35_BK","Erica passerinae","ERICACEAE",-33.67157,24.13615,"Baviaanksloof",727,"HK",35,59,67,70,3683.517386,"4","B","0.801851232","53.31485102","66.48970392","-0.393964805","-27.37571254",5460,958.538340766894,21.7406749725342,c(24.13615, -33.67157)
"839",839,"727_36_BK","Protea nitida","PROTEACEAE",-33.67157,24.13615,"Baviaanksloof",727,"HK",36,600,550,450,194386.0454,"4","N","0.683691036","49.2202576","71.99195988","3.564154955","-24.94962088",5460,958.538340766894,21.7406749725342,c(24.13615, -33.67157)
"840",840,"727_37_BK","Erica umbelliflora","ERICACEAE",-33.67157,24.13615,"Baviaanksloof",727,"HK",37,20,35,34,934.6238144,"4","S","0.729392429","54.92850929","75.30721066","-0.069528759","-27.51124839",5460,958.538340766894,21.7406749725342,c(24.13615, -33.67157)
"841",841,"727_38_BK","Pentaschistis pallida","POACEAE",-33.67157,24.13615,"Baviaanksloof",727,"HK",38,15,20,14,219.9114858,"0","N","1.055630825","42.46544765","40.22755555","0.791437345","-28.64766434",5460,958.538340766894,21.7406749725342,c(24.13615, -33.67157)
"842",842,"727_39_BK","Knowltonia vesicatoria","RANUNCULACEAE",-33.693,24.13252,"Baviaanksloof",727,"HK",39,10,23,19,343.2189974,"0","N","1.035691129","40.55816367","39.16048187","-0.423018779","-29.65271478",3870,1011.89826864359,23.7071857452393,c(24.13252, -33.693)
"843",843,"727_4_BK","Melinis repens","POACEAE",-33.60394,24.11147,"Baviaanksloof",727,"HK",4,40,30,25,589.0486225,"0","S","1.679284143","40.73895971","24.25971798","7.375652702","-13.7418113",6600,477.328809369749,15.2166204452515,c(24.11147, -33.60394)
"844",844,"727_40_BK","Protea mundii","PROTEACEAE",-33.695,24.12624,"Baviaanksloof",727,"HK",40,250,130,95,9699.667318,"4","B","1.033253134","49.69179459","48.09256604","3.16321011","-26.92010358",5520,1029.36151776688,20.0950393676758,c(24.12624, -33.695)
"845",845,"727_41_BK","Pentaschistis pallida","POACEAE",-33.695,24.12624,"Baviaanksloof",727,"HK",41,30,40,35,1099.557429,"0","N","1.328374647","44.31348059","33.3591737","-0.091803472","-29.7267382",5520,1029.36151776688,20.0950393676758,c(24.12624, -33.695)
"846",846,"727_42_BK","Elegia vaginulata","RESTIONACEAE",-33.695,24.12624,"Baviaanksloof",727,"HK",42,50,25,20,392.6990817,"0","N","0.573966977","44.16219441","76.94204746","0.842766033","-28.62055717",5520,1029.36151776688,20.0950393676758,c(24.12624, -33.695)
"847",847,"727_43_BK","Hypodiscus albo-aristatus","RESTIONACEAE",-33.69308,24.13499,"Baviaanksloof",727,"HK",43,85,100,85,6675.884389,"0","N","0.359641367","46.71668846","129.8979837","1.638844927","-27.67910433",4500,1013.83862965729,21.9964771270752,c(24.13499, -33.69308)
"848",848,"727_44_BK","Pentameris distichophylla","POACEAE",-33.69308,24.13499,"Baviaanksloof",727,"HK",44,40,80,25,1570.796327,"1","B","1.061498272","42.8050498","40.32512434","-1.774997047","-27.84278993",4500,1013.83862965729,21.9964771270752,c(24.13499, -33.69308)
"849",849,"727_45_BK","Pentameris macrocalycina","POACEAE",-33.69308,24.13499,"Baviaanksloof",727,"HK",45,56,70,70,3848.451001,"0","S","0.744493245","44.38132757","59.61280091","-1.560966104","-25.60227811",4500,1013.83862965729,21.9964771270752,c(24.13499, -33.69308)
"850",850,"727_46_BK","Pelargonium myrrhifolium","GERANIACEAE",-33.66007,24.13417,"Baviaanksloof",727,"HK",46,23,44,36,1244.070691,"2","N","2.110799178","46.62927327","22.09081459","5.356785166","-28.4297644",7080,956.597979753196,18.8732948303223,c(24.13417, -33.66007)
"851",851,"727_5_BK","Nymania capensis","MELIACEAE",-33.61144,24.11458,"Baviaanksloof",727,"HK",5,280,45,40,1413.716694,"4",NA,"1.855280994","44.96645474","24.237005","6.835519126","-25.54833295",6120,591.810109177941,20.6904792785645,c(24.11458, -33.61144)
"852",852,"727_6_BK","Rhus glauca","ANACARDIACEAE",-33.61144,24.11458,"Baviaanksloof",727,"HK",6,430,650,550,280779.8434,"4","N","1.079157309","47.23227689","43.76774034","6.798603522","-24.22162672",6120,591.810109177941,20.6904792785645,c(24.11458, -33.61144)
"853",853,"727_7_BK","Barleria obtusa","ACANTHACEAE",-33.61144,24.11458,"Baviaanksloof",727,"HK",7,40,35,37,1017.090622,"4","B","1.216379911","44.61294986","36.67682232","7.265877353","-25.48238557",6120,591.810109177941,20.6904792785645,c(24.11458, -33.61144)
"854",854,"727_8_BK","Diospyros scabrida","EBENACEAE",-33.61144,24.11458,"Baviaanksloof",727,"HK",8,27,90,65,4594.579256,"4","B","0.87159508","45.67733486","52.40660016","4.163995143","-26.9099525",6120,591.810109177941,20.6904792785645,c(24.11458, -33.61144)
"855",855,"727_9_BK","Euphorbia heptagona","EUPHORBIACEAE",-33.6173,24.11272,"Baviaanksloof",727,"HK",9,110,95,120,8953.539063,"2","N","0.667151651","42.59185339","63.84133703","8.790103218","-14.3576435",7200,754.800434328587,26.8756217956543,c(24.11272, -33.6173)
"856",856,"620_1_HK","Passerina paleacea","THYMELAEACEAE",-34.36736,18.86343,"Hangklip",620,"HKM",1,95,160,120,15079.64474,"4","S","0.98972888","52.22073136","52.76266299","-3.579183228","-28.36179346",6030,21.3439711506798,9.82351589202881,c(18.86343, -34.36736)
"857",857,"620_10_HK","Othonna quinquedentata","ASTERACEAE",-34.36736,18.86343,"Hangklip",620,"HKM",10,40,40,30,942.4777961,"2","N","0.909063129","34.53542176","37.99012484","-4.414416335","-27.30495113",6030,21.3439711506798,9.82351589202881,c(18.86343, -34.36736)
"858",858,"620_11_HK","Aspalathus forbesii","FABACEAE",-34.36736,18.86343,"Hangklip",620,"HKM",11,85,100,70,5497.787144,"4","B","1.543379829","42.37530511","27.45617399","-1.383881203","-26.23665533",6030,21.3439711506798,9.82351589202881,c(18.86343, -34.36736)
"859",859,"620_12_HK","Sutera hispida","SCROPHULARIACEAE",-34.36736,18.86343,"Hangklip",620,"HKM",12,10,12,10,94.24777961,"2","B","0.912947375","45.45983251","49.79458153","-3.828871906","-28.70435614",6030,21.3439711506798,9.82351589202881,c(18.86343, -34.36736)
"860",860,"620_13_HK","Osyris compressa","SANTALACEAE",-34.36736,18.86343,"Hangklip",620,"HKM",13,170,470,450,166111.7116,"4","N","0.822759018","46.91344541","57.01966723","-3.518474608","-26.85410115",6030,21.3439711506798,9.82351589202881,c(18.86343, -34.36736)
"861",861,"620_14_HK","Euclea racemosa","EBENACEAE",-34.36736,18.86343,"Hangklip",620,"HKM",14,110,90,100,7068.583471,"4","N","0.706923686","47.15994045","66.7115014","-0.892337217","-27.06442839",6030,21.3439711506798,9.82351589202881,c(18.86343, -34.36736)
"862",862,"620_15_HK","Chrysocoma coma-aurea","ASTERACEAE",-34.36736,18.86343,"Hangklip",620,"HKM",15,68,110,45,3887.720909,"4","N","1.401857043","44.60537852","31.81877834","-2.887888299","-30.44528262",6030,21.3439711506798,9.82351589202881,c(18.86343, -34.36736)
"863",863,"620_16_HK","Salvia africana-lutea","LAMIACEAE",-34.36736,18.86343,"Hangklip",620,"HKM",16,130,250,190,37306.41276,"4","S","2.014496959","44.67027026","22.17440441","-1.604194742","-29.96736082",6030,21.3439711506798,9.82351589202881,c(18.86343, -34.36736)
"864",864,"620_17_HK","Zygophyllum fulvum","ZYGOPHYLLACEAE",-34.36736,18.86343,"Hangklip",620,"HKM",17,14,100,65,5105.088062,"3","N","1.20927401","38.71076539","32.01157477","-0.135437812","-28.50548236",6030,21.3439711506798,9.82351589202881,c(18.86343, -34.36736)
"865",865,"620_18_HK","Trichocephalus stipularis","RHAMNACEAE",-34.35012,18.85387,"Hangklip",620,"HKM",18,50,105,65,5360.342465,"2","B","0.827482448","54.1117917","65.39328036","-3.958122516","-31.73640034",6390,42.6879423013597,10.7672595977783,c(18.85387, -34.35012)
"866",866,"620_19_HK","Diosma oppositifolia","RUTACEAE",-34.35012,18.85387,"Hangklip",620,"HKM",19,50,105,65,5360.342465,"4","N","0.854970765","48.47056654","56.69265959","-0.854149537","-29.16041224",6390,42.6879423013597,10.7672595977783,c(18.85387, -34.35012)
"867",867,"620_2_HK","Indigofera brachystachya","FABACEAE",-34.36736,18.86343,"Hangklip",620,"HKM",2,65,95,68,5073.672136,"4","B","1.003577226","40.3725977","40.2286906","-2.660720561","-26.88846154",6030,21.3439711506798,9.82351589202881,c(18.86343, -34.36736)
"868",868,"620_20_HK","Pelargonium cucullatum","GERANIACEAE",-34.35012,18.85387,"Hangklip",620,"HKM",20,20,12,8,75.39822369,"1","B","1.611305998","40.78339223","25.31076796","-0.625023456","-27.47987675",6390,42.6879423013597,10.7672595977783,c(18.85387, -34.35012)
"869",869,"620_21_HK","Leucadendron xanthoconus","PROTEACEAE",-34.35012,18.85387,"Hangklip",620,"HKM",21,110,115,90,8128.870991,"4","N","0.491910197","48.03872492","97.65750996","0.162230259","-29.67790055",6390,42.6879423013597,10.7672595977783,c(18.85387, -34.35012)
"870",870,"620_22_HK","Serruria fasciflora","PROTEACEAE",-34.35012,18.85387,"Hangklip",620,"HKM",22,60,65,55,2807.798434,"4","N","0.610045654","48.19302504","78.99904664","0.451085788","-29.99443264",6390,42.6879423013597,10.7672595977783,c(18.85387, -34.35012)
"871",871,"620_23_HK","Erica labialis","ERICACEAE",-34.35012,18.85387,"Hangklip",620,"HKM",23,46,43,18,607.8981785,"4","N","0.523606685","52.18976652","99.6736061","-4.010997765","-28.41697833",6390,42.6879423013597,10.7672595977783,c(18.85387, -34.35012)
"872",872,"620_24_HK","Restio egregius","RESTIONACEAE",-34.35012,18.85387,"Hangklip",620,"HKM",24,80,75,45,2650.718801,"4","N","0.282878747","45.47029773","160.7413008","-0.372397264","-27.78703782",6390,42.6879423013597,10.7672595977783,c(18.85387, -34.35012)
"873",873,"620_25_HK","Elegia filacea","RESTIONACEAE",-34.35012,18.85387,"Hangklip",620,"HKM",25,65,55,40,1727.875959,"0","N","0.415356447","44.53522734","107.2217073","-1.301630815","-30.25057374",6390,42.6879423013597,10.7672595977783,c(18.85387, -34.35012)
"874",874,"620_26_HK","Mimetes cucullatus","PROTEACEAE",-34.35012,18.85387,"Hangklip",620,"HKM",26,70,130,110,11231.19374,"3","L","0.492548139","47.88341967","97.21571539","-1.872487675","-30.24953251",6390,42.6879423013597,10.7672595977783,c(18.85387, -34.35012)
"875",875,"620_27_HK","Leucadendron salignum","PROTEACEAE",-34.35012,18.85387,"Hangklip",620,"HKM",27,55,75,75,4417.864669,"4","N","0.476525668","49.72546459","104.3500234","1.31961072","-30.71704207",6390,42.6879423013597,10.7672595977783,c(18.85387, -34.35012)
"876",876,"620_3_HK","Helichrysum dasyanthum","ASTERACEAE",-34.36736,18.86343,"Hangklip",620,"HKM",3,140,180,170,24033.1838,"4","B","1.072227599","44.95088363","41.92289368","-3.929726549","-27.89116022",6030,21.3439711506798,9.82351589202881,c(18.86343, -34.36736)
"877",877,"620_4_HK","Ficinia ramosissima","CYPERACEAE",-34.36736,18.86343,"Hangklip",620,"HKM",4,18,20,12,188.4955592,"2","N","1.321040193","45.46701603","34.4175872","-3.788725883","-26.0658946",6030,21.3439711506798,9.82351589202881,c(18.86343, -34.36736)
"878",878,"620_5_HK","Ischyrolepis eleocharis","RESTIONACEAE",-34.36736,18.86343,"Hangklip",620,"HKM",5,20,10,5,39.26990817,"2","N","0.673821262","46.34296239","68.77634327","-2.54615752","-27.50174246",6030,21.3439711506798,9.82351589202881,c(18.86343, -34.36736)
"879",879,"620_6_HK","Phylica ericoides","RHAMNACEAE",-34.36736,18.86343,"Hangklip",620,"HKM",6,48,110,70,6047.565858,"4","N","0.59178539","52.11678571","88.06703676","-4.909877007","-29.24475138",6030,21.3439711506798,9.82351589202881,c(18.86343, -34.36736)
"880",880,"620_7_HK","Morella cordifolia","MYRICACEAE",-34.36736,18.86343,"Hangklip",620,"HKM",7,70,150,70,8246.680716,"4","S","1.488515384","50.25726271","33.76334787","-0.54473141","-26.73956651",6030,21.3439711506798,9.82351589202881,c(18.86343, -34.36736)
"881",881,"620_8_HK","Otholobium fruticans","FABACEAE",-34.36736,18.86343,"Hangklip",620,"HKM",8,45,100,50,3926.990817,"4","N","1.390284279","43.51739374","31.3010759","-4.432041419","-27.3039099",6030,21.3439711506798,9.82351589202881,c(18.86343, -34.36736)
"882",882,"620_9_HK","Carpobrotus acinaciformis","AIZOACEAE",-34.36736,18.86343,"Hangklip",620,"HKM",9,15,150,150,17671.45868,"1","N","0.388262435","33.81150043","87.08414037","-1.445568994","-26.59483638",6030,21.3439711506798,9.82351589202881,c(18.86343, -34.36736)
"883",883,"628_1_HK","Hypodiscus alternans","RESTIONACEAE",-34.24043,19.02282,"Hangklip",628,"HKM",1,90,60,50,2356.19449,"0","N","0.340047412","46.6202341","137.0992174","1.62762382","-28.84989196",6120,195.976462383515,8.0872859954834,c(19.02282, -34.24043)
"884",884,"628_10_HK","Erica intonsa","ERICACEAE",-34.24205,19.01437,"Hangklip",628,"HKM",10,75,70,45,2474.004215,"4","N","0.57197178","54.86291748","95.91892353","-3.080870573","-26.91077462",6690,194.036101369817,13.0931558609009,c(19.01437, -34.24205)
"885",885,"628_11_HK","Erica rigidula","ERICACEAE",-34.24205,19.01437,"Hangklip",628,"HKM",11,40,50,35,1374.446786,"4","B","0.795920802","54.4901824","68.46181466","-6.757272386","-28.80148965",6690,194.036101369817,13.0931558609009,c(19.01437, -34.24205)
"886",886,"628_12_HK","Chondropetalum ebracteatum","RESTIONACEAE",-34.24205,19.01437,"Hangklip",628,"HKM",12,70,40,30,942.4777961,"0","N","0.316494281","46.00877726","145.3700113","-1.876599516","-29.35710778",6690,194.036101369817,13.0931558609009,c(19.01437, -34.24205)
"887",887,"628_13_HK","Erica massonii","ERICACEAE",-34.25824,18.99531,"Hangklip",628,"HKM",13,65,75,50,2945.243113,"4","B","0.475668727","53.22454591","111.8941458","-4.484712138","-27.23244827",6330,289.113791041027,11.198751449585,c(18.99531, -34.25824)
"888",888,"628_14_HK","Ficinia oligantha","CYPERACEAE",-34.25824,18.99531,"Hangklip",628,"HKM",14,12,20,15,235.619449,"0","N","0.963057725","46.54533503","48.33078413","-0.141118724","-25.98911406",6330,289.113791041027,11.198751449585,c(18.99531, -34.25824)
"889",889,"628_15_HK","Stoebe spiralis","ASTERACEAE",-34.25824,18.99531,"Hangklip",628,"HKM",15,50,100,55,4319.689899,"4","B","1.087432444","48.4938592","44.59482469","-3.708930702","-29.85928169",6330,289.113791041027,11.198751449585,c(18.99531, -34.25824)
"890",890,"628_16_HK","Ischyrolepis curviramis","RESTIONACEAE",-34.25824,18.99531,"Hangklip",628,"HKM",16,18,40,40,1256.637061,"2","N","0.600007512","46.9768316","78.29373908","-1.282779425","-26.49733827",6330,289.113791041027,11.198751449585,c(18.99531, -34.25824)
"891",891,"628_17_HK","Calopsis filiformis","RESTIONACEAE",-34.25824,18.99531,"Hangklip",628,"HKM",17,20,20,20,314.1592654,"0","N","0.712388984","48.20185299","67.66226608","-1.944101306","-26.64052842",6330,289.113791041027,11.198751449585,c(18.99531, -34.25824)
"892",892,"628_18_HK","Carpha glomerata","CYPERACEAE",-34.24577,18.99292,"Hangklip",628,"HKM",18,160,180,150,21205.75041,"0","N","0.814101388","43.01316285","52.83514253","2.887657225","-25.69063318",6780,157.169242109551,14.5229864120483,c(18.99292, -34.24577)
"893",893,"628_19_HK","Merciera tenuifolia","CAMPANULACEAE",-34.24577,18.99292,"Hangklip",628,"HKM",19,30,25,20,392.6990817,"3","B","0.932753806","45.97860995","49.29340375","-0.87092068","-28.17528483",6780,157.169242109551,14.5229864120483,c(18.99292, -34.24577)
"894",894,"628_2_HK","Erica nudiflora","ERICACEAE",-34.24043,19.02282,"Hangklip",628,"HKM",2,45,36,35,989.6016859,"4","S","0.452826979","52.07443885","114.9985344","-4.855482837","-27.19816331",6120,195.976462383515,8.0872859954834,c(19.02282, -34.24043)
"895",895,"628_20_HK","Hypodiscus albo-aristatus","RESTIONACEAE",-34.24577,18.99292,"Hangklip",628,"HKM",20,45,30,15,353.4291735,"0","N","0.667219147","46.88367282","70.26727731","1.907413846","-29.55878405",6780,157.169242109551,14.5229864120483,c(18.99292, -34.24577)
"896",896,"628_21_HK","Clutia alaternoides","EUPHORBIACEAE",-34.25128,18.99456,"Hangklip",628,"HKM",21,45,50,30,1178.097245,"4","N","1.065605798","49.05564452","46.03545198","0.442918499","-30.49355356",7020,245.455668232818,14.0250873565674,c(18.99456, -34.25128)
"897",897,"628_22_HK","Stoebe cinerea","ASTERACEAE",-34.25036,18.99418,"Hangklip",628,"HKM",22,60,50,40,1570.796327,"4","B","1.019974027","48.36578609","47.41864482","-2.244435355","-28.97493125",6930,227.022238602685,14.0250873565674,c(18.99418, -34.25036)
"898",898,"628_23_HK","Merciera azurea","CAMPANULACEAE",-34.25053,18.99446,"Hangklip",628,"HKM",23,10,18,16,226.1946711,"2","N","0.67391652","43.91846303","65.16899605","-3.391965777","-26.88354832",6930,236.724043671176,14.0250873565674,c(18.99446, -34.25053)
"899",899,"628_24_HK","Erica cerinthoides","ERICACEAE",-34.25514,19.00844,"Hangklip",628,"HKM",24,40,55,20,863.9379797,"3","B","0.997397387","55.78712734","55.93269848","-0.643958142","-27.62168347",6060,260.978556342403,10.1970434188843,c(19.00844, -34.25514)
"900",900,"628_25_HK","Chondropetalum mucronatum","RESTIONACEAE",-34.25048,19.02369,"Hangklip",628,"HKM",25,210,100,100,7853.981634,"0","N","0.595661828","42.54657591","71.42740043","0.340198384","-30.11440217",5610,163.960505657495,9.50245952606201,c(19.02369, -34.25048)
"901",901,"628_3_HK","Dilatris pillansii","HAEMODORACEAE",-34.24043,19.02282,"Hangklip",628,"HKM",3,20,25,15,294.5243113,"0","N","0.963381302","44.53739863","46.2302917","0.790210315","-24.48763423",6120,195.976462383515,8.0872859954834,c(19.02282, -34.24043)
"902",902,"628_4_HK","Erica patersonia","ERICACEAE",-34.24043,19.02282,"Hangklip",628,"HKM",4,100,65,30,1531.526419,"4","S","0.695321716","53.17718425","76.47853219","-5.278102737","-27.08219945",6120,195.976462383515,8.0872859954834,c(19.02282, -34.24043)
"903",903,"628_5_HK","Erica discolor","ERICACEAE",-34.23637,19.02466,"Hangklip",628,"HKM",5,90,50,40,1570.796327,"4","S","0.716719827","52.10713192","72.70223309","-2.18475986","-28.45662323",5670,219.260794547893,9.43832015991211,c(19.02466, -34.23637)
"904",904,"628_6_HK","Serruria elongata","PROTEACEAE",-34.24205,19.01437,"Hangklip",628,"HKM",6,65,90,45,3180.862562,"4","N","0.41335492","50.99275641","123.3631293","1.426096738","-28.91442837",6690,194.036101369817,13.0931558609009,c(19.01437, -34.24205)
"905",905,"628_7_HK","Calopsis hyalina","RESTIONACEAE",-34.24205,19.01437,"Hangklip",628,"HKM",7,45,15,15,176.7145868,"2","N","0.240759811","47.3545363","196.6878777","-0.027637454","-27.97663371",6690,194.036101369817,13.0931558609009,c(19.01437, -34.24205)
"906",906,"628_8_HK","Calopsis filiformis","RESTIONACEAE",-34.24205,19.01437,"Hangklip",628,"HKM",8,35,35,35,962.1127502,"1","N","0.244183923","46.8062226","191.684293","-1.456914477","-26.64355356",6690,194.036101369817,13.0931558609009,c(19.01437, -34.24205)
"907",907,"628_9_HK","Restio filiformis","RESTIONACEAE",-34.24205,19.01437,"Hangklip",628,"HKM",9,45,15,15,176.7145868,"0","N","0.439737273","47.49889109","108.0165225","0.932061901","-28.00789353",6690,194.036101369817,13.0931558609009,c(19.01437, -34.24205)
"908",908,"703_19_LB","Elegia capensis","RESTIONACEAE",-33.93859,21.02659,"Langeberg",703,"HKM",19,150,90,80,5654.866776,"1","N","0.91112006","47.12683202","51.72406368","2.043779966","-28.90133605",6480,640.319134520395,19.3148040771484,c(21.02659, -33.93859)
"909",909,"703_20_LB","Elegia asperiflora","RESTIONACEAE",-33.93859,21.02659,"Langeberg",703,"HKM",20,180,170,130,17357.29941,"0","N","0.581877755","45.22564496","77.72361903","-0.095167978","-27.97168166",6480,640.319134520395,19.3148040771484,c(21.02659, -33.93859)
"910",910,"703_21_LB","Anthochortus crinalis","RESTIONACEAE",-33.93859,21.02659,"Langeberg",703,"HKM",21,40,70,60,3298.672286,"4","N","0.504428084","46.88656625","92.94995205","0.047820301","-28.04412226",6480,640.319134520395,19.3148040771484,c(21.02659, -33.93859)
"911",911,"703_22_LB","Epischoenus gracilis","CYPERACEAE",-33.93859,21.02659,"Langeberg",703,"HKM",22,70,70,60,3298.672286,"0","N","0.50275811","44.11319555","87.74238479","1.922337866","-27.23620832",6480,640.319134520395,19.3148040771484,c(21.02659, -33.93859)
"912",912,"703_24_LB","Erica melanthera","ERICACEAE",-33.93847,21.02505,"Langeberg",703,"HKM",24,90,60,50,2356.19449,"4","B","0.631310031","55.30360448","87.6013397","-3.798172636","-28.93856247",6210,652.931481109433,19.0616474151611,c(21.02505, -33.93847)
"913",913,"703_25_LB","Psoralea aphylla","FABACEAE",-33.93869,21.02635,"Langeberg",703,"HKM",25,160,60,35,1649.336143,"4","N","1.446510564","48.11559156","33.26321478","-2.09284892","-26.92525108",6480,643.229676040942,19.3148040771484,c(21.02635, -33.93869)
"914",914,"703_26_LB","Tetraria involucrata","CYPERACEAE",-33.93767,21.03068,"Langeberg",703,"HKM",26,130,140,120,13194.68915,"0","N","0.395049995","45.24390021","126.6546705","4.327556228","-25.91639466",6240,682.036896314906,21.383602142334,c(21.03068, -33.93767)
"915",915,"703_27_LB","Agathosma capensis","RUTACEAE",-33.93767,21.03068,"Langeberg",703,"HKM",27,35,40,25,785.3981634,"4","S","1.362267582","50.26078628","36.89494411","-1.859110668","-28.75431599",6240,682.036896314906,21.383602142334,c(21.03068, -33.93767)
"916",916,"703_28_LB","Hypodiscus striatus","RESTIONACEAE",-33.93767,21.03068,"Langeberg",703,"HKM",28,55,15,15,176.7145868,"0","N","0.456947578","46.78018321","102.3753827","1.998063607","-28.9152819",6240,682.036896314906,21.383602142334,c(21.03068, -33.93767)
"917",917,"703_29_LB","Ehrharta dura","POACEAE",-33.93767,21.03068,"Langeberg",703,"HKM",29,35,70,60,3298.672286,"0","N","0.825343674","45.47108813","55.0935199","-2.321655985","-27.81415202",6240,682.036896314906,21.383602142334,c(21.03068, -33.93767)
"918",918,"703_30_LB","Leucospermum cuneiforme","PROTEACEAE",-33.93767,21.03068,"Langeberg",703,"HKM",30,105,110,80,6911.503838,"2","S","0.417828289","47.62568597","113.9838714","0.269189533","-29.90670889",6240,682.036896314906,21.383602142334,c(21.03068, -33.93767)
"919",919,"703_31_LB","Erica hispidula","ERICACEAE",-33.93767,21.03068,"Langeberg",703,"HKM",31,80,50,40,1570.796327,"4","B","NA","NA","NA","NA","NA",6240,682.036896314906,21.383602142334,c(21.03068, -33.93767)
"920",920,"706_21_LB","Morella kraussiana","MYRICACEAE",-33.93336,21.03287,"Langeberg",706,"HKM",21,100,130,110,11231.19374,"4","N","0.986311807","51.75311407","52.47135207","-0.704226731","-26.94062999",5250,794.577835109399,19.9465274810791,c(21.03287, -33.93336)
"921",921,"706_22_LB","Euryops pinnatipartitus","ASTERACEAE",-33.93336,21.03287,"Langeberg",706,"HKM",22,11,25,20,392.6990817,"2","N","0.911114543","44.85384419","49.22964358","-6.309999828","-28.34113597",5250,794.577835109399,19.9465274810791,c(21.03287, -33.93336)
"922",922,"706_23_LB","Agathosma bifida","RUTACEAE",-33.93336,21.03287,"Langeberg",706,"HKM",23,45,33,25,647.9534848,"4","L","0.698428636","49.16474807","70.39337385","-5.854358173","-30.25222171",5250,794.577835109399,19.9465274810791,c(21.03287, -33.93336)
"923",923,"706_24_LB","Erica langebergensis","ERICACEAE",-33.93336,21.03287,"Langeberg",706,"HKM",24,65,45,35,1237.002107,"4","S","0.62204069","54.68646593","87.91461202","-7.84261267","-28.33395914",5250,794.577835109399,19.9465274810791,c(21.03287, -33.93336)
"924",924,"706_25_LB","Hippia integrifolia","ASTERACEAE",-33.93336,21.03287,"Langeberg",706,"HKM",25,15,35,12,329.8672286,"2","B","1.786548451","44.28875628","24.79012324","-6.968806378","-32.94148026",5250,794.577835109399,19.9465274810791,c(21.03287, -33.93336)
"925",925,"706_26_LB","Grubbia tomentosa","GRUBBIACEAE",-33.93336,21.03287,"Langeberg",706,"HKM",26,95,180,145,20498.89206,"4","N","0.433115705","56.4007477","130.2209711","-7.161122661","-28.24988777",5250,794.577835109399,19.9465274810791,c(21.03287, -33.93336)
"926",926,"706_27_LB","Gerbera crocea","ASTERACEAE",-33.93336,21.03287,"Langeberg",706,"HKM",27,15,15,10,117.8097245,"0","B","0.698539706","44.6711788","63.94937668","-7.585204722","-29.16544548",5250,794.577835109399,19.9465274810791,c(21.03287, -33.93336)
"927",927,"706_28_LB","Platycaulos anceps","RESTIONACEAE",-33.93862,21.02611,"Langeberg",706,"HKM",28,70,180,160,22619.46711,"4","N","0.357976469","47.40036033","132.4119444","-0.054296318","-27.78031842",6450,641.289315027244,19.0616474151611,c(21.02611, -33.93862)
"928",928,"706_29_LB","Spatalla parilis","PROTEACEAE",-33.94004,21.02983,"Langeberg",706,"HKM",29,120,110,85,7343.472828,"4","B","0.548273953","51.47914354","93.89310442","1.427032182","-29.14494027",3990,586.959206643695,22.828104019165,c(21.02983, -33.94004)
"929",929,"706_30_LB","Aloe arborescens","ASPHODELACEAE",-33.94202,21.03086,"Langeberg",706,"HKM",30,110,115,110,9935.286767,"1","N","0.878856771","37.72505585","42.92514675","-1.432069896","-15.41259986",6450,595.690831205337,21.889310836792,c(21.03086, -33.94202)
"930",930,"706_31_LB","Ehrharta ramosa","POACEAE",-33.94202,21.03086,"Langeberg",706,"HKM",31,100,90,80,5654.866776,"4","N","0.45281498","44.90776265","99.17464011","-0.787070669","-26.57973826",6450,595.690831205337,21.889310836792,c(21.03086, -33.94202)
"931",931,"711_1_LB","Centella lanata","APIACEAE",-33.93592,21.03448,"Langeberg",711,"HKM",1,30,60,50,2356.19449,"2","B","0.905486683","47.0947565","52.01043524","-2.304304912","-29.90556876",5010,717.933575068322,19.2153587341309,c(21.03448, -33.93592)
"932",932,"711_10_LB","Indigofera sarmentosa","FABACEAE",-33.9313,21.04008,"Langeberg",711,"HKM",10,10,40,20,628.3185307,"3","B","1.232593858","47.64849953","38.65709634","0.819774569","-31.20232736",4290,839.206138424457,22.5489311218262,c(21.04008, -33.9313)
"933",933,"711_11_LB","Schizaea pectinata","SCHIZAEACEAE",-33.93276,21.03698,"Langeberg",711,"HKM",11,25,45,30,1060.287521,"0","N","0.814113438","46.91663629","57.62911419","-2.685956877","-28.58745179",6510,768.382961424474,20.8882846832275,c(21.03698, -33.93276)
"934",934,"711_12_LB","Watsonia fourcadei","IRIDACEAE",-33.93706,21.03695,"Langeberg",711,"HKM",12,55,60,50,2356.19449,"0","N","1.087410287","44.76386292","41.16556873","-3.79953025","-26.86657685",6900,650.020939588886,19.3272266387939,c(21.03695, -33.93706)
"935",935,"711_13_LB","Othonna quinquedentata","ASTERACEAE",-33.93628,21.03391,"Langeberg",711,"HKM",13,100,25,25,490.8738521,"2","N","1.197859705","33.32514092","27.82057097","0.239704076","-30.43545992",5310,702.410686958736,19.2153587341309,c(21.03391, -33.93628)
"936",936,"711_14_LB","Athrixia heterophylla","ASTERACEAE",-33.93628,21.03391,"Langeberg",711,"HKM",14,25,10,10,78.53981634,"1","B","0.997668894","42.00473662","42.10288289","-4.256095333","-30.93890738",5310,702.410686958736,19.2153587341309,c(21.03391, -33.93628)
"937",937,"711_15_LB","Muraltia alopecuroides","POLYGALACEAE",-33.93628,21.03391,"Langeberg",711,"HKM",15,80,120,65,6126.105675,"3","B","1.267431502","51.23809416","40.42671661","-0.053874359","-28.67390236",5310,702.410686958736,19.2153587341309,c(21.03391, -33.93628)
"938",938,"711_16_LB","Ficinia trichodes","CYPERACEAE",-33.93628,21.03391,"Langeberg",711,"HKM",16,20,70,60,3298.672286,"2","N","1.568317781","46.29101252","29.51634744","2.617689397","-27.74938976",5310,702.410686958736,19.2153587341309,c(21.03391, -33.93628)
"939",939,"711_17_LB","Senecio lanifer","ASTERACEAE",-33.93628,21.03391,"Langeberg",711,"HKM",17,15,33,25,647.9534848,"0","B","2.434954286","39.31458729","16.14592418","4.055211388","-33.2334073",5310,702.410686958736,19.2153587341309,c(21.03391, -33.93628)
"940",940,"711_18_LB","Knowltonia capensis","RANUNCULACEAE",-33.93628,21.03391,"Langeberg",711,"HKM",18,40,35,20,549.7787144,"0","B","1.153948965","41.29522317","35.78600477","0.388517972","-30.77617689",5310,702.410686958736,19.2153587341309,c(21.03391, -33.93628)
"941",941,"711_19_LB","Cliffortia filicaulis","ROSACEAE",-33.93628,21.03391,"Langeberg",711,"HKM",19,80,200,200,31415.92654,"4","B","1.039868158","48.89243148","47.01791387","-0.305946877","-29.73673588",5310,702.410686958736,19.2153587341309,c(21.03391, -33.93628)
"942",942,"711_2_LB","Helichrysum nudifolium","ASTERACEAE",-33.93592,21.03448,"Langeberg",711,"HKM",2,12,20,15,235.619449,"0","B","0.977890772","41.93383083","42.88191693","-2.830721415","-31.71594547",5010,717.933575068322,19.2153587341309,c(21.03448, -33.93592)
"943",943,"711_20_LB","Tetraria capillacea","CYPERACEAE",-33.93818,21.02743,"Langeberg",711,"HKM",20,60,55,45,1943.860454,"0","N","0.53780467","48.18177052","89.58972128","3.010477096","-27.03846093",6030,650.991120095735,19.3148040771484,c(21.02743, -33.93818)
"944",944,"711_21_LB","Clutia ericoides","EUPHORBIACEAE",-33.93997,21.02379,"Langeberg",711,"HKM",21,60,70,50,2748.893572,"4","N","0.947219345","53.25965928","56.22737706","-6.8355362","-29.2546468",7440,742.188087739549,22.2563858032227,c(21.02379, -33.93997)
"945",945,"711_22_LB","Ficinia monticola","CYPERACEAE",-33.93997,21.02379,"Langeberg",711,"HKM",22,20,35,30,824.6680716,"0","N","0.528966369","45.29666702","86.06431227","-1.321323326","-25.60846675",7440,742.188087739549,22.2563858032227,c(21.02379, -33.93997)
"946",946,"711_23_LB","Calopsis membranacea","RESTIONACEAE",-33.93997,21.02379,"Langeberg",711,"HKM",23,60,35,30,824.6680716,"2","N","0.318730632","47.56673324","149.2380349","-1.727271437","-28.0524753",7440,742.188087739549,22.2563858032227,c(21.02379, -33.93997)
"947",947,"711_24_LB","Restio arcuatus","RESTIONACEAE",-33.93997,21.02379,"Langeberg",711,"HKM",24,30,40,35,1099.557429,"4","N","0.309138668","47.09428985","152.3403403","-2.940054074","-29.90658583",7440,742.188087739549,22.2563858032227,c(21.02379, -33.93997)
"948",948,"711_25_LB","Berzelia lanuginosa","BRUNIACEAE",-33.93997,21.02379,"Langeberg",711,"HKM",25,230,120,110,10367.25576,"4","N","1.022598084","53.1001169","51.92667355","-3.283237141","-28.3921752",7440,742.188087739549,22.2563858032227,c(21.02379, -33.93997)
"949",949,"711_26_LB","Ilex mitis","AQUIFOLIACEAE",-33.94564,21.02654,"Langeberg",711,"HKM",26,350,250,220,43196.89899,"4","N","1.565961318","49.95028","31.89751843","-3.483680348","-31.95088762",4650,478.298989876598,20.9427967071533,c(21.02654, -33.94564)
"950",950,"711_27_LB","Virgilia oroboides","FABACEAE",-33.94564,21.02654,"Langeberg",711,"HKM",27,1500,1000,800,628318.5307,"4","B","2.805707541","51.06438845","18.2001822","-1.599716668","-29.33804618",4650,478.298989876598,20.9427967071533,c(21.02654, -33.94564)
"951",951,"711_28_LB","Erica madida","ERICACEAE",-33.94564,21.02654,"Langeberg",711,"HKM",28,150,130,120,12252.21135,"4","B","1.429096702","53.37048182","37.34560562","-3.139484941","-30.07440165",4650,478.298989876598,20.9427967071533,c(21.02654, -33.94564)
"952",952,"711_3_LB","Restio stokoei","RESTIONACEAE",-33.93592,21.03448,"Langeberg",711,"HKM",3,50,40,35,1099.557429,"1","N","0.560475024","46.54272047","83.04156031","0.130371417","-28.10739684",5010,717.933575068322,19.2153587341309,c(21.03448, -33.93592)
"953",953,"711_4_LB","Osteospermum triquetrum","ASTERACEAE",-33.93592,21.03448,"Langeberg",711,"HKM",4,30,100,80,6283.185307,"4","N","0.680943535","44.85962072","65.87862047","-6.945881198","-31.0446822",5010,717.933575068322,19.2153587341309,c(21.03448, -33.93592)
"954",954,"711_5_LB","Penaea cneorum","PENAEACEAE",-33.93592,21.03448,"Langeberg",711,"HKM",5,80,75,70,4123.340358,"4","N","0.603142523","45.04521415","74.68419558","-5.139867655","-29.17633275",5010,717.933575068322,19.2153587341309,c(21.03448, -33.93592)
"955",955,"711_6_LB","Protea cynaroides","PROTEACEAE",-33.93592,21.03448,"Langeberg",711,"HKM",6,100,80,75,4712.38898,"1","N","0.540726197","49.8791323","92.24471189","2.094309912","-27.92941037",5010,717.933575068322,19.2153587341309,c(21.03448, -33.93592)
"956",956,"711_7_LB","Restio arcuatus","RESTIONACEAE",-33.93258,21.03623,"Langeberg",711,"HKM",7,30,50,40,1570.796327,"2","N","0.62040626","47.04900928","75.83580683","-1.173521768","-27.75447509",7200,755.770614835436,20.8882846832275,c(21.03623, -33.93258)
"957",957,"711_8_LB","Erica langebergensis","ERICACEAE",-33.93182,21.03786,"Langeberg",711,"HKM",8,100,30,25,589.0486225,"4","S","0.860931633","55.58640183","64.56540766","-6.934745465","-28.18367676",7260,778.084766492965,21.3093452453613,c(21.03786, -33.93182)
"958",958,"711_9_LB","Aspalathus securifolia","FABACEAE",-33.9313,21.04008,"Langeberg",711,"HKM",9,30,70,35,1924.2255,"4","B","0.930309307","52.7624644","56.71496998","-1.204904291","-28.42370423",4290,839.206138424457,22.5489311218262,c(21.04008, -33.9313)
"959",959,"731_10_HTR","Othonna auriculifolia","ASTERACEAE",-31.38416,19.77994,"HTR",731,"HKM",10,3,9,7,49.48008429,"0","L","1.89463667","37.61680695","19.85436445","0.850017961","-29.21826533",6570,1546.46772791744,10.6085901260376,c(19.77994, -31.38416)
"960",960,"731_11_HTR","Crassula umbella","CRASSULACEAE",-31.38416,19.77994,"HTR",731,"HKM",11,1,10,8,62.83185307,"0","N","1.498600125","42.60197844","28.42784925","1.735750002","-28.6355467",6570,1546.46772791744,10.6085901260376,c(19.77994, -31.38416)
"961",961,"731_12_HTR","Euryops marlothii","ASTERACEAE",-31.38416,19.77994,"HTR",731,"HKM",12,48,80,65,4084.07045,"4","N","1.412298654","45.86047294","32.47222024","2.130185354","-26.94586432",6570,1546.46772791744,10.6085901260376,c(19.77994, -31.38416)
"962",962,"731_13_HTR","Leysera gnaphalodes","ASTERACEAE",-31.38416,19.77994,"HTR",731,"HKM",13,7,11,9,77.75441818,"3","B","2.622743136","39.50756998","15.06345377","3.558141181","-30.55206593",6570,1546.46772791744,10.6085901260376,c(19.77994, -31.38416)
"963",963,"731_14_HTR","Eriocephalus punctulatus","ASTERACEAE",-31.35388,19.79864,"HTR",731,"HKM",14,50,51,30,1201.65919,"4","N","1.312091015","47.36956755","36.10234885","-0.111605439","-29.87558807",6480,1539.6764643695,8.19476699829102,c(19.79864, -31.35388)
"964",964,"731_15_HTR","Diospyros austro-africana","EBENACEAE",-31.35388,19.79864,"HTR",731,"HKM",15,120,290,250,56941.36685,"4","B","1.372266766","49.26617491","35.90131025","3.380395631","-27.08297458",6480,1539.6764643695,8.19476699829102,c(19.79864, -31.35388)
"965",965,"731_16_HTR","Helichrysum hamulosum","ASTERACEAE",-31.35388,19.79864,"HTR",731,"HKM",16,50,90,80,5654.866776,"4","B","1.200783233","51.76348971","43.10810502","0.727193788","-29.76670639",6480,1539.6764643695,8.19476699829102,c(19.79864, -31.35388)
"966",966,"731_17_HTR","Pentameris rupestris","POACEAE",-31.35388,19.79864,"HTR",731,"HKM",17,45,70,40,2199.114858,"0","B","1.159411863","43.87328629","37.84098446","-0.21046392","-27.55076255",6480,1539.6764643695,8.19476699829102,c(19.79864, -31.35388)
"967",967,"731_18_HTR","Nylandtia spinosa","POLYGALACEAE",-31.35388,19.79864,"HTR",731,"HKM",18,60,130,110,11231.19374,"4","N","0.86391039","51.06433549","59.10837059","0.074368104","-29.2916022",6480,1539.6764643695,8.19476699829102,c(19.79864, -31.35388)
"968",968,"731_19_HTR","Anthospermum spathulatum","RUBIACEAE",-31.34192,19.81272,"HTR",731,"HKM",19,100,160,90,11309.73355,"4","N","1.281804843","49.83461245","38.87847103","1.097348266","-28.24302668",7350,1460.12166280787,10.6827898025513,c(19.81272, -31.34192)
"969",969,"731_1_HTR","Passerina glomerata","THYMELAEACEAE",-31.38615,19.78147,"HTR",731,"HKM",1,65,70,70,3848.451001,"4","N","0.863027841","53.77778582","62.31292116","-0.226798836","-27.98894876",6150,1544.52736690374,15.1258993148804,c(19.78147, -31.38615)
"970",970,"731_20_HTR","Rhus longispina","ANACARDIACEAE",-31.34281,19.81293,"HTR",731,"HKM",20,300,450,350,123700.2107,"4","N","1.446939902","47.95314663","33.14107695","0.893937152","-26.72057568",7260,1487.28671699964,10.6827898025513,c(19.81293, -31.34281)
"971",971,"731_21_HTR","Anginon fruticosum","APIACEAE",-31.34281,19.81293,"HTR",731,"HKM",21,110,160,140,17592.91886,"3","N","1.051633871","47.70112147","45.35905773","-0.461807792","-27.28720976",7260,1487.28671699964,10.6827898025513,c(19.81293, -31.34281)
"972",972,"731_22_HTR","Cliffortia arborea","ROSACEAE",-31.33923,19.8211,"HTR",731,"HKM",22,300,260,200,40840.7045,"4","B","0.764041574","50.85813774","66.56462092","1.046989204","-27.3829931",6090,1413.55299847911,18.0602340698242,c(19.8211, -31.33923)
"973",973,"731_23_HTR","Relhania corymbosa","ASTERACEAE",-31.33923,19.8211,"HTR",731,"HKM",23,70,70,50,2748.893572,"4","B","1.587294658","51.99256157","32.75545678","2.011710843","-28.59893741",6090,1413.55299847911,18.0602340698242,c(19.8211, -31.33923)
"974",974,"731_24_HTR","Chrysocoma ciliata","ASTERACEAE",-31.33543,19.84319,"HTR",731,"HKM",24,45,70,60,3298.672286,"3","N","2.112409062","47.74346979","22.60143201","0.738910236","-28.87822147",7290,1286.45935208188,23.1220359802246,c(19.84319, -31.33543)
"975",975,"731_25_HTR","Pteronia glauca","ASTERACEAE",-31.33543,19.84319,"HTR",731,"HKM",25,55,110,80,6911.503838,"4","L","1.534079351","43.99872806","28.68086845","0.623380623","-29.05567271",7290,1286.45935208188,23.1220359802246,c(19.84319, -31.33543)
"976",976,"731_26_HTR","Cotyledon orbiculata","CRASSULACEAE",-31.33543,19.84319,"HTR",731,"HKM",26,45,65,50,2552.544031,"3","N","0.468521139","37.08420951","79.15162502","0.120777435","-12.62549707",7290,1286.45935208188,23.1220359802246,c(19.84319, -31.33543)
"977",977,"731_27_HTR","Searsia burchellii","ANACARDIACEAE",-31.33543,19.84319,"HTR",731,"HKM",27,230,280,240,52778.75658,"4","N","1.47769565","48.99506738","33.15639955","2.146001675","-24.34111585",7290,1286.45935208188,23.1220359802246,c(19.84319, -31.33543)
"978",978,"731_28_HTR","Viscum capense","VISCACEAE",-31.33543,19.84319,"HTR",731,"HKM",28,60,80,70,4398.229715,"4","N","0.902821688","47.28900678","52.37912138","3.846360593","-27.04623904",7290,1286.45935208188,23.1220359802246,c(19.84319, -31.33543)
"979",979,"731_2_HTR","Elytropappus rhinocerotis","ASTERACEAE",-31.38615,19.78147,"HTR",731,"HKM",2,65,130,100,10210.17612,"4","B","0.850899798","54.50778729","64.05899663","1.012429063","-25.51572208",6150,1544.52736690374,15.1258993148804,c(19.78147, -31.38615)
"980",980,"731_3_HTR","Asparagus capensis","ASPARAGACEAE",-31.38615,19.78147,"HTR",731,"HKM",3,35,75,70,4123.340358,"4","L","2.435614731","53.43870908","21.94054273","3.41834131","-25.8348679",6150,1544.52736690374,15.1258993148804,c(19.78147, -31.38615)
"981",981,"731_4_HTR","Merxmuellera stricta","POACEAE",-31.38615,19.78147,"HTR",731,"HKM",4,45,45,35,1237.002107,"0","N","0.718526374","45.31045153","63.06024826","-1.215218857","-24.51957533",6150,1544.52736690374,15.1258993148804,c(19.78147, -31.38615)
"982",982,"731_5_HTR","Helichrysum obtusum","ASTERACEAE",-31.38511,19.78095,"HTR",731,"HKM",5,3,14,10,109.9557429,"2","B","1.156882497","37.60625894","32.50655018","2.744385824","-29.07482938",6420,1545.49754741059,10.6085901260376,c(19.78095, -31.38511)
"983",983,"731_6_HTR","Stachys rugosa","LAMIACEAE",-31.38511,19.78095,"HTR",731,"HKM",6,55,95,70,5222.897787,"4","B","2.383798818","46.49984807","19.50661596","4.113954824","-27.79032436",6420,1545.49754741059,10.6085901260376,c(19.78095, -31.38511)
"984",984,"731_7_HTR","Hesperantha luticola","IRIDACEAE",-31.38511,19.78095,"HTR",731,"HKM",7,2,5,1,3.926990817,"0","N","3.193543911","43.17174628","13.51844455","2.733321941","-29.34529396",6420,1545.49754741059,10.6085901260376,c(19.78095, -31.38511)
"985",985,"731_8_HTR","Pteronia glomerata","ASTERACEAE",-31.38511,19.78095,"HTR",731,"HKM",8,45,90,50,3534.291735,"4","N","1.608009461","44.13168296","27.44491499","1.380741419","-29.20388482",6420,1545.49754741059,10.6085901260376,c(19.78095, -31.38511)
"986",986,"731_9_HTR","Dimorphotheca cuneata","ASTERACEAE",-31.38511,19.78095,"HTR",731,"HKM",9,35,60,45,2120.575041,"4","N","1.519393782","48.40105399","31.85550353","3.265560022","-27.77457489",6420,1545.49754741059,10.6085901260376,c(19.78095, -31.38511)
"987",987,"807_10_HTR","Diospyros austro-africana","EBENACEAE",-31.58939,19.85697,"HTR",807,"HKM",10,210,180,160,22619.46711,"4","L","1.126031537","47.80462039","42.45406884","2.030947126","-26.72022504",6660,1161.30606669835,17.148250579834,c(19.85697, -31.58939)
"988",988,"807_11_HTR","Eriocephalus africanus","ASTERACEAE",-31.58939,19.85697,"HTR",807,"HKM",11,75,120,110,10367.25576,"4","L","1.493313136","48.22064052","32.29104423","1.757620642","-27.56169766",6660,1161.30606669835,17.148250579834,c(19.85697, -31.58939)
"989",989,"807_12_HTR","Pelargonium oreophilum","GERANIACEAE",-31.58939,19.85697,"HTR",807,"HKM",12,40,70,60,3298.672286,"4","L","1.685088844","45.3031958","26.88475208","0.197707353","-26.94070705",6660,1161.30606669835,17.148250579834,c(19.85697, -31.58939)
"990",990,"807_13_HTR","Drimia physodes","HYACINTHACEAE",-31.59249,19.86552,"HTR",807,"HKM",13,5,4,3,9.424777961,"0","N","2.764234958","46.58433829","16.85252484","3.755832471","-26.8264205",6510,1140.93227605452,13.3255233764648,c(19.86552, -31.59249)
"991",991,"807_14_HTR","Oxalis obtusa","OXALIDACEAE",-31.59249,19.86552,"HTR",807,"HKM",14,2,1,1,0.785398163,"0","N","3.17515782","41.62895875","13.11083137","-0.013144506","-30.00520467",6510,1140.93227605452,13.3255233764648,c(19.86552, -31.59249)
"992",992,"807_15_HTR","Pentaschistis eriostoma","POACEAE",-31.63812,19.89722,"HTR",807,"HKM",15,60,100,70,5497.787144,"0","N","0.626561958","41.1462575","65.66989421","0.500318817","-25.13133865",6900,1143.84281757507,11.3497114181519,c(19.89722, -31.63812)
"993",993,"807_16_HTR","NA","NA",-31.63812,19.89722,"HTR",807,"HKM",16,40,70,50,2748.893572,"4","B","1.602486725","46.25060537","28.8617713","1.565315937","-28.767269",6900,1143.84281757507,11.3497114181519,c(19.89722, -31.63812)
"994",994,"807_17_HTR","Rosenia oppositifolia","ASTERACEAE",-31.63812,19.89722,"HTR",807,"HKM",17,55,120,110,10367.25576,"4","B","1.360721956","49.29760474","36.22900661","1.549697281","-28.79963333",6900,1143.84281757507,11.3497114181519,c(19.89722, -31.63812)
"995",995,"807_18_HTR","Berkheya eriobasis","ASTERACEAE",-31.64381,19.89833,"HTR",807,"HKM",18,9,9,7,49.48008429,"1","L","2.881627115","37.50831747","13.01636748","2.898758711","-28.7531096",6690,1187.50094038328,9.97799110412598,c(19.89833, -31.64381)
"996",996,"807_19_HTR","Moraea bifida","IRIDACEAE",-31.64381,19.89833,"HTR",807,"HKM",19,14,35,1,27.48893572,"0","N","1.737519973","42.32233408","24.35789789","2.096350249","-28.11694822",6690,1187.50094038328,9.97799110412598,c(19.89833, -31.64381)
"997",997,"807_1_HTR","NA","NA",-31.548,19.81205,"HTR",807,"HKM",1,60,80,60,3769.911184,"4","N","1.789906595","34.01208218","19.00215479","13.12800237","-15.42696216",6570,980.852492424423,1.48370242118835,c(19.81205, -31.548)
"998",998,"807_20_HTR","Ruschia cradockensis","AIZOACEAE",-31.65252,19.89719,"HTR",807,"HKM",20,40,75,55,3239.767424,"4","N","1.675221548","24.91819345","14.87456598","4.103347572","-24.567997",6690,1214.66599457505,6.21015644073486,c(19.89719, -31.65252)
"999",999,"807_21_HTR","Senecio erosus","ASTERACEAE",-31.65252,19.89719,"HTR",807,"HKM",21,15,20,10,157.0796327,"1","B","1.57618373","43.53672917","27.62160803","3.830021088","-31.11975134",6690,1214.66599457505,6.21015644073486,c(19.89719, -31.65252)
"1000",1000,"807_22_HTR","Ursinia nana subsp nana","ASTERACEAE",-31.65252,19.89719,"HTR",807,"HKM",22,5,8,6,37.69911184,"1","N","2.80974139","37.57405133","13.37277924","3.105705906","-30.90230348",6690,1214.66599457505,6.21015644073486,c(19.89719, -31.65252)
"1001",1001,"807_23_HTR","Cleretum maughanii","AIZOACEAE",-31.65252,19.89719,"HTR",807,"HKM",23,4,12,10,94.24777961,"1","N","0.761920103","40.80207642","53.55164703","5.308912598","-26.60290434",6690,1214.66599457505,6.21015644073486,c(19.89719, -31.65252)
"1002",1002,"807_24_HTR","Felicia hirta","ASTERACEAE",-31.74352,19.95842,"HTR",807,"HKM",24,45,85,55,3671.736414,"4","B","1.384371578","41.18897184","53.822325","7.010741985","-24.86860771",NA,NA,NA,c(19.95842, -31.74352)
"1003",1003,"807_25_HTR","Schismus schismoides","POACEAE",-31.7289,19.96695,"HTR",807,"HKM",25,3,6,4,18.84955592,"0","N","2.382453796","41.05673843","17.23296313","5.319650425","-27.58394813",NA,NA,NA,c(19.96695, -31.7289)
"1004",1004,"807_26_HTR","Eriocephalus namaquensis","ASTERACEAE",-31.67494,19.98329,"HTR",807,"HKM",26,65,95,70,5222.897787,"4","L","1.848933211","42.57461484","23.02658343","5.258130609","-26.24441163",NA,NA,NA,c(19.98329, -31.67494)
"1005",1005,"807_27_HTR","Aptosimum  indivisum","SCROPHULARIACEAE",-31.67494,19.98329,"HTR",807,"HKM",27,4,9,6,42.41150082,"1","N","1.887938139","45.48030324","24.08993298","4.800330105","-26.71820227",NA,NA,NA,c(19.98329, -31.67494)
"1006",1006,"807_28_HTR","Ruschia cradockensis","AIZOACEAE",-31.67494,19.98329,"HTR",807,"HKM",28,35,70,60,3298.672286,"4","N","1.389027631","41.39476919","29.80125684","6.951857344","-25.3709214",NA,NA,NA,c(19.98329, -31.67494)
"1007",1007,"807_2_HTR","Eriocephalus spinescens","ASTERACEAE",-31.548,19.81205,"HTR",807,"HKM",2,45,60,40,1884.955592,"4","L","2.072090018","43.40911724","20.94943601","9.372691712","-27.15714351",6570,980.852492424423,1.48370242118835,c(19.81205, -31.548)
"1008",1008,"807_3_HTR","Mesembryanthemum vaginatus","AIZOACEAE",-31.58361,19.842,"HTR",807,"HKM",3,10,35,35,962.1127502,"2","B","1.268661114","27.4722219","21.65449985","8.559545423","-22.63220543",6570,1036.15278131482,7.16912221908569,c(19.842, -31.58361)
"1009",1009,"807_4_HTR","NA","NA",-31.58361,19.842,"HTR",807,"HKM",4,51,110,90,7775.441818,"3","N","2.120359406","32.69044634","15.41740813","7.3481234","-22.68884301",6570,1036.15278131482,7.16912221908569,c(19.842, -31.58361)
"1010",1010,"807_5_HTR","Thesium lineatum","SANTALACEAE",-31.58921,19.84692,"HTR",807,"HKM",5,115,160,160,20106.19298,"4","N","0.924507014","46.30816901","50.08958105","6.468597822","-25.58848483",6690,1062.34765499975,10.1045684814453,c(19.84692, -31.58921)
"1011",1011,"807_6_HTR","Lycium amoenum","SOLANACEAE",-31.58921,19.84692,"HTR",807,"HKM",6,140,230,110,19870.57353,"4","N","3.12721268","38.18982087","12.21209581","9.619661713","-27.17737122",6690,1062.34765499975,10.1045684814453,c(19.84692, -31.58921)
"1012",1012,"807_7_HTR","Felicia brevifolia","ASTERACEAE",-31.58921,19.84692,"HTR",807,"HKM",7,55,70,35,1924.2255,"2","L","2.971399336","44.29348663","14.90660851","5.24741414","-28.42542075",6690,1062.34765499975,10.1045684814453,c(19.84692, -31.58921)
"1013",1013,"807_8_HTR","Nenax cinerea","RUBIACEAE",-31.58921,19.84692,"HTR",807,"HKM",8,70,140,75,8246.680716,"4","N","1.370913883","47.41655698","34.58755329","6.897134702","-27.63856294",6690,1062.34765499975,10.1045684814453,c(19.84692, -31.58921)
"1014",1014,"807_9_HTR","Osteospermum incanum","ASTERACEAE",-31.58939,19.85697,"HTR",807,"HKM",9,40,70,60,3298.672286,"4","L","1.175611083","49.82535652","42.38251684","1.911854872","-27.96928595",6660,1161.30606669835,17.148250579834,c(19.85697, -31.58939)
"1015",1015,"811_10_HTR","Anisodontea triloba","MALVACEAE",-31.41529,19.77823,"HTR",811,"HKM",10,160,190,180,26860.61719,"4","B","1.665215534","43.86393936","26.34129845","2.769686084","-27.21601275",6390,1063.3178355066,19.3415012359619,c(19.77823, -31.41529)
"1016",1016,"811_11_HTR","NA","NA",-31.41529,19.77823,"HTR",811,"HKM",11,160,200,140,21991.14858,"4","N","1.225709485","47.59978609","38.83447642","0.995979295","-25.80420365",6390,1063.3178355066,19.3415012359619,c(19.77823, -31.41529)
"1017",1017,"811_12_HTR","Heliophila crithmifolia","BRASSICACEAE",-31.41651,19.7792,"HTR",811,"HKM",12,7,5,4,15.70796327,"1","N","3.491155311","37.5540779","10.75691986","4.413537468","-30.44170283",6300,1048.76512790386,19.3415012359619,c(19.7792, -31.41651)
"1018",1018,"811_13_HTR","Polygala myrtifolia","POLYGALACEAE",-31.41651,19.7792,"HTR",811,"HKM",13,140,130,120,12252.21135,"4","B","1.489836698","51.8817946","34.82381302","0.433272538","-27.30817532",6300,1048.76512790386,19.3415012359619,c(19.7792, -31.41651)
"1019",1019,"811_14_HTR","Senecio cardaminifolius","ASTERACEAE",-31.41651,19.7792,"HTR",811,"HKM",14,15,7,7,38.48451001,"2","B","2.385701318","37.49620801","15.71705885","4.698825859","-30.24927548",6300,1048.76512790386,19.3415012359619,c(19.7792, -31.41651)
"1020",1020,"811_15_HTR","Senecio arenarius","ASTERACEAE",-31.41651,19.7792,"HTR",811,"HKM",15,10,9,8,56.54866776,"2","B","2.900520484","38.23383457","13.18171507","5.062814496","-31.00784436",6300,1048.76512790386,19.3415012359619,c(19.7792, -31.41651)
"1021",1021,"811_16_HTR","Selago glabrata","SCROPHULARIACEAE",-31.45022,19.7723,"HTR",811,"HKM",16,8,30,30,706.8583471,"4","N","2.403302475","43.24748973","17.99502567","5.793743028","-29.91809788",6420,993.464839013461,8.05287456512451,c(19.7723, -31.45022)
"1022",1022,"811_17_HTR","Bromus pectinatus","POACEAE",-31.45022,19.7723,"HTR",811,"HKM",17,7,7,3,16.49336143,"0","B","3.612285362","42.52346028","11.77189951","4.727354698","-29.04305982",6420,993.464839013461,8.05287456512451,c(19.7723, -31.45022)
"1023",1023,"811_18_HTR","Scirpoides dioecus","CYPERACEAE",-31.44179,19.77508,"HTR",811,"HKM",18,80,80,70,4398.229715,"0","N","0.667409176","42.52569086","63.71756995","8.924045304","-27.06105809",6240,1021.60007371208,7.35508680343628,c(19.77508, -31.44179)
"1024",1024,"811_19_HTR","NA","NA",-31.44179,19.77508,"HTR",811,"HKM",19,150,140,140,15393.804,"3","N","1.984910159","46.83926885","23.59767702","-0.889875344","-29.78137318",6240,1021.60007371208,7.35508680343628,c(19.77508, -31.44179)
"1025",1025,"811_1_HTR","NA","NA",-31.45015,19.77626,"HTR",811,"HKM",1,4,6,1,4.71238898,"0","L","2.589662344","45.61006509","17.61235985","0.489346463","-29.28410039",6330,1018.68953219154,7.16935348510742,c(19.77626, -31.45015)
"1026",1026,"811_20_HTR","Pseudoschoenus inanis","CYPERACEAE",-31.44179,19.77508,"HTR",811,"HKM",20,180,150,140,16493.36143,"0","N","0.385240314","45.72145332","118.6893114","7.423821869","-25.77584593",6240,1021.60007371208,7.35508680343628,c(19.77508, -31.44179)
"1027",1027,"811_21_HTR","Haworthia venosa","ASPHODELACEAE",-31.44332,19.77547,"HTR",811,"HKM",21,5,40,30,942.4777961,"1","N","0.672401454","36.6780307","54.54781587","0.532631598","-12.98107062",6570,1022.57025421893,7.35508680343628,c(19.77547, -31.44332)
"1028",1028,"811_22_HTR","NA","NA",-31.44332,19.77547,"HTR",811,"HKM",22,1,3,1,2.35619449,"0","N","3.932100896","43.67484573","11.10725459","3.055958228","-28.77264875",6570,1022.57025421893,7.35508680343628,c(19.77547, -31.44332)
"1029",1029,"811_23_HTR","Cotula sororia","ASTERACEAE",-31.44332,19.77547,"HTR",811,"HKM",23,4,10,10,78.53981634,"3","B","3.972571357","41.18507055","10.36735828","8.592520518","-28.89013071",6570,1022.57025421893,7.35508680343628,c(19.77547, -31.44332)
"1030",1030,"811_24_HTR","Pentzia spinescens","ASTERACEAE",-31.43364,19.78331,"HTR",811,"HKM",24,50,40,20,628.3185307,"4","L","1.845109328","45.06993282","58.49492662","3.431093984","-27.97577726",6450,1013.83862965729,9.31299209594727,c(19.78331, -31.43364)
"1031",1031,"811_25_HTR","Anthospermum dregei","RUBIACEAE",-31.43013,19.7849,"HTR",811,"HKM",25,15,30,30,706.8583471,"3","N","1.485380914","45.92905143","38.3340253","-0.272382659","-28.31901086",6570,1025.48079573948,9.69815444946289,c(19.7849, -31.43013)
"1032",1032,"811_2_HTR","Polycarena aurea","SCROPHULARIACEAE",-31.43575,19.76509,"HTR",811,"HKM",2,6,2,1,1.570796327,"1","B","2.012451916","37.41493907","18.59171828","6.679120793","-29.59502248",6300,1061.3774744929,13.300950050354,c(19.76509, -31.43575)
"1033",1033,"811_3_HTR","Zaluzianskya cohabitans","SCROPHULARIACEAE",-31.43575,19.76509,"HTR",811,"HKM",3,1.5,1,1,0.785398163,"0","B","2.536394678","41.364097","16.30822575","7.765184185","-29.35195636",6300,1061.3774744929,13.300950050354,c(19.76509, -31.43575)
"1034",1034,"811_4_HTR","Oxalis luteola","OXALIDACEAE",-31.43575,19.76509,"HTR",811,"HKM",4,2,8,6,37.69911184,"0","N","3.668194318","44.40875978","12.10643601","5.92556594","-28.44450947",6300,1061.3774744929,13.300950050354,c(19.76509, -31.43575)
"1035",1035,"811_5_HTR","Searsia lancea","ANACARDIACEAE",-31.43575,19.76509,"HTR",811,"HKM",5,800,700,700,384845.1001,"4","N","1.085113758","47.36092885","43.64604955","1.111078405","-26.84027302",6300,1061.3774744929,13.300950050354,c(19.76509, -31.43575)
"1036",1036,"811_6_HTR","Oxalis pes-caprae","OXALIDACEAE",-31.43575,19.76509,"HTR",811,"HKM",6,7,8,8,50.26548246,"1","N","3.325822938","43.08105644","12.95350271","2.994965538","-28.12345963",6300,1061.3774744929,13.300950050354,c(19.76509, -31.43575)
"1037",1037,"811_7_HTR","Melianthus comosus","MELIANTHACEAE",-31.43575,19.76509,"HTR",811,"HKM",7,140,180,150,21205.75041,"3","B","2.584038232","44.45084758","17.20208588","3.196634918","-25.5743036",6300,1061.3774744929,13.300950050354,c(19.76509, -31.43575)
"1038",1038,"811_8_HTR","Ursinia pilifera","ASTERACEAE",-31.43575,19.76509,"HTR",811,"HKM",8,28,26,15,306.3052837,"4","S","2.623338187","40.33038325","15.37368817","2.475543916","-29.42690174",6300,1061.3774744929,13.300950050354,c(19.76509, -31.43575)
"1039",1039,"811_9_HTR","Oxalis obtusa","OXALIDACEAE",-31.43575,19.76509,"HTR",811,"HKM",9,4,5,4,15.70796327,"0","B","3.050365579","42.46970733","13.92282539","2.660489493","-28.88405406",6300,1061.3774744929,13.300950050354,c(19.76509, -31.43575)
"1040",1040,"709_1_LB","Erica gracilis","ERICACEAE",-33.92173,21.05771,"Langeberg",709,"JAS",1,70,30,25,589.0486225,"4","S","0.795285277","52.59826727","66.13760969","-4.20851538","-28.90375918",6690,495.762238999882,13.3018064498901,c(21.05771, -33.92173)
"1041",1041,"709_10_LB","Agathosma capensis","RUTACEAE",-33.9267,21.06477,"Langeberg",709,"JAS",10,30,50,40,1570.796327,"4","B","0.810370535","49.8585521","61.52562311","-2.763907013","-28.16333545",6840,578.227582082054,19.4483375549316,c(21.06477, -33.9267)
"1042",1042,"709_11_LB","Amphithalea violacea","FABACEAE",-33.9267,21.06477,"Langeberg",709,"JAS",11,40,50,30,1178.097245,"4","B","1.793442755","48.08975897","26.81421464","-1.417369302","-28.46976876",6840,578.227582082054,19.4483375549316,c(21.06477, -33.9267)
"1043",1043,"709_12_LB","Penaea mucronata","PENAEACEAE",-33.9267,21.06477,"Langeberg",709,"JAS",12,55,120,100,9424.777961,"4","S","0.5940886","45.81629756","77.12031096","-3.173952024","-27.60765579",6840,578.227582082054,19.4483375549316,c(21.06477, -33.9267)
"1044",1044,"709_13_LB","Tetraria pillansii","CYPERACEAE",-33.92881,21.07149,"Langeberg",709,"JAS",13,15,29,22,501.0840282,"0","N","0.685698269","44.00399769","64.1739956","1.682136595","-26.96584941",6960,637.408592999848,19.4948749542236,c(21.07149, -33.92881)
"1045",1045,"709_14_LB","Cymbopogon marginatus","POACEAE",-33.92881,21.07149,"Langeberg",709,"JAS",14,35,45,40,1413.716694,"0","N","1.049026937","44.50905977","42.42890073","-1.469321804","-12.84007316",6960,637.408592999848,19.4948749542236,c(21.07149, -33.92881)
"1046",1046,"709_15_LB","Heteropogon contortus","POACEAE",-33.92881,21.07149,"Langeberg",709,"JAS",15,45,45,35,1237.002107,"0","N","1.085233872","43.65184488","40.22344492","-3.835611253","-13.54424944",6960,637.408592999848,19.4948749542236,c(21.07149, -33.92881)
"1047",1047,"709_16_LB","Relhania pungens","ASTERACEAE",-33.92881,21.07149,"Langeberg",709,"JAS",16,55,60,50,2356.19449,"4","B","0.827258884","49.53689352","59.88076346","-3.244529009","-29.17092714",6960,637.408592999848,19.4948749542236,c(21.07149, -33.92881)
"1048",1048,"709_17_LB","Hermannia angularis","MALVACEAE",-33.92881,21.07149,"Langeberg",709,"JAS",17,45,35,20,549.7787144,"4","B","1.411890923","41.00024192","29.03924182","-0.085228722","-27.12278012",6960,637.408592999848,19.4948749542236,c(21.07149, -33.92881)
"1049",1049,"709_18_LB","Amphithalea cymbifolia","FABACEAE",-33.92881,21.07149,"Langeberg",709,"JAS",18,30,45,30,1060.287521,"4","B","1.047807912","49.95784573","47.6784391","-1.603614122","-28.4506554",6960,637.408592999848,19.4948749542236,c(21.07149, -33.92881)
"1050",1050,"709_19_LB","Pelargonium candicans","GERANIACEAE",-33.92881,21.07149,"Langeberg",709,"JAS",19,35,55,35,1511.891465,"2","B","1.929587529","46.82206059","24.2653209","1.275338699","-27.58753647",6960,637.408592999848,19.4948749542236,c(21.07149, -33.92881)
"1051",1051,"709_2_LB","Restio triticeus","RESTIONACEAE",-33.92173,21.05771,"Langeberg",709,"JAS",2,80,60,35,1649.336143,"1","N","0.347498546","46.78695275","134.6392765","-0.633944852","-26.48721139",6690,495.762238999882,13.3018064498901,c(21.05771, -33.92173)
"1052",1052,"709_20_LB","Pelargonium tricolor","GERANIACEAE",-33.92881,21.07149,"Langeberg",709,"JAS",20,15,40,35,1099.557429,"4","B","1.259850672","45.94663351","36.46990436","0.018676283","-28.84901799",6960,637.408592999848,19.4948749542236,c(21.07149, -33.92881)
"1053",1053,"709_21_LB","Berzelia galpinii","BRUNIACEAE",-33.930997,21.06483,"Langeberg",709,"JAS",21,165,70,60,3298.672286,"4","S","0.777018621","52.00400278","66.92761453","-3.938536022","-27.9104516",6540,721.814297095718,19.8616065979004,c(21.06483, -33.930997)
"1054",1054,"709_22_LB","Hypodiscus albo-aristatus","RESTIONACEAE",-33.930997,21.06483,"Langeberg",709,"JAS",22,75,130,110,11231.19374,"0","N","0.335736793","45.91744919","136.7662114","-0.783156678","-28.29573662",6540,721.814297095718,19.8616065979004,c(21.06483, -33.930997)
"1055",1055,"709_23_LB","Syncarpha vestita","ASTERACEAE",-33.93097,21.06483,"Langeberg",709,"JAS",23,65,20,15,235.619449,"1","B","0.624515827","40.52675266","64.89307543","0.240209595","-30.40524757",6540,721.814297095718,19.8616065979004,c(21.06483, -33.93097)
"1056",1056,"709_24_LB","Pentameris macrocalycina","POACEAE",-33.93097,21.06483,"Langeberg",709,"JAS",24,35,20,20,314.1592654,"2","N","0.569447534","45.19929841","79.37394703","-5.263814951","-26.34315638",6540,721.814297095718,19.8616065979004,c(21.06483, -33.93097)
"1057",1057,"709_25_LB","Tetraria burmannii","CYPERACEAE",-33.93097,21.06483,"Langeberg",709,"JAS",25,25,25,22,431.9689899,"0","N","0.707727224","45.56445921","64.38138549","2.749613484","-27.50605322",6540,721.814297095718,19.8616065979004,c(21.06483, -33.93097)
"1058",1058,"709_26_LB","Brunia nodiflora","BRUNIACEAE",-33.93097,21.06483,"Langeberg",709,"JAS",26,55,95,75,5595.961914,"4","B","0.532795062","54.24537596","101.8128354","-6.556746095","-29.26448199",6540,721.814297095718,19.8616065979004,c(21.06483, -33.93097)
"1059",1059,"709_27_LB","Protea piscina","PROTEACEAE",-33.93097,21.06483,"Langeberg",709,"JAS",27,20,65,40,2042.035225,"2","N","0.541167867","50.26186499","92.87666184","1.0459635","-26.76163829",6540,721.814297095718,19.8616065979004,c(21.06483, -33.93097)
"1060",1060,"709_28_LB","Themeda triandra","POACEAE",-33.93737,21.05415,"Langeberg",709,"JAS",28,35,50,40,1570.796327,"0","N","1.107687169","43.53013972","39.29822511","-2.611296621","-13.27263859",6840,560.76433295877,21.0361251831055,c(21.05415, -33.93737)
"1061",1061,"709_29_LB","Anthospermum aethiopicum","RUBIACEAE",-33.93914,21.05144,"Langeberg",709,"JAS",29,100,25,20,392.6990817,"4","N","1.735969145","47.76077554","27.51245648","-0.586129264","-28.68303358",6810,552.032708397128,20.5655479431152,c(21.05144, -33.93914)
"1062",1062,"709_3_LB","Muraltia ciliaris","POLYGALACEAE",-33.9267,21.06477,"Langeberg",709,"JAS",3,15,23,16,289.0265241,"3","B","0.489581473","50.82263351","103.8083267","-2.960300862","-28.07485074",6840,578.227582082054,19.4483375549316,c(21.06477, -33.9267)
"1063",1063,"709_30_LB","Cliffortia ruscifolia","ROSACEAE",-33.93914,21.05144,"Langeberg",709,"JAS",30,165,150,170,20027.65317,"4","N","0.932077618","51.85282184","55.63144186","0.588193338","-27.19118582",6810,552.032708397128,20.5655479431152,c(21.05144, -33.93914)
"1064",1064,"709_4_LB","Tetraria compar","CYPERACEAE",-33.9267,21.06477,"Langeberg",709,"JAS",4,80,120,70,6597.344573,"0","N","0.423789814","44.54096116","106.7399318","-0.047294153","-26.15361389",6840,578.227582082054,19.4483375549316,c(21.06477, -33.9267)
"1065",1065,"709_5_LB","Ischyrolepis gaudichaudiana","RESTIONACEAE",-33.9267,21.06477,"Langeberg",709,"JAS",5,75,100,80,6283.185307,"4","N","0.356792219","46.72071644","130.9465675","-2.149416979","-26.71096582",6840,578.227582082054,19.4483375549316,c(21.06477, -33.9267)
"1066",1066,"709_6_LB","Rafnia capensis","FABACEAE",-33.9267,21.06477,"Langeberg",709,"JAS",6,75,70,55,3023.782929,"2","N","1.025157185","53.008841","51.70801297","-1.050016358","-29.24549321",6840,578.227582082054,19.4483375549316,c(21.06477, -33.9267)
"1067",1067,"709_7_LB","Willdenowia glomerata","RESTIONACEAE",-33.9267,21.06477,"Langeberg",709,"JAS",7,60,30,20,471.238898,"3","N","0.499558544","46.89581898","93.87452091","-1.24236085","-25.29724468",6840,578.227582082054,19.4483375549316,c(21.06477, -33.9267)
"1068",1068,"709_8_LB","Ficinia deusta","CYPERACEAE",-33.9267,21.06477,"Langeberg",709,"JAS",8,55,60,30,1413.716694,"0","N","0.652230854","46.40212623","71.71598752","-0.427933778","-25.64864083",6840,578.227582082054,19.4483375549316,c(21.06477, -33.9267)
"1069",1069,"709_9_LB","Rafnia capensis","FABACEAE",-33.9267,21.06477,"Langeberg",709,"JAS",9,60,75,65,3828.816047,"4","N","1.736012308","52.83104833","30.43241577","-1.352705847","-28.02501453",6840,578.227582082054,19.4483375549316,c(21.06477, -33.9267)
"1070",1070,"719_1_BK","Protea eximia","PROTEACEAE",-33.69701,24.11973,"Baviaanksloof",719,"JAS",1,180,170,130,17357.29941,"4","N","0.650989031","50.5107199","77.59073888","4.134581316","-26.40506736",4800,1044.88440587646,20.0316638946533,c(24.11973, -33.69701)
"1071",1071,"719_10_BK","Agathosma mundtii","RUTACEAE",-33.69701,24.11973,"Baviaanksloof",719,"JAS",10,50,75,47,2768.528526,"4","S","0.862169613","50.19658989","58.22124688","-3.23931735","-28.9270767",4800,1044.88440587646,20.0316638946533,c(24.11973, -33.69701)
"1072",1072,"719_11_BK","Erica strigilifolia","ERICACEAE",-33.69701,24.11973,"Baviaanksloof",719,"JAS",11,150,80,70,4398.229715,"4","S","0.711987326","58.72906776","82.48611405","-1.731416086","-27.78544784",4800,1044.88440587646,20.0316638946533,c(24.11973, -33.69701)
"1073",1073,"719_12_BK","Erica newdigateae","ERICACEAE",-33.69701,24.11973,"Baviaanksloof",719,"JAS",12,120,80,45,2827.433388,"4","S","0.280606505","49.04041502","174.7657809","-2.863552616","-26.71679981",4800,1044.88440587646,20.0316638946533,c(24.11973, -33.69701)
"1074",1074,"719_13_BK","Themeda triandra","POACEAE",-33.69701,24.11973,"Baviaanksloof",719,"JAS",13,30,26,25,510.5088062,"1","B","1.168137547","43.0908493","36.88850632","-0.624552633","-13.32157822",4800,1044.88440587646,20.0316638946533,c(24.11973, -33.69701)
"1075",1075,"719_14_BK","Anthospermum aethiopicum","RUBIACEAE",-33.69701,24.11973,"Baviaanksloof",719,"JAS",14,177,50,30,1178.097245,"3","S","0.561120891","45.57890527","81.22831632","-0.651285952","-26.54302827",4800,1044.88440587646,20.0316638946533,c(24.11973, -33.69701)
"1076",1076,"719_15_BK","Helichrysum odoratissimum","ASTERACEAE",-33.69701,24.11973,"Baviaanksloof",719,"JAS",15,28,73,57,3268.041758,"4","B","1.459527704","43.69758055","29.93953484","-0.556234152","-30.96742168",4800,1044.88440587646,20.0316638946533,c(24.11973, -33.69701)
"1077",1077,"719_16_BK","Erica thamnoides","ERICACEAE",-33.69701,24.11973,"Baviaanksloof",719,"JAS",16,110,95,45,3357.577149,"4","S","0.308799201","47.87120157","155.023722","-1.615665677","-25.78562053",4800,1044.88440587646,20.0316638946533,c(24.11973, -33.69701)
"1078",1078,"719_17_BK","Clutia alaternoides","EUPHORBIACEAE",-33.69701,24.11973,"Baviaanksloof",719,"JAS",17,70,64,60,3015.928947,"4","N","0.941862026","46.66960162","49.55035912","0.581417083","-30.29200138",4800,1044.88440587646,20.0316638946533,c(24.11973, -33.69701)
"1079",1079,"719_18_BK","Cliffortia ilicifolia","ROSACEAE",-33.69701,24.11973,"Baviaanksloof",719,"JAS",18,190,100,75,5890.486225,"4","N","0.948503467","47.59637828","50.18050008","-1.082979546","-27.21356837",4800,1044.88440587646,20.0316638946533,c(24.11973, -33.69701)
"1080",1080,"719_19_BK","Metalasia pungens","ASTERACEAE",-33.69701,24.11973,"Baviaanksloof",719,"JAS",19,135,85,90,6008.29595,"4","B","0.367396085","45.77090282","124.5819013","-1.788937188","-29.41063644",4800,1044.88440587646,20.0316638946533,c(24.11973, -33.69701)
"1081",1081,"719_2_BK","Protea mundii","PROTEACEAE",-33.69701,24.11973,"Baviaanksloof",719,"JAS",2,310,210,200,32986.72286,"4","B","0.854936239","49.42087669","57.80650583","4.524873036","-26.77726965",4800,1044.88440587646,20.0316638946533,c(24.11973, -33.69701)
"1082",1082,"719_20_BK","Agathosma capensis","RUTACEAE",-33.69701,24.11973,"Baviaanksloof",719,"JAS",20,32,40,30,942.4777961,"4","B","1.002352935","48.96548743","48.85054527","-1.185952329","-28.47070905",4800,1044.88440587646,20.0316638946533,c(24.11973, -33.69701)
"1083",1083,"719_21_BK","Selago corymbosa","SCROPHULARIACEAE",-33.69701,24.11973,"Baviaanksloof",719,"JAS",21,60,30,16,376.9911184,"3","S","0.440148481","46.44412791","105.519228","-0.621582265","-30.7507406",4800,1044.88440587646,20.0316638946533,c(24.11973, -33.69701)
"1084",1084,"719_22_BK","Pelargonium ovale","GERANIACEAE",-33.69701,24.11973,"Baviaanksloof",719,"JAS",22,15,20,12,188.4955592,"0","B","1.358841089","43.86031344","32.27773563","-0.57603661","-30.14169108",4800,1044.88440587646,20.0316638946533,c(24.11973, -33.69701)
"1085",1085,"719_23_BK","Athrixia heterophylla","ASTERACEAE",-33.69701,24.11973,"Baviaanksloof",719,"JAS",23,10,70,45,2474.004215,"4","B","1.2697779","43.8892027","34.56447202","-0.949312951","-29.26423031",4800,1044.88440587646,20.0316638946533,c(24.11973, -33.69701)
"1086",1086,"719_24_BK","Bobartia indica","IRIDACEAE",-33.69701,24.11973,"Baviaanksloof",719,"JAS",24,115,140,55,6047.565858,"0","N","0.536545097","45.75588231","85.27872602","-0.891885822","-26.5244835",4800,1044.88440587646,20.0316638946533,c(24.11973, -33.69701)
"1087",1087,"719_25_BK","Phylica paniculata","RHAMNACEAE",-33.69701,24.11973,"Baviaanksloof",719,"JAS",25,174,110,110,9503.317777,"4","S","0.432133721","48.90775848","113.1773711","-2.443408438","-27.58251183",4800,1044.88440587646,20.0316638946533,c(24.11973, -33.69701)
"1088",1088,"719_26_BK","Phylica lachneaeoides","RHAMNACEAE",-33.69701,24.11973,"Baviaanksloof",719,"JAS",26,100,145,140,15943.58272,"4","S","0.540799196","49.25089466","91.07057678","-1.217636263","-27.47612338",4800,1044.88440587646,20.0316638946533,c(24.11973, -33.69701)
"1089",1089,"719_27_BK","Thesium nigromontanum","SANTALACEAE",-33.69701,24.11973,"Baviaanksloof",719,"JAS",27,18,24,25,471.238898,"4","N","0.612152819","44.88390947","73.32141273","0.601219542","-27.77381585",4800,1044.88440587646,20.0316638946533,c(24.11973, -33.69701)
"1090",1090,"719_28_BK","Berzelia lanuginosa","BRUNIACEAE",-33.69701,24.11973,"Baviaanksloof",719,"JAS",28,110,150,110,12959.0697,"4","N","0.664778985","53.74815612","80.85116606","-2.702820643","-28.41800285",4800,1044.88440587646,20.0316638946533,c(24.11973, -33.69701)
"1091",1091,"719_29_BK","Thamnochortus cinereus","RESTIONACEAE",-33.69701,24.11973,"Baviaanksloof",719,"JAS",29,85,64,60,3015.928947,"1","S","0.460314234","46.05052914","100.0415058","0.824987322","-26.90513945",4800,1044.88440587646,20.0316638946533,c(24.11973, -33.69701)
"1092",1092,"719_3_BK","Leucadendron eucalyptifolium","PROTEACEAE",-33.69701,24.11973,"Baviaanksloof",719,"JAS",3,290,100,85,6675.884389,"4","B","0.628659655","49.9849002","79.51027201","3.998027637","-29.31908808",4800,1044.88440587646,20.0316638946533,c(24.11973, -33.69701)
"1093",1093,"719_30_BK","Tetraria involucrata","CYPERACEAE",-33.69701,24.11973,"Baviaanksloof",719,"JAS",30,65,140,95,10445.79557,"0","N","0.375811791","44.6683755","118.8583662","3.235936632","-25.50842492",4800,1044.88440587646,20.0316638946533,c(24.11973, -33.69701)
"1094",1094,"719_31_BK","Aspalathus kougaensis","FABACEAE",-33.69701,24.11973,"Baviaanksloof",719,"JAS",31,163,145,135,15374.16905,"4","B","0.768012693","46.50902534","60.55762586","-2.129539472","-27.13743718",4800,1044.88440587646,20.0316638946533,c(24.11973, -33.69701)
"1095",1095,"719_32_BK","Rhodocoma fruticosa","RESTIONACEAE",-33.69701,24.11973,"Baviaanksloof",719,"JAS",32,102,44,64,2211.681228,"0","N","0.359645148","46.23344485","128.5529503","0.429928276","-27.25749021",4800,1044.88440587646,20.0316638946533,c(24.11973, -33.69701)
"1096",1096,"719_33_BK","Cyclopia intermedia","FABACEAE",-33.69701,24.11973,"Baviaanksloof",719,"JAS",33,110,155,135,16434.45657,"4","N","1.009972271","50.52835816","50.02945093","-0.492866285","-26.34684405",4800,1044.88440587646,20.0316638946533,c(24.11973, -33.69701)
"1097",1097,"719_34_BK","Ruschia virgata","AIZOACEAE",-33.69701,24.11973,"Baviaanksloof",719,"JAS",34,50,32,24,603.1857895,"4","N","0.41198147","44.65060542","108.3801302","0.415076433","-24.5343361",4800,1044.88440587646,20.0316638946533,c(24.11973, -33.69701)
"1098",1098,"719_35_BK","Rhodocoma capensis","RESTIONACEAE",-33.69701,24.11973,"Baviaanksloof",719,"JAS",35,110,120,112,10555.75132,"1","N","0.376347378","46.57497194","123.7552716","0.823007076","-28.35065602",4800,1044.88440587646,20.0316638946533,c(24.11973, -33.69701)
"1099",1099,"719_36_BK","Stoebe plumosa","ASTERACEAE",-33.69701,24.11973,"Baviaanksloof",719,"JAS",36,124,115,95,8580.474935,"4","N","0.536611091","46.38278914","86.43650845","0.802214494","-27.90167721",4800,1044.88440587646,20.0316638946533,c(24.11973, -33.69701)
"1100",1100,"719_37_BK","Aspalathus kougaensis","FABACEAE",-33.67965,24.13398,"Baviaanksloof",719,"JAS",37,50,94,90,6644.468462,"4","B","0.941737468","48.0219201","50.99289529","-1.242389336","-26.61135114",6660,973.09104836963,18.5938110351562,c(24.13398, -33.67965)
"1101",1101,"719_38_BK","Themeda triandra","POACEAE",-33.67965,24.13398,"Baviaanksloof",719,"JAS",38,24,60,50,2356.19449,"1","B","0.54889758","43.40960218","79.08506749","-1.526554614","-13.91110692",6660,973.09104836963,18.5938110351562,c(24.13398, -33.67965)
"1102",1102,"719_39_BK","Hypodiscus striatus","RESTIONACEAE",-33.67965,24.13398,"Baviaanksloof",719,"JAS",39,55,20,20,314.1592654,"0","N","0.443626835","46.44149254","104.6859407","0.989347726","-25.11605648",6660,973.09104836963,18.5938110351562,c(24.13398, -33.67965)
"1103",1103,"719_4_BK","Leucadendron uliginosum","PROTEACEAE",-33.69701,24.11973,"Baviaanksloof",719,"JAS",4,250,70,50,2748.893572,"4","B","0.68103947","50.48883146","74.13495642","2.457198535","-28.61951459",4800,1044.88440587646,20.0316638946533,c(24.11973, -33.69701)
"1104",1104,"719_40_BK","Asparagus africanus","ASPARAGACEAE",-33.67965,24.13398,"Baviaanksloof",719,"JAS",40,33,83,66,4302.411139,"2","L","1.070935064","48.59143489","45.37290498","1.805209013","-24.73832865",6660,973.09104836963,18.5938110351562,c(24.13398, -33.67965)
"1105",1105,"719_41_BK","Pelargonium laevigatum","GERANIACEAE",-33.67965,24.13398,"Baviaanksloof",719,"JAS",41,50,60,40,1884.955592,"4","N","0.652050085","44.42921739","68.13773732","-0.301772562","-26.22776706",6660,973.09104836963,18.5938110351562,c(24.13398, -33.67965)
"1106",1106,"719_42_BK","Anthospermum aethiopicum","RUBIACEAE",-33.67965,24.13398,"Baviaanksloof",719,"JAS",42,92,68,55,2937.389131,"4","N","0.593451517","47.71587254","80.4039945","0.943802072","-26.1330911",6660,973.09104836963,18.5938110351562,c(24.13398, -33.67965)
"1107",1107,"719_43_BK","Leucadendron salignum","PROTEACEAE",-33.67965,24.13398,"Baviaanksloof",719,"JAS",43,110,176,174,24052.03336,"4","N","0.262380309","48.42146558","184.5468731","1.803228767","-26.95296545",6660,973.09104836963,18.5938110351562,c(24.13398, -33.67965)
"1108",1108,"719_44_BK","Clutia polifolia","EUPHORBIACEAE",-33.67965,24.13398,"Baviaanksloof",719,"JAS",44,35,55,33,1425.497667,"4","N","0.439690364","48.52271364","110.3565545","-1.058226473","-28.43654762",6660,973.09104836963,18.5938110351562,c(24.13398, -33.67965)
"1109",1109,"719_45_BK","Erica strigilifolia","ERICACEAE",-33.67965,24.13398,"Baviaanksloof",719,"JAS",45,100,80,66,4146.902303,"4","S","0.440382134","50.8377325","115.440043","-2.051319761","-24.75980155",6660,973.09104836963,18.5938110351562,c(24.13398, -33.67965)
"1110",1110,"719_5_BK","Leucadendron salignum","PROTEACEAE",-33.69701,24.11973,"Baviaanksloof",719,"JAS",5,120,110,110,9503.317777,"4","N","0.366398992","51.52068426","140.6136081","1.718259124","-28.94167287",4800,1044.88440587646,20.0316638946533,c(24.11973, -33.69701)
"1111",1111,"719_6_BK","Hypodiscus striatus","RESTIONACEAE",-33.69701,24.11973,"Baviaanksloof",719,"JAS",6,60,80,85,5340.707511,"0","N","0.42148907","46.59308525","110.5439941","0.320762962","-27.09421502",4800,1044.88440587646,20.0316638946533,c(24.11973, -33.69701)
"1112",1112,"719_7_BK","Cannomois virgata","RESTIONACEAE",-33.69701,24.11973,"Baviaanksloof",719,"JAS",7,90,70,45,2474.004215,"4","N","0.598532696","47.68264628","79.66590068","2.963706153","-27.30377429",4800,1044.88440587646,20.0316638946533,c(24.11973, -33.69701)
"1113",1113,"719_8_BK","Elegia juncea","RESTIONACEAE",-33.69701,24.11973,"Baviaanksloof",719,"JAS",8,47,50,32,1256.637061,"0","N","0.49568091","44.00189789","88.77061238","1.36089524","-28.28171755",4800,1044.88440587646,20.0316638946533,c(24.11973, -33.69701)
"1114",1114,"719_9_BK","Ischyrolepis gaudichaudiana","RESTIONACEAE",-33.69701,24.11973,"Baviaanksloof",719,"JAS",9,65,40,25,785.3981634,"3","N","0.575438255","46.68759943","81.13398616","1.727943782","-27.76668134",4800,1044.88440587646,20.0316638946533,c(24.11973, -33.69701)
"1115",1115,"703_1_BK","Grewia robusta","MALVACEAE",-33.61583,24.24404,"Baviaanksloof",703,"JL",1,250,340,360,96132.7352,"4","N","3.102050249","45.05071566","14.52288391","9.515296192","-28.44337991",6300,301.726137630065,26.1261386871338,c(24.24404, -33.61583)
"1116",1116,"703_10_BK","Cenchrus ciliaris","POACEAE",-33.61583,24.24404,"Baviaanksloof",703,"JL",10,75,85,80,5340.707511,"1","L","2.890118908","40.73520345","14.09464619","12.87775363","-13.18590853",6300,301.726137630065,26.1261386871338,c(24.24404, -33.61583)
"1117",1117,"703_11_BK","Chrysocoma ciliata","ASTERACEAE",-33.61583,24.24404,"Baviaanksloof",703,"JL",11,30,50,60,2356.19449,"4","N","3.994748778","44.95219446","11.25282138","11.94208747","-30.32323469",6300,301.726137630065,26.1261386871338,c(24.24404, -33.61583)
"1118",1118,"703_12_BK","Putterlickia pyracantha","CELASTRACEAE",-33.61583,24.24404,"Baviaanksloof",703,"JL",12,150,270,200,42411.50082,"4","N","1.406288362","46.08949849","32.77386041","10.39353522","-26.10283383",6300,301.726137630065,26.1261386871338,c(24.24404, -33.61583)
"1119",1119,"703_13_BK","Rhus glauca","ANACARDIACEAE",-33.61583,24.24404,"Baviaanksloof",703,"JL",13,230,360,340,96132.7352,"4","N","2.288375485","49.39769793","21.58636039","8.137045087","-26.08331301",6300,301.726137630065,26.1261386871338,c(24.24404, -33.61583)
"1120",1120,"703_14_BK","Barleria obtusa","ACANTHACEAE",-33.61583,24.24404,"Baviaanksloof",703,"JL",14,70,100,75,5890.486225,"3","B","3.308651421","38.89272662","11.7548577","11.83515419","-27.44391403",6300,301.726137630065,26.1261386871338,c(24.24404, -33.61583)
"1121",1121,"703_15_BK","Acacia karroo","FABACEAE",-33.61583,24.24404,"Baviaanksloof",703,"JL",15,700,500,400,157079.6327,"4","N","2.968497155","48.97237456","16.49736281","2.467601246","-26.20629416",6300,301.726137630065,26.1261386871338,c(24.24404, -33.61583)
"1122",1122,"703_16_BK","Euclea undulata","EBENACEAE",-33.61583,24.24404,"Baviaanksloof",703,"JL",16,400,500,500,196349.5408,"4","N","1.306144133","48.52693211","37.1528156","7.344946751","-25.50744888",6300,301.726137630065,26.1261386871338,c(24.24404, -33.61583)
"1123",1123,"703_17_BK","Elytropappus rhinocerotis","ASTERACEAE",-33.61343,24.24494,"Baviaanksloof",703,"JL",17,120,150,120,14137.16694,"4","B","1.67986621","55.12295512","32.813896","3.150786061","-26.41907108",5190,298.815596109518,20.7648315429688,c(24.24494, -33.61343)
"1124",1124,"703_18_BK","Anthospermum aethiopicum","RUBIACEAE",-33.61343,24.24494,"Baviaanksloof",703,"JL",18,150,100,100,7853.981634,"4","N","1.251794236","50.0175254","39.95666697","2.255714941","-26.76751768",5190,298.815596109518,20.7648315429688,c(24.24494, -33.61343)
"1125",1125,"703_19_BK","Helichrysum cymosum","ASTERACEAE",-33.61343,24.24494,"Baviaanksloof",703,"JL",19,90,110,65,5615.596868,"4","B","1.878158349","45.25249614","24.09407927","3.073556473","-29.18614704",5190,298.815596109518,20.7648315429688,c(24.24494, -33.61343)
"1126",1126,"703_2_BK","Pappea capensis","SAPINDACEAE",-33.61583,24.24404,"Baviaanksloof",703,"JL",2,500,400,400,125663.7061,"4","N","1.770475634","48.03426456","27.13071202","8.431111594","-24.41525911",6300,301.726137630065,26.1261386871338,c(24.24404, -33.61583)
"1127",1127,"703_20_BK","Phylica axillaris","RHAMNACEAE",-33.61343,24.24494,"Baviaanksloof",703,"JL",20,210,370,360,104615.0354,"4","L","0.954102682","56.89403736","59.63093743","0.243785167","-26.28242535",5190,298.815596109518,20.7648315429688,c(24.24494, -33.61343)
"1128",1128,"703_21_BK","Oedera squarrosa","ASTERACEAE",-33.61343,24.24494,"Baviaanksloof",703,"JL",21,90,100,60,4712.38898,"4","N","1.930572706","45.90567321","23.77826697","4.457748316","-28.14861556",5190,298.815596109518,20.7648315429688,c(24.24494, -33.61343)
"1129",1129,"703_22_BK","Indigofera denudata","FABACEAE",-33.61343,24.24494,"Baviaanksloof",703,"JL",22,115,40,30,942.4777961,"3","L","2.095580328","48.32942842","23.06255111","-1.185952329","-27.68402009",5190,298.815596109518,20.7648315429688,c(24.24494, -33.61343)
"1130",1130,"703_23_BK","Haworthia mucronata","ASPHODELACEAE",-33.61343,24.24494,"Baviaanksloof",703,"JL",23,0.5,4,4,12.56637061,"0","N","1.372928884","31.50586379","22.94792117","0.347748074","-16.83532546",5190,298.815596109518,20.7648315429688,c(24.24494, -33.61343)
"1131",1131,"703_24_BK","Sutera denudata","SCROPHULARIACEAE",-33.61343,24.24494,"Baviaanksloof",703,"JL",24,30,40,20,628.3185307,"4","N","1.433292752","47.51371729","33.15004365","2.967613321","-28.40141015",5190,298.815596109518,20.7648315429688,c(24.24494, -33.61343)
"1132",1132,"703_25_BK","Cheilanthes parviloba","PTERIDACEAE",-33.61343,24.24494,"Baviaanksloof",703,"JL",25,25,30,8,188.4955592,"0","L","2.117915347","46.13428959","21.78287705","2.15373228","-29.55021029",5190,298.815596109518,20.7648315429688,c(24.24494, -33.61343)
"1133",1133,"703_26_BK","Pteronia incana","ASTERACEAE",-33.61343,24.24494,"Baviaanksloof",703,"JL",26,150,180,180,25446.90049,"4","L","2.234627006","42.92010873","19.20683345","2.859689922","-29.39989999",5190,298.815596109518,20.7648315429688,c(24.24494, -33.61343)
"1134",1134,"703_27_BK","Pelargonium reniforme","GERANIACEAE",-33.61343,24.24494,"Baviaanksloof",703,"JL",27,10,17,15,200.2765317,"1","L","3.059220777","45.54303017","14.88713417","4.281506436","-31.51400459",5190,298.815596109518,20.7648315429688,c(24.24494, -33.61343)
"1135",1135,"703_28_BK","Pelargonium peltatum","GERANIACEAE",-33.61343,24.24494,"Baviaanksloof",703,"JL",28,85,35,85,2336.559536,"1","N","1.927266815","42.03728317","21.81186478","3.43198097","-26.6416084",5190,298.815596109518,20.7648315429688,c(24.24494, -33.61343)
"1136",1136,"703_29_BK","Dodonaea angustifolia","SAPINDACEAE",-33.61343,24.24494,"Baviaanksloof",703,"JL",29,350,260,310,63303.09197,"4","N","1.882364152","49.48785459","26.29026617","1.503221522","-25.99254121",5190,298.815596109518,20.7648315429688,c(24.24494, -33.61343)
"1137",1137,"703_3_BK","Zygophyllum morgsana","ZYGOPHYLLACEAE",-33.61583,24.24404,"Baviaanksloof",703,"JL",3,250,310,440,107128.3095,"3","N","4.837029217","32.18861647","6.654625191","8.464775773","-27.8060252",6300,301.726137630065,26.1261386871338,c(24.24404, -33.61583)
"1138",1138,"703_30_BK","Passerina obtusifolia","THYMELAEACEAE",-33.61343,24.24494,"Baviaanksloof",703,"JL",30,190,100,120,9424.777961,"4","L","1.217588866","51.99357483","42.70207809","2.357697602","-27.75429503",5190,298.815596109518,20.7648315429688,c(24.24494, -33.61343)
"1139",1139,"703_31_BK","Crassula tetragona","CRASSULACEAE",-33.61343,24.24494,"Baviaanksloof",703,"JL",31,35,20,17,267.0353756,"2","N","0.985756414","42.48817558","43.1021041","1.749762129","-24.33912792",5190,298.815596109518,20.7648315429688,c(24.24494, -33.61343)
"1140",1140,"703_32_BK","Cymbopogon marginatus","POACEAE",-33.61343,24.24494,"Baviaanksloof",703,"JL",32,36,75,70,4123.340358,"0","N","1.389084121","44.89611038","32.32065626","2.167594001","-13.99309436",5190,298.815596109518,20.7648315429688,c(24.24494, -33.61343)
"1141",1141,"703_4_BK","Azima tetracantha","SALVADORACEAE",-33.61583,24.24404,"Baviaanksloof",703,"JL",4,210,420,300,98960.16859,"4","S","2.829909247","36.60493055","12.93501924","13.36687435","-26.47372937",6300,301.726137630065,26.1261386871338,c(24.24404, -33.61583)
"1142",1142,"703_5_BK","Euphorbia mauritanica","EUPHORBIACEAE",-33.61583,24.24404,"Baviaanksloof",703,"JL",5,200,270,210,44532.07586,"3","N","1.684447686","41.17932009","24.44677887","9.626189959","-18.98944774",6300,301.726137630065,26.1261386871338,c(24.24404, -33.61583)
"1143",1143,"703_6_BK","Rhus longispina","ANACARDIACEAE",-33.61583,24.24404,"Baviaanksloof",703,"JL",6,600,400,300,94247.77961,"4","N","2.619465609","45.94334611","17.53920569","9.142019851","-25.54746655",6300,301.726137630065,26.1261386871338,c(24.24404, -33.61583)
"1144",1144,"703_7_BK","Plumbago auriculata","PLUMBAGINACEAE",-33.61583,24.24404,"Baviaanksloof",703,"JL",7,120,340,420,112154.8577,"4","N","3.622440358","44.17056463","12.19359334","8.885578014","-28.40336223",6300,301.726137630065,26.1261386871338,c(24.24404, -33.61583)
"1145",1145,"703_8_BK","Schotia latifolia","FABACEAE",-33.61583,24.24404,"Baviaanksloof",703,"JL",8,700,800,800,502654.8246,"4","S","1.621469088","50.87662464","31.3768699","10.29947354","-25.26343865",6300,301.726137630065,26.1261386871338,c(24.24404, -33.61583)
"1146",1146,"703_9_BK","Portulacaria afra","PORTULACACEAE",-33.61583,24.24404,"Baviaanksloof",703,"JL",9,200,210,160,26389.37829,"4","N","1.03155345","42.27512176","40.98199832","11.94505784","-18.75031771",6300,301.726137630065,26.1261386871338,c(24.24404, -33.61583)
"1147",1147,"712_1_BK","Chascanum cuneifolium","VERBENACEAE",-33.65819,24.21804,"Baviaanksloof",712,"JL",1,14,37,33,958.9711575,"4","S","1.491169502","43.76189311","29.34736329","-0.447406506","-28.67506285",6390,924.582023027176,17.4633846282959,c(24.21804, -33.65819)
"1148",1148,"712_10_BK","Helichrysum cymosum","ASTERACEAE",-33.65819,24.21804,"Baviaanksloof",712,"JL",10,36,38,24,716.283125,"2","B","1.941927586","39.33060887","20.25338594","2.456170961","-29.48968658",6390,924.582023027176,17.4633846282959,c(24.21804, -33.65819)
"1149",1149,"712_11_BK","Eragrostis capensis","POACEAE",-33.65819,24.21804,"Baviaanksloof",712,"JL",11,30,26,25,510.5088062,"0","N","0.896080659","44.04798574","49.15627325","0.219290593","-13.61185839",6390,924.582023027176,17.4633846282959,c(24.21804, -33.65819)
"1150",1150,"712_12_BK","Olea europaea","OLEACEAE",-33.65819,24.21804,"Baviaanksloof",712,"JL",12,115,130,107,10924.88845,"4","N","1.59235983","49.28113216","30.94848992","2.961773855","-27.31866055",6390,924.582023027176,17.4633846282959,c(24.21804, -33.65819)
"1151",1151,"712_13_BK","Ehretia rigida","BORAGINACEAE",-33.65819,24.21804,"Baviaanksloof",712,"JL",13,115,95,66,4924.446485,"4","N","1.979055616","42.46470842","21.45705663","5.237472104","-27.90738022",6390,924.582023027176,17.4633846282959,c(24.21804, -33.65819)
"1152",1152,"712_14_BK","Diosma prama","RUTACEAE",-33.65453,24.21763,"Baviaanksloof",712,"JL",14,80,80,70,4398.229715,"4","N","1.529483387","51.55876121","33.70991908","0.597764929","-25.21217854",6720,878.01335869842,21.0757675170898,c(24.21763, -33.65453)
"1153",1153,"712_15_BK","Ruschia virgata","AIZOACEAE",-33.65453,24.21763,"Baviaanksloof",712,"JL",15,45,48,30,1130.973355,"4","N","0.980103015","37.56940486","38.33209805","1.321718401","-23.63182807",6720,878.01335869842,21.0757675170898,c(24.21763, -33.65453)
"1154",1154,"712_16_BK","Phylica lachneaeoides","RHAMNACEAE",-33.65453,24.21763,"Baviaanksloof",712,"JL",16,67,80,58,3644.247478,"4","N","0.884888768","53.26209093","60.19071875","-0.262051126","-27.2433592",6720,878.01335869842,21.0757675170898,c(24.21763, -33.65453)
"1155",1155,"712_17_BK","Schoenoxiphium ecklonii","CYPERACEAE",-33.65453,24.21763,"Baviaanksloof",712,"JL",17,27,25,20,392.6990817,"0","N","1.094044332","44.08954332","40.29959485","2.526043146","-27.08884474",6720,878.01335869842,21.0757675170898,c(24.21763, -33.65453)
"1156",1156,"712_18_BK","Senecio acaulis","ASTERACEAE",-33.65453,24.21763,"Baviaanksloof",712,"JL",18,50,18,15,212.0575041,"0","N","1.059462041","39.16038131","36.96251473","-0.11454318","-27.73721872",6720,878.01335869842,21.0757675170898,c(24.21763, -33.65453)
"1157",1157,"712_19_BK","Aspalathus subtingens","FABACEAE",-33.65453,24.21763,"Baviaanksloof",712,"JL",19,72,65,47,2399.391389,"4","S","2.280833788","50.51463768","22.1474436","-0.473608575","-28.88727576",6720,878.01335869842,21.0757675170898,c(24.21763, -33.65453)
"1158",1158,"712_2_BK","Aristea pusilla","IRIDACEAE",-33.65819,24.21804,"Baviaanksloof",712,"JL",2,14,20,18,282.7433388,"0","N","1.083461639","46.00918995","42.46499209","1.252816663","-25.46937667",6390,924.582023027176,17.4633846282959,c(24.21804, -33.65819)
"1159",1159,"712_20_BK","Tarchonanthus camphoratus","ASTERACEAE",-33.65453,24.21763,"Baviaanksloof",712,"JL",20,95,175,150,20616.70179,"4","B","1.977079122","47.78604765","24.1700229","0.917041996","-27.2433592",6720,878.01335869842,21.0757675170898,c(24.21763, -33.65453)
"1160",1160,"712_21_BK","Pterocelastrus tricuspidatus","CELASTRACEAE",-33.65453,24.21763,"Baviaanksloof",712,"JL",21,146,215,210,35460.72708,"4","B","0.762520848","45.17320328","59.24192554","0.237729086","-26.80133048",6720,878.01335869842,21.0757675170898,c(24.21763, -33.65453)
"1161",1161,"712_22_BK","Asparagus africanus","ASPARAGACEAE",-33.65453,24.21763,"Baviaanksloof",712,"JL",22,60,55,50,2159.844949,"2","N","2.44883907","46.9740595","19.18217497","2.26790424","-27.73721872",6720,878.01335869842,21.0757675170898,c(24.21763, -33.65453)
"1162",1162,"712_23_BK","Heliophila glauca","BRASSICACEAE",-33.65378,24.21821,"Baviaanksloof",712,"JL",23,55,12,15,141.3716694,"2","N","3.30578746","40.23680116","12.17162375","6.560191384","-28.68777607",6720,870.251914643628,19.8982696533203,c(24.21821, -33.65378)
"1163",1163,"712_24_BK","Rhus incisa","ANACARDIACEAE",-33.65046,24.22031,"Baviaanksloof",712,"JL",24,130,240,250,47123.8898,"4","B","2.224005323","47.44373745","21.33256471","3.445056469","-26.61552194",6930,839.206138424457,20.35205078125,c(24.22031, -33.65046)
"1164",1164,"712_25_BK","Setaria sphacelata","POACEAE",-33.65046,24.22031,"Baviaanksloof",712,"JL",25,35,40,33,1036.725576,"1","N","2.413677211","41.40664412","17.15500479","3.754629066","-12.5146101",6930,839.206138424457,20.35205078125,c(24.22031, -33.65046)
"1165",1165,"712_26_BK","Eustachys paspaloides","POACEAE",-33.65046,24.22031,"Baviaanksloof",712,"JL",26,13,20,10,157.0796327,"0","L ","1.331783381","41.49999696","31.16122152","1.521630486","-14.32575434",6930,839.206138424457,20.35205078125,c(24.22031, -33.65046)
"1166",1166,"712_27_BK","Heteropogon contortus","POACEAE",-33.65046,24.22031,"Baviaanksloof",712,"JL",27,25,30,20,471.238898,"0","B","1.670695687","41.22391059","24.67469744","1.529394062","-13.16689585",6930,839.206138424457,20.35205078125,c(24.22031, -33.65046)
"1167",1167,"712_28_BK","Eragrostis obtusa","POACEAE",-33.65046,24.22031,"Baviaanksloof",712,"JL",28,10,7,8,43.98229715,"0","B","1.725334685","41.13076901","23.83929876","2.795827416","-13.82993893",6930,839.206138424457,20.35205078125,c(24.22031, -33.65046)
"1168",1168,"712_29_BK","Hermannia velutina","MALVACEAE",-33.6454,24.22505,"Baviaanksloof",712,"JL",29,110,55,85,3671.736414,"4","B","2.027304901","46.3759603","22.87567118","2.931689998","-27.04483745",6150,764.502239397078,21.5829410552979,c(24.22505, -33.6454)
"1169",1169,"712_3_BK","Babiana sambucina","IRIDACEAE",-33.65819,24.21804,"Baviaanksloof",712,"JL",3,16,15,11,129.590697,"0","L","1.779166443","46.29994764","26.02339305","1.377033881","-27.80958626",6390,924.582023027176,17.4633846282959,c(24.21804, -33.65819)
"1170",1170,"712_30_BK","Muraltia ericifolia","POLYGALACEAE",-33.6454,24.22505,"Baviaanksloof",712,"JL",30,22,24,19,358.1415625,"3","B","0.8753789","50.38508973","57.55803541","2.903964075","-27.58530334",6150,764.502239397078,21.5829410552979,c(24.22505, -33.6454)
"1171",1171,"712_31_BK","Agathosma recurvifolia","RUTACEAE",-33.64192,24.23309,"Baviaanksloof",712,"JL",31,110,145,130,14804.75538,"4","B","1.219028215","49.51566941","40.6189691","2.532234095","-26.18742729",5460,577.257401575205,22.529655456543,c(24.23309, -33.64192)
"1172",1172,"712_32_BK","Zygophyllum flexuosum","ZYGOPHYLLACEAE",-33.64192,24.23309,"Baviaanksloof",712,"JL",32,93,40,27,848.2300165,"4","B","1.858306675","38.70217097","20.82657911","6.101820134","-26.89704353",5460,577.257401575205,22.529655456543,c(24.23309, -33.64192)
"1173",1173,"712_33_BK","Polygala illepida","POLYGALACEAE",-33.64192,24.23309,"Baviaanksloof",712,"JL",33,75,120,70,6597.344573,"4","N","1.645427789","52.31918344","31.79670587","1.250743903","-28.79194218",5460,577.257401575205,22.529655456543,c(24.23309, -33.64192)
"1174",1174,"712_34_BK","Hippobromus pauciflorus","SAPINDACEAE",-33.63796,24.23479,"Baviaanksloof",712,"JL",34,410,315,280,69272.11801,"4","B","1.653930044","46.66937314","28.21725943","2.396259182","-27.32417233",6090,505.464044068372,24.4179191589355,c(24.23479, -33.63796)
"1175",1175,"712_35_BK","Ehrharta calycina","POACEAE",-33.63796,24.23479,"Baviaanksloof",712,"JL",35,55,65,50,2552.544031,"0","N","2.749023268","40.55844097","14.75376416","1.65964688","-27.67169985",6090,505.464044068372,24.4179191589355,c(24.23479, -33.63796)
"1176",1176,"712_4_BK","Agathosma mucronulata","RUTACEAE",-33.65819,24.21804,"Baviaanksloof",712,"JL",4,38,55,43,1857.466656,"4","S","0.921314985","49.44837391","53.67151811","-0.170829107","-27.38222663",6390,924.582023027176,17.4633846282959,c(24.21804, -33.65819)
"1177",1177,"712_5_BK","Anthospermum aethiopicum","RUBIACEAE",-33.65819,24.21804,"Baviaanksloof",712,"JL",5,41,45,50,1767.145868,"4","S","1.497590148","51.57846273","34.44097358","0.968475688","-27.00963162",6390,924.582023027176,17.4633846282959,c(24.21804, -33.65819)
"1178",1178,"712_6_BK","Rhus rosmarinifolia","ANACARDIACEAE",-33.65819,24.21804,"Baviaanksloof",712,"JL",6,19,47,30,1107.41141,"2","N","1.469756327","49.24498655","33.50554487","1.921454656","-26.92357293",6390,924.582023027176,17.4633846282959,c(24.21804, -33.65819)
"1179",1179,"712_7_BK","Commelina benghalensis","COMMELINACEAE",-33.65819,24.21804,"Baviaanksloof",712,"JL",7,19,25,5,98.17477042,"0","L","1.332745973","39.29924916","29.48742668","0.142625279","-26.32800769",6390,924.582023027176,17.4633846282959,c(24.21804, -33.65819)
"1180",1180,"712_8_BK","Hertia kraussii","ASTERACEAE",-33.65819,24.21804,"Baviaanksloof",712,"JL",8,46,24,14,263.8937829,"2","N","4.220949445","35.23573965","8.347823187","9.585074728","-29.36451031",6390,924.582023027176,17.4633846282959,c(24.21804, -33.65819)
"1181",1181,"712_9_BK","Freylinia undulata","SCROPHULARIACEAE",-33.65819,24.21804,"Baviaanksloof",712,"JL",9,38,24,26,490.088454,"4","N","0.870171834","55.73871789","64.05484035","1.766183134","-29.59432612",6390,924.582023027176,17.4633846282959,c(24.21804, -33.65819)
"1182",1182,"718_1_BK","Cynodon dactylon","POACEAE",-33.63493,24.24487,"Baviaanksloof",718,"JL",1,25,50,50,1963.495408,"3","N","3.195431035","42.66385488","13.35151797","7.891015219","-14.78114701",6720,326.950830808141,24.8834552764893,c(24.24487, -33.63493)
"1183",1183,"718_10_BK","Euryops rehmannii","ASTERACEAE",-33.64528,24.2279,"Baviaanksloof",718,"JL",10,170,130,120,12252.21135,"4","N","1.459158385","47.09756062","32.27720931","-0.171612386","-28.53566491",3780,716.963394561473,26.2716217041016,c(24.2279, -33.64528)
"1184",1184,"718_11_BK","Anthospermum aethiopicum","RUBIACEAE",-33.64528,24.2279,"Baviaanksloof",718,"JL",11,80,95,85,6342.090169,"4","S","1.534318698","51.36868949","33.47980413","0.249029432","-27.21544863",3780,716.963394561473,26.2716217041016,c(24.2279, -33.64528)
"1185",1185,"718_12_BK","Helichrysum felinum","ASTERACEAE",-33.64528,24.2279,"Baviaanksloof",718,"JL",12,30,22,25,431.9689899,"2","B","1.133664006","45.44718818","40.08876344","-0.491495816","-30.45094924",3780,716.963394561473,26.2716217041016,c(24.2279, -33.64528)
"1186",1186,"718_13_BK","Themeda triandra","POACEAE",-33.64528,24.2279,"Baviaanksloof",718,"JL",13,40,50,50,1963.495408,"2","S","1.356529184","40.79336508","30.0718669","0.589455834","-13.93077241",3780,716.963394561473,26.2716217041016,c(24.2279, -33.64528)
"1187",1187,"718_14_BK","NA","NA",-33.64528,24.2279,"Baviaanksloof",718,"JL",14,140,225,175,30925.05268,"4","N","1.170676563","45.94566889","39.24710749","-0.074766944","-24.89439194",3780,716.963394561473,26.2716217041016,c(24.2279, -33.64528)
"1188",1188,"718_15_BK","Heteropogon contortus","POACEAE",-33.64556,24.2249,"Baviaanksloof",718,"JL",15,15,20,18,282.7433388,"0","N","1.191166483","42.73247953","35.87448113","2.200611824","-13.2609568",6150,766.442600410776,21.5829410552979,c(24.2249, -33.64556)
"1189",1189,"718_16_BK","Triraphis andropogonoides","POACEAE",-33.64556,24.2249,"Baviaanksloof",718,"JL",16,35,50,40,1570.796327,"0","N","1.637429126","44.8446245","27.38721559","6.664306287","-14.05114507",6150,766.442600410776,21.5829410552979,c(24.2249, -33.64556)
"1190",1190,"718_17_BK","Digitaria eriantha","POACEAE",-33.64556,24.2249,"Baviaanksloof",718,"JL",17,25,15,12,141.3716694,"0","N","1.709305042","41.07247017","24.02875388","4.315559759","-12.74354852",6150,766.442600410776,21.5829410552979,c(24.2249, -33.64556)
"1191",1191,"718_18_BK","Asparagus africanus","ASPARAGACEAE",-33.64556,24.2249,"Baviaanksloof",718,"JL",18,30,75,57,3357.577149,"2","N","2.41870341","47.41709798","19.60434577","3.605359851","-27.45328171",6150,766.442600410776,21.5829410552979,c(24.2249, -33.64556)
"1192",1192,"718_19_BK","Eragrostis obtusa","POACEAE",-33.64556,24.2249,"Baviaanksloof",718,"JL",19,15,22,10,172.7875959,"0","L","1.643461663","41.53827712","25.27486831","3.289389369","-14.03852536",6150,766.442600410776,21.5829410552979,c(24.2249, -33.64556)
"1193",1193,"718_2_BK","Acacia karroo","FABACEAE",-33.63493,24.24487,"Baviaanksloof",718,"JL",2,1000,1200,1000,942477.7961,"4","S","2.49966095","46.89177245","18.75925311","1.922792576","-29.64037528",6720,326.950830808141,24.8834552764893,c(24.24487, -33.63493)
"1194",1194,"718_20_BK","Hermannia saccifera","MALVACEAE",-33.64556,24.2249,"Baviaanksloof",718,"JL",20,30,110,100,8639.379797,"3","N","2.044370725","47.59555559","23.28127428","1.116725463","-26.90772175",6150,766.442600410776,21.5829410552979,c(24.2249, -33.64556)
"1195",1195,"718_21_BK","Ruschia virgata","AIZOACEAE",-33.64556,24.2249,"Baviaanksloof",718,"JL",21,75,110,100,8639.379797,"4","N","0.681611616","38.25883782","56.12996742","2.820813948","-23.0674456",6150,766.442600410776,21.5829410552979,c(24.2249, -33.64556)
"1196",1196,"718_22_BK","Chironia linoides","GENTIANACEAE",-33.70409,24.20051,"Baviaanksloof",718,"JL",22,33,10,8,62.83185307,"1","N","1.319599871","49.02505729","37.15145655","-1.965698655","-26.51553986",4950,1005.10700509565,21.031587600708,c(24.20051, -33.70409)
"1197",1197,"718_23_BK","Restio triticeus","RESTIONACEAE",-33.70409,24.20051,"Baviaanksloof",718,"JL",23,50,80,45,2827.433388,"1","N","0.708493624","46.14567797","65.13210058","-0.279218433","-25.82728006",4950,1005.10700509565,21.031587600708,c(24.20051, -33.70409)
"1198",1198,"718_24_BK","NA","NA",-33.70409,24.20051,"Baviaanksloof",718,"JL",24,15,17,15,200.2765317,"1","N","0.797057752","44.02270575","55.23151322","-3.041759122","-27.04265562",4950,1005.10700509565,21.031587600708,c(24.20051, -33.70409)
"1199",1199,"718_25_BK","Merxmuellera stricta","POACEAE",-33.70409,24.20051,"Baviaanksloof",718,"JL",25,50,45,30,1060.287521,"0","N","0.82930198","45.02300592","54.29024288","-2.328624504","-24.84682533",4950,1005.10700509565,21.031587600708,c(24.20051, -33.70409)
"1200",1200,"718_26_BK","NA","NA",-33.70409,24.20051,"Baviaanksloof",718,"JL",26,70,46,29,1047.72115,"3","B","1.039342219","40.75202189","39.20943569","0.116967466","-27.96292402",4950,1005.10700509565,21.031587600708,c(24.20051, -33.70409)
"1201",1201,"718_27_BK","Athrixia heterophylla","ASTERACEAE",-33.70284,24.20003,"Baviaanksloof",718,"JL",27,12,32,25,628.3185307,"1","B","0.997692963","39.11211044","39.20255216","-0.390737427","-29.6345508",5730,1029.36151776688,20.3390274047852,c(24.20003, -33.70284)
"1202",1202,"718_28_BK","Lobostemon echioides","BORAGINACEAE",-33.70284,24.20003,"Baviaanksloof",718,"JL",28,11,3,4,9.424777961,"0","B","1.094119469","40.32848799","36.85930937","-0.943441212","-29.75880645",5730,1029.36151776688,20.3390274047852,c(24.20003, -33.70284)
"1203",1203,"718_29_BK","Aspalathus kougaensis","FABACEAE",-33.69961,24.20185,"Baviaanksloof",718,"JL",29,70,145,150,17082.41005,"4","B","1.242449123","48.04994324","38.6735701","-0.378020349","-27.02518217",6900,1047.79494739701,20.2489318847656,c(24.20185, -33.69961)
"1204",1204,"718_3_BK","Plumbago auriculata","PLUMBAGINACEAE",-33.63493,24.24487,"Baviaanksloof",718,"JL",3,220,720,100,56548.66776,"4","N","3.380545164","42.28688354","12.50889472","8.562085655","-29.26372535",6720,326.950830808141,24.8834552764893,c(24.24487, -33.63493)
"1205",1205,"718_30_BK","Tetraria compar","CYPERACEAE",-33.69961,24.20185,"Baviaanksloof",718,"JL",30,65,75,60,3534.291735,"0","N","0.680949118","45.42521351","66.70867511","3.578947458","-26.03210773",6900,1047.79494739701,20.2489318847656,c(24.20185, -33.69961)
"1206",1206,"718_31_BK","Tristachya leucothrix","POACEAE",-33.69961,24.20185,"Baviaanksloof",718,"JL",31,30,50,45,1767.145868,"0","B","0.649623383","44.77332316","68.92196981","-1.885042653","-12.99382388",6900,1047.79494739701,20.2489318847656,c(24.20185, -33.69961)
"1207",1207,"718_32_BK","Hypodiscus striatus","RESTIONACEAE",-33.69961,24.20185,"Baviaanksloof",718,"JL",32,60,63,35,1731.80295,"0","N","0.505647947","47.27028442","93.48457705","0.895317742","-25.97455793",6900,1047.79494739701,20.2489318847656,c(24.20185, -33.69961)
"1208",1208,"718_33_BK","Lobostemon fruticosus","BORAGINACEAE",-33.69727,24.20145,"Baviaanksloof",718,"JL",33,80,75,70,4123.340358,"3","B","1.199513182","38.92028973","32.44673782","-1.242514138","-28.02528747",6600,1007.04736610935,20.5057334899902,c(24.20145, -33.69727)
"1209",1209,"718_34_BK","Osteospermum junceum","ASTERACEAE",-33.69053,24.20164,"Baviaanksloof",718,"JL",34,150,110,125,10799.22475,"2","N","0.744208352","41.69083842","56.02038504","-2.250517588","-30.53085958",5160,930.403106068271,20.8985023498535,c(24.20164, -33.69053)
"1210",1210,"718_35_BK","Aspalathus aciphylla","FABACEAE",-33.68725,24.20192,"Baviaanksloof",718,"JL",35,140,12,11,103.6725576,"2","B","1.116414431","46.19951667","41.38204898","-0.46735359","-28.05088467",6240,954.657618739498,20.0328159332275,c(24.20192, -33.68725)
"1211",1211,"718_36_BK","Cyclopia intermedia","FABACEAE",-33.68725,24.20192,"Baviaanksloof",718,"JL",36,85,100,103,8089.601083,"3","N","1.51370521","50.94529019","33.65601826","-0.579537127","-26.36798628",6240,954.657618739498,20.0328159332275,c(24.20192, -33.68725)
"1212",1212,"718_37_BK","Agathosma mundtii","RUTACEAE",-33.68725,24.20192,"Baviaanksloof",718,"JL",37,22,30,27,636.1725124,"4","N","0.920755436","50.15948419","54.47644643","-1.511796786","-26.93781492",6240,954.657618739498,20.0328159332275,c(24.20192, -33.68725)
"1213",1213,"718_38_BK","Senecio pauciflosculosus","ASTERACEAE",-33.68725,24.20192,"Baviaanksloof",718,"JL",38,45,60,50,2356.19449,"1","B","0.70044628","49.14742977","70.16588018","-1.730921826","-27.30087439",6240,954.657618739498,20.0328159332275,c(24.20192, -33.68725)
"1214",1214,"718_39_BK","Leucospermum cuneiforme","PROTEACEAE",-33.68725,24.20192,"Baviaanksloof",718,"JL",39,75,165,160,20734.51151,"2","S","0.414159293","48.13393569","116.2208274","2.131157012","-27.8289609",6240,954.657618739498,20.0328159332275,c(24.20192, -33.68725)
"1215",1215,"718_4_BK","Gymnosporia buxifolia","CELASTRACEAE",-33.63493,24.24487,"Baviaanksloof",718,"JL",4,600,1000,600,471238.898,"4","N","1.805851334","40.8986999","22.64787756","4.756744551","-29.07637113",6720,326.950830808141,24.8834552764893,c(24.24487, -33.63493)
"1216",1216,"718_40_BK","Merxmuellera arundinacea","POACEAE",-33.68725,24.20192,"Baviaanksloof",718,"JL",40,90,120,125,11780.97245,"0","S","0.886273176","45.77352957","51.64720178","-1.269194062","-24.14400431",6240,954.657618739498,20.0328159332275,c(24.20192, -33.68725)
"1217",1217,"718_41_BK","Thesium strictum","SANTALACEAE",-33.67279,24.20951,"Baviaanksloof",718,"JL",41,170,80,80,5026.548246,"3","N","1.259836689","40.5417556","32.18016743","-0.599101863","-26.60581936",6720,997.345561040858,16.2356204986572,c(24.20951, -33.67279)
"1218",1218,"718_5_BK","Rhus longispina","ANACARDIACEAE",-33.63493,24.24487,"Baviaanksloof",718,"JL",5,500,600,730,344004.3956,"4","N","2.315656251","44.93294354","19.40397826","6.887344275","-26.93296118",6720,326.950830808141,24.8834552764893,c(24.24487, -33.63493)
"1219",1219,"718_6_BK","Portulacaria afra","PORTULACACEAE",-33.63493,24.24487,"Baviaanksloof",718,"JL",6,300,450,330,116631.6273,"4","N","0.817950428","40.40265714","49.39499479","5.727155444","-18.34573094",6720,326.950830808141,24.8834552764893,c(24.24487, -33.63493)
"1220",1220,"718_7_BK","Aristida congesta","POACEAE",-33.63493,24.24487,"Baviaanksloof",718,"JL",7,25,25,20,392.6990817,"1","N","2.180184538","41.25157194","18.92113774","4.992499617","-13.77739435",6720,326.950830808141,24.8834552764893,c(24.24487, -33.63493)
"1221",1221,"718_8_BK","Crassula rupestris","CRASSULACEAE",-33.63493,24.24487,"Baviaanksloof",718,"JL",8,105,220,170,29373.89131,"4","N","0.826578682","40.45039536","48.93713843","6.820824173","-15.57618901",6720,326.950830808141,24.8834552764893,c(24.24487, -33.63493)
"1222",1222,"718_9_BK","Erica demissa","ERICACEAE",-33.64528,24.2279,"Baviaanksloof",718,"JL",9,155,95,100,7461.282552,"4","N","0.937444884","53.3127154","56.87023983","-0.647035465","-26.01463428",3780,716.963394561473,26.2716217041016,c(24.2279, -33.64528)
"1223",1223,"725_1_CB","Pelargonium scabrum","GERANIACEAE",-32.38639,19.07557,"Cederberg",725,"JL",1,110,150,135,15904.31281,"4","B","1.206592873","46.76660597","38.7592261","1.518099517","-26.93956479",6690,568.525777013563,27.7781085968018,c(19.07557, -32.38639)
"1224",1224,"725_10_CB","Willdenowia glomerata","RESTIONACEAE",-32.38656,19.07634,"Cederberg",725,"JL",10,140,55,40,1727.875959,"3","N","0.248233286","46.2313246","186.2414397","1.695823447","-27.2233181",6540,553.002888903977,28.1164932250977,c(19.07634, -32.38656)
"1225",1225,"725_11_CB","Ursinia sericea","ASTERACEAE",-32.38656,19.07634,"Cederberg",725,"JL",11,65,100,95,7461.282552,"4","B","1.232638924","46.39624662","37.63977083","4.411908728","-29.87302865",6540,553.002888903977,28.1164932250977,c(19.07634, -32.38656)
"1226",1226,"725_12_CB","Macrostylis squarrosa","RUTACEAE",-32.38656,19.07634,"Cederberg",725,"JL",12,65,30,30,706.8583471,"4","B","0.831210899","49.66289032","59.7476409","0.645900012","-27.93320625",6540,553.002888903977,28.1164932250977,c(19.07634, -32.38656)
"1227",1227,"725_13_CB","Dilatris ixioides","HAEMODORACEAE",-32.38656,19.07634,"Cederberg",725,"JL",13,40,75,70,4123.340358,"0","N","0.859706947","44.03098693","51.21627446","2.140133273","-25.92269798",6540,553.002888903977,28.1164932250977,c(19.07634, -32.38656)
"1228",1228,"725_14_CB","Cassine schinoides","CELASTRACEAE",-32.4086,19.0853,"Cederberg",725,"JL",14,700,600,500,235619.449,"4","N","0.857773265","47.76613897","55.68620626","0.11176233","-29.14092493",6660,757.710975849134,30,c(19.0853, -32.4086)
"1229",1229,"725_15_CB","Gomphocarpus cancellatus","APOCYNACEAE",-32.4086,19.0853,"Cederberg",725,"JL",15,190,80,65,4084.07045,"2","B","1.157491658","43.15120168","37.27992454","0.09051273","-27.27481781",6660,757.710975849134,30,c(19.0853, -32.4086)
"1230",1230,"725_16_CB","Serruria aitonii","PROTEACEAE",-32.43246,19.17553,"Cederberg",725,"JL",16,130,200,140,21991.14858,"4","B","0.586553645","50.36612042","85.86788406","5.094793612","-28.98137681",6600,879.953719712119,13.4676094055176,c(19.17553, -32.43246)
"1231",1231,"725_17_CB","Willdenowia sulcata","RESTIONACEAE",-32.43246,19.17553,"Cederberg",725,"JL",17,55,140,150,16493.36143,"2","N","0.546496549","46.25831908","84.64521712","4.116346105","-26.4225481",6600,879.953719712119,13.4676094055176,c(19.17553, -32.43246)
"1232",1232,"725_18_CB","Leucadendron nitidum","PROTEACEAE",-32.43246,19.17553,"Cederberg",725,"JL",18,160,250,150,29452.43113,"4","B","0.466317844","50.30687233","107.8810794","4.300831272","-29.39943328",6600,879.953719712119,13.4676094055176,c(19.17553, -32.43246)
"1233",1233,"725_19_CB","Aspalathus hirta","FABACEAE",-32.40456,19.10173,"Cederberg",725,"JL",19,230,120,100,9424.777961,"4","S","1.901074714","45.89030158","24.13913627","-0.486124152","-29.11265058",7350,921.671481506629,30,c(19.10173, -32.40456)
"1234",1234,"725_2_CB","Phylica villosa","RHAMNACEAE",-32.38639,19.07557,"Cederberg",725,"JL",2,70,40,35,1099.557429,"4","B","0.949800621","54.87473279","57.77500199","-0.590440372","-29.70641194",6690,568.525777013563,27.7781085968018,c(19.07557, -32.38639)
"1235",1235,"725_20_CB","Protea acaulos","PROTEACEAE",-32.40677,19.10796,"Cederberg",725,"JL",20,10,45,40,1413.716694,"1","N","0.505562153","48.43691329","95.80802872","5.31115318","-27.15869101",6270,989.584116986065,30,c(19.10796, -32.40677)
"1236",1236,"725_21_CB","Pentameris macrocalycina","POACEAE",-32.40677,19.10796,"Cederberg",725,"JL",21,90,100,90,7068.583471,"0","N","0.636877144","45.61726213","71.62647082","-0.469704007","-26.35186223",6270,989.584116986065,30,c(19.10796, -32.40677)
"1237",1237,"725_22_CB","Erica articularis","ERICACEAE",-32.40677,19.10796,"Cederberg",725,"JL",22,40,65,55,2807.798434,"4","N","0.670005865","54.52312869","81.37709165","-1.795872247","-27.1082011",6270,989.584116986065,30,c(19.10796, -32.40677)
"1238",1238,"725_23_CB","Serruria effusa","PROTEACEAE",-32.40677,19.10796,"Cederberg",725,"JL",23,20,160,150,18849.55592,"4","S","0.516012425","49.98670087","96.87111867","3.881634611","-29.53676584",6270,989.584116986065,30,c(19.10796, -32.40677)
"1239",1239,"725_24_CB","Aspalathus decora","FABACEAE",-32.40677,19.10796,"Cederberg",725,"JL",24,320,220,170,29373.89131,"4","B","1.709867278","49.54254536","28.97449761","-2.107855015","-27.00520168",6270,989.584116986065,30,c(19.10796, -32.40677)
"1240",1240,"725_25_CB","Elegia capensis","RESTIONACEAE",-32.41543,19.11724,"Cederberg",725,"JL",25,230,100,100,7853.981634,"1","N","0.802537731","45.77646621","57.0396437","2.497512915","-27.79486389",6960,924.582023027176,25.7280902862549,c(19.11724, -32.41543)
"1241",1241,"725_26_CB","Askidiosperma capitatum","RESTIONACEAE",-32.41543,19.11724,"Cederberg",725,"JL",26,55,30,30,706.8583471,"0","N","0.366261603","44.47465576","121.4286603","-1.167077254","-28.43608577",6960,924.582023027176,25.7280902862549,c(19.11724, -32.41543)
"1242",1242,"725_27_CB","Staberoha aemula","RESTIONACEAE",-32.41543,19.11724,"Cederberg",725,"JL",27,50,30,30,706.8583471,"0","N","0.405144208","47.62201593","117.5433709","0.907656452","-26.79213425",6960,924.582023027176,25.7280902862549,c(19.11724, -32.41543)
"1243",1243,"725_28_CB","Aspalathus quinquefolia","FABACEAE",-32.41543,19.11724,"Cederberg",725,"JL",28,85,90,90,6361.725124,"4","B","3.057556621","48.93977588","16.00617158","-1.106226126","-28.01298031",6960,924.582023027176,25.7280902862549,c(19.11724, -32.41543)
"1244",1244,"725_3_CB","Aspalathus lanata","FABACEAE",-32.38639,19.07557,"Cederberg",725,"JL",3,60,190,170,25368.36068,"4","S","1.871486097","49.15601724","26.26576672","-1.325483366","-29.07932724",6690,568.525777013563,27.7781085968018,c(19.07557, -32.38639)
"1245",1245,"725_4_CB","Euclea acutifolia","EBENACEAE",-32.38639,19.07557,"Cederberg",725,"JL",4,75,180,120,16964.60033,"4","N","0.668984845","53.12348932","79.40910732","0.348405607","-27.26774922",6690,568.525777013563,27.7781085968018,c(19.07557, -32.38639)
"1246",1246,"725_5_CB","Struthiola ciliata","THYMELAEACEAE",-32.38639,19.07557,"Cederberg",725,"JL",5,55,40,40,1256.637061,"2","B","1.136608123","48.1812701","42.39039749","-0.020564726","-28.50374225",6690,568.525777013563,27.7781085968018,c(19.07557, -32.38639)
"1247",1247,"725_6_CB","Thesium subnudum","SANTALACEAE",-32.38639,19.07557,"Cederberg",725,"JL",6,105,50,45,1767.145868,"4","N","0.514006445","45.53474463","88.5878865","0.530958992","-26.72043858",6690,568.525777013563,27.7781085968018,c(19.07557, -32.38639)
"1248",1248,"725_7_CB","Lachnospermum fasciculatum","ASTERACEAE",-32.3864,19.07614,"Cederberg",725,"JL",7,85,80,70,4398.229715,"4","B","0.809441479","48.37556283","59.76412634","1.911217124","-29.29239466",6690,559.794152451921,27.7781085968018,c(19.07614, -32.3864)
"1249",1249,"725_8_CB","Agathosma capensis","RUTACEAE",-32.3864,19.07614,"Cederberg",725,"JL",8,30,30,30,706.8583471,"4","B","1.172773305","49.45629384","42.17037823","2.374844768","-28.7046921",6690,559.794152451921,27.7781085968018,c(19.07614, -32.3864)
"1250",1250,"725_9_CB","Phylica oleaefolia","RHAMNACEAE",-32.38656,19.07634,"Cederberg",725,"JL",9,90,95,70,5222.897787,"4","B","0.691408458","54.62212072","79.001233","0.248918842","-29.36510014",6540,553.002888903977,28.1164932250977,c(19.07634, -32.38656)
"1251",1251,"802_1_CB","Asparagus retrofractus","ASPARAGACEAE",-32.08617,19.09035,"Cederberg",802,"JL",1,310,250,210,41233.40358,"4","N","1.580342694","47.27924534","29.91708413","7.272816484","-27.45726513",6300,332.771913849236,14.956395149231,c(19.09035, -32.08617)
"1252",1252,"802_2_CB","Euclea tomentosa","EBENACEAE",-32.09189,19.06361,"Cederberg",802,"JL",2,220,180,190,26860.61719,"4","B","0.696676204","52.09630852","74.77836652","3.192508153","-28.2665008",6480,471.507726328654,9.45208740234375,c(19.06361, -32.09189)
"1253",1253,"802_3_CB","Freylinia lanceolata","SCROPHULARIACEAE",-32.09189,19.06361,"Cederberg",802,"JL",3,140,380,240,71628.3125,"4","N","0.98268034","49.65700065","50.53220119","6.163276015","-29.48955016",6480,471.507726328654,9.45208740234375,c(19.06361, -32.09189)
"1254",1254,"802_4_CB","Searsia dissecta","ANACARDIACEAE",-32.09189,19.06361,"Cederberg",802,"JL",4,140,230,225,40644.35496,"4","N","1.729615606","49.11772136","28.39805631","6.394713905","-26.07992967",6480,471.507726328654,9.45208740234375,c(19.06361, -32.09189)
"1255",1255,"802_5_CB","Diospyros austro-africana","EBENACEAE",-32.09189,19.06361,"Cederberg",802,"JL",5,325,230,210,37934.73129,"4","B","1.289863767","51.63279657","40.0296511","2.592520012","-27.63709528",6480,471.507726328654,9.45208740234375,c(19.06361, -32.09189)
"1256",1256,"802_6_CB","Restio brachiatus","RESTIONACEAE",-32.15077,19.02717,"Cederberg",802,"JL",6,130,140,125,13744.46786,"2","N","0.296214984","46.93304155","158.4424963","0.3501008","-28.37787288",6660,861.520290081986,13.2855634689331,c(19.02717, -32.15077)
"1257",1257,"802_7_CB","NA","NA",-32.15077,19.02717,"Cederberg",802,"JL",7,125,90,90,6361.725124,"4","N","0.947226439","50.96499161","53.80444369","-1.907877261","-27.14358413",6660,861.520290081986,13.2855634689331,c(19.02717, -32.15077)
"1258",1258,"802_8_CB","Euphorbia loricata","EUPHORBIACEAE",-32.13787,19.0081,"Cederberg",802,"JL",8,50,70,60,3298.672286,"4","N","2.547373128","46.36844191","18.20245389","4.729916988","-26.70320462",6720,688.828159862849,19.9792919158936,c(19.0081, -32.13787)
"1259",1259,"802_9_CB","Conophytum minusculum","AIZOACEAE",-32.13787,19.0081,"Cederberg",802,"JL",9,1.5,2.5,2,3.926990817,"0","N","1.458537244","37.05786059","25.40755181","-2.899753928","-15.37390525",6720,688.828159862849,19.9792919158936,c(19.0081, -32.13787)
"1260",1260,"619_17_HK","Mastersiella digitata","RESTIONACEAE",-34.30527,18.82371,"Hangklip",619,"JS",17,50,35,30,824.6680716,"3","N","0.364347564","46.19374544","126.7848339","-0.037520684","-28.14626009",7020,123.212924369834,21.4026641845703,c(18.82371, -34.30527)
"1261",1261,"619_18_HK","Tetraria fasciata","CYPERACEAE",-34.30527,18.82371,"Hangklip",619,"JS",18,40,50,40,1570.796327,"0","N","0.538946612","45.55081406","84.51823057","0.97004657","-28.14834254",7020,123.212924369834,21.4026641845703,c(18.82371, -34.30527)
"1262",1262,"619_19_HK","Tetraria compar","CYPERACEAE",-34.30527,18.82371,"Hangklip",619,"JS",19,55,60,40,1884.955592,"0","N","0.671271466","45.65360981","68.09458","0.441783661","-26.02841054",7020,123.212924369834,21.4026641845703,c(18.82371, -34.30527)
"1263",1263,"619_20_HK","Tetraria bolusii","CYPERACEAE",-34.30527,18.82371,"Hangklip",619,"JS",20,23,25,12,235.619449,"0","N","0.712032827","44.04372358","62.1404863","-1.222317941","-25.75613047",7020,123.212924369834,21.4026641845703,c(18.82371, -34.30527)
"1264",1264,"619_21_HK","Tetraria bromoides","CYPERACEAE",-34.30527,18.82371,"Hangklip",619,"JS",21,50,70,60,3298.672286,"0","N","0.785038311","46.0543594","58.66511071","0.318897665","-25.07152571",7020,123.212924369834,21.4026641845703,c(18.82371, -34.30527)
"1265",1265,"619_22_HK","Elegia stipularis","RESTIONACEAE",-34.30527,18.82371,"Hangklip",619,"JS",22,45,35,23,632.2455215,"3","N","0.662157267","45.18880517","68.24482248","-3.554703946","-28.88761156",7020,123.212924369834,21.4026641845703,c(18.82371, -34.30527)
"1266",1266,"619_23_HK","Thamnochortus lucens","RESTIONACEAE",-34.30527,18.82371,"Hangklip",619,"JS",23,65,40,40,1256.637061,"0","N","0.476891467","46.19755345","96.87225838","-2.618616196","-27.39762006",7020,123.212924369834,21.4026641845703,c(18.82371, -34.30527)
"1267",1267,"619_24_HK","Nebelia paleacea","BRUNIACEAE",-34.30527,18.82371,"Hangklip",619,"JS",24,70,110,130,11231.19374,"4","N","0.543531267","54.51066777","100.2898473","-5.036190103","-28.8501275",7020,123.212924369834,21.4026641845703,c(18.82371, -34.30527)
"1268",1268,"619_25_HK","Erica placentiflora","ERICACEAE",-34.30527,18.82371,"Hangklip",619,"JS",25,45,35,20,549.7787144,"3","S","0.501620538","55.33469452","110.31186","-7.273596493","-27.07067573",7020,123.212924369834,21.4026641845703,c(18.82371, -34.30527)
"1269",1269,"619_26_HK","Corymbium glabrum","ASTERACEAE",-34.30527,18.82371,"Hangklip",619,"JS",26,27,23,8,144.5132621,"0","N","0.428279069","46.05669958","107.5389924","-7.236387984","-28.07441564",7020,123.212924369834,21.4026641845703,c(18.82371, -34.30527)
"1270",1270,"619_27_HK","Phaenocoma prolifera","ASTERACEAE",-34.30527,18.82371,"Hangklip",619,"JS",27,50,30,26,612.6105675,"4","B","0.565709388","45.51023048","80.44807363","-2.339552379","-28.60648109",7020,123.212924369834,21.4026641845703,c(18.82371, -34.30527)
"1271",1271,"619_28_HK","Erica corifolia","ERICACEAE",-34.30527,18.82371,"Hangklip",619,"JS",28,32,19,14,208.9159115,"4","N","0.829983674","50.8985024","61.32470314","-6.257216697","-26.5958776",7020,123.212924369834,21.4026641845703,c(18.82371, -34.30527)
"1272",1272,"619_29_HK","Diastella thymelaeoides","PROTEACEAE",-34.30527,18.82371,"Hangklip",619,"JS",29,50,90,60,4241.150082,"4","B","0.527873932","49.84177096","94.41983765","-3.284452671","-26.78433914",7020,123.212924369834,21.4026641845703,c(18.82371, -34.30527)
"1273",1273,"619_30_HK","Saltera sarcocolla","PENAEACEAE",-34.30527,18.82371,"Hangklip",619,"JS",30,35,60,70,3298.672286,"3","N","NA","NA","NA","NA","NA",7020,123.212924369834,21.4026641845703,c(18.82371, -34.30527)
"1274",1274,"723_1_CB","Protea laurifolia","PROTEACEAE",-32.44049,19.1929,"Cederberg",723,"JS",1,500,500,450,176714.5868,"4","B","0.492646836","52.49571193","106.5585082","5.559949793","-27.4205461",6300,894.506427314855,14.7572107315063,c(19.1929, -32.44049)
"1275",1275,"723_10_CB","Ficinia nigrescens","CYPERACEAE",-32.44126,19.19371,"Cederberg",723,"JS",10,35,45,35,1237.002107,"0","N","0.915784345","45.4191528","49.5991495","3.028000479","-26.04438445",6240,897.416968835402,14.7572107315063,c(19.19371, -32.44126)
"1276",1276,"723_11_CB","Tetraria nigrovaginata","CYPERACEAE",-32.44126,19.19371,"Cederberg",723,"JS",11,55,65,60,3063.052837,"0","N","0.572966","45.19757242","84.7684919","4.893879503","-26.45582459",6240,897.416968835402,14.7572107315063,c(19.19371, -32.44126)
"1277",1277,"723_12_CB","Maytenus oleoides","CELASTRACEAE",-32.44126,19.19371,"Cederberg",723,"JS",12,285,150,150,17671.45868,"4","N","0.774028925","48.0503767","62.07827011","4.459144884","-28.29875452",6240,897.416968835402,14.7572107315063,c(19.19371, -32.44126)
"1278",1278,"723_13_CB","Gnidia geminiflora","THYMELAEACEAE",-32.44126,19.19371,"Cederberg",723,"JS",13,17,50,45,1767.145868,"4","S","0.916298167","43.47299383","47.44415671","2.134025343","-27.07449375",6240,897.416968835402,14.7572107315063,c(19.19371, -32.44126)
"1279",1279,"723_14_CB","Syncarpha canescens","ASTERACEAE",-32.44126,19.19371,"Cederberg",723,"JS",14,10,60,50,2356.19449,"4","N","0.986926805","46.96007326","47.58212362","2.831953299","-30.422349",6240,897.416968835402,14.7572107315063,c(19.19371, -32.44126)
"1280",1280,"723_15_CB","Elytropappus adpressus","ASTERACEAE",-32.44126,19.19371,"Cederberg",723,"JS",15,80,125,100,9817.477042,"4","B","0.649887805","53.36832697","82.11929283","1.591954893","-26.78175761",6240,897.416968835402,14.7572107315063,c(19.19371, -32.44126)
"1281",1281,"723_16_CB","Elytropappus intricata","ASTERACEAE",-32.44073,19.1944,"Cederberg",723,"JS",16,110,190,170,25368.36068,"4","B","0.947054529","49.50349037","52.27100324","1.260635161","-30.2231677",6300,913.910037451836,14.7572107315063,c(19.1944, -32.44073)
"1282",1282,"723_17_CB","Ischyrolepis gaudichaudiana","RESTIONACEAE",-32.44073,19.1944,"Cederberg",723,"JS",17,80,120,100,9424.777961,"4","N","0.613640513","46.57493612","75.89938266","1.706642493","-26.09166485",6300,913.910037451836,14.7572107315063,c(19.1944, -32.44073)
"1283",1283,"723_18_CB","Pelargonium laevigatum","GERANIACEAE",-32.44073,19.1944,"Cederberg",723,"JS",18,50,60,55,2591.813939,"4","N","0.786344129","44.31446788","56.3550566","1.189077941","-28.38426164",6300,913.910037451836,14.7572107315063,c(19.1944, -32.44073)
"1284",1284,"723_19_CB","Ficinia deusta","CYPERACEAE",-32.44073,19.1944,"Cederberg",723,"JS",19,50,40,25,785.3981634,"0","N","0.727556838","45.89510247","63.86899681","3.378434811","-25.14454775",6300,913.910037451836,14.7572107315063,c(19.1944, -32.44073)
"1285",1285,"723_2_CB","Euryops speciosissimus","ASTERACEAE",-32.44049,19.1929,"Cederberg",723,"JS",2,165,100,85,6675.884389,"4","N","1.068653076","44.5788176","41.71495745","1.547844278","-27.33000915",6300,894.506427314855,14.7572107315063,c(19.1929, -32.44049)
"1286",1286,"723_20_CB","Ruschia dichroa","AIZOACEAE",-32.44073,19.1944,"Cederberg",723,"JS",20,15,55,35,1511.891465,"2","N","0.624517964","40.31236267","64.54956462","1.695859898","-27.57144101",6300,913.910037451836,14.7572107315063,c(19.1944, -32.44073)
"1287",1287,"723_21_CB","Protea nitida","PROTEACEAE",-32.44073,19.1944,"Cederberg",723,"JS",21,300,540,480,203575.204,"4","N","0.47625774","47.69513156","100.1456302","4.198402136","-26.38842486",6300,913.910037451836,14.7572107315063,c(19.1944, -32.44073)
"1288",1288,"723_22_CB","Crassula atropurpurea","CRASSULACEAE",-32.44073,19.1944,"Cederberg",723,"JS",22,5,15,10,117.8097245,"1","L","0.555680151","43.23487552","77.80532636","1.170453459","-20.1282977",6300,913.910037451836,14.7572107315063,c(19.1944, -32.44073)
"1289",1289,"723_23_CB","Merxmuellera stricta","POACEAE",-32.44073,19.1944,"Cederberg",723,"JS",23,45,55,40,1727.875959,"0","N","0.638742885","45.37504343","71.03804127","1.06752869","-26.66204764",6300,913.910037451836,14.7572107315063,c(19.1944, -32.44073)
"1290",1290,"723_24_CB","Pelargonium alternans","GERANIACEAE",-32.3247,19.17371,"Cederberg",723,"JS",24,40,80,20,1256.637061,"4","B","1.443049725","44.37340383","30.74973998","5.349199076","-28.85203588",6180,1286.45935208188,20.5148639678955,c(19.17371, -32.3247)
"1291",1291,"723_25_CB","Passerina glomerata","THYMELAEACEAE",-32.3247,19.17371,"Cederberg",723,"JS",25,95,110,100,8639.379797,"4","N","0.689751001","53.49327675","77.55447502","2.069329774","-24.98610809",6180,1286.45935208188,20.5148639678955,c(19.17371, -32.3247)
"1292",1292,"723_26_CB","Metalasia dregeana","ASTERACEAE",-32.3247,19.17371,"Cederberg",723,"JS",26,220,180,170,24033.1838,"4","B","0.752535384","42.36550935","56.297033","0.408810169","-28.01205417",6180,1286.45935208188,20.5148639678955,c(19.17371, -32.3247)
"1293",1293,"723_27_CB","Ischyrolepis sieberi","RESTIONACEAE",-32.3247,19.17371,"Cederberg",723,"JS",27,80,170,120,16022.12253,"3","N","0.345086618","45.99835265","133.2950924","1.020477367","-25.44181074",6180,1286.45935208188,20.5148639678955,c(19.17371, -32.3247)
"1294",1294,"723_28_CB","Paranomus tomentosus","PROTEACEAE",-32.43317,19.17364,"Cederberg",723,"JS",28,180,200,140,21991.14858,"4","B","0.489939378","51.253231","104.6113729","2.657850809","-28.2472535",6510,905.178412890195,14.826078414917,c(19.17364, -32.43317)
"1295",1295,"723_29_CB","Elytropappus scaber","ASTERACEAE",-32.43317,19.17364,"Cederberg",723,"JS",29,100,130,85,8678.649706,"4","B","0.932765234","48.21809386","51.69370826","0.305906406","-27.93522585",6510,905.178412890195,14.826078414917,c(19.17364, -32.43317)
"1296",1296,"723_3_CB","Phylica rigidifolia","RHAMNACEAE",-32.44049,19.1929,"Cederberg",723,"JS",3,130,100,90,7068.583471,"4","B","0.516281089","59.63563035","115.5100033","0.86461986","-29.09547968",6300,894.506427314855,14.7572107315063,c(19.1929, -32.44049)
"1297",1297,"723_30_CB","Phylica leipoldtii","RHAMNACEAE",-32.43317,19.17364,"Cederberg",723,"JS",30,50,50,40,1570.796327,"4","B","0.50810148","55.35951983","108.9536677","-1.885700103","-29.00056298",6510,905.178412890195,14.826078414917,c(19.17364, -32.43317)
"1298",1298,"723_31_CB","Cannomois parviflora","RESTIONACEAE",-32.43317,19.17364,"Cederberg",723,"JS",31,80,80,60,3769.911184,"0","N","0.30868281","46.57177789","150.8725995","1.810764467","-28.25331229",6510,905.178412890195,14.826078414917,c(19.17364, -32.43317)
"1299",1299,"723_32_CB","Rhus scytophylla","ANACARDIACEAE",-32.43322,19.174,"Cederberg",723,"JS",32,160,260,240,49008.8454,"4","B","0.558353553","48.32681564","86.55235632","1.658153701","-25.06335969",6510,903.238051876497,14.826078414917,c(19.174, -32.43322)
"1300",1300,"723_33_CB","Oscularia steenbergensis","AIZOACEAE",-32.43322,19.174,"Cederberg",723,"JS",33,35,110,100,8639.379797,"4","N","0.753838447","41.73417415","55.36222558","3.357155838","-25.13202597",6510,903.238051876497,14.826078414917,c(19.174, -32.43322)
"1301",1301,"723_34_CB","Diospyros glabra","EBENACEAE",-32.43322,19.174,"Cederberg",723,"JS",34,165,220,155,26782.07737,"4","B","0.925388","51.62354051","55.7858331","1.977863597","-27.51413999",6510,903.238051876497,14.826078414917,c(19.174, -32.43322)
"1302",1302,"723_35_CB","Ischyrolepis capensis","RESTIONACEAE",-32.43288,19.17507,"Cederberg",723,"JS",35,30,45,40,1413.716694,"3","N","0.639124329","46.39512922","72.591712","1.943091524","-25.81767896",6600,884.804622246364,13.4676094055176,c(19.17507, -32.43288)
"1303",1303,"723_36_CB","Leucadendron glaberrimum","PROTEACEAE",-32.43288,19.17507,"Cederberg",723,"JS",36,90,270,260,55134.95107,"4","N","0.496262639","51.68489273","104.1482647","5.681089404","-28.20787137",6600,884.804622246364,13.4676094055176,c(19.17507, -32.43288)
"1304",1304,"723_37_CB","Leucadendron salignum","PROTEACEAE",-32.43068,19.15095,"Cederberg",723,"JS",37,115,160,90,11309.73355,"4","N","0.326953224","50.7855945","155.3298478","2.82591583","-28.60977106",6150,877.043178191571,24.5456600189209,c(19.15095, -32.43068)
"1305",1305,"723_38_CB","Ischyrolepis gossypina","RESTIONACEAE",-32.43068,19.15095,"Cederberg",723,"JS",38,70,75,55,3239.767424,"2","N","0.345782869","46.84125407","135.464357","0.428574554","-26.93956479",6150,877.043178191571,24.5456600189209,c(19.15095, -32.43068)
"1306",1306,"723_39_CB","Restio perplexus","RESTIONACEAE",-32.43068,19.15095,"Cederberg",723,"JS",39,30,40,35,1099.557429,"4","N","0.42035691","46.65813961","110.9964855","0.42471099","-26.78304607",6150,877.043178191571,24.5456600189209,c(19.15095, -32.43068)
"1307",1307,"723_4_CB","Eriocephalus africanus","ASTERACEAE",-32.44049,19.1929,"Cederberg",723,"JS",4,80,100,75,5890.486225,"4","L","1.158591792","46.9361537","40.51138116","2.025219158","-29.71213692",6300,894.506427314855,14.7572107315063,c(19.1929, -32.44049)
"1308",1308,"723_40_CB","Restio filiformis","RESTIONACEAE",-32.43068,19.15095,"Cederberg",723,"JS",40,55,40,25,785.3981634,"2","N","0.429817246","46.99304949","109.3326291","2.789211974","-27.48687543",6150,877.043178191571,24.5456600189209,c(19.15095, -32.43068)
"1309",1309,"723_41_CB","Leucadendron rubrum","PROTEACEAE",-32.43026,19.1515,"Cederberg",723,"JS",41,215,320,260,65345.12719,"4","B","0.472091111","54.03876869","114.4668209","4.827241826","-28.73397624",6270,880.923900218968,24.0621089935303,c(19.1515, -32.43026)
"1310",1310,"723_42_CB","Pentaschistis curvifolia","POACEAE",-32.42965,19.15242,"Cederberg",723,"JS",42,35,45,40,1413.716694,"0","N","0.720252906","42.7061271","59.29323815","-0.036018981","-26.50333196",5640,887.715163766911,24.0621089935303,c(19.15242, -32.42965)
"1311",1311,"723_43_CB","Agathosma capensis","RUTACEAE",-32.42965,19.15242,"Cederberg",723,"JS",43,55,55,50,2159.844949,"4","S","0.902463538","50.89618141","56.39693934","-0.475499352","-28.2472535",5640,887.715163766911,24.0621089935303,c(19.15242, -32.42965)
"1312",1312,"723_5_CB","Antimima dasyphylla","AIZOACEAE",-32.44049,19.1929,"Cederberg",723,"JS",5,17,35,35,962.1127502,"4","N","1.249768524","43.51174503","34.81584326","3.686718999","-26.37031747",6300,894.506427314855,14.7572107315063,c(19.1929, -32.44049)
"1313",1313,"723_6_CB","Stoebe aethiopica","ASTERACEAE",-32.44049,19.1929,"Cederberg",723,"JS",6,150,70,55,3023.782929,"4","B","0.832443118","45.25163374","54.36003106","0.619560886","-28.28366503",6300,894.506427314855,14.7572107315063,c(19.1929, -32.44049)
"1314",1314,"723_7_CB","Felicia filifolia","ASTERACEAE",-32.44049,19.1929,"Cederberg",723,"JS",7,105,130,100,10210.17612,"4","N","1.359761151","44.07515018","32.41389132","0.309806344","-28.51101337",6300,894.506427314855,14.7572107315063,c(19.1929, -32.44049)
"1315",1315,"723_8_CB","Pentaschistis eriostoma","POACEAE",-32.44126,19.19371,"Cederberg",723,"JS",8,50,110,110,9503.317777,"0","S","0.590650831","45.42232505","76.90216054","3.412252949","-25.77981536",6240,897.416968835402,14.7572107315063,c(19.19371, -32.44126)
"1316",1316,"723_9_CB","Muraltia heisteria","POLYGALACEAE",-32.44126,19.19371,"Cederberg",723,"JS",9,135,50,35,1374.446786,"4","N","0.8168408","51.96779606","63.62047055","1.350816863","-27.96477377",6240,897.416968835402,14.7572107315063,c(19.19371, -32.44126)
"1317",1317,"730_1_CB","Berzelia lanuginosa","BRUNIACEAE",-32.15487,19.0302,"Cederberg",730,"JS",1,220,200,150,23561.9449,"4","N","0.850197012","52.83960427","62.14983533","-3.403471687","-28.43815685",6840,880.923900218968,14.4003324508667,c(19.0302, -32.15487)
"1318",1318,"730_10_CB","Lidbeckia lobata","ASTERACEAE",-32.15498,19.0312,"Cederberg",730,"JS",10,20,50,45,1767.145868,"4","B","1.711606749","45.92142731","26.82942641","2.743789803","-32.3389385",7080,895.476607821704,14.4003324508667,c(19.0312, -32.15498)
"1319",1319,"730_11_CB","Podocarpus elongatus","PODOCARPACEAE",-32.15505,19.03142,"Cederberg",730,"JS",11,500,1000,800,628318.5307,"4","N","0.864443497","47.18498576","54.5842336","0.484495534","-27.10150229",6600,899.3573298491,14.4003324508667,c(19.03142, -32.15505)
"1320",1320,"730_12_CB","Chironia baccifera","GENTIANACEAE",-32.15351,19.03297,"Cederberg",730,"JS",12,45,110,95,8207.410808,"4","N","0.938968849","50.39530834","53.67090545","-0.610173429","-28.57091105",6510,905.178412890195,13.8116550445557,c(19.03297, -32.15351)
"1321",1321,"730_13_CB","Cheilanthes contracta","PTERIDACEAE",-32.15351,19.03297,"Cederberg",730,"JS",13,25,35,26,714.7123287,"0","B","1.258435411","44.75973927","35.56776843","0.752497296","-29.44483327",6510,905.178412890195,13.8116550445557,c(19.03297, -32.15351)
"1322",1322,"730_14_CB","Tetraria compar","CYPERACEAE",-32.15295,19.03145,"Cederberg",730,"JS",14,60,70,55,3023.782929,"0","N","0.647035674","45.44453072","71.26212522","4.031085033","-26.58731084",6450,881.894080725817,12.8927946090698,c(19.03145, -32.15295)
"1323",1323,"730_15_CB","Arctopus echinatus","APIACEAE",-32.14901,19.02932,"Cederberg",730,"JS",15,7,24,23,433.5397862,"0","N","2.026529652","39.56180722","19.52194837","1.15449994","-27.89209704",5910,878.983539205269,15.3661842346191,c(19.02932, -32.14901)
"1324",1324,"730_16_CB","Printzia polifolia","ASTERACEAE",-32.14901,19.02932,"Cederberg",730,"JS",16,80,70,55,3023.782929,"4","B","1.809333801","44.91717261","24.82525479","0.419465695","-29.02311499",5910,878.983539205269,15.3661842346191,c(19.02932, -32.14901)
"1325",1325,"730_17_CB","Athanasia trifurcata","ASTERACEAE",-32.14901,19.02932,"Cederberg",730,"JS",17,110,75,35,2061.670179,"4","B","1.641079103","42.74721974","26.04823843","1.772283414","-30.6855996",5910,878.983539205269,15.3661842346191,c(19.02932, -32.14901)
"1326",1326,"730_18_CB","Anthospermum galioides","RUBIACEAE",-32.14901,19.02932,"Cederberg",730,"JS",18,10,40,30,942.4777961,"4","B","1.608580866","47.00355402","29.22051045","1.230368086","-29.33914966",5910,878.983539205269,15.3661842346191,c(19.02932, -32.14901)
"1327",1327,"730_19_CB","Melianthus major","MELIANTHACEAE",-32.14901,19.02932,"Cederberg",730,"JS",19,120,140,110,12095.13172,"1","N","1.955216783","44.43932095","22.72859017","-0.042640285","-27.17771643",5910,878.983539205269,15.3661842346191,c(19.02932, -32.14901)
"1328",1328,"730_2_CB","Clutia alaternoides","EUPHORBIACEAE",-32.15487,19.0302,"Cederberg",730,"JS",2,110,130,90,9189.158512,"4","N","1.123917167","48.47797443","43.13304919","-1.958443522","-29.7317078",6840,880.923900218968,14.4003324508667,c(19.0302, -32.15487)
"1329",1329,"730_20_CB","Elytropappus rhinocerotis","ASTERACEAE",-32.14901,19.02932,"Cederberg",730,"JS",20,105,120,100,9424.777961,"4","B","1.518842836","51.52134099","33.92144321","0.512083951","-28.66948135",5910,878.983539205269,15.3661842346191,c(19.02932, -32.14901)
"1330",1330,"730_21_CB","Erica breviflora","ERICACEAE",-32.13255,19.01066,"Cederberg",730,"JS",21,75,60,60,2827.433388,"4","N","0.516282844","51.41829352","99.59326385","-3.50104538","-27.27831911",7080,863.460651095684,25.819803237915,c(19.01066, -32.13255)
"1331",1331,"730_22_CB","Lachnaea globulifera","THYMELAEACEAE",-32.13255,19.01066,"Cederberg",730,"JS",22,40,50,25,981.7477042,"3","S","0.865668164","50.48988929","58.32476158","-2.230992911","-28.37580283",7080,863.460651095684,25.819803237915,c(19.01066, -32.13255)
"1332",1332,"730_23_CB","Watsonia vanderspuyiae","IRIDACEAE",-32.13255,19.01066,"Cederberg",730,"JS",23,110,90,50,3534.291735,"0","N","1.041465357","42.22269898","40.541626","-0.092890616","-25.92170728",7080,863.460651095684,25.819803237915,c(19.01066, -32.13255)
"1333",1333,"730_24_CB","Rhus rosmarinifolia","ANACARDIACEAE",-32.1322,19.00891,"Cederberg",730,"JS",24,50,60,50,2356.19449,"4","B","1.179319489","48.24618505","40.91019057","-0.370745384","-28.17967843",3750,824.653430821721,23.7816371917725,c(19.00891, -32.1322)
"1334",1334,"730_25_CB","Centella villosa","APIACEAE",-32.1322,19.00891,"Cederberg",730,"JS",25,25,40,15,471.238898,"3","B","0.888494994","47.19658475","53.11969685","-1.400384508","-32.00766101",3750,824.653430821721,23.7816371917725,c(19.00891, -32.1322)
"1335",1335,"730_26_CB","Pentaschistis malouinensis","POACEAE",-32.1322,19.00891,"Cederberg",730,"JS",26,45,20,15,235.619449,"0","N","0.739750216","44.84817595","60.62610726","-1.185588977","-30.22628233",3750,824.653430821721,23.7816371917725,c(19.00891, -32.1322)
"1336",1336,"730_27_CB","Montinia caryophyllacea","MONTINIACEAE",-32.1322,19.00891,"Cederberg",730,"JS",27,140,125,115,11290.0986,"4","N","2.326721734","46.08934128","19.80870364","-0.112596628","-26.45012537",3750,824.653430821721,23.7816371917725,c(19.00891, -32.1322)
"1337",1337,"730_28_CB","Dimorphotheca acutifolia","ASTERACEAE",-32.1322,19.00891,"Cederberg",730,"JS",28,30,40,40,1256.637061,"4","B","0.926524123","40.73597323","43.96644642","0.216493772","-30.92846868",3750,824.653430821721,23.7816371917725,c(19.00891, -32.1322)
"1338",1338,"730_29_CB","Prismatocarpus fruticosus","CAMPANULACEAE",-32.1322,19.00891,"Cederberg",730,"JS",29,90,30,20,471.238898,"4","B","1.905963076","43.1345073","22.63134467","2.207786278","-28.99669409",3750,824.653430821721,23.7816371917725,c(19.00891, -32.1322)
"1339",1339,"730_3_CB","Cliffortia hexandra","ROSACEAE",-32.15487,19.0302,"Cederberg",730,"JS",3,310,90,80,5654.866776,"4","B","1.4214334","48.09799708","33.83767194","0.637217127","-27.36571133",6840,880.923900218968,14.4003324508667,c(19.0302, -32.15487)
"1340",1340,"730_30_CB","Themeda triandra","POACEAE",-32.1327,19.00704,"Cederberg",730,"JS",30,65,80,75,4712.38898,"1","B","1.021432836","42.02712368","41.14526398","-2.337405375","-13.42055472",5580,726.665199629963,24.7769165039062,c(19.00704, -32.1327)
"1341",1341,"730_31_CB","Calopsis paniculata","RESTIONACEAE",-32.1327,19.00704,"Cederberg",730,"JS",31,250,100,100,7853.981634,"1","N","0.681916921","46.86412232","68.72409366","2.748716306","-28.26910303",5580,726.665199629963,24.7769165039062,c(19.00704, -32.1327)
"1342",1342,"730_32_CB","Platycaulos compressus","RESTIONACEAE",-32.1327,19.00704,"Cederberg",730,"JS",32,220,150,120,14137.16694,"1","N","0.407489432","46.4321062","113.946774","1.251059398","-28.12073949",5580,726.665199629963,24.7769165039062,c(19.00704, -32.1327)
"1343",1343,"730_33_CB","Asparagus rubicundus","ASPARAGACEAE",-32.1327,19.00704,"Cederberg",730,"JS",33,65,50,50,1963.495408,"1","N","2.963747897","46.43365463","15.66720796","1.591973405","-27.40737507",5580,726.665199629963,24.7769165039062,c(19.00704, -32.1327)
"1344",1344,"730_4_CB","Psoralea pinnata","FABACEAE",-32.15487,19.0302,"Cederberg",730,"JS",4,300,400,350,109955.7429,"4","B","2.007726261","52.82910603","26.31290284","-1.66838627","-28.27316778",6840,880.923900218968,14.4003324508667,c(19.0302, -32.15487)
"1345",1345,"730_5_CB","Elytropappus gnaphaloides","ASTERACEAE",-32.15487,19.0302,"Cederberg",730,"JS",5,70,90,80,5654.866776,"4","B","1.064091893","47.03445682","44.20149907","0.986013538","-28.65423852",6840,880.923900218968,14.4003324508667,c(19.0302, -32.15487)
"1346",1346,"730_6_CB","Pentameris distichophylla","POACEAE",-32.15487,19.0302,"Cederberg",730,"JS",6,70,60,50,2356.19449,"2","S","0.773059665","44.70698886","57.83122689","-2.171874875","-27.24986583",6840,880.923900218968,14.4003324508667,c(19.0302, -32.15487)
"1347",1347,"730_7_CB","Indigofera frutescens","FABACEAE",-32.15498,19.0312,"Cederberg",730,"JS",7,260,340,250,66758.84389,"4","B","1.75925947","48.1762643","27.38439959","-0.896895903","-26.5730842",7080,895.476607821704,14.4003324508667,c(19.0312, -32.15498)
"1348",1348,"730_8_CB","Olea europaea","OLEACEAE",-32.15498,19.0312,"Cederberg",730,"JS",8,320,300,280,65973.44573,"4","N","1.07160637","49.76262238","46.43740817","-0.225906196","-27.52118819",7080,895.476607821704,14.4003324508667,c(19.0312, -32.15498)
"1349",1349,"730_9_CB","Myrsine africana","MYRSINACEAE",-32.15498,19.0312,"Cederberg",730,"JS",9,110,65,40,2042.035225,"4","N","0.970885811","49.91689879","51.41376898","0.414539192","-28.7721164",7080,895.476607821704,14.4003324508667,c(19.0312, -32.15498)
"1350",1350,"701_1_BK","Indigofera denudata","FABACEAE",-33.5828,24.1632,"Baviaanksloof",701,"KE",1,83,82,31,1996.482131,"3","N","1.765386691","47.48019672","26.89506892","-0.273349012","-26.43690933",6060,380.310758684841,16.6613254547119,c(24.1632, -33.5828)
"1351",1351,"701_10_BK","Sarcostemma viminale","APOCYNACEAE",-33.5828,24.1632,"Baviaanksloof",701,"KE",10,200,187,155,22764.76577,"2","N","1.19838943","41.19510067","34.37538721","4.96413075","-13.50655586",6060,380.310758684841,16.6613254547119,c(24.1632, -33.5828)
"1352",1352,"701_11_BK","Acacia karroo","FABACEAE",-33.5828,24.1632,"Baviaanksloof",701,"KE",11,500,550,400,172787.5959,"4","N","2.384489686","47.10403159","19.75434487","1.834751265","-27.46201844",6060,380.310758684841,16.6613254547119,c(24.1632, -33.5828)
"1353",1353,"701_12_BK","Cyphia digitata","CAMPANULACEAE",-33.5828,24.1632,"Baviaanksloof",701,"KE",12,26,46,9,325.1548396,"0","N","2.428880371","42.32751021","17.42675791","6.026495901","-28.72690211",6060,380.310758684841,16.6613254547119,c(24.1632, -33.5828)
"1354",1354,"701_13_BK","Aristida congesta","POACEAE",-33.5828,24.1632,"Baviaanksloof",701,"KE",13,12,14,14,153.93804,"0","N","2.025299691","41.59458131","20.53749452","5.250754129","-13.31240641",6060,380.310758684841,16.6613254547119,c(24.1632, -33.5828)
"1355",1355,"701_14_BK","Cyanella lutea","TECOPHILAEACEAE",-33.5828,24.1632,"Baviaanksloof",701,"KE",14,2,21,2,32.98672286,"0","N","2.9704685","40.93760555","13.78153162","5.660635343","-29.58601344",6060,380.310758684841,16.6613254547119,c(24.1632, -33.5828)
"1356",1356,"701_15_BK","Crassula perforata","CRASSULACEAE",-33.5828,24.1632,"Baviaanksloof",701,"KE",15,89,123,68,6569.070239,"2","N","1.017760601","39.89260134","39.19644884","4.926957752","-14.8714265",6060,380.310758684841,16.6613254547119,c(24.1632, -33.5828)
"1357",1357,"701_16_BK","Euphorbia rhombifolia","EUPHORBIACEAE",-33.5828,24.1632,"Baviaanksloof",701,"KE",16,180,182,173,24729.04657,"4","N","0.757014288","44.76058312","59.12779166","5.835739728","-22.31608722",6060,380.310758684841,16.6613254547119,c(24.1632, -33.5828)
"1358",1358,"701_17_BK","Elytropappus rhinocerotis","ASTERACEAE",-33.5828,24.1632,"Baviaanksloof",701,"KE",17,115,211,191,31652.33138,"4","N","1.821143816","52.73677217","28.95804918","4.8085911","-26.42428962",6060,380.310758684841,16.6613254547119,c(24.1632, -33.5828)
"1359",1359,"701_18_BK","Eriocephalus africanus","ASTERACEAE",-33.5828,24.1632,"Baviaanksloof",701,"KE",18,98,174,139,18995.63998,"3","B","1.963763349","44.302018","22.55975397","5.368142543","-29.28022805",6060,380.310758684841,16.6613254547119,c(24.1632, -33.5828)
"1360",1360,"701_19_BK","Hibiscus aethiopicus","MALVACEAE",-33.5828,24.1632,"Baviaanksloof",701,"KE",19,9,15,8,94.24777961,"2","N","1.897670144","40.04954571","21.10458755","4.553271299","-28.96182295",6060,380.310758684841,16.6613254547119,c(24.1632, -33.5828)
"1361",1361,"701_2_BK","Euphorbia mauritanica","EUPHORBIACEAE",-33.5828,24.1632,"Baviaanksloof",701,"KE",2,156,113,81,7188.74939,"2","N","1.048108948","40.36900553","38.51603938","4.756744551","-19.09514782",6060,380.310758684841,16.6613254547119,c(24.1632, -33.5828)
"1362",1362,"701_20_BK","Asparagus striatus","ASPARAGACEAE",-33.5828,24.1632,"Baviaanksloof",701,"KE",20,65,37,26,755.5530332,"4","N","1.225984722","49.69823504","40.5374016","3.674814663","-26.7135723",6060,380.310758684841,16.6613254547119,c(24.1632, -33.5828)
"1363",1363,"701_21_BK","Blepharis capensis","ACANTHACEAE",-33.5828,24.1632,"Baviaanksloof",701,"KE",21,27,57,40,1790.707813,"3","N","2.463165325","40.52021547","16.45046521","5.858239174","-28.24249923",6060,380.310758684841,16.6613254547119,c(24.1632, -33.5828)
"1364",1364,"701_22_BK","Commelina africana","COMMELINACEAE",-33.5828,24.1632,"Baviaanksloof",701,"KE",22,6,36,29,819.9556826,"1","N","2.760043078","42.09203487","15.25049924","4.258822026","-28.62400291",6060,380.310758684841,16.6613254547119,c(24.1632, -33.5828)
"1365",1365,"701_23_BK","Crassula muscosa","CRASSULACEAE",-33.5828,24.1632,"Baviaanksloof",701,"KE",23,23,49,38,1462.41138,"3","N","0.713379077","39.32801345","59.68404903","4.026490789","-16.87844646",6060,380.310758684841,16.6613254547119,c(24.1632, -33.5828)
"1366",1366,"701_24_BK","Abutilon sonneratianum","MALVACEAE",-33.5828,24.1632,"Baviaanksloof",701,"KE",24,44,8,8,50.26548246,"1","B","1.214108945","40.83031564","33.62986149","4.333168022","-28.88804616",6060,380.310758684841,16.6613254547119,c(24.1632, -33.5828)
"1367",1367,"701_25_BK","Crassula ovata","CRASSULACEAE",-33.5828,24.1632,"Baviaanksloof",701,"KE",25,120,107,98,8235.685141,"4","N","1.1973267","40.46638092","33.79727599","3.99567633","-15.40242525",6060,380.310758684841,16.6613254547119,c(24.1632, -33.5828)
"1368",1368,"701_26_BK","Cotyledon velutina","CRASSULACEAE",-33.5828,24.1632,"Baviaanksloof",701,"KE",26,135,90,73,5160.065934,"2","N","0.921214673","36.49082885","39.61164527","3.356887707","-13.84437591",6060,380.310758684841,16.6613254547119,c(24.1632, -33.5828)
"1369",1369,"701_27_BK","Jatropha capensis","EUPHORBIACEAE",-33.5828,24.1632,"Baviaanksloof",701,"KE",27,140,181,103,14642.17796,"4","N","2.157340344","47.59754144","22.06306555","4.112086507","-26.17674907",6060,380.310758684841,16.6613254547119,c(24.1632, -33.5828)
"1370",1370,"701_28_BK","Aloe ferox","ASPHODELACEAE",-33.5828,24.1632,"Baviaanksloof",701,"KE",28,260,105,105,8659.014751,"0","N","0.544155019","37.40590051","70.2694031","4.100021587","-13.78580749",6060,380.310758684841,16.6613254547119,c(24.1632, -33.5828)
"1371",1371,"701_29_BK","Nymania capensis","MELIACEAE",-33.5828,24.1632,"Baviaanksloof",701,"KE",29,300,100,85,6675.884389,"3","N","2.26092882","42.25800084","18.69054898","2.546907647","-27.89982545",6060,380.310758684841,16.6613254547119,c(24.1632, -33.5828)
"1372",1372,"701_3_BK","Putterlickia pyracantha","CELASTRACEAE",-33.5828,24.1632,"Baviaanksloof",701,"KE",3,169,189,161,23898.88071,"3","N","1.055815053","45.88966328","43.46373272","4.969021934","-27.02226993",6060,380.310758684841,16.6613254547119,c(24.1632, -33.5828)
"1373",1373,"701_30_BK","Euclea undulata","EBENACEAE",-33.5828,24.1632,"Baviaanksloof",701,"KE",30,500,600,490,230907.06,"4","N","1.01993283","49.07720678","48.11807732","4.255887315","-27.28631318",6060,380.310758684841,16.6613254547119,c(24.1632, -33.5828)
"1374",1374,"701_31_BK","Cadaba aphylla","CAPPARACEAE",-33.5828,24.1632,"Baviaanksloof",701,"KE",31,190,180,110,15550.88364,"3","N","1.953048512","45.75659803","23.42829569","7.943840005","-26.32915639",6060,380.310758684841,16.6613254547119,c(24.1632, -33.5828)
"1375",1375,"701_32_BK","Bulbine latifolia","ASPHODELACEAE",-33.5828,24.1632,"Baviaanksloof",701,"KE",32,16,25,18,353.4291735,"0","N","1.630136623","38.04003213","23.33548709","2.914724679","-27.80954596",6060,380.310758684841,16.6613254547119,c(24.1632, -33.5828)
"1376",1376,"701_33_BK","Pachypodium succulentum","APOCYNACEAE",-33.5828,24.1632,"Baviaanksloof",701,"KE",33,16,22,10,172.7875959,"1","N","1.430434569","48.9870479","34.24626961","4.722506263","-27.95612879",6060,380.310758684841,16.6613254547119,c(24.1632, -33.5828)
"1377",1377,"701_34_BK","Lycium ferocissimum","SOLANACEAE",-33.5828,24.1632,"Baviaanksloof",701,"KE",34,125,100,90,7068.583471,"4","N","3.752712038","37.32435698","9.945968838","9.607820782","-28.88707541",6060,380.310758684841,16.6613254547119,c(24.1632, -33.5828)
"1378",1378,"701_35_BK","Grewia robusta","MALVACEAE",-33.5828,24.1632,"Baviaanksloof",701,"KE",35,135,275,160,34557.51919,"4","N","2.325601126","44.50362114","19.13639473","5.752589601","-29.32197018",6060,380.310758684841,16.6613254547119,c(24.1632, -33.5828)
"1379",1379,"701_36_BK","Rhus longispina","ANACARDIACEAE",-33.5828,24.1632,"Baviaanksloof",701,"KE",36,400,550,470,203025.4252,"4","N","1.90259444","46.68030649","24.53507984","4.703919764","-26.15733412",6060,380.310758684841,16.6613254547119,c(24.1632, -33.5828)
"1380",1380,"701_37_BK","Aspalathus kougaensis","FABACEAE",-33.53287,24.08526,"Baviaanksloof",701,"KE",37,185,100,90,7068.583471,"4","B","1.227028338","48.09042821","39.19259786","-0.638231334","-25.51372869",4740,1034.21242030112,24.8895530700684,c(24.08526, -33.53287)
"1381",1381,"701_38_BK","Osteospermum polygaloides","ASTERACEAE",-33.53287,24.08526,"Baviaanksloof",701,"KE",38,160,50,20,785.3981634,"3","N","1.584136062","40.87686906","25.80388771","-1.565599809","-29.48602647",4740,1034.21242030112,24.8895530700684,c(24.08526, -33.53287)
"1382",1382,"701_39_BK","Pteronia teretifolia","ASTERACEAE",-33.53287,24.08526,"Baviaanksloof",701,"KE",39,50,100,95,7461.282552,"3","N","1.151420008","42.16619321","36.62103568","-0.294870222","-28.51527921",4740,1034.21242030112,24.8895530700684,c(24.08526, -33.53287)
"1383",1383,"701_4_BK","Pappea capensis","SAPINDACEAE",-33.5828,24.1632,"Baviaanksloof",701,"KE",4,300,572,341,153193.4826,"4","N","1.338223495","48.89953514","36.54063414","3.966329226","-25.86902219",6060,380.310758684841,16.6613254547119,c(24.1632, -33.5828)
"1384",1384,"701_40_BK","Thesium nigromontanum","SANTALACEAE",-33.53287,24.08526,"Baviaanksloof",701,"KE",40,35,60,50,2356.19449,"3","N","1.104346718","40.68541575","36.84116147","-1.200717487","-27.28340094",4740,1034.21242030112,24.8895530700684,c(24.08526, -33.53287)
"1385",1385,"701_41_BK","Lobostemon fruticosus","BORAGINACEAE",-33.53287,24.08526,"Baviaanksloof",701,"KE",41,65,95,80,5969.026042,"3","B","1.143123286","39.55758563","34.60482881","4.004480461","-28.4861568",4740,1034.21242030112,24.8895530700684,c(24.08526, -33.53287)
"1386",1386,"701_42_BK","Chrysanthemoides monilifera","ASTERACEAE",-33.53287,24.08526,"Baviaanksloof",701,"KE",42,85,65,60,3063.052837,"4","B","0.980707295","47.98364836","48.92759402","2.249523663","-27.76877457",4740,1034.21242030112,24.8895530700684,c(24.08526, -33.53287)
"1387",1387,"701_43_BK","Agathosma mucronulata","RUTACEAE",-33.53287,24.08526,"Baviaanksloof",701,"KE",43,50,20,12,188.4955592,"3","S","0.688412838","47.84563492","69.5013693","-1.226151644","-28.24735297",4740,1034.21242030112,24.8895530700684,c(24.08526, -33.53287)
"1388",1388,"701_44_BK","Cliffortia drepanoides","ROSACEAE",-33.53287,24.08526,"Baviaanksloof",701,"KE",44,50,50,40,1570.796327,"2","N","0.900346066","46.17582417","51.28675063","-1.578316887","-26.51748136",4740,1034.21242030112,24.8895530700684,c(24.08526, -33.53287)
"1389",1389,"701_45_BK","Argyrolobium collinum","FABACEAE",-33.53287,24.08526,"Baviaanksloof",701,"KE",45,60,100,90,7068.583471,"4","B","2.035337194","46.8571646","23.02181905","-1.426905132","-27.2035259",4740,1034.21242030112,24.8895530700684,c(24.08526, -33.53287)
"1390",1390,"701_46_BK","Thesium nigromontanum","SANTALACEAE",-33.53287,24.08526,"Baviaanksloof",701,"KE",46,30,55,30,1295.90697,"4","N","0.642001438","44.48103871","69.28495178","-0.538138533","-27.21123788",4740,1034.21242030112,24.8895530700684,c(24.08526, -33.53287)
"1391",1391,"701_47_BK","Leucospermum cuneiforme","PROTEACEAE",-33.53287,24.08526,"Baviaanksloof",701,"KE",47,70,110,60,5183.627878,"4","B","0.6275059","47.17757951","75.18268673","4.281409259","-27.88892758",4740,1034.21242030112,24.8895530700684,c(24.08526, -33.53287)
"1392",1392,"701_48_BK","Erica passerinae","ERICACEAE",-33.53287,24.08526,"Baviaanksloof",701,"KE",48,60,50,40,1570.796327,"2","L","0.772619851","54.69597784","70.7928715","-1.099258284","-27.18038998",4740,1034.21242030112,24.8895530700684,c(24.08526, -33.53287)
"1393",1393,"701_49_BK","Bobartia indica","IRIDACEAE",-33.53287,24.08526,"Baviaanksloof",701,"KE",49,70,40,40,1256.637061,"0","N","0.371355013","46.64742226","125.6140906","-1.911508554","-25.1993767",4740,1034.21242030112,24.8895530700684,c(24.08526, -33.53287)
"1394",1394,"701_5_BK","Panicum maximum","POACEAE",-33.5828,24.1632,"Baviaanksloof",701,"KE",5,35,56,36,1583.362697,"0","N","2.936796795","41.07917","13.98774681","5.186190501","-14.0045492",6060,380.310758684841,16.6613254547119,c(24.1632, -33.5828)
"1395",1395,"701_50_BK","Themeda triandra","POACEAE",-33.53287,24.08526,"Baviaanksloof",701,"KE",50,35,35,30,824.6680716,"0","N","1.218632388","42.88834862","35.19383618","-0.983502811","-13.46271652",4740,1034.21242030112,24.8895530700684,c(24.08526, -33.53287)
"1396",1396,"701_51_BK","Muraltia juniperifolia","POLYGALACEAE",-33.53287,24.08526,"Baviaanksloof",701,"KE",51,20,20,15,235.619449,"3","N","0.977831381","50.68971164","51.83890867","-0.934453882","-27.83687175",4740,1034.21242030112,24.8895530700684,c(24.08526, -33.53287)
"1397",1397,"701_52_BK","Struthiola argentea","THYMELAEACEAE",-33.53287,24.08526,"Baviaanksloof",701,"KE",52,80,30,30,706.8583471,"2","B","0.945738985","45.74218427","48.36660538","-1.167926786","-26.78225933",4740,1034.21242030112,24.8895530700684,c(24.08526, -33.53287)
"1398",1398,"701_53_BK","Eriocephalus africanus","ASTERACEAE",-33.53287,24.08526,"Baviaanksloof",701,"KE",53,60,60,60,2827.433388,"3","B","1.531879386","44.67468907","29.16332022","1.190345735","-27.7346881",4740,1034.21242030112,24.8895530700684,c(24.08526, -33.53287)
"1399",1399,"701_54_BK","Pelargonium panduriforme","GERANIACEAE",-33.53287,24.08526,"Baviaanksloof",701,"KE",54,150,110,90,7775.441818,"4","B","1.471683672","46.31175268","31.46855098","2.188981936","-26.3195409",4740,1034.21242030112,24.8895530700684,c(24.08526, -33.53287)
"1400",1400,"701_55_BK","Pelargonium myrrhifolium","GERANIACEAE",-33.53287,24.08526,"Baviaanksloof",701,"KE",55,25,20,15,235.619449,"2","B","1.265288539","46.22411335","36.53246824","-0.85989951","-27.96508332",4740,1034.21242030112,24.8895530700684,c(24.08526, -33.53287)
"1401",1401,"701_56_BK","Hermannia involucrata","MALVACEAE",-33.53287,24.08526,"Baviaanksloof",701,"KE",56,105,30,25,589.0486225,"4","B","1.318885149","45.61579851","34.58663444","-0.395896638","-27.6161165",4740,1034.21242030112,24.8895530700684,c(24.08526, -33.53287)
"1402",1402,"701_57_BK","Thesium commutatum","SANTALACEAE",-33.53287,24.08526,"Baviaanksloof",701,"KE",57,200,110,70,6047.565858,"4","N","1.679704014","39.50945512","23.52167691","-0.584244527","-26.89697494",4740,1034.21242030112,24.8895530700684,c(24.08526, -33.53287)
"1403",1403,"701_58_BK","Helichrysum nudifolium","ASTERACEAE",-33.53287,24.08526,"Baviaanksloof",701,"KE",58,20,35,35,962.1127502,"0","N","0.902045567","43.78741035","48.54234859","-1.116915899","-27.62286448",4740,1034.21242030112,24.8895530700684,c(24.08526, -33.53287)
"1404",1404,"701_59_BK","Erica demissa","ERICACEAE",-33.532,24.08522,"Baviaanksloof",701,"KE",59,130,70,60,3298.672286,"4","N","0.719007465","51.41248831","71.50480461","-2.999413805","-26.92300285",4920,1053.6160304381,24.8895530700684,c(24.08522, -33.532)
"1405",1405,"701_6_BK","Digitaria eriantha","POACEAE",-33.5828,24.1632,"Baviaanksloof",701,"KE",6,28,34,17,453.9601384,"0","N","2.698439496","41.0560342","15.21473217","2.938202362","-12.2358477",6060,380.310758684841,16.6613254547119,c(24.1632, -33.5828)
"1406",1406,"701_60_BK","Leucadendron nobile","PROTEACEAE",-33.532,24.08522,"Baviaanksloof",701,"KE",60,550,400,200,62831.85307,"4","N","0.536367057","50.43874995","94.03774771","4.05872712","-28.42394576",4920,1053.6160304381,24.8895530700684,c(24.08522, -33.532)
"1407",1407,"701_61_BK","Leucadendron nobile","PROTEACEAE",-33.532,24.08522,"Baviaanksloof",701,"KE",61,450,350,150,41233.40358,"4","N","0.520749383","50.69232808","97.34496037","5.212357938","-28.28898622",4920,1053.6160304381,24.8895530700684,c(24.08522, -33.532)
"1408",1408,"701_62_BK","Erica newdigateae","ERICACEAE",-33.532,24.08522,"Baviaanksloof",701,"KE",62,80,70,60,3298.672286,"4","N","0.584294371","54.62082235","93.48168496","-3.035710013","-27.6768483",4920,1053.6160304381,24.8895530700684,c(24.08522, -33.532)
"1409",1409,"701_7_BK","Eragrostis curvula","POACEAE",-33.5828,24.1632,"Baviaanksloof",701,"KE",7,21,28,24,527.7875658,"0","N","2.082293","43.65723817","20.96594388","3.196456874","-13.34152883",6060,380.310758684841,16.6613254547119,c(24.1632, -33.5828)
"1410",1410,"701_8_BK","Carissa bispinosa","APOCYNACEAE",-33.5828,24.1632,"Baviaanksloof",701,"KE",8,200,341,248,66419.55188,"4","N","1.300012312","49.98254657","38.44774862","5.003260221","-26.910634",6060,380.310758684841,16.6613254547119,c(24.1632, -33.5828)
"1411",1411,"701_9_BK","Azima tetracantha","SALVADORACEAE",-33.5828,24.1632,"Baviaanksloof",701,"KE",9,230,344,335,90509.28435,"4","N","1.770527524","34.17953617","19.3047189","7.443961007","-26.32624415",6060,380.310758684841,16.6613254547119,c(24.1632, -33.5828)
"1412",1412,"708_1_BK","Cymbopogon marginatus","POACEAE",-33.69027,24.24027,"Baviaanksloof",708,"KE",1,83,28,19,417.8318229,"0","N","1.322930306","45.45845019","34.36193879","6.572975236","-13.28052113",5520,753.830253821738,19.6279182434082,c(24.24027, -33.69027)
"1413",1413,"708_10_BK","Agathosma mucronulata","RUTACEAE",-33.67944,24.21023,"Baviaanksloof",708,"KE",10,34,38,37,1104.269818,"4","N","0.630488661","49.00362678","77.72324832","-1.558356263","-27.10519824",6360,994.43501952031,15.6107921600342,c(24.21023, -33.67944)
"1414",1414,"708_11_BK","Senecio pauciflosculosus","ASTERACEAE",-33.67944,24.21023,"Baviaanksloof",708,"KE",11,47,27,25,530.1437603,"1","B","0.598107446","49.22420929","82.29994394","-2.681576744","-28.87895222",6360,994.43501952031,15.6107921600342,c(24.21023, -33.67944)
"1415",1415,"708_12_BK","Athanasia linifolia","ASTERACEAE",-33.67944,24.21023,"Baviaanksloof",708,"KE",12,126,46,19,686.4379948,"1","N","1.054693621","46.87167837","44.44103715","-2.902296925","-28.54155336",6360,994.43501952031,15.6107921600342,c(24.21023, -33.67944)
"1416",1416,"708_13_BK","Pteronia teretifolia","ASTERACEAE",-33.67944,24.21023,"Baviaanksloof",708,"KE",13,66,78,65,3981.968688,"3","N","1.105685613","42.16796069","38.13738752","-1.807524824","-28.33429407",6360,994.43501952031,15.6107921600342,c(24.21023, -33.67944)
"1417",1417,"708_14_BK","Rhodocoma fruticosa","RESTIONACEAE",-33.67944,24.21023,"Baviaanksloof",708,"KE",14,71,15,9,106.0287521,"0","N","0.384238851","46.49877395","121.0152846","-0.688228257","-24.70291839",6360,994.43501952031,15.6107921600342,c(24.21023, -33.67944)
"1418",1418,"708_15_BK","Tetraria cuspidata","CYPERACEAE",-33.67944,24.21023,"Baviaanksloof",708,"KE",15,42,45,33,1166.316273,"0","N","0.627756765","44.04010756","70.15473195","2.058511784","-24.75979419",6360,994.43501952031,15.6107921600342,c(24.21023, -33.67944)
"1419",1419,"708_16_BK","Muraltia juniperifolia","POLYGALACEAE",-33.67944,24.21023,"Baviaanksloof",708,"KE",16,37,55,41,1771.072858,"3","N","0.657681354","53.18914124","80.87372541","-0.6725326","-27.8233758",6360,994.43501952031,15.6107921600342,c(24.21023, -33.67944)
"1420",1420,"708_17_BK","Andropogon appendiculatus","POACEAE",-33.67944,24.21023,"Baviaanksloof",708,"KE",17,41,38,28,835.6636459,"0","N","0.859126789","43.7188529","50.88754472","-1.50440244","-13.91965097",6360,994.43501952031,15.6107921600342,c(24.21023, -33.67944)
"1421",1421,"708_18_BK","Helichrysum zeyheri","ASTERACEAE",-33.67944,24.21023,"Baviaanksloof",708,"KE",18,21,59,34,1575.508716,"3","B","1.083983179","45.91569488","42.35830938","-0.438078718","-29.4457823",6360,994.43501952031,15.6107921600342,c(24.21023, -33.67944)
"1422",1422,"708_19_BK","Aspalathus kougaensis","FABACEAE",-33.67944,24.21023,"Baviaanksloof",708,"KE",19,31,37,37,1075.210086,"2","B","1.305171816","48.80660022","37.39477028","-1.009989233","-25.80476665",6360,994.43501952031,15.6107921600342,c(24.21023, -33.67944)
"1423",1423,"708_2_BK","Tephrosia capensis","FABACEAE",-33.69027,24.24027,"Baviaanksloof",708,"KE",2,115,188,156,23034.15734,"4","B","2.484284978","46.80816862","18.84170658","0.582139012","-26.50848426",5520,753.830253821738,19.6279182434082,c(24.24027, -33.69027)
"1424",1424,"708_20_BK","Brachiaria serrata","POACEAE",-33.67944,24.21023,"Baviaanksloof",708,"KE",20,17,35,23,632.2455215,"0","N","1.162748687","42.25848044","36.34360622","-0.697057064","-13.94857087",6360,994.43501952031,15.6107921600342,c(24.21023, -33.67944)
"1425",1425,"708_21_BK","Leucospermum cuneiforme","PROTEACEAE",-33.67944,24.21023,"Baviaanksloof",708,"KE",21,83,159,135,16858.57158,"4","B","0.546006688","48.27003727","88.40557874","2.281193923","-27.09748626",6360,994.43501952031,15.6107921600342,c(24.21023, -33.67944)
"1426",1426,"708_22_BK","Tetraria compar","CYPERACEAE",-33.67944,24.21023,"Baviaanksloof",708,"KE",22,77,71,61,3401.559446,"0","N","0.49423293","45.5485538","92.16009503","1.970223711","-24.71641434",6360,994.43501952031,15.6107921600342,c(24.21023, -33.67944)
"1427",1427,"708_23_BK","Thesium carinatum","SANTALACEAE",-33.67944,24.21023,"Baviaanksloof",708,"KE",23,66,47,30,1107.41141,"4","N","1.015292099","45.42817125","44.74394246","-1.397475775","-28.45864964",6360,994.43501952031,15.6107921600342,c(24.21023, -33.67944)
"1428",1428,"708_24_BK","Erica pectinifolia","ERICACEAE",-33.67944,24.21023,"Baviaanksloof",708,"KE",24,82,90,83,5866.924281,"4","b","0.638982765","58.24560074","91.15363347","-1.123782749","-24.94488156",6360,994.43501952031,15.6107921600342,c(24.21023, -33.67944)
"1429",1429,"708_25_BK","Disparago ericoides","ASTERACEAE",-33.67944,24.21023,"Baviaanksloof",708,"KE",25,29,10,8,62.83185307,"3","B","1.032864483","46.01380641","44.54970345","-1.738856323","-27.11291021",6360,994.43501952031,15.6107921600342,c(24.21023, -33.67944)
"1430",1430,"708_26_BK","Corymbium africanum","ASTERACEAE",-33.67944,24.21023,"Baviaanksloof",708,"KE",26,32,22,17,293.7389131,"0","N","0.576806591","48.80392309","84.61055037","-2.85030506","-23.88641315",6360,994.43501952031,15.6107921600342,c(24.21023, -33.67944)
"1431",1431,"708_27_BK","Ischyrolepis capensis","RESTIONACEAE",-33.67944,24.21023,"Baviaanksloof",708,"KE",27,29,18,13,183.7831702,"0","N","0.700068876","45.85442808","65.49988097","0.704761335","-24.55542689",6360,994.43501952031,15.6107921600342,c(24.21023, -33.67944)
"1432",1432,"708_28_BK","Restio triticeus","RESTIONACEAE",-33.67944,24.21023,"Baviaanksloof",708,"KE",28,57,73,44,2522.698901,"2","N","0.530433741","46.47896615","87.62445258","0.895071181","-24.32503167",6360,994.43501952031,15.6107921600342,c(24.21023, -33.67944)
"1433",1433,"708_29_BK","Hypodiscus striatus","RESTIONACEAE",-33.67944,24.21023,"Baviaanksloof",708,"KE",29,52,22,15,259.1813939,"0","N","0.650048539","47.22593845","72.64986473","0.589986841","-24.55349889",6360,994.43501952031,15.6107921600342,c(24.21023, -33.67944)
"1434",1434,"708_3_BK","Othonna carnosa","ASTERACEAE",-33.69027,24.24027,"Baviaanksloof",708,"KE",3,60,102,73,5848.074725,"4","N","2.032107647","38.40636612","18.8997695","9.306962555","-28.30826615",5520,753.830253821738,19.6279182434082,c(24.24027, -33.69027)
"1435",1435,"708_30_BK","Struthiola argentea","THYMELAEACEAE",-33.67944,24.21023,"Baviaanksloof",708,"KE",30,50,51,43,1722.378172,"2","B","0.798788747","47.76598472","59.79801904","-1.271910516","-26.32725287",6360,994.43501952031,15.6107921600342,c(24.21023, -33.67944)
"1436",1436,"708_31_BK","Thesium virgatum","SANTALACEAE",-33.67944,24.21023,"Baviaanksloof",708,"KE",31,36,28,28,615.7521601,"4","N","0.873180717","45.18391768","51.7463531","-1.279758344","-26.59331597",6360,994.43501952031,15.6107921600342,c(24.21023, -33.67944)
"1437",1437,"708_4_BK","Haworthia viscosa","ASPHODELACEAE",-33.69027,24.24027,"Baviaanksloof",708,"KE",4,17,25,24,471.238898,"0","N","0.608965736","55.4192423","91.00551813","2.830541931","-15.15645877",5520,753.830253821738,19.6279182434082,c(24.24027, -33.69027)
"1438",1438,"708_5_BK","Blepharis capensis","ACANTHACEAE",-33.69027,24.24027,"Baviaanksloof",708,"KE",5,36,124,103,10031.10534,"4","N","2.391706161","39.86916516","16.66975895","7.262603182","-27.47633698",5520,753.830253821738,19.6279182434082,c(24.24027, -33.69027)
"1439",1439,"708_6_BK","Schotia latifolia","FABACEAE",-33.69027,24.24027,"Baviaanksloof",708,"KE",6,500,500,400,157079.6327,"4","N","1.484342319","51.10284843","34.42794009","4.845471946","-26.2308532",5520,753.830253821738,19.6279182434082,c(24.24027, -33.69027)
"1440",1440,"708_7_BK","Kalanchoe rotundifolia","CRASSULACEAE",-33.63838,24.23471,"Baviaanksloof",708,"KE",7,36,4,4,12.56637061,"1","N","1.220883059","40.49476638","33.16842353","3.200370858","-16.12431149",6090,510.314946602618,24.4179191589355,c(24.23471, -33.63838)
"1441",1441,"708_8_BK","Protea tenax","PROTEACEAE",-33.67944,24.21023,"Baviaanksloof",708,"KE",8,25,83,76,4954.291615,"1","L","0.575567987","48.46214336","84.19881652","2.959050126","-24.52747098",6360,994.43501952031,15.6107921600342,c(24.21023, -33.67944)
"1442",1442,"708_9_BK","Leucadendron salignum","PROTEACEAE",-33.67944,24.21023,"Baviaanksloof",708,"KE",9,79,111,92,8020.486045,"4","N","0.636118762","50.50822495","79.40062138","2.131104199","-28.04316705",6360,994.43501952031,15.6107921600342,c(24.21023, -33.67944)
"1443",1443,"713_1_BK","Hypodiscus striatus","RESTIONACEAE",-33.671435,24.20836667,"Baviaanksloof",713,"KE",1,50,66,60,3110.176727,"0","N","0.698571508","46.85779876","67.07659592","0.880356502","-24.45709922",7260,980.852492424423,18.8042182922363,c(24.20836667, -33.671435)
"1444",1444,"713_2_BK","Hypodiscus striatus","RESTIONACEAE",-33.65135167,24.21801833,"Baviaanksloof",713,"KE",2,42,42,41,1352.455637,"0","N","0.656706189","46.59902137","70.95870599","1.561155641","-25.8481465",6900,845.027221465552,20.7539806365967,c(24.21801833, -33.65135167)
"1445",1445,"729_1_HTR","Dimorphotheca pinnata","ASTERACEAE",-31.46616,19.77591,"HTR",729,"MAL",1,6,7,5,27.48893572,"1","B","3.99659254","37.19972168","9.307859459","12.58429762","-27.11536104",6510,962.41906279429,2.52855944633484,c(19.77591, -31.46616)
"1446",1446,"729_2_HTR","Eriocephalus decussatus","ASTERACEAE",-31.46523,19.77465,"HTR",729,"MAL",2,75,150,130,15315.26419,"4","B","3.167278617","34.00995615","10.73791108","8.673997728","-14.98286271",6420,967.269965328536,3.10702013969421,c(19.77465, -31.46523)
"1447",1447,"729_3_HTR","Atriplex lindleyi","AMARANTHACEAE",-31.46523,19.77465,"HTR",729,"MAL",3,30,60,50,2356.19449,"4","B","1.816265268","46.78945451","25.76135509","8.114823865","-26.4308799",6420,967.269965328536,3.10702013969421,c(19.77465, -31.46523)
"1448",1448,"729_4_HTR","Chrysocoma ciliata","ASTERACEAE",-31.46523,19.77465,"HTR",729,"MAL",4,45,60,50,2356.19449,"4","B","3.137108954","34.56242217","11.0172846","7.059150617","-25.28574796",6420,967.269965328536,3.10702013969421,c(19.77465, -31.46523)
"1449",1449,"729_5_HTR","Mesembryanthemum guerichianum","AIZOACEAE",-31.46523,19.77465,"HTR",729,"MAL",5,10,45,45,1590.431281,"1","N","2.58447169","28.95067959","11.20177857","7.156100201","-20.98600732",6420,967.269965328536,3.10702013969421,c(19.77465, -31.46523)
"1450",1450,"729_6_HTR","Galenia sarcophylla","AIZOACEAE",-31.46523,19.77465,"HTR",729,"MAL",6,10,40,18,565.4866776,"3","N","3.662512329","45.39959775","12.39575288","7.054254173","-28.07463388",6420,967.269965328536,3.10702013969421,c(19.77465, -31.46523)
"1451",1451,"801_10_HTR","Lapeirousia plicata","IRIDACEAE",-31.44213,19.75994,"HTR",801,"MAL",10,1,6,1,4.71238898,"0","N","1.926486117","44.74813924","23.22785451","2.046565782","-29.04539997",6210,1057.4967524655,12.913348197937,c(19.75994, -31.44213)
"1452",1452,"801_11_HTR","Moraea falcifolia","IRIDACEAE",-31.44213,19.75994,"HTR",801,"MAL",11,1,2,3,4.71238898,"0","N","2.83760497","42.12689423","14.84593334","3.727523657","-30.04566009",6210,1057.4967524655,12.913348197937,c(19.75994, -31.44213)
"1453",1453,"801_12_HTR","Chrysocoma ciliata","ASTERACEAE",-31.44213,19.75994,"HTR",801,"MAL",12,25,30,20,471.238898,"3","N","1.94296605","48.25333592","24.83488372","3.429793023","-28.02693492",6210,1057.4967524655,12.913348197937,c(19.75994, -31.44213)
"1454",1454,"801_13_HTR","Helichrysum revolutum","ASTERACEAE",-31.44213,19.75994,"HTR",801,"MAL",13,60,80,70,4398.229715,"3","B","2.26761322","44.88449446","19.79371705","2.541481951","-28.39710196",6210,1057.4967524655,12.913348197937,c(19.75994, -31.44213)
"1455",1455,"801_14_HTR","Searsia burchellii","ANACARDIACEAE",-31.44213,19.75994,"HTR",801,"MAL",14,130,150,100,11780.97245,"4","N","1.628434615","48.98876947","30.08335061","1.340797754","-25.47217551",6210,1057.4967524655,12.913348197937,c(19.75994, -31.44213)
"1456",1456,"801_15_HTR","Berkheya heterophylla","ASTERACEAE",-31.44213,19.75994,"HTR",801,"MAL",15,15,35,20,549.7787144,"0","B","1.979562426","36.12846042","18.25073054","3.666025198","-28.22010952",6210,1057.4967524655,12.913348197937,c(19.75994, -31.44213)
"1457",1457,"801_16_HTR","Crassula barbata","CRASSULACEAE",-31.44213,19.75994,"HTR",801,"MAL",16,2,5,4,15.70796327,"0","L","1.068449165","33.95464082","31.77936951","1.942116018","-25.04031396",6210,1057.4967524655,12.913348197937,c(19.75994, -31.44213)
"1458",1458,"801_17_HTR","Eriocephalus ericoides","ASTERACEAE",-31.44213,19.75994,"HTR",801,"MAL",17,20,50,40,1570.796327,"3","N","1.58036524","44.04324957","27.86903208","3.443459347","-29.05247967",6210,1057.4967524655,12.913348197937,c(19.75994, -31.44213)
"1459",1459,"801_1_HTR","Fingerhuthia africana","POACEAE",-31.45049,19.76647,"HTR",801,"MAL",1,45,20,18,282.7433388,"0","L","0.970033953","41.36107946","42.63879561","1.131898227","-14.27073479",6360,1016.74917117784,8.86229038238525,c(19.76647, -31.45049)
"1460",1460,"801_2_HTR","Pelargonium praemorsum","GERANIACEAE",-31.45049,19.76647,"HTR",801,"MAL",2,35,50,40,1570.796327,"3","B","2.41030465","43.55810586","18.0716184","0.988401823","-28.27775849",6360,1016.74917117784,8.86229038238525,c(19.76647, -31.45049)
"1461",1461,"801_3_HTR","Albuca concordiana","HYACINTHACEAE",-31.45049,19.76647,"HTR",801,"MAL",3,2,3,2,4.71238898,"0","N","3.723534981","39.63262177","10.64381615","2.234965822","-30.45324839",6360,1016.74917117784,8.86229038238525,c(19.76647, -31.45049)
"1462",1462,"801_4_HTR","Wiborgiella leipoldtiana","FABACEAE",-31.45049,19.76647,"HTR",801,"MAL",4,150,90,60,4241.150082,"4","B","3.371047968","46.46117129","13.7824118","-1.636508587","-26.60796127",6360,1016.74917117784,8.86229038238525,c(19.76647, -31.45049)
"1463",1463,"801_5_HTR","Hermannia coccocarpa","MALVACEAE",-31.45049,19.76647,"HTR",801,"MAL",5,10,40,18,565.4866776,"4","B","3.749361573","42.84048537","11.42607469","1.112374907","-28.47295586",6360,1016.74917117784,8.86229038238525,c(19.76647, -31.45049)
"1464",1464,"801_6_HTR","Pelargonium crithifolium","GERANIACEAE",-31.45049,19.76647,"HTR",801,"MAL",6,20,25,20,392.6990817,"3","N","2.760670786","41.03662036","14.86472801","1.737121156","-28.44362569",6360,1016.74917117784,8.86229038238525,c(19.76647, -31.45049)
"1465",1465,"801_7_HTR","Ruschia grisea","AIZOACEAE",-31.45049,19.76647,"HTR",801,"MAL",7,25,90,80,5654.866776,"3","N","0.62252001","38.53881792","61.90775767","3.516671798","-19.57073794",6360,1016.74917117784,8.86229038238525,c(19.76647, -31.45049)
"1466",1466,"801_8_HTR","Romulea tortuosa","IRIDACEAE",-31.44213,19.75994,"HTR",801,"MAL",8,1,2,2,3.141592654,"0","L","3.535278053","45.92752354","12.99120546","0.643815221","-29.77258604",6210,1057.4967524655,12.913348197937,c(19.75994, -31.44213)
"1467",1467,"801_9_HTR","Hirpicium alienatum","ASTERACEAE",-31.44213,19.75994,"HTR",801,"MAL",9,30,50,35,1374.446786,"4","B","2.031023971","40.31678087","19.85047023","3.052016776","-28.14223285",6210,1057.4967524655,12.913348197937,c(19.75994, -31.44213)
"1468",1468,"805_10_HTR","Tetragonia fruticosa","AIZOACEAE",-31.82153,19.68379,"HTR",805,"MAL",10,30,35,35,962.1127502,"4","N","2.825237105","33.95744534","12.01932584","8.09670897","-26.2285566",6270,547.181805862883,5.2202320098877,c(19.68379, -31.82153)
"1469",1469,"805_11_HTR","Melolobium candicans","FABACEAE",-31.82153,19.68379,"HTR",805,"MAL",11,28,60,45,2120.575041,"4","B","4.200676581","44.76723223","10.65714805","-0.363567451","-25.65228732",6270,547.181805862883,5.2202320098877,c(19.68379, -31.82153)
"1470",1470,"805_12_HTR","Ruschia grisea","AIZOACEAE",-31.82153,19.68379,"HTR",805,"MAL",12,80,130,120,12252.21135,"4","N","0.517410958","41.88311295","80.94747957","8.280670795","-18.73963167",6270,547.181805862883,5.2202320098877,c(19.68379, -31.82153)
"1471",1471,"805_13_HTR","Mesembryanthemum junceum","AIZOACEAE",-31.84202,19.7316,"HTR",805,"MAL",13,20,75,50,2945.243113,"4","N","2.250341754","32.74088333","14.5492938","10.63971066","-21.51003537",6510,601.511914246432,2.30347371101379,c(19.7316, -31.84202)
"1472",1472,"805_14_HTR","Pteronia villosa","ASTERACEAE",-31.84202,19.7316,"HTR",805,"MAL",14,40,45,40,1413.716694,"4","N","2.889199076","37.87881796","13.11049082","6.592550523","-28.79594258",6510,601.511914246432,2.30347371101379,c(19.7316, -31.84202)
"1473",1473,"805_15_HTR","Drosanthemum framesii","AIZOACEAE",-31.85047,19.73413,"HTR",805,"MAL",15,5,15,10,117.8097245,"2","N","1.079873955","29.37689802","27.20400643","9.244748805","-24.49873598",6540,599.571553232733,2.50883221626282,c(19.73413, -31.85047)
"1474",1474,"805_16_HTR","Lycium cinereum","SOLANACEAE",-32.10174,19.70963,"HTR",805,"MAL",16,90,130,110,11231.19374,"4","N","1.69529619","38.12482912","22.48859482","10.74085885","-27.52858294",6480,336.652635876632,0.830694913864136,c(19.70963, -32.10174)
"1475",1475,"805_17_HTR","Othonna pteronioides","ASTERACEAE",-32.10174,19.70963,"HTR",805,"MAL",17,100,100,90,7068.583471,"4","N","0.863685543","48.02361152","55.60312073","5.939338483","-29.18383562",6480,336.652635876632,0.830694913864136,c(19.70963, -32.10174)
"1476",1476,"805_18_HTR","Pteronia glauca","ASTERACEAE",-32.10174,19.70963,"HTR",805,"MAL",18,60,100,80,6283.185307,"4","N","1.02621259","46.35901802","45.17486773","6.199049294","-27.99888824",6480,336.652635876632,0.830694913864136,c(19.70963, -32.10174)
"1477",1477,"805_19_HTR","Mesembryanthemum vaginatus","AIZOACEAE",-32.10174,19.70963,"HTR",805,"MAL",19,12,40,35,1099.557429,"2","S","1.11213276","28.19630743","25.35336467","7.042153687","-17.84106387",6480,336.652635876632,0.830694913864136,c(19.70963, -32.10174)
"1478",1478,"805_1_HTR","Salsola aphylla","AMARANTHACEAE",-31.81436,19.71423,"HTR",805,"MAL",1,30,90,60,4241.150082,"4","L","1.853212652","37.63948289","20.31039603","10.47124481","-14.81487004",6420,582.10830410945,5.15981960296631,c(19.71423, -31.81436)
"1479",1479,"805_20_HTR","Malephora crassa","AIZOACEAE",-32.10174,19.70963,"HTR",805,"MAL",20,15,45,45,1590.431281,"2","N","1.331619693","22.23010783","16.69403655","11.62247998","-19.93820773",6480,336.652635876632,0.830694913864136,c(19.70963, -32.10174)
"1480",1480,"805_21_HTR","NA","NA",-32.10174,19.70963,"HTR",805,"MAL",21,80,130,140,14294.24657,"4","N","0.63853754","43.94689693","68.82429643","4.032825029","-28.92659063",6480,336.652635876632,0.830694913864136,c(19.70963, -32.10174)
"1481",1481,"805_22_HTR","Pteronia oblanceolata","ASTERACEAE",-32.10174,19.70963,"HTR",805,"MAL",22,20,50,50,1963.495408,"4","N","1.135806038","43.33587874","38.15429509","6.539427857","-27.64644235",6480,336.652635876632,0.830694913864136,c(19.70963, -32.10174)
"1482",1482,"805_23_HTR","NA","NA",-32.09803,19.70766,"HTR",805,"MAL",23,90,90,80,5654.866776,"3","B","3.445410511","45.90353886","13.32309712","-0.85642774","-25.6198785",6390,337.622816383481,0.776126325130463,c(19.70766, -32.09803)
"1483",1483,"805_24_HTR","Salsola aphylla","AMARANTHACEAE",-31.97686,19.73605,"HTR",805,"MAL",24,150,230,200,36128.31552,"4","L","2.976399519","37.64519038","12.6478956","12.16059291","-14.71066725",5910,407.475812876615,9.45275497436523,c(19.73605, -31.97686)
"1484",1484,"805_25_HTR","Tylecodon wallichii","CRASSULACEAE",-31.97686,19.73605,"HTR",805,"MAL",25,60,60,60,2827.433388,"2","N","1.11254952","38.69141213","34.7772494","10.09274395","-14.77889227",5910,407.475812876615,9.45275497436523,c(19.73605, -31.97686)
"1485",1485,"805_26_HTR","Microloma sagittatum","APOCYNACEAE",-31.97686,19.73605,"HTR",805,"MAL",26,80,60,60,2827.433388,"3","L","3.074905897","42.27211105","13.74744869","10.45968385","-25.6735556",5910,407.475812876615,9.45275497436523,c(19.73605, -31.97686)
"1486",1486,"805_27_HTR","NA","NA",-31.97686,19.73605,"HTR",805,"MAL",27,50,100,70,5497.787144,"4","N","0.901740465","32.40030435","35.93085329","11.54673099","-23.33100578",5910,407.475812876615,9.45275497436523,c(19.73605, -31.97686)
"1487",1487,"805_28_HTR","Euphorbia mauritanica","EUPHORBIACEAE",-31.97686,19.73605,"HTR",805,"MAL",28,90,80,60,3769.911184,"3","N","2.156036364","44.10790602","20.45786739","6.633868152","-21.49281818",5910,407.475812876615,9.45275497436523,c(19.73605, -31.97686)
"1488",1488,"805_29_HTR","Asparagus ovatus","ASPARAGACEAE",-31.97686,19.73605,"HTR",805,"MAL",29,45,30,10,235.619449,"1","N","3.201964362","42.69985214","13.33551761","6.547297881","-26.47769938",5910,407.475812876615,9.45275497436523,c(19.73605, -31.97686)
"1489",1489,"805_2_HTR","Augea capensis","ZYGOPHYLLACEAE",-31.81436,19.71423,"HTR",805,"MAL",2,28,28,24,527.7875658,"3","N","0.661677199","19.53545107","29.52414123","4.102671497","-26.2862848",6420,582.10830410945,5.15981960296631,c(19.71423, -31.81436)
"1490",1490,"805_30_HTR","Othonna undulosa","ASTERACEAE",-31.97686,19.73605,"HTR",805,"MAL",30,22,4,3,9.424777961,"1","N","2.63722644","38.70761","14.67739342","8.558089161","-28.17612396",5910,407.475812876615,9.45275497436523,c(19.73605, -31.97686)
"1491",1491,"805_31_HTR","NA","NA",-31.97686,19.73605,"HTR",805,"MAL",31,50,60,45,2120.575041,"3","N","1.892391332","36.10610262","19.07961742","9.41592184","-27.0276365",5910,407.475812876615,9.45275497436523,c(19.73605, -31.97686)
"1492",1492,"805_32_HTR","Hoodia gordonii","APOCYNACEAE",-31.97686,19.73605,"HTR",805,"MAL",32,30,30,30,706.8583471,"1","N","0.846000818","41.52053229","49.07859591","9.682518922","-12.63810156",5910,407.475812876615,9.45275497436523,c(19.73605, -31.97686)
"1493",1493,"805_33_HTR","NA","NA",-31.87545,19.74766,"HTR",805,"MAL",33,60,110,80,6911.503838,"4","N","0.45693163","47.61979246","104.2164502","4.65988318","-18.31190969",6330,545.241444849185,6.40385103225708,c(19.74766, -31.87545)
"1494",1494,"805_34_HTR","NA","NA",-31.87545,19.74766,"HTR",805,"MAL",34,5,10,10,78.53981634,"2","L","1.97975447","39.11682616","19.75842295","7.220184983","-28.44552225",6330,545.241444849185,6.40385103225708,c(19.74766, -31.87545)
"1495",1495,"805_35_HTR","Galenia africana","AIZOACEAE",-31.87545,19.74766,"HTR",805,"MAL",35,50,70,65,3573.561643,"4","N","1.548927197","43.56167259","28.12377023","9.285082681","-25.31199473",6330,545.241444849185,6.40385103225708,c(19.74766, -31.87545)
"1496",1496,"805_3_HTR","Osteospermum sinuatum","ASTERACEAE",-31.81436,19.71423,"HTR",805,"MAL",3,35,70,55,3023.782929,"4","N","2.478805375","35.95119501","14.50343596","8.9514205","-27.8380892",6420,582.10830410945,5.15981960296631,c(19.71423, -31.81436)
"1497",1497,"805_4_HTR","Galenia fruticosa","AIZOACEAE",-31.81436,19.71423,"HTR",805,"MAL",4,24,70,60,3298.672286,"4","L","2.288081026","34.45536476","15.05862964","8.35937104","-25.02132816",6420,582.10830410945,5.15981960296631,c(19.71423, -31.81436)
"1498",1498,"805_5_HTR","NA","NA",-31.81436,19.71423,"HTR",805,"MAL",5,25,50,38,1492.25651,"4","N","0.70138936","32.36144298","46.13905603","9.361815421","-22.60889682",6420,582.10830410945,5.15981960296631,c(19.71423, -31.81436)
"1499",1499,"805_6_HTR","NA","NA",-31.81436,19.71423,"HTR",805,"MAL",6,75,80,45,2827.433388,"4","N","1.641022957","31.49854644","19.19445813","9.843854426","-22.55724527",6420,582.10830410945,5.15981960296631,c(19.71423, -31.81436)
"1500",1500,"805_7_HTR","Pteronia pallens","ASTERACEAE",-31.81436,19.71423,"HTR",805,"MAL",7,75,140,120,13194.68915,"4","N","1.396988761","42.72747677","30.58541197","6.579761733","-27.33754581",6420,582.10830410945,5.15981960296631,c(19.71423, -31.81436)
"1501",1501,"805_8_HTR","Pteronia glabrata","ASTERACEAE",-31.82153,19.68379,"HTR",805,"MAL",8,70,130,110,11231.19374,"4","N","2.180875976","34.45455107","15.79849173","6.916205283","-27.96850497",6270,547.181805862883,5.2202320098877,c(19.68379, -31.82153)
"1502",1502,"805_9_HTR","Ruschia intricata","AIZOACEAE",-31.82153,19.68379,"HTR",805,"MAL",9,25,55,50,2159.844949,"4","N","0.484993643","40.50746212","83.5216352","8.04555381","-25.01221318",6270,547.181805862883,5.2202320098877,c(19.68379, -31.82153)
"1503",1503,"813_10_HTR","Ruschia muelleri","AIZOACEAE",-31.30156,19.12392,"HTR",813,"MAL",10,50,110,70,6047.565858,"4","N","0.567597663","36.54086314","64.3781071","4.939969811","-25.31072902",6660,683.007076821755,7.34712362289429,c(19.12392, -31.30156)
"1504",1504,"813_11_HTR","Drosanthemum karrooense","AIZOACEAE",-31.30156,19.12392,"HTR",813,"MAL",11,40,80,80,5026.548246,"4","N","1.018447249","36.23263824","35.57635241","4.14870452","-24.63224334",6660,683.007076821755,7.34712362289429,c(19.12392, -31.30156)
"1505",1505,"813_12_HTR","Drosanthemum floribundum","AIZOACEAE",-31.30156,19.12392,"HTR",813,"MAL",12,5,30,25,589.0486225,"3","S","0.873553845","35.48509591","40.62153251","5.786075272","-25.12986612",6660,683.007076821755,7.34712362289429,c(19.12392, -31.30156)
"1506",1506,"813_13_HTR","Eriocephalus purpureus","ASTERACEAE",-31.30156,19.12392,"HTR",813,"MAL",13,30,70,50,2748.893572,"4","L","1.561928852","44.54733028","28.52071669","5.20241919","-28.67517864",6660,683.007076821755,7.34712362289429,c(19.12392, -31.30156)
"1507",1507,"813_14_HTR","Pteronia incana","ASTERACEAE",-31.30156,19.12392,"HTR",813,"MAL",14,90,100,100,7853.981634,"4","B","1.802371153","43.19024427","23.9630135","5.055525881","-28.97395216",6660,683.007076821755,7.34712362289429,c(19.12392, -31.30156)
"1508",1508,"813_15_HTR","Rhus undulata","ANACARDIACEAE",-31.32524,19.11265,"HTR",813,"MAL",15,200,370,290,84273.22293,"4","N","2.515955967","45.13920436","17.94117423","6.417716501","-24.48235696",6750,655.84202262998,9.61688041687012,c(19.11265, -31.32524)
"1509",1509,"813_16_HTR","Crassula muscosa","CRASSULACEAE",-31.32524,19.11265,"HTR",813,"MAL",16,25,50,50,1963.495408,"3","N","0.73230297","40.09184398","54.74761898","1.879692539","-20.75518229",6750,655.84202262998,9.61688041687012,c(19.11265, -31.32524)
"1510",1510,"813_17_HTR","Asparagus retrofractus","ASPARAGACEAE",-31.36163,19.13711,"HTR",813,"MAL",17,160,230,180,32515.48396,"4","N","3.038787765","48.10958868","15.83183572","3.903882338","-24.86606609",6750,751.88989280804,4.75756645202637,c(19.13711, -31.36163)
"1511",1511,"813_18_HTR","Bulbine succulenta","ASPHODELACEAE",-31.36163,19.13711,"HTR",813,"MAL",18,15,4,4,12.56637061,"0","N","2.594103691","37.08132081","14.29446361","4.984037804","-29.40462569",6750,751.88989280804,4.75756645202637,c(19.13711, -31.36163)
"1512",1512,"813_19_HTR","Didelta spinosa","ASTERACEAE",-31.36163,19.13711,"HTR",813,"MAL",19,100,120,120,11309.73355,"4","N","1.79100047","32.79837907","18.31288133","5.375753295","-28.31445209",6750,751.88989280804,4.75756645202637,c(19.13711, -31.36163)
"1513",1513,"813_1_HTR","Elytropappus rhinocerotis","ASTERACEAE",-31.34796,19.09214,"HTR",813,"MAL",1,110,220,210,36285.39515,"4","B","2.253794442","45.26735929","20.08495471","7.954220514","-26.5647784",6510,721.814297095718,3.03800368309021,c(19.09214, -31.34796)
"1514",1514,"813_2_HTR","Nylandtia spinosa","POLYGALACEAE",-31.34796,19.09214,"HTR",813,"MAL",2,80,150,100,11780.97245,"4","N","2.084405822","48.89978343","23.45981906","6.545024035","-25.63148587",6510,721.814297095718,3.03800368309021,c(19.09214, -31.34796)
"1515",1515,"813_3_HTR","Ehrharta calycina","POACEAE",-31.34796,19.09214,"HTR",813,"MAL",3,50,30,25,589.0486225,"1","N","3.141223428","42.26785438","13.45585736","7.815161514","-26.74963827",6510,721.814297095718,3.03800368309021,c(19.09214, -31.34796)
"1516",1516,"813_4_HTR","Pelargonium rapaceum","GERANIACEAE",-31.34796,19.09214,"HTR",813,"MAL",4,18,15,15,176.7145868,"1","B","3.090540895","43.70638434","14.14198544","7.51060272","-28.52828999",6510,721.814297095718,3.03800368309021,c(19.09214, -31.34796)
"1517",1517,"813_5_HTR","Crossyne guttata","AMARYLLIDACEAE",-31.34796,19.09214,"HTR",813,"MAL",5,8,40,35,1099.557429,"0","N","3.215758409","44.3313302","13.7856532","7.746611304","-24.64323501",6510,721.814297095718,3.03800368309021,c(19.09214, -31.34796)
"1518",1518,"813_6_HTR","Wiborgia sericea","FABACEAE",-31.34796,19.09214,"HTR",813,"MAL",6,110,110,90,7775.441818,"4","B","2.684278795","45.07667541","16.79284413","-1.545859429","-26.63972159",6510,721.814297095718,3.03800368309021,c(19.09214, -31.34796)
"1519",1519,"813_7_HTR","Hermannia cuneifolia","MALVACEAE",-31.34796,19.09214,"HTR",813,"MAL",7,30,90,70,4948.008429,"4","N","2.822957366","42.33699189","14.99738976","8.141264661","-28.07463388",6510,721.814297095718,3.03800368309021,c(19.09214, -31.34796)
"1520",1520,"813_8_HTR","Asparagus capensis","ASPARAGACEAE",-31.34796,19.09214,"HTR",813,"MAL",8,80,120,110,10367.25576,"4","L","3.033265858","50.36166548","16.60311619","7.059150617","-26.9334989",6510,721.814297095718,3.03800368309021,c(19.09214, -31.34796)
"1521",1521,"813_9_HTR","Cotula nudicaulis","ASTERACEAE",-31.34796,19.09214,"HTR",813,"MAL",9,5,3,1,2.35619449,"1","B","2.165678898","40.92237839","18.89586606","3.566027727","-31.12332286",6510,721.814297095718,3.03800368309021,c(19.09214, -31.34796)
"1522",1522,"820_10_HTR","NA","NA",-31.52885,19.18655,"HTR",820,"MAL",10,50,110,80,6911.503838,"4","S","1.617263343","41.71581027","25.79407395","8.269071158","-27.16420379",6450,695.619423410793,3.16865944862366,c(19.18655, -31.52885)
"1523",1523,"820_11_HTR","Oxalis flava","OXALIDACEAE",-31.52885,19.18655,"HTR",820,"MAL",11,6,9,5,35.34291735,"0","L","1.786342856","42.78900692","23.95341229","3.942141554","-27.56044434",6450,695.619423410793,3.16865944862366,c(19.18655, -31.52885)
"1524",1524,"820_12_HTR","Osteospermum acanthospermum","ASTERACEAE",-31.52885,19.18655,"HTR",820,"MAL",12,1,29,26,592.1902152,"1","B","2.166967797","35.14993369","16.2207919","6.027876259","-30.52981431",6450,695.619423410793,3.16865944862366,c(19.18655, -31.52885)
"1525",1525,"820_13_HTR","Arctotheca calendula","ASTERACEAE",-31.52885,19.18655,"HTR",820,"MAL",13,10,45,30,1060.287521,"1","B","NA","NA","NA","NA","NA",6450,695.619423410793,3.16865944862366,c(19.18655, -31.52885)
"1526",1526,"820_14_HTR","Ursinia cakilefolia","ASTERACEAE",-31.54364,19.18997,"HTR",820,"MAL",14,15,10,10,78.53981634,"1","N","2.014938903","43.86101085","21.76791107","6.530574079","-31.35421359",6450,686.887798849151,1.86290860176086,c(19.18997, -31.54364)
"1527",1527,"820_15_HTR","Eriocephalus purpureus","ASTERACEAE",-31.54364,19.18997,"HTR",820,"MAL",15,40,90,60,4241.150082,"4","B","2.150193359","45.46534573","21.14477079","6.473516401","-29.58894583",6450,686.887798849151,1.86290860176086,c(19.18997, -31.54364)
"1528",1528,"820_16_HTR","Cyphia digitata","CAMPANULACEAE",-31.54364,19.18997,"HTR",820,"MAL",16,80,5,10,39.26990817,"1","N","1.751635772","40.24572757","22.97608225","8.42607294","-27.817547",6450,686.887798849151,1.86290860176086,c(19.18997, -31.54364)
"1529",1529,"820_17_HTR","Trachyandra falcata","ASPHODELACEAE",-31.54364,19.18997,"HTR",820,"MAL",17,18,20,15,235.619449,"0","N","NA","NA","NA","NA","NA",6450,686.887798849151,1.86290860176086,c(19.18997, -31.54364)
"1530",1530,"820_18_HTR","NA","NA",-31.63583,19.2459,"HTR",820,"MAL",18,30,50,40,1570.796327,"2","B","3.231102974","40.82407413","12.63471776","10.20981057","-30.04773315",6540,659.722744657377,2.84007501602173,c(19.2459, -31.63583)
"1531",1531,"820_19_HTR","NA","NA",-31.63583,19.2459,"HTR",820,"MAL",19,45,50,50,1963.495408,"2","B","3.479297653","39.37118046","11.31584141","9.248683818","-28.30170812",6540,659.722744657377,2.84007501602173,c(19.2459, -31.63583)
"1532",1532,"820_1_HTR","NA","NA",-31.40889,19.1193,"HTR",820,"MAL",1,45,50,25,981.7477042,"0","N","2.749460661","41.60159958","15.1308219","4.324277966","-28.21076282",6420,712.112492027227,2.24151349067688,c(19.1193, -31.40889)
"1533",1533,"820_20_HTR","Cotula microglossa","ASTERACEAE",-31.63583,19.2459,"HTR",820,"MAL",20,10,30,30,706.8583471,"3","B","2.877131582","39.74482808","13.81404602","10.75937615","-31.13669182",6540,659.722744657377,2.84007501602173,c(19.2459, -31.63583)
"1534",1534,"820_21_HTR","Bulbine alooides","ASPHODELACEAE",-31.7029,19.28934,"HTR",820,"MAL",21,10,18,15,212.0575041,"0","L","NA","NA","NA","NA","NA",6630,726.665199629963,3.09565114974976,c(19.28934, -31.7029)
"1535",1535,"820_22_HTR","Pteronia paniculata","ASTERACEAE",-31.7029,19.28934,"HTR",820,"MAL",22,55,110,75,6479.534848,"4","S","1.302256907","45.50989763","34.94694279","8.500130384","-26.25274968",6630,726.665199629963,3.09565114974976,c(19.28934, -31.7029)
"1536",1536,"820_23_HTR","Oxalis pes-caprae","OXALIDACEAE",-31.7029,19.28934,"HTR",820,"MAL",23,8,14,8,87.9645943,"0","B","3.15774679","40.88984927","12.94905893","7.912607993","-29.71506539",6630,726.665199629963,3.09565114974976,c(19.28934, -31.7029)
"1537",1537,"820_24_HTR","Chlorophytum undulatum","AGAVACEAE",-31.7029,19.28934,"HTR",820,"MAL",24,5,5,3,11.78097245,"0","L","3.086188706","40.37675834","13.08304909","7.878047853","-28.7773969",6630,726.665199629963,3.09565114974976,c(19.28934, -31.7029)
"1538",1538,"820_25_HTR","Pteronia glomerata","ASTERACEAE",-31.7029,19.28934,"HTR",820,"MAL",25,40,100,95,7461.282552,"4","L","2.348927431","42.11564703","17.92973528","9.633702996","-27.78024191",6630,726.665199629963,3.09565114974976,c(19.28934, -31.7029)
"1539",1539,"820_26_HTR","NA","NA",-31.71964,19.30267,"HTR",820,"MAL",26,8,20,20,314.1592654,"4","L","0.892474118","34.64030139","38.8137882","7.980740842","-25.64881051",6360,686.887798849151,4.16812562942505,c(19.30267, -31.71964)
"1540",1540,"820_27_HTR","Senecio radicans","ASTERACEAE",-31.71964,19.30267,"HTR",820,"MAL",27,3,50,15,589.0486225,"1","N","NA","NA","NA","NA","NA",6360,686.887798849151,4.16812562942505,c(19.30267, -31.71964)
"1541",1541,"820_28_HTR","Eriocephalus namaquensis","ASTERACEAE",-31.57378,19.36055,"HTR",820,"MAL",28,50,60,45,2120.575041,"4","L","1.659273395","45.28408701","27.29151636","9.320686865","-26.63386655",6690,760.621517369681,5.24804449081421,c(19.36055, -31.57378)
"1542",1542,"820_29_HTR","Pteronia pallens","ASTERACEAE",-31.57378,19.36055,"HTR",820,"MAL",29,90,140,120,13194.68915,"4","N","2.726416844","43.20685009","15.84748502","8.607760536","-26.71755094",6690,760.621517369681,5.24804449081421,c(19.36055, -31.57378)
"1543",1543,"820_2_HTR","Senecio erosus","ASTERACEAE",-31.40889,19.1193,"HTR",820,"MAL",2,40,20,15,235.619449,"1","B","2.240448819","37.61176675","16.78760364","5.817353102","-29.5697031",6420,712.112492027227,2.24151349067688,c(19.1193, -31.40889)
"1544",1544,"820_30_HTR","Pteronia oblanceolata","ASTERACEAE",-31.57378,19.36055,"HTR",820,"MAL",30,35,70,50,2748.893572,"4","N","2.745798064","43.42333806","15.81446889","4.049548831","-28.56908086",6690,760.621517369681,5.24804449081421,c(19.36055, -31.57378)
"1545",1545,"820_3_HTR","Hesperantha pauciflora","IRIDACEAE",-31.40889,19.1193,"HTR",820,"MAL",3,10,6,2,9.424777961,"0","N","2.190143556","38.13071456","17.41014394","4.553362326","-30.1939821",6420,712.112492027227,2.24151349067688,c(19.1193, -31.40889)
"1546",1546,"820_4_HTR","NA","NA",-31.47063,19.17415,"HTR",820,"MAL",4,4,2,2,3.141592654,"1","B","2.984242787","38.16648374","12.78933601","8.959460414","-30.0872314",6450,676.215813273811,3.26794862747192,c(19.17415, -31.47063)
"1547",1547,"820_5_HTR","Othonna auriculifolia","ASTERACEAE",-31.47063,19.17415,"HTR",820,"MAL",5,5,15,10,117.8097245,"1","L","2.744239714","35.19602302","12.82541858","5.337281603","-29.02077875",6450,676.215813273811,3.26794862747192,c(19.17415, -31.47063)
"1548",1548,"820_6_HTR","Pelargonium praemorsum","GERANIACEAE",-31.50978,19.18085,"HTR",820,"MAL",6,30,30,10,235.619449,"2","B","2.948449738","43.53504215","14.76540081","3.609811208","-27.7851926",6570,727.635380136813,4.91840600967407,c(19.18085, -31.50978)
"1549",1549,"820_7_HTR","Pelargonium crithifolium","GERANIACEAE",-31.50978,19.18085,"HTR",820,"MAL",7,35,35,30,824.6680716,"2","B","2.732067672","40.82571594","14.94315692","4.890076839","-29.54870485",6570,727.635380136813,4.91840600967407,c(19.18085, -31.50978)
"1550",1550,"820_8_HTR","Othonna retrofracta","ASTERACEAE",-31.50978,19.18085,"HTR",820,"MAL",8,40,35,15,412.3340358,"3","N","2.823996245","37.85776182","13.40574085","3.041603033","-29.85017031",6570,727.635380136813,4.91840600967407,c(19.18085, -31.50978)
"1551",1551,"820_9_HTR","Pentaschistis eriostoma","POACEAE",-31.52885,19.18655,"HTR",820,"MAL",9,50,90,80,5654.866776,"0","N","1.685967153","43.71046127","25.92604559","5.841961855","-25.77484122",6450,695.619423410793,3.16865944862366,c(19.18655, -31.52885)
"1552",1552,"825_10_HTR","Galenia namaensis","AIZOACEAE",-32.4155,20.03822,"HTR",825,"NRS",10,30,100,80,6283.185307,"4","N","2.116953194","40.81774064","19.28136189","6.014808702","-23.3796435",6450,401.65472983552,6.07243537902832,c(20.03822, -32.4155)
"1553",1553,"825_11_HTR","Stipagrostis ciliata","POACEAE",-32.42049,19.99256,"HTR",825,"NRS",11,80,110,70,6047.565858,"1","N","1.123820262","44.14713098","39.28308865","6.758921876","-13.14154284",NA,NA,NA,c(19.99256, -32.42049)
"1554",1554,"825_12_HTR","NA","NA",-32.25925,20.08983,"HTR",825,"NRS",12,20,60,40,1884.955592,"4","N","0.819587","38.16299565","46.5636908","6.657541378","-22.77945671",NA,NA,NA,c(20.08983, -32.25925)
"1555",1555,"825_13_HTR","Gazania lichtensteinianum","ASTERACEAE",-32.25925,20.08983,"HTR",825,"NRS",13,2,2,2,3.141592654,"1","B","1.477622664","33.53986336","22.69853067","3.569865415","-25.91056361",NA,NA,NA,c(20.08983, -32.25925)
"1556",1556,"825_14_HTR","Pteronia villosa","ASTERACEAE",-32.15978,20.04802,"HTR",825,"NRS",14,30,40,40,1256.637061,"4","L","0.824071312","38.24970015","46.41552205","6.982352684","-24.39519134",NA,NA,NA,c(20.04802, -32.15978)
"1557",1557,"825_15_HTR","Leipoldtia schultzei","AIZOACEAE",-32.15978,20.04802,"HTR",825,"NRS",15,40,70,40,2199.114858,"4","N","2.293078302","33.68539928","14.69003446","7.614258316","-25.92646259",NA,NA,NA,c(20.04802, -32.15978)
"1558",1558,"825_16_HTR","Pelargonium oreophilum","GERANIACEAE",-32.12814,20.09584,"HTR",825,"NRS",16,50,110,90,7775.441818,"4","B","1.520272632","42.65794709","28.05940605","1.23122401","-27.48257602",NA,NA,NA,c(20.09584, -32.12814)
"1559",1559,"825_17_HTR","Felicia rogersii","ASTERACEAE",-32.12873,20.11606,"HTR",825,"NRS",17,45,40,30,942.4777961,"4","B","1.844023407","41.69385342","22.61026257","2.395623329","-28.59451147",NA,NA,NA,c(20.11606, -32.12873)
"1560",1560,"825_18_HTR","Pelargonium abrotanifolium","GERANIACEAE",-32.12873,20.11606,"HTR",825,"NRS",18,25,80,65,4084.07045,"4","N","2.200201547","48.06440708","21.84545645","2.11608875","-28.04301533",NA,NA,NA,c(20.11606, -32.12873)
"1561",1561,"825_1_HTR","Pteronia empetrifolia","ASTERACEAE",-32.40725,20.34531,"HTR",825,"NRS",1,18,50,45,1767.145868,"4","N","1.430819366","47.28663124","33.04863798","4.327758463","-27.08410764",7140,1198.17292595862,20.9344062805176,c(20.34531, -32.40725)
"1562",1562,"825_2_HTR","Eriocephalus namaquensis","ASTERACEAE",-32.40492,20.30408,"HTR",825,"NRS",2,35,65,55,2807.798434,"4","L","1.310254059","45.14066849","34.45184404","2.987173617","-27.16062152",6600,657.782383643678,8.81469345092773,c(20.30408, -32.40492)
"1563",1563,"825_3_HTR","Didelta spinosa","ASTERACEAE",-32.40492,20.30408,"HTR",825,"NRS",3,35,70,50,2748.893572,"4","N","1.745495721","30.05838763","17.22054501","5.836654622","-27.77173886",6600,657.782383643678,8.81469345092773,c(20.30408, -32.40492)
"1564",1564,"825_4_HTR","Hermannia spinosa","MALVACEAE",-32.40492,20.30408,"HTR",825,"NRS",4,15,25,20,392.6990817,"4","N","NA","NA","NA","NA","NA",6600,657.782383643678,8.81469345092773,c(20.30408, -32.40492)
"1565",1565,"825_5_HTR","Tylecodon reticulatus","CRASSULACEAE",-32.40492,20.30408,"HTR",825,"NRS",5,20,20,15,235.619449,"2","N","0.768301255","36.07722518","46.95713426","4.066925141","-15.98180379",6600,657.782383643678,8.81469345092773,c(20.30408, -32.40492)
"1566",1566,"825_6_HTR","Mesembryanthemum junceum","AIZOACEAE",-32.42867,20.25481,"HTR",825,"NRS",6,20,50,40,1570.796327,"3","N","1.823806928","31.2492148","17.13405861","9.601512945","-17.93253247",6300,519.04657116426,2.81600165367126,c(20.25481, -32.42867)
"1567",1567,"825_7_HTR","Salsola aphylla","AMARANTHACEAE",-32.42867,20.25481,"HTR",825,"NRS",7,30,80,70,4398.229715,"4","L","2.287255801","37.83620169","16.54218198","10.39779278","-14.62317864",6300,519.04657116426,2.81600165367126,c(20.25481, -32.42867)
"1568",1568,"825_8_HTR","Galenia fruticosa","AIZOACEAE",-32.47664,20.23347,"HTR",825,"NRS",8,40,70,40,2199.114858,"4","B","2.240424411","34.56871278","15.42953764","4.89863894","-24.67739837",6480,476.3586288629,3.81821036338806,c(20.23347, -32.47664)
"1569",1569,"825_9_HTR","Crassula rupestris","CRASSULACEAE",-32.49936,20.21444,"HTR",825,"NRS",9,15,45,20,706.8583471,"3","N","0.704133675","42.03560174","59.69832609","6.215601146","-18.58981328",6630,476.3586288629,4.97035789489746,c(20.21444, -32.49936)
"1570",1570,"730_10_HTR","NA","NA",-31.4129,19.7756,"HTR",730,"RDG",10,20,20,15,235.619449,"2","N","1.895507373","35.77330538","18.87268068","0.026971339","-29.81084873",6270,1083.69162615043,20.913293838501,c(19.7756, -31.4129)
"1571",1571,"730_11_HTR","Ehrharta melicoides","POACEAE",-31.4129,19.7756,"HTR",730,"RDG",11,15,50,30,1178.097245,"1","L","2.579605249","38.03660855","14.7451276","1.990974758","-27.66227716",6270,1083.69162615043,20.913293838501,c(19.7756, -31.4129)
"1572",1572,"730_12_HTR","Pentzia incana","ASTERACEAE",-31.4129,19.7756,"HTR",730,"RDG",12,30,60,30,1413.716694,"3","B","1.759275882","45.08098666","25.62473977","1.307671407","-29.79370855",6270,1083.69162615043,20.913293838501,c(19.7756, -31.4129)
"1573",1573,"730_13_HTR","Drimia physodes","HYACINTHACEAE",-31.4129,19.7756,"HTR",730,"RDG",13,6,8,8,50.26548246,"0","N","3.104766022","44.49295625","14.33053439","0.271854621","-28.47391494",6270,1083.69162615043,20.913293838501,c(19.7756, -31.4129)
"1574",1574,"730_14_HTR","Eriocephalus microphyllus","ASTERACEAE",-31.4129,19.7756,"HTR",730,"RDG",14,50,60,50,2356.19449,"4","B","1.894606593","45.27287519","23.89566011","-0.340353584","-28.22185352",6270,1083.69162615043,20.913293838501,c(19.7756, -31.4129)
"1575",1575,"730_15_HTR","Euryops multifidus","ASTERACEAE",-31.4129,19.7756,"HTR",730,"RDG",15,50,120,110,10367.25576,"4","N","2.147746328","42.40111282","19.74214192","0.922572697","-30.09719051",6270,1083.69162615043,20.913293838501,c(19.7756, -31.4129)
"1576",1576,"730_16_HTR","Polygala ephedroides","POLYGALACEAE",-31.4129,19.7756,"HTR",730,"RDG",16,150,130,100,10210.17612,"3","N","0.754059742","49.36752265","65.46898064","1.363955065","-27.84779437",6270,1083.69162615043,20.913293838501,c(19.7756, -31.4129)
"1577",1577,"730_17_HTR","Ruschia cradockensis","AIZOACEAE",-31.43354,19.78454,"HTR",730,"RDG",17,40,75,70,4123.340358,"4","N","1.131485788","38.72719474","34.22685035","5.527958291","-26.32635162",6300,1011.89826864359,9.29889106750488,c(19.78454, -31.43354)
"1578",1578,"730_18_HTR","Trachyandra falcata","ASPHODELACEAE",-31.43354,19.78454,"HTR",730,"RDG",18,12,22,5,86.39379797,"0","N","2.77539331","35.61884119","12.83379947","2.461980103","-28.7421083",6300,1011.89826864359,9.29889106750488,c(19.78454, -31.43354)
"1579",1579,"730_19_HTR","Moraea ciliata","IRIDACEAE",-31.43354,19.78454,"HTR",730,"RDG",19,1.5,5,2,7.853981634,"0","L","3.353706165","42.30639276","12.61481796","4.023111026","-29.0465985",6300,1011.89826864359,9.29889106750488,c(19.78454, -31.43354)
"1580",1580,"730_1_HTR","Euchlora hirsuta","FABACEAE",-31.4129,19.7756,"HTR",730,"RDG",1,3,95,90,6715.154297,"2","B","3.401072161","37.68579394","11.08056288","-1.825452197","-26.85971359",6270,1083.69162615043,20.913293838501,c(19.7756, -31.4129)
"1581",1581,"730_20_HTR","Erodium cicutarium","GERANIACEAE",-31.43354,19.78454,"HTR",730,"RDG",20,1,10,9,70.68583471,"0","L","3.505889279","35.98512893","10.26419435","7.305336951","-27.31039941",6300,1011.89826864359,9.29889106750488,c(19.78454, -31.43354)
"1582",1582,"730_21_HTR","Amphiglossa triflora","ASTERACEAE",-31.43354,19.78454,"HTR",730,"RDG",21,20,30,25,589.0486225,"4","B","1.470451108","52.17983306","35.48559539","4.966109148","-27.18638519",6300,1011.89826864359,9.29889106750488,c(19.78454, -31.43354)
"1583",1583,"730_22_HTR","Crassula muscosa","CRASSULACEAE",-31.43354,19.78454,"HTR",730,"RDG",22,25,10,10,78.53981634,"2","N","1.193925955","48.32937007","40.47936965","4.698514917","-27.88913244",6300,1011.89826864359,9.29889106750488,c(19.78454, -31.43354)
"1584",1584,"730_23_HTR","Elytropappus rhinocerotis","ASTERACEAE",-31.43354,19.78454,"HTR",730,"RDG",23,140,160,150,18849.55592,"4","B","1.03506529","48.82360376","47.16958846","2.157850866","-29.97015155",6300,1011.89826864359,9.29889106750488,c(19.78454, -31.43354)
"1585",1585,"730_24_HTR","Gnidia scabra","THYMELAEACEAE",-31.43354,19.78454,"HTR",730,"RDG",24,100,160,130,16336.2818,"3","L","0.829950488","39.45886785","47.54364076","1.521944279","-19.89777707",6300,1011.89826864359,9.29889106750488,c(19.78454, -31.43354)
"1586",1586,"730_25_HTR","Salvia disermas","LAMIACEAE",-31.43354,19.78454,"HTR",730,"RDG",25,60,110,100,8639.379797,"3","B","2.680260229","44.83420935","16.72755834","5.314672852","-26.6923448",6300,1011.89826864359,9.29889106750488,c(19.78454, -31.43354)
"1587",1587,"730_26_HTR","Androcymbium volutare","COLCHICACEAE",-31.43354,19.78454,"HTR",730,"RDG",26,3,6,5,23.5619449,"0","N","2.853803454","37.85342782","13.26420282","3.913506009","-28.9054441",6300,1011.89826864359,9.29889106750488,c(19.78454, -31.43354)
"1588",1588,"730_27_HTR","Aloe microstigma","ASPHODELACEAE",-31.43354,19.78454,"HTR",730,"RDG",27,55,130,90,9189.158512,"0","N","0.874558568","41.97798131","47.999051","5.45488828","-14.52391939",6300,1011.89826864359,9.29889106750488,c(19.78454, -31.43354)
"1589",1589,"730_28_HTR","Rosenia glandulosa","ASTERACEAE",-31.43354,19.78454,"HTR",730,"RDG",28,40,80,55,3455.751919,"4","B","1.871336996","45.23107092","24.17045728","2.722934539","-29.5669399",6300,1011.89826864359,9.29889106750488,c(19.78454, -31.43354)
"1590",1590,"730_29_HTR","Drosanthemum karrooense","AIZOACEAE",-31.43354,19.78454,"HTR",730,"RDG",29,35,40,35,1099.557429,"3","N","1.62927524","35.67487693","21.89616343","5.091405915","-25.63521342",6300,1011.89826864359,9.29889106750488,c(19.78454, -31.43354)
"1591",1591,"730_2_HTR","Moraea pritzeliana","IRIDACEAE",-31.4129,19.7756,"HTR",730,"RDG",2,3,15,5,58.90486225,"0","N","2.265386293","42.95986036","18.96359155","1.230651665","-28.39930476",6270,1083.69162615043,20.913293838501,c(19.7756, -31.4129)
"1592",1592,"730_30_HTR","Lycium cinereum","SOLANACEAE",-31.43354,19.78454,"HTR",730,"RDG",30,85,110,100,8639.379797,"4","S","3.797217864","42.35329276","11.15376949","7.233327856","-27.33423356",6300,1011.89826864359,9.29889106750488,c(19.78454, -31.43354)
"1593",1593,"730_3_HTR","Lapeirousia falcata","IRIDACEAE",-31.4129,19.7756,"HTR",730,"RDG",3,2,5,1,3.926990817,"0","N","2.543454064","40.29193074","15.84142262","0.122752301","-30.35227667",6270,1083.69162615043,20.913293838501,c(19.7756, -31.4129)
"1594",1594,"730_4_HTR","Moraea amabilis","IRIDACEAE",-31.4129,19.7756,"HTR",730,"RDG",4,32,3,3,7.068583471,"0","N","2.447295432","43.98309636","17.97212375","1.374816823","-28.576756",6270,1083.69162615043,20.913293838501,c(19.7756, -31.4129)
"1595",1595,"730_5_HTR","Ornithoglossum parviflorum","COLCHICACEAE",-31.4129,19.7756,"HTR",730,"RDG",5,2,9,1,7.068583471,"0","N","2.627839264","44.57827948","16.96385319","0.594745078","-29.13431587",6270,1083.69162615043,20.913293838501,c(19.7756, -31.4129)
"1596",1596,"730_6_HTR","Eriospermum capense","CONVALLARIACEAE",-31.4129,19.7756,"HTR",730,"RDG",6,2,5,5,19.63495408,"0","N","2.618890796","40.60499097","15.50465221","0.860364444","-26.05210879",6270,1083.69162615043,20.913293838501,c(19.7756, -31.4129)
"1597",1597,"730_7_HTR","Polygala scabra","POLYGALACEAE",-31.4129,19.7756,"HTR",730,"RDG",7,45,60,50,2356.19449,"4","B","1.715187087","47.01017104","27.40818853","-0.9377503","-29.44687204",6270,1083.69162615043,20.913293838501,c(19.7756, -31.4129)
"1598",1598,"730_8_HTR","Gnidia meyeri","THYMELAEACEAE",-31.4129,19.7756,"HTR",730,"RDG",8,90,120,100,9424.777961,"3","N","NA","NA","NA","NA","NA",6270,1083.69162615043,20.913293838501,c(19.7756, -31.4129)
"1599",1599,"730_9_HTR","Oxalis flava","OXALIDACEAE",-31.4129,19.7756,"HTR",730,"RDG",9,10,4,1,3.141592654,"0","N","1.630432228","45.13440135","27.6824762","-0.629671332","-27.72176366",6270,1083.69162615043,20.913293838501,c(19.7756, -31.4129)
"1600",1600,"804_10_HTR","Senecio abbreviatus","ASTERACEAE",-31.65156,19.79585,"HTR",804,"RDG",10,8,20,10,157.0796327,"2","N","1.038694691","37.2819365","35.89306542","3.139740138","-27.44490536",6510,1117.64794389014,10.1675357818604,c(19.79585, -31.65156)
"1601",1601,"804_11_HTR","Felicia macrorrhiza","ASTERACEAE",-31.65156,19.79585,"HTR",804,"RDG",11,15,30,20,471.238898,"2","L","3.256898066","40.84203484","12.54016368","3.72589407","-27.16436119",6510,1117.64794389014,10.1675357818604,c(19.79585, -31.65156)
"1602",1602,"804_12_HTR","Oedera sedifolia","ASTERACEAE",-31.65156,19.79585,"HTR",804,"RDG",12,35,70,50,2748.893572,"4","N","1.110057199","45.83780146","41.29318877","4.156777916","-26.59518134",6510,1117.64794389014,10.1675357818604,c(19.79585, -31.65156)
"1603",1603,"804_13_HTR","Dimorphotheca cuneata","ASTERACEAE",-31.66165,19.80307,"HTR",804,"RDG",13,40,90,60,4241.150082,"4","B","NA","NA","NA","NA","NA",6750,1203.99400899971,19.1226921081543,c(19.80307, -31.66165)
"1604",1604,"804_14_HTR","Selago subspinosa","SCROPHULARIACEAE",-31.66165,19.80307,"HTR",804,"RDG",14,25,40,35,1099.557429,"2","L","2.511465852","43.12208981","17.17008805","1.676834342","-28.89061212",6750,1203.99400899971,19.1226921081543,c(19.80307, -31.66165)
"1605",1605,"804_15_HTR","Chrysocoma ciliata","ASTERACEAE",-31.66165,19.80307,"HTR",804,"RDG",15,35,30,25,589.0486225,"2","N","1.440511824","48.57885685","33.72333086","2.49566216","-28.21110978",6750,1203.99400899971,19.1226921081543,c(19.80307, -31.66165)
"1606",1606,"804_16_HTR","Pelargonium articulatum","GERANIACEAE",-31.66165,19.80307,"HTR",804,"RDG",16,7,6,4,18.84955592,"0","L","2.882587111","40.36825165","14.00417406","1.183540511","-32.08749927",6750,1203.99400899971,19.1226921081543,c(19.80307, -31.66165)
"1607",1607,"804_17_HTR","Oedera genistifolia","ASTERACEAE",-31.66165,19.80403,"HTR",804,"RDG",17,90,120,80,7539.822369,"4","N","0.829911349","47.27516581","56.96411534","-0.127582567","-26.85109693",6810,1189.44130139698,20.0290489196777,c(19.80403, -31.66165)
"1608",1608,"804_18_HTR","Pentaschistis eriostoma","POACEAE",-31.72961,19.85278,"HTR",804,"RDG",18,55,110,90,7775.441818,"0","N","0.796298293","42.3457299","53.17822513","0.274841348","-25.03640224",6600,1162.2762472052,10.13782787323,c(19.85278, -31.72961)
"1609",1609,"804_19_HTR","Helichrysum asperum","ASTERACEAE",-31.72961,19.85278,"HTR",804,"RDG",19,25,15,10,117.8097245,"2","L","2.321132974","43.40400367","18.69949036","2.192096725","-32.21452789",6600,1162.2762472052,10.13782787323,c(19.85278, -31.72961)
"1610",1610,"804_1_HTR","NA","NA",-31.52175,19.73231,"HTR",804,"RDG",1,40,80,50,3141.592654,"4","N","2.240231439","33.1492542","14.79724533","9.355912902","-23.26922647",6630,984.73321445182,4.77634525299072,c(19.73231, -31.52175)
"1611",1611,"804_20_HTR","Osteospermum scariosum","ASTERACEAE",-31.72961,19.85278,"HTR",804,"RDG",20,25,45,30,1060.287521,"2","L","2.125369351","38.91007929","18.30744349","2.188102443","-29.31202456",6600,1162.2762472052,10.13782787323,c(19.85278, -31.72961)
"1612",1612,"804_21_HTR","NA","NA",-31.72961,19.85278,"HTR",804,"RDG",21,30,40,30,942.4777961,"3","B","2.554661265","45.13071524","17.66602714","2.846160408","-30.87367015",6600,1162.2762472052,10.13782787323,c(19.85278, -31.72961)
"1613",1613,"804_22_HTR","Pteronia glomerata","ASTERACEAE",-31.68753,19.89299,"HTR",804,"RDG",22,40,50,35,1374.446786,"4","L","1.540817102","44.85817974","29.11324107","6.150430223","-28.02459949",6570,1237.95032673943,6.51148653030396,c(19.89299, -31.68753)
"1614",1614,"804_23_HTR","Pelargonium monoliforme","GERANIACEAE",-31.68753,19.89299,"HTR",804,"RDG",23,1,3,2,4.71238898,"0","L","2.425302311","41.06845624","16.93333489","4.231177704","-28.35527719",6570,1237.95032673943,6.51148653030396,c(19.89299, -31.68753)
"1615",1615,"804_24_HTR","Cheiridopsis namaquensis","AIZOACEAE",-31.68753,19.89299,"HTR",804,"RDG",24,6,19,8,119.3805208,"0","N","1.074172384","37.30687591","34.73080901","3.125760151","-27.0436562",6570,1237.95032673943,6.51148653030396,c(19.89299, -31.68753)
"1616",1616,"804_25_HTR","NA","NA",-31.6641,19.89299,"HTR",804,"RDG",25,25,35,20,549.7787144,"2","N","0.750950672","44.95678778","59.86649917","2.761281915","-19.66790248",6270,1204.96418950656,7.74146604537964,c(19.89299, -31.6641)
"1617",1617,"804_26_HTR","NA","NA",-31.6641,19.8299,"HTR",804,"RDG",26,10,4,3,9.424777961,"0","B","2.983472384","42.00483392","14.07917638","3.16270726","-27.93386476",6360,1458.18130179417,10.0074577331543,c(19.8299, -31.6641)
"1618",1618,"804_2_HTR","Osteospermum sinuatum","ASTERACEAE",-31.52175,19.73231,"HTR",804,"RDG",2,30,40,25,785.3981634,"3","L","3.002045858","34.98176853","11.65264296","7.492684584","-27.50566655",6630,984.73321445182,4.77634525299072,c(19.73231, -31.52175)
"1619",1619,"804_3_HTR","Mesembryanthemum vaginatus","AIZOACEAE",-31.52175,19.73231,"HTR",804,"RDG",3,15,60,45,2120.575041,"4","B","2.368597376","29.46741246","12.44087018","6.467613883","-18.2113487",6630,984.73321445182,4.77634525299072,c(19.73231, -31.52175)
"1620",1620,"804_4_HTR","Eriocephalus decussatus","ASTERACEAE",-31.58023,19.73353,"HTR",804,"RDG",4,40,70,60,3298.672286,"4","B","1.89184957","46.05232137","24.34248584","5.853751966","-28.0626931",6510,1031.30187878058,2.95639061927795,c(19.73353, -31.58023)
"1621",1621,"804_5_HTR","NA","NA",-31.58023,19.73353,"HTR",804,"RDG",5,25,40,30,942.4777961,"0","N","3.723562405","41.54577518","11.15753428","3.471102025","-28.63086017",6510,1031.30187878058,2.95639061927795,c(19.73353, -31.58023)
"1622",1622,"804_6_HTR","Pteronia flexicaulis","ASTERACEAE",-31.65156,19.79585,"HTR",804,"RDG",6,35,60,40,1884.955592,"4","N","1.312791571","45.91233308","34.97305596","3.903953377","-26.33489803",6510,1117.64794389014,10.1675357818604,c(19.79585, -31.65156)
"1623",1623,"804_7_HTR","Eriocephalus purpureus","ASTERACEAE",-31.65156,19.79585,"HTR",804,"RDG",7,45,60,40,1884.955592,"3","L","1.753843379","45.25268805","25.80201208","3.916742166","-28.85063246",6510,1117.64794389014,10.1675357818604,c(19.79585, -31.65156)
"1624",1624,"804_8_HTR","Euryops multifidus","ASTERACEAE",-31.65156,19.79585,"HTR",804,"RDG",8,75,65,50,2552.544031,"4","N","1.849046279","42.10902223","22.77337388","2.96348544","-29.33068807",6510,1117.64794389014,10.1675357818604,c(19.79585, -31.65156)
"1625",1625,"804_9_HTR","Ursinia pilifera","ASTERACEAE",-31.65156,19.79585,"HTR",804,"RDG",9,20,30,40,942.4777961,"1","B","2.086865793","40.58677988","19.44867754","1.712151532","-28.72302275",6510,1117.64794389014,10.1675357818604,c(19.79585, -31.65156)
"1626",1626,"814_10_HTR","Poa bulbosa","POACEAE",-31.38322,19.20076,"HTR",814,"RDG",10,10,6,5,23.5619449,"0","N","2.989436261","41.56284941","13.90323987","6.355571383","-28.89651574",6690,733.456463177907,1.16534411907196,c(19.20076, -31.38322)
"1627",1627,"814_11_HTR","Pentzia incana","ASTERACEAE",-31.38322,19.20076,"HTR",814,"RDG",11,65,110,95,8207.410808,"4","B","3.739502119","45.07388899","12.05344657","6.144713683","-27.48219627",6690,733.456463177907,1.16534411907196,c(19.20076, -31.38322)
"1628",1628,"814_12_HTR","Senecio cardaminifolius","ASTERACEAE",-31.38322,19.20076,"HTR",814,"RDG",12,30,10,10,78.53981634,"1","L","3.829934276","39.26038215","10.25092843","9.010416938","-30.65268009",6690,733.456463177907,1.16534411907196,c(19.20076, -31.38322)
"1629",1629,"814_13_HTR","Lycium cinereum","SOLANACEAE",-31.38322,19.20076,"HTR",814,"RDG",13,90,70,30,1649.336143,"2","N","4.241533755","39.17702859","9.236524063","12.47534836","-27.29545712",6690,733.456463177907,1.16534411907196,c(19.20076, -31.38322)
"1630",1630,"814_14_HTR","Nemesia leipoldtii","SCROPHULARIACEAE",-31.38322,19.20076,"HTR",814,"RDG",14,20,4,2,6.283185307,"1","S","4.416065741","42.53630872","9.632172891","8.447475915","-29.73531126",6690,733.456463177907,1.16534411907196,c(19.20076, -31.38322)
"1631",1631,"814_15_HTR","Mesembryanthemum junceum","AIZOACEAE",-31.38322,19.20076,"HTR",814,"RDG",15,45,40,20,628.3185307,"1","N","2.076108059","31.42463403","15.13631908","7.268634261","-23.87598777",6690,733.456463177907,1.16534411907196,c(19.20076, -31.38322)
"1632",1632,"814_16_HTR","Brunsvigia bosmaniae","AMARYLLIDACEAE",-31.38322,19.20076,"HTR",814,"RDG",16,1,35,30,824.6680716,"0","N","2.591385593","40.02957089","15.44716888","4.636345576","-26.70972886",6690,733.456463177907,1.16534411907196,c(19.20076, -31.38322)
"1633",1633,"814_17_HTR","Antimima gracillima","AIZOACEAE",-31.38322,19.20076,"HTR",814,"RDG",17,30,30,20,471.238898,"4","N","1.772881951","34.01851465","19.18825708","4.424507143","-25.58521223",6690,733.456463177907,1.16534411907196,c(19.20076, -31.38322)
"1634",1634,"814_18_HTR","Atriplex semibaccata","AMARANTHACEAE",-31.38322,19.20076,"HTR",814,"RDG",18,10,30,25,589.0486225,"3","N","3.6894482","37.26576331","10.10063329","8.855461047","-15.21398957",6690,733.456463177907,1.16534411907196,c(19.20076, -31.38322)
"1635",1635,"814_19_HTR","Mesembryanthemum emarcidum","AIZOACEAE",-31.37763,19.2208,"HTR",814,"RDG",19,10,20,15,235.619449,"3","N","1.327228039","29.86234441","22.49978416","5.46388928","-21.57855814",6570,731.516102164209,1.98135805130005,c(19.2208, -31.37763)
"1636",1636,"814_1_HTR","Euchlora hirsuta","FABACEAE",-31.38625,19.18434,"HTR",814,"RDG",1,4,40,25,785.3981634,"0","B","4.424410259","42.96356116","9.710573532","0.105356856","-28.13935481",6660,735.396824191605,1.46457469463348,c(19.18434, -31.38625)
"1637",1637,"814_20_HTR","Othonna undulosa","ASTERACEAE",-31.37763,19.2208,"HTR",814,"RDG",20,30,10,5,39.26990817,"0","N","1.971257935","33.54419601","17.01664476","3.191939433","-31.68189944",6570,731.516102164209,1.98135805130005,c(19.2208, -31.37763)
"1638",1638,"814_21_HTR","Eriocephalus pauperrimus","ASTERACEAE",-31.37763,19.2208,"HTR",814,"RDG",21,50,85,60,4005.530633,"4","N","1.730102651","46.64213534","26.95917223","4.805807256","-29.96919773",6570,731.516102164209,1.98135805130005,c(19.2208, -31.37763)
"1639",1639,"814_22_HTR","NA","NA",-31.37763,19.2208,"HTR",814,"RDG",22,70,80,70,4398.229715,"4","N","1.877751017","43.08901234","22.94713833","4.445102546","-28.89957703",6570,731.516102164209,1.98135805130005,c(19.2208, -31.37763)
"1640",1640,"814_23_HTR","Ruschia muelleri","AIZOACEAE",-31.35925,19.26746,"HTR",814,"RDG",23,60,80,60,3769.911184,"4","N","0.615078812","33.57974086","54.59420842","8.097196668","-23.76590006",6660,675.245632766962,3.61453723907471,c(19.26746, -31.35925)
"1641",1641,"814_24_HTR","Lampranthus watermeyeri","AIZOACEAE",-31.35925,19.26746,"HTR",814,"RDG",24,20,40,30,942.4777961,"2","N","0.584003518","35.02483965","59.97367921","4.835185918","-23.0974068",6660,675.245632766962,3.61453723907471,c(19.26746, -31.35925)
"1642",1642,"814_25_HTR","Leipoldtia schultzei","AIZOACEAE",-31.35925,19.26746,"HTR",814,"RDG",25,15,55,35,1511.891465,"4","N","3.149384975","32.01282421","10.16478597","11.26806543","-28.26384758",6660,675.245632766962,3.61453723907471,c(19.26746, -31.35925)
"1643",1643,"814_26_HTR","NA","NA",-31.24257,19.31536,"HTR",814,"RDG",26,80,140,120,13194.68915,"4","N","0.589153392","39.04367198","66.27080912","5.764189089","-24.39844922",6450,424.939061999898,4.19792175292969,c(19.31536, -31.24257)
"1644",1644,"814_27_HTR","Eriocephalus namaquensis","ASTERACEAE",-31.24257,19.31536,"HTR",814,"RDG",27,50,50,40,1570.796327,"4","N","1.644836747","45.25062944","27.51071164","6.41931906","-28.29139926",6450,424.939061999898,4.19792175292969,c(19.31536, -31.24257)
"1645",1645,"814_28_HTR","Galenia filiformis","AIZOACEAE",-31.30713,19.36997,"HTR",814,"RDG",28,5,30,20,471.238898,"3","B","2.009679214","35.6502648","17.73928125","5.866185372","-24.79131573",6450,565.615235493016,4.79015350341797,c(19.36997, -31.30713)
"1646",1646,"814_29_HTR","Dimorphotheca pinnata","ASTERACEAE",-31.30713,19.36997,"HTR",814,"RDG",29,7,5,5,19.63495408,"1","B","2.789110698","34.01096946","12.19419849","8.698543689","-29.66388099",6450,565.615235493016,4.79015350341797,c(19.36997, -31.30713)
"1647",1647,"814_2_HTR","Berkheya glabrata","ASTERACEAE",-31.38625,19.18434,"HTR",814,"RDG",2,25,45,30,1060.287521,"0","B","2.585262663","31.67770975","12.25318812","5.830878966","-28.40364683",6660,735.396824191605,1.46457469463348,c(19.18434, -31.38625)
"1648",1648,"814_30_HTR","Drosanthemum floribundum","AIZOACEAE",-31.30713,19.36997,"HTR",814,"RDG",30,7,25,15,294.5243113,"2","B","3.047836102","34.28700882","11.24962356","6.209442093","-29.09447964",6450,565.615235493016,4.79015350341797,c(19.36997, -31.30713)
"1649",1649,"814_31_HTR","Gazania lichtensteinianum","ASTERACEAE",-31.30713,19.36997,"HTR",814,"RDG",31,5,8,6,37.69911184,"1","B","0.996532247","33.69122155","33.80846094","7.787442277","-23.42291573",6450,565.615235493016,4.79015350341797,c(19.36997, -31.30713)
"1650",1650,"814_32_HTR","Osteospermum sinuatum","ASTERACEAE",-31.30713,19.36997,"HTR",814,"RDG",32,30,45,40,1413.716694,"4","N","2.989349645","33.29690788","11.13851233","6.609581357","-28.03118897",6450,565.615235493016,4.79015350341797,c(19.36997, -31.30713)
"1651",1651,"814_33_HTR","Salsola zeyheri","AMARANTHACEAE",-31.30713,19.36997,"HTR",814,"RDG",33,40,70,55,3023.782929,"4","L","1.439267621","37.66049301","26.1664283","9.613568034","-14.56088864",6450,565.615235493016,4.79015350341797,c(19.36997, -31.30713)
"1652",1652,"814_34_HTR","Tetragonia sarcophylla","AIZOACEAE",-31.30713,19.36997,"HTR",814,"RDG",34,40,60,40,1884.955592,"4","L","2.923733889","35.11929097","12.01179461","9.518436886","-24.05456346",6450,565.615235493016,4.79015350341797,c(19.36997, -31.30713)
"1653",1653,"814_35_HTR","Felicia macrorrhiza","ASTERACEAE",-31.30713,19.36997,"HTR",814,"RDG",35,10,15,10,117.8097245,"2","B","2.849916692","40.58037183","14.23914318","3.843912917","-27.34545832",6450,565.615235493016,4.79015350341797,c(19.36997, -31.30713)
"1654",1654,"814_36_HTR","Mesembryanthemum nitidum","AIZOACEAE",-31.30713,19.36997,"HTR",814,"RDG",36,15,45,35,1237.002107,"2","N","2.001748899","39.81439905","22.2492816","5.669079916","-23.29449891",6450,565.615235493016,4.79015350341797,c(19.36997, -31.30713)
"1655",1655,"814_3_HTR","Heliophila collina","BRASSICACEAE",-31.38625,19.18434,"HTR",814,"RDG",3,4,4,3,9.424777961,"0","L","3.365840271","37.80474832","11.23189019","10.51584284","-30.02817539",6660,735.396824191605,1.46457469463348,c(19.18434, -31.38625)
"1656",1656,"814_4_HTR","Dimorphotheca pluvialis","ASTERACEAE",-31.38625,19.18434,"HTR",814,"RDG",4,10,5,3,11.78097245,"0","B","3.065458725","35.690235","11.6427061","6.154521018","-29.35877167",6660,735.396824191605,1.46457469463348,c(19.18434, -31.38625)
"1657",1657,"814_5_HTR","Arctotheca calendula","ASTERACEAE",-31.38625,19.18434,"HTR",814,"RDG",5,10,30,25,589.0486225,"1","B","2.78442382","34.70421732","12.4636979","7.911014697","-28.68120448",6660,735.396824191605,1.46457469463348,c(19.18434, -31.38625)
"1658",1658,"814_6_HTR","Arctotis acaulis","ASTERACEAE",-31.38625,19.18434,"HTR",814,"RDG",6,10,40,30,942.4777961,"1","B","3.507154418","37.29844456","10.63495932","5.902472511","-28.79651335",6660,735.396824191605,1.46457469463348,c(19.18434, -31.38625)
"1659",1659,"814_7_HTR","Ruschia cradockensis","AIZOACEAE",-31.38322,19.20076,"HTR",814,"RDG",7,30,70,50,2748.893572,"4","N","1.142200111","38.41017332","33.62823462","6.175116421","-24.7147833",6690,733.456463177907,1.16534411907196,c(19.20076, -31.38322)
"1660",1660,"814_8_HTR","Babiana pauciflora","IRIDACEAE",-31.38322,19.20076,"HTR",814,"RDG",8,4,5,4,15.70796327,"0","L","1.586799507","14.38804359","9.067335557","0.740872157","-29.82510932",6690,733.456463177907,1.16534411907196,c(19.20076, -31.38322)
"1661",1661,"814_9_HTR","Romulea tortuosa","IRIDACEAE",-31.38322,19.20076,"HTR",814,"RDG",9,6,7,1,5.497787144,"0","N","2.805613906","45.17176223","16.10049128","4.236206313","-30.48124743",6690,733.456463177907,1.16534411907196,c(19.20076, -31.38322)
"1662",1662,"819_77_HTR","Willdenowia arescens","RESTIONACEAE",-31.4326,19.07369,"HTR",819,"RDG",77,85,130,190,19399.33464,"0","N","0.417508149","47.03959633","112.6674927","2.401253954","-26.35972051",6450,713.082672534076,3.52937722206116,c(19.07369, -31.4326)
"1663",1663,"819_78_HTR","Erica plumosa","ERICACEAE",-31.4326,19.07369,"HTR",819,"RDG",78,70,140,90,9896.016859,"4","B","0.947450686","55.92450142","59.0262926","1.743181783","-27.47811454",6450,713.082672534076,3.52937722206116,c(19.07369, -31.4326)
"1664",1664,"819_79_HTR","Pelargonium reflexum","GERANIACEAE",-31.4326,19.07369,"HTR",819,"RDG",79,1,3,2,4.71238898,"0","B","1.570750349","43.62320434","27.77220732","-0.14687925","-30.07195611",6450,713.082672534076,3.52937722206116,c(19.07369, -31.4326)
"1665",1665,"819_80_HTR","Satyrium erectum","ORCHIDACEAE",-31.4326,19.07369,"HTR",819,"RDG",80,2,6,4,18.84955592,"0","N","1.680574673","39.69215978","23.61820657","2.134420723","-30.16095802",6450,713.082672534076,3.52937722206116,c(19.07369, -31.4326)
"1666",1666,"819_81_HTR","Oedera squarrosa","ASTERACEAE",-31.4326,19.07369,"HTR",819,"RDG",81,120,90,47,3322.234231,"4","N","1.50067562","47.2026161","31.45424332","0.436868026","-28.01580968",6450,713.082672534076,3.52937722206116,c(19.07369, -31.4326)
"1667",1667,"819_82_HTR","Othonna hederifolia","ASTERACEAE",-31.4326,19.07369,"HTR",819,"RDG",82,2,4,3,9.424777961,"0","S","2.761849538","35.76318544","12.94899847","3.67326529","-29.88939657",6450,713.082672534076,3.52937722206116,c(19.07369, -31.4326)
"1668",1668,"819_83_HTR","Restio macer","RESTIONACEAE",-31.43571,19.07603,"HTR",819,"RDG",83,55,50,35,1374.446786,"1","N","0.441643848","46.45718082","105.1915045","2.789624416","-25.80460522",6540,714.052853040925,4.46360921859741,c(19.07603, -31.43571)
"1669",1669,"819_84_HTR","Paranomus bracteolaris","PROTEACEAE",-31.43571,19.07603,"HTR",819,"RDG",84,240,570,530,237268.7852,"4","S","0.644695439","50.21036266","77.88229856","3.727523657","-28.90077187",6540,714.052853040925,4.46360921859741,c(19.07603, -31.43571)
"1670",1670,"819_85_HTR","Phylica rigidifolia","RHAMNACEAE",-31.43571,19.07603,"HTR",819,"RDG",85,150,120,80,7539.822369,"4","Y","0.598518494","51.12766386","85.42369931","4.97175643","-26.38217002",6540,714.052853040925,4.46360921859741,c(19.07603, -31.43571)
"1671",1671,"819_86_HTR","Helichrysum revolutum","ASTERACEAE",-31.43571,19.07603,"HTR",819,"RDG",86,110,150,120,14137.16694,"4","B","1.998174321","45.3501779","22.69580658","1.30760811","-28.46385339",6540,714.052853040925,4.46360921859741,c(19.07603, -31.43571)
"1672",1672,"819_87_HTR","Ficinia nigrescens","CYPERACEAE",-31.43571,19.07603,"HTR",819,"RDG",87,35,50,35,1374.446786,"0","N","0.700875563","57.30933762","81.76820629","0.327002625","-29.02509023",6540,714.052853040925,4.46360921859741,c(19.07603, -31.43571)
"1673",1673,"819_88_HTR","NA","NA",-31.43571,19.07603,"HTR",819,"RDG",88,10,7,4,21.99114858,"0","B","1.275839173","43.35544587","33.98190523","1.942270681","-28.57507949",6540,714.052853040925,4.46360921859741,c(19.07603, -31.43571)
"1674",1674,"819_89_HTR","Calopsis viminea","RESTIONACEAE",-31.43571,19.07603,"HTR",819,"RDG",89,40,45,40,1413.716694,"2","N","0.729208905","47.6648819","65.36519449","1.26164164","-26.88014109",6540,714.052853040925,4.46360921859741,c(19.07603, -31.43571)
"1675",1675,"819_90_HTR","Leucadendron brunioides","PROTEACEAE",-31.4367,19.07554,"HTR",819,"RDG",90,160,210,190,31337.38672,"4","N","0.892639662","45.21379991","50.65179359","3.040692189","-26.47298852",6420,712.112492027227,5.22704601287842,c(19.07554, -31.4367)
"1676",1676,"819_91_HTR","Phylica agathosmoides","RHAMNACEAE",-31.4367,19.07554,"HTR",819,"RDG",91,50,75,50,2945.243113,"4","L","0.919833209","54.16510746","58.88579248","0.840024589","-28.60949288",6420,712.112492027227,5.22704601287842,c(19.07554, -31.4367)
"1677",1677,"819_92_HTR","Restio longiaristatus","RESTIONACEAE",-31.4367,19.07554,"HTR",819,"RDG",92,38,37,25,726.4933011,"4","S","NA","NA","NA","NA","NA",6420,712.112492027227,5.22704601287842,c(19.07554, -31.4367)
"1678",1678,"819_93_HTR","Anthospermum aethiopicum","RUBIACEAE",-31.4367,19.07554,"HTR",819,"RDG",93,110,180,90,12723.45025,"4","N","1.546510036","48.06390963","31.078951","1.695125842","-26.65054377",6420,712.112492027227,5.22704601287842,c(19.07554, -31.4367)
"1679",1679,"819_94_HTR","Erepsia saturata","AIZOACEAE",-31.4367,19.07554,"HTR",819,"RDG",94,30,30,20,471.238898,"3","N","1.368002893","42.10723343","30.7800763","3.576217925","-27.44741111",6420,712.112492027227,5.22704601287842,c(19.07554, -31.4367)
"1680",1680,"821_10_HTR","Senecio arenarius","ASTERACEAE",-31.48494,19.34317,"HTR",821,"RDG",10,15,30,30,706.8583471,"2","B","1.128252993","37.69358028","33.4088015","9.363317987","-30.26092412",6630,728.605560643662,4.00307464599609,c(19.34317, -31.48494)
"1681",1681,"821_11_HTR","Gazania krebsiana","ASTERACEAE",-31.48494,19.34317,"HTR",821,"RDG",11,5,20,15,235.619449,"0","L","1.037868157","41.18940314","39.68654676","4.479337072","-30.08404788",6630,728.605560643662,4.00307464599609,c(19.34317, -31.48494)
"1682",1682,"821_12_HTR","NA","NA",-31.48494,19.34317,"HTR",821,"RDG",12,5,40,30,942.4777961,"1","N","1.605149958","30.08482868","18.74269038","7.708748878","-24.32861433",6630,728.605560643662,4.00307464599609,c(19.34317, -31.48494)
"1683",1683,"821_13_HTR","Salsola kali","AMARANTHACEAE",-31.48494,19.34317,"HTR",821,"RDG",13,50,55,50,2159.844949,"2","N","1.003087725","41.81022703","41.68152594","6.473481637","-12.97355067",6630,728.605560643662,4.00307464599609,c(19.34317, -31.48494)
"1684",1684,"821_14_HTR","Septulina glauca","LORANTHACEAE",-31.48494,19.34317,"HTR",821,"RDG",14,100,110,70,6047.565858,"1","N","1.465208037","43.41065626","29.62764001","9.080830578","-27.76478305",6630,728.605560643662,4.00307464599609,c(19.34317, -31.48494)
"1685",1685,"821_15_HTR","Fingerhuthia africana","POACEAE",-31.48494,19.34317,"HTR",821,"RDG",15,25,30,20,471.238898,"0","N","1.938461823","42.85011335","22.10521396","6.820931308","-14.87470789",6630,728.605560643662,4.00307464599609,c(19.34317, -31.48494)
"1686",1686,"821_16_HTR","Schismus schismoides","POACEAE",-31.49205,19.3959,"HTR",821,"RDG",16,20,35,30,824.6680716,"0","N","2.318076321","42.18171738","18.19686306","7.799302333","-26.64092335",6570,747.038990273794,2.1561541557312,c(19.3959, -31.49205)
"1687",1687,"821_17_HTR","Trachyandra jacquiniana","ASPHODELACEAE",-31.49205,19.3959,"HTR",821,"RDG",17,10,10,8,62.83185307,"0","B","3.696869235","38.53034248","10.42242504","7.650676554","-28.06189538",6570,747.038990273794,2.1561541557312,c(19.3959, -31.49205)
"1688",1688,"821_1_HTR","Tetragonia nigrescens","AIZOACEAE",-31.39693,19.14372,"HTR",821,"RDG",1,10,110,70,6047.565858,"1","L","2.115395569","38.90935187","18.39341655","7.844579061","-27.29476922",6690,715.993214054623,2.62372517585754,c(19.14372, -31.39693)
"1689",1689,"821_2_HTR","Pharnaceum aurantium","MOLLUGINACEAE",-31.39693,19.14372,"HTR",821,"RDG",2,20,45,25,883.5729338,"3","N","0.99259687","46.55254795","46.89975292","3.515730197","-27.90191182",6690,715.993214054623,2.62372517585754,c(19.14372, -31.39693)
"1690",1690,"821_3_HTR","NA","NA",-31.39693,19.14372,"HTR",821,"RDG",3,8,25,18,353.4291735,"0","L","1.44968799","40.29123112","27.79303643","2.081639066","-27.83334743",6690,715.993214054623,2.62372517585754,c(19.14372, -31.39693)
"1691",1691,"821_4_HTR","Mesembryanthemum resurgens","AIZOACEAE",-31.39693,19.14372,"HTR",821,"RDG",4,4,18,15,212.0575041,"0","N","1.535521194","29.2850829","19.07175428","5.691965949","-26.38057743",6690,715.993214054623,2.62372517585754,c(19.14372, -31.39693)
"1692",1692,"821_5_HTR","Galenia sarcophylla","AIZOACEAE",-31.39693,19.14372,"HTR",821,"RDG",5,5,60,30,1413.716694,"2","N","1.303511479","43.41041196","33.30266949","7.463663983","-27.2589965",6690,715.993214054623,2.62372517585754,c(19.14372, -31.39693)
"1693",1693,"821_6_HTR","Lachenalia obscura","HYACINTHACEAE",-31.39693,19.14372,"HTR",821,"RDG",6,5,1,1,0.785398163,"0","N","1.510289589","37.40771038","24.768568","3.337576117","-29.13408336",6690,715.993214054623,2.62372517585754,c(19.14372, -31.39693)
"1694",1694,"821_7_HTR","Ixia rapunculoides","IRIDACEAE",-31.40314,19.14287,"HTR",821,"RDG",7,10,8,1,6.283185307,"0","N","2.163290806","42.9983153","19.87634542","5.042343337","-28.98701773",6570,722.784477602567,3.04540872573853,c(19.14287, -31.40314)
"1695",1695,"821_8_HTR","Chaenostoma caeruleum","SCROPHULARIACEAE",-31.40314,19.14287,"HTR",821,"RDG",8,30,50,35,1374.446786,"4","B","1.399832562","45.73063826","32.66864874","6.710692319","-28.04798377",6570,722.784477602567,3.04540872573853,c(19.14287, -31.40314)
"1696",1696,"821_9_HTR","Helichrysum obtusum","ASTERACEAE",-31.40314,19.14287,"HTR",821,"RDG",9,16,28,20,439.8229715,"3","B","1.471331378","45.63260866","31.01450111","5.04135906","-29.2215278",6570,722.784477602567,3.04540872573853,c(19.14287, -31.40314)
"1697",1697,"824_10_HTR","Hermannia althaeifolia","MALVACEAE",-32.12601,20.10189,"HTR",824,"RDG",10,38,60,45,2120.575041,"4","B","1.545109787","39.93473943","25.84589119","2.341488111","-26.83469227",NA,NA,NA,c(20.10189, -32.12601)
"1698",1698,"824_11_HTR","Aloe microstigma","ASPHODELACEAE",-32.1286,20.11455,"HTR",824,"RDG",11,35,40,30,942.4777961,"0","N","0.560185449","42.89190575","76.56733288","-0.106408006","-14.80769462",NA,NA,NA,c(20.11455, -32.1286)
"1699",1699,"824_12_HTR","Asparagus striatus","ASPARAGACEAE",-32.1286,20.11455,"HTR",824,"RDG",12,25,30,27,636.1725124,"4","S","1.116475735","48.46459624","43.40855311","2.201720822","-25.484272",NA,NA,NA,c(20.11455, -32.1286)
"1700",1700,"824_13_HTR","Limeum aethiopicum","MOLLUGINACEAE",-32.1286,20.11455,"HTR",824,"RDG",13,8,30,20,471.238898,"4","L","2.430697508","37.31140303","15.35008075","5.208686096","-27.09006976",NA,NA,NA,c(20.11455, -32.1286)
"1701",1701,"824_14_HTR","Oedera genistifolia","ASTERACEAE",-32.12871,20.11638,"HTR",824,"RDG",14,58,80,60,3769.911184,"4","L","1.069889937","48.63703643","45.45985035","1.294217717","-26.76712157",NA,NA,NA,c(20.11638, -32.12871)
"1702",1702,"824_15_HTR","Tribolium hispidum","POACEAE",-32.12871,20.11638,"HTR",824,"RDG",15,15,17,15,200.2765317,"0","N","1.583445291","40.73825687","25.72760619","2.885793118","-27.73994088",NA,NA,NA,c(20.11638, -32.12871)
"1703",1703,"824_16_HTR","Selago albida","SCROPHULARIACEAE",-32.12871,20.11638,"HTR",824,"RDG",16,30,40,30,942.4777961,"3","B","1.480932408","45.38721158","30.64772662","3.917315085","-28.96217556",NA,NA,NA,c(20.11638, -32.12871)
"1704",1704,"824_17_HTR","Felicia australis","ASTERACEAE",-32.12871,20.11638,"HTR",824,"RDG",17,2,10,7,54.97787144,"0","B","3.058006024","38.16299392","12.47969874","9.174336863","-29.41032828",NA,NA,NA,c(20.11638, -32.12871)
"1705",1705,"824_18_HTR","Eriocephalus punctulatus","ASTERACEAE",-32.06433,20.13513,"HTR",824,"RDG",18,65,110,80,6911.503838,"4","N","1.104215763","46.30468321","41.93445227","2.238139059","-28.86976269",NA,NA,NA,c(20.13513, -32.06433)
"1706",1706,"824_19_HTR","Selago articulata","SCROPHULARIACEAE",-32.06433,20.13513,"HTR",824,"RDG",19,25,25,20,392.6990817,"3","N","0.635890601","45.66585154","71.81400617","2.033409508","-29.06055055",NA,NA,NA,c(20.13513, -32.06433)
"1707",1707,"824_1_HTR","Felicia hirta","ASTERACEAE",-32.13461,20.07568,"HTR",824,"RDG",1,55,50,20,785.3981634,"4","B","2.530645825","41.96873368","16.58419889","3.628922016","-29.38548611",NA,NA,NA,c(20.07568, -32.13461)
"1708",1708,"824_20_HTR","Thesium horridum","SANTALACEAE",-32.05209,20.14701,"HTR",824,"RDG",20,30,70,50,2748.893572,"4","N","0.780008693","45.26451769","58.03078619","4.113186145","-26.66576552",NA,NA,NA,c(20.14701, -32.05209)
"1709",1709,"824_21_HTR","Rosenia glandulosa","ASTERACEAE",-32.05209,20.14701,"HTR",824,"RDG",21,30,40,35,1099.557429,"4","L","1.509001891","48.3607825","32.04819211","5.647673498","-28.66406954",NA,NA,NA,c(20.14701, -32.05209)
"1710",1710,"824_22_HTR","Osteospermum leptolobum","ASTERACEAE",-32.05209,20.14701,"HTR",824,"RDG",22,50,80,70,4398.229715,"4","N","2.322151548","41.4686595","17.85786097","5.878978519","-28.88665537",NA,NA,NA,c(20.14701, -32.05209)
"1711",1711,"824_23_HTR","Mesembryanthemum guerichianum","AIZOACEAE",-32.03819,20.15885,"HTR",824,"RDG",23,10,30,20,471.238898,"0","N","1.516284436","28.04470691","18.49567683","11.07595942","-18.26668081",NA,NA,NA,c(20.15885, -32.03819)
"1712",1712,"824_2_HTR","NA","NA",-32.13461,20.07568,"HTR",824,"RDG",2,18,11,8,69.11503838,"1","B","1.661076635","35.20639154","21.1949231","9.891874567","-31.14530531",NA,NA,NA,c(20.07568, -32.13461)
"1713",1713,"824_3_HTR","Leysera tenella","ASTERACEAE",-32.13461,20.07568,"HTR",824,"RDG",3,11,14,9,98.96016859,"2","B","1.624563601","43.09518276","26.52723644","9.132997242","-30.96942276",NA,NA,NA,c(20.07568, -32.13461)
"1714",1714,"824_4_HTR","Pteronia divaricata","ASTERACEAE",-32.12637,20.08741,"HTR",824,"RDG",4,65,120,90,8482.300165,"4","B","1.177197473","44.51949295","37.81820295","6.620138864","-26.76612788",NA,NA,NA,c(20.08741, -32.12637)
"1715",1715,"824_5_HTR","Moraea fenestrata","IRIDACEAE",-32.12637,20.08741,"HTR",824,"RDG",5,25,15,6,70.68583471,"1","N","2.922881924","44.30698213","15.15866302","5.658500542","-28.93335865",NA,NA,NA,c(20.08741, -32.12637)
"1716",1716,"824_6_HTR","Silene clandestina","CARYOPHYLLACEAE",-32.12637,20.08741,"HTR",824,"RDG",6,7,4,4,12.56637061,"1","B","2.511129469","38.79617549","15.44969145","6.638840121","-28.56271349",NA,NA,NA,c(20.08741, -32.12637)
"1717",1717,"824_7_HTR","Ehrharta melicoides","POACEAE",-32.1269,20.0973,"HTR",824,"RDG",7,40,20,20,314.1592654,"0","L","2.058984586","39.20693584","19.04187924","3.379900014","-26.44914182",NA,NA,NA,c(20.0973, -32.1269)
"1718",1718,"824_8_HTR","Pelargonium magenteum","GERANIACEAE",-32.1269,20.0973,"HTR",824,"RDG",8,65,70,60,3298.672286,"4","B","NA","NA","NA","NA","NA",NA,NA,NA,c(20.0973, -32.1269)
"1719",1719,"824_9_HTR","Montinia caryophyllacea","MONTINIACEAE",-32.1269,20.0973,"HTR",824,"RDG",9,170,110,70,6047.565858,"4","N","0.471987743","47.95195356","101.5957602","1.41528375","-26.00496385",NA,NA,NA,c(20.0973, -32.1269)
"1720",1720,"724_1_CB","Thamnochortus platypteris","RESTIONACEAE",-32.4364,19.18062,"Cederberg",724,"SM",1,75,135,130,13783.73777,"0","N","0.547166398","46.61897696","85.20073081","2.87903983","-25.3955833",6570,878.01335869842,12.8848371505737,c(19.18062, -32.4364)
"1721",1721,"724_10_CB","Cymbopogon marginatus","POACEAE",-32.43836,19.17892,"Cederberg",724,"SM",10,60,70,70,3848.451001,"0","N","0.889874157","45.08002108","50.65887205","-0.826117758","-13.491072",6450,941.075091643611,14.8101491928101,c(19.17892, -32.43836)
"1722",1722,"724_11_CB","Crassula fascicularis","CRASSULACEAE",-32.43836,19.17892,"Cederberg",724,"SM",11,30,12,10,94.24777961,"3","N","0.868860693","42.33792161","48.7280895","0.323292443","-26.28723514",6450,941.075091643611,14.8101491928101,c(19.17892, -32.43836)
"1723",1723,"724_12_CB","Heeria argentea","ANACARDIACEAE",-32.42921,19.18401,"Cederberg",724,"SM",12,700,450,500,176714.5868,"4","L","0.685795387","49.60550503","72.33280648","1.127879583","-26.07416771",5730,960.478701780592,18.3485698699951,c(19.18401, -32.42921)
"1724",1724,"724_13_CB","Diosma acmaeophylla","RUTACEAE",-32.42921,19.18401,"Cederberg",724,"SM",13,100,120,95,8953.539063,"4","N","0.967476476","51.38278789","53.110116","4.010098104","-28.24119471",5730,960.478701780592,18.3485698699951,c(19.18401, -32.42921)
"1725",1725,"724_14_CB","Othonna quinquedentata","ASTERACEAE",-32.42921,19.18401,"Cederberg",724,"SM",14,170,95,90,6715.154297,"2","N","1.378929296","46.77339837","33.92008459","2.400923823","-28.32096877",5730,960.478701780592,18.3485698699951,c(19.18401, -32.42921)
"1726",1726,"724_15_CB","Aspalathus polycephala","FABACEAE",-32.42921,19.18401,"Cederberg",724,"SM",15,70,65,60,3063.052837,"4","B","1.645948624","48.7105057","29.59418355","-1.506104969","-27.91603968",5730,960.478701780592,18.3485698699951,c(19.18401, -32.42921)
"1727",1727,"724_16_CB","Pelargonium englerianum","GERANIACEAE",-32.42921,19.18401,"Cederberg",724,"SM",16,65,60,45,2120.575041,"4","B","1.106081515","45.17530688","40.84265604","1.036119945","-28.15132267",5730,960.478701780592,18.3485698699951,c(19.18401, -32.42921)
"1728",1728,"724_17_CB","Oedera sedifolia","ASTERACEAE",-32.42921,19.18401,"Cederberg",724,"SM",17,60,110,100,8639.379797,"4","N","0.765899854","50.18581954","65.5253024","0.621752739","-28.05539184",5730,960.478701780592,18.3485698699951,c(19.18401, -32.42921)
"1729",1729,"724_18_CB","Aspalathus triquetra","FABACEAE",-32.42921,19.18401,"Cederberg",724,"SM",18,80,80,75,4712.38898,"4","B","0.857612587","51.53769745","60.09438087","-1.813258283","-26.18928471",5730,960.478701780592,18.3485698699951,c(19.18401, -32.42921)
"1730",1730,"724_19_CB","Thesium strictum","SANTALACEAE",-32.42921,19.18401,"Cederberg",724,"SM",19,210,130,130,13273.22896,"4","N","0.739888885","43.37776021","64.56572006","2.375810659","-27.97410308",5730,960.478701780592,18.3485698699951,c(19.18401, -32.42921)
"1731",1731,"724_2_CB","Stipagrostis zeyheri","POACEAE",-32.4364,19.18062,"Cederberg",724,"SM",2,60,100,90,7068.583471,"0","N","0.515478565","44.82705699","86.96201944","3.048070742","-12.53479308",6570,878.01335869842,12.8848371505737,c(19.18062, -32.4364)
"1732",1732,"724_20_CB","Lobostemon glaucophyllus","BORAGINACEAE",-32.42921,19.18401,"Cederberg",724,"SM",20,140,190,160,23876.10417,"4","N","1.040161816","43.50829346","41.82838938","11.32768775","-30.20727186",5730,960.478701780592,18.3485698699951,c(19.18401, -32.42921)
"1733",1733,"724_21_CB","Lampranthus scaber","AIZOACEAE",-32.42921,19.18401,"Cederberg",724,"SM",21,35,25,20,392.6990817,"4","N","0.923548042","36.8041765","39.85085217","3.323349656","-27.28491579",5730,960.478701780592,18.3485698699951,c(19.18401, -32.42921)
"1734",1734,"724_22_CB","Nylandtia spinosa","POLYGALACEAE",-32.42282,19.16775,"Cederberg",724,"SM",22,160,300,300,70685.83471,"4","N","0.832377175","52.64756056","63.24964472","3.785045518","-29.62360848",6540,886.744983260062,16.2343578338623,c(19.16775, -32.42282)
"1735",1735,"724_23_CB","Athanasia flexuosa","ASTERACEAE",-32.42282,19.16775,"Cederberg",724,"SM",23,135,180,160,22619.46711,"4","S","1.772509316","46.79196365","26.39871239","6.110910865","-28.84404425",6540,886.744983260062,16.2343578338623,c(19.16775, -32.42282)
"1736",1736,"724_24_CB","Ficinia dunensis","CYPERACEAE",-32.42282,19.16775,"Cederberg",724,"SM",24,50,100,80,6283.185307,"0","N","1.42815023","43.72788205","32.85155373","7.302961755","-25.68567008",6540,886.744983260062,16.2343578338623,c(19.16775, -32.42282)
"1737",1737,"724_25_CB","Morella serrata","MYRICACEAE",-32.41909,19.16968,"Cederberg",724,"SM",25,180,310,220,53564.15474,"4","B","1.006565919","49.19118462","48.87030615","-0.559119478","-27.72021046",6030,913.910037451836,20.6736240386963,c(19.16968, -32.41909)
"1738",1738,"724_26_CB","Pteridium aquilinum","DENNSTAEDTIACEAE",-32.41909,19.16968,"Cederberg",724,"SM",26,150,70,70,3848.451001,"0","N","0.835012574","46.63617821","55.85086938","1.344894752","-26.09625503",6030,913.910037451836,20.6736240386963,c(19.16968, -32.41909)
"1739",1739,"724_27_CB","Psoralea oligophylla","FABACEAE",-32.41909,19.16968,"Cederberg",724,"SM",27,290,310,300,73042.0292,"4","N","2.007892088","53.17389566","26.48244693","-2.204467833","-27.87954194",6030,913.910037451836,20.6736240386963,c(19.16968, -32.41909)
"1740",1740,"724_28_CB","Metrosideros angustifolia","MYRTACEAE",-32.41909,19.16968,"Cederberg",724,"SM",28,320,250,250,49087.38521,"4","N","0.683702577","47.38738533","69.30994111","-4.560661133","-27.25242959",6030,913.910037451836,20.6736240386963,c(19.16968, -32.41909)
"1741",1741,"724_29_CB","Brachylaena neriifolia","ASTERACEAE",-32.41909,19.16968,"Cederberg",724,"SM",29,250,200,160,25132.74123,"4","N","0.596842132","49.50349836","82.94236571","-3.026169582","-28.9550294",6030,913.910037451836,20.6736240386963,c(19.16968, -32.41909)
"1742",1742,"724_3_CB","Chrysocoma ciliata","ASTERACEAE",-32.4364,19.18062,"Cederberg",724,"SM",3,25,30,20,471.238898,"4","N","1.651819834","43.54049995","26.35910955","4.457305602","-29.1591013",6570,878.01335869842,12.8848371505737,c(19.18062, -32.4364)
"1743",1743,"724_30_CB","Erica curviflora","ERICACEAE",-32.41909,19.16968,"Cederberg",724,"SM",30,145,90,55,3887.720909,"4","B","0.698357369","51.02077911","73.05826696","-4.442997332","-28.462736",6030,913.910037451836,20.6736240386963,c(19.16968, -32.41909)
"1744",1744,"724_31_CB","Erica caffra","ERICACEAE",-32.41909,19.16968,"Cederberg",724,"SM",31,170,70,60,3298.672286,"4","B","0.667390507","52.27782083","78.33168182","-4.276712126","-29.28696998",6030,913.910037451836,20.6736240386963,c(19.16968, -32.41909)
"1745",1745,"724_32_CB","Dodonaea angustifolia","SAPINDACEAE",-32.41809,19.17158,"Cederberg",724,"SM",32,350,250,250,49087.38521,"4","N","1.406439234","48.77533175","34.6800136","-0.601906315","-26.53237388",7230,938.164550123063,21.4359111785889,c(19.17158, -32.41809)
"1746",1746,"724_33_CB","Crassula dejecta","CRASSULACEAE",-32.41809,19.17158,"Cederberg",724,"SM",33,25,20,15,235.619449,"4","S","0.466393755","40.32577205","86.46293319","0.75074118","-26.60591148",7230,938.164550123063,21.4359111785889,c(19.17158, -32.41809)
"1747",1747,"724_35_CB","Osteospermum rigidum","ASTERACEAE",-32.41809,19.17158,"Cederberg",724,"SM",35,170,90,50,3534.291735,"3","B","0.996018202","43.21440819","43.38716711","1.795128965","-28.07768493",7230,938.164550123063,21.4359111785889,c(19.17158, -32.41809)
"1748",1748,"724_36_CB","Selago pustulosa","SCROPHULARIACEAE",-32.41809,19.17158,"Cederberg",724,"SM",36,25,50,40,1570.796327,"4","N","0.66872172","49.73792276","74.37760919","2.595437296","-28.53933767",7230,938.164550123063,21.4359111785889,c(19.17158, -32.41809)
"1749",1749,"724_37_CB","Cyathocoma ecklonii","CYPERACEAE",-32.41909,19.16968,"Cederberg",724,"SM",37,100,120,60,5654.866776,"0","N","0.547359236","44.49044927","81.28199234","2.743246368","-27.92141752",6030,913.910037451836,20.6736240386963,c(19.16968, -32.41909)
"1750",1750,"724_4_CB","Ficinia bulbosa","CYPERACEAE",-32.4364,19.18062,"Cederberg",724,"SM",4,15,30,20,471.238898,"0","N","1.772808007","45.99508213","25.94476219","4.227423562","-26.78405587",6570,878.01335869842,12.8848371505737,c(19.18062, -32.4364)
"1751",1751,"724_5_CB","Gymnodiscus capillaris","ASTERACEAE",-32.4364,19.18062,"Cederberg",724,"SM",5,1,2,2,3.141592654,"0","N","1.472913912","39.77908756","27.00706894","5.673362276","-30.44962343",6570,878.01335869842,12.8848371505737,c(19.18062, -32.4364)
"1752",1752,"724_6_CB","Oedera squarrosa","ASTERACEAE",-32.4364,19.18062,"Cederberg",724,"SM",6,110,140,80,8796.45943,"4","N","0.858043957","48.71242865","56.77148386","1.106629983","-27.34045469",6570,878.01335869842,12.8848371505737,c(19.18062, -32.4364)
"1753",1753,"724_7_CB","Rhus undulata","ANACARDIACEAE",-32.43836,19.17892,"Cederberg",724,"SM",7,300,400,350,109955.7429,"4","N","1.639236611","47.24744407","28.8228336","2.066725562","-26.35388182",6450,941.075091643611,14.8101491928101,c(19.17892, -32.43836)
"1754",1754,"724_8_CB","Ehrharta ramosa","POACEAE",-32.43836,19.17892,"Cederberg",724,"SM",8,90,110,100,8639.379797,"3","N","0.603958963","44.08347787","72.99084961","5.846256752","-25.82777695",6450,941.075091643611,14.8101491928101,c(19.17892, -32.43836)
"1755",1755,"724_9_CB","Solanum tomentosum","SOLANACEAE",-32.43836,19.17892,"Cederberg",724,"SM",9,90,190,160,23876.10417,"4","B","1.882254409","44.33055585","23.55184063","6.531073418","-25.87018847",6450,941.075091643611,14.8101491928101,c(19.17892, -32.43836)
"1756",1756,"731_1_CB","Brabejum stellatifolium","PROTEACEAE",-32.13612,19.00322,"Cederberg",731,"SM",1,1200,1400,1300,1429424.657,"4","B","NA","NA","NA","NA","NA",6570,677.18599378066,20.9481391906738,c(19.00322, -32.13612)
"1757",1757,"731_10_CB","Phylica ambigua","RHAMNACEAE",-32.13759,18.97296,"Cederberg",731,"SM",10,200,240,180,33929.20066,"4","B","NA","NA","NA","NA","NA",6660,701.440506451887,16.2244300842285,c(18.97296, -32.13759)
"1758",1758,"731_11_CB","Cliffortia polygonifolia","ROSACEAE",-32.13759,18.97296,"Cederberg",731,"SM",11,50,100,80,6283.185307,"4","N","NA","NA","NA","NA","NA",6660,701.440506451887,16.2244300842285,c(18.97296, -32.13759)
"1759",1759,"731_12_CB","Helichrysum scabrum","ASTERACEAE",-32.13608,18.96837,"Cederberg",731,"SM",12,110,170,160,21362.83004,"4","B","NA","NA","NA","NA","NA",6870,683.007076821755,16.5370998382568,c(18.96837, -32.13608)
"1760",1760,"731_13_CB","Euclea lancea","EBENACEAE",-32.14967,18.94,"Cederberg",731,"SM",13,350,380,300,89535.39063,"4","N","NA","NA","NA","NA","NA",6030,490.911336465636,10.359790802002,c(18.94, -32.14967)
"1761",1761,"731_14_CB","Rafnia diffusa","FABACEAE",-32.15289,19.03039,"Cederberg",731,"SM",14,25,70,50,2748.893572,"4","N","NA","NA","NA","NA","NA",6540,876.072997684722,12.8927946090698,c(19.03039, -32.15289)
"1762",1762,"731_15_CB","Ischyrolepis monanthos","RESTIONACEAE",-32.15289,19.03039,"Cederberg",731,"SM",15,60,45,35,1237.002107,"2","N","NA","NA","NA","NA","NA",6540,876.072997684722,12.8927946090698,c(19.03039, -32.15289)
"1763",1763,"731_16_CB","Macrostylis tenuis","RUTACEAE",-32.15289,19.03039,"Cederberg",731,"SM",16,35,75,50,2945.243113,"4","N","NA","NA","NA","NA","NA",6540,876.072997684722,12.8927946090698,c(19.03039, -32.15289)
"1764",1764,"731_17_CB","Protea laevis","PROTEACEAE",-32.15289,19.03039,"Cederberg",731,"SM",17,15,130,110,11231.19374,"4","N","NA","NA","NA","NA","NA",6540,876.072997684722,12.8927946090698,c(19.03039, -32.15289)
"1765",1765,"731_18_CB","Pentaschistis aristidoides","POACEAE",-32.15289,19.03039,"Cederberg",731,"SM",18,40,45,45,1590.431281,"0","N","NA","NA","NA","NA","NA",6540,876.072997684722,12.8927946090698,c(19.03039, -32.15289)
"1766",1766,"731_19_CB","Cannomois parviflora","RESTIONACEAE",-32.15289,19.03039,"Cederberg",731,"SM",19,85,110,90,7775.441818,"1","N","NA","NA","NA","NA","NA",6540,876.072997684722,12.8927946090698,c(19.03039, -32.15289)
"1767",1767,"731_2_CB","Rhus angustifolia","ANACARDIACEAE",-32.13612,19.00322,"Cederberg",731,"SM",2,235,380,293,87446.23151,"4","B","NA","NA","NA","NA","NA",6570,677.18599378066,20.9481391906738,c(19.00322, -32.13612)
"1768",1768,"731_20_CB","Scabiosa columbaria","DIPSACACEAE",-32.15572,19.02604,"Cederberg",731,"SM",20,12,20,15,235.619449,"2","B","NA","NA","NA","NA","NA",6600,895.476607821704,17.1276435852051,c(19.02604, -32.15572)
"1769",1769,"731_21_CB","Teedia pubescens","SCROPHULARIACEAE",-32.15404,19.02163,"Cederberg",731,"SM",21,17,33,15,388.7720909,"4","B","NA","NA","NA","NA","NA",6750,938.164550123063,17.8250007629395,c(19.02163, -32.15404)
"1770",1770,"731_22_CB","Askidiosperma nitidum","RESTIONACEAE",-32.15426,19.0218,"Cederberg",731,"SM",22,105,50,35,1374.446786,"0","N","NA","NA","NA","NA","NA",7020,944.955813671007,16.6108226776123,c(19.0218, -32.15426)
"1771",1771,"731_23_CB","Ehrharta calycina","POACEAE",-32.15289,19.03039,"Cederberg",731,"SM",23,15,30,20,471.238898,"0","N","NA","NA","NA","NA","NA",6540,876.072997684722,12.8927946090698,c(19.03039, -32.15289)
"1772",1772,"731_24_CB","Willdenowia incurvata","RESTIONACEAE",-32.15289,19.03039,"Cederberg",731,"SM",24,140,170,150,20027.65317,"4","N","NA","NA","NA","NA","NA",6540,876.072997684722,12.8927946090698,c(19.03039, -32.15289)
"1773",1773,"731_25_CB","Adromischus maculatus","CRASSULACEAE",-32.15024,19.02998,"Cederberg",731,"SM",25,15,40,30,942.4777961,"2","N","NA","NA","NA","NA","NA",6240,876.072997684722,13.0219888687134,c(19.02998, -32.15024)
"1774",1774,"731_26_CB","Othonna auriculifolia","ASTERACEAE",-32.15024,19.02998,"Cederberg",731,"SM",26,1,8,8,50.26548246,"0","L","NA","NA","NA","NA","NA",6240,876.072997684722,13.0219888687134,c(19.02998, -32.15024)
"1775",1775,"731_27_CB","Pelargonium triste","GERANIACEAE",-32.15024,19.02998,"Cederberg",731,"SM",27,10,36,35,989.6016859,"0","B","NA","NA","NA","NA","NA",6240,876.072997684722,13.0219888687134,c(19.02998, -32.15024)
"1776",1776,"731_28_CB","Ehrharta bulbosa","POACEAE",-32.15024,19.02998,"Cederberg",731,"SM",28,20,20,15,235.619449,"0","N","NA","NA","NA","NA","NA",6240,876.072997684722,13.0219888687134,c(19.02998, -32.15024)
"1777",1777,"731_29_CB","Crassula atropurpurea","CRASSULACEAE",-32.15024,19.02998,"Cederberg",731,"SM",29,20,40,30,942.4777961,"4","B","NA","NA","NA","NA","NA",6240,876.072997684722,13.0219888687134,c(19.02998, -32.15024)
"1778",1778,"731_3_CB","Rhus tomentosa","ANACARDIACEAE",-32.13612,19.00322,"Cederberg",731,"SM",3,300,350,280,76969.02001,"4","B","NA","NA","NA","NA","NA",6570,677.18599378066,20.9481391906738,c(19.00322, -32.13612)
"1779",1779,"731_30_CB","Euryops tenuissimus","ASTERACEAE",-32.15024,19.02998,"Cederberg",731,"SM",30,155,80,80,5026.548246,"4","N","NA","NA","NA","NA","NA",6240,876.072997684722,13.0219888687134,c(19.02998, -32.15024)
"1780",1780,"731_31_CB","Lebeckia cytisoides","FABACEAE",-32.13599,19.03575,"Cederberg",731,"SM",31,200,360,150,42411.50082,"4","B","NA","NA","NA","NA","NA",5790,670.394730232716,20.4502601623535,c(19.03575, -32.13599)
"1781",1781,"731_4_CB","Clutia pulchella","EUPHORBIACEAE",-32.13612,19.00322,"Cederberg",731,"SM",4,190,170,115,15354.53409,"4","N","NA","NA","NA","NA","NA",6570,677.18599378066,20.9481391906738,c(19.00322, -32.13612)
"1782",1782,"731_5_CB","Ficinia brevifolia","CYPERACEAE",-32.13749,19.00669,"Cederberg",731,"SM",5,100,110,110,9503.317777,"0","N","NA","NA","NA","NA","NA",6960,689.798340369698,19.9792919158936,c(19.00669, -32.13749)
"1783",1783,"731_6_CB","Ruschia dichroa","AIZOACEAE",-32.13749,19.00669,"Cederberg",731,"SM",6,25,110,75,6479.534848,"3","N","NA","NA","NA","NA","NA",6960,689.798340369698,19.9792919158936,c(19.00669, -32.13749)
"1784",1784,"731_7_CB","Secamone alpini","APOCYNACEAE",-32.13749,19.00669,"Cederberg",731,"SM",7,300,400,200,62831.85307,"4","N","NA","NA","NA","NA","NA",6960,689.798340369698,19.9792919158936,c(19.00669, -32.13749)
"1785",1785,"731_8_CB","Cassine peragua","CELASTRACEAE",-32.13536,18.99055,"Cederberg",731,"SM",8,600,500,450,176714.5868,"4","N","NA","NA","NA","NA","NA",6660,679.126354794358,18.487060546875,c(18.99055, -32.13536)
"1786",1786,"731_9_CB","Erica plumosa","ERICACEAE",-32.13759,18.97296,"Cederberg",731,"SM",9,65,115,110,9935.286767,"4","B","NA","NA","NA","NA","NA",6660,701.440506451887,16.2244300842285,c(18.97296, -32.13759)
"1787",1787,"622_1_HK","Erica cristata","ERICACEAE",-34.30822,18.94459,"Hangklip",622,"TEM",1,45,30,20,471.238898,"3","N","0.60874614","59.95866781","98.49535602","-5.208524249","-27.22269443",6300,61.1213719314922,28.3771018981934,c(18.94459, -34.30822)
"1788",1788,"622_10_HK","Campylostachys cernua","STILBACEAE",-34.31973,18.96025,"Hangklip",622,"TEM",10,30,42,40,1319.468915,"2","B","0.678368435","52.58002481","77.50953927","-3.744663175","-29.08440289",6060,74.7038990273794,21.3398399353027,c(18.96025, -34.31973)
"1789",1789,"622_11_HK","Lachnospermum umbellatum","ASTERACEAE",-34.31973,18.96025,"Hangklip",622,"TEM",11,20,30,20,471.238898,"2","B","0.759454465","46.92015243","61.78138995","-3.30697361","-30.65873353",6060,74.7038990273794,21.3398399353027,c(18.96025, -34.31973)
"1790",1790,"622_12_HK","Agapanthus africanus","AGAPANTHACEAE",-34.32095,18.96193,"Hangklip",622,"TEM",12,15,23,20,361.2831552,"0","N","0.775428796","44.81876211","57.79868165","-5.02639839","-25.28081173",5970,63.0617329451904,22.0002136230469,c(18.96193, -34.32095)
"1791",1791,"622_13_HK","Wahlenbergia tenella","CAMPANULACEAE",-34.32095,18.96193,"Hangklip",622,"TEM",13,34,5,3,11.78097245,"1","S","1.222993981","44.05853961","36.02514835","-2.192676686","-29.93091798",5970,63.0617329451904,22.0002136230469,c(18.96193, -34.32095)
"1792",1792,"622_14_HK","Protea scabra","PROTEACEAE",-34.32095,18.96193,"Hangklip",622,"TEM",14,25,60,60,2827.433388,"1","N","0.539847316","51.06876243","94.59852977","2.617991846","-26.36472588",5970,63.0617329451904,22.0002136230469,c(18.96193, -34.32095)
"1793",1793,"622_15_HK","Hypodiscus argenteus","RESTIONACEAE",-34.32095,18.96193,"Hangklip",622,"TEM",15,95,120,110,10367.25576,"0","N","0.505097616","46.0142643","91.09974563","0.837858447","-28.81264343",5970,63.0617329451904,22.0002136230469,c(18.96193, -34.32095)
"1794",1794,"622_16_HK","Tetraria capillacea","CYPERACEAE",-34.31967,18.96037,"Hangklip",622,"TEM",16,60,80,75,4712.38898,"0","N","0.853674882","46.50069345","54.4711979","3.508058546","-26.89679133",6060,74.7038990273794,21.3398399353027,c(18.96037, -34.31967)
"1795",1795,"622_17_HK","Bobartia indica","IRIDACEAE",-34.31967,18.96037,"Hangklip",622,"TEM",17,110,130,70,7147.123287,"0","N","0.709109584","47.56238492","67.0733918","0.559773801","-27.14980875",6060,74.7038990273794,21.3398399353027,c(18.96037, -34.31967)
"1796",1796,"622_18_HK","Berkheya barbata","ASTERACEAE",-34.31967,18.96037,"Hangklip",622,"TEM",18,45,100,80,6283.185307,"2","B","0.857842367","42.14352435","49.12735247","2.792284335","-28.86158096",6060,74.7038990273794,21.3398399353027,c(18.96037, -34.31967)
"1797",1797,"622_19_HK","Tetraria fimbriolata","CYPERACEAE",-34.31967,18.96037,"Hangklip",622,"TEM",19,50,60,40,1884.955592,"0","N","0.525940266","45.29611362","86.12406492","3.082119036","-27.86200595",6060,74.7038990273794,21.3398399353027,c(18.96037, -34.31967)
"1798",1798,"622_2_HK","Chondropetalum ebracteatum","RESTIONACEAE",-34.30822,18.94459,"Hangklip",622,"TEM",2,65,50,40,1570.796327,"0","N","0.236964059","44.61208177","188.2651824","-1.303589157","-30.34740756",6300,61.1213719314922,28.3771018981934,c(18.94459, -34.30822)
"1799",1799,"622_20_HK","Restio triticeus","RESTIONACEAE",-34.31967,18.96037,"Hangklip",622,"TEM",20,60,25,20,392.6990817,"2","N","0.502712128","46.43656191","92.37207412","1.784717081","-27.48820654",6060,74.7038990273794,21.3398399353027,c(18.96037, -34.31967)
"1800",1800,"622_21_HK","Aspalathus ciliaris","FABACEAE",-34.31967,18.96037,"Hangklip",622,"TEM",21,45,100,45,3534.291735,"4","B","1.161488746","51.32912029","44.19252486","-0.937379096","-29.53733532",6060,74.7038990273794,21.3398399353027,c(18.96037, -34.31967)
"1801",1801,"622_22_HK","Aulax umbellata","PROTEACEAE",-34.31967,18.96037,"Hangklip",622,"TEM",22,200,130,80,8168.140899,"4","N","0.801728701","49.42659327","61.65002355","0.633211648","-29.39052274",6060,74.7038990273794,21.3398399353027,c(18.96037, -34.31967)
"1802",1802,"622_23_HK","Gibbaria ilicifolia","ASTERACEAE",-34.31625,18.95626,"Hangklip",622,"TEM",23,70,140,120,13194.68915,"3","B","1.328946771","36.25887232","27.2839162","-0.156000409","-30.90446239",6630,76.6442600410776,23.360294342041,c(18.95626, -34.31625)
"1803",1803,"622_24_HK","Osteospermum polygaloides","ASTERACEAE",-34.31625,18.95626,"Hangklip",622,"TEM",24,100,20,20,314.1592654,"1","N","0.738938441","39.3249919","53.21822459","-3.248223333","-31.32407565",6630,76.6442600410776,23.360294342041,c(18.95626, -34.31625)
"1804",1804,"622_25_HK","Alciope lanata","ASTERACEAE",-34.31625,18.95626,"Hangklip",622,"TEM",25,45,50,50,1963.495408,"1","B","0.605643876","42.34107511","69.91084498","-2.835992221","-31.05023374",6630,76.6442600410776,23.360294342041,c(18.95626, -34.31625)
"1805",1805,"622_26_HK","Syncarpha canescens","ASTERACEAE",-34.30349,18.94181,"Hangklip",622,"TEM",26,34,37,36,1046.150354,"2","B","1.094541639","46.39828212","42.39060486","-0.113896044","-32.4558861",5970,72.7635380136812,25.4837532043457,c(18.94181, -34.30349)
"1806",1806,"622_27_HK","Helichrysum litorale","ASTERACEAE",-34.30349,18.94181,"Hangklip",622,"TEM",27,14,50,45,1767.145868,"3","B","1.577725725","40.69517311","25.79356632","1.930613603","-31.89258394",5970,72.7635380136812,25.4837532043457,c(18.94181, -34.30349)
"1807",1807,"622_28_HK","Restio bifarius","RESTIONACEAE",-34.30349,18.94181,"Hangklip",622,"TEM",28,85,25,25,490.8738521,"0","N","0.205694446","46.78725141","227.4599643","-0.352813838","-29.83096048",5970,72.7635380136812,25.4837532043457,c(18.94181, -34.30349)
"1808",1808,"622_29_HK","Erica equisetifolia","ERICACEAE",-34.30349,18.94181,"Hangklip",622,"TEM",29,25,24,18,339.2920066,"4","N","0.580172058","53.16413955","91.63512588","-5.603130278","-28.67728432",5970,72.7635380136812,25.4837532043457,c(18.94181, -34.30349)
"1809",1809,"622_3_HK","Erica coccinea","ERICACEAE",-34.30822,18.94459,"Hangklip",622,"TEM",3,60,20,10,157.0796327,"3","B","0.572807028","53.80081201","93.9248462","-8.485810546","-29.25932852",6300,61.1213719314922,28.3771018981934,c(18.94459, -34.30822)
"1810",1810,"622_30_HK","Calopsis membranacea","RESTIONACEAE",-34.30349,18.94181,"Hangklip",622,"TEM",30,70,20,15,235.619449,"4","N","0.323058851","47.60629791","147.36107","-1.765758005","-26.63127922",5970,72.7635380136812,25.4837532043457,c(18.94181, -34.30349)
"1811",1811,"622_31_HK","Nebelia fragarioides","BRUNIACEAE",-34.30349,18.94181,"Hangklip",622,"TEM",31,80,30,28,659.7344573,"4","B","0.547935745","52.81326999","96.3858818","-7.53797274","-31.15123247",5970,72.7635380136812,25.4837532043457,c(18.94181, -34.30349)
"1812",1812,"622_32_HK","Restio bifurcus","RESTIONACEAE",-34.30349,18.94181,"Hangklip",622,"TEM",32,70,25,20,392.6990817,"2","N","0.220934684","47.0973582","213.1732213","-0.056124938","-29.3978113",5970,72.7635380136812,25.4837532043457,c(18.94181, -34.30349)
"1813",1813,"622_33_HK","Restio versatilis","RESTIONACEAE",-34.30349,18.94181,"Hangklip",622,"TEM",33,40,70,70,3848.451001,"4","N","0.382948382","47.26101653","123.4135428","-0.370438921","-29.26036974",5970,72.7635380136812,25.4837532043457,c(18.94181, -34.30349)
"1814",1814,"622_34_HK","Leucadendron microcephalum","PROTEACEAE",-34.30815,18.94456,"Hangklip",622,"TEM",34,150,95,90,6715.154297,"4","N","0.580197974","49.57577341","85.44630555","-0.589773289","-30.41196345",6300,61.1213719314922,28.3771018981934,c(18.94456, -34.30815)
"1815",1815,"622_35_HK","Thesium virgatum","SANTALACEAE",-34.32893,18.98018,"Hangklip",622,"TEM",35,36,30,20,471.238898,"3","N","0.857612312","43.87648951","51.16121692","-0.045354054","-30.92945176",6540,43.6581228082087,18.7667751312256,c(18.98018, -34.32893)
"1816",1816,"622_4_HK","Erica tenax","ERICACEAE",-34.30708,18.94287,"Hangklip",622,"TEM",4,55,65,40,2042.035225,"4","B","0.614510207","51.90284365","84.46213432","-5.283920438","-27.14564386",6510,77.6144405479267,26.28395652771,c(18.94287, -34.30708)
"1817",1817,"622_5_HK","Diospyros glabra","EBENACEAE",-34.30708,18.94287,"Hangklip",622,"TEM",5,180,175,160,21991.14858,"4","N","0.974008388","51.74093619","53.12165361","-2.891804985","-29.03442414",6510,77.6144405479267,26.28395652771,c(18.94287, -34.30708)
"1818",1818,"622_6_HK","Grubbia rosmarinifolia","GRUBBIACEAE",-34.30417,18.94262,"Hangklip",622,"TEM",6,75,10,10,78.53981634,"3","B","0.684735219","51.33269985","74.96722591","-7.468451579","-30.95964726",5700,57.2406499040959,25.4837532043457,c(18.94262, -34.30417)
"1819",1819,"622_7_HK","Ursinia quinquepartita","ASTERACEAE",-34.31184,18.95015,"Hangklip",622,"TEM",7,75,30,20,471.238898,"3","N","1.070369531","44.41250048","41.49268005","-3.423494993","-30.22246069",6420,62.0915524383413,25.1856575012207,c(18.95015, -34.31184)
"1820",1820,"622_8_HK","Adenandra villosa","RUTACEAE",-34.31625,18.95626,"Hangklip",622,"TEM",8,25,4,4,12.56637061,"1","N","1.241572085","45.36446027","36.537919","-4.455541529","-28.89906502",6630,76.6442600410776,23.360294342041,c(18.95626, -34.31625)
"1821",1821,"622_9_HK","Euphorbia silenifolia","EUPHORBIACEAE",-34.31625,18.95626,"Hangklip",622,"TEM",9,10,20,12,188.4955592,"1","N","1.35729663","45.86462242","33.7911562","-2.398302656","-27.55380365",6630,76.6442600410776,23.360294342041,c(18.95626, -34.31625)
"1822",1822,"626_1_HK","Restio similis","RESTIONACEAE",-34.35272,18.93285,"Hangklip",626,"TEM",1,53,50,40,1570.796327,"1","N","0.291235054","46.61693045","160.0663441","0.8633169","-29.19477263",5880,40.7475812876615,24.1638278961182,c(18.93285, -34.35272)
"1823",1823,"626_10_HK","Stilbe ericoides","STILBACEAE",-34.36212,18.86642,"Hangklip",626,"TEM",10,45,70,50,2748.893572,"3","N","0.755872164","51.43067484","68.04149863","-4.309645008","-28.53463663",6270,16.4930686164344,8.73109245300293,c(18.86642, -34.36212)
"1824",1824,"626_2_HK","Thesium ericifolium","SANTALACEAE",-34.35272,18.93285,"Hangklip",626,"TEM",2,30,24,20,376.9911184,"4","N","0.595643425","44.85485637","75.30487952","-5.221253476","-30.60042499",5880,40.7475812876615,24.1638278961182,c(18.93285, -34.35272)
"1825",1825,"626_3_HK","Centella triloba","APIACEAE",-34.35272,18.93285,"Hangklip",626,"TEM",3,30,90,80,5654.866776,"2","N","0.664617162","41.25992325","62.08073704","-2.700866584","-31.41049724",5880,40.7475812876615,24.1638278961182,c(18.93285, -34.35272)
"1826",1826,"626_4_HK","Ischyrolepis subverticillata","RESTIONACEAE",-34.35272,18.93285,"Hangklip",626,"TEM",4,150,160,140,17592.91886,"3","N","0.806370949","46.62952307","57.82639263","0.277772471","-28.02547811",5880,40.7475812876615,24.1638278961182,c(18.93285, -34.35272)
"1827",1827,"626_5_HK","Cliffortia ruscifolia","ROSACEAE",-34.35272,18.93285,"Hangklip",626,"TEM",5,170,230,200,36128.31552,"4","S","0.89662888","49.97466166","55.7361722","-0.748399038","-29.65499363",5880,40.7475812876615,24.1638278961182,c(18.93285, -34.35272)
"1828",1828,"626_6_HK","Erica hispidula","ERICACEAE",-34.35272,18.93285,"Hangklip",626,"TEM",6,42,40,32,1005.309649,"2","B","0.727933244","52.34361756","71.90716734","-3.391182341","-29.51026349",5880,40.7475812876615,24.1638278961182,c(18.93285, -34.35272)
"1829",1829,"626_7_HK","Phylica imberbis","RHAMNACEAE",-34.35272,18.93285,"Hangklip",626,"TEM",7,26,25,20,392.6990817,"2","B","0.665320805","57.34413851","86.19020795","-0.005208031","-32.09978751",5880,40.7475812876615,24.1638278961182,c(18.93285, -34.35272)
"1830",1830,"626_8_HK","Microdon dubius","SCROPHULARIACEAE",-34.35272,18.93285,"Hangklip",626,"TEM",8,55,40,35,1099.557429,"4","N","0.660734478","49.55173942","74.99493523","1.429277904","-32.11332342",5880,40.7475812876615,24.1638278961182,c(18.93285, -34.35272)
"1831",1831,"626_9_HK","Erica monadelphia","ERICACEAE",-34.35272,18.93285,"Hangklip",626,"TEM",9,60,60,50,2356.19449,"4","N","NA","NA","NA","NA","NA",5880,40.7475812876615,24.1638278961182,c(18.93285, -34.35272)
"1832",1832,"702_1_LB","Protea aurea","PROTEACEAE",-33.93635,21.03385,"Langeberg",702,"TEM",1,300,160,150,18849.55592,"4","S","0.821760371","51.03894406","62.10927891","2.66558612","-28.06133774",5310,702.410686958736,19.2153587341309,c(21.03385, -33.93635)
"1833",1833,"702_10_LB","Erica daphniflora","ERICACEAE",-33.93635,21.03385,"Langeberg",702,"TEM",10,45,25,20,392.6990817,"4","N","0.765374724","51.03210543","66.67597431","-6.411937144","-28.48788305",5310,702.410686958736,19.2153587341309,c(21.03385, -33.93635)
"1834",1834,"702_11_LB","Leucadendron eucalyptifolium","PROTEACEAE",-33.93635,21.03385,"Langeberg",702,"TEM",11,2200,100,70,5497.787144,"4","S","0.473776473","50.46161733","106.5093355","-0.026659168","-30.12448599",5310,702.410686958736,19.2153587341309,c(21.03385, -33.93635)
"1835",1835,"702_12_LB","Pentaschistis curvifolia","POACEAE",-33.93635,21.03385,"Langeberg",702,"TEM",12,25,55,20,863.9379797,"0","S","0.778938896","44.05753486","56.56096403","-4.653955756","-27.49664419",5310,702.410686958736,19.2153587341309,c(21.03385, -33.93635)
"1836",1836,"702_13_LB","Thamnochortus cinereus","RESTIONACEAE",-33.93635,21.03385,"Langeberg",702,"TEM",13,90,85,70,4673.119072,"1","B","0.662360582","47.47530847","71.67592659","2.183290725","-28.12889929",5310,702.410686958736,19.2153587341309,c(21.03385, -33.93635)
"1837",1837,"702_14_LB","Hippia pilosa","ASTERACEAE",-33.93635,21.03385,"Langeberg",702,"TEM",14,35,50,25,981.7477042,"3","B","1.217337635","46.3571181","38.0807401","-2.926301258","-30.88178038",5310,702.410686958736,19.2153587341309,c(21.03385, -33.93635)
"1838",1838,"702_15_LB","Anthospermum galioides","RUBIACEAE",-33.93635,21.03385,"Langeberg",702,"TEM",15,38,60,35,1649.336143,"3","S","1.111461505","51.14194819","46.01324288","-3.33913829","-28.98602344",5310,702.410686958736,19.2153587341309,c(21.03385, -33.93635)
"1839",1839,"702_16_LB","Lobelia neglecta","CAMPANULACEAE",-33.93635,21.03385,"Langeberg",702,"TEM",16,35,75,50,2945.243113,"4","B","1.025509247","49.05735225","47.83706474","-0.543194601","-30.37859809",5310,702.410686958736,19.2153587341309,c(21.03385, -33.93635)
"1840",1840,"702_17_LB","Cyclopia intermedia","FABACEAE",-33.93635,21.03385,"Langeberg",702,"TEM",17,80,130,90,9189.158512,"4","N","1.719674458","51.46535873","29.92738451","-0.591130654","-29.12417169",5310,702.410686958736,19.2153587341309,c(21.03385, -33.93635)
"1841",1841,"702_18_LB","Diospyros glabra","EBENACEAE",-33.93635,21.03385,"Langeberg",702,"TEM",18,140,190,130,19399.33464,"4","S","1.024940157","51.41431873","50.16323966","-0.152858165","-30.20616488",5310,702.410686958736,19.2153587341309,c(21.03385, -33.93635)
"1842",1842,"702_19_LB","Aristea racemosa","IRIDACEAE",-33.93635,21.03385,"Langeberg",702,"TEM",19,70,100,70,5497.787144,"0","N","0.597449029","48.00855976","80.35590891","-3.10630603","-26.47616226",5310,702.410686958736,19.2153587341309,c(21.03385, -33.93635)
"1843",1843,"702_2_LB","Cliffortia burchellii","ROSACEAE",-33.93635,21.03385,"Langeberg",702,"TEM",2,320,140,120,13194.68915,"4","N","1.151418218","48.0016631","41.68916417","-2.715969595","-27.76487362",5310,702.410686958736,19.2153587341309,c(21.03385, -33.93635)
"1844",1844,"702_20_LB","Brunia laevis","BRUNIACEAE",-33.93635,21.03385,"Langeberg",702,"TEM",20,125,90,85,6008.29595,"4","B","0.785546563","51.20493379","65.18383018","-3.343051437","-27.60857452",5310,702.410686958736,19.2153587341309,c(21.03385, -33.93635)
"1845",1845,"702_3_LB","Penaea mucronata","PENAEACEAE",-33.93635,21.03385,"Langeberg",702,"TEM",3,90,65,66,3369.358121,"4","S","0.750484859","45.8145255","61.04656868","-2.68368613","-28.69258447",5310,702.410686958736,19.2153587341309,c(21.03385, -33.93635)
"1846",1846,"702_4_LB","Senecio crenatus","ASTERACEAE",-33.93635,21.03385,"Langeberg",702,"TEM",4,70,75,50,2945.243113,"2","B","1.033715748","46.19131249","44.68473329","-2.177911852","-28.51510935",5310,702.410686958736,19.2153587341309,c(21.03385, -33.93635)
"1847",1847,"702_5_LB","Erica versicolor","ERICACEAE",-33.93635,21.03385,"Langeberg",702,"TEM",5,175,170,160,21362.83004,"4","B","0.901849798","54.09825972","59.9858866","-2.338350888","-28.87913502",5310,702.410686958736,19.2153587341309,c(21.03385, -33.93635)
"1848",1848,"702_6_LB","Elegia equisetacea","RESTIONACEAE",-33.93635,21.03385,"Langeberg",702,"TEM",6,110,65,55,2807.798434,"1","N","0.525369948","45.4347812","86.48150015","-1.537133995","-28.82669919",5310,702.410686958736,19.2153587341309,c(21.03385, -33.93635)
"1849",1849,"702_7_LB","Clutia alaternoides","EUPHORBIACEAE",-33.93635,21.03385,"Langeberg",702,"TEM",7,45,50,40,1570.796327,"3","N","0.890619438","47.60492861","53.45148172","-2.197477588","-30.2051565",5310,702.410686958736,19.2153587341309,c(21.03385, -33.93635)
"1850",1850,"702_8_LB","Helichrysum cymosum","ASTERACEAE",-33.93635,21.03385,"Langeberg",702,"TEM",8,40,85,50,3337.942194,"3","B","1.866634744","46.82468485","25.08508159","-1.78659713","-31.79436551",5310,702.410686958736,19.2153587341309,c(21.03385, -33.93635)
"1851",1851,"702_9_LB","Protea neriifolia","PROTEACEAE",-33.93635,21.03385,"Langeberg",702,"TEM",9,180,170,140,18692.47629,"4","S","0.688874947","52.61749095","76.38177466","2.932658418","-27.38068033",5310,702.410686958736,19.2153587341309,c(21.03385, -33.93635)
"1852",1852,"704_1_LB","Chondropetalum mucronatum","RESTIONACEAE",-33.97945,20.79565,"Langeberg",704,"TEM",1,230,160,150,18849.55592,"0","N","0.65266474","43.87390588","67.22273044","-0.774249583","-27.94641064",5640,472.477906835504,18.8922061920166,c(20.79565, -33.97945)
"1853",1853,"704_10_LB","Lobelia coronopifolia","CAMPANULACEAE",-33.97945,20.79565,"Langeberg",704,"TEM",10,5,8,6,37.69911184,"1","N","1.548625388","45.81388358","29.58358033","-3.042595488","-30.6090124",5640,472.477906835504,18.8922061920166,c(20.79565, -33.97945)
"1854",1854,"704_11_LB","Epischoenus quadrangularis","CYPERACEAE",-33.97945,20.79565,"Langeberg",704,"TEM",11,60,40,30,942.4777961,"0","N","0.51756978","44.97371504","86.89401278","3.848244876","-27.61217568",5640,472.477906835504,18.8922061920166,c(20.79565, -33.97945)
"1855",1855,"704_12_LB","Ficinia zeyheri","CYPERACEAE",-33.97945,20.79565,"Langeberg",704,"TEM",12,20,25,20,392.6990817,"0","N","0.801351928","46.2281884","57.68774837","2.948796412","-28.054063",5640,472.477906835504,18.8922061920166,c(20.79565, -33.97945)
"1856",1856,"704_13_LB","Chrysitrix capensis","CYPERACEAE",-33.97945,20.79565,"Langeberg",704,"TEM",13,45,40,25,785.3981634,"0","N","0.660795175","46.7391859","70.73173003","3.76835965","-28.20580157",5640,472.477906835504,18.8922061920166,c(20.79565, -33.97945)
"1857",1857,"704_14_LB","Ficinia oligantha","CYPERACEAE",-33.97945,20.79565,"Langeberg",704,"TEM",14,20,30,20,471.238898,"0","N","1.239790938","47.26987916","38.12729851","1.370816653","-26.76941147",5640,472.477906835504,18.8922061920166,c(20.79565, -33.97945)
"1858",1858,"704_15_LB","Merxmuellera rufa","POACEAE",-33.97945,20.79565,"Langeberg",704,"TEM",15,25,45,30,1060.287521,"0","N","0.809497233","43.62077136","53.88625138","0.371758217","-25.59241231",5640,472.477906835504,18.8922061920166,c(20.79565, -33.97945)
"1859",1859,"704_16_LB","Psoralea pinnata","FABACEAE",-33.97945,20.79565,"Langeberg",704,"TEM",16,350,170,120,16022.12253,"4","S","1.842586748","52.48884253","28.48649736","-2.403513685","-27.24308187",5640,472.477906835504,18.8922061920166,c(20.79565, -33.97945)
"1860",1860,"704_17_LB","Pterygodium acutifolium","ORCHIDACEAE",-33.9795,20.79739,"Langeberg",704,"TEM",17,100,100,100,7853.981634,"0","N","0.661268058","44.73517977","67.65059826","-2.855210392","-27.34765845",5580,466.656823794409,19.5424327850342,c(20.79739, -33.9795)
"1861",1861,"704_18_LB","Laurophyllus capensis","ANACARDIACEAE",-33.9795,20.79739,"Langeberg",704,"TEM",18,285,200,170,26703.53756,"4","N","0.739666905","48.06924697","64.98769463","-5.959885569","-27.30254698",5580,466.656823794409,19.5424327850342,c(20.79739, -33.9795)
"1862",1862,"704_19_LB","Widdringtonia nodiflora","CUPRESSACEAE",-33.9795,20.79739,"Langeberg",704,"TEM",19,400,360,320,90477.86842,"4","N","0.707611534","51.53903786","72.83521451","-6.321834676","-27.02470136",5580,466.656823794409,19.5424327850342,c(20.79739, -33.9795)
"1863",1863,"704_2_LB","Erica nudiflora","ERICACEAE",-33.97945,20.79565,"Langeberg",704,"TEM",2,30,75,60,3534.291735,"4","B","0.764359113","54.47046006","71.26291708","-5.339542276","-29.31308301",5640,472.477906835504,18.8922061920166,c(20.79565, -33.97945)
"1864",1864,"704_20_LB","Gnidia oppositifolia","THYMELAEACEAE",-33.9795,20.79739,"Langeberg",704,"TEM",20,240,120,90,8482.300165,"4","N","1.154117539","47.85735612","41.46662233","-4.856285974","-26.83092711",5580,466.656823794409,19.5424327850342,c(20.79739, -33.9795)
"1865",1865,"704_21_LB","Adenandra fragrans","RUTACEAE",-33.9795,20.79739,"Langeberg",704,"TEM",21,120,50,50,1963.495408,"4","N","0.648970671","49.91492084","76.91398562","-3.107687153","-26.96318573",5580,466.656823794409,19.5424327850342,c(20.79739, -33.9795)
"1866",1866,"704_22_LB","Erica versicolor","ERICACEAE",-33.9795,20.79739,"Langeberg",704,"TEM",22,170,80,60,3769.911184,"4","N","0.707434848","54.07861117","76.44323898","-5.729106029","-27.63473142",5580,466.656823794409,19.5424327850342,c(20.79739, -33.9795)
"1867",1867,"704_23_LB","Bobartia macrospatha","IRIDACEAE",-33.97853,20.80991,"Langeberg",704,"TEM",23,130,180,130,18378.31702,"0","N","0.308061551","47.02607594","152.6515589","-4.001218192","-27.61217568",5490,475.388448356051,19.0281963348389,c(20.80991, -33.97853)
"1868",1868,"704_24_LB","Berzelia lanuginosa","BRUNIACEAE",-33.97853,20.80991,"Langeberg",704,"TEM",24,230,90,70,4948.008429,"4","N","0.905703991","53.03035751","58.55153346","-6.146284428","-29.42278589",5490,475.388448356051,19.0281963348389,c(20.80991, -33.97853)
"1869",1869,"704_25_LB","Berzelia lanuginosa","BRUNIACEAE",-33.97853,20.80991,"Langeberg",704,"TEM",25,80,60,50,2356.19449,"4","B","0.574786936","52.96672859","92.15019557","-5.9184636","-28.2334836",5490,475.388448356051,19.0281963348389,c(20.80991, -33.97853)
"1870",1870,"704_26_LB","Rhodocoma gigantea","RESTIONACEAE",-33.97853,20.80991,"Langeberg",704,"TEM",26,200,170,170,22698.00692,"0","N","0.626461971","47.07058119","75.13717252","0.904326386","-28.40880317",5490,475.388448356051,19.0281963348389,c(20.80991, -33.97853)
"1871",1871,"704_27_LB","Cassine schinoides","CELASTRACEAE",-33.98097,20.82309,"Langeberg",704,"TEM",27,800,600,500,235619.449,"4","N","1.108618754","47.91333164","43.21894382","0.131116304","-28.78609906",5130,431.730325547842,17.870735168457,c(20.82309, -33.98097)
"1872",1872,"704_28_LB","Rapanea melanophloeos","MYRSINACEAE",-33.98097,20.82309,"Langeberg",704,"TEM",28,1000,400,500,157079.6327,"4","N","1.166573824","48.84289286","41.86866862","-1.004042886","-30.3567983",5130,431.730325547842,17.870735168457,c(20.82309, -33.98097)
"1873",1873,"704_29_LB","Pterocelastrus rostratus","CELASTRACEAE",-33.98097,20.82309,"Langeberg",704,"TEM",29,600,600,400,188495.5592,"4","N","1.130390962","46.71742684","41.32855658","1.327422209","-28.90810507",5130,431.730325547842,17.870735168457,c(20.82309, -33.98097)
"1874",1874,"704_3_LB","Grubbia rosmarinifolia","GRUBBIACEAE",-33.97945,20.79565,"Langeberg",704,"TEM",3,190,150,150,17671.45868,"4","B","0.739606608","54.99034054","74.35079672","-6.105848697","-29.82571331",5640,472.477906835504,18.8922061920166,c(20.79565, -33.97945)
"1875",1875,"704_30_LB","Diospyros whyteana","EBENACEAE",-33.98097,20.82309,"Langeberg",704,"TEM",30,300,200,120,18849.55592,"4","N","1.047090271","47.36459915","45.23449454","-5.265574475","-30.03691699",5130,431.730325547842,17.870735168457,c(20.82309, -33.98097)
"1876",1876,"704_31_LB","Ocotea bullata","LAURACEAE",-33.98097,20.82309,"Langeberg",704,"TEM",31,2500,1200,1000,942477.7961,"4","N","1.945446608","50.36014285","25.88616035","-2.533697016","-30.15994826",5130,431.730325547842,17.870735168457,c(20.82309, -33.98097)
"1877",1877,"704_32_LB","Olinia ventosa","OLINIACEAE",-33.98097,20.82309,"Langeberg",704,"TEM",32,2000,1200,1000,942477.7961,"4","N","1.954495851","50.10807143","25.63733834","1.209073727","-27.79979837",5130,431.730325547842,17.870735168457,c(20.82309, -33.98097)
"1878",1878,"704_33_LB","Podocarpus latifolius","PODOCARPACEAE",-33.98097,20.82309,"Langeberg",704,"TEM",33,800,500,400,157079.6327,"4","N","0.855370905","47.27242823","55.2654152","0.858959468","-28.25398882",5130,431.730325547842,17.870735168457,c(20.82309, -33.98097)
"1879",1879,"704_4_LB","Erica cubica","ERICACEAE",-33.97945,20.79565,"Langeberg",704,"TEM",4,100,75,50,2945.243113,"4","N","0.862349564","49.32487145","57.19823318","-5.392799093","-28.75329073",5640,472.477906835504,18.8922061920166,c(20.79565, -33.97945)
"1880",1880,"704_5_LB","Platycaulos compressus","RESTIONACEAE",-33.97945,20.79565,"Langeberg",704,"TEM",5,110,80,70,4398.229715,"1","N","0.422144684","47.95005937","113.5867895","1.728820811","-27.44095716",5640,472.477906835504,18.8922061920166,c(20.79565, -33.97945)
"1881",1881,"704_6_LB","Ursinia trifida","ASTERACEAE",-33.97945,20.79565,"Langeberg",704,"TEM",6,100,90,90,6361.725124,"4","N","1.645572058","48.29360126","29.34760652","-2.363077954","-30.18660504",5640,472.477906835504,18.8922061920166,c(20.79565, -33.97945)
"1882",1882,"704_7_LB","Ehrharta setacea","POACEAE",-33.97945,20.79565,"Langeberg",704,"TEM",7,35,60,50,2356.19449,"2","N","1.254376757","41.69750328","33.24161026","0.031506332","-27.14670737",5640,472.477906835504,18.8922061920166,c(20.79565, -33.97945)
"1883",1883,"704_8_LB","Edmondia sesamoides","ASTERACEAE",-33.97945,20.79565,"Langeberg",704,"TEM",8,40,30,20,471.238898,"3","B","0.893776997","43.96154406","49.18625585","-2.629362038","-29.05984364",5640,472.477906835504,18.8922061920166,c(20.79565, -33.97945)
"1884",1884,"704_9_LB","Cliffortia serpyllifolia","ROSACEAE",-33.97945,20.79565,"Langeberg",704,"TEM",9,140,85,75,5006.913292,"4","S","0.736343773","48.99184468","66.5339295","-6.665045274","-29.4330385",5640,472.477906835504,18.8922061920166,c(20.79565, -33.97945)
"1885",1885,"705_1_BK","Aloe ferox","ASPHODELACEAE",-33.61039,24.14044,"Baviaanksloof",705,"TEM",1,400,150,150,17671.45868,"0","N","0.570724814","37.16662743","65.22168872","3.053551063","-13.93378959",5910,757.710975849134,15.0261335372925,c(24.14044, -33.61039)
"1886",1886,"705_10_BK","Portulacaria afra","PORTULACACEAE",-33.60111,24.14074,"Baviaanksloof",705,"TEM",10,160,250,160,31415.92654,"4","N","0.867644037","41.72395242","48.08879064","5.801956211","-20.11429395",6480,700.470325945038,20.6184196472168,c(24.14074, -33.60111)
"1887",1887,"705_11_BK","Euphorbia rhombifolia","EUPHORBIACEAE",-33.60111,24.14074,"Baviaanksloof",705,"TEM",11,80,100,85,6675.884389,"4","N","0.919258397","46.5481149","50.63659475","5.486396898","-24.07535651",6480,700.470325945038,20.6184196472168,c(24.14074, -33.60111)
"1888",1888,"705_12_BK","Pelargonium tetragonum","GERANIACEAE",-33.60111,24.14074,"Baviaanksloof",705,"TEM",12,110,90,70,4948.008429,"4","N","2.322778001","39.6496437","17.06992389","3.377886942","-23.82760935",6480,700.470325945038,20.6184196472168,c(24.14074, -33.60111)
"1889",1889,"705_13_BK","Haworthia viscosa","ASPHODELACEAE",-33.60111,24.14074,"Baviaanksloof",705,"TEM",13,7,25,12,235.619449,"1","N","0.684049235","47.36789711","69.24632716","2.320285123","-14.53082489",6480,700.470325945038,20.6184196472168,c(24.14074, -33.60111)
"1890",1890,"705_14_BK","Pelargonium peltatum","GERANIACEAE",-33.60111,24.14074,"Baviaanksloof",705,"TEM",14,25,75,30,1767.145868,"3","N","1.118762828","41.6726948","37.24890904","2.741987114","-22.23219477",6480,700.470325945038,20.6184196472168,c(24.14074, -33.60111)
"1891",1891,"705_15_BK","Euphorbia heptagona","EUPHORBIACEAE",-33.59978,24.1414,"Baviaanksloof",705,"TEM",15,95,115,115,10386.89071,"3","N","0.657485547","41.1874466","62.64388139","4.443138684","-13.09928975",6420,672.335091246415,20.6184196472168,c(24.1414, -33.59978)
"1892",1892,"705_16_BK","Crassula rupestris","CRASSULACEAE",-33.59978,24.1414,"Baviaanksloof",705,"TEM",16,32,60,45,2120.575041,"3","N","0.518770044","41.03835743","79.10703003","5.104857001","-14.87689972",6420,672.335091246415,20.6184196472168,c(24.1414, -33.59978)
"1893",1893,"705_17_BK","Tephrosia capensis","FABACEAE",-33.59388,24.14323,"Baviaanksloof",705,"TEM",17,30,110,100,8639.379797,"4","L","2.953984638","47.10633097","15.94670817","-0.492017725","-27.28160964",7260,548.151986369732,22.6556186676025,c(24.14323, -33.59388)
"1894",1894,"705_18_BK","Polygala myrtifolia","POLYGALACEAE",-33.59388,24.14323,"Baviaanksloof",705,"TEM",18,200,170,170,22698.00692,"4","N","1.020242874","51.11742137","50.10318885","7.167467421","-26.06890175",7260,548.151986369732,22.6556186676025,c(24.14323, -33.59388)
"1895",1895,"705_19_BK","Euphorbia grandidens","EUPHORBIACEAE",-33.58886,24.146398,"Baviaanksloof",705,"TEM",19,500,100,100,7853.981634,"3","N","1.254485335","41.43280891","33.02773477","6.588942013","-14.76604009",6000,433.67068656154,20.5881595611572,c(24.146398, -33.58886)
"1896",1896,"705_2_BK","Ruschia virgata","AIZOACEAE",-33.6086,24.13856,"Baviaanksloof",705,"TEM",2,60,85,65,4339.324853,"4","N","1.095069106","38.54463208","35.19835586","4.890659164","-23.97606485",6210,753.830253821738,15.2431316375732,c(24.13856, -33.6086)
"1897",1897,"705_3_BK","Adromischus maculatus","CRASSULACEAE",-33.6086,24.13856,"Baviaanksloof",705,"TEM",3,23,33,28,725.707903,"1","N","1.159821165","45.08275383","38.87043553","4.419232675","-13.85988317",6210,753.830253821738,15.2431316375732,c(24.13856, -33.6086)
"1898",1898,"705_4_BK","Crassula cotyledonis","CRASSULACEAE",-33.6086,24.13856,"Baviaanksloof",705,"TEM",4,7,15,9,106.0287521,"1","N","1.187895753","41.93585541","35.3026394","6.173933705","-16.10021157",6210,753.830253821738,15.2431316375732,c(24.13856, -33.6086)
"1899",1899,"705_5_BK","Crassula mollis","CRASSULACEAE",-33.6086,24.13856,"Baviaanksloof",705,"TEM",5,28,27,12,254.4690049,"2","N","1.100653863","42.82416802","38.90793414","6.368050494","-21.30482991",6210,753.830253821738,15.2431316375732,c(24.13856, -33.6086)
"1900",1900,"705_6_BK","Crassula rupestris","CRASSULACEAE",-33.6086,24.13856,"Baviaanksloof",705,"TEM",6,16,32,32,804.2477193,"2","N","0.595333558","42.25260374","70.9729918","2.425471561","-14.90099964",6210,753.830253821738,15.2431316375732,c(24.13856, -33.6086)
"1901",1901,"705_7_BK","Bulbine latifolia","ASPHODELACEAE",-33.6086,24.13856,"Baviaanksloof",705,"TEM",7,20,18,10,141.3716694,"0","N","1.563644263","39.46478193","25.23897721","4.458438529","-27.46187703",6210,753.830253821738,15.2431316375732,c(24.13856, -33.6086)
"1902",1902,"705_8_BK","Cussonia spicata","ARALIACEAE",-33.6086,24.13856,"Baviaanksloof",705,"TEM",8,400,200,150,23561.9449,"0","N","1.254946454","48.2075858","38.41405793","2.95331623","-25.89923833",6210,753.830253821738,15.2431316375732,c(24.13856, -33.6086)
"1903",1903,"705_9_BK","Crassula ovata","CRASSULACEAE",-33.60606,24.13788,"Baviaanksloof",705,"TEM",9,170,130,170,17357.29941,"4","N","2.232082483","40.03449899","17.93594067","4.861015714","-15.64231312",5880,759.651336862832,13.2793941497803,c(24.13788, -33.60606)
"1904",1904,"709_1_BK","Protea lorifolia","PROTEACEAE",-33.63891,24.23569,"Baviaanksloof",709,"TEM",1,200,170,150,20027.65317,"4","B","0.59575041","51.82445577","86.99021412","8.480385412","-26.23567319",6750,500.613141534127,21.9298839569092,c(24.23569, -33.63891)
"1905",1905,"709_10_BK","Aloe speciosa","ASPHODELACEAE",-33.63742,24.23646,"Baviaanksloof",709,"TEM",10,300,200,200,31415.92654,"1","N","0.561263278","36.69418888","65.37785442","1.136459578","-15.11307892",3840,497.70260001358,25.4036197662354,c(24.23646, -33.63742)
"1906",1906,"709_11_BK","Pelargonium peltatum","GERANIACEAE",-33.63742,24.23646,"Baviaanksloof",709,"TEM",11,130,750,75,44178.64669,"2","N","1.684330865","42.61688266","25.30196623","2.592813621","-27.06663837",3840,497.70260001358,25.4036197662354,c(24.23646, -33.63742)
"1907",1907,"709_12_BK","Pelargonium tetragonum","GERANIACEAE",-33.63742,24.23646,"Baviaanksloof",709,"TEM",12,30,45,40,1413.716694,"2","N","3.113496033","42.362535","13.60609891","3.493592024","-28.44804568",3840,497.70260001358,25.4036197662354,c(24.23646, -33.63742)
"1908",1908,"709_13_BK","Indigofera denudata","FABACEAE",-33.63742,24.23646,"Baviaanksloof",709,"TEM",13,110,120,90,8482.300165,"4","B","1.940444742","46.52498792","23.97645596","-0.120996472","-28.60710514",3840,497.70260001358,25.4036197662354,c(24.23646, -33.63742)
"1909",1909,"709_14_BK","Portulacaria afra","PORTULACACEAE",-33.63742,24.23646,"Baviaanksloof",709,"TEM",14,300,510,300,120165.919,"2","N","0.921566196","41.4494279","44.97715744","2.808923938","-19.29393273",3840,497.70260001358,25.4036197662354,c(24.23646, -33.63742)
"1910",1910,"709_15_BK","Carpobrotus edulis","AIZOACEAE",-33.63742,24.23646,"Baviaanksloof",709,"TEM",15,30,290,130,29609.51076,"3","N","0.929130808","36.26202308","39.02789871","1.511305793","-24.59013077",3840,497.70260001358,25.4036197662354,c(24.23646, -33.63742)
"1911",1911,"709_16_BK","Cussonia spicata","ARALIACEAE",-33.63742,24.23646,"Baviaanksloof",709,"TEM",16,400,400,400,125663.7061,"3","N","1.317117041","48.91413982","37.13727656","5.320011078","-24.15729624",3840,497.70260001358,25.4036197662354,c(24.23646, -33.63742)
"1912",1912,"709_17_BK","Olea europaea","OLEACEAE",-33.63742,24.23646,"Baviaanksloof",709,"TEM",17,220,250,210,41233.40358,"4","N","1.513584176","49.60157074","32.77093639","1.700641381","-25.88574237",3840,497.70260001358,25.4036197662354,c(24.23646, -33.63742)
"1913",1913,"709_18_BK","Cissampelos capensis","MENISPERMACEAE",-33.63742,24.23646,"Baviaanksloof",709,"TEM",18,170,250,240,47123.8898,"4","N","3.076356114","45.71050257","14.85865123","3.114920848","-27.93712741",3840,497.70260001358,25.4036197662354,c(24.23646, -33.63742)
"1914",1914,"709_19_BK","Cotyledon velutina","CRASSULACEAE",-33.63742,24.23646,"Baviaanksloof",709,"TEM",19,170,170,160,21362.83004,"4","N","1.816118382","36.65542892","20.18339183","2.555520247","-15.99802791",3840,497.70260001358,25.4036197662354,c(24.23646, -33.63742)
"1915",1915,"709_2_BK","Pentaschistis eriostoma","POACEAE",-33.63891,24.23569,"Baviaanksloof",709,"TEM",2,30,90,80,5654.866776,"0","N","0.949013586","44.2140514","46.58948202","5.747450512","-25.4345919",6750,500.613141534127,21.9298839569092,c(24.23569, -33.63891)
"1916",1916,"709_20_BK","NA","NA",-33.63742,24.23646,"Baviaanksloof",709,"TEM",20,15,50,50,1963.495408,"1","N","1.551411623","45.20938689","29.14080713","2.50675199","-28.80086848",3840,497.70260001358,25.4036197662354,c(24.23646, -33.63742)
"1917",1917,"709_21_BK","Rhoicissus digitata","VITACEAE",-33.63742,24.23646,"Baviaanksloof",709,"TEM",21,120,280,100,21991.14858,"4","B","1.541624229","49.24128999","31.94117545","1.596411183","-25.92719423",3840,497.70260001358,25.4036197662354,c(24.23646, -33.63742)
"1918",1918,"709_22_BK","Senecio linifolius","ASTERACEAE",-33.63742,24.23646,"Baviaanksloof",709,"TEM",22,160,90,100,7068.583471,"3","N","2.443705769","43.3043372","17.72076563","2.417821638","-30.17552782",3840,497.70260001358,25.4036197662354,c(24.23646, -33.63742)
"1919",1919,"709_23_BK","Aloe comptonii","ASPHODELACEAE",-33.61903,24.2543,"Baviaanksloof",709,"TEM",23,60,110,100,8639.379797,"1","N","0.684701202","40.12353499","58.60006505","3.884694324","-15.30877025",6210,318.219206246499,21.47776222229,c(24.2543, -33.61903)
"1920",1920,"709_24_BK","Melinis repens","POACEAE",-33.61903,24.2543,"Baviaanksloof",709,"TEM",24,24,25,16,314.1592654,"1","N","1.821045308","42.6496498","23.42042212","4.693673654","-13.4665725",6210,318.219206246499,21.47776222229,c(24.2543, -33.61903)
"1921",1921,"709_25_BK","Pegolettia baccaridifolia","ASTERACEAE",-33.61903,24.2543,"Baviaanksloof",709,"TEM",25,125,190,130,19399.33464,"4","N","2.639768888","43.6320481","16.52873791","5.024532812","-27.21798585",6210,318.219206246499,21.47776222229,c(24.2543, -33.61903)
"1922",1922,"709_26_BK","Crassula muscosa","CRASSULACEAE",-33.61903,24.2543,"Baviaanksloof",709,"TEM",26,18,50,40,1570.796327,"4","N","0.663020173","43.28327483","65.28198777","4.119929448","-20.50182064",6210,318.219206246499,21.47776222229,c(24.2543, -33.61903)
"1923",1923,"709_27_BK","Digitaria eriantha","POACEAE",-33.61903,24.2543,"Baviaanksloof",709,"TEM",27,45,60,50,2356.19449,"0","N","1.478113098","40.88437323","27.65984096","5.478491326","-11.50918626",6210,318.219206246499,21.47776222229,c(24.2543, -33.61903)
"1924",1924,"709_28_BK","Tragus berteronianus","POACEAE",-33.61903,24.2543,"Baviaanksloof",709,"TEM",28,8,18,12,169.6460033,"0","N","1.681063241","39.77505273","23.66065223","4.93519122","-14.04232458",6210,318.219206246499,21.47776222229,c(24.2543, -33.61903)
"1925",1925,"709_29_BK","Dodonaea angustifolia","SAPINDACEAE",-33.61903,24.2543,"Baviaanksloof",709,"TEM",29,450,330,250,64795.34848,"4","N","1.607800628","47.14594522","29.32325339","2.953570402","-27.47691668",6210,318.219206246499,21.47776222229,c(24.2543, -33.61903)
"1926",1926,"709_3_BK","Portulacaria afra","PORTULACACEAE",-33.63891,24.23569,"Baviaanksloof",709,"TEM",3,35,40,30,942.4777961,"3","N","0.684463902","40.28129547","58.85086904","7.211454477","-20.57508439",6750,500.613141534127,21.9298839569092,c(24.23569, -33.63891)
"1927",1927,"709_30_BK","Elytropappus rhinocerotis","ASTERACEAE",-33.61903,24.2543,"Baviaanksloof",709,"TEM",30,140,190,130,19399.33464,"4","S","1.519532658","52.5824736","34.60437215","4.340803221","-26.48748644",6210,318.219206246499,21.47776222229,c(24.2543, -33.61903)
"1928",1928,"709_31_BK","Enneapogon scoparius","POACEAE",-33.61903,24.2543,"Baviaanksloof",709,"TEM",31,20,40,38,1193.805208,"2","N","1.861770935","41.72855236","22.41336546","5.394982268","-13.56385384",6210,318.219206246499,21.47776222229,c(24.2543, -33.61903)
"1929",1929,"709_32_BK","Sutera denudata","SCROPHULARIACEAE",-33.61903,24.2543,"Baviaanksloof",709,"TEM",32,22,20,20,314.1592654,"4","N","1.6093705","45.77595748","28.44339291","4.109925237","-29.62412798",6210,318.219206246499,21.47776222229,c(24.2543, -33.61903)
"1930",1930,"709_33_BK","Pteronia incana","ASTERACEAE",-33.61903,24.2543,"Baviaanksloof",709,"TEM",33,65,100,70,5497.787144,"4","N","1.873181704","43.17471165","23.0488647","4.105995399","-28.18083969",6210,318.219206246499,21.47776222229,c(24.2543, -33.61903)
"1931",1931,"709_4_BK","Portulacaria afra","PORTULACACEAE",-33.6381,24.23457,"Baviaanksloof",709,"TEM",4,110,100,60,4712.38898,"3","N","0.675224474","41.20311616","61.02136065","5.992248039","-19.51468799",6090,508.37458558892,24.4179191589355,c(24.23457, -33.6381)
"1932",1932,"709_5_BK","Acacia karroo","FABACEAE",-33.6381,24.23457,"Baviaanksloof",709,"TEM",5,350,240,170,32044.24507,"4","N","2.400860364","45.81884829","19.08434534","-0.772196146","-26.63573183",6090,508.37458558892,24.4179191589355,c(24.23457, -33.6381)
"1933",1933,"709_6_BK","Merxmuellera stricta","POACEAE",-33.6381,24.23457,"Baviaanksloof",709,"TEM",6,35,40,40,1256.637061,"0","N","0.98309572","43.73629152","44.48833479","3.415180315","-26.82274719",6090,508.37458558892,24.4179191589355,c(24.23457, -33.6381)
"1934",1934,"709_7_BK","Crassula ovata","CRASSULACEAE",-33.6381,24.23457,"Baviaanksloof",709,"TEM",7,100,100,75,5890.486225,"4","N","1.346609099","39.38565423","29.24802324","4.642036675","-15.52663351",6090,508.37458558892,24.4179191589355,c(24.23457, -33.6381)
"1935",1935,"709_8_BK","Crassula ovata","CRASSULACEAE",-33.63891,24.23569,"Baviaanksloof",709,"TEM",8,45,40,35,1099.557429,"4","N","1.129062134","42.56551516","37.69988727","6.935101017","-15.2663544",6750,500.613141534127,21.9298839569092,c(24.23569, -33.63891)
"1936",1936,"709_9_BK","Passerina obtusifolia","THYMELAEACEAE",-33.63891,24.23569,"Baviaanksloof",709,"TEM",9,190,120,120,11309.73355,"4","N","0.967834615","52.75075543","54.50389419","3.53949156","-25.27264045",6750,500.613141534127,21.9298839569092,c(24.23569, -33.63891)
"1937",1937,"711_1_BK","Erica umbelliflora","ERICACEAE",-33.52231,24.08742,"Baviaanksloof",711,"TEM",1,13,42,36,1187.522023,"4","L","0.668274188","55.15056833","82.52685697","-1.311286303","-25.83475784",6660,1175.85877430109,19.8976287841797,c(24.08742, -33.52231)
"1938",1938,"711_10_BK","Chrysanthemoides monilifera","ASTERACEAE",-33.52231,24.08742,"Baviaanksloof",711,"TEM",10,67,50,52,2042.035225,"4","N","0.595489946","47.97853829","80.56985454","0.695878463","-28.91134441",6660,1175.85877430109,19.8976287841797,c(24.08742, -33.52231)
"1939",1939,"711_11_BK","Helichrysum zeyheri","ASTERACEAE",-33.52231,24.08742,"Baviaanksloof",711,"TEM",11,12,22,30,518.3627878,"4","N","1.295735062","46.27356112","35.71220884","-0.145106872","-29.946062",6660,1175.85877430109,19.8976287841797,c(24.08742, -33.52231)
"1940",1940,"711_12_BK","Merxmuellera arundinacea","POACEAE",-33.52231,24.08742,"Baviaanksloof",711,"TEM",12,100,110,90,7775.441818,"0","N","0.834020191","45.62119622","54.70034987","0.36380715","-22.81231919",6660,1175.85877430109,19.8976287841797,c(24.08742, -33.52231)
"1941",1941,"711_13_BK","Lobelia coronopifolia","CAMPANULACEAE",-33.52231,24.08742,"Baviaanksloof",711,"TEM",13,20,22,23,397.4114707,"3","L","1.014515845","45.43624831","44.78613963","0.105420301","-28.33343839",6660,1175.85877430109,19.8976287841797,c(24.08742, -33.52231)
"1942",1942,"711_14_BK","Felicia filifolia","ASTERACEAE",-33.52231,24.08742,"Baviaanksloof",711,"TEM",14,40,26,39,796.3937377,"2","N","0.833451317","47.93670229","57.51589962","1.689145021","-28.84045985",6660,1175.85877430109,19.8976287841797,c(24.08742, -33.52231)
"1943",1943,"711_15_BK","Relhania speciosa","ASTERACEAE",-33.52231,24.08742,"Baviaanksloof",711,"TEM",15,40,24,17,320.4424507,"2","B","0.603517769","50.74382641","84.08008681","-1.270023004","-26.23545247",6660,1175.85877430109,19.8976287841797,c(24.08742, -33.52231)
"1944",1944,"711_16_BK","Gnidia juniperifolia","THYMELAEACEAE",-33.52231,24.08742,"Baviaanksloof",711,"TEM",16,13,22,26,449.2477495,"3","N","1.372799028","43.74348791","31.8644514","-0.391704208","-27.2485109",6660,1175.85877430109,19.8976287841797,c(24.08742, -33.52231)
"1945",1945,"711_17_BK","Leucadendron uliginosum","PROTEACEAE",-33.52319,24.08866,"Baviaanksloof",711,"TEM",17,192,58,65,2960.951076,"2","S","0.557310728","51.40212535","92.23243469","1.713706508","-27.35188421",6660,1194.29220393122,19.8976287841797,c(24.08866, -33.52319)
"1946",1946,"711_18_BK","Erica sparrmannii","ERICACEAE",-33.52319,24.08866,"Baviaanksloof",711,"TEM",18,100,90,48,3392.920066,"4","B","0.703261195","57.78475155","82.1668421","-3.611224001","-26.26794123",6660,1194.29220393122,19.8976287841797,c(24.08866, -33.52319)
"1947",1947,"711_19_BK","Cliffortia polita","ROSACEAE",-33.52319,24.08866,"Baviaanksloof",711,"TEM",19,54,23,17,307.0906819,"3","N","0.824778971","45.82578911","55.56129671","-6.146951979","-27.62951538",6660,1194.29220393122,19.8976287841797,c(24.08866, -33.52319)
"1948",1948,"711_2_BK","Lachnaea glomerata","THYMELAEACEAE",-33.52231,24.08742,"Baviaanksloof",711,"TEM",2,25,48,24,904.7786842,"4","N","1.060576521","48.56905672","45.7949575","-1.231707083","-25.96471285",6660,1175.85877430109,19.8976287841797,c(24.08742, -33.52231)
"1949",1949,"711_20_BK","NA","NA",-33.52319,24.08866,"Baviaanksloof",711,"TEM",20,50,40,40,1256.637061,"3","B","1.853266912","52.43615701","28.29390449","-0.650091057","-27.73584221",6660,1194.29220393122,19.8976287841797,c(24.08866, -33.52319)
"1950",1950,"711_21_BK","Metalasia pungens","ASTERACEAE",-33.52319,24.08866,"Baviaanksloof",711,"TEM",21,56,20,15,235.619449,"3","S","0.652403598","43.89076308","67.2754767","-4.015997316","-28.15327348",6660,1194.29220393122,19.8976287841797,c(24.08866, -33.52319)
"1951",1951,"711_22_BK","Struthiola macowanii","THYMELAEACEAE",-33.52319,24.08866,"Baviaanksloof",711,"TEM",22,38,15,12,141.3716694,"1","N","0.816926473","48.07162824","58.84449807","-4.755789322","-27.68760133",6660,1194.29220393122,19.8976287841797,c(24.08866, -33.52319)
"1952",1952,"711_23_BK","Argyrolobium collinum","FABACEAE",-33.52319,24.08866,"Baviaanksloof",711,"TEM",23,60,61,62,2970.375854,"4","B","2.280042486","48.05477794","21.07626426","-1.093180293","-27.27804613",6660,1194.29220393122,19.8976287841797,c(24.08866, -33.52319)
"1953",1953,"711_24_BK","Themeda triandra","POACEAE",-33.52319,24.08866,"Baviaanksloof",711,"TEM",24,29,33,30,777.5441818,"0","N","1.137625432","43.40623938","38.15512396","-3.616136298","-13.08932112",6660,1194.29220393122,19.8976287841797,c(24.08866, -33.52319)
"1954",1954,"711_25_BK","Syncarpha canescens","ASTERACEAE",-33.52319,24.08866,"Baviaanksloof",711,"TEM",25,30,9,7,49.48008429,"1","B","0.94257115","46.97359282","49.83559364","-4.066102751","-29.82595206",6660,1194.29220393122,19.8976287841797,c(24.08866, -33.52319)
"1955",1955,"711_26_BK","Erica kougabergensis","ERICACEAE",-33.52319,24.08866,"Baviaanksloof",711,"TEM",26,40,15,14,164.9336143,"3","S","0.63006546","53.73843716","85.29024456","-4.044488642","-27.2366968",6660,1194.29220393122,19.8976287841797,c(24.08866, -33.52319)
"1956",1956,"711_27_BK","Hypodiscus albo-aristatus","RESTIONACEAE",-33.52319,24.08866,"Baviaanksloof",711,"TEM",27,60,30,25,589.0486225,"0",NA,"0.368899086","46.38360339","125.7352083","1.436652928","-27.198301",6660,1194.29220393122,19.8976287841797,c(24.08866, -33.52319)
"1957",1957,"711_28_BK","Pentameris distichophylla","POACEAE",-33.52319,24.08866,"Baviaanksloof",711,"TEM",28,60,40,60,1884.955592,"1","N","1.051801031","43.77216202","41.61639011","-3.521820186","-26.06414813",6660,1194.29220393122,19.8976287841797,c(24.08866, -33.52319)
"1958",1958,"711_29_BK","NA","NA",-33.52319,24.08866,"Baviaanksloof",711,"TEM",29,60,38,35,1044.579557,"0","N","0.691513771","45.60101518","65.94375567","2.38374389","-25.8938283",6660,1194.29220393122,19.8976287841797,c(24.08866, -33.52319)
"1959",1959,"711_3_BK","Protea intonsa","PROTEACEAE",-33.52231,24.08742,"Baviaanksloof",711,"TEM",3,20,95,75,5595.961914,"2","N","0.606068534","47.78268581","78.84040026","2.670622065","-24.19555251",6660,1175.85877430109,19.8976287841797,c(24.08742, -33.52231)
"1960",1960,"711_30_BK","Restio sejunctus","RESTIONACEAE",-33.52319,24.08866,"Baviaanksloof",711,"TEM",30,80,70,53,2913.827186,"4","N","0.549857779","47.42831536","86.25560491","0.595667593","-25.81900571",6660,1194.29220393122,19.8976287841797,c(24.08866, -33.52319)
"1961",1961,"711_31_BK","Senecio hollandii","ASTERACEAE",-33.52319,24.08866,"Baviaanksloof",711,"TEM",31,40,25,20,392.6990817,"1","B","0.73590841","49.20980034","66.86946322","-3.340065178","-30.12819593",6660,1194.29220393122,19.8976287841797,c(24.08866, -33.52319)
"1962",1962,"711_32_BK","Chironia linoides","GENTIANACEAE",-33.52319,24.08866,"Baviaanksloof",711,"TEM",32,46,18,10,141.3716694,"3","N","1.018355138","49.29274298","48.40427583","-2.949046295","-26.37525257",6660,1194.29220393122,19.8976287841797,c(24.08866, -33.52319)
"1963",1963,"711_33_BK","Leucadendron salignum","PROTEACEAE",-33.52319,24.08866,"Baviaanksloof",711,"TEM",33,95,82,73,4701.393406,"4","N","0.444257244","51.02026577","114.8439703","2.381778971","-28.43484268",6660,1194.29220393122,19.8976287841797,c(24.08866, -33.52319)
"1964",1964,"711_34_BK","Protea punctata","PROTEACEAE",-33.52325,24.08739,"Baviaanksloof",711,"TEM",34,92,62,60,2921.681168,"2","B ","0.598906153","50.54515904","84.39579183","1.755952267","-26.69226405",5850,1157.42534467096,19.8976287841797,c(24.08739, -33.52325)
"1965",1965,"711_35_BK","Rhodocoma capensis","RESTIONACEAE",-33.52325,24.08739,"Baviaanksloof",711,"TEM",35,80,62,53,2580.818365,"4","N","0.716300424","47.81217108","66.74876834","-0.054720598","-28.09321851",5850,1157.42534467096,19.8976287841797,c(24.08739, -33.52325)
"1966",1966,"711_36_BK","Pelargonium laevigatum","GERANIACEAE",-33.52325,24.08739,"Baviaanksloof",711,"TEM",36,27,30,15,353.4291735,"3","N","0.933436853","42.49790769","45.52842281","-5.511300681","-28.22415803",5850,1157.42534467096,19.8976287841797,c(24.08739, -33.52325)
"1967",1967,"711_37_BK","Pelargonium ovale","GERANIACEAE",-33.52325,24.08739,"Baviaanksloof",711,"TEM",37,20,39,36,1102.699021,"2","L","1.000606539","45.03536519","45.00806602","-4.08771686","-28.84144436",5850,1157.42534467096,19.8976287841797,c(24.08739, -33.52325)
"1968",1968,"711_38_BK","Helichrysum felinum","ASTERACEAE",-33.52325,24.08739,"Baviaanksloof",711,"TEM",38,50,50,27,1060.287521,"2","B","1.082039419","45.83809847","42.36268816","-4.947368926","-30.58106947",5850,1157.42534467096,19.8976287841797,c(24.08739, -33.52325)
"1969",1969,"711_39_BK","Restio triticeus","RESTIONACEAE",-33.52325,24.08739,"Baviaanksloof",711,"TEM",39,52,64,50,2513.274123,"4","N","0.440187967","46.48683659","105.6067864","-0.516476565","-24.8207149",5850,1157.42534467096,19.8976287841797,c(24.08739, -33.52325)
"1970",1970,"711_4_BK","Rhodocoma fruticosa","RESTIONACEAE",-33.52231,24.08742,"Baviaanksloof",711,"TEM",4,75,35,20,549.7787144,"0","N","0.368909643","45.91951005","124.4735965","0.987668935","-25.75796624",6660,1175.85877430109,19.8976287841797,c(24.08742, -33.52231)
"1971",1971,"711_40_BK","Anthospermum galioides","RUBIACEAE",-33.52325,24.08739,"Baviaanksloof",711,"TEM",40,18,40,26,816.8140899,"3","N","1.20071475","50.42563319","41.99634691","-3.946242691","-26.01886078",5850,1157.42534467096,19.8976287841797,c(24.08739, -33.52325)
"1972",1972,"711_41_BK","Erica strigilifolia","ERICACEAE",-33.52325,24.08739,"Baviaanksloof",711,"TEM",41,120,67,77,4051.869125,"4","N","0.811398013","59.77815665","73.673038","-2.482378031","-25.86429307",5850,1157.42534467096,19.8976287841797,c(24.08739, -33.52325)
"1973",1973,"711_42_BK","Crassula muscosa","CRASSULACEAE",-33.52325,24.08739,"Baviaanksloof",711,"TEM",42,17,15,12,141.3716694,"3","N","0.334797137","42.88016263","128.0780445","-1.496971149","-22.04538769",5850,1157.42534467096,19.8976287841797,c(24.08739, -33.52325)
"1974",1974,"711_43_BK","Protea lorifolia","PROTEACEAE",-33.52181,24.08694,"Baviaanksloof",711,"TEM",43,125,215,160,27017.69682,"4","N","0.458700463","52.29813025","114.0136854","2.518340842","-25.72055494",6990,1165.18678872575,23.0239734649658,c(24.08694, -33.52181)
"1975",1975,"711_44_BK","Hypodiscus striatus","RESTIONACEAE",-33.52181,24.08694,"Baviaanksloof",711,"TEM",44,46,35,27,742.2012644,"0","N","0.498920613","47.1826119","94.56937772","0.109350139","-24.83843604",6990,1165.18678872575,23.0239734649658,c(24.08694, -33.52181)
"1976",1976,"711_45_BK","NA","NA",-33.52181,24.08694,"Baviaanksloof",711,"TEM",45,9,16,14,175.9291886,"3","N","0.568710923","40.26561077","70.80154278","1.588934151","-27.36960534",6990,1165.18678872575,23.0239734649658,c(24.08694, -33.52181)
"1977",1977,"711_46_BK","Agathosma martiana","RUTACEAE",-33.52181,24.08694,"Baviaanksloof",711,"TEM",46,50,24,23,433.5397862,"4","S","0.706999884","48.03139188","67.93691621","-1.256268571","-29.05606704",6990,1165.18678872575,23.0239734649658,c(24.08694, -33.52181)
"1978",1978,"711_5_BK","Protea repens","PROTEACEAE",-33.52231,24.08742,"Baviaanksloof",711,"TEM",5,87,90,100,7068.583471,"3","N","0.696710643","51.88602179","74.47284225","3.740520464","-25.12295877",6660,1175.85877430109,19.8976287841797,c(24.08742, -33.52231)
"1979",1979,"711_6_BK","Crassula biplanata","CRASSULACEAE",-33.52231,24.08742,"Baviaanksloof",711,"TEM",6,15,20,16,251.3274123,"2","N","0.58638143","41.40525246","70.61146613","-1.323075817","-23.15985041",6660,1175.85877430109,19.8976287841797,c(24.08742, -33.52231)
"1980",1980,"711_7_BK","Aspalathus rubens","FABACEAE",-33.52231,24.08742,"Baviaanksloof",711,"TEM",7,30,63,100,4948.008429,"4","B","1.380215767","48.72119573","35.29969507","-0.612757596","-28.15130446",6660,1175.85877430109,19.8976287841797,c(24.08742, -33.52231)
"1981",1981,"711_8_BK","Phylica lachneaeoides","RHAMNACEAE",-33.52231,24.08742,"Baviaanksloof",711,"TEM",8,26,25,27,530.1437603,"4","S","0.695359966","52.1359646","74.97694313","-2.364482891","-28.83159928",6660,1175.85877430109,19.8976287841797,c(24.08742, -33.52231)
"1982",1982,"711_9_BK","Metalasia massonii","ASTERACEAE",-33.52231,24.08742,"Baviaanksloof",711,"TEM",9,50,100,55,4319.689899,"4","B","0.740017712","44.14619456","59.65559184","-1.477321959","-28.48505257",6660,1175.85877430109,19.8976287841797,c(24.08742, -33.52231)
"1983",1983,"723_1_BK","Erica petraea","ERICACEAE",-33.57364,24.25737,"Baviaanksloof",723,"TEM",1,18,22,20,345.5751919,"4",NA,"0.338441539","50.414445","148.9605714","-6.741339979","-28.04497763",NA,NA,NA,c(24.25737, -33.57364)
"1984",1984,"723_2_BK","Erica cordata","ERICACEAE",-33.57364,24.25737,"Baviaanksloof",723,"TEM",2,45,45,30,1060.287521,"4",NA,"0.293372924","50.04039319","170.5692281","-8.761276718","-27.88056484",NA,NA,NA,c(24.25737, -33.57364)
"1985",1985,"723_3_BK","Stoebe plumosa","ASTERACEAE",-33.5737,24.25837,"Baviaanksloof",723,"TEM",3,60,66,50,2591.813939,"4","B","0.450910554","47.25464259","104.7982624","-5.539792006","-29.94901552",2460,1357.28252908187,30,c(24.25837, -33.5737)
"1986",1986,"723_4_BK","Osteospermum junceum","ASTERACEAE",-33.5762,24.26122,"Baviaanksloof",723,"TEM",4,220,160,145,18221.23739,"3","B","0.518273366","42.02517031","81.08688016","-4.786245567","-29.39276867",3660,1174.88859379424,30,c(24.26122, -33.5762)
"1987",1987,"723_5_BK","Agathosma unicarpellata","RUTACEAE",-33.57812,24.26116,"Baviaanksloof",723,"TEM",5,35,45,30,1060.287521,"4",NA,"0.39889459","47.91355685","120.1158354","-6.566462187","-27.90320852",NA,NA,NA,c(24.26116, -33.57812)
"1988",1988,"721_10_CP","Ischyrolepis cincinnata","RESTIONACEAE",-34.23988,18.38403,"Cape Point",721,"b",10,13,15,10,117.8097245,"3","NA","0.61","47.52","77.55","-0.75","-26.98",6390,15.5228881095853,4.56385660171509,c(18.38403, -34.23988)
"1989",1989,"721_11_CP","Tetraria microstachys","CYPERACEAE",-34.23988,18.38403,"Cape Point",721,"b",11,20,23,15,270.9623664,"0","NA","0.47","45.71","96.95","1.31","-27.27",6390,15.5228881095853,4.56385660171509,c(18.38403, -34.23988)
"1990",1990,"721_12_CP","Ischyrolepis capensis","RESTIONACEAE",-34.23988,18.38403,"Cape Point",721,"b",12,28,63,58,2869.844889,"1","NA","0.45","49.02","108.41","0.01","-25.94",6390,15.5228881095853,4.56385660171509,c(18.38403, -34.23988)
"1991",1991,"721_13_CP","Staberoha cernua","RESTIONACEAE",-34.23988,18.38403,"Cape Point",721,"b",13,40,70,52,2858.849315,"0","NA","0.33","49.41","148.86","0.64","-27.89",6390,15.5228881095853,4.56385660171509,c(18.38403, -34.23988)
"1992",1992,"721_14_CP","Hypodiscus aristatus","RESTIONACEAE",-34.24024369,18.39350179,"Cape Point",721,"b",14,58,35,32,879.645943,"0","NA","0.72","48.24","66.61","1.05","-29.87",6360,23.284332164378,5.61193227767944,c(18.39350179, -34.24024369)
"1993",1993,"721_15_CP","Restio quinquefarius","RESTIONACEAE",-34.24024369,18.39350179,"Cape Point",721,"b",15,38,23,15,270.9623664,"1","NA","0.37","49.47","132.66","-2.73","-28.68",6360,23.284332164378,5.61193227767944,c(18.39350179, -34.24024369)
"1994",1994,"721_16_CP","Tetraria cuspidata","CYPERACEAE",-34.24024369,18.39350179,"Cape Point",721,"b",16,34,47,56,2067.167966,"0","NA","0.38","43.915","116.845","1","-26.86",6360,23.284332164378,5.61193227767944,c(18.39350179, -34.24024369)
"1995",1995,"721_17_CP","Tetraria fasciata","CYPERACEAE",-34.24024369,18.39350179,"Cape Point",721,"b",17,37,58,60,2733.185609,"0","NA","0.62","46.1","73.92","1.69","-27.9",6360,23.284332164378,5.61193227767944,c(18.39350179, -34.24024369)
"1996",1996,"721_18_CP","Staberoha banksii","RESTIONACEAE",-34.24024369,18.39350179,"Cape Point",721,"b",18,40,44,43,1485.973325,"0","NA","0.49","50.32","103.01","1.17","-25.91",6360,23.284332164378,5.61193227767944,c(18.39350179, -34.24024369)
"1997",1997,"721_19_CP","Tetraria compar","CYPERACEAE",-34.24024369,18.39350179,"Cape Point",721,"b",19,40,44,30,1036.725576,"0","NA","0.63","45.91","73.21","1.65","-23.95",6360,23.284332164378,5.61193227767944,c(18.39350179, -34.24024369)
"1998",1998,"721_1_CP","Tetraria eximia","CYPERACEAE",-34.23988,18.38403,"Cape Point",721,"b",1,25,50,40,1570.796327,"0","NA","0.57","45.5","79.2","2.41","-28.44",6390,15.5228881095853,4.56385660171509,c(18.38403, -34.23988)
"1999",1999,"721_20_CP","Elegia filacea","RESTIONACEAE",-34.24024369,18.39350179,"Cape Point",721,"b",20,29,32,39,980.1769079,"0","NA","1.15","46.71","40.68","-0.11","-29.64",6360,23.284332164378,5.61193227767944,c(18.39350179, -34.24024369)
"2000",2000,"721_21_CP","Tetraria flexuosa","CYPERACEAE",-34.24009,18.40361,"Cape Point",721,"b",21,87,75,90,5301.437603,"0","NA","0.45","45.99","103.32","0.23","-27.49",6300,24.2545126712271,5.90987777709961,c(18.40361, -34.24009)
"2001",2001,"721_22_CP","Elegia cuspidata","RESTIONACEAE",-34.24009,18.40361,"Cape Point",721,"b",22,55,24,15,282.7433388,"0","NA","0.23","44.51","190.94","-0.52","-29.44",6300,24.2545126712271,5.90987777709961,c(18.40361, -34.24009)
"2002",2002,"721_23_CP","Serruria glomerata","PROTEACEAE",-34.24009,18.40361,"Cape Point",721,"b",23,35,40,30,942.4777961,"4","NA","1.48","45.985","48.445","0.71","-29.745",6300,24.2545126712271,5.90987777709961,c(18.40361, -34.24009)
"2003",2003,"721_24_CP","Leucadendron laureolum","PROTEACEAE",-34.24009,18.40361,"Cape Point",721,"b",24,53,44,25,863.9379797,"4","NA","0.46","49.13","106.47","-1.49","-28.64",6300,24.2545126712271,5.90987777709961,c(18.40361, -34.24009)
"2004",2004,"721_25_CP","Elegia filacea","RESTIONACEAE",-34.24009,18.40361,"Cape Point",721,"b",25,52,40,24,753.9822369,"4","NA","1.15","46.71","40.68","-0.11","-29.64",6300,24.2545126712271,5.90987777709961,c(18.40361, -34.24009)
"2005",2005,"721_26_CP","Restio dodii","RESTIONACEAE",-34.26644334,18.43391597,"Cape Point",721,"b",26,41,30,29,683.2964022,"1","NA","0.52","51.31","98.91","-2.83","-27.07",6270,89.2566066301157,7.75920343399048,c(18.43391597, -34.26644334)
"2006",2006,"721_27_CP","Serruria glomerata","PROTEACEAE",-34.26644334,18.43391597,"Cape Point",721,"b",27,30,19,19,283.528737,"0","NA","1.48","45.985","48.445","0.71","-29.745",6270,89.2566066301157,7.75920343399048,c(18.43391597, -34.26644334)
"2007",2007,"721_28_CP","Tetraria flexuosa","CYPERACEAE",-34.26644334,18.43391597,"Cape Point",721,"b",28,69,64,77,3870.442149,"0","NA","0.45","45.99","103.32","0.23","-27.49",6270,89.2566066301157,7.75920343399048,c(18.43391597, -34.26644334)
"2008",2008,"721_29_CP","Metalasia muricata","ASTERACEAE",-34.26644334,18.43391597,"Cape Point",721,"b",29,40,38,39,1163.960078,"4","NA","0.65","44.73","68.91","-2.95","-29.91",6270,89.2566066301157,7.75920343399048,c(18.43391597, -34.26644334)
"2009",2009,"721_2_CP","Hypodiscus willdenowia","RESTIONACEAE",-34.23988,18.38403,"Cape Point",721,"b",2,32,20,20,314.1592654,"0","NA","0.72","47.22","65.97","-0.48","-28.13",6390,15.5228881095853,4.56385660171509,c(18.38403, -34.23988)
"2010",2010,"721_30_CP","Metalasia cephalotes","ASTERACEAE",-34.26644334,18.43391597,"Cape Point",721,"b",30,36,29,24,546.6371217,"4","NA","0.73","45.48","62.41","-3.38","-28.24",6270,89.2566066301157,7.75920343399048,c(18.43391597, -34.26644334)
"2011",2011,"721_31_CP","Diastella divaricata","PROTEACEAE",-34.26644334,18.43391597,"Cape Point",721,"b",31,19,31,27,657.3782628,"4","NA","0.57","51.19","89.37","-2.08","-29.27",6270,89.2566066301157,7.75920343399048,c(18.43391597, -34.26644334)
"2012",2012,"721_32_CP","Tetraria crassa","CYPERACEAE",-34.26644334,18.43391597,"Cape Point",721,"b",32,43,44,32,1105.840614,"0","NA","0.703333333","45.43333333","64.93666667","1.653333333","-27.21666667",6270,89.2566066301157,7.75920343399048,c(18.43391597, -34.26644334)
"2013",2013,"721_33_CP","Tetraria eximia","CYPERACEAE",-34.26644334,18.43391597,"Cape Point",721,"b",33,35,24,25,471.238898,"0","NA","0.57","45.5","79.2","2.41","-28.44",6270,89.2566066301157,7.75920343399048,c(18.43391597, -34.26644334)
"2014",2014,"721_34_CP","Tetraria microstachys","CYPERACEAE",-34.26644334,18.43391597,"Cape Point",721,"b",34,19,18,19,268.6061719,"0","NA","0.47","45.71","96.95","1.31","-27.27",6270,89.2566066301157,7.75920343399048,c(18.43391597, -34.26644334)
"2015",2015,"721_35_CP","Tetraria thermalis","CYPERACEAE",-34.26644334,18.43391597,"Cape Point",721,"b",35,51,184,161,23266.63519,"0","NA","0.83","46.37","55.8","1.26","-26.33",6270,89.2566066301157,7.75920343399048,c(18.43391597, -34.26644334)
"2016",2016,"721_36_CP","Ischyrolepis paludosa","RESTIONACEAE",-34.26644334,18.43391597,"Cape Point",721,"b",36,16,28,28,615.7521601,"1","NA","0.67","47.84","71.43","-1.15","-28.57",6270,89.2566066301157,7.75920343399048,c(18.43391597, -34.26644334)
"2017",2017,"721_37_CP","Osmitopsis asteriscoides","ASTERACEAE",-34.27327199,18.45321,"Cape Point",721,"b",37,120,127,115,11470.74018,"2","NA","1.26","46.62","37.1","-5.97","-30.64",6270,130.004187917777,11.188512802124,c(18.45321, -34.27327199)
"2018",2018,"721_38_CP","Tetraria crassa","CYPERACEAE",-34.27327199,18.45321,"Cape Point",721,"b",38,45,30,38,895.3539063,"0","NA","0.703333333","45.43333333","64.93666667","1.653333333","-27.21666667",6270,130.004187917777,11.188512802124,c(18.45321, -34.27327199)
"2019",2019,"721_39_CP","Penaea mucronata","PENAEACEAE",-34.27327199,18.45321,"Cape Point",721,"b",39,15,35,37,1017.090622,"2","NA","0.64","46.97","73.96","-3.98","-28.31",6270,130.004187917777,11.188512802124,c(18.45321, -34.27327199)
"2020",2020,"721_3_CP","Elegia stipularis","RESTIONACEAE",-34.23988,18.38403,"Cape Point",721,"b",3,50,35,30,824.6680716,"2","NA","0.37","45.84","123.23","-1.71","-24.41",6390,15.5228881095853,4.56385660171509,c(18.38403, -34.23988)
"2021",2021,"721_40_CP","Serruria glomerata","PROTEACEAE",-34.27327199,18.45321,"Cape Point",721,"b",40,35,24,22,414.6902303,"4","NA","1.48","45.985","48.445","0.71","-29.745",6270,130.004187917777,11.188512802124,c(18.45321, -34.27327199)
"2022",2022,"721_41_CP","Restio bifurcus","RESTIONACEAE",-34.27327199,18.45321,"Cape Point",721,"b",41,45,15,20,235.619449,"1","NA","0.23","49.01","209.35","0.73","-29.16",6270,130.004187917777,11.188512802124,c(18.45321, -34.27327199)
"2023",2023,"721_42_CP","Metalasia muricata","ASTERACEAE",-34.27327199,18.45321,"Cape Point",721,"b",42,32,20,10,157.0796327,"4","NA","0.65","44.73","68.91","-2.95","-29.91",6270,130.004187917777,11.188512802124,c(18.45321, -34.27327199)
"2024",2024,"721_43_CP","Hypodiscus aristatus","RESTIONACEAE",-34.27327199,18.45321,"Cape Point",721,"b",43,48,70,45,2474.004215,"0","NA","0.72","48.24","66.61","1.05","-29.87",6270,130.004187917777,11.188512802124,c(18.45321, -34.27327199)
"2025",2025,"721_44_CP","Tetraria microstachys","CYPERACEAE",-34.27327199,18.45321,"Cape Point",721,"b",44,14,18,25,353.4291735,"0","NA","0.47","45.71","96.95","1.31","-27.27",6270,130.004187917777,11.188512802124,c(18.45321, -34.27327199)
"2026",2026,"721_45_CP","Thamnochortus lucens","RESTIONACEAE",-34.27327199,18.45321,"Cape Point",721,"b",45,50,45,45,1590.431281,"2","NA","0.23","48.39","212.38","-0.69","-27.05",6270,130.004187917777,11.188512802124,c(18.45321, -34.27327199)
"2027",2027,"721_46_CP","Staberoha cernua","RESTIONACEAE",-34.27327199,18.45321,"Cape Point",721,"b",46,36,33,36,933.0530181,"0","NA","0.33","49.41","148.86","0.64","-27.89",6270,130.004187917777,11.188512802124,c(18.45321, -34.27327199)
"2028",2028,"721_47_CP","Restio dodii","RESTIONACEAE",-34.27327199,18.45321,"Cape Point",721,"b",47,68,8,10,62.83185307,"1","NA","0.52","51.31","98.91","-2.83","-27.07",6270,130.004187917777,11.188512802124,c(18.45321, -34.27327199)
"2029",2029,"721_48_CP","Elegia stipularis","RESTIONACEAE",-34.30607566,18.42244148,"Cape Point",721,"b",48,56,39,27,827.0242661,"3","NA","0.37","45.84","123.23","-1.71","-24.41",6420,89.2566066301157,5.64697217941284,c(18.42244148, -34.30607566)
"2030",2030,"721_49_CP","Leucadendron xanthoconus","PROTEACEAE",-34.30607566,18.42244148,"Cape Point",721,"b",49,75,190,140,20891.59115,"4","NA","0.54","48.48","89.64","0.61","-29.32",6420,89.2566066301157,5.64697217941284,c(18.42244148, -34.30607566)
"2031",2031,"721_4_CP","Chondropetalum microcarpum","RESTIONACEAE",-34.23988,18.38403,"Cape Point",721,"b",4,38,38,20,596.9026042,"0","NA","0.46","47.34","102.62","0.97","-29.29",6390,15.5228881095853,4.56385660171509,c(18.38403, -34.23988)
"2032",2032,"721_50_CP","Thamnochortus lucens","RESTIONACEAE",-34.30607566,18.42244148,"Cape Point",721,"b",50,34,30,19,447.6769531,"2","NA","0.23","48.39","212.38","-0.69","-27.05",6420,89.2566066301157,5.64697217941284,c(18.42244148, -34.30607566)
"2033",2033,"721_51_CP","Thamnochortus gracilis","RESTIONACEAE",-34.30607566,18.42244148,"Cape Point",721,"b",51,68,25,45,883.5729338,"2","NA","0.25","49.32","194.01","-2.02","-27.25",6420,89.2566066301157,5.64697217941284,c(18.42244148, -34.30607566)
"2034",2034,"721_52_CP","Elegia thyrsifera","RESTIONACEAE",-34.30607566,18.42244148,"Cape Point",721,"b",52,70,45,15,530.1437603,"0","NA","0.46","45.46","98.1","-0.47","-28.02",6420,89.2566066301157,5.64697217941284,c(18.42244148, -34.30607566)
"2035",2035,"721_53_CP","Restio egregius","RESTIONACEAE",-34.30607566,18.42244148,"Cape Point",721,"b",53,68,80,60,3769.911184,"2","NA","0.2","48.14","234.89","-1.54","-27.27",6420,89.2566066301157,5.64697217941284,c(18.42244148, -34.30607566)
"2036",2036,"721_54_CP","Thamnochortus gracilis","RESTIONACEAE",-34.31435832,18.423509,"Cape Point",721,"b",54,52,60,30,1413.716694,"2","NA","0.25","49.32","194.01","-2.02","-27.25",6240,84.4057040958702,7.44543170928955,c(18.423509, -34.31435832)
"2037",2037,"721_55_CP","Hypodiscus aristatus","RESTIONACEAE",-34.31435832,18.423509,"Cape Point",721,"b",55,70,110,80,6911.503838,"0","NA","0.72","48.24","66.61","1.05","-29.87",6240,84.4057040958702,7.44543170928955,c(18.423509, -34.31435832)
"2038",2038,"721_56_CP","Staberoha banksii","RESTIONACEAE",-34.31435832,18.423509,"Cape Point",721,"b",56,43,101,67,5314.789372,"0","NA","0.49","50.32","103.01","1.17","-25.91",6240,84.4057040958702,7.44543170928955,c(18.423509, -34.31435832)
"2039",2039,"721_57_CP","Restio bifurcus","RESTIONACEAE",-34.31435832,18.423509,"Cape Point",721,"b",57,28,24,21,395.8406744,"1","NA","0.23","49.01","209.35","0.73","-29.16",6240,84.4057040958702,7.44543170928955,c(18.423509, -34.31435832)
"2040",2040,"721_58_CP","Ischyrolepis cincinnata","RESTIONACEAE",-34.31435832,18.423509,"Cape Point",721,"b",58,15,26,15,306.3052837,"3","NA","0.61","47.52","77.55","-0.75","-26.98",6240,84.4057040958702,7.44543170928955,c(18.423509, -34.31435832)
"2041",2041,"721_59_CP","Tetraria fimbriolata","CYPERACEAE",-34.31435832,18.423509,"Cape Point",721,"b",59,32,42,25,824.6680716,"0","NA","0.83","45.66","54.72","2.47","-28.15",6240,84.4057040958702,7.44543170928955,c(18.423509, -34.31435832)
"2042",2042,"721_5_CP","Thamnochortus gracilis","RESTIONACEAE",-34.23988,18.38403,"Cape Point",721,"b",5,40,40,50,1570.796327,"1","NA","0.25","49.32","194.01","-2.02","-27.25",6390,15.5228881095853,4.56385660171509,c(18.38403, -34.23988)
"2043",2043,"721_60_CP","Hypodiscus willdenowia","RESTIONACEAE",-34.31435832,18.423509,"Cape Point",721,"b",60,21,15,15,176.7145868,"0","NA","0.72","47.22","65.97","-0.48","-28.13",6240,84.4057040958702,7.44543170928955,c(18.423509, -34.31435832)
"2044",2044,"721_6_CP","Thamnochortus lucens","RESTIONACEAE",-34.23988,18.38403,"Cape Point",721,"b",6,33,23,20,361.2831552,"2","NA","0.23","48.39","212.38","-0.69","-27.05",6390,15.5228881095853,4.56385660171509,c(18.38403, -34.23988)
"2045",2045,"721_7_CP","Leucadendron laureolum","PROTEACEAE",-34.23988,18.38403,"Cape Point",721,"b",7,45,52,60,2450.44227,"4","NA","0.46","49.13","106.47","-1.49","-28.64",6390,15.5228881095853,4.56385660171509,c(18.38403, -34.23988)
"2046",2046,"721_8_CP","Serruria villosa","PROTEACEAE",-34.23988,18.38403,"Cape Point",721,"b",8,35,23,23,415.4756284,"4","NA","0.59","49.62","84.43","0.26","-29.64",6390,15.5228881095853,4.56385660171509,c(18.38403, -34.23988)
"2047",2047,"721_9_CP","Diastella divaricata","PROTEACEAE",-34.23988,18.38403,"Cape Point",721,"b",9,25,42,55,1814.269757,"4","NA","0.57","51.19","89.37","-2.08","-29.27",6390,15.5228881095853,4.56385660171509,c(18.38403, -34.23988)
"2048",2048,"723_10_CP","Coleonema album","RUTACEAE",-34.29792174,18.4231174,"Cape Point",723,"a",10,47,160,118,14828.31732,"4","NA","0.9","48.86","54.01","1.32","-28.42",6420,98.9584116986065,3.40457987785339,c(18.4231174, -34.29792174)
"2049",2049,"723_10_CP","Pelargonium capitatum","GERANIACEAE",-34.30641,18.46261,"Cape Point",723,"c",10,34,32,10,251.3274123,"NA","NA","2.53","44.59","17.6","1.78","-28.1",6060,10.6719855753399,12.4788551330566,c(18.46261, -34.30641)
"2050",2050,"723_11_CP","Passerina vulgaris","THYMELAEACEAE",-34.29792174,18.4231174,"Cape Point",723,"a",11,148,155,160,19477.87445,"4","NA","0.55","50.25","91.25","-0.54","-28.17",6420,98.9584116986065,3.40457987785339,c(18.4231174, -34.29792174)
"2051",2051,"723_11_CP","Carpobrotus edulis","AIZOACEAE",-34.30641,18.46261,"Cape Point",723,"c",11,30,90,130,9189.158512,"NA","NA","0.95","33.98","35.88","4.71","-27.38",6060,10.6719855753399,12.4788551330566,c(18.46261, -34.30641)
"2052",2052,"723_12_CP","Staavia radiata","BRUNIACEAE",-34.29792174,18.4231174,"Cape Point",723,"a",12,58,50,44,1727.875959,"4","NA","0.66","56.74","86.26","-2.62","-28.21",6420,98.9584116986065,3.40457987785339,c(18.4231174, -34.29792174)
"2053",2053,"723_13_CP","Leucadendron salignum","PROTEACEAE",-34.29792174,18.4231174,"Cape Point",723,"a",13,41,42,34,1121.548577,"4","NA","0.47","51.76","110.8","2.37","-29.84",6420,98.9584116986065,3.40457987785339,c(18.4231174, -34.29792174)
"2054",2054,"723_13_CP","Leucadendron laureolum","PROTEACEAE",-34.29669631,18.44436443,"Cape Point",723,"c",13,140,250,180,35342.91735,"4","NA","0.46","49.13","106.47","-1.49","-28.64",6300,142.616534506815,6.24356079101562,c(18.44436443, -34.29669631)
"2055",2055,"723_14_CP","Pelargonium grossularioides","GERANIACEAE",-34.29792174,18.4231174,"Cape Point",723,"a",14,11,2,3,4.71238898,"2","NA","1.56","47.83","30.72","-2.88","-30.09",6420,98.9584116986065,3.40457987785339,c(18.4231174, -34.29792174)
"2056",2056,"723_14_CP","Penaea mucronata","PENAEACEAE",-34.29669631,18.44436443,"Cape Point",723,"c",14,40,100,90,7068.583471,"NA","NA","0.64","46.97","73.96","-3.98","-28.31",6300,142.616534506815,6.24356079101562,c(18.44436443, -34.29669631)
"2057",2057,"723_15_CP","Erica imbricata","ERICACEAE",-34.29792174,18.4231174,"Cape Point",723,"a",15,66,33,26,673.8716242,"4","NA","0.65","58.4","90.26","-5.36","-27.72",6420,98.9584116986065,3.40457987785339,c(18.4231174, -34.29792174)
"2058",2058,"723_15_CP","Diastella divaricata","PROTEACEAE",-34.29669631,18.44436443,"Cape Point",723,"c",15,23,134,90,9471.901851,"NA","NA","0.57","51.19","89.37","-2.08","-29.27",6300,142.616534506815,6.24356079101562,c(18.44436443, -34.29669631)
"2059",2059,"723_16_CP","Leucospermum conocarpodendron","PROTEACEAE",-34.29792174,18.4231174,"Cape Point",723,"a",16,150,215,110,18574.66656,"4","NA","0.62","51.6","82.59","0.22","-27.61",6420,98.9584116986065,3.40457987785339,c(18.4231174, -34.29792174)
"2060",2060,"723_17_CP","Morella quercifolia","MYRICACEAE",-34.29792174,18.4231174,"Cape Point",723,"a",17,26,29,22,501.0840282,"4","NA","1.11","49.33","44.26","-2.02","-27.45",6420,98.9584116986065,3.40457987785339,c(18.4231174, -34.29792174)
"2061",2061,"723_18_CP","Wachendorfia paniculata","HAEMODORACEAE",-34.29792174,18.4231174,"Cape Point",723,"a",18,29,17,12,160.2212253,"0","NA","NA","NA","NA","NA","NA",6420,98.9584116986065,3.40457987785339,c(18.4231174, -34.29792174)
"2062",2062,"723_19_CP","Trichocephalus stipularis","RHAMNACEAE",-34.29792174,18.4231174,"Cape Point",723,"a",19,60,85,40,2670.353756,"4","NA","0.71","54.19","75.93","0.8","-29.39",6420,98.9584116986065,3.40457987785339,c(18.4231174, -34.29792174)
"2063",2063,"723_1_CP","Bobartia indica","IRIDACEAE",-34.28944596,18.44329834,"Cape Point",723,"a",1,75,24,24,452.3893421,"0","NA","0.5","51.96","104.96","-2.53","-25.92",6450,124.183104876683,5.37006998062134,c(18.44329834, -34.28944596)
"2064",2064,"723_1_CP","Struthiola ciliata","THYMELAEACEAE",-34.27327199,18.45321,"Cape Point",723,"c",1,23,45,35,1237.002107,"NA","NA","0.56","56.3","100.64","-3.58","-26.8",6270,130.004187917777,11.188512802124,c(18.45321, -34.27327199)
"2065",2065,"723_20_CP","Carpobrotus acinaciformis","AIZOACEAE",-34.29792174,18.4231174,"Cape Point",723,"a",20,14,180,60,8482.300165,"1","NA","0.55","36.54","65.92","2.27","-27.2",6420,98.9584116986065,3.40457987785339,c(18.4231174, -34.29792174)
"2066",2066,"723_21_CP","Carpacoce vaginellata","RUBIACEAE",-34.29792174,18.4231174,"Cape Point",723,"a",21,14,89,25,1747.510914,"1","NA","0.88","34.91","39.82","2.04","-28.26",6420,98.9584116986065,3.40457987785339,c(18.4231174, -34.29792174)
"2067",2067,"723_22_CP","Serruria villosa","PROTEACEAE",-34.29792174,18.4231174,"Cape Point",723,"a",22,55,50,45,1767.145868,"4","NA","0.59","49.62","84.43","0.26","-29.64",6420,98.9584116986065,3.40457987785339,c(18.4231174, -34.29792174)
"2068",2068,"723_23_CP","Mimetes fimbriifolius","PROTEACEAE",-34.29792174,18.4231174,"Cape Point",723,"a",23,126,205,215,34616.42405,"4","NA","0.71","48.46","68.06","0.61","-28.04",6420,98.9584116986065,3.40457987785339,c(18.4231174, -34.29792174)
"2069",2069,"723_24_CP","Berzelia lanuginosa","BRUNIACEAE",-34.29792174,18.4231174,"Cape Point",723,"a",24,162,90,65,4594.579256,"4","NA","0.81","51.35","63.61","-5.08","-29.21",6420,98.9584116986065,3.40457987785339,c(18.4231174, -34.29792174)
"2070",2070,"723_25_CP","Erica corifolia","ERICACEAE",-34.29792174,18.4231174,"Cape Point",723,"a",25,53,33,25,647.9534848,"4","NA","0.7","53.81","76.67","-2.49","-26.56",6420,98.9584116986065,3.40457987785339,c(18.4231174, -34.29792174)
"2071",2071,"723_26_CP","Stylapterus fruticulosus","PENAEACEAE",-34.29792174,18.4231174,"Cape Point",723,"a",26,40,110,70,6047.565858,"4","NA","0.71","49.6","69.57","-2.6","-28.41",6420,98.9584116986065,3.40457987785339,c(18.4231174, -34.29792174)
"2072",2072,"723_27_CP","Erica breviflora","ERICACEAE",-34.29792174,18.4231174,"Cape Point",723,"a",27,107,80,120,7539.822369,"4","NA","0.59","53.44","90.25","-2.95","-26.99",6420,98.9584116986065,3.40457987785339,c(18.4231174, -34.29792174)
"2073",2073,"723_28_CP","Phylica imberbis","RHAMNACEAE",-34.29792174,18.4231174,"Cape Point",723,"a",28,33,45,24,848.2300165,"3","NA","0.57","57.69","101.28","-0.73","-29.24",6420,98.9584116986065,3.40457987785339,c(18.4231174, -34.29792174)
"2074",2074,"723_29_CP","Helichrysum patulum","ASTERACEAE",-34.29792174,18.4231174,"Cape Point",723,"a",29,27,120,16,1507.964474,"3","NA","1.59","42.78","26.88","-2.84","-32.32",6420,98.9584116986065,3.40457987785339,c(18.4231174, -34.29792174)
"2075",2075,"723_2_CP","Leucadendron laureolum","PROTEACEAE",-34.28944596,18.44329834,"Cape Point",723,"a",2,56,42,32,1055.575132,"2","NA","0.46","49.13","106.47","-1.49","-28.64",6450,124.183104876683,5.37006998062134,c(18.44329834, -34.28944596)
"2076",2076,"723_2_CP","Osmitopsis asteriscoides","ASTERACEAE",-34.27327199,18.45321,"Cape Point",723,"c",2,122,152,128,15280.70667,"NA","NA","1.26","46.62","37.1","-5.97","-30.64",6270,130.004187917777,11.188512802124,c(18.45321, -34.27327199)
"2077",2077,"723_30_CP","Erica coccinea","ERICACEAE",-34.29792174,18.4231174,"Cape Point",723,"a",30,78,24,13,245.044227,"3","NA","0.35","58.65","165.36","-2.92","-26.64",6420,98.9584116986065,3.40457987785339,c(18.4231174, -34.29792174)
"2078",2078,"723_3_CP","Berzelia abrotanoides","BRUNIACEAE",-34.28944596,18.44329834,"Cape Point",723,"a",3,68,100,100,7853.981634,"4","NA","0.42","52.74","125.51","-6.75","-27.34",6450,124.183104876683,5.37006998062134,c(18.44329834, -34.28944596)
"2079",2079,"723_3_CP","Diastella divaricata","PROTEACEAE",-34.27327199,18.45321,"Cape Point",723,"c",3,25,109,90,7704.755983,"NA","NA","0.57","51.19","89.37","-2.08","-29.27",6270,130.004187917777,11.188512802124,c(18.45321, -34.27327199)
"2080",2080,"723_4_CP","Cassytha ciliolata","LAURACEAE",-34.28944596,18.44329834,"Cape Point",723,"a",4,46,244,14,2682.920126,"1","NA","0.47","46.03","98.25","-1.19","-28.84",6450,124.183104876683,5.37006998062134,c(18.44329834, -34.28944596)
"2081",2081,"723_4_CP","Amphithalea ericifolia","FABACEAE",-34.27327199,18.45321,"Cape Point",723,"c",4,14,24,21,395.8406744,"NA","NA","1.63","51.29","31.37","-2.01","-30.43",6270,130.004187917777,11.188512802124,c(18.45321, -34.27327199)
"2082",2082,"723_5_CP","Erica muscosa","ERICACEAE",-34.28944596,18.44329834,"Cape Point",723,"a",5,31,8,6,37.69911184,"3","NA","0.95","54.14","57.09","-4.57","-28.32",6450,124.183104876683,5.37006998062134,c(18.44329834, -34.28944596)
"2083",2083,"723_5_CP","Syncarpha vestita","ASTERACEAE",-34.27327199,18.45321,"Cape Point",723,"c",5,35,57,56,2506.990938,"NA","NA","0.71","39.64","55.95","0.38","-29.94",6270,130.004187917777,11.188512802124,c(18.45321, -34.27327199)
"2084",2084,"723_6_CP","Erica bruniades","ERICACEAE",-34.28944596,18.44329834,"Cape Point",723,"a",6,27,16,9,113.0973355,"3","NA","0.52","52.82","100.97","-4.96","-28.31",6450,124.183104876683,5.37006998062134,c(18.44329834, -34.28944596)
"2085",2085,"723_6_CP","Leucadendron laureolum","PROTEACEAE",-34.27327199,18.45321,"Cape Point",723,"c",6,75,86,70,4728.096944,"NA","NA","0.46","49.13","106.47","-1.49","-28.64",6270,130.004187917777,11.188512802124,c(18.45321, -34.27327199)
"2086",2086,"723_7_CP","Erica clavisepala","ERICACEAE",-34.28944596,18.44329834,"Cape Point",723,"a",7,16,11,7,60.47565858,"2","NA","0.8","49.89","62.41","-5.74","-29.79",6450,124.183104876683,5.37006998062134,c(18.44329834, -34.28944596)
"2087",2087,"723_7_CP","Thesium strictum","SANTALACEAE",-34.27327199,18.45321,"Cape Point",723,"c",7,39,45,34,1201.65919,"NA","NA","0.61","44.78","72.96","-0.54","-25.85",6270,130.004187917777,11.188512802124,c(18.45321, -34.27327199)
"2088",2088,"723_8_CP","Ficinia anceps","CYPERACEAE",-34.28944596,18.44329834,"Cape Point",723,"a",8,9,33,29,751.6260424,"0","NA","1.62","51.39","31.74","0.86","-25.39",6450,124.183104876683,5.37006998062134,c(18.44329834, -34.28944596)
"2089",2089,"723_8_CP","Pelargonium gibbosum","GERANIACEAE",-34.30641,18.46261,"Cape Point",723,"c",8,54,160,190,23876.10417,"NA","NA","2.92","41.28","14.14","2.5","-29.47",6060,10.6719855753399,12.4788551330566,c(18.46261, -34.30641)
"2090",2090,"723_9_CP","Leucadendron xanthoconus","PROTEACEAE",-34.29792174,18.4231174,"Cape Point",723,"a",9,190,77,151,9131.824446,"4","NA","0.54","48.48","89.64","0.61","-29.32",6420,98.9584116986065,3.40457987785339,c(18.4231174, -34.29792174)
"2091",2091,"723_9_CP","Asparagus lignosus","ASPARAGACEAE",-34.30641,18.46261,"Cape Point",723,"c",9,100,87,56,3826.459852,"NA","NA","1.78","47.68","26.71","2.67","-28.33",6060,10.6719855753399,12.4788551330566,c(18.46261, -34.30641)
"2092",2092,"725_10_CP","Carpobrotus edulis","AIZOACEAE",-34.339806,18.463083,"Cape Point",725,"a",10,12,220,151,26090.92699,"2","NA","0.95","33.98","35.88","4.71","-27.38",6420,46.568664328756,8.41919803619385,c(18.463083, -34.339806)
"2093",2093,"725_10_CP","Indigofera glomerata","FABACEAE",-34.24009,18.40361,"Cape Point",725,"c",10,14,14,3,32.98672286,"2","NA","1.52","50.12","32.87","-0.74","-28.02",6300,24.2545126712271,5.90987777709961,c(18.40361, -34.24009)
"2094",2094,"725_11_CP","Mimetes fimbriifolius","PROTEACEAE",-34.339806,18.463083,"Cape Point",725,"a",11,350,750,680,400553.0633,"4","NA","0.71","48.46","68.06","0.61","-28.04",6420,46.568664328756,8.41919803619385,c(18.463083, -34.339806)
"2095",2095,"725_11_CP","Muraltia thunbergii","POLYGALACEAE",-34.24009,18.40361,"Cape Point",725,"c",11,16,3,2,4.71238898,"1","NA","0.63","48.69","77.59","-3.08","-27.8",6300,24.2545126712271,5.90987777709961,c(18.40361, -34.24009)
"2096",2096,"725_12_CP","Aspalathus retroflexa","FABACEAE",-34.24009,18.40361,"Cape Point",725,"c",12,9,140,12,1319.468915,"4","NA","1.14","49.6","43.32","-0.89","-27.04",6300,24.2545126712271,5.90987777709961,c(18.40361, -34.24009)
"2097",2097,"725_14_CP","Agathosma hookeri","RUTACEAE",-34.24009,18.40361,"Cape Point",725,"c",14,11,11,10,86.39379797,"1","NA","0.5","53.91","108.56","-0.81","-28.12",6300,24.2545126712271,5.90987777709961,c(18.40361, -34.24009)
"2098",2098,"725_15_CP","Dilatris corymbosa","HAEMODORACEAE",-34.24009,18.40361,"Cape Point",725,"c",15,30,19,12,179.0707813,"0","NA","0.7","46.02","65.5","0.67","-23.88",6300,24.2545126712271,5.90987777709961,c(18.40361, -34.24009)
"2099",2099,"725_16_CP","Leucospermum conocarpodendron","PROTEACEAE",-34.339806,18.463083,"Cape Point",725,"a",16,250,356,480,134208.8382,"4","NA","0.62","51.6","82.59","0.22","-27.61",6420,46.568664328756,8.41919803619385,c(18.463083, -34.339806)
"2100",2100,"725_16_CP","Saltera sarcocolla","PENAEACEAE",-34.28974176,18.45297483,"Cape Point",725,"c",16,38,44,40,1382.300768,"4","NA","0.51","48.21","95.37","-6.34","-26.09",6660,163.960505657495,9.82056045532227,c(18.45297483, -34.28974176)
"2101",2101,"725_17_CP","Adenandra villosa","RUTACEAE",-34.28974176,18.45297483,"Cape Point",725,"c",17,48,34,30,801.1061267,"3","NA","0.6","50.51","83.65","-6.93","-29.01",6660,163.960505657495,9.82056045532227,c(18.45297483, -34.28974176)
"2102",2102,"725_18_CP","Aspalathus capensis","FABACEAE",-34.28974176,18.45297483,"Cape Point",725,"c",18,110,110,70,6047.565858,"4","NA","0.92","51.99","56.57","-1.9","-28.25",6660,163.960505657495,9.82056045532227,c(18.45297483, -34.28974176)
"2103",2103,"725_19_CP","Hypodiscus aristatus","RESTIONACEAE",-34.28974176,18.45297483,"Cape Point",725,"c",19,60,90,50,3534.291735,"0","NA","0.72","48.24","66.61","1.05","-29.87",6660,163.960505657495,9.82056045532227,c(18.45297483, -34.28974176)
"2104",2104,"725_1_CP","Drosera trinervia","DROSERACEAE",-34.29792174,18.4231174,"Cape Point",725,"a",1,0,3,3,7.068583471,"0","NA","1.41","49.89","35.43","0.73","-28.7",6420,98.9584116986065,3.40457987785339,c(18.4231174, -34.29792174)
"2105",2105,"725_1_CP","Serruria villosa","PROTEACEAE",-34.24009,18.40361,"Cape Point",725,"c",1,52,24,21,395.8406744,"1","NA","0.59","49.62","84.43","0.26","-29.64",6300,24.2545126712271,5.90987777709961,c(18.40361, -34.24009)
"2106",2106,"725_20_CP","Elegia stipularis","RESTIONACEAE",-34.28974176,18.45297483,"Cape Point",725,"c",20,44,39,22,673.8716242,"1","NA","0.37","45.84","123.23","-1.71","-24.41",6660,163.960505657495,9.82056045532227,c(18.45297483, -34.28974176)
"2107",2107,"725_21_CP","Phaenocoma prolifera","ASTERACEAE",-34.28974176,18.45297483,"Cape Point",725,"c",21,60,30,18,424.1150082,"4","NA","0.3","44.86","150.84","-1.01","-28.35",6660,163.960505657495,9.82056045532227,c(18.45297483, -34.28974176)
"2108",2108,"725_22_CP","Lobelia pinifolia","CAMPANULACEAE",-34.28974176,18.45297483,"Cape Point",725,"c",22,47,19,9,134.3030859,"0","NA","0.8","53.05","66.3","-3.76","-28.53",6660,163.960505657495,9.82056045532227,c(18.45297483, -34.28974176)
"2109",2109,"725_23_CP","Petalacte coronata","ASTERACEAE",-34.28138148,18.45320608,"Cape Point",725,"c",23,13,26,26,530.9291585,"2","NA","0.57","46.75","82.52","-3.84","-29.08",6360,135.825270958872,8.7253942489624,c(18.45320608, -34.28138148)
"2110",2110,"725_24_CP","Osteospermum polygaloides","ASTERACEAE",-34.28138148,18.45320608,"Cape Point",725,"c",24,12,32,26,653.4512719,"1","NA","0.89","44.72","50.03","-4.06","-30.14",6360,135.825270958872,8.7253942489624,c(18.45320608, -34.28138148)
"2111",2111,"725_25_CP","Pentaschistis papillosa","POACEAE",-34.28138148,18.45320608,"Cape Point",725,"c",25,11,9,3,21.20575041,"0","NA","1.06","45.52","43.09","-2.31","-24.5",6360,135.825270958872,8.7253942489624,c(18.45320608, -34.28138148)
"2112",2112,"725_26_CP","Gnidia pinifolia","THYMELAEACEAE",-34.28138148,18.45320608,"Cape Point",725,"c",26,19,19,13,193.9933464,"1","NA","1.05","49.99","47.39","-4.14","-28.47",6360,135.825270958872,8.7253942489624,c(18.45320608, -34.28138148)
"2113",2113,"725_27_CP","Thesium strictum","SANTALACEAE",-34.28138148,18.45320608,"Cape Point",725,"c",27,44,24,14,263.8937829,"3","NA","0.61","44.78","72.96","-0.54","-25.85",6360,135.825270958872,8.7253942489624,c(18.45320608, -34.28138148)
"2114",2114,"725_28_CP","Erica corifolia","ERICACEAE",-34.28138148,18.45320608,"Cape Point",725,"c",28,30,20,14,219.9114858,"3","NA","0.7","53.81","76.67","-2.49","-26.56",6360,135.825270958872,8.7253942489624,c(18.45320608, -34.28138148)
"2115",2115,"725_29_CP","Elytropappus scaber","ASTERACEAE",-34.28138148,18.45320608,"Cape Point",725,"c",29,14,25,27,530.1437603,"4","NA","1.12","47.72","42.76","-0.62","-30.12",6360,135.825270958872,8.7253942489624,c(18.45320608, -34.28138148)
"2116",2116,"725_2_CP","Pelargonium betulinum","GERANIACEAE",-34.29792174,18.4231174,"Cape Point",725,"a",2,28,8,9,56.54866776,"3","NA","1.57","43.53","27.74","-0.54","-29.24",6420,98.9584116986065,3.40457987785339,c(18.4231174, -34.29792174)
"2117",2117,"725_2_CP","Struthiola ciliata","THYMELAEACEAE",-34.24009,18.40361,"Cape Point",725,"c",2,44,20,12,188.4955592,"3","NA","0.56","56.3","100.64","-3.58","-26.8",6300,24.2545126712271,5.90987777709961,c(18.40361, -34.24009)
"2118",2118,"725_30_CP","Roella decurrens","CAMPANULACEAE",-34.28138148,18.45320608,"Cape Point",725,"c",30,8,12,4,37.69911184,"2","NA","1.01","46.08","45.47","-2.39","-27.08",6360,135.825270958872,8.7253942489624,c(18.45320608, -34.28138148)
"2119",2119,"725_31_CP","Tetraria microstachys","CYPERACEAE",-34.28138148,18.45320608,"Cape Point",725,"c",31,19,20,12,188.4955592,"0","NA","0.47","45.71","96.95","1.31","-27.27",6360,135.825270958872,8.7253942489624,c(18.45320608, -34.28138148)
"2120",2120,"725_32_CP","Erica hispidula","ERICACEAE",-34.28138148,18.45320608,"Cape Point",725,"c",32,26,20,19,298.4513021,"2","NA","0.655","51.94","79.225","-0.325","-29.615",6360,135.825270958872,8.7253942489624,c(18.45320608, -34.28138148)
"2121",2121,"725_33_CP","Cliffortia filifolia","ROSACEAE",-34.28138148,18.45320608,"Cape Point",725,"c",33,45,2,2,3.141592654,"1","NA","0.71","46.75","66.1","-3.14","-27.83",6360,135.825270958872,8.7253942489624,c(18.45320608, -34.28138148)
"2122",2122,"725_34_CP","Drosera trinervia","DROSERACEAE",-34.28138148,18.45320608,"Cape Point",725,"c",34,1,1,1,0.785398163,"1","NA","1.41","49.89","35.43","0.73","-28.7",6360,135.825270958872,8.7253942489624,c(18.45320608, -34.28138148)
"2123",2123,"725_35_CP","Protea cynaroides","PROTEACEAE",-34.28138148,18.45320608,"Cape Point",725,"c",35,21,45,30,1060.287521,"1","NA","0.49","46.12","94.02","-0.18","-26.1",6360,135.825270958872,8.7253942489624,c(18.45320608, -34.28138148)
"2124",2124,"725_36_CP","Osmitopsis asteriscoides","ASTERACEAE",-34.28138148,18.45320608,"Cape Point",725,"c",36,100,15,14,164.9336143,"1","NA","1.26","46.62","37.1","-5.97","-30.64",6360,135.825270958872,8.7253942489624,c(18.45320608, -34.28138148)
"2125",2125,"725_37_CP","Diosma oppositifolia","RUTACEAE",-34.28138148,18.45320608,"Cape Point",725,"c",37,21,37,29,842.7322293,"2","NA","0.82","48.97","59.39","-1.97","-28.42",6360,135.825270958872,8.7253942489624,c(18.45320608, -34.28138148)
"2126",2126,"725_38_CP","Anaxeton laeve","ASTERACEAE",-34.28138148,18.45320608,"Cape Point",725,"c",38,40,56,32,1407.433509,"4","NA","0.42","40.68","96.12","-5.14","-29.13",6360,135.825270958872,8.7253942489624,c(18.45320608, -34.28138148)
"2127",2127,"725_39_CP","Lampranthus bicolor","AIZOACEAE",-34.28138148,18.45320608,"Cape Point",725,"c",39,14,38,28,835.6636459,"3","NA","0.91","38.95","42.63","1.85","-26.78",6360,135.825270958872,8.7253942489624,c(18.45320608, -34.28138148)
"2128",2128,"725_3_CP","Pelargonium grossularioides","GERANIACEAE",-34.29792174,18.4231174,"Cape Point",725,"a",3,3,11,11,95.03317777,"0","NA","1.56","47.83","30.72","-2.88","-30.09",6420,98.9584116986065,3.40457987785339,c(18.4231174, -34.29792174)
"2129",2129,"725_3_CP","Rafnia crassifolia","FABACEAE",-34.24009,18.40361,"Cape Point",725,"c",3,37,53,29,1207.156977,"0","NA","0.52","51","97.26","-1.68","-28.71",6300,24.2545126712271,5.90987777709961,c(18.40361, -34.24009)
"2130",2130,"725_40_CP","Edmondia sesamoides","ASTERACEAE",-34.28138148,18.45320608,"Cape Point",725,"c",40,35,27,37,784.6127652,"3","NA","0.74","45.47","61.45","-3.47","-27.29",6360,135.825270958872,8.7253942489624,c(18.45320608, -34.28138148)
"2131",2131,"725_41_CP","Struthiola ciliata","THYMELAEACEAE",-34.26524204,18.46298508,"Cape Point",725,"c",41,40,20,15,235.619449,"2","NA","0.56","56.3","100.64","-3.58","-26.8",6630,168.81140819174,21.5695934295654,c(18.46298508, -34.26524204)
"2132",2132,"725_42_CP","Diosma hirsuta","RUTACEAE",-34.26524204,18.46298508,"Cape Point",725,"c",42,15,40,20,628.3185307,"3","NA","1","48.08","48.21","0.26","-28.43",6630,168.81140819174,21.5695934295654,c(18.46298508, -34.26524204)
"2133",2133,"725_43_CP","Rhus rosmarinifolia","ANACARDIACEAE",-34.26524204,18.46298508,"Cape Point",725,"c",43,25,20,15,235.619449,"2","NA","1.23","49.83","40.66","0.17","-24.76",6630,168.81140819174,21.5695934295654,c(18.46298508, -34.26524204)
"2134",2134,"725_44_CP","Ficinia rigida","CYPERACEAE",-34.26524204,18.46298508,"Cape Point",725,"c",44,26,19,11,164.1482162,"0","NA","0.44","48.66","110.51","1.01","-27.75",6630,168.81140819174,21.5695934295654,c(18.46298508, -34.26524204)
"2135",2135,"725_45_CP","Macrostylis villosa","RUTACEAE",-34.26524204,18.46298508,"Cape Point",725,"c",45,16,11,12,103.6725576,"3","NA","0.91","51.89","56.87","-0.84","-28.17",6630,168.81140819174,21.5695934295654,c(18.46298508, -34.26524204)
"2136",2136,"725_46_CP","Erica breviflora","ERICACEAE",-34.26524204,18.46298508,"Cape Point",725,"c",46,54,159,160,19980.52928,"4","NA","0.59","53.44","90.25","-2.95","-26.99",6630,168.81140819174,21.5695934295654,c(18.46298508, -34.26524204)
"2137",2137,"725_47_CP","Elytropappus scaber","ASTERACEAE",-34.26524204,18.46298508,"Cape Point",725,"c",47,50,21,38,626.7477344,"4","NA","1.12","47.72","42.76","-0.62","-30.12",6630,168.81140819174,21.5695934295654,c(18.46298508, -34.26524204)
"2138",2138,"725_48_CP","Lobelia pinifolia","CAMPANULACEAE",-34.26524204,18.46298508,"Cape Point",725,"c",48,36,32,15,376.9911184,"3","NA","0.8","53.05","66.3","-3.76","-28.53",6630,168.81140819174,21.5695934295654,c(18.46298508, -34.26524204)
"2139",2139,"725_49_CP","Elegia stipularis","RESTIONACEAE",-34.26524204,18.46298508,"Cape Point",725,"c",49,46,27,41,869.4357669,"1","NA","0.37","45.84","123.23","-1.71","-24.41",6630,168.81140819174,21.5695934295654,c(18.46298508, -34.26524204)
"2140",2140,"725_4_CP","Erica imbricata","ERICACEAE",-34.31435832,18.423509,"Cape Point",725,"a",4,31,22,15,259.1813939,"3","NA","0.65","58.4","90.26","-5.36","-27.72",6240,84.4057040958702,7.44543170928955,c(18.423509, -34.31435832)
"2141",2141,"725_4_CP","Schizaea pectinata","SCHIZAEACEAE",-34.24009,18.40361,"Cape Point",725,"c",4,10,18,13,183.7831702,"0","NA","0.95","45.98","48.39","-0.87","-27.85",6300,24.2545126712271,5.90987777709961,c(18.40361, -34.24009)
"2142",2142,"725_50_CP","Anaxeton laeve","ASTERACEAE",-34.26524204,18.46298508,"Cape Point",725,"c",50,35,39,21,643.2410958,"4","NA","0.42","40.68","96.12","-5.14","-29.13",6630,168.81140819174,21.5695934295654,c(18.46298508, -34.26524204)
"2143",2143,"725_51_CP","Trichocephalus stipularis","RHAMNACEAE",-34.26524204,18.46298508,"Cape Point",725,"c",51,28,42,25,824.6680716,"4","NA","0.71","54.19","75.93","0.8","-29.39",6630,168.81140819174,21.5695934295654,c(18.46298508, -34.26524204)
"2144",2144,"725_52_CP","Ischyrolepis cincinnata","RESTIONACEAE",-34.26524204,18.46298508,"Cape Point",725,"c",52,13,23,21,379.3473129,"0","NA","0.61","47.52","77.55","-0.75","-26.98",6630,168.81140819174,21.5695934295654,c(18.46298508, -34.26524204)
"2145",2145,"725_5_CP","Erica labialis","ERICACEAE",-34.31435832,18.423509,"Cape Point",725,"a",5,43,108,39,3308.097064,"4","NA","0.42","52.27","123.13","-4.87","-28.29",6240,84.4057040958702,7.44543170928955,c(18.423509, -34.31435832)
"2146",2146,"725_5_CP","Penaea mucronata","PENAEACEAE",-34.24009,18.40361,"Cape Point",725,"c",5,24,55,51,2203.041848,"4","NA","0.64","46.97","73.96","-3.98","-28.31",6300,24.2545126712271,5.90987777709961,c(18.40361, -34.24009)
"2147",2147,"725_6_CP","Leucadendron salignum","PROTEACEAE",-34.31435832,18.423509,"Cape Point",725,"a",6,49,123,49,4733.594731,"4","NA","0.47","51.76","110.8","2.37","-29.84",6240,84.4057040958702,7.44543170928955,c(18.423509, -34.31435832)
"2148",2148,"725_6_CP","Staavia radiata","BRUNIACEAE",-34.24009,18.40361,"Cape Point",725,"c",6,40,54,30,1272.345025,"3","NA","0.66","56.74","86.26","-2.62","-28.21",6300,24.2545126712271,5.90987777709961,c(18.40361, -34.24009)
"2149",2149,"725_7_CP","Stilbe ericoides","STILBACEAE",-34.31435832,18.423509,"Cape Point",725,"a",7,38,32,19,477.5220833,"4","NA","0.64","53.3","83.5","-2.8","-27.5",6240,84.4057040958702,7.44543170928955,c(18.423509, -34.31435832)
"2150",2150,"725_7_CP","Berzelia abrotanoides","BRUNIACEAE",-34.24009,18.40361,"Cape Point",725,"c",7,43,90,100,7068.583471,"3","NA","0.42","52.74","125.51","-6.75","-27.34",6300,24.2545126712271,5.90987777709961,c(18.40361, -34.24009)
"2151",2151,"725_8_CP","Pelargonium cucullatum","GERANIACEAE",-34.31435832,18.423509,"Cape Point",725,"a",8,75,102,42,3364.645732,"4","NA","2.17","43.95","20.25","4.98","-27.24",6240,84.4057040958702,7.44543170928955,c(18.423509, -34.31435832)
"2152",2152,"725_8_CP","Erica corifolia","ERICACEAE",-34.24009,18.40361,"Cape Point",725,"c",8,38,20,32,502.6548246,"4","NA","0.7","53.81","76.67","-2.49","-26.56",6300,24.2545126712271,5.90987777709961,c(18.40361, -34.24009)
"2153",2153,"725_9_CP","Pelargonium cucullatum","GERANIACEAE",-34.339806,18.463083,"Cape Point",725,"a",9,40,58,41,1867.676833,"4","NA","2.17","43.95","20.25","4.98","-27.24",6420,46.568664328756,8.41919803619385,c(18.463083, -34.339806)
"2154",2154,"725_9_CP","Roella triflora","CAMPANULACEAE",-34.24009,18.40361,"Cape Point",725,"c",9,28,17,12,160.2212253,"3","NA","0.61","43.41","71.16","-2.58","-27.38",6300,24.2545126712271,5.90987777709961,c(18.40361, -34.24009)
"2155",2155,"727_10_CP","Stylapterus fruticulosus","PENAEACEAE",-34.23988,18.38403,"Cape Point",727,"b",10,12,20,13,204.2035225,"1","NA","0.71","49.6","69.57","-2.6","-28.41",6390,15.5228881095853,4.56385660171509,c(18.38403, -34.23988)
"2156",2156,"727_11_CP","Centella tridentata","APIACEAE",-34.23988,18.38403,"Cape Point",727,"b",11,6,7,5,27.48893572,"0","NA","1.51","49.44","32.69","-2.44","-28.05",6390,15.5228881095853,4.56385660171509,c(18.38403, -34.23988)
"2157",2157,"727_12_CP","Euphorbia genistoides","EUPHORBIACEAE",-34.23988,18.38403,"Cape Point",727,"b",12,10,28,18,395.8406744,"1","NA","1.21","47.56","39.41","-3.33","-28.61",6390,15.5228881095853,4.56385660171509,c(18.38403, -34.23988)
"2158",2158,"727_13_CP","Erica cerinthoides","ERICACEAE",-34.23988,18.38403,"Cape Point",727,"b",13,35,12,14,131.9468915,"2","NA","0.89","54.52","61.08","-1.38","-26.16",6390,15.5228881095853,4.56385660171509,c(18.38403, -34.23988)
"2159",2159,"727_14_CP","Ischyrolepis capensis","RESTIONACEAE",-34.23988,18.38403,"Cape Point",727,"b",14,30,35,17,467.3119072,"1","NA","0.45","49.02","108.41","0.01","-25.94",6390,15.5228881095853,4.56385660171509,c(18.38403, -34.23988)
"2160",2160,"727_15_CP","Polyarrhena reflexa","ASTERACEAE",-34.23988,18.38403,"Cape Point",727,"b",15,21,40,33,1036.725576,"4","NA","NA","NA","NA","NA","NA",6390,15.5228881095853,4.56385660171509,c(18.38403, -34.23988)
"2161",2161,"727_16_CP","Erica muscosa","ERICACEAE",-34.23988,18.38403,"Cape Point",727,"b",16,22,23,18,325.1548396,"3","NA","0.95","54.14","57.09","-4.57","-28.32",6390,15.5228881095853,4.56385660171509,c(18.38403, -34.23988)
"2162",2162,"727_17_CP","Stoebe cyathuloides","ASTERACEAE",-34.24024369,18.39350179,"Cape Point",727,"b",17,12,65,55,2807.798434,"2","NA","0.72","47.31","65.73","-1.08","-28.77",6360,23.284332164378,5.61193227767944,c(18.39350179, -34.24024369)
"2163",2163,"727_18_CP","Stoebe plumosa","ASTERACEAE",-34.23212,18.41361,"Cape Point",727,"b",18,105,105,80,6597.344573,"4","NA","NA","NA","NA","NA","NA",6060,64.0319134520395,10.8417730331421,c(18.41361, -34.23212)
"2164",2164,"727_19_CP","Diospyros glabra","EBENACEAE",-34.23212,18.41361,"Cape Point",727,"b",19,45,65,40,2042.035225,"4","NA","0.9","53.66","59.67","-1.51","-28.09",6060,64.0319134520395,10.8417730331421,c(18.41361, -34.23212)
"2165",2165,"727_1_CP","Lobelia setacea","CAMPANULACEAE",-34.23988,18.38403,"Cape Point",727,"b",1,18,13,10,102.1017612,"2","NA","1.32","49.52","37.49","-3.05","-27.9",6390,15.5228881095853,4.56385660171509,c(18.38403, -34.23988)
"2166",2166,"727_20_CP","Leucospermum conocarpodendron","PROTEACEAE",-34.23212,18.41361,"Cape Point",727,"b",20,87,138,135,14631.96778,"4","NA","0.62","51.6","82.59","0.22","-27.61",6060,64.0319134520395,10.8417730331421,c(18.41361, -34.23212)
"2167",2167,"727_21_CP","Pentaschistis curvifolia","POACEAE",-34.23212,18.41361,"Cape Point",727,"b",21,33,11,6,51.83627878,"0","NA","0.84","45.71","54.51","0.11","-25.75",6060,64.0319134520395,10.8417730331421,c(18.41361, -34.23212)
"2168",2168,"727_22_CP","Pseudopentameris macrantha","POACEAE",-34.23212,18.41361,"Cape Point",727,"b",22,63,34,24,640.8849013,"0","NA","0.64","46.95","78.485","-0.185","-26.535",6060,64.0319134520395,10.8417730331421,c(18.41361, -34.23212)
"2169",2169,"727_23_CP","Aspalathus ericifolia","FABACEAE",-34.23212,18.41361,"Cape Point",727,"b",23,57,91,153,10935.09863,"4","NA","0.98","52.14","53.29","-2.31","-27.76",6060,64.0319134520395,10.8417730331421,c(18.41361, -34.23212)
"2170",2170,"727_24_CP","Oedera imbricata","ASTERACEAE",-34.23212,18.41361,"Cape Point",727,"b",24,19,17,16,213.6283004,"1","NA","0.63","47.58","75.1","-4.47","-29.26",6060,64.0319134520395,10.8417730331421,c(18.41361, -34.23212)
"2171",2171,"727_25_CP","Clutia alaternoides","EUPHORBIACEAE",-34.23212,18.41361,"Cape Point",727,"b",25,17,28,19,417.8318229,"1","NA","0.96","44.42","46.25","-0.67","-32.78",6060,64.0319134520395,10.8417730331421,c(18.41361, -34.23212)
"2172",2172,"727_26_CP","Cyphia bulbosa","CAMPANULACEAE",-34.23212,18.41361,"Cape Point",727,"b",26,4,9,6,42.41150082,"0","NA","NA","NA","NA","NA","NA",6060,64.0319134520395,10.8417730331421,c(18.41361, -34.23212)
"2173",2173,"727_27_CP","Cynodon dactylon","POACEAE",-34.23212,18.41361,"Cape Point",727,"b",27,13,8,7,43.98229715,"1","NA","1.54","44.76","29.04","2.51","-13.37",6060,64.0319134520395,10.8417730331421,c(18.41361, -34.23212)
"2174",2174,"727_28_CP","Senecio pubigerus","ASTERACEAE",-34.23212,18.41361,"Cape Point",727,"b",28,63,31,53,1290.409182,"2","NA","2.01","41.62","20.74","3.58","-28.86",6060,64.0319134520395,10.8417730331421,c(18.41361, -34.23212)
"2175",2175,"727_29_CP","Elegia filacea","RESTIONACEAE",-34.23315411,18.4038459,"Cape Point",727,"b",29,50,18,20,282.7433388,"0","NA","1.15","46.71","40.68","-0.11","-29.64",6180,36.8668592602652,8.07580089569092,c(18.4038459, -34.23315411)
"2176",2176,"727_2_CP","Roella ciliata","CAMPANULACEAE",-34.23988,18.38403,"Cape Point",727,"b",2,11,12,8,75.39822369,"3","NA","1.1","41.05","37.21","1.65","-27.52",6390,15.5228881095853,4.56385660171509,c(18.38403, -34.23988)
"2177",2177,"727_30_CP","Erica subcapitata","ERICACEAE",-34.23315411,18.4038459,"Cape Point",727,"b",30,53,125,75,7363.107782,"4","NA","0.67","53.84","80.57","-2.5","-27.05",6180,36.8668592602652,8.07580089569092,c(18.4038459, -34.23315411)
"2178",2178,"727_31_CP","Leucadendron laureolum","PROTEACEAE",-34.23315411,18.4038459,"Cape Point",727,"b",31,149,229,144,25899.28984,"4","NA","0.46","49.13","106.47","-1.49","-28.64",6180,36.8668592602652,8.07580089569092,c(18.4038459, -34.23315411)
"2179",2179,"727_32_CP","Elegia cuspidata","RESTIONACEAE",-34.23315411,18.4038459,"Cape Point",727,"b",32,129,139,107,11681.22688,"0","NA","0.23","44.51","190.94","-0.52","-29.44",6180,36.8668592602652,8.07580089569092,c(18.4038459, -34.23315411)
"2180",2180,"727_33_CP","Tetraria cuspidata","CYPERACEAE",-34.23315411,18.4038459,"Cape Point",727,"b",33,60,118,101,9360.375311,"0","NA","0.38","43.915","116.845","1","-26.86",6180,36.8668592602652,8.07580089569092,c(18.4038459, -34.23315411)
"2181",2181,"727_34_CP","Berzelia lanuginosa","BRUNIACEAE",-34.23315411,18.4038459,"Cape Point",727,"b",34,125,82,47,3026.924522,"4","NA","0.81","51.35","63.61","-5.08","-29.21",6180,36.8668592602652,8.07580089569092,c(18.4038459, -34.23315411)
"2182",2182,"727_35_CP","Protea lepidocarpodendron","PROTEACEAE",-34.23315411,18.4038459,"Cape Point",727,"b",35,300,470,430,158728.9688,"4","NA","0.64","55.1","86.01","1.87","-27.98",6180,36.8668592602652,8.07580089569092,c(18.4038459, -34.23315411)
"2183",2183,"727_36_CP","Erica hirtiflora","ERICACEAE",-34.23315411,18.4038459,"Cape Point",727,"b",36,76,57,53,2372.687852,"4","NA","0.79","57.43","72.76","-5.07","-29.32",6180,36.8668592602652,8.07580089569092,c(18.4038459, -34.23315411)
"2184",2184,"727_3_CP","Lobelia coronopifolia","CAMPANULACEAE",-34.23988,18.38403,"Cape Point",727,"b",3,20,5,3,11.78097245,"1","NA","1.09","47.16","43.1","-0.44","-29.11",6390,15.5228881095853,4.56385660171509,c(18.38403, -34.23988)
"2185",2185,"727_4_CP","Edmondia sesamoides","ASTERACEAE",-34.23988,18.38403,"Cape Point",727,"b",4,40,25,30,589.0486225,"2","NA","0.74","45.47","61.45","-3.47","-27.29",6390,15.5228881095853,4.56385660171509,c(18.38403, -34.23988)
"2186",2186,"727_5_CP","Erica pulchella","ERICACEAE",-34.23988,18.38403,"Cape Point",727,"b",5,12,13,15,153.1526419,"2","NA","0.57","53.76","94.53","-3.73","-27.77",6390,15.5228881095853,4.56385660171509,c(18.38403, -34.23988)
"2187",2187,"727_6_CP","Ficinia bulbosa","CYPERACEAE",-34.23988,18.38403,"Cape Point",727,"b",6,16,3,3,7.068583471,"0","NA","1.285","47.555","37.785","1.52","-25.635",6390,15.5228881095853,4.56385660171509,c(18.38403, -34.23988)
"2188",2188,"727_7_CP","Ficinia deusta","CYPERACEAE",-34.23988,18.38403,"Cape Point",727,"b",7,18,15,10,117.8097245,"0","NA","0.51","46.12","91.23","2.19","-25.33",6390,15.5228881095853,4.56385660171509,c(18.38403, -34.23988)
"2189",2189,"727_8_CP","Agathosma imbricata","RUTACEAE",-34.23988,18.38403,"Cape Point",727,"b",8,9,11,11,95.03317777,"2","NA","0.73","48.8","67.09","0.04","-28.74",6390,15.5228881095853,4.56385660171509,c(18.38403, -34.23988)
"2190",2190,"727_9_CP","Zygophyllum procumbens","ZYGOPHYLLACEAE",-34.23988,18.38403,"Cape Point",727,"b",9,9,10,12,94.24777961,"3","NA","NA","NA","NA","NA","NA",6390,15.5228881095853,4.56385660171509,c(18.38403, -34.23988)
"2191",2191,"729_10_CP","Liparia parva","FABACEAE",-34.28981074,18.4231925,"Cape Point",729,"b",10,27,30,21,494.8008429,"2","NA","2.39","54.5","22.79","-1.61","-28.72",6450,96.0478701780592,3.08224201202393,c(18.4231925, -34.28981074)
"2192",2192,"729_11_CP","Agathosma lanceolata","RUTACEAE",-34.28981074,18.4231925,"Cape Point",729,"b",11,21,2,3,4.71238898,"2","NA","0.58","48.43","83.46","-3.07","-27.5",6450,96.0478701780592,3.08224201202393,c(18.4231925, -34.28981074)
"2193",2193,"729_12_CP","Centella macrocarpa","APIACEAE",-34.28981074,18.4231925,"Cape Point",729,"b",12,8,8,5,31.41592654,"1","NA","0.7","44.7","63.49","-6.67","-27.41",6450,96.0478701780592,3.08224201202393,c(18.4231925, -34.28981074)
"2194",2194,"729_13_CP","Prismatocarpus sessilis","CAMPANULACEAE",-34.28981074,18.4231925,"Cape Point",729,"b",13,6,18,21,296.8805058,"4","NA","2.01","44.01","21.85","-2.81","-26.85",6450,96.0478701780592,3.08224201202393,c(18.4231925, -34.28981074)
"2195",2195,"729_14_CP","Corymbium africanum","ASTERACEAE",-34.28981074,18.4231925,"Cape Point",729,"b",14,15,13,6,61.26105675,"0","NA","0.46","50.72","110.08","-6.68","-28.6",6450,96.0478701780592,3.08224201202393,c(18.4231925, -34.28981074)
"2196",2196,"729_15_CP","Chironia baccifera","GENTIANACEAE",-34.28981074,18.4231925,"Cape Point",729,"b",15,17,7,3,16.49336143,"1","NA","1.52","45.56","29.94","-0.3","-27.09",6450,96.0478701780592,3.08224201202393,c(18.4231925, -34.28981074)
"2197",2197,"729_16_CP","Polygala garcinii","POLYGALACEAE",-34.28981074,18.4231925,"Cape Point",729,"b",16,10,1,1,0.785398163,"0","NA","1.17","51.49","44.06","-4.42","-28.66",6450,96.0478701780592,3.08224201202393,c(18.4231925, -34.28981074)
"2198",2198,"729_17_CP","Erica abietina","ERICACEAE",-34.32266667,18.44297222,"Cape Point",729,"b",17,51,40,54,1696.460033,"4","NA","1.015","53.115","52.795","-2.28","-26.54",6090,103.809314232852,5.23350095748901,c(18.44297222, -34.32266667)
"2199",2199,"729_18_CP","Morella quercifolia","MYRICACEAE",-34.32266667,18.44297222,"Cape Point",729,"b",18,25,20,12,188.4955592,"1","NA","1.11","49.33","44.26","-2.02","-27.45",6090,103.809314232852,5.23350095748901,c(18.44297222, -34.32266667)
"2200",2200,"729_19_CP","Indigofera glomerata","FABACEAE",-34.32266667,18.44297222,"Cape Point",729,"b",19,6,6,3,14.13716694,"2","NA","1.52","50.12","32.87","-0.74","-28.02",6090,103.809314232852,5.23350095748901,c(18.44297222, -34.32266667)
"2201",2201,"729_1_CP","Drosera aliciae","DROSERACEAE",-34.28981074,18.4231925,"Cape Point",729,"b",1,1,3,3,7.068583471,"0","NA","1.11","44.05","39.55","0.03","-29.94",6450,96.0478701780592,3.08224201202393,c(18.4231925, -34.28981074)
"2202",2202,"729_20_CP","Diosma oppositifolia","RUTACEAE",-34.32266667,18.44297222,"Cape Point",729,"b",20,32,26,11,224.6238747,"4","NA","0.82","48.97","59.39","-1.97","-28.42",6090,103.809314232852,5.23350095748901,c(18.44297222, -34.32266667)
"2203",2203,"729_21_CP","Hermas villosa","APIACEAE",-34.32266667,18.44297222,"Cape Point",729,"b",21,41,100,70,5497.787144,"1","NA","1.07","44.96","41.86","-0.57","-26.29",6090,103.809314232852,5.23350095748901,c(18.44297222, -34.32266667)
"2204",2204,"729_22_CP","Leucadendron coniferum","PROTEACEAE",-34.32269444,18.45294444,"Cape Point",729,"b",22,200,400,300,94247.77961,"4","NA","0.54","49.47","91.4","0.4","-28.73",6420,80.5249820684739,7.83560943603516,c(18.45294444, -34.32269444)
"2205",2205,"729_23_CP","Asparagus rubicundus","ASPARAGACEAE",-34.32269444,18.45294444,"Cape Point",729,"b",23,57,154,140,16933.1844,"4","NA","1.28","48.06","37.59","2.78","-26.4",6420,80.5249820684739,7.83560943603516,c(18.45294444, -34.32269444)
"2206",2206,"729_24_CP","Passerina vulgaris","THYMELAEACEAE",-34.32269444,18.45294444,"Cape Point",729,"b",24,138,113,88,7809.999337,"4","NA","0.55","50.25","91.25","-0.54","-28.17",6420,80.5249820684739,7.83560943603516,c(18.45294444, -34.32269444)
"2207",2207,"729_25_CP","Trichocephalus stipularis","RHAMNACEAE",-34.32269444,18.45294444,"Cape Point",729,"b",25,32,29,28,637.7433087,"4","NA","0.71","54.19","75.93","0.8","-29.39",6420,80.5249820684739,7.83560943603516,c(18.45294444, -34.32269444)
"2208",2208,"729_26_CP","Hermas villosa","APIACEAE",-34.32269444,18.45294444,"Cape Point",729,"b",26,60,88,74,5114.51284,"1","NA","1.07","44.96","41.86","-0.57","-26.29",6420,80.5249820684739,7.83560943603516,c(18.45294444, -34.32269444)
"2209",2209,"729_27_CP","Agathosma imbricata","RUTACEAE",-34.32269444,18.45294444,"Cape Point",729,"b",27,29,13,13,132.7322896,"3","NA","0.73","48.8","67.09","0.04","-28.74",6420,80.5249820684739,7.83560943603516,c(18.45294444, -34.32269444)
"2210",2210,"729_28_CP","Bolusafra bituminosa","FABACEAE",-34.32269444,18.45294444,"Cape Point",729,"b",28,55,51,54,2162.986542,"3","NA","3","47.05","15.68","-2.24","-26.4",6420,80.5249820684739,7.83560943603516,c(18.45294444, -34.32269444)
"2211",2211,"729_29_CP","Rhus laevigata","ANACARDIACEAE",-34.32269444,18.45294444,"Cape Point",729,"b",29,20,9,6,42.41150082,"2","NA","1.52","48.38","31.93","0.89","-29.02",6420,80.5249820684739,7.83560943603516,c(18.45294444, -34.32269444)
"2212",2212,"729_2_CP","Bobartia gladiata","IRIDACEAE",-34.28981074,18.4231925,"Cape Point",729,"b",2,25,17,15,200.2765317,"0","NA","0.44","45.07","101.58","-2.78","-26.86",6450,96.0478701780592,3.08224201202393,c(18.4231925, -34.28981074)
"2213",2213,"729_30_CP","Anthospermum bergianum","RUBIACEAE",-34.32269444,18.45294444,"Cape Point",729,"b",30,21,3,4,9.424777961,"1","NA","1.18","45.92","39.03","0.02","-30.18",6420,80.5249820684739,7.83560943603516,c(18.45294444, -34.32269444)
"2214",2214,"729_3_CP","Leucadendron laureolum","PROTEACEAE",-34.28981074,18.4231925,"Cape Point",729,"b",3,68,58,40,1822.123739,"3","NA","0.46","49.13","106.47","-1.49","-28.64",6450,96.0478701780592,3.08224201202393,c(18.4231925, -34.28981074)
"2215",2215,"729_4_CP","Tetraria bromoides","CYPERACEAE",-34.28981074,18.4231925,"Cape Point",729,"b",4,45,34,33,881.2167393,"0","NA","0.8","46.04","57.54","1.79","-27.3",6450,96.0478701780592,3.08224201202393,c(18.4231925, -34.28981074)
"2216",2216,"729_5_CP","Thesium viridifolium","SANTALACEAE",-34.28981074,18.4231925,"Cape Point",729,"b",5,12,7,7,38.48451001,"1","NA","0.43","43.71","101.04","-3.25","-29.15",6450,96.0478701780592,3.08224201202393,c(18.4231925, -34.28981074)
"2217",2217,"729_6_CP","Isolepis marginata","CYPERACEAE",-34.28981074,18.4231925,"Cape Point",729,"b",6,15,10,12,94.24777961,"0","NA","1.61","48.49","30.12","-2.77","-27",6450,96.0478701780592,3.08224201202393,c(18.4231925, -34.28981074)
"2218",2218,"729_7_CP","Aspalathus microphylla","FABACEAE",-34.28981074,18.4231925,"Cape Point",729,"b",7,29,54,50,2120.575041,"2","NA","1.42","48.17","34.02","-2.27","-28.72",6450,96.0478701780592,3.08224201202393,c(18.4231925, -34.28981074)
"2219",2219,"729_8_CP","Aspalathus abietina","FABACEAE",-34.28981074,18.4231925,"Cape Point",729,"b",8,26,74,40,2324.778564,"4","NA","1.53","46.93","30.66","-2.68","-30.38",6450,96.0478701780592,3.08224201202393,c(18.4231925, -34.28981074)
"2220",2220,"729_9_CP","Muraltia ericoides","POLYGALACEAE",-34.28981074,18.4231925,"Cape Point",729,"b",9,12,2,2,3.141592654,"1","NA","0.51","53.57","104.17","-4.47","-30.05",6450,96.0478701780592,3.08224201202393,c(18.4231925, -34.28981074)
"2221",2221,"802_10_CP","Erica laeta","ERICACEAE",-34.27303,18.43301,"Cape Point",802,"b",10,28,10,5,39.26990817,"2","NA","0.48","50.98","106.13","-6.74","-28.05",6240,84.4057040958702,3.65068197250366,c(18.43301, -34.27303)
"2222",2222,"802_11_CP","Elegia cuspidata","RESTIONACEAE",-34.27303,18.43301,"Cape Point",802,"b",11,62,31,10,243.4734307,"0","NA","0.23","44.51","190.94","-0.52","-29.44",6240,84.4057040958702,3.65068197250366,c(18.43301, -34.27303)
"2223",2223,"802_12_CP","Erica bruniades","ERICACEAE",-34.27303,18.43301,"Cape Point",802,"b",12,16,14,14,153.93804,"3","NA","0.52","52.82","100.97","-4.96","-28.31",6240,84.4057040958702,3.65068197250366,c(18.43301, -34.27303)
"2224",2224,"802_13_CP","Bobartia indica","IRIDACEAE",-34.27303,18.43301,"Cape Point",802,"b",13,85,20,20,314.1592654,"0","NA","0.5","51.96","104.96","-2.53","-25.92",6240,84.4057040958702,3.65068197250366,c(18.43301, -34.27303)
"2225",2225,"802_14_CP","Metalasia cephalotes","ASTERACEAE",-34.27303,18.43301,"Cape Point",802,"b",14,20,9,4,28.27433388,"2","NA","0.73","45.48","62.41","-3.38","-28.24",6240,84.4057040958702,3.65068197250366,c(18.43301, -34.27303)
"2226",2226,"802_15_CP","Berzelia abrotanoides","BRUNIACEAE",-34.27303,18.43301,"Cape Point",802,"b",15,30,48,38,1432.56625,"4","NA","0.42","52.74","125.51","-6.75","-27.34",6240,84.4057040958702,3.65068197250366,c(18.43301, -34.27303)
"2227",2227,"802_1_CP","Elegia vaginulata","RESTIONACEAE",-34.26644334,18.43391597,"Cape Point",802,"b",1,19,15,12,141.3716694,"1","NA","0.8","45.31","56.9","-1.43","-29.83",6270,89.2566066301157,7.75920343399048,c(18.43391597, -34.26644334)
"2228",2228,"802_2_CP","Restio quinquefarius","RESTIONACEAE",-34.26644334,18.43391597,"Cape Point",802,"b",2,35,21,11,181.4269757,"0","NA","0.37","49.47","132.66","-2.73","-28.68",6270,89.2566066301157,7.75920343399048,c(18.43391597, -34.26644334)
"2229",2229,"802_3_CP","Erica clavisepala","ERICACEAE",-34.26644334,18.43391597,"Cape Point",802,"b",3,8,10,9,70.68583471,"2","NA","0.8","49.89","62.41","-5.74","-29.79",6270,89.2566066301157,7.75920343399048,c(18.43391597, -34.26644334)
"2230",2230,"802_4_CP","Erica obliqua","ERICACEAE",-34.26644334,18.43391597,"Cape Point",802,"b",4,24,2,2,3.141592654,"0","NA","0.62","52.24","84.29","-2.4","-26.96",6270,89.2566066301157,7.75920343399048,c(18.43391597, -34.26644334)
"2231",2231,"802_5_CP","Restio bifurcus","RESTIONACEAE",-34.26644334,18.43391597,"Cape Point",802,"b",5,42,10,12,94.24777961,"0","NA","0.23","49.01","209.35","0.73","-29.16",6270,89.2566066301157,7.75920343399048,c(18.43391597, -34.26644334)
"2232",2232,"802_6_CP","Erica lasciva","ERICACEAE",-34.26644334,18.43391597,"Cape Point",802,"b",6,8,2,2,3.141592654,"2","NA","0.64","59.37","93.25","-5.68","-27.49",6270,89.2566066301157,7.75920343399048,c(18.43391597, -34.26644334)
"2233",2233,"802_7_CP","Erica gnaphaloides","ERICACEAE",-34.26644334,18.43391597,"Cape Point",802,"b",7,10,5,4,15.70796327,"3","NA","0.68","55.76","82.56","-5.03","-28.29",6270,89.2566066301157,7.75920343399048,c(18.43391597, -34.26644334)
"2234",2234,"802_8_CP","Erica labialis","ERICACEAE",-34.26644334,18.43391597,"Cape Point",802,"b",8,18,17,14,186.9247629,"3","NA","0.42","52.27","123.13","-4.87","-28.29",6270,89.2566066301157,7.75920343399048,c(18.43391597, -34.26644334)
"2235",2235,"802_9_CP","Cliffortia subsetacea","ROSACEAE",-34.26644334,18.43391597,"Cape Point",802,"b",9,38,51,40,1602.212253,"3","NA","0.9","48.68","54.27","-5.28","-29.85",6270,89.2566066301157,7.75920343399048,c(18.43391597, -34.26644334)
"2236",2236,"803_10_CP","Cassine peragua","CELASTRACEAE",-34.33089,18.44324,"Cape Point",803,"b",10,76,58,55,2505.420141,"4","NA","0.91","47.38","52.23","-2.15","-28.06",5640,61.1213719314922,11.6782970428467,c(18.44324, -34.33089)
"2237",2237,"803_11_CP","Myrsine africana","MYRSINACEAE",-34.33089,18.44324,"Cape Point",803,"b",11,29,21,7,115.45353,"3","NA","1.02","49.69","48.9","-1.92","-28.41",5640,61.1213719314922,11.6782970428467,c(18.44324, -34.33089)
"2238",2238,"803_12_CP","Ficinia nigrescens","CYPERACEAE",-34.33089,18.44324,"Cape Point",803,"b",12,14,33,18,466.5265091,"0","NA","0.61","46","75.37","1.09","-29.01",5640,61.1213719314922,11.6782970428467,c(18.44324, -34.33089)
"2239",2239,"803_13_CP","Erica subcapitata","ERICACEAE",-34.33089,18.44324,"Cape Point",803,"b",13,63,71,67,3736.139063,"4","NA","0.67","53.84","80.57","-2.5","-27.05",5640,61.1213719314922,11.6782970428467,c(18.44324, -34.33089)
"2240",2240,"803_14_CP","Helichrysum dasyanthum","ASTERACEAE",-34.33089,18.44324,"Cape Point",803,"b",14,26,102,27,2162.986542,"4","NA","2.05","40.49","19.78","-2.22","-32.61",5640,61.1213719314922,11.6782970428467,c(18.44324, -34.33089)
"2241",2241,"803_15_CP","Robsonodendron maritimum","CELASTRACEAE",-34.33089,18.44324,"Cape Point",803,"b",15,36,41,24,772.8317928,"2","NA","0.82","54.55","66.29","-3.17","-28.04",5640,61.1213719314922,11.6782970428467,c(18.44324, -34.33089)
"2242",2242,"803_16_CP","Cliffortia falcata","ROSACEAE",-34.33089,18.44324,"Cape Point",803,"b",16,46,12,24,226.1946711,"4","NA","1.07","50.16","46.67","-1.91","-28.81",5640,61.1213719314922,11.6782970428467,c(18.44324, -34.33089)
"2243",2243,"803_17_CP","Thesium viridifolium","SANTALACEAE",-34.32266667,18.44297222,"Cape Point",803,"b",17,31,18,16,226.1946711,"2","NA","0.43","43.71","101.04","-3.25","-29.15",6090,103.809314232852,5.23350095748901,c(18.44297222, -34.32266667)
"2244",2244,"803_18_CP","Stilbe ericoides","STILBACEAE",-34.32266667,18.44297222,"Cape Point",803,"b",18,33,47,39,1439.634834,"3","NA","0.64","53.3","83.5","-2.8","-27.5",6090,103.809314232852,5.23350095748901,c(18.44297222, -34.32266667)
"2245",2245,"803_19_CP","Erica ericoides","ERICACEAE",-34.32266667,18.44297222,"Cape Point",803,"b",19,20,28,36,791.6813487,"4","NA","0.48","51.34","105.91","-7.81","-28.61",6090,103.809314232852,5.23350095748901,c(18.44297222, -34.32266667)
"2246",2246,"803_1_CP","Erica abietina","ERICACEAE",-34.33089,18.44324,"Cape Point",803,"b",1,61,48,30,1130.973355,"4","NA","1.015","53.115","52.795","-2.28","-26.54",5640,61.1213719314922,11.6782970428467,c(18.44324, -34.33089)
"2247",2247,"803_20_CP","Bobartia gladiata","IRIDACEAE",-34.32266667,18.44297222,"Cape Point",803,"b",20,41,45,8,282.7433388,"0","NA","0.44","45.07","101.58","-2.78","-26.86",6090,103.809314232852,5.23350095748901,c(18.44297222, -34.32266667)
"2248",2248,"803_21_CP","Euryops abrotanifolius","ASTERACEAE",-34.32266667,18.44297222,"Cape Point",803,"b",21,14,3,3,7.068583471,"2","NA","1.35","42.61","31.66","-1.85","-30.34",6090,103.809314232852,5.23350095748901,c(18.44297222, -34.32266667)
"2249",2249,"803_22_CP","Erica subdivaricata","ERICACEAE",-34.32266667,18.44297222,"Cape Point",803,"b",22,53,81,39,2481.072798,"4","NA","0.64","54.7","84.86","-3.15","-27.99",6090,103.809314232852,5.23350095748901,c(18.44297222, -34.32266667)
"2250",2250,"803_23_CP","Cliffortia polygonifolia","ROSACEAE",-34.32269444,18.45294444,"Cape Point",803,"b",23,38,21,19,313.3738672,"2","NA","1.28","47.89","37.44","-0.81","-27.6",6420,80.5249820684739,7.83560943603516,c(18.45294444, -34.32269444)
"2251",2251,"803_24_CP","Anthospermum aethiopicum","RUBIACEAE",-34.32269444,18.45294444,"Cape Point",803,"b",24,16,30,10,235.619449,"1","NA","1.49","50.21","33.66","-0.83","-28.75",6420,80.5249820684739,7.83560943603516,c(18.45294444, -34.32269444)
"2252",2252,"803_25_CP","Erica abietina","ERICACEAE",-34.32269444,18.45294444,"Cape Point",803,"b",25,74,86,76,5133.362396,"4","NA","1.015","53.115","52.795","-2.28","-26.54",6420,80.5249820684739,7.83560943603516,c(18.45294444, -34.32269444)
"2253",2253,"803_26_CP","Euclea racemosa","EBENACEAE",-34.32269444,18.45294444,"Cape Point",803,"b",26,55,31,34,827.8096642,"2","NA","0.69","45.79","66.49","-3.72","-28.61",6420,80.5249820684739,7.83560943603516,c(18.45294444, -34.32269444)
"2254",2254,"803_2_CP","Polyarrhena reflexa","ASTERACEAE",-34.33089,18.44324,"Cape Point",803,"b",2,80,78,25,1531.526419,"4","NA","NA","NA","NA","NA","NA",5640,61.1213719314922,11.6782970428467,c(18.44324, -34.33089)
"2255",2255,"803_3_CP","Ficinia trichodes","CYPERACEAE",-34.33089,18.44324,"Cape Point",803,"b",3,21,36,16,452.3893421,"1","NA","NA","NA","NA","NA","NA",5640,61.1213719314922,11.6782970428467,c(18.44324, -34.33089)
"2256",2256,"803_4_CP","Ehrharta ramosa","POACEAE",-34.33089,18.44324,"Cape Point",803,"b",4,75,3,3,7.068583471,"0","NA","0.97","45.69","47.29","2.52","-27.72",5640,61.1213719314922,11.6782970428467,c(18.44324, -34.33089)
"2257",2257,"803_5_CP","Rhus laevigata","ANACARDIACEAE",-34.33089,18.44324,"Cape Point",803,"b",5,37,15,15,176.7145868,"4","NA","1.52","48.38","31.93","0.89","-29.02",5640,61.1213719314922,11.6782970428467,c(18.44324, -34.33089)
"2258",2258,"803_6_CP","Chironia baccifera","GENTIANACEAE",-34.33089,18.44324,"Cape Point",803,"b",6,46,52,53,2164.557338,"4","NA","1.52","45.56","29.94","-0.3","-27.09",5640,61.1213719314922,11.6782970428467,c(18.44324, -34.33089)
"2259",2259,"803_7_CP","Cullumia squarrosa","ASTERACEAE",-34.33089,18.44324,"Cape Point",803,"b",7,72,174,170,23232.07767,"4","NA","0.55","40.63","73.45","-1.02","-26.69",5640,61.1213719314922,11.6782970428467,c(18.44324, -34.33089)
"2260",2260,"803_8_CP","Olea exasperata","OLEACEAE",-34.33089,18.44324,"Cape Point",803,"b",8,60,90,80,5654.866776,"4","NA","1.19","53.55","44.85","-1.75","-27.65",5640,61.1213719314922,11.6782970428467,c(18.44324, -34.33089)
"2261",2261,"803_9_CP","Pterocelastrus tricuspidatus","CELASTRACEAE",-34.33089,18.44324,"Cape Point",803,"b",9,103,287,140,31557.29821,"4","NA","0.77","43.91","56.98","-2.11","-25.88",5640,61.1213719314922,11.6782970428467,c(18.44324, -34.33089)
"2262",2262,"804_10_CP","Muraltia rosmarinifolia","POLYGALACEAE",-34.26555556,18.39305556,"Cape Point",804,"a",10,9,1,1,0.785398163,"0","NA","0.44","52.48","119.25","-4.75","-28.38",6390,71.7933575068322,5.36364030838013,c(18.39305556, -34.26555556)
"2263",2263,"804_11_CP","Metalasia brevifolia","ASTERACEAE",-34.26555556,18.39305556,"Cape Point",804,"a",11,27,43,16,540.3539364,"2","NA","0.76","47.15","61.65","-2.44","-28.3",6390,71.7933575068322,5.36364030838013,c(18.39305556, -34.26555556)
"2264",2264,"804_12_CP","Edmondia sesamoides","ASTERACEAE",-34.26555556,18.39305556,"Cape Point",804,"a",12,23,14,11,120.9513172,"2","NA","0.74","45.47","61.45","-3.47","-27.29",6390,71.7933575068322,5.36364030838013,c(18.39305556, -34.26555556)
"2265",2265,"804_13_CP","Agathosma imbricata","RUTACEAE",-34.26555556,18.39305556,"Cape Point",804,"a",13,7,10,7,54.97787144,"3","NA","0.73","48.8","67.09","0.04","-28.74",6390,71.7933575068322,5.36364030838013,c(18.39305556, -34.26555556)
"2266",2266,"804_14_CP","Trichogyne ambigua","ASTERACEAE",-34.26555556,18.39305556,"Cape Point",804,"a",14,14,7,6,32.98672286,"3","NA","NA","NA","NA","NA","NA",6390,71.7933575068322,5.36364030838013,c(18.39305556, -34.26555556)
"2267",2267,"804_15_CP","Hypodiscus willdenowia","RESTIONACEAE",-34.26555556,18.39305556,"Cape Point",804,"a",15,17,15,9,106.0287521,"0","NA","0.72","47.22","65.97","-0.48","-28.13",6390,71.7933575068322,5.36364030838013,c(18.39305556, -34.26555556)
"2268",2268,"804_16_CP","Roella triflora","CAMPANULACEAE",-34.26555556,18.39305556,"Cape Point",804,"a",16,9,19,7,104.4579557,"3","NA","0.61","43.41","71.16","-2.58","-27.38",6390,71.7933575068322,5.36364030838013,c(18.39305556, -34.26555556)
"2269",2269,"804_17_CP","Corymbium glabrum","ASTERACEAE",-34.26555556,18.39305556,"Cape Point",804,"a",17,17,6,3,14.13716694,"0","NA","0.29","46.9","159.42","-4.66","-24.89",6390,71.7933575068322,5.36364030838013,c(18.39305556, -34.26555556)
"2270",2270,"804_18_CP","Pentaschistis curvifolia","POACEAE",-34.26555556,18.39305556,"Cape Point",804,"a",18,8,16,12,150.7964474,"0","NA","0.84","45.71","54.51","0.11","-25.75",6390,71.7933575068322,5.36364030838013,c(18.39305556, -34.26555556)
"2271",2271,"804_19_CP","Itasina filifolia","APIACEAE",-34.26555556,18.39305556,"Cape Point",804,"a",19,11,4,4,12.56637061,"0","NA","0.77","46.1","59.8","-5.36","-24.99",6390,71.7933575068322,5.36364030838013,c(18.39305556, -34.26555556)
"2272",2272,"804_1_CP","Metalasia cephalotes","ASTERACEAE",-34.26555556,18.39305556,"Cape Point",804,"a",1,23,10,5,39.26990817,"1","NA","0.73","45.48","62.41","-3.38","-28.24",6390,71.7933575068322,5.36364030838013,c(18.39305556, -34.26555556)
"2273",2273,"804_20_CP","Metalasia densa","ASTERACEAE",-34.26555556,18.39305556,"Cape Point",804,"a",20,13,26,6,122.5221135,"2","NA","0.68","45.67","67.22","-3.21","-29.33",6390,71.7933575068322,5.36364030838013,c(18.39305556, -34.26555556)
"2274",2274,"804_21_CP","Roella amplexicaulis","CAMPANULACEAE",-34.26555556,18.39305556,"Cape Point",804,"a",21,15,17,8,106.8141502,"2","NA","1.77","42.54","24.05","-3.35","-26.95",6390,71.7933575068322,5.36364030838013,c(18.39305556, -34.26555556)
"2275",2275,"804_22_CP","Aspalathus retroflexa","FABACEAE",-34.26555556,18.39305556,"Cape Point",804,"a",22,21,31,6,146.0840584,"2","NA","1.14","49.6","43.32","-0.89","-27.04",6390,71.7933575068322,5.36364030838013,c(18.39305556, -34.26555556)
"2276",2276,"804_23_CP","Aspalathus capensis","FABACEAE",-34.26555556,18.39305556,"Cape Point",804,"a",23,18,29,8,182.2123739,"2","NA","0.92","51.99","56.57","-1.9","-28.25",6390,71.7933575068322,5.36364030838013,c(18.39305556, -34.26555556)
"2277",2277,"804_24_CP","Syncarpha vestita","ASTERACEAE",-34.26555556,18.39305556,"Cape Point",804,"a",24,28,32,29,728.8494956,"2","NA","0.71","39.64","55.95","0.38","-29.94",6390,71.7933575068322,5.36364030838013,c(18.39305556, -34.26555556)
"2278",2278,"804_25_CP","Lampranthus bicolor","AIZOACEAE",-34.26555556,18.39305556,"Cape Point",804,"a",25,13,8,4,25.13274123,"2","NA","0.91","38.95","42.63","1.85","-26.78",6390,71.7933575068322,5.36364030838013,c(18.39305556, -34.26555556)
"2279",2279,"804_26_CP","Microdon dubius","SCROPHULARIACEAE",-34.26555556,18.39305556,"Cape Point",804,"a",26,11,6,2,9.424777961,"2","NA","0.56","50.84","91.37","0.51","-30.74",6390,71.7933575068322,5.36364030838013,c(18.39305556, -34.26555556)
"2280",2280,"804_27_CP","Crassula fascicularis","CRASSULACEAE",-34.26555556,18.39305556,"Cape Point",804,"a",27,10,8,5,31.41592654,"2","NA","0.43","41.94","97.05","-1.27","-25.94",6390,71.7933575068322,5.36364030838013,c(18.39305556, -34.26555556)
"2281",2281,"804_28_CP","Tetraria thermalis","CYPERACEAE",-34.26555556,18.39305556,"Cape Point",804,"a",28,31,115,95,8580.474935,"0","NA","0.83","46.37","55.8","1.26","-26.33",6390,71.7933575068322,5.36364030838013,c(18.39305556, -34.26555556)
"2282",2282,"804_29_CP","Saltera sarcocolla","PENAEACEAE",-34.26555556,18.39305556,"Cape Point",804,"a",29,27,95,79,5894.413216,"1","NA","0.51","48.21","95.37","-6.34","-26.09",6390,71.7933575068322,5.36364030838013,c(18.39305556, -34.26555556)
"2283",2283,"804_2_CP","Erica imbricata","ERICACEAE",-34.26555556,18.39305556,"Cape Point",804,"a",2,11,13,3,30.63052837,"1","NA","0.65","58.4","90.26","-5.36","-27.72",6390,71.7933575068322,5.36364030838013,c(18.39305556, -34.26555556)
"2284",2284,"804_30_CP","Aristea africana","IRIDACEAE",-34.26555556,18.39305556,"Cape Point",804,"a",30,10,4,4,12.56637061,"0","NA","0.84","48.6","58.18","-2.53","-27.35",6390,71.7933575068322,5.36364030838013,c(18.39305556, -34.26555556)
"2285",2285,"804_31_CP","Erica axillaris","ERICACEAE",-34.23988,18.38403,"Cape Point",804,"a",31,32,25,14,274.8893572,"4","NA","0.66","50.69","76.34","-2.84","-27.97",6390,15.5228881095853,4.56385660171509,c(18.38403, -34.23988)
"2286",2286,"804_32_CP","Erica glabella","ERICACEAE",-34.23988,18.38403,"Cape Point",804,"a",32,16,20,15,235.619449,"4","NA","0.57","52.78","92.83","-3.39","-29.08",6390,15.5228881095853,4.56385660171509,c(18.38403, -34.23988)
"2287",2287,"804_33_CP","Chondropetalum nudum","RESTIONACEAE",-34.23988,18.38403,"Cape Point",804,"a",33,36,42,39,1286.482192,"0","NA","0.6","47.52","79.17","1.68","-28.28",6390,15.5228881095853,4.56385660171509,c(18.38403, -34.23988)
"2288",2288,"804_34_CP","Staberoha distachyos","RESTIONACEAE",-34.23988,18.38403,"Cape Point",804,"a",34,22,20,15,235.619449,"1","NA","0.42","47.2","113.11","-0.34","-25.23",6390,15.5228881095853,4.56385660171509,c(18.38403, -34.23988)
"2289",2289,"804_3_CP","Struthiola ciliata","THYMELAEACEAE",-34.26555556,18.39305556,"Cape Point",804,"a",3,17,14,4,43.98229715,"1","NA","0.56","56.3","100.64","-3.58","-26.8",6390,71.7933575068322,5.36364030838013,c(18.39305556, -34.26555556)
"2290",2290,"804_4_CP","Erica subcapitata","ERICACEAE",-34.26555556,18.39305556,"Cape Point",804,"a",4,15,5,3,11.78097245,"3","NA","0.67","53.84","80.57","-2.5","-27.05",6390,71.7933575068322,5.36364030838013,c(18.39305556, -34.26555556)
"2291",2291,"804_5_CP","Erica pulchella","ERICACEAE",-34.26555556,18.39305556,"Cape Point",804,"a",5,12,12,8,75.39822369,"2","NA","0.57","53.76","94.53","-3.73","-27.77",6390,71.7933575068322,5.36364030838013,c(18.39305556, -34.26555556)
"2292",2292,"804_6_CP","Leucadendron laureolum","PROTEACEAE",-34.26555556,18.39305556,"Cape Point",804,"a",6,9,9,3,21.20575041,"1","NA","0.46","49.13","106.47","-1.49","-28.64",6390,71.7933575068322,5.36364030838013,c(18.39305556, -34.26555556)
"2293",2293,"804_7_CP","Erica glabella","ERICACEAE",-34.26555556,18.39305556,"Cape Point",804,"a",7,7,6,4,18.84955592,"2","NA","0.57","52.78","92.83","-3.39","-29.08",6390,71.7933575068322,5.36364030838013,c(18.39305556, -34.26555556)
"2294",2294,"804_8_CP","Osteospermum polygaloides","ASTERACEAE",-34.26555556,18.39305556,"Cape Point",804,"a",8,14,16,9,113.0973355,"1","NA","0.89","44.72","50.03","-4.06","-30.14",6390,71.7933575068322,5.36364030838013,c(18.39305556, -34.26555556)
"2295",2295,"804_9_CP","Phylica imberbis","RHAMNACEAE",-34.26555556,18.39305556,"Cape Point",804,"a",9,12,14,15,164.9336143,"1","NA","0.57","57.69","101.28","-0.73","-29.24",6390,71.7933575068322,5.36364030838013,c(18.39305556, -34.26555556)
"2296",2296,"806_10_CP","Dimorphotheca nudicaulis","ASTERACEAE",-34.26922395,18.39219589,"Cape Point",806,"b",10,37,8,5,31.41592654,"0","NA","1.83","39.78","21.71","-2.5","-31.67",6330,70.8231769999831,7.9922308921814,c(18.39219589, -34.26922395)
"2297",2297,"806_11_CP","Aspalathus hispida","FABACEAE",-34.26922395,18.39219589,"Cape Point",806,"b",11,16,51,23,921.2720457,"4","NA","1.12","50.83","45.32","-2.22","-28.08",6330,70.8231769999831,7.9922308921814,c(18.39219589, -34.26922395)
"2298",2298,"806_12_CP","Senecio umbellatus","ASTERACEAE",-34.26922395,18.39219589,"Cape Point",806,"b",12,28,28,21,461.8141201,"2","NA","1.69","40.88","24.14","0.98","-30.75",6330,70.8231769999831,7.9922308921814,c(18.39219589, -34.26922395)
"2299",2299,"806_13_CP","Senecio triqueter","ASTERACEAE",-34.26922395,18.39219589,"Cape Point",806,"b",13,25,15,10,117.8097245,"3","NA","1.1","51.57","46.85","-3.47","-30.65",6330,70.8231769999831,7.9922308921814,c(18.39219589, -34.26922395)
"2300",2300,"806_14_CP","Othonna digitata","ASTERACEAE",-34.26922395,18.39219589,"Cape Point",806,"b",14,18,12,9,84.82300165,"1","NA","2.15","43.09","20.09","1.45","-29.46",6330,70.8231769999831,7.9922308921814,c(18.39219589, -34.26922395)
"2301",2301,"806_15_CP","Polygala bracteolata","POLYGALACEAE",-34.26922395,18.39219589,"Cape Point",806,"b",15,32,13,12,122.5221135,"1","NA","0.93","46.59","50.21","-3.34","-27.58",6330,70.8231769999831,7.9922308921814,c(18.39219589, -34.26922395)
"2302",2302,"806_16_CP","Centella glabrata","APIACEAE",-34.26922395,18.39219589,"Cape Point",806,"b",16,9,9,7,49.48008429,"0","NA","0.46","46.79","100.74","-4.69","-29.02",6330,70.8231769999831,7.9922308921814,c(18.39219589, -34.26922395)
"2303",2303,"806_17_CP","Oedera imbricata","ASTERACEAE",-34.26922395,18.39219589,"Cape Point",806,"b",17,21,27,25,530.1437603,"3","NA","0.63","47.58","75.1","-4.47","-29.26",6330,70.8231769999831,7.9922308921814,c(18.39219589, -34.26922395)
"2304",2304,"806_18_CP","Adenandra uniflora","RUTACEAE",-34.26922395,18.39219589,"Cape Point",806,"b",18,17,21,7,115.45353,"1","NA","1.155","49.265","44.81","-1.31","-27.795",6330,70.8231769999831,7.9922308921814,c(18.39219589, -34.26922395)
"2305",2305,"806_19_CP","Phylica buxifolia","RHAMNACEAE",-34.26922395,18.39219589,"Cape Point",806,"b",19,142,100,46,3612.831552,"4","NA","0.88","53.5","61.13","-1.99","-29.05",6330,70.8231769999831,7.9922308921814,c(18.39219589, -34.26922395)
"2306",2306,"806_1_CP","Trachyandra revoluta","ASPHODELACEAE",-34.26922395,18.39219589,"Cape Point",806,"b",1,40,1,1,0.785398163,"0","NA","1.01","34.4","34.1","-3.9","-26.84",6330,70.8231769999831,7.9922308921814,c(18.39219589, -34.26922395)
"2307",2307,"806_20_CP","Polygala myrtifolia","POLYGALACEAE",-34.26922395,18.39219589,"Cape Point",806,"b",20,82,39,49,1500.89589,"4","NA","1.14","51.55","45.36","-1.94","-27.61",6330,70.8231769999831,7.9922308921814,c(18.39219589, -34.26922395)
"2308",2308,"806_21_CP","Asparagus capensis","ASPARAGACEAE",-34.26922395,18.39219589,"Cape Point",806,"b",21,14,42,25,824.6680716,"1","NA","1.48","48.16","32.46","0.41","-27.62",6330,70.8231769999831,7.9922308921814,c(18.39219589, -34.26922395)
"2309",2309,"806_22_CP","Zygophyllum procumbens","ZYGOPHYLLACEAE",-34.26922395,18.39219589,"Cape Point",806,"b",22,14,80,52,3267.25636,"4","NA","NA","NA","NA","NA","NA",6330,70.8231769999831,7.9922308921814,c(18.39219589, -34.26922395)
"2310",2310,"806_23_CP","Crassula orbicularis","CRASSULACEAE",-34.26922395,18.39219589,"Cape Point",806,"b",23,38,42,30,989.6016859,"3","NA","0.99","37.08","37.4","-0.4","-14.65",6330,70.8231769999831,7.9922308921814,c(18.39219589, -34.26922395)
"2311",2311,"806_24_CP","Sideroxylon inerme","SAPOTACEAE",-34.26922395,18.39219589,"Cape Point",806,"b",24,300,400,400,125663.7061,"4","NA","1.77","47.51","26.85","1.92","-28.04",6330,70.8231769999831,7.9922308921814,c(18.39219589, -34.26922395)
"2312",2312,"806_25_CP","Mesembryanthemum crystallinum","AIZOACEAE",-34.23988,18.38403,"Cape Point",806,"b",25,2,6,4,18.84955592,"0","NA","1.35","29.44","21.75","2.58","-28.49",6390,15.5228881095853,4.56385660171509,c(18.38403, -34.23988)
"2313",2313,"806_26_CP","Indigofera angustifolia","FABACEAE",-34.23988,18.38403,"Cape Point",806,"b",26,15,23,11,198.7057353,"2","NA","1.55","47.24","30.46","-0.26","-27.88",6390,15.5228881095853,4.56385660171509,c(18.38403, -34.23988)
"2314",2314,"806_27_CP","Eriocephalus racemosus","ASTERACEAE",-34.23988,18.38403,"Cape Point",806,"b",27,23,33,17,440.6083697,"3","NA","1.3","45.39","34.91","1.4","-29.72",6390,15.5228881095853,4.56385660171509,c(18.38403, -34.23988)
"2315",2315,"806_28_CP","Euphorbia tuberosa","EUPHORBIACEAE",-34.23988,18.38403,"Cape Point",806,"b",28,3,7,5,27.48893572,"0","NA","1.71","46.11","27.01","-2.14","-27.55",6390,15.5228881095853,4.56385660171509,c(18.38403, -34.23988)
"2316",2316,"806_29_CP","Erepsia anceps","AIZOACEAE",-34.23988,18.38403,"Cape Point",806,"b",29,21,6,2,9.424777961,"1","NA","0.69","40.95","59.53","2.12","-26.97",6390,15.5228881095853,4.56385660171509,c(18.38403, -34.23988)
"2317",2317,"806_2_CP","Corymbium africanum","ASTERACEAE",-34.26922395,18.39219589,"Cape Point",806,"b",2,46,46,32,1156.106097,"0","NA","0.46","50.72","110.08","-6.68","-28.6",6330,70.8231769999831,7.9922308921814,c(18.39219589, -34.26922395)
"2318",2318,"806_30_CP","Psoralea pinnata","FABACEAE",-34.25697,18.4258,"Cape Point",806,"b",30,180,130,105,10720.68493,"4","NA","1.99","52.17","26.21","-3.18","-27.25",6300,78.5846210547757,9.00042057037354,c(18.4258, -34.25697)
"2319",2319,"806_31_CP","Ursinia tenuifolia","ASTERACEAE",-34.25697,18.4258,"Cape Point",806,"b",31,14,15,8,94.24777961,"0","NA","1.75","45.04","25.67","0.2","-31.04",6300,78.5846210547757,9.00042057037354,c(18.4258, -34.25697)
"2320",2320,"806_32_CP","Zantedeschia aethiopica","ARACEAE",-34.30641,18.46261,"Cape Point",806,"b",32,30,20,20,314.1592654,"0","NA","4.27","41.02","9.62","4.89","-26.61",6060,10.6719855753399,12.4788551330566,c(18.46261, -34.30641)
"2321",2321,"806_33_CP","Limonium scabrum","PLUMBAGINACEAE",-34.30641,18.46261,"Cape Point",806,"b",33,10,20,15,235.619449,"0","NA","2.31","42.41","18.37","3.27","-27.36",6060,10.6719855753399,12.4788551330566,c(18.46261, -34.30641)
"2322",2322,"806_34_CP","Cliffortia ferruginea","ROSACEAE",-34.30641,18.46261,"Cape Point",806,"b",34,34,136,84,8972.388619,"1","NA","1.3","43.12","33.08","1","-28.28",6060,10.6719855753399,12.4788551330566,c(18.46261, -34.30641)
"2323",2323,"806_35_CP","Chrysanthemoides monilifera","ASTERACEAE",-34.30641,18.46261,"Cape Point",806,"b",35,158,249,174,34028.16083,"4","NA","NA","NA","NA","NA","NA",6060,10.6719855753399,12.4788551330566,c(18.46261, -34.30641)
"2324",2324,"806_3_CP","Crassula coccinea","CRASSULACEAE",-34.26922395,18.39219589,"Cape Point",806,"b",3,12,6,8,37.69911184,"2","NA","0.92","40.71","44.15","2.1","-27.58",6330,70.8231769999831,7.9922308921814,c(18.39219589, -34.26922395)
"2325",2325,"806_4_CP","Syncarpha speciosissima","ASTERACEAE",-34.26922395,18.39219589,"Cape Point",806,"b",4,13,32,26,653.4512719,"1","NA","0.825","44.025","53.7","0.08","-30.735",6330,70.8231769999831,7.9922308921814,c(18.39219589, -34.26922395)
"2326",2326,"806_5_CP","Aspalathus microphylla","FABACEAE",-34.26922395,18.39219589,"Cape Point",806,"b",5,21,33,21,544.2809272,"3","NA","1.42","48.17","34.02","-2.27","-28.72",6330,70.8231769999831,7.9922308921814,c(18.39219589, -34.26922395)
"2327",2327,"806_6_CP","Petalacte coronata","ASTERACEAE",-34.26922395,18.39219589,"Cape Point",806,"b",6,16,25,18,353.4291735,"2","NA","0.57","46.75","82.52","-3.84","-29.08",6330,70.8231769999831,7.9922308921814,c(18.39219589, -34.26922395)
"2328",2328,"806_7_CP","Gerbera crocea","ASTERACEAE",-34.26922395,18.39219589,"Cape Point",806,"b",7,7,18,9,127.2345025,"0","NA","0.7","40.35","57.67","-4.59","-28.68",6330,70.8231769999831,7.9922308921814,c(18.39219589, -34.26922395)
"2329",2329,"806_8_CP","Tetraria compar","CYPERACEAE",-34.26922395,18.39219589,"Cape Point",806,"b",8,23,15,13,153.1526419,"0","NA","0.63","45.91","73.21","1.65","-23.95",6330,70.8231769999831,7.9922308921814,c(18.39219589, -34.26922395)
"2330",2330,"806_9_CP","Agathosma serpyllacea","RUTACEAE",-34.26922395,18.39219589,"Cape Point",806,"b",9,24,33,33,855.2985999,"4","NA","0.67","50.46","75.23","-4.66","-28.99",6330,70.8231769999831,7.9922308921814,c(18.39219589, -34.26922395)
"2331",2331,"810_10_CP","Wachendorfia paniculata","HAEMODORACEAE",-34.29792174,18.4231174,"Cape Point",810,"b",10,13,28,17,373.8495258,"0","NA","NA","NA","NA","NA","NA",6420,98.9584116986065,3.40457987785339,c(18.4231174, -34.29792174)
"2332",2332,"810_11_CP","Helichrysum dasyanthum","ASTERACEAE",-34.29792174,18.4231174,"Cape Point",810,"b",11,37,34,97,2590.243143,"3","NA","2.05","40.49","19.78","-2.22","-32.61",6420,98.9584116986065,3.40457987785339,c(18.4231174, -34.29792174)
"2333",2333,"810_12_CP","Chironia linoides","GENTIANACEAE",-34.29792174,18.4231174,"Cape Point",810,"b",12,68,65,40,2042.035225,"4","NA","1.2","53.47","44.64","-0.81","-29.52",6420,98.9584116986065,3.40457987785339,c(18.4231174, -34.29792174)
"2334",2334,"810_13_CP","Clutia alaternoides","EUPHORBIACEAE",-34.29792174,18.4231174,"Cape Point",810,"b",13,91,129,63,6382.930874,"4","NA","0.96","44.42","46.25","-0.67","-32.78",6420,98.9584116986065,3.40457987785339,c(18.4231174, -34.29792174)
"2335",2335,"810_14_CP","Rhus glauca","ANACARDIACEAE",-34.29792174,18.4231174,"Cape Point",810,"b",14,150,150,150,17671.45868,"4","NA","0.85","50.12","58.68","-1.35","-26.4",6420,98.9584116986065,3.40457987785339,c(18.4231174, -34.29792174)
"2336",2336,"810_15_CP","Willdenowia glomerata","RESTIONACEAE",-34.29792174,18.4231174,"Cape Point",810,"b",15,94,64,101,5076.813728,"0","NA","0.67","49.01","73.38","1.05","-27.41",6420,98.9584116986065,3.40457987785339,c(18.4231174, -34.29792174)
"2337",2337,"810_16_CP","Agathosma ciliaris","RUTACEAE",-34.30607566,18.42244148,"Cape Point",810,"b",16,35,54,29,1229.933524,"4","NA","0.65","47.07","72.16","-4.62","-27.12",6420,89.2566066301157,5.64697217941284,c(18.42244148, -34.30607566)
"2338",2338,"810_17_CP","Erica labialis","ERICACEAE",-34.30607566,18.42244148,"Cape Point",810,"b",17,51,73,88,5045.397802,"4","NA","0.42","52.27","123.13","-4.87","-28.29",6420,89.2566066301157,5.64697217941284,c(18.42244148, -34.30607566)
"2339",2339,"810_18_CP","Itasina filifolia","APIACEAE",-34.30607566,18.42244148,"Cape Point",810,"b",18,6,3,3,7.068583471,"0","NA","0.77","46.1","59.8","-5.36","-24.99",6420,89.2566066301157,5.64697217941284,c(18.42244148, -34.30607566)
"2340",2340,"810_19_CP","Tetraria exilis","CYPERACEAE",-34.30607566,18.42244148,"Cape Point",810,"b",19,36,4,4,12.56637061,"0","NA","0.49","44.92","90.93","3.31","-28.94",6420,89.2566066301157,5.64697217941284,c(18.42244148, -34.30607566)
"2341",2341,"810_1_CP","Leucadendron coniferum","PROTEACEAE",-34.29792174,18.4231174,"Cape Point",810,"b",1,194,120,88,8293.804605,"4","NA","0.54","49.47","91.4","0.4","-28.73",6420,98.9584116986065,3.40457987785339,c(18.4231174, -34.29792174)
"2342",2342,"810_20_CP","Tetraria microstachys","CYPERACEAE",-34.30607566,18.42244148,"Cape Point",810,"b",20,15,5,5,19.63495408,"0","NA","0.47","45.71","96.95","1.31","-27.27",6420,89.2566066301157,5.64697217941284,c(18.42244148, -34.30607566)
"2343",2343,"810_21_CP","Elegia juncea","RESTIONACEAE",-34.30607566,18.42244148,"Cape Point",810,"b",21,80,31,21,511.2942044,"0","NA","0.48","44.92","93.81","-0.85","-27.56",6420,89.2566066301157,5.64697217941284,c(18.42244148, -34.30607566)
"2344",2344,"810_22_CP","Trachyandra hirsutiflora","ASPHODELACEAE",-34.30607566,18.42244148,"Cape Point",810,"b",22,25,1,1,0.785398163,"0","NA","1.24","35.83","28.87","-2.39","-28.4",6420,89.2566066301157,5.64697217941284,c(18.42244148, -34.30607566)
"2345",2345,"810_23_CP","Clutia ericoides","EUPHORBIACEAE",-34.30607566,18.42244148,"Cape Point",810,"b",23,21,4,4,12.56637061,"0","NA","0.62","56.79","91.7","-5.06","-30.3",6420,89.2566066301157,5.64697217941284,c(18.42244148, -34.30607566)
"2346",2346,"810_24_CP","Staberoha distachyos","RESTIONACEAE",-34.30572222,18.41277778,"Cape Point",810,"b",24,113,143,115,12915.8728,"0","NA","0.42","47.2","113.11","-0.34","-25.23",6390,31.0457762191707,7.02916383743286,c(18.41277778, -34.30572222)
"2347",2347,"810_25_CP","Calopsis gracilis","RESTIONACEAE",-34.30572222,18.41277778,"Cape Point",810,"b",25,29,46,29,1047.72115,"0","NA","NA","NA","NA","NA","NA",6390,31.0457762191707,7.02916383743286,c(18.41277778, -34.30572222)
"2348",2348,"810_26_CP","Erica imbricata","ERICACEAE",-34.30572222,18.41277778,"Cape Point",810,"b",26,34,49,39,1500.89589,"4","NA","0.65","58.4","90.26","-5.36","-27.72",6390,31.0457762191707,7.02916383743286,c(18.41277778, -34.30572222)
"2349",2349,"810_28_CP","Amphithalea ericifolia","FABACEAE",-34.30572222,18.41277778,"Cape Point",810,"b",28,22,13,10,102.1017612,"NA","NA","1.63","51.29","31.37","-2.01","-30.43",6390,31.0457762191707,7.02916383743286,c(18.41277778, -34.30572222)
"2350",2350,"810_29_CP","Robsonodendron maritimum","CELASTRACEAE",-34.30572222,18.41277778,"Cape Point",810,"b",29,73,103,96,7766.01704,"4","NA","0.82","54.55","66.29","-3.17","-28.04",6390,31.0457762191707,7.02916383743286,c(18.41277778, -34.30572222)
"2351",2351,"810_2_CP","NA","NA",-34.29792174,18.4231174,"Cape Point",810,"b",2,20,12,12,113.0973355,"0","NA","NA","NA","NA","NA","NA",6420,98.9584116986065,3.40457987785339,c(18.4231174, -34.29792174)
"2352",2352,"810_30_CP","Cassytha ciliolata","LAURACEAE",-34.30572222,18.41277778,"Cape Point",810,"b",30,91,143,69,7749.523678,"1","NA","0.47","46.03","98.25","-1.19","-28.84",6390,31.0457762191707,7.02916383743286,c(18.41277778, -34.30572222)
"2353",2353,"810_31_CP","Erica mammosa","ERICACEAE",-34.30572222,18.41277778,"Cape Point",810,"b",31,115,73,50,2866.703296,"4","NA","0.59","52.56","88.86","-4.09","-27.47",6390,31.0457762191707,7.02916383743286,c(18.41277778, -34.30572222)
"2354",2354,"810_3_CP","Anthospermum galioides","RUBIACEAE",-34.29792174,18.4231174,"Cape Point",810,"b",3,73,70,47,2583.959958,"4","NA","1.01","50.34","49.93","-3.35","-29",6420,98.9584116986065,3.40457987785339,c(18.4231174, -34.29792174)
"2355",2355,"810_4_CP","Ficinia brevifolia","CYPERACEAE",-34.29792174,18.4231174,"Cape Point",810,"b",4,81,9,9,63.61725124,"0","NA","0.53","47.06","89.24","2.69","-27.71",6420,98.9584116986065,3.40457987785339,c(18.4231174, -34.29792174)
"2356",2356,"810_5_CP","Struthiola dodecandra","THYMELAEACEAE",-34.29792174,18.4231174,"Cape Point",810,"b",5,31,55,7,302.3782929,"3","NA","0.83","50.8","60.96","-4.05","-28.06",6420,98.9584116986065,3.40457987785339,c(18.4231174, -34.29792174)
"2357",2357,"810_6_CP","Thamnochortus arenarius","RESTIONACEAE",-34.29792174,18.4231174,"Cape Point",810,"b",6,119,115,84,7586.946258,"0","NA","0.25","47.08","190.22","0.17","-28.19",6420,98.9584116986065,3.40457987785339,c(18.4231174, -34.29792174)
"2358",2358,"810_7_CP","Diosma hirsuta","RUTACEAE",-34.29792174,18.4231174,"Cape Point",810,"b",7,73,60,40,1884.955592,"4","NA","1","48.08","48.21","0.26","-28.43",6420,98.9584116986065,3.40457987785339,c(18.4231174, -34.29792174)
"2359",2359,"810_8_CP","Cliffortia falcata","ROSACEAE",-34.29792174,18.4231174,"Cape Point",810,"b",8,98,45,42,1484.402529,"4","NA","1.07","50.16","46.67","-1.91","-28.81",6420,98.9584116986065,3.40457987785339,c(18.4231174, -34.29792174)
"2360",2360,"810_9_CP","Euclea racemosa","EBENACEAE",-34.29792174,18.4231174,"Cape Point",810,"b",9,50,10,10,78.53981634,"1","NA","0.69","45.79","66.49","-3.72","-28.61",6420,98.9584116986065,3.40457987785339,c(18.4231174, -34.29792174)
"2361",2361,"811_10_CP","Cliffortia atrata","ROSACEAE",-34.23183333,18.39344444,"Cape Point",811,"c",10,45,51,43,1722.378172,"3","NA","0.87","49.34","56.72","-3.62","-27.75",6030,34.926498246567,9.96358871459961,c(18.39344444, -34.23183333)
"2362",2362,"811_11_CP","Euphorbia tuberosa","EUPHORBIACEAE",-34.23183333,18.39344444,"Cape Point",811,"c",11,3,5,5,19.63495408,"0","NA","1.71","46.11","27.01","-2.14","-27.55",6030,34.926498246567,9.96358871459961,c(18.39344444, -34.23183333)
"2363",2363,"811_12_CP","Trachyandra hirsutiflora","ASPHODELACEAE",-34.23183333,18.39344444,"Cape Point",811,"c",12,35,1,1,0.785398163,"0","NA","1.24","35.83","28.87","-2.39","-28.4",6030,34.926498246567,9.96358871459961,c(18.39344444, -34.23183333)
"2364",2364,"811_13_CP","Ficinia bulbosa","CYPERACEAE",-34.23183333,18.39344444,"Cape Point",811,"c",13,15,8,8,50.26548246,"0","NA","1.285","47.555","37.785","1.52","-25.635",6030,34.926498246567,9.96358871459961,c(18.39344444, -34.23183333)
"2365",2365,"811_14_CP","Bulbine abyssinica","ASPHODELACEAE",-34.23183333,18.39344444,"Cape Point",811,"c",14,33,1,1,0.785398163,"0","NA","NA","NA","NA","NA","NA",6030,34.926498246567,9.96358871459961,c(18.39344444, -34.23183333)
"2366",2366,"811_15_CP","Thesium acuminatum","SANTALACEAE",-34.23183333,18.39344444,"Cape Point",811,"c",15,10,10,8,62.83185307,"2","NA","0.765","44.37","60.22","-1.335","-29.595",6030,34.926498246567,9.96358871459961,c(18.39344444, -34.23183333)
"2367",2367,"811_16_CP","Ficinia oligantha","CYPERACEAE",-34.23183333,18.39344444,"Cape Point",811,"c",16,7,10,10,78.53981634,"0","NA","0.98","49.19","50.09","2.92","-28.47",6030,34.926498246567,9.96358871459961,c(18.39344444, -34.23183333)
"2368",2368,"811_17_CP","Disparago ericoides","ASTERACEAE",-34.23183333,18.39344444,"Cape Point",811,"c",17,20,23,15,270.9623664,"3","NA","NA","NA","NA","NA","NA",6030,34.926498246567,9.96358871459961,c(18.39344444, -34.23183333)
"2369",2369,"811_18_CP","Ruschia sarmentosa","AIZOACEAE",-34.23183333,18.39344444,"Cape Point",811,"c",18,8,55,25,1079.922475,"0","NA","1.37","41.89","30.48","3.17","-26.67",6030,34.926498246567,9.96358871459961,c(18.39344444, -34.23183333)
"2370",2370,"811_19_CP","Senecio umbellatus","ASTERACEAE",-34.23183333,18.39344444,"Cape Point",811,"c",19,12,25,13,255.2544031,"2","NA","1.69","40.88","24.14","0.98","-30.75",6030,34.926498246567,9.96358871459961,c(18.39344444, -34.23183333)
"2371",2371,"811_1_CP","Willdenowia glomerata","RESTIONACEAE",-34.23183333,18.39344444,"Cape Point",811,"c",1,35,5,5,19.63495408,"1","NA","0.67","49.01","73.38","1.05","-27.41",6030,34.926498246567,9.96358871459961,c(18.39344444, -34.23183333)
"2372",2372,"811_20_CP","Erica gnaphaloides","ERICACEAE",-34.23315411,18.4038459,"Cape Point",811,"c",20,35,30,20,471.238898,"4","NA","0.68","55.76","82.56","-5.03","-28.29",6180,36.8668592602652,8.07580089569092,c(18.4038459, -34.23315411)
"2373",2373,"811_21_CP","Restio bifurcus","RESTIONACEAE",-34.23315411,18.4038459,"Cape Point",811,"c",21,55,25,20,392.6990817,"0","NA","0.23","49.01","209.35","0.73","-29.16",6180,36.8668592602652,8.07580089569092,c(18.4038459, -34.23315411)
"2374",2374,"811_22_CP","Cliffortia subsetacea","ROSACEAE",-34.23315411,18.4038459,"Cape Point",811,"c",22,38,60,40,1884.955592,"4","NA","0.9","48.68","54.27","-5.28","-29.85",6180,36.8668592602652,8.07580089569092,c(18.4038459, -34.23315411)
"2375",2375,"811_23_CP","Elegia vaginulata","RESTIONACEAE",-34.23315411,18.4038459,"Cape Point",811,"c",23,40,1,1,0.785398163,"0","NA","0.8","45.31","56.9","-1.43","-29.83",6180,36.8668592602652,8.07580089569092,c(18.4038459, -34.23315411)
"2376",2376,"811_24_CP","Diospyros glabra","EBENACEAE",-34.23315411,18.4038459,"Cape Point",811,"c",24,20,26,14,285.8849315,"3","NA","0.9","53.66","59.67","-1.51","-28.09",6180,36.8668592602652,8.07580089569092,c(18.4038459, -34.23315411)
"2377",2377,"811_25_CP","Gnidia juniperifolia","THYMELAEACEAE",-34.23315411,18.4038459,"Cape Point",811,"c",25,38,7,2,10.99557429,"1","NA","1.21","43.11","35.5","-2.44","-27.33",6180,36.8668592602652,8.07580089569092,c(18.4038459, -34.23315411)
"2378",2378,"811_2_CP","Erica subcapitata","ERICACEAE",-34.23183333,18.39344444,"Cape Point",811,"c",2,15,3,2,4.71238898,"1","NA","0.67","53.84","80.57","-2.5","-27.05",6030,34.926498246567,9.96358871459961,c(18.39344444, -34.23183333)
"2379",2379,"811_3_CP","Metalasia brevifolia","ASTERACEAE",-34.23183333,18.39344444,"Cape Point",811,"c",3,20,27,12,254.4690049,"2","NA","0.76","47.15","61.65","-2.44","-28.3",6030,34.926498246567,9.96358871459961,c(18.39344444, -34.23183333)
"2380",2380,"811_4_CP","Stoebe capitata","ASTERACEAE",-34.23183333,18.39344444,"Cape Point",811,"c",4,17,26,22,449.2477495,"4","NA","1.01","47.42","46.93","-2.21","-28.78",6030,34.926498246567,9.96358871459961,c(18.39344444, -34.23183333)
"2381",2381,"811_5_CP","Polygala garcinii","POLYGALACEAE",-34.23183333,18.39344444,"Cape Point",811,"c",5,15,3,3,7.068583471,"0","NA","1.17","51.49","44.06","-4.42","-28.66",6030,34.926498246567,9.96358871459961,c(18.39344444, -34.23183333)
"2382",2382,"811_6_CP","Muraltia ericoides","POLYGALACEAE",-34.23183333,18.39344444,"Cape Point",811,"c",6,15,5,5,19.63495408,"2","NA","0.51","53.57","104.17","-4.47","-30.05",6030,34.926498246567,9.96358871459961,c(18.39344444, -34.23183333)
"2383",2383,"811_7_CP","Polygala bracteolata","POLYGALACEAE",-34.23183333,18.39344444,"Cape Point",811,"c",7,15,19,15,223.8384766,"1","NA","0.93","46.59","50.21","-3.34","-27.58",6030,34.926498246567,9.96358871459961,c(18.39344444, -34.23183333)
"2384",2384,"811_8_CP","Lobelia setacea","CAMPANULACEAE",-34.23183333,18.39344444,"Cape Point",811,"c",8,15,25,15,294.5243113,"2","NA","1.32","49.52","37.49","-3.05","-27.9",6030,34.926498246567,9.96358871459961,c(18.39344444, -34.23183333)
"2385",2385,"811_9_CP","Anthospermum galioides","RUBIACEAE",-34.23183333,18.39344444,"Cape Point",811,"c",9,13,16,12,150.7964474,"3","NA","1.01","50.34","49.93","-3.35","-29",6030,34.926498246567,9.96358871459961,c(18.39344444, -34.23183333)
"2386",2386,"812_10_CP","Thesium acuminatum","SANTALACEAE",-34.28097222,18.463,"Cape Point",812,"a",10,17,12,6,56.54866776,"3","NA","0.765","44.37","60.22","-1.335","-29.595",6660,166.871047178042,14.2100219726562,c(18.463, -34.28097222)
"2387",2387,"812_11_CP","Elegia juncea","RESTIONACEAE",-34.28097222,18.463,"Cape Point",812,"a",11,112,142,115,12825.55201,"0","NA","0.48","44.92","93.81","-0.85","-27.56",6660,166.871047178042,14.2100219726562,c(18.463, -34.28097222)
"2388",2388,"812_1_CP","Erica imbricata","ERICACEAE",-34.28097222,18.463,"Cape Point",812,"a",1,23,20,19,298.4513021,"4","NA","0.65","58.4","90.26","-5.36","-27.72",6660,166.871047178042,14.2100219726562,c(18.463, -34.28097222)
"2389",2389,"812_24_CP","Tetraria crassa","CYPERACEAE",-34.27327199,18.45321,"Cape Point",812,"a",24,51,1,1,0.785398163,"0","NA","0.703333333","45.43333333","64.93666667","1.653333333","-27.21666667",6270,130.004187917777,11.188512802124,c(18.45321, -34.27327199)
"2390",2390,"812_25_CP","Restio bifurcus","RESTIONACEAE",-34.27327199,18.45321,"Cape Point",812,"a",25,59,27,25,530.1437603,"0","NA","0.23","49.01","209.35","0.73","-29.16",6270,130.004187917777,11.188512802124,c(18.45321, -34.27327199)
"2391",2391,"812_26_CP","Thesium pseudovirgatum","SANTALACEAE",-34.27327199,18.45321,"Cape Point",812,"a",26,17,34,19,507.3672136,"2","NA","0.78","44.95","57.45","-1.22","-26.26",6270,130.004187917777,11.188512802124,c(18.45321, -34.27327199)
"2392",2392,"812_27_CP","Restio sarocladus","RESTIONACEAE",-34.27327199,18.45321,"Cape Point",812,"a",27,44,3,2,4.71238898,"0","NA","0.27","49.01","178.72","-1.7","-28.99",6270,130.004187917777,11.188512802124,c(18.45321, -34.27327199)
"2393",2393,"812_28_CP","Watsonia borbonica","IRIDACEAE",-34.27327199,18.45321,"Cape Point",812,"a",28,41,19,4,59.69026042,"0","NA","1.24","42.87","34.65","-3","-25.52",6270,130.004187917777,11.188512802124,c(18.45321, -34.27327199)
"2394",2394,"812_29_CP","Erica hirtiflora","ERICACEAE",-34.27327199,18.45321,"Cape Point",812,"a",29,12,3,3,7.068583471,"2","NA","0.79","57.43","72.76","-5.07","-29.32",6270,130.004187917777,11.188512802124,c(18.45321, -34.27327199)
"2395",2395,"812_2_CP","Bulbine alooides","ASPHODELACEAE",-34.28097222,18.463,"Cape Point",812,"a",2,22,1,1,0.785398163,"0","NA","1.15","35.86","31.18","-2.89","-28.11",6660,166.871047178042,14.2100219726562,c(18.463, -34.28097222)
"2396",2396,"812_30_CP","Stoebe incana","ASTERACEAE",-34.27327199,18.45321,"Cape Point",812,"a",30,12,8,8,50.26548246,"3","NA","NA","NA","NA","NA","NA",6270,130.004187917777,11.188512802124,c(18.45321, -34.27327199)
"2397",2397,"812_31_CP","Schizaea pectinata","SCHIZAEACEAE",-34.27327199,18.45321,"Cape Point",812,"a",31,10,6,5,23.5619449,"0","NA","0.95","45.98","48.39","-0.87","-27.85",6270,130.004187917777,11.188512802124,c(18.45321, -34.27327199)
"2398",2398,"812_32_CP","Erica palliiflora","ERICACEAE",-34.27327199,18.45321,"Cape Point",812,"a",32,11,1,1,0.785398163,"2","NA","0.75","52.31","69.55","-4.05","-28.63",6270,130.004187917777,11.188512802124,c(18.45321, -34.27327199)
"2399",2399,"812_33_CP","Erica spumosa","ERICACEAE",-34.27327199,18.45321,"Cape Point",812,"a",33,17,7,6,32.98672286,"2","NA","0.58","52.78","90.25","-4.51","-29.59",6270,130.004187917777,11.188512802124,c(18.45321, -34.27327199)
"2400",2400,"812_3_CP","Tetraria compar","CYPERACEAE",-34.28097222,18.463,"Cape Point",812,"a",3,14,9,2,14.13716694,"0","NA","0.63","45.91","73.21","1.65","-23.95",6660,166.871047178042,14.2100219726562,c(18.463, -34.28097222)
"2401",2401,"812_4_CP","Tetraria exilis","CYPERACEAE",-34.28097222,18.463,"Cape Point",812,"a",4,20,3,3,7.068583471,"0","NA","0.49","44.92","90.93","3.31","-28.94",6660,166.871047178042,14.2100219726562,c(18.463, -34.28097222)
"2402",2402,"812_5_CP","Adenandra villosa","RUTACEAE",-34.28097222,18.463,"Cape Point",812,"a",5,17,1,1,0.785398163,"1","NA","0.6","50.51","83.65","-6.93","-29.01",6660,166.871047178042,14.2100219726562,c(18.463, -34.28097222)
"2403",2403,"812_6_CP","Phaenocoma prolifera","ASTERACEAE",-34.28097222,18.463,"Cape Point",812,"a",6,43,7,13,71.47123287,"4","NA","0.3","44.86","150.84","-1.01","-28.35",6660,166.871047178042,14.2100219726562,c(18.463, -34.28097222)
"2404",2404,"812_7_CP","Pentaschistis colorata","POACEAE",-34.28097222,18.463,"Cape Point",812,"a",7,14,3,3,7.068583471,"0","NA","NA","NA","NA","NA","NA",6660,166.871047178042,14.2100219726562,c(18.463, -34.28097222)
"2405",2405,"812_8_CP","Protea lepidocarpodendron","PROTEACEAE",-34.28097222,18.463,"Cape Point",812,"a",8,81,67,41,2157.488755,"4","NA","0.64","55.1","86.01","1.87","-27.98",6660,166.871047178042,14.2100219726562,c(18.463, -34.28097222)
"2406",2406,"812_9_CP","Dilatris pillansii","HAEMODORACEAE",-34.28097222,18.463,"Cape Point",812,"a",9,30,21,5,82.46680716,"0","NA","1.15","44.98","39.27","-0.04","-22.39",6660,166.871047178042,14.2100219726562,c(18.463, -34.28097222)
"2407",2407,"814_10_CP","Morella cordifolia","MYRICACEAE",-34.30641,18.46261,"Cape Point",814,"a",10,27,63,33,1632.842782,"2","NA","1.46","49.9","34.17","-1","-28.19",6060,10.6719855753399,12.4788551330566,c(18.46261, -34.30641)
"2408",2408,"814_11_CP","Psoralea repens","FABACEAE",-34.30641,18.46261,"Cape Point",814,"a",11,4,28,48,1055.575132,"2","NA","3.07","43.2","14.06","-2.52","-26.4",6060,10.6719855753399,12.4788551330566,c(18.46261, -34.30641)
"2409",2409,"814_12_CP","Tarchonanthus camphoratus","ASTERACEAE",-34.339806,18.463083,"Cape Point",814,"a",12,110,179,143,20103.83679,"4","NA","NA","NA","NA","NA","NA",6420,46.568664328756,8.41919803619385,c(18.463083, -34.339806)
"2410",2410,"814_13_CP","Hermannia ternifolia","MALVACEAE",-34.339806,18.463083,"Cape Point",814,"a",13,9,41,47,1513.462261,"1","NA","2.15","40.78","19","0.93","-29.21",6420,46.568664328756,8.41919803619385,c(18.463083, -34.339806)
"2411",2411,"814_14_CP","Hermannia multiflora","MALVACEAE",-34.339806,18.463083,"Cape Point",814,"a",14,24,71,60,3345.796176,"1","NA","1.3","45.14","34.75","1.07","-28.6",6420,46.568664328756,8.41919803619385,c(18.463083, -34.339806)
"2412",2412,"814_15_CP","Aspalathus chenopoda","FABACEAE",-34.339806,18.463083,"Cape Point",814,"a",15,41,147,112,12930.79536,"3","NA","1.5","46.53","30.93","-1.94","-27.32",6420,46.568664328756,8.41919803619385,c(18.463083, -34.339806)
"2413",2413,"814_16_CP","Lobostemon montanus","BORAGINACEAE",-34.339806,18.463083,"Cape Point",814,"a",16,42,79,90,5584.180942,"3","NA","0.75","41.03","54.67","1.51","-29.5",6420,46.568664328756,8.41919803619385,c(18.463083, -34.339806)
"2414",2414,"814_17_CP","Thamnochortus fruticosus","RESTIONACEAE",-34.339806,18.463083,"Cape Point",814,"a",17,18,4,4,12.56637061,"0","NA","0.9","46.63","52","2.39","-27.71",6420,46.568664328756,8.41919803619385,c(18.463083, -34.339806)
"2415",2415,"814_1_CP","Helichrysum dasyanthum","ASTERACEAE",-34.30641,18.46261,"Cape Point",814,"a",1,20,51,19,761.0508203,"4","NA","2.05","40.49","19.78","-2.22","-32.61",6060,10.6719855753399,12.4788551330566,c(18.46261, -34.30641)
"2416",2416,"814_20_CP","Erica capillaris","ERICACEAE",-34.31435832,18.423509,"Cape Point",814,"a",20,21,4,4,12.56637061,"4","NA","0.76","53.29","69.88","-5.11","-29.65",6240,84.4057040958702,7.44543170928955,c(18.423509, -34.31435832)
"2417",2417,"814_21_CP","Laurembergia repens","HALORAGACEAE",-34.30607566,18.42244148,"Cape Point",814,"a",21,8,1,1,0.785398163,"0","NA","1.51","40.73","26.9","0.68","-25.09",6420,89.2566066301157,5.64697217941284,c(18.42244148, -34.30607566)
"2418",2418,"814_22_CP","Alciope tabularis","ASTERACEAE",-34.30607566,18.42244148,"Cape Point",814,"a",22,49,88,38,2626.371458,"2","NA","1.15","45.86","39.82","-5.07","-26.38",6420,89.2566066301157,5.64697217941284,c(18.42244148, -34.30607566)
"2419",2419,"814_23_CP","Erica capensis","ERICACEAE",-34.28981074,18.4231925,"Cape Point",814,"a",23,25,6,7,32.98672286,"2","NA","0.87","52.68","60.88","-4.47","-28",6450,96.0478701780592,3.08224201202393,c(18.4231925, -34.28981074)
"2420",2420,"814_24_CP","Lachnaea densiflora","THYMELAEACEAE",-34.28981074,18.4231925,"Cape Point",814,"a",24,29,15,19,223.8384766,"2","NA","0.69","44.95","64.72","-3.74","-27.81",6450,96.0478701780592,3.08224201202393,c(18.4231925, -34.28981074)
"2421",2421,"814_25_CP","Syncarpha canescens","ASTERACEAE",-34.28981074,18.4231925,"Cape Point",814,"a",25,15,7,8,43.98229715,"2","NA","NA","NA","NA","NA","NA",6450,96.0478701780592,3.08224201202393,c(18.4231925, -34.28981074)
"2422",2422,"814_26_CP","Zygophyllum procumbens","ZYGOPHYLLACEAE",-34.28981074,18.4231925,"Cape Point",814,"a",26,9,32,12,301.5928947,"2","NA","NA","NA","NA","NA","NA",6450,96.0478701780592,3.08224201202393,c(18.4231925, -34.28981074)
"2423",2423,"814_27_CP","Arctotis aspera","ASTERACEAE",-34.26524204,18.46298508,"Cape Point",814,"a",27,62,105,31,2556.471022,"2","NA","1.97","42.47","21.54","4.18","-30.08",6630,168.81140819174,21.5695934295654,c(18.46298508, -34.26524204)
"2424",2424,"814_28_CP","Indigofera brachystachya","FABACEAE",-34.26524204,18.46298508,"Cape Point",814,"a",28,13,19,19,283.528737,"2","NA","1.73","43.75","25.23","-0.5","-31.1",6630,168.81140819174,21.5695934295654,c(18.46298508, -34.26524204)
"2425",2425,"814_2_CP","Tetragonia fruticosa","AIZOACEAE",-34.30641,18.46261,"Cape Point",814,"a",2,97,184,112,16185.48535,"4","NA","1.87","31.74","17.02","2.15","-26.96",6060,10.6719855753399,12.4788551330566,c(18.46261, -34.30641)
"2426",2426,"814_3_CP","Cliffortia obcordata","ROSACEAE",-34.30641,18.46261,"Cape Point",814,"a",3,21,96,36,2714.336053,"4","NA","1.64","46.36","28.21","-2.35","-28.56",6060,10.6719855753399,12.4788551330566,c(18.46261, -34.30641)
"2427",2427,"814_4_CP","Erica coarctata","ERICACEAE",-34.30641,18.46261,"Cape Point",814,"a",4,101,126,65,6432.410958,"4","NA","0.54","55.04","102","-3.22","-26.85",6060,10.6719855753399,12.4788551330566,c(18.46261, -34.30641)
"2428",2428,"814_5_CP","Zygophyllum flexuosum","ZYGOPHYLLACEAE",-34.30641,18.46261,"Cape Point",814,"a",5,32,85,25,1668.971097,"4","NA","NA","NA","NA","NA","NA",6060,10.6719855753399,12.4788551330566,c(18.46261, -34.30641)
"2429",2429,"814_6_CP","Cussonia thyrsiflora","ARALIACEAE",-34.30641,18.46261,"Cape Point",814,"a",6,120,179,190,26711.39154,"4","NA","NA","NA","NA","NA","NA",6060,10.6719855753399,12.4788551330566,c(18.46261, -34.30641)
"2430",2430,"814_7_CP","Scabiosa africana","DIPSACACEAE",-34.30641,18.46261,"Cape Point",814,"a",7,34,56,31,1363.451212,"1","NA","1.68","44.48","26.46","1.41","-29.66",6060,10.6719855753399,12.4788551330566,c(18.46261, -34.30641)
"2431",2431,"814_8_CP","NA","NA",-34.30641,18.46261,"Cape Point",814,"a",8,160,131,112,11523.36185,"4","NA","0.83","48.64","58.27","1.3","-26.4",6060,10.6719855753399,12.4788551330566,c(18.46261, -34.30641)
"2432",2432,"814_9_CP","Ischyrolepis eleocharis","RESTIONACEAE",-34.30641,18.46261,"Cape Point",814,"a",9,19,44,49,1693.31844,"0","NA","0.69","47.04","68.49","-0.71","-24.9",6060,10.6719855753399,12.4788551330566,c(18.46261, -34.30641)
"2433",2433,"816_10_CP","Erica laeta","ERICACEAE",-34.28163537,18.43306303,"Cape Point",816,"c",10,10,4,3,9.424777961,"3","NA","0.48","50.98","106.13","-6.74","-28.05",6450,93.137328657512,4.00245952606201,c(18.43306303, -34.28163537)
"2434",2434,"816_11_CP","Scirpoides nodosus","CYPERACEAE",-34.28163537,18.43306303,"Cape Point",816,"c",11,26,3,3,7.068583471,"0","NA","0.38","47.36","124.84","1.02","-23.58",6450,93.137328657512,4.00245952606201,c(18.43306303, -34.28163537)
"2435",2435,"816_12_CP","Erica obliqua","ERICACEAE",-34.28163537,18.43306303,"Cape Point",816,"c",12,25,2,2,3.141592654,"1","NA","0.62","52.24","84.29","-2.4","-26.96",6450,93.137328657512,4.00245952606201,c(18.43306303, -34.28163537)
"2436",2436,"816_13_CP","Muraltia ericoides","POLYGALACEAE",-34.28163537,18.43306303,"Cape Point",816,"c",13,10,1,1,0.785398163,"1","NA","0.51","53.57","104.17","-4.47","-30.05",6450,93.137328657512,4.00245952606201,c(18.43306303, -34.28163537)
"2437",2437,"816_14_CP","Ischyrolepis paludosa","RESTIONACEAE",-34.28163537,18.43306303,"Cape Point",816,"c",14,15,30,30,706.8583471,"0","NA","0.67","47.84","71.43","-1.15","-28.57",6450,93.137328657512,4.00245952606201,c(18.43306303, -34.28163537)
"2438",2438,"816_15_CP","Disparago ericoides","ASTERACEAE",-34.28163537,18.43306303,"Cape Point",816,"c",15,15,20,20,314.1592654,"2","NA","NA","NA","NA","NA","NA",6450,93.137328657512,4.00245952606201,c(18.43306303, -34.28163537)
"2439",2439,"816_16_CP","Tetraria fasciata","CYPERACEAE",-34.28163537,18.43306303,"Cape Point",816,"c",16,25,25,15,294.5243113,"2","NA","0.62","46.1","73.92","1.69","-27.9",6450,93.137328657512,4.00245952606201,c(18.43306303, -34.28163537)
"2440",2440,"816_17_CP","Roella decurrens","CAMPANULACEAE",-34.28225,18.44297222,"Cape Point",816,"c",17,10,14,12,131.9468915,"3","NA","1.01","46.08","45.47","-2.39","-27.08",6270,110.600577780795,4.67426300048828,c(18.44297222, -34.28225)
"2441",2441,"816_18_CP","Lobelia setacea","CAMPANULACEAE",-34.28225,18.44297222,"Cape Point",816,"c",18,7,11,9,77.75441818,"1","NA","1.32","49.52","37.49","-3.05","-27.9",6270,110.600577780795,4.67426300048828,c(18.44297222, -34.28225)
"2442",2442,"816_19_CP","Ischyrolepis capensis","RESTIONACEAE",-34.28225,18.44297222,"Cape Point",816,"c",19,15,22,6,103.6725576,"0","NA","0.45","49.02","108.41","0.01","-25.94",6270,110.600577780795,4.67426300048828,c(18.44297222, -34.28225)
"2443",2443,"816_1_CP","Restio bifurcus","RESTIONACEAE",-34.28152808,18.42359483,"Cape Point",816,"c",1,40,3,3,7.068583471,"0","NA","0.23","49.01","209.35","0.73","-29.16",6360,94.1075091643611,3.2113573551178,c(18.42359483, -34.28152808)
"2444",2444,"816_20_CP","Erica mammosa","ERICACEAE",-34.28225,18.44297222,"Cape Point",816,"c",20,40,20,20,314.1592654,"4","NA","0.59","52.56","88.86","-4.09","-27.47",6270,110.600577780795,4.67426300048828,c(18.44297222, -34.28225)
"2445",2445,"816_21_CP","Erica axillaris","ERICACEAE",-34.28225,18.44297222,"Cape Point",816,"c",21,19,25,15,294.5243113,"4","NA","0.66","50.69","76.34","-2.84","-27.97",6270,110.600577780795,4.67426300048828,c(18.44297222, -34.28225)
"2446",2446,"816_22_CP","Syncarpha speciosissima","ASTERACEAE",-34.28225,18.44297222,"Cape Point",816,"c",22,7,9,7,49.48008429,"1","NA","0.825","44.025","53.7","0.08","-30.735",6270,110.600577780795,4.67426300048828,c(18.44297222, -34.28225)
"2447",2447,"816_23_CP","Tetraria sylvatica","CYPERACEAE",-34.28225,18.44297222,"Cape Point",816,"c",23,26,10,10,78.53981634,"0","NA","0.97","43.59","44.97","0.88","-27.35",6270,110.600577780795,4.67426300048828,c(18.44297222, -34.28225)
"2448",2448,"816_24_CP","Tetraria cuspidata","CYPERACEAE",-34.28225,18.44297222,"Cape Point",816,"c",24,25,37,18,523.0751768,"0","NA","0.38","43.915","116.845","1","-26.86",6270,110.600577780795,4.67426300048828,c(18.44297222, -34.28225)
"2449",2449,"816_25_CP","Ficinia stolonifera","CYPERACEAE",-34.28225,18.44297222,"Cape Point",816,"c",25,12,5,5,19.63495408,"0","NA","0.92","48.285","52.855","1.57","-27.195",6270,110.600577780795,4.67426300048828,c(18.44297222, -34.28225)
"2450",2450,"816_2_CP","Erica lasciva","ERICACEAE",-34.28152808,18.42359483,"Cape Point",816,"c",2,22,2,2,3.141592654,"1","NA","0.64","59.37","93.25","-5.68","-27.49",6360,94.1075091643611,3.2113573551178,c(18.42359483, -34.28152808)
"2451",2451,"816_3_CP","Erica capillaris","ERICACEAE",-34.28152808,18.42359483,"Cape Point",816,"c",3,8,7,6,32.98672286,"2","NA","0.76","53.29","69.88","-5.11","-29.65",6360,94.1075091643611,3.2113573551178,c(18.42359483, -34.28152808)
"2452",2452,"816_4_CP","Struthiola dodecandra","THYMELAEACEAE",-34.28152808,18.42359483,"Cape Point",816,"c",4,45,20,14,219.9114858,"3","NA","0.83","50.8","60.96","-4.05","-28.06",6360,94.1075091643611,3.2113573551178,c(18.42359483, -34.28152808)
"2453",2453,"816_5_CP","Thesium nigromontanum","SANTALACEAE",-34.28152808,18.42359483,"Cape Point",816,"c",5,12,25,20,392.6990817,"3","NA","0.53","48.41","90.97","-1.56","-27.98",6360,94.1075091643611,3.2113573551178,c(18.42359483, -34.28152808)
"2454",2454,"816_6_CP","Tetraria crassa","CYPERACEAE",-34.28152808,18.42359483,"Cape Point",816,"c",6,20,45,25,883.5729338,"0","NA","0.703333333","45.43333333","64.93666667","1.653333333","-27.21666667",6360,94.1075091643611,3.2113573551178,c(18.42359483, -34.28152808)
"2455",2455,"816_7_CP","Corymbium glabrum","ASTERACEAE",-34.28152808,18.42359483,"Cape Point",816,"c",7,20,9,6,42.41150082,"0","NA","0.29","46.9","159.42","-4.66","-24.89",6360,94.1075091643611,3.2113573551178,c(18.42359483, -34.28152808)
"2456",2456,"816_8_CP","Leucadendron laureolum","PROTEACEAE",-34.28152808,18.42359483,"Cape Point",816,"c",8,48,50,37,1452.986602,"2","NA","0.46","49.13","106.47","-1.49","-28.64",6360,94.1075091643611,3.2113573551178,c(18.42359483, -34.28152808)
"2457",2457,"816_9_CP","Euryops abrotanifolius","ASTERACEAE",-34.28152808,18.42359483,"Cape Point",816,"c",9,4,7,5,27.48893572,"0","NA","1.35","42.61","31.66","-1.85","-30.34",6360,94.1075091643611,3.2113573551178,c(18.42359483, -34.28152808)
"2458",2458,"818_1_CP","Struthiola dodecandra","THYMELAEACEAE",-34.28944596,18.44329834,"Cape Point",818,"a",1,17,8,2,12.56637061,"1","NA","0.83","50.8","60.96","-4.05","-28.06",6450,124.183104876683,5.37006998062134,c(18.44329834, -34.28944596)
"2459",2459,"819_10_CP","Epischoenus quadrangularis","CYPERACEAE",-34.23988,18.38403,"Cape Point",819,"c",10,100,130,100,10210.17612,"0","NA","0.44","46.11","103.8","0.13","-29.45",6390,15.5228881095853,4.56385660171509,c(18.38403, -34.23988)
"2460",2460,"819_11_CP","Ficinia secunda","CYPERACEAE",-34.23988,18.38403,"Cape Point",819,"c",11,40,90,90,6361.725124,"0","NA","1.05","46.46","44.37","2.31","-26.88",6390,15.5228881095853,4.56385660171509,c(18.38403, -34.23988)
"2461",2461,"819_12_CP","Ficinia capitella","CYPERACEAE",-34.23988,18.38403,"Cape Point",819,"c",12,30,70,50,2748.893572,"0","NA","0.96","46.68","48.45","0.57","-26.69",6390,15.5228881095853,4.56385660171509,c(18.38403, -34.23988)
"2462",2462,"819_13_CP","Aspalathus carnosa","FABACEAE",-34.23988,18.38403,"Cape Point",819,"c",13,70,130,70,7147.123287,"4","NA","1.41","50.47","35.81","-1.61","-27.95",6390,15.5228881095853,4.56385660171509,c(18.38403, -34.23988)
"2463",2463,"819_14_CP","Apium decumbens","APIACEAE",-34.23988,18.38403,"Cape Point",819,"c",14,10,25,20,392.6990817,"2","NA","NA","NA","NA","NA","NA",6390,15.5228881095853,4.56385660171509,c(18.38403, -34.23988)
"2464",2464,"819_15_CP","Ficinia dunensis","CYPERACEAE",-34.23988,18.38403,"Cape Point",819,"c",15,15,10,8,62.83185307,"0","NA","1.06","46.42","43.78","-0.39","-28.14",6390,15.5228881095853,4.56385660171509,c(18.38403, -34.23988)
"2465",2465,"819_16_CP","Ficinia indica","CYPERACEAE",-34.23988,18.38403,"Cape Point",819,"c",16,40,20,15,235.619449,"0","NA","0.86","46.96","54.67","2.51","-26.39",6390,15.5228881095853,4.56385660171509,c(18.38403, -34.23988)
"2466",2466,"819_17_CP","Ficinia ramosissima","CYPERACEAE",-34.23988,18.38403,"Cape Point",819,"c",17,25,15,5,58.90486225,"0","NA","0.86","46.01","53.45","-1.08","-26.41",6390,15.5228881095853,4.56385660171509,c(18.38403, -34.23988)
"2467",2467,"819_1_CP","Ficinia pinguior","CYPERACEAE",-34.23988,18.38403,"Cape Point",819,"c",1,30,30,20,471.238898,"0","NA","0.41","48.7","119.03","-0.54","-23.97",6390,15.5228881095853,4.56385660171509,c(18.38403, -34.23988)
"2468",2468,"819_2_CP","Indigofera sarmentosa","FABACEAE",-34.23988,18.38403,"Cape Point",819,"c",2,25,40,35,1099.557429,"3","NA","1.2","47.19","39.32","0.23","-28.56",6390,15.5228881095853,4.56385660171509,c(18.38403, -34.23988)
"2469",2469,"819_3_CP","Aristea africana","IRIDACEAE",-34.23988,18.38403,"Cape Point",819,"c",3,10,8,3,18.84955592,"0","NA","0.84","48.6","58.18","-2.53","-27.35",6390,15.5228881095853,4.56385660171509,c(18.38403, -34.23988)
"2470",2470,"819_4_CP","Roella ciliata","CAMPANULACEAE",-34.23988,18.38403,"Cape Point",819,"c",4,12,10,8,62.83185307,"3","NA","1.1","41.05","37.21","1.65","-27.52",6390,15.5228881095853,4.56385660171509,c(18.38403, -34.23988)
"2471",2471,"819_5_CP","Lobelia coronopifolia","CAMPANULACEAE",-34.23988,18.38403,"Cape Point",819,"c",5,7,20,20,314.1592654,"2","NA","1.09","47.16","43.1","-0.44","-29.11",6390,15.5228881095853,4.56385660171509,c(18.38403, -34.23988)
"2472",2472,"819_6_CP","Erica exleeana","ERICACEAE",-34.23988,18.38403,"Cape Point",819,"c",6,12,20,15,235.619449,"4","NA","0.51","53.95","105.5","-4.43","-27.19",6390,15.5228881095853,4.56385660171509,c(18.38403, -34.23988)
"2473",2473,"819_7_CP","Thesium spicatum","SANTALACEAE",-34.23988,18.38403,"Cape Point",819,"c",7,15,30,20,471.238898,"4","NA","0.7","44.28","63.17","-0.66","-29.4",6390,15.5228881095853,4.56385660171509,c(18.38403, -34.23988)
"2474",2474,"819_8_CP","Ficinia stolonifera","CYPERACEAE",-34.23988,18.38403,"Cape Point",819,"c",8,10,5,5,19.63495408,"0","NA","0.92","48.285","52.855","1.57","-27.195",6390,15.5228881095853,4.56385660171509,c(18.38403, -34.23988)
"2475",2475,"819_9_CP","Ficinia deusta","CYPERACEAE",-34.23988,18.38403,"Cape Point",819,"c",9,30,5,5,19.63495408,"0","NA","0.51","46.12","91.23","2.19","-25.33",6390,15.5228881095853,4.56385660171509,c(18.38403, -34.23988)
"2476",2476,"824_10_CP","Gnidia imbricata","THYMELAEACEAE",-34.28981074,18.4231925,"Cape Point",824,"a",10,12,2,2,3.141592654,"1","NA","0.78","45.87","59.1","-3.29","-28.61",6450,96.0478701780592,3.08224201202393,c(18.4231925, -34.28981074)
"2477",2477,"824_11_CP","Tetraria crassa","CYPERACEAE",-34.28981074,18.4231925,"Cape Point",824,"a",11,25,4,4,12.56637061,"0","NA","0.703333333","45.43333333","64.93666667","1.653333333","-27.21666667",6450,96.0478701780592,3.08224201202393,c(18.4231925, -34.28981074)
"2478",2478,"824_12_CP","Macrostylis villosa","RUTACEAE",-34.28981074,18.4231925,"Cape Point",824,"a",12,7,24,13,245.044227,"2","NA","0.91","51.89","56.87","-0.84","-28.17",6450,96.0478701780592,3.08224201202393,c(18.4231925, -34.28981074)
"2479",2479,"824_13_CP","Lampranthus promontorii","AIZOACEAE",-34.28981074,18.4231925,"Cape Point",824,"a",13,12,25,14,274.8893572,"2","NA","1.02","41.33","40.51","3.2","-26.21",6450,96.0478701780592,3.08224201202393,c(18.4231925, -34.28981074)
"2480",2480,"824_14_CP","Dilatris pillansii","HAEMODORACEAE",-34.28981074,18.4231925,"Cape Point",824,"a",14,19,53,39,1623.418004,"0","NA","1.15","44.98","39.27","-0.04","-22.39",6450,96.0478701780592,3.08224201202393,c(18.4231925, -34.28981074)
"2481",2481,"824_15_CP","Protea cynaroides","PROTEACEAE",-34.28981074,18.4231925,"Cape Point",824,"a",15,32,93,49,3579.059431,"1","NA","0.49","46.12","94.02","-0.18","-26.1",6450,96.0478701780592,3.08224201202393,c(18.4231925, -34.28981074)
"2482",2482,"824_16_CP","Thesium pseudovirgatum","SANTALACEAE",-34.28981074,18.4231925,"Cape Point",824,"a",16,13,11,8,69.11503838,"2","NA","0.78","44.95","57.45","-1.22","-26.26",6450,96.0478701780592,3.08224201202393,c(18.4231925, -34.28981074)
"2483",2483,"824_17_CP","Pelargonium longifolium","GERANIACEAE",-34.29792174,18.4231174,"Cape Point",824,"a",17,7,3,2,4.71238898,"0","NA","1.88","46","24.51","0.39","-29.11",6420,98.9584116986065,3.40457987785339,c(18.4231174, -34.29792174)
"2484",2484,"824_2_CP","Merxmuellera cincta","POACEAE",-34.28975,18.41391667,"Cape Point",824,"a",2,108,193,63,9549.656269,"0","NA","NA","NA","NA","NA","NA",6360,82.4653430821721,4.7068920135498,c(18.41391667, -34.28975)
"2485",2485,"824_3_CP","Gnidia imbricata","THYMELAEACEAE",-34.28975,18.41391667,"Cape Point",824,"a",3,18,7,4,21.99114858,"1","NA","0.78","45.87","59.1","-3.29","-28.61",6360,82.4653430821721,4.7068920135498,c(18.41391667, -34.28975)
"2486",2486,"824_4_CP","Muraltia ericifolia","POLYGALACEAE",-34.28975,18.41391667,"Cape Point",824,"a",4,15,22,17,293.7389131,"3","NA","0.6","53.29","88.56","-3.94","-28.61",6360,82.4653430821721,4.7068920135498,c(18.41391667, -34.28975)
"2487",2487,"824_5_CP","Disparago ericoides","ASTERACEAE",-34.28975,18.41391667,"Cape Point",824,"a",5,27,14,20,219.9114858,"4","NA","NA","NA","NA","NA","NA",6360,82.4653430821721,4.7068920135498,c(18.41391667, -34.28975)
"2488",2488,"824_6_CP","Thesium pseudovirgatum","SANTALACEAE",-34.28975,18.41391667,"Cape Point",824,"a",6,23,32,14,351.8583772,"4","NA","0.78","44.95","57.45","-1.22","-26.26",6360,82.4653430821721,4.7068920135498,c(18.41391667, -34.28975)
"2489",2489,"824_7_CP","Ficinia stolonifera","CYPERACEAE",-34.28975,18.41391667,"Cape Point",824,"a",7,7,3,3,7.068583471,"0","NA","0.92","48.285","52.855","1.57","-27.195",6360,82.4653430821721,4.7068920135498,c(18.41391667, -34.28975)
"2490",2490,"824_8_CP","Erica exleeana","ERICACEAE",-34.28975,18.41391667,"Cape Point",824,"a",8,14,26,17,347.1459882,"4","NA","0.51","53.95","105.5","-4.43","-27.19",6360,82.4653430821721,4.7068920135498,c(18.41391667, -34.28975)
"2491",2491,"824_9_CP","Muraltia pageae","POLYGALACEAE",-34.28981074,18.4231925,"Cape Point",824,"a",9,12,3,2,4.71238898,"1","NA","0.67","46.49","69.2","-4.64","-27.51",6450,96.0478701780592,3.08224201202393,c(18.4231925, -34.28981074)
"2492",2492,"825_11_CP","Plecostachys serpyllifolia","ASTERACEAE",-34.30641,18.46261,"Cape Point",825,"a",11,95,71,29,1617.134818,"3","NA","1.2","45.24","37.63","1.39","-30.02",6060,10.6719855753399,12.4788551330566,c(18.46261, -34.30641)
"2493",2493,"825_12_CP","Kedrostis nana","CUCURBITACEAE",-34.30641,18.46261,"Cape Point",825,"a",12,46,7,21,115.45353,"1","NA","1.88","37.45","19.97","3.83","-29.81",6060,10.6719855753399,12.4788551330566,c(18.46261, -34.30641)
"2494",2494,"825_13_CP","Chenolea diffusa","AMARANTHACEAE",-34.30641,18.46261,"Cape Point",825,"a",13,14,82,20,1288.052988,"1","NA","NA","NA","NA","NA","NA",6060,10.6719855753399,12.4788551330566,c(18.46261, -34.30641)
"2495",2495,"825_14_CP","Stenotaphrum secundatum","POACEAE",-34.30641,18.46261,"Cape Point",825,"a",14,26,8,2,12.56637061,"0","NA","1.7","42.25","24.88","0.43","-12.91",6060,10.6719855753399,12.4788551330566,c(18.46261, -34.30641)
"2496",2496,"825_15_CP","Exomis microphylla","AMARANTHACEAE",-34.30641,18.46261,"Cape Point",825,"a",15,11,56,28,1231.50432,"1","NA","3.23","31.91","9.87","8.78","-27.84",6060,10.6719855753399,12.4788551330566,c(18.46261, -34.30641)
"2497",2497,"825_16_CP","Cynodon dactylon","POACEAE",-34.30641,18.46261,"Cape Point",825,"a",16,9,1,1,0.785398163,"0","NA","1.54","44.76","29.04","2.51","-13.37",6060,10.6719855753399,12.4788551330566,c(18.46261, -34.30641)
"2498",2498,"825_17_CP","Euphorbia erythrina","EUPHORBIACEAE",-34.30641,18.46261,"Cape Point",825,"a",17,7,34,19,507.3672136,"1","NA","1.33","46.36","34.99","1.41","-27.99",6060,10.6719855753399,12.4788551330566,c(18.46261, -34.30641)
"2499",2499,"825_18_CP","Apium decumbens","APIACEAE",-34.30641,18.46261,"Cape Point",825,"a",18,6,12,9,84.82300165,"0","NA","NA","NA","NA","NA","NA",6060,10.6719855753399,12.4788551330566,c(18.46261, -34.30641)
"2500",2500,"825_19_CP","Carpobrotus acinaciformis","AIZOACEAE",-34.30641,18.46261,"Cape Point",825,"a",19,16,120,106,9990.264638,"1","NA","0.55","36.54","65.92","2.27","-27.2",6060,10.6719855753399,12.4788551330566,c(18.46261, -34.30641)
"2501",2501,"825_1_CP","Erica hispidula","ERICACEAE",-34.30635,18.45291,"Cape Point",825,"a",1,12,7,5,27.48893572,"2","NA","0.655","51.94","79.225","-0.325","-29.615",5790,132.914729438324,12.894567489624,c(18.45291, -34.30635)
"2502",2502,"825_20_CP","Tetragonia decumbens","AIZOACEAE",-34.30641,18.46261,"Cape Point",825,"a",20,22,7,6,32.98672286,"0","NA","2.5","31.18","12.48","7.58","-26.15",6060,10.6719855753399,12.4788551330566,c(18.46261, -34.30641)
"2503",2503,"825_2_CP","Bulbine abyssinica","ASPHODELACEAE",-34.30635,18.45291,"Cape Point",825,"a",2,27,1,1,0.785398163,"0","NA","NA","NA","NA","NA","NA",5790,132.914729438324,12.894567489624,c(18.45291, -34.30635)
"2504",2504,"825_3_CP","Stoebe capitata","ASTERACEAE",-34.30635,18.45291,"Cape Point",825,"a",3,17,12,7,65.97344573,"2","NA","1.01","47.42","46.93","-2.21","-28.78",5790,132.914729438324,12.894567489624,c(18.45291, -34.30635)
"2505",2505,"825_4_CP","Gnidia imbricata","THYMELAEACEAE",-34.30635,18.45291,"Cape Point",825,"a",4,10,5,2,7.853981634,"2","NA","0.78","45.87","59.1","-3.29","-28.61",5790,132.914729438324,12.894567489624,c(18.45291, -34.30635)
"2506",2506,"825_5_CP","Thesium virgatum","SANTALACEAE",-34.30635,18.45291,"Cape Point",825,"a",5,19,10,7,54.97787144,"1","NA","0.97","47.17","48.58","0.33","-26.1",5790,132.914729438324,12.894567489624,c(18.45291, -34.30635)
"2507",2507,"825_6_CP","Erica coccinea","ERICACEAE",-34.30635,18.45291,"Cape Point",825,"a",6,104,64,83,4172.035044,"4","NA","0.35","58.65","165.36","-2.92","-26.64",5790,132.914729438324,12.894567489624,c(18.45291, -34.30635)
"2508",2508,"825_8_CP","Juncus kraussii","JUNCACEAE",-34.30641,18.46261,"Cape Point",825,"a",8,78,56,58,2550.973235,"0","NA","0.59","46.59","79.44","2.59","-25.25",6060,10.6719855753399,12.4788551330566,c(18.46261, -34.30641)
"2509",2509,"825_9_CP","Drosanthemum candens","AIZOACEAE",-34.30641,18.46261,"Cape Point",825,"a",9,7,86,134,9050.928435,"1","NA","1.24","30.89","24.82","9.45","-25.39",6060,10.6719855753399,12.4788551330566,c(18.46261, -34.30641)
