"species","genus_species_GM","family_GM","family_POSA","ScientificName_WFO","scientificNameAuthorship","Family_WFO","perennial","annual","lifecycle_POSA","monoecious","dioecious","evergreen","deciduous","seasonally_apparent","seasonally_identifiable","flower_postfire","resprout_postfire","serotinous","flower_begin","flower_end","flower_begin_alt","flower_end_alt","max_height_cm","herb","geophyte","graminoid","low_shrub","mid_shrub","tall_shrub","tree","scrambler","liana","hemiparasite","parasite","missing_growthform_class","succulent","leaf_succulent","stem_succulent","other_succulent","leaf_type","lvs_linear","lvs_intermediate","lvs_oval","lvs_compound","lvs_lobed","lvs_dissected","leaf_length","virtually_no_leaves","stems_photosynthetic","functional_leaf","functional_twig","plant_longevity","flammability","pollination","dispersal"
"Abutilon sonneratianum","Abutilon sonneratianum","MALVACEAE","MALVACEAE","Abutilon sonneratianum","(Cav.) Sweet","Malvaceae",1,0,"Perennial",1,0,1,0,0,0,0,0,0,"Nov","Jan","","",200,0,0,0,0,0,1,0,0,0,0,0,0,0,0,0,0,"Leaf",0,0,1,0,1,0,3.966666667,0,0,"leaf","0",2,"l","i","w"
"Acacia cyclops","Acacia cyclops","FABACEAE","FABACEAE","Acacia cyclops","A.Cunn. ex G.Don","Fabaceae",1,0,"Perennial",1,0,1,0,0,0,0,0,0,"Oct","May","","",400,0,0,0,0,0,0,1,0,0,0,0,0,0,0,0,0,"Phyllode",0,0,1,0,0,0,NA,0,0,"leaf","",3,"h","i","m"
"Acacia mearnsii","Acacia mearnsii","FABACEAE","FABACEAE","Acacia mearnsii","De Wild.","Fabaceae",1,0,"Perennial",1,0,1,0,0,0,0,0,0,"Aug","Nov","","",1500,0,0,0,0,0,0,1,0,0,0,0,0,0,0,0,0,"Leaf",0,0,0,1,0,0,NA,0,0,"leaf","",3,"h","i","m"
"Acacia saligna","Acacia saligna","FABACEAE","FABACEAE","Acacia saligna","(Labill.) H.L.Wendl.","Fabaceae",1,0,"Perennial",1,0,1,0,0,0,0,1,0,"Aug","Oct","","",600,0,0,0,0,0,1,1,0,0,0,0,0,0,0,0,0,"Phyllode",0,1,1,0,0,0,NA,0,0,"leaf","",3,"m","i","m"
"Acalypha glabrata","Acalypha glabrata","EUPHORBIACEAE","EUPHORBIACEAE","Acalypha glabrata","Thunb.","Euphorbiaceae",1,0,"Perennial",1,0,1,0,0,0,0,0,0,"Oct","Dec","","",500,0,0,0,0,0,1,1,0,0,0,0,0,0,0,0,0,"Leaf",0,0,1,0,0,0,NA,0,0,"leaf","",3,"m","i","i"
"Acmadenia latifolia","Acmadenia latifolia","RUTACEAE","RUTACEAE","Acmadenia latifolia","I.Williams","Rutaceae",1,0,"Perennial",1,0,1,0,0,0,0,0,0,"Oct","Dec","","",40,0,0,0,1,0,0,0,0,0,0,0,0,0,0,0,0,"Leaf",0,1,0,0,0,0,1.32,0,0,"leaf","",2,"h","i","p"
"Acmadenia nivea","Acmadenia nivea","RUTACEAE","RUTACEAE","Acmadenia nivea","I.Williams","Rutaceae",1,0,"Perennial",1,0,1,0,0,0,0,0,0,"Mar","Aug","","",30,0,0,0,1,0,0,0,0,0,0,0,0,0,0,0,0,"Leaf",0,1,0,0,0,0,NA,0,0,"leaf","",2,"h","i","p"
"Acmadenia nivenii","Acmadenia nivenii","RUTACEAE","RUTACEAE","Acmadenia nivenii","Sond.","Rutaceae",1,0,"Perennial",1,0,1,0,0,0,0,0,0,"Sep","Dec","","",40,0,0,0,1,0,0,0,0,0,0,0,0,0,0,0,0,"Leaf",1,0,1,0,0,0,0.644,0,0,"leaf","",2,"h","i","p"
"Acmadenia tetragona","Acmadenia tetragona","RUTACEAE","RUTACEAE","Acmadenia tetragona","Bartl. & H.L.Wendl.","Rutaceae",1,0,"Perennial",1,0,1,0,0,0,0,0,0,"Jul","Nov","","",40,0,0,0,1,0,0,0,0,0,0,0,0,0,0,0,0,"Leaf",0,1,0,0,0,0,NA,0,0,"leaf","",2,"h","i","p"
"Acmadenia trigona","Acmadenia trigona","RUTACEAE","RUTACEAE","Acmadenia trigona","Druce","Rutaceae",1,0,"Perennial",1,0,1,0,0,0,0,0,0,"Sep","Nov","","",40,0,0,0,1,0,0,0,0,0,0,0,0,0,0,0,0,"Leaf",0,1,0,0,0,0,1.132,0,0,"leaf","",2,"h","i","p"
"Acrolophia barbata","Acrolophia barbata","ORCHIDACEAE","ORCHIDACEAE","Eulophia barbata","(Thunb.) Spreng.","Orchidaceae",1,0,"Perennial",1,0,1,0,1,1,0,1,0,"Nov","Dec","","",100,0,1,0,0,0,0,0,0,0,0,0,0,0,0,0,0,"Leaf",1,0,0,0,0,0,NA,0,0,"leaf","",2,"l","i","p"
"Acrolophia capensis","Acrolophia capensis","ORCHIDACEAE","ORCHIDACEAE","Eulophia tristis","(L.f.) Spreng.","Orchidaceae",1,0,"Perennial",1,0,1,0,1,1,0,1,0,"Dec","Jan","","",80,0,1,0,0,0,0,0,0,0,0,0,0,0,0,0,0,"Leaf",1,0,0,0,0,0,NA,0,0,"leaf","",2,"l","i","p"
"Acrosanthes angustifolia","Acrosanthes angustifolia","AIZOACEAE","AIZOACEAE","Acrosanthes angustifolia","Eckl. & Zeyh.","Aizoaceae",1,0,"Perennial",1,0,1,0,0,0,0,0,0,"Nov","Dec","","",10,0,0,0,1,0,0,0,0,0,0,0,0,0,0,0,0,"Leaf",0,1,0,0,0,0,NA,0,0,"leaf","",2,"l","i","p"
"Adenandra brachyphylla","Adenandra brachyphylla","RUTACEAE","RUTACEAE","Adenandra brachyphylla","Schltdl.","Rutaceae",1,0,"Perennial",1,0,1,0,0,0,0,1,0,"Jul","Nov","","",80,0,0,0,1,0,0,0,0,0,0,0,0,0,0,0,0,"Leaf",0,0,1,0,0,0,NA,0,0,"leaf","",2,"h","i","p"
"Adenandra fragrans","Adenandra fragrans","RUTACEAE","RUTACEAE","Adenandra fragrans","(Sims) Schult.","Rutaceae",1,0,"Perennial",1,0,1,0,0,0,0,0,0,"Sep","Nov","","",120,0,0,0,0,1,0,0,0,0,0,0,0,0,0,0,0,"Leaf",0,0,1,0,0,0,2.52,0,0,"leaf","",2,"h","i","p"
"Adenandra mundiifolia","Adenandra mundiifolia","RUTACEAE","RUTACEAE","Adenandra mundiaefolia","Eckl. & Zeyh.","Rutaceae",1,0,"Perennial",1,0,1,0,0,0,0,0,0,"Aug","Nov","","",70,0,0,0,1,0,0,0,0,0,0,0,0,0,0,0,0,"Leaf",0,0,1,0,0,0,NA,0,0,"leaf","",2,"h","i","p"
"Adenandra uniflora","Adenandra uniflora","RUTACEAE","RUTACEAE","Adenandra uniflora","Willd.","Rutaceae",1,0,"Perennial",1,0,1,0,0,0,0,0,0,"Aug","Oct","","",50,0,0,0,1,0,0,0,0,0,0,0,0,0,0,0,0,"Leaf",0,1,1,0,0,0,0.833333333,0,0,"leaf","",2,"h","i","p"
"Adenandra villosa","Adenandra villosa","RUTACEAE","RUTACEAE","Adenandra villosa","Lichtst. ex Roem. & Schult.","Rutaceae",1,0,"Perennial",1,0,1,0,0,0,0,0,0,"Aug","Nov","","",100,0,0,0,1,0,0,0,0,0,0,0,0,0,0,0,0,"Leaf",0,0,1,0,0,0,1.61,0,0,"leaf","",2,"h","i","p"
"Adenocline pauciflora","Adenocline pauciflora","EUPHORBIACEAE","EUPHORBIACEAE","Adenocline pauciflora","Turcz.","Euphorbiaceae",1,1,"Both",0,1,1,0,0,0,0,1,0,"Sep","Dec","","",30,1,0,0,0,0,0,0,0,0,0,0,0,0,0,0,0,"Leaf",0,1,0,0,0,0,NA,0,0,"leaf","",2,"l","i","p"
"Adenogramma glomerata","Adenogramma glomerata","MOLLUGINACEAE","MOLLUGINACEAE","Adenogramma glomerata","Druce","Molluginaceae",0,1,"Annual",1,0,0,1,1,1,0,0,0,"Aug","Oct","","",15,1,0,0,0,0,0,0,0,0,0,0,0,0,0,0,0,"Leaf",1,0,0,0,0,0,NA,0,0,"leaf","",0,"l","i","p"
"Adromischus cristatus","Adromischus cristatus","CRASSULACEAE","CRASSULACEAE","Adromischus cristatus","(Haw.) Lem.","Crassulaceae",1,0,"Perennial",1,0,1,0,0,0,0,0,0,"Dec","Mar","","",40,1,0,0,0,0,0,0,0,0,0,0,0,1,1,1,0,"Leaf",0,0,1,0,0,0,NA,0,0,"leaf","",3,"l","i","p"
"Adromischus maculatus","Adromischus maculatus","CRASSULACEAE","CRASSULACEAE","Adromischus maculatus","Lem.","Crassulaceae",1,0,"Perennial",1,0,1,0,0,0,0,0,0,"Dec","Jan","","",35,1,0,0,0,0,0,0,0,0,0,0,0,1,1,1,0,"Leaf",0,0,1,0,0,0,6.090909091,0,0,"leaf","",3,"l","i","p"
"Adromischus triflorus","Adromischus triflorus","CRASSULACEAE","CRASSULACEAE","Adromischus triflorus","(L.f.) A.Berger","Crassulaceae",1,0,"Perennial",1,0,1,0,0,0,0,0,0,"Nov","Jan","","",35,1,0,0,0,0,0,0,0,0,0,0,0,1,1,1,0,"Leaf",0,0,1,0,0,0,NA,0,0,"leaf","",3,"l","i","p"
"Agapanthus praecox","Agapanthus praecox","AGAPANTHACEAE","AGAPANTHACEAE","Agapanthus praecox","Willd.","Amaryllidaceae",1,0,"Perennial",1,0,0,1,1,0,0,1,0,"Dec","Feb","","",100,0,1,0,0,0,0,0,0,0,0,0,0,0,0,0,0,"Leaf",1,0,0,0,0,0,NA,0,0,"leaf","",3,"l","i","w"
"Agapanthus walshii","Agapanthus africanus","AGAPANTHACEAE","AGAPANTHACEAE","Agapanthus walshii","L.Bolus","Amaryllidaceae",1,0,"Perennial",1,0,0,1,1,0,1,1,0,"Dec","Apr","","",70,0,1,0,0,0,0,0,0,0,0,0,0,0,0,0,0,"Leaf",1,0,0,0,0,0,13.86,0,0,"leaf","",3,"l","i","w"
"Agathosma anomala","Agathosma anomala","RUTACEAE","RUTACEAE","Agathosma anomala","E.Mey. ex Sond.","Rutaceae",1,0,"Perennial",1,0,1,0,0,0,0,0,0,"Oct","Apr","","",30,0,0,0,1,0,0,0,0,0,0,0,0,0,0,0,0,"Leaf",0,1,0,0,0,0,0.8,0,0,"leaf","",2,"h","i","p"
"Agathosma betulina","Agathosma betulina","RUTACEAE","RUTACEAE","Agathosma betulina","(P.J.Bergius) Pillans","Rutaceae",1,0,"Perennial",1,0,1,0,0,0,0,1,0,"Jun","Nov","","",200,0,0,0,0,0,1,0,0,0,0,0,0,0,0,0,0,"Leaf",0,0,1,0,0,0,1.3,0,0,"leaf","",3,"h","i","p"
"Agathosma bicolor","Agathosma bicolor","RUTACEAE","RUTACEAE","Agathosma bicolor","Dümmer","Rutaceae",1,0,"Perennial",1,0,1,0,0,0,0,1,0,"Aug","Sep","","",35,0,0,0,1,0,0,0,0,0,0,0,0,0,0,0,0,"Leaf",1,0,0,0,0,0,1,0,0,"leaf","",2,"h","i","p"
"Agathosma bifida","Agathosma bifida","RUTACEAE","RUTACEAE","Agathosma bifida","Bartl. & H.L.Wendl.","Rutaceae",1,0,"Perennial",1,0,1,0,0,0,0,1,0,"Jan","Dec","","",80,0,0,0,1,0,0,0,0,0,0,0,0,0,0,0,0,"Leaf",1,0,0,0,0,0,0.796,0,0,"leaf","",3,"h","i","p"
"Agathosma bisulca","Agathosma bisulca","RUTACEAE","RUTACEAE","Agathosma bisulca","Bartl. & H.L.Wendl.","Rutaceae",1,0,"Perennial",1,0,1,0,0,0,0,1,0,"Jun","Nov","","",100,0,0,0,1,0,0,0,0,0,0,0,0,0,0,0,0,"Leaf",1,1,0,0,0,0,1.5,0,0,"leaf","",2,"h","i","p"
"Agathosma capensis","Agathosma capensis","RUTACEAE","RUTACEAE","Agathosma capensis","Druce","Rutaceae",1,0,"Perennial",1,0,1,0,0,0,0,1,0,"Jan","Dec","","",90,0,0,0,1,0,0,0,0,0,0,0,0,0,0,0,0,"Leaf",1,0,0,0,0,0,0.474482759,0,0,"leaf","",2,"h","i","p"
"Agathosma cerefolium","Agathosma cerefolium","RUTACEAE","RUTACEAE","Agathosma cerefolium","(Vent.) Bartl. & H.L.Wendl.","Rutaceae",1,0,"Perennial",1,0,1,0,0,0,0,0,0,"Aug","Jan","","",140,0,0,0,0,1,0,0,0,0,0,0,0,0,0,0,0,"Leaf",0,1,0,0,0,0,NA,0,0,"leaf","",2,"h","i","p"
"Agathosma ciliaris","Agathosma ciliaris","RUTACEAE","RUTACEAE","Agathosma ciliaris","Druce","Rutaceae",1,0,"Perennial",1,0,1,0,0,0,0,0,0,"May","Dec","","",45,0,0,0,1,0,0,0,0,0,0,0,0,0,0,0,0,"Leaf",0,1,0,0,0,0,0.62,0,0,"leaf","",2,"h","i","p"
"Agathosma crenulata","Agathosma crenulata","RUTACEAE","RUTACEAE","Agathosma crenulata","(L.) Pillans","Rutaceae",1,0,"Perennial",1,0,1,0,0,0,0,0,0,"Jun","Nov","","",250,0,0,0,0,0,1,0,0,0,0,0,0,0,0,0,0,"Leaf",0,0,1,0,0,0,NA,0,0,"leaf","",2,"h","i","p"
"Agathosma distans","Agathosma distans","RUTACEAE","RUTACEAE","Agathosma distans","Pillans","Rutaceae",1,0,"Perennial",1,0,1,0,0,0,0,0,0,"Sep","Sep","","",100,0,0,0,1,0,0,0,0,0,0,0,0,0,0,0,0,"Leaf",0,1,1,0,0,0,2,0,0,"leaf","",2,"h","i","p"
"Agathosma divaricata","Agathosma divaricata","RUTACEAE","RUTACEAE","Agathosma divaricata","Pillans","Rutaceae",1,0,"Perennial",1,0,1,0,0,0,0,0,0,"Sep","Nov","","",30,0,0,0,1,0,0,0,0,0,0,0,0,0,0,0,0,"Leaf",0,0,1,0,0,0,0.5,0,0,"leaf","",2,"h","i","p"
"Agathosma hookeri","Agathosma hookeri","RUTACEAE","RUTACEAE","Agathosma hookeri","Sond.","Rutaceae",1,0,"Perennial",1,0,1,0,0,0,0,1,0,"Aug","Nov","","",30,0,0,0,1,0,0,0,0,0,0,0,0,0,0,0,0,"Leaf",1,0,0,0,0,0,0.7,0,0,"leaf","",2,"h","i","p"
"Agathosma imbricata","Agathosma imbricata","RUTACEAE","RUTACEAE","Agathosma imbricata","Willd.","Rutaceae",1,0,"Perennial",1,0,1,0,0,0,0,1,0,"Jun","Jan","","",100,0,0,0,1,0,0,0,0,0,0,0,0,0,0,0,0,"Leaf",0,1,0,0,0,0,0.348461538,0,0,"leaf","",2,"h","i","p"
"Agathosma kougaense","Agathosma kougaense","RUTACEAE","RUTACEAE","Agathosma kougaense","Pillans","Rutaceae",1,0,"Perennial",1,0,1,0,0,0,0,0,0,"Jul","Nov","","",20,0,0,0,1,0,0,0,0,0,0,0,0,0,0,0,0,"Leaf",0,1,0,0,0,0,1,0,0,"leaf","",2,"m","i","p"
"Agathosma lanceolata","Agathosma lanceolata","RUTACEAE","RUTACEAE","Agathosma lanceolata","Spreng. ex Bartl. & H.L.Wendl.","Rutaceae",1,0,"Perennial",1,0,1,0,0,0,0,0,0,"Apr","Oct","","",50,0,0,0,1,0,0,0,0,0,0,0,0,0,0,0,0,"Leaf",0,0,1,0,0,0,0.483333333,0,0,"leaf","",2,"h","i","p"
"Agathosma martiana","Agathosma martiana","RUTACEAE","RUTACEAE","Agathosma martiana","Sond.","Rutaceae",1,0,"Perennial",1,0,1,0,0,0,0,0,0,"Jul","Sep","","",300,0,0,0,0,0,1,0,0,0,0,0,0,0,0,0,0,"Leaf",0,1,0,0,0,0,0.966666667,0,0,"leaf","",2,"h","i","p"
"Agathosma minuta","Agathosma minuta","RUTACEAE","RUTACEAE","Agathosma minuta","Schltdl.","Rutaceae",1,0,"Perennial",1,0,1,0,0,0,0,1,0,"Jun","Sep","","",15,0,0,0,1,0,0,0,0,0,0,0,0,0,0,0,0,"Leaf",0,1,0,0,0,0,NA,0,0,"leaf","",2,"h","i","p"
"Agathosma mucronulata","Agathosma mucronulata","RUTACEAE","RUTACEAE","Agathosma mucronulata","Sond.","Rutaceae",1,0,"Perennial",1,0,1,0,0,0,0,0,0,"Sep","Oct","","",100,0,0,0,1,0,0,0,0,0,0,0,0,0,0,0,0,"Leaf",0,1,0,0,0,0,0.7,0,0,"leaf","",2,"h","i","p"
"Agathosma mundtii","Agathosma mundtii","RUTACEAE","RUTACEAE","Agathosma mundtii","Cham.","Rutaceae",1,0,"Perennial",1,0,1,0,0,0,0,0,0,"Jun","Nov","","",100,0,0,0,1,0,0,0,0,0,0,0,0,0,0,0,0,"Leaf",1,0,0,0,0,0,0.741111111,0,0,"leaf","",2,"h","i","p"
"Agathosma orbicularis","Agathosma orbicularis","RUTACEAE","RUTACEAE","Agathosma orbicularis","Bartl. & H.L.Wendl.","Rutaceae",1,0,"Perennial",1,0,1,0,0,0,0,0,0,"Jul","Nov","","",25,0,0,0,1,0,0,0,0,0,0,0,0,0,0,0,0,"Leaf",0,0,1,0,0,0,0.2,0,0,"leaf","",2,"h","i","p"
"Agathosma ovata","Agathosma ovata","RUTACEAE","RUTACEAE","Agathosma ovata","(Thunb.) Pillans","Rutaceae",1,0,"Perennial",1,0,1,0,0,0,0,0,0,"Jan","Dec","","",300,0,0,0,0,0,1,0,0,0,0,0,0,0,0,0,0,"Leaf",0,0,1,0,0,0,1.007777778,0,0,"leaf","",2,"h","i","i"
"Agathosma pilifera","Agathosma pilifera","RUTACEAE","RUTACEAE","Agathosma pilifera","Schltdl.","Rutaceae",1,0,"Perennial",1,0,1,0,0,0,0,0,0,"Sep","Oct","","",60,0,0,0,1,0,0,0,0,0,0,0,0,0,0,0,0,"Leaf",0,0,1,0,0,0,0.5,0,0,"leaf","",2,"h","i","p"
"Agathosma puberula","Agathosma puberula","RUTACEAE","RUTACEAE","Agathosma puberula","(Steud.) Fourc.","Rutaceae",1,0,"Perennial",1,0,1,0,0,0,0,0,0,"Mar","Oct","","",300,0,0,0,0,0,1,0,0,0,0,0,0,0,0,0,0,"Leaf",0,1,0,0,0,0,0.8,0,0,"leaf","",2,"h","i","p"
"Agathosma pubigera","Agathosma pubigera","RUTACEAE","RUTACEAE","Agathosma pubigera","Sond.","Rutaceae",1,0,"Perennial",1,0,1,0,0,0,0,0,0,"Aug","Sep","","",60,0,0,0,1,0,0,0,0,0,0,0,0,0,0,0,0,"Leaf",0,0,1,0,0,0,0.542,0,0,"leaf","",2,"h","i","p"
"Agathosma pungens","Agathosma pungens","RUTACEAE","RUTACEAE","Agathosma pungens","(E.Mey. ex Sond.) Pillans","Rutaceae",1,0,"Perennial",1,0,1,0,0,0,0,0,0,"May","Nov","","",80,0,0,0,1,0,0,0,0,0,0,0,0,0,0,0,0,"Leaf",1,0,0,0,0,0,1.5,0,0,"leaf","",2,"h","i","p"
"Agathosma recurvifolia","Agathosma recurvifolia","RUTACEAE","RUTACEAE","Agathosma recurvifolia","Sond.","Rutaceae",1,0,"Perennial",1,0,1,0,0,0,0,0,0,"May","Nov","","",150,0,0,0,0,1,0,0,0,0,0,0,0,0,0,0,0,"Leaf",0,1,0,0,0,0,0.503333333,0,0,"leaf","",2,"h","i","p"
"Agathosma serpyllacea","Agathosma serpyllacea","RUTACEAE","RUTACEAE","Agathosma serpyllacea","Licht. ex Roem. & Schult.","Rutaceae",1,0,"Perennial",1,0,1,0,0,0,0,0,0,"May","Dec","","",80,0,0,0,1,0,0,0,0,0,0,0,0,0,0,0,0,"Leaf",0,1,0,0,0,0,0.675,0,0,"leaf","",2,"h","i","p"
"Agathosma stilbeoides","Agathosma stilbeoides","RUTACEAE","RUTACEAE","Agathosma stilbeoides","Dümmer","Rutaceae",1,0,"Perennial",1,0,1,0,0,0,0,0,0,"Oct","Mar","","",100,0,0,0,1,0,0,0,0,0,0,0,0,0,0,0,0,"Leaf",0,1,0,0,0,0,0.5,0,0,"leaf","",2,"h","i","p"
"Agathosma unicarpellata","Agathosma unicarpellata","RUTACEAE","RUTACEAE","Agathosma unicarpellata","(Fourc.) Pillans","Rutaceae",1,0,"Perennial",1,0,1,0,0,0,0,0,0,"Apr","Dec","","",45,0,0,0,1,0,0,0,0,0,0,0,0,0,0,0,0,"Leaf",0,1,0,0,0,0,1.4,0,0,"leaf","",2,"h","i","p"
"Agathosma venusta","Agathosma venusta","RUTACEAE","RUTACEAE","Agathosma venusta","(Eckl. & Zeyh.) Pillans","Rutaceae",1,0,"Perennial",1,0,1,0,0,0,0,0,0,"Jul","Feb","","",100,0,0,0,1,0,0,0,0,0,0,0,0,0,0,0,0,"Leaf",0,1,0,0,0,0,0.915,0,0,"leaf","",2,"h","i","p"
"Agrostis lachnantha","Agrostis lachnantha","POACEAE","POACEAE","Lachnagrostis lachnantha","(Nees) Rúgolo & A.M.Molina","Poaceae",0,1,"Annual",1,0,0,1,1,1,0,0,0,"Oct","Mar","","",90,0,0,1,0,0,0,0,0,0,0,0,0,0,0,0,0,"Leaf",1,0,0,0,0,0,NA,0,0,"mixed","",0,"l","w","u"
"Aizoon paniculatum","Aizoon paniculatum","AIZOACEAE","AIZOACEAE","Aizoon paniculatum","L.","Aizoaceae",1,0,"Perennial",1,0,1,0,0,1,0,0,0,"Jul","Oct","","",50,0,0,0,1,0,0,0,1,0,0,0,0,1,1,1,0,"Leaf",0,1,0,0,0,0,NA,0,0,"leaf","",1,"l","i","p"
"Aizoon rigidum","Aizoon rigidum","AIZOACEAE","AIZOACEAE","Aizoon rigidum","L.f.","Aizoaceae",1,0,"Perennial",1,0,1,0,0,1,0,0,0,"Sep","Oct","","",15,0,0,0,1,0,0,0,0,0,0,0,0,1,1,1,0,"Leaf",0,0,1,0,0,0,NA,0,0,"leaf","",1,"l","i","p"
"Aizoon sarmentosum","Aizoon sarmentosum","AIZOACEAE","AIZOACEAE","Aizoon sarmentosum","L.f.","Aizoaceae",1,0,"Perennial",1,0,1,0,0,1,0,0,0,"Jun","Oct","","",50,0,0,0,1,0,0,0,1,0,0,0,0,1,1,1,0,"Leaf",1,0,0,0,0,0,NA,0,0,"leaf","",1,"l","i","p"
"Albuca cooperi","Albuca cooperi","HYACINTHACEAE","HYACINTHACEAE","Albuca cooperi","Baker","Asparagaceae",1,0,"Perennial",1,0,0,1,1,1,0,1,0,"Sep","Nov","","",60,0,1,0,0,0,0,0,0,0,0,0,0,0,0,0,0,"Leaf",1,0,0,0,0,0,NA,0,0,"leaf","",2,"l","i","p"
"Albuca flaccida","Albuca flaccida","HYACINTHACEAE","HYACINTHACEAE","Albuca flaccida","Jacq.","Asparagaceae",1,0,"Perennial",1,0,0,1,1,1,0,1,0,"Aug","Oct","","",100,0,1,0,0,0,0,0,0,0,0,0,0,0,0,0,0,"Leaf",1,0,0,0,0,0,NA,0,0,"leaf","",2,"l","i","p"
"Alepidea capensis","Alepidea capensis","APIACEAE","APIACEAE","Alepidea capensis","(Berg.) R.A.Dyer","Apiaceae",1,0,"Perennial",1,0,1,0,0,1,0,1,0,"Nov","Feb","","",40,1,0,0,0,0,0,0,0,0,0,0,0,0,0,0,0,"Leaf",0,1,0,0,0,0,2.34,0,0,"leaf","",2,"l","i","p"
"Alepidea delicatula","Alepidea delicatula","APIACEAE","APIACEAE","Alepidea delicatula","Weim.","Apiaceae",1,0,"Perennial",1,0,1,0,0,1,0,1,0,"Jan","Feb","","",20,1,0,0,0,0,0,0,0,0,0,0,0,0,0,0,0,"Leaf",0,1,0,0,0,0,NA,0,0,"leaf","",2,"l","i","p"
"Allophylus decipiens","Allophylus decipiens","SAPINDACEAE","SAPINDACEAE","Allophylus decipiens","Radlk.","Sapindaceae",1,0,"Perennial",1,0,1,0,0,0,0,0,0,"Nov","Jan","","",400,0,0,0,0,0,1,1,0,0,0,0,0,0,0,0,0,"Leaf",0,0,1,1,0,0,NA,0,0,"leaf","",3,"m","i","m"
"Aloe arborescens","Aloe arborescens","ASPHODELACEAE","ASPHODELACEAE","Aloe arborescens","Mill.","Asphodelaceae",1,0,"Perennial",1,0,1,0,0,0,0,1,0,"May","Jun","","",300,0,0,0,0,0,1,0,0,0,0,0,0,1,1,1,0,"Leaf",0,1,0,0,0,0,31.322,0,0,"leaf","",3,"l","b","w"
"Aloe ciliaris","Aloe ciliaris","ASPHODELACEAE","ASPHODELACEAE","Aloiampelos ciliaris","(Haw.) Klopper & Gideon F.Sm.","Asphodelaceae",1,0,"Perennial",1,0,1,0,0,0,0,0,0,"Nov","Apr","","",500,0,0,0,1,1,0,0,0,0,0,0,0,1,1,1,0,"Leaf",0,1,0,0,0,0,NA,0,0,"leaf","",3,"l","b","w"
"Aloe comptonii","Aloe comptonii","ASPHODELACEAE","ASPHODELACEAE","Aloe comptonii","Reynolds","Asphodelaceae",1,0,"Perennial",1,0,1,0,0,0,0,0,0,"Aug","Dec","","",100,0,0,0,0,0,0,0,0,0,0,0,1,1,1,1,0,"Leaf",0,1,0,0,0,0,29.53333333,0,0,"leaf","",3,"l","b","w"
"Aloe ferox","Aloe ferox","ASPHODELACEAE","ASPHODELACEAE","Aloe ferox","Mill.","Asphodelaceae",1,0,"Perennial",1,0,1,0,0,0,0,1,0,"May","Nov","","",300,0,0,0,0,0,1,1,0,0,0,0,0,1,1,1,0,"Leaf",0,1,0,0,0,0,49.86666667,0,0,"leaf","",3,"l","b","w"
"Aloe perfoliata","Aloe mitriformis","ASPHODELACEAE","ASPHODELACEAE","Aloe perfoliata","L.","Asphodelaceae",1,0,"Perennial",1,0,1,0,0,0,0,0,0,"Dec","Feb","","",200,0,0,0,1,0,0,0,0,0,0,0,1,1,1,1,0,"Leaf",0,0,1,0,0,0,NA,0,0,"leaf","",3,"l","b","w"
"Aloe speciosa","Aloe speciosa","ASPHODELACEAE","ASPHODELACEAE","Aloe speciosa","Baker","Asphodelaceae",1,0,"Perennial",1,0,1,0,0,0,0,0,0,"Aug","Sep","","",400,0,0,0,0,0,1,1,0,0,0,0,0,1,1,1,0,"Leaf",0,1,0,0,0,0,71,0,0,"leaf","",3,"l","b","w"
"Alsophila capensis","Cyathea capensis","CYATHEACEAE","CYATHEACEAE","Alsophila capensis","J.Sm.","Cyatheaceae",1,0,"Perennial",1,0,1,0,0,0,0,1,0,"Jan","Dec","","",450,0,0,0,0,0,0,1,0,0,0,0,0,0,0,0,0,"Frond",0,0,1,0,0,1,NA,0,0,"leaf","",3,"l","w","w"
"Amphithalea axillaris","Amphithalea axillaris","FABACEAE","FABACEAE","Amphithalea axillaris","Granby","Fabaceae",1,0,"Perennial",1,0,1,0,0,1,0,0,0,"Apr","Aug","","",100,0,0,0,1,0,0,0,0,0,0,0,0,0,0,0,0,"Leaf",0,1,0,0,0,0,NA,0,0,"leaf","",2,"h","i","p"
"Amphithalea cymbifolia","Amphithalea cymbifolia","FABACEAE","FABACEAE","Amphithalea cymbifolia","(C.A.Sm.) A.L.Schutte","Fabaceae",1,0,"Perennial",1,0,1,0,0,1,0,1,0,"Oct","Nov","","",30,0,0,0,1,0,0,0,0,0,0,0,0,0,0,0,0,"Leaf",1,0,0,0,0,0,0.976666667,0,0,"leaf","",2,"h","i","p"
"Amphithalea ericifolia","Amphithalea ericifolia","FABACEAE","FABACEAE","Amphithalea ericifolia","(L.) Eckl. & Zeyh.","Fabaceae",1,0,"Perennial",1,0,1,0,0,1,0,1,0,"Apr","Jan","","",100,0,0,0,1,0,0,0,0,0,0,0,0,0,0,0,0,"Leaf",0,1,0,0,0,0,0.533333333,0,0,"leaf","",3,"h","i","p"
"Amphithalea micrantha","Amphithalea micrantha","FABACEAE","FABACEAE","Amphithalea micrantha","(E.Mey.) Walp.","Fabaceae",1,0,"Perennial",1,0,1,0,0,1,0,1,0,"Apr","Jul","","",50,0,0,0,1,0,0,0,0,0,0,0,0,0,0,0,0,"Leaf",0,0,1,0,0,0,NA,0,0,"leaf","",2,"h","i","p"
"Amphithalea violacea","Amphithalea violacea","FABACEAE","FABACEAE","Amphithalea violacea","(E.Mey.) Benth.","Fabaceae",1,0,"Perennial",1,0,1,0,0,1,0,1,0,"Mar","Aug","","",100,0,0,0,1,0,0,0,0,0,0,0,0,0,0,0,0,"Leaf",0,1,0,0,0,0,0.565,0,0,"leaf","",2,"h","i","p"
"Amphithalea williamsonii","Amphithalea williamsonii","FABACEAE","FABACEAE","Amphithalea williamsonii","Harv.","Fabaceae",1,0,"Perennial",1,0,1,0,0,1,0,1,0,"May","Aug","","",200,0,0,0,0,0,1,0,0,0,0,0,0,0,0,0,0,"Leaf",0,0,1,0,0,0,0.868333333,0,0,"leaf","",2,"h","i","p"
"Anacampseros arachnoides","Anacampseros arachnoides","PORTULACACEAE","PORTULACACEAE","Anacampseros arachnoides","(Haw.) Sims","Anacampserotaceae",1,0,"Perennial",1,0,1,0,0,0,0,0,0,"Nov","Jan","","",12,0,0,0,0,0,0,0,0,0,0,0,1,1,1,1,0,"Leaf",0,0,1,0,0,0,NA,0,0,"leaf","",2,"l","i","p"
"Anacampseros telephiastrum","Anacampseros telephiastrum","PORTULACACEAE","PORTULACACEAE","Anacampseros telephiastrum","DC.","Anacampserotaceae",1,0,"Perennial",1,0,1,0,0,0,0,0,0,"Nov","Dec","","",15,0,0,0,0,0,0,0,0,0,0,0,1,1,1,1,0,"Leaf",0,0,1,0,0,0,NA,0,0,"leaf","",2,"l","i","p"
"Anaxeton asperum","Anaxeton asperum","ASTERACEAE","ASTERACEAE","Anaxeton asperum","DC.","Asteraceae",1,0,"Perennial",1,0,1,0,0,0,0,0,0,"Aug","Dec","","",30,0,0,0,1,0,0,0,0,0,0,0,0,0,0,0,0,"Leaf",1,0,0,0,0,0,NA,0,0,"leaf","",1,"m","i","w"
"Anaxeton laeve","Anaxeton laeve","ASTERACEAE","ASTERACEAE","Anaxeton laeve","(Harv.) Lundgren","Asteraceae",1,0,"Perennial",1,0,1,0,0,0,0,0,0,"Dec","May","","",45,0,0,0,1,0,0,0,0,0,0,0,0,0,0,0,0,"Leaf",1,0,0,0,0,0,2.183333333,0,0,"leaf","",1,"m","i","w"
"Anaxeton nycthemerum","Anaxeton nycthemerum","ASTERACEAE","ASTERACEAE","Anaxeton nycthemerum","Less.","Asteraceae",1,0,"Perennial",1,0,1,0,0,0,0,0,0,"Oct","Dec","","",30,0,0,0,1,0,0,0,0,0,0,0,0,0,0,0,0,"Leaf",0,0,1,0,0,0,NA,0,0,"leaf","",1,"m","i","w"
"Anderbergia epaleata","Anderbergia epaleata","ASTERACEAE","ASTERACEAE","Anderbergia epaleata","(Hilliard & B.L.Burtt) B.Nord.","Asteraceae",1,0,"Perennial",1,0,1,0,0,0,0,1,0,"Sep","Sep","","",50,0,0,0,1,0,0,0,0,0,0,0,0,0,0,0,0,"Leaf",0,1,0,0,0,0,NA,0,0,"leaf","",2,"h","i","w"
"Andropogon appendiculatus","Andropogon appendiculatus","POACEAE","POACEAE","Andropogon appendiculatus","Nees","Poaceae",1,0,"Perennial",1,0,1,0,0,1,0,0,0,"Oct","Apr","","",120,0,0,1,0,0,0,0,0,0,0,0,0,0,0,0,0,"Leaf",1,0,0,0,0,0,13.41666667,0,1,"leaf","",2,"h","w","w"
"Anemone knowltonia","Knowltonia capensis","RANUNCULACEAE","RANUNCULACEAE","Knowltonia capensis","Huth","Ranunculaceae",1,0,"Perennial",1,0,1,0,0,0,0,1,0,"Jun","Sep","","",30,1,0,0,0,0,0,0,0,0,0,0,0,0,0,0,0,"Leaf",0,0,1,1,0,0,8.52,0,0,"leaf","",2,"l","i","i"
"Anemone tenuifolia","Anemone tenuifolia","RANUNCULACEAE","RANUNCULACEAE","Pulsatilla vulgaris","Mill.","Ranunculaceae",1,0,"Perennial",1,0,1,0,0,0,0,1,0,"Jun","Feb","","",40,1,0,0,0,0,0,0,0,0,0,0,0,0,0,0,0,"Leaf",0,1,0,1,0,0,NA,0,0,"leaf","",2,"l","i","i"
"Anemone vesicatoria","Knowltonia vesicatoria","RANUNCULACEAE","RANUNCULACEAE","Anemone vesicatoria","Prantl","Ranunculaceae",1,0,"Perennial",1,0,1,0,0,0,0,1,0,"Aug","Oct","","",120,1,0,0,0,0,0,0,0,0,0,0,0,0,0,0,0,"Leaf",0,0,1,1,1,0,7.733333333,0,0,"leaf","",2,"l","i","i"
"Anginon difforme","Anginon difforme","APIACEAE","APIACEAE","Anginon difforme","(L.) B.L.Burtt","Apiaceae",1,0,"Perennial",1,0,1,0,0,0,0,0,0,"Dec","Apr","","",300,0,0,0,0,0,1,0,0,0,0,0,0,0,0,0,0,"Leaf",1,0,0,0,0,0,NA,0,0,"leaf","",2,"m","i","w"
"Anisodontea scabrosa","Anisodontea scabrosa","MALVACEAE","MALVACEAE","Anisodontea scabrosa","(L.) D.M.Bates","Malvaceae",1,0,"Perennial",1,0,1,0,0,0,0,0,0,"Sep","Dec","","",200,0,0,0,0,0,1,0,0,0,0,0,0,0,0,0,0,"Leaf",0,0,1,0,1,0,NA,0,0,"leaf","",2,"m","i","w"
"Annesorhiza altiscapa","Annesorhiza altiscapa","APIACEAE","APIACEAE","Annesorhiza altiscapa","Schltr. ex H.Wolff","Apiaceae",1,0,"Perennial",1,0,1,1,1,1,0,1,0,"Aug","Sep","","",150,1,0,0,0,0,0,0,0,0,0,0,0,0,0,0,0,"Leaf",0,1,0,1,1,1,NA,0,0,"leaf","",2,"m","i","w"
"Anthochortus capensis","Anthochortus capensis","RESTIONACEAE","RESTIONACEAE","Anthochortus capensis","Esterh.","Restionaceae",1,0,"Perennial",0,1,1,0,0,0,0,0,0,"Aug","Aug","","",50,0,0,1,0,0,0,0,0,0,0,0,0,0,0,0,0,"Leaf",1,0,0,0,0,0,11.4,1,1,"culm_stem","",2,"h","w","p"
"Anthochortus crinalis","Anthochortus crinalis","RESTIONACEAE","RESTIONACEAE","Anthochortus crinalis","(Mast.) H.P.Linder","Restionaceae",1,0,"Perennial",0,1,1,0,0,0,0,1,0,"May","May","","",80,0,0,1,0,0,0,0,0,0,0,0,0,0,0,0,0,"Leaf",1,0,0,0,0,0,45.52,1,1,"culm_stem","",2,"h","w","p"
"Anthochortus ecklonii","Anthochortus ecklonii","RESTIONACEAE","RESTIONACEAE","Anthochortus ecklonii","Nees","Restionaceae",1,0,"Perennial",0,1,1,0,0,0,0,1,0,"Jan","Dec","","",50,0,0,1,0,0,0,0,0,0,0,0,0,0,0,0,0,"Leaf",1,0,0,0,0,0,NA,1,1,"culm_stem","",2,"h","w","p"
"Anthochortus laxiflorus","Anthochortus laxiflorus","RESTIONACEAE","RESTIONACEAE","Anthochortus laxiflorus","(Nees) H.P.Linder","Restionaceae",1,0,"Perennial",0,1,1,0,0,0,0,0,0,"Nov","Dec","","",50,0,0,1,0,0,0,0,0,0,0,0,0,0,0,0,0,"Leaf",1,0,0,0,0,0,32.56,1,1,"culm_stem","",2,"h","w","p"
"Anthospermum aethiopicum","Anthospermum aethiopicum","RUBIACEAE","RUBIACEAE","Anthospermum aethiopicum","L.","Rubiaceae",1,0,"Perennial",0,1,1,0,0,0,0,0,0,"Aug","Jan","","",200,0,0,0,0,0,1,0,0,0,0,0,0,0,0,0,0,"Leaf",1,0,0,0,0,0,0.575526316,0,0,"leaf","",2,"h","w","p"
"Anthospermum bergianum","Anthospermum bergianum","RUBIACEAE","RUBIACEAE","Anthospermum bergianum","Cruse","Rubiaceae",1,0,"Perennial",0,1,1,0,0,0,0,0,0,"Jul","Jan","","",70,0,0,0,1,0,0,0,0,0,0,0,0,0,0,0,0,"Leaf",0,1,0,0,0,0,1,0,0,"leaf","",2,"h","w","p"
"Anthospermum galioides","Anthospermum galioides","RUBIACEAE","RUBIACEAE","Anthospermum galioides","Rchb. ex Spreng.","Rubiaceae",1,0,"Perennial",0,1,1,0,0,0,0,0,0,"Jul","Jan","","",50,0,0,0,1,0,0,0,0,0,0,0,0,0,0,0,0,"Leaf",1,1,0,0,0,0,0.8825,0,0,"leaf","",2,"m","w","p"
"Anthospermum prostratum","Anthospermum prostratum","RUBIACEAE","RUBIACEAE","Anthospermum prostratum","Sond.","Rubiaceae",1,0,"Perennial",0,1,1,0,0,0,0,0,0,"Aug","Oct","","",10,0,0,0,1,0,0,0,0,0,0,0,0,0,0,0,0,"Leaf",0,1,0,0,0,0,NA,0,0,"leaf","",2,"l","w","p"
"Anthospermum spathulatum","Anthospermum spathulatum","RUBIACEAE","RUBIACEAE","Anthospermum spathulatum","Spreng.","Rubiaceae",1,0,"Perennial",0,1,1,0,0,0,0,0,0,"Jun","Feb","","",200,0,0,0,0,0,1,0,0,0,0,0,0,0,0,0,0,"Leaf",1,0,0,0,0,0,NA,0,0,"leaf","",2,"h","w","p"
"Antimima dasyphylla","Antimima dasyphylla","AIZOACEAE","AIZOACEAE","Antimima dasyphylla","(Schltr.) H.E.K.Hartmann","Aizoaceae",1,0,"Perennial",1,0,1,0,0,1,0,0,0,"Aug","Aug","","",20,0,0,0,1,0,0,0,0,0,0,0,0,1,1,1,1,"Leaf",0,1,0,0,0,0,0.496,0,0,"leaf","",2,"l","i","p"
"Apium decumbens","Apium decumbens","APIACEAE","APIACEAE","Apium graveolens","L.","Apiaceae",1,1,"Both",1,0,1,0,1,1,0,0,0,"Jan","Mar","","",10,1,0,0,0,0,0,0,0,0,0,0,0,0,0,0,0,"Leaf",0,0,1,0,0,0,3.9375,0,0,"leaf","",0,"l","i","u"
"Apodytes dimidiata","Apodytes dimidiata","ICACINACEAE","ICACINACEAE","Apodytes dimidiata","E.Mey. ex Arn.","Metteniusaceae",1,0,"Perennial",1,0,1,0,0,0,0,0,0,"Nov","Jan","","",2000,0,0,0,0,0,0,1,0,0,0,0,0,0,0,0,0,"Leaf",0,0,1,0,0,0,NA,0,0,"leaf","",3,"l","i","m"
"Arctopus echinatus","Arctopus echinatus","APIACEAE","APIACEAE","Arctopus echinatus","L.","Apiaceae",1,0,"Perennial",1,0,1,0,0,0,0,1,0,"May","Jul","","",5,1,1,0,0,0,0,0,0,0,0,0,0,0,0,0,0,"Leaf",0,0,1,0,1,0,7.52,0,0,"leaf","",2,"l","i","m"
"Arctotheca calendula","Arctotheca calendula","ASTERACEAE","ASTERACEAE","Arctotheca calendula","(L.) Levyns","Asteraceae",0,1,"Annual",1,0,0,1,1,1,0,0,0,"Jul","Nov","","",20,1,0,0,0,0,0,0,0,0,0,0,0,0,0,0,0,"Leaf",0,0,1,0,1,1,NA,0,0,"leaf","",0,"l","i","w"
"Arctotis acaulis","Arctotis acaulis","ASTERACEAE","ASTERACEAE","Arctotis acaulis","Brot.","Asteraceae",1,0,"Perennial",1,0,1,0,0,1,0,0,0,"Aug","Oct","","",20,1,0,0,0,0,0,0,0,0,0,0,0,0,0,0,0,"Leaf",0,1,1,0,1,1,NA,0,0,"leaf","",1,"l","i","w"
"Arctotis adpressa","Arctotis adpressa","ASTERACEAE","ASTERACEAE","Arctotis adpressa","DC.","Asteraceae",1,0,"Perennial",1,0,1,0,0,1,0,1,0,"Sep","Nov","","",20,1,1,0,0,0,0,0,0,0,0,0,0,0,0,0,0,"Leaf",0,1,0,0,0,1,5.46,0,0,"leaf","",2,"l","i","w"
"Arctotis aspera","Arctotis aspera","ASTERACEAE","ASTERACEAE","Arctotis aspera","L.","Asteraceae",1,0,"Perennial",1,0,1,0,0,1,0,0,0,"Aug","Oct","","",200,1,0,0,0,0,0,0,0,0,0,0,0,0,0,0,0,"Leaf",0,1,0,0,0,1,8.32,0,0,"leaf","",1,"m","i","w"
"Arctotis scabra","Arctotis scabra","ASTERACEAE","ASTERACEAE","Arctotis semipapposa","Beauverd","Asteraceae",1,0,"Perennial",1,0,1,0,0,1,0,0,0,"Sep","Apr","","",20,1,0,0,0,0,0,0,0,0,0,0,0,0,0,0,0,"Leaf",1,0,0,0,0,0,12.625,0,0,"leaf","",1,"m","i","w"
"Arctotis stoechadifolia","Arctotis stoechadifolia","ASTERACEAE","ASTERACEAE","Arctotis stoechadifolia","P.J.Bergius","Asteraceae",1,0,"Perennial",1,0,1,0,0,0,0,0,0,"Sep","Dec","","",35,1,0,0,0,0,0,0,1,0,0,0,0,0,0,0,0,"Leaf",0,1,0,0,1,1,5.433333333,0,0,"leaf","",2,"l","i","w"
"Argyrolobium collinum","Argyrolobium collinum","FABACEAE","FABACEAE","Argyrolobium collinum","Eckl. & Zeyh.","Fabaceae",1,0,"Perennial",1,0,1,0,0,1,0,1,0,"Sep","Feb","","",300,0,0,0,0,1,0,0,0,0,0,0,0,0,0,0,0,"Leaf",0,0,1,1,0,0,0.75,0,0,"leaf","",3,"h","i","p"
"Argyrolobium filiforme","Argyrolobium filiforme","FABACEAE","FABACEAE","Argyrolobium filifolia","(Pers.) ined.","Fabaceae",1,0,"Perennial",1,0,1,0,0,1,0,1,0,"Sep","Jan","","",15,0,0,0,1,0,0,0,0,0,0,0,0,0,0,0,0,"Leaf",0,1,0,1,0,0,NA,0,0,"leaf","",3,"l","i","p"
"Argyrolobium incanum","Argyrolobium incanum","FABACEAE","FABACEAE","Argyrolobium incanum","Eckl. & Zeyh.","Fabaceae",1,0,"Perennial",1,0,1,0,0,1,0,1,0,"Jul","Jan","","",200,0,0,0,0,1,0,0,0,0,0,0,0,0,0,0,0,"Leaf",0,0,1,1,0,0,NA,0,0,"leaf","",3,"h","i","p"
"Argyrolobium parviflorum","Argyrolobium parviflorum","FABACEAE","FABACEAE","Argyrolobium parviflorum","T.J.Edwards","Fabaceae",1,0,"Perennial",1,0,1,0,0,1,0,1,0,"Nov","May","","",100,0,0,0,1,0,0,0,0,0,0,0,0,0,0,0,0,"Leaf",0,0,1,1,0,0,NA,0,0,"leaf","",3,"h","i","p"
"Aristea africana","Aristea africana","IRIDACEAE","IRIDACEAE","Aristea africana","(L.) Hoffmanns.","Iridaceae",1,0,"Perennial",1,0,1,0,0,0,0,1,0,"Oct","Jan","","",15,1,0,0,0,0,0,0,0,0,0,0,0,0,0,0,0,"Leaf",1,0,0,0,0,0,8.25,0,0,"leaf","",2,"l","i","p"
"Aristea anceps","Aristea anceps","IRIDACEAE","IRIDACEAE","Aristea anceps","Eckl. ex Klatt","Iridaceae",1,0,"Perennial",1,0,1,0,0,1,0,1,0,"Sep","Jan","","",30,1,0,0,0,0,0,0,0,0,0,0,0,0,0,0,0,"Leaf",0,1,0,0,0,0,NA,0,0,"leaf","",2,"m","i","p"
"Aristea bakeri","Aristea bakeri","IRIDACEAE","IRIDACEAE","Aristea bakeri","Klatt","Iridaceae",1,0,"Perennial",1,0,1,0,0,1,1,1,0,"Oct","Dec","","",100,1,0,0,0,0,0,0,0,0,0,0,0,0,0,0,0,"Leaf",0,1,0,0,0,0,NA,0,0,"leaf","",2,"m","i","p"
"Aristea capitata","Aristea major","IRIDACEAE","IRIDACEAE","Aristea capitata","(L.) Ker Gawl.","Iridaceae",1,0,"Perennial",1,0,1,0,0,0,0,1,0,"Oct","Dec","","",150,1,0,0,0,0,0,0,0,0,0,0,0,0,0,0,0,"Leaf",0,1,0,0,0,0,60.16,0,0,"leaf","",2,"m","i","p"
"Aristea cuspidata","Aristea cuspidata","IRIDACEAE","IRIDACEAE","Aristea cuspidata","Schinz","Iridaceae",1,0,"Perennial",1,0,1,0,0,1,0,1,0,"Oct","Dec","","",60,1,0,0,0,0,0,0,0,0,0,0,0,0,0,0,0,"Leaf",1,0,0,0,0,0,NA,0,0,"leaf","",2,"m","i","p"
"Aristea dichotoma","Aristea dichotoma","IRIDACEAE","IRIDACEAE","Aristea dichotoma","(Thunb.) Ker Gawl.","Iridaceae",1,0,"Perennial",1,0,1,0,0,0,0,1,0,"Dec","Mar","","",30,1,0,0,0,0,0,0,0,0,0,0,0,0,0,0,0,"Leaf",1,0,0,0,0,0,NA,0,0,"leaf","",2,"l","i","p"
"Aristea glauca","Aristea glauca","IRIDACEAE","IRIDACEAE","Aristea glauca","Klatt","Iridaceae",1,0,"Perennial",1,0,1,0,0,1,0,1,0,"Oct","Dec","","",15,1,0,0,0,0,0,0,0,0,0,0,0,0,0,0,0,"Leaf",1,0,0,0,0,0,58.22,0,0,"leaf","",2,"l","i","p"
"Aristea oligocephala","Aristea oligocephala","IRIDACEAE","IRIDACEAE","Aristea oligocephala","Baker","Iridaceae",1,0,"Perennial",1,0,1,0,0,1,0,1,0,"Nov","Jan","","",25,1,0,0,0,0,0,0,0,0,0,0,0,0,0,0,0,"Leaf",1,0,0,0,0,0,NA,0,0,"leaf","",2,"l","i","p"
"Aristea pusilla","Aristea pusilla","IRIDACEAE","IRIDACEAE","Aristea pusilla","(Thunb.) Ker Gawl.","Iridaceae",1,0,"Perennial",1,0,1,0,0,1,0,1,0,"Sep","Nov","","",20,1,0,0,0,0,0,0,0,0,0,0,0,0,0,0,0,"Leaf",0,1,0,0,0,0,10.03333333,0,0,"leaf","",2,"l","i","p"
"Aristea racemosa","Aristea racemosa","IRIDACEAE","IRIDACEAE","Aristea racemosa","Baker","Iridaceae",1,0,"Perennial",1,0,1,0,0,1,0,1,0,"Oct","Dec","","",40,1,0,0,0,0,0,0,0,0,0,0,0,0,0,0,0,"Leaf",1,0,0,0,0,0,50.9,0,0,"leaf","",2,"m","i","p"
"Aristida adscensionis","Aristida adscensionis","POACEAE","POACEAE","Aristida adscensionis","L.","Poaceae",0,1,"Annual",1,0,0,1,1,1,0,1,0,"Dec","Sep","","",100,0,0,1,0,0,0,0,0,0,0,0,0,0,0,0,0,"Leaf",1,0,0,0,0,0,NA,0,1,"mixed","",0,"l","w","w"
"Aristida congesta","Aristida congesta","POACEAE","POACEAE","Aristida congesta","Roem. & Schult.","Poaceae",1,1,"Both",1,0,1,1,1,1,0,0,0,"Dec","May","","",90,0,0,1,0,0,0,0,0,0,0,0,0,0,0,0,0,"Leaf",1,0,0,0,0,0,6.066666667,0,1,"mixed","",1,"l","w","w"
"Aristida diffusa","Aristida diffusa","POACEAE","POACEAE","Aristida diffusa","Trin.","Poaceae",1,0,"Perennial",1,0,1,0,0,1,0,1,0,"Oct","Apr","","",100,0,0,1,0,0,0,0,0,0,0,0,0,0,0,0,0,"Leaf",1,0,0,0,0,0,NA,0,1,"mixed","",1,"h","w","w"
"Aristida junciformis","Aristida junciformis","POACEAE","POACEAE","Aristida junciformis","Trin. & Rupr.","Poaceae",1,0,"Perennial",1,0,1,0,0,1,0,1,0,"Nov","May","","",90,0,0,1,0,0,0,0,0,0,0,0,0,0,0,0,0,"Leaf",1,0,0,0,0,0,17.1,0,1,"mixed","",2,"h","w","w"
"Asclepias crispa","Asclepias crispa","APOCYNACEAE","APOCYNACEAE","Asclepias crispa","P.J.Bergius","Apocynaceae",1,0,"Perennial",1,0,1,0,0,0,0,1,0,"Nov","May","","",30,1,0,0,0,0,0,0,0,0,0,0,0,0,0,0,0,"Leaf",1,0,0,0,0,0,NA,0,0,"leaf","",3,"l","i","w"
"Askidiosperma capitatum","Askidiosperma capitatum","RESTIONACEAE","RESTIONACEAE","Askidiosperma capitatum","Steud.","Restionaceae",1,0,"Perennial",0,1,1,0,0,0,0,0,0,"Sep","Nov","","",80,0,0,1,0,0,0,0,0,0,0,0,0,0,0,0,0,"Leaf",0,0,0,0,0,0,35.44,1,1,"culm_stem","no",2,"h","w","w"
"Askidiosperma nitidum","Askidiosperma nitidum","RESTIONACEAE","RESTIONACEAE","Askidiosperma nitidum","(Mast.) H.P.Linder","Restionaceae",1,0,"Perennial",0,1,1,0,0,0,0,0,0,"Aug","Sep","","",120,0,0,1,0,0,0,0,0,0,0,0,0,0,0,0,0,"Leaf",0,0,0,0,0,0,81.54,1,1,"culm_stem","no",2,"h","w","w"
"Askidiosperma paniculatum","Askidiosperma paniculatum","RESTIONACEAE","RESTIONACEAE","Askidiosperma paniculatum","(Mast.) H.P.Linder","Restionaceae",1,0,"Perennial",0,1,1,0,0,0,0,1,0,"Apr","Apr","","",100,0,0,1,0,0,0,0,0,0,0,0,0,0,0,0,0,"Leaf",0,0,0,0,0,0,NA,1,1,"culm_stem","",2,"h","w","w"
"Aspalathus abietina","Aspalathus abietina","FABACEAE","FABACEAE","Aspalathus abietina","Thunb.","Fabaceae",1,0,"Perennial",1,0,1,0,0,1,0,0,0,"Sep","Dec","","",60,0,0,0,1,0,0,0,0,0,0,0,0,0,0,0,0,"Leaf",1,0,0,1,0,0,0.433333333,0,0,"leaf","",1,"h","i","p"
"Aspalathus acanthes","Aspalathus acanthes","FABACEAE","FABACEAE","Aspalathus acanthes","Eckl. & Zeyh.","Fabaceae",1,0,"Perennial",1,0,1,0,0,1,0,0,0,"Aug","Dec","","",150,0,0,0,0,1,0,0,0,0,0,0,0,0,0,0,0,"Leaf",1,0,0,1,0,0,1.252,0,0,"leaf","",1,"h","i","p"
"Aspalathus aciphylla","Aspalathus aciphylla","FABACEAE","FABACEAE","Aspalathus aciphylla","Harv.","Fabaceae",1,0,"Perennial",1,0,1,0,0,1,0,0,0,"Jul","Nov","","",200,0,0,0,0,0,1,0,0,0,0,0,0,0,0,0,0,"Leaf",0,0,1,1,0,0,0.836666667,0,0,"leaf","",1,"h","i","p"
"Aspalathus argyrella","Aspalathus argyrella","FABACEAE","FABACEAE","Aspalathus argyrella","MacOwan","Fabaceae",1,0,"Perennial",1,0,1,0,0,1,0,0,0,"Sep","Oct","","",10,0,0,0,1,0,0,0,1,0,0,0,0,0,0,0,0,"Leaf",0,1,0,1,0,0,NA,0,0,"leaf","",1,"h","i","p"
"Aspalathus aspalathoides","Aspalathus aspalathoides","FABACEAE","FABACEAE","Aspalathus aspalathoides","(L.) R.Dahlgren","Fabaceae",1,0,"Perennial",1,0,1,0,0,1,0,0,0,"Oct","Jan","","",40,0,0,0,1,0,0,0,0,0,0,0,0,0,0,0,0,"Leaf",0,1,0,1,0,0,NA,0,0,"leaf","",1,"h","i","p"
"Aspalathus asparagoides","Aspalathus asparagoides","FABACEAE","FABACEAE","Aspalathus asparagoides","L.f.","Fabaceae",1,0,"Perennial",1,0,1,0,0,1,0,0,0,"Sep","Feb","","",100,0,0,0,1,0,0,0,0,0,0,0,0,0,0,0,0,"Leaf",1,0,0,1,0,0,NA,0,0,"leaf","",1,"h","i","p"
"Aspalathus biflora","Aspalathus biflora","FABACEAE","FABACEAE","Aspalathus biflora","E.Mey.","Fabaceae",1,0,"Perennial",1,0,1,0,0,1,0,0,0,"Aug","Apr","","",200,0,0,0,1,0,0,0,0,0,0,0,0,0,0,0,0,"Leaf",1,0,0,1,0,0,NA,0,0,"leaf","",1,"h","i","p"
"Aspalathus callosa","Aspalathus callosa","FABACEAE","FABACEAE","Aspalathus callosa","L.","Fabaceae",1,0,"Perennial",1,0,1,0,0,1,0,0,0,"Oct","Jan","","",60,0,0,0,1,0,0,0,0,0,0,0,0,0,0,0,0,"Leaf",1,0,0,1,0,0,NA,0,0,"leaf","",1,"h","i","p"
"Aspalathus capensis","Aspalathus capensis","FABACEAE","FABACEAE","Aspalathus capensis","(Walp.) R.Dahlgren","Fabaceae",1,0,"Perennial",1,0,1,0,0,1,0,0,0,"Jul","Dec","","",250,0,0,0,0,1,0,0,0,0,0,0,0,0,0,0,0,"Leaf",1,0,0,1,0,0,0.716666667,0,0,"leaf","",1,"h","i","p"
"Aspalathus carnosa","Aspalathus carnosa","FABACEAE","FABACEAE","Aspalathus carnosa","P.J.Bergius","Fabaceae",1,0,"Perennial",1,0,1,0,0,1,0,0,0,"Aug","Dec","","",250,0,0,0,0,1,0,0,0,0,0,0,0,0,0,0,0,"Leaf",1,0,0,1,0,0,0.4,0,0,"leaf","",1,"h","i","p"
"Aspalathus chenopoda","Aspalathus chenopoda","FABACEAE","FABACEAE","Aspalathus chenopoda","L.","Fabaceae",1,0,"Perennial",1,0,1,0,0,1,0,0,0,"Aug","Dec","","",200,0,0,0,0,1,0,0,0,0,0,0,0,0,0,0,0,"Leaf",1,0,0,1,0,0,0.82,0,0,"leaf","",1,"h","i","p"
"Aspalathus chortophila","Aspalathus chortophila","FABACEAE","FABACEAE","Aspalathus chortophila","Eckl. & Zeyh.","Fabaceae",1,0,"Perennial",1,0,1,0,0,1,0,0,0,"Oct","Dec","","",100,0,0,0,1,0,0,0,0,0,0,0,0,0,0,0,0,"Leaf",1,0,0,1,0,0,NA,0,0,"leaf","",1,"h","i","p"
"Aspalathus ciliaris","Aspalathus ciliaris","FABACEAE","FABACEAE","Aspalathus ciliaris","L.","Fabaceae",1,0,"Perennial",1,0,1,0,0,1,0,0,0,"Sep","Feb","","",150,0,0,0,0,1,0,0,0,0,0,0,0,0,0,0,0,"Leaf",1,0,0,1,0,0,0.384,0,0,"leaf","",1,"h","i","p"
"Aspalathus collina","Aspalathus collina","FABACEAE","FABACEAE","Aspalathus collina","Eckl. & Zeyh.","Fabaceae",1,0,"Perennial",1,0,1,0,0,1,0,0,0,"Jul","Dec","","",130,0,0,0,0,1,0,0,0,0,0,0,0,0,0,0,0,"Leaf",1,0,0,1,0,0,0.441666667,0,0,"leaf","",1,"h","i","p"
"Aspalathus crassisepala","Aspalathus crassisepala","FABACEAE","FABACEAE","Aspalathus crassisepala","R.Dahlgren","Fabaceae",1,0,"Perennial",1,0,1,0,0,1,0,0,0,"Sep","Sep","","",100,0,0,0,1,0,0,0,0,0,0,0,0,0,0,0,0,"Leaf",1,0,0,1,0,0,NA,0,0,"leaf","",1,"h","i","p"
"Aspalathus decora","Aspalathus decora","FABACEAE","FABACEAE","Aspalathus decora","R.Dahlgren","Fabaceae",1,0,"Perennial",1,0,1,0,0,1,0,0,0,"Nov","Dec","","",400,0,0,0,0,0,1,0,0,0,0,0,0,0,0,0,0,"Leaf",1,0,0,1,0,0,1.364,0,0,"leaf","",1,"h","i","p"
"Aspalathus divaricata","Aspalathus divaricata","FABACEAE","FABACEAE","Aspalathus divaricata","Thunb.","Fabaceae",1,0,"Perennial",1,0,1,0,0,1,0,0,0,"Oct","Feb","","",100,0,0,0,1,0,0,0,1,0,0,0,0,0,0,0,0,"Leaf",1,0,0,1,0,0,NA,0,0,"leaf","",1,"h","i","p"
"Aspalathus ericifolia","Aspalathus ericifolia","FABACEAE","FABACEAE","Aspalathus ericifolia","L.","Fabaceae",1,0,"Perennial",1,0,1,0,0,1,0,0,0,"Sep","Nov","","",60,0,0,0,1,0,0,0,0,0,0,0,0,0,0,0,0,"Leaf",1,0,0,1,0,0,0.366666667,0,0,"leaf","",1,"h","i","p"
"Aspalathus forbesii","Aspalathus forbesii","FABACEAE","FABACEAE","Aspalathus forbesii","Harv.","Fabaceae",1,0,"Perennial",1,0,1,0,0,1,0,0,0,"Jul","Apr","","",250,0,0,0,0,0,1,0,0,0,0,0,0,0,0,0,0,"Leaf",1,0,0,1,0,0,0.332,0,0,"leaf","",1,"h","i","p"
"Aspalathus fourcadei","Aspalathus fourcadei","FABACEAE","FABACEAE","Aspalathus fourcadei","L.Bolus","Fabaceae",1,0,"Perennial",1,0,1,0,0,1,0,0,0,"Sep","Sep","","",200,0,0,0,0,0,1,0,0,0,0,0,0,0,0,0,0,"Leaf",1,0,0,1,0,0,NA,0,0,"leaf","",1,"h","i","p"
"Aspalathus galeata","Aspalathus galeata","FABACEAE","FABACEAE","Aspalathus galeata","E.Mey.","Fabaceae",1,0,"Perennial",1,0,1,0,0,1,0,0,0,"Sep","Jan","","",60,0,0,0,1,0,0,0,0,0,0,0,0,0,0,0,0,"Leaf",1,0,0,1,0,0,NA,0,0,"leaf","",1,"h","i","p"
"Aspalathus grandiflora","Aspalathus grandiflora","FABACEAE","FABACEAE","Aspalathus grandiflora","Benth.","Fabaceae",1,0,"Perennial",1,0,1,0,0,1,0,0,0,"Aug","Dec","","",130,0,0,0,0,1,0,0,0,0,0,0,0,0,0,0,0,"Leaf",1,0,0,1,0,0,NA,0,0,"leaf","",1,"h","i","p"
"Aspalathus hirta","Aspalathus hirta","FABACEAE","FABACEAE","Aspalathus hirta","E.Mey.","Fabaceae",1,0,"Perennial",1,0,1,0,0,1,0,0,0,"Sep","Dec","","",200,0,0,0,0,0,1,0,0,0,0,0,0,0,0,0,0,"Leaf",1,0,0,1,0,0,1.048,0,0,"leaf","",1,"h","i","p"
"Aspalathus hispida","Aspalathus hispida","FABACEAE","FABACEAE","Aspalathus hispida","Thunb.","Fabaceae",1,0,"Perennial",1,0,1,0,0,1,0,0,0,"Sep","Jan","","",60,0,0,0,1,0,0,0,0,0,0,0,0,0,0,0,0,"Leaf",1,0,1,1,0,0,0.415,0,0,"leaf","",1,"h","i","p"
"Aspalathus hypnoides","Aspalathus hypnoides","FABACEAE","FABACEAE","Aspalathus hypnoides","R.Dahlgren","Fabaceae",1,0,"Perennial",1,0,1,0,0,1,0,0,0,"Sep","Sep","","",30,0,0,0,1,0,0,0,1,0,0,0,0,0,0,0,0,"Leaf",1,0,0,1,0,0,NA,0,0,"leaf","",1,"h","i","p"
"Aspalathus hystrix","Aspalathus hystrix","FABACEAE","FABACEAE","Aspalathus hystrix","L.f.","Fabaceae",1,0,"Perennial",1,0,1,0,0,1,0,0,0,"Aug","Nov","","",200,0,0,0,0,1,1,0,0,0,0,0,0,0,0,0,0,"Leaf",1,0,0,1,0,0,NA,0,0,"leaf","",1,"h","i","p"
"Aspalathus incompta","Aspalathus incompta","FABACEAE","FABACEAE","Aspalathus incomta","Thunb.","Fabaceae",1,0,"Perennial",1,0,1,0,0,1,0,0,0,"Aug","Sep","","",50,0,0,0,1,0,0,0,0,0,0,0,0,0,0,0,0,"Leaf",1,0,0,1,0,0,NA,0,0,"leaf","",1,"h","i","p"
"Aspalathus inops","Aspalathus inops","FABACEAE","FABACEAE","Aspalathus inops","Eckl. & Zeyh.","Fabaceae",1,0,"Perennial",1,0,1,0,0,1,0,0,0,"Oct","Nov","","",30,0,0,0,1,0,0,0,1,0,0,0,0,0,0,0,0,"Leaf",0,1,0,1,0,0,NA,0,0,"leaf","",1,"h","i","p"
"Aspalathus kougaensis","Aspalathus kougaensis","FABACEAE","FABACEAE","Aspalathus kougaensis","(Garab. ex R.Dahlgren) R.Dahlgren","Fabaceae",1,0,"Perennial",1,0,1,0,0,1,0,0,0,"Aug","Mar","","",100,0,0,0,1,0,0,0,0,0,0,0,0,0,0,0,0,"Leaf",1,0,0,1,0,0,0.667888889,0,0,"leaf","",1,"h","i","p"
"Aspalathus lanata","Aspalathus lanata","FABACEAE","FABACEAE","Aspalathus lanata","E.Mey.","Fabaceae",1,0,"Perennial",1,0,1,0,0,1,0,1,0,"Oct","Dec","","",60,0,0,0,0,0,0,0,1,0,0,0,1,0,0,0,0,"Leaf",0,1,0,1,0,0,1.72,0,0,"leaf","",2,"h","i","p"
"Aspalathus laricifolia","Aspalathus laricifolia","FABACEAE","FABACEAE","Aspalathus laricifolia","P.J.Bergius","Fabaceae",1,0,"Perennial",1,0,1,0,0,1,0,0,0,"Sep","Dec","","",50,0,0,0,1,0,0,0,0,0,0,0,0,0,0,0,0,"Leaf",1,0,0,1,0,0,NA,0,0,"leaf","",1,"h","i","p"
"Aspalathus linearis","Aspalathus linearis","FABACEAE","FABACEAE","Aspalathus linearis","(Burm.f.) R.Dahlgren","Fabaceae",1,0,"Perennial",1,0,1,0,0,1,0,1,0,"Aug","Feb","","",200,0,0,0,0,0,1,0,0,0,0,0,0,0,0,0,0,"Leaf",1,0,0,1,0,0,1.3,0,0,"leaf","",2,"h","i","p"
"Aspalathus linguiloba","Aspalathus linguiloba","FABACEAE","FABACEAE","Aspalathus linguiloba","R.Dahlgren","Fabaceae",1,0,"Perennial",1,0,1,0,0,1,0,1,0,"Nov","Jan","","",30,0,0,0,1,0,0,0,0,0,0,0,0,0,0,0,0,"Leaf",1,0,0,1,0,0,NA,0,0,"leaf","",2,"h","i","p"
"Aspalathus microphylla","Aspalathus microphylla","FABACEAE","FABACEAE","Aspalathus microphylla","DC.","Fabaceae",1,0,"Perennial",1,0,1,0,0,1,0,1,0,"Oct","Feb","","",80,0,0,0,1,0,0,0,0,0,0,0,0,0,0,0,0,"Leaf",1,0,0,1,0,0,0.2585,0,0,"leaf","",2,"h","i","p"
"Aspalathus opaca","Aspalathus opaca","FABACEAE","FABACEAE","Aspalathus opaca","Eckl. & Zeyh.","Fabaceae",1,0,"Perennial",1,0,1,0,0,1,0,0,0,"Jan","Dec","","",60,0,0,0,1,0,0,0,0,0,0,0,0,0,0,0,0,"Leaf",1,0,0,1,0,0,NA,0,0,"leaf","",1,"h","i","p"
"Aspalathus pachyloba","Aspalathus pachyloba","FABACEAE","FABACEAE","Aspalathus pachyloba","Benth.","Fabaceae",1,0,"Perennial",1,0,1,0,0,1,0,1,0,"Oct","Dec","","",200,0,0,0,0,0,1,0,0,0,0,0,0,0,0,0,0,"Leaf",1,0,1,1,0,0,NA,0,0,"leaf","",2,"h","i","p"
"Aspalathus polycephala","Aspalathus polycephala","FABACEAE","FABACEAE","Aspalathus polycephala","E.Mey.","Fabaceae",1,0,"Perennial",1,0,1,0,0,1,0,1,0,"Aug","Dec","","",150,0,0,0,0,1,0,0,0,0,0,0,0,0,0,0,0,"Leaf",0,1,0,1,0,0,2.966,0,0,"leaf","",2,"h","i","p"
"Aspalathus quinquefolia","Aspalathus quinquefolia","FABACEAE","FABACEAE","Aspalathus quinquefolia","L.","Fabaceae",1,0,"Perennial",1,0,1,0,0,1,0,1,0,"Aug","Jan","","",150,0,0,0,0,1,0,0,0,0,0,0,0,0,0,0,0,"Leaf",0,0,1,1,0,0,0.326,0,0,"leaf","",2,"h","i","p"
"Aspalathus retroflexa","Aspalathus retroflexa","FABACEAE","FABACEAE","Aspalathus retroflexa","L.","Fabaceae",1,0,"Perennial",1,0,1,0,0,1,0,0,0,"Sep","Mar","","",40,0,0,0,0,0,0,0,1,0,0,0,1,0,0,0,0,"Leaf",1,0,0,1,0,0,0.201,0,0,"leaf","",1,"h","i","p"
"Aspalathus rubens","Aspalathus rubens","FABACEAE","FABACEAE","Aspalathus rubens","Thunb.","Fabaceae",1,0,"Perennial",1,0,1,0,0,1,0,0,0,"Jan","Dec","","",25,0,0,0,1,0,0,0,1,0,0,0,0,0,0,0,0,"Leaf",1,0,0,1,0,0,0.283333333,0,0,"leaf","",1,"h","i","p"
"Aspalathus securifolia","Aspalathus securifolia","FABACEAE","FABACEAE","Aspalathus securifolia","Eckl. & Zeyh.","Fabaceae",1,0,"Perennial",1,0,1,0,0,1,0,1,0,"Jan","Dec","","",120,0,0,0,0,1,0,0,0,0,0,0,0,0,0,0,0,"Leaf",0,0,1,1,0,0,1.06,0,0,"leaf","",2,"h","i","p"
"Aspalathus sericea","Aspalathus sericea","FABACEAE","FABACEAE","Aspalathus sericea","P.J.Bergius","Fabaceae",1,0,"Perennial",1,0,1,0,0,1,0,0,0,"Sep","Nov","","",100,0,0,0,1,0,0,0,0,0,0,0,0,0,0,0,0,"Leaf",0,0,1,1,0,0,NA,0,0,"leaf","",1,"h","i","p"
"Aspalathus serpens","Aspalathus serpens","FABACEAE","FABACEAE","Aspalathus serpens","R.Dahlgren","Fabaceae",1,0,"Perennial",1,0,1,0,0,1,0,0,0,"Sep","Feb","","",150,0,0,0,0,1,0,0,0,0,0,0,0,0,0,0,0,"Leaf",1,0,0,1,0,0,NA,0,0,"leaf","",1,"h","i","p"
"Aspalathus setacea","Aspalathus setacea","FABACEAE","FABACEAE","Aspalathus setacea","Eckl. & Zeyh.","Fabaceae",1,0,"Perennial",1,0,1,0,0,1,0,0,0,"Jul","Mar","","",200,0,0,0,0,0,1,0,0,0,0,0,0,0,0,0,0,"Leaf",1,0,0,1,0,0,NA,0,0,"leaf","",1,"h","i","p"
"Aspalathus spinosa","Aspalathus spinosa","FABACEAE","FABACEAE","Aspalathus spinosa","L.","Fabaceae",1,0,"Perennial",1,0,1,0,0,1,0,0,0,"Aug","Mar","","",200,0,0,0,0,0,1,0,0,0,0,0,0,0,0,0,0,"Leaf",1,0,1,1,0,0,NA,0,0,"leaf","",1,"h","i","p"
"Aspalathus subtingens","Aspalathus subtingens","FABACEAE","FABACEAE","Aspalathus subtingens","Eckl. & Zeyh.","Fabaceae",1,0,"Perennial",1,0,1,0,0,1,0,0,0,"Oct","Mar","","",200,0,0,0,0,0,1,0,0,0,0,0,0,0,0,0,0,"Leaf",1,0,0,1,0,0,0.584,0,0,"leaf","",1,"h","i","p"
"Aspalathus triquetra","Aspalathus triquetra","FABACEAE","FABACEAE","Aspalathus triquetra","Thunb.","Fabaceae",1,0,"Perennial",1,0,1,0,0,1,0,0,0,"Sep","Jan","","",150,0,0,0,0,1,0,0,0,0,0,0,0,0,0,0,0,"Leaf",1,0,0,1,0,0,0.4,0,0,"leaf","",1,"h","i","p"
"Aspalathus verbasciformis","Aspalathus verbasciformis","FABACEAE","FABACEAE","Aspalathus verbasciformis","R.Dahlgren","Fabaceae",1,0,"Perennial",1,0,1,0,0,1,0,0,0,"Oct","Oct","","",250,0,0,0,0,0,1,0,0,0,0,0,0,0,0,0,0,"Leaf",1,0,0,1,0,0,NA,0,0,"leaf","",1,"h","i","p"
"Aspalathus villosa","Aspalathus villosa","FABACEAE","FABACEAE","Aspalathus villosa","Thunb.","Fabaceae",1,0,"Perennial",1,0,1,0,0,1,0,0,0,"Oct","Dec","","",40,0,0,0,1,0,0,0,0,0,0,0,0,0,0,0,0,"Leaf",0,1,0,1,0,0,NA,0,0,"leaf","",1,"h","i","p"
"Aspalathus vulnerans","Aspalathus vulnerans","FABACEAE","FABACEAE","Aspalathus vulnerans","Thunb.","Fabaceae",1,0,"Perennial",1,0,1,0,0,1,0,0,0,"Sep","Dec","","",300,0,0,0,0,0,0,0,0,0,0,0,0,0,0,0,0,"Leaf",1,0,0,1,0,0,1.08,0,0,"leaf","",1,"h","i","p"
"Aspalathus wittebergensis","Aspalathus wittebergensis","FABACEAE","FABACEAE","Aspalathus wittebergensis","Compton & P.E.Barnes","Fabaceae",1,0,"Perennial",1,0,1,0,0,1,0,0,0,"Aug","Jan","","",50,0,0,0,1,0,0,0,0,0,0,0,0,0,0,0,0,"Leaf",1,0,0,1,0,0,NA,0,0,"leaf","",1,"h","i","p"
"Asparagus aethiopicus","Asparagus aethiopicus","ASPARAGACEAE","ASPARAGACEAE","Asparagus aethiopicus","L.","Asparagaceae",1,0,"Perennial",1,0,1,0,0,0,0,1,0,"Jan","Jun","","",300,0,0,0,0,0,0,0,0,1,0,0,1,0,0,0,0,"Cladode",1,0,0,0,0,0,NA,0,0,"mixed","",3,"m","i","m"
"Asparagus africanus","Asparagus africanus","ASPARAGACEAE","ASPARAGACEAE","Asparagus africanus","Lam.","Asparagaceae",1,0,"Perennial",1,0,1,0,0,0,0,1,0,"Aug","Dec","","",100,0,0,0,1,0,0,0,0,1,0,0,0,0,0,0,0,"Cladode",1,0,0,0,0,0,0.566666667,0,0,"mixed","",3,"m","i","m"
"Asparagus burchellii","Asparagus burchellii","ASPARAGACEAE","ASPARAGACEAE","Asparagus burchellii","Baker","Asparagaceae",1,0,"Perennial",1,0,1,0,0,0,0,1,0,"Feb","May","","",150,0,0,0,0,1,0,0,0,0,0,0,0,0,0,0,0,"Cladode",1,0,0,0,0,0,1.393333333,0,0,"mixed","",3,"m","i","m"
"Asparagus capensis","Asparagus capensis","ASPARAGACEAE","ASPARAGACEAE","Asparagus capensis","L.","Asparagaceae",1,0,"Perennial",1,0,1,0,0,0,0,1,0,"Apr","Aug","","",100,0,0,0,1,0,0,0,0,0,0,0,0,0,0,0,0,"Cladode",1,0,0,0,0,0,1.08,0,0,"mixed","",3,"m","i","m"
"Asparagus crassicladus","Asparagus crassicladus","ASPARAGACEAE","ASPARAGACEAE","Asparagus crassicladus","Jessop","Asparagaceae",1,0,"Perennial",1,0,1,0,0,0,0,1,0,"Nov","Dec","","",200,0,0,0,0,0,1,0,0,0,0,0,0,0,0,0,0,"Cladode",1,0,0,0,0,0,NA,0,0,"mixed","",3,"m","i","m"
"Asparagus declinatus","Asparagus declinatus","ASPARAGACEAE","ASPARAGACEAE","Asparagus declinatus","L.","Asparagaceae",1,0,"Perennial",1,0,1,0,0,0,0,1,0,"Jun","Oct","","",100,0,0,0,0,0,0,0,1,0,0,0,1,0,0,0,0,"Cladode",1,0,0,0,0,0,NA,0,0,"mixed","",3,"m","i","m"
"Asparagus kraussianus","Asparagus kraussianus","ASPARAGACEAE","ASPARAGACEAE","Asparagus krausianus","J.F.Macbr.","Asparagaceae",1,0,"Perennial",1,0,1,0,0,0,0,1,0,"Sep","Oct","","",100,0,0,0,1,0,0,0,0,0,0,0,0,0,0,0,0,"Cladode",0,1,0,0,0,0,NA,0,0,"mixed","",3,"m","i","m"
"Asparagus lignosus","Asparagus lignosus","ASPARAGACEAE","ASPARAGACEAE","Asparagus lignosus","Burm.f.","Asparagaceae",1,0,"Perennial",1,0,1,0,0,0,0,1,0,"Oct","May","","",80,0,0,0,1,0,0,0,0,0,0,0,0,0,0,0,0,"Cladode",1,0,0,0,0,0,1.30875,0,0,"mixed","",3,"m","i","m"
"Asparagus mucronatus","Asparagus mucronatus","ASPARAGACEAE","ASPARAGACEAE","Asparagus mucronatus","Jessop","Asparagaceae",1,0,"Perennial",1,0,1,0,0,0,0,1,0,"Oct","Dec","","",100,0,0,0,1,0,0,0,0,0,0,0,0,0,0,0,0,"Cladode",1,0,0,0,0,0,NA,0,0,"mixed","",3,"m","i","m"
"Asparagus retrofractus","Asparagus retrofractus","ASPARAGACEAE","ASPARAGACEAE","Asparagus retrofractus","L.","Asparagaceae",1,0,"Perennial",1,0,1,0,0,0,0,1,0,"Apr","Jun","","",300,0,0,0,0,0,1,0,1,0,0,0,0,0,0,0,0,"Cladode",1,0,0,0,0,0,2.696,0,0,"mixed","",3,"m","i","m"
"Asparagus rubicundus","Asparagus rubicundus","ASPARAGACEAE","ASPARAGACEAE","Asparagus rubicundus","P.J.Bergius","Asparagaceae",1,0,"Perennial",1,0,1,0,0,0,0,1,0,"Mar","Jun","","",150,0,0,0,0,1,0,0,0,0,0,0,0,0,0,0,0,"Cladode",1,0,0,0,0,0,0.862307692,0,0,"mixed","",3,"m","i","m"
"Asparagus scandens","Asparagus scandens","ASPARAGACEAE","ASPARAGACEAE","Asparagus scandens","Thunb.","Asparagaceae",1,0,"Perennial",1,0,1,0,0,0,0,1,0,"Sep","Jan","","",200,0,0,0,0,0,1,0,0,0,0,0,0,0,0,0,0,"Cladode",1,0,0,0,0,0,NA,0,0,"mixed","",3,"m","i","m"
"Asparagus striatus","Asparagus striatus","ASPARAGACEAE","ASPARAGACEAE","Asparagus striatus","(L.f.) Thunb.","Asparagaceae",1,0,"Perennial",1,0,1,0,0,0,0,1,0,"Aug","Jan","","",60,0,0,0,1,0,0,0,0,0,0,0,0,0,0,0,0,"Cladode",1,0,0,0,0,0,2.083333333,0,0,"mixed","",3,"m","i","m"
"Asparagus suaveolens","Asparagus suaveolens","ASPARAGACEAE","ASPARAGACEAE","Asparagus suaveolens","Burch.","Asparagaceae",1,0,"Perennial",1,0,1,0,0,0,0,1,0,"Apr","Sep","","",100,0,0,0,1,0,0,0,0,0,0,0,0,0,0,0,0,"Cladode",1,0,0,0,0,0,NA,0,0,"mixed","",3,"m","i","m"
"Asparagus subulatus","Asparagus subulatus","ASPARAGACEAE","ASPARAGACEAE","Asparagus subulatus","Thunb.","Asparagaceae",1,0,"Perennial",1,0,1,0,0,0,0,1,0,"Sep","Dec","","",200,0,0,0,0,0,1,0,0,0,0,0,0,0,0,0,0,"Cladode",1,0,0,0,0,0,NA,0,0,"mixed","",3,"m","i","m"
"Asplenium cordatum","Ceterach cordatum","ASPLENIACEAE","ASPLENIACEAE","Asplenium cordatum","Sw.","Aspleniaceae",1,0,"Perennial",1,0,1,0,0,0,0,0,0,"","","","",15,1,0,0,0,0,0,0,0,0,0,0,0,0,0,0,0,"Frond",1,0,0,1,0,1,NA,0,0,"leaf","",2,"m","w","w"
"Atalaya capensis","Atalaya capensis","SAPINDACEAE","SAPINDACEAE","Atalaya capensis","R.A.Dyer","Sapindaceae",1,0,"Perennial",1,0,1,0,0,0,0,0,0,"Dec","Jan","","",600,0,0,0,0,0,0,1,0,0,0,0,0,0,0,0,0,"Leaf",0,1,0,1,0,0,NA,0,0,"leaf","",3,"m","i","w"
"Athanasia bremeri","Athanasia bremeri","ASTERACEAE","ASTERACEAE","Athanasia bremeri","Källersjö","Asteraceae",1,0,"Perennial",1,0,1,0,0,0,0,0,0,"Sep","Feb","","",60,0,0,0,1,0,0,0,0,0,0,0,0,0,0,0,0,"Leaf",1,0,0,0,0,0,NA,0,0,"leaf","",2,"h","i","w"
"Athanasia calophylla","Athanasia calophylla","ASTERACEAE","ASTERACEAE","Athanasia calophylla","Källersjö","Asteraceae",1,0,"Perennial",1,0,1,0,0,0,0,0,0,"Dec","Dec","","",100,0,0,0,1,0,0,0,0,0,0,0,0,0,0,0,0,"Leaf",0,0,1,0,1,0,NA,0,0,"leaf","",2,"h","i","w"
"Athanasia flexuosa","Athanasia flexuosa","ASTERACEAE","ASTERACEAE","Athanasia flexuosa","Thunb.","Asteraceae",1,0,"Perennial",1,0,1,0,0,0,0,0,0,"Sep","Nov","","",200,0,0,0,0,0,1,0,0,0,0,0,0,0,0,0,0,"Leaf",1,0,0,0,0,0,0.92,0,0,"leaf","",2,"h","i","w"
"Athanasia linifolia","Athanasia linifolia","ASTERACEAE","ASTERACEAE","Athanasia linifolia","Burm.f.","Asteraceae",1,0,"Perennial",1,0,1,0,0,0,0,0,0,"Aug","Feb","","",150,0,0,0,0,1,0,0,0,0,0,0,0,0,0,0,0,"Leaf",1,0,0,0,0,0,3.016666667,0,0,"leaf","",2,"h","i","w"
"Athanasia microphylla","Athanasia microphylla","ASTERACEAE","ASTERACEAE","Athanasia microphylla","DC.","Asteraceae",1,0,"Perennial",1,0,1,0,0,0,0,1,0,"Mar","Apr","","",60,0,0,0,1,0,0,0,0,0,0,0,0,0,0,0,0,"Leaf",1,0,0,0,0,0,0.416,0,0,"leaf","",2,"h","i","w"
"Athanasia pinnata","Athanasia pinnata","ASTERACEAE","ASTERACEAE","Athanasia pinnata","L.f.","Asteraceae",1,0,"Perennial",1,0,1,0,0,0,0,0,0,"Oct","Dec","","",200,0,0,0,0,0,1,0,0,0,0,0,0,0,0,0,0,"Leaf",1,0,0,0,1,1,2.1,0,0,"leaf","",2,"h","i","w"
"Athanasia tomentosa","Athanasia tomentosa","ASTERACEAE","ASTERACEAE","Athanasia tomentosa","Thunb.","Asteraceae",1,0,"Perennial",1,0,1,0,0,0,0,0,0,"Nov","Dec","","",200,0,0,0,0,0,1,0,0,0,0,0,0,0,0,0,0,"Leaf",0,1,0,0,0,0,NA,0,0,"leaf","",2,"h","i","w"
"Athanasia trifurcata","Athanasia trifurcata","ASTERACEAE","ASTERACEAE","Athanasia trifurcata","(L.) L.","Asteraceae",1,0,"Perennial",1,0,1,0,0,0,0,0,0,"Oct","Nov","","",150,0,0,0,0,1,0,0,0,0,0,0,0,0,0,0,0,"Leaf",0,0,1,0,1,0,1.56,0,0,"leaf","",1,"h","i","w"
"Athrixia heterophylla","Athrixia heterophylla","ASTERACEAE","ASTERACEAE","Athrixia heterophylla","(Thunb.) Less.","Asteraceae",1,0,"Perennial",1,0,1,0,0,0,0,1,0,"Aug","Dec","","",45,0,0,0,1,0,0,0,0,0,0,0,0,0,0,0,0,"Leaf",1,0,1,0,0,0,1.299090909,0,0,"leaf","",3,"m","i","w"
"Aulax cancellata","Aulax cancellata","PROTEACEAE","PROTEACEAE","Aulax cancellata","Druce","Proteaceae",1,0,"Perennial",0,1,1,0,0,0,0,0,1,"Nov","Feb","","",250,0,0,0,0,0,1,0,0,0,0,0,0,0,0,0,0,"Leaf",1,0,0,0,0,0,NA,0,0,"leaf","",2,"h","i","w"
"Aulax pallasia","Aulax pallasia","PROTEACEAE","PROTEACEAE","Aulax pallasia","Stapf","Proteaceae",1,0,"Perennial",0,1,1,0,0,0,0,1,1,"Jan","Apr","","",200,0,0,0,0,0,1,0,0,0,0,0,0,0,0,0,0,"Leaf",1,0,0,0,0,0,NA,0,0,"leaf","",3,"h","i","w"
"Aulax umbellata","Aulax umbellata","PROTEACEAE","PROTEACEAE","Aulax umbellata","R.Br.","Proteaceae",1,0,"Perennial",0,1,1,0,0,0,0,0,1,"Nov","Feb","","",250,0,0,0,0,0,1,0,0,0,0,0,0,0,0,0,0,"Leaf",0,1,0,0,0,0,6,0,0,"leaf","",2,"h","i","w"
"Azima tetracantha","Azima tetracantha","SALVADORACEAE","SALVADORACEAE","Azima tetracantha","Lam.","Salvadoraceae",1,0,"Perennial",1,0,1,0,0,0,0,1,0,"Oct","Feb","","",900,0,0,0,0,0,1,0,1,0,0,0,0,0,0,0,0,"Leaf",0,0,1,0,0,0,2.7,0,0,"leaf","",3,"m","i","m"
"Babiana ambigua","Babiana ambigua","IRIDACEAE","IRIDACEAE","Babiana ambigua","(Roem. & Schult.) G.J.Lewis","Iridaceae",1,0,"Perennial",1,0,1,0,0,1,0,1,0,"Aug","Sep","","",8,0,1,0,0,0,0,0,0,0,0,0,0,0,0,0,0,"Leaf",1,0,0,0,0,0,NA,0,0,"leaf","",2,"l","i","w"
"Babiana sambucina","Babiana sambucina","IRIDACEAE","IRIDACEAE","Babiana sambucina","(Jacq.) Ker Gawl.","Iridaceae",1,0,"Perennial",1,0,1,0,0,1,0,1,0,"Jul","Sep","","",14,0,1,0,0,0,0,0,0,0,0,0,0,0,0,0,0,"Leaf",0,1,0,0,0,0,11.88333333,0,0,"leaf","",2,"l","i","w"
"Babiana villosula","Babiana villosula","IRIDACEAE","IRIDACEAE","Babiana villosula","(J.F.Gmel.) Ker Gawl. ex Steud.","Iridaceae",1,0,"Perennial",1,0,1,0,0,1,0,1,0,"May","Jul","","",8,0,1,0,0,0,0,0,0,0,0,0,0,0,0,0,0,"Leaf",0,1,0,0,0,0,NA,0,0,"leaf","",2,"l","i","w"
"Barleria obtusa","Barleria obtusa","ACANTHACEAE","ACANTHACEAE","Barleria obtusa","Nees","Acanthaceae",1,0,"Perennial",1,0,1,0,0,0,0,0,0,"Feb","Dec","","",200,0,0,0,0,0,1,0,0,0,0,0,0,0,0,0,0,"Leaf",0,0,1,0,0,0,1.666666667,0,0,"leaf","",2,"m","i","w"
"Berkheya barbata","Berkheya barbata","ASTERACEAE","ASTERACEAE","Berkheya barbata","(L.f.) Hutch.","Asteraceae",1,0,"Perennial",1,0,1,0,0,0,0,1,0,"Aug","Nov","","",60,0,0,0,1,0,0,0,0,0,0,0,0,0,0,0,0,"Leaf",0,0,1,0,0,0,2.87,0,0,"leaf","",2,"m","i","w"
"Berkheya cruciata","Berkheya cruciata","ASTERACEAE","ASTERACEAE","Berkheya cruciata","Willd.","Asteraceae",1,0,"Perennial",1,0,1,0,0,0,0,0,0,"Nov","Feb","","",100,0,0,0,1,0,0,0,0,0,0,0,0,0,0,0,0,"Leaf",0,0,1,0,1,0,NA,0,0,"leaf","",1,"m","i","w"
"Berzelia abrotanoides","Berzelia abrotanoides","BRUNIACEAE","BRUNIACEAE","Berzelia abrotanoides","(L.) Brongn.","Bruniaceae",1,0,"Perennial",1,0,1,0,0,0,0,1,0,"Aug","Oct","","",150,0,0,0,0,1,0,0,0,0,0,0,0,0,0,0,0,"Leaf",0,1,0,0,0,0,0.3298,0,0,"leaf","",2,"h","i","w"
"Berzelia albiflora","Brunia albiflora","BRUNIACEAE","BRUNIACEAE","Berzelia albiflora","(E.Phillips) Class.-Bockh. & E.G.H.Oliv.","Bruniaceae",1,0,"Perennial",1,0,1,0,0,0,0,0,0,"Feb","Apr","","",300,0,0,0,0,1,1,0,0,0,0,0,0,0,0,0,0,"Leaf",1,0,0,0,0,0,1.036,0,0,"leaf","",2,"h","i","w"
"Berzelia alopecuroides","Brunia alopecuroides","BRUNIACEAE","BRUNIACEAE","Berzelia alopecuroides","(Thunb.) Sond.","Bruniaceae",1,0,"Perennial",1,0,1,0,0,0,0,0,0,"Sep","Dec","","",100,0,0,0,1,0,0,0,0,0,0,0,0,0,0,0,0,"Leaf",0,1,0,0,0,0,NA,0,0,"leaf","",2,"h","i","w"
"Berzelia burchellii","Berzelia burchellii","BRUNIACEAE","BRUNIACEAE","Berzelia burchellii","Dümmer","Bruniaceae",1,0,"Perennial",1,0,1,0,0,0,0,1,1,"Oct","Nov","","",150,0,0,0,0,1,0,0,0,0,0,0,0,0,0,0,0,"Leaf",1,0,0,0,0,0,NA,0,0,"leaf","",2,"h","i","w"
"Berzelia dregeana","Berzelia dregeana","BRUNIACEAE","BRUNIACEAE","Berzelia dregeana","Colozza","Bruniaceae",1,0,"Perennial",1,0,1,0,0,0,0,1,1,"Aug","Sep","","",150,0,0,0,0,1,0,0,0,0,0,0,0,0,0,0,0,"Leaf",1,0,0,0,0,0,NA,0,0,"leaf","",2,"h","i","w"
"Berzelia ecklonii","Berzelia ecklonii","BRUNIACEAE","BRUNIACEAE","Berzelia ecklonii","Pillans","Bruniaceae",1,0,"Perennial",1,0,1,0,0,0,0,0,0,"Sep","Nov","","",150,0,0,0,0,1,0,0,0,0,0,0,0,0,0,0,0,"Leaf",1,0,0,0,0,0,NA,0,0,"leaf","",2,"h","i","w"
"Berzelia galpinii","Berzelia galpinii","BRUNIACEAE","BRUNIACEAE","Berzelia galpinii","Pillans","Bruniaceae",1,0,"Perennial",1,0,1,0,0,0,0,1,0,"Sep","Oct","","",150,0,0,0,0,1,0,0,0,0,0,0,0,0,0,0,0,"Leaf",1,0,0,0,0,0,0.942,0,0,"leaf","",2,"h","i","w"
"Berzelia intermedia","Berzelia intermedia","BRUNIACEAE","BRUNIACEAE","Berzelia intermedia","Schltdl.","Bruniaceae",1,0,"Perennial",1,0,1,0,0,0,0,1,0,"Nov","Feb","","",150,0,0,0,0,1,0,0,0,0,0,0,0,0,0,0,0,"Leaf",1,0,0,0,0,0,NA,0,0,"leaf","",2,"h","i","w"
"Berzelia lanuginosa","Berzelia lanuginosa","BRUNIACEAE","BRUNIACEAE","Berzelia lanuginosa","(L.) Brongn.","Bruniaceae",1,0,"Perennial",1,0,1,0,0,0,0,0,0,"Sep","Dec","","",200,0,0,0,0,1,1,0,0,0,0,0,0,0,0,0,0,"Leaf",1,0,0,0,0,0,0.417108108,0,0,"leaf","",2,"h","i","w"
"Berzelia stokoei","Brunia stokoei","BRUNIACEAE","BRUNIACEAE","Berzelia stokoei","(E.Phillips) A.V.Hall","Bruniaceae",1,0,"Perennial",1,0,1,0,0,0,0,0,0,"Feb","Mar","","",300,0,0,0,0,1,1,0,0,0,0,0,0,0,0,0,0,"Leaf",1,0,0,0,0,0,0.765,0,0,"leaf","",2,"h","i","w"
"Blechnum capense","Blechnum capense","BLECHNACEAE","BLECHNACEAE","Blechnum capense","(L.) Schltdl.","Blechnaceae",1,0,"Perennial",1,0,1,0,0,0,0,1,0,"","","","",100,1,0,0,0,0,0,0,0,0,0,0,0,0,0,0,0,"Frond",1,0,0,0,0,1,NA,0,0,"leaf","",3,"m","w","w"
"Blechnum punctulatum","Blechnum punctulatum","BLECHNACEAE","BLECHNACEAE","Blechnum punctulatum","Sw.","Blechnaceae",1,0,"Perennial",1,0,1,0,0,0,0,1,0,"","","","",150,1,0,0,0,0,0,0,0,0,0,0,0,0,0,0,0,"Frond",1,0,1,1,0,1,NA,0,0,"leaf","",3,"m","w","w"
"Blechnum tabulare","Blechnum tabulare","BLECHNACEAE","BLECHNACEAE","Lomariocycas tabularis","(Thunb.) Gasper & A.R.Sm.","Blechnaceae",1,0,"Perennial",1,0,1,0,0,0,0,1,0,"","","","",150,1,0,0,0,0,0,0,0,0,0,0,0,0,0,0,0,"Frond",0,0,1,1,0,1,10.8,0,0,"leaf","",3,"m","w","w"
"Blepharis capensis","Blepharis capensis","ACANTHACEAE","ACANTHACEAE","Blepharis capensis","(L.f.) Pers.","Acanthaceae",1,0,"Perennial",1,0,1,0,0,0,0,1,0,"Dec","Apr","","",150,0,0,0,1,0,0,0,0,0,0,0,0,0,0,0,0,"Leaf",0,1,0,0,0,0,1.65,0,0,"leaf","",2,"l","i","m"
"Bobartia filiformis","Bobartia filiformis","IRIDACEAE","IRIDACEAE","Bobartia filiformis","(L.f.) Ker Gawl.","Iridaceae",1,0,"Perennial",1,0,1,0,0,1,1,1,0,"Sep","Dec","","",55,1,0,0,0,0,0,0,0,0,0,0,0,0,0,0,0,"Leaf",1,0,0,0,0,0,NA,0,0,"culm_stem","",2,"h","i","w"
"Bobartia gladiata","Bobartia gladiata","IRIDACEAE","IRIDACEAE","Bobartia gladiata","(L.f.) Ker Gawl.","Iridaceae",1,0,"Perennial",1,0,1,0,0,0,0,1,0,"Sep","Dec","","",80,1,0,0,0,0,0,0,0,0,0,0,0,0,0,0,0,"Leaf",1,0,0,0,0,0,27.57272727,0,0,"leaf","no",2,"m","i","w"
"Bobartia indica","Bobartia indica","IRIDACEAE","IRIDACEAE","Bobartia indica","L.","Iridaceae",1,0,"Perennial",1,0,1,0,0,1,0,1,0,"Oct","Mar","","",100,1,0,0,0,0,0,0,0,0,0,0,0,0,0,0,0,"Leaf",1,0,0,0,0,0,79.11764706,0,0,"mixed","mixed",2,"h","i","w"
"Bobartia macrocarpa","Bobartia macrocarpa","IRIDACEAE","IRIDACEAE","Bobartia macrocarpa","Strid","Iridaceae",1,0,"Perennial",1,0,1,0,0,1,0,1,0,"Aug","Feb","","",100,1,0,0,0,0,0,0,0,0,0,0,0,0,0,0,0,"Leaf",1,0,0,0,0,0,NA,0,0,"culm_stem","",2,"h","i","w"
"Bobartia macrospatha","Bobartia macrospatha","IRIDACEAE","IRIDACEAE","Bobartia macrospatha","Baker","Iridaceae",1,0,"Perennial",1,0,1,0,0,1,0,1,0,"Aug","Nov","","",110,1,0,0,0,0,0,0,0,0,0,0,0,0,0,0,0,"Leaf",1,0,0,0,0,0,106.66,0,0,"culm_stem","no",2,"h","i","w"
"Bobartia orientalis","Bobartia orientalis","IRIDACEAE","IRIDACEAE","Bobartia orientalis","J.B.Gillett","Iridaceae",1,0,"Perennial",1,0,1,0,0,1,0,1,0,"Aug","Nov","","",130,1,0,0,0,0,0,0,0,0,0,0,0,0,0,0,0,"Leaf",1,0,0,0,0,0,NA,0,0,"culm_stem","",2,"h","i","w"
"Bobartia parva","Bobartia parva","IRIDACEAE","IRIDACEAE","Bobartia parva","J.B.Gillett","Iridaceae",1,0,"Perennial",1,0,1,0,0,1,0,1,0,"Nov","Feb","","",40,1,0,0,0,0,0,0,0,0,0,0,0,0,0,0,0,"Leaf",1,0,0,0,0,0,NA,0,0,"culm_stem","",2,"h","i","w"
"Bobartia rufa","Bobartia rufa","IRIDACEAE","IRIDACEAE","Bobartia rufa","Strid","Iridaceae",1,0,"Perennial",1,0,1,0,0,1,0,1,0,"Sep","Nov","","",50,1,0,0,0,0,0,0,0,0,0,0,0,0,0,0,0,"Leaf",1,0,0,0,0,0,91.78,0,0,"culm_stem","no",2,"h","i","w"
"Bolusafra bituminosa","Bolusafra bituminosa","FABACEAE","FABACEAE","Bolusafra bituminosa","(L.) Kuntze","Fabaceae",1,0,"Perennial",1,0,1,0,0,0,0,0,0,"Aug","Jan","","",250,0,0,0,0,0,1,0,0,0,0,0,0,0,0,0,0,"Leaf",0,0,1,1,0,0,2.383333333,0,0,"leaf","",2,"m","i","p"
"Boophone disticha","Boophone disticha","AMARYLLIDACEAE","AMARYLLIDACEAE","Boophone disticha","Herb.","Amaryllidaceae",1,0,"Perennial",1,0,0,1,0,0,0,1,0,"Sep","Mar","","",25,0,1,0,0,0,0,0,0,0,0,0,0,0,0,1,0,"Leaf",1,0,0,0,0,0,NA,0,0,"leaf","",3,"l","m","w"
"Boscia oleoides","Boscia oleoides","CAPPARACEAE","CAPPARACEAE","Boscia oleoides","(Burch. ex DC.) Toelken","Capparaceae",1,0,"Perennial",1,0,1,0,0,0,0,1,0,"Aug","Jan","","",400,0,0,0,0,0,0,1,0,0,0,0,0,0,0,0,0,"Leaf",0,0,1,0,0,0,3.866666667,0,0,"leaf","",3,"l","i","m"
"Brabejum stellatifolium","Brabejum stellatifolium","PROTEACEAE","PROTEACEAE","Brabejum stellatifolium","L.","Proteaceae",1,0,"Perennial",1,0,1,0,0,0,0,1,0,"Dec","Jan","","",800,0,0,0,0,0,0,1,0,0,0,0,0,0,0,0,0,"Leaf",0,1,0,0,1,0,13.86,0,0,"leaf","",3,"h","i","p"
"Brachiaria serrata","Brachiaria serrata","POACEAE","POACEAE","Urochloa serrata","(Thunb.) Sosef","Poaceae",1,0,"Perennial",1,0,1,0,0,0,0,1,0,"Oct","May","","",75,0,0,1,0,0,0,0,0,0,0,0,0,0,0,0,0,"Leaf",1,1,0,0,0,0,2.531666667,0,0,"mixed","",2,"l","w","w"
"Brachylaena neriifolia","Brachylaena neriifolia","ASTERACEAE","ASTERACEAE","Brachylaena neriifolia","R.Br.","Asteraceae",1,0,"Perennial",1,0,1,0,0,0,0,1,0,"Jan","Mar","","",800,0,0,0,0,0,1,1,0,0,0,0,0,0,0,0,0,"Leaf",0,1,0,0,0,0,8.16,0,0,"leaf","",3,"h","i","w"
"Brunia fragarioides","Nebelia fragarioides","BRUNIACEAE","BRUNIACEAE","Brunia fragarioides","Willd.","Bruniaceae",1,0,"Perennial",1,0,1,0,0,0,0,1,0,"Mar","Sep","","",150,0,0,0,0,1,0,0,0,0,0,0,0,0,0,0,0,"Leaf",1,0,0,0,0,0,0.35,0,0,"leaf","",3,"h","i","w"
"Brunia laevis","Brunia laevis","BRUNIACEAE","BRUNIACEAE","Brunia laevis","Thunb.","Bruniaceae",1,0,"Perennial",1,0,1,0,0,0,0,1,0,"Dec","Feb","","",150,0,0,0,0,1,0,0,0,0,0,0,0,0,0,0,0,"Leaf",0,0,1,0,0,0,0.48,0,0,"leaf","",3,"h","i","w"
"Brunia microphylla","Raspalia microphylla","BRUNIACEAE","BRUNIACEAE","Brunia microphylla","Thunb.","Bruniaceae",1,0,"Perennial",1,0,1,0,0,0,0,1,0,"Oct","Jan","","",50,0,0,0,1,0,0,0,0,0,0,0,0,0,0,0,0,"Leaf",0,1,0,0,0,0,NA,0,0,"leaf","",3,"h","u","u"
"Brunia noduliflora","Brunia nodiflora","BRUNIACEAE","BRUNIACEAE","Brunia noduliflora","Goldblatt & J.C.Manning","Bruniaceae",1,0,"Perennial",1,0,1,0,0,0,0,1,0,"Mar","Jun","","",150,0,0,0,0,1,0,0,0,0,0,0,0,0,0,0,0,"Leaf",0,1,0,0,0,0,0.254545455,0,0,"leaf","",3,"h","i","w"
"Brunia paleacea","Nebelia paleacea","BRUNIACEAE","BRUNIACEAE","Brunia paleacea","P.J.Bergius","Bruniaceae",1,0,"Perennial",1,0,1,0,0,0,0,1,0,"Oct","Apr","","",150,0,0,0,0,1,0,0,0,0,0,0,0,0,0,0,0,"Leaf",1,0,0,0,0,0,0.24,0,0,"leaf","",3,"h","i","w"
"Brunia virgata","Raspalia virgata","BRUNIACEAE","BRUNIACEAE","Brunia virgata","Brongn.","Bruniaceae",1,0,"Perennial",1,0,1,0,0,0,0,0,0,"Aug","Oct","","",100,0,0,0,1,0,0,0,0,0,0,0,0,0,0,0,0,"Leaf",0,1,0,0,0,0,NA,0,0,"leaf","",2,"h","u","u"
"Buddleja saligna","Buddleja saligna","BUDDLEJACEAE","BUDDLEJACEAE","Buddleja saligna","Willd.","Scrophulariaceae",1,0,"Perennial",1,0,1,0,0,0,0,0,0,"Aug","Jan","","",700,0,0,0,0,0,0,1,0,0,0,0,0,0,0,0,0,"Leaf",0,1,0,0,0,0,NA,0,0,"leaf","",3,"h","i","w"
"Bulbine abyssinica","Bulbine abyssinica","ASPHODELACEAE","ASPHODELACEAE","Bulbine abyssinica","A.Rich.","Asphodelaceae",1,0,"Perennial",1,0,1,0,0,0,0,1,0,"Aug","Nov","","",60,0,1,0,0,0,0,0,0,0,0,0,0,1,1,1,0,"Leaf",1,0,0,0,0,0,30.0875,0,0,"leaf","",2,"l","i","w"
"Bulbine alooides","Bulbine alooides","ASPHODELACEAE","ASPHODELACEAE","Bulbine alooides","Willd.","Asphodelaceae",1,0,"Perennial",1,0,1,0,0,0,0,1,0,"Mar","May","","",40,0,1,0,0,0,0,0,0,0,0,0,0,1,1,1,0,"Leaf",0,1,0,0,0,0,23.1,0,0,"leaf","",2,"l","i","w"
"Bulbine cepacea","Bulbine cepacea","ASPHODELACEAE","ASPHODELACEAE","Bulbine cepacea","(Burm.f.) Wijnands","Asphodelaceae",1,0,"Perennial",1,0,1,0,0,0,0,1,0,"Mar","May","","",40,0,1,0,0,0,0,0,0,0,0,0,0,1,1,1,0,"Leaf",0,1,0,0,0,0,NA,0,0,"leaf","",2,"l","i","w"
"Bulbine frutescens","Bulbine frutescens","ASPHODELACEAE","ASPHODELACEAE","Bulbine frutescens","Willd.","Asphodelaceae",1,0,"Perennial",1,0,1,0,0,0,0,1,0,"Sep","Apr","","",60,0,0,0,1,0,0,0,0,0,0,0,0,1,1,1,0,"Leaf",1,0,0,0,0,0,NA,0,0,"leaf","",2,"l","i","w"
"Bulbine lagopus","Bulbine lagopus","ASPHODELACEAE","ASPHODELACEAE","Bulbine lagopus","(Thunb.) N.E.Br.","Asphodelaceae",1,0,"Perennial",1,0,1,0,0,0,0,1,0,"Jul","Dec","","",40,0,1,0,0,0,0,0,0,0,0,0,0,1,1,1,0,"Leaf",1,0,0,0,0,0,NA,0,0,"leaf","",2,"l","i","w"
"Bulbine latifolia","Bulbine latifolia","ASPHODELACEAE","ASPHODELACEAE","Bulbine latifolia","Spreng.","Asphodelaceae",1,0,"Perennial",1,0,1,0,0,0,0,1,0,"Aug","Nov","","",60,0,1,0,0,0,0,0,0,0,0,0,0,1,1,1,0,"Leaf",0,1,0,0,0,0,21.12,0,0,"leaf","",2,"l","i","w"
"Cadaba aphylla","Cadaba aphylla","CAPPARACEAE","CAPPARACEAE","Cadaba aphylla","(Thunb.) Wild","Capparaceae",1,0,"Perennial",1,0,1,0,0,0,0,0,0,"Aug","Apr","","",200,0,0,0,0,0,1,0,0,0,0,0,0,1,0,1,0,"Leaf",0,0,0,0,0,0,10.7,1,1,"culm_stem","yes",3,"l","i","u"
"Caesia contorta","Caesia contorta","HEMEROCALLIDACEAE","HEMEROCALLIDACEAE","Caesia contorta","(L.f.) T.Durand & Schinz","Asphodelaceae",1,0,"Perennial",1,0,1,0,0,1,0,1,0,"Nov","Mar","","",30,0,1,0,0,0,0,0,0,0,0,0,0,0,0,0,0,"Leaf",1,0,0,0,0,0,NA,0,0,"leaf","",2,"l","i","p"
"Calobota cytisoides","Lebeckia cytisoides","FABACEAE","FABACEAE","Calobota cytisoides","(P.J.Bergius) Eckl. & Zeyh.","Fabaceae",1,0,"Perennial",1,0,1,0,0,0,0,1,0,"Jul","Mar","","",200,0,0,0,0,0,1,1,0,0,0,0,0,0,0,0,0,"Leaf",0,0,1,1,0,0,3.06,0,0,"leaf","",2,"h","i","p"
"Campylostachys cernua","Campylostachys cernua","STILBACEAE","STILBACEAE","Campylostachys cernua","(L.f.) Kunth","Stilbaceae",1,0,"Perennial",1,0,1,0,0,0,0,1,0,"Nov","Mar","","",80,0,0,0,1,0,0,0,0,0,0,0,0,0,0,0,0,"Leaf",0,1,0,0,0,0,1.34,0,0,"leaf","",2,"l","i","p"
"Cannomois grandis","Cannomois grandis","RESTIONACEAE","RESTIONACEAE","Cannomois grandis","H.P.Linder","Restionaceae",1,0,"Perennial",0,1,1,0,0,0,0,0,0,"Oct","Dec","","",400,0,0,1,0,0,0,0,0,0,0,0,0,0,0,0,0,"Leaf",0,0,0,0,0,0,NA,1,1,"culm_stem","no",2,"h","w","i"
"Cannomois parviflora","Cannomois parviflora","RESTIONACEAE","RESTIONACEAE","Cannomois parviflora","Pillans","Restionaceae",1,0,"Perennial",0,1,1,0,0,0,0,1,0,"Aug","Aug","","",100,0,0,1,0,0,0,0,0,0,0,0,0,0,0,0,0,"Leaf",0,0,0,0,0,0,61.44,1,1,"culm_stem","no",2,"h","w","i"
"Cannomois schlechteri","Cannomois taylorii","RESTIONACEAE","RESTIONACEAE","Cannomois parviflora","Pillans","Restionaceae",1,0,"Perennial",0,1,1,0,0,0,0,0,0,"Jun","Aug","","",200,0,0,1,0,0,0,0,0,0,0,0,0,0,0,0,0,"Leaf",0,0,0,0,0,0,138.26,1,1,"culm_stem","no",2,"h","w","i"
"Cannomois scirpoides","Cannomois scirpoides","RESTIONACEAE","RESTIONACEAE","Cannomois scirpoides","Hochst.","Restionaceae",1,0,"Perennial",0,1,1,0,0,0,0,1,0,"Mar","Jun","","",100,0,0,1,0,0,0,0,0,0,0,0,0,0,0,0,0,"Leaf",0,0,0,0,0,0,82.06666667,1,1,"culm_stem","yes",2,"h","w","i"
"Cannomois virgata","Cannomois virgata","RESTIONACEAE","RESTIONACEAE","Cannomois virgata","(Rottb.) Steud.","Restionaceae",1,0,"Perennial",0,1,1,0,0,0,0,1,0,"Oct","Jan","","",300,0,0,1,0,0,0,0,0,0,0,0,0,0,0,0,0,"Leaf",0,0,0,0,0,0,35.76923077,1,1,"culm_stem","yes",2,"h","w","i"
"Capelio tabularis","Alciope tabularis","ASTERACEAE","ASTERACEAE","Capelio tabularis","(Thunb.) B.Nord.","Asteraceae",1,0,"Perennial",1,0,1,0,0,0,1,1,0,"Apr","Jul","","",50,0,0,0,1,0,0,0,0,0,0,0,0,0,0,0,0,"Leaf",0,0,1,0,0,0,7.8,0,0,"leaf","",3,"m","i","w"
"Capelio tomentosa","Alciope lanata","ASTERACEAE","ASTERACEAE","Capelio tomentosa","(Burm.f.) B.Nord.","Asteraceae",1,0,"Perennial",1,0,1,0,0,0,0,1,0,"Nov","Jan","","",60,1,0,0,0,0,0,0,0,0,0,0,0,0,0,0,0,"Leaf",0,0,1,0,0,0,7.36,0,0,"leaf","",3,"m","i","w"
"Capeobolus brevicaulis","Capeobolus brevicaulis","CYPERACEAE","CYPERACEAE","Capeobolus brevicaulis","(C.B.Clarke) J.Browning","Cyperaceae",1,0,"Perennial",1,0,1,0,0,0,0,0,0,"Oct","Mar","","",20,0,0,1,0,0,0,0,0,0,0,0,0,0,0,0,0,"Leaf",0,1,0,0,0,0,9.23,0,0,"leaf","",2,"m","w","p"
"Capeochloa arundinacea","Merxmuellera arundinacea","POACEAE","POACEAE","Capeochloa arundinacea","(P.J.Bergius) N.P.Barker & H.P.Linder","Poaceae",1,0,"Perennial",1,0,1,0,0,0,0,1,0,"Sep","Nov","","",100,0,0,1,0,0,0,0,0,0,0,0,0,0,0,0,0,"Leaf",1,0,0,0,0,0,56.25454545,0,0,"leaf","",3,"h","w","w"
"Capeochloa cincta","Merxmuellera cincta","POACEAE","POACEAE","Capeochloa cincta","(Nees) N.P.Barker & H.P.Linder","Poaceae",1,0,"Perennial",1,0,1,0,0,0,0,1,0,"Oct","Apr","","",200,0,0,1,0,0,0,0,0,0,0,0,0,0,0,0,0,"Leaf",1,0,0,0,0,0,78.22,0,0,"leaf","",2,"h","w","w"
"Capparis sepiaria","Capparis sepiaria","CAPPARACEAE","CAPPARACEAE","Capparis sepiaria","L.","Capparaceae",1,0,"Perennial",1,0,1,0,0,0,0,1,0,"Aug","Jan","","",500,0,0,0,0,0,1,0,1,0,0,0,0,0,0,0,0,"Leaf",0,0,1,0,0,0,NA,0,0,"leaf","",3,"m","i","m"
"Carissa bispinosa","Carissa bispinosa","APOCYNACEAE","APOCYNACEAE","Carissa bispinosa","Desf.","Apocynaceae",1,0,"Perennial",1,0,1,0,0,0,0,0,0,"Sep","Dec","","",500,0,0,0,0,0,1,0,0,0,0,0,0,0,0,0,0,"Leaf",0,0,1,0,0,0,2.116666667,0,0,"leaf","",3,"l","i","m"
"Carpacoce gigantea","Carpacoce gigantea","RUBIACEAE","RUBIACEAE","Carpacoce gigantea","Puff","Rubiaceae",1,0,"Perennial",1,0,1,0,0,0,0,0,0,"Nov","Jan","","",90,0,0,0,1,0,0,0,0,0,0,0,0,0,0,0,0,"Leaf",0,1,0,0,0,0,NA,0,0,"leaf","",2,"l","w","p"
"Carpacoce heteromorpha","Carpacoce heteromorpha","RUBIACEAE","RUBIACEAE","Carpacoce heteromorpha","(H.Buek) Bolus","Rubiaceae",1,0,"Perennial",1,0,1,0,0,0,0,0,0,"Jul","Jan","","",45,0,0,0,1,0,0,0,0,0,0,0,0,0,0,0,0,"Leaf",1,0,0,0,0,0,1.82,0,0,"leaf","",2,"m","w","p"
"Carpacoce spermacocea","Carpacoce spermacocea","RUBIACEAE","RUBIACEAE","Carpacoce spermacocea","(Rchb. ex Spreng.) Sond.","Rubiaceae",1,0,"Perennial",1,0,1,0,0,0,0,0,0,"Jul","Jan","","",90,1,0,0,0,0,0,0,0,0,0,0,0,0,0,0,0,"Leaf",0,1,0,0,0,0,1.3,0,0,"mixed","",2,"m","w","p"
"Carpacoce vaginellata","Carpacoce vaginellata","RUBIACEAE","RUBIACEAE","Carpacoce vaginellata","Salter","Rubiaceae",1,0,"Perennial",1,0,1,0,0,0,0,0,0,"Jul","May","","",45,0,0,0,1,0,0,0,0,0,0,0,0,0,0,0,0,"Leaf",0,1,0,0,0,0,3.066666667,0,0,"mixed","",2,"m","w","p"
"Carpha glomerata","Carpha glomerata","CYPERACEAE","CYPERACEAE","Carpha glomerata","Nees","Cyperaceae",1,0,"Perennial",1,0,1,0,0,0,0,1,0,"Aug","Jan","","",200,0,0,1,0,0,0,0,0,0,0,0,0,0,0,0,0,"Leaf",0,2,0,0,0,0,93.34,0,0,"leaf","",3,"h","w","u"
"Carpobrotus acinaciformis","Carpobrotus acinaciformis","AIZOACEAE","MESEMBRYANTHEMACEAE","Carpobrotus acinaciformis","(L.) L.Bolus","Aizoaceae",1,0,"Perennial",1,0,1,0,0,0,0,0,0,"Aug","Dec","","",20,0,0,0,1,0,0,0,0,0,0,0,0,1,1,1,0,"Leaf",0,1,0,0,0,0,8.141666667,0,0,"leaf","",2,"l","i","m"
"Carpobrotus edulis","Carpobrotus edulis","AIZOACEAE","MESEMBRYANTHEMACEAE","Carpobrotus edulis","(L.) N.E.Br.","Aizoaceae",1,0,"Perennial",1,0,1,0,0,0,0,0,0,"Aug","Oct","","",20,0,0,0,1,0,0,0,0,0,0,0,0,1,1,1,0,"Leaf",0,1,0,0,0,0,8.478666667,0,0,"leaf","",2,"l","i","m"
"Cassine peragua","Cassine peragua","CELASTRACEAE","CELASTRACEAE","Cassine peragua","L.","Celastraceae",1,0,"Perennial",1,0,1,0,0,0,0,1,0,"Feb","Jul","","",1500,0,0,0,0,0,1,1,0,0,0,0,0,0,0,0,0,"Leaf",0,0,1,0,0,0,4.168421053,0,0,"leaf","",3,"m","i","m"
"Cassine schinoides","Cassine schinoides","CELASTRACEAE","CELASTRACEAE","Elaeodendron schinoides","Spreng.","Celastraceae",1,0,"Perennial",1,0,1,0,0,0,0,1,0,"Oct","Dec","","",1000,0,0,0,0,0,0,1,0,0,0,0,0,0,0,0,0,"Leaf",0,0,1,0,0,0,7.89,0,0,"leaf","",3,"m","i","m"
"Cassytha ciliolata","Cassytha ciliolata","LAURACEAE","LAURACEAE","Cassytha ciliolata","Nees","Lauraceae",1,0,"Perennial",1,0,1,0,0,0,0,0,0,"Sep","Jan","","",200,0,0,0,0,0,0,1,0,1,0,1,0,0,0,0,0,"Leaf",0,0,0,0,0,0,34.75,1,1,"leaf","",2,"l","i","m"
"Cassytha filiformis","Cassytha filiformis","LAURACEAE","LAURACEAE","Cassytha filiformis","L.","Lauraceae",1,0,"Perennial",1,0,1,0,0,0,0,0,0,"Sep","Jan","","",200,0,0,0,0,0,0,0,0,1,0,1,0,0,0,0,0,"Leaf",0,0,0,0,0,0,23.4,1,1,"leaf","",2,"l","i","m"
"Celtis africana","Celtis africana","CELTIDACEAE","CELTIDACEAE","Celtis africana","Burm.f.","Cannabaceae",1,0,"Perennial",1,0,0,1,0,0,0,0,0,"Jan","Apr","","",3000,0,0,0,0,0,0,1,0,0,0,0,0,0,0,0,0,"Leaf",0,0,1,0,0,0,NA,0,0,"leaf","",3,"l","i","m"
"Cenchrus ciliaris","Cenchrus ciliaris","POACEAE","POACEAE","Cenchrus ciliaris","L.","Poaceae",1,0,"Perennial",1,0,1,0,0,0,0,0,0,"Aug","Apr","","",100,0,0,1,0,0,0,0,0,0,0,0,0,0,0,0,0,"Leaf",1,0,0,0,0,0,15,0,1,"mixed","",1,"h","w","w"
"Centella affinis","Centella affinis","APIACEAE","APIACEAE","Centella affinis","(Eckl. & Zeyh.) Adamson","Apiaceae",1,0,"Perennial",1,0,1,0,0,1,0,0,0,"Aug","Jan","","",30,1,0,0,0,0,0,0,0,0,0,0,0,0,0,0,0,"Leaf",1,0,0,0,0,0,NA,0,0,"leaf","",2,"l","w","p"
"Centella cochlearia","Centella recticarpa","APIACEAE","APIACEAE","Centella cochlearia","(Domin) Adamson","Apiaceae",1,0,"Perennial",1,0,1,0,0,1,0,1,0,"Sep","Apr","","",20,1,0,0,0,0,0,0,0,0,0,0,0,0,0,0,0,"Leaf",1,0,0,0,0,0,NA,0,0,"leaf","",2,"l","i","p"
"Centella difformis","Centella difformis","APIACEAE","APIACEAE","Centella difformis","(Eckl. & Zeyh.) Adamson","Apiaceae",1,0,"Perennial",1,0,1,0,0,1,0,0,0,"Aug","Apr","","",40,1,0,0,0,0,0,0,0,0,0,0,0,0,0,0,0,"Leaf",0,1,0,0,1,0,4.4,0,0,"leaf","",2,"l","i","p"
"Centella glabrata","Centella glabrata","APIACEAE","APIACEAE","Centella glabrata","L.","Apiaceae",1,0,"Perennial",1,0,1,0,0,1,0,0,0,"Sep","Jan","","",20,1,0,0,0,0,0,0,0,0,0,0,0,0,0,0,0,"Leaf",0,1,0,0,0,0,4.82,0,0,"leaf","",2,"l","i","p"
"Centella lanata","Centella lanata","APIACEAE","APIACEAE","Centella lanata","Compton","Apiaceae",1,0,"Perennial",1,0,1,0,0,1,0,0,0,"Jan","May","","",50,1,0,0,0,0,0,0,0,0,0,0,0,0,0,0,0,"Leaf",0,0,1,0,1,0,3.56,0,0,"leaf","",2,"l","i","p"
"Centella lasiophylla","Centella lasiophylla","APIACEAE","APIACEAE","Centella lasiophylla","Adamson","Apiaceae",1,0,"Perennial",1,0,1,0,0,1,0,0,0,"Sep","Dec","","",50,1,0,0,0,0,0,0,0,0,0,0,0,0,0,0,0,"Leaf",0,0,1,0,0,0,NA,0,0,"leaf","",2,"l","i","p"
"Centella linifolia","Centella linifolia","APIACEAE","APIACEAE","Centella linifolia","Drude","Apiaceae",1,0,"Perennial",1,0,1,0,0,1,0,0,0,"Sep","Dec","","",50,0,0,0,1,0,0,0,0,0,0,0,0,0,0,0,0,"Leaf",1,0,0,0,0,0,NA,0,0,"leaf","",2,"l","i","p"
"Centella macrocarpa","Centella macrocarpa","APIACEAE","APIACEAE","Centella macrocarpa","(A.Rich.) Adamson","Apiaceae",1,0,"Perennial",1,0,1,0,0,1,0,0,0,"Apr","Jan","","",35,1,0,0,0,0,0,0,0,0,0,0,0,0,0,0,0,"Leaf",0,0,1,0,0,0,3.6,0,0,"leaf","",2,"l","i","p"
"Centella montana","Centella montana","APIACEAE","APIACEAE","Centella montana","Domin","Apiaceae",1,0,"Perennial",1,0,1,0,0,1,0,0,0,"Aug","Jan","","",10,1,0,0,0,0,0,0,0,0,0,0,0,0,0,0,0,"Leaf",0,1,1,0,0,0,NA,0,0,"leaf","",2,"l","i","p"
"Centella restioides","Centella restioides","APIACEAE","APIACEAE","Centella restioides","Adamson","Apiaceae",1,0,"Perennial",1,0,1,0,0,1,0,1,0,"Oct","Dec","","",50,1,0,0,0,0,0,0,0,0,0,0,0,0,0,0,0,"Leaf",0,1,0,0,0,0,4.308333333,0,0,"leaf","",2,"l","i","p"
"Centella sessilis","Centella sessilis","APIACEAE","APIACEAE","Centella sessilis","Adamson","Apiaceae",1,0,"Perennial",1,0,1,0,0,1,0,0,0,"Sep","Jan","","",15,1,0,0,0,0,0,0,0,0,0,0,0,0,0,0,0,"Leaf",0,1,0,0,0,0,NA,0,0,"leaf","",2,"l","i","p"
"Centella stenophylla","Centella stenophylla","APIACEAE","APIACEAE","Centella stenophylla","Adamson","Apiaceae",1,0,"Perennial",1,0,1,0,0,1,0,0,0,"Aug","Jan","","",40,1,0,0,0,0,0,0,0,0,0,0,0,0,0,0,0,"Leaf",0,1,0,0,0,0,NA,0,0,"leaf","",2,"l","i","p"
"Centella tridentata","Centella tridentata","APIACEAE","APIACEAE","Centella tridentata","Drude","Apiaceae",1,0,"Perennial",1,0,1,0,0,1,0,0,0,"Aug","Dec","","",20,1,0,0,0,0,0,0,0,0,0,0,0,0,0,0,0,"Leaf",0,0,1,0,1,0,1.733333333,0,0,"leaf","",2,"l","i","p"
"Centella triloba","Centella triloba","APIACEAE","APIACEAE","Centella triloba","Drude","Apiaceae",1,0,"Perennial",1,0,1,0,0,0,0,1,0,"Aug","Apr","","",50,1,0,0,0,0,0,0,0,0,0,0,0,0,0,0,0,"Leaf",0,0,1,0,1,0,3.22,0,0,"leaf","",2,"l","i","p"
"Centella villosa","Centella villosa","APIACEAE","APIACEAE","Centella villosa","L.","Apiaceae",1,0,"Perennial",1,0,1,0,0,1,0,1,0,"Sep","Dec","","",40,1,0,0,0,0,0,0,0,0,0,0,0,0,0,0,0,"Leaf",0,0,1,0,0,0,1.32,0,0,"leaf","",2,"l","i","p"
"Centella virgata","Centella virgata","APIACEAE","APIACEAE","Centella virgata","(L.f.) Drude","Apiaceae",1,0,"Perennial",1,0,1,0,0,1,0,0,0,"Sep","Dec","","",60,1,0,0,0,0,0,0,0,0,0,0,0,0,0,0,0,"Leaf",1,0,0,0,0,0,3.712727273,0,0,"leaf","",2,"l","i","p"
"Cephalaria humilis","Cephalaria humilis","DIPSACACEAE","DIPSACACEAE","Cephalaria humilis","(Thunb.) Roem. & Schult.","Caprifoliaceae",1,0,"Perennial",1,0,1,0,0,1,0,1,0,"Dec","Jan","","",100,1,0,0,0,0,0,0,0,0,0,0,0,0,0,0,0,"Leaf",0,1,0,0,0,1,NA,0,0,"leaf","",2,"l","i","w"
"Ceratocaryum argenteum","Ceratocaryum argenteum","RESTIONACEAE","RESTIONACEAE","Ceratocaryum argenteum","Nees","Restionaceae",1,0,"Perennial",0,1,1,0,0,0,0,0,0,"Feb","Apr","","",150,0,0,1,0,0,0,0,0,0,0,0,0,0,0,0,0,"Leaf",0,0,0,0,0,0,NA,1,1,"culm_stem","",2,"h","w","i"
"Ceratocaryum decipiens","Ceratocaryum decipiens","RESTIONACEAE","RESTIONACEAE","Ceratocaryum decipiens","(N.E.Br.) H.P.Linder","Restionaceae",1,0,"Perennial",0,1,1,0,0,0,0,1,0,"Feb","Mar","","",200,0,0,1,0,0,0,0,0,0,0,0,0,0,0,0,0,"Leaf",0,0,0,0,0,0,NA,1,1,"culm_stem","",2,"h","w","i"
"Chaenostoma denudatum","Sutera denudata","SCROPHULARIACEAE","SCROPHULARIACEAE","Chaenostoma denudatum","Benth.","Scrophulariaceae",1,0,"Perennial",1,0,1,0,0,1,0,0,0,"Jan","Dec","","",45,1,0,0,0,0,0,0,0,0,0,0,0,0,0,0,0,"Leaf",0,1,0,0,0,0,1.471111111,0,0,"leaf","",1,"m","i","p"
"Chaenostoma hispidum","Sutera hispida","SCROPHULARIACEAE","SCROPHULARIACEAE","Chaenostoma hispidum","(Thunb.) Benth.","Scrophulariaceae",1,0,"Perennial",1,0,1,0,0,1,0,0,0,"Jan","Dec","","",50,0,0,0,1,0,0,0,0,0,0,0,0,0,0,0,0,"Leaf",0,0,1,0,0,0,0.78,0,0,"leaf","",1,"m","i","p"
"Chaenostoma longipedicellatum","Sutera longipedicellata","SCROPHULARIACEAE","SCROPHULARIACEAE","Chaenostoma longipedicellatum","(Hilliard) Kornhall","Scrophulariaceae",1,0,"Perennial",1,0,1,0,0,1,0,0,0,"Jun","Sep","","",60,0,0,0,1,0,0,0,0,0,0,0,0,0,0,0,0,"Leaf",0,1,0,0,0,0,NA,0,0,"leaf","",1,"m","i","p"
"Chamarea capensis","Chamarea capensis","APIACEAE","APIACEAE","Chamarea capensis","Eckl. & Zeyh.","Apiaceae",1,0,"Perennial",1,0,0,1,1,1,0,1,0,"Nov","Apr","","",50,1,0,0,0,0,0,0,0,0,0,0,0,0,0,0,0,"Leaf",0,0,1,1,1,1,NA,0,0,"leaf","",2,"l","i","p"
"Chamarea gracillima","Chamarea gracillima","APIACEAE","APIACEAE","Chamarea gracillima","(H.Wolff) B.L.Burtt","Apiaceae",1,0,"Perennial",1,0,0,1,1,1,0,1,0,"Nov","Apr","","",50,1,0,0,0,0,0,0,0,0,0,0,0,0,0,0,0,"Leaf",0,0,1,1,1,1,NA,0,0,"leaf","",2,"l","i","p"
"Chascanum cuneifolium","Chascanum cuneifolium","VERBENACEAE","VERBENACEAE","Chascanum cuneifolium","(L.f.) E.Mey.","Verbenaceae",1,0,"Perennial",1,0,1,0,0,0,0,0,0,"Jul","Nov","","",50,0,0,0,1,0,0,0,0,0,0,0,0,0,0,0,0,"Leaf",0,0,1,0,0,0,1.266666667,0,0,"leaf","",2,"l","i","u"
"Cheilanthes contracta","Cheilanthes contracta","PTERIDACEAE","PTERIDACEAE","Cheilanthes contracta","Kunze","Pteridaceae",1,0,"Perennial",1,0,1,0,0,0,0,1,0,"","","","",25,1,0,0,0,0,0,0,0,0,0,0,0,0,0,0,0,"Frond",0,1,0,1,1,1,1.46,0,0,"leaf","",2,"l","w","w"
"Cheilanthes induta","Cheilanthes induta","PTERIDACEAE","PTERIDACEAE","Hemionitis induta","(Kunze) Christenh.","Pteridaceae",1,0,"Perennial",1,0,1,0,0,0,0,1,0,"","","","",25,1,0,0,0,0,0,0,0,0,0,0,0,0,0,0,0,"Frond",0,1,0,1,0,1,NA,0,0,"leaf","",2,"l","w","w"
"Cheilanthes involuta","Cheilanthes involuta","PTERIDACEAE","PTERIDACEAE","Cheilanthes involuta","(Sw.) Schelpe & N.C.Anthony","Pteridaceae",1,0,"Perennial",1,0,1,0,0,0,0,1,0,"","","","",25,1,0,0,0,0,0,0,0,0,0,0,0,0,0,0,0,"Frond",1,1,0,1,0,1,NA,0,0,"leaf","",2,"l","w","w"
"Cheilanthes multifida","Cheilanthes multifida","PTERIDACEAE","PTERIDACEAE","Hemionitis multifida","(Sw.) Christenh.","Pteridaceae",1,0,"Perennial",1,0,1,0,0,0,0,1,0,"","","","",25,1,0,0,0,0,0,0,0,0,0,0,0,0,0,0,0,"Frond",0,0,1,0,1,1,NA,0,0,"leaf","",2,"l","w","w"
"Cheilanthes parviloba","Cheilanthes parviloba","PTERIDACEAE","PTERIDACEAE","Cheilanthes parviloba","Sw.","Pteridaceae",1,0,"Perennial",1,0,1,0,0,0,0,1,0,"","","","",35,1,0,0,0,0,0,0,0,0,0,0,0,0,0,0,0,"Frond",0,0,1,1,0,1,7.976666667,0,0,"leaf","",2,"l","w","w"
"Chenolea diffusa","Chenolea diffusa","AMARANTHACEAE","CHENOPODIACEAE","Chenolea diffusa","Thunb.","Amaranthaceae",1,0,"Perennial",1,0,1,0,0,0,0,0,0,"Feb","Apr","","",30,1,0,0,0,0,0,0,1,0,0,0,0,1,1,1,0,"Leaf",0,1,1,0,0,0,0.86,0,0,"leaf","",2,"l","u","p"
"Chironia baccifera","Chironia baccifera","GENTIANACEAE","GENTIANACEAE","Chironia baccifera","L.","Gentianaceae",1,0,"Perennial",1,0,1,0,0,0,0,0,0,"Nov","Feb","","",100,0,0,0,1,0,0,0,0,0,0,0,0,0,0,0,0,"Leaf",1,0,0,0,0,0,1.135833333,0,1,"leaf","",2,"m","i","m"
"Chironia decumbens","Chironia decumbens","GENTIANACEAE","GENTIANACEAE","Chironia decumbens","Levyns","Gentianaceae",1,0,"Perennial",1,0,1,0,0,0,0,0,0,"Oct","Jan","","",15,1,0,0,0,0,0,0,1,0,0,0,0,0,0,0,0,"Leaf",1,0,1,0,0,0,NA,0,1,"leaf","",2,"l","i","m"
"Chironia jasminoides","Chironia jasminoides","GENTIANACEAE","GENTIANACEAE","Chironia jasminoides","L.","Gentianaceae",1,0,"Perennial",1,0,1,0,0,0,0,0,0,"Aug","Jan","","",90,0,0,0,1,0,0,0,0,0,0,0,0,0,0,0,0,"Leaf",1,0,1,0,0,0,NA,0,1,"leaf","",2,"l","i","m"
"Chironia linoides","Chironia linoides","GENTIANACEAE","GENTIANACEAE","Chironia linoides","L.","Gentianaceae",1,0,"Perennial",1,0,1,0,0,0,0,0,0,"Oct","Jan","","",90,0,0,0,1,0,0,0,0,0,0,0,0,0,0,0,0,"Leaf",1,0,0,0,0,0,1.62,0,1,"leaf","",2,"l","i","m"
"Chironia melampyrifolia","Chironia melampyrifolia","GENTIANACEAE","GENTIANACEAE","Chironia melampyrifolia","Lam.","Gentianaceae",1,0,"Perennial",1,0,1,0,0,0,0,0,0,"Sep","Jan","","",80,0,0,0,1,0,0,0,0,0,0,0,0,0,0,0,0,"Leaf",0,0,1,0,0,0,7.26,0,1,"leaf","",2,"l","i","m"
"Chlorophytum crispum","Chlorophytum crispum","ANTHERICACEAE","ANTHERICACEAE","Chlorophytum crispum","(Thunb.) Baker","Asparagaceae",1,0,"Perennial",1,0,1,0,0,1,0,1,0,"Sep","Apr","","",50,0,1,0,0,0,0,0,0,0,0,0,0,0,0,0,0,"Leaf",0,1,0,0,0,0,NA,0,0,"leaf","",2,"l","i","w"
"Chrysitrix capensis","Chrysitrix capensis","CYPERACEAE","CYPERACEAE","Chrysitrix capensis","L.","Cyperaceae",1,0,"Perennial",1,0,1,0,0,0,0,1,0,"Apr","Nov","","",40,0,0,1,0,0,0,0,0,0,0,0,0,0,0,0,0,"Leaf",1,0,0,0,0,0,23.88,0,0,"leaf","yes",2,"m","w","p"
"Chrysitrix junciformis","Chrysitrix junciformis","CYPERACEAE","CYPERACEAE","Chrysitrix junciformis","Nees","Cyperaceae",1,0,"Perennial",1,0,1,0,0,0,0,1,0,"Apr","Dec","","",30,0,0,1,0,0,0,0,0,0,0,0,0,0,0,0,0,"Leaf",1,0,0,0,0,0,49.14,0,0,"culm_stem","no",2,"m","w","p"
"Chrysocoma ciliata","Chrysocoma ciliata","ASTERACEAE","ASTERACEAE","Chrysocoma ciliata","L.","Asteraceae",1,0,"Perennial",1,0,1,0,0,0,0,0,0,"Oct","Jan","","",60,0,0,0,1,0,0,0,0,0,0,0,0,0,0,0,0,"Leaf",1,0,0,0,0,0,0.648181818,0,0,"leaf","",2,"h","i","w"
"Chrysocoma coma-aurea","Chrysocoma coma-aurea","ASTERACEAE","ASTERACEAE","Chrysocoma coma-aurea","L.","Asteraceae",1,0,"Perennial",1,0,1,0,0,0,0,0,0,"Oct","Jan","","",50,0,0,0,1,0,0,0,0,0,0,0,0,0,0,0,0,"Leaf",1,0,0,0,0,0,1.21,0,0,"leaf","",2,"h","i","w"
"Cineraria geifolia","Cineraria geifolia","ASTERACEAE","ASTERACEAE","Cineraria geifolia","L.","Asteraceae",1,0,"Perennial",1,0,1,0,0,0,0,0,0,"Aug","Nov","","",60,1,0,0,0,0,0,0,0,0,0,0,0,0,0,0,0,"Leaf",0,0,1,0,1,0,NA,0,0,"leaf","",1,"l","i","w"
"Cineraria lobata","Cineraria lobata","ASTERACEAE","ASTERACEAE","Cineraria lobata","L'Hér.","Asteraceae",1,0,"Perennial",1,0,1,0,0,0,0,0,0,"Nov","Jan","","",60,1,0,0,0,0,0,0,0,0,0,0,0,0,0,0,0,"Leaf",0,0,1,0,1,0,NA,0,0,"leaf","",1,"l","i","w"
"Cineraria platycarpa","Cineraria platycarpa","ASTERACEAE","ASTERACEAE","Cineraria platycarpa","DC.","Asteraceae",0,1,"Annual",1,0,1,0,0,0,0,0,0,"Aug","Sep","","",20,1,0,0,0,0,0,0,0,0,0,0,0,0,0,0,0,"Leaf",0,0,1,0,1,0,NA,0,0,"leaf","",0,"l","i","w"
"Cineraria saxifraga","Cineraria saxifraga","ASTERACEAE","ASTERACEAE","Cineraria saxifraga","DC.","Asteraceae",1,0,"Perennial",1,0,1,0,0,0,0,0,0,"Sep","Nov","","",30,1,0,0,0,0,0,0,0,0,0,0,0,0,0,0,0,"Leaf",0,0,1,0,1,0,1.948333333,0,0,"leaf","",1,"l","i","w"
"Cissampelos capensis","Cissampelos capensis","MENISPERMACEAE","MENISPERMACEAE","Cissampelos capensis","L.f.","Menispermaceae",1,0,"Perennial",1,0,1,0,0,0,0,0,0,"Feb","May","","",100,0,0,0,1,0,0,0,1,0,0,0,0,0,0,0,0,"Leaf",0,0,1,0,0,0,2.233333333,0,0,"leaf","",2,"l","i","u"
"Cliffortia atrata","Cliffortia atrata","ROSACEAE","ROSACEAE","Cliffortia atrata","Weim.","Rosaceae",1,0,"Perennial",1,1,1,0,0,0,0,0,0,"Jul","Dec","","",100,0,0,0,1,0,0,0,0,0,0,0,0,0,0,0,0,"Leaf",1,0,0,1,0,0,1.28375,0,0,"leaf","",2,"h","w","i"
"Cliffortia baccans","Cliffortia baccans","ROSACEAE","ROSACEAE","Cliffortia baccans","Harv.","Rosaceae",1,0,"Perennial",1,1,1,0,0,0,0,1,0,"Sep","Oct","","",60,0,0,0,1,0,0,0,0,0,0,0,0,0,0,0,0,"Leaf",1,0,0,1,0,0,NA,0,0,"leaf","",2,"h","w","m"
"Cliffortia burchellii","Cliffortia burchellii","ROSACEAE","ROSACEAE","Cliffortia burchellii","Stapf","Rosaceae",1,0,"Perennial",1,1,1,0,0,0,0,0,0,"Apr","May","","",200,0,0,0,0,0,1,0,0,0,0,0,0,0,0,0,0,"Leaf",1,0,0,1,0,0,1.458,0,0,"leaf","",2,"h","w","p"
"Cliffortia cervicornu","Cliffortia cervicornu","ROSACEAE","ROSACEAE","Cliffortia cervicornu","Weim.","Rosaceae",1,0,"Perennial",1,1,1,0,0,0,0,0,0,"Oct","Oct","","",50,0,0,0,1,0,0,0,0,0,0,0,0,0,0,0,0,"Leaf",0,0,1,1,1,0,NA,0,0,"leaf","",2,"h","w","p"
"Cliffortia complanata","Cliffortia complanata","ROSACEAE","ROSACEAE","Cliffortia complanata","E.Mey. ex Harv. & Sond.","Rosaceae",1,0,"Perennial",1,1,1,0,0,0,0,1,0,"Nov","Mar","","",60,0,0,0,1,0,0,0,0,0,0,0,0,0,0,0,0,"Leaf",0,0,1,1,0,0,NA,0,0,"leaf","",2,"h","w","p"
"Cliffortia densa","Cliffortia densa","ROSACEAE","ROSACEAE","Cliffortia densa","Weim.","Rosaceae",1,0,"Perennial",1,1,1,0,0,0,0,0,0,"May","May","","",300,0,0,0,0,0,1,0,0,0,0,0,0,0,0,0,0,"Leaf",1,0,0,1,0,0,1.126,0,0,"leaf","",2,"h","w","p"
"Cliffortia dentata","Cliffortia gracilis","ROSACEAE","ROSACEAE","Cliffortia dentata","Willd.","Rosaceae",1,0,"Perennial",1,1,1,0,0,0,0,0,0,"Oct","Oct","","",60,0,0,0,1,0,0,0,0,0,0,0,0,0,0,0,0,"Leaf",0,0,1,1,0,0,0.59,0,0,"leaf","",2,"h","w","p"
"Cliffortia drepanoides","Cliffortia drepanoides","ROSACEAE","ROSACEAE","Cliffortia drepanoides","Eckl. & Zeyh.","Rosaceae",1,0,"Perennial",1,1,1,0,0,0,0,0,0,"Mar","Apr","","",100,0,0,0,1,0,0,0,0,0,0,0,0,0,0,0,0,"Leaf",0,1,0,1,0,0,1.383333333,0,0,"leaf","",2,"h","w","p"
"Cliffortia falcata","Cliffortia falcata","ROSACEAE","ROSACEAE","Cliffortia falcata","L.f.","Rosaceae",1,0,"Perennial",1,1,1,0,0,0,0,0,0,"Aug","Oct","","",100,0,0,0,1,0,0,0,0,0,0,0,0,0,0,0,0,"Leaf",0,1,0,1,0,0,0.78,0,0,"leaf","",2,"h","w","p"
"Cliffortia ferruginea","Cliffortia ferruginea","ROSACEAE","ROSACEAE","Cliffortia ferruginea","L.f.","Rosaceae",1,0,"Perennial",1,1,1,0,0,0,0,1,0,"Nov","Jul","","",120,0,0,0,1,0,0,0,0,0,0,0,0,0,0,0,0,"Leaf",0,1,0,0,1,0,1.983846154,0,0,"leaf","",2,"h","w","p"
"Cliffortia filicaulis","Cliffortia filicaulis","ROSACEAE","ROSACEAE","Cliffortia filicaulis","Cham. & Schltdl.","Rosaceae",1,0,"Perennial",1,1,1,0,0,0,0,0,0,"Aug","Dec","","",100,0,0,0,1,0,0,0,0,0,0,0,0,0,0,0,0,"Leaf",0,0,1,1,1,0,0.374,0,0,"leaf","",2,"h","w","p"
"Cliffortia filifolia","Cliffortia filifolia","ROSACEAE","ROSACEAE","Cliffortia filifolia","L.f.","Rosaceae",1,0,"Perennial",1,1,1,0,0,0,0,0,0,"May","Aug","","",100,0,0,0,1,0,0,0,0,0,0,0,0,0,0,0,0,"Leaf",1,0,0,1,0,0,0.98,0,0,"leaf","",2,"h","w","p"
"Cliffortia glauca","Cliffortia glauca","ROSACEAE","ROSACEAE","Cliffortia glauca","Weim.","Rosaceae",1,0,"Perennial",1,1,1,0,0,0,0,1,0,"Nov","Feb","","",150,0,0,0,0,1,0,0,0,0,0,0,0,0,0,0,0,"Leaf",0,0,1,1,0,0,NA,0,0,"leaf","",2,"h","w","p"
"Cliffortia graminea","Cliffortia graminea","ROSACEAE","ROSACEAE","Cliffortia graminea","L.f.","Rosaceae",1,0,"Perennial",1,1,1,0,0,0,0,1,0,"Aug","Mar","","",200,0,0,0,0,0,1,0,0,0,0,0,0,0,0,0,0,"Leaf",0,1,0,0,1,0,NA,0,0,"leaf","",2,"h","w","p"
"Cliffortia heterophylla","Cliffortia heterophylla","ROSACEAE","ROSACEAE","Cliffortia heterophylla","Weim.","Rosaceae",1,0,"Perennial",1,1,1,0,0,0,0,0,0,"Sep","Jun","","",250,0,0,0,0,0,1,0,0,0,0,0,0,0,0,0,0,"Leaf",1,1,1,0,0,0,9.9,0,0,"leaf","",2,"h","w","p"
"Cliffortia hexandra","Cliffortia hexandra","ROSACEAE","ROSACEAE","Cliffortia hexandra","Weim.","Rosaceae",1,0,"Perennial",1,1,1,0,0,0,0,0,0,"Sep","Oct","","",60,0,0,0,1,0,0,0,0,0,0,0,0,0,0,0,0,"Leaf",0,1,0,1,0,0,0.486666667,0,0,"leaf","",2,"h","w","i"
"Cliffortia hirsuta","Cliffortia hirsuta","ROSACEAE","ROSACEAE","Cliffortia hirsuta","Eckl. & Zeyh.","Rosaceae",1,0,"Perennial",1,1,1,0,0,0,0,0,0,"Apr","Dec","","",100,0,0,0,1,0,0,0,0,0,0,0,0,0,0,0,0,"Leaf",0,0,1,0,1,0,NA,0,0,"leaf","",2,"h","w","p"
"Cliffortia ilicifolia","Cliffortia ilicifolia","ROSACEAE","ROSACEAE","Cliffortia ilicifolia","L.","Rosaceae",1,0,"Perennial",1,1,1,0,0,0,0,0,0,"Nov","Dec","","",200,0,0,0,0,0,1,0,0,0,0,0,0,0,0,0,0,"Leaf",0,0,1,0,1,0,1.466666667,0,0,"leaf","",2,"h","w","p"
"Cliffortia linearifolia","Cliffortia linearifolia","ROSACEAE","ROSACEAE","Cliffortia linearifolia","Eckl. & Zeyh.","Rosaceae",1,0,"Perennial",1,1,1,0,0,0,0,1,0,"Oct","Jan","","",150,0,0,0,0,1,0,0,0,0,0,0,0,0,0,0,0,"Leaf",1,0,0,1,0,0,0.476666667,0,0,"leaf","",2,"h","w","p"
"Cliffortia neglecta","Cliffortia neglecta","ROSACEAE","ROSACEAE","Cliffortia neglecta","Schltr.","Rosaceae",1,0,"Perennial",1,1,1,0,0,0,0,0,0,"Sep","Oct","","",50,0,0,0,1,0,0,0,0,0,0,0,0,0,0,0,0,"Leaf",1,0,0,0,0,0,NA,0,0,"leaf","",2,"h","w","i"
"Cliffortia obcordata","Cliffortia obcordata","ROSACEAE","ROSACEAE","Cliffortia obcordata","L.f.","Rosaceae",1,0,"Perennial",1,1,1,0,0,0,0,0,0,"Mar","Nov","","",150,0,0,0,0,1,0,0,0,0,0,0,0,0,0,0,0,"Leaf",0,0,1,1,0,0,0.96,0,0,"leaf","",2,"h","w","p"
"Cliffortia odorata","Cliffortia discolor","ROSACEAE","ROSACEAE","Cliffortia odorata","L.f.","Rosaceae",1,0,"Perennial",1,1,1,0,0,0,0,0,0,"Jan","Jan","","",200,0,0,0,0,0,0,0,0,0,0,0,0,0,0,0,0,"Leaf",0,0,1,0,0,0,NA,0,0,"leaf","",2,"h","w","p"
"Cliffortia paucistaminea","Cliffortia paucistaminea","ROSACEAE","ROSACEAE","Cliffortia paucistaminea","Weim.","Rosaceae",1,0,"Perennial",1,1,1,0,0,0,0,1,0,"Jan","Apr","","",120,0,0,0,0,1,0,0,0,0,0,0,0,0,0,0,0,"Leaf",1,0,0,1,0,0,NA,0,0,"leaf","",2,"h","w","p"
"Cliffortia polita","Cliffortia polita","ROSACEAE","ROSACEAE","Cliffortia polita","Weim.","Rosaceae",1,0,"Perennial",1,1,1,0,0,0,0,1,0,"Nov","Jan","","",60,0,0,0,1,0,0,0,0,0,0,0,0,0,0,0,0,"Leaf",1,0,0,1,0,0,0.523333333,0,0,"leaf","",2,"h","w","p"
"Cliffortia polygonifolia","Cliffortia polygonifolia","ROSACEAE","ROSACEAE","Cliffortia polygonifolia","L.","Rosaceae",1,0,"Perennial",1,1,1,0,0,0,0,0,0,"Apr","Nov","","",150,0,0,0,0,1,0,0,0,0,0,0,0,0,0,0,0,"Leaf",0,1,0,1,0,0,0.7125,0,0,"leaf","",2,"h","w","i"
"Cliffortia pterocarpa","Cliffortia pterocarpa","ROSACEAE","ROSACEAE","Cliffortia pterocarpa","(Harv.) Weim.","Rosaceae",1,0,"Perennial",1,1,1,0,0,0,0,1,0,"Aug","Dec","","",100,0,0,0,1,0,0,0,0,0,0,0,0,0,0,0,0,"Leaf",1,0,0,1,0,0,NA,0,0,"leaf","",2,"h","w","p"
"Cliffortia pulchella","Cliffortia pulchella","ROSACEAE","ROSACEAE","Cliffortia pulchella","L.f.","Rosaceae",1,0,"Perennial",1,1,1,0,0,0,0,1,0,"Apr","May","","",60,0,0,0,1,0,0,0,0,0,0,0,0,0,0,0,0,"Leaf",0,0,1,1,0,0,NA,0,0,"leaf","",2,"m","w","p"
"Cliffortia ruscifolia","Cliffortia ruscifolia","ROSACEAE","ROSACEAE","Cliffortia ruscifolia","L.","Rosaceae",1,0,"Perennial",1,1,1,0,0,0,0,1,0,"Aug","Oct","","",150,0,0,0,0,1,0,0,0,0,0,0,0,0,0,0,0,"Leaf",0,1,0,0,0,0,1.686666667,0,0,"leaf","",2,"h","w","i"
"Cliffortia sericea","Cliffortia sericea","ROSACEAE","ROSACEAE","Cliffortia sericea","Eckl. & Zeyh.","Rosaceae",1,0,"Perennial",1,1,1,0,0,0,0,0,0,"Aug","Nov","","",60,0,0,0,1,0,0,0,0,0,0,0,0,0,0,0,0,"Leaf",0,1,0,1,0,0,NA,0,0,"leaf","",2,"h","w","i"
"Cliffortia serpyllifolia","Cliffortia serpyllifolia","ROSACEAE","ROSACEAE","Cliffortia serpyllifolia","Cham. & Schltdl.","Rosaceae",1,0,"Perennial",1,1,1,0,0,0,0,0,0,"Nov","May","","",200,0,0,0,0,0,1,0,0,0,0,0,0,0,0,0,0,"Leaf",0,1,0,1,0,0,0.35,0,0,"leaf","",2,"h","w","p"
"Cliffortia stricta","Cliffortia stricta","ROSACEAE","ROSACEAE","Cliffortia stricta","Weim.","Rosaceae",1,0,"Perennial",1,1,1,0,0,0,0,0,0,"Oct","Jun","","",150,0,0,0,0,1,0,0,0,0,0,0,0,0,0,0,0,"Leaf",1,0,0,1,0,0,0.69625,0,0,"leaf","",2,"h","w","p"
"Cliffortia strobilifera","Cliffortia strobilifera","ROSACEAE","ROSACEAE","Cliffortia strobilifera","L.","Rosaceae",1,0,"Perennial",1,1,1,0,0,0,0,1,0,"Jan","Apr","","",300,0,0,0,0,0,1,0,0,0,0,0,0,0,0,0,0,"Leaf",1,0,0,0,0,0,NA,0,0,"leaf","",2,"h","w","p"
"Cliffortia subdura","Cliffortia subdura","ROSACEAE","ROSACEAE","Cliffortia subdura","Weim.","Rosaceae",1,0,"Perennial",1,1,1,0,0,0,0,0,0,"May","May","","",100,0,0,0,1,0,0,0,0,0,0,0,0,0,0,0,0,"Leaf",0,1,0,1,0,0,NA,0,0,"leaf","",2,"h","w","p"
"Cliffortia subsetacea","Cliffortia subsetacea","ROSACEAE","ROSACEAE","Cliffortia subsetacea","(Eckl. & Zeyh.) Diels ex Bolus & Wolley-Dod","Rosaceae",1,0,"Perennial",1,1,1,0,0,0,0,0,0,"Aug","Jan","","",200,0,0,0,0,0,1,0,0,0,0,0,0,0,0,0,0,"Leaf",1,0,0,1,0,0,0.428571429,0,0,"leaf","",2,"h","w","p"
"Cliffortia teretifolia","Cliffortia teretifolia","ROSACEAE","ROSACEAE","Cliffortia teretifolia","L.f.","Rosaceae",1,0,"Perennial",1,1,1,0,0,0,0,1,0,"Sep","Dec","","",100,0,0,0,1,0,0,0,0,0,0,0,0,0,0,0,0,"Leaf",1,0,0,1,0,0,NA,0,0,"leaf","",2,"h","w","p"
"Cliffortia triloba","Cliffortia triloba","ROSACEAE","ROSACEAE","Cliffortia triloba","Harv.","Rosaceae",1,0,"Perennial",1,1,1,0,0,0,0,1,0,"Aug","Sep","","",30,0,0,0,1,0,0,0,0,0,0,0,0,0,0,0,0,"Leaf",0,0,1,1,1,0,NA,0,0,"leaf","",2,"h","w","p"
"Cliffortia tuberculata","Cliffortia tuberculata","ROSACEAE","ROSACEAE","Cliffortia tuberculata","(Harv.) Weim.","Rosaceae",1,0,"Perennial",1,1,1,0,0,0,0,1,0,"Oct","Nov","","",100,0,0,0,1,0,0,0,0,0,0,0,0,0,0,0,0,"Leaf",1,0,0,1,0,0,NA,0,0,"leaf","",2,"h","w","i"
"Clutia alaternoides","Clutia alaternoides","EUPHORBIACEAE","EUPHORBIACEAE","Clutia alaternoides","L.","Peraceae",1,0,"Perennial",0,1,1,0,0,0,0,1,0,"Aug","Oct","","",60,0,0,0,1,0,0,0,0,0,0,0,0,0,0,0,0,"Leaf",0,0,1,0,0,0,1.506363636,0,0,"leaf","",2,"m","i","p"
"Clutia daphnoides","Clutia daphnoides","EUPHORBIACEAE","EUPHORBIACEAE","Clutia daphnoides","Lam.","Peraceae",1,0,"Perennial",0,1,1,0,0,0,0,0,0,"Jun","Sep","","",200,0,0,0,0,0,1,0,0,0,0,0,0,0,0,0,0,"Leaf",0,1,0,0,0,0,NA,0,0,"leaf","",2,"h","i","p"
"Clutia ericoides","Clutia ericoides","EUPHORBIACEAE","EUPHORBIACEAE","Clutia ericoides","Thunb.","Peraceae",1,0,"Perennial",0,1,1,0,0,0,0,0,0,"May","Jul","","",60,0,0,0,1,0,0,0,0,0,0,0,0,0,0,0,0,"Leaf",0,1,0,0,0,0,1.044166667,0,0,"leaf","",2,"m","i","p"
"Clutia laxa","Clutia laxa","EUPHORBIACEAE","EUPHORBIACEAE","Clutia laxa","Eckl. ex Sond.","Peraceae",1,0,"Perennial",0,1,1,0,0,0,0,1,0,"Jul","Sep","","",100,0,0,0,1,0,0,0,0,0,0,0,0,0,0,0,0,"Leaf",0,0,1,0,0,0,1.012,0,0,"leaf","",2,"m","i","p"
"Clutia polifolia","Clutia polifolia","EUPHORBIACEAE","EUPHORBIACEAE","Clutia polifolia","Jacq.","Peraceae",1,0,"Perennial",0,1,1,0,0,0,0,0,0,"Jul","Sep","","",100,0,0,0,1,0,0,0,0,0,0,0,0,0,0,0,0,"Leaf",0,1,0,0,0,0,0.637272727,0,0,"leaf","",2,"h","i","p"
"Clutia polygonoides","Clutia polygonoides","EUPHORBIACEAE","EUPHORBIACEAE","Clutia polygonoides","L.","Peraceae",1,0,"Perennial",0,1,1,0,0,0,0,1,0,"Oct","Apr","","",60,0,0,0,1,0,0,0,0,0,0,0,0,0,0,0,0,"Leaf",0,0,1,0,0,0,NA,0,0,"leaf","",2,"h","i","p"
"Clutia pulchella","Clutia pulchella","EUPHORBIACEAE","EUPHORBIACEAE","Clutia pulchella","L.","Peraceae",1,0,"Perennial",0,1,1,0,0,0,0,1,0,"Aug","Sep","","",200,0,0,0,0,0,1,1,0,0,0,0,0,0,0,0,0,"Leaf",0,1,1,0,0,0,3.12,0,0,"leaf","",2,"h","i","p"
"Coleonema album","Coleonema album","RUTACEAE","RUTACEAE","Coleonema album","(Thunb.) Bartl. & H.L.Wendl.","Rutaceae",1,0,"Perennial",1,0,1,0,0,0,0,0,0,"Aug","Oct","","",200,0,0,0,0,0,1,0,0,0,0,0,0,0,0,0,0,"Leaf",0,1,0,0,0,0,0.832,0,0,"leaf","",2,"h","i","p"
"Coleonema aspalathoides","Coleonema aspalathoides","RUTACEAE","RUTACEAE","Coleonema aspalathoides","A.Juss.","Rutaceae",1,0,"Perennial",1,0,1,0,0,0,0,0,0,"Apr","Nov","","",150,0,0,0,0,1,0,0,0,0,0,0,0,0,0,0,0,"Leaf",0,1,0,0,0,0,0.803333333,0,0,"leaf","",2,"h","i","p"
"Coleonema juniperinum","Coleonema juniperinum","RUTACEAE","RUTACEAE","Coleonema juniperinum","Sond.","Rutaceae",1,0,"Perennial",1,0,1,0,0,0,0,0,0,"May","Nov","","",50,0,0,0,1,0,0,0,0,0,0,0,0,0,0,0,0,"Leaf",0,1,0,0,0,0,0.642,0,0,"leaf","",2,"h","i","p"
"Colpoon compressum","Osyris compressa","SANTALACEAE","SANTALACEAE","Osyris compressa","A.DC.","Santalaceae",1,0,"Perennial",1,0,1,0,0,0,0,0,0,"Dec","Jun","","",500,0,0,0,0,0,1,1,0,0,1,0,0,0,0,0,0,"Leaf",0,0,1,0,0,0,3.284615385,0,0,"leaf","",2,"h","i","m"
"Commelina africana","Commelina africana","COMMELINACEAE","COMMELINACEAE","Commelina africana","L.","Commelinaceae",1,0,"Perennial",1,0,1,0,0,0,0,0,0,"Nov","Jun","","",50,1,0,0,0,0,0,0,1,0,0,0,0,0,0,0,0,"Leaf",0,0,1,0,0,0,5.716666667,0,0,"leaf","",1,"l","i","u"
"Commelina benghalensis","Commelina benghalensis","COMMELINACEAE","COMMELINACEAE","Commelina benghalensis","L.","Commelinaceae",0,1,"Annual",1,0,0,1,0,0,0,0,0,"Nov","Apr","","",30,1,0,0,0,0,0,0,1,0,0,0,0,0,0,0,0,"Leaf",0,0,1,0,0,0,20.5,0,0,"leaf","",1,"l","i","u"
"Conophytum minusculum","Conophytum minusculum","AIZOACEAE","MESEMBRYANTHEMACEAE","Conophytum minusculum","(N.E.Br.) N.E.Br.","Aizoaceae",1,0,"Perennial",1,0,1,0,0,1,0,0,0,"Mar","Jun","","",1,1,0,0,0,0,0,0,0,0,0,0,0,1,1,1,0,"Leaf",0,0,1,0,0,0,0.634,1,0,"leaf","",2,"l","i","p"
"Conyza pinnatifida","Conyza pinnatifida","ASTERACEAE","ASTERACEAE","Conyza pinnatifida","(Thunb.) Less.","Asteraceae",1,0,"Perennial",1,0,1,0,0,0,0,0,0,"Jan","May","","",45,1,0,0,0,0,0,0,0,0,0,0,0,0,0,0,0,"Leaf",0,1,0,0,1,1,NA,0,0,"leaf","",2,"h","i","w"
"Corymbium africanum","Corymbium africanum","ASTERACEAE","ASTERACEAE","Corymbium africanum","L.","Asteraceae",1,0,"Perennial",1,0,1,0,0,0,0,1,0,"Oct","Nov","","",30,1,0,0,0,0,0,0,0,0,0,0,0,0,0,0,0,"Leaf",1,0,0,0,0,0,22.47222222,0,0,"leaf","",3,"l","i","w"
"Corymbium glabrum","Corymbium glabrum","ASTERACEAE","ASTERACEAE","Corymbium glabrum","L.","Asteraceae",1,0,"Perennial",1,0,1,0,0,0,0,1,0,"Nov","Jan","","",60,1,0,0,0,0,0,0,0,0,0,0,0,0,0,0,0,"Leaf",1,1,0,0,0,0,16.53125,0,0,"leaf","",3,"l","i","w"
"Cotula turbinata","Cotula turbinata","ASTERACEAE","ASTERACEAE","Cotula turbinata","L.","Asteraceae",0,1,"Annual",1,0,0,1,1,1,0,0,0,"Jul","Oct","","",30,1,0,0,0,0,0,0,0,0,0,0,0,0,0,0,0,"Leaf",1,0,0,0,1,1,NA,0,0,"leaf","",0,"l","i","w"
"Cotyledon orbiculata","Cotyledon orbiculata","CRASSULACEAE","CRASSULACEAE","Cotyledon orbiculata","L.","Crassulaceae",1,0,"Perennial",1,0,1,0,0,0,0,0,0,"Sep","Dec","","",100,0,0,0,1,0,0,0,0,0,0,0,0,1,1,1,0,"Leaf",0,0,1,0,0,0,15.13333333,0,0,"leaf","",3,"l","m","w"
"Cotyledon velutina","Cotyledon velutina","CRASSULACEAE","CRASSULACEAE","Cotyledon velutina","Hook.f.","Crassulaceae",1,0,"Perennial",1,0,1,0,0,0,0,0,0,"Oct","Dec","","",100,0,0,0,1,0,0,0,0,0,0,0,0,1,1,1,0,"Leaf",0,0,1,0,0,0,13.2,0,0,"leaf","",3,"l","m","w"
"Cotyledon woodii","Cotyledon woodii","CRASSULACEAE","CRASSULACEAE","Cotyledon woodii","Schönland & Baker f.","Crassulaceae",1,0,"Perennial",1,0,1,0,0,0,0,0,0,"Dec","Apr","","",100,0,0,0,1,0,0,0,0,0,0,0,0,1,1,1,0,"Leaf",0,0,1,0,0,0,3.985714286,0,0,"leaf","",3,"l","m","w"
"Crassula arborescens","Crassula arborescens","CRASSULACEAE","CRASSULACEAE","Crassula arborescens","Willd.","Crassulaceae",1,0,"Perennial",1,0,1,0,0,0,0,0,0,"Oct","Dec","","",200,0,0,0,0,0,1,0,0,0,0,0,0,1,1,1,0,"Leaf",0,0,1,0,0,0,NA,0,0,"leaf","",3,"l","i","p"
"Crassula atropurpurea","Crassula atropurpurea","CRASSULACEAE","CRASSULACEAE","Crassula atropurpurea","D.Dietr.","Crassulaceae",1,0,"Perennial",1,0,1,0,0,0,0,0,0,"Oct","Dec","","",60,0,0,0,1,0,0,0,0,0,0,0,0,1,1,1,0,"Leaf",0,1,1,0,0,0,2.53,0,0,"leaf","",2,"l","i","p"
"Crassula biplanata","Crassula biplanata","CRASSULACEAE","CRASSULACEAE","Crassula biplanata","Haw.","Crassulaceae",1,0,"Perennial",1,0,1,0,0,0,0,0,0,"Feb","Apr","","",30,1,0,0,0,0,0,0,0,0,0,0,0,1,1,1,0,"Leaf",0,1,0,0,0,0,0.73,0,0,"leaf","",2,"l","i","p"
"Crassula capensis","Crassula capensis","CRASSULACEAE","CRASSULACEAE","Crassula capensis","(L.) Baill.","Crassulaceae",1,0,"Perennial",1,0,1,0,0,0,0,0,0,"May","Nov","","",10,0,1,0,0,0,0,0,0,0,0,0,0,1,1,1,0,"Leaf",0,0,1,0,0,0,2.32,0,0,"leaf","",2,"l","i","p"
"Crassula capitella","Crassula capitella","CRASSULACEAE","CRASSULACEAE","Crassula capitella","Thunb.","Crassulaceae",1,0,"Perennial",1,0,1,0,0,0,0,0,0,"Nov","Mar","","",40,1,0,0,0,0,0,0,0,0,0,0,0,1,1,1,0,"Leaf",0,1,0,0,0,0,NA,0,0,"leaf","",2,"l","i","p"
"Crassula coccinea","Crassula coccinea","CRASSULACEAE","CRASSULACEAE","Crassula coccinea","L.","Crassulaceae",1,0,"Perennial",1,0,1,0,0,0,0,0,0,"Dec","Mar","","",40,0,0,0,1,0,0,0,0,0,0,0,0,1,1,1,0,"Leaf",0,0,1,0,0,0,2.571428571,0,0,"leaf","",2,"l","i","p"
"Crassula cotyledonis","Crassula cotyledonis","CRASSULACEAE","CRASSULACEAE","Crassula cotyledonis","Thunb.","Crassulaceae",1,0,"Perennial",1,0,1,0,0,0,0,0,0,"Nov","Jan","","",20,1,0,0,0,0,0,0,0,0,0,0,0,1,1,1,0,"Leaf",0,1,0,0,0,0,5.2,0,0,"leaf","",2,"l","i","p"
"Crassula cultrata","Crassula cultrata","CRASSULACEAE","CRASSULACEAE","Crassula cultrata","L.","Crassulaceae",1,0,"Perennial",1,0,1,0,0,0,0,0,0,"Dec","Jan","","",80,0,0,0,1,0,0,0,0,0,0,0,0,1,1,1,0,"Leaf",0,1,0,0,0,0,6.2,0,0,"leaf","",2,"l","i","p"
"Crassula cymosa","Crassula cymosa","CRASSULACEAE","CRASSULACEAE","Crassula cymosa","P.J.Bergius","Crassulaceae",1,0,"Perennial",1,0,1,0,0,0,0,0,0,"Oct","Jan","","",25,0,0,0,1,0,0,0,0,0,0,0,0,1,1,1,0,"Leaf",1,1,0,0,0,0,14.46,0,0,"leaf","",2,"l","i","p"
"Crassula decumbens","Crassula decumbens","CRASSULACEAE","CRASSULACEAE","Crassula decumbens","Thunb.","Crassulaceae",0,1,"Annual",1,0,1,0,0,0,0,0,0,"Sep","Nov","","",12,1,0,0,0,0,0,0,0,0,0,0,0,1,1,1,0,"Leaf",0,1,0,0,0,0,NA,0,0,"leaf","",2,"l","i","p"
"Crassula dejecta","Crassula dejecta","CRASSULACEAE","CRASSULACEAE","Crassula undulata","Haw.","Crassulaceae",1,0,"Perennial",1,0,1,0,0,0,0,0,0,"Nov","Feb","","",40,0,0,0,1,0,0,0,0,0,0,0,0,1,1,1,0,"Leaf",0,0,1,0,0,0,1.64,0,0,"leaf","",2,"l","i","p"
"Crassula dentata","Crassula dentata","CRASSULACEAE","CRASSULACEAE","Crassula dentata","Thunb.","Crassulaceae",1,0,"Perennial",1,0,1,0,0,0,0,0,0,"Sep","Nov","","",15,0,1,0,0,0,0,0,0,0,0,0,0,1,1,1,0,"Leaf",0,0,1,0,0,0,NA,0,0,"leaf","",2,"l","i","p"
"Crassula ericoides","Crassula ericoides","CRASSULACEAE","CRASSULACEAE","Crassula ericoides","Haw.","Crassulaceae",1,0,"Perennial",1,0,1,0,0,0,0,0,0,"Dec","Mar","","",40,1,0,0,0,0,0,0,0,0,0,0,0,1,1,1,0,"Leaf",0,1,1,0,0,0,0.496666667,0,0,"leaf","",2,"l","i","p"
"Crassula expansa","Crassula expansa","CRASSULACEAE","CRASSULACEAE","Crassula expansa","Aiton","Crassulaceae",1,0,"Perennial",1,0,1,0,0,0,0,0,0,"Jul","Dec","","",40,1,0,0,0,0,0,0,0,0,0,0,0,1,1,1,0,"Leaf",0,0,1,0,0,0,NA,0,0,"leaf","",1,"l","i","p"
"Crassula fascicularis","Crassula fascicularis","CRASSULACEAE","CRASSULACEAE","Crassula fascicularis","Lam.","Crassulaceae",1,0,"Perennial",1,0,1,0,0,0,0,0,0,"Sep","Nov","","",40,0,0,0,1,0,0,0,0,0,0,0,0,1,1,1,0,"Leaf",0,1,0,0,0,0,2.222222222,0,0,"leaf","",2,"l","i","p"
"Crassula flava","Crassula flava","CRASSULACEAE","CRASSULACEAE","Crassula flava","L.","Crassulaceae",1,0,"Perennial",1,0,1,0,0,0,0,0,0,"Dec","Feb","","",40,0,0,0,1,0,0,0,0,0,0,0,0,1,1,1,0,"Leaf",0,1,0,0,0,0,NA,0,0,"leaf","",2,"l","i","p"
"Crassula lactea","Crassula lactea","CRASSULACEAE","CRASSULACEAE","Crassula lactea","Aiton","Crassulaceae",1,0,"Perennial",1,0,1,0,0,0,0,0,0,"May","Jul","","",15,1,0,0,0,0,0,0,0,0,0,0,0,1,1,1,0,"Leaf",0,0,1,0,0,0,4.4,0,0,"leaf","",2,"l","i","p"
"Crassula lanceolata","Crassula lanceolata","CRASSULACEAE","CRASSULACEAE","Crassula schimperi var. illecebroides","(Welw. ex Hiern.) G.D.Rowley","Crassulaceae",1,0,"Perennial",1,0,1,0,0,0,0,0,0,"Dec","Jul","","",15,1,0,0,0,0,0,0,0,0,0,0,0,1,1,1,0,"Leaf",0,1,0,0,0,0,NA,0,0,"leaf","",2,"l","i","p"
"Crassula mollis","Crassula mollis","CRASSULACEAE","CRASSULACEAE","Crassula mollis","Thunb.","Crassulaceae",1,0,"Perennial",1,0,1,0,0,0,0,0,0,"Dec","Feb","","",50,0,0,0,1,0,0,0,0,0,0,0,0,1,1,1,0,"Leaf",1,0,0,0,0,0,2.456666667,0,0,"leaf","",2,"l","i","p"
"Crassula muscosa","Crassula muscosa","CRASSULACEAE","CRASSULACEAE","Crassula muscosa","L.","Crassulaceae",1,0,"Perennial",1,0,1,0,0,0,0,0,0,"Oct","Feb","","",50,1,0,0,0,0,0,0,0,0,0,0,0,1,1,1,0,"Leaf",0,0,1,0,0,0,0.242777778,0,0,"leaf","",3,"l","i","p"
"Crassula nudicaulis","Crassula nudicaulis","CRASSULACEAE","CRASSULACEAE","Crassula nudicaulis","L.","Crassulaceae",1,0,"Perennial",1,0,1,0,0,0,0,0,0,"Sep","Dec","","",20,1,0,0,0,0,0,0,0,0,0,0,0,1,1,1,0,"Leaf",0,0,1,0,0,0,9.1,0,0,"leaf","",2,"l","i","p"
"Crassula obtusa","Crassula obtusa","CRASSULACEAE","CRASSULACEAE","Crassula obtusa","Haw.","Crassulaceae",1,0,"Perennial",1,0,1,0,0,0,0,0,0,"Nov","Jan","","",15,0,0,0,1,0,0,0,0,0,0,0,0,1,1,1,0,"Leaf",0,1,1,0,0,0,NA,0,0,"leaf","",2,"l","i","p"
"Crassula orbicularis","Crassula orbicularis","CRASSULACEAE","CRASSULACEAE","Crassula orbicularis","L.","Crassulaceae",1,0,"Perennial",1,0,1,0,0,0,0,0,0,"Jun","Nov","","",25,1,0,0,0,0,0,0,0,0,0,0,0,1,1,1,0,"Leaf",0,0,1,0,0,0,6.933333333,0,0,"leaf","",2,"l","i","p"
"Crassula ovata","Crassula ovata","CRASSULACEAE","CRASSULACEAE","Crassula ovata","Druce","Crassulaceae",1,0,"Perennial",1,0,1,0,0,0,0,0,0,"Jun","Aug","","",200,0,0,0,0,0,1,0,0,0,0,0,0,1,1,1,0,"Leaf",0,0,1,0,0,0,3.785714286,0,0,"leaf","",3,"l","i","p"
"Crassula pellucida","Crassula pellucida","CRASSULACEAE","CRASSULACEAE","Crassula pellucida","L.","Crassulaceae",1,1,"Both",1,0,1,0,0,0,0,0,0,"Sep","Feb","","",5,1,0,0,0,0,0,0,0,0,0,0,0,1,1,1,0,"Leaf",0,0,1,0,0,0,1.8,0,0,"leaf","",1,"l","i","p"
"Crassula perfoliata","Crassula perfoliata","CRASSULACEAE","CRASSULACEAE","Crassula perfoliata","L.","Crassulaceae",1,0,"Perennial",1,0,1,0,0,0,0,0,0,"Oct","Jan","","",150,1,0,0,0,0,0,0,0,0,0,0,0,1,1,1,0,"Leaf",0,1,0,0,0,0,NA,0,0,"leaf","",3,"l","i","p"
"Crassula perforata","Crassula perforata","CRASSULACEAE","CRASSULACEAE","Crassula perforata","Thunb.","Crassulaceae",1,0,"Perennial",1,0,1,0,0,0,0,0,0,"Nov","Apr","","",60,0,0,0,1,0,0,0,0,0,0,0,0,1,1,1,0,"Leaf",0,1,1,0,0,0,1.433333333,0,0,"leaf","",3,"l","i","p"
"Crassula pubescens","Crassula pubescens","CRASSULACEAE","CRASSULACEAE","Crassula pubescens","Thunb.","Crassulaceae",1,0,"Perennial",1,0,1,0,0,0,0,0,0,"Sep","Nov","","",30,0,0,0,1,0,0,0,0,0,0,0,0,1,1,1,0,"Leaf",0,0,1,0,0,0,4.333333333,0,0,"leaf","",2,"l","i","p"
"Crassula rogersii","Crassula rogersii","CRASSULACEAE","CRASSULACEAE","Crassula rogersii","Schönland","Crassulaceae",1,0,"Perennial",1,0,1,0,0,0,0,0,0,"Dec","Mar","","",30,0,0,0,1,0,0,0,0,0,0,0,0,1,1,1,0,"Leaf",0,1,0,0,0,0,5.2,0,0,"leaf","",3,"l","i","p"
"Crassula rupestris","Crassula rupestris","CRASSULACEAE","CRASSULACEAE","Crassula rupestris","Thunb.","Crassulaceae",1,0,"Perennial",1,0,1,0,0,0,0,0,0,"Jun","Oct","","",50,0,0,0,1,0,0,0,0,0,0,0,0,1,1,1,0,"Leaf",0,1,1,0,0,0,1.632857143,0,0,"leaf","",3,"l","i","p"
"Crassula saxifraga","Crassula saxifraga","CRASSULACEAE","CRASSULACEAE","Crassula saxifraga","Harv.","Crassulaceae",1,0,"Perennial",1,0,1,0,0,0,0,0,0,"Apr","Jun","","",25,0,1,0,0,0,0,0,0,0,0,0,0,1,1,1,0,"Leaf",0,0,1,0,0,0,NA,0,0,"leaf","",2,"l","i","p"
"Crassula sebaeoides","Crassula sebaeoides","CRASSULACEAE","CRASSULACEAE","Crassula sebaeoides","(Eckl. & Zeyh.) Toelken","Crassulaceae",0,1,"Annual",1,0,1,0,0,0,0,0,0,"Sep","Nov","","",8,1,0,0,0,0,0,0,0,0,0,0,0,1,1,1,0,"Leaf",0,0,1,0,0,0,NA,0,0,"leaf","",0,"l","i","p"
"Crassula subulata","Crassula subulata","CRASSULACEAE","CRASSULACEAE","Crassula subulata","L.","Crassulaceae",1,0,"Perennial",1,0,1,0,0,0,0,0,0,"Oct","Dec","","",100,0,0,0,1,0,0,0,0,0,0,0,0,1,1,1,0,"Leaf",0,1,0,0,0,0,NA,0,0,"leaf","",2,"l","i","p"
"Crassula tecta","Crassula tecta","CRASSULACEAE","CRASSULACEAE","Crassula tecta","Thunb.","Crassulaceae",1,0,"Perennial",1,0,1,0,0,0,0,0,0,"Apr","Jun","","",10,1,0,0,0,0,0,0,0,0,0,0,0,1,1,1,0,"Leaf",0,1,0,0,0,0,NA,0,0,"leaf","",3,"l","i","p"
"Crassula tetragona","Crassula tetragona","CRASSULACEAE","CRASSULACEAE","Crassula tetragona","L.","Crassulaceae",1,0,"Perennial",1,0,1,0,0,0,0,0,0,"Dec","Mar","","",100,1,0,0,0,0,0,0,0,0,0,0,0,1,1,1,0,"Leaf",0,1,0,0,0,0,1.566666667,0,0,"leaf","",2,"l","i","p"
"Crotalaria capensis","Crotalaria capensis","FABACEAE","FABACEAE","Crotalaria capensis","Jacq.","Fabaceae",1,0,"Perennial",1,0,1,0,0,0,0,0,0,"May","Dec","","",300,0,0,0,0,0,1,0,0,0,0,0,0,0,0,0,0,"Leaf",0,0,1,1,0,0,NA,0,0,"leaf","",2,"m","i","p"
"Crotalaria lebeckioides","Crotalaria lebeckioides","FABACEAE","FABACEAE","Crotalaria lebeckioides","Bond","Fabaceae",1,0,"Perennial",1,0,1,0,0,0,0,0,0,"Jul","Dec","","",100,0,0,0,1,0,0,0,0,0,0,0,0,0,0,0,0,"Leaf",1,0,0,1,0,0,NA,0,0,"leaf","",2,"m","i","p"
"Cullumia aculeata","Cullumia aculeata","ASTERACEAE","ASTERACEAE","Cullumia aculeata","(Houtt.) Roessler","Asteraceae",1,0,"Perennial",1,0,1,0,0,0,0,1,0,"Sep","Mar","","",100,0,0,0,1,0,0,0,1,0,0,0,0,0,0,0,0,"Leaf",0,1,0,0,0,0,2.85,0,0,"leaf","",1,"h","i","i"
"Cullumia bisulca","Cullumia bisulca","ASTERACEAE","ASTERACEAE","Cullumia bisulca","Less.","Asteraceae",1,0,"Perennial",1,0,1,0,0,0,0,0,0,"Aug","Nov","","",100,0,0,0,1,0,0,0,0,0,0,0,0,0,0,0,0,"Leaf",0,1,0,0,0,0,NA,0,0,"leaf","",1,"h","i","i"
"Cullumia decurrens","Cullumia decurrens","ASTERACEAE","ASTERACEAE","Cullumia decurrens","Less.","Asteraceae",1,0,"Perennial",1,0,1,0,0,0,0,0,0,"Aug","Jan","","",90,0,0,0,1,0,0,0,0,0,0,0,0,0,0,0,0,"Leaf",0,1,0,0,0,0,NA,0,0,"leaf","",2,"h","i","i"
"Cullumia squarrosa","Cullumia squarrosa","ASTERACEAE","ASTERACEAE","Cullumia squarrosa","R.Br.","Asteraceae",1,0,"Perennial",1,0,1,0,0,0,0,0,0,"Sep","Nov","","",50,0,0,0,1,0,0,0,0,0,0,0,0,0,0,0,0,"Leaf",0,1,0,0,0,0,1.666666667,0,0,"leaf","",3,"h","i","i"
"Cunonia capensis","Cunonia capensis","CUNONIACEAE","CUNONIACEAE","Cunonia capensis","L.","Cunoniaceae",1,0,"Perennial",1,0,1,0,0,0,0,1,0,"Mar","Jun","","",3000,0,0,0,0,0,0,1,0,0,0,0,0,0,0,0,0,"Leaf",0,0,1,1,0,0,9.99,0,0,"leaf","",3,"l","i","m"
"Curtisia dentata","Curtisia dentata","CORNACEAE","CORNACEAE","Curtisia dentata","(Burm.f.) C.A.Sm.","Curtisiaceae",1,0,"Perennial",1,0,1,0,0,0,0,1,0,"Jan","Feb","","",1300,0,0,0,0,0,0,1,0,0,0,0,0,0,0,0,0,"Leaf",0,0,1,0,0,0,11.64,0,0,"leaf","",3,"l","i","m"
"Cuscuta africana","Cuscuta africana","CONVOLVULACEAE","CONVOLVULACEAE","Cuscuta africana","Krauss ex Engelm.","Convolvulaceae",1,1,"Both",1,0,1,0,0,0,0,0,0,"Oct","Dec","","",100,1,0,0,0,0,0,0,1,1,0,1,0,0,0,0,0,"Leaf",0,0,0,0,0,0,NA,1,1,"leaf","",2,"l","u","u"
"Cussonia spicata","Cussonia spicata","ARALIACEAE","ARALIACEAE","Cussonia spicata","Thunb.","Araliaceae",1,0,"Perennial",1,0,1,0,0,0,0,0,0,"Nov","May","","",1000,0,0,0,0,0,0,1,0,0,0,0,0,1,0,1,0,"Leaf",0,0,1,1,1,1,16.27142857,0,0,"leaf","",3,"l","i","m"
"Cussonia thyrsiflora","Cussonia thyrsiflora","ARALIACEAE","ARALIACEAE","Cussonia thyrsiflora","Thunb.","Araliaceae",1,0,"Perennial",1,0,1,0,0,0,0,1,0,"Nov","Jan","","",500,0,0,0,0,1,1,1,0,0,0,0,0,1,0,0,0,"Leaf",0,0,1,1,0,0,7.825,0,0,"leaf","",3,"l","i","m"
"Cyanella lutea","Cyanella lutea","TECOPHILAEACEAE","TECOPHILAEACEAE","Cyanella lutea","L.f.","Tecophilaeaceae",1,0,"Perennial",1,0,1,0,0,1,0,1,0,"Sep","Oct","","",25,0,1,0,0,0,0,0,0,0,0,0,0,0,0,0,0,"Leaf",0,1,0,0,0,0,9.866666667,0,0,"leaf","",2,"l","i","w"
"Cyanotis speciosa","Cyanotis speciosa","COMMELINACEAE","COMMELINACEAE","Cyanotis speciosa","(L.f.) Hassk.","Commelinaceae",1,0,"Perennial",1,0,1,0,0,0,0,0,0,"Nov","May","","",50,1,0,0,0,0,0,0,0,0,0,0,0,0,0,0,0,"Leaf",0,1,0,0,0,0,NA,0,0,"leaf","",2,"l","i","u"
"Cyathocoma ecklonii","Cyathocoma ecklonii","CYPERACEAE","CYPERACEAE","Cyathocoma ecklonii","Nees","Cyperaceae",1,0,"Perennial",1,0,1,0,0,0,0,1,0,"Nov","Apr","","",125,0,0,1,0,0,0,0,0,0,0,0,0,0,0,0,0,"Leaf",0,1,0,0,0,0,62.36,0,0,"mixed","",3,"l","w","p"
"Cyclopia bowieana","Cyclopia bowieana","FABACEAE","FABACEAE","Cyclopia bowieana","Harv.","Fabaceae",1,0,"Perennial",1,0,1,0,0,1,0,1,0,"Oct","Dec","","",180,0,0,0,0,1,0,0,0,0,0,0,0,0,0,0,0,"Leaf",0,1,0,1,0,0,NA,0,0,"leaf","",3,"h","i","p"
"Cyclopia intermedia","Cyclopia intermedia","FABACEAE","FABACEAE","Cyclopia intermedia","E.Mey.","Fabaceae",1,0,"Perennial",1,0,1,0,0,1,0,1,0,"Sep","Nov","","",200,0,0,0,0,0,1,0,0,0,0,0,0,0,0,0,0,"Leaf",0,1,0,1,0,0,1.938571429,0,0,"leaf","",3,"h","i","p"
"Cyclopia sessiliflora","Cyclopia sessiliflora","FABACEAE","FABACEAE","Cyclopia sessiliflora","Eckl. & Zeyh.","Fabaceae",1,0,"Perennial",1,0,1,0,0,1,0,1,0,"Apr","Sep","","",100,0,0,0,1,0,0,0,0,0,0,0,0,0,0,0,0,"Leaf",0,0,1,1,0,0,NA,0,0,"leaf","",3,"h","i","p"
"Cyclopia subternata","Cyclopia subternata","FABACEAE","FABACEAE","Cyclopia subternata","Vogel","Fabaceae",1,0,"Perennial",1,0,1,0,0,1,0,1,0,"Sep","Sep","","",350,0,0,0,0,0,1,0,0,0,0,0,0,0,0,0,0,"Leaf",0,0,1,1,0,0,NA,0,0,"leaf","",3,"h","i","p"
"Cymbopogon marginatus","Cymbopogon marginatus","POACEAE","POACEAE","Cymbopogon marginatus","(Steud.) Stapf ex Burtt Davy","Poaceae",1,0,"Perennial",1,0,1,0,0,0,0,0,0,"Oct","May","","",80,0,0,1,0,0,0,0,0,0,0,0,0,0,0,0,0,"Leaf",1,0,0,0,0,0,32.26296296,0,0,"leaf","",2,"h","w","w"
"Cynanchum africanum","Cynanchum africanum","APOCYNACEAE","APOCYNACEAE","Cynanchum africanum","(L.) Hoffmanns.","Apocynaceae",1,0,"Perennial",1,0,1,0,0,0,0,0,0,"Jun","Dec","","",60,0,0,0,0,0,0,0,0,1,0,0,1,0,0,0,0,"Leaf",0,0,1,0,0,0,NA,0,1,"mixed","",2,"l","i","w"
"Cynanchum obtusifolium","Cynanchum obtusifolium","APOCYNACEAE","APOCYNACEAE","Cynanchum obtusifolium","L.f.","Apocynaceae",1,0,"Perennial",1,0,1,0,0,0,0,1,0,"Jan","Dec","","",300,0,0,0,0,0,0,0,0,1,0,0,1,0,0,0,0,"Leaf",0,0,1,0,0,0,NA,0,1,"mixed","",2,"l","i","w"
"Cynodon dactylon","Cynodon dactylon","POACEAE","POACEAE","Cynodon dactylon","(L.) Pers.","Poaceae",1,0,"Perennial",1,0,1,0,0,0,0,1,0,"Sep","May","","",40,0,0,1,0,0,0,0,0,0,0,0,0,0,0,0,0,"Leaf",1,0,0,1,0,0,7.954545455,0,1,"leaf","",2,"l","i","w"
"Cyperus thunbergii","Mariscus thunbergii","CYPERACEAE","CYPERACEAE","Cyperus thunbergii","Vahl","Cyperaceae",1,0,"Perennial",1,0,1,0,0,0,0,1,0,"Jun","Dec","","",150,0,0,1,0,0,0,0,0,0,0,0,0,0,0,0,0,"Leaf",0,1,0,0,0,0,NA,0,0,"leaf","",3,"h","w","p"
"Cyperus uitenhagensis","Mariscus uitenhagensis","CYPERACEAE","CYPERACEAE","Cyperus uitenhagensis","(Steud.) C.Archer & Goetgh.","Cyperaceae",1,0,"Perennial",1,0,1,0,0,0,0,1,0,"Oct","Mar","","",25,0,0,1,0,0,0,0,0,0,0,0,0,0,0,0,0,"Leaf",1,0,0,0,0,0,NA,0,0,"leaf","",2,"l","w","p"
"Cyphia angustiloba","Cyphia volubilis","CAMPANULACEAE","LOBELIACEAE","Cyphia volubilis","Willd.","Campanulaceae",1,0,"Perennial",1,0,1,0,0,1,0,1,0,"Aug","Oct","","",50,1,1,0,0,0,0,0,0,1,0,0,0,0,0,0,0,"Leaf",0,1,0,1,1,0,NA,0,1,"mixed","",2,"l","i","p"
"Cyphia digitata","Cyphia digitata","CAMPANULACEAE","LOBELIACEAE","Cyphia digitata","Willd.","Campanulaceae",1,0,"Perennial",1,0,1,0,1,1,0,1,0,"Jul","Oct","","",50,1,1,0,0,0,0,0,0,0,0,0,0,0,0,0,0,"Leaf",0,1,0,0,1,0,4.166666667,0,1,"mixed","",2,"l","i","p"
"Cyphia linarioides","Cyphia bulbosa","CAMPANULACEAE","LOBELIACEAE","Cyphia linarioides","C.Presl","Campanulaceae",1,0,"Perennial",1,0,1,0,1,1,1,1,0,"Aug","Nov","","",30,1,1,0,0,0,0,0,0,0,0,0,0,0,0,0,0,"Leaf",1,0,0,0,0,0,2.566666667,0,1,"mixed","",2,"l","i","p"
"Cyphia undulata","Cyphia undulata","CAMPANULACEAE","LOBELIACEAE","Cyphia undulata","Eckl. ex C.Presl","Campanulaceae",1,0,"Perennial",1,0,1,0,1,1,0,1,0,"Apr","Oct","","",50,1,1,0,0,0,0,0,0,1,0,0,0,0,0,0,0,"Leaf",0,1,0,0,0,0,NA,0,1,"mixed","",2,"l","i","p"
"Cyphia zeyheriana","Cyphia zeyheriana","CAMPANULACEAE","LOBELIACEAE","Cyphia zeyheriana","C.Presl","Campanulaceae",1,0,"Perennial",1,0,1,0,1,1,0,1,0,"Aug","Oct","","",50,1,1,0,0,0,0,0,0,1,0,0,0,0,0,0,0,"Leaf",0,1,0,1,1,0,NA,0,1,"mixed","",2,"l","i","p"
"Cysticapnos cracca","Cysticapnos cracca","FUMARIACEAE","FUMARIACEAE","Cysticapnos cracca","(Cham. & Schltdl.) Lidén","Papaveraceae",0,1,"Annual",1,0,0,1,1,1,0,0,0,"Sep","Nov","","",100,1,0,0,0,0,0,0,1,0,0,0,0,0,0,0,0,"Leaf",0,1,0,1,0,0,NA,0,0,"leaf","",2,"l","i","m"
"Dasispermum hispidum","Sonderina hispida","APIACEAE","APIACEAE","Dasispermum hispidum","(Thunb.) Magee & B.-E.van Wyk","Apiaceae",0,1,"Annual",1,0,0,1,1,1,0,0,0,"Sep","Jan","","",45,1,0,0,0,0,0,0,0,0,0,0,0,0,0,0,0,"Leaf",1,0,0,1,0,1,NA,0,0,"leaf","",1,"l","i","p"
"Delosperma ecklonis","Delosperma ecklonis","AIZOACEAE","MESEMBRYANTHEMACEAE","Delosperma ecklonis","(Salm-Dyck) Schwantes","Aizoaceae",1,0,"Perennial",1,0,1,0,0,1,0,0,0,"Jul","Oct","","",20,0,0,0,1,0,0,0,0,0,0,0,0,1,1,1,0,"Leaf",1,0,0,0,0,0,25,0,0,"leaf","",2,"l","i","p"
"Delosperma multiflorum","Delosperma multiflorum","AIZOACEAE","MESEMBRYANTHEMACEAE","Delosperma multiflorum","L.Bolus","Aizoaceae",1,0,"Perennial",1,0,1,0,0,1,0,0,0,"Mar","Jul","","",20,0,0,0,1,0,0,0,0,0,0,0,0,1,1,1,0,"Leaf",1,0,0,0,0,0,NA,0,0,"leaf","",2,"l","i","p"
"Diascia patens","Diascia patens","SCROPHULARIACEAE","SCROPHULARIACEAE","Diascia patens","(Thunb.) Grant ex Fourc.","Scrophulariaceae",1,0,"Perennial",1,0,1,0,0,1,0,0,0,"Jul","Sep","","",100,1,0,0,0,0,0,0,0,0,0,0,0,0,0,0,0,"Leaf",1,0,1,0,0,0,NA,0,0,"leaf","",2,"l","i","p"
"Diastella divaricata","Diastella divaricata","PROTEACEAE","PROTEACEAE","Diastella divaricata","(P.J.Bergius) Rourke","Proteaceae",1,0,"Perennial",1,0,1,0,0,1,0,0,0,"Jan","Dec","","",50,0,0,0,1,0,0,0,1,0,0,0,0,0,0,0,0,"Leaf",0,0,1,0,0,0,0.741666667,0,0,"leaf","",2,"h","i","i"
"Diastella thymelaeoides","Diastella thymelaeoides","PROTEACEAE","PROTEACEAE","Diastella thymelaeoides","(P.J.Bergius) Rourke","Proteaceae",1,0,"Perennial",1,0,1,0,0,0,0,0,0,"Aug","Nov","","",150,0,0,0,0,1,0,0,0,0,0,0,0,0,0,0,0,"Leaf",0,0,1,0,0,0,1.716,0,0,"leaf","",2,"h","i","i"
"Didymodoxa capensis","Didymodoxa capensis","URTICACEAE","URTICACEAE","Didymodoxa capensis","(L.f.) Friis & Wilmot-Dear","Urticaceae",0,1,"Annual",1,0,0,1,1,1,0,0,0,"Aug","Nov","","",30,1,0,0,0,0,0,0,0,0,0,0,0,0,0,0,0,"Leaf",0,0,1,0,0,0,NA,0,0,"leaf","",0,"l","i","u"
"Digitaria eriantha","Digitaria eriantha","POACEAE","POACEAE","Digitaria eriantha","Steud.","Poaceae",1,0,"Perennial",1,0,1,0,0,1,0,1,0,"Jan","Apr","","",100,0,0,1,0,0,0,0,0,0,0,0,0,0,0,0,0,"Leaf",1,1,0,1,0,0,20.67777778,0,0,"leaf","",1,"h","w","w"
"Dilatris corymbosa","Dilatris corymbosa","HAEMODORACEAE","HAEMODORACEAE","Dilatris corymbosa","P.J.Bergius","Haemodoraceae",1,0,"Perennial",1,0,1,0,0,0,0,1,0,"Aug","Jan","","",60,0,1,0,0,0,0,0,0,0,0,0,0,0,0,0,0,"Leaf",0,1,0,0,0,0,31.56666667,0,0,"leaf","",3,"m","i","w"
"Dilatris ixioides","Dilatris ixioides","HAEMODORACEAE","HAEMODORACEAE","Dilatris ixioides","Lam.","Haemodoraceae",1,0,"Perennial",1,0,1,0,0,1,0,1,0,"Sep","Feb","","",40,0,1,0,0,0,0,0,0,0,0,0,0,0,0,0,0,"Leaf",1,0,0,0,0,0,NA,0,0,"leaf","",3,"m","i","w"
"Dilatris pillansii","Dilatris pillansii","HAEMODORACEAE","HAEMODORACEAE","Dilatris pillansii","W.F.Barker","Haemodoraceae",1,0,"Perennial",1,0,1,0,0,0,0,1,0,"Aug","Jan","","",45,0,1,0,0,0,0,0,0,0,0,0,0,0,0,0,0,"Leaf",1,0,0,0,0,0,21.07857143,0,0,"leaf","",3,"m","i","w"
"Dimorphotheca acutifolia","Dimorphotheca acutifolia","ASTERACEAE","ASTERACEAE","Dimorphotheca acutifolia","Hutch.","Asteraceae",1,0,"Perennial",1,0,1,0,0,0,0,0,0,"Aug","Nov","","",50,0,0,0,1,0,0,0,0,0,0,0,0,0,0,0,0,"Leaf",0,1,0,0,0,0,3.094,0,0,"leaf","",2,"m","i","w"
"Dimorphotheca nudicaulis","Dimorphotheca nudicaulis","ASTERACEAE","ASTERACEAE","Dimorphotheca nudicaulis","DC.","Asteraceae",1,0,"Perennial",1,0,1,0,0,0,0,0,0,"Aug","Oct","","",30,0,0,0,1,0,0,0,0,0,0,0,0,0,0,0,0,"Leaf",0,1,0,0,0,0,6.82,0,0,"leaf","",2,"m","i","w"
"Dioscorea elephantipes","Dioscorea elephantipes","DIOSCOREACEAE","DIOSCOREACEAE","Dioscorea elephantipes","(L'Hér.) Engl.","Dioscoreaceae",1,0,"Perennial",1,0,0,1,0,0,0,1,0,"Nov","Feb","","",90,1,0,0,0,0,0,0,0,0,0,0,0,1,0,0,1,"Leaf",0,0,1,0,0,0,NA,0,0,"leaf","",3,"l","i","w"
"Diosma acmaeophylla","Diosma acmaeophylla","RUTACEAE","RUTACEAE","Diosma acmaephylla","Eckl. & Zeyh.","Rutaceae",1,0,"Perennial",1,0,1,0,0,0,0,1,0,"Aug","Oct","","",250,0,0,0,0,0,1,0,0,0,0,0,0,0,0,0,0,"Leaf",1,0,0,0,0,0,15.929,0,0,"leaf","",2,"h","i","p"
"Diosma hirsuta","Diosma hirsuta","RUTACEAE","RUTACEAE","Diosma hirsuta","L.","Rutaceae",1,0,"Perennial",1,0,1,0,0,0,0,1,0,"Sep","Nov","","",50,0,0,0,1,0,0,0,0,0,0,0,0,0,0,0,0,"Leaf",1,0,0,0,0,0,0.914444444,0,0,"leaf","",2,"h","i","p"
"Diosma meyeriana","Diosma meyeriana","RUTACEAE","RUTACEAE","Diosma meyeriana","Spreng.","Rutaceae",1,0,"Perennial",1,0,1,0,0,0,0,1,0,"Jul","Dec","","",100,0,0,0,1,0,0,0,0,0,0,0,0,0,0,0,0,"Leaf",0,1,0,0,0,0,NA,0,0,"leaf","",2,"h","i","p"
"Diosma oppositifolia","Diosma oppositifolia","RUTACEAE","RUTACEAE","Diosma oppositifolia","L.","Rutaceae",1,0,"Perennial",1,0,1,0,0,0,0,1,0,"Sep","Jan","","",100,0,0,0,1,0,0,0,0,0,0,0,0,0,0,0,0,"Leaf",0,1,0,0,0,0,0.508181818,0,0,"leaf","",3,"h","i","p"
"Diosma prama","Diosma prama","RUTACEAE","RUTACEAE","Diosma prama","I.Williams","Rutaceae",1,0,"Perennial",1,0,1,0,0,0,0,0,0,"Sep","Dec","","",40,0,0,0,1,0,0,0,0,0,0,0,0,0,0,0,0,"Leaf",1,0,0,0,0,0,0.283333333,0,0,"leaf","",2,"h","i","p"
"Diosma rourkei","Diosma rourkei","RUTACEAE","RUTACEAE","Diosma rourkei","I.Williams","Rutaceae",1,0,"Perennial",1,0,1,0,0,0,0,0,0,"Jun","Aug","","",300,0,0,0,1,0,0,0,0,0,0,0,0,0,0,0,0,"Leaf",0,1,0,0,0,0,NA,0,0,"leaf","",2,"h","i","p"
"Diosma tenella","Diosma tenella","RUTACEAE","RUTACEAE","Diosma tenella","I.Williams","Rutaceae",1,0,"Perennial",1,0,1,0,0,0,0,1,0,"Jun","Dec","","",50,0,0,0,1,0,0,0,0,0,0,0,0,0,0,0,0,"Leaf",0,1,0,0,0,0,NA,0,0,"leaf","",2,"h","i","p"
"Diospyros austro-africana","Diospyros austro-africana","EBENACEAE","EBENACEAE","Diospyros pubescens","Pers.","Ebenaceae",1,0,"Perennial",0,1,1,0,0,0,0,1,0,"Aug","Oct","","",300,0,0,0,0,0,1,0,0,0,0,0,0,0,0,0,0,"Leaf",0,1,0,0,0,0,1.82,0,0,"leaf","",3,"h","i","m"
"Diospyros dichrophylla","Diospyros dichrophylla","EBENACEAE","EBENACEAE","Diospyros dichrophylla","(Gand.) De Winter","Ebenaceae",1,0,"Perennial",0,1,1,0,0,0,0,0,0,"Nov","Mar","","",1300,0,0,0,0,0,1,1,0,0,0,0,0,0,0,0,0,"Leaf",0,1,0,0,0,0,2.916666667,0,0,"leaf","",3,"h","i","m"
"Diospyros glabra","Diospyros glabra","EBENACEAE","EBENACEAE","Diospyros glabra","(L.) De Winter","Ebenaceae",1,0,"Perennial",0,1,1,0,0,0,0,1,0,"Oct","Dec","","",200,0,0,0,0,0,1,0,0,0,0,0,0,0,0,0,0,"Leaf",0,0,1,0,0,0,1.905555556,0,0,"leaf","",3,"h","i","m"
"Diospyros scabrida","Diospyros scabrida","EBENACEAE","EBENACEAE","Diospyros scabrida","(Harv. ex Hiern) De Winter","Ebenaceae",1,0,"Perennial",0,1,1,0,0,0,0,0,0,"Nov","Apr","","",300,0,0,0,0,0,0,1,0,0,0,0,0,0,0,0,0,"Leaf",0,0,1,0,0,0,2.918333333,0,0,"leaf","",3,"h","i","m"
"Diospyros whyteana","Diospyros whyteana","EBENACEAE","EBENACEAE","Diospyros whyteana","(Hiern) F.White","Ebenaceae",1,0,"Perennial",0,1,1,0,0,0,0,0,0,"Aug","Nov","","",600,0,0,0,0,0,1,1,0,0,0,0,0,0,0,0,0,"Leaf",0,0,1,0,0,0,4.8,0,0,"leaf","",3,"h","i","m"
"Disa obliqua","Schizodium obliquum","ORCHIDACEAE","ORCHIDACEAE","Disa obliqua","(Lindl.) Bolus","Orchidaceae",1,0,"Perennial",1,0,0,1,1,1,0,1,0,"Aug","Sep","","",30,0,1,0,0,0,0,0,0,0,0,0,0,0,0,0,0,"Leaf",0,0,1,0,0,0,NA,0,0,"leaf","",2,"l","i","p"
"Dischisma ciliatum","Dischisma ciliatum","SCROPHULARIACEAE","SCROPHULARIACEAE","Dischisma ciliatum","(P.J.Bergius) Choisy","Scrophulariaceae",1,0,"Perennial",1,0,1,0,1,1,0,0,0,"Aug","Nov","","",40,0,0,0,1,0,0,0,0,0,0,0,0,0,0,0,0,"Leaf",1,0,0,0,0,0,NA,0,0,"leaf","",1,"l","i","p"
"Disparago anomala","Disparago anomala","ASTERACEAE","ASTERACEAE","Disparago anomala","Schltr. ex Bolus & Wolley-Dod","Asteraceae",1,0,"Perennial",1,0,1,0,0,0,0,0,0,"Dec","Apr","","",80,0,0,0,1,0,0,0,0,0,0,0,0,0,0,0,0,"Leaf",1,0,0,0,0,0,NA,0,0,"leaf","",2,"h","i","w"
"Disparago tortilis","Disparago ericoides","ASTERACEAE","ASTERACEAE","Disparago tortilis","(DC.) Sch.Bip.","Asteraceae",1,0,"Perennial",1,0,1,0,0,0,0,0,0,"Nov","Mar","","",30,0,0,0,1,0,0,0,0,0,0,0,0,0,0,0,0,"Leaf",1,0,0,0,0,0,0.447692308,0,0,"leaf","",2,"h","i","w"
"Disperis capensis","Disperis capensis","ORCHIDACEAE","ORCHIDACEAE","Disperis capensis","(L.) Sw.","Orchidaceae",1,0,"Perennial",1,0,0,1,1,1,0,1,0,"Jul","Sep","","",50,0,1,0,0,0,0,0,0,0,0,0,0,0,0,0,0,"Leaf",0,1,0,0,0,0,NA,0,0,"leaf","",2,"l","i","p"
"Disperis paludosa","Disperis paludosa","ORCHIDACEAE","ORCHIDACEAE","Disperis paludosa","Harv. ex Lindl.","Orchidaceae",1,0,"Perennial",1,0,0,1,1,1,1,1,0,"Nov","Jan","","",50,0,1,0,0,0,0,0,0,0,0,0,0,0,0,0,0,"Leaf",0,1,0,0,0,0,NA,0,0,"leaf","",2,"l","i","p"
"Dodonaea viscosa","Dodonaea angustifolia","SAPINDACEAE","SAPINDACEAE","Dodonaea viscosa","Jacq.","Sapindaceae",1,0,"Perennial",1,0,1,0,0,0,0,1,0,"Jul","Oct","","",500,0,0,0,0,0,0,1,0,0,0,0,0,0,0,0,0,"Leaf",0,1,0,0,0,0,6.247619048,0,0,"leaf","",3,"h","w","w"
"Dolichothrix ericoides","Dolichothrix ericoides","ASTERACEAE","ASTERACEAE","Dolichothrix ericoides","(Lam.) Hilliard & B.L.Burtt","Asteraceae",1,0,"Perennial",1,0,1,0,0,0,0,1,0,"Nov","Feb","","",70,0,0,0,1,0,0,0,0,0,0,0,0,0,0,0,0,"Leaf",1,0,0,0,0,0,NA,0,0,"leaf","",3,"m","i","w"
"Drimia capensis","Drimia capensis","HYACINTHACEAE","HYACINTHACEAE","Drimia capensis","(Burm.f.) Wijnands","Asparagaceae",1,0,"Perennial",1,0,0,1,1,1,0,1,0,"Dec","Mar","","",200,0,1,0,0,0,0,0,0,0,0,0,0,0,0,0,0,"Leaf",0,1,1,0,0,0,NA,0,0,"leaf","",3,"l","i","w"
"Drimia intricata","Drimia intricata","HYACINTHACEAE","HYACINTHACEAE","Drimia intricata","(Baker) J.C.Manning & Goldblatt","Asparagaceae",1,0,"Perennial",1,0,0,1,1,1,0,1,0,"Jan","Mar","","",50,0,1,0,0,0,0,0,0,0,0,0,0,0,0,0,0,"Leaf",1,0,0,0,0,0,NA,0,0,"leaf","",2,"l","i","w"
"Drosanthemum candens","Drosanthemum candens","AIZOACEAE","MESEMBRYANTHEMACEAE","Drosanthemum candens","(Haw.) Schwantes","Aizoaceae",1,0,"Perennial",1,0,1,0,0,1,0,0,0,"Oct","Jan","","",20,0,0,0,1,0,0,0,1,0,0,0,0,1,1,1,0,"Leaf",0,1,0,0,0,0,1.02,0,1,"mixed","",2,"l","i","p"
"Drosanthemum delicatulum","Drosanthemum delicatulum","AIZOACEAE","MESEMBRYANTHEMACEAE","Drosanthemum delicatulum","(L.Bolus) Schwantes","Aizoaceae",1,0,"Perennial",1,0,1,0,0,1,0,0,0,"Oct","Nov","","",10,0,0,0,1,0,0,0,0,0,0,0,0,1,1,1,0,"Leaf",0,0,1,0,0,0,NA,0,1,"leaf","",2,"l","i","p"
"Drosanthemum lique","Drosanthemum lique","AIZOACEAE","MESEMBRYANTHEMACEAE","Drosanthemum lique","(N.E.Br.) Schwantes","Aizoaceae",1,0,"Perennial",1,0,1,0,0,1,0,0,0,"Oct","Feb","","",45,0,0,0,1,0,0,0,0,0,0,0,0,1,1,1,0,"Leaf",0,1,0,0,0,0,NA,0,0,"leaf","",3,"l","i","p"
"Drosera aliciae","Drosera aliciae","DROSERACEAE","DROSERACEAE","Drosera aliciae","Raym.-Hamet","Droseraceae",1,0,"Perennial",1,0,1,0,0,0,0,1,0,"Nov","Jan","","",40,1,0,0,0,0,0,0,0,0,0,0,1,1,1,0,0,"Leaf",0,0,1,0,0,0,1.6375,0,0,"leaf","",1,"l","i","p"
"Drosera glabripes","Drosera glabripes","DROSERACEAE","DROSERACEAE","Drosera glabripes","(Harv.) Stein","Droseraceae",1,0,"Perennial",1,0,1,0,0,0,0,0,0,"Dec","Jan","","",30,0,0,0,0,0,0,0,0,0,0,0,1,1,1,0,0,"Leaf",0,0,1,0,0,0,NA,0,0,"leaf","",1,"l","i","p"
"Drosera trinervia","Drosera trinervia","DROSERACEAE","DROSERACEAE","Drosera trinervia","Spreng.","Droseraceae",1,0,"Perennial",1,0,1,0,0,0,0,0,0,"Aug","Nov","","",10,1,0,0,0,0,0,0,0,0,0,0,1,1,1,0,0,"Leaf",0,1,0,0,0,0,1.1,0,0,"leaf","",1,"l","i","p"
"Dyschoriste setigera","Chaetacanthus setiger","ACANTHACEAE","ACANTHACEAE","Dyschoriste setigera","(Pers.) Vollesen","Acanthaceae",1,0,"Perennial",1,0,1,0,0,0,0,1,0,"Aug","Jan","","",30,0,0,0,1,0,0,0,0,0,0,0,0,0,0,0,0,"Leaf",0,0,1,0,0,0,NA,0,0,"leaf","",2,"l","i","p"
"Edmondia pinifolia","Edmondia pinifolia","ASTERACEAE","ASTERACEAE","Edmondia pinifolia","(Lam.) Hilliard","Asteraceae",1,0,"Perennial",1,0,1,0,0,0,0,0,0,"Sep","Dec","","",60,0,0,0,1,0,0,0,0,0,0,0,0,0,0,0,0,"Leaf",1,0,0,0,0,0,NA,0,0,"leaf","",1,"l","i","w"
"Edmondia sesamoides","Edmondia sesamoides","ASTERACEAE","ASTERACEAE","Edmondia sesamoides","(L.) Hilliard","Asteraceae",1,0,"Perennial",1,0,1,0,0,0,0,0,0,"Aug","Dec","","",30,0,0,0,1,0,0,0,0,0,0,0,0,0,0,0,0,"Leaf",1,0,0,0,0,0,1.182105263,0,0,"leaf","",1,"l","i","w"
"Ehretia rigida","Ehretia rigida","BORAGINACEAE","BORAGINACEAE","Ehretia rigida","Druce","Boraginaceae",1,0,"Perennial",1,0,1,0,0,0,0,1,0,"Aug","Sep","","",600,0,0,0,0,0,1,1,0,0,0,0,0,0,0,0,0,"Leaf",0,0,1,0,0,0,1.99,0,0,"leaf","",3,"m","i","m"
"Ehrharta brevifolia","Ehrharta brevifolia","POACEAE","POACEAE","Ehrharta brevifolia","Schrad.","Poaceae",0,1,"Annual",1,0,0,1,1,1,0,0,0,"Aug","Nov","","",50,0,0,1,0,0,0,0,0,0,0,0,0,0,0,0,0,"Leaf",0,1,0,0,0,0,NA,0,1,"mixed","",1,"m","w","w"
"Ehrharta bulbosa","Ehrharta bulbosa","POACEAE","POACEAE","Ehrharta bulbosa","Sm.","Poaceae",1,0,"Perennial",1,0,1,0,0,1,1,1,0,"Oct","Dec","","",70,0,0,1,0,0,0,0,0,0,0,0,0,0,0,0,0,"Leaf",0,1,0,0,0,0,17.62,0,1,"mixed","yes",2,"h","w","w"
"Ehrharta calycina","Ehrharta calycina","POACEAE","POACEAE","Ehrharta calycina","Sm.","Poaceae",1,1,"Both",1,0,1,0,0,1,0,1,0,"Jul","Dec","","",70,0,0,1,0,0,0,0,0,0,0,0,0,0,0,0,0,"Leaf",0,1,0,0,0,0,17.15,0,0,"mixed","yes",1,"h","w","w"
"Ehrharta capensis","Ehrharta capensis","POACEAE","POACEAE","Ehrharta capensis","Thunb.","Poaceae",1,0,"Perennial",1,0,1,0,0,1,1,1,0,"Sep","Dec","","",100,0,0,1,0,0,0,0,0,0,0,0,0,0,0,0,0,"Leaf",0,1,0,0,0,0,NA,0,0,"mixed","",2,"h","w","w"
"Ehrharta dura","Ehrharta dura","POACEAE","POACEAE","Ehrharta dura","Nees","Poaceae",1,0,"Perennial",1,0,1,0,0,0,1,1,0,"Oct","Feb","","",80,0,0,1,0,0,0,0,0,0,0,0,0,0,0,0,0,"Leaf",0,1,0,0,0,0,26.5625,0,0,"leaf","yes",3,"h","w","w"
"Ehrharta ramosa","Ehrharta ramosa","POACEAE","POACEAE","Ehrharta ramosa","Thunb.","Poaceae",1,0,"Perennial",1,0,1,0,0,0,0,1,0,"Sep","Jan","","",100,0,0,1,0,0,0,0,0,0,0,0,0,0,0,0,0,"Leaf",0,1,0,0,0,0,49.8728125,0,0,"mixed","mixed",2,"h","w","w"
"Ehrharta rehmannii","Ehrharta rehmannii","POACEAE","POACEAE","Ehrharta rehmannii","Stapf","Poaceae",1,0,"Perennial",1,0,1,0,0,1,0,0,0,"Aug","Jan","","",100,0,0,1,0,0,0,0,0,0,0,0,0,0,0,0,0,"Leaf",0,1,0,0,0,0,NA,0,0,"mixed","",2,"m","w","w"
"Ehrharta rupestris","Ehrharta rupestris","POACEAE","POACEAE","Ehrharta rupestris","Nees","Poaceae",1,0,"Perennial",1,0,1,0,0,1,0,0,0,"Nov","Feb","","",45,0,0,1,0,0,0,0,0,0,0,0,0,0,0,0,0,"Leaf",0,1,0,0,0,0,NA,0,0,"mixed","",2,"m","w","w"
"Ehrharta setacea","Ehrharta setacea","POACEAE","POACEAE","Ehrharta setacea","Nees","Poaceae",1,0,"Perennial",1,0,1,0,0,1,0,1,0,"Sep","Jan","","",6,0,0,1,0,0,0,0,0,0,0,0,0,0,0,0,0,"Leaf",0,1,0,0,0,0,5.498,0,0,"mixed","yes",2,"m","w","w"
"Ehrharta villosa","Ehrharta villosa","POACEAE","POACEAE","Ehrharta villosa","Schult.f.","Poaceae",1,0,"Perennial",1,0,1,0,0,0,0,1,0,"Sep","Mar","","",150,0,0,1,0,0,0,0,0,0,0,0,0,0,0,0,0,"Leaf",1,0,0,0,0,0,79.5,0,0,"culm_stem","no",2,"h","w","w"
"Elaphoglossum angustatum","Elaphoglossum angustatum","LOMARIOPSIDACEAE","LOMARIOPSIDACEAE","Elaphoglossum angustatum","(Schrader) Hieron.","Dryopteridaceae",1,0,"Perennial",1,0,1,0,0,0,0,1,0,"","","","",25,1,0,0,0,0,0,0,0,0,0,0,0,0,0,0,0,"Frond",0,1,0,0,0,0,NA,0,0,"leaf","",3,"l","w","w"
"Elegia capensis","Elegia capensis","RESTIONACEAE","RESTIONACEAE","Elegia capensis","(Burm.f.) Schelpe","Restionaceae",1,0,"Perennial",0,1,1,0,0,0,0,1,0,"Mar","Nov","","",200,0,0,1,0,0,0,0,0,0,0,0,0,0,0,0,0,"Leaf",1,0,0,0,0,0,22.53333333,1,1,"culm_stem","yes",2,"h","w","p"
"Elegia cuspidata","Elegia cuspidata","RESTIONACEAE","RESTIONACEAE","Elegia cuspidata","Mast.","Restionaceae",1,0,"Perennial",0,1,1,0,0,0,0,0,0,"Oct","Jan","","",100,0,0,1,0,0,0,0,0,0,0,0,0,0,0,0,0,"Leaf",1,0,0,0,0,0,75,1,1,"culm_stem","no",2,"h","w","p"
"Elegia deustum","Chondropetalum deustum","RESTIONACEAE","RESTIONACEAE","Elegia deusta","(Rottb.) Kunth","Restionaceae",1,0,"Perennial",0,1,1,0,0,0,0,0,0,"Mar","Apr","","",70,0,0,1,0,0,0,0,0,0,0,0,0,0,0,0,0,"Leaf",1,0,0,0,0,0,NA,1,1,"culm_stem","",2,"h","w","p"
"Elegia dregeana","Elegia asperiflora","RESTIONACEAE","RESTIONACEAE","Elegia asperiflora","Kunth","Restionaceae",1,0,"Perennial",0,1,1,0,0,0,0,1,0,"Nov","Feb","","",70,0,0,1,0,0,0,0,0,0,0,0,0,0,0,0,0,"Leaf",1,0,0,0,0,0,116.72,1,1,"culm_stem","no",2,"h","w","p"
"Elegia ebracteata","Chondropetalum ebracteatum","RESTIONACEAE","RESTIONACEAE","Elegia ebracteata","(Kunth) Moline & H.P.Linder","Restionaceae",1,0,"Perennial",0,1,1,1,0,0,0,0,0,"Oct","Apr","","",80,0,0,1,0,0,0,0,0,0,0,0,0,0,0,0,0,"Leaf",1,0,0,0,0,0,57.98,1,1,"culm_stem","no",2,"h","w","p"
"Elegia equisetacea","Elegia equisetacea","RESTIONACEAE","RESTIONACEAE","Elegia equisetacea","Mast.","Restionaceae",1,0,"Perennial",0,1,1,0,0,0,0,0,0,"Sep","Sep","","",100,0,0,1,0,0,0,0,0,0,0,0,0,0,0,0,0,"Leaf",1,0,0,0,0,0,14.18,1,1,"culm_stem","yes",2,"h","w","p"
"Elegia filacea","Elegia filacea","RESTIONACEAE","RESTIONACEAE","Elegia filacea","Mast.","Restionaceae",1,0,"Perennial",0,1,1,1,0,0,0,0,0,"Feb","Feb","","",50,0,0,1,0,0,0,0,0,0,0,0,0,0,0,0,0,"Leaf",1,0,0,0,0,0,30.55416667,1,1,"culm_stem","no",2,"h","w","p"
"Elegia fistulosa","Elegia fistulosa","RESTIONACEAE","RESTIONACEAE","Elegia fistulosa","Kunth","Restionaceae",1,0,"Perennial",0,1,1,1,0,0,0,0,0,"Apr","Nov","","",70,0,0,1,0,0,0,0,0,0,0,0,0,0,0,0,0,"Leaf",1,0,0,0,0,0,NA,1,1,"culm_stem","",2,"h","w","p"
"Elegia galpinii","Elegia galpinii","RESTIONACEAE","RESTIONACEAE","Elegia galpinii","N.E.Br.","Restionaceae",1,0,"Perennial",0,1,1,1,0,0,0,1,0,"Aug","Aug","","",100,0,0,1,0,0,0,0,0,0,0,0,0,0,0,0,0,"Leaf",1,0,0,0,0,0,90.08,1,1,"culm_stem","no",2,"h","w","p"
"Elegia hookeriana","Elegia hookeriana","RESTIONACEAE","RESTIONACEAE","Elegia hookeriana","(Mast.) Moline & H.P.Linder","Restionaceae",1,0,"Perennial",0,1,1,0,0,0,0,0,0,"Feb","Mar","","",80,0,0,1,0,0,0,0,0,0,0,0,0,0,0,0,0,"Leaf",1,0,0,0,0,0,33.24,1,1,"culm_stem","no",2,"h","w","p"
"Elegia juncea","Elegia juncea","RESTIONACEAE","RESTIONACEAE","Elegia juncea","L.","Restionaceae",1,0,"Perennial",0,1,1,1,0,0,0,1,0,"Aug","Aug","","",80,0,0,1,0,0,0,0,0,0,0,0,0,0,0,0,0,"Leaf",1,0,0,0,0,0,61.6,1,1,"culm_stem","yes",2,"h","w","p"
"Elegia microcarpa","Chondropetalum microcarpum","RESTIONACEAE","RESTIONACEAE","Elegia microcarpa","(Kunth) Moline & H.P.Linder","Restionaceae",1,0,"Perennial",0,1,1,0,0,0,0,0,0,"Apr","Apr","","",30,0,0,1,0,0,0,0,0,0,0,0,0,0,0,0,0,"Leaf",1,0,0,0,0,0,21.16666667,1,1,"culm_stem","no",2,"h","w","p"
"Elegia mucronata","Chondropetalum mucronatum","RESTIONACEAE","RESTIONACEAE","Elegia mucronata","Rchb. ex Kunth","Restionaceae",1,0,"Perennial",0,1,1,0,0,0,0,0,0,"Oct","Nov","","",200,0,0,1,0,0,0,0,0,0,0,0,0,0,0,0,0,"Leaf",1,0,0,0,0,0,160.84,1,1,"culm_stem","no",2,"h","w","p"
"Elegia neesii","Elegia neesii","RESTIONACEAE","RESTIONACEAE","Elegia neesii","Mast.","Restionaceae",1,0,"Perennial",0,1,1,0,0,0,0,0,0,"Oct","Oct","","",70,0,0,1,0,0,0,0,0,0,0,0,0,0,0,0,0,"Leaf",1,0,0,0,0,0,51.12,1,1,"culm_stem","no",2,"h","w","p"
"Elegia nuda","Chondropetalum nudum","RESTIONACEAE","RESTIONACEAE","Elegia nuda","(Rottb.) Kunth","Restionaceae",1,0,"Perennial",0,1,1,0,0,0,0,0,0,"Apr","Jun","","",50,0,0,1,0,0,0,0,0,0,0,0,0,0,0,0,0,"Leaf",1,0,0,0,0,0,32.64285714,1,1,"culm_stem","no",2,"h","w","p"
"Elegia persistens","Elegia persistens","RESTIONACEAE","RESTIONACEAE","Elegia persistens","Mast.","Restionaceae",1,0,"Perennial",0,1,1,0,0,0,0,0,0,"Mar","May","","",100,0,0,1,0,0,0,0,0,0,0,0,0,0,0,0,0,"Leaf",1,0,0,0,0,0,46.21,1,1,"culm_stem","no",2,"h","w","p"
"Elegia racemosa","Elegia racemosa","RESTIONACEAE","RESTIONACEAE","Elegia racemosa","Pers.","Restionaceae",1,0,"Perennial",0,1,1,1,0,0,0,1,0,"Sep","Sep","","",100,0,0,1,0,0,0,0,0,0,0,0,0,0,0,0,0,"Leaf",1,0,0,0,0,0,111.04,1,1,"culm_stem","no",2,"h","w","p"
"Elegia spathacea","Elegia spathacea","RESTIONACEAE","RESTIONACEAE","Elegia spathacea","Mast.","Restionaceae",1,0,"Perennial",0,1,1,0,0,0,0,0,0,"Oct","Feb","","",60,0,0,1,0,0,0,0,0,0,0,0,0,0,0,0,0,"Leaf",1,0,0,0,0,0,42.1,1,1,"culm_stem","no",2,"h","w","p"
"Elegia stipularis","Elegia stipularis","RESTIONACEAE","RESTIONACEAE","Elegia stipularis","Mast.","Restionaceae",1,0,"Perennial",0,1,1,0,0,0,0,0,0,"Jun","Jul","","",50,0,0,1,0,0,0,0,0,0,0,0,0,0,0,0,0,"Leaf",1,0,0,0,0,0,30.99411765,1,1,"culm_stem","no",2,"h","w","p"
"Elegia tectorum","Chondropetalum tectorum","RESTIONACEAE","RESTIONACEAE","Elegia tectorum","(L.f.) Moline & H.P.Linder","Restionaceae",1,0,"Perennial",0,1,1,1,0,0,0,0,0,"Apr","Jun","","",100,0,0,1,0,0,0,0,0,0,0,0,0,0,0,0,0,"Leaf",1,0,0,0,0,0,51.3,1,1,"culm_stem","no",2,"h","w","p"
"Elegia thyrsifera","Elegia thyrsifera","RESTIONACEAE","RESTIONACEAE","Elegia thyrsifera","Pers.","Restionaceae",1,0,"Perennial",0,1,1,1,0,0,0,1,0,"Nov","Jan","","",100,0,0,1,0,0,0,0,0,0,0,0,0,0,0,0,0,"Leaf",1,0,0,0,0,0,77,1,1,"culm_stem","no",2,"h","w","p"
"Elegia vaginulata","Elegia vaginulata","RESTIONACEAE","RESTIONACEAE","Elegia vaginulata","Mast.","Restionaceae",1,0,"Perennial",0,1,1,0,0,0,0,1,0,"Oct","Jan","","",40,0,0,1,0,0,0,0,0,0,0,0,0,0,0,0,0,"Leaf",1,0,0,0,0,0,24.3,1,1,"culm_stem","mixed",2,"h","w","p"
"Elytropappus adpressus","Elytropappus adpressus","ASTERACEAE","ASTERACEAE","Dicerothamnus adpressus","(Harv.) Koek.","Asteraceae",1,0,"Perennial",1,0,1,0,0,0,0,0,0,"Mar","Jul","","",200,0,0,0,0,0,1,0,0,0,0,0,0,0,0,0,0,"Leaf",1,0,0,0,0,0,3.08,0,0,"leaf","",2,"h","i","w"
"Elytropappus glandulosus","Elytropappus glandulosus","ASTERACEAE","ASTERACEAE","Myrovernix glandulosus","(Less.) Koek.","Asteraceae",1,0,"Perennial",1,0,1,0,0,0,0,0,0,"Mar","Jun","","",50,0,0,0,1,0,0,0,0,0,0,0,0,0,0,0,0,"Leaf",1,0,0,0,0,0,0.916,0,0,"leaf","",2,"h","i","w"
"Elytropappus gnaphaloides","Elytropappus gnaphaloides","ASTERACEAE","ASTERACEAE","Myrovernix gnaphaloides","(L.) Koek.","Asteraceae",1,0,"Perennial",1,0,1,0,0,0,0,0,0,"Jan","Apr","","",50,0,0,0,1,0,0,0,0,0,0,0,0,0,0,0,0,"Leaf",1,0,0,0,0,0,0.466,0,0,"leaf","",2,"h","i","w"
"Elytropappus intricata","Elytropappus intricata","ASTERACEAE","ASTERACEAE","Elytropappus","Cass.","Asteraceae",1,0,"Perennial",1,0,1,0,0,0,0,0,0,"Apr","Jul","","",100,0,0,0,0,1,0,0,0,0,0,0,0,0,0,0,0,"Leaf",1,0,0,0,0,0,0.255,0,0,"leaf","no",2,"h","i","w"
"Elytropappus longifolius","Elytropappus longifolius","ASTERACEAE","ASTERACEAE","Myrovernix muricata","(Spreng. ex Sch.Bip.) Koekemoer, ined.","Asteraceae",1,0,"Perennial",1,0,1,0,0,0,0,0,0,"Feb","Apr","","",100,0,0,0,1,0,0,0,0,0,0,0,0,0,0,0,0,"Leaf",1,0,0,0,0,0,1.006,0,0,"leaf","",2,"h","i","w"
"Elytropappus rhinocerotis","Elytropappus rhinocerotis","ASTERACEAE","ASTERACEAE","Elytropappus rhinocerotis","Less.","Asteraceae",1,0,"Perennial",1,0,1,0,0,0,0,0,0,"Feb","Apr","","",200,0,0,0,0,0,1,0,0,0,0,0,0,0,0,0,0,"Leaf",1,0,0,0,0,0,0.472380952,0,0,"leaf","",2,"h","i","w"
"Elytropappus scaber","Elytropappus scaber","ASTERACEAE","ASTERACEAE","Elytropappus scaber","(L.f.) Levyns","Asteraceae",1,0,"Perennial",1,0,1,0,0,0,0,0,0,"Feb","May","","",100,0,0,0,1,0,0,0,0,0,0,0,0,0,0,0,0,"Leaf",1,0,0,0,0,0,0.388370588,0,0,"leaf","",2,"h","i","w"
"Enneapogon scoparius","Enneapogon scoparius","POACEAE","POACEAE","Enneapogon scoparius","Stapf","Poaceae",1,0,"Perennial",1,0,1,0,0,0,0,0,0,"Sep","Mar","","",35,0,0,1,0,0,0,0,0,0,0,0,0,0,0,0,0,"Leaf",1,0,0,0,0,0,8.22,0,0,"leaf","",2,"m","w","w"
"Epischoenus adnatus","Epischoenus adnatus","CYPERACEAE","CYPERACEAE","Schoenus adnatus","(Levyns) T.L.Elliott & Muasya","Cyperaceae",1,0,"Perennial",1,0,1,0,0,0,0,1,0,"Feb","Aug","","",100,0,0,1,0,0,0,0,0,0,0,0,0,0,0,0,0,"Leaf",0,0,0,0,0,0,NA,1,1,"culm_stem","",2,"h","w","p"
"Epischoenus gracilis","Epischoenus gracilis","CYPERACEAE","CYPERACEAE","Schoenus gracillimus","T.L.Elliott & Muasya","Cyperaceae",1,0,"Perennial",1,0,1,0,0,0,0,1,0,"Dec","Mar","","",90,0,0,1,0,0,0,0,0,0,0,0,0,0,0,0,0,"Leaf",0,0,0,0,0,0,67.62,1,1,"culm_stem","no",2,"h","w","p"
"Epischoenus quadrangularis","Epischoenus quadrangularis","CYPERACEAE","CYPERACEAE","Schoenus quadrangularis","Boeckeler","Cyperaceae",1,0,"Perennial",1,0,1,0,0,0,0,1,0,"Nov","May","","",75,0,0,1,0,0,0,0,0,0,0,0,0,0,0,0,0,"Leaf",0,0,0,0,0,0,56.875,1,1,"culm_stem","no",2,"h","w","p"
"Eragrostis capensis","Eragrostis capensis","POACEAE","POACEAE","Eragrostis capensis","(Thunb.) Trin.","Poaceae",1,0,"Perennial",1,0,1,0,0,1,0,1,0,"Sep","Apr","","",90,0,0,1,0,0,0,0,0,0,0,0,0,0,0,0,0,"Leaf",1,0,0,0,0,0,14.11666667,0,0,"leaf","",2,"h","w","w"
"Eragrostis curvula","Eragrostis curvula","POACEAE","POACEAE","Eragrostis curvula","(Schrad.) Nees","Poaceae",1,0,"Perennial",1,0,1,0,0,1,0,1,0,"Jan","Dec","","",100,0,0,1,0,0,0,0,0,0,0,0,0,0,0,0,0,"Leaf",1,0,0,0,0,0,35.91666667,0,0,"leaf","",2,"h","w","w"
"Eragrostis obtusa","Eragrostis obtusa","POACEAE","POACEAE","Eragrostis obtusa","Munro ex Ficalho & Hiern","Poaceae",1,0,"Perennial",1,0,1,0,0,1,0,0,0,"Jul","May","","",45,0,0,1,0,0,0,0,0,0,0,0,0,0,0,0,0,"Leaf",1,0,0,0,0,0,4.408333333,0,0,"leaf","",2,"m","w","w"
"Eragrostis plana","Eragrostis plana","POACEAE","POACEAE","Eragrostis plana","Nees","Poaceae",1,0,"Perennial",1,0,1,0,0,1,0,1,0,"Nov","May","","",100,0,0,1,0,0,0,0,0,0,0,0,0,0,0,0,0,"Leaf",1,0,0,0,0,0,NA,0,0,"leaf","",2,"h","w","w"
"Eragrostis racemosa","Eragrostis racemosa","POACEAE","POACEAE","Eragrostis racemosa","(Thunb.) Steud.","Poaceae",1,0,"Perennial",1,0,1,0,0,1,0,1,0,"Aug","May","","",8,0,0,1,0,0,0,0,0,0,0,0,0,0,0,0,0,"Leaf",1,0,0,0,0,0,NA,0,0,"leaf","",2,"h","w","w"
"Eragrostis sabulosa","Eragrostis sabulosa","POACEAE","POACEAE","Eragrostis sabulosa","(Steud.) Schweick.","Poaceae",1,0,"Perennial",1,0,1,0,0,1,0,1,0,"Oct","Nov","","",15,0,0,1,0,0,0,0,0,0,0,0,0,0,0,0,0,"Leaf",1,0,0,0,0,0,NA,0,0,"leaf","",2,"h","w","w"
"Erepsia anceps","Erepsia anceps","AIZOACEAE","MESEMBRYANTHEMACEAE","Erepsia anceps","(Haw.) Schwantes","Aizoaceae",1,0,"Perennial",1,0,1,0,0,1,1,0,0,"Dec","Mar","","",30,0,0,0,1,0,0,0,0,0,0,0,0,1,1,0,0,"Leaf",1,0,0,0,0,0,2.38,0,0,"leaf","",1,"l","i","p"
"Erepsia aspera","Erepsia aspera","AIZOACEAE","MESEMBRYANTHEMACEAE","Erepsia aspera","(Haw.) L.Bolus","Aizoaceae",1,0,"Perennial",1,0,1,0,0,1,1,1,0,"Dec","Mar","","",40,0,0,0,1,0,0,0,0,0,0,0,0,1,1,0,0,"Leaf",0,1,0,0,0,0,1.308,0,0,"leaf","",2,"l","i","p"
"Erepsia bracteata","Erepsia bracteata","AIZOACEAE","MESEMBRYANTHEMACEAE","Erepsia bracteata","(Aiton) Schwantes","Aizoaceae",1,0,"Perennial",1,0,1,0,0,1,0,0,0,"Jan","Apr","","",50,0,0,0,1,0,0,0,0,0,0,0,0,1,1,0,0,"Leaf",0,1,0,0,0,0,NA,0,0,"leaf","",1,"l","i","p"
"Erepsia distans","Erepsia distans","AIZOACEAE","MESEMBRYANTHEMACEAE","Erepsia distans","L.Bolus","Aizoaceae",1,0,"Perennial",1,0,1,0,0,1,1,1,0,"Nov","Mar","","",70,0,0,0,1,0,0,0,0,0,0,0,0,1,1,0,0,"Leaf",1,0,0,0,0,0,NA,0,0,"leaf","",2,"l","i","p"
"Erepsia promontorii","Erepsia promontorii","AIZOACEAE","MESEMBRYANTHEMACEAE","Erepsia promontorii","L.Bolus","Aizoaceae",1,0,"Perennial",1,0,1,0,0,1,0,0,0,"Jan","Jan","","",20,0,0,0,1,0,0,0,0,0,0,0,0,1,1,0,0,"Leaf",1,0,0,0,0,0,NA,0,0,"leaf","",2,"l","i","p"
"Erepsia saturata","Erepsia saturata","AIZOACEAE","MESEMBRYANTHEMACEAE","Erepsia saturata","L.Bolus","Aizoaceae",1,0,"Perennial",1,0,1,0,0,1,0,0,0,"Feb","May","","",40,0,0,0,1,0,0,0,0,0,0,0,0,1,1,0,0,"Leaf",1,0,0,0,0,0,NA,0,0,"leaf","",2,"l","i","p"
"Erica abietina","Erica abietina","ERICACEAE","ERICACEAE","Erica abietina","L.","Ericaceae",1,0,"Perennial",1,0,1,0,0,1,0,0,0,"Jan","Sep","","",100,0,0,0,1,0,0,0,0,0,0,0,0,0,0,0,0,"Leaf",1,0,0,0,0,0,0.66,0,0,"leaf","",2,"h","m","p"
"Erica affinis","Erica affinis","ERICACEAE","ERICACEAE","Erica affinis","Benth.","Ericaceae",1,0,"Perennial",1,0,1,0,0,1,0,0,0,"Sep","Dec","","",100,0,0,0,1,0,0,0,0,0,0,0,0,0,0,0,0,"Leaf",1,0,0,0,0,0,NA,0,0,"leaf","",2,"h","i","p"
"Erica albens","Erica albens","ERICACEAE","ERICACEAE","Erica albens","L.","Ericaceae",1,0,"Perennial",1,0,1,0,0,1,0,0,0,"Apr","Dec","","",120,0,0,0,0,1,0,0,0,0,0,0,0,0,0,0,0,"Leaf",1,0,0,0,0,0,NA,0,0,"leaf","",2,"h","i","p"
"Erica amphigena","Erica amphigena","ERICACEAE","ERICACEAE","Erica amphigena","Guthrie & Bolus","Ericaceae",1,0,"Perennial",1,0,1,0,0,1,0,0,0,"Sep","Dec","","",60,0,0,0,1,0,0,0,0,0,0,0,0,0,0,0,0,"Leaf",1,0,0,0,0,0,NA,0,0,"leaf","",2,"h","i","p"
"Erica anguliger","Erica anguliger","ERICACEAE","ERICACEAE","Erica anguliger","(N.E.Br.) E.G.H.Oliv.","Ericaceae",1,0,"Perennial",1,0,1,0,0,1,0,0,0,"Apr","Sep","","",20,0,0,0,1,0,0,0,0,0,0,0,0,0,0,0,0,"Leaf",1,0,0,0,0,0,0.214666667,0,0,"leaf","",2,"h","i","p"
"Erica angulosa","Erica angulosa","ERICACEAE","ERICACEAE","Erica angulosa","E.G.H.Oliv.","Ericaceae",1,0,"Perennial",1,0,1,0,0,1,0,0,0,"Mar","Apr","","",50,0,0,0,1,0,0,0,0,0,0,0,0,0,0,0,0,"Leaf",1,0,0,0,0,0,NA,0,0,"leaf","",2,"h","i","p"
"Erica ardens","Erica ardens","ERICACEAE","ERICACEAE","Erica ardens","Andrews","Ericaceae",1,0,"Perennial",1,0,1,0,0,1,0,0,0,"Apr","Oct","","",70,0,0,0,1,0,0,0,0,0,0,0,0,0,0,0,0,"Leaf",1,0,0,0,0,0,NA,0,0,"leaf","",2,"h","i","p"
"Erica areolata","Erica areolata","ERICACEAE","ERICACEAE","Erica areolata","(N.E.Br.) E.G.H.Oliv.","Ericaceae",1,0,"Perennial",1,0,1,0,0,1,0,0,0,"Aug","Nov","","",50,0,0,0,1,0,0,0,0,0,0,0,0,0,0,0,0,"Leaf",1,0,0,0,0,0,0.35,0,0,"leaf","",2,"h","w","p"
"Erica articularis","Erica articularis","ERICACEAE","ERICACEAE","Erica articularis","L.","Ericaceae",1,0,"Perennial",1,0,1,0,0,1,0,0,0,"Jan","Dec","","",100,0,0,0,1,0,0,0,0,0,0,0,0,0,0,0,0,"Leaf",1,0,0,0,0,0,0.456111111,0,0,"leaf","",2,"h","i","p"
"Erica atropurpurea","Erica atropurpurea","ERICACEAE","ERICACEAE","Erica atropurpurea","Dulfer","Ericaceae",1,0,"Perennial",1,0,1,0,0,1,0,0,0,"Aug","Nov","","",30,0,0,0,1,0,0,0,0,0,0,0,0,0,0,0,0,"Leaf",1,0,0,0,0,0,NA,0,0,"leaf","",2,"m","i","p"
"Erica axillaris","Erica axillaris","ERICACEAE","ERICACEAE","Erica axillaris","Thunb.","Ericaceae",1,0,"Perennial",1,0,1,0,0,1,0,0,0,"May","Dec","","",80,0,0,0,1,0,0,0,0,0,0,0,0,0,0,0,0,"Leaf",1,0,0,0,0,0,0.39375,0,0,"leaf","",2,"h","w","p"
"Erica azaleifolia","Erica azaleifolia","ERICACEAE","ERICACEAE","Erica azaleifolia","Salisb.","Ericaceae",1,0,"Perennial",1,0,1,0,0,1,0,0,0,"Oct","Feb","","",30,0,0,0,1,0,0,0,0,0,0,0,0,0,0,0,0,"Leaf",0,1,0,0,0,0,NA,0,0,"leaf","",2,"m","i","p"
"Erica banksii","Erica comptonii","ERICACEAE","ERICACEAE","Erica banksii","Andrews","Ericaceae",1,0,"Perennial",1,0,1,0,0,1,0,1,0,"Jan","Jul","","",60,0,0,0,1,0,0,0,0,0,0,0,0,0,0,0,0,"Leaf",1,0,0,0,0,0,NA,0,0,"leaf","",2,"h","m","p"
"Erica blenna","Erica blenna","ERICACEAE","ERICACEAE","Erica blenna","Salisb.","Ericaceae",1,0,"Perennial",1,0,1,0,0,1,0,0,0,"Apr","Nov","","",100,0,0,0,1,0,0,0,0,0,0,0,0,0,0,0,0,"Leaf",1,0,0,0,0,0,NA,0,0,"leaf","",2,"h","i","p"
"Erica bolusanthus","Erica bolusanthus","ERICACEAE","ERICACEAE","Erica bolusanthus","E.G.H.Oliv.","Ericaceae",1,0,"Perennial",1,0,1,0,0,1,0,0,0,"Nov","Apr","","",25,0,0,0,1,0,0,0,0,0,0,0,0,0,0,0,0,"Leaf",1,0,0,0,0,0,NA,0,0,"leaf","",2,"h","i","p"
"Erica brachialis","Erica brachialis","ERICACEAE","ERICACEAE","Erica brachialis","Salisb.","Ericaceae",1,0,"Perennial",1,0,1,0,0,1,0,1,0,"Dec","Mar","","",200,0,0,0,0,0,1,0,0,0,0,0,0,0,0,0,0,"Leaf",1,0,0,0,0,0,0.64,0,0,"leaf","",3,"h","m","p"
"Erica bracteolaris","Erica bracteolaris","ERICACEAE","ERICACEAE","Erica bracteolaris","Lam.","Ericaceae",1,0,"Perennial",1,0,1,0,0,1,0,0,0,"Jul","Feb","","",50,0,0,0,1,0,0,0,0,0,0,0,0,0,0,0,0,"Leaf",1,0,0,0,0,0,NA,0,0,"leaf","",2,"h","i","p"
"Erica brevicaulis","Erica brevicaulis","ERICACEAE","ERICACEAE","Erica brevicaulis","Guthrie & Bolus","Ericaceae",1,0,"Perennial",1,0,1,0,0,1,0,0,0,"Nov","Jan","","",10,0,0,0,1,0,0,0,0,0,0,0,0,0,0,0,0,"Leaf",0,1,0,0,0,0,NA,0,0,"leaf","",2,"h","i","p"
"Erica bruniades","Erica bruniades","ERICACEAE","ERICACEAE","Erica bruniades","L.","Ericaceae",1,0,"Perennial",1,0,1,0,0,1,0,0,0,"Aug","Dec","","",50,0,0,0,1,0,0,0,0,0,0,0,0,0,0,0,0,"Leaf",1,0,0,0,0,0,0.242857143,0,0,"leaf","",2,"h","i","p"
"Erica caffra","Erica caffra","ERICACEAE","ERICACEAE","Erica afra","L.","Ericaceae",1,0,"Perennial",1,0,1,0,0,1,0,1,0,"Jul","Dec","","",400,0,0,0,0,0,1,1,0,0,0,0,0,0,0,0,0,"Leaf",1,0,0,0,0,0,1.012,0,0,"leaf","",3,"h","i","p"
"Erica calycina","Erica langebergensis","ERICACEAE","ERICACEAE","Erica calycina","L.","Ericaceae",1,0,"Perennial",1,0,1,0,0,1,0,0,0,"Oct","Oct","","",50,0,0,0,1,0,0,0,0,0,0,0,0,0,0,0,0,"Leaf",1,0,0,0,0,0,0.362,0,0,"leaf","",2,"h","i","p"
"Erica capensis","Erica capensis","ERICACEAE","ERICACEAE","Erica turbiniflora","Salisb.","Ericaceae",1,0,"Perennial",1,0,1,0,0,1,0,0,0,"Dec","Apr","","",50,0,0,0,1,0,0,0,0,0,0,0,0,0,0,0,0,"Leaf",1,0,0,0,0,0,0.42,0,0,"leaf","",2,"m","i","p"
"Erica capillaris","Erica capillaris","ERICACEAE","ERICACEAE","Erica capillaris","Bartl.","Ericaceae",1,0,"Perennial",1,0,1,0,0,1,0,0,0,"Dec","Apr","","",30,0,0,0,1,0,0,0,0,0,0,0,0,0,0,0,0,"Leaf",1,0,0,0,0,0,0.275,0,0,"leaf","",2,"h","i","p"
"Erica carduifolia","Erica carduifolia","ERICACEAE","ERICACEAE","Erica carduifolia","Salisb.","Ericaceae",1,0,"Perennial",1,0,1,0,0,1,0,0,0,"Aug","Nov","","",40,0,0,0,1,0,0,0,0,0,0,0,0,0,0,0,0,"Leaf",0,1,0,0,0,0,NA,0,0,"leaf","",2,"h","i","p"
"Erica cerinthoides","Erica cerinthoides","ERICACEAE","ERICACEAE","Erica cerinthoides","L.","Ericaceae",1,0,"Perennial",1,0,1,0,0,1,1,1,0,"Jan","Dec","","",30,0,0,0,1,0,0,0,0,0,0,0,0,0,0,0,0,"Leaf",1,0,0,0,0,0,0.636428571,0,0,"leaf","",3,"h","i","p"
"Erica chamissonis","Erica chamissonis","ERICACEAE","ERICACEAE","Erica chamissonis","Klotzsch ex Benth.","Ericaceae",1,0,"Perennial",1,0,1,0,0,1,0,0,0,"Oct","May","","",60,0,0,0,1,0,0,0,0,0,0,0,0,0,0,0,0,"Leaf",1,0,0,0,0,0,0.204,0,0,"leaf","",2,"h","i","p"
"Erica clavisepala","Erica clavisepala","ERICACEAE","ERICACEAE","Erica clavisepala","Guthrie & Bolus","Ericaceae",1,0,"Perennial",1,0,1,0,0,1,0,0,0,"Feb","Apr","","",30,0,0,0,1,0,0,0,0,0,0,0,0,0,0,0,0,"Leaf",0,0,1,0,0,0,0.228571429,0,0,"leaf","",2,"h","i","p"
"Erica coarctata","Erica coarctata","ERICACEAE","ERICACEAE","Erica coarctata","J.C.Wendl.","Ericaceae",1,0,"Perennial",1,0,1,0,0,1,0,0,0,"Apr","Sep","","",30,0,0,0,1,0,0,0,0,0,0,0,0,0,0,0,0,"Leaf",1,0,0,0,0,0,0.88,0,0,"leaf","",2,"h","w","p"
"Erica coccinea","Erica coccinea","ERICACEAE","ERICACEAE","Erica coccinea","L.","Ericaceae",1,0,"Perennial",1,0,1,0,0,1,0,1,0,"Jan","Dec","","",120,0,0,0,0,1,0,0,0,0,0,0,0,0,0,0,0,"Leaf",1,0,0,0,0,0,0.522777778,0,0,"leaf","",2,"h","i","p"
"Erica condensata","Erica condensata","ERICACEAE","ERICACEAE","Erica condensata","Benth.","Ericaceae",1,0,"Perennial",1,0,1,0,0,1,0,0,0,"Sep","Feb","","",50,0,0,0,1,0,0,0,0,0,0,0,0,0,0,0,0,"Leaf",1,0,0,0,0,0,NA,0,0,"leaf","",2,"h","i","p"
"Erica conferta","Erica conferta","ERICACEAE","ERICACEAE","Erica conferta","Andrews","Ericaceae",1,0,"Perennial",1,0,1,0,0,1,0,0,0,"Jan","Apr","","",100,0,0,0,1,0,0,0,0,0,0,0,0,0,0,0,0,"Leaf",1,0,0,0,0,0,NA,0,0,"leaf","",2,"h","i","p"
"Erica copiosa","Erica copiosa","ERICACEAE","ERICACEAE","Erica copiosa","J.C.Wendl.","Ericaceae",1,0,"Perennial",1,0,1,0,0,1,0,0,0,"Jan","Dec","","",150,0,0,0,0,1,0,0,0,0,0,0,0,0,0,0,0,"Leaf",0,1,0,0,0,0,NA,0,0,"leaf","",2,"h","w","p"
"Erica cordata","Erica cordata","ERICACEAE","ERICACEAE","Erica cordata","Andrews","Ericaceae",1,0,"Perennial",1,0,1,0,0,1,0,0,0,"May","Nov","","",100,0,0,0,1,0,0,0,0,0,0,0,0,0,0,0,0,"Leaf",0,0,1,0,0,0,0.40625,0,0,"leaf","",2,"m","i","p"
"Erica corifolia","Erica corifolia","ERICACEAE","ERICACEAE","Erica corifolia","L.","Ericaceae",1,0,"Perennial",1,0,1,0,0,1,0,0,0,"Jan","Dec","","",100,0,0,0,1,0,0,0,0,0,0,0,0,0,0,0,0,"Leaf",1,0,0,0,0,0,0.467,0,0,"leaf","",2,"h","i","p"
"Erica corydalis","Erica corydalis","ERICACEAE","ERICACEAE","Erica corydalis","Salisb.","Ericaceae",1,0,"Perennial",1,0,1,0,0,1,0,0,0,"Oct","Jan","","",50,0,0,0,1,0,0,0,0,0,0,0,0,0,0,0,0,"Leaf",0,1,0,0,0,0,NA,0,0,"leaf","",2,"h","i","p"
"Erica cristata","Erica cristata","ERICACEAE","ERICACEAE","Erica cristata","Dulfer","Ericaceae",1,0,"Perennial",1,0,1,0,0,1,0,0,0,"Dec","Jun","","",60,0,0,0,1,0,0,0,0,0,0,0,0,0,0,0,0,"Leaf",1,0,0,0,0,0,0.282,0,0,"leaf","",2,"m","i","p"
"Erica cubica","Erica cubica","ERICACEAE","ERICACEAE","Erica cubica","L.","Ericaceae",1,0,"Perennial",1,0,1,0,0,1,0,0,0,"Jul","Dec","","",45,0,0,0,1,0,0,0,0,0,0,0,0,0,0,0,0,"Leaf",1,0,0,0,0,0,0.472,0,0,"leaf","",2,"h","i","p"
"Erica curviflora","Erica curviflora","ERICACEAE","ERICACEAE","Erica curviflora","L.","Ericaceae",1,0,"Perennial",1,0,1,0,0,1,0,0,0,"Jan","Dec","","",160,0,0,0,0,1,0,0,0,0,0,0,0,0,0,0,0,"Leaf",1,0,0,0,0,0,0.442,0,0,"leaf","",2,"h","m","p"
"Erica curvifolia","Erica curvifolia","ERICACEAE","ERICACEAE","Erica curvifolia","Salisb.","Ericaceae",1,0,"Perennial",1,0,1,0,0,1,0,0,0,"Dec","Mar","","",45,0,0,0,1,0,0,0,0,0,0,0,0,0,0,0,0,"Leaf",1,0,0,0,0,0,NA,0,0,"leaf","",2,"h","i","p"
"Erica daphniflora","Erica daphniflora","ERICACEAE","ERICACEAE","Erica daphniflora","Salisb.","Ericaceae",1,0,"Perennial",1,0,1,0,0,1,0,0,0,"Jul","Mar","","",100,0,0,0,1,0,0,0,0,0,0,0,0,0,0,0,0,"Leaf",1,0,0,0,0,0,0.438,0,0,"leaf","",2,"h","i","p"
"Erica demissa","Erica demissa","ERICACEAE","ERICACEAE","Erica coccinea","L.","Ericaceae",1,0,"Perennial",1,0,1,0,0,1,0,0,0,"Jan","Dec","","",50,0,0,0,1,0,0,0,0,0,0,0,0,0,0,0,0,"Leaf",1,0,0,0,0,0,0.311111111,0,0,"leaf","",2,"h","i","p"
"Erica densifolia","Erica densifolia","ERICACEAE","ERICACEAE","Erica densifolia","Willd.","Ericaceae",1,0,"Perennial",1,0,1,0,0,1,0,0,0,"Sep","May","","",150,0,0,0,0,1,0,0,0,0,0,0,0,0,0,0,0,"Leaf",1,0,0,0,0,0,NA,0,0,"leaf","",2,"h","m","p"
"Erica desmantha","Erica desmantha","ERICACEAE","ERICACEAE","Erica desmantha","Benth.","Ericaceae",1,0,"Perennial",1,0,1,0,0,1,0,0,0,"Feb","May","","",100,0,0,0,1,0,0,0,0,0,0,0,0,0,0,0,0,"Leaf",1,0,0,0,0,0,NA,0,0,"leaf","",2,"h","i","p"
"Erica dianthifolia","Erica dianthifolia","ERICACEAE","ERICACEAE","Erica dianthifolia","Salisb.","Ericaceae",1,0,"Perennial",1,0,1,0,0,1,0,0,0,"Aug","Dec","","",70,0,0,0,1,0,0,0,0,0,0,0,0,0,0,0,0,"Leaf",1,0,0,0,0,0,NA,0,0,"leaf","",2,"h","i","p"
"Erica discolor","Erica discolor","ERICACEAE","ERICACEAE","Erica discolor","Andrews","Ericaceae",1,0,"Perennial",1,0,1,0,0,1,0,0,0,"Jan","Dec","","",100,0,0,0,1,0,0,0,0,0,0,0,0,0,0,0,0,"Leaf",1,0,0,0,0,0,0.538,0,0,"leaf","",2,"h","m","p"
"Erica distorta","Erica speciosa","ERICACEAE","ERICACEAE","Erica distorta","Bartl.","Ericaceae",1,0,"Perennial",1,0,1,0,0,1,0,1,0,"Jul","Mar","","",100,0,0,0,1,0,0,0,0,0,0,0,0,0,0,0,0,"Leaf",1,0,0,0,0,0,0.453333333,0,0,"leaf","",2,"h","i","p"
"Erica dodii","Erica dodii","ERICACEAE","ERICACEAE","Erica dodii","Guthrie & Bolus","Ericaceae",1,0,"Perennial",1,0,1,0,0,1,0,0,0,"Oct","Dec","","",40,0,0,0,1,0,0,0,0,0,0,0,0,0,0,0,0,"Leaf",1,0,0,0,0,0,NA,0,0,"leaf","",2,"h","i","p"
"Erica eburnea","Erica eburnea","ERICACEAE","ERICACEAE","Erica eburnea","T.M.Salter","Ericaceae",1,0,"Perennial",1,0,1,0,0,1,0,0,0,"Dec","Jan","","",60,0,0,0,1,0,0,0,0,0,0,0,0,0,0,0,0,"Leaf",1,0,0,0,0,0,NA,0,0,"leaf","",2,"h","i","p"
"Erica equisetifolia","Erica equisetifolia","ERICACEAE","ERICACEAE","Erica equisetifolia","Salisb.","Ericaceae",1,0,"Perennial",1,0,1,0,0,1,0,0,0,"Oct","Apr","","",20,0,0,0,1,0,0,0,0,0,0,0,0,0,0,0,0,"Leaf",1,0,0,0,0,0,0.27,0,0,"leaf","",2,"h","i","p"
"Erica ericoides","Erica ericoides","ERICACEAE","ERICACEAE","Erica ericoides","(L.) E.G.H.Oliv.","Ericaceae",1,0,"Perennial",1,0,1,0,0,1,0,0,0,"Jan","Apr","","",80,0,0,0,1,0,0,0,0,0,0,0,0,0,0,0,0,"Leaf",1,0,0,0,0,0,0.237,0,0,"leaf","",2,"h","i","p"
"Erica exleeana","Erica exleeana","ERICACEAE","ERICACEAE","Erica exleeana","E.G.H.Oliv.","Ericaceae",1,0,"Perennial",1,0,1,0,0,1,0,0,0,"Aug","Apr","","",30,0,0,0,1,0,0,0,0,0,0,0,0,0,0,0,0,"Leaf",0,1,0,0,0,0,0.125,0,0,"leaf","",2,"h","w","p"
"Erica fascicularis","Erica fascicularis","ERICACEAE","ERICACEAE","Erica fascicularis","L.f.","Ericaceae",1,0,"Perennial",1,0,1,0,0,1,0,0,0,"Apr","Dec","","",180,0,0,0,0,1,0,0,0,0,0,0,0,0,0,0,0,"Leaf",1,0,0,0,0,0,3.83,0,0,"leaf","",2,"m","m","p"
"Erica fastigiata","Erica fastigiata","ERICACEAE","ERICACEAE","Erica fastigiata","L.","Ericaceae",1,0,"Perennial",1,0,1,0,0,1,0,0,0,"Jul","Dec","","",50,0,0,0,1,0,0,0,0,0,0,0,0,0,0,0,0,"Leaf",1,0,0,0,0,0,NA,0,0,"leaf","",2,"h","i","p"
"Erica galpinii","Erica galpinii","ERICACEAE","ERICACEAE","Erica galpinii","T.M.Salter","Ericaceae",1,0,"Perennial",1,0,1,0,0,1,0,0,0,"Apr","Jun","","",90,0,0,0,1,0,0,0,0,0,0,0,0,0,0,0,0,"Leaf",1,0,0,0,0,0,NA,0,0,"leaf","",2,"h","m","p"
"Erica gigantea","Erica gigantea","ERICACEAE","ERICACEAE","Erica gigantea","Klotzsch ex Benth.","Ericaceae",1,0,"Perennial",1,0,1,0,0,1,0,0,0,"Aug","Sep","","",200,0,0,0,0,0,1,0,0,0,0,0,0,0,0,0,0,"Leaf",1,0,0,0,0,0,NA,0,0,"leaf","",2,"h","i","p"
"Erica glabella","Erica glabella","ERICACEAE","ERICACEAE","Erica glabella","Thunb.","Ericaceae",1,0,"Perennial",1,0,1,0,0,1,0,0,0,"Jan","Dec","","",50,0,0,0,1,0,0,0,0,0,0,0,0,0,0,0,0,"Leaf",1,0,0,0,0,0,0.291111111,0,0,"leaf","",2,"h","i","p"
"Erica gnaphaloides","Erica gnaphaloides","ERICACEAE","ERICACEAE","Erica gnaphaloides","L.","Ericaceae",1,0,"Perennial",1,0,1,0,0,1,0,0,0,"Aug","Dec","","",40,0,0,0,1,0,0,0,0,0,0,0,0,0,0,0,0,"Leaf",1,0,0,0,0,0,0.205,0,0,"leaf","",2,"h","i","p"
"Erica gracilipes","Erica gracilipes","ERICACEAE","ERICACEAE","Erica gracilipes","Guthrie & Bolus","Ericaceae",1,0,"Perennial",1,0,1,0,0,1,0,0,0,"Aug","Dec","","",30,0,0,0,1,0,0,0,0,0,0,0,0,0,0,0,0,"Leaf",1,0,0,0,0,0,NA,0,0,"leaf","",2,"h","i","p"
"Erica gracilis","Erica gracilis","ERICACEAE","ERICACEAE","Erica gracilis","J.C.Wendl.","Ericaceae",1,0,"Perennial",1,0,1,0,0,1,0,0,0,"Jan","Dec","","",50,0,0,0,1,0,0,0,0,0,0,0,0,0,0,0,0,"Leaf",1,0,0,0,0,0,0.284,0,0,"leaf","",2,"h","i","p"
"Erica granulatifolia","Erica granulatifolia","ERICACEAE","ERICACEAE","Erica granulatifolia","H.A.Baker","Ericaceae",1,0,"Perennial",1,0,1,0,0,1,0,0,0,"Oct","Oct","","",60,0,0,0,1,0,0,0,0,0,0,0,0,0,0,0,0,"Leaf",0,1,0,0,0,0,NA,0,0,"leaf","",2,"h","w","p"
"Erica grata","Erica grata","ERICACEAE","ERICACEAE","Erica grata","Guthrie & Bolus","Ericaceae",1,0,"Perennial",1,0,1,0,0,1,0,0,0,"Aug","Oct","","",40,0,0,0,1,0,0,0,0,0,0,0,0,0,0,0,0,"Leaf",0,1,0,0,0,0,0.428,0,0,"leaf","",2,"h","i","p"
"Erica gysbertii","Erica gysbertii","ERICACEAE","ERICACEAE","Erica gysbertii","Guthrie & Bolus","Ericaceae",1,0,"Perennial",1,0,1,0,0,1,0,0,0,"Nov","Mar","","",100,0,0,0,1,0,0,0,0,0,0,0,0,0,0,0,0,"Leaf",0,1,0,0,0,0,NA,0,0,"leaf","",2,"m","i","p"
"Erica haematosiphon","Erica haematosiphon","ERICACEAE","ERICACEAE","Erica haematosiphon","Guthrie & Bolus","Ericaceae",1,0,"Perennial",1,0,1,0,0,1,0,0,0,"Nov","Mar","","",120,0,0,0,0,1,0,0,0,0,0,0,0,0,0,0,0,"Leaf",1,0,0,0,0,0,NA,0,0,"leaf","",2,"h","m","p"
"Erica hirtiflora","Erica hirtiflora","ERICACEAE","ERICACEAE","Erica hirtiflora","Curtis","Ericaceae",1,0,"Perennial",1,0,1,0,0,1,0,0,0,"Jan","Dec","","",100,0,0,0,1,0,0,0,0,0,0,0,0,0,0,0,0,"Leaf",1,0,0,0,0,0,3.455555556,0,0,"leaf","",2,"h","i","p"
"Erica hispidula","Erica hispidula","ERICACEAE","ERICACEAE","Erica hispidula","L.","Ericaceae",1,0,"Perennial",1,0,1,0,0,1,0,0,0,"Jan","Dec","","",100,0,0,0,1,0,0,0,0,0,0,0,0,0,0,0,0,"Leaf",0,1,1,0,0,0,0.351727273,0,0,"leaf","",2,"h","w","p"
"Erica imbricata","Erica imbricata","ERICACEAE","ERICACEAE","Erica imbricata","L.","Ericaceae",1,0,"Perennial",1,0,1,0,0,1,0,0,0,"Jan","Dec","","",80,0,0,0,1,0,0,0,0,0,0,0,0,0,0,0,0,"Leaf",1,0,0,0,0,0,0.363784,0,0,"leaf","",2,"h","i","p"
"Erica inflata","Erica inflata","ERICACEAE","ERICACEAE","Erica inflata","Thunb.","Ericaceae",1,0,"Perennial",1,0,1,0,0,1,0,0,0,"Sep","May","","",100,0,0,0,1,0,0,0,0,0,0,0,0,0,0,0,0,"Leaf",1,0,0,0,0,0,NA,0,0,"leaf","",2,"h","i","p"
"Erica infundibuliformis","Erica infundibuliformis","ERICACEAE","ERICACEAE","Erica infundibuliformis","Andrews","Ericaceae",1,0,"Perennial",1,0,1,0,0,1,0,0,0,"Nov","Jul","","",90,0,0,0,1,0,0,0,0,0,0,0,0,0,0,0,0,"Leaf",1,0,0,0,0,0,NA,0,0,"leaf","",2,"h","i","p"
"Erica intervallaris","Erica intervallaris","ERICACEAE","ERICACEAE","Erica intervallaris","Salisb.","Ericaceae",1,0,"Perennial",1,0,1,0,0,1,0,0,0,"Jul","Jan","","",60,0,0,0,1,0,0,0,0,0,0,0,0,0,0,0,0,"Leaf",1,0,0,0,0,0,0.33,0,0,"leaf","",2,"h","i","p"
"Erica intonsa","Erica intonsa","ERICACEAE","ERICACEAE","Erica intonsa","L.Bolus","Ericaceae",1,0,"Perennial",1,0,1,0,0,1,0,0,0,"Oct","Feb","","",30,0,0,0,1,0,0,0,0,0,0,0,0,0,0,0,0,"Leaf",1,1,0,0,0,0,0.264,0,0,"leaf","",2,"m","i","p"
"Erica kougabergensis","Erica kougabergensis","ERICACEAE","ERICACEAE","Erica kougabergensis","H.A.Baker","Ericaceae",1,0,"Perennial",1,0,1,0,0,1,0,0,0,"Sep","Nov","","",50,0,0,0,1,0,0,0,0,0,0,0,0,0,0,0,0,"Leaf",0,1,1,0,0,0,0.246666667,0,0,"leaf","",2,"h","i","p"
"Erica labialis","Erica labialis","ERICACEAE","ERICACEAE","Erica labialis","Salisb.","Ericaceae",1,0,"Perennial",1,0,1,0,0,1,0,0,0,"Jan","Dec","","",50,0,0,0,1,0,0,0,0,0,0,0,0,0,0,0,0,"Leaf",1,0,0,0,0,0,0.292285714,0,0,"leaf","",2,"h","i","p"
"Erica laeta","Erica laeta","ERICACEAE","ERICACEAE","Erica laeta","Bartl.","Ericaceae",1,0,"Perennial",1,0,1,0,0,1,0,0,0,"Dec","Apr","","",40,0,0,0,1,0,0,0,0,0,0,0,0,0,0,0,0,"Leaf",1,0,0,0,0,0,0.45875,0,0,"leaf","",2,"h","i","p"
"Erica lasciva","Erica lasciva","ERICACEAE","ERICACEAE","Erica lasciva","Salisb.","Ericaceae",1,0,"Perennial",1,0,1,0,0,1,0,1,0,"Feb","Aug","","",90,0,0,0,1,0,0,0,0,0,0,0,0,0,0,0,0,"Leaf",1,0,0,0,0,0,0.2375,0,0,"leaf","",3,"h","i","p"
"Erica longimontana","Erica longimontana","ERICACEAE","ERICACEAE","Erica longimontana","E.G.H.Oliv.","Ericaceae",1,0,"Perennial",1,0,1,0,0,1,0,0,0,"Dec","Jun","","",60,0,0,0,1,0,0,0,0,0,0,0,0,0,0,0,0,"Leaf",0,1,0,0,0,0,NA,0,0,"leaf","",2,"h","i","p"
"Erica macowanii","Erica macowanii","ERICACEAE","ERICACEAE","Erica macowanii","Cufino","Ericaceae",1,0,"Perennial",1,0,1,0,0,1,0,0,0,"Aug","Mar","","",150,0,0,0,0,1,0,0,0,0,0,0,0,0,0,0,0,"Leaf",1,0,0,0,0,0,NA,0,0,"leaf","",2,"h","m","p"
"Erica madida","Erica madida","ERICACEAE","ERICACEAE","Erica madida","E.G.H.Oliv.","Ericaceae",1,0,"Perennial",1,0,1,0,0,1,0,0,0,"Nov","Dec","","",250,0,0,0,0,0,1,0,0,0,0,0,0,0,0,0,0,"Leaf",0,0,1,0,0,0,0.2,0,0,"leaf","",2,"h","w","p"
"Erica mammosa","Erica mammosa","ERICACEAE","ERICACEAE","Erica mammosa","L.","Ericaceae",1,0,"Perennial",1,0,1,0,0,1,0,1,0,"Nov","May","","",150,0,0,0,0,1,0,0,0,0,0,0,0,0,0,0,0,"Leaf",1,0,0,0,0,0,0.844444444,0,0,"leaf","",3,"h","m","p"
"Erica massonii","Erica massonii","ERICACEAE","ERICACEAE","Erica massonii","L.f.","Ericaceae",1,0,"Perennial",1,0,1,0,0,1,0,0,0,"Nov","Mar","","",100,0,0,0,1,0,0,0,0,0,0,0,0,0,0,0,0,"Leaf",1,1,0,0,0,0,0.49,0,0,"leaf","",2,"m","m","p"
"Erica melanthera","Erica melanthera","ERICACEAE","ERICACEAE","Erica melanthera","L.","Ericaceae",1,0,"Perennial",1,0,1,0,0,1,0,0,0,"Jun","Dec","","",60,0,0,0,1,0,0,0,0,0,0,0,0,0,0,0,0,"Leaf",1,1,0,0,0,0,0.252,0,0,"leaf","",2,"h","i","p"
"Erica monadelphia","Erica monadelphia","ERICACEAE","ERICACEAE","Erica monadelphia","Andrews","Ericaceae",1,0,"Perennial",1,0,1,0,0,1,0,1,0,"Jan","Apr","","",50,0,0,0,1,0,0,0,0,0,0,0,0,0,0,0,0,"Leaf",1,0,0,0,0,0,NA,0,0,"leaf","",2,"h","m","p"
"Erica mucronata","Erica mucronata","ERICACEAE","ERICACEAE","Erica mucronata","Andrews","Ericaceae",1,0,"Perennial",1,0,1,0,0,1,0,0,0,"Nov","Jan","","",50,0,0,0,1,0,0,0,0,0,0,0,0,0,0,0,0,"Leaf",1,1,0,0,0,0,NA,0,0,"leaf","",2,"h","i","p"
"Erica multumbellifera","Erica multumbellifera","ERICACEAE","ERICACEAE","Erica multumbellifera","P.J.Bergius","Ericaceae",1,0,"Perennial",1,0,1,0,0,1,0,0,0,"Nov","Jun","","",40,0,0,0,1,0,0,0,0,0,0,0,0,0,0,0,0,"Leaf",1,0,0,0,0,0,NA,0,0,"leaf","",2,"h","i","p"
"Erica muscosa","Erica muscosa","ERICACEAE","ERICACEAE","Erica muscosa","(Aiton) E.G.H.Oliv.","Ericaceae",1,0,"Perennial",1,0,1,0,0,1,0,0,0,"Jan","Dec","","",100,0,0,0,1,0,0,0,0,0,0,0,0,0,0,0,0,"Leaf",1,0,0,0,0,0,0.476,0,0,"leaf","",2,"h","w","p"
"Erica nabea","Erica nabea","ERICACEAE","ERICACEAE","Erica nabea","Guthrie & Bolus","Ericaceae",1,0,"Perennial",1,0,1,0,0,1,0,0,0,"May","Aug","","",150,0,0,0,0,1,0,0,0,0,0,0,0,0,0,0,0,"Leaf",1,0,0,0,0,0,NA,0,0,"leaf","",2,"h","i","p"
"Erica newdigateae","Erica newdigateae","ERICACEAE","ERICACEAE","Erica newdigateae","Dulfer","Ericaceae",1,0,"Perennial",1,0,1,0,0,1,0,0,0,"Jun","Oct","","",50,0,0,0,1,0,0,0,0,0,0,0,0,0,0,0,0,"Leaf",1,1,0,0,0,0,0.263333333,0,0,"leaf","",2,"h","i","p"
"Erica nudiflora","Erica nudiflora","ERICACEAE","ERICACEAE","Erica nudiflora","L.","Ericaceae",1,0,"Perennial",1,0,1,0,0,1,0,0,0,"Feb","Jun","","",30,0,0,0,1,0,0,0,0,0,0,0,0,0,0,0,0,"Leaf",1,0,0,0,0,0,0.375,0,0,"leaf","",2,"h","i","p"
"Erica nutans","Erica deliciosa","ERICACEAE","ERICACEAE","Erica nutans","J.C.Wendl.","Ericaceae",1,0,"Perennial",1,0,1,0,0,1,0,0,0,"Jun","Dec","","",150,0,0,0,0,1,0,0,0,0,0,0,0,0,0,0,0,"Leaf",1,0,0,0,0,0,NA,0,0,"leaf","",2,"h","i","p"
"Erica obliqua","Erica obliqua","ERICACEAE","ERICACEAE","Erica obliqua","F.A.Bauer","Ericaceae",1,0,"Perennial",1,0,1,0,0,1,0,0,0,"Nov","May","","",50,0,0,0,1,0,0,0,0,0,0,0,0,0,0,0,0,"Leaf",1,0,0,0,0,0,0.3875,0,0,"leaf","",2,"h","i","p"
"Erica omninoglabra","Erica omninoglabra","ERICACEAE","ERICACEAE","Erica omninoglabra","H.A.Baker","Ericaceae",1,0,"Perennial",1,0,1,0,0,1,0,0,0,"Sep","Dec","","",10,0,0,0,1,0,0,0,0,0,0,0,0,0,0,0,0,"Leaf",1,1,0,0,0,0,NA,0,0,"leaf","",2,"l","i","p"
"Erica oresigena","Erica oresigena","ERICACEAE","ERICACEAE","Erica oresigena","Bolus","Ericaceae",1,0,"Perennial",1,0,1,0,0,1,0,0,0,"Oct","Jan","","",200,0,0,0,0,0,1,0,0,0,0,0,0,0,0,0,0,"Leaf",1,0,0,0,0,0,NA,0,0,"leaf","",2,"h","i","p"
"Erica palliiflora","Erica palliiflora","ERICACEAE","ERICACEAE","Erica palliiflora","Salisb.","Ericaceae",1,0,"Perennial",1,0,1,0,0,1,0,0,0,"Oct","Apr","","",60,0,0,0,1,0,0,0,0,0,0,0,0,0,0,0,0,"Leaf",1,0,0,0,0,0,0.4,0,0,"leaf","",2,"m","i","p"
"Erica parilis","Erica parilis","ERICACEAE","ERICACEAE","Erica parilis","Salisb.","Ericaceae",1,0,"Perennial",1,0,1,0,0,1,0,1,0,"Jan","May","","",100,0,0,0,1,0,0,0,0,0,0,0,0,0,0,0,0,"Leaf",1,0,0,0,0,0,NA,0,0,"leaf","",3,"h","i","p"
"Erica parviflora","Erica parviflora","ERICACEAE","ERICACEAE","Erica parviflora","L.","Ericaceae",1,0,"Perennial",1,0,1,0,0,1,0,0,0,"Apr","Nov","","",100,0,0,0,1,0,0,0,0,0,0,0,0,0,0,0,0,"Leaf",1,0,0,0,0,0,NA,0,0,"leaf","",2,"h","i","p"
"Erica passerinaee","Erica passerinae","ERICACEAE","ERICACEAE","Erica passerina","Montin","Ericaceae",1,0,"Perennial",1,0,1,0,0,1,0,1,0,"Jul","Oct","","",60,0,0,0,1,0,0,0,0,0,0,0,0,0,0,0,0,"Leaf",0,1,1,0,0,0,0.378333333,0,0,"leaf","",3,"h","i","p"
"Erica pectinifolia","Erica pectinifolia","ERICACEAE","ERICACEAE","Erica pectinifolia","Salisb.","Ericaceae",1,0,"Perennial",1,0,1,0,0,1,0,1,0,"Jan","Dec","","",150,0,0,0,0,1,0,0,0,0,0,0,0,0,0,0,0,"Leaf",1,0,0,0,0,0,0.53,0,0,"leaf","",2,"h","m","p"
"Erica penicilliformis","Erica penicilliformis","ERICACEAE","ERICACEAE","Erica penicilliformis","Salisb.","Ericaceae",1,0,"Perennial",1,0,1,0,0,1,0,0,0,"Jan","Dec","","",50,0,0,0,1,0,0,0,0,0,0,0,0,0,0,0,0,"Leaf",1,0,0,0,0,0,NA,0,0,"leaf","",2,"h","i","p"
"Erica perspicua","Erica perspicua","ERICACEAE","ERICACEAE","Erica perspicua","J.C.Wendl.","Ericaceae",1,0,"Perennial",1,0,1,0,0,1,0,0,0,"Sep","Apr","","",200,0,0,0,0,0,1,0,0,0,0,0,0,0,0,0,0,"Leaf",1,0,0,0,0,0,0.338,0,0,"leaf","",2,"h","m","p"
"Erica petraea","Erica petraea","ERICACEAE","ERICACEAE","Erica petraea","Benth.","Ericaceae",1,0,"Perennial",1,0,1,0,0,1,0,0,0,"Jan","Jul","","",40,0,0,0,1,0,0,0,0,0,0,0,0,0,0,0,0,"Leaf",1,1,0,0,0,0,0.283333333,0,0,"leaf","",2,"h","i","p"
"Erica placentiflora","Erica placentiflora","ERICACEAE","ERICACEAE","Erica placentiflora","Salisb.","Ericaceae",1,0,"Perennial",1,0,1,0,0,1,0,0,0,"Jun","Dec","","",60,0,0,0,1,0,0,0,0,0,0,0,0,0,0,0,0,"Leaf",1,0,0,0,0,0,0.3975,0,0,"leaf","",2,"h","i","p"
"Erica plukenetii","Erica breviflora","ERICACEAE","ERICACEAE","Erica plukenetii","L.","Ericaceae",1,0,"Perennial",1,0,1,0,0,1,0,0,0,"Sep","Jan","","",150,0,0,0,0,1,0,0,0,0,0,0,0,0,0,0,0,"Leaf",1,0,0,0,0,0,0.961,0,0,"leaf","",2,"h","m","p"
"Erica plumosa","Erica plumosa","ERICACEAE","ERICACEAE","Erica plumosa","Thunb.","Ericaceae",1,0,"Perennial",1,0,1,0,0,1,0,0,0,"Jun","Sep","","",50,0,0,0,1,0,0,0,0,0,0,0,0,0,0,0,0,"Leaf",0,1,1,0,0,0,0.202,0,0,"leaf","",2,"h","i","p"
"Erica podophylla","Erica podophylla","ERICACEAE","ERICACEAE","Erica podophylla","Benth.","Ericaceae",1,0,"Perennial",1,0,1,0,0,1,0,0,0,"Oct","Dec","","",50,0,0,0,1,0,0,0,0,0,0,0,0,0,0,0,0,"Leaf",1,0,0,0,0,0,NA,0,0,"leaf","",2,"h","i","p"
"Erica pubigera","Erica pubigera","ERICACEAE","ERICACEAE","Erica pubigera","Salisb.","Ericaceae",1,0,"Perennial",1,0,1,0,0,1,0,0,0,"Aug","Oct","","",80,0,0,0,1,0,0,0,0,0,0,0,0,0,0,0,0,"Leaf",1,0,0,0,0,0,NA,0,0,"leaf","",2,"h","i","p"
"Erica pulchella","Erica pulchella","ERICACEAE","ERICACEAE","Erica pulchella","Houtt.","Ericaceae",1,0,"Perennial",1,0,1,0,0,1,0,0,0,"Dec","May","","",60,0,0,0,1,0,0,0,0,0,0,0,0,0,0,0,0,"Leaf",1,0,0,0,0,0,0.860909091,0,0,"leaf","",2,"h","i","p"
"Erica quadrangularis","Erica quadrangularis","ERICACEAE","ERICACEAE","Erica quadrangularis","Salisb.","Ericaceae",1,0,"Perennial",1,0,1,0,0,1,0,0,0,"Jul","Dec","","",50,0,0,0,1,0,0,0,0,0,0,0,0,0,0,0,0,"Leaf",1,0,0,0,0,0,NA,0,0,"leaf","",2,"h","i","p"
"Erica regerminans","Erica regerminans","ERICACEAE","ERICACEAE","Erica regerminans","L.","Ericaceae",1,0,"Perennial",1,0,1,0,0,1,0,0,0,"Aug","Dec","","",150,0,0,0,0,1,0,0,0,0,0,0,0,0,0,0,0,"Leaf",1,0,0,0,0,0,NA,0,0,"leaf","",2,"h","i","p"
"Erica retorta","Erica retorta","ERICACEAE","ERICACEAE","Erica retorta","L.f.","Ericaceae",1,0,"Perennial",1,0,1,0,0,1,0,0,0,"Jan","Dec","","",30,0,0,0,1,0,0,0,0,0,0,0,0,0,0,0,0,"Leaf",0,1,0,0,0,0,NA,0,0,"leaf","",2,"m","i","p"
"Erica rhodantha","Erica rhodantha","ERICACEAE","ERICACEAE","Erica rhodella","E.C.Nelson & E.G.H.Oliv.","Ericaceae",1,0,"Perennial",1,0,1,0,0,1,0,0,0,"Sep","Oct","","",30,0,0,0,1,0,0,0,0,0,0,0,0,0,0,0,0,"Leaf",1,1,0,0,0,0,NA,0,0,"leaf","",2,"h","i","p"
"Erica rigidula","Erica rigidula","ERICACEAE","ERICACEAE","Erica rigidula","(N.E.Br.) E.G.H.Oliv.","Ericaceae",1,0,"Perennial",1,0,1,0,0,1,0,0,0,"Jul","Jan","","",50,0,0,0,1,0,0,0,0,0,0,0,0,0,0,0,0,"Leaf",0,1,1,0,0,0,0.1,0,0,"leaf","",2,"h","w","p"
"Erica rosacea","Erica rosacea","ERICACEAE","ERICACEAE","Erica rosacea","(L.Guthrie) E.G.H.Oliv.","Ericaceae",1,0,"Perennial",1,0,1,0,0,1,0,1,0,"Mar","Oct","","",50,0,0,0,1,0,0,0,0,0,0,0,0,0,0,0,0,"Leaf",1,0,0,0,0,0,0.185875,0,0,"leaf","",2,"h","i","p"
"Erica seriphiifolia","Erica seriphiifolia","ERICACEAE","ERICACEAE","Erica seriphiifolia","Salisb.","Ericaceae",1,0,"Perennial",1,0,1,0,0,1,0,0,0,"Sep","Jan","","",30,0,0,0,1,0,0,0,0,0,0,0,0,0,0,0,0,"Leaf",1,0,0,0,0,0,NA,0,0,"leaf","",2,"h","i","p"
"Erica serrata","Erica serrata","ERICACEAE","ERICACEAE","Erica serrata","Thunb.","Ericaceae",1,0,"Perennial",1,0,1,0,0,1,0,0,0,"Jan","Dec","","",100,0,0,0,1,0,0,0,0,0,0,0,0,0,0,0,0,"Leaf",1,1,0,0,0,0,0.324,0,0,"leaf","",2,"h","w","p"
"Erica sessiliflora","Erica sessiliflora","ERICACEAE","ERICACEAE","Erica sessiliflora","L.f.","Ericaceae",1,0,"Perennial",1,0,1,0,0,1,0,0,1,"Jan","Dec","","",200,0,0,0,0,0,1,0,0,0,0,0,0,0,0,0,0,"Leaf",1,0,0,0,0,0,0.698,0,0,"leaf","",2,"h","m","p"
"Erica similis","Erica similis","ERICACEAE","ERICACEAE","Erica similis","(N.E.Br.) E.G.H.Oliv.","Ericaceae",1,0,"Perennial",1,0,1,0,0,1,0,0,0,"Feb","Jul","","",30,0,0,0,1,0,0,0,0,0,0,0,0,0,0,0,0,"Leaf",1,0,0,0,0,0,1.34,0,0,"leaf","",2,"h","i","p"
"Erica simulans","Erica simulans","ERICACEAE","ERICACEAE","Erica simulans","Dulfer","Ericaceae",1,0,"Perennial",1,0,1,0,0,1,0,0,0,"Jan","Dec","","",200,0,0,0,1,0,0,0,0,0,0,0,0,0,0,0,0,"Leaf",1,0,0,0,0,0,NA,0,0,"leaf","",2,"h","w","p"
"Erica sitiens","Erica sitiens","ERICACEAE","ERICACEAE","Erica sitiens","Klotzsch","Ericaceae",1,0,"Perennial",1,0,1,0,0,1,0,0,0,"Jan","Dec","","",60,0,0,0,1,0,0,0,0,0,0,0,0,0,0,0,0,"Leaf",1,0,0,0,0,0,0.63,0,0,"leaf","",2,"h","i","p"
"Erica sparrmannii","Erica sparrmannii","ERICACEAE","ERICACEAE","Erica sparrmannii","L.f.","Ericaceae",1,0,"Perennial",1,0,1,0,0,1,0,0,0,"Jan","Dec","","",100,0,0,0,1,0,0,0,0,0,0,0,0,0,0,0,0,"Leaf",1,1,0,0,0,0,0.523333333,0,0,"leaf","",2,"h","i","p"
"Erica spumosa","Erica spumosa","ERICACEAE","ERICACEAE","Erica spumosa","L.","Ericaceae",1,0,"Perennial",1,0,1,0,0,1,0,0,0,"Aug","Dec","","",45,0,0,0,1,0,0,0,0,0,0,0,0,0,0,0,0,"Leaf",1,0,0,0,0,0,0.38,0,0,"leaf","",2,"m","i","p"
"Erica squarrosa","Erica squarrosa","ERICACEAE","ERICACEAE","Erica squarrosa","Salisb.","Ericaceae",1,0,"Perennial",1,0,1,0,0,1,0,0,0,"Nov","Feb","","",30,0,0,0,1,0,0,0,0,0,0,0,0,0,0,0,0,"Leaf",1,1,0,0,0,0,NA,0,0,"leaf","",2,"h","i","p"
"Erica stenantha","Erica stenantha","ERICACEAE","ERICACEAE","Erica cylindrica","Thunb.","Ericaceae",1,0,"Perennial",1,0,1,0,0,1,0,0,0,"Aug","Dec","","",50,0,0,0,1,0,0,0,0,0,0,0,0,0,0,0,0,"Leaf",1,0,0,0,0,0,NA,0,0,"leaf","",2,"h","i","p"
"Erica strigilifolia","Erica strigilifolia","ERICACEAE","ERICACEAE","Erica strigilifolia","Salisb.","Ericaceae",1,0,"Perennial",1,0,1,0,0,1,0,1,0,"Jan","Dec","","",100,0,0,0,1,0,0,0,0,0,0,0,0,0,0,0,0,"Leaf",1,0,0,0,0,0,0.523888889,0,0,"leaf","",2,"h","i","p"
"Erica subcapitata","Erica subcapitata","ERICACEAE","ERICACEAE","Erica subcapitata","(N.E.Br.) E.G.H.Oliv.","Ericaceae",1,0,"Perennial",1,0,1,0,0,1,0,0,0,"Sep","Apr","","",80,0,0,0,1,0,0,0,0,0,0,0,0,0,0,0,0,"Leaf",1,0,0,0,0,0,0.284,0,0,"leaf","",2,"h","w","p"
"Erica subdivaricata","Erica subdivaricata","ERICACEAE","ERICACEAE","Erica subdivaricata","P.J.Bergius","Ericaceae",1,0,"Perennial",1,0,1,0,0,1,0,0,0,"Jan","Jun","Nov","Nov",100,0,0,0,1,0,0,0,0,0,0,0,0,0,0,0,0,"Leaf",1,0,0,0,0,0,0.3132,0,0,"leaf","",2,"m","i","p"
"Erica thamnoides","Erica thamnoides","ERICACEAE","ERICACEAE","Erica thamnoides","E.G.H.Oliv.","Ericaceae",1,0,"Perennial",1,0,1,0,0,1,0,0,0,"Jan","Dec","","",150,0,0,0,0,1,0,0,0,0,0,0,0,0,0,0,0,"Leaf",1,0,0,0,0,0,0.166666667,0,0,"leaf","",2,"h","w","p"
"Erica thomae","Erica tenax","ERICACEAE","ERICACEAE","Erica thomae","L.Bolus","Ericaceae",1,0,"Perennial",1,0,1,0,0,1,0,0,0,"Dec","Mar","","",100,0,0,0,1,0,0,0,0,0,0,0,0,0,0,0,0,"Leaf",1,0,0,0,0,0,1.344,0,0,"leaf","",2,"h","m","p"
"Erica trachysantha","Erica trachysantha","ERICACEAE","ERICACEAE","Erica trachysantha","Bolus","Ericaceae",1,0,"Perennial",1,0,1,0,0,1,0,0,0,"Aug","Nov","","",60,0,0,0,1,0,0,0,0,0,0,0,0,0,0,0,0,"Leaf",0,1,1,0,0,0,NA,0,0,"leaf","",2,"m","i","p"
"Erica tragulifera","Erica tragulifera","ERICACEAE","ERICACEAE","Erica tragulifera","Salisb.","Ericaceae",1,0,"Perennial",1,0,1,0,0,1,0,0,0,"Jul","Nov","","",50,0,0,0,1,0,0,0,0,0,0,0,0,0,0,0,0,"Leaf",1,0,0,0,0,0,NA,0,0,"leaf","",2,"h","i","p"
"Erica transparens","Erica transparens","ERICACEAE","ERICACEAE","Erica transparens","P.J.Bergius","Ericaceae",1,0,"Perennial",1,0,1,0,0,1,0,0,0,"Nov","Mar","","",40,0,0,0,1,0,0,0,0,0,0,0,0,0,0,0,0,"Leaf",1,0,0,0,0,0,NA,0,0,"leaf","",2,"h","i","p"
"Erica triceps","Erica triceps","ERICACEAE","ERICACEAE","Erica triceps","Link","Ericaceae",1,0,"Perennial",1,0,1,0,0,1,0,0,0,"Jan","Dec","","",60,0,0,0,1,0,0,0,0,0,0,0,0,0,0,0,0,"Leaf",1,0,0,0,0,0,0.392,0,0,"leaf","",2,"h","i","p"
"Erica tristis","Erica tristis","ERICACEAE","ERICACEAE","Erica tristis","Bartl.","Ericaceae",1,0,"Perennial",1,0,1,0,0,1,0,0,0,"Nov","May","","",300,0,0,0,0,0,1,1,0,0,0,0,0,0,0,0,0,"Leaf",1,1,0,0,0,0,0.28,0,0,"leaf","",3,"h","w","p"
"Erica uberiflora","Erica uberiflora","ERICACEAE","ERICACEAE","Erica uberiflora","E.G.H.Oliv.","Ericaceae",1,0,"Perennial",1,0,1,0,0,1,0,0,0,"Nov","May","","",100,0,0,0,1,0,0,0,0,0,0,0,0,0,0,0,0,"Leaf",1,0,0,0,0,0,NA,0,0,"leaf","",2,"h","i","p"
"Erica umbelliflora","Erica umbelliflora","ERICACEAE","ERICACEAE","Erica umbelliflora","Klotzsch ex Benth.","Ericaceae",1,0,"Perennial",1,0,1,0,0,1,0,1,0,"May","Nov","","",40,0,0,0,1,0,0,0,0,0,0,0,0,0,0,0,0,"Leaf",1,1,0,0,0,0,0.316666667,0,0,"leaf","",2,"h","i","p"
"Erica unilateralis","Erica unilateralis","ERICACEAE","ERICACEAE","Erica unilateralis","Klotzsch ex Benth.","Ericaceae",1,0,"Perennial",1,0,1,0,0,1,0,1,0,"Feb","Aug","","",60,0,0,0,1,0,0,0,0,0,0,0,0,0,0,0,0,"Leaf",1,0,0,0,0,0,NA,0,0,"leaf","",2,"h","i","p"
"Erica velitaris","Erica velitaris","ERICACEAE","ERICACEAE","Erica velitaris","Salisb.","Ericaceae",1,0,"Perennial",1,0,1,0,0,1,0,0,0,"?","?","","",30,0,0,0,1,0,0,0,0,0,0,0,0,0,0,0,0,"Leaf",1,0,0,0,0,0,NA,0,0,"leaf","",2,"h","i","p"
"Erica verecunda","Erica verecunda","ERICACEAE","ERICACEAE","Erica verecunda","Salisb.","Ericaceae",1,0,"Perennial",1,0,1,0,0,1,0,1,0,"Jan","Jul","","",150,0,0,0,0,1,0,0,0,0,0,0,0,0,0,0,0,"Leaf",1,1,0,0,0,0,0.424,0,0,"leaf","",2,"h","i","p"
"Erica versicolor","Erica versicolor","ERICACEAE","ERICACEAE","Erica versicolor","Andrews","Ericaceae",1,0,"Perennial",1,0,1,0,0,1,0,0,0,"Jan","Dec","","",200,0,0,0,0,0,1,0,0,0,0,0,0,0,0,0,0,"Leaf",1,0,0,0,0,0,0.535,0,0,"leaf","",2,"h","m","p"
"Erica vestita","Erica vestita","ERICACEAE","ERICACEAE","Erica vestita","Thunb.","Ericaceae",1,0,"Perennial",1,0,1,0,0,1,0,0,0,"Jan","Dec","","",100,0,0,0,1,0,0,0,0,0,0,0,0,0,0,0,0,"Leaf",1,0,0,0,0,0,1.948,0,0,"leaf","",2,"h","m","p"
"Erica viscaria","Erica patersonia","ERICACEAE","ERICACEAE","Erica viscaria","L.","Ericaceae",1,0,"Perennial",1,0,1,0,0,1,0,0,0,"Apr","Nov","","",100,0,0,0,1,0,0,0,0,0,0,0,0,0,0,0,0,"Leaf",1,0,0,0,0,0,5.462,0,0,"leaf","",2,"h","m","p"
"Erica winteri","Erica winteri","ERICACEAE","ERICACEAE","Erica lambertii","Andrews","Ericaceae",1,0,"Perennial",1,0,1,0,0,1,0,0,0,"May","Oct","","",100,0,0,0,1,0,0,0,0,0,0,0,0,0,0,0,0,"Leaf",1,0,0,0,0,0,NA,0,0,"leaf","",2,"h","i","p"
"Eriocephalus africanus","Eriocephalus africanus","ASTERACEAE","ASTERACEAE","Eriocephalus africanus","L.","Asteraceae",1,0,"Perennial",1,0,1,0,0,0,0,0,0,"Jan","Jun","","",100,0,0,0,1,0,0,0,0,0,0,0,0,0,0,0,0,"Leaf",1,0,0,0,0,0,0.974117647,0,0,"leaf","",2,"h","i","w"
"Eriocephalus racemosus","Eriocephalus racemosus","ASTERACEAE","ASTERACEAE","Eriocephalus racemosus","L.","Asteraceae",1,0,"Perennial",1,0,1,0,0,0,0,0,0,"Jul","Sep","","",150,0,0,0,0,1,0,0,0,0,0,0,0,0,0,0,0,"Leaf",1,0,0,0,0,0,0.62,0,0,"leaf","",2,"h","i","w"
"Eriospermum capense","Eriospermum capense","CONVALLARIACEAE","ERIOSPERMACEAE","Eriospermum capense","(L.) T.M.Salter","Asparagaceae",1,0,"Perennial",1,0,0,1,1,1,0,1,0,"Nov","Mar","","",50,0,1,0,0,0,0,0,0,0,0,0,0,0,0,0,0,"Leaf",0,0,1,0,0,0,NA,0,0,"leaf","",2,"l","i","w"
"Eriospermum lanuginosum","Eriospermum lanuginosum","CONVALLARIACEAE","ERIOSPERMACEAE","Eriospermum lanuginosum","Jacq.","Asparagaceae",1,0,"Perennial",1,0,0,1,1,1,0,1,0,"Feb","Mar","","",38,0,1,0,0,0,0,0,0,0,0,0,0,0,0,0,0,"Leaf",0,0,1,0,0,0,NA,0,0,"leaf","",2,"l","i","w"
"Euchaetis vallis-simiae","Euchaetis vallis-simiae","RUTACEAE","RUTACEAE","Euchaetis vallis-simiae","I.Williams","Rutaceae",1,0,"Perennial",1,0,1,0,0,0,0,0,0,"Aug","Oct","","",120,0,0,0,1,0,0,0,0,0,0,0,0,0,0,0,0,"Leaf",0,0,1,0,0,0,0.555,0,0,"leaf","",2,"h","i","p"
"Euclea acutifolia","Euclea acutifolia","EBENACEAE","EBENACEAE","Euclea acutifolia","E.Mey. ex A.DC.","Ebenaceae",1,0,"Perennial",0,1,1,0,0,0,0,1,0,"Aug","Sep","","",100,0,0,0,1,0,0,0,0,0,0,0,0,0,0,0,0,"Leaf",0,0,1,0,0,0,NA,0,0,"leaf","",3,"h","i","m"
"Euclea crispa","Euclea crispa","EBENACEAE","EBENACEAE","Euclea crispa","(Thunb.) Gürke","Ebenaceae",1,0,"Perennial",0,1,1,0,0,0,0,1,0,"Sep","Feb","","",800,0,0,0,0,0,1,1,0,0,0,0,0,0,0,0,0,"Leaf",0,1,1,0,0,0,NA,0,0,"leaf","",3,"h","i","m"
"Euclea lancea","Euclea lancea","EBENACEAE","EBENACEAE","Euclea lancea","Thunb.","Ebenaceae",1,0,"Perennial",0,1,1,0,0,0,0,1,0,"Sep","Sep","","",100,0,0,0,1,0,0,0,0,0,0,0,0,0,0,0,0,"Leaf",0,0,1,0,0,0,5.1,0,0,"leaf","",3,"h","i","m"
"Euclea natalensis","Euclea natalensis","EBENACEAE","EBENACEAE","Euclea natalensis","A.DC.","Ebenaceae",1,0,"Perennial",0,1,1,0,0,0,0,1,0,"May","Jan","","",1200,0,0,0,0,0,1,1,0,0,0,0,0,0,0,0,0,"Leaf",0,0,1,0,0,0,NA,0,0,"leaf","",3,"h","i","m"
"Euclea polyandra","Euclea polyandra","EBENACEAE","EBENACEAE","Euclea polyandra","(L.f.) E.Mey. ex Hiern","Ebenaceae",1,0,"Perennial",0,1,1,0,0,0,0,1,0,"Oct","Nov","","",250,0,0,0,0,1,1,0,0,0,0,0,0,0,0,0,0,"Leaf",0,0,1,0,0,0,4.145454545,0,0,"leaf","",3,"h","i","m"
"Euclea racemosa","Euclea racemosa","EBENACEAE","EBENACEAE","Euclea racemosa","L.","Ebenaceae",1,0,"Perennial",0,1,1,0,0,0,0,1,0,"Dec","Jun","","",600,0,0,0,0,0,1,1,0,0,0,0,0,0,0,0,0,"Leaf",0,0,1,0,0,0,4.06,0,0,"leaf","",3,"h","i","m"
"Euclea schimperi","Euclea schimperi","EBENACEAE","EBENACEAE","Euclea racemosa subsp. schimperi","(A.DC.) F.White","Ebenaceae",1,0,"Perennial",0,1,1,0,0,0,0,1,0,"Dec","May","","",800,0,0,0,0,0,0,1,0,0,0,0,0,0,0,0,0,"Leaf",0,0,1,0,0,0,3.783333333,0,0,"leaf","",3,"h","i","m"
"Euclea tomentosa","Euclea tomentosa","EBENACEAE","EBENACEAE","Euclea tomentosa","E.Mey. ex A.DC.","Ebenaceae",1,0,"Perennial",0,1,1,0,0,0,0,1,0,"Sep","Oct","","",150,0,0,0,0,0,1,1,0,0,0,0,0,0,0,0,0,"Leaf",0,0,1,0,0,0,5.9,0,0,"leaf","",3,"h","i","m"
"Euclea undulata","Euclea undulata","EBENACEAE","EBENACEAE","Euclea undulata","Thunb.","Ebenaceae",1,0,"Perennial",0,1,1,0,0,0,0,1,0,"Dec","Apr","","",700,0,0,0,0,0,1,1,0,0,0,0,0,0,0,0,0,"Leaf",0,1,0,0,0,0,2.266666667,0,0,"leaf","",3,"m","i","m"
"Euphorbia erythrina","Euphorbia erythrina","EUPHORBIACEAE","EUPHORBIACEAE","Euphorbia genistoides","P.J.Bergius","Euphorbiaceae",1,0,"Perennial",1,0,1,0,0,0,0,0,0,"Jul","Oct","","",80,1,0,0,0,0,0,0,0,0,0,0,0,0,0,0,0,"Leaf",0,0,1,0,0,0,0.9,0,0,"leaf","yes",2,"l","i","i"
"Euphorbia genistoides","Euphorbia genistoides","EUPHORBIACEAE","EUPHORBIACEAE","Euphorbia genistoides","P.J.Bergius","Euphorbiaceae",1,0,"Perennial",1,0,1,0,0,0,0,0,0,"Jul","Oct","","",80,1,0,0,0,0,0,0,0,0,0,0,0,0,0,0,0,"Leaf",1,0,0,0,0,0,1.5,0,0,"leaf","yes",2,"l","i","i"
"Euphorbia grandidens","Euphorbia grandidens","EUPHORBIACEAE","EUPHORBIACEAE","Euphorbia grandidens","Haw.","Euphorbiaceae",1,0,"Perennial",1,0,1,1,0,0,0,0,0,"Jun","Aug","","",1600,0,0,0,0,0,0,1,0,0,0,0,0,1,0,1,0,"Leaf",0,0,1,0,0,0,12.02,1,1,"culm_stem","yes",3,"l","i","i"
"Euphorbia heptagona","Euphorbia heptagona","EUPHORBIACEAE","EUPHORBIACEAE","Euphorbia heptagona","L.","Euphorbiaceae",1,0,"Perennial",1,0,1,0,0,0,0,0,0,"Jun","Nov","","",100,0,0,0,0,1,0,0,0,0,0,0,0,1,0,1,0,"Leaf",0,0,1,0,0,0,11.855,1,1,"culm_stem","yes",3,"l","i","i"
"Euphorbia loricata","Euphorbia loricata","EUPHORBIACEAE","EUPHORBIACEAE","Euphorbia loricata","Lam.","Euphorbiaceae",1,0,"Perennial",1,0,1,0,0,0,0,0,0,"May","Sep","","",150,0,0,0,0,1,0,0,0,0,0,0,0,1,0,1,0,"Leaf",0,1,0,0,0,0,2.9,0,1,"mixed","yes",3,"l","i","i"
"Euphorbia mauritanica","Euphorbia mauritanica","EUPHORBIACEAE","EUPHORBIACEAE","Euphorbia mauritanica","L.","Euphorbiaceae",1,0,"Perennial",1,0,1,0,0,0,0,0,0,"May","Oct","","",200,0,0,0,0,0,1,0,0,0,0,0,0,1,0,1,0,"Leaf",0,1,0,0,0,0,11.34333333,1,1,"culm_stem","mixed",3,"l","i","i"
"Euphorbia polygona","Euphorbia polygona","EUPHORBIACEAE","EUPHORBIACEAE","Euphorbia polygona","Haw.","Euphorbiaceae",1,0,"Perennial",1,0,1,0,0,0,0,0,0,"Feb","Jun","","",200,0,0,0,0,0,1,0,0,0,0,0,0,1,0,1,0,"Leaf",0,1,0,0,0,0,NA,1,1,"culm_stem","",3,"l","i","i"
"Euphorbia rhombifolia","Euphorbia rhombifolia","EUPHORBIACEAE","EUPHORBIACEAE","Euphorbia rhombifolia","Boiss.","Euphorbiaceae",1,0,"Perennial",1,0,1,0,0,0,0,0,0,"Jun","Nov","","",50,0,0,0,1,0,0,0,0,0,0,0,0,1,0,1,0,"Leaf",0,1,0,0,0,0,13.83333333,1,1,"culm_stem","yes",3,"l","i","i"
"Euphorbia silenifolia","Euphorbia silenifolia","EUPHORBIACEAE","EUPHORBIACEAE","Euphorbia silenifolia","Sweet","Euphorbiaceae",1,0,"Perennial",1,0,1,0,0,0,0,1,0,"Jun","Sep","","",5,1,0,0,0,0,0,0,0,0,0,0,0,1,0,1,1,"Leaf",0,1,0,0,0,0,32.91,0,0,"leaf","no",3,"l","i","i"
"Euphorbia tuberosa","Euphorbia tuberosa","EUPHORBIACEAE","EUPHORBIACEAE","Euphorbia tuberosa","L.","Euphorbiaceae",1,0,"Perennial",0,1,1,0,0,0,0,1,0,"Jun","Sep","","",5,1,0,0,0,0,0,0,0,0,0,0,0,1,0,1,1,"Leaf",0,1,0,0,0,0,3.2,0,0,"leaf","no",3,"l","i","i"
"Euryops abrotanifolius","Euryops abrotanifolius","ASTERACEAE","ASTERACEAE","Euryops abrotanifolius","DC.","Asteraceae",1,0,"Perennial",1,0,1,0,0,0,0,0,0,"Jul","Dec","","",100,0,0,0,1,0,0,0,0,0,0,0,0,0,0,0,0,"Leaf",1,0,0,0,1,1,3.6625,0,0,"leaf","",2,"m","i","i"
"Euryops erectus","Euryops erectus","ASTERACEAE","ASTERACEAE","Euryops erectus","(Compton) B.Nord.","Asteraceae",1,0,"Perennial",1,0,1,0,0,0,0,0,0,"Aug","Oct","","",100,0,0,0,1,0,0,0,0,0,0,0,0,0,0,0,0,"Leaf",1,0,0,0,0,0,NA,0,0,"leaf","",2,"h","i","i"
"Euryops euryopoides","Euryops euryopoides","ASTERACEAE","ASTERACEAE","Euryops euryopoides","(DC.) B.Nord.","Asteraceae",1,0,"Perennial",1,0,1,0,0,0,0,0,0,"Mar","Dec","","",90,0,0,0,1,0,0,0,0,0,0,0,0,0,0,0,0,"Leaf",1,0,0,0,1,0,NA,0,0,"leaf","",2,"h","i","i"
"Euryops munitus","Euryops munitus","ASTERACEAE","ASTERACEAE","Euryops munitus","(L.f.) B.Nord.","Asteraceae",1,0,"Perennial",1,0,1,0,0,0,0,0,0,"Mar","Jun","","",40,0,0,0,1,0,0,0,0,0,0,0,0,0,0,0,0,"Leaf",1,0,0,0,1,0,0.511666667,0,0,"leaf","",2,"m","i","i"
"Euryops pinnatipartitus","Euryops pinnatipartitus","ASTERACEAE","ASTERACEAE","Euryops pinnatipartitus","(DC.) B.Nord.","Asteraceae",1,0,"Perennial",1,0,1,0,0,0,0,0,0,"Jul","Jan","","",90,0,0,0,1,0,0,0,0,0,0,0,0,0,0,0,0,"Leaf",1,0,0,0,1,1,1.3,0,0,"leaf","",2,"m","i","i"
"Euryops rehmannii","Euryops rehmannii","ASTERACEAE","ASTERACEAE","Euryops rehmannii","Compton","Asteraceae",1,0,"Perennial",1,0,1,0,0,0,0,0,0,"Jul","Oct","","",40,0,0,0,1,0,0,0,0,0,0,0,0,0,0,0,0,"Leaf",1,0,0,0,1,0,2.266666667,0,0,"leaf","",2,"h","i","i"
"Euryops spathaceus","Euryops spathaceus","ASTERACEAE","ASTERACEAE","Euryops spathaceus","DC.","Asteraceae",1,0,"Perennial",1,0,1,0,0,0,0,1,0,"Jan","Apr","","",100,0,0,0,1,0,0,0,0,0,0,0,0,0,0,0,0,"Leaf",1,1,0,0,0,0,2.9,0,0,"leaf","",2,"h","i","i"
"Euryops speciosissimus","Euryops speciosissimus","ASTERACEAE","ASTERACEAE","Euryops speciosissimus","DC.","Asteraceae",1,0,"Perennial",1,0,1,0,0,0,0,0,0,"Aug","Nov","","",200,0,0,0,0,0,1,0,0,0,0,0,0,0,0,0,0,"Leaf",1,0,0,0,1,1,12.6,0,0,"leaf","",2,"h","i","i"
"Euryops tenuissimus","Euryops tenuissimus","ASTERACEAE","ASTERACEAE","Euryops tenuissimus","(L.) DC.","Asteraceae",1,0,"Perennial",1,0,1,0,0,0,0,1,0,"Aug","Oct","","",250,0,0,0,0,0,1,0,0,0,0,0,0,0,0,0,0,"Leaf",1,0,0,0,1,0,3.892,0,0,"leaf","",2,"h","i","i"
"Euryops ursinoides","Euryops ursinoides","ASTERACEAE","ASTERACEAE","Euryops ursinoides","B.Nord.","Asteraceae",1,0,"Perennial",1,0,1,0,0,0,0,0,0,"Jul","Dec","","",200,0,0,0,0,0,1,0,0,0,0,0,0,0,0,0,0,"Leaf",1,0,0,0,1,0,NA,0,0,"leaf","",2,"h","i","i"
"Eustachys paspaloides","Eustachys paspaloides","POACEAE","POACEAE","Eustachys paspaloides","(Vahl) Lanza & Mattei","Poaceae",1,0,"Perennial",1,0,1,0,0,0,0,1,0,"Oct","May","","",100,0,0,1,0,0,0,0,0,0,0,0,0,0,0,0,0,"Leaf",0,1,0,0,0,0,8.2,0,0,"leaf","",2,"m","w","w"
"Evotella carnosa","Corycium carnosum","ORCHIDACEAE","ORCHIDACEAE","Evotella carnosa","(Lindl.) J.C.Manning & Goldblatt","Orchidaceae",1,0,"Perennial",1,0,0,1,1,1,1,1,0,"Oct","Jan","","",55,0,1,0,0,0,0,0,0,0,0,0,0,0,0,0,0,"Leaf",0,1,0,0,0,0,NA,0,0,"leaf","",2,"l","i","p"
"Exomis microphylla","Exomis microphylla","AMARANTHACEAE","CHENOPODIACEAE","Exomis microphylla","(Thunb.) Aellen","Amaranthaceae",1,0,"Perennial",1,0,1,0,0,0,0,0,0,"Jan","Apr","","",100,0,0,0,1,0,0,0,0,0,0,0,0,0,0,0,0,"Leaf",0,0,1,0,0,0,1.6,0,0,"leaf","",3,"m","i","p"
"Falkia repens","Falkia repens","CONVOLVULACEAE","CONVOLVULACEAE","Falkia repens","L.f.","Convolvulaceae",1,0,"Perennial",1,0,1,0,0,0,0,0,0,"Oct","Dec","","",5,1,0,0,0,0,0,0,1,0,0,0,0,0,0,0,0,"Leaf",0,0,1,0,0,0,NA,0,0,"leaf","",2,"l","i","p"
"Felicia cymbalariae","Felicia cymbalariae","ASTERACEAE","ASTERACEAE","Felicia cymbalariae","(Aiton) Bolus & Wolley-Dod ex Levyns","Asteraceae",1,0,"Perennial",1,0,1,0,0,1,0,0,0,"Sep","Feb","","",30,1,0,0,0,0,0,0,0,0,0,0,0,0,0,0,0,"Leaf",0,0,1,0,0,0,NA,0,0,"leaf","",2,"l","i","w"
"Felicia diffusa","Felicia diffusa","ASTERACEAE","ASTERACEAE","Felicia diffusa","(DC.) Grau","Asteraceae",1,0,"Perennial",1,0,1,0,0,1,0,0,0,"Oct","Oct","","",15,0,0,0,1,0,0,0,0,0,0,0,0,0,0,0,0,"Leaf",0,0,1,0,0,0,NA,0,0,"leaf","",2,"l","i","w"
"Felicia filifolia","Felicia filifolia","ASTERACEAE","ASTERACEAE","Felicia filifolia","Burtt Davy","Asteraceae",1,0,"Perennial",1,0,1,0,0,0,0,0,0,"Oct","Dec","","",100,0,0,0,1,0,0,0,0,0,0,0,0,0,0,0,0,"Leaf",1,0,0,0,0,0,1.165,0,0,"leaf","",3,"h","i","w"
"Felicia fruticosa","Felicia fruticosa","ASTERACEAE","ASTERACEAE","Felicia fruticosa","G.Nicholson","Asteraceae",1,0,"Perennial",1,0,1,0,0,1,0,0,0,"Sep","Nov","","",100,0,0,0,1,0,0,0,0,0,0,0,0,0,0,0,0,"Leaf",0,1,0,0,0,0,NA,0,0,"leaf","",3,"h","i","w"
"Felicia joubertinae","Felicia joubertinae","ASTERACEAE","ASTERACEAE","Felicia joubertinae","Grau","Asteraceae",1,0,"Perennial",1,0,1,0,0,1,0,0,0,"Oct","Jan","","",40,0,0,0,1,0,0,0,0,0,0,0,0,0,0,0,0,"Leaf",0,1,0,0,0,0,NA,0,0,"leaf","",2,"l","i","w"
"Felicia microcephala","Felicia microcephala","ASTERACEAE","ASTERACEAE","Felicia microcephala","Grau","Asteraceae",1,0,"Perennial",1,0,1,0,0,1,0,0,0,"Sep","Jan","","",120,0,0,0,1,0,0,0,0,0,0,0,0,0,0,0,0,"Leaf",0,0,1,0,0,0,NA,0,0,"leaf","",2,"l","i","w"
"Felicia muricata","Felicia muricata","ASTERACEAE","ASTERACEAE","Felicia muricata","Nees","Asteraceae",1,0,"Perennial",1,0,1,0,0,0,0,0,0,"Nov","Apr","","",70,0,0,0,1,0,0,0,0,0,0,0,0,0,0,0,0,"Leaf",1,0,0,0,0,0,0.658,0,0,"leaf","",2,"m","i","w"
"Festuca scabra","Festuca scabra","POACEAE","POACEAE","Festuca scabra","Vahl","Poaceae",1,0,"Perennial",1,0,1,0,0,1,0,1,0,"Sep","Dec","","",90,0,0,1,0,0,0,0,0,0,0,0,0,0,0,0,0,"Leaf",1,0,0,0,0,0,13.44,0,0,"leaf","",2,"h","w","w"
"Ficinia acuminata","Ficinia acuminata","CYPERACEAE","CYPERACEAE","Ficinia acuminata","Nees","Cyperaceae",1,0,"Perennial",1,0,1,0,0,0,0,1,0,"Aug","Dec","","",70,0,0,1,0,0,0,0,0,0,0,0,0,0,0,0,0,"Leaf",1,0,0,0,0,0,43.51,0,1,"culm_stem","no",2,"m","w","i"
"Ficinia anceps","Ficinia anceps","CYPERACEAE","CYPERACEAE","Ficinia anceps","Nees","Cyperaceae",1,0,"Perennial",1,0,1,0,0,0,0,1,0,"Apr","Nov","","",25,0,0,1,0,0,0,0,0,0,0,0,0,0,0,0,0,"Leaf",1,0,0,0,0,0,5.833333333,0,1,"mixed","no",1,"m","w","i"
"Ficinia brevifolia","Ficinia brevifolia","CYPERACEAE","CYPERACEAE","Ficinia brevifolia","Nees ex Kunth","Cyperaceae",1,0,"Perennial",1,0,1,0,0,0,0,1,0,"Aug","Dec","","",60,0,0,1,0,0,0,0,0,0,0,0,0,0,0,0,0,"Leaf",1,0,0,0,0,0,61.65454545,0,1,"mixed","no",1,"m","w","i"
"Ficinia bulbosa","Ficinia bulbosa","CYPERACEAE","CYPERACEAE","Ficinia bulbosa","(L.) Nees","Cyperaceae",1,0,"Perennial",1,0,1,0,0,0,0,1,0,"Feb","Sep","","",30,0,0,1,0,0,0,0,0,0,0,0,0,0,0,0,0,"Leaf",1,0,0,0,0,0,6.558823529,0,1,"mixed","mixed",1,"l","w","i"
"Ficinia capillifolia","Ficinia capillifolia","CYPERACEAE","CYPERACEAE","Ficinia capillifolia","(Schrad.) C.B.Clarke","Cyperaceae",1,0,"Perennial",1,0,1,0,0,0,0,1,0,"Sep","Nov","","",30,0,0,1,0,0,0,0,0,0,0,0,0,0,0,0,0,"Leaf",1,0,0,0,0,0,NA,0,1,"mixed","",1,"m","w","i"
"Ficinia capitella","Ficinia capitella","CYPERACEAE","CYPERACEAE","Ficinia capitellum","(Thunb.) Nees","Cyperaceae",1,0,"Perennial",1,0,1,0,0,0,0,1,0,"Jul","Nov","","",25,0,0,1,0,0,0,0,0,0,0,0,0,0,0,0,0,"Leaf",1,0,0,0,0,0,15.63333333,0,1,"mixed","no",1,"l","w","i"
"Ficinia cedarbergensis","Ficinia cedarbergensis","CYPERACEAE","CYPERACEAE","Ficinia cedarbergensis","T.H.Arnold & Gordon-Gray","Cyperaceae",1,0,"Perennial",1,0,1,0,0,0,0,1,0,"Sep","Apr","","",60,0,0,1,0,0,0,0,0,0,0,0,0,0,0,0,0,"Leaf",1,0,0,0,0,0,30.74,0,1,"mixed","mixed",2,"m","w","i"
"Ficinia deusta","Ficinia deusta","CYPERACEAE","CYPERACEAE","Ficinia deusta","(P.J.Bergius) Levyns","Cyperaceae",1,0,"Perennial",1,0,1,0,0,0,0,1,0,"Mar","Aug","","",40,0,0,1,0,0,0,0,0,0,0,0,0,0,0,0,0,"Leaf",1,0,0,0,0,0,21.26296296,0,1,"mixed","mixed",2,"m","w","i"
"Ficinia dunensis","Ficinia dunensis","CYPERACEAE","CYPERACEAE","Ficinia dunensis","Levyns","Cyperaceae",1,0,"Perennial",1,0,1,0,0,0,0,1,0,"Aug","Oct","","",20,0,0,1,0,0,0,0,0,0,0,0,0,0,0,0,0,"Leaf",1,0,0,0,0,0,28.0375,0,1,"mixed","mixed",2,"m","w","i"
"Ficinia fascicularis","Ficinia fascicularis","CYPERACEAE","CYPERACEAE","Ficinia fascicularis","Nees","Cyperaceae",1,0,"Perennial",1,0,1,0,0,0,0,1,0,"Oct","Nov","","",60,0,0,1,0,0,0,0,0,0,0,0,0,0,0,0,0,"Leaf",1,0,0,0,0,0,NA,0,1,"mixed","",2,"h","w","i"
"Ficinia indica","Ficinia indica","CYPERACEAE","CYPERACEAE","Ficinia indica","(Lam.) H.Pfeiff.","Cyperaceae",1,0,"Perennial",1,0,1,0,0,0,0,1,0,"Jul","Nov","","",40,0,0,1,0,0,0,0,0,0,0,0,0,0,0,0,0,"Leaf",1,0,0,0,0,0,17.24166667,0,1,"mixed","no",2,"m","w","i"
"Ficinia laciniata","Ficinia laciniata","CYPERACEAE","CYPERACEAE","Ficinia laciniata","(Thunb.) Nees","Cyperaceae",1,0,"Perennial",1,0,1,0,0,0,0,1,0,"Jul","Oct","","",20,0,0,1,0,0,0,0,0,0,0,0,0,0,0,0,0,"Leaf",1,0,0,0,0,0,NA,0,1,"mixed","",2,"m","w","i"
"Ficinia lateralis","Ficinia lateralis","CYPERACEAE","CYPERACEAE","Ficinia lateralis","(Vahl) Kunth","Cyperaceae",1,0,"Perennial",1,0,1,0,0,0,0,1,0,"Mar","Aug","","",25,0,0,1,0,0,0,0,0,0,0,0,0,0,0,0,0,"Leaf",1,0,0,0,0,0,NA,0,1,"mixed","",2,"m","w","i"
"Ficinia levynsiae","Ficinia levynsiae","CYPERACEAE","CYPERACEAE","Ficinia levynsiae","T.H.Arnold & Gordon-Gray","Cyperaceae",1,0,"Perennial",1,0,1,0,0,0,0,1,0,"Oct","Jan","","",15,0,0,1,0,0,0,0,0,0,0,0,0,0,0,0,0,"Leaf",1,0,0,0,0,0,NA,0,1,"mixed","",2,"m","w","i"
"Ficinia monticola","Ficinia monticola","CYPERACEAE","CYPERACEAE","Ficinia monticola","Kunth","Cyperaceae",1,0,"Perennial",1,0,1,0,0,0,0,1,0,"Jun","Nov","","",40,0,0,1,0,0,0,0,0,0,0,0,0,0,0,0,0,"Leaf",1,0,0,0,0,0,13.67142857,0,1,"mixed","mixed",1,"m","w","i"
"Ficinia nigrescens","Ficinia nigrescens","CYPERACEAE","CYPERACEAE","Ficinia nigrescens","(Schrad.) J.Raynal","Cyperaceae",1,0,"Perennial",1,0,1,0,0,0,0,1,0,"May","Oct","","",40,0,0,1,0,0,0,0,0,0,0,0,0,0,0,0,0,"Leaf",1,0,0,0,0,0,19.48611111,0,1,"mixed","mixed",1,"m","w","i"
"Ficinia nodosa","Scirpoides nodosus","CYPERACEAE","CYPERACEAE","Ficinia nodosa","(Rottb.) Goetgh., Muasya & D.A.Simpson","Cyperaceae",1,0,"Perennial",1,0,1,0,0,0,0,1,0,"Dec","Mar","","",100,0,0,1,0,0,0,0,0,0,0,0,0,0,0,0,0,"Leaf",1,0,0,0,0,0,21.96,0,1,"mixed","no",1,"m","w","i"
"Ficinia oligantha","Ficinia oligantha","CYPERACEAE","CYPERACEAE","Ficinia oligantha","(Steud.) J.Raynal","Cyperaceae",1,0,"Perennial",1,0,1,0,0,0,0,1,0,"Sep","Jan","","",25,0,0,1,0,0,0,0,0,0,0,0,0,0,0,0,0,"Leaf",1,0,0,0,0,0,10.23458333,0,1,"leaf","mixed",1,"l","w","i"
"Ficinia paradoxa","Ficinia paradoxa","CYPERACEAE","CYPERACEAE","Ficinia paradoxa","(Schrad.) Nees","Cyperaceae",1,0,"Perennial",1,0,1,0,0,0,0,1,0,"May","Nov","","",35,0,0,1,0,0,0,0,0,0,0,0,0,0,0,0,0,"Leaf",1,0,0,0,0,0,NA,0,1,"leaf","",1,"m","w","i"
"Ficinia pinguior","Ficinia pinguior","CYPERACEAE","CYPERACEAE","Ficinia pinguior","C.B.Clarke","Cyperaceae",1,0,"Perennial",1,0,1,0,0,0,0,1,0,"Mar","Jun","","",60,0,0,1,0,0,0,0,0,0,0,0,0,0,0,0,0,"Leaf",1,0,0,0,0,0,33.6,0,1,"mixed","no",2,"m","w","i"
"Ficinia ramosissima","Ficinia ramosissima","CYPERACEAE","CYPERACEAE","Ficinia ramosissima","Kunth","Cyperaceae",1,0,"Perennial",1,0,1,0,0,0,0,1,0,"Jul","Sep","","",20,0,0,1,0,0,0,0,0,0,0,0,0,0,0,0,0,"Leaf",1,0,0,0,0,0,0.95325,0,1,"leaf","yes",2,"m","w","i"
"Ficinia rigida","Ficinia rigida","CYPERACEAE","CYPERACEAE","Ficinia rigida","Levyns","Cyperaceae",1,0,"Perennial",1,0,1,0,0,0,0,1,0,"Jan","Mar","","",35,0,0,1,0,0,0,0,0,0,0,0,0,0,0,0,0,"Leaf",1,0,0,0,0,0,9.233333333,0,1,"mixed","no",1,"m","w","i"
"Ficinia secunda","Ficinia secunda","CYPERACEAE","CYPERACEAE","Ficinia secunda","(Vahl) Kunth","Cyperaceae",1,0,"Perennial",1,0,1,0,0,0,0,1,0,"Mar","Oct","","",60,0,0,1,0,0,0,0,0,0,0,0,0,0,0,0,0,"Leaf",1,0,0,0,0,0,21.3,0,1,"mixed","no",2,"h","w","i"
"Ficinia stolonifera","Ficinia stolonifera","CYPERACEAE","CYPERACEAE","Ficinia stolonifera","Boeckeler","Cyperaceae",1,0,"Perennial",1,0,1,0,0,0,0,1,0,"Sep","Dec","","",15,0,0,1,0,0,0,0,0,0,0,0,0,0,0,0,0,"Leaf",1,0,0,0,0,0,4.6625,0,1,"mixed","no",2,"m","w","i"
"Ficinia trichodes","Ficinia trichodes","CYPERACEAE","CYPERACEAE","Ficinia trichodes","(Schrad.) B.D.Jacks.","Cyperaceae",1,0,"Perennial",1,0,1,0,0,0,0,1,0,"Jun","Sep","","",45,0,0,1,0,0,0,0,0,0,0,0,0,0,0,0,0,"Leaf",1,0,0,0,0,0,2.739,0,1,"leaf","yes",2,"m","w","i"
"Ficinia zeyheri","Ficinia zeyheri","CYPERACEAE","CYPERACEAE","Ficinia zeyheri","Boeckeler","Cyperaceae",1,0,"Perennial",1,0,1,0,0,0,1,1,0,"Aug","Oct","","",30,0,0,1,0,0,0,0,0,0,0,0,0,0,0,0,0,"Leaf",1,0,0,0,0,0,17.376,0,1,"leaf","yes",1,"l","w","i"
"Frankenia repens","Frankenia repens","FRANKENIACEAE","FRANKENIACEAE","Frankenia repens","(P.J.Bergius) Fourc.","Frankeniaceae",1,0,"Perennial",1,0,1,0,0,0,0,0,0,"Sep","Jan","","",5,1,0,0,0,0,0,0,0,0,0,0,0,0,0,0,0,"Leaf",1,0,0,0,0,0,NA,0,0,"leaf","",2,"l","i","u"
"Freesia corymbosa","Freesia corymbosa","IRIDACEAE","IRIDACEAE","Freesia corymbosa","(Burm.f.) N.E.Br.","Iridaceae",1,0,"Perennial",1,0,0,1,1,1,0,1,0,"Aug","Nov","","",50,0,1,0,0,0,0,0,0,0,0,0,0,0,0,0,0,"Leaf",0,1,0,0,0,0,NA,0,0,"leaf","",2,"l","i","w"
"Freylinia lanceolata","Freylinia lanceolata","SCROPHULARIACEAE","SCROPHULARIACEAE","Freylinia lanceolata","(L.f.) G.Don","Scrophulariaceae",1,0,"Perennial",1,0,1,0,0,0,0,1,0,"Feb","Jul","","",500,0,0,0,0,0,0,1,0,0,0,0,0,0,0,0,0,"Leaf",0,1,0,0,0,0,5.64,0,0,"leaf","",2,"h","i","p"
"Freylinia undulata","Freylinia undulata","SCROPHULARIACEAE","SCROPHULARIACEAE","Freylinia undulata","(L.f.) Benth.","Scrophulariaceae",1,0,"Perennial",1,0,1,0,0,0,0,0,0,"Jun","Dec","","",200,0,0,0,0,0,1,0,0,0,0,0,0,0,0,0,0,"Leaf",0,0,1,0,0,0,1.27,0,0,"leaf","",2,"h","i","p"
"Fuirena hirsuta","Fuirena hirsuta","CYPERACEAE","CYPERACEAE","Fuirena hirsuta","(P.J.Bergius) P.L.Forbes","Cyperaceae",1,0,"Perennial",1,0,1,0,0,0,0,1,0,"Oct","Feb","","",50,0,0,1,0,0,0,0,0,0,0,0,0,0,0,0,0,"Leaf",1,0,0,0,0,0,NA,0,1,"mixed","",2,"h","w","p"
"Galenia papulosa","Galenia papulosa","AIZOACEAE","AIZOACEAE","Aizoon papulosum","Eckl. & Zeyh.","Aizoaceae",1,0,"Perennial",1,0,1,0,0,1,0,0,0,"Aug","Oct","","",80,0,0,0,1,0,0,0,0,0,0,0,0,1,1,0,0,"Leaf",0,0,1,0,0,0,1.633333333,0,0,"leaf","",2,"l","i","p"
"Galenia pubescens","Galenia pubescens","AIZOACEAE","AIZOACEAE","Aizoon pubescens","Eckl. & Zeyh.","Aizoaceae",1,0,"Perennial",1,0,1,0,0,1,0,0,0,"Oct","Dec","","",80,0,0,0,1,0,0,0,0,0,0,0,0,0,0,0,0,"Leaf",1,0,0,0,0,0,NA,0,0,"leaf","",2,"l","i","p"
"Galium capense","Galium capense","RUBIACEAE","RUBIACEAE","Galium capense","Thunb.","Rubiaceae",1,0,"Perennial",0,1,1,0,0,0,0,0,0,"Sep","Dec","","",90,1,0,0,0,0,0,0,1,0,0,0,0,0,0,0,0,"Leaf",1,0,0,0,0,0,NA,0,0,"leaf","",2,"l","w","p"
"Galium tomentosum","Galium tomentosum","RUBIACEAE","RUBIACEAE","Galium tomentosum","Thunb.","Rubiaceae",1,0,"Perennial",0,1,1,0,0,0,0,0,0,"Sep","Nov","","",300,1,0,0,0,0,0,0,1,0,0,0,0,0,0,0,0,"Leaf",0,0,1,0,0,0,NA,0,0,"leaf","",2,"l","w","p"
"Galium undulatum","Galium undulatum","RUBIACEAE","RUBIACEAE","Galium undulatum","Puff","Rubiaceae",1,0,"Perennial",0,1,1,0,0,0,0,0,0,"Sep","Dec","","",150,1,0,0,0,0,0,0,1,0,0,0,0,0,0,0,0,"Leaf",0,0,1,0,0,0,NA,0,0,"leaf","",2,"l","w","p"
"Gazania ciliaris","Gazania ciliaris","ASTERACEAE","ASTERACEAE","Gazania ciliaris","DC.","Asteraceae",1,0,"Perennial",1,0,1,0,0,1,0,1,0,"Jul","Sep","","",15,1,0,0,0,0,0,0,0,0,0,0,0,0,0,0,0,"Leaf",0,1,0,0,0,1,NA,0,0,"leaf","",2,"l","i","w"
"Gazania krebsiana","Gazania krebsiana","ASTERACEAE","ASTERACEAE","Gazania krebsiana","Less.","Asteraceae",1,0,"Perennial",1,0,1,0,0,1,0,1,0,"Sep","Jan","","",20,1,0,0,0,0,0,0,0,0,0,0,0,0,0,0,0,"Leaf",0,1,0,0,0,1,11.61666667,0,0,"leaf","",2,"l","i","w"
"Gazania pectinata","Gazania pectinata","ASTERACEAE","ASTERACEAE","Gazania pectinata","Spreng.","Asteraceae",0,1,"Annual",1,0,1,0,1,1,0,1,0,"Aug","Nov","","",20,1,0,0,0,0,0,0,0,0,0,0,0,0,0,0,0,"Leaf",0,1,0,0,1,1,NA,0,0,"leaf","",2,"l","i","w"
"Gazania serrata","Gazania serrata","ASTERACEAE","ASTERACEAE","Gazania serrata","DC.","Asteraceae",1,0,"Perennial",1,0,1,0,0,1,0,1,0,"Aug","Oct","","",25,1,0,0,0,0,0,0,0,0,0,0,0,0,0,0,0,"Leaf",1,0,0,0,1,1,NA,0,0,"leaf","",2,"l","i","w"
"Geissorhiza confusa","Geissorhiza confusa","IRIDACEAE","IRIDACEAE","Geissorhiza confusa","Goldblatt","Iridaceae",1,0,"Perennial",1,0,1,0,1,1,1,1,0,"Oct","Nov","","",30,0,1,0,0,0,0,0,0,0,0,0,0,0,0,0,0,"Leaf",1,1,0,0,0,0,NA,0,0,"leaf","",2,"l","i","p"
"Geissorhiza juncea","Geissorhiza juncea","IRIDACEAE","IRIDACEAE","Geissorhiza juncea","(Link) A.Dietr.","Iridaceae",1,0,"Perennial",1,0,1,0,1,1,0,1,0,"Aug","Nov","","",40,0,1,0,0,0,0,0,0,0,0,0,0,0,0,0,0,"Leaf",1,0,0,0,0,0,NA,0,0,"leaf","",2,"l","i","p"
"Geissorhiza tenella","Geissorhiza tenella","IRIDACEAE","IRIDACEAE","Geissorhiza tenella","Goldblatt","Iridaceae",1,0,"Perennial",1,0,1,0,1,1,0,1,0,"Oct","Dec","","",30,0,1,0,0,0,0,0,0,0,0,0,0,0,0,0,0,"Leaf",1,0,0,0,0,0,NA,0,0,"leaf","",2,"l","i","p"
"Geochloa decora","Merxmuellera decora","POACEAE","POACEAE","Geochloa decora","(Nees) N.P.Barker & H.P.Linder","Poaceae",1,0,"Perennial",1,0,1,0,0,1,0,1,0,"Sep","Nov","","",60,0,0,1,0,0,0,0,0,0,0,0,0,0,0,0,0,"Leaf",1,0,0,0,0,0,16.24,0,0,"leaf","",2,"l","w","w"
"Geochloa rufa","Merxmuellera rufa","POACEAE","POACEAE","Geochloa rufa","(Nees) N.P.Barker & H.P.Linder","Poaceae",1,0,"Perennial",1,0,1,0,0,0,0,1,0,"Sep","Nov","","",45,0,0,1,0,0,0,0,0,0,0,0,0,0,0,0,0,"Leaf",1,0,0,0,0,0,17.46833333,0,0,"leaf","",2,"l","w","w"
"Geranium incanum","Geranium incanum","GERANIACEAE","GERANIACEAE","Geranium incanum","Burm.f.","Geraniaceae",1,0,"Perennial",1,0,1,0,0,0,0,1,0,"Aug","Oct","","",10,1,0,0,0,0,0,0,0,0,0,0,0,0,0,0,0,"Leaf",1,0,0,1,1,1,3.4,0,0,"leaf","",2,"l","i","w"
"Gerbera crocea","Gerbera crocea","ASTERACEAE","ASTERACEAE","Gerbera crocea","Kuntze","Asteraceae",1,0,"Perennial",1,0,1,0,0,0,1,1,0,"Sep","May","","",40,1,0,0,0,0,0,0,0,0,0,0,0,0,0,0,0,"Leaf",0,1,1,0,0,0,7.64,0,0,"leaf","",2,"l","i","w"
"Gerbera piloselloides","Gerbera piloselloides","ASTERACEAE","ASTERACEAE","Gerbera piloselloides","Cass.","Asteraceae",1,0,"Perennial",1,0,1,0,0,0,0,1,0,"Jul","Feb","","",30,1,0,0,0,0,0,0,0,0,0,0,0,0,0,0,0,"Leaf",0,0,1,0,0,0,NA,0,0,"leaf","",2,"l","i","w"
"Gerbera serrata","Gerbera serrata","ASTERACEAE","ASTERACEAE","Gerbera serrata","Druce","Asteraceae",1,0,"Perennial",1,0,1,0,0,0,1,1,0,"Aug","Nov","","",30,1,0,0,0,0,0,0,0,0,0,0,0,0,0,0,0,"Leaf",0,1,1,0,0,0,4.04,0,0,"leaf","",2,"l","i","w"
"Gerbera tomentosa","Gerbera tomentosa","ASTERACEAE","ASTERACEAE","Gerbera tomentosa","DC.","Asteraceae",1,0,"Perennial",1,0,1,0,0,0,1,1,0,"Oct","Nov","","",30,1,0,0,0,0,0,0,0,0,0,0,0,0,0,0,0,"Leaf",0,0,1,0,0,0,NA,0,0,"leaf","",2,"l","i","w"
"Gladiolus grandiflorus","Gladiolus floribundus","IRIDACEAE","IRIDACEAE","Gladiolus grandiflorus","Andrews","Iridaceae",1,0,"Perennial",1,0,1,0,1,1,0,1,0,"Sep","Nov","","",45,0,1,0,0,0,0,0,0,0,0,0,0,0,0,0,0,"Leaf",0,1,0,0,0,0,NA,0,0,"leaf","",2,"l","i","w"
"Gladiolus rogersii","Gladiolus rogersii","IRIDACEAE","IRIDACEAE","Gladiolus rogersii","Baker","Iridaceae",1,0,"Perennial",1,0,1,0,1,1,0,1,0,"Sep","Oct","","",60,0,1,0,0,0,0,0,0,0,0,0,0,0,0,0,0,"Leaf",1,0,0,0,0,0,NA,0,0,"leaf","",2,"l","i","w"
"Gladiolus stellatus","Gladiolus stellatus","IRIDACEAE","IRIDACEAE","Gladiolus stellatus","G.J.Lewis","Iridaceae",1,0,"Perennial",1,0,1,0,1,1,0,1,0,"Sep","Nov","","",50,0,1,0,0,0,0,0,0,0,0,0,0,0,0,0,0,"Leaf",1,0,0,0,0,0,NA,0,0,"leaf","",2,"l","i","w"
"Gleichenia polypodioides","Gleichenia polypodioides","GLEICHENIACEAE","GLEICHENIACEAE","Gleichenia polypodioides","(L.) Sm.","Gleicheniaceae",1,0,"Perennial",1,0,1,0,0,0,0,1,0,"","","","",120,0,0,0,0,0,0,0,1,0,0,0,1,0,0,0,0,"Frond",0,1,1,1,1,1,12.3,0,0,"leaf","",2,"h","w","w"
"Glia prolifera","Glia prolifera","APIACEAE","APIACEAE","Glia prolifera","(Burm.f.) B.L.Burtt","Apiaceae",1,0,"Perennial",1,0,1,0,1,1,0,1,0,"Dec","Mar","","",200,0,0,0,0,0,1,0,0,0,0,0,0,0,0,0,0,"Leaf",1,0,0,0,1,0,NA,0,0,"leaf","",3,"h","i","w"
"Gnidia anomala","Gnidia anomala","THYMELAEACEAE","THYMELAEACEAE","Gnidia anomala","Meisn.","Thymelaeaceae",1,0,"Perennial",1,0,1,0,0,1,0,0,0,"Sep","Dec","","",200,0,0,0,0,0,1,0,0,0,0,0,0,0,0,0,0,"Leaf",0,0,1,0,0,0,NA,0,0,"leaf","",2,"h","i","p"
"Gnidia francisci","Gnidia francisci","THYMELAEACEAE","THYMELAEACEAE","Gnidia francisci","Bolus","Thymelaeaceae",1,0,"Perennial",1,0,1,0,0,1,0,0,0,"Nov","Apr","","",60,0,0,0,1,0,0,0,0,0,0,0,0,0,0,0,0,"Leaf",0,1,0,0,0,0,NA,0,0,"leaf","",2,"m","i","p"
"Gnidia galpinii","Gnidia galpinii","THYMELAEACEAE","THYMELAEACEAE","Gnidia galpini","C.H.Wright","Thymelaeaceae",1,0,"Perennial",1,0,1,0,0,1,0,0,0,"Sep","May","","",60,0,0,0,1,0,0,0,0,0,0,0,0,0,0,0,0,"Leaf",0,1,0,0,0,0,1.26,0,0,"leaf","",2,"m","i","p"
"Gnidia geminiflora","Gnidia geminiflora","THYMELAEACEAE","THYMELAEACEAE","Gnidia geminiflora","E.Mey. ex Meisn.","Thymelaeaceae",1,0,"Perennial",1,0,1,0,0,1,0,1,0,"Jun","Dec","","",60,0,0,0,1,0,0,0,0,0,0,0,0,0,0,0,0,"Leaf",0,1,0,0,0,0,1.038,0,0,"leaf","",2,"m","i","p"
"Gnidia imbricata","Gnidia imbricata","THYMELAEACEAE","THYMELAEACEAE","Gnidia imbricata","L.f.","Thymelaeaceae",1,0,"Perennial",1,0,1,0,0,1,0,0,0,"Jun","Jan","","",30,0,0,0,1,0,0,0,0,0,0,0,0,0,0,0,0,"Leaf",0,0,1,0,0,0,0.74,0,0,"leaf","",2,"l","i","p"
"Gnidia juniperifolia","Gnidia juniperifolia","THYMELAEACEAE","THYMELAEACEAE","Gnidia juniperifolia","Lam.","Thymelaeaceae",1,0,"Perennial",1,0,1,0,0,1,0,1,0,"Jan","Dec","","",50,0,0,0,1,0,0,0,0,0,0,0,0,0,0,0,0,"Leaf",1,0,0,0,0,0,1.046923077,0,0,"leaf","",2,"m","i","p"
"Gnidia oppositifolia","Gnidia oppositifolia","THYMELAEACEAE","THYMELAEACEAE","Gnidia oppositifolia","L.","Thymelaeaceae",1,0,"Perennial",1,0,1,0,0,1,0,0,0,"Jan","Dec","","",300,0,0,0,0,0,1,0,0,0,0,0,0,0,0,0,0,"Leaf",0,1,1,0,0,0,1.089333333,0,0,"leaf","",2,"h","i","p"
"Gnidia pinifolia","Gnidia pinifolia","THYMELAEACEAE","THYMELAEACEAE","Gnidia pinifolia","L.","Thymelaeaceae",1,0,"Perennial",1,0,1,0,0,1,0,1,0,"Jan","Dec","","",100,0,0,0,1,0,0,0,0,0,0,0,0,0,0,0,0,"Leaf",0,1,0,0,0,0,1.227272727,0,0,"leaf","",2,"h","i","p"
"Gnidia simplex","Gnidia simplex","THYMELAEACEAE","THYMELAEACEAE","Gnidia simplex","L.","Thymelaeaceae",1,0,"Perennial",1,0,1,0,0,1,0,0,0,"Nov","Apr","","",30,0,0,0,1,0,0,0,0,0,0,0,0,0,0,0,0,"Leaf",0,1,0,0,0,0,1,0,0,"leaf","",2,"l","i","p"
"Gomphocarpus cancellatus","Gomphocarpus cancellatus","APOCYNACEAE","APOCYNACEAE","Gomphocarpus cancellatus","(Burm.f.) Bruyns","Apocynaceae",1,0,"Perennial",1,0,1,0,0,0,0,1,0,"Mar","Dec","","",150,0,0,0,0,1,0,0,0,0,0,0,0,0,0,0,0,"Leaf",0,1,1,0,0,0,NA,0,0,"leaf","",3,"l","i","w"
"Gosela eckloniana","Gosela eckloniana","SCROPHULARIACEAE","SCROPHULARIACEAE","Gosela eckloniana","Choisy","Scrophulariaceae",1,0,"Perennial",1,0,1,0,0,1,0,0,0,"Sep","Dec","","",80,0,0,0,1,0,0,0,0,0,0,0,0,0,0,0,0,"Leaf",1,0,0,0,0,0,NA,0,0,"leaf","",2,"m","i","p"
"Grewia occidentalis","Grewia occidentalis","MALVACEAE","MALVACEAE","Grewia occidentalis","L.","Malvaceae",1,0,"Perennial",1,0,1,0,0,0,0,1,0,"Oct","Nov","","",300,0,0,0,0,0,1,1,0,0,0,0,0,0,0,0,0,"Leaf",0,1,0,0,0,0,2.366666667,0,0,"leaf","",3,"h","i","m"
"Grewia robusta","Grewia robusta","MALVACEAE","MALVACEAE","Grewia robusta","Burch.","Malvaceae",1,0,"Perennial",1,0,1,0,0,0,0,1,0,"Sep","Dec","","",300,0,0,0,0,0,1,0,0,0,0,0,0,0,0,0,0,"Leaf",0,0,1,0,0,0,1.45,0,0,"leaf","",3,"h","i","m"
"Grubbia rosmarinifolia","Grubbia rosmarinifolia","GRUBBIACEAE","GRUBBIACEAE","Grubbia rosmarinifolia","P.J.Bergius","Grubbiaceae",1,0,"Perennial",1,0,1,0,0,0,0,0,0,"Aug","Nov","","",150,0,0,0,0,1,0,0,0,0,0,0,0,0,0,0,0,"Leaf",0,1,0,0,0,0,0.785,0,0,"leaf","yes",2,"h","w","p"
"Grubbia tomentosa","Grubbia tomentosa","GRUBBIACEAE","GRUBBIACEAE","Grubbia tomentosa","(Thunb.) Harms","Grubbiaceae",1,0,"Perennial",1,0,1,0,0,0,0,1,0,"Dec","Jan","","",150,0,0,0,0,1,0,0,0,0,0,0,0,0,0,0,0,"Leaf",0,0,1,0,0,0,12.48,0,0,"mixed","mixed",3,"h","w","p"
"Gymnodiscus capillaris","Gymnodiscus capillaris","ASTERACEAE","ASTERACEAE","Gymnodiscus capillaris","Less.","Asteraceae",0,1,"Annual",1,0,0,1,1,1,0,0,0,"Jul","Oct","","",20,1,0,0,0,0,0,0,0,0,0,0,0,1,1,0,0,"Leaf",0,1,0,0,1,0,0.88,0,0,"leaf","",0,"l","i","w"
"Gymnosporia buxifolia","Gymnosporia buxifolia","CELASTRACEAE","CELASTRACEAE","Gymnosporia buxifolia","(L.) Szyszył.","Celastraceae",1,0,"Perennial",1,0,1,0,0,0,0,1,0,"Jul","Apr","","",700,0,0,0,0,0,1,1,0,0,0,0,0,0,0,0,0,"Leaf",0,0,1,0,0,0,6.366666667,0,0,"leaf","",3,"m","i","m"
"Haemanthus coccineus","Haemanthus coccineus","AMARYLLIDACEAE","AMARYLLIDACEAE","Haemanthus coccineus","L.","Amaryllidaceae",1,0,"Perennial",1,0,0,1,1,1,0,1,0,"Feb","Apr","","",20,0,1,0,0,0,0,0,0,0,0,0,0,0,0,0,0,"Leaf",0,0,1,0,0,0,NA,0,0,"leaf","",3,"l","i","m"
"Hakea sericea","Hakea sericea","PROTEACEAE","PROTEACEAE","Hakea sericea","Schrad. & J.C.Wendl.","Proteaceae",1,0,"Perennial",1,0,1,0,0,0,0,0,0,"Jun","Oct","","",500,0,0,0,0,0,0,1,0,0,0,0,0,0,0,0,0,"Leaf",1,0,0,0,0,0,NA,0,0,"leaf","",2,"h","w","w"
"Halleria elliptica","Halleria elliptica","SCROPHULARIACEAE","SCROPHULARIACEAE","Halleria elliptica","L.","Stilbaceae",1,0,"Perennial",1,0,1,0,0,0,0,1,0,"Sep","Apr","","",120,0,0,0,0,1,0,0,0,0,0,0,0,0,0,0,0,"Leaf",0,0,1,0,0,0,NA,0,0,"leaf","",3,"h","m","m"
"Halleria lucida","Halleria lucida","SCROPHULARIACEAE","SCROPHULARIACEAE","Halleria lucida","L.","Stilbaceae",1,0,"Perennial",1,0,1,0,0,0,0,1,0,"Jul","Feb","","",500,0,0,0,0,0,0,1,0,0,0,0,0,0,0,0,0,"Leaf",0,0,1,0,0,0,7.26,0,0,"leaf","",3,"h","m","m"
"Haplocarpha lanata","Haplocarpha lanata","ASTERACEAE","ASTERACEAE","Haplocarpha lanata","Less.","Asteraceae",1,0,"Perennial",1,0,1,0,0,1,1,1,0,"Mar","Jun","","",15,1,0,0,0,0,0,0,0,0,0,0,0,0,0,0,0,"Leaf",0,1,1,0,0,0,NA,0,0,"leaf","",2,"l","i","w"
"Haplocarpha lyrata","Haplocarpha lyrata","ASTERACEAE","ASTERACEAE","Haplocarpha lyrata","Harv.","Asteraceae",1,0,"Perennial",1,0,1,0,0,1,0,1,0,"Nov","Jan","","",20,1,0,0,0,0,0,0,0,0,0,0,0,0,0,0,0,"Leaf",0,1,1,0,0,1,NA,0,0,"leaf","",2,"l","i","w"
"Haplocarpha parvifolia","Haplocarpha parvifolia","ASTERACEAE","ASTERACEAE","Haplocarpha parvifolia","Beauverd","Asteraceae",1,0,"Perennial",1,0,1,0,0,1,0,1,0,"Sep","Oct","","",15,1,0,0,0,0,0,0,0,0,0,0,0,0,0,0,0,"Leaf",0,0,1,0,0,0,4.28,0,0,"leaf","",2,"l","i","w"
"Harveya pauciflora","Harveya tubulosa","OROBANCHACEAE","OROBANCHACEAE","Harveya pauciflora","(Benth.) Hiern","Orobanchaceae",1,0,"Perennial",1,0,0,1,1,1,0,1,0,"Nov","Mar","","",60,1,0,0,0,0,0,0,0,0,0,1,0,0,0,0,0,"None",0,0,0,0,0,0,NA,1,0,"none","",2,"l","m","p"
"Harveya purpurea","Harveya purpurea","OROBANCHACEAE","OROBANCHACEAE","Harveya purpurea","Harv. ex Hook.","Orobanchaceae",1,0,"Perennial",1,0,0,1,1,1,0,1,0,"Sep","Dec","","",15,1,0,0,0,0,0,0,0,0,0,1,0,0,0,0,0,"None",0,0,0,0,0,0,NA,1,0,"none","",2,"l","m","p"
"Harveya stenosiphon","Harveya stenosiphon","OROBANCHACEAE","OROBANCHACEAE","Harveya stenosiphon","Hiern","Orobanchaceae",1,0,"Perennial",1,0,0,1,1,1,0,1,0,"Nov","Feb","","",60,1,0,0,0,0,0,0,0,0,0,1,0,0,0,0,0,"None",0,0,0,0,0,0,NA,1,0,"none","",2,"l","m","p"
"Haworthia arachnoidea","Haworthia arachnoidea","ASPHODELACEAE","ASPHODELACEAE","Haworthia arachnoidea","(L.) Duval","Asphodelaceae",1,0,"Perennial",1,0,1,0,0,0,0,1,0,"Nov","Dec","","",5,0,0,0,0,0,0,0,0,0,0,0,1,1,1,0,0,"Leaf",0,1,0,0,0,0,NA,0,0,"leaf","",2,"l","i","p"
"Haworthia mucronata","Haworthia mucronata","ASPHODELACEAE","ASPHODELACEAE","Haworthia mucronata","Haw.","Asphodelaceae",1,0,"Perennial",1,0,1,0,0,0,0,1,0,"Aug","Sep","","",4,0,0,0,0,0,0,0,0,0,0,0,1,1,1,0,0,"Leaf",0,1,0,0,0,0,2.966666667,0,0,"leaf","",2,"l","i","p"
"Haworthia viscosa","Haworthia viscosa","ASPHODELACEAE","ASPHODELACEAE","Haworthiopsis viscosa","(L.) Gildenh. & Klopper","Asphodelaceae",1,0,"Perennial",1,0,1,0,0,0,0,1,0,"Oct","Nov","","",10,0,0,0,0,0,0,0,0,0,0,0,1,1,1,0,0,"Leaf",0,1,0,0,0,0,1.766666667,0,0,"leaf","",2,"l","i","p"
"Heeria argentea","Heeria argentea","ANACARDIACEAE","ANACARDIACEAE","Heeria argentea","Meisn.","Anacardiaceae",1,0,"Perennial",1,0,1,0,0,0,0,1,0,"Jan","Jul","","",500,0,0,0,0,0,0,1,0,0,0,0,0,0,0,0,0,"Leaf",0,0,1,0,0,0,5.6,0,0,"leaf","",3,"m","i","m"
"Helichrysum anomalum","Helichrysum anomalum","ASTERACEAE","ASTERACEAE","Helichrysum anomalum","Less.","Asteraceae",1,0,"Perennial",1,0,1,0,0,0,0,0,0,"Sep","May","","",30,0,0,0,1,0,0,0,0,0,0,0,0,0,0,0,0,"Leaf",1,0,0,0,0,0,0.581666667,0,0,"leaf","",1,"m","i","w"
"Helichrysum asperum","Helichrysum asperum","ASTERACEAE","ASTERACEAE","Helichrysum asperum","(Thunb.) Hilliard & B.L.Burtt","Asteraceae",1,0,"Perennial",1,0,1,0,0,0,0,0,0,"Oct","Jan","","",40,0,0,0,1,0,0,0,0,0,0,0,0,0,0,0,0,"Leaf",1,0,0,0,0,0,NA,0,0,"leaf","",2,"h","i","w"
"Helichrysum capense","Helichrysum capense","ASTERACEAE","ASTERACEAE","Helichrysum capense","Hilliard","Asteraceae",1,0,"Perennial",1,0,1,0,0,0,0,0,0,"Nov","Dec","","",50,0,0,0,1,0,0,0,0,0,0,0,0,0,0,0,0,"Leaf",0,0,1,0,0,0,NA,0,0,"leaf","",2,"h","i","w"
"Helichrysum crispum","Helichrysum crispum","ASTERACEAE","ASTERACEAE","Helichrysum crispum","D.Don","Asteraceae",1,0,"Perennial",1,0,1,0,0,0,0,0,0,"Oct","Dec","","",50,0,0,0,1,0,0,0,0,0,0,0,0,0,0,0,0,"Leaf",0,0,1,0,0,0,NA,0,0,"leaf","",2,"h","i","w"
"Helichrysum cylindriflorum","Helichrysum cylindriflorum","ASTERACEAE","ASTERACEAE","Helichrysum cylindriflorum","(L.) Hilliard & B.L.Burtt","Asteraceae",1,0,"Perennial",1,0,1,0,0,0,0,0,0,"Sep","Dec","","",30,0,0,0,1,0,0,0,0,0,0,0,0,0,0,0,0,"Leaf",0,1,0,0,0,0,NA,0,0,"leaf","",1,"m","i","w"
"Helichrysum cymosum","Helichrysum cymosum","ASTERACEAE","ASTERACEAE","Helichrysum cymosum","(L.) D.Don","Asteraceae",1,0,"Perennial",1,0,1,0,0,0,0,0,0,"Sep","Apr","","",100,0,0,0,1,0,0,0,0,0,0,0,0,0,0,0,0,"Leaf",1,0,1,0,0,0,1.383571429,0,0,"leaf","",1,"m","i","w"
"Helichrysum dasyanthum","Helichrysum dasyanthum","ASTERACEAE","ASTERACEAE","Helichrysum dasyanthum","Sweet","Asteraceae",1,0,"Perennial",1,0,1,0,0,0,0,0,0,"Sep","Nov","","",150,0,0,0,0,1,0,0,0,0,0,0,0,0,0,0,0,"Leaf",0,1,1,0,0,0,1.864285714,0,0,"leaf","",2,"h","i","w"
"Helichrysum felinum","Helichrysum felinum","ASTERACEAE","ASTERACEAE","Helichrysum felinum","Less.","Asteraceae",1,0,"Perennial",1,0,1,0,0,0,0,0,0,"Sep","Dec","","",80,0,0,0,1,0,0,0,0,0,0,0,0,0,0,0,0,"Leaf",0,0,1,0,0,0,1.685714286,0,0,"leaf","",2,"m","i","w"
"Helichrysum herbaceum","Helichrysum herbaceum","ASTERACEAE","ASTERACEAE","Helichrysum herbaceum","(Andrews) Sweet","Asteraceae",1,0,"Perennial",1,0,1,0,0,0,0,0,0,"Oct","Apr","","",40,0,0,0,1,0,0,0,0,0,0,0,0,0,0,0,0,"Leaf",0,1,0,0,0,0,NA,0,0,"leaf","",2,"m","i","w"
"Helichrysum indicum","Helichrysum indicum","ASTERACEAE","ASTERACEAE","Helichrysum indicum","(L.) Grierson","Asteraceae",0,1,"Annual",1,0,0,1,1,1,0,0,0,"Oct","Feb","","",30,1,0,0,0,0,0,0,0,0,0,0,0,0,0,0,0,"Leaf",0,1,0,0,0,0,NA,0,0,"leaf","",2,"l","i","w"
"Helichrysum lambertianum","Helichrysum lambertianum","ASTERACEAE","ASTERACEAE","Helichrysum lambertianum","DC.","Asteraceae",1,0,"Perennial",1,0,1,0,0,0,0,0,0,"Oct","Jan","","",60,0,0,0,1,0,0,0,0,0,0,0,0,0,0,0,0,"Leaf",0,1,0,0,0,0,NA,0,0,"leaf","",2,"h","i","w"
"Helichrysum litorale","Helichrysum litorale","ASTERACEAE","ASTERACEAE","Helichrysum litorale","Bolus","Asteraceae",1,1,"Both",1,0,1,1,1,1,0,0,0,"Sep","Dec","","",10,1,0,0,0,0,0,0,0,0,0,0,0,0,0,0,0,"Leaf",0,0,1,0,0,0,1.72,0,0,"leaf","",1,"m","i","w"
"Helichrysum moeserianum","Helichrysum moeserianum","ASTERACEAE","ASTERACEAE","Helichrysum moeserianum","Thell.","Asteraceae",0,1,"Annual",1,0,0,1,1,1,0,0,0,"Aug","Feb","","",30,1,0,0,0,0,0,0,0,0,0,0,0,0,0,0,0,"Leaf",0,1,0,0,0,0,NA,0,0,"leaf","",0,"l","i","w"
"Helichrysum niveum","Helichrysum niveum","ASTERACEAE","ASTERACEAE","Helichrysum niveum","Less.","Asteraceae",1,0,"Perennial",1,0,1,0,0,0,0,0,0,"Dec","Feb","","",20,0,0,0,1,0,0,0,0,0,0,0,0,0,0,0,0,"Leaf",1,0,0,0,0,0,NA,0,0,"leaf","",2,"h","i","w"
"Helichrysum nudifolium","Helichrysum nudifolium","ASTERACEAE","ASTERACEAE","Helichrysum nudifolium","(L.) Less.","Asteraceae",1,0,"Perennial",1,0,1,0,0,0,0,1,0,"Nov","Mar","","",150,0,0,0,0,1,0,0,0,0,0,0,0,0,0,0,0,"Leaf",0,1,0,0,0,0,12.5,0,0,"leaf","",2,"m","i","w"
"Helichrysum odoratissimum","Helichrysum odoratissimum","ASTERACEAE","ASTERACEAE","Helichrysum odoratissimum","Sweet","Asteraceae",1,0,"Perennial",1,0,1,0,0,0,0,0,0,"Aug","Dec","","",50,0,0,0,1,0,0,0,0,0,0,0,0,0,0,0,0,"Leaf",1,0,0,0,0,0,1.3,0,0,"leaf","",2,"h","i","w"
"Helichrysum oxyphyllum","Helichrysum oxyphyllum","ASTERACEAE","ASTERACEAE","Helichrysum nudifolium var. oxyphyllum","(DC.) Beentje","Asteraceae",1,0,"Perennial",1,0,1,0,0,0,0,0,0,"Aug","Jan","","",60,0,0,0,1,0,0,0,0,0,0,0,0,0,0,0,0,"Leaf",0,0,1,0,0,0,NA,0,0,"leaf","",2,"h","i","w"
"Helichrysum pandurifolium","Helichrysum pandurifolium","ASTERACEAE","ASTERACEAE","Helichrysum pandurifolium","Schrank","Asteraceae",1,0,"Perennial",1,0,1,0,0,0,0,0,0,"Oct","Jan","","",100,0,0,0,1,0,0,0,0,0,0,0,0,0,0,0,0,"Leaf",0,0,1,0,0,0,NA,0,0,"leaf","",2,"h","i","w"
"Helichrysum patulum","Helichrysum patulum","ASTERACEAE","ASTERACEAE","Helichrysum patulum","D.Don","Asteraceae",1,0,"Perennial",1,0,1,0,0,0,0,0,0,"Dec","Jan","","",100,0,0,0,1,0,0,0,0,0,0,0,0,0,0,0,0,"Leaf",0,0,1,0,0,0,1.861538462,0,0,"leaf","",2,"h","i","w"
"Helichrysum petiolare","Helichrysum petiolare","ASTERACEAE","ASTERACEAE","Helichrysum petiolare","Hilliard & B.L.Burtt","Asteraceae",1,0,"Perennial",1,0,1,0,0,0,0,0,0,"Dec","Jan","","",450,0,0,0,0,0,1,0,0,0,0,0,0,0,0,0,0,"Leaf",0,0,1,0,0,0,NA,0,0,"leaf","",2,"h","i","w"
"Helichrysum rosum","Helichrysum rosum","ASTERACEAE","ASTERACEAE","Helichrysum rosum","Less.","Asteraceae",1,0,"Perennial",1,0,1,0,0,0,0,0,0,"Sep","Mar","","",200,0,0,0,0,0,1,0,0,0,0,0,0,0,0,0,0,"Leaf",0,1,1,0,0,0,NA,0,0,"leaf","",2,"h","i","w"
"Helichrysum rotundifolium","Helichrysum rotundifolium","ASTERACEAE","ASTERACEAE","Helichrysum rotundifolium","Less.","Asteraceae",1,0,"Perennial",1,0,1,0,0,0,0,0,0,"Nov","Jan","","",15,0,0,0,1,0,0,0,0,0,0,0,0,0,0,0,0,"Leaf",0,0,1,0,0,0,NA,0,0,"leaf","",2,"l","i","w"
"Helichrysum rutilans","Helichrysum rutilans","ASTERACEAE","ASTERACEAE","Helichrysum rutilans","D.Don","Asteraceae",1,0,"Perennial",1,0,1,0,0,0,0,0,0,"Jan","Dec","","",60,0,0,0,1,0,0,0,0,0,0,0,0,0,0,0,0,"Leaf",1,0,1,0,0,0,NA,0,0,"leaf","",2,"m","i","w"
"Helichrysum scabrum","Helichrysum scabrum","ASTERACEAE","ASTERACEAE","Helichrysum scabrum","Less.","Asteraceae",1,0,"Perennial",1,0,1,0,0,0,0,0,0,"Aug","Dec","","",200,0,0,0,0,0,1,0,0,0,0,0,0,0,0,0,0,"Leaf",1,1,0,0,0,0,1.176,0,0,"leaf","",2,"h","i","w"
"Helichrysum spiralepis","Helichrysum spiralepis","ASTERACEAE","ASTERACEAE","Helichrysum spiralepis","Hilliard & B.L.Burtt","Asteraceae",1,0,"Perennial",1,0,1,0,0,0,0,0,0,"Sep","Feb","","",30,1,0,0,0,0,0,0,0,0,0,0,0,0,0,0,0,"Leaf",0,1,0,0,0,0,NA,0,0,"leaf","",1,"m","i","w"
"Helichrysum teretifolium","Helichrysum teretifolium","ASTERACEAE","ASTERACEAE","Helichrysum teretifolium","(L.) D.Don","Asteraceae",1,0,"Perennial",1,0,1,0,0,0,0,1,0,"Jul","Nov","","",30,0,0,0,1,0,0,0,0,0,0,0,0,0,0,0,0,"Leaf",1,0,0,0,0,0,0.42,0,0,"leaf","",2,"h","i","w"
"Helichrysum tinctum","Helichrysum tinctum","ASTERACEAE","ASTERACEAE","Helichrysum tinctum","(Thunb.) Hilliard & B.L.Burtt","Asteraceae",1,1,"Both",1,0,1,1,1,1,0,0,0,"Sep","Dec","","",5,1,0,0,0,0,0,0,0,0,0,0,0,0,0,0,0,"Leaf",0,1,1,0,0,0,NA,0,0,"leaf","",2,"l","i","w"
"Helichrysum zeyheri","Helichrysum zeyheri","ASTERACEAE","ASTERACEAE","Helichrysum zeyheri","Less.","Asteraceae",1,0,"Perennial",1,0,1,0,0,0,0,0,0,"Nov","May","","",70,0,0,0,1,0,0,0,0,0,0,0,0,0,0,0,0,"Leaf",0,0,1,0,0,0,1.084545455,0,0,"leaf","",2,"h","i","w"
"Helichrysum zwartbergense","Helichrysum zwartbergense","ASTERACEAE","ASTERACEAE","Helichrysum zwartbergense","Bolus","Asteraceae",1,0,"Perennial",1,0,1,0,0,0,0,0,0,"Dec","Jan","","",10,1,0,0,0,0,0,0,0,0,0,0,0,0,0,0,0,"Leaf",0,1,1,0,0,0,NA,0,0,"leaf","",2,"l","i","w"
"Heliophila carnosa","Heliophila carnosa","BRASSICACEAE","BRASSICACEAE","Heliophila carnosa","(Thunb.) Steud.","Brassicaceae",1,0,"Perennial",1,0,1,0,0,1,0,1,0,"Aug","Oct","","",60,0,0,0,1,0,0,0,0,0,0,0,0,1,1,0,0,"Leaf",1,0,0,0,1,0,NA,0,0,"leaf","",3,"h","i","p"
"Heliophila dregeana","Heliophila dregeana","BRASSICACEAE","BRASSICACEAE","Heliophila dregeana","Sond.","Brassicaceae",1,0,"Perennial",1,0,1,0,0,1,0,0,0,"Aug","Oct","","",35,0,0,0,1,0,0,0,0,0,0,0,0,0,1,0,0,"Leaf",0,0,1,0,0,0,NA,0,0,"leaf","",2,"l","i","p"
"Heliophila elongata","Heliophila elongata","BRASSICACEAE","BRASSICACEAE","Heliophila elongata","DC.","Brassicaceae",1,0,"Perennial",1,0,1,0,0,1,0,1,0,"May","Jul","Nov","Dec",60,0,0,0,1,0,0,0,0,0,0,0,0,0,0,0,0,"Leaf",0,1,0,0,0,0,NA,0,0,"leaf","",2,"m","i","p"
"Heliophila glauca","Heliophila glauca","BRASSICACEAE","BRASSICACEAE","Heliophila glauca","Burch. ex DC.","Brassicaceae",1,0,"Perennial",1,0,1,0,0,1,0,1,0,"Aug","Apr","","",200,0,0,0,0,0,1,0,0,0,0,0,0,1,1,0,0,"Leaf",0,1,0,0,0,0,1.2,0,0,"leaf","",2,"m","i","p"
"Heliophila linearis","Heliophila linearis","BRASSICACEAE","BRASSICACEAE","Heliophila linearis","DC.","Brassicaceae",1,0,"Perennial",1,0,1,0,0,1,0,0,0,"Aug","Feb","","",90,1,0,0,0,0,0,0,0,0,0,0,0,0,0,0,0,"Leaf",1,0,1,0,0,0,NA,0,0,"leaf","",2,"m","i","p"
"Heliophila scoparia","Heliophila scoparia","BRASSICACEAE","BRASSICACEAE","Heliophila scoparia","Burch. ex DC.","Brassicaceae",1,0,"Perennial",1,0,1,0,0,0,0,0,0,"Apr","Feb","","",100,0,0,0,1,0,0,0,0,0,0,0,0,0,0,0,0,"Leaf",0,1,0,0,0,0,NA,0,0,"leaf","",2,"h","i","p"
"Hemimeris racemosa","Hemimeris racemosa","SCROPHULARIACEAE","SCROPHULARIACEAE","Hemimeris racemosa","(Houtt.) Merr.","Scrophulariaceae",0,1,"Annual",1,0,0,1,1,1,0,0,0,"Jul","Oct","","",44,1,0,0,0,0,0,0,0,0,0,0,0,0,0,0,0,"Leaf",0,0,1,0,0,1,NA,0,0,"leaf","",0,"l","i","p"
"Hermannia althaeifolia","Hermannia althaeifolia","MALVACEAE","MALVACEAE","Hermannia althaeifolia","L.","Malvaceae",1,0,"Perennial",1,0,1,0,0,1,0,0,0,"Aug","Oct","","",50,0,0,0,1,0,0,0,0,0,0,0,0,0,0,0,0,"Leaf",0,0,1,0,0,0,NA,0,0,"leaf","",1,"m","i","p"
"Hermannia althaeoides","Hermannia althaeoides","MALVACEAE","MALVACEAE","Hermannia althaeoides","Hurt ex Link","Malvaceae",1,0,"Perennial",1,0,1,0,0,1,0,0,0,"Oct","Dec","","",60,0,0,0,1,0,0,0,0,0,0,0,0,0,0,0,0,"Leaf",0,0,1,0,0,0,NA,0,0,"leaf","",1,"m","i","p"
"Hermannia angularis","Hermannia angularis","MALVACEAE","MALVACEAE","Hermannia angularis","Jacq.","Malvaceae",1,0,"Perennial",1,0,1,0,0,1,0,0,0,"Sep","Oct","","",60,0,0,0,1,0,0,0,0,0,0,0,0,0,0,0,0,"Leaf",0,1,0,0,0,0,1.292,0,0,"leaf","",1,"h","i","p"
"Hermannia filifolia","Hermannia filifolia","MALVACEAE","MALVACEAE","Hermannia filifolia","L.f.","Malvaceae",1,0,"Perennial",1,0,1,0,0,1,0,0,0,"Aug","Oct","","",100,0,0,0,1,0,0,0,0,0,0,0,0,0,0,0,0,"Leaf",1,0,0,0,0,0,NA,0,0,"leaf","",1,"h","i","p"
"Hermannia flammea","Hermannia flammea","MALVACEAE","MALVACEAE","Hermannia flammea","Jacq.","Malvaceae",1,0,"Perennial",1,0,1,0,0,1,0,0,0,"Sep","Oct","","",80,0,0,0,1,0,0,0,0,0,0,0,0,0,0,0,0,"Leaf",0,1,0,0,0,0,1.7,0,0,"leaf","",1,"m","i","p"
"Hermannia gracilis","Hermannia gracilis","MALVACEAE","MALVACEAE","Hermannia gracilis","Eckl. & Zeyh.","Malvaceae",1,0,"Perennial",1,0,1,0,0,1,0,0,0,"Aug","Nov","","",60,0,0,0,1,0,0,0,0,0,0,0,0,0,0,0,0,"Leaf",0,1,0,0,0,0,NA,0,0,"leaf","",1,"h","i","p"
"Hermannia holosericea","Hermannia holosericea","MALVACEAE","MALVACEAE","Hermannia holosericea","Jacq.","Malvaceae",1,0,"Perennial",1,0,1,0,0,1,0,0,0,"Jul","Oct","","",150,0,0,0,0,1,0,0,0,0,0,0,0,0,0,0,0,"Leaf",0,0,1,0,0,0,NA,0,0,"leaf","",1,"h","i","p"
"Hermannia involucrata","Hermannia involucrata","MALVACEAE","MALVACEAE","Hermannia involucrata","Cav.","Malvaceae",1,0,"Perennial",1,0,1,0,0,1,0,0,0,"Aug","Oct","","",120,0,0,0,0,1,0,0,0,0,0,0,0,0,0,0,0,"Leaf",0,0,1,0,0,0,1.816666667,0,0,"leaf","",1,"h","i","p"
"Hermannia mucronulata","Hermannia mucronulata","MALVACEAE","MALVACEAE","Hermannia mucronulata","Turcz.","Malvaceae",1,0,"Perennial",1,0,1,0,0,1,0,0,0,"Sep","Oct","","",200,0,0,0,0,0,1,0,0,0,0,0,0,0,0,0,0,"Leaf",0,1,0,0,0,0,NA,0,0,"leaf","",1,"h","i","p"
"Hermannia multiflora","Hermannia multiflora","MALVACEAE","MALVACEAE","Hermannia multiflora","Jacq.","Malvaceae",1,0,"Perennial",1,0,1,0,0,1,0,0,0,"Aug","Oct","","",75,0,0,0,1,0,0,0,0,0,0,0,0,0,0,0,0,"Leaf",0,0,1,0,0,0,1.34,0,0,"leaf","",1,"h","i","p"
"Hermannia odorata","Hermannia odorata","MALVACEAE","MALVACEAE","Hermannia odorata","Aiton","Malvaceae",1,0,"Perennial",1,0,1,0,0,1,0,0,0,"Jul","Oct","","",150,0,0,0,0,1,0,0,0,0,0,0,0,0,0,0,0,"Leaf",0,1,0,0,0,0,NA,0,0,"leaf","",1,"h","i","p"
"Hermannia saccifera","Hermannia saccifera","MALVACEAE","MALVACEAE","Hermannia saccifera","(Turcz.) K.Schum.","Malvaceae",1,0,"Perennial",1,0,1,0,0,1,0,1,0,"Aug","Oct","","",40,0,0,0,1,0,0,0,0,0,0,0,0,0,0,0,0,"Leaf",0,0,1,0,0,0,2.583333333,0,0,"leaf","",1,"h","i","p"
"Hermannia salviifolia","Hermannia salviifolia","MALVACEAE","MALVACEAE","Hermannia salviifolia","L.f.","Malvaceae",1,0,"Perennial",1,0,1,0,0,1,0,0,0,"Sep","Oct","Dec","Apr",200,0,0,0,0,0,1,0,0,0,0,0,0,0,0,0,0,"Leaf",0,0,1,0,0,0,NA,0,0,"leaf","",1,"h","i","p"
"Hermannia sisymbriifolia","Hermannia sisymbriifolia","MALVACEAE","MALVACEAE","Hermannia sisymbriifolia","(Turcz.) Hochr.","Malvaceae",1,0,"Perennial",1,0,1,0,0,1,0,1,0,"Jun","Oct","","",40,0,0,0,1,0,0,0,0,0,0,0,0,0,0,0,0,"Leaf",0,1,1,0,0,1,NA,0,0,"leaf","",1,"m","i","p"
"Hermannia stipulacea","Hermannia stipulacea","MALVACEAE","MALVACEAE","Hermannia stipulacea","Lehm. ex Eckl. & Zeyh.","Malvaceae",1,0,"Perennial",1,0,1,0,0,1,0,0,0,"Sep","Nov","","",40,0,0,0,1,0,0,0,0,0,0,0,0,0,0,0,0,"Leaf",0,0,1,0,0,0,NA,0,0,"leaf","",1,"h","i","p"
"Hermannia ternifolia","Hermannia ternifolia","MALVACEAE","MALVACEAE","Hermannia ternifolia","C.Presl ex Harv.","Malvaceae",1,0,"Perennial",1,0,1,0,0,1,0,0,0,"Aug","Sep","","",20,0,0,0,1,0,0,0,0,0,0,0,0,0,0,0,0,"Leaf",0,0,1,0,0,0,1.44,0,0,"leaf","",1,"m","i","p"
"Hermannia velutina","Hermannia velutina","MALVACEAE","MALVACEAE","Hermannia velutina","DC.","Malvaceae",1,0,"Perennial",1,0,1,0,0,1,0,0,0,"Aug","Oct","","",300,0,0,0,1,0,0,0,0,0,0,0,0,0,0,0,0,"Leaf",0,1,1,0,0,0,2.35,0,0,"leaf","",1,"h","i","p"
"Hermas capitata","Hermas capitata","APIACEAE","APIACEAE","Hermas capitata","L.f.","Apiaceae",1,0,"Perennial",1,0,1,0,0,0,0,1,0,"Dec","Mar","","",25,1,0,0,0,0,0,0,0,0,0,0,0,0,0,0,0,"Leaf",0,0,1,0,0,0,NA,0,0,"leaf","",2,"m","i","w"
"Hermas ciliata","Hermas ciliata","APIACEAE","APIACEAE","Hermas ciliata","L.f.","Apiaceae",1,0,"Perennial",1,0,1,0,0,0,0,1,0,"Dec","Mar","","",60,1,0,0,0,0,0,0,0,0,0,0,0,0,0,0,0,"Leaf",0,0,1,0,0,0,NA,0,0,"leaf","",2,"m","i","w"
"Hermas villosa","Hermas villosa","APIACEAE","APIACEAE","Hermas villosa","Thunb.","Apiaceae",1,0,"Perennial",1,0,1,0,0,0,0,1,0,"Dec","May","","",100,0,0,0,1,0,0,0,0,0,0,0,0,0,0,0,0,"Leaf",0,0,1,0,0,0,9.772727273,0,0,"leaf","",2,"m","i","w"
"Hertia kraussii","Hertia kraussii","ASTERACEAE","ASTERACEAE","Hertia kraussii","(Sch.Bip.) Fourc.","Asteraceae",1,0,"Perennial",1,0,1,0,0,0,0,0,0,"Jun","Jul","","",50,0,0,0,1,0,0,0,0,0,0,0,0,1,1,0,0,"Leaf",0,1,0,0,0,0,2.916666667,0,0,"leaf","",1,"m","i","w"
"Hesperantha radiata","Hesperantha radiata","IRIDACEAE","IRIDACEAE","Hesperantha radiata","(Jacq.) Ker Gawl.","Iridaceae",1,0,"Perennial",1,0,0,1,1,1,0,1,0,"Aug","Oct","","",40,0,1,0,0,0,0,0,0,0,0,0,0,0,0,0,0,"Leaf",1,0,0,0,0,0,NA,0,0,"leaf","",2,"l","i","w"
"Heterolepis aliena","Heterolepis aliena","ASTERACEAE","ASTERACEAE","Heterolepis aliena","Druce","Asteraceae",1,0,"Perennial",1,0,1,0,0,0,0,1,0,"Sep","Dec","","",30,0,0,0,1,0,0,0,0,0,0,0,0,0,0,0,0,"Leaf",1,0,0,0,0,0,2.474,0,0,"leaf","",3,"h","i","w"
"Heteropogon contortus","Heteropogon contortus","POACEAE","POACEAE","Heteropogon contortus","(L.) P.Beauv. ex Roem. & Schult.","Poaceae",1,0,"Perennial",1,0,1,0,0,1,0,1,0,"Oct","Jun","","",70,0,0,1,0,0,0,0,0,0,0,0,0,0,0,0,0,"Leaf",1,0,0,0,0,0,14.07272727,0,1,"mixed","",1,"h","w","w"
"Hibiscus aethiopicus","Hibiscus aethiopicus","MALVACEAE","MALVACEAE","Hibiscus aethiopicus","L.","Malvaceae",1,0,"Perennial",1,0,1,0,0,1,0,1,0,"Aug","Dec","","",30,0,0,0,1,0,0,0,0,0,0,0,0,0,0,0,0,"Leaf",0,0,1,0,0,0,2.883333333,0,0,"leaf","",2,"l","i","p"
"Hibiscus pusillus","Hibiscus pusillus","MALVACEAE","MALVACEAE","Hibiscus pusillus","Thunb.","Malvaceae",1,0,"Perennial",1,0,1,0,0,1,0,1,0,"Jan","May","","",30,0,0,0,1,0,0,0,0,0,0,0,0,0,0,0,0,"Leaf",0,0,1,0,1,0,NA,0,0,"leaf","",2,"l","i","p"
"Hilliardiella pinifolia","Vernonia capensis","ASTERACEAE","ASTERACEAE","Hilliardiella pinifolia","(Less.) H.Rob.","Asteraceae",1,0,"Perennial",1,0,1,0,0,1,0,1,0,"Oct","Jan","","",50,1,0,0,0,0,0,0,0,0,0,0,0,0,0,0,0,"Leaf",1,0,0,0,0,0,NA,0,0,"leaf","",3,"h","i","w"
"Hippia integrifolia","Hippia integrifolia","ASTERACEAE","ASTERACEAE","Hippia integrifolia","Less.","Asteraceae",1,0,"Perennial",1,0,1,0,0,0,0,0,0,"Sep","Jan","","",20,0,0,0,1,0,0,0,0,0,0,0,0,0,0,0,0,"Leaf",0,0,1,0,1,0,0.756,0,0,"leaf","",1,"l","i","w"
"Hippia pilosa","Hippia pilosa","ASTERACEAE","ASTERACEAE","Hippia pilosa","Druce","Asteraceae",1,0,"Perennial",1,0,1,0,0,0,0,0,0,"Aug","Nov","","",30,0,0,0,1,0,0,0,0,0,0,0,0,0,0,0,0,"Leaf",0,1,0,0,1,1,0.78,0,0,"leaf","",1,"l","i","w"
"Hippobromus pauciflorus","Hippobromus pauciflorus","SAPINDACEAE","SAPINDACEAE","Hippobromus pauciflorus","Radlk.","Sapindaceae",1,0,"Perennial",1,0,1,0,0,0,0,0,0,"Jul","Nov","","",500,0,0,0,0,0,0,1,0,0,0,0,0,0,0,0,0,"Leaf",0,0,1,1,0,0,4.6,0,0,"leaf","",3,"h","i","m"
"Holothrix secunda","Holothrix secunda","ORCHIDACEAE","ORCHIDACEAE","Holothrix secunda","(Thunb.) Rchb.f.","Orchidaceae",1,0,"Perennial",1,0,0,1,1,1,0,1,0,"Jun","Oct","","",30,0,1,0,0,0,0,0,0,0,0,0,0,0,0,0,0,"Leaf",0,0,1,0,0,0,NA,0,0,"leaf","",2,"l","i","p"
"Holothrix villosa","Holothrix villosa","ORCHIDACEAE","ORCHIDACEAE","Holothrix villosa","Lindl.","Orchidaceae",1,0,"Perennial",1,0,0,1,1,1,0,1,0,"Oct","Jan","","",36,0,1,0,0,0,0,0,0,0,0,0,0,0,0,0,0,"Leaf",0,0,1,0,0,0,NA,0,0,"leaf","",2,"l","i","p"
"Hyobanche sanguinea","Hyobanche sanguinea","OROBANCHACEAE","OROBANCHACEAE","Hyobanche sanguinea","L.","Orobanchaceae",1,0,"Perennial",1,0,0,1,1,1,0,1,0,"Aug","Oct","","",25,0,0,0,0,0,0,0,0,0,0,1,1,0,0,0,0,"None",0,0,0,0,0,0,NA,1,0,"none","",1,"l","m","p"
"Hyparrhenia hirta","Hyparrhenia hirta","POACEAE","POACEAE","Hyparrhenia hirta","(L.) Stapf","Poaceae",1,0,"Perennial",1,0,1,0,0,1,0,0,0,"Nov","May","","",200,0,0,1,0,0,0,0,0,0,0,0,0,0,0,0,0,"Leaf",1,0,0,0,0,0,NA,0,1,"mixed","",2,"h","w","w"
"Hypocalyptus sophoroides","Hypocalyptus sophoroides","FABACEAE","FABACEAE","Hypocalyptus sophoroides","(P.J.Bergius) Baill.","Fabaceae",1,0,"Perennial",1,0,1,0,0,0,0,1,0,"Oct","Dec","","",600,0,0,0,0,0,0,1,0,0,0,0,0,0,0,0,0,"Leaf",0,0,1,1,0,0,NA,0,0,"leaf","",2,"h","i","p"
"Hypodiscus albo-aristatus","Hypodiscus albo-aristatus","RESTIONACEAE","RESTIONACEAE","Hypodiscus alboaristatus","Mast.","Restionaceae",1,0,"Perennial",0,1,1,0,0,0,0,0,0,"May","Sep","","",70,0,0,1,0,0,0,0,0,0,0,0,0,0,0,0,0,"Leaf",1,0,0,0,0,0,58.77368421,1,1,"culm_stem","mixed",2,"h","w","i"
"Hypodiscus alternans","Hypodiscus alternans","RESTIONACEAE","RESTIONACEAE","Hypodiscus alternans","Pillans","Restionaceae",1,0,"Perennial",0,1,1,0,0,0,0,0,0,"Nov","Dec","","",55,0,0,1,0,0,0,0,0,0,0,0,0,0,0,0,0,"Leaf",1,0,0,0,0,0,71.48,1,1,"culm_stem","no",2,"h","w","i"
"Hypodiscus argenteus","Hypodiscus argenteus","RESTIONACEAE","RESTIONACEAE","Hypodiscus argenteus","Mast.","Restionaceae",1,0,"Perennial",0,1,1,0,0,0,0,1,0,"Mar","Jul","","",100,0,0,1,0,0,0,0,0,0,0,0,0,0,0,0,0,"Leaf",1,0,0,0,0,0,54.25555556,1,1,"culm_stem","no",2,"h","w","i"
"Hypodiscus aristatus","Hypodiscus aristatus","RESTIONACEAE","RESTIONACEAE","Hypodiscus aristatus","(Thunb.) C.Krauss","Restionaceae",1,0,"Perennial",0,1,1,0,0,0,0,1,0,"May","May","","",80,0,0,1,0,0,0,0,0,0,0,0,0,0,0,0,0,"Leaf",1,0,0,0,0,0,44.78846154,1,1,"culm_stem","mixed",2,"h","w","i"
"Hypodiscus laevigatus","Hypodiscus laevigatus","RESTIONACEAE","RESTIONACEAE","Hypodiscus laevigatus","(Kunth) H.P.Linder","Restionaceae",1,0,"Perennial",0,1,1,0,0,0,0,1,0,"Feb","May","","",80,0,0,1,0,0,0,0,0,0,0,0,0,0,0,0,0,"Leaf",1,0,0,0,0,0,86.76,1,1,"culm_stem","no",2,"h","w","i"
"Hypodiscus neesii","Hypodiscus neesii","RESTIONACEAE","RESTIONACEAE","Hypodiscus neesii","Mast.","Restionaceae",1,0,"Perennial",0,1,1,0,0,0,0,0,0,"Jun","Jun","","",50,0,0,1,0,0,0,0,0,0,0,0,0,0,0,0,0,"Leaf",1,0,0,0,0,0,36.6,1,1,"culm_stem","no",2,"h","w","i"
"Hypodiscus striatus","Hypodiscus striatus","RESTIONACEAE","RESTIONACEAE","Hypodiscus striatus","Mast.","Restionaceae",1,0,"Perennial",0,1,1,0,0,0,0,1,0,"Apr","Jun","","",60,0,0,1,0,0,0,0,0,0,0,0,0,0,0,0,0,"Leaf",1,0,0,0,0,0,35.41875,1,1,"culm_stem","mixed",2,"h","w","i"
"Hypodiscus synchroolepis","Hypodiscus synchroolepis","RESTIONACEAE","RESTIONACEAE","Hypodiscus synchroolepis","Mast.","Restionaceae",1,0,"Perennial",0,1,1,0,0,0,0,0,0,"Feb","Feb","","",40,0,0,1,0,0,0,0,0,0,0,0,0,0,0,0,0,"Leaf",1,0,0,0,0,0,NA,1,1,"culm_stem","",2,"h","w","i"
"Hypodiscus willdenowia","Hypodiscus willdenowia","RESTIONACEAE","RESTIONACEAE","Hypodiscus willdenovia","Mast.","Restionaceae",1,0,"Perennial",0,1,1,0,0,0,0,1,0,"Jun","Aug","","",40,0,0,1,0,0,0,0,0,0,0,0,0,0,0,0,0,"Leaf",1,0,0,0,0,0,17.78888889,1,1,"culm_stem","no",2,"h","w","i"
"Hypoestes forskaolii","Hypoestes forskaolii","ACANTHACEAE","ACANTHACEAE","Hypoestes forskaolii","(Vahl) R.Br.","Acanthaceae",1,0,"Perennial",1,0,1,0,0,1,0,0,0,"Jan","Apr","","",150,0,0,0,0,1,0,0,0,0,0,0,0,0,0,0,0,"Leaf",0,1,1,0,0,0,NA,0,0,"leaf","",2,"m","i","p"
"Ifloga ambigua","Trichogyne ambigua","ASTERACEAE","ASTERACEAE","Ifloga ambigua","(L.) Druce","Asteraceae",1,0,"Perennial",1,0,1,0,0,0,0,0,0,"Apr","Nov","","",50,0,0,0,1,0,0,0,0,0,0,0,0,0,0,0,0,"Leaf",1,0,0,0,0,0,0.333333333,0,0,"leaf","",2,"h","i","w"
"Ilex mitis","Ilex mitis","AQUIFOLIACEAE","AQUIFOLIACEAE","Ilex mitis","Radlk.","Aquifoliaceae",1,0,"Perennial",1,0,1,0,0,0,0,0,0,"Sep","Dec","","",3000,0,0,0,0,0,0,1,0,0,0,0,0,0,0,0,0,"Leaf",0,0,1,0,0,0,10.7,0,0,"leaf","",3,"m","i","m"
"Imperata cylindrica","Imperata cylindrica","POACEAE","POACEAE","Imperata cylindrica","(L.) Raeusch.","Poaceae",1,0,"Perennial",1,0,1,0,0,1,0,1,0,"Jan","Dec","","",100,0,0,1,0,0,0,0,0,0,0,0,0,0,0,0,0,"Leaf",0,1,0,0,0,0,NA,0,0,"leaf","",2,"h","w","w"
"Indigofera alopecuroides","Indigofera alopecuroides","FABACEAE","FABACEAE","Indigofera alopecuroides","DC.","Fabaceae",1,0,"Perennial",1,0,1,0,0,1,0,0,0,"Jul","Feb","","",90,0,0,0,1,0,0,0,0,0,0,0,0,0,0,0,0,"Leaf",0,1,1,1,0,0,NA,0,0,"leaf","",2,"h","i","p"
"Indigofera angustifolia","Indigofera angustifolia","FABACEAE","FABACEAE","Indigofera brachystachya","E.Mey.","Fabaceae",1,0,"Perennial",1,0,1,0,0,1,0,0,0,"May","Dec","","",60,0,0,0,1,0,0,0,0,0,0,0,0,0,0,0,0,"Leaf",1,0,0,1,0,0,1.56,0,0,"leaf","",2,"h","i","p"
"Indigofera brachystachya","Indigofera brachystachya","FABACEAE","FABACEAE","Indigofera brachystachya","E.Mey.","Fabaceae",1,0,"Perennial",1,0,1,0,0,1,0,0,0,"Nov","Sep","","",150,0,0,0,0,1,0,0,0,0,0,0,0,0,0,0,0,"Leaf",1,0,0,1,0,0,1.4,0,0,"leaf","",2,"h","i","p"
"Indigofera candolleana","Indigofera candolleana","FABACEAE","FABACEAE","Indigofera candolleana","Meisn.","Fabaceae",1,0,"Perennial",1,0,1,0,0,1,0,0,0,"Aug","Mar","","",30,0,0,0,1,0,0,0,0,0,0,0,0,0,0,0,0,"Leaf",0,0,1,1,0,0,1.04,0,0,"leaf","",2,"m","i","p"
"Indigofera concava","Indigofera concava","FABACEAE","FABACEAE","Indigofera concava","Harv.","Fabaceae",1,0,"Perennial",1,0,1,0,0,1,0,0,0,"Jun","Sep","","",30,0,0,0,1,0,0,0,0,0,0,0,0,0,0,0,0,"Leaf",0,1,0,1,0,0,NA,0,0,"leaf","",2,"m","i","p"
"Indigofera denudata","Indigofera denudata","FABACEAE","FABACEAE","Indigofera denudata","L.f.","Fabaceae",1,0,"Perennial",1,0,1,0,0,1,0,0,0,"Sep","Jul","","",120,0,0,0,0,1,0,0,0,0,0,0,0,0,0,0,0,"Leaf",0,1,0,1,0,0,0.897777778,0,0,"leaf","",2,"h","i","p"
"Indigofera disticha","Indigofera disticha","FABACEAE","FABACEAE","Indigofera disticha","Eckl. & Zeyh.","Fabaceae",1,0,"Perennial",1,0,1,0,0,1,0,0,0,"Oct","Apr","","",80,0,0,0,1,0,0,0,0,0,0,0,0,0,0,0,0,"Leaf",1,0,1,1,0,0,NA,0,0,"leaf","",2,"h","i","p"
"Indigofera flabellata","Indigofera flabellata","FABACEAE","FABACEAE","Indigofera flabellata","Harv.","Fabaceae",1,0,"Perennial",1,0,1,0,0,1,0,0,0,"Jan","Sep","","",150,0,0,0,0,1,0,0,0,0,0,0,0,0,0,0,0,"Leaf",0,1,0,1,0,0,1.466666667,0,0,"leaf","",2,"h","i","p"
"Indigofera frutescens","Indigofera frutescens","FABACEAE","FABACEAE","Indigofera frutescens","L.f.","Fabaceae",1,0,"Perennial",1,0,1,0,0,1,0,1,0,"Jul","Mar","","",300,0,0,0,0,0,1,0,0,0,0,0,0,0,0,0,0,"Leaf",0,0,1,1,0,0,1.98,0,0,"leaf","",2,"h","i","p"
"Indigofera glomerata","Indigofera glomerata","FABACEAE","FABACEAE","Indigofera glomerata","E.Mey.","Fabaceae",1,0,"Perennial",1,0,1,0,0,1,0,0,0,"Aug","Nov","","",20,0,0,0,1,0,0,0,0,0,0,0,0,0,0,0,0,"Leaf",0,0,1,1,0,0,0.52,0,0,"leaf","",2,"m","i","p"
"Indigofera heterophylla","Indigofera heterophylla","FABACEAE","FABACEAE","Indigofera heterophylla","Thunb.","Fabaceae",1,0,"Perennial",1,0,1,0,0,1,0,1,0,"May","Feb","","",100,0,0,0,1,0,0,0,0,0,0,0,0,0,0,0,0,"Leaf",0,1,1,1,0,0,NA,0,0,"leaf","",2,"m","i","p"
"Indigofera ionii","Indigofera filifolia","FABACEAE","FABACEAE","Indigofera ionii","Jarvie & C.H.Stirt.","Fabaceae",1,0,"Perennial",1,0,1,0,0,1,0,1,0,"Oct","Apr","","",300,0,0,0,0,0,1,0,0,0,0,0,0,0,0,0,0,"Leaf",0,0,1,1,0,0,NA,1,1,"leaf","",2,"m","i","p"
"Indigofera langebergensis","Indigofera langebergensis","FABACEAE","FABACEAE","Indigofera langebergensis","L.Bolus","Fabaceae",1,0,"Perennial",1,0,1,0,0,1,0,1,0,"Sep","Apr","","",100,0,0,0,1,0,0,0,0,0,0,0,0,0,0,0,0,"Leaf",0,0,1,1,0,0,4.5,0,0,"leaf","",2,"h","i","p"
"Indigofera ovata","Indigofera ovata","FABACEAE","FABACEAE","Indigofera ovata","Thunb.","Fabaceae",1,0,"Perennial",1,0,1,0,0,1,0,0,0,"Sep","Jan","","",20,0,0,0,1,0,0,0,0,0,0,0,0,0,0,0,0,"Leaf",0,0,1,1,0,0,NA,0,0,"leaf","",2,"l","i","p"
"Indigofera pappei","Indigofera pappei","FABACEAE","FABACEAE","Indigofera pappei","Fourc.","Fabaceae",1,0,"Perennial",1,0,1,0,0,1,0,0,0,"Jan","Jul","","",100,0,0,0,1,0,0,0,0,0,0,0,0,0,0,0,0,"Leaf",1,0,0,1,0,0,NA,0,0,"leaf","",2,"h","i","p"
"Indigofera psoraloides","Indigofera psoraloides","FABACEAE","FABACEAE","Indigofera psoraloides","(L.) L.","Fabaceae",1,0,"Perennial",1,0,1,0,0,1,0,0,0,"Jun","Dec","","",80,0,0,0,1,0,0,0,0,0,0,0,0,0,0,0,0,"Leaf",0,1,0,1,0,0,NA,0,0,"leaf","",2,"h","i","p"
"Indigofera sarmentosa","Indigofera sarmentosa","FABACEAE","FABACEAE","Indigofera sarmentosa","L.f.","Fabaceae",1,0,"Perennial",1,0,1,0,0,1,0,0,0,"Jul","Mar","","",20,0,0,0,1,0,0,0,0,0,0,0,0,0,0,0,0,"Leaf",0,0,1,1,0,0,1.07625,0,0,"leaf","",2,"h","i","p"
"Indigofera stricta","Indigofera stricta","FABACEAE","FABACEAE","Indigofera stricta","L.f.","Fabaceae",1,0,"Perennial",1,0,1,0,0,1,0,1,0,"Jun","Apr","","",120,0,0,0,0,1,0,0,0,0,0,0,0,0,0,0,0,"Leaf",0,0,1,1,0,0,NA,0,0,"leaf","",2,"h","i","p"
"Indigofera sulcata","Indigofera sulcata","FABACEAE","FABACEAE","Indigofera sulcata","DC.","Fabaceae",1,0,"Perennial",1,0,1,0,0,1,0,0,0,"Mar","Aug","","",80,0,0,0,1,0,0,0,0,0,0,0,0,0,0,0,0,"Leaf",1,0,0,1,0,0,NA,0,0,"leaf","",2,"h","i","p"
"Isolepis marginata","Isolepis marginata","CYPERACEAE","CYPERACEAE","Isolepis marginata","(Thunb.) A.Dietr.","Cyperaceae",0,1,"Annual",1,0,0,1,1,1,0,0,0,"Sep","Dec","","",15,0,0,1,0,0,0,0,0,0,0,0,0,0,0,0,0,"Leaf",1,0,0,0,0,0,5.833333333,0,0,"leaf","",0,"l","w","p"
"Itasina filifolia","Itasina filifolia","APIACEAE","APIACEAE","Itasina filifolia","(Thunb.) Raf.","Apiaceae",1,0,"Perennial",1,0,0,1,1,1,0,1,0,"Nov","Apr","","",45,1,0,0,0,0,0,0,0,0,0,0,0,0,0,0,0,"Leaf",1,0,0,0,0,0,7.25,0,1,"leaf","",2,"m","i","w"
"Jamesbrittenia aspalathoides","Jamesbrittenia aspalathoides","SCROPHULARIACEAE","SCROPHULARIACEAE","Jamesbrittenia aspalathoides","(Benth.) Hilliard","Scrophulariaceae",1,0,"Perennial",1,0,1,0,0,1,0,0,0,"Jan","Dec","","",50,0,0,0,1,0,0,0,0,0,0,0,0,0,0,0,0,"Leaf",1,0,0,0,0,0,NA,0,0,"leaf","",2,"m","i","p"
"Jamesbrittenia tenuifolia","Jamesbrittenia tenuifolia","SCROPHULARIACEAE","SCROPHULARIACEAE","Jamesbrittenia tenuifolia","(Bernh.) Hilliard","Scrophulariaceae",1,0,"Perennial",1,0,1,0,0,1,0,0,0,"Jan","Dec","","",60,0,0,0,1,0,0,0,0,0,0,0,0,0,0,0,0,"Leaf",1,0,0,0,0,0,NA,0,0,"leaf","",2,"m","i","p"
"Jasminum glaucum","Jasminum glaucum","OLEACEAE","OLEACEAE","Jasminum glaucum","(L.f.) Aiton","Oleaceae",1,0,"Perennial",1,0,1,0,0,1,0,0,0,"Oct","Dec","","",240,0,0,0,0,0,1,0,0,0,0,0,0,0,0,0,0,"Leaf",0,0,1,0,0,0,NA,0,0,"leaf","",2,"m","i","m"
"Jatropha capensis","Jatropha capensis","EUPHORBIACEAE","EUPHORBIACEAE","Jatropha capensis","Sond.","Euphorbiaceae",1,0,"Perennial",1,0,1,0,0,0,0,0,0,"Nov","Jan","","",300,0,0,0,0,0,1,0,0,0,0,0,0,1,0,1,0,"Leaf",0,1,1,0,0,0,3.933333333,0,1,"leaf","",3,"l","i","i"
"Juncus capensis","Juncus capensis","JUNCACEAE","JUNCACEAE","Juncus capensis","Thunb.","Juncaceae",1,0,"Perennial",1,0,1,0,0,1,0,1,0,"Nov","Apr","","",60,0,0,1,0,0,0,0,0,0,0,0,0,0,0,0,0,"Leaf",1,0,0,0,0,0,113.52,0,0,"leaf","",1,"l","w","p"
"Juncus kraussii","Juncus kraussii","JUNCACEAE","JUNCACEAE","Juncus kraussii","Hochst.","Juncaceae",1,0,"Perennial",1,0,1,0,0,0,0,1,0,"Sep","Jan","","",120,0,0,1,0,0,0,0,0,0,0,0,0,0,0,0,0,"Leaf",1,0,0,0,0,0,80.86,1,1,"leaf","",3,"h","w","p"
"Juncus lomatophyllus","Juncus lomatophyllus","JUNCACEAE","JUNCACEAE","Juncus lomatophyllus","Spreng.","Juncaceae",1,0,"Perennial",1,0,1,0,0,0,0,1,0,"Oct","Apr","","",80,0,0,1,0,0,0,0,0,0,0,0,0,0,0,0,0,"Leaf",0,1,0,0,0,0,NA,0,0,"leaf","",2,"m","w","p"
"Kalanchoe rotundifolia","Kalanchoe rotundifolia","CRASSULACEAE","CRASSULACEAE","Kalanchoe rotundifolia","Haw.","Crassulaceae",1,0,"Perennial",1,0,1,0,0,0,0,0,0,"Mar","Jun","","",100,0,0,0,1,0,0,0,0,0,0,0,0,1,1,1,0,"Leaf",0,0,1,0,0,0,3.1,0,0,"leaf","",2,"l","i","p"
"Kedrostis nana","Kedrostis nana","CUCURBITACEAE","CUCURBITACEAE","Kedrostis nana","Cogn.","Cucurbitaceae",1,0,"Perennial",1,0,1,0,0,0,0,1,0,"Feb","Mar","","",50,1,0,0,0,0,0,0,1,1,0,0,0,1,1,0,0,"Leaf",0,0,0,0,1,1,4.785714286,0,0,"leaf","",2,"l","i","m"
"Kiggelaria africana","Kiggelaria africana","ACHARIACEAE","KIGGELARIACEAE","Kiggelaria africana","L.","Achariaceae",1,0,"Perennial",1,0,1,1,0,0,0,0,0,"Feb","Jul","","",1700,0,0,0,0,0,0,1,0,0,0,0,0,0,0,0,0,"Leaf",0,0,1,0,0,0,8.88,0,0,"leaf","",3,"h","i","m"
"Kniphofia uvaria","Kniphofia uvaria","ASPHODELACEAE","ASPHODELACEAE","Kniphofia uvaria","(L.) Oken","Asphodelaceae",1,0,"Perennial",1,0,1,0,0,0,0,1,0,"Oct","Dec","","",120,1,0,0,0,0,0,0,0,0,0,0,0,0,0,0,0,"Leaf",0,0,1,0,0,0,NA,0,0,"leaf","",3,"h","m","m"
"Lachenalia elegans","Lachenalia elegans","HYACINTHACEAE","HYACINTHACEAE","Lachenalia elegans","W.F.Barker","Asparagaceae",1,0,"Perennial",1,0,0,1,1,1,0,1,0,"Jul","Oct","","",30,0,1,0,0,0,0,0,0,0,0,0,0,0,0,0,0,"Leaf",0,1,1,0,0,0,NA,0,0,"leaf","",2,"l","i","p"
"Lachnaea densiflora","Lachnaea densiflora","THYMELAEACEAE","THYMELAEACEAE","Lachnaea densiflora","Meisn.","Thymelaeaceae",1,0,"Perennial",1,0,0,1,0,1,0,0,0,"Aug","Mar","","",50,0,0,0,1,0,0,0,0,0,0,0,0,0,0,0,0,"Leaf",1,0,0,0,0,0,0.86,0,0,"leaf","",2,"m","i","p"
"Lachnaea funicaulis","Lachnaea funicaulis","THYMELAEACEAE","THYMELAEACEAE","Lachnaea funicaulis","Schinz","Thymelaeaceae",1,0,"Perennial",1,0,1,0,0,1,0,0,0,"Jul","Mar","","",45,0,0,0,1,0,0,0,0,0,0,0,0,0,0,0,0,"Leaf",0,0,1,0,0,0,NA,0,0,"leaf","",2,"m","i","p"
"Lachnaea globulifera","Lachnaea globulifera","THYMELAEACEAE","THYMELAEACEAE","Lachnaea globulifera","Meisn.","Thymelaeaceae",1,0,"Perennial",1,0,1,0,0,1,0,0,0,"Jan","Dec","","",60,0,0,0,1,0,0,0,0,0,0,0,0,0,0,0,0,"Leaf",0,0,1,0,0,0,0.444,0,0,"leaf","",2,"m","i","p"
"Lachnaea glomerata","Lachnaea glomerata","THYMELAEACEAE","THYMELAEACEAE","Lachnaea glomerata","Fourc.","Thymelaeaceae",1,0,"Perennial",1,0,1,0,0,1,0,0,0,"Aug","Oct","","",45,0,0,0,1,0,0,0,0,0,0,0,0,0,0,0,0,"Leaf",1,0,1,0,0,0,0.693333333,0,0,"leaf","",2,"m","i","p"
"Lachnaea grandiflora","Lachnaea grandiflora","THYMELAEACEAE","THYMELAEACEAE","Lachnaea grandiflora","(L.f.) Baill.","Thymelaeaceae",1,0,"Perennial",1,0,1,0,0,0,0,1,0,"Aug","Jun","","",60,0,0,0,1,0,0,0,0,0,0,0,0,0,0,0,0,"Leaf",0,0,1,0,0,0,NA,0,0,"leaf","",3,"h","i","p"
"Lachnaea macrantha","Lachnaea macrantha","THYMELAEACEAE","THYMELAEACEAE","Lachnaea macrantha","Meisn.","Thymelaeaceae",1,0,"Perennial",1,0,1,0,0,1,0,0,0,"Sep","Jan","","",150,0,0,0,0,1,0,0,0,0,0,0,0,0,0,0,0,"Leaf",0,0,1,0,0,0,NA,0,0,"leaf","",2,"m","i","p"
"Lachnaea penicillata","Lachnaea penicillata","THYMELAEACEAE","THYMELAEACEAE","Lachnaea penicillata","Meisn.","Thymelaeaceae",1,0,"Perennial",1,0,1,0,0,1,0,0,0,"Jan","Dec","","",40,0,0,0,1,0,0,0,0,0,0,0,0,0,0,0,0,"Leaf",0,1,0,0,0,0,0.228,0,0,"leaf","",2,"m","i","p"
"Lachnaea sociorum","Lachnaea sociorum","THYMELAEACEAE","THYMELAEACEAE","Lachnaea sociorum","Beyers","Thymelaeaceae",1,0,"Perennial",1,0,1,0,0,1,0,1,0,"Aug","Jan","","",50,0,0,0,1,0,0,0,0,0,0,0,0,0,0,0,0,"Leaf",1,0,0,0,0,0,0.398,0,0,"leaf","",2,"h","i","p"
"Lachnaea striata","Lachnaea striata","THYMELAEACEAE","THYMELAEACEAE","Lachnaea striata","(Lam.) Meisn.","Thymelaeaceae",1,0,"Perennial",1,0,1,0,0,0,0,1,0,"Sep","Jan","","",60,0,0,0,1,0,0,0,0,0,0,0,0,0,0,0,0,"Leaf",0,0,1,0,0,0,0.5625,0,0,"leaf","",2,"h","i","p"
"Lachnospermum fasciculatum","Lachnospermum fasciculatum","ASTERACEAE","ASTERACEAE","Lachnospermum fasciculatum","Baill.","Asteraceae",1,0,"Perennial",1,0,1,0,0,0,0,1,0,"Jan","Mar","","",60,0,0,0,1,0,0,0,0,0,0,0,0,0,0,0,0,"Leaf",1,1,0,0,0,0,0.2,0,0,"leaf","",2,"h","i","w"
"Lachnospermum umbellatum","Lachnospermum umbellatum","ASTERACEAE","ASTERACEAE","Lachnospermum umbellatum","(D.Don) Pillans","Asteraceae",1,0,"Perennial",1,0,1,0,0,0,0,1,0,"Nov","Mar","","",30,0,0,0,1,0,0,0,0,0,0,0,0,0,0,0,0,"Leaf",1,1,0,0,0,0,0.49,0,0,"leaf","",2,"h","i","w"
"Lampranthus bicolor","Lampranthus bicolor","AIZOACEAE","MESEMBRYANTHEMACEAE","Lampranthus bicolor","(L.) N.E.Br.","Aizoaceae",1,0,"Perennial",1,0,1,0,0,1,0,0,0,"Oct","Jan","","",30,0,0,0,1,0,0,0,0,0,0,0,0,1,1,1,0,"Leaf",0,1,0,0,0,0,1.75,0,0,"leaf","",2,"l","i","p"
"Lampranthus elegans","Lampranthus elegans","AIZOACEAE","MESEMBRYANTHEMACEAE","Lampranthus elegans","(Jacq.) Schwantes","Aizoaceae",1,0,"Perennial",1,0,1,0,0,1,0,0,0,"Sep","Nov","","",30,0,0,0,1,0,0,0,0,0,0,0,0,1,1,1,0,"Leaf",1,0,0,0,0,0,NA,0,0,"leaf","",2,"l","i","p"
"Lampranthus emarginatus","Lampranthus emarginatus","AIZOACEAE","MESEMBRYANTHEMACEAE","Lampranthus emarginatus","(L.) N.E.Br.","Aizoaceae",1,0,"Perennial",1,0,1,0,0,1,0,0,0,"Sep","Dec","","",30,0,0,0,1,0,0,0,0,0,0,0,0,1,1,1,0,"Leaf",1,1,0,0,0,0,NA,0,0,"leaf","",2,"l","i","p"
"Lampranthus falcatus","Lampranthus falcatus","AIZOACEAE","MESEMBRYANTHEMACEAE","Lampranthus falcatus","(L.) N.E.Br.","Aizoaceae",1,0,"Perennial",1,0,1,0,0,1,0,0,0,"Nov","Dec","","",30,0,0,0,1,0,0,0,0,0,0,0,0,1,1,1,0,"Leaf",0,1,0,0,0,0,NA,0,0,"leaf","",2,"l","i","p"
"Lampranthus falciformis","Lampranthus falciformis","AIZOACEAE","MESEMBRYANTHEMACEAE","Lampranthus falciformis","(Haw.) N.E.Br.","Aizoaceae",1,0,"Perennial",1,0,1,0,0,1,0,0,0,"Nov","Feb","","",20,0,0,0,1,0,0,0,0,0,0,0,0,1,1,1,0,"Leaf",1,1,0,0,0,0,1.5,0,0,"leaf","",2,"l","i","p"
"Lampranthus laetus","Lampranthus laetus","AIZOACEAE","MESEMBRYANTHEMACEAE","Lampranthus laetus","(L.Bolus) L.Bolus","Aizoaceae",1,0,"Perennial",1,0,1,0,0,1,0,0,0,"Oct","Oct","","",20,0,0,0,1,0,0,0,0,0,0,0,0,1,1,1,0,"Leaf",1,0,0,0,0,0,NA,0,0,"leaf","",2,"l","i","p"
"Lampranthus promontorii","Lampranthus promontorii","AIZOACEAE","MESEMBRYANTHEMACEAE","Lampranthus promontorii","(L.Bolus) N.E.Br.","Aizoaceae",1,0,"Perennial",1,0,1,0,0,1,0,0,0,"Dec","Jan","","",20,0,0,0,1,0,0,0,0,0,0,0,0,1,1,1,0,"Leaf",1,0,0,0,0,0,1.22,0,0,"leaf","",2,"l","i","p"
"Lampranthus scaber","Lampranthus scaber","AIZOACEAE","MESEMBRYANTHEMACEAE","Lampranthus scaber","(L.) N.E.Br.","Aizoaceae",1,0,"Perennial",1,0,1,1,0,1,0,0,0,"Aug","Aug","","",30,0,0,0,1,0,0,0,0,0,0,0,0,1,1,1,0,"Leaf",1,0,0,0,0,0,0.948,0,0,"leaf","",2,"l","i","p"
"Lampranthus stenus","Lampranthus stenus","AIZOACEAE","MESEMBRYANTHEMACEAE","Lampranthus stenus","(Haw.) N.E.Br.","Aizoaceae",1,0,"Perennial",1,0,1,0,0,1,0,0,0,"Nov","Feb","","",50,0,0,0,1,0,0,0,0,0,0,0,0,1,1,1,0,"Leaf",1,0,0,0,0,0,NA,0,0,"leaf","",2,"l","i","p"
"Lampranthus tenuifolius","Lampranthus tenuifolius","AIZOACEAE","MESEMBRYANTHEMACEAE","Lampranthus tenuifolius","(L.) N.E.Br.","Aizoaceae",1,0,"Perennial",1,0,1,0,0,1,0,0,0,"Oct","Nov","","",20,0,0,0,1,0,0,0,0,0,0,0,0,1,1,1,0,"Leaf",1,0,0,0,0,0,NA,0,0,"leaf","",2,"l","i","p"
"Lanaria lanata","Lanaria lanata","LANARIACEAE","LANARIACEAE","Lanaria lanata","(L.) T.Durand & Schinz","Lanariaceae",1,0,"Perennial",1,0,1,0,0,0,0,1,0,"Nov","Jan","","",80,1,0,0,0,0,0,0,0,0,0,0,0,0,0,0,0,"Leaf",1,0,0,0,0,0,79.27,0,0,"leaf","",3,"h","i","u"
"Langebergia canescens","Langebergia canescens","ASTERACEAE","ASTERACEAE","Langebergia canescens","(DC.) Anderb.","Asteraceae",1,0,"Perennial",1,0,1,0,0,0,0,0,0,"Aug","Dec","","",30,0,0,0,1,0,0,0,0,0,0,0,0,0,0,0,0,"Leaf",0,1,0,0,0,0,NA,0,0,"leaf","",2,"m","i","w"
"Lantana rugosa","Lantana rugosa","VERBENACEAE","VERBENACEAE","Lantana rugosa","Thunb.","Verbenaceae",1,0,"Perennial",1,0,1,0,0,0,0,0,0,"Sep","May","","",100,0,0,0,0,1,0,0,0,0,0,0,0,0,0,0,0,"Leaf",0,0,1,0,0,0,2.7,0,0,"leaf","",1,"h","i","m"
"Laurembergia repens","Laurembergia repens","HALORAGACEAE","HALORAGACEAE","Laurembergia repens","P.J.Bergius","Haloragaceae",1,0,"Perennial",1,1,1,0,0,0,0,0,0,"Nov","Apr","","",10,1,0,0,0,0,0,0,0,0,0,0,0,0,0,0,0,"Leaf",0,1,0,0,0,0,0.9,0,0,"leaf","",2,"l","u","p"
"Laurophyllus capensis","Laurophyllus capensis","ANACARDIACEAE","ANACARDIACEAE","Laurophyllus capensis","Thunb.","Anacardiaceae",1,0,"Perennial",1,0,1,0,0,0,0,1,1,"Aug","Jan","","",600,0,0,0,0,0,1,1,0,0,0,0,0,0,0,0,0,"Leaf",0,0,1,0,0,0,6.56,0,0,"leaf","",3,"h","i","w"
"Lebeckia longipes","Lebeckia longipes","FABACEAE","FABACEAE","Lebeckia longipes","Bolus","Fabaceae",1,0,"Perennial",1,0,1,0,0,0,0,0,0,"Dec","Dec","","",60,0,0,0,1,0,0,0,1,0,0,0,0,0,0,0,0,"Leaf",1,0,0,0,0,0,NA,0,0,"leaf","",2,"l","i","p"
"Lebeckia meyeriana","Lebeckia meyeriana","FABACEAE","FABACEAE","Lebeckia meyeriana","Eckl. & Zeyh.","Fabaceae",1,0,"Perennial",1,0,1,0,0,0,0,0,0,"Oct","Dec","","",40,0,0,0,1,0,0,0,0,0,0,0,0,0,0,0,0,"Leaf",1,0,0,0,0,0,NA,0,0,"leaf","",2,"l","i","p"
"Leonotis ocymifolia","Leonotis ocymifolia","LAMIACEAE","LAMIACEAE","Leonotis ocymifolia","(Burm.f.) Iwarsson","Lamiaceae",1,0,"Perennial",1,0,1,0,0,0,0,0,0,"Mar","May","","",500,0,0,0,0,0,1,0,0,0,0,0,0,0,0,0,0,"Leaf",0,0,1,0,0,0,NA,0,0,"leaf","",2,"h","m","p"
"Leucadendron album","Leucadendron album","PROTEACEAE","PROTEACEAE","Leucadendron album","(Thunb.) Fourc.","Proteaceae",1,0,"Perennial",0,1,1,0,0,0,0,0,1,"Nov","Dec","","",200,0,0,0,1,0,0,0,0,0,0,0,0,0,0,0,0,"Leaf",0,1,0,0,0,0,NA,0,0,"leaf","",2,"h","i","w"
"Leucadendron coniferum","Leucadendron coniferum","PROTEACEAE","PROTEACEAE","Leucadendron coniferum","Meisn.","Proteaceae",1,0,"Perennial",0,1,1,0,0,0,0,0,1,"Aug","Sep","","",400,0,0,0,0,0,1,1,0,0,0,0,0,0,0,0,0,"Leaf",0,1,0,0,0,0,4.55,0,0,"leaf","",2,"h","w","w"
"Leucadendron dubium","Leucadendron dubium","PROTEACEAE","PROTEACEAE","Leucadendron dubium","H.Buek ex Meisn.","Proteaceae",1,0,"Perennial",0,1,1,0,0,0,0,0,0,"Aug","Sep","","",150,0,0,0,0,1,0,0,0,0,0,0,0,0,0,0,0,"Leaf",0,0,1,0,0,0,0.748,0,0,"leaf","",2,"h","w","p"
"Leucadendron eucalyptifolium","Leucadendron eucalyptifolium","PROTEACEAE","PROTEACEAE","Leucadendron eucalyptifolium","H.Buek ex Meisn.","Proteaceae",1,0,"Perennial",0,1,1,0,0,0,0,0,1,"Jul","Oct","","",500,0,0,0,0,0,1,1,0,0,0,0,0,0,0,0,0,"Leaf",0,1,0,0,0,0,7.827272727,0,0,"leaf","",2,"h","i","w"
"Leucadendron gandogeri","Leucadendron gandogeri","PROTEACEAE","PROTEACEAE","Leucadendron gandogeri","Schinz ex Gand.","Proteaceae",1,0,"Perennial",0,1,1,0,0,0,0,0,1,"Aug","Oct","","",160,0,0,0,0,1,0,0,0,0,0,0,0,0,0,0,0,"Leaf",0,0,1,0,0,0,6.14,0,0,"leaf","",2,"h","i","w"
"Leucadendron glaberrimum","Leucadendron glaberrimum","PROTEACEAE","PROTEACEAE","Leucadendron glaberrimum","(Schltr.) Compton","Proteaceae",1,0,"Perennial",0,1,1,0,0,0,0,1,1,"Aug","Oct","","",130,0,0,0,0,1,0,0,0,0,0,0,0,0,0,0,0,"Leaf",0,1,0,0,0,0,2.5,0,0,"leaf","",2,"h","i","p"
"Leucadendron laureolum","Leucadendron laureolum","PROTEACEAE","PROTEACEAE","Leucadendron laureolum","(Lam.) Fourc.","Proteaceae",1,0,"Perennial",0,1,1,0,0,0,0,0,1,"Jun","Jul","","",200,0,0,0,0,0,1,0,0,0,0,0,0,0,0,0,0,"Leaf",0,0,1,0,0,0,6.635135135,0,0,"leaf","",2,"h","i","w"
"Leucadendron microcephalum","Leucadendron microcephalum","PROTEACEAE","PROTEACEAE","Leucadendron microcephalum","Gand. & Schinz","Proteaceae",1,0,"Perennial",0,1,1,0,0,0,0,0,1,"Jul","Jul","","",200,0,0,0,0,0,1,0,0,0,0,0,0,0,0,0,0,"Leaf",0,0,1,0,0,0,7.18,0,0,"leaf","",2,"h","i","p"
"Leucadendron nitidum","Leucadendron nitidum","PROTEACEAE","PROTEACEAE","Leucadendron nitidum","H.Buek ex Meisn.","Proteaceae",1,0,"Perennial",0,1,1,0,0,0,0,0,1,"May","Nov","","",200,0,0,0,0,0,1,0,0,0,0,0,0,0,0,0,0,"Leaf",0,1,0,0,0,0,1.626,0,0,"leaf","",2,"h","i","w"
"Leucadendron nobile","Leucadendron nobile","PROTEACEAE","PROTEACEAE","Leucadendron nobile","I.Williams","Proteaceae",1,0,"Perennial",0,1,1,0,0,0,0,0,1,"Oct","Mar","","",400,0,0,0,0,0,1,0,0,0,0,0,0,0,0,0,0,"Leaf",1,0,0,0,0,0,3.992222222,0,0,"leaf","",2,"h","i","w"
"Leucadendron olens","Leucadendron olens","PROTEACEAE","PROTEACEAE","Leucadendron olens","I.Williams","Proteaceae",1,0,"Perennial",0,1,1,0,0,0,0,0,0,"Jun","Jul","","",120,0,0,0,0,1,0,0,0,0,0,0,0,0,0,0,0,"Leaf",0,1,0,0,0,0,NA,0,0,"leaf","",2,"h","w","p"
"Leucadendron pubescens","Leucadendron pubescens","PROTEACEAE","PROTEACEAE","Leucadendron pubescens","R.Br.","Proteaceae",1,0,"Perennial",0,1,1,0,0,0,0,0,0,"Jul","Oct","","",250,0,0,0,0,0,1,0,0,0,0,0,0,0,0,0,0,"Leaf",0,1,0,0,0,0,4.1,0,0,"leaf","",2,"h","i","p"
"Leucadendron pubibracteolatum","Leucadendron pubibracteolatum","PROTEACEAE","PROTEACEAE","Leucadendron pubibracteolatum","I.Williams","Proteaceae",1,0,"Perennial",0,1,1,0,0,0,0,0,0,"Jul","Aug","","",130,0,0,0,0,1,0,0,0,0,0,0,0,0,0,0,0,"Leaf",0,0,1,0,0,0,6.633333333,0,0,"leaf","",2,"h","i","p"
"Leucadendron rourkei","Leucadendron rourkei","PROTEACEAE","PROTEACEAE","Leucadendron rourkei","I.Williams","Proteaceae",1,0,"Perennial",0,1,1,0,0,0,0,0,1,"Dec","Jan","","",600,0,0,0,0,0,1,1,0,0,0,0,0,0,0,0,0,"Leaf",1,0,0,0,0,0,NA,0,0,"leaf","",2,"h","i","w"
"Leucadendron rubrum","Leucadendron rubrum","PROTEACEAE","PROTEACEAE","Leucadendron rubrum","Burm.f.","Proteaceae",1,0,"Perennial",0,1,1,0,0,0,0,0,1,"Aug","Sep","","",250,0,0,0,0,0,1,0,0,0,0,0,0,0,0,0,0,"Leaf",0,1,0,0,0,0,4.12875,0,0,"leaf","",2,"h","w","w"
"Leucadendron salignum","Leucadendron salignum","PROTEACEAE","PROTEACEAE","Leucadendron salignum","P.J.Bergius","Proteaceae",1,0,"Perennial",0,1,1,0,0,0,0,1,1,"Apr","Nov","","",200,0,0,0,0,0,1,0,0,0,0,0,0,0,0,0,0,"Leaf",0,1,0,0,0,0,3.881086957,0,0,"leaf","",3,"h","i","w"
"Leucadendron sorocephalodes","Leucadendron sorocephalodes","PROTEACEAE","PROTEACEAE","Leucadendron sorocephalodes","E.Phillips & Hutch.","Proteaceae",1,0,"Perennial",0,1,1,0,0,0,0,0,0,"Aug","Aug","","",30,0,0,0,1,0,0,0,0,0,0,0,0,0,0,0,0,"Leaf",1,0,0,0,0,0,NA,0,0,"leaf","",2,"h","i","p"
"Leucadendron spirale","Leucadendron spirale","PROTEACEAE","PROTEACEAE","Leucadendron spirale","(Salisb. ex Knight) I.Williams","Proteaceae",1,0,"Perennial",0,1,1,0,0,0,0,0,1,"Nov","Jan","","",100,0,0,0,1,0,0,0,0,0,0,0,0,0,0,0,0,"Leaf",1,0,0,0,0,0,NA,0,0,"leaf","",2,"h","i","w"
"Leucadendron spissifolium","Leucadendron spissifolium","PROTEACEAE","PROTEACEAE","Leucadendron spissifolium","(Salisb. ex Knight) I.Williams","Proteaceae",1,0,"Perennial",0,1,1,0,0,0,0,1,1,"Aug","Oct","","",130,0,0,0,0,1,0,0,0,0,0,0,0,0,0,0,0,"Leaf",0,1,0,0,0,0,2.88,0,0,"leaf","",3,"h","i","w"
"Leucadendron tinctum","Leucadendron tinctum","PROTEACEAE","PROTEACEAE","Leucadendron tinctum","I.Williams","Proteaceae",1,0,"Perennial",0,1,1,0,0,0,0,0,0,"Jul","Aug","","",130,0,0,0,0,1,0,0,0,0,0,0,0,0,0,0,0,"Leaf",0,1,0,0,0,0,6.78,0,0,"leaf","",2,"h","i","p"
"Leucadendron uliginosum","Leucadendron uliginosum","PROTEACEAE","PROTEACEAE","Leucadendron uliginosum","R.Br.","Proteaceae",1,0,"Perennial",0,1,1,0,0,0,0,0,1,"Oct","Dec","","",400,0,0,0,0,0,1,0,0,0,0,0,0,0,0,0,0,"Leaf",0,0,1,0,0,0,3.883333333,0,0,"leaf","",2,"h","i","w"
"Leucadendron xanthoconus","Leucadendron xanthoconus","PROTEACEAE","PROTEACEAE","Leucadendron xanthoconus","K.Schum.","Proteaceae",1,0,"Perennial",0,1,1,0,0,0,0,0,1,"Aug","Aug","","",200,0,0,0,0,0,1,0,0,0,0,0,0,0,0,0,0,"Leaf",0,1,0,0,0,0,4.257142857,0,0,"leaf","",2,"h","w","w"
"Leucospermum calligerum","Leucospermum calligerum","PROTEACEAE","PROTEACEAE","Leucospermum calligerum","(Salisb. ex Knight) Rourke.","Proteaceae",1,0,"Perennial",1,0,1,0,0,0,0,0,0,"Jul","Jan","","",200,0,0,0,0,0,1,0,0,0,0,0,0,0,0,0,0,"Leaf",0,1,1,0,0,0,1.954,0,0,"leaf","",2,"h","m","i"
"Leucospermum conocarpodendron","Leucospermum conocarpodendron","PROTEACEAE","PROTEACEAE","Leucospermum conocarpodendron","H.Buek","Proteaceae",1,0,"Perennial",1,0,1,0,0,0,0,1,0,"Aug","Dec","","",500,0,0,0,0,0,1,1,0,0,0,0,0,0,0,0,0,"Leaf",0,0,1,0,0,0,9.14,0,0,"leaf","",3,"h","m","i"
"Leucospermum cuneiforme","Leucospermum cuneiforme","PROTEACEAE","PROTEACEAE","Leucospermum cuneiforme","(Burm.f.) Rourke","Proteaceae",1,0,"Perennial",1,0,1,0,0,0,0,1,0,"Aug","Feb","","",200,0,0,0,0,0,1,0,0,0,0,0,0,0,0,0,0,"Leaf",0,0,1,0,0,0,7.278571429,0,0,"leaf","",3,"h","m","i"
"Leucospermum erubescens","Leucospermum erubescens","PROTEACEAE","PROTEACEAE","Leucospermum erubescens","Rourke","Proteaceae",1,0,"Perennial",1,0,1,0,0,0,0,0,0,"Aug","Jan","","",200,0,0,0,0,0,1,0,0,0,0,0,0,0,0,0,0,"Leaf",0,1,0,0,0,0,NA,0,0,"leaf","",2,"h","m","i"
"Leucospermum hypophyllocarpodendron","Leucospermum hypophyllocarpodendron","PROTEACEAE","PROTEACEAE","Leucospermum hypophyllocarpodendron","(L.) Druce","Proteaceae",1,0,"Perennial",1,0,1,0,0,0,0,1,0,"Aug","Jan","","",20,0,0,0,1,0,0,0,0,0,0,0,0,0,0,0,0,"Leaf",1,1,0,0,0,0,NA,0,0,"leaf","",3,"m","m","i"
"Leucospermum mundii","Leucospermum mundii","PROTEACEAE","PROTEACEAE","Leucospermum mundii","Meisn.","Proteaceae",1,0,"Perennial",1,0,1,0,0,0,0,0,0,"Jul","Nov","","",100,0,0,0,1,0,0,0,0,0,0,0,0,0,0,0,0,"Leaf",0,0,1,0,0,0,6.06,0,0,"leaf","",2,"h","m","i"
"Leucospermum winteri","Leucospermum winteri","PROTEACEAE","PROTEACEAE","Leucospermum winteri","Rourke","Proteaceae",1,0,"Perennial",1,0,1,0,0,0,0,0,0,"Jul","Dec","","",130,0,0,0,0,1,0,0,0,0,0,0,0,0,0,0,0,"Leaf",0,0,1,0,0,0,NA,0,0,"leaf","",2,"h","m","i"
"Leucospermum wittebergense","Leucospermum wittebergense","PROTEACEAE","PROTEACEAE","Leucospermum wittebergense","Compton","Proteaceae",1,0,"Perennial",1,0,1,0,0,0,0,0,0,"Aug","Jan","","",200,0,0,0,0,0,1,0,0,0,0,0,0,0,0,0,0,"Leaf",0,0,1,0,0,0,2.3,0,0,"leaf","",2,"h","m","i"
"Leysera gnaphalodes","Leysera gnaphalodes","ASTERACEAE","ASTERACEAE","Leysera gnaphalodes","(L.) L.","Asteraceae",1,0,"Perennial",1,0,1,0,0,0,0,0,0,"Sep","Nov","","",40,0,0,0,1,0,0,0,0,0,0,0,0,0,0,0,0,"Leaf",1,0,0,0,0,0,NA,0,0,"leaf","",1,"m","i","w"
"Lichtensteinia lacera","Lichtensteinia lacera","APIACEAE","APIACEAE","Lichtensteinia lacera","Cham. & Schltdl.","Apiaceae",1,0,"Perennial",1,0,1,0,0,0,0,1,0,"Dec","Mar","","",140,1,0,0,0,0,0,0,0,0,0,0,0,0,0,0,0,"Leaf",0,0,1,0,1,0,NA,0,0,"leaf","",3,"l","i","w"
"Lichtensteinia latifolia","Lichtensteinia latifolia","APIACEAE","APIACEAE","Lichtensteinia latifolia","Eckl. & Zeyh.","Apiaceae",1,0,"Perennial",1,0,1,0,0,0,0,1,0,"Nov","Feb","","",140,1,0,0,0,0,0,0,0,0,0,0,0,0,0,0,0,"Leaf",0,0,1,0,1,0,NA,0,0,"leaf","",3,"l","i","w"
"Lidbeckia quinqueloba","Lidbeckia lobata","ASTERACEAE","ASTERACEAE","Lidbeckia quinqueloba","Cass.","Asteraceae",1,0,"Perennial",1,0,1,0,0,0,0,0,0,"Sep","Dec","","",60,0,0,0,1,0,0,0,0,0,0,0,0,0,0,0,0,"Leaf",0,0,1,0,1,0,1.76,0,0,"leaf","",2,"l","i","w"
"Limeum aethiopicum","Limeum aethiopicum","MOLLUGINACEAE","MOLLUGINACEAE","Limeum aethiopicum","Burm.f.","Limeaceae",1,0,"Perennial",1,0,1,0,0,0,0,1,0,"Feb","Mar","","",15,0,0,0,1,0,0,0,0,0,0,0,0,0,0,0,0,"Leaf",0,0,1,0,0,0,NA,0,0,"leaf","",2,"l","i","u"
"Limonium scabrum","Limonium scabrum","PLUMBAGINACEAE","PLUMBAGINACEAE","Limonium scabrum","(Thunb.) Kuntze","Plumbaginaceae",1,0,"Perennial",1,0,1,0,0,0,0,0,0,"Oct","May","","",25,1,0,0,0,0,0,0,0,0,0,0,0,0,0,0,0,"Leaf",0,0,1,0,0,0,2.64,0,0,"leaf","",2,"l","i","w"
"Linconia alopecuroidea","Linconia alopecuroidea","BRUNIACEAE","BRUNIACEAE","Linconia alopecuroidea","L.","Bruniaceae",1,0,"Perennial",1,0,1,0,0,0,0,1,0,"Sep","Nov","","",100,0,0,0,1,0,0,0,0,0,0,0,0,0,0,0,0,"Leaf",0,1,0,0,0,0,NA,0,0,"leaf","",3,"h","i","w"
"Linum africanum","Linum africanum","LINACEAE","LINACEAE","Linum africanum","L.","Linaceae",1,0,"Perennial",1,0,1,0,0,0,0,1,0,"Nov","Jan","","",50,0,0,0,1,0,0,0,0,0,0,0,0,0,0,0,0,"Leaf",0,1,0,0,0,0,NA,0,0,"leaf","",2,"m","i","p"
"Linum gracile","Linum gracile","LINACEAE","LINACEAE","Linum gracile","Sm. ex Planch.","Linaceae",1,0,"Perennial",1,0,1,0,0,0,0,1,0,"Sep","Feb","","",50,0,0,0,1,0,0,0,0,0,0,0,0,0,0,0,0,"Leaf",0,0,1,0,0,0,NA,0,0,"leaf","",2,"m","i","p"
"Linum pungens","Linum pungens","LINACEAE","LINACEAE","Linum pungens","Planch.","Linaceae",1,0,"Perennial",1,0,1,0,0,0,0,1,0,"Dec","Jan","","",50,0,0,0,1,0,0,0,0,0,0,0,0,0,0,0,0,"Leaf",0,1,1,0,0,0,NA,0,0,"leaf","",2,"m","i","p"
"Linum thunbergii","Linum thunbergii","LINACEAE","LINACEAE","Linum thunbergii","Eckl. & Zeyh.","Linaceae",1,0,"Perennial",1,0,1,0,0,0,0,1,0,"Oct","Jan","","",50,0,0,0,1,0,0,0,0,0,0,0,0,0,0,0,0,"Leaf",1,0,0,0,0,0,NA,0,0,"leaf","",2,"m","i","p"
"Liparia calycina","Liparia calycina","FABACEAE","FABACEAE","Liparia calycina","(L.Bolus) A.L.Schutte","Fabaceae",1,0,"Perennial",1,0,1,0,0,0,0,0,0,"Aug","Nov","","",250,0,0,0,0,0,1,0,0,0,0,0,0,0,0,0,0,"Leaf",0,0,1,0,0,0,NA,0,0,"leaf","",2,"h","i","p"
"Liparia parva","Liparia parva","FABACEAE","FABACEAE","Liparia parva","Vogel ex Walp.","Fabaceae",1,0,"Perennial",1,0,1,0,0,0,0,1,0,"May","Nov","","",20,0,0,0,1,0,0,0,0,0,0,0,0,0,0,0,0,"Leaf",0,0,1,0,0,0,1.7,0,0,"leaf","",3,"h","m","p"
"Lobelia anceps","Lobelia anceps","CAMPANULACEAE","LOBELIACEAE","Lobelia anceps","L.f.","Campanulaceae",1,0,"Perennial",1,0,1,0,0,0,0,0,0,"Nov","Jun","","",5,1,0,0,0,0,0,0,0,0,0,0,0,0,0,0,0,"Leaf",0,0,1,0,0,0,NA,0,1,"leaf","",1,"m","i","p"
"Lobelia capillifolia","Lobelia capillifolia","CAMPANULACEAE","LOBELIACEAE","Lobelia capillifolia","A.DC.","Campanulaceae",1,0,"Perennial",1,0,1,0,0,0,0,0,0,"Sep","May","","",50,1,0,0,0,0,0,0,0,0,0,0,0,0,0,0,0,"Leaf",1,0,0,0,0,0,2.173,0,1,"leaf","",1,"l","i","p"
"Lobelia chamaepitys","Lobelia chamaepitys","CAMPANULACEAE","LOBELIACEAE","Lobelia chamaepitys","Lam.","Campanulaceae",1,0,"Perennial",1,0,1,0,0,0,0,0,0,"Sep","Apr","","",30,0,0,0,1,0,0,0,0,0,0,0,0,0,0,0,0,"Leaf",1,0,0,0,0,1,NA,0,0,"leaf","",1,"l","i","p"
"Lobelia comosa","Lobelia comosa","CAMPANULACEAE","LOBELIACEAE","Lobelia comosa","L.","Campanulaceae",0,1,"Annual",1,0,1,0,0,0,0,0,0,"Aug","Jan","","",50,0,0,0,1,0,0,0,0,0,0,0,0,0,0,0,0,"Leaf",1,1,0,0,0,0,NA,0,1,"leaf","",0,"l","i","p"
"Lobelia coronopifolia","Lobelia coronopifolia","CAMPANULACEAE","LOBELIACEAE","Lobelia coronopifolia","L.","Campanulaceae",1,0,"Perennial",1,0,1,0,0,0,0,0,0,"Oct","Apr","","",30,0,0,0,1,0,0,0,0,0,0,0,0,0,0,0,0,"Leaf",1,1,0,0,0,1,2.165,0,0,"leaf","",1,"l","i","p"
"Lobelia jasionoides","Lobelia jasionoides","CAMPANULACEAE","LOBELIACEAE","Lobelia jasionoides","(A.DC.) E.Wimm.","Campanulaceae",1,0,"Perennial",1,0,1,0,0,0,0,0,0,"Oct","Feb","","",50,1,0,0,0,0,0,0,0,0,0,0,0,0,0,0,0,"Leaf",0,0,1,0,0,0,NA,0,0,"leaf","",1,"l","i","p"
"Lobelia linearis","Lobelia linearis","CAMPANULACEAE","LOBELIACEAE","Lobelia linearis","Thunb.","Campanulaceae",1,0,"Perennial",1,0,1,0,0,0,0,0,0,"Sep","Mar","","",70,0,0,0,1,0,0,0,0,0,0,0,0,0,0,0,0,"Leaf",1,0,0,0,0,0,NA,0,1,"leaf","",2,"m","i","p"
"Lobelia neglecta","Lobelia neglecta","CAMPANULACEAE","LOBELIACEAE","Lobelia neglecta","Roem. & Schult.","Campanulaceae",1,0,"Perennial",1,0,1,0,0,0,0,0,0,"Jan","Dec","","",50,0,0,0,1,0,0,0,0,0,0,0,0,0,0,0,0,"Leaf",0,0,1,0,0,0,1.19,0,0,"leaf","",1,"l","i","p"
"Lobelia patula","Lobelia patula","CAMPANULACEAE","LOBELIACEAE","Lobelia patula","L.f.","Campanulaceae",1,0,"Perennial",1,0,1,0,0,0,0,0,0,"Oct","Dec","","",40,1,0,0,0,0,0,0,0,0,0,0,0,0,0,0,0,"Leaf",0,0,1,0,0,0,NA,0,0,"leaf","",1,"l","i","p"
"Lobelia pinifolia","Lobelia pinifolia","CAMPANULACEAE","LOBELIACEAE","Lobelia pinifolia","L.","Campanulaceae",1,0,"Perennial",1,0,1,0,0,0,0,0,0,"Dec","Apr","","",50,0,0,0,1,0,0,0,0,0,0,0,0,0,0,0,0,"Leaf",1,0,0,0,0,0,1.936363636,0,0,"leaf","",2,"m","i","p"
"Lobelia pubescens","Lobelia pubescens","CAMPANULACEAE","LOBELIACEAE","Lobelia pubescens","[Dryand.]","Campanulaceae",1,1,"Both",1,0,1,0,0,0,0,0,0,"Oct","Mar","","",50,1,0,0,0,0,0,0,0,0,0,0,0,0,0,0,0,"Leaf",0,0,1,0,0,1,NA,0,1,"leaf","",1,"l","i","p"
"Lobelia setacea","Lobelia setacea","CAMPANULACEAE","LOBELIACEAE","Lobelia setacea","Thunb.","Campanulaceae",1,0,"Perennial",1,0,1,0,0,0,0,0,0,"Nov","Apr","","",60,1,0,0,0,0,0,0,0,0,0,0,0,0,0,0,0,"Leaf",1,0,0,0,0,0,7.325,0,1,"leaf","",1,"l","i","p"
"Lobelia tomentosa","Lobelia tomentosa","CAMPANULACEAE","LOBELIACEAE","Lobelia tomentosa","L.f.","Campanulaceae",1,0,"Perennial",1,0,1,0,0,0,0,0,0,"Nov","Jun","","",40,0,0,0,1,0,0,0,0,0,0,0,0,0,0,0,0,"Leaf",0,0,1,0,0,1,1.67,0,0,"leaf","",1,"l","i","p"
"Lobostemon cinereus","Lobostemon trichotomus","BORAGINACEAE","BORAGINACEAE","Lobostemon cinereus","DC.","Boraginaceae",1,0,"Perennial",1,0,1,0,0,0,0,0,0,"Aug","Nov","","",100,0,0,0,1,0,0,0,0,0,0,0,0,0,0,0,0,"Leaf",0,1,0,0,0,0,1.23,0,0,"leaf","",2,"h","i","p"
"Lobostemon decorus","Lobostemon decorus","BORAGINACEAE","BORAGINACEAE","Lobostemon decorus","Levyns","Boraginaceae",1,0,"Perennial",1,0,1,0,0,0,0,0,0,"Aug","Oct","","",100,0,0,0,1,0,0,0,0,0,0,0,0,0,0,0,0,"Leaf",1,0,0,0,0,0,NA,0,0,"leaf","",2,"h","i","p"
"Lobostemon echioides","Lobostemon echioides","BORAGINACEAE","BORAGINACEAE","Lobostemon echioides","Lehm.","Boraginaceae",1,0,"Perennial",1,0,1,0,0,0,0,0,0,"Aug","Oct","","",80,0,0,0,1,0,0,0,0,0,0,0,0,0,0,0,0,"Leaf",0,1,0,0,0,0,2.0925,0,0,"leaf","",2,"h","i","p"
"Lobostemon fruticosus","Lobostemon fruticosus","BORAGINACEAE","BORAGINACEAE","Lobostemon fruticosus","H.Buek","Boraginaceae",1,0,"Perennial",1,0,1,0,0,0,0,0,0,"May","Dec","","",80,0,0,0,1,0,0,0,0,0,0,0,0,0,0,0,0,"Leaf",0,1,0,0,0,0,3.645454545,0,0,"leaf","",2,"h","i","p"
"Lobostemon glaucophyllus","Lobostemon glaucophyllus","BORAGINACEAE","BORAGINACEAE","Lobostemon glaucophyllus","Buek.","Boraginaceae",1,0,"Perennial",1,0,1,0,0,0,0,0,0,"Jul","Oct","","",80,0,0,0,1,0,0,0,0,0,0,0,0,0,0,0,0,"Leaf",0,1,0,0,0,0,5.68,0,0,"leaf","",2,"h","i","p"
"Lobostemon montanus","Lobostemon montanus","BORAGINACEAE","BORAGINACEAE","Lobostemon montanus","H.Buek","Boraginaceae",1,0,"Perennial",1,0,1,0,0,0,0,0,0,"Jul","Sep","","",120,0,0,0,0,1,0,0,0,0,0,0,0,0,0,0,0,"Leaf",0,1,0,0,0,0,5.18,0,0,"leaf","",2,"h","i","p"
"Lobostemon muirii","Lobostemon muirii","BORAGINACEAE","BORAGINACEAE","Lobostemon muirii","Levyns","Boraginaceae",1,0,"Perennial",1,0,1,0,0,0,0,1,0,"Jun","Aug","","",90,0,0,0,1,0,0,0,0,0,0,0,0,0,0,0,0,"Leaf",0,1,0,0,0,0,3.62,0,0,"leaf","",2,"h","i","p"
"Lotononis pungens","Lotononis pungens","FABACEAE","FABACEAE","Lotononis pungens","Eckl. & Zeyh.","Fabaceae",1,0,"Perennial",1,0,1,0,0,0,0,1,0,"Aug","Mar","","",20,0,0,0,1,0,0,0,0,0,0,0,0,0,0,0,0,"Leaf",1,0,1,1,0,0,NA,0,0,"leaf","",2,"l","i","p"
"Loxostylis alata","Loxostylis alata","ANACARDIACEAE","ANACARDIACEAE","Loxostylis alata","Spreng. ex Rchb.","Anacardiaceae",1,0,"Perennial",1,0,1,0,0,0,0,1,0,"Sep","Mar","","",600,0,0,0,0,0,0,1,0,0,0,0,0,0,0,0,0,"Leaf",0,0,1,1,0,0,10.45,0,0,"leaf","",3,"h","i","m"
"Lycium afrum","Lycium afrum","SOLANACEAE","SOLANACEAE","Lycium afrum","L.","Solanaceae",1,0,"Perennial",1,0,1,0,0,0,0,0,0,"Jul","Sep","","",300,0,0,0,0,0,1,1,0,0,0,0,0,0,0,0,0,"Leaf",1,0,0,0,0,0,NA,0,0,"leaf","",3,"m","i","m"
"Lycium ferocissimum","Lycium ferocissimum","SOLANACEAE","SOLANACEAE","Lycium ferocissimum","Miers","Solanaceae",1,0,"Perennial",1,0,1,0,0,0,0,0,0,"Jul","Sep","","",200,0,0,0,0,0,1,0,0,0,0,0,0,0,0,0,0,"Leaf",0,0,1,0,0,0,2.166666667,0,0,"leaf","",3,"m","i","m"
"Lycopodium zanclophyllum","Lycopodium complanatum","LYCOPODIACEAE","LYCOPODIACEAE","Diphasiastrum zanclophyllum","(J.H.Wilce) Holub","Lycopodiaceae",1,0,"Perennial",1,0,1,0,0,0,0,1,0,"","","","",25,1,0,0,0,0,0,0,0,0,0,0,0,0,0,0,0,"microphylls",1,0,0,0,0,0,0.3,0,0,"leaf","",2,"l","w","w"
"Machairophyllum albidum","Machairophyllum cookii","AIZOACEAE","MESEMBRYANTHEMACEAE","Machairophyllum albidum","(L.) Schwantes","Aizoaceae",1,0,"Perennial",1,0,1,0,0,1,0,1,0,"Oct","Nov","","",8,1,0,0,0,0,0,0,0,0,0,0,0,1,1,0,0,"Leaf",0,1,0,0,0,0,NA,0,0,"leaf","",2,"l","i","p"
"Machairophyllum bijliae","Machairophyllum acuminatum","AIZOACEAE","MESEMBRYANTHEMACEAE","Machairophyllum bijlii","(N.E.Br.) L.Bolus","Aizoaceae",1,0,"Perennial",1,0,1,0,0,1,0,1,0,"Nov","Nov","","",4,1,0,0,0,0,0,0,0,0,0,0,0,1,1,0,0,"Leaf",0,1,0,0,0,0,NA,0,0,"leaf","",2,"l","i","p"
"Macledium spinosum","Dicoma spinosa","ASTERACEAE","ASTERACEAE","Macledium spinosum","(L.) S.Ortiz","Asteraceae",1,0,"Perennial",1,0,1,0,0,0,0,1,0,"Sep","Feb","","",20,0,0,0,1,0,0,0,0,0,0,0,0,0,0,0,0,"Leaf",0,0,1,0,0,0,1.78,0,0,"leaf","",2,"m","i","w"
"Macrostylis squarrosa","Macrostylis squarrosa","RUTACEAE","RUTACEAE","Macrostylis squarrosa","Bartl. & H.L.Wendl.","Rutaceae",1,0,"Perennial",1,0,1,0,0,0,0,0,0,"Aug","Feb","","",30,0,0,0,1,0,0,0,0,0,0,0,0,0,0,0,0,"Leaf",0,0,1,0,0,0,0.248,0,0,"leaf","",2,"h","i","p"
"Macrostylis tenuis","Macrostylis tenuis","RUTACEAE","RUTACEAE","Macrostylis tenuis","E.Mey.","Rutaceae",1,0,"Perennial",1,0,1,0,0,0,0,1,0,"Sep","Mar","","",90,0,0,0,1,0,0,0,0,0,0,0,0,0,0,0,0,"Leaf",0,0,1,0,0,0,0.256,0,0,"leaf","",2,"h","i","p"
"Macrostylis villosa","Macrostylis villosa","RUTACEAE","RUTACEAE","Macrostylis villosa","Sond.","Rutaceae",1,0,"Perennial",1,0,1,0,0,0,0,1,0,"Dec","Jul","","",30,0,0,0,1,0,0,0,0,0,0,0,0,0,0,0,0,"Leaf",0,1,0,0,0,0,0.675,0,0,"leaf","",3,"m","i","p"
"Mairia coriacea","Mairia coriacea","ASTERACEAE","ASTERACEAE","Mairia coriacea","H.Bol","Asteraceae",1,0,"Perennial",1,0,1,0,0,0,1,1,0,"Nov","Mar","","",12,1,0,0,0,0,0,0,0,0,0,0,0,0,0,0,0,"Leaf",0,0,1,0,0,0,NA,0,0,"leaf","",2,"l","i","w"
"Mairia crenata","Mairia crenata","ASTERACEAE","ASTERACEAE","Zyrphelis crenata","Kuntze","Asteraceae",1,0,"Perennial",1,0,1,0,0,0,1,1,0,"Sep","Mar","","",15,1,0,0,0,0,0,0,0,0,0,0,0,0,0,0,0,"Leaf",0,0,1,0,0,0,NA,0,0,"leaf","",2,"l","i","w"
"Mairia hirsuta","Mairia hirsuta","ASTERACEAE","ASTERACEAE","Mairia purpurata","(L.) J.C.Manning","Asteraceae",1,0,"Perennial",1,0,1,0,0,0,1,1,0,"Jul","Sep","","",30,1,0,0,0,0,0,0,0,0,0,0,0,0,0,0,0,"Leaf",0,1,0,0,0,0,NA,0,0,"leaf","",2,"l","i","w"
"Manulea cephalotes","Manulea cephalotes","SCROPHULARIACEAE","SCROPHULARIACEAE","Manulea cephalotes","Thunb.","Scrophulariaceae",1,0,"Perennial",1,0,1,0,0,1,0,0,0,"Dec","Apr","","",100,1,0,0,0,0,0,0,0,0,0,0,0,0,0,0,0,"Leaf",0,0,1,0,0,0,NA,0,0,"leaf","",1,"l","i","p"
"Manulea cheiranthus","Manulea cheiranthus","SCROPHULARIACEAE","SCROPHULARIACEAE","Manulea cheiranthus","L.","Scrophulariaceae",0,1,"Annual",1,0,0,1,1,1,0,0,0,"Jul","Nov","","",30,1,0,0,0,0,0,0,0,0,0,0,0,0,0,0,0,"Leaf",0,1,1,0,0,0,NA,0,0,"leaf","",0,"l","i","p"
"Manulea laxa","Manulea laxa","SCROPHULARIACEAE","SCROPHULARIACEAE","Manulea laxa","Schltr.","Scrophulariaceae",1,0,"Perennial",1,0,1,0,0,1,0,0,0,"Sep","Oct","","",80,1,0,0,0,0,0,0,0,0,0,0,0,0,0,0,0,"Leaf",0,1,0,0,0,0,NA,0,0,"leaf","",1,"l","i","p"
"Manulea tomentosa","Manulea tomentosa","SCROPHULARIACEAE","SCROPHULARIACEAE","Manulea tomentosa","(L.) L.","Scrophulariaceae",1,0,"Perennial",1,0,1,0,0,1,0,0,0,"Aug","Dec","","",60,1,0,0,0,0,0,0,0,0,0,0,0,0,0,0,0,"Leaf",0,1,0,0,0,0,NA,0,0,"leaf","",1,"l","i","p"
"Mastersiella digitata","Mastersiella digitata","RESTIONACEAE","RESTIONACEAE","Mastersiella digitata","Gilg-Ben.","Restionaceae",1,0,"Perennial",0,1,1,0,0,0,0,0,0,"Mar","Sep","","",100,0,0,1,0,0,0,0,0,0,0,0,0,0,0,0,0,"Leaf",1,0,0,0,0,0,29.22,1,1,"culm_stem","no",2,"h","w","i"
"Mastersiella purpurea","Mastersiella purpurea","RESTIONACEAE","RESTIONACEAE","Mastersiella purpurea","(Pillans) H.P.Linder","Restionaceae",1,0,"Perennial",0,1,1,0,0,0,0,0,0,"Feb","Feb","","",100,0,0,1,0,0,0,0,0,0,0,0,0,0,0,0,0,"Leaf",1,0,0,0,0,0,50.45,1,1,"culm_stem","yes",2,"h","w","i"
"Mastersiella spathulata","Mastersiella spathulata","RESTIONACEAE","RESTIONACEAE","Mastersiella spathulata","(Pillans) H.P.Linder","Restionaceae",1,0,"Perennial",0,1,1,0,0,0,0,1,0,"Sep","Sep","","",100,0,0,1,0,0,0,0,0,0,0,0,0,0,0,0,0,"Leaf",1,0,0,0,0,0,NA,1,1,"culm_stem","",2,"h","w","i"
"Maurocenia frangula","Maurocenia frangula","CELASTRACEAE","CELASTRACEAE","Maurocenia frangula","Mill.","Celastraceae",1,0,"Perennial",1,0,1,0,0,0,0,1,0,"Jan","May","","",500,0,0,0,0,0,1,1,0,0,0,0,0,0,0,0,0,"Leaf",0,0,1,0,0,0,4.666666667,0,0,"leaf","",3,"m","i","m"
"Maytenus acuminata","Maytenus acuminata","CELASTRACEAE","CELASTRACEAE","Maytenus acuminata","(L.f.) Loes.","Celastraceae",1,0,"Perennial",1,0,1,0,0,0,0,0,0,"May","Jan","","",1000,0,0,0,0,0,0,1,0,0,0,0,0,0,0,0,0,"Leaf",0,1,1,0,0,0,6.18,0,0,"leaf","",3,"m","i","m"
"Maytenus lucida","Maytenus lucida","CELASTRACEAE","CELASTRACEAE","Maytenus lucida","(L.) Loes.","Celastraceae",1,0,"Perennial",1,0,1,0,0,0,0,1,0,"Jun","Jan","","",150,0,0,0,0,1,0,0,0,0,0,0,0,0,0,0,0,"Leaf",0,0,1,0,0,0,3.666666667,0,0,"leaf","",3,"m","i","m"
"Maytenus oleoides","Maytenus oleoides","CELASTRACEAE","CELASTRACEAE","Maytenus oleoides","(Lam.) Loes.","Celastraceae",1,0,"Perennial",1,0,1,0,0,0,0,1,0,"Apr","Sep","","",400,0,0,0,0,0,0,1,0,0,0,0,0,0,0,0,0,"Leaf",0,1,1,0,0,0,2.8,0,0,"leaf","",3,"h","i","m"
"Maytenus undata","Maytenus undata","CELASTRACEAE","CELASTRACEAE","Maytenus undata","(Thunb.) Blakelock","Celastraceae",1,0,"Perennial",1,0,1,0,0,0,0,0,0,"Nov","Mar","","",1000,0,0,0,0,0,0,1,0,0,0,0,0,0,0,0,0,"Leaf",0,0,1,0,0,0,NA,0,0,"leaf","",3,"h","i","m"
"Melianthus major","Melianthus major","MELIANTHACEAE","MELIANTHACEAE","Melianthus major","L.","Francoaceae",1,0,"Perennial",1,0,1,0,0,0,0,1,0,"Aug","Sep","","",200,0,0,0,0,0,1,0,0,0,0,0,0,0,0,0,0,"Leaf",0,0,1,1,0,0,15.56,0,0,"leaf","",2,"m","m","p"
"Melica racemosa","Melica racemosa","POACEAE","POACEAE","Melica racemosa","Thunb.","Poaceae",1,0,"Perennial",1,0,1,0,0,1,0,1,0,"Oct","Mar","","",100,0,0,1,0,0,0,0,0,0,0,0,0,0,0,0,0,"Leaf",1,0,0,0,0,0,NA,0,0,"leaf","",2,"h","w","i"
"Melinis nerviglumis","Melinis nerviglumis","POACEAE","POACEAE","Melinis nerviglumis","(Franch.) Zizka","Poaceae",1,0,"Perennial",1,0,1,0,0,1,0,0,0,"Nov","Dec","","",80,0,0,1,0,0,0,0,0,0,0,0,0,0,0,0,0,"Leaf",1,0,0,0,0,0,NA,0,0,"leaf","",2,"h","w","w"
"Melinis repens","Melinis repens","POACEAE","POACEAE","Melinis repens","(Willd.) Zizka","Poaceae",1,1,"Both",1,0,1,0,0,1,0,0,0,"Oct","Feb","","",80,0,0,1,0,0,0,0,0,0,0,0,0,0,0,0,0,"Leaf",1,0,0,0,0,0,9.248333333,0,0,"leaf","",1,"h","w","w"
"Melolobium candicans","Melolobium candicans","FABACEAE","FABACEAE","Melolobium candicans","Eckl. & Zeyh.","Fabaceae",1,0,"Perennial",1,0,1,0,0,0,0,0,0,"May","Jan","","",60,0,0,0,1,0,0,0,0,0,0,0,0,0,0,0,0,"Leaf",0,1,0,1,0,0,NA,0,0,"leaf","",2,"l","i","p"
"Merciera azurea","Merciera azurea","CAMPANULACEAE","CAMPANULACEAE","Merciera azurea","Schltr.","Campanulaceae",1,0,"Perennial",1,0,1,0,0,0,0,1,0,"Nov","Feb","","",30,0,0,0,1,0,0,0,0,0,0,0,0,0,0,0,0,"Leaf",1,0,0,0,0,0,1.554,0,0,"leaf","",2,"m","i","p"
"Merciera brevifolia","Merciera brevifolia","CAMPANULACEAE","CAMPANULACEAE","Merciera brevifolia","A.DC.","Campanulaceae",1,0,"Perennial",1,0,1,0,0,0,0,1,0,"Nov","Mar","","",30,0,0,0,1,0,0,0,0,0,0,0,0,0,0,0,0,"Leaf",1,0,0,0,0,0,NA,0,0,"leaf","",2,"m","i","p"
"Merciera tenuifolia","Merciera tenuifolia","CAMPANULACEAE","CAMPANULACEAE","Merciera tenuifolia","A.DC.","Campanulaceae",1,0,"Perennial",1,0,1,0,0,0,0,1,0,"Dec","Mar","","",30,0,0,0,1,0,0,0,0,0,0,0,0,0,0,0,0,"Leaf",1,0,0,0,0,0,0.608,0,0,"leaf","",2,"m","i","p"
"Mesembryanthemum crystallinum","Mesembryanthemum crystallinum","AIZOACEAE","MESEMBRYANTHEMACEAE","Mesembryanthemum crystallinum","L.","Aizoaceae",1,0,"Perennial",1,0,1,0,0,1,0,0,0,"Nov","Dec","","",20,0,0,0,1,0,0,0,1,0,0,0,0,1,1,1,0,"Leaf",0,0,1,0,0,0,2.24,0,0,"leaf","",0,"l","i","p"
"Metalasia brevifolia","Metalasia brevifolia","ASTERACEAE","ASTERACEAE","Metalasia brevifolia","(Lam.) Levyns","Asteraceae",1,0,"Perennial",1,0,1,0,0,0,0,0,0,"Sep","Dec","","",100,0,0,0,1,0,0,0,0,0,0,0,0,0,0,0,0,"Leaf",1,1,0,0,0,0,0.766666667,0,0,"leaf","",2,"h","i","w"
"Metalasia capitata","Metalasia capitata","ASTERACEAE","ASTERACEAE","Metalasia capitata","Less.","Asteraceae",1,0,"Perennial",1,0,1,0,0,0,0,0,0,"Aug","Sep","","",60,0,0,0,1,0,0,0,0,0,0,0,0,0,0,0,0,"Leaf",1,0,0,0,0,0,NA,0,0,"leaf","",2,"h","i","w"
"Metalasia cephalotes","Metalasia cephalotes","ASTERACEAE","ASTERACEAE","Metalasia cephalotes","Less.","Asteraceae",1,0,"Perennial",1,0,1,0,0,0,0,0,0,"Aug","Nov","","",100,0,0,0,1,0,0,0,0,0,0,0,0,0,0,0,0,"Leaf",1,1,0,0,0,0,0.59,0,0,"leaf","",2,"h","i","w"
"Metalasia densa","Metalasia densa","ASTERACEAE","ASTERACEAE","Metalasia densa","(Lam.) P.O.Karis","Asteraceae",1,0,"Perennial",1,0,1,0,0,0,0,0,0,"Jun","Oct","","",250,0,0,0,0,0,1,0,0,0,0,0,0,0,0,0,0,"Leaf",0,1,1,0,0,0,0.597333333,0,0,"leaf","",2,"h","i","w"
"Metalasia dregeana","Metalasia dregeana","ASTERACEAE","ASTERACEAE","Metalasia dregeana","DC.","Asteraceae",1,0,"Perennial",1,0,1,0,0,0,0,0,0,"Mar","Apr","","",250,0,0,0,0,0,1,0,0,0,0,0,0,0,0,0,0,"Leaf",0,1,1,0,0,0,0.73,0,0,"leaf","",2,"h","i","w"
"Metalasia fastigiata","Metalasia fastigiata","ASTERACEAE","ASTERACEAE","Metalasia fastigiata","D.Don","Asteraceae",1,0,"Perennial",1,0,1,0,0,0,0,0,0,"Aug","Dec","","",150,0,0,0,0,1,0,0,0,0,0,0,0,0,0,0,0,"Leaf",1,1,0,0,0,0,NA,0,0,"leaf","",2,"h","i","w"
"Metalasia galpinii","Metalasia galpinii","ASTERACEAE","ASTERACEAE","Metalasia galpinii","L.Bolus","Asteraceae",1,0,"Perennial",1,0,1,0,0,0,0,0,0,"Nov","Dec","","",120,0,0,0,0,1,0,0,0,0,0,0,0,0,0,0,0,"Leaf",1,0,0,0,0,0,1.21,0,0,"leaf","",2,"h","i","w"
"Metalasia lichtensteinii","Metalasia lichtensteinii","ASTERACEAE","ASTERACEAE","Metalasia lichtensteinii","Less.","Asteraceae",1,0,"Perennial",1,0,1,0,0,0,0,1,0,"Aug","Jan","","",150,0,0,0,0,1,0,0,0,0,0,0,0,0,0,0,0,"Leaf",1,1,0,0,0,0,0.476,0,0,"leaf","",2,"h","i","w"
"Metalasia massonii","Metalasia massonii","ASTERACEAE","ASTERACEAE","Metalasia massonii","S.Moore","Asteraceae",1,0,"Perennial",1,0,1,0,0,0,0,0,0,"Aug","Oct","","",250,0,0,0,0,0,1,0,0,0,0,0,0,0,0,0,0,"Leaf",1,0,0,0,0,0,0.545,0,0,"leaf","",2,"h","i","w"
"Metalasia muricata","Metalasia muricata","ASTERACEAE","ASTERACEAE","Metalasia muricata","(L.) D.Don","Asteraceae",1,0,"Perennial",1,0,1,0,0,0,0,0,0,"May","Sep","","",250,0,0,0,0,0,1,0,0,0,0,0,0,0,0,0,0,"Leaf",0,1,1,0,0,0,0.521428571,0,0,"leaf","",2,"h","i","w"
"Metalasia pallida","Metalasia pallida","ASTERACEAE","ASTERACEAE","Metalasia pallida","Bolus","Asteraceae",1,0,"Perennial",1,0,1,0,0,0,0,0,0,"Aug","Nov","","",200,0,0,0,0,0,1,0,0,0,0,0,0,0,0,0,0,"Leaf",1,0,0,0,0,0,NA,0,0,"leaf","",2,"h","i","w"
"Metalasia pungens","Metalasia pungens","ASTERACEAE","ASTERACEAE","Metalasia pungens","D.Don","Asteraceae",1,0,"Perennial",1,0,1,0,0,0,0,0,0,"Apr","Jul","","",250,0,0,0,0,0,1,0,0,0,0,0,0,0,0,0,0,"Leaf",1,1,0,0,0,0,0.602142857,0,0,"leaf","",2,"h","i","w"
"Metalasia trivialis","Metalasia trivialis","ASTERACEAE","ASTERACEAE","Metalasia trivialis","P.O.Karis","Asteraceae",1,0,"Perennial",1,0,1,0,0,0,0,0,0,"Sep","Dec","","",300,0,0,0,0,0,1,0,0,0,0,0,0,0,0,0,0,"Leaf",1,0,0,0,0,0,NA,0,0,"leaf","",2,"h","i","w"
"Metrosideros angustifolia","Metrosideros angustifolia","MYRTACEAE","MYRTACEAE","Metrosideros angustifolia","(L.) Sm.","Myrtaceae",1,0,"Perennial",1,0,1,0,0,0,0,1,0,"Dec","Feb","","",500,0,0,0,0,0,0,1,0,0,0,0,0,0,0,0,0,"Leaf",0,0,1,0,0,0,6.35,0,0,"leaf","",3,"h","i","p"
"Microdon dubius","Microdon dubius","SCROPHULARIACEAE","SCROPHULARIACEAE","Microdon dubius","(L.) Hilliard","Scrophulariaceae",1,0,"Perennial",1,0,1,0,0,0,0,0,0,"Sep","Jan","","",70,0,0,0,1,0,0,0,0,0,0,0,0,0,0,0,0,"Leaf",1,0,0,0,0,0,1.0625,0,0,"leaf","",0,"m","i","p"
"Microloma tenuifolium","Microloma tenuifolium","APOCYNACEAE","APOCYNACEAE","Microloma tenuifolium","(L.) K.Schum.","Apocynaceae",1,0,"Perennial",1,0,0,1,1,1,0,1,0,"Jun","Nov","","",100,0,0,0,0,0,0,0,0,1,0,0,1,0,0,0,0,"Leaf",1,0,0,0,0,0,NA,0,0,"leaf","",2,"l","i","w"
"Mimetes cucullatus","Mimetes cucullatus","PROTEACEAE","PROTEACEAE","Mimetes cucullatus","(L.) R.Br.","Proteaceae",1,0,"Perennial",1,0,1,0,0,0,0,1,0,"Aug","Mar","","",140,0,0,0,0,1,0,0,0,0,0,0,0,0,0,0,0,"Leaf",0,0,1,0,0,0,4.24,0,0,"leaf","",3,"h","m","i"
"Mimetes fimbriifolius","Mimetes fimbriifolius","PROTEACEAE","PROTEACEAE","Mimetes fimbriifolius","Knight","Proteaceae",1,0,"Perennial",1,0,1,0,0,0,0,1,0,"Jul","Dec","","",400,0,0,0,0,0,0,1,0,0,0,0,0,0,0,0,0,"Leaf",0,0,1,0,0,0,7.266666667,0,0,"leaf","",3,"h","m","i"
"Mimetes splendidus","Mimetes splendidus","PROTEACEAE","PROTEACEAE","Mimetes splendidus","Knight","Proteaceae",1,0,"Perennial",1,0,1,0,0,0,0,1,0,"May","Jul","","",300,0,0,0,0,0,1,0,0,0,0,0,0,0,0,0,0,"Leaf",0,1,1,0,0,0,NA,0,0,"leaf","",2,"h","m","i"
"Mohria caffrorum","Mohria caffrorum","ANEMIACEAE","ANEMIACEAE","Anemia afrorum","(L.) Christenh.","Anemiaceae",1,0,"Perennial",1,0,1,0,0,0,0,1,0,"","","","",20,1,0,0,0,0,0,0,0,0,0,0,0,0,0,0,0,"Frond",1,0,0,1,0,1,NA,0,0,"leaf","",2,"m","w","w"
"Monopsis lutea","Monopsis lutea","CAMPANULACEAE","LOBELIACEAE","Monopsis lutea","Urb.","Campanulaceae",1,0,"Perennial",1,0,1,0,0,1,0,0,0,"Nov","Apr","","",60,1,0,0,0,0,0,0,0,0,0,0,0,0,0,0,0,"Leaf",1,0,1,0,0,0,1.766666667,0,0,"leaf","",2,"l","i","p"
"Monsonia emarginata","Monsonia emarginata","GERANIACEAE","GERANIACEAE","Monsonia emarginata","L'Hér.","Geraniaceae",1,1,"Both",1,0,1,0,0,0,0,0,0,"Sep","Mar","","",15,0,0,0,0,0,0,0,0,0,0,0,1,0,0,0,0,"Leaf",0,0,1,0,0,0,1.533333333,0,0,"leaf","",1,"l","i","w"
"Montinia caryophyllacea","Montinia caryophyllacea","MONTINIACEAE","MONTINIACEAE","Montinia caryophyllacea","Thunb.","Montiniaceae",1,0,"Perennial",0,1,0,1,0,0,0,1,0,"May","Oct","","",150,0,0,0,0,1,0,0,0,0,0,0,0,0,0,0,0,"Leaf",0,1,0,0,0,0,3.587272727,1,1,"culm_stem","yes",3,"h","i","w"
"Moraea fugax","Moraea fugax","IRIDACEAE","IRIDACEAE","Moraea fugax","(D.Delaroche) Jacq.","Iridaceae",1,0,"Perennial",1,0,0,1,1,1,0,1,0,"Aug","Nov","","",80,0,1,0,0,0,0,0,0,0,0,0,0,0,0,0,0,"Leaf",1,0,0,0,0,0,NA,0,0,"leaf","",2,"l","i","w"
"Moraea tripetala","Moraea tripetala","IRIDACEAE","IRIDACEAE","Moraea tripetala","(L.f.) Ker Gawl.","Iridaceae",1,0,"Perennial",1,0,0,1,1,1,0,1,0,"Aug","Sep","","",45,0,1,0,0,0,0,0,0,0,0,0,0,0,0,0,0,"Leaf",1,0,0,0,0,0,NA,0,0,"leaf","",2,"l","i","w"
"Morella cordifolia","Morella cordifolia","MYRICACEAE","MYRICACEAE","Myrica cordifolia","L.","Myricaceae",1,0,"Perennial",0,1,1,0,0,0,0,1,0,"May","Aug","","",300,0,0,0,0,0,1,0,0,0,0,0,0,0,0,0,0,"Leaf",0,0,1,0,0,0,0.81,0,0,"leaf","",3,"h","i","p"
"Morella diversifolia","Morella diversifolia","MYRICACEAE","MYRICACEAE","Morella diversifolia","Killick","Myricaceae",1,0,"Perennial",0,1,1,0,0,0,0,1,0,"Aug","Sep","","",100,0,0,0,1,0,0,0,0,0,0,0,0,0,0,0,0,"Leaf",0,0,1,0,0,0,NA,0,0,"leaf","",3,"h","i","p"
"Morella humilis","Morella humilis","MYRICACEAE","MYRICACEAE","Myrica humilis","Cham.","Myricaceae",1,0,"Perennial",0,1,1,0,0,0,0,1,0,"Jul","Nov","","",100,0,0,0,1,0,0,0,0,0,0,0,0,0,0,0,0,"Leaf",0,0,1,0,0,0,NA,0,0,"leaf","",3,"h","i","p"
"Morella kraussiana","Morella kraussiana","MYRICACEAE","MYRICACEAE","Myrica kraussiana","Buchinger","Myricaceae",1,0,"Perennial",0,1,1,0,0,0,0,1,0,"Aug","Oct","","",100,0,0,0,1,0,0,0,0,0,0,0,0,0,0,0,0,"Leaf",0,0,1,0,0,0,4.5,0,0,"leaf","",3,"h","i","p"
"Morella quercifolia","Morella quercifolia","MYRICACEAE","MYRICACEAE","Myrica quercifolia","L.","Myricaceae",1,0,"Perennial",0,1,1,0,0,0,0,1,0,"Jul","Sep","","",60,0,0,0,1,0,0,0,0,0,0,0,0,0,0,0,0,"Leaf",0,0,1,0,1,1,2.992857143,0,0,"leaf","",3,"h","i","p"
"Morella serrata","Morella serrata","MYRICACEAE","MYRICACEAE","Myrica serrata","Lam.","Myricaceae",1,0,"Perennial",0,1,1,0,0,0,0,1,0,"Aug","Dec","","",300,0,0,0,0,0,1,1,0,0,0,0,0,0,0,0,0,"Leaf",0,0,1,0,1,1,7.1375,0,0,"leaf","",3,"h","i","p"
"Muraltia acipetala","Muraltia acipetala","POLYGALACEAE","POLYGALACEAE","Muraltia acipetala","Harv.","Polygalaceae",1,0,"Perennial",1,0,1,0,0,1,0,0,0,"Sep","Nov","","",15,0,0,0,1,0,0,0,0,0,0,0,0,0,0,0,0,"Leaf",1,0,0,0,0,0,NA,0,0,"leaf","",2,"h","i","i"
"Muraltia alopecuroides","Muraltia alopecuroides","POLYGALACEAE","POLYGALACEAE","Muraltia alopecuroides","DC.","Polygalaceae",1,0,"Perennial",1,0,1,0,0,1,0,0,0,"Oct","Dec","","",100,0,0,0,1,0,0,0,0,0,0,0,0,0,0,0,0,"Leaf",0,0,1,0,0,0,0.693,0,0,"leaf","",2,"h","i","i"
"Muraltia ciliaris","Muraltia ciliaris","POLYGALACEAE","POLYGALACEAE","Muraltia ciliaris","DC.","Polygalaceae",1,0,"Perennial",1,0,1,0,0,1,0,0,0,"Apr","Dec","","",30,0,0,0,1,0,0,0,0,0,0,0,0,0,0,0,0,"Leaf",0,1,0,0,0,0,0.63,0,0,"leaf","",2,"h","i","i"
"Muraltia demissa","Muraltia demissa","POLYGALACEAE","POLYGALACEAE","Muraltia demissa","Wolley-Dod","Polygalaceae",1,0,"Perennial",1,0,1,0,0,1,0,0,0,"Aug","Nov","","",30,0,0,0,1,0,0,0,0,0,0,0,0,0,0,0,0,"Leaf",1,0,0,0,0,0,NA,0,0,"leaf","",2,"h","i","i"
"Muraltia depressa","Muraltia depressa","POLYGALACEAE","POLYGALACEAE","Muraltia depressa","Burch. ex DC.","Polygalaceae",1,0,"Perennial",1,0,1,0,0,1,0,0,0,"Sep","Nov","","",25,0,0,0,1,0,0,0,0,0,0,0,0,0,0,0,0,"Leaf",0,1,1,0,0,0,NA,0,0,"leaf","",2,"h","i","i"
"Muraltia ericaefolia","Muraltia ericifolia","POLYGALACEAE","POLYGALACEAE","Muraltia ericaefolia","DC.","Polygalaceae",1,0,"Perennial",1,0,1,0,0,1,0,0,0,"Dec","Jan","","",70,0,0,0,1,0,0,0,0,0,0,0,0,0,0,0,0,"Leaf",0,0,1,0,0,0,0.764,0,0,"leaf","",2,"h","i","i"
"Muraltia ericoides","Muraltia ericoides","POLYGALACEAE","POLYGALACEAE","Muraltia ericoides","Steud.","Polygalaceae",1,0,"Perennial",1,0,1,0,0,1,0,0,0,"Aug","Apr","","",40,0,0,0,1,0,0,0,0,0,0,0,0,0,0,0,0,"Leaf",1,0,1,0,0,0,0.65,0,0,"leaf","",2,"h","i","i"
"Muraltia filiformis","Muraltia filiformis","POLYGALACEAE","POLYGALACEAE","Muraltia filiformis","DC.","Polygalaceae",1,0,"Perennial",1,0,1,0,0,1,0,0,0,"Sep","Dec","","",30,0,0,0,1,0,0,0,0,0,0,0,0,0,0,0,0,"Leaf",1,1,0,0,0,0,NA,0,0,"leaf","",2,"h","i","i"
"Muraltia heisteria","Muraltia heisteria","POLYGALACEAE","POLYGALACEAE","Muraltia heisteria","DC.","Polygalaceae",1,0,"Perennial",1,0,1,0,0,1,0,0,0,"Oct","Dec","","",100,0,0,0,1,0,0,0,0,0,0,0,0,0,0,0,0,"Leaf",0,1,0,0,0,0,0.836,0,0,"leaf","",2,"h","i","i"
"Muraltia juniperifolia","Muraltia juniperifolia","POLYGALACEAE","POLYGALACEAE","Muraltia juniperifolia","DC.","Polygalaceae",1,0,"Perennial",1,0,1,0,0,1,0,1,0,"May","Oct","","",50,0,0,0,1,0,0,0,0,0,0,0,0,0,0,0,0,"Leaf",1,0,0,0,0,0,0.823333333,0,0,"leaf","",2,"h","i","i"
"Muraltia pageae","Muraltia pageae","POLYGALACEAE","POLYGALACEAE","Muraltia pageae","Levyns","Polygalaceae",1,0,"Perennial",1,0,1,0,0,1,0,0,0,"Apr","May","","",30,0,0,0,1,0,0,0,0,0,0,0,0,0,0,0,0,"Leaf",0,0,1,0,0,0,0.625,0,0,"leaf","",2,"h","i","i"
"Muraltia pauciflora","Muraltia pauciflora","POLYGALACEAE","POLYGALACEAE","Muraltia pauciflora","DC.","Polygalaceae",1,0,"Perennial",1,0,1,0,0,1,0,0,0,"Nov","Jan","","",30,0,0,0,1,0,0,0,0,0,0,0,0,0,0,0,0,"Leaf",1,0,0,0,0,0,NA,0,0,"leaf","",2,"m","i","i"
"Muraltia rhamnoides","Muraltia rhamnoides","POLYGALACEAE","POLYGALACEAE","Muraltia rhamnoides","Chodat","Polygalaceae",1,0,"Perennial",1,0,1,0,0,1,0,0,0,"Aug","Nov","","",60,0,0,0,1,0,0,0,0,0,0,0,0,0,0,0,0,"Leaf",1,1,0,0,0,0,NA,0,0,"leaf","",2,"h","i","i"
"Muraltia rosmarinifolia","Muraltia rosmarinifolia","POLYGALACEAE","POLYGALACEAE","Muraltia rosmarinifolia","Levyns","Polygalaceae",1,0,"Perennial",1,0,1,0,0,1,0,0,0,"Nov","Jan","","",25,0,0,0,1,0,0,0,0,0,0,0,0,0,0,0,0,"Leaf",1,1,0,0,0,0,0.576,0,0,"leaf","",2,"h","i","i"
"Muraltia satureioides","Muraltia satureioides","POLYGALACEAE","POLYGALACEAE","Muraltia satureioides","Burch. ex DC.","Polygalaceae",1,0,"Perennial",1,0,1,0,0,1,0,0,0,"Sep","Oct","","",60,0,0,0,1,0,0,0,0,0,0,0,0,0,0,0,0,"Leaf",1,0,1,0,0,0,NA,0,0,"leaf","",2,"h","i","i"
"Muraltia spinosa","Nylandtia spinosa","POLYGALACEAE","POLYGALACEAE","Muraltia spinosa","(L.) F.Forest & J.C.Manning","Polygalaceae",1,0,"Perennial",1,0,1,0,0,1,0,0,0,"Jun","Jul","","",100,0,0,0,1,0,0,0,0,0,0,0,0,0,0,0,0,"Leaf",0,0,1,0,0,0,0.6625,0,0,"leaf","",2,"h","i","i"
"Muraltia squarrosa","Muraltia squarrosa","POLYGALACEAE","POLYGALACEAE","Muraltia squarrosa","DC.","Polygalaceae",1,0,"Perennial",1,0,1,0,0,1,0,0,0,"Oct","May","","",100,0,0,0,1,0,0,0,0,0,0,0,0,0,0,0,0,"Leaf",0,0,1,0,0,0,0.688333333,0,0,"leaf","",2,"h","i","i"
"Muraltia thunbergii","Muraltia thunbergii","POLYGALACEAE","POLYGALACEAE","Muraltia thunbergii","Eckl. & Zeyh.","Polygalaceae",1,0,"Perennial",1,0,1,0,0,1,0,0,0,"Sep","Dec","","",40,0,0,0,1,0,0,0,0,0,0,0,0,0,0,0,0,"Leaf",0,1,0,0,0,0,0.566666667,0,0,"leaf","",2,"h","i","i"
"Myrsine africana","Myrsine africana","MYRSINACEAE","MYRSINACEAE","Myrsine africana","L.","Primulaceae",1,0,"Perennial",0,1,1,0,0,0,0,1,0,"Jan","Dec","","",300,0,0,0,0,0,1,0,0,0,0,0,0,0,0,0,0,"Leaf",0,0,1,0,0,0,1.38,0,0,"leaf","",3,"h","i","m"
"Nanobubon strictum","Peucedanum strictum","APIACEAE","APIACEAE","Nanobubon strictum","(Spreng.) Magee","Apiaceae",1,0,"Perennial",1,0,1,0,0,1,0,1,0,"Dec","Feb","","",60,1,0,0,0,0,0,0,0,0,0,0,0,0,0,0,0,"Leaf",1,0,0,1,0,1,NA,0,1,"mixed","",2,"m","i","w"
"Neesenbeckia punctoria","Neesenbeckia punctoria","CYPERACEAE","CYPERACEAE","Neesenbeckia punctoria","(Vahl) Levyns","Cyperaceae",1,0,"Perennial",1,0,1,0,0,0,0,1,0,"Mar","Apr","","",200,0,0,1,0,0,0,0,0,0,0,0,0,0,0,0,0,"Leaf",1,0,0,0,0,0,83.56,1,1,"culm_stem","no",3,"h","w","p"
"Nemesia barbata","Nemesia barbata","SCROPHULARIACEAE","SCROPHULARIACEAE","Nemesia barbata","(Thunb.) Benth.","Scrophulariaceae",0,1,"Annual",1,0,0,1,1,1,1,0,0,"Aug","Oct","","",30,1,0,0,0,0,0,0,0,0,0,0,0,0,0,0,0,"Leaf",0,0,1,0,0,0,NA,0,0,"leaf","",0,"l","i","p"
"Nemesia fruticans","Nemesia fruticans","SCROPHULARIACEAE","SCROPHULARIACEAE","Nemesia fruticans","(Thunb.) Benth.","Scrophulariaceae",1,0,"Perennial",1,0,1,0,0,1,0,0,0,"Sep","Nov","","",40,0,0,0,1,0,0,0,0,0,0,0,0,0,0,0,0,"Leaf",0,1,0,0,0,0,NA,0,0,"leaf","",1,"l","i","p"
"Nemesia ligulata","Nemesia ligulata","SCROPHULARIACEAE","SCROPHULARIACEAE","Nemesia ligulata","E.Mey. ex Benth.","Scrophulariaceae",0,1,"Annual",1,0,0,1,0,1,0,0,0,"Aug","Oct","","",40,1,0,0,0,0,0,0,0,0,0,0,0,0,0,0,0,"Leaf",0,1,0,0,0,0,NA,0,0,"leaf","",0,"l","i","p"
"Nenax acerosa","Nenax acerosa","RUBIACEAE","RUBIACEAE","Nenax acerosa","Gaertn.","Rubiaceae",1,0,"Perennial",0,1,1,0,0,0,0,0,0,"Jul","Nov","","",40,0,0,0,1,0,0,0,0,0,0,0,0,0,0,0,0,"Leaf",1,0,0,0,0,0,NA,0,0,"leaf","",2,"m","w","p"
"Nevillea obtusissima","Nevillea obtusissima","RESTIONACEAE","RESTIONACEAE","Nevillea obtusissima","(Steud.) H.P.Linder","Restionaceae",1,0,"Perennial",0,1,1,0,0,0,0,1,0,"Feb","Mar","","",150,0,0,1,0,0,0,0,0,0,0,0,0,0,0,0,0,"Leaf",1,0,0,0,0,0,52.86,1,1,"culm_stem","",3,"h","i","w"
"Nivenia fruticosa","Nivenia fruticosa","IRIDACEAE","IRIDACEAE","Nivenia fruticosa","(L.f.) Baker","Iridaceae",1,0,"Perennial",1,0,1,0,0,0,0,1,0,"Nov","Jan","","",20,0,0,0,1,0,0,0,0,0,0,0,0,0,0,0,0,"Leaf",0,1,0,0,0,0,NA,0,0,"leaf","",3,"h","i","w"
"Nivenia levynsiae","Nivenia levynsiae","IRIDACEAE","IRIDACEAE","Nivenia levynsiae","Weim.","Iridaceae",1,0,"Perennial",1,0,1,0,0,0,0,1,0,"Dec","Feb","","",25,0,0,0,1,0,0,0,0,0,0,0,0,0,0,0,0,"Leaf",0,1,0,0,0,0,12.6,0,0,"leaf","",3,"h","i","w"
"Nivenia stokoei","Nivenia stokoei","IRIDACEAE","IRIDACEAE","Nivenia stokoei","(L.Guthrie) N.E.Br.","Iridaceae",1,0,"Perennial",1,0,1,0,0,0,0,1,0,"Feb","Mar","","",60,0,0,0,1,0,0,0,0,0,0,0,0,0,0,0,0,"Leaf",0,1,0,0,0,0,NA,0,0,"leaf","",3,"h","i","w"
"Notobubon ferulaceum","Peucedanum ferulaceum","APIACEAE","APIACEAE","Notobubon ferulaceum","(Thunb.) Magee","Apiaceae",1,0,"Perennial",1,0,1,0,0,0,0,0,0,"Dec","Mar","","",150,1,0,0,0,0,0,0,0,0,0,0,0,0,0,0,0,"Leaf",1,0,0,1,0,1,NA,0,0,"leaf","",2,"h","i","w"
"Notobubon striatum","Peucedanum striatum","APIACEAE","APIACEAE","Notobubon striatum","(Thunb.) Magee","Apiaceae",1,0,"Perennial",1,0,1,0,0,0,0,0,0,"May","Sep","","",40,0,0,0,1,0,0,0,0,0,0,0,0,0,0,0,0,"Leaf",1,0,0,1,0,0,NA,0,0,"leaf","",2,"h","i","w"
"Notobubon tenuifolium","Peucedanum tenuifolium","APIACEAE","APIACEAE","Notobubon tenuifolium","(Thunb.) Magee","Apiaceae",1,0,"Perennial",1,0,1,0,0,0,0,0,0,"Sep","Jan","","",200,0,0,0,0,0,1,0,0,0,0,0,0,0,0,0,0,"Leaf",1,0,0,1,0,0,5.433333333,0,0,"leaf","",2,"h","i","w"
"Nymania capensis","Nymania capensis","MELIACEAE","MELIACEAE","Nymania capensis","(Thunb.) Lindb.","Meliaceae",1,0,"Perennial",1,0,1,0,0,0,0,0,0,"Oct","Dec","","",500,0,0,0,0,0,1,0,0,0,0,0,0,0,0,0,0,"Leaf",0,1,0,0,0,0,3.483333333,0,0,"leaf","",3,"h","i","w"
"Ochna serrulata","Ochna serrulata","OCHNACEAE","OCHNACEAE","Ochna serrulata","Walp.","Ochnaceae",1,0,"Perennial",1,0,1,1,0,0,0,0,0,"Apr","Oct","","",200,0,0,0,0,0,1,1,0,0,0,0,0,0,0,0,0,"Leaf",0,0,1,0,0,0,NA,0,0,"leaf","",3,"h","i","m"
"Ocotea bullata","Ocotea bullata","LAURACEAE","LAURACEAE","Ocotea bullata","(Burch.) Baill.","Lauraceae",1,0,"Perennial",1,0,1,0,0,0,0,0,0,"Dec","Feb","","",3000,0,0,0,0,0,0,1,0,0,0,0,0,0,0,0,0,"Leaf",0,0,1,0,0,0,12.24,0,0,"leaf","",3,"h","i","m"
"Oedera capensis","Oedera capensis","ASTERACEAE","ASTERACEAE","Oedera capensis","Druce","Asteraceae",1,0,"Perennial",1,0,1,0,0,0,0,0,0,"Jun","Sep","","",30,0,0,0,1,0,0,0,0,0,0,0,0,0,0,0,0,"Leaf",0,1,0,0,0,0,NA,0,0,"leaf","",2,"h","i","w"
"Oedera imbricata","Oedera imbricata","ASTERACEAE","ASTERACEAE","Oedera imbricata","Lam.","Asteraceae",1,0,"Perennial",1,0,1,0,0,0,0,0,0,"Aug","Nov","","",30,0,0,0,1,0,0,0,0,0,0,0,0,0,0,0,0,"Leaf",0,1,1,0,0,0,1.166666667,0,0,"leaf","",2,"m","i","w"
"Oedera sedifolia","Oedera sedifolia","ASTERACEAE","ASTERACEAE","Oedera sedifolia","(DC.) Anderb. & K.Bremer","Asteraceae",1,0,"Perennial",1,0,1,0,0,0,0,1,0,"Aug","Dec","","",100,0,0,0,1,0,0,0,0,0,0,0,0,0,0,0,0,"Leaf",0,1,1,0,0,0,0.762,0,0,"leaf","",2,"m","i","w"
"Oedera squarrosa","Oedera squarrosa","ASTERACEAE","ASTERACEAE","Oedera squarrosa","(L.) Anderb. & K.Bremer","Asteraceae",1,0,"Perennial",1,0,1,0,0,0,0,0,0,"Sep","Nov","","",100,0,0,0,1,0,0,0,0,0,0,0,0,0,0,0,0,"Leaf",0,0,1,0,0,0,0.79,0,0,"leaf","",2,"h","i","w"
"Oftia africana","Oftia africana","SCROPHULARIACEAE","SCROPHULARIACEAE","Oftia africana","(L.) Bocq. ex Baill.","Scrophulariaceae",1,0,"Perennial",1,0,1,0,0,0,0,0,0,"Sep","Dec","","",100,0,0,0,1,0,0,0,0,0,0,0,0,0,0,0,0,"Leaf",0,0,1,0,0,0,NA,0,0,"leaf","",2,"h","i","p"
"Oldenburgia paradoxa","Oldenburgia paradoxa","ASTERACEAE","ASTERACEAE","Oldenburgia paradoxa","Less.","Asteraceae",1,0,"Perennial",1,0,1,0,0,0,0,1,0,"Jan","Jun","","",30,0,0,0,1,0,0,0,0,0,0,0,0,0,0,0,0,"Leaf",0,1,0,0,0,0,4.14,0,0,"leaf","",3,"l","i","w"
"Olea capensis","Olea capensis","OLEACEAE","OLEACEAE","Olea capensis","L.","Oleaceae",1,0,"Perennial",1,0,1,0,0,0,0,1,0,"Feb","Dec","","",1200,0,0,0,0,0,0,1,0,0,0,0,0,0,0,0,0,"Leaf",0,0,1,0,0,0,5.85,0,0,"leaf","",3,"h","i","m"
"Olea europaea","Olea europaea","OLEACEAE","OLEACEAE","Olea europaea","L.","Oleaceae",1,0,"Perennial",1,0,1,0,0,0,0,1,0,"Oct","Mar","","",1400,0,0,0,0,0,0,1,0,0,0,0,0,0,0,0,0,"Leaf",0,0,1,0,0,0,5.2,0,0,"leaf","",3,"h","i","m"
"Olea exasperata","Olea exasperata","OLEACEAE","OLEACEAE","Olea exasperata","Jacq.","Oleaceae",1,0,"Perennial",1,0,1,0,0,0,0,1,0,"Aug","Oct","","",700,0,0,0,0,0,0,1,0,0,0,0,0,0,0,0,0,"Leaf",0,1,0,0,0,0,3.74,0,0,"leaf","",3,"h","i","m"
"Olinia ventosa","Olinia ventosa","OLINIACEAE","OLINIACEAE","Olinia ventosa","(L.) Cufod.","Penaeaceae",1,0,"Perennial",1,0,1,0,0,0,0,0,0,"Aug","Oct","","",1000,0,0,0,0,0,0,1,0,0,0,0,0,0,0,0,0,"Leaf",0,0,1,0,0,0,6.02,0,0,"leaf","",3,"m","i","m"
"Ornithogalum conicum","Ornithogalum conicum","HYACINTHACEAE","HYACINTHACEAE","Ornithogalum conicum","Jacq.","Asparagaceae",1,0,"Perennial",1,0,0,1,1,1,0,1,0,"Nov","Dec","","",80,0,1,0,0,0,0,0,0,0,0,0,0,0,0,0,0,"Leaf",1,0,1,0,0,0,NA,0,0,"leaf","",2,"l","i","p"
"Ornithogalum dubium","Ornithogalum dubium","HYACINTHACEAE","HYACINTHACEAE","Ornithogalum dubium","Houtt.","Asparagaceae",1,0,"Perennial",1,0,0,1,1,1,0,1,0,"Aug","Dec","","",50,0,1,0,0,0,0,0,0,0,0,0,0,0,0,0,0,"Leaf",1,0,0,0,0,0,NA,0,0,"leaf","",2,"l","i","p"
"Ornithogalum juncifolium","Ornithogalum juncifolium","HYACINTHACEAE","HYACINTHACEAE","Ornithogalum juncifolium","Jacq.","Asparagaceae",1,0,"Perennial",1,0,0,1,1,1,0,1,0,"Nov","Mar","","",40,0,1,0,0,0,0,0,0,0,0,0,0,0,0,0,0,"Leaf",1,0,0,0,0,0,NA,0,0,"leaf","",2,"l","i","p"
"Ornithogalum thyrsoides","Ornithogalum thyrsoides","HYACINTHACEAE","HYACINTHACEAE","Ornithogalum thyrsoides","Jacq.","Asparagaceae",1,0,"Perennial",1,0,0,1,1,1,0,1,0,"Oct","Dec","","",80,0,1,0,0,0,0,0,0,0,0,0,0,0,0,0,0,"Leaf",1,1,0,0,0,0,NA,0,0,"leaf","",2,"l","i","p"
"Oscularia cedarbergensis","Oscularia cedarbergensis","AIZOACEAE","MESEMBRYANTHEMACEAE","Oscularia lunata","(Willd.) H.E.K.Hartmann","Aizoaceae",1,0,"Perennial",1,0,1,0,0,1,0,0,0,"Sep","Oct","","",15,0,0,0,1,0,0,0,0,0,0,0,0,1,1,1,0,"Leaf",0,1,0,0,0,0,NA,0,0,"leaf","",2,"l","i","p"
"Oscularia deltoides","Oscularia deltoides","AIZOACEAE","MESEMBRYANTHEMACEAE","Oscularia deltoides","(L.) Schwantes","Aizoaceae",1,0,"Perennial",1,0,1,0,0,0,0,0,0,"Oct","Dec","","",20,0,0,0,1,0,0,0,1,0,0,0,0,1,1,1,0,"Leaf",0,0,1,0,0,0,1.1,0,0,"leaf","",2,"l","i","p"
"Oscularia steenbergensis","Oscularia steenbergensis","AIZOACEAE","MESEMBRYANTHEMACEAE","Oscularia steenbergensis","(L.Bolus) H.E.K.Hartmann","Aizoaceae",1,0,"Perennial",1,0,1,0,0,1,0,0,0,"Jun","Jul","","",10,0,0,0,1,0,0,0,0,0,0,0,0,1,1,1,0,"Leaf",0,0,1,0,0,0,1.86,0,0,"leaf","",2,"l","i","p"
"Osmitopsis asteriscoides","Osmitopsis asteriscoides","ASTERACEAE","ASTERACEAE","Osmitopsis asteriscoides","(L.) Less.","Asteraceae",1,0,"Perennial",1,0,1,0,0,0,0,0,0,"Aug","Dec","","",200,0,0,0,0,0,1,0,0,0,0,0,0,0,0,0,0,"Leaf",0,1,0,0,0,0,3.535714286,0,0,"leaf","",2,"h","i","i"
"Osmitopsis osmitoides","Osmitopsis osmitoides","ASTERACEAE","ASTERACEAE","Osmitopsis osmitoides","(Less.) K.Bremer","Asteraceae",1,0,"Perennial",1,0,1,0,0,0,0,0,0,"Aug","Jan","","",60,0,0,0,1,0,0,0,0,0,0,0,0,0,0,0,0,"Leaf",0,1,0,0,0,0,NA,0,0,"leaf","",2,"h","i","i"
"Osmitopsis parvifolia","Osmitopsis parvifolia","ASTERACEAE","ASTERACEAE","Osmitopsis parvifolia","Hofmeyr","Asteraceae",1,0,"Perennial",1,0,1,0,0,0,0,0,0,"Sep","Feb","","",40,0,0,0,1,0,0,0,0,0,0,0,0,0,0,0,0,"Leaf",0,0,1,0,0,0,NA,0,0,"leaf","",1,"h","i","i"
"Osteospermum bidens","Osteospermum bidens","ASTERACEAE","ASTERACEAE","Osteospermum bidens","Thunb.","Asteraceae",1,0,"Perennial",1,0,1,0,0,1,0,1,0,"Sep","Dec","","",60,1,0,0,0,0,0,0,0,0,0,0,0,0,0,0,0,"Leaf",0,1,0,0,0,0,NA,0,0,"leaf","",2,"h","i","i"
"Osteospermum connatum","Tripteris amplexicaulis","ASTERACEAE","ASTERACEAE","Tripteris amplexicaulis","Less.","Asteraceae",1,0,"Perennial",1,0,1,0,0,1,0,0,0,"Sep","Nov","","",60,1,0,0,0,0,0,0,1,0,0,0,0,0,0,0,0,"Leaf",0,0,1,0,0,0,NA,0,0,"leaf","",2,"h","i","i"
"Osteospermum corymbosum","Osteospermum corymbosum","ASTERACEAE","ASTERACEAE","Osteospermum corymbosum","L.","Asteraceae",1,0,"Perennial",1,0,1,0,0,1,0,0,0,"Aug","Feb","","",250,0,0,0,0,0,1,0,0,0,0,0,0,0,0,0,0,"Leaf",0,1,0,0,0,0,NA,0,0,"leaf","",2,"h","i","i"
"Osteospermum glabrum","Osteospermum glabrum","ASTERACEAE","ASTERACEAE","Osteospermum glabrum","N.E.Br.","Asteraceae",1,0,"Perennial",1,0,1,0,0,1,0,1,0,"Aug","Sep","","",70,0,0,0,1,0,0,0,0,0,0,0,0,0,0,0,0,"Leaf",1,0,0,0,0,0,NA,0,0,"leaf","",2,"h","i","i"
"Osteospermum ilicifolium","Gibbaria ilicifolia","ASTERACEAE","ASTERACEAE","Nephrotheca ilicifolia","(L.) B.Nord. & Källersjö","Asteraceae",1,0,"Perennial",1,0,1,0,0,0,0,0,0,"Aug","Mar","","",100,0,0,0,1,0,0,0,1,0,0,0,0,0,0,0,0,"Leaf",0,1,1,0,0,0,3.594,0,0,"leaf","",1,"h","i","i"
"Osteospermum junceum","Osteospermum junceum","ASTERACEAE","ASTERACEAE","Osteospermum junceum","Thunb. ex Harv.","Asteraceae",1,0,"Perennial",1,0,1,0,0,0,0,1,0,"Jul","Jan","","",300,0,0,0,0,0,1,0,0,0,0,0,0,0,0,0,0,"Leaf",0,1,0,0,0,0,7.95,0,0,"leaf","",2,"h","i","i"
"Osteospermum moniliferum","Chrysanthemoides monilifera","ASTERACEAE","ASTERACEAE","Chrysanthemoides monilifera","(L.) Norl.","Asteraceae",1,0,"Perennial",1,0,1,0,0,0,0,0,0,"Mar","Jul","","",250,0,0,0,0,0,0,0,0,0,0,0,1,0,0,0,0,"Leaf",0,0,1,0,0,0,4.084210526,0,0,"leaf","",2,"h","i","i"
"Osteospermum monstrosum","Tripteris clandestina","ASTERACEAE","ASTERACEAE","Osteospermum monstrosum","(Burm.f.) J.C.Manning & Goldblatt","Asteraceae",0,1,"Annual",1,0,0,1,1,1,0,0,0,"Jul","Sep","","",40,1,0,0,0,0,0,0,0,0,0,0,0,0,0,0,0,"Leaf",0,1,0,0,1,0,NA,0,0,"leaf","",0,"h","i","i"
"Osteospermum polygaloides","Osteospermum polygaloides","ASTERACEAE","ASTERACEAE","Osteospermum polygaloides","Thunb.","Asteraceae",1,0,"Perennial",1,0,1,0,0,1,0,1,0,"Aug","Dec","","",200,0,0,0,0,0,1,0,0,0,0,0,0,0,0,0,0,"Leaf",0,0,1,0,0,0,3.164705882,0,0,"leaf","",1,"h","i","i"
"Osteospermum rigidum","Osteospermum rigidum","ASTERACEAE","ASTERACEAE","Osteospermum rigidum","Aiton","Asteraceae",1,0,"Perennial",1,0,1,0,0,1,0,0,0,"Aug","Sep","","",60,0,0,0,1,0,0,0,0,0,0,0,0,0,0,0,0,"Leaf",0,1,1,0,1,1,7.5,0,0,"leaf","",2,"h","i","i"
"Osteospermum rotundifolium","Osteospermum rotundifolium","ASTERACEAE","ASTERACEAE","Osteospermum rotundifolium","(DC.) Norl.","Asteraceae",1,0,"Perennial",1,0,1,0,0,1,0,0,0,"Oct","Dec","","",200,0,0,0,0,0,1,0,0,0,0,0,0,0,0,0,0,"Leaf",0,0,1,0,0,0,NA,0,0,"leaf","",2,"h","i","i"
"Osteospermum scabrum","Gibbaria scabra","ASTERACEAE","ASTERACEAE","Gibbaria scabra","(Thunb.) Norl.","Asteraceae",1,0,"Perennial",1,0,1,0,0,0,0,1,0,"Aug","Sep","","",20,0,0,0,1,0,0,0,0,0,0,0,0,0,0,0,0,"Leaf",1,0,0,0,0,0,1.79,0,0,"leaf","",2,"h","i","i"
"Osteospermum triquetrum","Osteospermum triquetrum","ASTERACEAE","ASTERACEAE","Osteospermum triquetrum","L.f.","Asteraceae",1,0,"Perennial",1,0,1,0,0,1,0,1,0,"Oct","Dec","","",30,0,0,0,1,0,0,0,0,0,0,0,0,0,0,0,0,"Leaf",1,0,0,0,0,0,4.76,0,0,"leaf","",2,"h","i","i"
"Otholobium bracteolatum","Otholobium bracteolatum","FABACEAE","FABACEAE","Psoralea bracteolata","Eckl. & Zeyh.","Fabaceae",1,0,"Perennial",1,0,1,0,0,0,0,0,0,"Nov","Apr","","",200,0,0,0,0,0,1,0,0,0,0,0,0,0,0,0,0,"Leaf",0,0,1,1,0,0,NA,0,0,"leaf","",2,"h","i","p"
"Otholobium carneum","Otholobium carneum","FABACEAE","FABACEAE","Otholobium carneum","(Kuntze) C.H.Stirt.","Fabaceae",1,0,"Perennial",1,0,1,0,0,1,0,0,0,"Oct","Nov","","",50,0,0,0,1,0,0,0,0,0,0,0,0,0,0,0,0,"Leaf",0,1,0,1,0,0,NA,0,0,"leaf","",2,"h","i","p"
"Otholobium fruticans","Otholobium fruticans","FABACEAE","FABACEAE","Psoralea fruticans","(L.) Druce","Fabaceae",1,0,"Perennial",1,0,1,0,0,0,0,0,0,"Sep","Dec","","",40,0,0,0,1,0,0,0,0,0,0,0,0,0,0,0,0,"Leaf",0,0,1,1,0,0,1.7,0,0,"leaf","",2,"h","i","p"
"Otholobium pictum","Otholobium pictum","FABACEAE","FABACEAE","Psoralea picta","(C.H.Stirt.) C.H.Stirt.","Fabaceae",1,0,"Perennial",1,0,1,0,0,1,0,1,0,"Aug","Sep","","",200,0,0,0,0,0,1,0,0,0,0,0,0,0,0,0,0,"Leaf",0,1,0,1,0,0,NA,0,0,"leaf","",2,"h","i","p"
"Othonna arborescens","Othonna arborescens","ASTERACEAE","ASTERACEAE","Othonna arborescens","L.","Asteraceae",1,0,"Perennial",1,0,1,0,0,0,0,0,0,"May","Sep","","",60,0,0,0,1,0,0,0,0,0,0,0,0,1,1,1,0,"Leaf",0,1,0,0,1,0,NA,0,0,"leaf","",3,"l","i","w"
"Othonna auriculifolia","Othonna auriculifolia","ASTERACEAE","ASTERACEAE","Othonna auriculifolia","Licht. ex Less.","Asteraceae",1,0,"Perennial",1,0,1,0,0,0,0,1,0,"Apr","Sep","","",15,1,0,0,0,0,0,0,0,0,0,0,0,1,1,1,0,"Leaf",0,1,0,0,1,1,3.6,0,0,"leaf","",3,"l","i","w"
"Othonna carnosa","Othonna carnosa","ASTERACEAE","ASTERACEAE","Othonna carnosa","Less.","Asteraceae",1,0,"Perennial",1,0,1,0,0,0,0,1,0,"Apr","Oct","","",10,1,0,0,0,0,0,0,0,0,0,0,0,1,1,1,0,"Leaf",1,0,0,0,0,0,5.516666667,0,0,"leaf","",2,"l","i","w"
"Othonna digitata","Othonna digitata","ASTERACEAE","ASTERACEAE","Othonna digitata","L.f.","Asteraceae",1,0,"Perennial",1,0,1,0,0,0,0,1,0,"Jun","Oct","","",30,1,1,0,0,0,0,0,0,0,0,0,0,1,1,1,0,"Leaf",0,1,0,0,1,1,7.1,0,0,"leaf","",2,"l","i","w"
"Othonna perfoliata","Othonna amplexifolia","ASTERACEAE","ASTERACEAE","Othonna perfoliata","Thunb.","Asteraceae",1,0,"Perennial",1,0,0,1,0,0,0,1,0,"May","Sep","","",70,1,1,0,0,0,0,0,0,0,0,0,0,1,1,1,0,"Leaf",0,1,1,0,0,0,NA,0,0,"leaf","",2,"l","i","w"
"Othonna quinquedentata","Othonna quinquedentata","ASTERACEAE","ASTERACEAE","Othonna quinquedentata","Thunb.","Asteraceae",1,0,"Perennial",1,0,1,0,0,0,0,0,0,"Oct","Mar","","",100,0,0,0,1,0,0,0,0,0,0,0,0,0,0,0,0,"Leaf",0,1,1,0,0,0,6.6,0,0,"leaf","",2,"m","i","w"
"Othonna retrofracta","Othonna retrofracta","ASTERACEAE","ASTERACEAE","Othonna retrofracta","Jacq.","Asteraceae",1,0,"Perennial",1,0,0,1,0,0,0,1,0,"May","Jul","","",30,0,0,0,1,0,0,0,0,0,0,0,0,1,1,1,0,"Leaf",0,1,0,0,0,1,NA,0,0,"leaf","",2,"l","i","w"
"Oxalis algoensis","Oxalis algoensis","OXALIDACEAE","OXALIDACEAE","Oxalis algoensis","Eckl. & Zeyh.","Oxalidaceae",1,0,"Perennial",1,0,0,1,1,1,0,1,0,"Jun","Sep","","",12,0,1,0,0,0,0,0,0,0,0,0,0,0,0,0,0,"Leaf",0,1,0,1,0,0,NA,0,0,"leaf","",2,"l","i","p"
"Oxalis obtusa","Oxalis obtusa","OXALIDACEAE","OXALIDACEAE","Oxalis obtusa","Jacq.","Oxalidaceae",1,0,"Perennial",1,0,0,1,1,1,0,1,0,"Jun","Oct","","",10,0,1,0,0,0,0,0,0,0,0,0,0,0,0,0,0,"Leaf",0,0,1,1,0,0,NA,0,0,"leaf","",2,"l","i","p"
"Oxalis purpurea","Oxalis purpurea","OXALIDACEAE","OXALIDACEAE","Oxalis purpurea","L.","Oxalidaceae",1,0,"Perennial",1,0,0,1,1,1,0,1,0,"May","Sep","","",5,0,1,0,0,0,0,0,0,0,0,0,0,0,0,0,0,"Leaf",0,0,1,1,0,0,NA,0,0,"leaf","",2,"l","i","p"
"Oxalis stellata","Oxalis stellata","OXALIDACEAE","OXALIDACEAE","Oxalis stellata","Eckl. & Zeyh.","Oxalidaceae",1,0,"Perennial",1,0,0,1,1,1,0,1,0,"Apr","Jun","","",9,0,1,0,0,0,0,0,0,0,0,0,0,0,0,0,0,"Leaf",0,0,1,1,1,0,NA,0,0,"leaf","",2,"l","i","p"
"Oxalis versicolor","Oxalis versicolor","OXALIDACEAE","OXALIDACEAE","Oxalis versicolor","L.","Oxalidaceae",1,0,"Perennial",1,0,0,1,1,1,0,1,0,"May","Nov","","",20,0,1,0,0,0,0,0,0,0,0,0,0,0,0,0,0,"Leaf",1,0,0,1,0,0,NA,0,0,"leaf","",2,"l","i","p"
"Pachycarpus dealbatus","Pachycarpus dealbatus","APOCYNACEAE","APOCYNACEAE","Pachycarpus dealbatus","E.Mey.","Apocynaceae",1,0,"Perennial",1,0,1,0,0,0,0,1,0,"Dec","Feb","","",50,1,0,0,0,0,0,0,0,0,0,0,0,0,0,0,0,"Leaf",0,1,0,0,0,0,NA,0,0,"leaf","",3,"m","i","w"
"Pachypodium bispinosum","Pachypodium bispinosum","APOCYNACEAE","APOCYNACEAE","Pachypodium bispinosum","A.DC.","Apocynaceae",1,0,"Perennial",1,0,1,0,0,0,0,1,0,"Aug","Dec","","",50,0,0,0,1,0,0,0,0,0,0,0,0,1,0,1,1,"Leaf",0,1,0,0,0,0,NA,0,0,"leaf","",3,"l","i","w"
"Pachypodium succulentum","Pachypodium succulentum","APOCYNACEAE","APOCYNACEAE","Pachypodium succulentum","(Jacq.) Sweet","Apocynaceae",1,0,"Perennial",1,0,1,0,0,0,0,1,0,"Sep","Dec","","",50,0,0,0,1,0,0,0,0,0,0,0,0,1,0,1,1,"Leaf",0,1,0,0,0,0,2.5,0,0,"leaf","",3,"l","i","w"
"Panicum maximum","Panicum maximum","POACEAE","POACEAE","Megathyrsus maximus","(Jacq.) B.K.Simon & S.W.L.Jacobs","Poaceae",1,0,"Perennial",1,0,1,0,0,0,0,0,0,"Jan","May","","",200,0,0,1,0,0,0,0,0,0,0,0,0,0,0,0,0,"Leaf",0,1,0,0,0,0,15.56666667,0,0,"leaf","",2,"m","w","w"
"Pappea capensis","Pappea capensis","SAPINDACEAE","SAPINDACEAE","Pappea capensis","Eckl. & Zeyh.","Sapindaceae",1,0,"Perennial",1,0,1,0,0,0,0,1,0,"Nov","Mar","","",700,0,0,0,0,0,0,1,0,0,0,0,0,0,0,0,0,"Leaf",0,0,1,0,0,0,3.2,0,0,"leaf","",3,"l","i","m"
"Paranomus bracteolaris","Paranomus bracteolaris","PROTEACEAE","PROTEACEAE","Paranomus bracteolaris","Knight","Proteaceae",1,0,"Perennial",1,0,1,0,0,0,0,0,0,"Aug","Oct","","",250,0,0,0,0,0,1,0,0,0,0,0,0,0,0,0,0,"Leaf",0,1,0,0,0,1,NA,0,0,"leaf","",2,"h","i","i"
"Paranomus esterhuyseniae","Paranomus esterhuyseniae","PROTEACEAE","PROTEACEAE","Paranomus esterhuysenae","Levyns","Proteaceae",1,0,"Perennial",1,0,1,0,0,0,0,0,0,"Aug","Nov","","",70,0,0,0,1,0,0,0,0,0,0,0,0,0,0,0,0,"Leaf",0,1,0,0,0,1,4.466666667,0,0,"leaf","",2,"h","i","i"
"Paranomus spathulatus","Paranomus spathulatus","PROTEACEAE","PROTEACEAE","Paranomus spathulatus","Kuntze","Proteaceae",1,0,"Perennial",1,0,1,0,0,0,0,0,0,"May","Dec","","",250,0,0,0,0,0,1,0,0,0,0,0,0,0,0,0,0,"Leaf",0,0,1,0,0,1,3.2,0,0,"leaf","",2,"h","i","i"
"Paranomus tomentosus","Paranomus tomentosus","PROTEACEAE","PROTEACEAE","Paranomus tomentosus","(E.Phillips & Hutch.) N.E.Br.","Proteaceae",1,0,"Perennial",1,0,1,0,0,0,0,0,0,"Aug","Oct","","",300,0,0,0,0,0,1,0,0,0,0,0,0,0,0,0,0,"Leaf",0,1,0,0,0,1,4.32,0,0,"leaf","",2,"h","i","i"
"Passerina corymbosa","Passerina vulgaris","THYMELAEACEAE","THYMELAEACEAE","Passerina corymbosa","Eckl. ex C.H.Wright","Thymelaeaceae",1,0,"Perennial",1,0,1,0,0,0,0,0,0,"Oct","Nov","","",200,0,0,0,0,0,1,0,0,0,0,0,0,0,0,0,0,"Leaf",1,0,0,0,0,0,0.460909091,0,0,"leaf","",2,"h","w","p"
"Passerina obtusifolia","Passerina obtusifolia","THYMELAEACEAE","THYMELAEACEAE","Passerina obtusifolia","Thoday","Thymelaeaceae",1,0,"Perennial",1,0,1,0,0,0,0,0,0,"Oct","Nov","","",150,0,0,0,0,1,1,0,0,0,0,0,0,0,0,0,0,"Leaf",1,1,0,0,0,0,0.702173913,0,0,"leaf","",2,"h","w","p"
"Passerina paleacea","Passerina paleacea","THYMELAEACEAE","THYMELAEACEAE","Passerina paleacea","Wikstr.","Thymelaeaceae",1,0,"Perennial",1,0,1,0,0,0,0,0,0,"Oct","Nov","","",100,0,0,0,1,0,0,0,0,0,0,0,0,0,0,0,0,"Leaf",1,1,1,0,0,0,0.38,0,0,"leaf","",2,"h","w","p"
"Passerina rigida","Passerina rigida","THYMELAEACEAE","THYMELAEACEAE","Passerina rigida","Wikstr.","Thymelaeaceae",1,0,"Perennial",1,0,1,0,0,0,0,0,0,"Nov","Nov","","",200,0,0,0,0,0,1,0,0,0,0,0,0,0,0,0,0,"Leaf",1,1,0,0,0,0,NA,0,0,"leaf","",2,"h","w","p"
"Passerina truncata","Passerina glomerata","THYMELAEACEAE","THYMELAEACEAE","Passerina truncata","(Meisn.) Bredenk. & A.E.van Wyk","Thymelaeaceae",1,0,"Perennial",1,0,1,0,0,0,0,0,0,"Oct","Nov","","",70,0,0,0,1,0,0,0,0,0,0,0,0,0,0,0,0,"Leaf",0,1,1,0,0,0,0.272,0,0,"leaf","",2,"h","w","p"
"Pegolettia baccaridifolia","Pegolettia baccaridifolia","ASTERACEAE","ASTERACEAE","Pegolettia baccharidifolia","Less.","Asteraceae",1,0,"Perennial",1,0,1,0,0,0,0,0,0,"Jul","Nov","","",30,0,0,0,1,0,0,0,0,0,0,0,0,0,0,0,0,"Leaf",0,0,1,0,0,0,1.5,0,0,"leaf","",2,"h","i","w"
"Pelargonium alchemilloides","Pelargonium alchemilloides","GERANIACEAE","GERANIACEAE","Pelargonium alchemilloides","(L.) L'Hér.","Geraniaceae",1,0,"Perennial",1,0,1,0,0,0,0,1,0,"Sep","Nov","","",20,1,0,0,0,0,0,0,0,0,0,0,0,0,0,0,0,"Leaf",0,0,1,0,1,0,NA,0,0,"leaf","",2,"m","i","w"
"Pelargonium alternans","Pelargonium alternans","GERANIACEAE","GERANIACEAE","Pelargonium alternans","J.C.Wendl.","Geraniaceae",1,0,"Perennial",1,0,1,0,0,0,0,0,0,"Apr","Jan","","",40,0,0,0,1,0,0,0,0,0,0,0,0,1,0,1,0,"Leaf",0,0,1,0,1,1,1.46,0,0,"leaf","",2,"m","i","w"
"Pelargonium betulinum","Pelargonium betulinum","GERANIACEAE","GERANIACEAE","Pelargonium betulinum","(L.) L'Hér.","Geraniaceae",1,0,"Perennial",1,0,1,0,0,0,0,0,0,"Aug","Jan","","",50,0,0,0,1,0,0,0,0,0,0,0,0,0,0,0,0,"Leaf",0,0,1,0,0,0,1.933333333,0,0,"leaf","",2,"h","i","w"
"Pelargonium candicans","Pelargonium candicans","GERANIACEAE","GERANIACEAE","Pelargonium candicans","Spreng.","Geraniaceae",1,0,"Perennial",1,0,1,0,0,0,0,0,0,"Sep","Nov","","",30,0,0,0,1,0,0,0,0,0,0,0,0,0,0,0,0,"Leaf",0,0,1,0,1,1,2.52,0,0,"leaf","",2,"l","i","w"
"Pelargonium capitatum","Pelargonium capitatum","GERANIACEAE","GERANIACEAE","Pelargonium capitatum","(L.) L'Hér.","Geraniaceae",1,0,"Perennial",1,0,1,0,0,0,0,0,0,"Sep","Oct","","",50,0,0,0,1,0,0,0,1,0,0,0,0,0,0,0,0,"Leaf",0,0,1,0,1,0,5.036363636,0,0,"leaf","",2,"m","i","w"
"Pelargonium caucalifolium","Pelargonium caucalifolium","GERANIACEAE","GERANIACEAE","Pelargonium caucalifolium","Jacq.","Geraniaceae",1,0,"Perennial",1,0,1,0,0,0,0,0,0,"Oct","Apr","","",50,0,0,0,1,0,0,0,1,0,0,0,0,0,0,0,0,"Leaf",0,0,1,0,1,0,NA,0,0,"leaf","",2,"m","i","w"
"Pelargonium cordifolium","Pelargonium cordifolium","GERANIACEAE","GERANIACEAE","Pelargonium cordifolium","Curtis","Geraniaceae",1,0,"Perennial",1,0,1,0,0,0,0,0,0,"Aug","Jan","","",100,0,0,0,1,0,0,0,0,0,0,0,0,0,0,0,0,"Leaf",0,0,1,0,0,0,NA,0,0,"leaf","",2,"m","i","w"
"Pelargonium coronopifolium","Pelargonium coronopifolium","GERANIACEAE","GERANIACEAE","Pelargonium coronopifolium","Jacq.","Geraniaceae",1,0,"Perennial",1,0,1,0,0,0,0,1,0,"Sep","Mar","","",20,1,0,0,0,0,0,0,0,0,0,0,0,0,0,0,0,"Leaf",1,0,1,0,0,0,NA,0,0,"leaf","",2,"l","i","w"
"Pelargonium cucullatum","Pelargonium cucullatum","GERANIACEAE","GERANIACEAE","Pelargonium cucullatum","(L.) L'Her.","Geraniaceae",1,0,"Perennial",1,0,1,0,0,0,0,1,0,"Sep","Feb","","",200,0,0,0,0,0,1,0,0,0,0,0,0,1,0,1,0,"Leaf",0,0,1,0,0,0,5.611764706,0,0,"leaf","",2,"h","i","w"
"Pelargonium englerianum","Pelargonium englerianum","GERANIACEAE","GERANIACEAE","Pelargonium englerianum","R.Knuth","Geraniaceae",1,0,"Perennial",1,0,1,0,0,0,0,1,0,"Aug","Apr","","",100,0,0,0,1,0,0,0,0,0,0,0,0,0,0,0,0,"Leaf",0,0,1,0,0,0,1.02,0,0,"leaf","",2,"h","i","w"
"Pelargonium fruticosum","Pelargonium fruticosum","GERANIACEAE","GERANIACEAE","Pelargonium fruticosum","Willd.","Geraniaceae",1,0,"Perennial",1,0,1,0,0,0,0,0,0,"Jan","Dec","","",100,0,0,0,1,0,0,0,0,0,0,0,0,0,0,0,0,"Leaf",0,0,1,0,1,1,NA,0,0,"leaf","",2,"h","i","w"
"Pelargonium gibbosum","Pelargonium gibbosum","GERANIACEAE","GERANIACEAE","Pelargonium gibbosum","(L.) L'Hér.","Geraniaceae",1,0,"Perennial",1,0,1,0,0,0,0,0,0,"Nov","Apr","","",40,0,0,0,1,0,0,0,0,0,0,0,0,1,1,1,0,"Leaf",0,0,1,0,0,1,3.833333333,0,0,"leaf","",3,"m","i","w"
"Pelargonium grossularioides","Pelargonium grossularioides","GERANIACEAE","GERANIACEAE","Pelargonium grossularioides","(L.) L'Hér.","Geraniaceae",1,1,"Both",1,0,1,0,1,1,0,0,0,"Dec","Nov","","",5,1,0,0,0,0,0,0,0,0,0,0,0,0,0,0,0,"Leaf",0,0,1,0,1,1,2,0,0,"leaf","",2,"m","i","w"
"Pelargonium laevigatum","Pelargonium laevigatum","GERANIACEAE","GERANIACEAE","Pelargonium laevigatum","Willd.","Geraniaceae",1,0,"Perennial",1,0,1,0,0,0,0,0,0,"Jan","Dec","","",50,0,0,0,1,0,0,0,0,0,0,0,0,1,1,0,0,"Leaf",0,1,1,0,1,1,5.285714286,0,0,"leaf","",2,"m","i","w"
"Pelargonium longifolium","Pelargonium longifolium","GERANIACEAE","GERANIACEAE","Pelargonium longifolium","Jacq.","Geraniaceae",1,0,"Perennial",1,0,0,1,1,1,0,1,0,"Oct","Dec","","",25,1,1,0,0,0,0,0,0,0,0,0,0,0,0,0,0,"Leaf",1,1,0,0,1,1,4.2,0,0,"leaf","",2,"l","i","w"
"Pelargonium multicaule","Pelargonium multicaule","GERANIACEAE","GERANIACEAE","Pelargonium multicaule","Jacq.","Geraniaceae",1,0,"Perennial",1,0,1,0,0,0,0,0,0,"Jan","Dec","","",30,0,0,0,1,0,0,0,0,0,0,0,0,0,0,0,0,"Leaf",0,0,1,0,1,1,NA,0,0,"leaf","",2,"l","i","w"
"Pelargonium myrrhifolium","Pelargonium myrrhifolium","GERANIACEAE","GERANIACEAE","Pelargonium myrrhifolium","(L.) L'Hér.","Geraniaceae",1,0,"Perennial",1,0,1,0,0,0,0,1,0,"Aug","Feb","","",30,0,0,0,1,0,0,0,0,0,0,0,0,0,0,0,0,"Leaf",0,1,1,0,1,1,20.31944444,0,0,"leaf","",2,"l","i","w"
"Pelargonium odoratissimum","Pelargonium odoratissimum","GERANIACEAE","GERANIACEAE","Pelargonium odoratissimum","[Soland.]","Geraniaceae",1,0,"Perennial",1,0,1,0,0,0,0,0,0,"Jan","Dec","","",20,0,0,0,1,0,0,0,1,0,0,0,0,0,0,0,0,"Leaf",0,0,1,0,1,0,6.6,0,0,"leaf","",2,"l","i","w"
"Pelargonium ovale","Pelargonium ovale","GERANIACEAE","GERANIACEAE","Pelargonium ovale","(Burm.f.) L'Hér.","Geraniaceae",1,0,"Perennial",1,0,1,0,0,0,0,1,0,"Jul","Mar","","",30,0,0,0,1,0,0,0,0,0,0,0,0,0,0,0,0,"Leaf",0,0,1,0,0,0,3.244444444,0,0,"leaf","",2,"m","i","w"
"Pelargonium panduriforme","Pelargonium panduriforme","GERANIACEAE","GERANIACEAE","Pelargonium panduriforme","Eckl. & Zeyh.","Geraniaceae",1,0,"Perennial",1,0,1,0,0,0,0,0,0,"Aug","Jan","","",120,0,0,0,0,1,0,0,0,0,0,0,0,0,0,0,0,"Leaf",0,0,1,0,1,0,4.033333333,0,0,"leaf","",2,"h","i","w"
"Pelargonium peltatum","Pelargonium peltatum","GERANIACEAE","GERANIACEAE","Pelargonium peltatum","(L.) L'Hér.","Geraniaceae",1,0,"Perennial",1,0,1,0,0,0,0,0,0,"Sep","Dec","","",400,1,0,0,0,0,0,0,1,0,0,0,0,1,1,0,0,"Leaf",0,0,1,0,1,0,6.244444444,0,0,"leaf","",2,"l","i","w"
"Pelargonium pulverulentum","Pelargonium pulverulentum","GERANIACEAE","GERANIACEAE","Pelargonium pulverulentum","Colv. ex Sweet","Geraniaceae",1,0,"Perennial",1,0,0,1,0,0,0,1,0,"Sep","Feb","","",20,0,1,0,0,0,0,0,0,0,0,0,0,0,0,0,0,"Leaf",0,0,1,0,1,0,NA,0,0,"leaf","",3,"l","i","w"
"Pelargonium reniforme","Pelargonium reniforme","GERANIACEAE","GERANIACEAE","Pelargonium reniforme","(Andrews) Curtis","Geraniaceae",1,0,"Perennial",1,0,1,0,0,0,0,1,0,"Jan","Dec","","",40,0,0,0,1,0,0,0,0,0,0,0,0,0,0,0,0,"Leaf",0,0,1,0,0,0,2.441666667,0,0,"leaf","",2,"l","i","w"
"Pelargonium scabrum","Pelargonium scabrum","GERANIACEAE","GERANIACEAE","Pelargonium scabrum","(L.) L'Hér.","Geraniaceae",1,0,"Perennial",1,0,1,0,0,0,0,0,0,"Aug","Jan","","",120,0,0,0,0,1,0,0,0,0,0,0,0,0,0,0,0,"Leaf",0,0,1,0,1,0,3.84,0,0,"leaf","",2,"h","i","w"
"Pelargonium schizopetalum","Pelargonium schizopetalum","GERANIACEAE","GERANIACEAE","Pelargonium schizopetalum","Sweet","Geraniaceae",1,0,"Perennial",1,0,0,1,0,0,0,1,0,"Oct","Feb","","",40,0,1,0,0,0,0,0,0,0,0,0,0,0,0,0,0,"Leaf",0,1,1,0,1,1,NA,0,0,"leaf","",3,"l","i","w"
"Pelargonium sidoides","Pelargonium sidoides","GERANIACEAE","GERANIACEAE","Pelargonium sidoides","DC.","Geraniaceae",1,0,"Perennial",1,0,0,1,0,0,0,1,0,"Oct","Jan","","",20,1,0,0,0,0,0,0,0,0,0,0,0,0,0,0,0,"Leaf",0,0,1,0,1,0,4.7,0,0,"leaf","",2,"m","i","w"
"Pelargonium tabulare","Pelargonium tabulare","GERANIACEAE","GERANIACEAE","Pelargonium tabulare","L'Hér.","Geraniaceae",1,0,"Perennial",1,0,1,0,0,0,0,0,0,"Sep","Jan","","",30,0,0,0,1,0,0,0,0,0,0,0,0,0,0,0,0,"Leaf",0,0,1,0,1,0,NA,0,0,"leaf","",2,"m","i","w"
"Pelargonium ternatum","Pelargonium ternatum","GERANIACEAE","GERANIACEAE","Pelargonium ternatum","Jacq.","Geraniaceae",1,0,"Perennial",1,0,1,0,0,0,0,0,0,"Apr","Dec","","",60,0,0,0,1,0,0,0,0,0,0,0,0,1,1,0,0,"Leaf",0,0,1,0,1,1,1.76,0,0,"leaf","",2,"h","i","w"
"Pelargonium tetragonum","Pelargonium tetragonum","GERANIACEAE","GERANIACEAE","Pelargonium tetragonum","(L.f.) L'Hér.","Geraniaceae",1,0,"Perennial",1,0,1,0,0,0,0,0,0,"Sep","Dec","","",25,0,0,0,1,0,0,0,0,0,0,0,0,1,1,1,0,"Leaf",0,0,1,0,1,0,5.22,0,1,"leaf","",2,"l","i","w"
"Pelargonium triandrum","Pelargonium triandrum","GERANIACEAE","GERANIACEAE","Pelargonium triandrum","E.M.Marais","Geraniaceae",1,0,"Perennial",1,0,1,0,0,0,0,1,0,"Oct","Nov","","",20,0,1,0,0,0,0,0,0,0,0,0,0,0,0,0,0,"Leaf",0,0,1,0,0,0,NA,0,0,"leaf","",3,"l","i","w"
"Pelargonium tricolor","Pelargonium tricolor","GERANIACEAE","GERANIACEAE","Pelargonium tricolor","Curtis","Geraniaceae",1,0,"Perennial",1,0,1,0,0,0,0,1,0,"Sep","Jan","","",30,0,0,0,1,0,0,0,0,0,0,0,0,0,0,0,0,"Leaf",0,0,1,0,0,0,2.34,0,0,"leaf","",2,"m","i","w"
"Pelargonium triphyllum","Pelargonium triphyllum","GERANIACEAE","GERANIACEAE","Pelargonium triphyllum","Jacq.","Geraniaceae",1,0,"Perennial",1,0,1,0,0,0,0,1,0,"Oct","Dec","","",18,0,1,0,0,0,0,0,0,0,0,0,0,0,0,0,0,"Leaf",0,0,1,0,1,0,NA,0,0,"leaf","",3,"l","i","w"
"Pelargonium triste","Pelargonium triste","GERANIACEAE","GERANIACEAE","Pelargonium triste","(L.) L'Hér.","Geraniaceae",1,0,"Perennial",1,0,1,0,0,0,0,1,0,"Aug","Feb","","",20,0,1,0,0,0,0,0,0,0,0,0,0,0,0,0,0,"Leaf",0,1,1,0,1,1,8.82,0,0,"leaf","",3,"l","i","w"
"Pelargonium zonale","Pelargonium zonale","GERANIACEAE","GERANIACEAE","Pelargonium zonale","(L.) L'Hér.","Geraniaceae",1,0,"Perennial",1,0,1,0,0,0,0,0,0,"Sep","Dec","","",200,0,0,0,0,0,1,0,0,0,0,0,0,1,0,1,0,"Leaf",0,0,1,0,1,0,8.5,0,0,"leaf","",2,"h","i","w"
"Pellaea calomelanos","Pellaea calomelanos","PTERIDACEAE","PTERIDACEAE","Pellaea calomelanos","(Sw.) Link","Pteridaceae",1,0,"Perennial",1,0,1,0,0,0,0,1,0,"","","","",20,1,0,0,0,0,0,0,0,0,0,0,0,0,0,0,0,"Frond",1,0,0,1,0,0,1.283333333,0,0,"leaf","",2,"l","w","w"
"Penaea cneorum","Penaea cneorum","PENAEACEAE","PENAEACEAE","Penaea cneorum","Meerb.","Penaeaceae",1,0,"Perennial",1,0,1,0,0,0,0,1,0,"Sep","Jan","","",130,0,0,0,0,1,0,0,0,0,0,0,0,0,0,0,0,"Leaf",0,0,1,0,0,0,0.675,0,0,"leaf","",3,"h","i","i"
"Penaea mucronata","Penaea mucronata","PENAEACEAE","PENAEACEAE","Penaea mucronata","L.","Penaeaceae",1,0,"Perennial",1,0,1,0,0,0,0,1,0,"Oct","Dec","","",130,0,0,0,0,1,0,0,0,0,0,0,0,0,0,0,0,"Leaf",0,1,0,0,0,0,0.788333333,0,0,"leaf","",3,"h","i","i"
"Pentameris acinosa","Pentaschistis acinosa","POACEAE","POACEAE","Pentameris acinosa","(Stapf) Galley & H.P.Linder","Poaceae",1,0,"Perennial",1,0,1,0,0,1,0,1,0,"Oct","Jan","","",30,0,0,1,0,0,0,0,0,0,0,0,0,0,0,0,0,"Leaf",0,1,0,0,0,0,NA,0,0,"leaf","",2,"m","w","w"
"Pentameris ampla","Pentaschistis ampla","POACEAE","POACEAE","Pentameris ampla","(Nees) Galley & H.P.Linder","Poaceae",1,0,"Perennial",1,0,1,0,0,1,0,0,0,"Dec","Mar","","",70,0,0,1,0,0,0,0,0,0,0,0,0,0,0,0,0,"Leaf",1,0,0,0,0,0,17.12,0,0,"leaf","",2,"m","w","w"
"Pentameris aristidoides","Pentaschistis aristidoides","POACEAE","POACEAE","Pentameris aristidoides","(Thunb.) Galley & H.P.Linder","Poaceae",1,0,"Perennial",1,0,1,0,0,1,1,1,0,"Sep","Nov","","",100,0,0,1,0,0,0,0,0,0,0,0,0,0,0,0,0,"Leaf",1,0,0,0,0,0,32.74,0,0,"leaf","",2,"h","w","w"
"Pentameris aurea","Pentaschistis aurea","POACEAE","POACEAE","Pentameris aurea","(Steud.) Galley & H.P.Linder","Poaceae",1,0,"Perennial",1,0,1,0,0,1,0,0,0,"Jan","Mar","","",45,0,0,1,0,0,0,0,0,0,0,0,0,0,0,0,0,"Leaf",1,0,0,0,0,0,NA,0,0,"leaf","",2,"m","w","w"
"Pentameris colorata","Pentaschistis colorata","POACEAE","POACEAE","Pentameris colorata","(Steud.) Galley & H.P.Linder","Poaceae",1,0,"Perennial",1,0,1,0,0,1,0,1,0,"Aug","Dec","","",60,0,0,1,0,0,0,0,0,0,0,0,0,0,0,0,0,"Leaf",1,0,0,0,0,0,15.81428571,0,0,"leaf","",2,"h","w","w"
"Pentameris curvifolia","Pentaschistis curvifolia","POACEAE","POACEAE","Pentameris curvifolia","(Schrad.) Nees","Poaceae",1,0,"Perennial",1,0,1,0,0,0,0,0,0,"Oct","Nov","","",50,0,0,1,0,0,0,0,0,0,0,0,0,0,0,0,0,"Leaf",1,0,0,0,0,0,13.37619048,0,0,"leaf","",2,"h","w","w"
"Pentameris distichophylla","Pentameris distichophylla","POACEAE","POACEAE","Pentameris dregeana","Stapf","Poaceae",1,0,"Perennial",1,0,1,0,0,1,0,1,0,"Sep","Dec","","",120,0,0,1,0,0,0,0,0,0,0,0,0,0,0,0,0,"Leaf",1,0,0,0,0,0,9.736363636,0,0,"leaf","",2,"h","w","w"
"Pentameris eriostoma","Pentaschistis eriostoma","POACEAE","POACEAE","Pentameris eriostoma","(Nees) Steud.","Poaceae",1,0,"Perennial",1,0,1,0,0,0,0,1,0,"Sep","Nov","","",90,0,0,1,0,0,0,0,0,0,0,0,0,0,0,0,0,"Leaf",1,0,0,0,0,0,39.45925926,0,0,"leaf","",2,"h","w","w"
"Pentameris macrocalycina","Pentameris macrocalycina","POACEAE","POACEAE","Pentameris macrocalycina","(Steud.) Schweick.","Poaceae",1,0,"Perennial",1,0,1,0,0,0,0,1,0,"Sep","Dec","","",100,0,0,1,0,0,0,0,0,0,0,0,0,0,0,0,0,"Leaf",1,0,0,0,0,0,17.06842105,0,0,"leaf","",3,"h","w","w"
"Pentameris malouinensis","Pentaschistis malouinensis","POACEAE","POACEAE","Pentameris malouinensis","(Steud.) Galley & H.P.Linder","Poaceae",1,0,"Perennial",1,0,1,0,0,1,0,0,0,"Nov","Jan","","",30,0,0,1,0,0,0,0,0,0,0,0,0,0,0,0,0,"Leaf",1,0,0,0,0,0,13.15,0,0,"leaf","",2,"m","w","w"
"Pentameris pallida","Pentaschistis pallida","POACEAE","POACEAE","Pentameris pallida","(Thunb.) Galley & H.P.Linder","Poaceae",1,0,"Perennial",1,0,1,0,0,1,0,0,0,"Sep","Oct","","",40,0,0,1,0,0,0,0,0,0,0,0,0,0,0,0,0,"Leaf",1,0,0,0,0,0,9.888888889,0,0,"leaf","",2,"h","w","w"
"Pentameris scabra","Pentaschistis papillosa","POACEAE","POACEAE","Pentameris scabra","Steud.","Poaceae",1,0,"Perennial",1,0,1,0,0,0,0,0,0,"Oct","Nov","","",40,0,0,1,0,0,0,0,0,0,0,0,0,0,0,0,0,"Leaf",1,0,0,0,0,0,3.3,0,0,"leaf","",2,"h","w","w"
"Pentameris thuarii","Pentameris thuarii","POACEAE","POACEAE","Pentameris thuarii","P.Beauv.","Poaceae",1,0,"Perennial",1,0,1,0,0,0,0,1,0,"Sep","Dec","","",170,0,0,1,0,0,0,0,0,0,0,0,0,0,0,0,0,"Leaf",1,0,0,0,0,0,NA,0,0,"leaf","",2,"h","w","w"
"Pentameris velutina","Pentaschistis velutina","POACEAE","POACEAE","Pentameris velutina","(H.P.Linder) Galley & H.P.Linder","Poaceae",1,0,"Perennial",1,0,1,0,0,1,0,1,0,"Oct","Nov","","",60,0,0,1,0,0,0,0,0,0,0,0,0,0,0,0,0,"Leaf",1,0,0,0,0,0,13.12,0,0,"leaf","",2,"h","w","w"
"Pentameris viscidula","Pentaschistis viscidula","POACEAE","POACEAE","Pentameris viscidula","(Nees) Steud.","Poaceae",1,0,"Perennial",1,0,1,0,0,1,0,1,0,"Oct","Nov","","",50,0,0,1,0,0,0,0,0,0,0,0,0,0,0,0,0,"Leaf",1,0,0,0,0,0,NA,0,0,"leaf","",2,"h","w","w"
"Pentzia elegans","Pentzia elegans","ASTERACEAE","ASTERACEAE","Pentzia elegans","DC.","Asteraceae",1,0,"Perennial",1,0,1,0,0,1,0,0,0,"Mar","Aug","","",40,0,0,0,1,0,0,0,0,0,0,0,0,0,0,0,0,"Leaf",0,1,0,0,1,0,NA,0,0,"leaf","",2,"h","i","w"
"Pentzia incana","Pentzia incana","ASTERACEAE","ASTERACEAE","Pentzia incana","Kuntze","Asteraceae",1,0,"Perennial",1,0,1,0,0,1,0,0,0,"Nov","Jan","","",100,0,0,0,1,0,0,0,0,0,0,0,0,0,0,0,0,"Leaf",1,0,0,0,1,1,NA,0,0,"leaf","",2,"h","i","w"
"Peperomia retusa","Peperomia retusa","PIPERACEAE","PIPERACEAE","Peperomia retusa","A.Dietr.","Piperaceae",1,0,"Perennial",1,0,1,0,0,0,0,0,0,"Jan","Mar","","",20,1,0,0,0,0,0,0,0,0,0,0,0,1,1,0,0,"Leaf",0,0,1,0,0,0,NA,0,0,"leaf","",2,"l","u","u"
"Petalacte coronata","Petalacte coronata","ASTERACEAE","ASTERACEAE","Petalacte coronata","D.Don","Asteraceae",1,0,"Perennial",1,0,1,0,0,0,0,1,0,"Aug","Nov","","",50,0,0,0,1,0,0,0,0,0,0,0,0,0,0,0,0,"Leaf",0,1,0,0,0,0,2.25,0,0,"leaf","",3,"h","i","w"
"Phaenocoma prolifera","Phaenocoma prolifera","ASTERACEAE","ASTERACEAE","Phaenocoma prolifera","D.Don","Asteraceae",1,0,"Perennial",1,0,1,0,0,0,0,0,0,"Sep","Mar","","",60,0,0,0,1,0,0,0,0,0,0,0,0,0,0,0,0,"Leaf",1,0,0,0,0,0,0.772,0,0,"leaf","yes",2,"h","i","w"
"Pharnaceum cordifolium","Pharnaceum cordifolium","MOLLUGINACEAE","MOLLUGINACEAE","Pharnaceum cordifolium","L.","Molluginaceae",1,1,"Both",1,0,1,0,0,0,0,0,0,"May","Nov","","",50,1,0,0,0,0,0,0,0,0,0,0,0,0,0,0,0,"Leaf",0,1,0,0,0,0,NA,0,0,"leaf","",2,"l","i","p"
"Pharnaceum incanum","Pharnaceum incanum","MOLLUGINACEAE","MOLLUGINACEAE","Pharnaceum incanum","L.","Molluginaceae",1,0,"Perennial",1,0,1,0,0,0,0,0,0,"Aug","Oct","","",40,0,0,0,1,0,0,0,0,0,0,0,0,0,0,0,0,"Leaf",1,0,0,0,0,0,NA,0,0,"leaf","",2,"l","i","p"
"Pharnaceum lanuginosum","Pharnaceum lanatum","MOLLUGINACEAE","MOLLUGINACEAE","Pharnaceum lanuginosum","J.C.Manning & Goldblatt","Molluginaceae",1,0,"Perennial",1,0,1,0,0,0,0,0,0,"Aug","Oct","","",80,0,0,0,1,0,0,0,0,0,0,0,0,0,0,0,0,"Leaf",1,0,0,0,0,0,NA,0,0,"leaf","",2,"l","i","p"
"Phiambolia hallii","Phiambolia hallii","AIZOACEAE","MESEMBRYANTHEMACEAE","Phiambolia hallii","(L.Bolus) Klak","Aizoaceae",1,0,"Perennial",1,0,1,0,0,1,0,1,0,"Jul","Aug","","",10,0,0,0,0,0,0,0,1,0,0,0,0,1,1,1,0,"Leaf",1,0,0,0,0,0,2.4,0,0,"leaf","",2,"l","i","p"
"Phiambolia mentiens","Phiambolia mentiens","AIZOACEAE","MESEMBRYANTHEMACEAE","Phiambolia mentiens","Klak","Aizoaceae",1,0,"Perennial",1,0,1,0,0,1,0,0,0,"Aug","Sep","","",35,0,0,0,1,0,0,0,0,0,0,0,0,1,1,1,0,"Leaf",1,0,0,0,0,0,1.9,0,0,"leaf","",2,"l","i","p"
"Phragmites australis","Phragmites australis","POACEAE","POACEAE","Phragmites australis","(Cav.) Trin. ex Steud.","Poaceae",1,0,"Perennial",1,0,1,0,0,0,0,1,0,"Feb","May","","",300,0,0,1,0,0,0,0,0,0,0,0,0,0,0,0,0,"Leaf",0,1,0,0,0,0,NA,0,0,"leaf","",3,"h","w","w"
"Phylica abietina","Phylica abietina","RHAMNACEAE","RHAMNACEAE","Phylica abietina","Eckl. & Zeyh.","Rhamnaceae",1,0,"Perennial",1,0,1,0,0,0,0,0,0,"Apr","Aug","","",100,0,0,0,1,0,0,0,0,0,0,0,0,0,0,0,0,"Leaf",0,1,0,0,0,0,NA,0,0,"leaf","",2,"h","i","i"
"Phylica ambigua","Phylica ambigua","RHAMNACEAE","RHAMNACEAE","Phylica ambigua","Sond.","Rhamnaceae",1,0,"Perennial",1,0,1,0,0,0,0,0,0,"Aug","Nov","","",60,0,0,0,1,0,0,0,0,0,0,0,0,0,0,0,0,"Leaf",1,0,0,0,0,0,0.808,0,0,"leaf","",2,"h","i","i"
"Phylica atrata","Phylica atrata","RHAMNACEAE","RHAMNACEAE","Phylica atrata","Licht. ex Roem. & Schult.","Rhamnaceae",1,0,"Perennial",1,0,1,0,0,0,0,0,0,"Oct","Mar","","",60,0,0,0,1,0,0,0,0,0,0,0,0,0,0,0,0,"Leaf",0,1,0,0,0,0,NA,0,0,"leaf","",2,"h","i","i"
"Phylica axillaris","Phylica axillaris","RHAMNACEAE","RHAMNACEAE","Phylica axillaris","Lam.","Rhamnaceae",1,0,"Perennial",1,0,1,0,0,0,0,0,0,"Dec","Apr","","",80,0,0,0,1,0,0,0,0,0,0,0,0,0,0,0,0,"Leaf",1,1,0,0,0,0,0.758333333,0,0,"leaf","",2,"h","i","i"
"Phylica barnardii","Phylica barnardii","RHAMNACEAE","RHAMNACEAE","Phylica barnardii","Pillans","Rhamnaceae",1,0,"Perennial",1,0,1,0,0,0,0,0,0,"Aug","Oct","","",60,0,0,0,1,0,0,0,0,0,0,0,0,0,0,0,0,"Leaf",1,0,0,0,0,0,NA,0,0,"leaf","",2,"h","i","i"
"Phylica buxifolia","Phylica buxifolia","RHAMNACEAE","RHAMNACEAE","Phylica buxifolia","L.","Rhamnaceae",1,0,"Perennial",1,0,1,0,0,0,0,0,0,"Apr","Aug","","",400,0,0,0,0,0,1,1,0,0,0,0,0,0,0,0,0,"Leaf",0,0,1,0,0,0,1.7,0,0,"leaf","",2,"h","i","i"
"Phylica cryptandroides","Phylica cryptandroides","RHAMNACEAE","RHAMNACEAE","Phylica cryptandroides","Sond.","Rhamnaceae",1,0,"Perennial",1,0,1,0,0,0,0,0,0,"Sep","Oct","","",300,0,0,0,0,0,1,0,0,0,0,0,0,0,0,0,0,"Leaf",1,0,0,0,0,0,NA,0,0,"leaf","",2,"h","i","i"
"Phylica debilis","Phylica debilis","RHAMNACEAE","RHAMNACEAE","Phylica debilis","Eckl. & Zeyh.","Rhamnaceae",1,0,"Perennial",1,0,1,0,0,0,0,0,0,"Nov","Dec","","",60,0,0,0,1,0,0,0,0,0,0,0,0,0,0,0,0,"Leaf",0,1,0,0,0,0,0.22,0,0,"leaf","",2,"h","i","i"
"Phylica dodii","Phylica dodii","RHAMNACEAE","RHAMNACEAE","Phylica dodii","N.E.Br.","Rhamnaceae",1,0,"Perennial",1,0,1,0,0,0,0,0,0,"Jun","Sep","","",40,0,0,0,1,0,0,0,0,0,0,0,0,0,0,0,0,"Leaf",1,0,0,0,0,0,NA,0,0,"leaf","",2,"h","i","i"
"Phylica ericoides","Phylica ericoides","RHAMNACEAE","RHAMNACEAE","Phylica ericoides","L.","Rhamnaceae",1,0,"Perennial",1,0,1,0,0,0,0,0,0,"Jan","Dec","","",100,0,0,0,1,0,0,0,0,0,0,0,0,0,0,0,0,"Leaf",1,0,0,0,0,0,0.457142857,0,0,"leaf","",2,"h","i","i"
"Phylica fruticosa","Phylica fruticosa","RHAMNACEAE","RHAMNACEAE","Phylica fruticosa","Schltr.","Rhamnaceae",1,0,"Perennial",1,0,1,0,0,0,0,0,0,"Mar","Apr","","",150,0,0,0,0,1,0,0,0,0,0,0,0,0,0,0,0,"Leaf",0,1,1,0,0,0,NA,0,0,"leaf","",2,"h","i","i"
"Phylica humilis","Phylica humilis","RHAMNACEAE","RHAMNACEAE","Phylica humilis","Sond.","Rhamnaceae",1,0,"Perennial",1,0,1,0,0,0,0,0,0,"Aug","Nov","","",30,0,0,0,1,0,0,0,0,0,0,0,0,0,0,0,0,"Leaf",0,0,1,0,0,0,0.202,0,0,"leaf","",2,"h","i","i"
"Phylica imberbis","Phylica imberbis","RHAMNACEAE","RHAMNACEAE","Phylica imberbis","P.J.Bergius","Rhamnaceae",1,0,"Perennial",1,0,1,0,0,0,0,1,0,"Nov","Apr","","",50,0,0,0,1,0,0,0,0,0,0,0,0,0,0,0,0,"Leaf",1,0,0,0,0,0,1.320714286,0,0,"leaf","",3,"h","i","i"
"Phylica lachneaeoides","Phylica lachneaeoides","RHAMNACEAE","RHAMNACEAE","Phylica lachneaeoides","Pillans","Rhamnaceae",1,0,"Perennial",1,0,1,0,0,0,0,0,0,"May","Sep","","",100,0,0,0,1,0,0,0,0,0,0,0,0,0,0,0,0,"Leaf",0,0,1,0,0,0,0.424444444,0,0,"leaf","",2,"h","i","i"
"Phylica lasiocarpa","Phylica lasiocarpa","RHAMNACEAE","RHAMNACEAE","Phylica lasiocarpa","Sond.","Rhamnaceae",1,0,"Perennial",1,0,1,0,0,0,0,1,0,"Dec","Apr","","",60,0,0,0,1,0,0,0,0,0,0,0,0,0,0,0,0,"Leaf",1,1,0,0,0,0,1.64,0,0,"leaf","",3,"h","i","i"
"Phylica leipoldtii","Phylica leipoldtii","RHAMNACEAE","RHAMNACEAE","Phylica leipoldtii","Pillans","Rhamnaceae",1,0,"Perennial",1,0,1,0,0,0,0,1,0,"Aug","Jan","","",50,0,0,0,1,0,0,0,0,0,0,0,0,0,0,0,0,"Leaf",1,0,0,0,0,0,1.006,0,0,"leaf","",2,"h","i","i"
"Phylica mairei","Phylica mairei","RHAMNACEAE","RHAMNACEAE","Phylica mairei","Pillans","Rhamnaceae",1,0,"Perennial",1,0,1,0,0,0,0,0,0,"Feb","Apr","","",40,0,0,0,1,0,0,0,0,0,0,0,0,0,0,0,0,"Leaf",0,0,1,0,0,0,NA,0,0,"leaf","",2,"h","i","i"
"Phylica oleaefolia","Phylica oleaefolia","RHAMNACEAE","RHAMNACEAE","Phylica oleaefolia","Vent.","Rhamnaceae",1,0,"Perennial",1,0,1,0,0,0,0,1,0,"Mar","May","","",200,0,0,0,0,0,1,0,0,0,0,0,0,0,0,0,0,"Leaf",0,0,1,0,0,0,NA,0,0,"leaf","",2,"h","i","i"
"Phylica paniculata","Phylica paniculata","RHAMNACEAE","RHAMNACEAE","Phylica paniculata","Willd.","Rhamnaceae",1,0,"Perennial",1,0,1,0,0,0,0,0,0,"May","Jun","","",300,0,0,0,0,0,1,0,0,0,0,0,0,0,0,0,0,"Leaf",0,1,1,0,0,0,1.222222222,0,0,"leaf","",2,"h","i","i"
"Phylica parviflora","Phylica parviflora","RHAMNACEAE","RHAMNACEAE","Phylica parviflora","P.J.Bergius","Rhamnaceae",1,0,"Perennial",1,0,1,0,0,0,0,0,0,"Jan","May","","",40,0,0,0,1,0,0,0,0,0,0,0,0,0,0,0,0,"Leaf",0,1,0,0,0,0,0.45,0,0,"leaf","",2,"h","i","i"
"Phylica pinea","Phylica pinea","RHAMNACEAE","RHAMNACEAE","Phylica pinea","Thunb.","Rhamnaceae",1,0,"Perennial",1,0,1,0,0,0,0,0,0,"Dec","Aug","","",100,0,0,0,1,0,0,0,0,0,0,0,0,0,0,0,0,"Leaf",0,1,0,0,0,0,0.95,0,0,"leaf","",2,"h","i","i"
"Phylica purpurea","Phylica purpurea","RHAMNACEAE","RHAMNACEAE","Phylica purpurea","Sond.","Rhamnaceae",1,0,"Perennial",1,0,1,0,0,0,0,0,0,"Apr","Oct","","",300,0,0,0,0,0,1,0,0,0,0,0,0,0,0,0,0,"Leaf",0,1,0,0,0,0,0.735,0,0,"leaf","",2,"h","i","i"
"Phylica rigida","Phylica rigida","RHAMNACEAE","RHAMNACEAE","Phylica rigida","Eckl. & Zeyh.","Rhamnaceae",1,0,"Perennial",1,0,1,0,0,0,0,0,0,"Sep","Nov","","",100,0,0,0,1,0,0,0,0,0,0,0,0,0,0,0,0,"Leaf",1,0,0,0,0,0,NA,0,0,"leaf","",2,"h","i","i"
"Phylica rigidifolia","Phylica rigidifolia","RHAMNACEAE","RHAMNACEAE","Phylica rigidifolia","Sond.","Rhamnaceae",1,0,"Perennial",1,0,1,0,0,0,0,0,0,"May","Oct","","",100,0,0,0,1,0,0,0,0,0,0,0,0,0,0,0,0,"Leaf",1,0,0,0,0,0,0.858,0,0,"leaf","",2,"h","i","i"
"Phylica rubra","Phylica rubra","RHAMNACEAE","RHAMNACEAE","Phylica rubra","Willd. ex Roem. & Schult.","Rhamnaceae",1,0,"Perennial",1,0,1,0,0,0,0,0,0,"Mar","Jul","","",200,0,0,0,0,0,1,0,0,0,0,0,0,0,0,0,0,"Leaf",1,1,0,0,0,0,NA,0,0,"leaf","",2,"h","i","i"
"Phylica spicata","Phylica spicata","RHAMNACEAE","RHAMNACEAE","Phylica spicata","L.f.","Rhamnaceae",1,0,"Perennial",1,0,1,0,0,0,0,0,0,"Apr","Aug","","",200,0,0,0,0,0,1,0,0,0,0,0,0,0,0,0,0,"Leaf",0,0,1,0,0,0,NA,0,0,"leaf","",2,"h","i","i"
"Phylica villosa","Phylica villosa","RHAMNACEAE","RHAMNACEAE","Phylica villosa","Thunb.","Rhamnaceae",1,0,"Perennial",1,0,1,0,0,0,0,0,0,"Feb","Jul","","",100,0,0,0,1,0,0,0,0,0,0,0,0,0,0,0,0,"Leaf",1,0,0,0,0,0,1.804,0,0,"leaf","",2,"h","i","i"
"Phyllosma capensis","Phyllosma capensis","RUTACEAE","RUTACEAE","Phyllosma capensis","Bolus ex Schltr.","Rutaceae",1,0,"Perennial",1,0,1,0,0,0,0,1,0,"Jul","Sep","","",40,0,0,0,1,0,0,0,0,0,0,0,0,0,0,0,0,"Leaf",0,1,0,0,0,0,1.158,0,0,"leaf","",2,"h","i","i"
"Pittosporum viridiflorum","Pittosporum viridiflorum","PITTOSPORACEAE","PITTOSPORACEAE","Pittosporum viridiflorum","Sims","Pittosporaceae",1,0,"Perennial",1,0,1,0,0,0,0,0,0,"Nov","Dec","","",2000,0,0,0,0,0,1,1,0,0,0,0,0,0,0,0,0,"Leaf",0,1,0,0,0,0,6.066666667,0,0,"leaf","",3,"h","i","m"
"Plantago crassifolia","Plantago crassifolia","PLANTAGINACEAE","PLANTAGINACEAE","Plantago crassifolia","Forssk.","Plantaginaceae",1,0,"Perennial",1,0,1,0,0,0,0,1,0,"Nov","Mar","","",30,1,0,0,0,0,0,0,0,0,0,0,0,1,1,0,0,"Leaf",0,1,0,0,0,1,NA,0,0,"leaf","",2,"l","w","p"
"Platycaulos acutus","Platycaulos acutus","RESTIONACEAE","RESTIONACEAE","Platycaulos acutus","Esterh.","Restionaceae",1,0,"Perennial",0,1,1,0,0,0,0,1,0,"Feb","Mar","","",30,0,0,1,0,0,0,0,0,0,0,0,0,0,0,0,0,"Leaf",1,0,0,0,0,0,NA,1,1,"culm_stem","",2,"h","w","p"
"Platycaulos anceps","Platycaulos anceps","RESTIONACEAE","RESTIONACEAE","Platycaulos anceps","(Mast.) H.P.Linder","Restionaceae",1,0,"Perennial",0,1,1,0,0,0,0,1,0,"Oct","Nov","","",100,0,0,1,0,0,0,0,1,0,0,0,0,0,0,0,0,"Leaf",1,0,0,0,0,0,30.06,1,1,"culm_stem","no",2,"h","w","p"
"Platycaulos compressus","Platycaulos compressus","RESTIONACEAE","RESTIONACEAE","Platycaulos compressus","(Rottb.) H.P.Linder","Restionaceae",1,0,"Perennial",0,1,1,0,0,0,0,1,0,"Aug","Aug","","",100,0,0,1,0,0,0,0,0,0,0,0,0,0,0,0,0,"Leaf",1,0,0,0,0,0,60.78,1,1,"culm_stem","no",2,"h","w","p"
"Platycaulos major","Platycaulos major","RESTIONACEAE","RESTIONACEAE","Platycaulos major","(Mast.) H.P.Linder","Restionaceae",1,0,"Perennial",0,1,1,0,0,0,0,1,0,"Mar","Apr","","",100,0,0,1,0,0,0,0,0,0,0,0,0,0,0,0,0,"Leaf",1,0,0,0,0,0,NA,1,1,"culm_stem","",2,"h","w","p"
"Platylophus trifoliatus","Platylophus trifoliatus","CUNONIACEAE","CUNONIACEAE","Platylophus trifoliatus","(L.f.) D.Don","Cunoniaceae",1,0,"Perennial",1,0,1,0,0,0,0,1,0,"Dec","Feb","","",3000,0,0,0,0,0,0,1,0,0,0,0,0,0,0,0,0,"Leaf",0,0,1,1,0,0,18.3,0,0,"leaf","",3,"l","i","m"
"Plecostachys serpyllifolia","Plecostachys serpyllifolia","ASTERACEAE","ASTERACEAE","Plecostachys serpyllifolia","(P.J.Bergius) Hilliard & B.L.Burtt","Asteraceae",1,0,"Perennial",1,0,1,0,0,0,0,0,0,"Mar","May","","",100,0,0,0,1,0,0,0,0,0,0,0,0,0,0,0,0,"Leaf",0,0,1,0,0,0,0.925,0,0,"leaf","",2,"h","i","w"
"Plectranthus fruticosus","Plectranthus fruticosus","LAMIACEAE","LAMIACEAE","Plectranthus fruticosus","L'Hér.","Lamiaceae",1,0,"Perennial",1,0,1,0,0,0,0,1,0,"Nov","Apr","","",200,0,0,0,0,0,1,0,0,0,0,0,0,0,0,0,0,"Leaf",0,0,1,0,0,0,NA,0,0,"leaf","",2,"l","i","p"
"Plumbago auriculata","Plumbago auriculata","PLUMBAGINACEAE","PLUMBAGINACEAE","Plumbago auriculata","Lam.","Plumbaginaceae",1,0,"Perennial",1,0,1,0,0,0,0,1,0,"Dec","May","","",2000,0,0,0,0,0,1,0,1,0,0,0,0,0,0,0,0,"Leaf",0,0,1,0,0,0,4.066666667,0,0,"leaf","",3,"h","i","p"
"Podalyria biflora","Podalyria biflora","FABACEAE","FABACEAE","Podalyria biflora","(L.) Lam.","Fabaceae",1,0,"Perennial",1,0,1,0,0,0,0,1,0,"Aug","Nov","","",30,0,0,0,1,0,0,0,0,0,0,0,0,0,0,0,0,"Leaf",0,0,1,0,0,0,NA,0,0,"leaf","",2,"h","i","p"
"Podalyria burchellii","Podalyria burchellii","FABACEAE","FABACEAE","Podalyria burchellii","DC.","Fabaceae",1,0,"Perennial",1,0,1,0,0,0,0,1,0,"Aug","Jun","","",100,0,0,0,1,1,0,0,0,0,0,0,0,0,0,0,0,"Leaf",0,0,1,0,0,0,1.98,0,0,"leaf","",2,"h","i","p"
"Podalyria calyptrata","Podalyria calyptrata","FABACEAE","FABACEAE","Podalyria calyptrata","(Retz.) Willd.","Fabaceae",1,0,"Perennial",1,0,1,0,0,0,0,0,0,"Aug","Oct","","",500,0,0,0,0,0,0,1,0,0,0,0,0,0,0,0,0,"Leaf",0,0,1,0,0,0,3,0,0,"leaf","",2,"h","i","i"
"Podocarpus elongatus","Podocarpus elongatus","PODOCARPACEAE","PODOCARPACEAE","Podocarpus elongatus","(Aiton) L'Hér. ex Pers.","Podocarpaceae",1,0,"Perennial",0,1,1,0,0,0,0,1,0,"Jan","May","","",500,0,0,0,0,0,0,1,0,0,0,0,0,0,0,0,0,"Leaf",1,0,0,0,0,0,3.92,0,0,"leaf","",3,"m","w","m"
"Podocarpus latifolius","Podocarpus latifolius","PODOCARPACEAE","PODOCARPACEAE","Podocarpus latifolius","(Thunb.) R.Br. ex Mirb.","Podocarpaceae",1,0,"Perennial",0,1,1,0,0,0,0,0,0,"Aug","Dec","","",3000,0,0,0,0,0,0,1,0,0,0,0,0,0,0,0,0,"Leaf",1,0,0,0,0,0,10.15,0,0,"leaf","",3,"m","w","m"
"Pollichia campestris","Pollichia campestris","CARYOPHYLLACEAE","CARYOPHYLLACEAE","Pollichia campestris","Aiton","Caryophyllaceae",1,0,"Perennial",1,0,1,0,0,0,0,0,0,"Jan","Dec","","",60,0,0,0,1,0,0,0,0,0,0,0,0,0,0,0,0,"Leaf",0,1,0,0,0,0,NA,0,0,"leaf","",2,"l","i","p"
"Polpoda capensis","Polpoda capensis","MOLLUGINACEAE","MOLLUGINACEAE","Polpoda capensis","C.Presl","Molluginaceae",1,0,"Perennial",1,0,1,0,0,0,0,0,0,"Apr","Jul","","",50,0,0,0,1,0,0,0,0,0,0,0,0,0,0,0,0,"Leaf",0,0,1,0,0,0,NA,0,0,"leaf","",2,"l","u","p"
"Polyarrhena reflexa","Polyarrhena reflexa","ASTERACEAE","ASTERACEAE","Polyarrhena reflexa","Cass.","Asteraceae",1,0,"Perennial",1,0,1,0,0,0,0,0,0,"Jun","Oct","","",100,0,0,0,1,0,0,0,0,0,0,0,0,0,0,0,0,"Leaf",0,1,1,0,0,0,0.934615385,0,0,"leaf","",2,"h","i","w"
"Polygala asbestina","Polygala asbestina","POLYGALACEAE","POLYGALACEAE","Polygala asbestina","Burch.","Polygalaceae",1,0,"Perennial",1,0,1,0,0,0,0,0,0,"Nov","Mar","","",20,0,0,0,1,0,0,0,0,0,0,0,0,0,0,0,0,"Leaf",0,0,1,0,0,0,NA,0,0,"leaf","",2,"l","i","i"
"Polygala brachyphylla","Polygala brachyphylla","POLYGALACEAE","POLYGALACEAE","Polygala brachyphylla","Chodat","Polygalaceae",1,0,"Perennial",1,0,1,0,0,0,0,0,0,"Sep","Dec","","",35,0,0,0,1,0,0,0,0,0,0,0,0,0,0,0,0,"Leaf",0,0,1,0,0,0,NA,0,0,"leaf","",2,"h","i","i"
"Polygala bracteolata","Polygala bracteolata","POLYGALACEAE","POLYGALACEAE","Polygala bracteolata","L.","Polygalaceae",1,0,"Perennial",1,0,1,0,0,0,0,0,0,"Sep","Nov","","",100,0,0,0,1,0,0,0,1,0,0,0,0,0,0,0,0,"Leaf",0,1,1,0,0,0,1.6125,0,0,"leaf","",2,"l","i","i"
"Polygala ericaefolia","Polygala ericaefolia","POLYGALACEAE","POLYGALACEAE","Polygala ericaefolia","DC.","Polygalaceae",1,0,"Perennial",1,0,1,0,0,0,0,0,0,"Aug","Nov","","",40,0,0,0,1,0,0,0,0,0,0,0,0,0,0,0,0,"Leaf",1,0,0,0,0,0,NA,0,0,"leaf","",2,"h","i","i"
"Polygala fruticosa","Polygala fruticosa","POLYGALACEAE","POLYGALACEAE","Polygala fruticosa","P.J.Bergius","Polygalaceae",1,0,"Perennial",1,0,1,0,0,0,0,1,0,"Sep","Nov","","",200,0,0,0,0,0,1,0,0,0,0,0,0,0,0,0,0,"Leaf",0,1,1,0,0,0,1.666666667,0,0,"leaf","",2,"h","i","i"
"Polygala garcinii","Polygala garcinii","POLYGALACEAE","POLYGALACEAE","Polygala garcinii","DC.","Polygalaceae",1,0,"Perennial",1,0,1,0,0,0,0,1,0,"Sep","Dec","","",40,0,0,0,1,0,0,0,0,0,0,0,0,0,0,0,0,"Leaf",1,0,0,0,0,0,1,0,0,"leaf","",2,"l","i","i"
"Polygala illepida","Polygala illepida","POLYGALACEAE","POLYGALACEAE","Polygala illepida","E.Mey. ex Harv. & Sond.","Polygalaceae",1,0,"Perennial",1,0,1,0,0,0,0,0,0,"Oct","Nov","","",15,0,0,0,1,0,0,0,0,0,0,0,0,0,0,0,0,"Leaf",0,0,1,0,0,0,0.723333333,0,0,"leaf","",2,"l","i","i"
"Polygala microlopha","Polygala microlopha","POLYGALACEAE","POLYGALACEAE","Polygala microlopha","Burch. ex DC.","Polygalaceae",1,0,"Perennial",1,0,1,0,0,0,0,0,0,"Aug","Nov","","",60,0,0,0,1,0,0,0,0,0,0,0,0,0,0,0,0,"Leaf",1,0,1,0,0,0,NA,0,0,"leaf","",2,"m","i","i"
"Polygala myrtifolia","Polygala myrtifolia","POLYGALACEAE","POLYGALACEAE","Polygala myrtifolia","L.","Polygalaceae",1,0,"Perennial",1,0,1,0,0,0,0,0,0,"Jul","Oct","","",200,0,0,0,0,0,1,0,0,0,0,0,0,0,0,0,0,"Leaf",1,0,1,0,0,0,2.45,0,0,"leaf","",2,"h","i","i"
"Polygala pappeana","Polygala pappeana","POLYGALACEAE","POLYGALACEAE","Polygala pappeana","Eckl. & Zeyh.","Polygalaceae",1,1,"Both",1,0,1,0,0,0,0,0,0,"Sep","Dec","","",30,1,0,0,0,0,0,0,0,0,0,0,0,0,0,0,0,"Leaf",1,0,0,0,0,0,NA,0,0,"leaf","",1,"l","i","i"
"Polygala recognita","Polygala recognita","POLYGALACEAE","POLYGALACEAE","Polygala recognita","Chodat","Polygalaceae",1,0,"Perennial",1,0,1,0,0,0,0,1,0,"Sep","Oct","","",40,0,0,0,1,0,0,0,0,0,0,0,0,0,0,0,0,"Leaf",1,0,0,0,0,0,NA,0,0,"leaf","",2,"l","i","i"
"Polygala refracta","Polygala refracta","POLYGALACEAE","POLYGALACEAE","Polygala refracta","Burch. ex DC.","Polygalaceae",1,0,"Perennial",1,0,1,0,0,0,0,0,0,"Sep","Apr","","",40,0,0,0,1,0,0,0,0,0,0,0,0,0,0,0,0,"Leaf",0,1,0,0,0,0,NA,0,0,"leaf","",2,"l","i","i"
"Polygala umbellata","Polygala umbellata","POLYGALACEAE","POLYGALACEAE","Polygala umbellata","Thunb.","Polygalaceae",1,0,"Perennial",1,0,1,0,0,0,0,1,0,"Aug","Nov","","",40,0,0,0,1,0,0,0,0,0,0,0,0,0,0,0,0,"Leaf",1,0,0,0,0,0,NA,0,0,"leaf","",2,"l","i","i"
"Polygala virgata","Polygala virgata","POLYGALACEAE","POLYGALACEAE","Polygala virgata","Thunb.","Polygalaceae",1,0,"Perennial",1,0,1,0,0,0,0,0,0,"Oct","Dec","","",200,0,0,0,0,0,1,0,0,0,0,0,0,0,0,0,0,"Leaf",0,1,1,0,0,0,NA,0,0,"leaf","",2,"m","i","i"
"Polygala wittebergensis","Polygala wittebergensis","POLYGALACEAE","POLYGALACEAE","Polygala wittebergensis","Compton","Polygalaceae",1,0,"Perennial",1,0,1,0,0,0,0,0,0,"Aug","Oct","","",60,0,0,0,1,0,0,0,0,0,0,0,0,0,0,0,0,"Leaf",1,1,0,0,0,0,NA,0,0,"leaf","",2,"m","i","i"
"Polypogon strictus","Polypogon strictus","POACEAE","POACEAE","Polypogon tenuis","Brongn.","Poaceae",0,1,"Annual",1,0,0,1,1,1,0,0,0,"Oct","Apr","","",50,0,0,1,0,0,0,0,0,0,0,0,0,0,0,0,0,"Leaf",1,0,0,0,0,0,NA,0,0,"leaf","",2,"m","w","w"
"Portulacaria afra","Portulacaria afra","PORTULACACEAE","PORTULACACEAE","Portulacaria afra","Jacq.","Didiereaceae",1,0,"Perennial",1,0,1,0,0,0,0,1,0,"Oct","Nov","","",300,0,0,0,0,0,1,1,1,0,0,0,0,1,1,1,0,"Leaf",0,0,1,0,0,0,1.455789474,0,0,"leaf","",3,"l","i","w"
"Printzia polifolia","Printzia polifolia","ASTERACEAE","ASTERACEAE","Printzia polifolia","(L.) Hutch.","Asteraceae",1,0,"Perennial",1,0,1,0,0,0,0,1,0,"Jul","Nov","","",200,0,0,0,0,0,1,0,0,0,0,0,0,0,0,0,0,"Leaf",0,0,1,0,0,0,1.16,0,0,"leaf","",2,"h","i","w"
"Prionium serratum","Prionium serratum","PRIONIACEAE","PRIONIACEAE","Prionium serratum","(L.f.) Drège","Thurniaceae",1,0,"Perennial",1,0,1,0,0,0,0,1,0,"Sep","Feb","","",200,0,0,0,0,0,1,0,0,0,0,0,0,0,0,0,0,"Leaf",0,1,0,0,0,0,62.82,0,0,"leaf","",3,"h","w","w"
"Prismatocarpus brevilobus","Prismatocarpus brevilobus","CAMPANULACEAE","CAMPANULACEAE","Prismatocarpus brevilobus","A.DC.","Campanulaceae",1,0,"Perennial",1,0,1,0,0,1,0,0,0,"Dec","May","","",50,0,0,0,1,0,0,0,0,0,0,0,0,0,0,0,0,"Leaf",0,0,1,0,0,0,NA,0,0,"leaf","",1,"m","i","p"
"Prismatocarpus fruticosus","Prismatocarpus fruticosus","CAMPANULACEAE","CAMPANULACEAE","Prismatocarpus fruticosus","L'Hér.","Campanulaceae",1,0,"Perennial",1,0,1,0,0,1,0,0,0,"Nov","Apr","","",50,0,0,0,1,0,0,0,0,0,0,0,0,0,0,0,0,"Leaf",0,1,0,0,0,0,0.632,0,0,"leaf","",1,"m","i","p"
"Prismatocarpus sessilis","Prismatocarpus sessilis","CAMPANULACEAE","CAMPANULACEAE","Prismatocarpus sessilis","Eckl. ex A.DC.","Campanulaceae",1,0,"Perennial",1,0,1,0,0,1,0,0,0,"Dec","Mar","","",60,0,0,0,1,0,0,0,1,0,0,0,0,0,0,0,0,"Leaf",1,1,0,0,0,0,0.533333333,0,0,"leaf","",1,"h","i","p"
"Protea acaulos","Protea acaulos","PROTEACEAE","PROTEACEAE","Protea acaulos","(L.) Reichard","Proteaceae",1,0,"Perennial",1,0,1,0,0,0,0,1,1,"Jun","Nov","","",15,0,0,0,1,0,0,0,0,0,0,0,0,0,0,0,0,"Leaf",0,1,0,0,0,0,9.04,0,0,"leaf","",3,"h","m","w"
"Protea acuminata","Protea acuminata","PROTEACEAE","PROTEACEAE","Protea acuminata","Sims","Proteaceae",1,0,"Perennial",1,0,1,0,0,0,0,0,1,"Jul","Aug","","",200,0,0,0,0,0,1,0,0,0,0,0,0,0,0,0,0,"Leaf",1,0,0,0,0,0,7.84,0,0,"leaf","",2,"h","m","w"
"Protea angustata","Protea angustata","PROTEACEAE","PROTEACEAE","Protea angustata","R.Br.","Proteaceae",1,0,"Perennial",1,0,1,0,0,0,0,1,1,"Jul","Oct","","",30,0,0,0,1,0,0,0,0,0,0,0,0,0,0,0,0,"Leaf",1,0,0,0,0,0,NA,0,0,"leaf","",3,"h","m","w"
"Protea aspera","Protea aspera","PROTEACEAE","PROTEACEAE","Protea asper","E.Phillips","Proteaceae",1,0,"Perennial",1,0,1,0,0,0,0,1,1,"Sep","Oct","","",20,0,0,0,1,0,0,0,0,0,0,0,0,0,0,0,0,"Leaf",1,0,0,0,0,0,NA,0,0,"leaf","",3,"h","m","w"
"Protea aurea","Protea aurea","PROTEACEAE","PROTEACEAE","Protea aurea","(Burm.f.) Rourke","Proteaceae",1,0,"Perennial",1,0,1,0,0,0,0,0,1,"Jan","Jun","","",500,0,0,0,0,0,0,1,0,0,0,0,0,0,0,0,0,"Leaf",0,0,1,0,0,0,8.32,0,0,"leaf","",2,"h","m","w"
"Protea cordata","Protea cordata","PROTEACEAE","PROTEACEAE","Protea cordata","Thunb.","Proteaceae",1,0,"Perennial",1,0,1,0,0,0,0,1,1,"Jun","Jul","","",50,0,0,0,1,0,0,0,0,0,0,0,0,0,0,0,0,"Leaf",0,0,1,0,0,0,NA,0,0,"leaf","",3,"h","m","w"
"Protea cynaroides","Protea cynaroides","PROTEACEAE","PROTEACEAE","Protea cynaroides","(L.) L.","Proteaceae",1,0,"Perennial",1,0,1,0,0,0,0,1,1,"Jan","Dec","","",300,0,0,0,0,0,1,0,0,0,0,0,0,0,0,0,0,"Leaf",0,0,1,0,0,0,11.27454545,0,0,"leaf","",3,"h","m","w"
"Protea eximia","Protea eximia","PROTEACEAE","PROTEACEAE","Protea eximia","(Knight) Fourc.","Proteaceae",1,0,"Perennial",1,0,1,0,0,0,0,0,1,"Aug","Oct","","",400,0,0,0,0,0,1,0,0,0,0,0,0,0,0,0,0,"Leaf",0,0,1,0,0,0,12.03636364,0,0,"leaf","",2,"h","m","w"
"Protea glabra","Protea glabra","PROTEACEAE","PROTEACEAE","Protea glabra","Thunb.","Proteaceae",1,0,"Perennial",1,0,1,0,0,0,0,1,1,"Aug","Sep","","",500,0,0,0,0,0,1,1,0,0,0,0,0,0,0,0,0,"Leaf",0,0,1,0,0,0,6.28,0,0,"leaf","",3,"h","m","w"
"Protea grandiceps","Protea grandiceps","PROTEACEAE","PROTEACEAE","Protea grandiceps","Tratt.","Proteaceae",1,0,"Perennial",1,0,1,0,0,0,0,0,1,"Dec","Jan","","",200,0,0,0,0,0,1,0,0,0,0,0,0,0,0,0,0,"Leaf",0,0,1,0,0,0,NA,0,0,"leaf","",2,"h","m","w"
"Protea intonsa","Protea intonsa","PROTEACEAE","PROTEACEAE","Protea intonsa","Rourke","Proteaceae",1,0,"Perennial",1,0,1,0,0,0,0,1,1,"Sep","Nov","","",25,0,0,0,1,0,0,0,0,0,0,0,0,0,0,0,0,"Leaf",1,0,0,0,0,0,16.8,0,0,"leaf","",3,"h","m","w"
"Protea laevis","Protea laevis","PROTEACEAE","PROTEACEAE","Protea laevis","R.Br.","Proteaceae",1,0,"Perennial",1,0,1,0,0,0,0,0,1,"Sep","Nov","","",30,0,0,0,1,0,0,0,1,0,0,0,0,0,0,0,0,"Leaf",0,0,1,0,0,0,8.82,0,0,"leaf","",2,"h","m","w"
"Protea laurifolia","Protea laurifolia","PROTEACEAE","PROTEACEAE","Protea laurifolia","Thunb.","Proteaceae",1,0,"Perennial",1,0,1,0,0,0,0,0,1,"May","Jul","","",800,0,0,0,0,0,0,1,0,0,0,0,0,0,0,0,0,"Leaf",0,0,1,0,0,0,9.76,0,0,"leaf","",2,"h","m","w"
"Protea lepidocarpodendron","Protea lepidocarpodendron","PROTEACEAE","PROTEACEAE","Protea lepidocarpodendron","L.","Proteaceae",1,0,"Perennial",1,0,1,0,0,0,0,0,1,"Apr","Aug","","",800,0,0,0,0,0,0,1,0,0,0,0,0,0,0,0,0,"Leaf",0,1,0,0,0,0,9.9,0,0,"leaf","",2,"h","m","w"
"Protea lorea","Protea lorea","PROTEACEAE","PROTEACEAE","Protea lorea","R.Br.","Proteaceae",1,0,"Perennial",1,0,1,0,0,0,0,1,1,"Jan","Feb","","",30,0,0,0,1,0,0,0,1,0,0,0,0,0,0,0,0,"Leaf",1,0,0,0,0,0,NA,0,0,"leaf","",2,"h","m","w"
"Protea lorifolia","Protea lorifolia","PROTEACEAE","PROTEACEAE","Protea lorifolia","(Knight) Fourc.","Proteaceae",1,0,"Perennial",1,0,1,0,0,0,0,0,1,"Apr","Jun","","",300,0,0,0,0,0,1,1,0,0,0,0,0,0,0,0,0,"Leaf",0,1,0,0,0,0,15.96666667,0,0,"leaf","",2,"h","m","w"
"Protea mundii","Protea mundii","PROTEACEAE","PROTEACEAE","Protea mundii","Klotzsch","Proteaceae",1,0,"Perennial",1,0,1,0,0,0,0,0,1,"Feb","Apr","","",800,0,0,0,0,0,0,1,0,0,0,0,0,0,0,0,0,"Leaf",0,0,1,0,0,0,8.133333333,0,0,"leaf","",2,"h","m","w"
"Protea neriifolia","Protea neriifolia","PROTEACEAE","PROTEACEAE","Protea neriifolia","R.Br.","Proteaceae",1,0,"Perennial",1,0,1,0,0,0,0,0,1,"Feb","Nov","","",800,0,0,0,0,0,0,1,0,0,0,0,0,0,0,0,0,"Leaf",0,0,1,0,0,0,11.71428571,0,0,"leaf","",2,"h","m","w"
"Protea nitida","Protea nitida","PROTEACEAE","PROTEACEAE","Protea nitida","Mill.","Proteaceae",1,0,"Perennial",1,0,1,0,0,0,0,1,1,"May","Aug","","",1000,0,0,0,0,0,0,1,0,0,0,0,0,0,0,0,0,"Leaf",0,0,1,0,0,0,10.24761905,0,0,"leaf","",3,"h","m","w"
"Protea piscina","Protea piscina","PROTEACEAE","PROTEACEAE","Protea piscina","Rourke","Proteaceae",1,0,"Perennial",1,0,1,0,0,0,0,1,1,"Jun","Jan","","",30,0,0,0,1,0,0,0,1,0,0,0,0,0,0,0,0,"Leaf",1,0,0,0,0,0,14.6,0,0,"leaf","",3,"h","m","w"
"Protea punctata","Protea punctata","PROTEACEAE","PROTEACEAE","Protea punctata","Meisn.","Proteaceae",1,0,"Perennial",1,0,1,0,0,0,0,0,1,"Mar","Apr","","",400,0,0,0,1,0,0,0,0,0,0,0,0,0,0,0,0,"Leaf",0,0,1,0,0,0,6.15,0,0,"leaf","",2,"h","m","w"
"Protea repens","Protea repens","PROTEACEAE","PROTEACEAE","Protea repens","(L.) L.","Proteaceae",1,0,"Perennial",1,0,1,0,0,0,0,0,1,"Jan","Dec","","",450,0,0,0,0,0,1,1,0,0,0,0,0,0,0,0,0,"Leaf",1,0,0,0,0,0,10.34545455,0,0,"leaf","",2,"h","m","w"
"Protea scabra","Protea scabra","PROTEACEAE","PROTEACEAE","Protea scabra","R.Br.","Proteaceae",1,0,"Perennial",1,0,1,0,0,0,0,1,1,"Jul","Oct","","",25,0,0,0,1,0,0,0,0,0,0,0,0,0,0,0,0,"Leaf",1,1,0,0,0,0,23,0,0,"leaf","",3,"h","m","w"
"Protea scolopendriifolia","Protea scolopendriifolia","PROTEACEAE","PROTEACEAE","Protea scolopendriifolia","(Salisb. ex Knight) Rourke","Proteaceae",1,0,"Perennial",1,0,1,0,0,0,0,1,1,"Sep","Dec","","",30,0,0,0,1,0,0,0,0,0,0,0,0,0,0,0,0,"Leaf",0,1,0,0,0,0,17.54,0,0,"leaf","",3,"h","m","w"
"Protea speciosa","Protea speciosa","PROTEACEAE","PROTEACEAE","Protea speciosa","L.","Proteaceae",1,0,"Perennial",1,0,1,0,0,0,0,1,1,"Sep","Oct","","",120,0,0,0,0,1,0,0,0,0,0,0,0,0,0,0,0,"Leaf",0,0,1,0,0,0,NA,0,0,"leaf","",3,"h","m","w"
"Protea tenax","Protea tenax","PROTEACEAE","PROTEACEAE","Protea tenax","R.Br.","Proteaceae",1,0,"Perennial",1,0,1,0,0,0,0,1,1,"May","Sep","","",30,0,0,0,1,0,0,0,1,0,0,0,0,0,0,0,0,"Leaf",0,1,0,0,0,0,12.61666667,0,0,"leaf","",3,"h","m","w"
"Psammotropha anguina","Psammotropha anguina","MOLLUGINACEAE","MOLLUGINACEAE","Psammotropha anguina","Compton","Molluginaceae",1,0,"Perennial",1,0,1,0,0,0,0,0,0,"Sep","Oct","","",30,0,0,0,1,0,0,0,0,0,0,0,0,0,0,0,0,"Leaf",1,0,0,0,0,0,NA,0,0,"leaf","",2,"l","u","u"
"Psammotropha quadrangularis","Psammotropha quadrangularis","MOLLUGINACEAE","MOLLUGINACEAE","Psammotropha quadrangularis","Fenzl","Molluginaceae",1,0,"Perennial",1,0,1,0,0,0,0,0,0,"Sep","Oct","","",30,0,0,0,1,0,0,0,0,0,0,0,0,0,0,0,0,"Leaf",1,0,0,0,0,0,0.232,0,0,"leaf","",2,"l","u","u"
"Pseudopentameris brachyphylla","Pseudopentameris brachyphylla","POACEAE","POACEAE","Pseudopentameris brachyphylla","(Stapf) Conert","Poaceae",1,0,"Perennial",1,0,1,0,0,0,0,1,0,"Sep","Oct","","",80,0,0,1,0,0,0,0,0,0,0,0,0,0,0,0,0,"Leaf",1,0,0,0,0,0,6.46,0,0,"leaf","",2,"h","w","w"
"Pseudopentameris macrantha","Pseudopentameris macrantha","POACEAE","POACEAE","Pseudopentameris macrantha","(Schrad.) Conert","Poaceae",1,0,"Perennial",1,0,1,0,0,0,0,1,0,"Aug","Sep","","",150,0,0,1,0,0,0,0,0,0,0,0,0,0,0,0,0,"Leaf",1,0,0,0,0,0,20.25882353,0,0,"leaf","",2,"h","w","w"
"Pseudoselago humilis","Pseudoselago humilis","SCROPHULARIACEAE","SCROPHULARIACEAE","Pseudoselago humilis","(Rolfe) Hilliard","Scrophulariaceae",1,0,"Perennial",1,0,1,0,0,1,0,0,0,"Dec","Feb","","",20,1,0,0,0,0,0,0,0,0,0,0,0,0,0,0,0,"Leaf",0,0,1,0,0,0,NA,0,0,"leaf","",1,"m","i","p"
"Pseudoselago recurvifolia","Pseudoselago recurvifolia","SCROPHULARIACEAE","SCROPHULARIACEAE","Pseudoselago recurvifolia","Hilliard","Scrophulariaceae",1,0,"Perennial",1,0,1,0,0,1,0,0,0,"Dec","Feb","","",50,1,0,0,0,0,0,0,0,0,0,0,0,0,0,0,0,"Leaf",0,0,1,0,0,0,NA,0,0,"leaf","",1,"m","i","p"
"Pseudoselago serrata","Pseudoselago serrata","SCROPHULARIACEAE","SCROPHULARIACEAE","Pseudoselago serrata","(P.J.Bergius) Hilliard","Scrophulariaceae",1,0,"Perennial",1,0,1,0,0,1,0,0,0,"Sep","Mar","","",40,1,0,0,0,0,0,0,0,0,0,0,0,0,0,0,0,"Leaf",0,0,1,0,0,0,0.758,0,0,"leaf","",1,"m","i","p"
"Pseudoselago spuria","Pseudoselago spuria","SCROPHULARIACEAE","SCROPHULARIACEAE","Pseudoselago spuria","(L.) Hilliard","Scrophulariaceae",1,0,"Perennial",1,0,1,0,0,1,0,0,0,"Aug","Feb","","",75,1,0,0,0,0,0,0,0,0,0,0,0,0,0,0,0,"Leaf",0,1,0,0,0,0,NA,0,0,"leaf","",1,"m","i","p"
"Psoralea aphylla","Psoralea aphylla","FABACEAE","FABACEAE","Psoralea aphylla","L.","Fabaceae",1,0,"Perennial",1,0,1,0,0,0,0,0,0,"Sep","May","","",400,0,0,0,0,0,1,0,0,0,0,0,0,0,0,0,0,"Leaf",1,0,0,0,0,0,14.67,0,1,"mixed","yes",2,"h","i","p"
"Psoralea asarina","Psoralea asarina","FABACEAE","FABACEAE","Psoralea asarina","(P.J.Bergius) T.M.Salter","Fabaceae",1,0,"Perennial",1,0,1,0,0,1,0,1,0,"Oct","Feb","","",10,0,0,0,1,0,0,0,1,0,0,0,0,0,0,0,0,"Leaf",0,1,0,0,0,0,NA,0,0,"leaf","",2,"l","i","p"
"Psoralea imbricata","Psoralea imbricata","FABACEAE","FABACEAE","Psoralea imbricata","(L.f.) T.M.Salter","Fabaceae",1,0,"Perennial",1,0,1,0,0,1,0,1,0,"Oct","Jan","","",50,0,0,0,1,0,0,0,1,0,0,0,0,0,0,0,0,"Leaf",0,0,1,0,0,0,NA,0,0,"leaf","",2,"l","i","p"
"Psoralea laxa","Psoralea laxa","FABACEAE","FABACEAE","Psoralea laxa","T.M.Salter","Fabaceae",1,0,"Perennial",1,0,1,0,0,1,0,0,0,"Nov","Mar","","",40,0,0,0,1,0,0,0,1,0,0,0,0,0,0,0,0,"Leaf",0,0,1,0,0,0,NA,0,0,"leaf","",2,"l","i","p"
"Psoralea monophylla","Psoralea monophylla","FABACEAE","FABACEAE","Psoralea monophylla","(L.) C.H.Stirt.","Fabaceae",1,0,"Perennial",1,0,1,0,0,1,0,1,0,"Nov","Jan","","",30,0,0,0,1,0,0,0,1,0,0,0,0,0,0,0,0,"Leaf",0,0,1,0,0,0,2.24,0,0,"leaf","yes",2,"l","i","p"
"Psoralea oligophylla","Psoralea oligophylla","FABACEAE","FABACEAE","Psoralea oligophylla","Eckl. & Zeyh.","Fabaceae",1,0,"Perennial",1,0,1,0,0,1,0,0,0,"Oct","Apr","","",200,0,0,0,0,0,1,0,0,0,0,0,0,0,0,0,0,"Leaf",1,1,0,1,0,0,1.53,0,0,"leaf","yes",2,"h","i","p"
"Psoralea oreophila","Psoralea oreophila","FABACEAE","FABACEAE","Psoralea oreophila","Schltr.","Fabaceae",1,0,"Perennial",1,0,1,0,0,1,0,0,0,"Jan","Jan","","",50,0,0,0,1,0,0,0,1,0,0,0,0,0,0,0,0,"Leaf",0,1,0,1,0,0,NA,0,0,"leaf","",2,"h","i","p"
"Psoralea pinnata","Psoralea pinnata","FABACEAE","FABACEAE","Psoralea pinnata","L.","Fabaceae",1,0,"Perennial",1,0,1,0,0,1,0,0,0,"Oct","Apr","","",400,0,0,0,0,0,1,1,0,0,0,0,0,0,0,0,0,"Leaf",0,1,0,1,0,0,2.586086957,0,0,"leaf","yes",2,"h","i","p"
"Psoralea repens","Psoralea repens","FABACEAE","FABACEAE","Psoralea repens","P.J.Bergius","Fabaceae",1,0,"Perennial",1,0,1,0,0,1,0,1,0,"Nov","Feb","","",20,0,0,0,1,0,0,0,1,0,0,0,0,0,0,0,0,"Leaf",0,0,1,1,0,0,1.76,0,0,"leaf","yes",2,"l","i","p"
"Psoralea verrucosa","Psoralea verrucosa","FABACEAE","FABACEAE","Psoralea verrucosa","Willd. ex Spreng.","Fabaceae",1,0,"Perennial",1,0,1,0,0,1,0,0,0,"Dec","Mar","","",200,0,0,0,0,0,1,0,0,0,0,0,0,0,0,0,0,"Leaf",0,1,0,1,0,0,NA,0,0,"leaf","",2,"h","i","p"
"Pteridium aquilinum","Pteridium aquilinum","DENNSTAEDTIACEAE","DENNSTAEDTIACEAE","Pteridium aquilinum","(L.) Kuhn","Dennstaedtiaceae",1,0,"Perennial",1,0,0,1,0,0,0,1,0,"","","","",150,0,0,0,0,0,0,0,0,0,0,0,1,0,0,0,0,"Frond",0,0,1,1,1,1,20.5,0,0,"leaf","",2,"h","w","w"
"Pterocelastrus rostratus","Pterocelastrus rostratus","CELASTRACEAE","CELASTRACEAE","Pterocelastrus rostratus","(Thunb.) Walp.","Celastraceae",1,0,"Perennial",1,0,1,0,0,0,0,1,0,"Apr","Jun","","",1000,0,0,0,0,0,0,1,0,0,0,0,0,0,0,0,0,"Leaf",0,1,0,0,0,0,7.96,0,0,"leaf","",3,"m","i","m"
"Pterocelastrus tricuspidatus","Pterocelastrus tricuspidatus","CELASTRACEAE","CELASTRACEAE","Pterocelastrus tricuspidatus","(Lam.) Walp.","Celastraceae",1,0,"Perennial",1,0,1,0,0,0,0,1,0,"May","Nov","","",700,0,0,0,0,0,0,1,0,0,0,0,0,0,0,0,0,"Leaf",0,0,1,0,0,0,4.171428571,0,0,"leaf","",3,"h","i","m"
"Pteronia ambrariifolia","Pteronia ambrariifolia","ASTERACEAE","ASTERACEAE","Pteronia ambrariifolia","Schltr.","Asteraceae",1,0,"Perennial",1,0,1,0,0,0,0,0,0,"Aug","Sep","","",25,0,0,0,1,0,0,0,0,0,0,0,0,0,0,0,0,"Leaf",1,0,0,0,0,0,NA,0,0,"leaf","",2,"h","i","w"
"Pteronia camphorata","Pteronia camphorata","ASTERACEAE","ASTERACEAE","Pteronia camphorata","(L.) L.","Asteraceae",1,0,"Perennial",1,0,1,0,0,0,0,0,0,"Aug","Nov","","",100,0,0,0,1,0,0,0,0,0,0,0,0,0,0,0,0,"Leaf",1,0,0,0,0,0,3.236,0,0,"leaf","",2,"h","i","w"
"Pteronia incana","Pteronia incana","ASTERACEAE","ASTERACEAE","Pteronia incana","DC.","Asteraceae",1,0,"Perennial",1,0,1,0,0,0,0,0,0,"Sep","Oct","","",100,0,0,0,1,0,0,0,0,0,0,0,0,0,0,0,0,"Leaf",1,0,0,0,0,0,1.081666667,0,0,"leaf","",2,"h","i","w"
"Pteronia teretifolia","Pteronia teretifolia","ASTERACEAE","ASTERACEAE","Pteronia teretifolia","(Thunb.) Fourc.","Asteraceae",1,0,"Perennial",1,0,1,0,0,0,0,1,0,"Jan","Jun","","",50,0,0,0,1,0,0,0,0,0,0,0,0,0,0,0,0,"Leaf",1,0,0,0,0,0,0.683333333,0,0,"leaf","",3,"h","i","w"
"Pterygodium acutifolium","Pterygodium acutifolium","ORCHIDACEAE","ORCHIDACEAE","Pterygodium acutifolium","Lindl.","Orchidaceae",1,0,"Perennial",1,0,0,1,1,1,1,1,0,"Sep","Dec","","",35,0,1,0,0,0,0,0,0,0,0,0,0,0,0,0,0,"Leaf",0,0,1,0,0,0,21.8,0,0,"leaf","",2,"l","i","p"
"Putterlickia pyracantha","Putterlickia pyracantha","CELASTRACEAE","CELASTRACEAE","Putterlickia pyracantha","(L.) Szyszył.","Celastraceae",1,0,"Perennial",1,0,1,0,0,0,0,1,0,"Feb","Aug","","",300,0,0,0,0,0,1,0,0,0,0,0,0,0,0,0,0,"Leaf",0,0,1,0,0,0,1.633333333,0,0,"leaf","",3,"m","i","p"
"Rafnia acuminata","Rafnia perfoliata","FABACEAE","FABACEAE","Rafnia acuminata","(E.Mey.) G.J.Campb. & B.-E.van Wyk","Fabaceae",1,0,"Perennial",1,0,1,0,0,1,0,1,0,"Sep","Apr","","",30,0,0,0,1,0,0,0,0,0,0,0,0,0,0,0,0,"Leaf",0,1,1,0,0,0,2.7,0,0,"leaf","",3,"h","i","p"
"Rafnia capensis","Rafnia capensis","FABACEAE","FABACEAE","Rafnia capensis","(L.) Schinz","Fabaceae",1,0,"Perennial",1,0,1,0,0,1,0,1,0,"Jan","Dec","","",100,0,0,0,1,0,0,0,0,0,0,0,0,0,0,0,0,"Leaf",1,1,0,0,0,0,2.726666667,0,0,"leaf","",3,"h","i","p"
"Rafnia crassifolia","Rafnia crassifolia","FABACEAE","FABACEAE","Rafnia crassifolia","Harv.","Fabaceae",1,0,"Perennial",1,0,1,0,0,1,0,1,0,"Oct","Mar","","",60,0,0,0,1,0,0,0,0,0,0,0,0,0,0,0,0,"Leaf",0,1,0,0,0,0,3.866666667,0,0,"leaf","",3,"h","i","p"
"Rafnia diffusa","Rafnia diffusa","FABACEAE","FABACEAE","Rafnia diffusa","Thunb.","Fabaceae",1,0,"Perennial",1,0,1,0,0,1,0,1,0,"Aug","Jan","","",60,0,0,0,1,0,0,0,0,0,0,0,0,0,0,0,0,"Leaf",1,0,1,0,0,0,1.22,0,0,"leaf","",3,"h","i","p"
"Rafnia ovata","Rafnia ovata","FABACEAE","FABACEAE","Rafnia ovata","E.Mey.","Fabaceae",1,0,"Perennial",1,0,1,0,0,1,0,1,0,"Aug","Jan","","",120,0,0,0,0,1,0,0,0,0,0,0,0,0,0,0,0,"Leaf",0,0,1,0,0,0,NA,0,0,"leaf","",3,"h","i","p"
"Rafnia racemosa","Rafnia racemosa","FABACEAE","FABACEAE","Rafnia racemosa","Eckl. & Zeyh.","Fabaceae",1,0,"Perennial",1,0,1,0,0,1,0,1,0,"Oct","Jan","","",150,0,0,0,0,1,0,0,0,0,0,0,0,0,0,0,0,"Leaf",0,1,1,0,0,0,NA,0,0,"leaf","",3,"h","i","p"
"Rapanea melanophloeos","Rapanea melanophloeos","MYRSINACEAE","MYRSINACEAE","Myrsine melanophloeos","(L.) R.Br. ex Sweet","Primulaceae",1,0,"Perennial",0,1,1,0,0,0,0,1,0,"Oct","Dec","","",2000,0,0,0,0,0,0,1,0,0,0,0,0,0,0,0,0,"Leaf",0,0,1,0,0,0,11.96,0,0,"leaf","",3,"m","i","m"
"Relhania calycina","Relhania calycina","ASTERACEAE","ASTERACEAE","Relhania calycina","L'Hér.","Asteraceae",1,0,"Perennial",1,0,1,0,0,0,0,0,0,"Oct","Jan","","",100,0,0,0,1,0,0,0,0,0,0,0,0,0,0,0,0,"Leaf",0,1,0,0,0,0,NA,0,0,"leaf","",2,"h","i","w"
"Relhania decussata","Relhania decussata","ASTERACEAE","ASTERACEAE","Relhania decussata","L'Hér.","Asteraceae",1,0,"Perennial",1,0,1,0,0,0,0,1,0,"Sep","Nov","","",30,0,0,0,1,0,0,0,0,0,0,0,0,0,0,0,0,"Leaf",1,0,0,0,0,0,0.456666667,0,0,"leaf","",2,"m","i","w"
"Relhania pungens","Relhania pungens","ASTERACEAE","ASTERACEAE","Relhania pungens","L'Hér.","Asteraceae",1,0,"Perennial",1,0,1,0,0,0,0,0,0,"Oct","Feb","","",50,0,0,0,1,0,0,0,0,0,0,0,0,0,0,0,0,"Leaf",1,0,0,0,0,0,1.28,0,0,"leaf","",2,"h","i","w"
"Relhania speciosa","Relhania speciosa","ASTERACEAE","ASTERACEAE","Relhania speciosa","Harv.","Asteraceae",1,0,"Perennial",1,0,1,0,0,0,0,0,0,"Sep","Dec","","",100,0,0,0,1,0,0,0,0,0,0,0,0,0,0,0,0,"Leaf",0,1,1,0,0,0,1.566666667,0,0,"leaf","",2,"h","i","w"
"Restio arcuatus","Restio arcuatus","RESTIONACEAE","RESTIONACEAE","Restio arcuatus","Mast.","Restionaceae",1,0,"Perennial",0,1,1,0,0,0,0,1,0,"Dec","Feb","","",60,0,0,1,0,0,0,0,1,0,0,0,0,0,0,0,0,"Leaf",1,0,0,0,0,0,21.13,1,1,"culm_stem","no",2,"h","w","p"
"Restio asperus","Calopsis aspera","RESTIONACEAE","RESTIONACEAE","Restio asperus","(Mast.) H.P.Linder & C.R.Hardy","Restionaceae",1,0,"Perennial",0,1,1,0,0,0,0,0,0,"Nov","Jan","","",50,0,0,1,0,0,0,0,0,0,0,0,0,0,0,0,0,"Leaf",1,0,0,0,0,0,27.18,1,1,"culm_stem","no",2,"h","w","p"
"Restio bifarius","Restio bifarius","RESTIONACEAE","RESTIONACEAE","Restio bifarius","Mast.","Restionaceae",1,0,"Perennial",0,1,1,0,0,0,0,0,0,"Apr","May","","",80,0,0,1,0,0,0,0,0,0,0,0,0,0,0,0,0,"Leaf",1,0,0,0,0,0,56.08,1,1,"culm_stem","no",2,"h","w","p"
"Restio bifidus","Restio bifidus","RESTIONACEAE","RESTIONACEAE","Restio bifidus","Thunb.","Restionaceae",1,0,"Perennial",0,1,1,0,0,0,0,0,0,"Mar","Apr","","",60,0,0,1,0,0,0,0,0,0,0,0,0,0,0,0,0,"Leaf",1,0,0,0,0,0,25.24,1,1,"culm_stem","no",2,"h","w","p"
"Restio bifurcus","Restio bifurcus","RESTIONACEAE","RESTIONACEAE","Restio bifurcus","Nees ex Mast.","Restionaceae",1,0,"Perennial",0,1,1,0,0,0,0,0,0,"May","Aug","","",100,0,0,1,0,0,0,0,0,0,0,0,0,0,0,0,0,"Leaf",1,0,0,0,0,0,40.83478261,1,1,"culm_stem","no",2,"h","w","p"
"Restio brachiatus","Restio brachiatus","RESTIONACEAE","RESTIONACEAE","Restio brachiatus","(Mast.) Pillans","Restionaceae",1,0,"Perennial",0,1,1,0,0,0,0,0,0,"Sep","Oct","","",80,0,0,1,0,0,0,0,0,0,0,0,0,0,0,0,0,"Leaf",1,0,0,0,0,0,56.24,1,1,"culm_stem","no",2,"h","w","p"
"Restio burchellii","Restio burchellii","RESTIONACEAE","RESTIONACEAE","Restio burchellii","Pillans","Restionaceae",1,0,"Perennial",0,1,1,0,0,0,0,0,0,"Oct","Nov","","",50,0,0,1,0,0,0,0,0,0,0,0,0,0,0,0,0,"Leaf",1,0,0,0,0,0,NA,1,1,"culm_stem","",2,"h","w","p"
"Restio calcicola","Calopsis fruticosa","RESTIONACEAE","RESTIONACEAE","Restio calcicola","H.P.Linder & C.R.Hardy","Restionaceae",1,0,"Perennial",0,1,1,0,0,0,0,0,0,"Aug","Nov","","",60,0,0,1,0,0,0,0,0,0,0,0,0,0,0,0,0,"Leaf",1,0,0,0,0,0,NA,1,1,"culm_stem","",2,"h","w","p"
"Restio capensis","Ischyrolepis capensis","RESTIONACEAE","RESTIONACEAE","Restio capensis","(L. ex C.B.Clarke) H.P.Linder & C.R.Hardy","Restionaceae",1,0,"Perennial",0,1,1,0,0,0,0,1,0,"Oct","Nov","","",50,0,0,1,0,0,0,0,0,0,0,0,0,0,0,0,0,"Leaf",1,0,0,0,0,0,22.61333333,1,1,"culm_stem","mixed",2,"h","w","p"
"Restio capillaris","Restio capillaris","RESTIONACEAE","RESTIONACEAE","Restio capillaris","Kunth","Restionaceae",1,0,"Perennial",0,1,1,0,0,0,0,1,0,"Aug","Oct","","",60,0,0,1,0,0,0,0,0,0,0,0,0,0,0,0,0,"Leaf",1,0,0,0,0,0,34.78,1,1,"culm_stem","no",2,"h","w","p"
"Restio cincinnatus","Ischyrolepis cincinnata","RESTIONACEAE","RESTIONACEAE","Restio cincinnatus","Mast.","Restionaceae",1,0,"Perennial",0,1,1,0,0,0,0,1,0,"Oct","Nov","","",50,0,0,1,0,0,0,0,1,0,0,0,0,0,0,0,0,"Leaf",1,0,0,0,0,0,10.29,1,1,"culm_stem","no",2,"h","w","p"
"Restio curviramis","Ischyrolepis curviramis","RESTIONACEAE","RESTIONACEAE","Restio curviramis","Kunth","Restionaceae",1,0,"Perennial",0,1,1,0,0,0,0,1,0,"Aug","Oct","","",50,0,0,1,0,0,0,0,1,0,0,0,0,0,0,0,0,"Leaf",1,0,0,0,0,0,16.36,1,1,"culm_stem","no",2,"h","w","p"
"Restio debilis","Restio debilis","RESTIONACEAE","RESTIONACEAE","Restio debilis","Nees","Restionaceae",1,0,"Perennial",0,1,1,0,0,0,0,0,0,"Mar","May","","",40,0,0,1,0,0,0,0,0,0,0,0,0,0,0,0,0,"Leaf",1,0,0,0,0,0,24.56,1,1,"culm_stem","no",2,"h","w","p"
"Restio decipiens","Restio decipiens","RESTIONACEAE","RESTIONACEAE","Restio decipiens","(N.E.Br.) H.P.Linder","Restionaceae",1,0,"Perennial",0,1,1,0,0,0,0,0,0,"Oct","Nov","","",50,0,0,1,0,0,0,0,0,0,0,0,0,0,0,0,0,"Leaf",1,0,0,0,0,0,NA,1,1,"culm_stem","",2,"h","w","p"
"Restio dispar","Restio dispar","RESTIONACEAE","RESTIONACEAE","Restio dispar","Mast.","Restionaceae",1,0,"Perennial",0,1,1,0,0,0,0,1,0,"Mar","Apr","","",100,0,0,1,0,0,0,0,0,0,0,0,0,0,0,0,0,"Leaf",1,0,0,0,0,0,124.12,1,1,"culm_stem","no",2,"h","w","p"
"Restio distichus","Restio distichus","RESTIONACEAE","RESTIONACEAE","Restio distichus","Rottb.","Restionaceae",1,0,"Perennial",0,1,1,0,0,0,0,1,0,"Oct","Dec","","",50,0,0,1,0,0,0,0,0,0,0,0,0,0,0,0,0,"Leaf",1,0,0,0,0,0,NA,1,1,"culm_stem","",2,"h","w","p"
"Restio dodii","Restio dodii","RESTIONACEAE","RESTIONACEAE","Restio dodii","Pillans","Restionaceae",1,0,"Perennial",0,1,1,0,0,0,0,0,0,"Jan","Jan","","",100,0,0,1,0,0,0,0,0,0,0,0,0,0,0,0,0,"Leaf",1,0,0,0,0,0,49.93333333,1,1,"culm_stem","no",2,"h","w","p"
"Restio egregius","Restio egregius","RESTIONACEAE","RESTIONACEAE","Restio egregius","Hochst.","Restionaceae",1,0,"Perennial",0,1,1,0,0,0,0,1,0,"Feb","Mar","","",100,0,0,1,0,0,0,0,0,0,0,0,0,0,0,0,0,"Leaf",1,0,0,0,0,0,66.11666667,1,1,"culm_stem","no",2,"h","w","p"
"Restio eleocharis","Ischyrolepis eleocharis","RESTIONACEAE","RESTIONACEAE","Restio eleocharis","Nees ex Mast.","Restionaceae",1,0,"Perennial",0,1,1,0,0,0,0,1,0,"Mar","Jun","","",40,0,0,1,0,0,0,0,0,0,0,0,0,0,0,0,0,"Leaf",1,0,0,0,0,0,15.68,1,1,"culm_stem","no",2,"h","w","p"
"Restio festuciformis","Restio festuciformis","RESTIONACEAE","RESTIONACEAE","Restio festuciformis","Nees ex Mast.","Restionaceae",1,0,"Perennial",0,1,1,0,0,0,0,0,0,"Jul","Aug","","",40,0,0,1,0,0,0,0,0,0,0,0,0,0,0,0,0,"Leaf",1,0,0,0,0,0,NA,1,1,"culm_stem","",2,"h","w","p"
"Restio filiformis","Restio filiformis","RESTIONACEAE","RESTIONACEAE","Restio filiformis","Poir.","Restionaceae",1,0,"Perennial",0,1,1,0,0,0,0,0,0,"Aug","Aug","","",60,0,0,1,0,0,0,0,0,0,0,0,0,0,0,0,0,"Leaf",1,0,0,0,0,0,38.77333333,1,1,"culm_stem","no",2,"h","w","p"
"Restio fragilis","Restio fragilis","RESTIONACEAE","RESTIONACEAE","Restio fragilis","Esterh.","Restionaceae",1,0,"Perennial",0,1,1,0,0,0,0,1,0,"Sep","Oct","","",30,0,0,1,0,0,0,0,0,0,0,0,0,0,0,0,0,"Leaf",1,0,0,0,0,0,NA,1,1,"culm_stem","",2,"h","w","p"
"Restio fusiformis","Restio fusiformis","RESTIONACEAE","RESTIONACEAE","Restio fusiformis","Pillans","Restionaceae",1,0,"Perennial",0,1,1,0,0,0,0,0,0,"May","Sep","","",40,0,0,1,0,0,0,0,0,0,0,0,0,0,0,0,0,"Leaf",1,0,0,0,0,0,NA,1,1,"culm_stem","",2,"h","w","p"
"Restio gaudichaudianus","Ischyrolepis gaudichaudiana","RESTIONACEAE","RESTIONACEAE","Restio gaudichaudianus","Kunth","Restionaceae",1,0,"Perennial",0,1,1,0,0,0,0,1,0,"Mar","Apr","","",100,0,0,1,0,0,0,0,0,0,0,0,0,0,0,0,0,"Leaf",1,0,0,0,0,0,46.48125,1,1,"culm_stem","mixed",2,"h","w","p"
"Restio gossypinus","Ischyrolepis gossypina","RESTIONACEAE","RESTIONACEAE","Restio gossypinus","Mast.","Restionaceae",1,0,"Perennial",0,1,1,0,0,0,0,1,0,"Sep","Dec","","",50,0,0,1,0,0,0,0,0,0,0,0,0,0,0,0,0,"Leaf",1,0,0,0,0,0,35.18,1,1,"culm_stem","no",2,"h","w","p"
"Restio hyalinus","Calopsis hyalina","RESTIONACEAE","RESTIONACEAE","Restio hyalinus","(Mast.) H.P.Linder & C.R.Hardy","Restionaceae",1,0,"Perennial",0,1,1,0,0,0,0,1,0,"Aug","Nov","","",50,0,0,1,0,0,0,0,0,0,0,0,0,0,0,0,0,"Leaf",1,0,0,0,0,0,24.96,1,1,"culm_stem","no",2,"h","w","p"
"Restio hystrix","Ischyrolepis hystrix","RESTIONACEAE","RESTIONACEAE","Restio hystrix","Mast.","Restionaceae",1,0,"Perennial",0,1,1,0,0,0,0,0,0,"Jul","Sep","","",150,0,0,1,0,0,0,0,0,0,0,0,0,0,0,0,0,"Leaf",1,0,0,0,0,0,53.3,1,1,"culm_stem","no",2,"h","w","p"
"Restio implicatus","Restio implicatus","RESTIONACEAE","RESTIONACEAE","Restio implicatus","Esterh.","Restionaceae",1,0,"Perennial",0,1,1,0,0,0,0,1,0,"Dec","Dec","","",60,0,0,1,0,0,0,0,0,0,0,0,0,0,0,0,0,"Leaf",1,0,0,0,0,0,NA,1,1,"culm_stem","",2,"h","w","p"
"Restio inconspicuus","Restio inconspicuus","RESTIONACEAE","RESTIONACEAE","Restio inconspicuus","Esterh.","Restionaceae",1,0,"Perennial",0,1,1,0,0,0,0,1,0,"Mar","Apr","","",100,0,0,1,0,0,0,0,0,0,0,0,0,0,0,0,0,"Leaf",1,0,0,0,0,0,66.1,1,1,"culm_stem","no",2,"h","w","p"
"Restio laniger","Ischyrolepis laniger","RESTIONACEAE","RESTIONACEAE","Restio laniger","Kunth","Restionaceae",1,0,"Perennial",0,1,1,0,0,0,0,1,0,"Sep","Dec","","",30,0,0,1,0,0,0,0,0,0,0,0,0,0,0,0,0,"Leaf",1,0,0,0,0,0,NA,1,1,"culm_stem","",2,"h","w","p"
"Restio leptostachyus","Restio leptostachyus","RESTIONACEAE","RESTIONACEAE","Restio leptostachyus","Kunth","Restionaceae",1,0,"Perennial",0,1,1,0,0,0,0,1,0,"Feb","May","","",40,0,0,1,0,0,0,0,0,0,0,0,0,0,0,0,0,"Leaf",1,0,0,0,0,0,NA,1,1,"culm_stem","",2,"h","w","p"
"Restio monanthos","Ischyrolepis monanthos","RESTIONACEAE","RESTIONACEAE","Restio monanthos","Mast.","Restionaceae",1,0,"Perennial",0,1,1,0,0,0,0,0,0,"Aug","Oct","","",60,0,0,1,0,0,0,0,0,0,0,0,0,0,0,0,0,"Leaf",1,0,0,0,0,0,52.72,1,1,"culm_stem","no",2,"h","w","p"
"Restio monostylis","Calopsis monostylis","RESTIONACEAE","RESTIONACEAE","Restio monostylis","(Pillans) H.P.Linder & C.R.Hardy","Restionaceae",1,0,"Perennial",0,1,1,0,0,0,0,0,0,"Feb","Feb","","",40,0,0,1,0,0,0,0,0,0,0,0,0,0,0,0,0,"Leaf",1,0,0,0,0,0,NA,1,1,"culm_stem","",2,"h","w","p"
"Restio occultus","Restio occultus","RESTIONACEAE","RESTIONACEAE","Restio occultus","(Mast.) Pillans","Restionaceae",1,0,"Perennial",0,1,1,0,0,0,0,0,0,"Aug","Sep","","",100,0,0,1,0,0,0,0,0,0,0,0,0,0,0,0,0,"Leaf",1,0,0,0,0,0,93.25,1,1,"culm_stem","no",2,"h","w","p"
"Restio ocreatus","Ischyrolepis ocreata","RESTIONACEAE","RESTIONACEAE","Restio ocreatus","Kunth","Restionaceae",1,0,"Perennial",0,1,1,0,0,0,0,0,0,"Nov","Jan","","",80,0,0,1,0,0,0,0,0,0,0,0,0,0,0,0,0,"Leaf",1,0,0,0,0,0,59.1,1,1,"culm_stem","no",2,"h","w","p"
"Restio paludosus","Ischyrolepis paludosa","RESTIONACEAE","RESTIONACEAE","Restio paludosus","Pillans","Restionaceae",1,0,"Perennial",0,1,1,0,0,0,0,1,0,"Nov","Dec","","",30,0,0,1,0,0,0,0,0,0,0,0,0,0,0,0,0,"Leaf",1,0,0,0,0,0,12.63333333,1,1,"culm_stem","no",2,"h","w","p"
"Restio paniculatus","Calopsis paniculata","RESTIONACEAE","RESTIONACEAE","Restio paniculatus","Rottb.","Restionaceae",1,0,"Perennial",0,1,1,0,0,0,0,1,0,"May","Jun","","",200,0,0,1,0,0,0,0,0,0,0,0,0,0,0,0,0,"Leaf",1,0,0,0,0,0,39.2,1,1,"culm_stem","yes",2,"h","w","p"
"Restio parvispiculus","Calopsis membranacea","RESTIONACEAE","RESTIONACEAE","Restio parvispiculus","H.P.Linder & C.R.Hardy","Restionaceae",1,0,"Perennial",0,1,1,0,0,0,0,1,0,"Apr","Jun","","",30,0,0,1,0,0,0,0,0,0,0,0,0,0,0,0,0,"Leaf",1,0,0,0,0,0,36.88421053,1,1,"culm_stem","no",2,"h","w","p"
"Restio patens","Restio patens","RESTIONACEAE","RESTIONACEAE","Restio patens","Mast.","Restionaceae",1,0,"Perennial",0,1,1,0,0,0,0,0,0,"Mar","Apr","","",50,0,0,1,0,0,0,0,0,0,0,0,0,0,0,0,0,"Leaf",1,0,0,0,0,0,NA,1,1,"culm_stem","",2,"h","w","p"
"Restio pedicellatus","Restio filicaulis","RESTIONACEAE","RESTIONACEAE","Restio pedicellatus","Mast.","Restionaceae",1,0,"Perennial",0,1,1,0,0,0,0,1,0,"Aug","Oct","","",30,0,0,1,0,0,0,0,0,0,0,0,0,0,0,0,0,"Leaf",1,0,0,0,0,0,NA,1,1,"culm_stem","",2,"h","w","p"
"Restio perplexus","Restio perplexus","RESTIONACEAE","RESTIONACEAE","Restio perplexus","Kunth","Restionaceae",1,0,"Perennial",0,1,1,0,0,0,0,1,0,"Jul","Aug","","",60,0,0,1,0,0,0,0,1,0,0,0,0,0,0,0,0,"Leaf",1,0,0,0,0,0,33.33,1,1,"culm_stem","no",2,"h","w","p"
"Restio purpurascens","Restio purpurascens","RESTIONACEAE","RESTIONACEAE","Restio purpurascens","Nees ex Mast.","Restionaceae",1,0,"Perennial",0,1,1,0,0,0,0,0,0,"Mar","Apr","","",100,0,0,1,0,0,0,0,0,0,0,0,0,0,0,0,0,"Leaf",1,0,0,0,0,0,NA,1,1,"culm_stem","",2,"h","w","p"
"Restio quinquefarius","Restio quinquefarius","RESTIONACEAE","RESTIONACEAE","Restio quinquefarius","Nees","Restionaceae",1,0,"Perennial",0,1,1,0,0,0,0,0,0,"Aug","Aug","","",80,0,0,1,0,0,0,0,0,0,0,0,0,0,0,0,0,"Leaf",1,0,0,0,0,0,26.32,1,1,"culm_stem","no",2,"h","w","p"
"Restio ramosissimus","Calopsis gracilis","RESTIONACEAE","RESTIONACEAE","Restio ramosissimus","H.P.Linder & C.R.Hardy","Restionaceae",1,0,"Perennial",0,1,1,0,0,0,0,0,0,"Jul","Oct","","",60,0,0,1,0,0,0,0,0,0,0,0,0,0,0,0,0,"Leaf",1,0,0,0,0,0,23.38,1,1,"culm_stem","no",2,"h","w","p"
"Restio rigidus","Calopsis rigida","RESTIONACEAE","RESTIONACEAE","Restio rigidus","(Mast.) H.P.Linder & C.R.Hardy","Restionaceae",1,0,"Perennial",0,1,1,0,0,0,0,0,0,"Mar","Apr","","",50,0,0,1,0,0,0,0,0,0,0,0,0,0,0,0,0,"Leaf",1,0,0,0,0,0,NA,1,1,"culm_stem","",2,"h","w","p"
"Restio rudolfii","Calopsis marlothii","RESTIONACEAE","RESTIONACEAE","Restio rudolfii","H.P.Linder & C.R.Hardy","Restionaceae",1,0,"Perennial",0,1,1,0,0,0,0,0,0,"Apr","Jun","","",100,0,0,1,0,0,0,0,0,0,0,0,0,0,0,0,0,"Leaf",1,0,0,0,0,0,NA,1,1,"culm_stem","",2,"h","w","p"
"Restio sarocladus","Restio sarocladus","RESTIONACEAE","RESTIONACEAE","Restio saroclados","Mast.","Restionaceae",1,0,"Perennial",0,1,1,0,0,0,0,1,0,"Mar","Apr","","",50,0,0,1,0,0,0,0,0,0,0,0,0,0,0,0,0,"Leaf",1,0,0,0,0,0,29.2,1,1,"culm_stem","no",2,"h","w","p"
"Restio scaber","Restio scaber","RESTIONACEAE","RESTIONACEAE","Restio scaber","Mast.","Restionaceae",1,0,"Perennial",0,1,1,0,0,0,0,0,0,"Apr","Apr","","",40,0,0,1,0,0,0,0,0,0,0,0,0,0,0,0,0,"Leaf",1,0,0,0,0,0,NA,1,1,"culm_stem","",2,"h","w","p"
"Restio schoenoides","Ischyrolepis schoenoides","RESTIONACEAE","RESTIONACEAE","Restio schoenoides","Kunth","Restionaceae",1,0,"Perennial",0,1,1,0,0,0,0,1,0,"Sep","Sep","","",60,0,0,1,0,0,0,0,0,0,0,0,0,0,0,0,0,"Leaf",1,0,0,0,0,0,NA,1,1,"culm_stem","",2,"h","w","p"
"Restio sejunctus","Restio sejunctus","RESTIONACEAE","RESTIONACEAE","Restio sejunctus","Mast.","Restionaceae",1,0,"Perennial",0,1,1,0,0,0,0,0,0,"Apr","Jun","","",60,0,0,1,0,0,0,0,0,0,0,0,0,0,0,0,0,"Leaf",1,0,0,0,0,0,8.666666667,1,1,"culm_stem","yes",2,"h","w","p"
"Restio sieberi","Ischyrolepis sieberi","RESTIONACEAE","RESTIONACEAE","Restio sieberi","Kunth","Restionaceae",1,0,"Perennial",0,1,1,0,0,0,0,1,0,"Dec","May","","",100,0,0,1,0,0,0,0,0,0,0,0,0,0,0,0,0,"Leaf",1,0,0,0,0,0,57.94,1,1,"culm_stem","no",2,"h","w","p"
"Restio similis","Restio similis","RESTIONACEAE","RESTIONACEAE","Restio similis","Pillans","Restionaceae",1,0,"Perennial",0,1,1,0,0,0,0,0,0,"Mar","Apr","","",60,0,0,1,0,0,0,0,0,0,0,0,0,0,0,0,0,"Leaf",1,0,0,0,0,0,33.72,1,1,"culm_stem","no",2,"h","w","p"
"Restio stokoei","Restio stokoei","RESTIONACEAE","RESTIONACEAE","Restio stokoei","Pillans","Restionaceae",1,0,"Perennial",0,1,1,0,0,0,0,0,0,"Mar","Apr","","",100,0,0,1,0,0,0,0,0,0,0,0,0,0,0,0,0,"Leaf",1,0,0,0,0,0,38.68,1,1,"culm_stem","no",2,"h","w","p"
"Restio strictus","Restio strictus","RESTIONACEAE","RESTIONACEAE","Restio strictus","N.E.Br.","Restionaceae",1,0,"Perennial",0,1,1,0,0,0,0,1,0,"Sep","Oct","","",40,0,0,1,0,0,0,0,0,0,0,0,0,0,0,0,0,"Leaf",1,0,0,0,0,0,NA,1,1,"culm_stem","",2,"h","w","p"
"Restio subverticellatus","Ischyrolepis subverticillata","RESTIONACEAE","RESTIONACEAE","Restio subverticillatus","(Steud.) Mast.","Restionaceae",1,0,"Perennial",0,1,1,0,0,0,0,1,0,"Mar","Apr","","",150,0,0,1,0,0,0,0,0,0,0,0,0,0,0,0,0,"Leaf",1,0,0,0,0,0,18.575,1,1,"culm_stem","yes",2,"h","w","p"
"Restio tenuispicatus","Calopsis filiformis","RESTIONACEAE","RESTIONACEAE","Restio tenuispicatus","H.P.Linder & C.R.Hardy","Restionaceae",1,0,"Perennial",0,1,1,0,0,0,0,0,0,"Jun","Oct","","",60,0,0,1,0,0,0,0,0,0,0,0,0,0,0,0,0,"Leaf",1,0,0,0,0,0,23.92,1,1,"culm_stem","no",2,"h","w","p"
"Restio tenuissimus","Ischyrolepis tenuissima","RESTIONACEAE","RESTIONACEAE","Restio tenuissimus","Kunth","Restionaceae",1,0,"Perennial",0,1,1,0,0,0,0,1,0,"Nov","May","","",25,0,0,1,0,0,0,0,1,0,0,0,0,0,0,0,0,"Leaf",1,0,0,0,0,0,8.76,1,1,"culm_stem","no",2,"h","w","p"
"Restio triticeus","Restio triticeus","RESTIONACEAE","RESTIONACEAE","Restio triticeus","Rottb.","Restionaceae",1,0,"Perennial",0,1,1,0,0,0,0,1,0,"Feb","Apr","","",80,0,0,1,0,0,0,0,0,0,0,0,0,0,0,0,0,"Leaf",1,0,0,0,0,0,44.82272727,1,1,"culm_stem","mixed",2,"h","w","p"
"Restio unispicatus","Ischyrolepis unispicata","RESTIONACEAE","RESTIONACEAE","Restio unispicatus","(H.P.Linder) H.P.Linder & C.R.Hardy","Restionaceae",1,0,"Perennial",0,1,1,0,0,0,0,1,0,"Nov","Jan","","",60,0,0,1,0,0,0,0,0,0,0,0,0,0,0,0,0,"Leaf",1,0,0,0,0,0,25.46,1,1,"culm_stem","no",2,"h","w","p"
"Restio vallis-simius","Restio vallis-simius","RESTIONACEAE","RESTIONACEAE","Restio vallis-simius","H.P.Linder","Restionaceae",1,0,"Perennial",0,1,1,0,0,0,0,1,0,"May","Jun","","",100,0,0,1,0,0,0,0,0,0,0,0,0,0,0,0,0,"Leaf",1,0,0,0,0,0,NA,1,1,"culm_stem","",2,"h","w","p"
"Restio versatilis","Restio versatilis","RESTIONACEAE","RESTIONACEAE","Restio versatilis","H.P.Linder","Restionaceae",1,0,"Perennial",0,1,1,0,0,0,0,0,0,"Sep","Nov","","",40,0,0,1,0,0,0,0,1,0,0,0,0,0,0,0,0,"Leaf",1,0,0,0,0,0,37.7,1,1,"culm_stem","no",2,"h","w","p"
"Restio vimineus","Calopsis viminea","RESTIONACEAE","RESTIONACEAE","Restio vimineus","Rottb.","Restionaceae",1,0,"Perennial",0,1,1,0,0,0,0,1,0,"Aug","May","","",100,0,0,1,0,0,0,0,0,0,0,0,0,0,0,0,0,"Leaf",1,0,0,0,0,0,NA,1,1,"culm_stem","",2,"h","w","p"
"Restio virgeus","Ischyrolepis virgea","RESTIONACEAE","RESTIONACEAE","Restio virgeus","Mast.","Restionaceae",1,0,"Perennial",0,1,1,0,0,0,0,1,0,"Oct","Mar","","",60,0,0,1,0,0,0,0,0,0,0,0,0,0,0,0,0,"Leaf",1,0,0,0,0,0,46.1,1,1,"culm_stem","no",2,"h","w","p"
"Retzia capensis","Retzia capensis","STILBACEAE","STILBACEAE","Retzia capensis","Thunb.","Stilbaceae",1,0,"Perennial",1,0,1,0,0,0,0,1,0,"Sep","Mar","","",100,0,0,0,1,0,0,0,0,0,0,0,0,0,0,0,0,"Leaf",0,1,0,0,0,0,4.06,0,0,"leaf","",3,"h","i","p"
"Rhodocoma capensis","Rhodocoma capensis","RESTIONACEAE","RESTIONACEAE","Rhodocoma capense","Nees ex Steud.","Restionaceae",1,0,"Perennial",0,1,1,0,0,0,0,1,0,"Oct","Nov","","",200,0,0,1,0,0,0,0,0,0,0,0,0,0,0,0,0,"Leaf",1,0,0,0,0,0,6.216666667,1,1,"culm_stem","yes",2,"h","i","p"
"Rhodocoma fruticosa","Rhodocoma fruticosa","RESTIONACEAE","RESTIONACEAE","Rhodocoma fruticosa","(Thunb.) H.P.Linder","Restionaceae",1,0,"Perennial",0,1,1,0,0,0,0,1,0,"May","Jul","","",60,0,0,1,0,0,0,0,0,0,0,0,0,0,0,0,0,"Leaf",1,0,0,0,0,0,65.09285714,1,1,"culm_stem","mixed",2,"h","i","p"
"Rhodocoma gigantea","Rhodocoma gigantea","RESTIONACEAE","RESTIONACEAE","Rhodocoma gigantea","(Kunth) H.P.Linder","Restionaceae",1,0,"Perennial",0,1,1,0,0,0,0,0,0,"Jun","Jul","","",300,0,0,1,0,0,0,0,0,0,0,0,0,0,0,0,0,"Leaf",1,0,0,0,0,0,10.68,1,1,"culm_stem","yes",2,"h","i","p"
"Rhoicissus digitata","Rhoicissus digitata","VITACEAE","VITACEAE","Rhoicissus digitata","(L.f.) Gilg & M.Brandt","Vitaceae",1,0,"Perennial",1,0,1,1,0,0,0,0,0,"Jan","May","","",500,0,0,0,0,0,0,0,1,1,0,0,0,0,0,0,0,"Leaf",0,0,1,1,0,0,2.2,0,0,"leaf","",3,"m","i","m"
"Rhynchosia capensis","Rhynchosia capensis","FABACEAE","FABACEAE","Rhynchosia capensis","Schinz","Fabaceae",1,0,"Perennial",1,0,1,0,0,1,0,1,0,"Aug","Mar","","",100,0,0,0,0,0,0,0,1,0,0,0,0,0,0,0,0,"Leaf",0,0,1,1,0,0,NA,0,0,"leaf","",3,"m","i","p"
"Rhynchosia ferulifolia","Rhynchosia ferulifolia","FABACEAE","FABACEAE","Rhynchosia ferulifolia","(C.Presl) Benth. ex Harv.","Fabaceae",1,0,"Perennial",1,0,1,0,0,1,0,1,0,"Jul","Jan","","",10,0,0,0,1,0,0,0,1,0,0,0,0,0,0,0,0,"Leaf",0,1,0,1,0,0,NA,0,0,"leaf","",2,"m","i","p"
"Rhynchosia leucoscias","Rhynchosia leucoscias","FABACEAE","FABACEAE","Rhynchosia leucoscias","Benth. ex Harv.","Fabaceae",1,0,"Perennial",1,0,1,0,0,1,0,0,0,"Sep","Dec","","",200,0,0,0,0,0,0,0,1,1,0,0,0,0,0,0,0,"Leaf",0,1,0,1,0,0,NA,0,0,"leaf","",2,"m","i","p"
"Robsonodendron maritimum","Robsonodendron maritimum","CELASTRACEAE","CELASTRACEAE","Robsonodendron maritimum","(Bolus) R.H.Archer","Celastraceae",1,0,"Perennial",1,0,1,0,0,0,0,1,0,"Jun","Oct","","",200,0,0,0,0,0,1,1,0,0,0,0,0,0,0,0,0,"Leaf",0,0,1,0,0,0,4.825,0,0,"leaf","",3,"m","i","m"
"Roella amplexicaulis","Roella amplexicaulis","CAMPANULACEAE","CAMPANULACEAE","Roella amplexicaulis","Dod","Campanulaceae",1,0,"Perennial",1,0,1,0,0,0,0,0,0,"Nov","Apr","","",50,0,0,0,1,0,0,0,0,0,0,0,0,0,0,0,0,"Leaf",0,0,1,0,0,0,0.933333333,0,0,"leaf","",1,"h","i","p"
"Roella ciliata","Roella ciliata","CAMPANULACEAE","CAMPANULACEAE","Roella ciliata","L.","Campanulaceae",1,0,"Perennial",1,0,1,0,0,0,0,0,0,"Aug","Mar","","",50,0,0,0,1,0,0,0,0,0,0,0,0,0,0,0,0,"Leaf",1,0,0,0,0,0,0.543,0,0,"leaf","",1,"m","i","p"
"Roella compacta","Roella compacta","CAMPANULACEAE","CAMPANULACEAE","Roella compacta","Schltr.","Campanulaceae",1,0,"Perennial",1,0,1,0,0,0,0,0,0,"Dec","Feb","","",30,0,0,0,1,0,0,0,0,0,0,0,0,0,0,0,0,"Leaf",1,0,0,0,0,0,NA,0,0,"leaf","",1,"m","i","p"
"Roella decurrens","Roella decurrens","CAMPANULACEAE","CAMPANULACEAE","Roella decurrens","L'Hér.","Campanulaceae",1,1,"Both",1,0,1,0,0,0,0,0,0,"Feb","Apr","","",70,1,0,0,0,0,0,0,0,0,0,0,0,0,0,0,0,"Leaf",0,0,1,0,0,0,0.256833333,0,0,"leaf","",1,"m","i","p"
"Roella prostrata","Roella prostrata","CAMPANULACEAE","CAMPANULACEAE","Roella prostrata","E.Mey. ex A.DC.","Campanulaceae",1,0,"Perennial",1,0,1,0,0,0,0,0,0,"Dec","Mar","","",50,0,0,0,1,0,0,0,0,0,0,0,0,0,0,0,0,"Leaf",1,0,0,0,0,0,NA,0,0,"leaf","",1,"l","i","p"
"Roella recurvata","Roella recurvata","CAMPANULACEAE","CAMPANULACEAE","Roella recurvata","A.DC.","Campanulaceae",1,0,"Perennial",1,0,1,0,0,0,0,0,0,"Jan","Feb","","",25,0,0,0,1,0,0,0,0,0,0,0,0,0,0,0,0,"Leaf",0,0,1,0,0,0,0.2,0,0,"leaf","",1,"m","i","p"
"Roella squarrosa","Roella squarrosa","CAMPANULACEAE","CAMPANULACEAE","Roella squarrosa","P.J.Bergius","Campanulaceae",1,0,"Perennial",1,0,1,0,0,0,0,0,0,"Dec","Mar","","",50,0,0,0,1,0,0,0,0,0,0,0,0,0,0,0,0,"Leaf",0,0,1,0,0,0,NA,0,0,"leaf","",1,"m","i","p"
"Roella triflora","Roella triflora","CAMPANULACEAE","CAMPANULACEAE","Roella triflora","(R.D.Good) Adamson","Campanulaceae",1,0,"Perennial",1,0,1,0,0,0,0,0,0,"Dec","May","","",20,0,0,0,1,0,0,0,0,0,0,0,0,0,0,0,0,"Leaf",1,0,0,0,0,0,0.304285714,0,0,"leaf","",1,"m","i","p"
"Roepera flexuosa","Zygophyllum flexuosum","ZYGOPHYLLACEAE","ZYGOPHYLLACEAE","Roepera flexuosa","(Eckl. & Zeyh.) Beier & Thulin","Zygophyllaceae",1,0,"Perennial",1,0,1,0,0,0,0,0,0,"Jun","Oct","","",70,0,0,0,1,0,0,0,0,0,0,0,0,1,1,0,0,"Leaf",0,0,1,1,0,0,1.8,0,0,"leaf","",2,"m","i","i"
"Roepera foetida","Zygophyllum foetidum","ZYGOPHYLLACEAE","ZYGOPHYLLACEAE","Roepera foetida","(Schrad. & J.C.Wendl.) Beier & Thulin","Zygophyllaceae",1,0,"Perennial",1,0,0,1,0,0,0,0,0,"Jul","Oct","","",200,0,0,0,0,0,1,0,1,0,0,0,0,1,1,0,0,"Leaf",0,0,1,1,0,0,NA,0,0,"leaf","",2,"l","i","i"
"Roepera fulva","Zygophyllum fulvum","ZYGOPHYLLACEAE","ZYGOPHYLLACEAE","Roepera fulva","(L.) Beier & Thulin","Zygophyllaceae",1,0,"Perennial",1,0,1,0,0,0,0,0,0,"Jul","Oct","","",100,0,0,0,1,0,0,0,0,0,0,0,0,1,1,0,0,"Leaf",0,0,1,1,0,0,1.68,0,0,"leaf","",2,"m","i","i"
"Roepera morgsana","Zygophyllum morgsana","ZYGOPHYLLACEAE","ZYGOPHYLLACEAE","Roepera morgsana","(L.) Beier & Thulin","Zygophyllaceae",1,0,"Perennial",1,0,0,1,0,0,0,0,0,"Apr","Oct","","",150,0,0,0,0,1,0,0,1,0,0,0,0,1,1,0,0,"Leaf",0,0,1,1,0,0,5.066666667,0,0,"leaf","",2,"l","i","i"
"Roepera spinosa","Zygophyllum procumbens","ZYGOPHYLLACEAE","ZYGOPHYLLACEAE","Roepera spinosa","(L.) Beier & Thulin","Zygophyllaceae",1,0,"Perennial",1,0,1,0,0,0,0,0,0,"Jun","Aug","","",20,0,0,0,1,0,0,0,0,0,0,0,0,1,1,0,0,"Leaf",1,0,0,1,0,0,1.155555556,0,0,"leaf","",2,"m","i","i"
"Rumohra adiantiformis","Rumohra adiantiformis","DRYOPTERIDACEAE","DRYOPTERIDACEAE","Rumohra adiantiformis","(G.Forst.) Ching","Dryopteridaceae",1,0,"Perennial",1,0,1,0,0,0,0,1,0,"","","","",100,1,0,0,0,0,0,0,0,0,0,0,0,0,0,0,0,"Frond",0,0,1,1,0,1,46.44,0,0,"leaf","",3,"l","w","w"
"Ruschia aspera","Ruschia aspera","AIZOACEAE","MESEMBRYANTHEMACEAE ","Ruschia aspera","L.Bolus","Aizoaceae",1,0,"Perennial",1,0,1,0,0,1,0,0,0,"Sep","Oct","","",20,0,0,0,1,0,0,0,0,0,0,0,0,1,1,1,0,"Leaf",0,1,0,0,0,0,2.712,0,0,"leaf","",2,"l","i","p"
"Ruschia decumbens","Ruschia decumbens","AIZOACEAE","MESEMBRYANTHEMACEAE ","Ruschia decumbens","L.Bolus","Aizoaceae",1,0,"Perennial",1,0,1,0,0,1,0,0,0,"Dec","Dec","","",10,0,0,0,1,0,0,0,0,0,0,0,0,1,1,1,0,"Leaf",1,0,0,0,0,0,1.5,0,0,"leaf","",2,"l","i","p"
"Ruschia dichroa","Ruschia dichroa","AIZOACEAE","MESEMBRYANTHEMACEAE ","Ruschia dichroa","(Rolfe) L.Bolus","Aizoaceae",1,0,"Perennial",1,0,1,0,0,1,0,0,0,"May","Jul","","",10,0,0,0,1,0,0,0,0,0,0,0,0,1,1,1,0,"Leaf",1,0,0,0,0,0,5.46,0,0,"leaf","",2,"l","i","p"
"Ruschia fredericii","Ruschia fredericii","AIZOACEAE","MESEMBRYANTHEMACEAE ","Ruschia frederici","(L.Bolus) L.Bolus","Aizoaceae",1,0,"Perennial",1,0,1,0,0,1,0,0,0,"Sep","Oct","","",50,0,0,0,1,0,0,0,0,0,0,0,0,1,1,1,0,"Leaf",1,0,0,0,0,0,2,0,0,"leaf","",2,"i","i","p"
"Ruschia knysnana","Ruschia knysnana","AIZOACEAE","MESEMBRYANTHEMACEAE ","Ruschia knysnana","(L.Bolus) L.Bolus","Aizoaceae",1,0,"Perennial",1,0,1,0,0,1,0,0,0,"Jan","Mar","","",40,0,0,0,1,0,0,0,0,0,0,0,0,1,1,1,0,"Leaf",1,1,0,0,0,0,3,0,0,"leaf","",2,"l","i","p"
"Ruschia lineolata","Ruschia lineolata","AIZOACEAE","MESEMBRYANTHEMACEAE ","Ruschia lineolata","(Haw.) Schwantes","Aizoaceae",1,0,"Perennial",1,0,1,0,0,1,0,0,0,"Aug","Sep","","",15,0,0,0,1,0,0,0,1,0,0,0,0,1,1,1,0,"Leaf",1,0,0,0,0,0,1,0,0,"leaf","",2,"l","i","p"
"Ruschia macowanii","Ruschia macowanii","AIZOACEAE","MESEMBRYANTHEMACEAE ","Ruschia macowanii","(L.Bolus) Schwantes","Aizoaceae",1,0,"Perennial",1,0,1,0,0,1,0,0,0,"Aug","Oct","","",20,0,0,0,1,0,0,0,1,0,0,0,0,1,1,1,0,"Leaf",1,0,0,0,0,0,2.5,0,0,"leaf","",2,"l","i","p"
"Ruschia sarmentosa","Ruschia sarmentosa","AIZOACEAE","MESEMBRYANTHEMACEAE ","Ruschia sarmentosa","(Haw.) Schwantes","Aizoaceae",1,0,"Perennial",1,0,1,0,0,1,0,0,0,"Jul","Aug","","",15,0,0,0,1,0,0,0,1,0,0,0,0,1,1,1,0,"Leaf",1,0,0,0,0,0,3.133333333,0,0,"leaf","",2,"l","i","p"
"Ruschia tardissima","Ruschia tardissima","AIZOACEAE","MESEMBRYANTHEMACEAE ","Ruschia tardissima","L.Bolus","Aizoaceae",1,0,"Perennial",1,0,1,0,0,1,0,0,0,"Jun","Jul","","",10,0,0,0,1,0,0,0,0,0,0,0,0,1,1,1,0,"Leaf",1,0,0,0,0,0,NA,0,0,"leaf","",2,"l","i","p"
"Ruschia virgata","Ruschia virgata","AIZOACEAE","MESEMBRYANTHEMACEAE ","Ruschia virgata","(Haw.) L.Bolus","Aizoaceae",1,0,"Perennial",1,0,1,0,0,1,0,0,0,"Oct","Oct","","",30,0,0,0,1,0,0,0,0,0,0,0,0,1,1,1,0,"Leaf",1,1,0,0,0,0,1.920952381,0,0,"leaf","",2,"l","i","p"
"Salix mucronata","Salix mucronata","SALICACEAE","SALICACEAE","Salix mucronata","Thunb.","Salicaceae",1,0,"Perennial",1,0,1,0,0,0,0,0,0,"Sep","Oct","","",1200,0,0,0,0,0,1,1,0,0,0,0,0,0,0,0,0,"Leaf",0,1,0,0,0,0,NA,0,0,"leaf","",3,"m","i","p"
"Saltera sarcocolla","Saltera sarcocolla","PENAEACEAE","PENAEACEAE","Penaea sarcocolla","L.","Penaeaceae",1,0,"Perennial",1,0,1,0,0,0,0,1,0,"Aug","Dec","","",150,0,0,0,0,1,0,0,0,0,0,0,0,0,0,0,0,"Leaf",0,1,0,0,0,0,0.983333333,0,0,"leaf","",3,"h","i","p"
"Salvia africana-lutea","Salvia africana-lutea","LAMIACEAE","LAMIACEAE","Salvia aurea","L.","Lamiaceae",1,0,"Perennial",1,0,1,0,0,0,0,1,0,"Jun","Dec","","",200,0,0,0,0,0,1,0,0,0,0,0,0,0,0,0,0,"Leaf",0,0,1,0,0,0,2.34,0,0,"leaf","",3,"h","i","p"
"Salvia albicaulis","Salvia albicaulis","LAMIACEAE","LAMIACEAE","Salvia albicaulis","Benth.","Lamiaceae",1,0,"Perennial",1,0,1,0,0,0,0,1,0,"Nov","May","","",60,0,0,0,1,0,0,0,0,0,0,0,0,0,0,0,0,"Leaf",0,1,0,0,0,0,3.44,0,0,"leaf","",3,"h","i","p"
"Samolus valerandi","Samolus valerandi","PRIMULACEAE","THEOPHRASTACEAE","Samolus valerandi","L.","Primulaceae",1,0,"Perennial",1,0,0,1,0,0,0,0,0,"Nov","Jan","","",60,1,0,0,0,0,0,0,0,0,0,0,0,0,0,0,0,"Leaf",0,0,1,0,0,0,NA,0,1,"leaf","",2,"m","i","p"
"Sarcostemma viminale","Sarcostemma viminale","APOCYNACEAE","APOCYNACEAE","Cynanchum viminale","(L.) L.","Apocynaceae",1,0,"Perennial",1,0,1,0,0,0,0,0,0,"Jan","Dec","","",300,0,0,0,0,0,0,0,1,1,0,0,1,1,0,1,0,"Leaf",0,0,0,0,0,0,17.66666667,1,1,"culm_stem","yes",3,"l","i","w"
"Satyrium longicolle","Satyrium longicolle","ORCHIDACEAE","ORCHIDACEAE","Satyrium longicolle","Lindl.","Orchidaceae",1,0,"Perennial",1,0,0,1,1,1,1,1,0,"Oct","Dec","","",40,0,1,0,0,0,0,0,0,0,0,0,0,0,0,0,0,"Leaf",0,0,1,0,0,0,NA,0,0,"leaf","",2,"l","i","p"
"Satyrium odorum","Satyrium odorum","ORCHIDACEAE","ORCHIDACEAE","Satyrium odorum","Sond.","Orchidaceae",1,0,"Perennial",1,0,0,1,1,1,0,1,0,"Aug","Oct","","",55,0,1,0,0,0,0,0,0,0,0,0,0,0,0,0,0,"Leaf",0,0,1,0,0,0,NA,0,0,"leaf","",2,"l","i","p"
"Satyrium stenopetalum","Satyrium stenopetalum","ORCHIDACEAE","ORCHIDACEAE","Satyrium stenopetalum","Lindl.","Orchidaceae",1,0,"Perennial",1,0,0,1,1,1,0,1,0,"Sep","Dec","","",60,0,1,0,0,0,0,0,0,0,0,0,0,0,0,0,0,"Leaf",0,0,1,0,0,0,NA,0,0,"leaf","",2,"l","i","p"
"Scabiosa africana","Scabiosa africana","DIPSACACEAE","DIPSACACEAE","Scabiosa africana","L.","Caprifoliaceae",1,0,"Perennial",1,0,1,0,0,0,0,0,0,"Jul","Nov","","",100,0,0,0,1,0,0,0,0,0,0,0,0,0,0,0,0,"Leaf",0,1,0,0,1,1,11.7375,0,0,"leaf","",2,"h","i","i"
"Scabiosa columbaria","Scabiosa columbaria","DIPSACACEAE","DIPSACACEAE","Scabiosa columbaria","L.","Caprifoliaceae",1,0,"Perennial",1,0,1,0,0,0,0,0,0,"Aug","Feb","","",80,1,0,0,0,0,0,0,0,0,0,0,0,0,0,0,0,"Leaf",0,1,0,0,1,1,5.7375,0,0,"leaf","",2,"m","i","i"
"Schizaea pectinata","Schizaea pectinata","SCHIZAEACEAE","SCHIZAEACEAE","Schizaea pectinata","(L.) Sw.","Schizaeaceae",1,0,"Perennial",1,0,1,0,0,0,0,1,0,"","","","",20,0,0,0,0,0,0,0,0,0,0,0,1,0,0,0,0,"Frond",1,0,0,0,0,1,14.75,0,0,"leaf","",2,"l","w","w"
"Schizoglossum aschersonianum","Schizoglossum aschersonianum","APOCYNACEAE","APOCYNACEAE","Schizoglossum aschersonianum","Schltr.","Apocynaceae",1,0,"Perennial",1,0,1,0,0,1,0,1,0,"Dec","Apr","","",15,1,0,0,0,0,0,0,0,0,0,0,0,0,0,0,0,"Leaf",1,0,0,0,0,0,NA,0,0,"leaf","",2,"l","i","w"
"Schoenoxiphium ecklonii","Schoenoxiphium ecklonii","CYPERACEAE","CYPERACEAE","Carex capensis","Thunb.","Cyperaceae",1,0,"Perennial",1,0,1,0,0,1,0,0,0,"Jun","Oct","","",30,0,0,1,0,0,0,0,0,0,0,0,0,0,0,0,0,"Leaf",1,0,0,0,0,0,14.58333333,0,0,"leaf","",2,"l","w","p"
"Schoenoxiphium lanceum","Schoenoxiphium lanceum","CYPERACEAE","CYPERACEAE","Carex lancea","(Thunb.) Baill.","Cyperaceae",1,0,"Perennial",1,0,1,0,0,1,0,0,0,"Jun","Nov","","",60,0,0,1,0,0,0,0,0,0,0,0,0,0,0,0,0,"Leaf",1,1,0,0,0,0,NA,0,0,"leaf","",2,"l","w","p"
"Schotia latifolia","Schotia latifolia","FABACEAE","FABACEAE","Schotia latifolia","Jacq.","Fabaceae",1,0,"Perennial",1,0,1,0,0,0,0,1,0,"Nov","Jan","","",500,0,0,0,0,0,0,1,0,0,0,0,0,0,0,0,0,"Leaf",0,0,1,1,0,0,4.788888889,0,0,"leaf","",3,"l","i","m"
"Searsia angustifolia","Rhus angustifolia","ANACARDIACEAE","ANACARDIACEAE","Searsia angustifolia","(L.) F.A.Barkley","Anacardiaceae",1,0,"Perennial",1,0,1,0,0,0,0,1,0,"Oct","Nov","","",400,0,0,0,0,0,1,1,0,0,0,0,0,0,0,0,0,"Leaf",0,1,1,1,0,0,7.88,0,0,"leaf","",3,"h","i","m"
"Searsia dentata","Rhus dentata","ANACARDIACEAE","ANACARDIACEAE","Searsia dentata","(Thunb.) F.A.Barkley","Anacardiaceae",1,0,"Perennial",1,0,0,1,0,0,0,1,0,"Oct","Nov","","",200,0,0,0,0,0,1,0,0,0,0,0,0,0,0,0,0,"Leaf",0,0,1,1,0,0,1.6,0,0,"leaf","",3,"h","i","m"
"Searsia dissecta","Searsia dissecta","ANACARDIACEAE","ANACARDIACEAE","Searsia dissecta","(Thunb.) Moffett","Anacardiaceae",1,0,"Perennial",1,0,0,1,0,0,0,1,0,"Jul","Jul","","",150,0,0,0,0,1,0,0,0,0,0,0,0,0,0,0,0,"Leaf",0,0,1,1,0,1,2.12,0,0,"leaf","",3,"h","i","m"
"Searsia glauca","Rhus glauca","ANACARDIACEAE","ANACARDIACEAE","Searsia glauca","(Thunb.) Moffett","Anacardiaceae",1,0,"Perennial",1,0,1,0,0,0,0,1,0,"Jun","Sep","","",400,0,0,0,0,0,1,1,0,0,0,0,0,0,0,0,0,"Leaf",0,0,1,1,0,0,2.99,0,0,"leaf","",3,"h","i","m"
"Searsia incisa","Rhus incisa","ANACARDIACEAE","ANACARDIACEAE","Searsia incisa","(L.f.) F.A.Barkley","Anacardiaceae",1,0,"Perennial",1,0,0,1,0,0,0,1,0,"Jun","Jun","","",300,0,0,0,0,0,1,0,0,0,0,0,0,0,0,0,0,"Leaf",0,0,1,1,1,0,3,0,0,"leaf","",3,"h","i","m"
"Searsia laevigata","Rhus laevigata","ANACARDIACEAE","ANACARDIACEAE","Searsia laevigata","(L.) F.A.Barkley","Anacardiaceae",1,0,"Perennial",1,0,0,1,0,0,0,1,0,"Oct","Dec","","",250,0,0,0,0,0,1,0,0,0,0,0,0,0,0,0,0,"Leaf",0,0,1,1,0,0,6.390909091,0,0,"leaf","",3,"h","i","m"
"Searsia longispina","Rhus longispina","ANACARDIACEAE","ANACARDIACEAE","Searsia longispina","(Eckl. & Zeyh.) Moffett","Anacardiaceae",1,0,"Perennial",1,0,1,0,0,0,0,1,0,"May","Jul","","",400,0,0,0,0,0,1,0,0,0,0,0,0,0,0,0,0,"Leaf",0,1,0,1,0,0,2,0,0,"leaf","",3,"h","i","m"
"Searsia lucida","Rhus lucida","ANACARDIACEAE","ANACARDIACEAE","Searsia lucida","(L.) F.A.Barkley","Anacardiaceae",1,0,"Perennial",1,0,1,0,0,0,0,1,0,"Aug","Oct","","",300,0,0,0,0,0,1,0,0,0,0,0,0,0,0,0,0,"Leaf",0,0,1,1,0,0,3.46875,0,0,"leaf","",3,"h","i","m"
"Searsia pallens","Rhus pallens","ANACARDIACEAE","ANACARDIACEAE","Searsia pallens","(Eckl. & Zeyh.) Moffett","Anacardiaceae",1,0,"Perennial",1,0,1,0,0,0,0,1,0,"Mar","Jul","","",300,0,0,0,0,0,1,0,0,0,0,0,0,0,0,0,0,"Leaf",0,1,0,1,0,0,NA,0,0,"leaf","",3,"h","i","m"
"Searsia rimosa","Rhus rimosa","ANACARDIACEAE","ANACARDIACEAE","Searsia rimosa","(Eckl. & Zeyh.) Moffett","Anacardiaceae",1,0,"Perennial",1,0,1,0,0,0,0,1,0,"Sep","Oct","","",250,0,0,0,0,0,1,0,0,0,0,0,0,0,0,0,0,"Leaf",0,1,0,1,0,0,3.392,0,0,"leaf","",3,"h","i","m"
"Searsia rosmarinifolia","Rhus rosmarinifolia","ANACARDIACEAE","ANACARDIACEAE","Searsia rosmarinifolia","(Vakl) F.A.Barkley","Anacardiaceae",1,0,"Perennial",1,0,1,0,0,0,0,1,0,"May","Aug","","",100,0,0,0,1,0,0,0,0,0,0,0,0,0,0,0,0,"Leaf",1,0,0,1,0,0,2.301428571,0,0,"leaf","",3,"h","i","m"
"Searsia scytophylla","Rhus scytophylla","ANACARDIACEAE","ANACARDIACEAE","Searsia scytophylla","(Eckl. & Zeyh.) Moffett","Anacardiaceae",1,0,"Perennial",1,0,1,0,0,0,0,1,0,"Jun","Jul","","",200,0,0,0,0,0,1,0,0,0,0,0,0,0,0,0,0,"Leaf",0,0,1,1,0,0,3.972,0,0,"leaf","",3,"h","i","m"
"Searsia tomentosa","Rhus tomentosa","ANACARDIACEAE","ANACARDIACEAE","Searsia tomentosa","(L.) F.A.Barkley","Anacardiaceae",1,0,"Perennial",1,0,1,0,0,0,0,1,0,"Jul","Aug","","",600,0,0,0,0,0,1,1,0,0,0,0,0,0,0,0,0,"Leaf",0,0,1,1,0,0,6.71,0,0,"leaf","",3,"h","i","m"
"Searsia undulata","Rhus undulata","ANACARDIACEAE","ANACARDIACEAE","Searsia undulata","(Jacq.) T.S.Yi, A.J.Mill. & J.Wen","Anacardiaceae",1,0,"Perennial",1,0,1,0,0,0,0,1,0,"Apr","May","","",300,0,0,0,0,0,1,0,0,0,0,0,0,0,0,0,0,"Leaf",0,1,0,1,0,0,2.9,0,0,"leaf","",3,"h","i","m"
"Sebaea aurea","Sebaea aurea","GENTIANACEAE","GENTIANACEAE","Sebaea aurea","(L.f.) Sm.","Gentianaceae",0,1,"Annual",1,0,0,1,1,1,0,0,0,"Oct","Dec","","",30,1,0,0,0,0,0,0,0,0,0,0,0,0,0,0,0,"Leaf",0,0,1,0,0,0,NA,0,0,"leaf","",0,"l","i","p"
"Sebaea capitata","Sebaea capitata","GENTIANACEAE","GENTIANACEAE","Sebaea capitata","Schltdl.","Gentianaceae",0,1,"Annual",1,0,0,1,1,1,0,0,0,"Oct","Jan","","",30,1,0,0,0,0,0,0,0,0,0,0,0,0,0,0,0,"Leaf",0,0,1,0,0,0,NA,0,0,"leaf","",0,"l","i","p"
"Sebaea exacoides","Sebaea exacoides","GENTIANACEAE","GENTIANACEAE","Sebaea exacoides","(L.) Schinz","Gentianaceae",0,1,"Annual",1,0,0,1,1,1,0,0,0,"Aug","Oct","","",30,1,0,0,0,0,0,0,0,0,0,0,0,0,0,0,0,"Leaf",0,0,1,0,0,0,NA,0,0,"leaf","",0,"l","i","p"
"Sebaea stricta","Sebaea stricta","GENTIANACEAE","GENTIANACEAE","Sebaea stricta","(E.Mey.) Gilg","Gentianaceae",1,0,"Perennial",1,0,1,0,1,1,0,0,0,"Mar","Oct","","",60,1,0,0,0,0,0,0,0,0,0,0,0,0,0,0,0,"Leaf",0,0,1,0,0,0,NA,0,0,"leaf","",1,"l","i","p"
"Sebaea sulphurea","Sebaea sulphurea","GENTIANACEAE","GENTIANACEAE","Sebaea sulphurea","Schltdl.","Gentianaceae",0,1,"Annual",1,0,0,1,1,1,0,0,0,"Sep","Nov","","",15,1,0,0,0,0,0,0,0,0,0,0,0,0,0,0,0,"Leaf",0,0,1,0,0,0,NA,0,0,"leaf","",0,"l","i","p"
"Sebaea zeyheri","Sebaea zeyheri","GENTIANACEAE","GENTIANACEAE","Sebaea zeyheri","Schinz","Gentianaceae",0,1,"Annual",1,0,0,1,1,1,0,0,0,"Sep","Nov","","",25,1,0,0,0,0,0,0,0,0,0,0,0,0,0,0,0,"Leaf",0,0,1,0,0,0,NA,0,0,"leaf","",0,"l","i","p"
"Secamone alpini","Secamone alpini","APOCYNACEAE","APOCYNACEAE","Secamone alpini","Schult.","Apocynaceae",1,0,"Perennial",1,0,1,0,0,0,0,0,0,"Oct","Jan","","",1000,0,0,0,0,0,1,0,1,1,0,0,0,0,0,0,0,"Leaf",0,1,1,0,0,0,4.1,0,0,"leaf","",3,"l","i","w"
"Selago brevifolia","Selago brevifolia","SCROPHULARIACEAE","SCROPHULARIACEAE","Selago brevifolia","Rolfe","Scrophulariaceae",1,0,"Perennial",1,0,1,0,0,1,0,0,0,"Oct","Nov","","",30,0,0,0,1,0,0,0,0,0,0,0,0,0,0,0,0,"Leaf",0,0,1,0,0,0,NA,0,0,"leaf","",1,"m","i","p"
"Selago canescens","Selago canescens","SCROPHULARIACEAE","SCROPHULARIACEAE","Selago canescens","L.f.","Scrophulariaceae",1,0,"Perennial",1,0,1,0,0,1,0,0,0,"Jul","Sep","","",50,0,0,0,1,0,0,0,0,0,0,0,0,0,0,0,0,"Leaf",0,1,0,0,0,0,1.213333333,0,0,"leaf","",1,"m","i","p"
"Selago corymbosa","Selago corymbosa","SCROPHULARIACEAE","SCROPHULARIACEAE","Selago corymbosa","L.","Scrophulariaceae",1,0,"Perennial",1,0,1,0,0,1,0,0,0,"Feb","Apr","","",60,0,0,0,1,0,0,0,0,0,0,0,0,0,0,0,0,"Leaf",1,0,0,0,0,0,0.501666667,0,0,"leaf","",1,"m","i","p"
"Selago glomerata","Selago glomerata","SCROPHULARIACEAE","SCROPHULARIACEAE","Selago glomerata","Thunb.","Scrophulariaceae",1,0,"Perennial",1,0,1,0,0,1,0,0,0,"Sep","Mar","","",100,0,0,0,1,0,0,0,0,0,0,0,0,0,0,0,0,"Leaf",0,1,0,0,0,0,0.523333333,0,0,"leaf","",1,"m","i","p"
"Selago glutinosa","Selago glutinosa","SCROPHULARIACEAE","SCROPHULARIACEAE","Selago glutinosa","E.Mey.","Scrophulariaceae",1,0,"Perennial",1,0,1,0,0,1,0,0,0,"Aug","Nov","","",30,0,0,0,0,0,0,0,0,0,0,0,0,0,0,0,0,"Leaf",1,0,0,0,0,0,NA,0,0,"leaf","",1,"m","i","p"
"Selago lamprocarpa","Selago lamprocarpa","SCROPHULARIACEAE","SCROPHULARIACEAE","Selago lamprocarpa","Schltr. ex Rolfe","Scrophulariaceae",1,0,"Perennial",1,0,1,0,0,1,0,0,0,"Oct","Jan","","",100,0,0,0,0,0,0,0,0,0,0,0,0,0,0,0,0,"Leaf",0,1,0,0,0,0,NA,0,0,"leaf","",1,"m","i","p"
"Selago levynsiae","Selago scabrida","SCROPHULARIACEAE","SCROPHULARIACEAE","Selago levynsiae","Hilliard","Scrophulariaceae",1,0,"Perennial",1,0,1,0,0,1,0,0,0,"Oct","Mar","","",45,0,0,0,1,0,0,0,0,0,0,0,0,0,0,0,0,"Leaf",0,0,1,0,0,0,NA,0,0,"leaf","",1,"m","i","p"
"Selago pustulosa","Selago pustulosa","SCROPHULARIACEAE","SCROPHULARIACEAE","Selago pustulosa","Hilliard","Scrophulariaceae",1,0,"Perennial",1,0,1,0,0,1,0,0,0,"Sep","Nov","","",50,0,0,0,0,0,0,0,0,0,0,0,0,0,0,0,0,"Leaf",1,0,0,0,0,0,0.468,0,0,"leaf","",1,"m","i","p"
"Senecio acaulis","Senecio acaulis","ASTERACEAE","ASTERACEAE","Senecio acaulis","(L.f.) Sch.Bip.","Asteraceae",1,0,"Perennial",1,0,1,0,0,1,0,1,0,"Oct","Nov","","",30,1,0,0,0,0,0,0,0,0,0,0,0,1,1,1,0,"Leaf",1,0,0,0,0,0,8.101666667,0,0,"leaf","",2,"l","i","w"
"Senecio albanensis","Senecio albanensis","ASTERACEAE","ASTERACEAE","Senecio albanensis","DC.","Asteraceae",1,0,"Perennial",1,0,1,0,0,1,0,1,0,"Aug","Apr","","",80,1,0,0,0,0,0,0,0,0,0,0,0,0,0,0,0,"Leaf",0,1,0,0,0,0,NA,0,0,"leaf","",2,"l","i","w"
"Senecio arenarius","Senecio arenarius","ASTERACEAE","ASTERACEAE","Senecio arenarius","Thunb.","Asteraceae",0,1,"Annual",1,0,1,0,1,1,0,0,0,"Jul","Sep","","",40,1,0,0,0,0,0,0,0,0,0,0,0,0,0,0,0,"Leaf",0,0,1,0,0,1,NA,0,0,"leaf","",0,"l","i","w"
"Senecio arniciflorus","Senecio arniciflorus","ASTERACEAE","ASTERACEAE","Senecio arniciflorus","DC.","Asteraceae",1,0,"Perennial",1,0,1,0,0,1,0,0,0,"Aug","Oct","","",30,0,0,0,1,0,0,0,0,0,0,0,0,0,0,0,0,"Leaf",0,1,0,0,0,0,NA,0,0,"leaf","",2,"m","i","w"
"Senecio bipinnatus","Senecio bipinnatus","ASTERACEAE","ASTERACEAE","Senecio bipinnatus","Less.","Asteraceae",1,0,"Perennial",1,0,1,0,0,1,0,1,0,"Jan","Mar","","",50,1,0,0,0,0,0,0,0,0,0,0,0,0,0,0,0,"Leaf",0,1,0,0,1,1,NA,0,0,"leaf","",2,"m","i","w"
"Senecio burchellii","Senecio burchellii","ASTERACEAE","ASTERACEAE","Senecio burchellii","DC.","Asteraceae",1,1,"Both",1,0,1,0,1,1,0,0,0,"Apr","Jul","","",40,0,0,0,1,0,0,0,0,0,0,0,0,0,0,0,0,"Leaf",1,0,0,0,0,0,NA,0,0,"leaf","",1,"l","i","w"
"Senecio chrysocoma","Senecio chrysocoma","ASTERACEAE","ASTERACEAE","Senecio chrysocoma","Meerb.","Asteraceae",1,0,"Biennial",1,0,1,0,0,1,0,0,0,"Nov","Jan","","",100,1,0,0,0,0,0,0,0,0,0,0,0,0,0,0,0,"Leaf",1,0,0,0,0,0,NA,0,0,"leaf","",1,"m","i","w"
"Senecio cordifolius","Senecio cordifolius","ASTERACEAE","ASTERACEAE","Senecio cordifolius","L.f.","Asteraceae",1,0,"Perennial",1,0,1,0,0,1,0,1,0,"Jan","Apr","","",40,1,0,0,0,0,0,0,0,0,0,0,0,0,0,0,0,"Leaf",0,0,1,0,0,0,NA,0,0,"leaf","",2,"l","i","w"
"Senecio crassiusculus","Senecio crassiusculus","ASTERACEAE","ASTERACEAE","Senecio crassiusculus","DC.","Asteraceae",1,0,"Perennial",1,0,1,0,0,1,0,1,0,"Oct","Mar","","",50,0,0,0,1,0,0,0,0,0,0,0,0,1,1,1,0,"Leaf",1,1,0,0,1,0,NA,0,0,"leaf","",2,"l","i","w"
"Senecio crassulifolius","Senecio crassulaefolius","ASTERACEAE","ASTERACEAE","Senecio crassulifolius","Sch.Bip.","Asteraceae",1,0,"Perennial",1,0,1,0,0,1,0,1,0,"Aug","Dec","","",30,1,0,0,0,0,0,0,0,0,0,0,0,1,1,1,0,"Leaf",1,0,0,0,0,0,7,0,0,"leaf","",2,"l","i","w"
"Senecio crenatus","Senecio crenatus","ASTERACEAE","ASTERACEAE","Senecio crenatus","Thunb.","Asteraceae",1,0,"Perennial",1,0,1,0,0,1,0,1,0,"Nov","May","","",100,0,0,0,1,0,0,0,0,0,0,0,0,0,0,0,0,"Leaf",0,0,1,0,0,0,5.6,0,0,"leaf","",2,"h","i","w"
"Senecio crenulatus","Senecio crenulatus","ASTERACEAE","ASTERACEAE","Senecio crenulatus","DC.","Asteraceae",1,0,"Perennial",1,0,1,0,0,1,0,1,0,"Apr","May","","",30,1,0,0,0,0,0,0,0,0,0,0,0,0,0,0,0,"Leaf",0,1,0,0,0,0,NA,0,0,"leaf","",2,"h","i","w"
"Senecio elegans","Senecio elegans","ASTERACEAE","ASTERACEAE","Senecio elegans","L.","Asteraceae",0,1,"Annual",1,0,1,0,1,1,0,0,0,"Sep","Nov","","",100,1,0,0,0,0,0,0,0,0,0,0,0,0,0,0,0,"Leaf",0,1,0,0,0,1,8.14,0,0,"leaf","",0,"l","i","w"
"Senecio erosus","Senecio erosus","ASTERACEAE","ASTERACEAE","Senecio erosus","L.f.","Asteraceae",1,0,"Perennial",1,0,1,0,0,1,0,1,0,"Aug","Sep","","",60,1,0,0,0,0,0,0,0,0,0,0,0,0,0,0,0,"Leaf",0,1,0,0,1,1,NA,0,0,"leaf","",2,"m","i","w"
"Senecio ficoides","Senecio ficoides","ASTERACEAE","ASTERACEAE","Senecio ficoides","Sch.Bip.","Asteraceae",1,0,"Perennial",1,0,1,0,0,0,0,1,0,"Mar","Jul","","",50,1,0,0,0,0,0,0,0,0,0,0,0,1,1,1,0,"Leaf",1,0,0,0,0,0,5.816666667,0,0,"leaf","",3,"l","i","w"
"Senecio gramineus","Senecio gramineus","ASTERACEAE","ASTERACEAE","Senecio gramineus","Harv.","Asteraceae",1,0,"Perennial",1,0,1,0,0,1,0,1,0,"Nov","Jan","","",25,1,0,0,0,0,0,0,0,0,0,0,0,0,0,0,0,"Leaf",1,0,0,0,0,0,NA,0,0,"leaf","",2,"m","i","w"
"Senecio halimifolius","Senecio halimifolius","ASTERACEAE","ASTERACEAE","Senecio halimifolius","L.","Asteraceae",1,0,"Perennial",1,0,1,0,0,0,0,0,0,"Nov","Jan","","",150,0,0,0,0,1,0,0,0,0,0,0,0,0,0,0,0,"Leaf",0,1,1,0,0,0,4.28,0,0,"leaf","",2,"h","i","w"
"Senecio hastatus","Senecio hastatus","ASTERACEAE","ASTERACEAE","Senecio hastatus","L.","Asteraceae",1,0,"Perennial",1,0,1,0,0,1,0,0,0,"Sep","May","","",40,1,0,0,0,0,0,0,0,0,0,0,0,0,0,0,0,"Leaf",0,1,0,0,0,1,NA,0,0,"leaf","",2,"m","i","w"
"Senecio hollandii","Senecio hollandii","ASTERACEAE","ASTERACEAE","Senecio hollandii","Compton","Asteraceae",1,0,"Perennial",1,0,1,0,0,0,0,1,0,"Sep","Dec","","",70,0,0,0,1,0,0,0,0,0,0,0,0,0,0,0,0,"Leaf",0,0,1,0,0,0,2.75,0,0,"leaf","",2,"m","i","w"
"Senecio ilicifolius","Senecio ilicifolius","ASTERACEAE","ASTERACEAE","Senecio ilicifolius","L.","Asteraceae",1,0,"Perennial",1,0,1,0,0,1,0,0,0,"Jun","Jan","","",100,0,0,0,1,0,0,0,0,0,0,0,0,0,0,0,0,"Leaf",0,0,1,0,1,0,NA,0,0,"leaf","",1,"m","i","w"
"Senecio incertus","Senecio tuberosus","ASTERACEAE","ASTERACEAE","Senecio tuberosus","Harv.","Asteraceae",1,0,"Perennial",1,0,1,0,0,1,0,1,0,"Sep","Oct","","",40,1,0,0,0,0,0,0,0,0,0,0,0,0,0,0,0,"Leaf",0,1,1,0,1,1,NA,0,0,"leaf","",2,"m","i","w"
"Senecio lanifer","Senecio lanifer","ASTERACEAE","ASTERACEAE","Senecio lanifer","Mart. ex C.Jeffrey","Asteraceae",1,0,"Perennial",1,0,1,0,0,1,0,1,0,"Jul","Oct","","",60,1,0,0,0,0,0,0,0,0,0,0,0,0,0,0,0,"Leaf",0,1,0,0,1,1,9.92,0,0,"leaf","",2,"h","i","w"
"Senecio lineatus","Senecio lineatus","ASTERACEAE","ASTERACEAE","Senecio lineatus","DC.","Asteraceae",1,0,"Perennial",1,0,1,0,0,1,0,1,0,"Jan","May","","",60,0,0,0,1,0,0,0,0,0,0,0,0,0,0,0,0,"Leaf",0,0,1,0,1,0,NA,0,0,"leaf","",2,"h","i","w"
"Senecio linifolius","Senecio linifolius","ASTERACEAE","ASTERACEAE","Senecio linifolius","L.","Asteraceae",1,0,"Perennial",1,0,1,0,0,1,0,1,0,"Apr","Nov","","",100,0,0,0,0,1,0,0,0,0,0,0,0,1,1,0,0,"Leaf",1,0,0,0,0,0,9.5,0,0,"leaf","",2,"h","i","w"
"Senecio othonniflorus","Senecio othonniflorus","ASTERACEAE","ASTERACEAE","Senecio othonniflorus","DC.","Asteraceae",1,0,"Perennial",1,0,1,0,0,1,0,1,0,"Nov","Jun","","",60,1,0,0,0,0,0,0,0,0,0,0,0,0,0,0,0,"Leaf",0,1,0,0,0,0,NA,0,0,"leaf","",2,"h","i","w"
"Senecio paniculatus","Senecio paniculatus","ASTERACEAE","ASTERACEAE","Senecio paniculatus","P.J.Bergius","Asteraceae",1,0,"Perennial",1,0,1,0,0,1,0,0,0,"Oct","Dec","","",80,1,0,0,0,0,0,0,0,0,0,0,0,0,0,0,0,"Leaf",1,0,0,0,1,1,5.46,0,0,"leaf","",1,"h","i","w"
"Senecio pauciflosculosus","Senecio pauciflosculosus","ASTERACEAE","ASTERACEAE","Senecio pauciflosculosus","C.Jeffrey","Asteraceae",1,0,"Perennial",1,0,1,0,0,0,0,1,0,"Feb","May","","",30,0,0,0,1,0,0,0,0,0,0,0,0,0,0,0,0,"Leaf",0,0,1,0,0,0,1.6,0,0,"leaf","",2,"h","i","w"
"Senecio pinifolius","Senecio pinifolius","ASTERACEAE","ASTERACEAE","Senecio pinifolius","Dusén","Asteraceae",1,0,"Perennial",1,0,1,0,0,1,0,1,0,"Mar","May","","",40,0,0,0,1,0,0,0,0,0,0,0,0,0,0,0,0,"Leaf",1,0,0,0,0,0,0.80625,0,0,"leaf","",2,"h","i","w"
"Senecio pinnatifidus","Senecio pinnatifidus","ASTERACEAE","ASTERACEAE","Senecio pinnatifidus","Less.","Asteraceae",1,0,"Perennial",1,0,1,0,0,1,0,1,0,"Sep","Feb","","",50,1,0,0,0,0,0,0,0,0,0,0,0,0,0,0,0,"Leaf",0,1,0,0,1,1,NA,0,0,"leaf","",2,"h","i","w"
"Senecio pterophorus","Senecio pterophorus","ASTERACEAE","ASTERACEAE","Senecio pterophorus","DC.","Asteraceae",1,1,"Both",1,0,1,0,0,1,0,0,0,"Oct","Jan","","",200,1,0,0,0,0,0,0,0,0,0,0,0,0,0,0,0,"Leaf",0,1,0,0,1,0,NA,0,0,"leaf","",1,"h","i","w"
"Senecio pubigerus","Senecio pubigerus","ASTERACEAE","ASTERACEAE","Senecio pubigerus","L.","Asteraceae",1,0,"Perennial",1,0,1,0,0,1,0,0,0,"Mar","Jul","","",100,0,0,0,1,0,0,0,0,0,0,0,0,0,0,0,0,"Leaf",0,0,1,0,0,0,1.866666667,0,0,"leaf","",1,"h","i","w"
"Senecio purpureus","Senecio purpureus","ASTERACEAE","ASTERACEAE","Senecio purpureus","L.","Asteraceae",1,0,"Perennial",1,0,1,0,0,1,1,0,0,"Oct","Feb","","",60,1,0,0,0,0,0,0,0,0,0,0,0,0,0,0,0,"Leaf",0,1,0,0,1,1,NA,0,0,"leaf","",2,"h","i","w"
"Senecio repandus","Senecio repandus","ASTERACEAE","ASTERACEAE","Senecio repandus","Thunb.","Asteraceae",0,1,"Annual",1,0,1,0,0,1,0,0,0,"Jul","Oct","","",30,1,0,0,0,0,0,0,0,0,0,0,0,0,0,0,0,"Leaf",0,0,1,0,1,1,NA,0,0,"leaf","",0,"l","i","w"
"Senecio rosmarinifolius","Senecio rosmarinifolius","ASTERACEAE","ASTERACEAE","Senecio rosmarinifolius","L.f.","Asteraceae",1,0,"Perennial",1,0,1,0,0,1,0,0,0,"Oct","Mar","","",80,0,0,0,1,0,0,0,0,0,0,0,0,0,0,0,0,"Leaf",1,0,0,0,0,0,NA,0,0,"leaf","",2,"h","i","w"
"Senecio triqueter","Senecio triqueter","ASTERACEAE","ASTERACEAE","Senecio triqueter","DC.","Asteraceae",1,0,"Perennial",1,0,1,0,0,1,0,1,0,"Mar","Jul","","",40,0,0,0,1,0,0,0,0,0,0,0,0,0,0,0,0,"Leaf",1,0,0,0,0,0,0.633333333,0,0,"leaf","",2,"h","i","w"
"Senecio umbellatus","Senecio umbellatus","ASTERACEAE","ASTERACEAE","Senecio umbellatus","L.","Asteraceae",1,0,"Perennial",1,0,1,0,0,1,0,0,0,"Sep","Dec","","",80,1,0,0,0,0,0,0,0,0,0,0,0,0,0,0,0,"Leaf",1,0,0,0,1,1,4.65,0,0,"leaf","",1,"m","i","w"
"Senecio vestitus","Senecio vestitus","ASTERACEAE","ASTERACEAE","Senecio vestitus","P.J.Bergius","Asteraceae",1,0,"Perennial",1,0,1,0,0,1,0,0,0,"Sep","Jan","","",150,0,0,0,0,1,0,0,0,0,0,0,0,0,0,0,0,"Leaf",0,1,0,0,1,0,NA,0,0,"leaf","",2,"h","i","w"
"Serruria adscendens","Serruria adscendens","PROTEACEAE","PROTEACEAE","Serruria adscendens","R.Br.","Proteaceae",1,0,"Perennial",1,0,1,0,0,0,0,0,0,"Jul","Oct","","",100,0,0,0,1,0,0,0,0,0,0,0,0,0,0,0,0,"Leaf",0,1,1,0,0,1,5,0,0,"leaf","",2,"h","i","i"
"Serruria aitonii","Serruria aitonii","PROTEACEAE","PROTEACEAE","Serruria aitonii","R.Br.","Proteaceae",1,0,"Perennial",1,0,1,0,0,0,0,0,0,"Jul","Nov","","",100,0,0,0,1,0,0,0,0,0,0,0,0,0,0,0,0,"Leaf",0,0,1,0,0,1,1.84,0,0,"leaf","",2,"h","i","i"
"Serruria balanocephala","Serruria balanocephala","PROTEACEAE","PROTEACEAE","Serruria balanocephala","Rourke","Proteaceae",1,0,"Perennial",1,0,1,0,0,0,0,0,0,"Aug","Nov","","",100,0,0,0,1,0,0,0,0,0,0,0,0,0,0,0,0,"Leaf",0,0,1,0,0,1,5,0,0,"leaf","",2,"h","i","i"
"Serruria decumbens","Serruria decumbens","PROTEACEAE","PROTEACEAE","Serruria decumbens","R.Br.","Proteaceae",1,0,"Perennial",1,0,1,0,0,0,0,0,0,"Jul","Oct","","",20,0,0,0,0,0,0,0,0,0,0,0,1,0,0,0,0,"Leaf",0,1,0,0,0,1,NA,0,0,"leaf","",2,"h","i","i"
"Serruria effusa","Serruria effusa","PROTEACEAE","PROTEACEAE","Serruria effusa","Rourke","Proteaceae",1,0,"Perennial",1,0,1,0,0,0,0,0,0,"Aug","Sep","","",20,0,0,0,1,0,0,0,0,0,0,0,0,0,0,0,0,"Leaf",0,0,1,0,0,1,6.2,0,0,"leaf","",2,"h","i","i"
"Serruria elongata","Serruria elongata","PROTEACEAE","PROTEACEAE","Serruria elongata","R.Br.","Proteaceae",1,0,"Perennial",1,0,1,0,0,0,0,0,0,"Jul","Oct","","",150,0,0,0,0,1,0,0,0,0,0,0,0,0,0,0,0,"Leaf",0,1,0,0,0,1,8.46,0,0,"leaf","",2,"h","i","i"
"Serruria fasciflora","Serruria fasciflora","PROTEACEAE","PROTEACEAE","Serruria fasciflora","Knight","Proteaceae",1,0,"Perennial",1,0,1,0,0,0,0,0,0,"May","Dec","","",100,0,0,0,1,0,0,0,0,0,0,0,0,0,0,0,0,"Leaf",0,1,0,0,0,1,4.34,0,0,"leaf","",1,"h","i","i"
"Serruria glomerata","Serruria glomerata","PROTEACEAE","PROTEACEAE","Serruria glomerata","R.Br.","Proteaceae",1,0,"Perennial",1,0,1,0,0,0,0,0,0,"Aug","Oct","","",50,0,0,0,1,0,0,0,0,0,0,0,0,0,0,0,0,"Leaf",0,1,0,0,0,1,6.77,0,0,"leaf","",1,"h","i","i"
"Serruria leipoldtii","Serruria leipoldtii","PROTEACEAE","PROTEACEAE","Serruria leipoldtii","E.Phillips & Hutch.","Proteaceae",1,0,"Perennial",1,0,1,0,0,0,0,0,0,"Sep","Dec","","",100,0,0,0,1,0,0,0,0,0,0,0,0,0,0,0,0,"Leaf",0,1,1,0,0,1,8,0,0,"leaf","",3,"h","i","i"
"Serruria villosa","Serruria villosa","PROTEACEAE","PROTEACEAE","Serruria villosa","R.Br.","Proteaceae",1,0,"Perennial",1,0,1,0,0,0,0,0,0,"Aug","Dec","","",80,0,0,0,1,0,0,0,0,0,0,0,0,0,0,0,0,"Leaf",0,1,0,0,0,1,2.69,0,0,"leaf","",2,"h","i","i"
"Setaria sphacelata","Setaria sphacelata","POACEAE","POACEAE","Setaria sphacelata","(Schumach.) Stapf & C.E.Hubb. ex Moss","Poaceae",1,0,"Perennial",1,0,1,0,0,1,0,0,0,"Sep","Mar","","",100,0,0,1,0,0,0,0,0,0,0,0,0,0,0,0,0,"Leaf",1,0,0,0,0,0,17.4,0,0,"leaf","",2,"h","w","w"
"Sideroxylon inerme","Sideroxylon inerme","SAPOTACEAE","SAPOTACEAE","Sideroxylon inerme","L.","Sapotaceae",1,0,"Perennial",1,0,1,0,0,0,0,1,0,"Dec","Jun","","",1000,0,0,0,0,0,0,1,0,0,0,0,0,0,0,0,0,"Leaf",0,0,1,0,0,0,5.42,0,0,"leaf","",3,"m","i","m"
"Silene undulata","Silene undulata","CARYOPHYLLACEAE","CARYOPHYLLACEAE","Silene undulata","Aiton","Caryophyllaceae",1,1,"Both",1,0,1,0,0,0,0,0,0,"Aug","Apr","","",60,1,0,0,0,0,0,0,0,0,0,0,0,0,0,0,0,"Leaf",0,1,0,0,0,0,NA,0,0,"leaf","",1,"m","i","p"
"Smelophyllum capense","Smelophyllum capense","SAPINDACEAE","SAPINDACEAE","Smelophyllum capense","Radlk.","Sapindaceae",1,0,"Perennial",1,0,1,0,0,0,0,1,0,"Dec","Jan","","",400,0,0,0,0,0,0,1,0,0,0,0,0,0,0,0,0,"Leaf",0,0,1,1,0,0,4.933333333,0,0,"leaf","",3,"h","i","m"
"Solanum guineense","Solanum guineense","SOLANACEAE","SOLANACEAE","Solanum guineense","L.","Solanaceae",1,0,"Perennial",1,0,1,0,0,0,0,0,0,"Mar","Aug","","",150,0,0,0,0,1,0,0,1,0,0,0,0,0,0,0,0,"Leaf",0,0,1,0,0,0,7,0,0,"leaf","",3,"m","i","m"
"Solanum tomentosum","Solanum tomentosum","SOLANACEAE","SOLANACEAE","Solanum tomentosum","L.","Solanaceae",1,0,"Perennial",1,0,1,0,0,0,0,0,0,"Aug","Oct","","",100,0,0,0,1,0,0,0,0,0,0,0,0,0,0,0,0,"Leaf",0,0,1,0,0,0,3.566666667,0,0,"leaf","",2,"h","i","m"
"Sonderothamnus petraeus","Sonderothamnus petraeus","PENAEACEAE","PENAEACEAE","Penaea petraea","(W.F.Barker) Byng & Christenh.","Penaeaceae",1,0,"Perennial",1,0,1,0,0,0,0,1,0,"Oct","Dec","","",35,0,0,0,1,0,0,0,0,0,0,0,0,0,0,0,0,"Leaf",0,0,1,0,0,0,0.88,0,0,"leaf","",3,"m","i","i"
"Soroveta ambigua","Restio ambiguus","RESTIONACEAE","RESTIONACEAE","Soroveta ambigua","(Masters) H.P.Linder & C.R.Hardy","Restionaceae",1,0,"Perennial",0,1,1,0,0,0,0,1,0,"Nov","Nov","","",50,0,0,1,0,0,0,0,0,0,0,0,0,0,0,0,0,"Leaf",1,0,0,0,0,0,47.24,1,1,"leaf","",3,"h","w","p"
"Spatalla colorata","Spatalla colorata","PROTEACEAE","PROTEACEAE","Spatalla colorata","Meisn.","Proteaceae",1,0,"Perennial",1,0,1,0,0,0,0,0,0,"Jul","Nov","","",80,0,0,0,1,0,0,0,0,0,0,0,0,0,0,0,0,"Leaf",1,0,0,0,0,0,1.5,0,0,"leaf","",2,"h","i","i"
"Spatalla incurva","Spatalla incurva","PROTEACEAE","PROTEACEAE","Spatalla incurva","R.Br.","Proteaceae",1,0,"Perennial",1,0,1,0,0,0,0,0,0,"Sep","Mar","","",100,0,0,0,1,0,0,0,0,0,0,0,0,0,0,0,0,"Leaf",1,0,0,0,0,0,1.5,0,0,"leaf","",2,"h","i","i"
"Spatalla nubicola","Spatalla nubicola","PROTEACEAE","PROTEACEAE","Spatalla nubicola","Rourke","Proteaceae",1,0,"Perennial",1,0,1,0,0,0,0,0,0,"Sep","Dec","","",150,0,0,0,0,1,0,0,0,0,0,0,0,0,0,0,0,"Leaf",1,0,0,0,0,0,1.5,0,0,"leaf","",2,"h","i","i"
"Spatalla parilis","Spatalla parilis","PROTEACEAE","PROTEACEAE","Spatalla parilis","Knight","Proteaceae",1,0,"Perennial",1,0,1,0,0,0,0,0,0,"Jan","Dec","","",150,0,0,0,0,1,0,0,0,0,0,0,0,0,0,0,0,"Leaf",1,0,0,0,0,0,1.416,0,0,"leaf","",2,"h","i","i"
"Spergularia media","Spergularia media","CARYOPHYLLACEAE","CARYOPHYLLACEAE","Spergularia media","(L.) C.Presl","Caryophyllaceae",1,0,"Perennial",1,0,1,0,0,0,0,0,0,"Oct","Jan","","",50,1,0,0,0,0,0,0,0,0,0,0,0,0,0,0,0,"Leaf",1,0,0,0,0,0,1,0,0,"leaf","",2,"l","i","p"
"Spiloxene capensis","Spiloxene capensis","HYPOXIDACEAE","HYPOXIDACEAE","Pauridia capensis","(L.) Snijman & Kocyan","Hypoxidaceae",1,0,"Perennial",1,0,0,1,1,1,0,1,0,"Jul","Oct","","",30,0,1,0,0,0,0,0,0,0,0,0,0,0,0,0,0,"Leaf",1,0,0,0,0,0,10,0,0,"leaf","",2,"l","i","p"
"Sporobolus africanus","Sporobolus africanus","POACEAE","POACEAE","Sporobolus africanus","(Poir.) Robyns & Tournay","Poaceae",1,0,"Perennial",1,0,1,0,0,1,0,1,0,"Oct","Apr","","",100,0,0,1,0,0,0,0,0,0,0,0,0,0,0,0,0,"Leaf",1,0,0,0,0,0,NA,0,0,"leaf","",2,"h","w","p"
"Sporobolus virginicus","Sporobolus virginicus","POACEAE","POACEAE","Sporobolus virginicus","(L.) Kunth","Poaceae",1,0,"Perennial",1,0,1,0,0,1,0,1,0,"Oct","Apr","","",30,0,0,1,0,0,0,0,0,0,0,0,0,0,0,0,0,"Leaf",1,0,0,0,0,0,NA,0,0,"leaf","",2,"l","w","p"
"Staavia radiata","Staavia radiata","BRUNIACEAE","BRUNIACEAE","Staavia radiata","(L.) Dahl","Bruniaceae",1,0,"Perennial",1,0,1,0,0,0,0,1,0,"Sep","Dec","","",60,0,0,0,1,0,0,0,0,0,0,0,0,0,0,0,0,"Leaf",1,1,0,0,0,0,0.469,0,0,"leaf","",3,"h","i","p"
"Staberoha aemula","Staberoha aemula","RESTIONACEAE","RESTIONACEAE","Staberoha aemula","Pillans","Restionaceae",1,0,"Perennial",0,1,1,0,0,0,0,0,0,"Jun","Sep","","",60,0,0,1,0,0,0,0,0,0,0,0,0,0,0,0,0,"Leaf",1,0,0,0,0,0,34.36,1,1,"culm_stem","no",2,"h","w","w"
"Staberoha banksii","Staberoha banksii","RESTIONACEAE","RESTIONACEAE","Staberoha banksii","Pillans","Restionaceae",1,0,"Perennial",0,1,1,0,0,0,0,0,0,"Mar","Apr","","",60,0,0,1,0,0,0,0,0,0,0,0,0,0,0,0,0,"Leaf",1,0,0,0,0,0,32.21666667,1,1,"culm_stem","no",2,"h","w","w"
"Staberoha cernua","Staberoha cernua","RESTIONACEAE","RESTIONACEAE","Staberoha cernua","T.Durand & Schinz","Restionaceae",1,0,"Perennial",0,1,1,0,0,0,0,0,0,"Mar","Aug","","",60,0,0,1,0,0,0,0,0,0,0,0,0,0,0,0,0,"Leaf",1,0,0,0,0,0,22.83125,1,1,"culm_stem","mixed",2,"h","w","w"
"Staberoha distachyos","Staberoha distachyos","RESTIONACEAE","RESTIONACEAE","Staberoha distachyos","(Rottb.) Kunth","Restionaceae",1,0,"Perennial",0,1,1,0,0,0,0,1,0,"Feb","Dec","","",75,0,0,1,0,0,0,0,0,0,0,0,0,0,0,0,0,"Leaf",1,0,0,0,0,0,39.3,1,1,"culm_stem","no",2,"h","w","w"
"Stachys aethiopica","Stachys aethiopica","LAMIACEAE","LAMIACEAE","Stachys aethiopica","L.","Lamiaceae",1,0,"Perennial",1,0,1,0,0,0,0,0,0,"Aug","Sep","","",50,1,0,0,0,0,0,0,0,0,0,0,0,0,0,0,0,"Leaf",0,0,1,0,0,0,0.883333333,0,0,"leaf","",2,"m","i","p"
"Stachys rugosa","Stachys rugosa","LAMIACEAE","LAMIACEAE","Stachys rugosa","Aiton","Lamiaceae",1,0,"Perennial",1,0,1,0,0,1,0,0,0,"Sep","Dec","","",120,0,0,0,0,1,0,0,0,0,0,0,0,0,0,0,0,"Leaf",0,1,0,0,0,0,NA,0,0,"leaf","",2,"h","i","p"
"Stellaria media","Stellaria media","CARYOPHYLLACEAE","CARYOPHYLLACEAE","Stellaria media","(L.) Vill.","Caryophyllaceae",0,1,"Annual",1,0,1,0,1,1,0,0,0,"Jun","Nov","","",30,1,0,0,0,0,0,0,0,0,0,0,0,0,0,0,0,"Leaf",0,0,1,0,0,0,1,0,0,"leaf","",0,"l","i","p"
"Stenotaphrum secundatum","Stenotaphrum secundatum","POACEAE","POACEAE","Stenotaphrum secundatum","(Walter) Kuntze","Poaceae",1,0,"Perennial",1,0,1,0,0,0,0,1,0,"Oct","Jan","","",30,0,0,1,0,0,0,0,0,0,0,0,0,0,0,0,0,"Leaf",0,0,1,0,0,0,25.4125,0,1,"leaf","",2,"l","w","w"
"Stilbe ericoides","Stilbe ericoides","STILBACEAE","STILBACEAE","Stilbe ericoides","(L.) L.","Stilbaceae",1,0,"Perennial",1,0,1,0,0,0,0,1,0,"Apr","Sep","","",80,0,0,0,1,0,0,0,0,0,0,0,0,0,0,0,0,"Leaf",1,0,0,0,0,0,0.397636364,0,0,"leaf","",3,"h","i","p"
"Stilbe vestita","Stilbe vestita","STILBACEAE","STILBACEAE","Stilbe vestita","Berg.","Stilbaceae",1,0,"Perennial",1,0,1,0,0,0,0,1,0,"Jul","Dec","","",120,0,0,0,0,1,0,0,0,0,0,0,0,0,0,0,0,"Leaf",1,0,0,0,0,0,0.5,0,0,"leaf","",3,"h","i","p"
"Stipa dregeana","Stipa dregeana","POACEAE","POACEAE","Stipa dregeana","Steud.","Poaceae",1,0,"Perennial",1,0,1,0,0,1,0,0,0,"Aug","May","","",100,0,0,1,0,0,0,0,0,0,0,0,0,0,0,0,0,"Leaf",1,0,0,0,0,0,33.6,0,0,"leaf","",2,"h","w","w"
"Stipagrostis zeyheri","Stipagrostis zeyheri","POACEAE","POACEAE","Stipagrostis zeyheri","(Nees) De Winter","Poaceae",1,0,"Perennial",1,0,1,0,0,1,0,1,0,"Oct","Apr","","",100,0,0,1,0,0,0,0,0,0,0,0,0,0,0,0,0,"Leaf",1,0,0,0,0,0,29.5,0,0,"leaf","",2,"h","w","w"
"Stoebe aethiopica","Stoebe aethiopica","ASTERACEAE","ASTERACEAE","Stoebe aethiopica","L.","Asteraceae",1,0,"Perennial",1,0,1,0,0,0,0,0,0,"Sep","Nov","","",150,0,0,0,0,1,0,0,0,0,0,0,0,0,0,0,0,"Leaf",1,0,0,0,0,0,0.898,0,0,"leaf","",2,"h","i","w"
"Stoebe alopecuroides","Stoebe alopecuroides","ASTERACEAE","ASTERACEAE","Stoebe alopecuroides","Less.","Asteraceae",1,0,"Perennial",1,0,1,0,0,0,0,0,0,"Jul","Dec","","",10,0,0,0,1,0,0,0,0,0,0,0,0,0,0,0,0,"Leaf",1,0,0,0,0,0,1,0,0,"leaf","",2,"h","i","w"
"Stoebe capitata","Stoebe capitata","ASTERACEAE","ASTERACEAE","Stoebe capitata","P.J.Bergius","Asteraceae",1,0,"Perennial",1,0,1,0,0,0,0,0,0,"Dec","Mar","","",50,0,0,0,1,0,0,0,0,0,0,0,0,0,0,0,0,"Leaf",1,0,0,0,0,0,0.547272727,0,0,"leaf","",2,"h","i","w"
"Stoebe cinerea","Stoebe cinerea","ASTERACEAE","ASTERACEAE","Seriphium cinereum","L.","Asteraceae",1,0,"Perennial",1,0,1,0,0,0,0,0,0,"Apr","May","","",150,0,0,0,0,1,0,0,0,0,0,0,0,0,0,0,0,"Leaf",1,0,0,0,0,0,0.18,0,0,"leaf","",2,"h","i","w"
"Stoebe cyathuloides","Stoebe cyathuloides","ASTERACEAE","ASTERACEAE","Stoebe cyathuloides","Schltr.","Asteraceae",1,0,"Perennial",1,0,1,0,0,0,0,0,0,"Nov","Feb","","",40,0,0,0,1,0,0,0,0,0,0,0,0,0,0,0,0,"Leaf",1,1,0,0,0,0,0.9,0,0,"leaf","",2,"h","i","w"
"Stoebe fusca","Stoebe fusca","ASTERACEAE","ASTERACEAE","Stoebe fusca","Thunb.","Asteraceae",1,0,"Perennial",1,0,1,0,0,0,0,0,0,"Mar","May","","",25,0,0,0,1,0,0,0,0,0,0,0,0,0,0,0,0,"Leaf",1,0,0,0,0,0,0.5,0,0,"leaf","",2,"h","i","w"
"Stoebe incana","Stoebe incana","ASTERACEAE","ASTERACEAE","Seriphium incanum","(Thunb.) Pers.","Asteraceae",1,0,"Perennial",1,0,1,0,0,0,0,0,0,"Feb","May","","",60,0,0,0,1,0,0,0,0,0,0,0,0,0,0,0,0,"Leaf",1,0,0,0,0,0,0.42,0,0,"leaf","",2,"h","i","w"
"Stoebe leucocephala","Stoebe leucocephala","ASTERACEAE","ASTERACEAE","Stoebe leucocephala","DC.","Asteraceae",1,0,"Perennial",1,0,1,0,0,0,0,0,0,"Oct","Jan","","",15,0,0,0,1,0,0,0,0,0,0,0,0,0,0,0,0,"Leaf",1,0,0,0,0,0,NA,0,0,"leaf","",2,"h","i","w"
"Stoebe microphylla","Stoebe microphylla","ASTERACEAE","ASTERACEAE","Stoebe microphylla","DC.","Asteraceae",1,0,"Perennial",1,0,1,0,0,0,0,0,0,"Feb","May","","",20,0,0,0,1,0,0,0,0,0,0,0,0,0,0,0,0,"Leaf",1,0,0,0,0,0,0.2,0,0,"leaf","",2,"h","i","w"
"Stoebe plumosa","Stoebe plumosa","ASTERACEAE","ASTERACEAE","Seriphium plumosum","L.","Asteraceae",1,0,"Perennial",1,0,1,0,0,0,0,0,0,"Apr","Jun","","",100,0,0,0,1,0,0,0,0,0,0,0,0,0,0,0,0,"Leaf",1,0,0,0,0,0,0.102470588,0,0,"leaf","",2,"h","i","w"
"Stoebe rosea","Stoebe rosea","ASTERACEAE","ASTERACEAE","Stoebe rosea","Wolley-Dod","Asteraceae",1,0,"Perennial",1,0,1,0,0,0,0,0,0,"Jan","Mar","","",50,0,0,0,1,0,0,0,0,0,0,0,0,0,0,0,0,"Leaf",1,0,0,0,0,0,NA,0,0,"leaf","",2,"h","i","w"
"Stoebe saxatilis","Stoebe saxatilis","ASTERACEAE","ASTERACEAE","Seriphium saxatilis","(Levyns) Koek.","Asteraceae",1,0,"Perennial",1,0,1,0,0,0,0,0,0,"Mar","May","","",60,0,0,0,1,0,0,0,0,0,0,0,0,0,0,0,0,"Leaf",0,1,0,0,0,0,0.5,0,0,"leaf","",2,"h","i","w"
"Stoebe spiralis","Stoebe spiralis","ASTERACEAE","ASTERACEAE","Seriphium spirale","(Less.) Koek.","Asteraceae",1,0,"Perennial",1,0,1,0,0,0,0,0,0,"Mar","May","","",60,0,0,0,1,0,0,0,0,0,0,0,0,0,0,0,0,"Leaf",1,0,0,0,0,0,0.437333333,0,0,"leaf","",2,"h","i","w"
"Struthiola argentea","Struthiola argentea","THYMELAEACEAE","THYMELAEACEAE","Struthiola argentea","Lehm.","Thymelaeaceae",1,0,"Perennial",1,0,1,0,0,0,0,0,0,"Mar","Dec","","",200,0,0,0,0,0,1,0,0,0,0,0,0,0,0,0,0,"Leaf",0,0,1,0,0,0,1.137777778,0,0,"leaf","",2,"h","i","p"
"Struthiola ciliata","Struthiola ciliata","THYMELAEACEAE","THYMELAEACEAE","Struthiola ciliata","(L.) Lam.","Thymelaeaceae",1,0,"Perennial",1,0,1,0,0,0,0,0,0,"Jan","Dec","","",150,0,0,0,0,1,0,0,0,0,0,0,0,0,0,0,0,"Leaf",0,1,0,0,0,0,0.933181818,0,0,"leaf","",2,"h","i","p"
"Struthiola dodecandra","Struthiola dodecandra","THYMELAEACEAE","THYMELAEACEAE","Struthiola dodecandra","(L.) Druce","Thymelaeaceae",1,0,"Perennial",1,0,1,0,0,0,0,0,0,"Jan","Dec","","",80,0,0,0,1,0,0,0,0,0,0,0,0,0,0,0,0,"Leaf",0,1,0,0,0,0,0.8,0,0,"leaf","",2,"h","i","p"
"Struthiola eckloniana","Struthiola eckloniana","THYMELAEACEAE","THYMELAEACEAE","Struthiola eckloniana","Meisn.","Thymelaeaceae",1,0,"Perennial",1,0,1,0,0,0,0,0,0,"Jan","Dec","","",200,0,0,0,0,0,1,0,0,0,0,0,0,0,0,0,0,"Leaf",0,1,0,0,0,0,1.328,0,0,"leaf","",2,"h","i","p"
"Struthiola garciana","Struthiola garciana","THYMELAEACEAE","THYMELAEACEAE","Struthiola garciana","C.H.Wright","Thymelaeaceae",1,0,"Perennial",1,0,1,0,0,0,0,0,0,"Mar","Nov","","",100,0,0,0,1,0,0,0,0,0,0,0,0,0,0,0,0,"Leaf",0,1,0,0,0,0,1.22,0,0,"leaf","",2,"h","i","p"
"Struthiola leptantha","Struthiola leptantha","THYMELAEACEAE","THYMELAEACEAE","Struthiola leptantha","Bolus","Thymelaeaceae",1,0,"Perennial",1,0,1,0,0,0,0,0,0,"Jun","Oct","","",200,0,0,0,0,0,1,0,0,0,0,0,0,0,0,0,0,"Leaf",0,0,1,0,0,0,1,0,0,"leaf","",2,"h","i","p"
"Struthiola macowanii","Struthiola macowanii","THYMELAEACEAE","THYMELAEACEAE","Struthiola macowanii","C.H.Wright","Thymelaeaceae",1,0,"Perennial",1,0,1,0,0,0,0,0,0,"Jan","Dec","","",130,0,0,0,0,1,0,0,0,0,0,0,0,0,0,0,0,"Leaf",1,1,0,0,0,0,0.9,0,0,"leaf","",2,"h","i","p"
"Struthiola myrsinites","Struthiola myrsinites","THYMELAEACEAE","THYMELAEACEAE","Struthiola myrsinites","Lam.","Thymelaeaceae",1,0,"Perennial",1,0,1,0,0,0,0,0,0,"Jan","Dec","","",200,0,0,0,0,0,1,0,0,0,0,0,0,0,0,0,0,"Leaf",0,0,1,0,0,0,1,0,0,"leaf","",2,"h","i","p"
"Struthiola salteri","Struthiola salteri","THYMELAEACEAE","THYMELAEACEAE","Struthiola salteri","Levyns","Thymelaeaceae",1,0,"Perennial",1,0,1,0,0,0,0,0,0,"Jan","Dec","","",80,0,0,0,1,0,0,0,0,0,0,0,0,0,0,0,0,"Leaf",0,0,1,0,0,0,1,0,0,"leaf","",2,"h","i","p"
"Struthiola tomentosa","Struthiola tomentosa","THYMELAEACEAE","THYMELAEACEAE","Struthiola tomentosa","Andrews","Thymelaeaceae",1,0,"Perennial",1,0,1,0,0,0,0,0,0,"Jul","Dec","","",60,0,0,0,1,0,0,0,0,0,0,0,0,0,0,0,0,"Leaf",0,0,1,0,0,0,0.864,0,0,"leaf","",2,"h","i","p"
"Stylapterus dubius","Stylapterus dubius","PENAEACEAE","PENAEACEAE","Penaea dubia","Stephens","Penaeaceae",1,0,"Perennial",1,0,1,0,0,0,0,0,0,"Sep","Oct","","",50,0,0,0,1,0,0,0,0,0,0,0,0,0,0,0,0,"Leaf",0,1,1,0,0,0,NA,0,0,"leaf","",2,"h","i","i"
"Stylapterus fruticulosus","Stylapterus fruticulosus","PENAEACEAE","PENAEACEAE","Penaea fruticulosa","L.f.","Penaeaceae",1,0,"Perennial",1,0,1,0,0,0,0,1,0,"Jul","Nov","","",60,0,0,0,1,0,0,0,0,0,0,0,0,0,0,0,0,"Leaf",0,0,1,0,0,0,0.666666667,0,0,"leaf","",3,"h","i","i"
"Syncarpha canescens","Syncarpha canescens","ASTERACEAE","ASTERACEAE","Syncarpha canescens","(L.) B.Nord.","Asteraceae",1,0,"Perennial",1,0,1,0,0,0,0,0,0,"Jan","Sep","","",50,0,0,0,1,0,0,0,0,0,0,0,0,0,0,0,0,"Leaf",0,0,1,0,0,0,0.913125,0,0,"leaf","",1,"h","i","w"
"Syncarpha dregeana","Syncarpha dregeana","ASTERACEAE","ASTERACEAE","Syncarpha dregeana","(DC.) B.Nord.","Asteraceae",1,0,"Perennial",1,0,1,0,0,0,0,0,0,"Oct","Jan","","",60,0,0,0,1,0,0,0,0,0,0,0,0,0,0,0,0,"Leaf",0,0,1,0,0,0,NA,0,0,"leaf","",1,"h","i","w"
"Syncarpha eximia","Syncarpha eximia","ASTERACEAE","ASTERACEAE","Syncarpha eximia","(L.) B.Nord.","Asteraceae",1,0,"Perennial",1,0,1,0,0,0,0,0,0,"Nov","Mar","","",40,0,0,0,1,0,0,0,0,0,0,0,0,0,0,0,0,"Leaf",0,0,1,0,0,0,NA,0,0,"leaf","",1,"h","i","w"
"Syncarpha flava","Syncarpha flava","ASTERACEAE","ASTERACEAE","Syncarpha flava","(Compton) B.Nord.","Asteraceae",1,0,"Perennial",1,0,1,0,0,0,0,0,0,"Dec","Mar","","",40,0,0,0,1,0,0,0,0,0,0,0,0,0,0,0,0,"Leaf",0,0,1,0,0,0,NA,0,0,"leaf","",1,"h","i","w"
"Syncarpha gnaphaloides","Syncarpha gnaphaloides","ASTERACEAE","ASTERACEAE","Syncarpha gnaphaloides","DC.","Asteraceae",1,0,"Perennial",1,0,1,0,0,0,0,0,0,"Oct","Dec","","",30,0,0,0,1,0,0,0,0,0,0,0,0,0,0,0,0,"Leaf",1,0,0,0,0,0,5.27,0,0,"leaf","",1,"h","i","w"
"Syncarpha milleflora","Syncarpha milleflora","ASTERACEAE","ASTERACEAE","Syncarpha milleflora","(L.f.) B.Nord.","Asteraceae",1,0,"Perennial",1,0,1,0,0,0,0,0,0,"Jul","Dec","","",200,0,0,0,0,0,1,0,0,0,0,0,0,0,0,0,0,"Leaf",0,1,0,0,0,0,7.875,0,0,"leaf","",1,"h","i","w"
"Syncarpha paniculata","Syncarpha paniculata","ASTERACEAE","ASTERACEAE","Syncarpha paniculata","(L.) B.Nord.","Asteraceae",1,0,"Perennial",1,0,1,0,0,0,0,0,0,"Oct","Jun","","",60,0,0,0,1,0,0,0,0,0,0,0,0,0,0,0,0,"Leaf",1,0,0,0,0,0,2.46,0,0,"leaf","",1,"h","i","w"
"Syncarpha speciosissima","Syncarpha speciosissima","ASTERACEAE","ASTERACEAE","Syncarpha speciosissima","(L.) B.Nord.","Asteraceae",1,0,"Perennial",1,0,1,0,0,0,0,0,0,"Jul","Jan","","",60,0,0,0,1,0,0,0,0,0,0,0,0,0,0,0,0,"Leaf",1,0,1,0,0,0,3.5125,0,0,"leaf","",1,"h","i","w"
"Syncarpha staehelina","Syncarpha virgata","ASTERACEAE","ASTERACEAE","Syncarpha staehelina","(L.) B.Nord.","Asteraceae",1,0,"Perennial",1,0,1,0,0,0,0,0,0,"Oct","Jan","","",40,0,0,0,1,0,0,0,0,0,0,0,0,0,0,0,0,"Leaf",0,1,0,0,0,0,NA,0,0,"leaf","",1,"h","i","w"
"Syncarpha vestita","Syncarpha vestita","ASTERACEAE","ASTERACEAE","Syncarpha vestita","(L.) B.Nord.","Asteraceae",1,0,"Perennial",1,0,1,0,0,0,0,0,0,"Nov","Jan","","",100,0,0,0,1,0,0,0,0,0,0,0,0,0,0,0,0,"Leaf",0,1,0,0,0,0,5.4375,0,0,"leaf","",1,"h","i","w"
"Tarchonanthus littoralis","Tarchonanthus camphoratus","ASTERACEAE","ASTERACEAE","Tarchonanthus littoralis","P.P.J.Herman","Asteraceae",1,0,"Perennial",1,0,1,0,0,0,0,1,0,"Dec","Apr","","",500,0,0,0,0,0,1,1,0,0,0,0,0,0,0,0,0,"Leaf",0,0,1,0,0,0,4.1125,0,0,"leaf","",3,"h","i","w"
"Teedia lucida","Teedia lucida","SCROPHULARIACEAE","SCROPHULARIACEAE","Teedia lucida","(Aiton) Rudolphi","Scrophulariaceae",1,0,"Perennial",1,0,1,0,0,0,0,1,0,"Sep","Jan","","",120,0,0,0,0,1,0,0,1,0,0,0,0,0,0,0,0,"Leaf",0,0,1,0,0,0,1,0,0,"leaf","",2,"l","i","m"
"Teedia pubescens","Teedia pubescens","SCROPHULARIACEAE","SCROPHULARIACEAE","Teedia pubescens","Burch.","Scrophulariaceae",1,0,"Perennial",1,0,1,0,0,0,0,1,0,"Sep","Nov","","",60,0,0,0,1,0,0,0,0,0,0,0,0,0,0,0,0,"Leaf",0,0,1,0,0,0,1.94,0,0,"leaf","",2,"l","i","m"
"Tenaxia stricta","Merxmuellera stricta","POACEAE","POACEAE","Tenaxia stricta","(Schrad.) N.P.Barker & H.P.Linder","Poaceae",1,0,"Perennial",1,0,1,0,0,1,0,1,0,"Sep","Dec","","",80,0,0,1,0,0,0,0,0,0,0,0,0,0,0,0,0,"Leaf",1,0,0,0,0,0,29.74444444,0,0,"leaf","",2,"h","w","w"
"Tephrosia capensis","Tephrosia capensis","FABACEAE","FABACEAE","Tephrosia capensis","(Jacq.) Pers.","Fabaceae",1,0,"Perennial",1,0,1,0,0,0,0,1,0,"Aug","Jun","","",60,0,0,0,1,0,0,0,1,0,0,0,0,0,0,0,0,"Leaf",1,0,0,1,0,0,1.395,0,0,"leaf","",2,"h","i","p"
"Tetragonia decumbens","Tetragonia decumbens","AIZOACEAE","AIZOACEAE","Tetragonia decumbens","Mill.","Aizoaceae",1,0,"Perennial",1,0,1,0,0,0,0,0,0,"Aug","Nov","","",100,1,0,0,0,0,0,0,1,0,0,0,0,1,1,1,0,"Leaf",0,0,1,0,0,0,3.733333333,0,0,"leaf","",3,"l","i","p"
"Tetragonia fruticosa","Tetragonia fruticosa","AIZOACEAE","AIZOACEAE","Tetragonia fruticosa","L.","Aizoaceae",1,0,"Perennial",1,0,1,0,0,0,0,0,0,"Sep","Nov","","",100,0,0,0,1,0,0,0,1,0,0,0,0,1,1,1,0,"Leaf",0,0,1,0,0,0,2.16,0,0,"leaf","",2,"l","i","w"
"Tetraria bolusii","Tetraria bolusii","CYPERACEAE","CYPERACEAE","Schoenus bolusii","(C.B.Clarke) T.L.Elliott & Muasya","Cyperaceae",1,0,"Perennial",1,0,1,0,0,0,0,1,0,"Jul","Aug","","",30,0,0,1,0,0,0,0,0,0,0,0,0,0,0,0,0,"Leaf",1,0,0,0,0,0,8.925,0,1,"mixed","no",2,"m","w","p"
"Tetraria brachyphylla","Tetraria brachyphylla","CYPERACEAE","CYPERACEAE","Schoenus arenicola","T.L.Elliott & Muasya","Cyperaceae",1,0,"Perennial",1,0,1,0,0,0,0,1,0,"Jul","Nov","","",60,0,0,1,0,0,0,0,0,0,0,0,0,0,0,0,0,"Leaf",1,0,0,0,0,0,20,0,1,"mixed","",2,"h","w","p"
"Tetraria bromoides","Tetraria bromoides","CYPERACEAE","CYPERACEAE","Tetraria bromoides","(Lam.) H.Pfeiff.","Cyperaceae",1,0,"Perennial",1,0,1,0,0,0,0,1,0,"Oct","Feb","","",150,0,0,1,0,0,0,0,0,0,0,0,0,0,0,0,0,"Leaf",1,1,0,0,0,0,46.39230769,0,1,"mixed","mixed",2,"h","w","p"
"Tetraria burmannii","Tetraria burmannii","CYPERACEAE","CYPERACEAE","Tetraria burmanni","(Vahl) C.B.Clarke","Cyperaceae",1,0,"Perennial",1,0,1,0,0,0,0,1,0,"Nov","Apr","","",30,0,0,1,0,0,0,0,0,0,0,0,0,0,0,0,0,"Leaf",1,0,0,0,0,0,13.7,0,1,"mixed","no",2,"m","w","p"
"Tetraria capillacea","Tetraria capillacea","CYPERACEAE","CYPERACEAE","Tetraria capillacea","(Thunb.) C.B.Clarke","Cyperaceae",1,0,"Perennial",1,0,1,0,0,0,0,1,0,"Oct","Nov","","",80,0,0,1,0,0,0,0,0,0,0,0,0,0,0,0,0,"Leaf",1,0,0,0,0,0,30.33888889,0,1,"mixed","mixed",2,"h","w","p"
"Tetraria compacta","Tetraria compacta","CYPERACEAE","CYPERACEAE","Schoenus compactus","(Levyns) T.L.Elliott & Muasya","Cyperaceae",1,0,"Perennial",1,0,1,0,0,0,0,1,0,"Aug","Nov","","",60,0,0,1,0,0,0,0,0,0,0,0,0,0,0,0,0,"Leaf",1,0,0,0,0,0,20,0,1,"mixed","",2,"h","w","p"
"Tetraria compar","Tetraria compar","CYPERACEAE","CYPERACEAE","Schoenus compar","L.","Cyperaceae",1,0,"Perennial",1,0,1,0,0,0,0,1,0,"Apr","Jun","","",90,0,0,1,0,0,0,0,0,0,0,0,0,0,0,0,0,"Leaf",1,0,0,0,0,0,34.47234043,0,1,"mixed","mixed",2,"h","w","p"
"Tetraria crassa","Tetraria crassa","CYPERACEAE","CYPERACEAE","Schoenus crassus","(Levyns) T.L.Elliott & Muasya","Cyperaceae",1,0,"Perennial",1,0,1,0,0,0,0,1,0,"Apr","Jun","","",60,0,0,1,0,0,0,0,0,0,0,0,0,0,0,0,0,"Leaf",1,0,0,0,0,0,27.11818182,0,1,"mixed","no",2,"h","w","p"
"Tetraria crinifolia","Tetraria crinifolia","CYPERACEAE","CYPERACEAE","Tetraria crinifolia","(Nees) C.B.Clarke","Cyperaceae",1,0,"Perennial",1,0,1,0,0,0,0,1,0,"Aug","Oct","","",30,0,0,1,0,0,0,0,0,0,0,0,0,0,0,0,0,"Leaf",1,0,0,0,0,0,23.2,0,1,"mixed","no",2,"h","w","p"
"Tetraria cuspidata","Tetraria cuspidata","CYPERACEAE","CYPERACEAE","Schoenus cuspidatus","Rottb.","Cyperaceae",1,0,"Perennial",1,0,1,0,0,0,0,1,0,"Aug","Nov","","",60,0,0,1,0,0,0,0,0,0,0,0,0,0,0,0,0,"Leaf",1,0,0,0,0,0,24.56388889,0,1,"mixed","mixed",2,"h","w","p"
"Tetraria exilis","Tetraria exilis","CYPERACEAE","CYPERACEAE","Schoenus exilis","(Levyns) T.L.Elliott & Muasya","Cyperaceae",1,0,"Perennial",1,0,1,0,0,0,0,1,0,"Apr","Jun","","",30,0,0,1,0,0,0,0,0,0,0,0,0,0,0,0,0,"Leaf",1,0,0,0,0,0,22.03333333,0,1,"mixed","no",2,"h","w","p"
"Tetraria eximia","Tetraria eximia","CYPERACEAE","CYPERACEAE","Tetraria eximia","C.B.Clarke","Cyperaceae",1,0,"Perennial",1,0,1,0,0,0,0,1,0,"May","Aug","","",90,0,0,1,0,0,0,0,0,0,0,0,0,0,0,0,0,"Leaf",0,1,0,0,0,0,20.21666667,0,1,"mixed","no",1,"h","w","p"
"Tetraria fasciata","Tetraria fasciata","CYPERACEAE","CYPERACEAE","Tetraria fasciata","(Rottb.) C.B.Clarke","Cyperaceae",1,0,"Perennial",1,0,1,0,0,0,0,1,0,"Nov","May","","",80,0,0,1,0,0,0,0,0,0,0,0,0,0,0,0,0,"Leaf",1,0,0,0,0,0,12.9,0,1,"mixed","mixed",2,"h","w","p"
"Tetraria fimbriolata","Tetraria fimbriolata","CYPERACEAE","CYPERACEAE","Tetraria fimbriolata","(Nees) C.B.Clarke","Cyperaceae",1,0,"Perennial",1,0,1,0,0,0,0,1,0,"Jan","Apr","","",45,0,0,1,0,0,0,0,0,0,0,0,0,0,0,0,0,"Leaf",1,0,0,0,0,0,20.78333333,0,1,"mixed","mixed",2,"h","w","p"
"Tetraria flexuosa","Tetraria flexuosa","CYPERACEAE","CYPERACEAE","Tetraria flexuosa","(Thunb.) C.B.Clarke","Cyperaceae",1,0,"Perennial",1,0,1,0,0,0,0,1,0,"Jan","May","","",75,0,0,1,0,0,0,0,0,0,0,0,0,0,0,0,0,"Leaf",1,0,0,0,0,0,22.42727273,0,1,"mixed","mixed",2,"h","w","p"
"Tetraria involucrata","Tetraria involucrata","CYPERACEAE","CYPERACEAE","Tetraria involucrata","(Rottb.) C.B.Clarke","Cyperaceae",1,0,"Perennial",1,0,1,0,0,0,0,1,0,"Jan","Apr","","",200,0,0,1,0,0,0,0,0,0,0,0,0,0,0,0,0,"Leaf",1,0,0,0,0,0,66.31428571,0,1,"mixed","mixed",2,"h","w","p"
"Tetraria ligulata","Tetraria autumnalis","CYPERACEAE","CYPERACEAE","Schoenus ligulatus","(Boeckeler) Kuntze","Cyperaceae",1,0,"Perennial",1,0,1,0,0,0,0,1,0,"Apr","Jun","","",40,0,0,1,0,0,0,0,0,0,0,0,0,0,0,0,0,"Leaf",1,0,0,0,0,0,20,0,1,"mixed","",2,"h","w","p"
"Tetraria microstachys","Tetraria microstachys","CYPERACEAE","CYPERACEAE","Tetraria microstachys","(Vahl) H.Pfeiff.","Cyperaceae",1,0,"Perennial",1,0,1,0,0,0,0,1,0,"Dec","Feb","","",25,0,0,1,0,0,0,0,0,0,0,0,0,0,0,0,0,"Leaf",1,0,0,0,0,0,11.48333333,0,1,"mixed","mixed",2,"m","w","p"
"Tetraria nigrovaginata","Tetraria nigrovaginata","CYPERACEAE","CYPERACEAE","Tetraria nigrovaginata","(Nees) C.B.Clarke","Cyperaceae",1,0,"Perennial",1,0,1,0,0,0,0,1,0,"Jan","Apr","","",45,0,0,1,0,0,0,0,0,0,0,0,0,0,0,0,0,"Leaf",1,0,0,0,0,0,19.28,0,1,"mixed","mixed",2,"h","w","p"
"Tetraria picta","Tetraria picta","CYPERACEAE","CYPERACEAE","Schoenus pictus","(Boeckeler) Kuntze","Cyperaceae",1,0,"Perennial",1,0,1,0,0,0,1,1,0,"Dec","May","","",40,0,0,1,0,0,0,0,0,0,0,0,0,0,0,0,0,"Leaf",1,0,0,0,0,0,20,0,1,"mixed","",2,"h","w","p"
"Tetraria pillansii","Tetraria pillansii","CYPERACEAE","CYPERACEAE","Tetraria pillansii","Levyns","Cyperaceae",1,0,"Perennial",1,0,1,0,0,0,0,1,0,"Jan","Feb","","",25,0,0,1,0,0,0,0,0,0,0,0,0,0,0,0,0,"Leaf",1,0,0,0,0,0,12.54,0,1,"mixed","no",2,"h","w","p"
"Tetraria pubescens","Tetraria pubescens","CYPERACEAE","CYPERACEAE","Tetraria pubescens","Schönland & Turrill","Cyperaceae",1,0,"Perennial",1,0,1,0,0,0,0,1,0,"Oct","Apr","","",12,0,0,1,0,0,0,0,0,0,0,0,0,0,0,0,0,"Leaf",1,0,0,0,0,0,8.38,0,1,"mixed","no",2,"h","w","p"
"Tetraria pygmaea","Tetraria pygmaea","CYPERACEAE","CYPERACEAE","Tetraria pygmaea","Levyns","Cyperaceae",1,0,"Perennial",1,0,1,0,0,0,0,1,0,"Feb","Apr","","",15,0,0,1,0,0,0,0,0,0,0,0,0,0,0,0,0,"Leaf",1,0,0,0,0,0,5,0,1,"mixed","",2,"l","w","p"
"Tetraria robusta","Tetraria compressa","CYPERACEAE","CYPERACEAE","Tetraria robusta","(Kunth) C.B.Clarke","Cyperaceae",1,0,"Perennial",1,0,1,0,0,0,0,1,0,"Feb","Feb","","",100,0,0,1,0,0,0,0,0,0,0,0,0,0,0,0,0,"Leaf",1,0,0,0,0,0,40,0,1,"mixed","",2,"h","w","p"
"Tetraria sylvatica","Tetraria sylvatica","CYPERACEAE","CYPERACEAE","Schoenus auritus","(Nees) T.L.Elliott & Muasya","Cyperaceae",1,0,"Perennial",1,0,1,0,0,0,0,1,0,"May","Dec","","",40,0,0,1,0,0,0,0,0,0,0,0,0,0,0,0,0,"Leaf",1,0,0,0,0,0,11.65,0,1,"mixed","no",1,"m","w","p"
"Tetraria thermalis","Tetraria thermalis","CYPERACEAE","CYPERACEAE","Tetraria thermalis","(L.) C.B.Clarke","Cyperaceae",1,0,"Perennial",1,0,1,0,0,0,0,1,0,"Jun","Oct","","",200,0,0,1,0,0,0,0,0,0,0,0,0,0,0,0,0,"Leaf",0,1,0,0,0,0,52.93333333,0,1,"mixed","no",3,"h","w","p"
"Tetraria triangularis","Tetraria triangularis","CYPERACEAE","CYPERACEAE","Tetraria triangularis","(Boeckeler) C.B.Clarke","Cyperaceae",1,0,"Perennial",1,0,1,0,0,0,0,1,0,"Feb","Apr","","",60,0,0,1,0,0,0,0,0,0,0,0,0,0,0,0,0,"Leaf",0,1,0,0,0,0,40,0,1,"mixed","",2,"h","w","p"
"Tetraria ustulata","Tetraria ustulata","CYPERACEAE","CYPERACEAE","Tetraria ustulata","(L.) C.B.Clarke","Cyperaceae",1,0,"Perennial",1,0,1,0,0,0,0,1,0,"Jan","May","","",90,0,0,1,0,0,0,0,0,0,0,0,0,0,0,0,0,"Leaf",1,0,0,0,0,0,31.525,0,1,"mixed","mixed",2,"h","w","p"
"Teucrium africanum","Teucrium africanum","LAMIACEAE","LAMIACEAE","Teucrium africanum","Thunb.","Lamiaceae",1,0,"Perennial",1,0,1,0,0,0,0,0,0,"Nov","Apr","","",30,0,0,0,1,0,0,0,0,0,0,0,0,0,0,0,0,"Leaf",0,1,0,0,1,0,1.8,0,0,"leaf","",1,"h","u","i"
"Thaminophyllum multiflorum","Thaminophyllum multiflorum","ASTERACEAE","ASTERACEAE","Thaminophyllum multiflorum","Harv.","Asteraceae",1,0,"Perennial",1,0,1,0,0,0,0,0,0,"Aug","Jan","","",60,0,0,0,1,0,0,0,0,0,0,0,0,0,0,0,0,"Leaf",1,0,0,0,0,0,0.8,0,0,"leaf","",2,"h","i","w"
"Thamnochortus arenarius","Thamnochortus arenarius","RESTIONACEAE","RESTIONACEAE","Thamnochortus arenarius","Esterh.","Restionaceae",1,0,"Perennial",0,1,1,0,0,0,0,1,0,"May","Jun","","",60,0,0,1,0,0,0,0,0,0,0,0,0,0,0,0,0,"Leaf",1,0,0,0,0,0,101.02,1,1,"mixed","no",2,"h","w","w"
"Thamnochortus cinereus","Thamnochortus cinereus","RESTIONACEAE","RESTIONACEAE","Thamnochortus cinereus","H.P.Linder","Restionaceae",1,0,"Perennial",0,1,1,0,0,0,0,1,0,"May","Sep","","",80,0,0,1,0,0,0,0,0,0,0,0,0,0,0,0,0,"Leaf",1,0,0,0,0,0,6.079090909,1,1,"mixed","yes",2,"h","w","w"
"Thamnochortus ellipticus","Thamnochortus ellipticus","RESTIONACEAE","RESTIONACEAE","Thamnochortus ellipticus","Pillans","Restionaceae",1,0,"Perennial",0,1,1,0,0,0,0,1,0,"Apr","Apr","","",50,0,0,1,0,0,0,0,0,0,0,0,0,0,0,0,0,"Leaf",1,0,0,0,0,0,NA,1,1,"mixed","",2,"h","w","w"
"Thamnochortus erectus","Thamnochortus erectus","RESTIONACEAE","RESTIONACEAE","Thamnochortus erectus","Mast.","Restionaceae",1,0,"Perennial",0,1,1,0,0,0,0,1,0,"Sep","Oct","","",150,0,0,1,0,0,0,0,0,0,0,0,0,0,0,0,0,"Leaf",1,0,0,0,0,0,NA,1,1,"mixed","",2,"h","w","w"
"Thamnochortus fraternus","Thamnochortus fraternus","RESTIONACEAE","RESTIONACEAE","Thamnochortus fraternus","Pillans","Restionaceae",1,0,"Perennial",0,1,1,0,0,0,0,0,0,"Apr","May","","",100,0,0,1,0,0,0,0,0,0,0,0,0,0,0,0,0,"Leaf",1,0,0,0,0,0,63.13666667,1,1,"mixed","no",2,"h","w","w"
"Thamnochortus fruticosus","Thamnochortus fruticosus","RESTIONACEAE","RESTIONACEAE","Thamnochortus fruticosus","P.J.Bergius","Restionaceae",1,0,"Perennial",0,1,1,0,0,0,0,1,0,"Jul","Nov","","",60,0,0,1,0,0,0,0,0,0,0,0,0,0,0,0,0,"Leaf",1,0,0,0,0,0,15.38,1,1,"mixed","no",2,"h","w","w"
"Thamnochortus gracilis","Thamnochortus gracilis","RESTIONACEAE","RESTIONACEAE","Thamnochortus gracilis","Mast.","Restionaceae",1,0,"Perennial",0,1,1,0,0,0,0,1,0,"Apr","Apr","","",70,0,0,1,0,0,0,0,0,0,0,0,0,0,0,0,0,"Leaf",1,0,0,0,0,0,52.10666667,1,1,"mixed","no",2,"h","w","w"
"Thamnochortus insignis","Thamnochortus insignis","RESTIONACEAE","RESTIONACEAE","Thamnochortus insignis","Mast.","Restionaceae",1,0,"Perennial",0,1,1,0,0,0,0,0,0,"Mar","Apr","","",200,0,0,1,0,0,0,0,0,0,0,0,0,0,0,0,0,"Leaf",1,0,0,0,0,0,159.45,1,1,"mixed","no",2,"h","w","w"
"Thamnochortus karooica","Thamnochortus karooica","RESTIONACEAE","RESTIONACEAE","Thamnochortus karooica","H.P.Linder","Restionaceae",1,0,"Perennial",0,1,1,0,0,0,0,0,0,"May","May","","",100,0,0,1,0,0,0,0,0,0,0,0,0,0,0,0,0,"Leaf",1,0,0,0,0,0,68.85,1,1,"mixed","no",2,"h","w","w"
"Thamnochortus lucens","Thamnochortus lucens","RESTIONACEAE","RESTIONACEAE","Thamnochortus lucens","(Poir.) H.P.Linder","Restionaceae",1,0,"Perennial",0,1,1,0,0,0,0,1,0,"Mar","Jul","","",60,0,0,1,0,0,0,0,0,0,0,0,0,0,0,0,0,"Leaf",1,0,0,0,0,0,29.53333333,1,1,"mixed","mixed",2,"h","w","w"
"Thamnochortus obtusus","Thamnochortus obtusus","RESTIONACEAE","RESTIONACEAE","Thamnochortus obtusus","Pillans","Restionaceae",1,0,"Perennial",0,1,1,0,0,0,0,1,0,"Jan","Apr","","",30,0,0,1,0,0,0,0,0,0,0,0,0,0,0,0,0,"Leaf",1,0,0,0,0,0,NA,1,1,"mixed","",2,"h","w","w"
"Thamnochortus pellucidus","Thamnochortus pellucidus","RESTIONACEAE","RESTIONACEAE","Thamnochortus pellucidus","Pillans","Restionaceae",1,0,"Perennial",0,1,1,0,0,0,0,0,0,"Jul","Jul","","",60,0,0,1,0,0,0,0,0,0,0,0,0,0,0,0,0,"Leaf",1,0,0,0,0,0,NA,1,1,"mixed","",2,"h","w","w"
"Thamnochortus platypteris","Thamnochortus platypteris","RESTIONACEAE","RESTIONACEAE","Thamnochortus platypteris","Kunth","Restionaceae",1,0,"Perennial",0,1,1,0,0,0,0,0,0,"Aug","Sep","","",60,0,0,1,0,0,0,0,0,0,0,0,0,0,0,0,0,"Leaf",1,0,0,0,0,0,44.44,1,1,"mixed","no",2,"h","w","w"
"Thamnochortus pulcher","Thamnochortus pulcher","RESTIONACEAE","RESTIONACEAE","Thamnochortus pulcher","Pillans","Restionaceae",1,0,"Perennial",0,1,1,0,0,0,0,1,0,"Aug","Dec","","",40,0,0,1,0,0,0,0,0,0,0,0,0,0,0,0,0,"Leaf",1,0,0,0,0,0,NA,1,1,"mixed","",2,"h","w","w"
"Themeda triandra","Themeda triandra","POACEAE","POACEAE","Themeda triandra","Forssk.","Poaceae",1,0,"Perennial",1,0,1,0,0,1,0,1,0,"Oct","Jul","","",80,0,0,1,0,0,0,0,0,0,0,0,0,0,0,0,0,"Leaf",1,0,0,0,0,0,13.30870968,0,0,"leaf","",2,"h","w","w"
"Thesidium fragile","Thesidium fragile","SANTALACEAE","SANTALACEAE","Thesium confusum","J.C.Manning & F.Forest","Santalaceae",1,0,"Perennial",1,0,1,0,0,0,0,0,0,"Jan","Dec","","",50,0,0,0,1,0,0,0,0,0,1,0,0,1,1,1,0,"Leaf",1,0,0,0,0,0,5.1,1,1,"culm_stem","yes",2,"l","i","p"
"Thesidium hirtum","Thesidium hirtum","SANTALACEAE","SANTALACEAE","Thesium globosum","A.DC.","Santalaceae",1,0,"Perennial",1,0,1,0,0,0,0,0,0,"Jan","Dec","","",20,0,0,0,1,0,0,0,0,0,1,0,0,0,0,0,0,"Leaf",0,1,0,0,0,0,NA,0,1,"mixed","",2,"l","i","p"
"Thesium acuminatum","Thesium acuminatum","SANTALACEAE","SANTALACEAE","Thesium acuminatum","A.W.Hill","Santalaceae",1,0,"Perennial",1,0,1,0,0,0,0,1,0,"Sep","Nov","","",20,0,0,0,1,0,0,0,0,0,1,0,0,0,0,0,0,"Leaf",1,0,0,0,0,0,1.15,0,1,"mixed","yes",1,"l","i","i"
"Thesium aggregatum","Thesium aggregatum","SANTALACEAE","SANTALACEAE","Thesium aggregatum","A.W.Hill","Santalaceae",1,0,"Perennial",1,0,1,0,0,0,0,0,0,"Aug","Jan","","",50,0,0,0,1,0,0,0,0,0,1,0,0,0,0,0,0,"Leaf",1,0,0,0,0,0,0.3,0,1,"mixed","",1,"m","i","i"
"Thesium capituliflorum","Thesium capituliflorum","SANTALACEAE","SANTALACEAE","Thesium capituliflorum","Sond.","Santalaceae",1,0,"Perennial",1,0,1,0,0,0,0,0,0,"Aug","Jan","","",15,0,0,0,1,0,0,0,0,0,1,0,0,0,0,0,0,"Leaf",0,1,0,0,0,0,0.2,0,1,"mixed","",1,"l","i","i"
"Thesium carinatum","Thesium carinatum","SANTALACEAE","SANTALACEAE","Thesium carinatum","A.DC.","Santalaceae",1,0,"Perennial",1,0,1,0,0,0,0,0,0,"Jan","Dec","","",30,0,0,0,1,0,0,0,0,0,1,0,0,0,0,0,0,"Leaf",1,0,0,0,0,0,1.629090909,0,1,"mixed","yes",1,"m","i","i"
"Thesium commutatum","Thesium commutatum","SANTALACEAE","SANTALACEAE","Thesium commutatum","Sond.","Santalaceae",1,0,"Perennial",1,0,1,0,0,0,0,0,0,"Nov","Mar","","",30,0,0,0,1,0,0,0,0,0,1,0,0,0,0,0,0,"Leaf",1,1,0,0,0,0,0.606666667,0,1,"mixed","",1,"m","i","i"
"Thesium ericaefolium","Thesium ericifolium","SANTALACEAE","SANTALACEAE","Thesium ericaefolium","A.DC.","Santalaceae",1,0,"Perennial",1,0,1,0,0,0,0,0,0,"Sep","Jan","","",20,0,0,0,1,0,0,0,0,0,1,0,0,0,0,0,0,"Leaf",1,0,0,0,0,0,0.264,0,1,"mixed","yes",1,"l","i","i"
"Thesium euphorbioides","Thesium euphorbioides","SANTALACEAE","SANTALACEAE","Thesium euphorbioides","P.J.Bergius","Santalaceae",1,0,"Perennial",1,0,1,0,0,0,0,0,0,"Aug","Jan","","",200,0,0,0,0,0,1,0,0,0,1,0,0,0,0,0,0,"Leaf",0,0,1,0,0,0,4.76,0,1,"mixed","yes",1,"m","i","i"
"Thesium flexuosum","Thesium flexuosum","SANTALACEAE","SANTALACEAE","Thesium flexuosum","A.DC.","Santalaceae",1,0,"Perennial",1,0,1,0,0,0,0,0,0,"May","Sep","","",30,0,0,0,1,0,0,0,0,0,1,0,0,0,0,0,0,"Leaf",1,0,0,0,0,0,NA,0,1,"mixed","",1,"m","i","i"
"Thesium gnidiaceum","Thesium gnidiaceum","SANTALACEAE","SANTALACEAE","Thesium gnidiaceum","A.DC.","Santalaceae",1,0,"Perennial",1,0,1,0,0,0,0,0,0,"Aug","Dec","","",50,0,0,0,1,0,0,0,0,0,1,0,0,0,0,0,0,"Leaf",1,0,0,0,0,0,NA,0,1,"mixed","",1,"m","i","i"
"Thesium junceum","Thesium junceum","SANTALACEAE","SANTALACEAE","Thesium junceum","Bernh. ex Krauss","Santalaceae",1,0,"Perennial",1,0,1,0,0,0,0,0,0,"Oct","Feb","","",60,0,0,0,1,0,0,0,0,0,1,0,0,0,0,0,0,"Leaf",1,0,0,0,0,0,NA,0,1,"mixed","",1,"m","i","i"
"Thesium nigromontanum","Thesium nigromontanum","SANTALACEAE","SANTALACEAE","Thesium nigromontanum","Sond.","Santalaceae",1,0,"Perennial",1,0,1,0,0,0,0,0,0,"Sep","Nov","","",25,0,0,0,1,0,0,0,0,0,1,0,0,0,0,0,0,"Leaf",1,1,0,0,0,0,5.260833333,0,1,"mixed","mixed",1,"m","i","i"
"Thesium nudicaule","Thesium nudicaule","SANTALACEAE","SANTALACEAE","Thesium nudicaule","A.W.Hill","Santalaceae",1,0,"Perennial",1,0,1,0,0,0,0,0,0,"Aug","Jan","","",50,0,0,0,1,0,0,0,0,0,1,0,0,0,0,0,0,"Leaf",0,0,1,0,0,0,NA,0,1,"mixed","",1,"m","i","i"
"Thesium pseudovirgatum","Thesium pseudovirgatum","SANTALACEAE","SANTALACEAE","Thesium pseudovirgatum","Levyns","Santalaceae",1,0,"Perennial",1,0,1,0,0,0,0,0,0,"Sep","Feb","","",30,0,0,0,1,0,0,0,0,0,1,0,0,0,0,0,0,"Leaf",1,0,0,0,0,0,9.336363636,0,1,"mixed","mixed",1,"m","i","i"
"Thesium scandens","Thesium scandens","SANTALACEAE","SANTALACEAE","Thesium scandens","E.Mey.","Santalaceae",1,0,"Perennial",1,0,1,0,0,0,0,0,0,"Jun","Dec","","",40,0,0,0,0,0,0,0,0,0,1,0,1,0,0,0,0,"Leaf",1,0,0,0,0,0,NA,0,1,"mixed","",1,"l","i","i"
"Thesium schumannianum","Thesium schumannianum","SANTALACEAE","SANTALACEAE","Thesium schumannianum","Schltr.","Santalaceae",1,0,"Perennial",1,0,1,0,0,0,0,0,0,"Aug","Feb","","",40,0,0,0,1,0,0,0,0,0,1,0,0,0,0,0,0,"Leaf",0,1,0,0,0,0,NA,0,1,"mixed","",1,"l","i","i"
"Thesium spicatum","Thesium spicatum","SANTALACEAE","SANTALACEAE","Thesium spicatum","L.","Santalaceae",1,0,"Perennial",1,0,1,0,0,0,0,0,0,"Jul","Dec","","",50,0,0,0,1,0,0,0,0,0,1,0,0,0,0,0,0,"Leaf",1,0,0,0,0,0,1.4,0,1,"mixed","mixed",1,"l","i","i"
"Thesium squarrosum","Thesium squarrosum","SANTALACEAE","SANTALACEAE","Thesium squarrosum","L.f.","Santalaceae",1,0,"Perennial",1,0,1,0,0,0,0,0,0,"Nov","Jan","","",20,0,0,0,1,0,0,0,0,0,1,0,0,0,0,0,0,"Leaf",1,0,0,0,0,0,NA,0,1,"mixed","",1,"l","i","i"
"Thesium strictum","Thesium strictum","SANTALACEAE","SANTALACEAE","Thesium strictum","P.J.Bergius","Santalaceae",1,0,"Perennial",1,0,1,0,0,0,0,0,0,"Sep","Feb","","",200,0,0,0,0,0,1,0,0,0,1,0,0,0,0,0,0,"Leaf",1,1,0,0,0,0,13.97454545,0,1,"mixed","mixed",1,"m","i","i"
"Thesium subnudum","Thesium subnudum","SANTALACEAE","SANTALACEAE","Thesium subnudum","Sond.","Santalaceae",1,0,"Perennial",1,0,1,0,0,0,0,0,0,"Jul","Jan","","",60,0,0,0,1,0,0,0,0,0,1,0,0,0,0,0,0,"Leaf",1,0,0,0,0,0,28.06,0,1,"mixed","no",1,"m","i","i"
"Thesium susannae","Thesium susannae","SANTALACEAE","SANTALACEAE","Thesium susannae","A.W.Hill","Santalaceae",1,0,"Perennial",1,0,1,0,0,0,0,0,0,"Sep","Nov","","",250,0,0,0,0,0,1,0,0,0,1,0,0,0,0,0,0,"Leaf",1,0,0,0,0,0,NA,0,1,"mixed","",1,"m","i","i"
"Thesium virgatum","Thesium virgatum","SANTALACEAE","SANTALACEAE","Thesium virgatum","Lam.","Santalaceae",1,0,"Perennial",1,0,1,0,0,0,0,0,0,"Aug","Feb","","",60,0,0,0,1,0,0,0,0,0,1,0,0,0,0,0,0,"Leaf",1,0,0,0,0,0,28.67333333,0,1,"mixed","mixed",1,"m","i","i"
"Thesium viridifolium","Thesium viridifolium","SANTALACEAE","SANTALACEAE","Thesium viridifolium","Levyns","Santalaceae",1,0,"Perennial",1,0,1,0,0,0,0,0,0,"Jul","Dec","","",50,0,0,0,1,0,0,0,0,0,1,0,0,0,0,0,0,"Leaf",1,0,0,0,0,0,0.8,0,1,"mixed","yes",1,"l","i","i"
"Todea barbara","Todea barbara","OSMUNDACEAE","OSMUNDACEAE","Todea barbara","(L.) T.Moore","Osmundaceae",1,0,"Perennial",1,0,1,0,0,0,0,1,0,"","","","",300,1,0,0,0,0,0,0,0,0,0,0,0,0,0,0,0,"Frond",0,0,1,0,0,1,39.18,0,0,"leaf","",3,"h","w","w"
"Trachyandra hirsutiflora","Trachyandra hirsutiflora","ASPHODELACEAE","ASPHODELACEAE","Trachyandra hirsutiflora","(Adamson) Oberm.","Asphodelaceae",1,0,"Perennial",1,0,1,0,0,0,0,1,0,"Sep","Oct","","",60,1,0,0,0,0,0,0,0,0,0,0,0,1,1,0,0,"Leaf",1,0,0,0,0,0,24.03,0,0,"leaf","",2,"l","i","w"
"Trachyandra revoluta","Trachyandra revoluta","ASPHODELACEAE","ASPHODELACEAE","Trachyandra revoluta","Kunth","Asphodelaceae",1,0,"Perennial",1,0,1,0,0,0,0,1,0,"Aug","Oct","","",90,1,0,0,0,0,0,0,0,0,0,0,0,1,1,0,0,"Leaf",1,0,0,0,0,0,33.94,0,0,"leaf","",2,"l","i","w"
"Trachyandra tabularis","Trachyandra tabularis","ASPHODELACEAE","ASPHODELACEAE","Trachyandra tabularis","(Baker) Oberm.","Asphodelaceae",1,0,"Perennial",1,0,1,0,0,0,0,1,0,"Sep","Feb","","",120,1,0,0,0,0,0,0,0,0,0,0,0,1,1,0,0,"Leaf",0,1,0,0,0,0,49,0,0,"leaf","",2,"l","i","w"
"Tragus berteronianus","Tragus berteronianus","POACEAE","POACEAE","Tragus berteronianus","Schult.","Poaceae",0,1,"Annual",1,0,0,1,1,1,0,1,0,"Jan","Dec","","",60,0,0,1,0,0,0,0,0,0,0,0,0,0,0,0,0,"Leaf",0,1,0,0,0,0,5.611666667,0,0,"leaf","",2,"l","w","p"
"Tribolium brachystachyum","Tribolium brachystachyum","POACEAE","POACEAE","Tribolium brachystachyum","(Nees) Renvoize","Poaceae",1,0,"Perennial",1,0,1,0,0,1,0,1,0,"Nov","Dec","","",30,0,0,1,0,0,0,0,0,0,0,0,0,0,0,0,0,"Leaf",1,1,0,0,0,0,7.68,0,0,"leaf","",2,"m","w","w"
"Tribolium hispidum","Tribolium hispidum","POACEAE","POACEAE","Tribolium hispidum","(Thunb.) Desv.","Poaceae",1,0,"Perennial",1,0,1,0,0,1,0,1,0,"Sep","Dec","","",25,0,0,1,0,0,0,0,0,0,0,0,0,0,0,0,0,"Leaf",1,0,0,0,0,0,15,0,0,"leaf","",2,"h","w","w"
"Tribolium uniolae","Tribolium uniolae","POACEAE","POACEAE","Tribolium uniolae","(L.f.) Renvoize","Poaceae",1,0,"Perennial",1,0,1,0,0,1,0,1,0,"Oct","Dec","","",60,0,0,1,0,0,0,0,0,0,0,0,0,0,0,0,0,"Leaf",1,0,0,0,0,0,30.15,0,0,"leaf","",2,"h","w","w"
"Trichocephalus stipularis","Trichocephalus stipularis","RHAMNACEAE","RHAMNACEAE","Trichocephalus stipularis","(L.) Brongn.","Rhamnaceae",1,0,"Perennial",1,0,1,0,0,0,0,1,0,"May","Sep","","",90,0,0,0,1,0,0,0,0,0,0,0,0,0,0,0,0,"Leaf",0,1,0,0,0,0,0.968,0,0,"leaf","",3,"h","i","i"
"Trichodiadema barbatum","Trichodiadema barbatum","AIZOACEAE","MESEMBRYANTHEMACEAE","Trichodiadema barbatum","(L.) Schwantes","Aizoaceae",1,0,"Perennial",1,0,1,0,0,1,0,1,0,"Apr","Sep","","",10,0,0,0,0,0,0,0,0,0,0,0,1,1,1,1,0,"Leaf",1,0,0,0,0,0,1.2,0,0,"leaf","",3,"l","i","p"
"Trichodiadema mirabile","Trichodiadema mirabile","AIZOACEAE","MESEMBRYANTHEMACEAE","Trichodiadema mirabile","(N.E.Br.) Schwantes","Aizoaceae",1,0,"Perennial",1,0,1,0,0,1,0,1,0,"Nov","Jan","","",8,0,0,0,1,0,0,0,0,0,0,0,0,1,1,1,0,"Leaf",1,1,0,0,0,0,0.9,0,0,"leaf","",3,"l","i","p"
"Triraphis andropogonoides","Triraphis andropogonoides","POACEAE","POACEAE","Triraphis andropogonoides","(Steud.) E.Phillips","Poaceae",1,0,"Perennial",1,0,1,0,0,1,0,0,0,"Oct","May","","",120,0,0,1,0,0,0,0,0,0,0,0,0,0,0,0,0,"Leaf",1,0,0,0,0,0,16.85,0,1,"mixed","",2,"h","w","w"
"Tristachya leucothrix","Tristachya leucothrix","POACEAE","POACEAE","Tristachya leucothrix","Trin. ex Nees","Poaceae",1,0,"Perennial",1,0,1,0,0,0,0,1,0,"Oct","Mar","","",90,0,0,1,0,0,0,0,0,0,0,0,0,0,0,0,0,"Leaf",1,0,0,0,0,0,18.93333333,0,0,"leaf","",2,"h","w","w"
"Tritoniopsis antholyza","Tritoniopsis antholyza","IRIDACEAE","IRIDACEAE","Tritoniopsis antholyza","(Poir.) Goldblatt","Iridaceae",1,0,"Perennial",1,0,1,0,0,0,0,1,0,"Nov","Apr","","",90,0,1,0,0,0,0,0,0,0,0,0,0,0,0,0,0,"Leaf",1,1,0,0,0,0,42.12,0,0,"leaf","",3,"m","i","w"
"Tritoniopsis triticea","Tritoniopsis triticea","IRIDACEAE","IRIDACEAE","Tritoniopsis triticea","(Burm.f.) Goldblatt","Iridaceae",1,0,"Perennial",1,0,1,0,0,0,0,1,0,"Feb","Apr","","",90,0,1,0,0,0,0,0,0,0,0,0,0,0,0,0,0,"Leaf",1,1,0,0,0,0,30,0,0,"leaf","",3,"m","i","w"
"Troglophyton capillaceum","Troglophyton capillaceum","ASTERACEAE","ASTERACEAE","Troglophyton capillaceum","(Thunb.) Hilliard & B.L.Burtt","Asteraceae",0,1,"Annual",1,0,0,1,1,1,0,0,0,"Sep","Oct","","",30,1,0,0,0,0,0,0,0,0,0,0,0,0,0,0,0,"Leaf",0,0,1,0,0,0,1.5,0,0,"leaf","",0,"l","i","w"
"Tylecodon paniculatus","Tylecodon paniculatus","CRASSULACEAE","CRASSULACEAE","Tylecodon paniculatus","(L.f.) Toelken","Crassulaceae",1,0,"Perennial",1,0,1,0,0,0,0,0,0,"Nov","Jan","","",150,0,0,0,0,1,0,0,0,0,0,0,0,1,1,1,0,"Leaf",0,0,1,0,0,0,10.26666667,0,0,"leaf","",3,"l","m","p"
"Ursinia anethoides","Ursinia anethoides","ASTERACEAE","ASTERACEAE","Ursinia anethoides","N.E.Br.","Asteraceae",1,0,"Perennial",1,0,1,0,0,1,0,0,0,"Nov","Apr","","",90,0,0,0,1,0,0,0,0,0,0,0,0,0,0,0,0,"Leaf",1,0,0,0,1,1,3.5,0,0,"leaf","",1,"m","i","w"
"Ursinia chrysanthemoides","Ursinia chrysanthemoides","ASTERACEAE","ASTERACEAE","Ursinia chrysanthemoides","(Less.) Harv.","Asteraceae",1,1,"Both",1,0,1,0,0,1,0,0,0,"Aug","Nov","","",45,1,0,0,0,0,0,0,1,0,0,0,0,0,0,0,0,"Leaf",1,0,0,0,1,1,1.016666667,0,0,"leaf","",1,"m","i","w"
"Ursinia dentata","Ursinia dentata","ASTERACEAE","ASTERACEAE","Ursinia dentata","Poir.","Asteraceae",1,0,"Perennial",1,0,1,0,0,1,0,0,0,"Sep","Feb","","",50,0,0,0,1,0,0,0,0,0,0,0,0,0,0,0,0,"Leaf",1,0,0,0,1,1,1.5,0,0,"leaf","",1,"m","i","w"
"Ursinia heterodonta","Ursinia heterodonta","ASTERACEAE","ASTERACEAE","Ursinia heterodonta","N.E.Br.","Asteraceae",1,0,"Perennial",1,0,1,0,0,1,0,0,0,"Aug","Aug","","",50,0,0,0,1,0,0,0,0,0,0,0,0,0,0,0,0,"Leaf",1,0,0,0,1,1,1.5,0,0,"leaf","",1,"m","i","w"
"Ursinia hispida","Ursinia hispida","ASTERACEAE","ASTERACEAE","Ursinia hispida","N.E.Br.","Asteraceae",1,0,"Perennial",1,0,1,0,0,1,0,0,0,"Sep","Dec","","",40,0,0,0,1,0,0,0,0,0,0,0,0,0,0,0,0,"Leaf",1,0,0,0,1,1,2,0,0,"leaf","",1,"m","i","w"
"Ursinia nudicaulis","Ursinia nudicaulis","ASTERACEAE","ASTERACEAE","Ursinia nudicaulis","N.E.Br.","Asteraceae",1,0,"Perennial",1,0,1,0,0,1,0,0,0,"Sep","Mar","","",50,0,0,0,1,0,0,0,0,0,0,0,0,0,0,0,0,"Leaf",1,0,0,0,1,1,5,0,0,"leaf","",1,"m","i","w"
"Ursinia paleacea","Ursinia paleacea","ASTERACEAE","ASTERACEAE","Ursinia paleacea","Moench","Asteraceae",1,0,"Perennial",1,0,1,0,0,1,0,0,0,"Aug","Dec","","",90,0,0,0,1,0,0,0,0,0,0,0,0,0,0,0,0,"Leaf",1,0,0,0,1,1,3,0,0,"leaf","",1,"m","i","w"
"Ursinia pilifera","Ursinia pilifera","ASTERACEAE","ASTERACEAE","Ursinia pilifera","Gaertn.","Asteraceae",1,0,"Perennial",1,0,1,0,0,1,0,0,0,"Jul","Nov","","",35,0,0,0,1,0,0,0,0,0,0,0,0,0,0,0,0,"Leaf",1,0,0,0,0,1,1.7,0,0,"leaf","",1,"m","i","w"
"Ursinia punctata","Ursinia punctata","ASTERACEAE","ASTERACEAE","Ursinia punctata","N.E.Br.","Asteraceae",1,0,"Perennial",1,0,1,0,0,1,0,0,0,"Sep","Mar","","",50,0,0,0,1,0,0,0,0,0,0,0,0,0,0,0,0,"Leaf",0,0,1,0,1,1,0.74,0,0,"leaf","",1,"m","i","w"
"Ursinia quinquepartita","Ursinia quinquepartita","ASTERACEAE","ASTERACEAE","Ursinia quinquepartita","N.E.Br.","Asteraceae",1,0,"Perennial",1,0,1,0,0,1,0,0,0,"Nov","Apr","","",40,0,0,0,1,0,0,0,0,0,0,0,0,0,0,0,0,"Leaf",1,0,0,0,1,1,1.56,0,0,"leaf","",1,"m","i","w"
"Ursinia scariosa","Ursinia scariosa","ASTERACEAE","ASTERACEAE","Ursinia scariosa","Poir.","Asteraceae",1,0,"Perennial",1,0,1,0,0,1,0,0,0,"Sep","Feb","","",150,0,0,0,0,1,0,0,0,0,0,0,0,0,0,0,0,"Leaf",1,0,0,0,1,1,2.5,0,0,"leaf","",1,"m","i","w"
"Ursinia sericea","Ursinia sericea","ASTERACEAE","ASTERACEAE","Ursinia sericea","N.E.Br.","Asteraceae",1,0,"Perennial",1,0,1,0,0,1,0,0,0,"Sep","Feb","","",90,0,0,0,1,0,0,0,0,0,0,0,0,0,0,0,0,"Leaf",1,0,0,0,1,1,3.2,0,0,"leaf","",1,"m","i","w"
"Ursinia serrata","Ursinia serrata","ASTERACEAE","ASTERACEAE","Ursinia serrata","(L.f.) Poir.","Asteraceae",1,0,"Perennial",1,0,1,0,0,1,0,0,0,"Aug","Jan","","",150,0,0,0,0,1,0,0,0,0,0,0,0,0,0,0,0,"Leaf",0,0,1,0,0,1,3.5,0,0,"leaf","",1,"m","i","w"
"Ursinia tenuifolia","Ursinia tenuifolia","ASTERACEAE","ASTERACEAE","Ursinia tenuifolia","(L.) Poir.","Asteraceae",1,0,"Perennial",1,0,1,0,0,1,0,0,0,"Sep","Mar","","",50,0,0,0,1,0,0,0,0,0,0,0,0,0,0,0,0,"Leaf",1,0,0,0,1,1,5.95,0,0,"leaf","",1,"m","i","w"
"Ursinia trifida","Ursinia trifida","ASTERACEAE","ASTERACEAE","Ursinia trifida","(Thunb.) N.E.Br.","Asteraceae",1,0,"Perennial",1,0,1,0,0,1,0,0,0,"Nov","Apr","","",60,0,0,0,1,0,0,0,0,0,0,0,0,0,0,0,0,"Leaf",1,0,0,0,1,1,1.68,0,0,"leaf","",1,"m","i","w"
"Utricularia bisquamata","Utricularia bisquamata","LENTIBULARIACEAE","LENTIBULARIACEAE","Utricularia bisquamata","Schrank","Lentibulariaceae",0,1,"Annual",1,0,0,1,1,1,0,0,0,"Sep","Jan","","",12,1,0,0,0,0,0,0,0,0,0,0,0,0,0,0,0,"Leaf",1,0,0,0,0,0,0.5,0,0,"leaf","",0,"l","i","p"
"Vachellia karroo","Acacia karroo","FABACEAE","FABACEAE","Vachellia karroo","(Hayne) Banfi & Galasso","Fabaceae",1,0,"Perennial",1,0,0,1,0,0,0,1,0,"Nov","Dec","","",1200,0,0,0,0,0,1,1,0,0,0,0,0,0,0,0,0,"Leaf",0,1,0,1,0,0,1.3,0,0,"leaf","",3,"l","i","m"
"Vellereophyton dealbatum","Vellereophyton dealbatum","ASTERACEAE","ASTERACEAE","Vellereophyton dealbatum","(Thunb.) Hilliard & B.L.Burtt","Asteraceae",1,0,"Perennial",1,0,1,0,0,0,0,1,0,"Jul","Mar","","",20,1,0,0,0,0,0,0,1,0,0,0,0,0,0,0,0,"Leaf",0,1,0,0,0,0,2.5,0,0,"leaf","",2,"l","i","w"
"Villarsia capensis","Villarsia capensis","MENYANTHACEAE","MENYANTHACEAE","Villarsia capensis","(Houtt.) Merr.","Menyanthaceae",1,1,"Both",1,0,1,0,1,0,0,0,0,"Oct","Feb","","",20,1,0,0,0,0,0,0,0,0,0,0,0,0,0,0,0,"Leaf",0,0,1,0,0,0,3.88,0,0,"leaf","",2,"l","i","p"
"Virgilia oroboides","Virgilia oroboides","FABACEAE","FABACEAE","Virgilia oroboides","(P.J.Bergius) T.M.Salter","Fabaceae",1,0,"Perennial",1,0,0,1,0,0,0,0,0,"Jan","Apr","","",2000,0,0,0,0,0,0,1,0,0,0,0,0,0,0,0,0,"Leaf",0,0,1,1,0,0,2.7,0,0,"leaf","",2,"h","i","p"
"Viscum capense","Viscum capense","VISCACEAE","VISCACEAE","Viscum capense","L.f.","Santalaceae",1,0,"Perennial",0,1,1,0,0,0,0,0,0,"Jul","Oct","","",50,0,0,0,0,0,0,0,0,0,0,1,1,1,1,1,0,"Leaf",1,0,0,0,0,0,13.7,1,1,"mixed","",2,"l","i","m"
"Viscum pauciflorum","Viscum pauciflorum","VISCACEAE","VISCACEAE","Viscum pauciflorum","L.f.","Santalaceae",1,0,"Perennial",1,0,1,0,0,0,0,0,0,"Apr","Oct","","",75,0,0,0,0,0,0,0,0,0,0,1,1,1,1,1,0,"Leaf",0,0,1,0,0,0,3,0,1,"mixed","",2,"l","i","m"
"Viscum rotundifolium","Viscum rotundifolium","VISCACEAE","VISCACEAE","Viscum rotundifolium","L.f.","Santalaceae",1,0,"Perennial",1,0,1,0,0,0,0,0,0,"Feb","May","","",75,0,0,0,0,0,0,0,0,0,0,1,1,1,1,1,0,"Leaf",0,0,1,0,0,0,1.2,0,1,"mixed","",2,"l","i","m"
"Wachendorfia paniculata","Wachendorfia paniculata","HAEMODORACEAE","HAEMODORACEAE","Wachendorfia paniculata","L.","Haemodoraceae",1,0,"Perennial",1,0,1,0,0,0,0,1,0,"Aug","Nov","","",70,0,1,0,0,0,0,0,0,0,0,0,0,0,0,0,0,"Leaf",1,0,0,0,0,0,26.36666667,0,0,"leaf","",3,"m","i","m"
"Wahlenbergia albens","Wahlenbergia albens","CAMPANULACEAE","CAMPANULACEAE","Wahlenbergia albens","(Spreng. ex A.DC.) Lammers","Campanulaceae",1,0,"Perennial",1,0,1,0,0,1,0,0,0,"Oct","Jan","","",50,0,0,0,1,0,0,0,0,0,0,0,0,0,0,0,0,"Leaf",1,0,0,0,0,0,1,0,0,"leaf","",1,"m","i","p"
"Wahlenbergia cinerea","Wahlenbergia cinerea","CAMPANULACEAE","CAMPANULACEAE","Wahlenbergia cinerea","(L.f.) Lammers","Campanulaceae",1,0,"Perennial",1,0,1,0,0,1,0,0,0,"Nov","May","","",50,0,0,0,1,0,0,0,0,0,0,0,0,0,0,0,0,"Leaf",0,1,0,0,0,0,1,0,0,"leaf","",1,"m","i","p"
"Wahlenbergia desmantha","Wahlenbergia desmantha","CAMPANULACEAE","CAMPANULACEAE","Wahlenbergia desmantha","Lammers","Campanulaceae",1,0,"Perennial",1,0,1,0,0,1,0,0,0,"Jan","Apr","","",80,0,0,0,1,0,0,0,0,0,0,0,0,0,0,0,0,"Leaf",0,0,1,0,0,0,0.5,0,0,"leaf","",1,"m","i","p"
"Wahlenbergia ecklonii","Wahlenbergia ecklonii","CAMPANULACEAE","CAMPANULACEAE","Wahlenbergia ecklonii","H.Buek","Campanulaceae",1,0,"Perennial",1,0,1,0,0,1,0,0,0,"Oct","Dec","","",30,1,0,0,0,0,0,0,0,0,0,0,0,0,0,0,0,"Leaf",0,1,0,0,0,0,1,0,0,"leaf","",1,"m","i","p"
"Wahlenbergia fruticosa","Wahlenbergia fruticosa","CAMPANULACEAE","CAMPANULACEAE","Wahlenbergia fruticosa","Brehmer","Campanulaceae",1,0,"Perennial",1,0,1,0,0,1,0,0,0,"Feb","May","","",50,0,0,0,1,0,0,0,0,0,0,0,0,0,0,0,0,"Leaf",1,0,0,0,0,0,1,0,0,"leaf","",1,"m","i","p"
"Wahlenbergia macrostachys","Wahlenbergia macrostachys","CAMPANULACEAE","CAMPANULACEAE","Wahlenbergia macrostachys","(A.DC.) Lammers","Campanulaceae",1,0,"Perennial",1,0,1,0,0,1,0,0,0,"Sep","Jan","","",50,0,0,0,1,0,0,0,0,0,0,0,0,0,0,0,0,"Leaf",0,1,0,0,0,0,0.43,0,0,"leaf","",1,"m","i","p"
"Wahlenbergia neorigida","Wahlenbergia neorigida","CAMPANULACEAE","CAMPANULACEAE","Wahlenbergia neorigida","Lammers","Campanulaceae",1,0,"Perennial",1,0,1,0,0,1,0,0,0,"Nov","Apr","","",60,0,0,0,1,0,0,0,0,0,0,0,0,0,0,0,0,"Leaf",0,0,1,0,0,0,0.266363636,0,0,"leaf","",1,"m","i","p"
"Wahlenbergia obovata","Wahlenbergia obovata","CAMPANULACEAE","CAMPANULACEAE","Wahlenbergia obovata","Brehmer","Campanulaceae",0,1,"Annual",1,0,1,0,0,1,0,0,0,"Sep","Feb","","",50,1,0,0,0,0,0,0,0,0,0,0,0,0,0,0,0,"Leaf",0,0,1,0,0,0,1.5,0,0,"leaf","",0,"m","i","p"
"Wahlenbergia rubens","Wahlenbergia rubens","CAMPANULACEAE","CAMPANULACEAE","Wahlenbergia rubens","(H.Buek) Lammers","Campanulaceae",1,0,"Perennial",1,0,1,0,0,1,0,0,0,"Sep","Mar","","",50,0,0,0,1,0,0,0,0,0,0,0,0,0,0,0,0,"Leaf",0,1,0,0,0,0,0.7,0,0,"leaf","",1,"m","i","p"
"Wahlenbergia tenella","Wahlenbergia tenella","CAMPANULACEAE","CAMPANULACEAE","Wahlenbergia tenella","(L.f.) Lammers","Campanulaceae",1,0,"Perennial",1,0,1,0,0,1,0,0,0,"Nov","May","","",80,0,0,0,1,0,0,0,0,0,0,0,0,0,0,0,0,"Leaf",0,0,1,0,0,0,1.36,0,0,"leaf","",1,"m","i","p"
"Wahlenbergia unidentata","Wahlenbergia unidentata","CAMPANULACEAE","CAMPANULACEAE","Wahlenbergia unidentata","(L.f.) Lammers","Campanulaceae",1,0,"Perennial",1,0,1,0,0,1,0,0,0,"Dec","Apr","","",40,0,0,0,1,0,0,0,0,0,0,0,0,0,0,0,0,"Leaf",0,1,0,0,0,0,1,0,0,"leaf","",1,"m","i","p"
"Watsonia fourcadei","Watsonia fourcadei","IRIDACEAE","IRIDACEAE","Watsonia fourcadei","J.W.Mathews & L.Bolus","Iridaceae",1,0,"Perennial",1,0,0,1,0,1,0,1,0,"Nov","Jan","","",200,0,1,0,0,0,0,0,0,0,0,0,0,0,0,0,0,"Leaf",0,1,0,0,0,0,43.6,0,0,"leaf","",2,"h","i","w"
"Watsonia knysnana","Watsonia knysnana","IRIDACEAE","IRIDACEAE","Watsonia knysnana","L.Bolus","Iridaceae",1,0,"Perennial",1,0,0,1,0,1,0,1,0,"Nov","Jan","","",160,0,1,0,0,0,0,0,0,0,0,0,0,0,0,0,0,"Leaf",0,1,0,0,0,0,50,0,0,"leaf","",2,"h","i","w"
"Watsonia marginata","Watsonia marginata","IRIDACEAE","IRIDACEAE","Watsonia marginata","(L.f.) Ker Gawl.","Iridaceae",1,0,"Perennial",1,0,0,1,0,1,0,1,0,"Sep","Dec","","",200,0,1,0,0,0,0,0,0,0,0,0,0,0,0,0,0,"Leaf",0,1,0,0,0,0,50,0,0,"leaf","",2,"h","i","w"
"Watsonia meriana","Watsonia borbonica","IRIDACEAE","IRIDACEAE","Watsonia meriana","(L.) Mill.","Iridaceae",1,0,"Perennial",1,0,0,1,0,1,0,1,0,"Oct","Jan","","",200,0,1,0,0,0,0,0,0,0,0,0,0,0,0,0,0,"Leaf",0,1,0,0,0,0,35.01666667,0,0,"leaf","",2,"h","i","w"
"Watsonia schlechteri","Watsonia schlechteri","IRIDACEAE","IRIDACEAE","Watsonia schlechteri","L.Bolus","Iridaceae",1,0,"Perennial",1,0,0,1,0,1,1,1,0,"Nov","Feb","","",100,0,1,0,0,0,0,0,0,0,0,0,0,0,0,0,0,"Leaf",0,1,0,0,0,0,50,0,0,"leaf","",2,"h","i","w"
"Watsonia tabularis","Watsonia tabularis","IRIDACEAE","IRIDACEAE","Watsonia tabularis","J.W.Mathews & L.Bolus","Iridaceae",1,0,"Perennial",1,0,0,1,0,1,0,1,0,"Nov","Dec","","",150,0,1,0,0,0,0,0,0,0,0,0,0,0,0,0,0,"Leaf",0,1,0,0,0,0,58.13333333,0,0,"leaf","",2,"h","i","w"
"Watsonia vanderspuyiae","Watsonia vanderspuyiae","IRIDACEAE","IRIDACEAE","Watsonia vanderspuyae","L.Bolus","Iridaceae",1,0,"Perennial",1,0,0,1,0,1,0,1,0,"Sep","Nov","","",200,0,1,0,0,0,0,0,0,0,0,0,0,0,0,0,0,"Leaf",0,1,1,0,0,0,82.84,0,0,"leaf","",2,"h","i","w"
"Wiborgia tetraptera","Wiborgia tetraptera","FABACEAE","FABACEAE","Wiborgia tetraptera","E.Mey.","Fabaceae",1,0,"Perennial",1,0,0,1,0,1,0,0,0,"Sep","Nov","","",150,0,0,0,0,1,1,0,0,0,0,0,0,0,0,0,0,"Leaf",0,0,1,1,0,0,0.62,0,0,"leaf","",2,"h","i","w"
"Widdringtonia cedarbergensis","Widdringtonia cedarbergensis","CUPRESSACEAE","CUPRESSACEAE","Widdringtonia cedarbergensis","J.A.Marsh","Cupressaceae",1,0,"Perennial",1,0,1,0,0,0,0,0,0,"Jan","Apr","","",1000,0,0,0,0,0,0,1,0,0,0,0,0,0,0,0,0,"Leaf",0,0,1,0,0,0,2.94,0,0,"leaf","",3,"h","w","w"
"Widdringtonia nodiflora","Widdringtonia nodiflora","CUPRESSACEAE","CUPRESSACEAE","Widdringtonia nodiflora","(L.) Powrie","Cupressaceae",1,0,"Perennial",1,0,1,0,0,0,0,1,0,"Jan","Dec","","",500,0,0,0,0,0,1,1,0,0,0,0,0,0,0,0,0,"Leaf",0,0,1,0,0,0,4.716,0,0,"leaf","",3,"h","w","w"
"Willdenowia arescens","Willdenowia arescens","RESTIONACEAE","RESTIONACEAE","Willdenowia arescens","Kunth","Restionaceae",1,0,"Perennial",0,1,1,0,0,0,0,1,0,"Aug","Nov","","",100,0,0,1,0,0,0,0,0,0,0,0,0,0,0,0,0,"Leaf",1,0,0,0,0,0,43.2,1,1,"culm_stem","no",2,"h","w","i"
"Willdenowia bolusii","Willdenowia bolusii","RESTIONACEAE","RESTIONACEAE","Willdenowia bolusii","Pillans","Restionaceae",1,0,"Perennial",0,1,1,0,0,0,0,0,0,"Feb","Feb","","",100,0,0,1,0,0,0,0,0,0,0,0,0,0,0,0,0,"Leaf",1,0,0,0,0,0,93.8,1,1,"culm_stem","no",2,"h","w","i"
"Willdenowia glomerata","Willdenowia glomerata","RESTIONACEAE","RESTIONACEAE","Willdenowia glomerata","(Thunb.) H.P.Linder","Restionaceae",1,0,"Perennial",0,1,1,0,0,0,0,0,0,"Apr","Aug","","",100,0,0,1,0,0,0,0,0,0,0,0,0,0,0,0,0,"Leaf",1,0,0,0,0,0,68.88235294,1,1,"culm_stem","mixed",2,"h","w","i"
"Willdenowia humilis","Willdenowia humilis","RESTIONACEAE","RESTIONACEAE","Willdenowia humilis","Nees ex Mast.","Restionaceae",1,0,"Perennial",0,1,1,0,0,0,0,1,0,"Oct","Nov","","",30,0,0,1,0,0,0,0,0,0,0,0,0,0,0,0,0,"Leaf",1,0,0,0,0,0,70,1,1,"culm_stem","",2,"h","w","i"
"Willdenowia incurvata","Willdenowia incurvata","RESTIONACEAE","RESTIONACEAE","Willdenowia incurvata","(Thunb.) H.P.Linder","Restionaceae",1,0,"Perennial",0,1,1,0,0,0,0,1,0,"Jun","Jun","","",200,0,0,1,0,0,0,0,0,0,0,0,0,0,0,0,0,"Leaf",1,0,0,0,0,0,80.875,1,1,"culm_stem","mixed",2,"h","w","i"
"Willdenowia stokoei","Willdenowia stokoei","RESTIONACEAE","RESTIONACEAE","Willdenowia stokoei","Pillans","Restionaceae",1,0,"Perennial",0,1,1,0,0,0,0,1,0,"Oct","Oct","","",60,0,0,1,0,0,0,0,0,0,0,0,0,0,0,0,0,"Leaf",1,0,0,0,0,0,40,1,1,"culm_stem","",2,"h","w","i"
"Willdenowia sulcata","Willdenowia sulcata","RESTIONACEAE","RESTIONACEAE","Willdenowia sulcata","Mast.","Restionaceae",1,0,"Perennial",0,1,1,0,0,0,0,1,0,"Sep","Sep","","",50,0,0,1,0,0,0,0,0,0,0,0,0,0,0,0,0,"Leaf",1,0,0,0,0,0,36.28,1,1,"culm_stem","no",2,"h","w","i"
"Willdenowia teres","Willdenowia teres","RESTIONACEAE","RESTIONACEAE","Willdenowia teres","Thunb.","Restionaceae",1,0,"Perennial",0,1,1,0,0,0,0,1,0,"Sep","Sep","","",100,0,0,1,0,0,0,0,0,0,0,0,0,0,0,0,0,"Leaf",1,0,0,0,0,0,27.9875,1,1,"culm_stem","yes",2,"h","w","i"
"Zantedeschia aethiopica","Zantedeschia aethiopica","ARACEAE","ARACEAE","Zantedeschia aethiopica","(L.) Spreng.","Araceae",1,0,"Perennial",1,0,1,0,0,0,0,1,0,"Jun","Dec","","",100,0,1,0,0,0,0,0,0,0,0,0,0,0,0,0,0,"Leaf",0,0,1,0,0,0,23.94,0,0,"leaf","",2,"l","w","m"
"Zyrphelis microcephala","Zyrphelis microcephala","ASTERACEAE","ASTERACEAE","Zyrphelis microcephala","Nees","Asteraceae",1,0,"Perennial",1,0,1,0,0,1,0,0,0,"Sep","Apr","","",30,0,0,0,1,0,0,0,0,0,0,0,0,0,0,0,0,"Leaf",1,0,0,0,0,0,0.8,0,0,"leaf","",2,"h","w","i"
"Alatoseta tenuis","Alatoseta tenuis","ASTERACEAE","","Alatoseta tenuis","Compton","Asteraceae",0,1,"",1,0,0,0,1,1,0,0,0,"Oct","Oct","","",5,1,0,0,0,0,0,0,0,0,0,0,0,0,0,0,0,"Leaf",1,0,0,0,0,0,2,0,0,"leaf","0",0,"l","i","w"
"","Albuca cf. namaquensis","HYACINTHACEAE","",NA,NA,NA,1,0,"",1,0,0,1,1,1,0,1,0,"","","","",30,0,1,0,0,0,0,0,0,0,0,0,0,0,0,0,0,"Leaf",1,0,0,0,0,0,10,0,0,"leaf","0",2,"l","i","w"
"Albuca concordiana","Albuca concordiana","HYACINTHACEAE","HYACINTHACEAE","Albuca concordiana","Baker","Asparagaceae",1,0,"Perennial",1,0,0,1,1,1,0,0,0,"Aug","Sep",NA,NA,20,1,1,0,0,0,0,0,0,0,0,0,0,0,0,0,0,"Leaf",1,0,0,0,0,0,20,0,0,"leaf","0",2,"l","i","w"
"Aloe comosa","Aloe comosa","ASPHODELACEAE","","Aloe comosa","Marloth & A.Berger","Asphodelaceae",1,0,"",1,0,1,0,0,0,0,0,0,"","","","",200,0,0,0,0,1,0,0,0,0,0,0,0,1,1,1,0,"Leaf",0,1,0,0,0,0,70,0,0,"leaf","0",3,"l","b","w"
"Aloe dichotoma var. dichotoma","Aloe dichotoma var. dichotoma","ASPHODELACEAE","","Qualea cordata var. dichotoma","(Mart.) M.Lisboa & K.Yamam.","Vochysiaceae",1,0,"",1,0,1,0,0,0,0,0,0,"","","","",900,0,0,0,0,0,0,1,0,0,0,0,0,1,1,1,NA,"Leaf",0,1,0,0,0,0,30,0,0,"leaf","0",3,"l","b","w"
"Aloe microstigma","Aloe microstigma","ASPHODELACEAE","ASPHODELACEAE","Aloe microstigma","Salm-Dyck","Asphodelaceae",1,0,"Perennial",1,0,1,0,0,0,0,0,0,"May","Jul",NA,NA,50,0,0,0,0,0,0,0,0,0,0,0,NA,1,1,1,0,"Leaf",0,1,0,0,0,0,21,0,0,"leaf","0",3,"l","i,b","w"
"Alyssum minutum","Alyssum minutum","BRASSICACEAE","","Alyssum minutum","Patrin ex DC.","Brassicaceae",0,1,"",1,0,0,0,1,1,0,0,0,"","","","",12,1,0,0,0,0,0,0,0,0,0,0,0,0,0,0,0,"Leaf",0,1,0,0,0,0,1.5,0,0,"leaf","0",0,"l","i","w"
"Amphiglossa tomentosa","Amphiglossa tomentosa","ASTERACEAE","","Amphiglossa tomentosa","Harv.","Asteraceae",1,0,"",1,0,1,0,0,0,0,0,0,"Nov","Feb",NA,NA,60,0,0,0,1,0,0,0,0,0,0,0,0,0,0,0,0,"Leaf",1,0,0,0,0,0,1.3,0,0,"leaf","0",2,"h","i","w"
"Amphiglossa triflora","Amphiglossa triflora","ASTERACEAE","","Amphiglossa triflora","DC.","Asteraceae",1,0,"",1,0,1,0,0,0,0,0,0,"H",NA,NA,NA,50,0,0,0,1,0,0,0,0,0,0,0,0,0,0,0,0,"Leaf",1,0,0,0,0,0,0.6,0,0,"leaf","0",3,"m","i","w"
"Amsinckia calycina","Amsinckia calycina","BORAGINACEAE","","Amsinckia calycina","(Moris) Chater","Boraginaceae",0,1,"",1,0,0,0,1,1,0,0,0,"","","","",50,1,0,0,0,0,0,0,0,0,0,0,0,0,0,0,0,"Leaf",0,0,1,0,0,0,6,0,0,"leaf","0",0,"l","i","p"
"Amsinckia menziesii","Amsinckia menziesii","BORAGINACEAE","","Amsinckia menziesii","(Lehm.) A.Nelson & J.F.Macbr.","Boraginaceae",0,1,"",1,0,0,0,1,1,0,0,0,"","","","",50,1,0,0,0,0,0,0,0,0,0,0,0,0,0,0,0,"Leaf",0,0,1,0,0,0,9,0,0,"leaf","0",0,"l","i","p"
"Anacampseros albidiflora","Anacampseros albidiflora","PORTULACACEAE","","Anacampseros albidiflora","Poelln.","Anacampserotaceae",1,0,"",1,0,1,0,0,0,0,0,0,"","","","",12,1,0,0,0,0,0,0,0,0,0,0,0,1,1,1,0,"Leaf",0,1,0,0,0,0,0.3,0,0,"leaf","0",2,"l","m","w"
"Colchicum coloratum subsp. burchellii","Androcymbium burchellii","COLCHICACEAE","","Colchicum burchellii","(Baker) J.C.Manning & Vinn.","Colchicaceae",1,0,"",1,0,1,0,0,0,0,1,0,"","","","",10,1,1,0,0,0,0,0,0,0,0,0,0,0,0,0,0,"Leaf",0,0,1,0,0,0,21,0,0,"leaf","0",2,"l","m","w"
"Colchicum volutare","Androcymbium volutare","COLCHICACEAE","","Colchicum volutare","(Burch.) J.C.Manning & Vinn.","Colchicaceae",1,0,"",1,0,1,0,0,0,0,1,0,"","","","",15,1,1,0,0,0,0,0,0,0,0,0,0,0,0,0,0,"Leaf",0,1,0,0,0,0,15,0,0,"leaf","0",2,"l","m","w"
"Anginon fruticosum","Anginon fruticosum","APIACEAE","","Anginon fruticosum","I.Allison & B.-E.van Wyk","Apiaceae",1,0,"",1,0,1,0,0,0,0,0,0,"Jan","Apr",NA,NA,300,0,0,0,0,1,0,0,0,0,0,0,0,0,0,0,0,"Leaf",0,0,1,1,0,1,5.2,0,0,"leaf","0",2,"m","i","w"
"Anisodontea triloba","Anisodontea triloba","MALVACEAE","","Anisodontea triloba","(Thunb.) D.M.Bates","Malvaceae",1,0,"",1,0,1,0,0,0,0,0,0,"Sep","Oct",NA,NA,150,0,0,0,0,1,0,0,0,0,0,0,0,0,0,0,0,"Leaf",0,0,1,0,1,0,1.2,0,0,"leaf","0",2,"h","i","p"
"Anthospermum anthiopicum","Anthospermum anthiopicum","RUBIACEAE","","Anthospermum aethiopicum","L.","Rubiaceae",1,0,"",1,0,1,0,0,0,0,0,0,"Aug","Jan",NA,NA,200,0,0,0,0,1,0,0,0,0,0,0,0,0,0,0,0,"Leaf",1,0,0,0,0,0,1,0,0,"leaf","0",2,"h","w","p"
"Anthospermum dregei","Anthospermum dregei","RUBIACEAE","","Anthospermum dregei","Sond.","Rubiaceae",1,0,"",1,0,1,0,0,0,0,0,0,"Aug","Oct",NA,NA,40,0,0,0,1,0,0,0,0,0,0,0,0,0,0,0,0,"Leaf",1,0,0,0,0,0,1,0,0,"leaf","0",2,"h","w","p"
"Antimima gracillima","Antimima gracillima","AIZOACEAE","","Antimima gracillima","(L.Bolus) H.E.K.Hartmann","Aizoaceae",1,0,"",1,0,1,0,0,0,0,0,0,"Jul","Sep",NA,NA,30,0,0,0,1,0,0,0,0,0,0,0,0,1,1,0,0,"Leaf",0,1,0,0,0,0,1.3,0,0,"leaf","0",2,"l","i","p"
"Antimima triquetra","Antimima triquetra","AIZOACEAE","","Antimima triquetra","(L.Bolus) H.E.K.Hartmann","Aizoaceae",1,0,"",1,0,1,0,0,0,0,0,0,"Jun",NA,NA,NA,10,0,0,0,1,0,0,0,0,0,0,0,0,1,1,0,0,"Leaf",0,0,1,0,0,0,0.8,0,0,"leaf","0",2,"l","i","p"
"Aptosimum indivisum","Aptosimum  indivisum","SCROPHULARIACEAE","","Aptosimum indivisum","Burch. ex Benth.","Scrophulariaceae",1,0,"",1,0,1,0,0,0,0,0,0,"Aug","Dec",NA,NA,10,0,0,0,1,0,0,0,0,0,0,0,0,0,0,0,0,"Leaf",0,1,0,0,0,0,2.1,0,0,"leaf","0",3,"l","i","p"
"Aptosimum procumbens","Aptosimum procumbens","SCROPHULARIACEAE","","Aptosimum procumbens","(Lehm.) Burch. ex Steud.","Scrophulariaceae",1,0,"",1,0,1,0,0,0,0,0,0,"","","","",10,0,0,0,1,0,0,0,1,0,0,0,0,0,0,0,0,"Leaf",0,0,1,0,0,0,4,0,0,"leaf","0",3,"l","i","p"
"Aptosimum spinescens","Aptosimum spinescens","SCROPHULARIACEAE","","Aptosimum spinescens","(Thunb.) Emil Weber","Scrophulariaceae",1,0,"",1,0,1,0,0,0,0,0,0,"Oct","Dec",NA,NA,25,0,0,0,1,0,0,0,0,0,0,0,0,0,0,0,0,"Leaf",1,0,0,0,0,0,0.7,0,0,"leaf","0",3,"l","i","p"
"Arctotis fastuosa","Arctotis fastuosa","ASTERACEAE","","Arctotis fastuosa","Jacq.","Asteraceae",0,1,"",1,0,0,0,1,1,0,0,0,"","","","",50,1,0,0,0,0,0,0,0,0,0,0,0,0,0,0,0,"Leaf",0,1,0,1,1,NA,20,0,0,"leaf","0",0,"l","i","w"
"Mesembryanthemum noctiflora","Aridaria noctiflora","AIZOACEAE","","Mesembryanthemum noctiflorum","L.","Aizoaceae",1,0,"",1,0,1,0,0,0,0,0,0,"Oct","Nov",NA,NA,100,0,0,0,1,0,0,0,0,0,0,0,0,1,1,0,0,"Leaf",0,1,0,0,0,0,2,0,0,"leaf","0",3,"l","i","p"
"Aristida vestita","Aristida vestita","POACEAE","","Aristida vestita","Thunb.","Poaceae",1,0,"",1,0,0,0,0,0,0,0,0,"I",NA,NA,NA,85,0,0,1,0,0,0,0,0,0,0,0,0,0,0,0,0,"Leaf",1,0,0,0,0,0,20,0,1,"leaf","0",2,"h","w","w"
"Asparagus asparagoides","Asparagus asparagoides","ASPARAGACEAE","","Asparagus asparagoides","(L.) Druce","Asparagaceae",1,0,"",1,0,1,0,0,0,0,1,0,"","","","",100,0,1,0,0,1,0,0,1,0,0,0,0,0,0,0,0,"Cladodes",0,0,1,0,0,0,2,0,0,"leaf","0",3,"m","i","m"
"Asparagus multituberosus","Asparagus multituberosus","ASPARAGACEAE","","Asparagus multituberosus","R.A.Dyer","Asparagaceae",1,0,"",1,0,1,0,0,0,0,1,0,"","","","",45,0,1,0,1,0,0,0,1,0,0,0,0,0,0,0,0,"Cladodes",0,0,1,0,0,0,2,0,0,"leaf","0",3,"m","i","m"
"Asparagus ovatus","Asparagus ovatus","ASPARAGACEAE","","Asparagus ovatus","T.M.Salter","Asparagaceae",1,0,"",1,0,1,0,0,0,0,1,0,"Jul",NA,NA,NA,100,0,1,0,1,1,0,0,1,0,0,0,0,0,0,0,0,"Cladodes",0,0,1,0,0,0,2,0,0,"leaf","0",2,"l","i","m"
"Athanasia minuta","Athanasia minuta","ASTERACEAE","","Athanasia minuta","(L.f.) Källersjö","Asteraceae",1,0,"",1,0,1,0,0,0,0,0,0,"","","","",25,0,0,0,1,0,0,0,0,0,0,0,0,0,0,0,0,"Leaf",1,0,0,0,0,0,2,0,0,"leaf","0",2,"l","i","w"
"Atriplex cinerea","Atriplex cinerea subsp bolusii","AMARANTHACEAE","","Atriplex cinerea","Poir.","Amaranthaceae",1,0,"",1,0,1,0,0,0,0,0,0,"Sep","Oct",NA,NA,60,0,0,0,1,0,0,0,0,0,0,0,0,0,0,0,0,"Leaf",0,0,1,0,0,0,3,0,0,"leaf","0",2,"l","u","p"
"Atriplex lindleyi","Atriplex lindleyi","AMARANTHACEAE","","Atriplex lindleyi","Moq.","Amaranthaceae",1,0,"",1,0,1,0,0,0,0,0,0,"May","Oct",NA,NA,30,1,0,0,0,0,0,0,0,0,0,0,0,0,0,0,0,"Leaf",0,0,1,0,0,0,2,0,0,"leaf","0",1,"l","u","p"
"Atriplex semibaccata","Atriplex semibaccata","AMARANTHACEAE","","Atriplex semibaccata","R.Br.","Amaranthaceae",1,0,"",1,0,1,0,0,0,0,0,0,"Sep","Dec",NA,NA,30,1,0,0,0,0,0,0,1,0,0,0,0,0,0,0,0,"Leaf",0,1,0,0,0,0,1.5,0,0,"leaf","0",1,"l","u","p"
"Augea capensis","Augea capensis","ZYGOPHYLLACEAE","","Zygophyllum augea","Christenh. & Byng","Zygophyllaceae",1,0,"",1,0,1,0,0,0,0,0,0,"Aug","Oct",NA,NA,40,0,0,0,1,0,0,0,0,0,0,0,0,1,1,1,0,"Leaf",0,1,0,0,0,0,5,0,0,"leaf","0",1,"l","i","w"
"Babiana flabellifolia","Babiana flabellifolia","IRIDACEAE","","Babiana flabellifolia","Harv. ex Klatt","Iridaceae",1,0,"",1,0,1,0,0,0,0,1,0,"","","","",10,0,1,0,0,0,0,0,0,0,0,0,0,0,0,0,0,"Leaf",0,1,0,0,0,0,5,0,0,"leaf","0",3,"l","i","w"
"Babiana framesii","Babiana framesii","IRIDACEAE","","Babiana framesii","L.Bolus","Iridaceae",1,0,"",1,0,1,0,0,0,0,1,0,"","","","",10,0,1,0,0,0,0,0,0,0,0,0,0,0,0,0,0,"Leaf",0,1,0,0,0,0,10,0,0,"leaf","0",3,"l","i","w"
"Babiana pauciflora","Babiana pauciflora","IRIDACEAE","","Babiana pauciflora","G.J.Lewis","Iridaceae",1,0,"",1,0,1,0,1,1,0,1,0,"Jun",NA,NA,NA,10,0,1,0,0,0,0,0,0,0,0,0,0,0,0,0,0,"Leaf",1,0,0,0,0,0,10,0,0,"leaf","0",2,"l","i","w"
"Babiana sambucina ","Babiana sambucina var longibracteata","IRIDACEAE","","Babiana sambucina","(Jacq.) Ker Gawl.","Iridaceae",1,0,"",1,0,1,0,1,1,0,1,0,"Jul","Sep",NA,NA,15,0,1,0,0,0,0,0,0,0,0,0,0,0,0,0,0,"Leaf",1,0,0,0,0,0,23,0,0,"leaf","0",2,"l","i","w"
"Babiana spathacea","Babiana spathaceae","IRIDACEAE","","Babiana spathacea","(L.f.) Ker Gawl.","Iridaceae",1,0,"",1,0,1,0,0,0,0,1,0,"","","","",40,0,1,0,0,0,0,0,0,0,0,0,0,0,0,0,0,"Leaf",0,1,0,0,0,0,30,0,0,"leaf","0",3,"l","i","w"
"Berkheya eriobasis","Berkheya eriobasis","ASTERACEAE","","Berkheya eriobasis","(DC.) Roessler","Asteraceae",1,0,"",1,0,1,0,0,0,0,1,0,"Oct","Dec",NA,NA,100,0,0,0,1,0,0,0,0,0,0,0,0,0,0,0,0,"Leaf",0,1,0,0,1,1,10,0,0,"leaf","0",2,"m","i","w"
"Berkheya fruticosa","Berkheya fruticosa","ASTERACEAE","","Berkheya fruticosa","Ehrh.","Asteraceae",1,0,"",1,0,1,0,0,0,0,0,0,"","","","",150,0,0,0,0,1,0,0,0,0,0,0,0,0,0,0,0,"Leaf",0,1,0,0,0,0,5,0,0,"leaf","0",2,"m","i","w"
"Berkheya glabrata","Berkheya glabrata","ASTERACEAE","","Berkheya glabrata","(Thunb.) Fourc.","Asteraceae",1,0,"",1,0,1,0,0,0,0,0,0,"R",NA,NA,NA,100,0,0,0,1,0,0,0,0,0,0,0,0,0,0,0,0,"Leaf",0,1,0,0,1,1,20,0,0,"leaf","0",2,"m","i","w"
"Berkheya heterophylla","Berkheya heterophylla","ASTERACEAE","","Berkheya heterophylla","O.Hoffm.","Asteraceae",1,0,"",1,0,1,0,0,0,0,0,0,"Sep","Jan",NA,NA,100,0,0,0,1,0,0,0,0,0,0,0,0,0,0,0,0,"Leaf",0,1,0,0,1,1,20,0,0,"leaf","0",2,"m","i","w"
"Berkheya onobromoides","Berkheya onobromoides","ASTERACEAE","","Berkheya onobromoides","O.Hoffm. & Muschl.","Asteraceae",1,0,"",1,0,1,0,0,0,0,0,0,"","","","",100,0,0,0,1,0,0,0,0,0,0,0,0,0,0,0,0,"Leaf",0,1,0,1,1,NA,40,0,0,"leaf","0",2,"m","i","w"
"Boophane disticha","Boophane disticha","AMARYLLIDACEAE","","Boophone disticha","Herb.","Amaryllidaceae",1,0,"",1,0,0,1,0,0,0,1,0,"","","","",50,0,1,0,0,0,0,0,0,0,0,0,0,1,0,1,0,"Leaf",1,0,0,0,0,0,30,0,0,"leaf","0",3,"l","m","w"
"Bromus pectinatus","Bromus pectinatus","POACEAE","","Bromus pectinatus","Thunb.","Poaceae",0,1,"",1,0,0,0,1,1,0,0,0,"Jul","Nov",NA,NA,80,0,0,1,0,0,0,0,0,0,0,0,0,0,0,0,0,"Leaf",1,0,0,0,0,0,10,0,0,"leaf","0",0,"l","w","p"
"Brunsvigia bosmaniae","Brunsvigia bosmaniae","AMARYLLIDACEAE","","Brunsvigia bosmaniae","F.M.Leight.","Amaryllidaceae",1,0,"",1,0,0,1,1,1,0,0,0,"Mar","May",NA,NA,20,0,1,0,0,0,0,0,0,0,0,0,0,0,0,0,0,"Leaf",0,1,0,0,0,0,35,0,0,"leaf","0",3,"l","m","w"
"Brunsvigia striata","Brunsvigia cf. minor","AMARYLLIDACEAE","","Brunsvigia nervosa","(Poir.)","Amaryllidaceae",1,0,"",1,0,0,1,0,0,0,1,0,"","","","",35,0,1,0,0,0,0,0,0,0,0,0,0,0,0,0,0,"Leaf",0,1,0,0,0,0,20,0,0,"leaf","0",3,"l","m","w"
"Bulbine aloides","Bulbine aloides","ASPHODELACEAE","","Bulbine alooides","Willd.","Asphodelaceae",1,0,"",1,0,0,1,1,1,0,0,0,"Mar","May",NA,NA,40,0,1,0,0,0,0,0,0,0,0,0,0,1,1,0,0,"Leaf",1,0,0,0,0,0,15,0,0,"leaf","0",2,"l","i","w"
"Bulbinella nutans","Bulbine nutans","ASPHODELACEAE","","Bulbinella nutans","(Thunb.) T.Durand & Schinz","Asphodelaceae",1,0,"",1,0,1,0,1,1,0,0,0,"Jul","Oct",NA,NA,100,0,1,0,0,0,0,0,0,0,0,0,0,0,0,0,0,"Leaf",1,0,0,0,0,0,45,0,0,"leaf","0",2,"l","i","w"
"Bulbine praemorsa","Bulbine praemorsa","ASPHODELACEAE","","Bulbine praemorsa","(Jacq.) Spreng.","Asphodelaceae",1,0,"",1,0,1,0,0,0,0,0,0,"","","","",60,0,1,0,0,0,0,0,0,0,0,0,0,1,1,0,0,"Leaf",1,0,0,0,0,0,4,0,0,"leaf","0",2,"l","i","w"
"Bulbine succulenta","Bulbine succulenta","ASPHODELACEAE","","Bulbine succulenta","Compton","Asphodelaceae",1,0,"",1,0,1,0,1,1,0,0,0,"Jul","Sep",NA,NA,20,0,1,0,0,0,0,0,0,0,0,0,0,1,0,0,0,"Leaf",1,0,0,0,0,0,10,0,0,"leaf","0",2,"l","i","w"
"Bulbine torta","Bulbine torta","ASPHODELACEAE","","Bulbine torta","N.E.Br.","Asphodelaceae",1,0,"",1,0,0,1,1,1,1,1,0,"","","","",25,1,1,0,0,0,0,0,0,0,0,0,0,1,1,0,0,"Leaf",1,0,0,0,0,0,10,0,0,"leaf","0",3,"l","i","w"
"Capsella bursa-pastoris","Capsella bursa-pastoris","BRASSICACEAE","","Capsella bursa-pastoris","Medik.","Brassicaceae",0,1,"",1,0,0,0,1,1,0,0,0,"","","","",45,1,0,0,0,0,0,0,0,0,0,0,0,0,0,0,0,"Leaf",0,1,0,0,1,0,8,0,0,"leaf","0",0,"l","i","p"
"Cephalophyllum curtophyllum","Cephalophyllum curtophyllum","AIZOACEAE","","Cephalophyllum curtophyllum","(L.Bolus) Schwantes","Aizoaceae",1,0,"",1,0,1,0,0,0,0,0,0,"Aug",NA,NA,NA,10,0,0,0,1,0,0,0,1,0,0,0,0,1,1,0,0,"Leaf",0,1,0,0,0,0,5,0,0,"leaf","0",3,"l","i","p"
"Cephalophyllum framesii","Cephalophyllum framesii","AIZOACEAE","","Cephalophyllum framesii","L.Bolus","Aizoaceae",1,0,"",1,0,1,0,0,0,0,0,0,"Jun","Aug",NA,NA,10,0,0,0,1,0,0,0,1,0,0,0,0,1,1,0,0,"Leaf",0,1,0,0,0,0,7,0,0,"leaf","0",3,"l","i","p"
"Cephalophyllum hallii","Cephalophyllum hallii","AIZOACEAE","","Cephalophyllum hallii","L.Bolus","Aizoaceae",1,0,"",1,0,1,0,0,0,0,0,0,"","","","",8,0,0,0,1,0,0,0,0,0,0,0,0,1,1,0,0,"Leaf",0,1,0,0,0,0,5,0,0,"leaf","0",3,"l","i","p"
"Chaenostoma caeruleum","Chaenostoma caeruleum","SCROPHULARIACEAE","","Chaenostoma caeruleum","(L.f.) Kornhall","Scrophulariaceae",1,0,"",1,0,1,0,0,0,0,0,0,"Jul","Oct",NA,NA,100,0,0,0,1,0,0,0,0,0,0,0,0,0,0,0,0,"Leaf",0,1,0,0,0,0,2.5,0,0,"leaf","0",2,"l","i","p"
"Chaetobromus involucratus","Chaetobromus involucratus","POACEAE","","Chaetobromus involucratus","(Schrad.) Nees","Poaceae",1,0,"",1,0,1,0,0,0,0,1,0,"","","","",60,0,0,1,0,0,0,0,0,0,0,0,0,0,0,0,0,"Leaf",1,0,0,0,0,0,25,0,1,"mixed","0",2,"h","w","w"
"Cheiridopsis namaquensis","Cheiridopsis namaquensis","AIZOACEAE","","Cheiridopsis namaquensis","(Sond.) H.E.K.Hartmann","Aizoaceae",1,0,"",1,0,1,0,0,0,0,0,0,"Jul","Sep",NA,NA,5,0,0,0,0,0,0,0,0,0,0,0,0,1,1,0,0,"Leaf",0,1,0,0,0,0,4,0,0,"leaf","0",3,"l","i","p"
"Chlorophytum undulatum","Chlorophytum undulatum","AGAVACEAE","","Chlorophytum graminifolium","(Willd.) Kunth","Asparagaceae",1,0,"",1,0,0,1,1,1,0,0,0,"Jul","Oct",NA,NA,60,0,1,0,0,0,0,0,0,0,0,0,0,0,0,0,0,"Leaf",0,1,0,0,0,0,15,0,0,"leaf","0",2,"l","i","w"
"Chrysocoma oblongifolia","Chrysocoma oblongifolia","ASTERACEAE","","Chrysocoma oblongifolia","DC.","Asteraceae",1,0,"",1,0,1,0,0,0,0,0,0,"","","","",30,0,0,0,1,0,0,0,0,0,0,0,0,0,0,0,0,"Leaf",0,1,0,0,0,0,2,0,0,"leaf","0",3,"m","i","w"
"Cladoraphis spinosa","Cladoraphis spinosa","POACEAE","","Cladoraphis spinosa","(L.f.) S.M.Phillips","Poaceae",1,0,"",1,0,1,0,0,0,0,0,0,"Aug","May",NA,NA,60,0,0,1,0,0,0,0,0,0,0,0,0,0,0,0,0,"Leaf",0,1,0,0,0,0,5,0,1,"mixed","0",2,"l","w","w"
"Cleretum bellidiforme","Cleretum bellidiforme","AIZOACEAE","","Cleretum bellidiforme","(Burm.f.) G.D.Rowley","Aizoaceae",0,1,"",1,0,0,0,1,1,0,0,0,"Aug","Sep",NA,NA,5,1,0,0,0,0,0,0,0,0,0,0,0,1,1,0,0,"Leaf",0,0,1,0,0,0,3,0,0,"leaf","0",0,"l","i","p"
"Cleretum lyratifolium","Cleretum lyratifolium","AIZOACEAE","","Cleretum lyratifolium","Ihlenf. & Struck","Aizoaceae",0,1,"",1,0,0,0,1,1,0,0,0,"","","","",5,1,0,0,0,0,0,0,0,0,0,0,0,1,1,0,0,"Leaf",0,1,0,0,0,0,4,0,0,"leaf","0",0,"l","i","p"
"Cleretum maughanii","Cleretum maughanii","AIZOACEAE","","Cleretum maughanii","(N.E.Br.) Klak","Aizoaceae",0,1,"",1,0,0,0,1,1,0,0,0,"Jul","Sep",NA,NA,10,1,0,0,0,0,0,0,0,0,0,0,0,1,1,0,0,"Leaf",0,0,1,0,0,0,5,0,0,"leaf","0",0,"l","i","p"
"Cleretum papulosum","Cleretum papulosum","AIZOACEAE","","Cleretum papulosum","(L.f.) L.Bolus","Aizoaceae",0,1,"",1,0,0,0,1,1,0,0,0,"","","","",5,1,0,0,0,0,0,0,0,0,0,0,0,1,1,0,0,"Leaf",0,1,0,0,0,0,4,0,0,"leaf","0",0,"l","i","p"
"Cliffortia arborea","Cliffortia arborea","ROSACEAE","","Cliffortia arborea","Marloth","Rosaceae",1,0,"",1,1,1,0,0,0,0,1,1,"Nov",NA,NA,NA,500,0,0,0,0,0,1,1,0,0,0,0,0,0,0,0,0,"Leaf",0,1,0,0,0,0,2,0,0,"leaf","0",3,"h","w","p"
"Colchicum albomarginatum","Colchicum albomarginatum","COLCHICACEAE","","Colchicum albomarginatum","(Schinz) J.C.Manning & Vinn.","Colchicaceae",1,0,"",1,0,0,1,1,1,0,1,0,"","","","",10,1,1,0,0,0,0,0,0,0,0,0,0,0,0,0,0,"Leaf",0,0,1,0,0,0,15,0,0,"leaf","0",2,"l","m","p"
"Colchicum capense subsp. ciliolatum","Colchicum capense subsp. ciliolatum","COLCHICACEAE","","Colchicum capense subsp. ciliolatum","(Schltr. & K.Krause) J.C.Manning & Vinn.","Colchicaceae",1,0,"",1,0,0,1,1,1,0,1,0,"","","","",12,1,1,0,0,0,0,0,0,0,0,0,0,0,0,0,0,"Leaf",0,1,0,0,0,0,12,0,0,"leaf","0",2,"l","m","p"
"Colchicum crispum","Colchicum crispum","COLCHICACEAE","","Colchicum crispum","(Schinz) J.C.Manning & Vinn.","Colchicaceae",1,0,"",1,0,0,1,1,1,0,0,0,"Jul","Aug",NA,NA,10,1,1,0,0,0,0,0,0,0,0,0,0,0,0,0,0,"Leaf",0,1,0,0,0,0,10,0,0,"leaf","0",2,"l","m","p"
"Convolvulus capensis","Convolvulus capensis","CONVOLVULACEAE","","Convolvulus capensis","Burm.f.","Convolvulaceae",1,0,"",1,0,1,0,0,0,0,0,0,"Sep","Oct",NA,NA,200,0,0,0,0,0,0,0,1,1,0,0,0,0,0,0,0,"Leaf",0,0,1,0,1,0,2,0,0,"leaf","0",2,"l","i","w"
"Nidorella ivifolia","Conyza scabrida","ASTERACEAE","","Nidorella ivifolia","(L.) J.C.Manning & Goldblatt","Asteraceae",1,0,"",1,0,1,0,0,0,0,0,0,"Nov","Apr",NA,NA,200,0,0,0,0,1,0,0,0,0,0,0,0,0,0,0,0,"Leaf",0,1,0,0,0,0,5,0,0,"leaf","0",2,"m","i","w"
"Cotula barbata","Cotula barbata","ASTERACEAE","","Cotula barbata","DC.","Asteraceae",0,1,"",1,0,0,0,1,1,0,0,0,"","","","",15,1,0,0,0,0,0,0,0,0,0,0,0,0,0,0,0,"Leaf",1,0,0,0,1,1,5,0,0,"leaf","0",0,"l","i","w"
"Cotula bipinnata","Cotula bipinnata","ASTERACEAE","","Cotula bipinnata","Thunb.","Asteraceae",0,1,"",1,0,0,0,1,1,0,0,0,"","","","",30,1,0,0,0,0,0,0,0,0,0,0,0,0,0,0,0,"Leaf",0,1,0,0,1,1,5,0,0,"leaf","0",0,"l","i","w"
"Cotula microglossa","Cotula microglossa","ASTERACEAE","","Cotula microglossa","O.Hoffm. & Kuntze ex Kuntze","Asteraceae",0,1,"",1,0,0,0,1,1,0,0,0,"Sep","Oct",NA,NA,10,1,0,0,0,0,0,0,0,0,0,0,0,0,0,0,0,"Leaf",0,1,0,0,1,1,5,0,0,"leaf","0",0,"l","i","w"
"Cotula nudicaulis","Cotula nudicaulis","ASTERACEAE","","Cotula nudicaulis","Thunb.","Asteraceae",0,1,"",1,0,0,0,1,1,0,0,0,"Jul","Sep",NA,NA,15,1,0,0,0,0,0,0,0,0,0,0,0,0,0,0,0,"Leaf",0,1,0,0,1,1,2,0,0,"leaf","0",0,"l","i","w"
"Cotula sororia","Cotula sororia","ASTERACEAE","","Cotula sororia","DC.","Asteraceae",0,1,"",1,0,0,0,1,1,0,0,0,"",NA,NA,NA,15,1,0,0,0,0,0,0,0,0,0,0,0,0,0,0,0,"Leaf",0,1,0,0,1,1,2,0,0,"leaf","0",0,"l","i","w"
"Crassula alpestris","Crassula alpestris","CRASSULACEAE","","Crassula alpestris","Thunb.","Crassulaceae",1,0,"",1,0,1,0,0,0,NA,0,0,"","","","",8,1,0,0,0,0,0,0,0,0,0,0,0,1,1,0,0,"Leaf",0,1,0,0,0,0,2,0,0,"leaf","0",3,"l","i","p"
"Crassula barbata","Crassula barbata","CRASSULACEAE","","Crassula barbata","Thunb.","Crassulaceae",1,0,"",1,0,1,0,0,0,0,0,0,"Sep","Nov",NA,NA,10,1,0,0,0,0,0,0,0,0,0,0,0,1,1,0,0,"Leaf",0,0,1,0,0,0,4,0,0,"leaf","0",2,"l","i","p"
"Crassula dichotoma","Crassula dichotoma","CRASSULACEAE","","Crassula dichotoma","L.","Crassulaceae",0,1,"",1,0,0,0,1,1,0,0,0,"","","","",20,1,0,0,0,0,0,0,0,0,0,0,0,1,1,0,0,"Leaf",0,0,1,0,0,0,1,0,0,"leaf","0",0,"l","i","p"
"Crassula glomerata","Crassula glomerata","CRASSULACEAE","","Crassula glomerata","P.J.Bergius","Crassulaceae",0,1,"",1,0,0,0,1,1,0,0,0,"","","","",15,1,0,0,0,0,0,0,0,0,0,0,0,1,1,0,0,"Leaf",0,1,0,0,0,0,0.7,0,0,"leaf","0",0,"l","i","p"
"Crassula sericea","Crassula sericea","CRASSULACEAE","","Crassula sericea","Schönland","Crassulaceae",1,0,"",1,0,1,0,0,0,0,0,0,"","","","",20,0,0,0,1,0,0,0,0,0,0,0,0,1,1,0,0,"Leaf",0,0,1,0,0,0,3.5,0,0,"leaf","0",3,"l","i","p"
"Crassula subaphylla","Crassula subaphylla","CRASSULACEAE","","Crassula subaphylla","Harv.","Crassulaceae",1,0,"",1,0,1,0,0,0,0,0,0,"","","","",80,0,0,0,1,0,0,0,0,0,0,0,0,1,1,0,0,"Leaf",1,1,0,0,0,0,4,0,0,"leaf","0",3,"l","i","p"
"Crassula thunbergiana","Crassula thunbergiana","CRASSULACEAE","","Crassula thunbergiana","Roem. & Schult.","Crassulaceae",0,1,"",1,0,0,0,1,1,0,0,0,"","","","",8,1,0,0,0,0,0,0,1,0,0,0,0,1,1,0,0,"Leaf",1,1,0,0,0,0,1.2,0,0,"leaf","0",0,"l","i","p"
"Crassula umbella","Crassula umbella","CRASSULACEAE","","Crassula umbella","Jacq.","Crassulaceae",0,1,"",1,0,0,0,1,1,0,0,0,"Jul","Oct",NA,NA,10,1,0,0,0,0,0,0,0,0,0,0,0,1,1,0,0,"Leaf",0,0,1,0,0,0,8,0,0,"leaf","0",0,"l","i","p"
"Crassula vaillantii","Crassula vaillantii","CRASSULACEAE","","Crassula vaillantii","Roth","Crassulaceae",0,1,"",1,0,0,0,1,1,0,0,0,"","","","",15,1,0,0,0,0,0,0,0,0,0,0,0,1,1,0,0,"Leaf",1,0,0,0,0,0,0.4,0,0,"leaf","0",0,"l","i","p"
"Cromidon corrigioloides","Cromidon corrigioloides","SCROPHULARIACEAE","","Cromidon corrigioloides","(Rolfe) Compton","Scrophulariaceae",0,1,"",1,0,0,0,1,1,0,0,0,"","","","",15,1,0,0,0,0,0,0,0,0,0,0,0,0,0,0,0,"Leaf",0,1,0,0,0,0,0.6,0,0,"leaf","0",0,"l","i","p"
"Cromidon varicalyx","Cromidon varicalyx","SCROPHULARIACEAE","","Cromidon varicalyx","Hilliard","Scrophulariaceae",0,1,"",1,0,0,0,1,1,0,0,0,"","","","",10,1,0,0,0,0,0,0,0,0,0,0,0,0,0,0,0,"Leaf",0,1,0,0,0,0,2,0,0,"leaf","0",0,"l","i","p"
"Crossyne guttata","Crossyne guttata","AMARYLLIDACEAE","","Crossyne guttata","(L.) D.Müll.-Doblies & U.Müll.-Doblies","Amaryllidaceae",1,0,"",1,0,0,1,1,0,1,1,0,"Feb","Apr",NA,NA,45,0,1,0,0,0,0,0,0,0,0,0,0,0,0,0,0,"Leaf",0,1,0,0,0,0,30,0,0,"leaf","0",3,"l","i","w"
"Cyperus marginatus","Cyperus marginatus","CYPERACEAE","","Cyperus marginatus","Thunb.","Cyperaceae",1,0,"",1,0,1,0,0,0,0,0,0,"","","","",150,0,0,1,0,0,0,0,0,0,0,0,0,0,0,0,0,"Leaf",1,0,0,0,0,0,100,1,1,"mixed","0",2,"h","w","w"
"Cyphia volubilis","Cyphia volubilis","LOBELIACEAE","","Cyphia volubilis","Willd.","Campanulaceae",1,0,"",1,0,1,0,1,1,0,1,0,"Aug","Sep",NA,NA,50,0,1,0,0,0,0,0,0,1,0,0,0,0,0,0,0,"Leaf",1,0,0,0,0,0,2,0,1,"mixed","0",2,"l","i","p"
"Cysticapnos vesicaria","Cysticapnos vesicaria","FUMARIACEAE","","Cysticapnos vesicaria","(L.) Fedde","Papaveraceae",0,1,"",1,0,0,0,1,1,0,0,0,"","","","",100,1,0,0,0,0,0,0,1,0,0,0,0,0,0,0,0,"Leaf",0,1,0,0,1,1,1.5,0,0,"leaf","0",0,"l","i","p"
"Deverra denudata","Deverra denudata","APIACEAE","","Deverra denudata","(Viv.) Pfisterer & Podlech","Apiaceae",1,0,"",1,0,0,1,0,0,0,1,0,"","","","",200,0,0,0,0,1,0,0,0,0,0,0,0,0,0,0,0,"Leaf",1,0,0,1,1,1,5,1,1,"mixed",NA,3,"m","w","p"
"Diascia macrophylla","Diascia macrophylla","SCROPHULARIACEAE","","Diascia macrophylla","(Thunb.) Spreng.","Scrophulariaceae",0,1,"",1,0,0,0,1,1,0,0,0,"","","","",60,1,0,0,0,0,0,0,0,0,0,0,0,0,0,0,0,"Leaf",0,0,1,0,0,0,1.5,0,0,"leaf","0",0,"l","i","p"
"Diascia namaquensis","Diascia namaquensis","SCROPHULARIACEAE","","Diascia namaquensis","Hiern","Scrophulariaceae",0,1,"",1,0,0,0,1,1,0,0,0,"","","","",40,1,0,0,0,0,0,0,0,0,0,0,0,0,0,0,0,"Leaf",0,1,1,0,1,0,2,0,0,"leaf","0",0,"l","i","p"
"Diascia nana","Diascia nana","SCROPHULARIACEAE","","Diascia nana","Diels","Scrophulariaceae",0,1,"",1,0,0,0,1,1,0,0,0,"","","","",13,1,0,0,0,0,0,0,0,0,0,0,0,0,0,0,0,"Leaf",0,0,1,0,1,0,2,0,0,"leaf","0",0,"l","i","p"
"Didelta spinosa","Didelta spinosa","ASTERACEAE","","Didelta spinosa","Aiton","Asteraceae",1,0,"",1,0,1,0,0,0,0,0,0,"Jul","Sep",NA,NA,200,0,0,0,0,1,0,0,0,0,0,0,0,0,1,0,0,"Leaf",0,0,1,0,0,0,4,0,0,"leaf","0",3,"l","i","w"
"Dimorphotheca cuneata","Dimorphotheca cuneata","ASTERACEAE","","Dimorphotheca cuneata","DC.","Asteraceae",1,0,"",1,0,1,0,0,0,0,0,0,"Sep","Nov",NA,NA,50,0,0,0,1,0,0,0,0,0,0,0,0,0,0,0,0,"Leaf",0,0,1,0,0,0,2,0,0,"leaf","0",3,"l","i","w"
"Dimorphotheca pinnata","Dimorphotheca pinnata","ASTERACEAE","","Osteospermum pinnatum","(Thunb.) Norl.","Asteraceae",0,1,"",1,0,0,0,1,1,0,0,0,"Jul","Sep",NA,NA,15,1,0,0,0,0,0,0,0,0,0,0,0,0,0,0,0,"Leaf",1,0,0,0,0,1,4,0,0,"leaf","0",0,"l","i","w"
"Dimorphotheca pluvialis","Dimorphotheca pluvialis","ASTERACEAE","","Dimorphotheca pluvialis","Moench","Asteraceae",0,1,"",1,0,0,0,1,1,0,0,0,"Aug","Oct",NA,NA,30,1,0,0,0,0,0,0,0,0,0,0,0,0,0,0,0,"Leaf",0,1,0,0,1,0,3,0,0,"leaf","0",0,"l","i","w"
"Dimorphotheca sinuata","Dimorphotheca sinuata","ASTERACEAE","","Dimorphotheca sinuata","DC.","Asteraceae",0,1,"",1,0,0,0,1,1,0,0,0,"","","","",30,1,0,0,0,0,0,0,0,0,0,0,0,0,0,0,0,"Leaf",0,1,0,0,1,0,3,0,0,"leaf","0",0,"l","i","w"
"Disperis purpurata","Disperis purpurata","ORCHIDACEAE","","Disperis purpurata","Rchb.f.","Orchidaceae",1,0,"",1,0,0,1,1,1,1,1,0,"","","","",20,1,1,0,0,0,0,0,0,0,0,0,0,0,0,0,0,"Leaf",0,0,1,0,0,0,5,0,0,"leaf","0",2,"l","i","p"
"Drimia physodes","Drimia physodes","HYACINTHACEAE","","Fusifilum physodes","(Jacq.) Raf. ex Speta","Asparagaceae",1,0,"",1,0,0,1,1,1,0,1,0,"Oct","Apr",NA,NA,15,0,1,0,0,0,0,0,0,0,0,0,0,0,0,0,0,"Leaf",1,0,0,0,0,0,10,0,0,"leaf","0",3,"l","i","p"
"Drosanthemum floribundum","Drosanthemum floribundum","AIZOACEAE","","Drosanthemum floribundum","(Haw.) Schwantes","Aizoaceae",1,0,"",1,0,1,0,0,0,0,0,0,"Sep","Dec",NA,NA,30,0,0,0,1,0,0,0,1,0,0,0,0,1,1,0,0,"Leaf",1,0,0,0,0,0,2,0,0,"leaf","0",2,"l","i","p"
"Drosanthemum framesii","Drosanthemum framesii","AIZOACEAE","","Drosanthemum framesii","L.Bolus","Aizoaceae",1,0,"",1,0,1,0,0,0,0,0,0,"Sep",NA,NA,NA,8,0,0,0,1,0,0,0,1,0,0,0,0,1,1,0,0,"Leaf",0,1,0,0,0,0,1.5,0,0,"leaf","0",2,"l","i","p"
"Drosanthemum karrooense","Drosanthemum karrooense","AIZOACEAE","","Drosanthemum karrooense","L.Bolus","Aizoaceae",1,0,"",1,0,1,0,0,0,0,0,0,"Aug",NA,NA,NA,20,0,0,0,1,0,0,0,0,0,0,0,0,1,1,0,0,"Leaf",1,0,0,0,0,0,1.1,0,0,"leaf","0",2,"l","i","p"
"Ehrharta delicatula","Ehrharta delicatula","POACEAE","","Ehrharta delicatula","Stapf","Poaceae",0,1,"",1,0,0,0,1,1,0,0,0,"","","","",45,0,0,1,0,0,0,0,0,0,0,0,0,0,0,0,0,"Leaf",1,0,0,0,0,0,15,0,1,"mixed","0",0,"l","w","w"
"Ehrharta longiflora","Ehrharta longiflora","POACEAE","","Ehrharta longiflora","Sm.","Poaceae",0,1,"",1,0,0,0,1,1,0,0,0,"","","","",90,0,0,1,0,0,0,0,0,0,0,0,0,0,0,0,0,"Leaf",1,0,0,0,0,0,30,0,0,"mixed","0",0,"l","w","w"
"Ehrharta longifolia","Ehrharta longifolia","POACEAE","","Ehrharta longifolia","Schrad.","Poaceae",1,0,"",1,0,1,0,0,0,0,1,0,"","","","",120,0,0,1,0,0,0,0,0,0,0,0,0,0,0,0,0,"Leaf",1,0,0,0,0,0,60,0,1,"mixed","0",2,"l","w","w"
"Ehrharta melicoides","Ehrharta melicoides","POACEAE","","Ehrharta melicoides","Thunb.","Poaceae",1,0,"",1,0,0,1,0,0,0,0,0,"Sep","Nov",NA,NA,80,0,0,1,0,0,0,0,0,0,0,0,0,0,0,0,0,"Leaf",0,1,0,0,0,0,20,0,1,"mixed","0",2,"m","w","w"
"Ehrharta ramosa ","Ehrharta ramosa subsp ramosa","POACEAE","","Ehrharta ramosa","Thunb.","Poaceae",1,0,"",1,0,1,0,0,0,0,1,0,"Sep","Jan",NA,NA,100,0,0,1,0,0,0,0,0,0,0,0,0,0,0,0,0,"Leaf",1,0,0,0,0,0,10,0,1,"mixed","0",2,"h","w","w"
"Emilia hantamensis","Emilia hantamensis","ASTERACEAE","","Emilia hantamensis","J.C.Manning & Goldblatt","Asteraceae",0,1,"",1,0,0,0,1,1,0,0,0,"","","","",30,1,0,0,0,0,0,0,0,0,0,0,0,0,0,0,0,"Leaf",0,1,0,0,1,0,7,0,0,"leaf","0",2,"l","i","w"
"Erica inaequalis","Erica inaequalis","ERICACEAE","","Erica inaequalis","(Klotzsch) E.G.H.Oliv.","Ericaceae",1,0,"",1,0,1,0,0,0,0,1,0,"Sep","Feb",NA,NA,20,0,0,0,1,0,0,0,0,0,0,0,0,0,0,0,0,"Leaf",1,0,0,0,0,0,0.3,0,0,"leaf","0",3,"h","i","p"
"Eriocephalus decussatus","Eriocephalus decussatus","ASTERACEAE","","Eriocephalus decussatus","Burch.","Asteraceae",1,0,"",1,0,1,0,0,0,0,0,0,"Jul","Sep",NA,NA,150,0,0,0,1,1,0,0,0,0,0,0,0,0,0,0,0,"Leaf",1,0,0,0,0,0,0.3,0,0,"leaf","0",2,"m","i","w"
"Eriocephalus ericoides","Eriocephalus ericoides","ASTERACEAE","","Eriocephalus ericoides","Druce","Asteraceae",1,0,"",1,0,1,0,0,0,0,0,0,"Jul","Nov",NA,NA,100,0,0,0,1,0,0,0,0,0,0,0,0,0,0,0,0,"Leaf",1,0,0,0,0,0,0.4,0,0,"leaf","0",2,"m","i","w"
"Eriocephalus microphyllus","Eriocephalus microphyllus","ASTERACEAE","","Eriocephalus microphyllus","DC.","Asteraceae",1,0,"",1,0,1,0,0,0,0,0,0,"Jun","Jul","Aug",NA,80,0,0,0,1,0,0,0,0,0,0,0,0,0,0,0,0,"Leaf",1,0,0,0,0,0,0.4,0,0,"leaf","0",2,"m","i","w"
"Eriocephalus namaquensis","Eriocephalus namaquensis","ASTERACEAE","","Eriocephalus namaquensis","M.A.N.Müll.","Asteraceae",1,0,"",1,0,1,0,0,0,0,0,0,"Jul","Oct",NA,NA,45,0,0,0,1,0,0,0,0,0,0,0,0,0,0,0,0,"Leaf",1,0,0,0,0,0,0.3,0,0,"leaf","0",2,"l","i","w"
"Eriocephalus pauperrimus","Eriocephalus pauperrimus","ASTERACEAE","","Eriocephalus pauperrimus","Merxm. & Eberle","Asteraceae",1,0,"",1,0,1,0,0,0,0,0,0,"Jun","Sep",NA,NA,100,0,0,0,1,1,0,0,0,0,0,0,0,0,0,0,0,"Leaf",1,0,0,0,0,0,0.3,0,0,"leaf","0",2,"m","i","w"
"Eriocephalus punctulatus","Eriocephalus punctulatus","ASTERACEAE","","Eriocephalus punctulatus","DC.","Asteraceae",1,0,"",1,0,1,0,0,0,0,0,0,"Aug","Oct",NA,NA,100,0,0,0,1,1,0,0,0,0,0,0,0,0,0,0,0,"Leaf",1,0,0,0,0,0,0.5,0,0,"leaf","0",2,"m","i","w"
"Eriocephalus purpureus","Eriocephalus purpureus","ASTERACEAE","","Eriocephalus purpureus","Burch.","Asteraceae",1,0,"",1,0,1,0,0,0,0,0,0,"Jul","Aug",NA,NA,60,0,0,0,1,0,0,0,0,0,0,0,0,0,0,0,0,"Leaf",1,0,0,0,0,0,0.5,0,0,"leaf","0",2,"m","i","w"
"Eriocephalus spinescens","Eriocephalus spinescens","ASTERACEAE","","Eriocephalus spinescens","Burch.","Asteraceae",1,0,"",1,0,1,0,0,0,0,0,0,"",NA,NA,NA,40,0,0,0,1,0,0,0,0,0,0,0,0,0,0,0,0,"Leaf",1,0,0,0,0,0,0.3,0,0,"leaf","0",2,"l","i","w"
"Erodium cicutarium","Erodium cicutarium","GERANIACEAE","","Erodium cicutarium","(L.) L'Hér.","Geraniaceae",0,1,"",1,0,0,0,1,1,0,0,0,"A",NA,NA,NA,50,1,0,0,0,0,0,0,0,0,0,0,0,0,0,0,0,"Leaf",0,1,0,1,0,1,4,0,0,"leaf","0",0,"l","i","w"
"Erodium moschatum","Erodium moschatum","GERANIACEAE","","Erodium moschatum","(Burm.f.) L'Hér.","Geraniaceae",0,1,"",1,0,0,0,1,1,0,0,0,"","","","",30,1,0,0,0,0,0,0,0,0,0,0,0,0,0,0,0,"Leaf",0,1,0,1,1,1,5,0,0,"leaf","0",0,"l","i","w"
"Euchlora hirsuta","Euchlora hirsuta","FABACEAE","","Euchlora hirsuta","(Thunb.) Druce","Fabaceae",1,0,"",1,0,0,1,1,1,0,1,0,"Jun","Oct",NA,NA,20,1,1,0,1,0,0,0,0,0,0,0,0,0,0,0,0,"Leaf",0,1,0,0,0,0,2,0,0,"leaf","0",3,"l","i","p"
"Euphorbia hamata","Euphorbia hamata","EUPHORBIACEAE","","Euphorbia hamata","Sweet","Euphorbiaceae",1,0,"",0,1,1,1,0,0,0,0,0,"","","","",60,0,0,0,1,0,0,0,0,0,0,0,0,1,0,1,0,"Leaf",0,1,1,0,0,0,2,1,1,"mixed","0",3,"l","i","p"
"Euphorbia multiceps","Euphorbia multiceps","EUPHORBIACEAE","","Euphorbia multiceps","A.Berger","Euphorbiaceae",1,0,"",1,0,1,1,0,0,0,0,0,"","","","",60,0,0,0,1,0,0,0,0,0,0,0,0,1,0,1,0,"Leaf",1,0,0,0,0,0,1.2,1,1,"mixed","0",3,"l","i","p"
"Euryops annuus","Euryops annuus","ASTERACEAE","","Euryops annuus","Compton","Asteraceae",0,1,"",1,0,0,0,1,1,0,0,0,"","","","",40,1,0,0,0,0,0,0,0,0,0,0,0,0,0,0,0,"Leaf",1,0,0,1,NA,1,8,0,0,"leaf","0",0,"l","i","w"
"Euryops imbricatus","Euryops imbricatus","ASTERACEAE","","Euryops imbricatus","Less.","Asteraceae",1,0,"",1,0,1,0,0,0,0,0,0,"","","","",120,0,0,0,1,1,0,0,0,0,0,0,0,0,0,0,0,"Leaf",0,1,0,0,0,0,1.7,0,0,"leaf","0",2,"m","i","w"
"Euryops lateriflorus","Euryops lateriflorus","ASTERACEAE","","Euryops lateriflorus","(L.f.) DC.","Asteraceae",1,0,"",1,0,1,0,0,0,0,1,0,"May","Aug",NA,NA,150,0,0,0,1,1,0,0,0,0,0,0,0,0,0,0,0,"Leaf",0,1,0,0,0,0,3,0,0,"leaf","0",3,"h","i","w"
"Euryops marlothii","Euryops marlothii","ASTERACEAE","","Euryops marlothii","B.Nord.","Asteraceae",1,0,"",1,0,1,0,0,0,0,0,0,"Jul","Dec",NA,NA,150,0,0,0,1,1,0,0,0,0,0,0,0,0,0,0,0,"Leaf",1,0,0,0,1,0,1.5,0,0,"leaf","0",2,"h","i","w"
"Euryops multifidus","Euryops multifidus","ASTERACEAE","","Euryops multifidus","DC.","Asteraceae",1,0,"",1,0,1,0,0,0,0,0,0,"Jun","Sep",NA,NA,150,0,0,0,1,1,0,0,0,0,0,0,0,0,0,0,0,"Leaf",1,0,0,0,1,0,1,0,0,"leaf","0",2,"h","i","w"
"Euryops trifidus","Euryops trifidus","ASTERACEAE","","Euryops trifidus","(L.f.) DC.","Asteraceae",1,0,"",1,0,1,0,0,0,0,0,0,"","","","",100,0,0,0,1,0,0,0,0,0,0,0,0,0,0,0,0,"Leaf",1,0,0,0,0,1,1.5,0,0,"leaf","0",2,"h","i","w"
"Felicia merxmuelleri","Felicia merxmuelleri","ASTERACEAE","","Felicia merxmuelleri","Grau","Asteraceae",0,1,"",1,0,0,0,1,1,0,0,0,"","","","",25,1,0,0,0,0,0,0,0,0,0,0,0,0,0,0,0,"Leaf",0,1,0,0,0,0,2,0,0,"leaf","0",0,"l","i","w"
"Felicia australis","Felicia australis","ASTERACEAE","","Felicia australis","(Alston) E.Phillips","Asteraceae",0,1,"",1,0,0,0,1,1,0,0,0,"Aug","Sep",NA,NA,25,1,0,0,0,0,0,0,0,0,0,0,0,0,0,0,0,"Leaf",1,0,0,0,0,0,1.5,0,0,"leaf","0",0,"l","i","w"
"Felicia bergiana","Felicia bergiana","ASTERACEAE","","Felicia bergeriana","(Spreng.) O.Hoffm.","Asteraceae",0,1,"",1,0,0,0,1,1,0,0,0,"Aug","Oct",NA,NA,20,1,0,0,0,0,0,0,0,0,0,0,0,0,0,0,0,"Leaf",0,0,1,0,0,0,1.5,0,0,"leaf","0",0,"l","i","w"
"Felicia brevifolia","Felicia brevifolia","ASTERACEAE","","Felicia brevifolia","(DC.) Grau","Asteraceae",1,0,"",1,0,1,0,0,0,0,0,0,"May","Oct",NA,NA,150,0,0,0,0,1,0,0,0,0,0,0,0,0,0,0,0,"Leaf",0,1,0,0,0,0,2,0,0,"leaf","0",3,"h","i","i"
"Felicia hirsuta","Felicia hirsuta","ASTERACEAE","","Felicia hirsuta","DC.","Asteraceae",1,0,"",1,0,1,0,0,0,0,0,0,"Mar","Oct",NA,NA,50,0,0,0,1,0,0,0,0,0,0,0,0,0,0,0,0,"Leaf",1,0,0,0,0,0,0.9,0,0,"leaf","0",2,"m","i","w"
"Felicia hirta","Felicia hirta","ASTERACEAE","","Felicia hirta","(Thunb.) Grau","Asteraceae",1,0,"",1,0,1,0,0,0,0,0,0,"Jul","Oct",NA,NA,35,0,0,0,1,0,0,0,0,0,0,0,0,0,0,0,0,"Leaf",1,0,0,0,0,0,0.8,0,0,"leaf","0",2,"m","i","w"
"Felicia hispida","Felicia hispida","ASTERACEAE","","Felicia hispida","(DC.) Grau","Asteraceae",1,0,"",1,0,1,0,0,0,0,0,0,"","","","",30,1,0,0,0,0,0,0,0,0,0,0,0,0,0,0,0,"Leaf",0,1,0,0,0,0,1,0,0,"leaf","0",1,"l","i","w"
"Felicia macrorrhiza","Felicia macrorrhiza","ASTERACEAE","","Felicia macrorrhiza","DC.","Asteraceae",1,0,"",1,0,1,0,0,0,0,0,0,"Jul","Sep",NA,NA,20,0,0,0,1,0,0,0,0,0,0,0,0,0,0,0,0,"Leaf",1,0,0,0,0,0,2,0,0,"leaf","0",3,"m","i","w"
"Felicia ovata","Felicia ovata","ASTERACEAE","","Felicia ovata","(Thunb.) Compton","Asteraceae",1,0,"",1,0,1,0,0,0,0,0,0,"May","Nov",NA,NA,60,0,0,0,1,0,0,0,0,0,0,0,0,0,0,0,0,"Leaf",0,1,1,0,0,0,1,0,0,"leaf","0",2,"m","i","w"
"Felicia rogersii","Felicia rogersii","ASTERACEAE","","Felicia rogersii","S.Moore","Asteraceae",1,0,"",1,0,1,0,0,0,0,0,0,"Aug","Sep",NA,NA,30,0,0,0,1,0,0,0,0,0,0,0,0,0,0,0,0,"Leaf",1,0,0,0,0,0,1,0,0,"leaf","0",3,"m","i","w"
"Fingerhuthia africana","Fingerhuthia africana","POACEAE","","Fingerhuthia africana","Nees ex Lehm.","Poaceae",1,1,"",1,0,0,1,0,0,0,0,0,"Sep","Dec",NA,NA,80,0,0,1,0,0,0,0,0,0,0,0,0,0,0,0,0,"Leaf",1,0,0,0,0,0,15,0,1,"mixed","0",2,"h","w","w"
"Forsskaolea candida","Forsskaolea candida","URTICACEAE","","Forsskaolea candida","L.f.","Urticaceae",1,0,"",1,0,1,0,0,0,0,0,0,"","","","",80,0,0,0,1,0,0,0,0,0,0,0,0,0,0,0,0,"Leaf",0,0,1,0,0,0,NA,0,0,"leaf","0",2,"m","i","p"
"Foveolina dichotoma","Foveolina dichotoma","ASTERACEAE","","Foveolina dichotoma","(DC.) Källersjö","Asteraceae",0,1,"",1,0,0,0,1,1,0,0,0,"Aug","Nov",NA,NA,25,1,0,0,0,0,0,0,0,0,0,0,0,0,0,0,0,"Leaf",1,0,0,1,1,0,1,0,0,"leaf","0",0,"l","i","w"
"Galenia africana","Galenia africana","AIZOACEAE","","Aizoon africanum","(L.) Klak","Aizoaceae",1,0,"",1,0,1,0,0,0,0,0,0,"Oct","Dec",NA,NA,100,0,0,0,1,0,0,0,0,0,0,0,0,0,0,0,0,"Leaf",1,0,0,0,0,0,2,0,0,"leaf","0",2,"h","i","p"
"Galenia filiformis","Galenia filiformis","AIZOACEAE","","Aizoon filiforme","(Thunb.) Klak","Aizoaceae",1,0,"",1,0,1,0,0,0,0,0,0,"Aug","Oct",NA,NA,10,1,0,0,0,0,0,0,1,0,0,0,0,1,1,0,0,"Leaf",0,1,0,0,0,0,1.5,0,0,"leaf","0",2,"l","i","p"
"Galenia fruticosa","Galenia fruticosa","AIZOACEAE","","Aizoon fruticosum","L.f.","Aizoaceae",1,0,"",1,0,1,0,0,0,0,0,0,"Aug","Dec",NA,NA,50,0,0,0,1,0,0,0,0,0,0,0,0,0,0,0,0,"Leaf",0,0,1,0,0,0,1.3,0,0,"leaf","0",2,"l","i","p"
"Galenia namaensis","Galenia namaensis","AIZOACEAE","","Aizoon africanum","(L.) Klak","Aizoaceae",1,0,"",1,0,1,0,0,0,0,0,0,"Nov","Dec",NA,NA,100,0,0,0,1,0,0,0,0,0,0,0,0,0,0,0,0,"Leaf",1,1,0,0,0,0,1.5,0,0,"leaf","0",2,"l","i","p"
"Galenia sarcophylla","Galenia sarcophylla","AIZOACEAE","","Aizoon sarcophyllum","(Fenzl ex Sond.) Klak","Aizoaceae",1,0,"",1,0,1,0,0,0,0,0,0,"Jul","Oct",NA,NA,20,0,0,0,1,0,0,0,0,0,0,0,0,1,1,0,0,"Leaf",0,1,0,0,0,0,1.5,0,0,"leaf","0",2,"l","i","p"
"Gazania lichtensteinii","Gazania lichtensteinianum","ASTERACEAE","","Gazania lichtensteinii","Less.","Asteraceae",0,1,"",1,0,0,0,1,1,0,0,0,"Aug","Sep",NA,NA,30,1,0,0,0,0,0,0,0,0,0,0,0,0,0,0,0,"Leaf",0,1,0,0,0,0,3,0,0,"leaf","0",0,"l","i","w"
"Gazania rigida","Gazania rigida","ASTERACEAE","","Gazania rigida","(Burm.f.) Roessler","Asteraceae",1,0,"",1,0,1,0,0,0,0,1,0,"","","","",25,1,0,0,0,0,0,0,0,0,0,0,0,0,0,0,0,"Leaf",0,1,0,0,1,1,12,0,0,"leaf","0",2,"l","i","w"
"Gazania tenuifolia","Gazania tenuifolia","ASTERACEAE","","Gazania tenuifolia","Less.","Asteraceae",0,1,"",1,0,0,0,1,1,0,0,0,"","","","",15,1,0,0,0,0,0,0,0,0,0,0,0,0,0,0,0,"Leaf",1,1,0,0,1,1,10,0,0,"leaf","0",0,"l","i","w"
"Geissorhiza corrigata","Geissorhiza corrigata","IRIDACEAE","","Geissorhiza corrugata","Klatt","Iridaceae",1,0,"",1,0,0,1,0,0,0,0,0,"Aug","Sep",NA,NA,5,0,1,0,0,0,0,0,0,0,0,0,0,0,0,0,0,"Leaf",1,0,0,0,0,0,3,0,0,"leaf","0",3,"l","i","w"
"Geissorhiza divaricata","Geissorhiza divaricata","IRIDACEAE","","Geissorhiza divaricata","Goldblatt","Iridaceae",1,0,"",1,0,0,1,1,1,1,1,0,"","","","",45,0,1,0,0,0,0,0,0,0,0,0,0,0,0,0,0,"Leaf",1,0,0,0,0,0,10,0,0,"leaf","0",2,"l","i","w"
"Gnidia deserticola","Gnidia deserticola","THYMELAEACEAE","","Lasiosiphon deserticola","(Gilg) C.H.Wright","Thymelaeaceae",1,0,"",1,0,1,0,0,0,0,0,0,"","","","",60,0,0,0,1,0,0,0,0,0,0,0,0,0,0,0,0,"Leaf",0,1,0,0,0,0,1,0,0,"leaf","0",2,"h","i","p"
"Gnidia meyeri","Gnidia meyeri","THYMELAEACEAE","","Gnidia meyeri","Meisn.","Thymelaeaceae",1,0,"",1,0,1,0,0,0,0,0,0,"Aug","Oct",NA,NA,80,0,0,0,1,0,0,0,0,0,0,0,0,0,0,0,0,"Leaf",1,0,0,0,0,0,1.5,0,0,"leaf","0",2,"h","i","p"
"Gnidia scabra","Gnidia scabra","THYMELAEACEAE","","Gnidia scabra","Thunb.","Thymelaeaceae",1,0,"",1,0,1,0,0,0,0,1,0,"Sep","Apr",NA,NA,100,0,0,0,1,0,0,0,0,0,0,0,0,0,0,0,0,"Leaf",1,0,0,0,0,0,1,0,0,"leaf","0",2,"h","i","p"
"Gorteria diffusa","Gorteria diffusa","ASTERACEAE","","Gorteria diffusa","Thunb.","Asteraceae",0,1,"",1,0,0,0,1,1,0,0,0,"Jul","Oct",NA,NA,10,1,0,0,0,0,0,0,0,0,0,0,0,0,0,0,0,"Leaf",0,1,0,0,1,1,5,0,0,"leaf","0",0,"l","i","w"
"Grielum humifusum","Grielum humifusum","NEURADACEAE","","Grielum humifusum","Thunb.","Neuradaceae",0,1,"",1,0,0,0,1,1,0,0,0,"","","","",25,1,0,0,0,0,0,0,0,0,0,0,0,0,0,0,0,"Leaf",0,1,0,0,1,1,2,0,0,"leaf","0",0,"l","i","m"
"Haemanthus barkerae","Haemanthus barkerii","AMARYLLIDACEAE","","Haemanthus barkerae","Snijman","Amaryllidaceae",1,0,"",1,0,0,1,1,1,0,1,0,"Mar","Apr",NA,NA,25,0,1,0,0,0,0,0,0,0,0,0,0,0,0,0,0,"Leaf",0,1,0,0,0,0,20,0,0,"leaf","0",3,"l","i","m"
"Haworthia venosa","Haworthia venosa","ASPHODELACEAE","","Haworthiopsis venosa","(Lam.) G.D.Rowley","Asphodelaceae",1,0,"",1,0,1,0,0,0,0,0,0,"Nov","Dec",NA,NA,5,1,0,0,0,0,0,0,0,0,0,0,0,1,1,0,0,"Leaf",0,0,1,0,0,0,4,0,0,"leaf","0",3,"l","i","p"
"Hebenstretia robusta","Hebenstretia robusta","SCROPHULARIACEAE","","Hebenstretia robusta","E.Mey.","Scrophulariaceae",1,0,"",1,0,1,0,0,0,0,0,0,"","","","",50,0,0,0,1,0,0,0,0,0,0,0,0,0,0,0,0,"Leaf",1,0,0,0,0,0,2,0,0,"leaf","0",1,"l","i","p"
"Helichrysum hamulosum","Helichrysum hamulosum","ASTERACEAE","","Helichrysum hamulosum","DC.","Asteraceae",1,0,"",1,0,1,0,0,0,0,0,0,"Dec","Mar",NA,NA,60,0,0,0,1,0,0,0,0,0,0,0,0,0,0,0,0,"Leaf",1,0,0,0,0,0,1.2,0,0,"leaf","0",2,"h","i","w"
"Helichrysum leontonyx","Helichrysum leontonyx","ASTERACEAE","","Helichrysum leontonyx","DC.","Asteraceae",0,1,"",1,0,0,0,1,1,0,0,0,"","","","",5,1,0,0,0,0,0,0,1,0,0,0,0,0,0,0,0,"Leaf",0,1,0,0,0,0,2.5,0,0,"leaf","0",0,"l","i","w"
"Helichrysum lucilioides","Helichrysum lucilioides","ASTERACEAE","","Helichrysum lucilioides","Less.","Asteraceae",1,0,"",1,0,1,0,0,0,0,0,0,"","","","",60,0,0,0,1,0,0,0,0,0,0,0,0,0,0,0,0,"Leaf",0,0,1,0,0,0,1.2,0,0,"leaf","0",2,"m","i","w"
"Helichrysum obtusum","Helichrysum obtusum","ASTERACEAE","","Helichrysum obtusum","Moeser","Asteraceae",1,0,"",1,0,1,0,0,0,0,0,0,"Sep",NA,NA,NA,30,0,0,0,1,0,0,0,0,0,0,0,0,0,0,0,0,"Leaf",0,0,1,0,0,0,1,0,0,"leaf","0",2,"l","i","w"
"Helichrysum revolutum","Helichrysum revolutum","ASTERACEAE","","Helichrysum revolutum","Less.","Asteraceae",1,0,"",1,0,1,0,0,0,0,0,0,"Jul","Oct",NA,NA,200,0,0,0,0,1,0,0,0,0,0,0,0,0,0,0,0,"Leaf",1,0,0,0,0,0,1.3,0,0,"leaf","0",2,"h","i","w"
"Helichrysum stellatum","Helichrysum stellatum","ASTERACEAE","","Helichrysum stellatum","Less.","Asteraceae",1,0,"",1,0,1,0,0,0,0,0,0,"Sep","Oct",NA,NA,45,0,0,0,1,0,0,0,0,0,0,0,0,0,0,0,0,"Leaf",0,1,0,0,0,0,2,0,0,"leaf","0",2,"m","i","w"
"Heliophila amplexicaulis","Heliophila amplexicaulis","BRASSICACEAE","","Heliophila amplexicaulis","L.f.","Brassicaceae",0,1,"",1,0,0,0,1,1,0,0,0,"Aug","Oct",NA,NA,45,1,0,0,0,0,0,0,0,0,0,0,0,0,0,0,0,"Leaf",0,1,0,0,0,0,2,0,0,"leaf","0",0,"l","i","p"
"Heliophila collina","Heliophila collina","BRASSICACEAE","","Heliophila collina","O.E.Schulz","Brassicaceae",0,1,"",1,0,0,0,1,1,0,0,0,"Aug","Sep",NA,NA,20,1,0,0,0,0,0,0,0,0,0,0,0,0,0,0,0,"Leaf",1,0,0,0,1,1,2,0,0,"leaf","0",0,"l","i","p"
"Heliophila crithmifolia","Heliophila crithmifolia","BRASSICACEAE","","Heliophila crithmifolia","Willd.","Brassicaceae",0,1,"",1,0,0,0,1,1,0,0,0,"Jul","Oct",NA,NA,60,1,0,0,0,0,0,0,0,0,0,0,0,0,0,0,0,"Leaf",1,0,0,0,1,1,3,0,0,"leaf","0",0,"l","i","p"
"Heliophila deserticola","Heliophila deserticola","BRASSICACEAE","","Heliophila deserticola","Schltr.","Brassicaceae",0,1,"",1,0,0,0,1,1,0,0,0,"","","","",30,1,0,0,0,0,0,0,0,0,0,0,0,0,0,0,0,"Leaf",1,0,0,0,1,1,3,0,0,"leaf","0",0,"l","i","p"
"Heliophila pinnata","Heliophila pinnata","BRASSICACEAE","","Heliophila pinnata","L.f.","Brassicaceae",0,1,"",1,0,0,0,1,1,0,0,0,"Aug","Oct",NA,NA,20,1,0,0,0,0,0,0,0,0,0,0,0,0,0,0,0,"Leaf",1,0,0,0,1,1,2.4,0,0,"leaf","0",0,"l","i","p"
"Heliophila seselifolia","Heliophila seselifolia","BRASSICACEAE","","Heliophila seselifolia","Burch. ex DC.","Brassicaceae",0,1,"",1,0,0,0,1,1,0,0,0,"","","","",35,1,0,0,0,0,0,0,0,0,0,0,0,0,0,0,0,"Leaf",1,0,0,0,1,1,5,0,0,"leaf","0",0,"l","i","p"
"Heliophila suborbicularis","Heliophila suborbicularis","BRASSICACEAE","","Heliophila suborbicularis","Al-Shehbaz & Mumm.","Brassicaceae",0,1,"",1,0,0,0,1,1,0,0,0,"","","","",35,1,0,0,0,0,0,0,0,0,0,0,0,0,0,0,0,"Leaf",1,0,0,0,1,1,10,0,0,"leaf","0",0,"l","i","p"
"Heliophila variabilis","Heliophila variabilis","BRASSICACEAE","","Heliophila variabilis","Burch. ex DC.","Brassicaceae",0,1,"",1,0,0,0,1,1,0,0,0,"","","","",35,1,0,0,0,0,0,0,0,0,0,0,0,0,0,0,0,"Leaf",1,0,0,0,1,1,7,0,0,"leaf","0",0,"l","i","p"
"Hemimeris centrodes","Hemimeris centrodes","SCROPHULARIACEAE","","Hemimeris centrodes","Hiern","Scrophulariaceae",0,1,"",1,0,0,0,1,1,0,0,0,"","","","",30,1,0,0,0,0,0,0,0,0,0,0,0,0,0,0,0,"Leaf",0,0,1,0,0,0,1.5,0,0,"leaf","0",0,"l","i","p"
"Hermannia alnifolia","Hermannia alnifolia","SCROPHULARIACEAE","","Hermannia alnifolia","L.","Malvaceae",1,0,"",1,0,1,0,0,0,0,0,0,"","","","",100,0,0,0,1,0,0,0,0,0,0,0,0,0,0,0,0,"Leaf",0,0,1,0,0,0,1.5,0,0,"leaf","0",1,"h","i","p"
"Hermannia cernua","Hermannia cernua","MALVACEAE","","Hermannia cernua","Thunb.","Malvaceae",1,0,"",1,0,1,0,0,0,0,1,0,"","","","",35,0,0,0,1,0,0,0,0,0,0,0,0,0,0,0,0,"Leaf",0,1,0,0,0,0,2,0,0,"leaf","0",1,"m","i","p"
"Hermannia coccocarpa","Hermannia coccocarpa","MALVACEAE","","Hermannia coccocarpa","(Eckl. & Zeyh.) Kuntze","Malvaceae",1,0,"",1,0,1,0,0,0,0,0,0,"Sep","May",NA,NA,30,0,0,0,1,0,0,0,0,0,0,0,0,0,0,0,0,"Leaf",0,1,0,0,0,0,2,0,0,"leaf","0",2,"l","i","p"
"Hermannia cuneifolia","Hermannia cuneifolia","MALVACEAE","","Hermannia cuneifolia","Jacq.","Malvaceae",1,0,"",1,0,1,0,0,0,0,0,0,"Aug","Oct",NA,NA,100,0,0,0,1,1,0,0,0,0,0,0,0,0,0,0,0,"Leaf",0,0,1,0,0,0,2,0,0,"leaf","0",2,"h","i","p"
"Hermannia grandiflora","Hermannia grandiflora","MALVACEAE","","Hermannia grandiflora","W.T.Aiton","Malvaceae",1,0,"",1,0,1,0,0,0,0,0,0,"","","","",100,0,0,0,1,0,0,0,0,0,0,0,0,0,0,0,0,"Leaf",0,1,0,0,0,0,2,0,0,"leaf","0",2,"m","i","p"
"Hermannia spinosa","Hermannia spinosa","MALVACEAE","","Hermannia spinosa","(Burch.) E.Mey. ex Harv.","Malvaceae",1,0,"",1,0,1,0,0,0,0,0,0,"Aug","Sep",NA,NA,40,0,0,0,1,0,0,0,0,0,0,0,0,0,0,0,0,"Leaf",0,0,1,0,0,0,1.5,0,0,"leaf","0",3,"l","i","p"
"Hesperantha bachmannii","Hesperantha bachmannii","IRIDACEAE","","Hesperantha bachmannii","Baker","Iridaceae",1,0,"",1,0,0,1,1,1,0,1,0,"","","","",30,0,1,0,0,0,0,0,0,0,0,0,0,0,0,0,0,"Leaf",1,0,0,0,0,0,10,0,0,"leaf","0",2,"l","i","p"
"Hesperantha cucullata","Hesperantha cucullata","IRIDACEAE","","Hesperantha cucullata","Klatt","Iridaceae",1,0,"",1,0,0,1,1,1,0,1,0,"","","","",30,0,1,0,0,0,0,0,0,0,0,0,0,0,0,0,0,"Leaf",1,0,0,0,0,0,10,0,0,"leaf","0",2,"l","i","p"
"Hesperantha luticola","Hesperantha luticola","IRIDACEAE","","Hesperantha luticola","Goldblatt","Iridaceae",1,0,"",1,0,0,1,1,1,0,1,0,"Jul","Aug",NA,NA,12,0,1,0,0,0,0,0,0,0,0,0,0,0,0,0,0,"Leaf",1,0,0,0,0,0,7,0,0,"leaf","0",2,"l","i","p"
"Hesperantha pauciflora","Hesperantha pauciflora","IRIDACEAE","","Hesperantha pauciflora","G.J.Lewis","Iridaceae",1,0,"",1,0,0,1,1,1,0,1,0,"Aug","Sep",NA,NA,24,0,1,0,0,0,0,0,0,0,0,0,0,0,0,0,0,"Leaf",1,0,0,0,0,0,10,0,0,"leaf","0",2,"l","i","p"
"Hirpicium alienatum","Hirpicium alienatum","ASTERACEAE","","Hirpicium alienatum","Druce","Asteraceae",1,0,"",1,0,1,0,0,0,0,0,0,"Aug","Dec",NA,NA,50,0,0,0,1,0,0,0,0,0,0,0,0,0,0,0,0,"Leaf",0,1,0,0,0,0,0.7,0,0,"leaf","0",3,"m","i","w"
"Hirpicium echinus","Hirpicium echinus","ASTERACEAE","","Hirpicium echinus","Less.","Asteraceae",1,0,"",1,0,1,0,0,0,0,0,0,"","","","",40,1,0,0,0,0,0,0,0,0,0,0,0,0,0,0,0,"Leaf",1,0,0,0,0,1,1,0,0,"leaf","0",2,"m","i","w"
"Hoodia gordonii","Hoodia gordonii","APOCYNACEAE","","Hoodia gordonii","(Masson) Sweet ex Decne.","Apocynaceae",1,0,"",1,0,1,0,0,0,0,0,0,"Sep","Apr",NA,NA,100,0,0,0,1,0,0,0,0,0,0,0,0,1,0,1,0,NA,0,0,0,0,0,0,4,1,1,"culm_stem","0",3,"l","i","p"
"Hordeum murinum","Hordeum murinum","POACEAE","","Hordeum murinum","L.","Poaceae",0,1,"",1,0,0,0,1,1,0,0,0,"","","","",50,0,0,1,0,0,0,0,0,0,0,0,0,0,0,0,0,"Leaf",1,0,0,0,0,0,15,0,1,"mixed","0",0,"l","w","w"
"Hypertelis salsoloides","Hypertelis salsoloides","MOLLUGINACEAE","","Kewa salsoloides","(Burch.) Christenh.","Kewaceae",1,0,"",1,0,1,0,0,0,0,0,0,"","","","",30,0,0,0,1,0,0,0,0,0,0,0,0,1,1,0,0,"Leaf",1,0,0,0,0,0,3,0,0,"leaf","0",1,"l","i","p"
"Ifloga glomerata","Ifloga glomerata","ASTERACEAE","","Ifloga glomerata","(Harv.) Schltr.","Asteraceae",0,1,"",1,0,0,0,0,0,0,0,0,"Aug","Nov",NA,NA,10,1,0,0,0,0,0,0,0,0,0,0,0,0,0,0,0,"Leaf",1,0,0,0,0,0,0.8,0,0,"leaf","0",0,"l","w","w"
"Indigofera nigromontana","Indigofera nigromontana","FABACEAE","","Indigofera nigromontana","Eckl. & Zeyh.","Fabaceae",1,0,"",1,0,1,0,0,0,0,0,0,"Jun","Mar",NA,NA,200,0,0,0,0,1,0,0,0,0,0,0,0,0,0,0,0,"Leaf",0,0,1,1,0,0,1,0,0,"leaf","0",2,"h","i","p"
"Ixia rapunculoides","Ixia rapunculoides","IRIDACEAE","","Ixia rapunculoides","Redouté","Iridaceae",1,0,"",1,0,0,1,1,1,0,1,0,"Aug","Sep",NA,NA,70,0,1,0,0,0,0,0,0,0,0,0,0,0,0,0,0,"Leaf",1,0,0,0,0,0,15,0,0,"leaf","0",2,"m","i","w"
"Justicia cuneata","Justicia cuneata","ACANTHACEAE","","Justicia cuneata","Vahl","Acanthaceae",1,0,"",1,0,1,0,0,0,0,0,0,"","","","",60,0,0,0,1,0,0,0,0,0,0,0,0,0,0,0,0,"Leaf",0,1,0,0,0,0,2,0,0,"leaf","0",3,"m","i","p"
"Lachenalia obscura","Lachenalia obscura","HYACINTHACEAE","","Lachenalia obscura","Schltr. ex G.D.Duncan","Asparagaceae",1,0,"",1,0,0,1,1,1,0,1,0,"Jun","Oct",NA,NA,38,0,1,0,0,0,0,0,0,0,0,0,0,0,0,0,0,"Leaf",0,1,0,0,0,0,15,0,0,"leaf","0",2,"l","i","p"
"Lachenalia violacea","Lachenalia violacea","HYACINTHACEAE","","Lachenalia violacea","Jacq.","Asparagaceae",1,0,"",1,0,0,1,1,1,0,1,0,"","","","",35,0,1,0,0,0,0,0,0,0,0,0,0,0,0,0,0,"Leaf",0,1,0,0,0,0,10,0,0,"leaf","0",2,"l","i","p"
"Lampranthus watermeyeri","Lampranthus watermeyeri","AIZOACEAE","","Lampranthus watermeyeri","(L.Bolus) N.E.Br.","Aizoaceae",1,0,"",1,0,1,0,0,0,0,0,0,"Jun","Oct",NA,NA,50,0,0,0,1,0,0,0,0,0,0,0,0,0,0,0,0,"Leaf",0,1,0,0,0,0,4,0,0,"leaf","0",3,"l","i","p"
"Lapeirousia falcata","Lapeirousia falcata","IRIDACEAE","","Codonorhiza falcata","(L.f.) Goldblatt & J.C.Manning","Iridaceae",1,0,"",1,0,0,1,1,1,1,1,0,"Sep","Oct",NA,NA,10,0,1,0,0,0,0,0,0,0,0,0,0,0,0,0,0,"Leaf",0,1,0,0,0,0,9,0,0,"leaf","0",2,"l","i","p"
"Lapeirousia montana","Lapeirousia montana","IRIDACEAE","","Lapeirousia montana","Klatt","Iridaceae",1,0,"",1,0,0,1,1,1,0,1,0,"","","","",10,0,1,0,0,0,0,0,0,0,0,0,0,0,0,0,0,"Leaf",1,0,0,0,0,0,4,0,0,"leaf","0",2,"l","i","p"
"Lapeirousia plicata","Lapeirousia plicata","IRIDACEAE","","Lapeirousia plicata","(Jacq.) Diels","Iridaceae",1,0,"",1,0,0,1,1,1,0,1,0,"Jul","Sep",NA,NA,5,0,1,0,0,0,0,0,0,0,0,0,0,0,0,0,0,"Leaf",0,1,0,0,0,0,2,0,0,"leaf","0",2,"l","i","p"
"Lapeirousia jacquinii","Lapeirousia jacquinii","IRIDACEAE","","Lapeirousia jacquinii","N.E.Br.","Iridaceae",1,0,"",1,0,1,1,1,1,0,0,0,"Aug","Sep",NA,NA,12,0,1,0,0,0,0,0,0,0,0,0,0,0,0,0,0,"Leaf",0,1,0,0,0,0,3,0,0,"leaf","0",2,"l","i","p"
"Lasiopogon muscoides","Lasiopogon muscoides","ASTERACEAE","","Lasiopogon muscoides","DC.","Asteraceae",0,1,"",1,0,0,0,1,1,0,0,0,"Aug","Sep",NA,NA,5,1,0,0,0,0,0,0,0,0,0,0,0,0,0,0,0,"Leaf",0,0,1,0,0,0,0.5,0,0,"leaf","0",0,"l","w","w"
"Lasiospermum brachyglossum","Lasiospermum brachyglossum","ASTERACEAE","","Lasiospermum brachyglossum","DC.","Asteraceae",0,1,"",1,0,0,0,1,1,0,0,0,"Jul","Oct",NA,NA,40,1,0,0,0,0,0,0,0,0,0,0,0,0,0,0,0,"Leaf",1,0,0,0,1,1,5,0,0,"leaf","0",0,"l","i","w"
"Lasiospermum poterioides","Lasiospermum poterioides","ASTERACEAE","","Lasiospermum poterioides","Hutch.","Asteraceae",1,0,"",1,0,1,0,0,0,0,1,0,"","","","",20,0,0,0,1,0,0,0,1,0,0,0,0,0,0,0,0,"Leaf",1,0,0,0,1,1,15,0,0,"leaf","0",3,"l","i","w"
"Leipoldtia schultzei","Leipoldtia schultzei","AIZOACEAE","","Leipoldtia schultzei","(Schltr. & Diels) Friedrich","Aizoaceae",1,0,"",1,0,1,0,0,0,0,0,0,"Apr","Sep",NA,NA,70,0,0,0,1,0,0,0,0,0,0,0,0,1,1,0,0,"Leaf",0,1,0,0,0,0,2,0,0,"leaf","0",3,"l","i","p"
"Lessertia diffusa","Lessertia diffusa","FABACEAE","","Lessertia diffusa","R.Br.","Fabaceae",1,0,"",1,0,1,0,0,0,0,1,0,"","","","",45,1,0,0,0,0,0,0,1,0,0,0,0,0,0,0,0,"Leaf",1,0,0,1,0,1,6,0,0,"leaf","0",2,"l","i","w"
"Leucadendron brunioides","Leucadendron brunioides","PROTEACEAE","","Leucadendron brunioides","Meisn.","Proteaceae",1,0,"",0,1,1,0,0,0,0,1,1,"Oct","Nov",NA,NA,200,0,0,0,0,1,0,0,0,0,0,0,0,0,0,0,0,"Leaf",1,0,0,0,0,0,2.3,0,0,"leaf","0",3,"h","i","p"
"Leucadendron remotum","Leucadendron remotum","PROTEACEAE","","Leucadendron remotum","I.Williams","Proteaceae",1,0,"",0,1,1,0,0,0,0,1,1,"Aug","Sep",NA,NA,150,0,0,0,0,1,0,0,0,0,0,0,0,0,0,0,0,"Leaf",0,1,0,0,0,0,4,0,0,"leaf","0",2,"h","i","p"
"Leysera tenella","Leysera tenella","ASTERACEAE","","Leysera tenella","DC.","Asteraceae",1,1,"",1,0,1,0,1,1,0,0,0,"Aug","Oct",NA,NA,20,0,0,0,1,0,0,0,0,0,0,0,0,0,0,0,0,"Leaf",1,0,0,0,0,0,1.5,0,0,"leaf","0",1,"m","i","w"
"Lotononis falcata","Lotononis falcata (form C)","FABACEAE","","Lotononis falcata","Benth.","Fabaceae",0,1,"",1,0,0,0,1,1,0,0,0,"Jul","Oct",NA,NA,20,1,0,0,0,0,0,0,0,0,0,0,0,0,0,0,0,"Leaf",0,1,0,1,0,0,1.5,0,0,"leaf","0",0,"l","i","p"
"Lotononis parvifolia","Lotononis parvifolia","FABACEAE","","Lotononis","(DC.) Eckl. & Zeyh.","Fabaceae",0,1,"",1,0,0,0,1,1,0,0,0,"","","","",20,1,0,0,0,0,0,0,0,0,0,0,0,0,0,0,0,"Leaf",0,1,0,1,0,0,2,0,0,"leaf","0",0,"l","i","p"
"Lycium amoenum","Lycium amoenum","SOLANACEAE","","Lycium amoenum","Dammer","Solanaceae",1,0,"",1,0,1,0,0,0,0,1,0,"Jun","Jul","Sep",NA,300,0,0,0,0,1,1,0,0,0,0,0,0,0,0,0,0,"Leaf",0,0,1,0,0,0,2.4,0,0,"leaf","0",3,"m","i","m"
"Lycium cinereum","Lycium cinereum","SOLANACEAE","","Lycium cinereum","Thunb.","Solanaceae",1,0,"",1,0,1,0,0,0,0,1,0,"Jul","Sep",NA,NA,200,0,0,0,0,1,0,0,0,0,0,0,0,0,0,0,0,"Leaf",0,0,1,0,0,0,1.7,0,0,"leaf","0",3,"m","i","m"
"Lyperia tristis","Lyperia tristis","SCROPHULARIACEAE","","Lyperia tristis","(L.f.) Benth.","Scrophulariaceae",0,1,"",1,0,0,0,1,1,0,0,0,"","","","",60,1,0,0,0,0,0,0,0,0,0,0,0,0,0,0,0,"Leaf",0,1,0,0,0,0,7,0,0,"leaf","0",0,"l","i","p"
"Malephora crassa","Malephora crassa","AIZOACEAE","","Malephora crassa","(L.Bolus) H.Jacobsen & Schwantes","Aizoaceae",1,0,"",1,0,1,0,0,0,0,0,0,"Aug","Oct",NA,NA,8,0,0,0,1,0,0,0,1,0,0,0,0,1,1,0,0,"Leaf",0,1,0,0,0,0,4,0,0,"leaf","0",3,"l","i","p"
"Manochlamys albicans","Manochlamys albicans","AMARANTHACEAE","","Manochlamys albicans","(Aiton) Aellen","Amaranthaceae",1,0,"",1,0,1,0,0,0,0,0,0,"","","","",200,0,0,0,0,1,0,0,0,0,0,0,0,0,0,0,0,"Leaf",0,1,0,0,0,0,4,0,0,"leaf","0",3,"l","i","p"
"Massonia depressa","Massonia depressa","HYACINTHACEAE","","Massonia depressa","Houtt.","Asparagaceae",1,0,"",1,0,1,0,1,1,0,1,0,"May","Jul","Aug",NA,5,0,1,0,0,0,0,0,0,0,0,0,0,0,0,0,0,"Leaf",0,0,1,0,0,0,10,0,0,"leaf","0",3,"l","i","p"
"Medicargo polymorpha","Medicargo polymorpha","FABACEAE","","Medicago polymorpha","L.","Fabaceae",0,1,"",1,0,0,0,1,1,0,0,0,"","","","",20,1,0,0,0,0,0,0,1,0,0,0,0,0,0,0,0,"Leaf",0,0,1,1,0,0,3,0,0,"leaf","0",0,"l","i","m"
"Melasphaerula ramosa","Melasphaerula ramosa","IRIDACEAE","","Ixia scillaris subsp. scillaris",NA,"Iridaceae",1,0,"",1,0,0,1,1,1,0,1,0,"","","","",60,0,1,0,0,0,0,0,0,0,0,0,0,0,0,0,0,"Leaf",1,0,0,0,0,0,15,0,0,"leaf","0",2,"l","i","p"
"Melianthus comosus","Melianthus comosus","MELIANTHACEAE","","Melianthus comosus","Vahl","Francoaceae",1,0,"",1,0,1,0,0,0,0,0,0,"Aug","Oct",NA,NA,200,0,0,0,0,1,0,0,0,0,0,0,0,0,0,0,0,"Leaf",0,1,0,1,1,1,4,0,0,"leaf","0",2,"h","i","w"
"Mentha longiflora","Mentha longiflora","LAMIACEAE","","Dracaena longiflora","(Sims) Byng & Christenh.","Asparagaceae",1,0,"",1,0,1,0,0,0,0,0,0,"","","","",150,0,0,0,1,1,0,0,0,0,0,0,0,0,0,0,0,"Leaf",0,1,0,0,0,0,8,0,0,"leaf","0",2,"m","i","p"
"Mesembryanthemum emarcidum","Mesembryanthemum emarcidum","AIZOACEAE","","Mesembryanthemum emarcidum","Thunb.","Aizoaceae",1,0,"",1,0,1,0,0,0,0,0,0,"Aug","Oct",NA,NA,25,0,0,0,1,0,0,0,1,0,0,0,0,1,1,0,0,"Leaf",0,1,0,0,0,0,3.5,0,0,"leaf","0",2,"l","i","p"
"Mesembryanthemum guerichianum","Mesembryanthemum guerichianum","AIZOACEAE","","Mesembryanthemum guerichianum","Pax","Aizoaceae",0,1,"",1,0,0,0,1,1,0,0,0,"Sep","Dec",NA,NA,20,0,0,0,1,0,0,0,1,0,0,0,0,1,1,1,0,"Leaf",0,0,1,0,0,0,6,0,0,"leaf","0",0,"l","i","p"
"Mesembryanthemum junceum","Mesembryanthemum junceum","AIZOACEAE","","Mesembryanthemum junceum","Haw.","Aizoaceae",1,0,"",1,0,1,0,0,0,0,0,0,"Oct","Nov",NA,NA,55,0,0,0,1,1,0,0,0,0,0,0,0,1,1,1,0,"Leaf",0,1,0,0,0,0,1.5,0,0,"leaf","0",2,"l","i","p"
"Mesembryanthemum nitidum","Mesembryanthemum nitidum","AIZOACEAE","","Mesembryanthemum nitidum","Haw.","Aizoaceae",1,0,"",1,0,1,0,0,0,0,0,0,"Sep","Oct",NA,NA,30,0,0,0,1,0,0,0,1,0,0,0,0,1,1,0,0,"Leaf",0,1,0,0,0,0,3,0,0,"leaf","0",3,"l","i","p"
"Mesembryanthemum resurgens","Mesembryanthemum resurgens","AIZOACEAE","","Mesembryanthemum resurgens","Kensit","Aizoaceae",1,0,"",1,0,1,0,0,0,0,1,0,"Jun","Sep",NA,NA,10,0,1,0,1,0,0,0,0,0,0,0,0,1,1,1,0,"Leaf",1,0,0,0,0,0,5,0,0,"leaf","0",3,"l","i","p"
"Mesembryanthemum stenandrum","Mesembryanthemum stenandrum","AIZOACEAE","","Mesembryanthemum stenandrum","(L.Bolus) L.Bolus","Aizoaceae",0,1,"",1,0,1,0,0,0,0,0,0,"Nov","Dec",NA,NA,10,1,0,0,0,0,0,0,1,0,0,0,0,1,1,1,0,"Leaf",1,0,0,0,0,0,2,0,0,"leaf","0",0,"l","i","p"
"Mesembryanthemum vaginatum","Mesembryanthemum vaginatus","AIZOACEAE","","Mesembryanthemum vaginatum","Lam.","Aizoaceae",1,0,"",1,0,1,0,0,0,0,0,0,"Oct","Nov",NA,NA,25,0,0,0,1,0,0,0,1,0,0,0,0,1,1,0,0,"Leaf",1,0,0,0,0,0,1,1,1,"mixed","0",3,"l","i","p"
"Microloma armatum","Microloma armatum","APOCYNACEAE","","Microloma armatum","(Thunb.) Schltr. ex E.Gilg & Benedict","Apocynaceae",1,0,"",1,0,1,0,0,0,0,0,0,"","","","",20,0,0,0,1,0,0,0,0,0,0,0,0,0,0,0,0,"Leaf",0,1,0,0,0,0,0.8,0,0,"leaf","0",3,"l","i","w"
"Microloma calycinum","Microloma calycinum","APOCYNACEAE","","Microloma calycinum","E.Mey.","Apocynaceae",1,0,"",1,0,1,0,0,0,0,0,0,"","","","",100,0,0,0,1,0,0,0,0,1,0,0,0,0,0,0,0,"Leaf",1,0,0,0,0,0,1.8,0,0,"leaf","0",3,"l","i","w"
"Microloma namaquense","Microloma namaquense","APOCYNACEAE","","Microloma namaquense","Bolus","Apocynaceae",1,0,"",1,0,1,0,0,0,0,0,0,"","","","",100,0,0,0,0,0,0,0,0,1,0,0,0,0,0,0,0,"Leaf",1,0,0,0,0,0,3.5,0,0,"leaf","0",3,"l","i","w"
"Microloma sagittatum","Microloma sagittatum","APOCYNACEAE","","Microloma sagittatum","(L.) R.Br.","Apocynaceae",1,0,"",1,0,1,0,0,0,0,1,0,"Jun","Oct",NA,NA,100,1,0,0,0,0,0,0,0,1,0,0,0,0,0,0,0,"Leaf",0,1,0,0,1,0,1,0,1,"mixed","0",2,"l","i","w"
"Monechma spartioides","Monechma spartioides","THURNIACEAE","","Pogonospermum patulum","(Licht. ex Roem. & Schult.) I.Darbysh. & Kiel","Acanthaceae",1,0,"",1,0,1,0,0,0,0,0,0,"Feb","Dec",NA,NA,200,0,0,0,1,1,0,0,0,0,0,0,0,0,0,0,0,"Leaf",0,1,0,0,0,0,1.5,0,0,"leaf","0",3,"l","i","p"
"Osteospermum hyoseroides","Monoculus hyoseroides","ASTERACEAE","","Monoculus hyoseroides","(DC.) B.Nord.","Asteraceae",0,1,"",1,0,0,0,1,1,0,0,0,"","","","",60,1,0,0,0,0,0,0,0,0,0,0,0,0,0,0,0,"Leaf",0,1,0,0,0,0,10,0,0,"leaf","0",0,"l","i","w"
"Moraea amabilis","Moraea amabilis","IRIDACEAE","","Moraea amabilis","Diels","Iridaceae",1,0,"",1,0,0,1,1,1,0,1,0,"Aug","Sep",NA,NA,45,0,1,0,0,0,0,0,0,0,0,0,0,0,0,0,0,"Leaf",1,0,0,0,0,0,15,0,0,"leaf","0",2,"l","i","w"
"Moraea bifida","Moraea bifida","IRIDACEAE","","Moraea bifida","(L.Bolus) Goldblatt","Iridaceae",1,0,"",1,0,0,1,1,1,0,1,0,"Aug","Sep",NA,NA,60,0,1,0,0,0,0,0,0,0,0,0,0,0,0,0,0,"Leaf",1,0,0,0,0,0,30,0,0,"leaf","0",2,"l","i","w"
"Moraea brachygyne","Moraea brachygyne","IRIDACEAE","","Moraea brachygyne","(Schltr.) Goldblatt","Iridaceae",1,0,"",1,0,0,1,1,1,0,1,0,"Jul","Sep",NA,NA,25,0,1,0,0,0,0,0,0,0,0,0,0,0,0,0,0,"Leaf",1,0,0,0,0,0,15,0,0,"leaf","0",2,"l","i","w"
"Moraea ciliata","Moraea ciliata","IRIDACEAE","","Moraea ciliata","(L.f.) Ker Gawl.","Iridaceae",1,0,"",1,0,0,1,1,1,0,1,0,"Jul","Sep",NA,NA,10,0,1,0,0,0,0,0,0,0,0,0,0,0,0,0,0,"Leaf",1,0,0,0,0,0,5,0,0,"leaf","0",2,"l","i","w"
"Moraea falcifolia","Moraea falcifolia","IRIDACEAE","","Moraea falcifolia","Klatt","Iridaceae",1,0,"",1,0,0,1,1,1,0,1,0,"May","Aug",NA,NA,5,0,1,0,0,0,0,0,0,0,0,0,0,0,0,0,0,"Leaf",1,0,0,0,0,0,4,0,0,"leaf","0",2,"l","i","w"
"Moraea fenestrata","Moraea fenestrata","IRIDACEAE","","Moraea fenestrata","(Goldblatt) Goldblatt","Iridaceae",1,0,"",1,0,0,1,1,1,0,1,0,"Aug",NA,NA,NA,30,0,1,0,0,0,0,0,0,0,0,0,0,0,0,0,0,"Leaf",1,0,0,0,0,0,20,0,0,"leaf","0",2,"l","i","w"
"Moraea miniata","Moraea miniata","IRIDACEAE","","Moraea miniata","Andrews","Iridaceae",1,0,"",1,0,0,1,1,1,0,1,0,"","","","",60,0,1,0,0,0,0,0,0,0,0,0,0,0,0,0,0,"Leaf",1,0,0,0,0,0,20,0,0,"leaf","0",2,"l","i","w"
"Moraea pritzeliana","Moraea pritzeliana","IRIDACEAE","","Moraea pritzeliana","Diels","Iridaceae",1,0,"",1,0,0,1,1,1,0,1,0,"Sep","Oct",NA,NA,25,0,1,0,0,0,0,0,0,0,0,0,0,0,0,0,0,"Leaf",1,0,0,0,0,0,20,0,0,"leaf","0",2,"l","i","w"
"Muraltia divaricata","Muraltia divaricata","POLYGALACEAE","","Muraltia divaricata","Eckl. & Zeyh.","Polygalaceae",1,0,"",1,0,1,0,0,0,0,0,0,"Sep","Dec",NA,NA,50,0,0,0,1,0,0,0,0,0,0,0,0,0,0,0,0,"Leaf",1,0,0,0,0,0,1,0,0,"leaf","0",2,"h","i","i"
"Muraltia vulnerans","Muraltia vulnerans","POLYGALACEAE","","Muraltia vulnerans","Levyns","Polygalaceae",1,0,"",1,0,1,0,0,0,0,0,0,"","","","",80,0,0,0,1,0,0,0,0,0,0,0,0,0,0,0,0,"Leaf",1,0,0,0,0,0,1.3,0,0,"leaf","0",2,"h","i","i"
"Nemesia anisocarpa","Nemesia anisocarpa","SCROPHULARIACEAE","","Nemesia anisocarpa","E.Mey. ex Benth.","Scrophulariaceae",0,1,"",1,0,0,0,1,1,0,0,0,"","","","",40,1,0,0,0,0,0,0,0,0,0,0,0,0,0,0,0,"Leaf",0,1,0,0,0,0,2.5,0,0,"leaf","0",0,"l","i","p"
"Nemesia cheiranthus","Nemesia cheiranthus","SCROPHULARIACEAE","","Nemesia cheiranthus","E.Mey. ex Benth.","Scrophulariaceae",0,1,"",1,0,0,0,1,1,0,0,0,"Aug","Sep",NA,NA,40,1,0,0,0,0,0,0,0,0,0,0,0,0,0,0,0,"Leaf",0,1,0,0,0,0,2,0,0,"leaf","0",0,"l","i","p"
"Nemesia leipoldtii","Nemesia leipoldtii","SCROPHULARIACEAE","","Nemesia leipoldtii","Hiern","Scrophulariaceae",0,1,"",1,0,0,0,1,1,0,0,0,"Aug","Sep",NA,NA,30,1,0,0,0,0,0,0,0,0,0,0,0,0,0,0,0,"Leaf",0,0,1,0,0,0,2.6,0,0,"leaf","0",0,"l","i","p"
"Nenax cinerea","Nenax cinerea","RUBIACEAE","","Nenax cinerea","(Thunb.) Puff","Rubiaceae",1,0,"",0,1,1,0,0,0,0,0,0,"Aug",NA,NA,NA,100,0,0,0,1,1,0,0,0,0,0,0,0,0,0,0,0,"Leaf",0,0,1,0,0,0,0.5,0,0,"leaf","0",3,"m","w","p"
"Nenax microphylla","Nenax microphylla","RUBIACEAE","","Nenax microphylla","(Sond.) Salter","Rubiaceae",1,0,"",0,1,1,0,0,0,0,0,0,"","","","",50,0,0,0,1,0,0,0,0,0,0,0,0,0,0,0,0,"Leaf",0,1,0,0,0,0,0.4,0,0,"leaf","0",2,"m","w","p"
"Oedera genistifolia","Oedera genistifolia","ASTERACEAE","","Oedera genistifolia","(L.) Anderb. & K.Bremer","Asteraceae",1,0,"",1,0,1,0,0,0,0,0,0,"Aug","Nov",NA,NA,100,0,0,0,1,1,0,0,0,0,0,0,0,0,0,0,0,"Leaf",0,1,0,0,0,0,1.4,0,0,"leaf","0",2,"h","i","w"
"Oncosiphon grandiflorum","Oncosiphon grandiflorum","ASTERACEAE","","Oncosiphon grandiflorus","(Thunb.) Källersjö","Asteraceae",0,1,"",1,0,0,0,1,1,0,0,0,"Aug","Nov",NA,NA,45,1,0,0,0,0,0,0,0,0,0,0,0,0,0,0,0,"Leaf",1,0,0,1,0,1,5,0,0,"leaf","0",0,"l","i","w"
"Oncosiphon suffruticosum","Oncosiphon suffruticosum","ASTERACEAE","","Oncosiphon suffruticosum","(L.) Källersjö","Asteraceae",0,1,"",1,0,0,0,1,1,0,0,0,"Sep","Dec",NA,NA,50,1,0,0,0,0,0,0,0,0,0,0,0,0,0,0,0,"Leaf",1,0,0,1,0,1,8,0,0,"leaf","0",0,"l","i","w"
"Ophioglossum polyphyllum","Ophioglossum polyphyllum","OPHIOGLOSSACEAE","","Ophioglossum polyphyllum","A.Braun ex Seub.","Ophioglossaceae",1,0,"",1,0,1,0,0,0,0,1,0,"","","","",10,1,0,0,0,0,0,0,0,0,0,0,0,0,0,0,0,"Frond",0,1,0,0,0,0,6,0,0,"leaf","0",3,"l","w","w"
"Ornithogalum rupestre","Ornithogalum multifolium","HYACINTHACEAE","","Ornithogalum rupestre","L.f.","Asparagaceae",1,0,"",1,0,0,1,1,1,0,0,0,"","","","",25,0,1,0,0,0,0,0,0,0,0,0,0,1,1,0,0,"leaf",1,0,0,0,0,0,15,0,0,"leaf","0",3,"l","i","w"
"Ornithogalum pruinosum","Ornithogalum pruinosum","HYACINTHACEAE","","Ornithogalum pruinosum","F.M.Leight.","Asparagaceae",1,0,"",1,0,0,1,1,1,0,0,0,"","","","",30,0,1,0,0,0,0,0,0,0,0,0,0,0,0,0,0,"leaf",0,1,0,0,0,0,10,0,0,"leaf","0",3,"l","i","w"
"Albuca secunda","Ornithogalum secundum","HYACINTHACEAE","","Albuca secunda","(Jacq.) J.C.Manning & Goldblatt","Asparagaceae",1,0,"",1,0,0,1,1,1,0,1,0,"","","","",35,0,1,0,0,0,0,0,0,0,0,0,0,0,0,0,0,"leaf",0,1,0,0,0,0,15,0,0,"leaf","0",3,"l","i","w"
"Ornithogalum tanquanum","Ornithogalum tanquanum","HYACINTHACEAE","","Ornithogalum tanquanum","(Mart.-Azorín & M.B.Crespo) J.C.Manning & Goldblatt","Asparagaceae",1,0,"",1,0,0,1,1,1,0,1,0,"",NA,NA,NA,30,0,1,0,0,0,0,0,0,0,0,0,0,0,0,0,0,"Leaf",1,0,0,0,0,0,10,0,0,"leaf","0",2,"l","i","w"
"Ornithogalum xanthochlorum","Ornithogalum xanthochlorum","HYACINTHACEAE","","Ornithogalum xanthochlorum","Baker","Asparagaceae",1,0,"",1,0,0,1,1,1,0,1,0,"","","","",60,0,1,0,0,0,0,0,0,0,0,0,0,0,0,0,0,"leaf",1,0,0,0,0,0,35,0,0,"leaf","0",3,"l","i","w"
"Ornithoglossum parviflorum","Ornithoglossum parviflorum","COLCHICACEAE","","Ornithoglossum parviflorum","B.Nord.","Colchicaceae",1,0,"",1,0,0,1,1,1,0,1,0,"Jun","Oct",NA,NA,30,0,1,0,0,0,0,0,0,0,0,0,0,0,0,0,0,"Leaf",0,1,0,0,0,0,5,0,0,"leaf","0",3,"l","i","w"
"Ornithoglossum viride","Ornithoglossum viride","COLCHICACEAE","","Ornithoglossum viride","(L.f.) Dryand. ex W.T.Aiton","Colchicaceae",1,0,"",1,0,0,1,1,1,0,1,0,"","","","",30,0,1,0,0,0,0,0,0,0,0,0,0,0,0,0,0,"leaf",0,1,0,0,0,0,5,0,0,"leaf","0",3,"l","i","w"
"Ornithoglossum vulgare","Ornithoglossum vulgare","COLCHICACEAE","","Ornithoglossum vulgare","B.Nord.","Colchicaceae",1,0,"",1,0,0,1,1,1,0,1,0,"","","","",20,0,1,0,0,0,0,0,0,0,0,0,0,0,0,0,0,"leaf",0,1,0,0,0,0,5,0,0,"leaf","0",3,"l","i","w"
"Osteospermum acanthospermum","Osteospermum acanthospermum","ASTERACEAE","","Osteospermum acanthospermum","(DC.) Norl.","Asteraceae",0,1,"",1,0,0,0,1,1,0,0,0,"Aug","Oct",NA,NA,15,1,0,0,0,0,0,0,1,0,0,0,0,0,0,0,0,"Leaf",0,1,0,0,1,0,2.5,0,0,"leaf","0",0,"l","i","m"
"Osteospermum incanum subsp incanum","Osteospermum incanum","ASTERACEAE","","Osteospermum incanum subsp. incanum",NA,"Asteraceae",1,0,"",1,0,1,0,0,0,0,0,0,"Dec","May",NA,NA,80,0,0,0,1,0,0,0,1,0,0,0,0,0,0,0,0,"Leaf",0,1,0,0,0,0,3.5,0,0,"leaf","0",2,"h","i","m"
"Osteospermum leptolobum","Osteospermum leptolobum","ASTERACEAE","","Osteospermum leptolobum","(Harv.) Norl.","Asteraceae",1,0,"",1,0,1,0,0,0,0,0,0,"Aug","Sep",NA,NA,60,0,0,0,1,0,0,0,0,0,0,0,0,0,0,0,0,"leaf",1,0,0,1,0,1,1.5,0,0,"leaf","0",2,"h","i","w"
"Osteospermum scariosum","Osteospermum scariosum","ASTERACEAE","","Osteospermum scariosum","DC.","Asteraceae",1,0,"",1,0,1,0,0,0,0,1,0,"Jul","Oct",NA,NA,30,0,0,0,1,0,0,0,0,0,0,0,0,0,0,0,0,"Leaf",0,1,0,0,1,0,1.5,0,0,"leaf","0",3,"h","i","w"
"Osteospermum sinuatum","Osteospermum sinuatum","ASTERACEAE","","Osteospermum sinuatum","(DC.) Norl.","Asteraceae",1,0,"",1,0,1,0,0,0,0,0,0,"Jun","Sep",NA,NA,50,0,0,0,1,0,0,0,0,0,0,0,0,0,0,0,0,"Leaf",0,1,0,0,0,0,2,0,0,"leaf","0",2,"l","i","w"
"Osteospermum spinescens","Osteospermum spinescens","ASTERACEAE","","Osteospermum spinescens","Thunb.","Asteraceae",1,0,"",1,0,1,0,0,0,0,0,0,"","","","",100,0,0,0,1,0,0,0,0,0,0,0,0,0,0,0,0,"Leaf",1,1,0,0,0,0,NA,0,0,"leaf","0",3,"l","i","w"
"Otholobium  candicans","Otholobium  candicans","FABACEAE","","Psoralea candicans","Eckl. & Zeyh.","Fabaceae",1,0,"",1,0,1,0,0,0,0,0,0,"Sep","Nov",NA,NA,150,0,0,0,0,1,0,0,0,0,0,0,0,0,0,0,0,"Leaf",0,1,0,1,0,0,1.5,0,0,"leaf","0",2,"h","i","p"
"Otholobium arborescens","Otholobium arborescens","FABACEAE","","Psoralea arborescens","(C.H.Stirt.) C.H.Stirt.","Fabaceae",1,0,"",1,0,1,0,0,0,0,0,0,"","","","",500,0,0,0,0,0,1,1,0,0,0,0,0,0,0,0,0,"Leaf",0,0,1,1,0,0,2,0,0,"leaf","0",2,"h","i","p"
"Otholobium candicans","Otholobium candicans","FABACEAE","","Psoralea candicans","Eckl. & Zeyh.","Fabaceae",1,0,"",1,0,1,0,0,0,0,0,0,"","","","",150,0,0,0,0,1,0,0,0,0,0,0,0,0,0,0,0,"Leaf",0,1,0,1,0,0,2,0,0,"leaf","0",2,"h","i","p"
"Othonna cylindrica","Othonna cylindrica","ASTERACEAE","","Othonna cylindrica","DC.","Asteraceae",1,0,"",1,0,1,0,0,0,0,0,0,"","","","",100,0,0,0,1,0,0,0,0,0,0,0,0,1,1,1,0,"Leaf",0,1,0,0,0,0,4,0,0,"leaf","0",3,"l","i","w"
"Othonna hederifolia","Othonna hederifolia","ASTERACEAE","","Othonna hederifolia","B.Nord.","Asteraceae",1,0,"",1,0,0,1,1,1,1,1,0,"Jun","Aug",NA,NA,15,1,1,0,0,0,0,0,0,0,0,0,0,0,0,0,0,"Leaf",0,0,1,0,0,0,4,0,0,"leaf","0",2,"l","i","w"
"Othonna pteronioides","Othonna pteronioides","ASTERACEAE","","Othonna pteronioides","Harv.","Asteraceae",1,0,"",1,0,1,0,0,0,0,0,0,"Aug",NA,NA,NA,100,0,0,0,1,0,0,0,0,0,0,0,0,0,0,0,0,"Leaf",0,1,0,0,0,0,0.8,0,0,"leaf","0",3,"l","i","w"
"Othonna protecta","Othonna rechingeri","ASTERACEAE","","Othonna protecta","Dinter","Asteraceae",1,0,"",1,0,1,0,0,0,0,0,0,"Jul","Sep",NA,NA,20,1,1,0,0,0,0,0,0,0,0,0,0,1,1,1,0,"Leaf",1,0,0,0,0,0,2.5,0,0,"leaf","0",2,"l","i","w"
"Othonna undulosa","Othonna undulosa","ASTERACEAE","","Othonna undulosa","(DC.) J.C.Manning & Goldblatt","Asteraceae",1,0,"",1,0,0,1,1,1,0,1,0,"May","Aug",NA,NA,70,1,1,0,0,0,0,0,0,0,0,0,0,1,1,0,0,"Leaf",0,0,1,0,0,0,4,0,0,"leaf","0",2,"l","i","w"
"Oxalis flava","Oxalis flava","OXALIDACEAE","","Oxalis flava","L.","Oxalidaceae",1,0,"",1,0,0,1,1,1,0,1,0,"May","Jun",NA,NA,5,1,1,0,0,0,0,0,0,0,0,0,0,0,0,0,0,"Leaf",1,0,0,1,0,0,4,0,0,"leaf","0",2,"l","i","p"
"Oxalis luteola","Oxalis luteola","OXALIDACEAE","","Oxalis luteola","Jacq.","Oxalidaceae",1,0,"",1,0,0,1,1,1,0,1,0,"May","Jun",NA,NA,2,1,1,0,0,0,0,0,0,0,0,0,0,0,0,0,0,"Leaf",0,0,1,1,0,0,2,0,0,"leaf","0",2,"l","i","p"
"Oxalis pardalis","Oxalis massoniana var massoniana","OXALIDACEAE","","Oxalis pardalis","Sond.","Oxalidaceae",1,0,"",1,0,0,1,1,1,0,1,0,"May","Jun",NA,NA,30,1,1,0,0,0,0,0,0,0,0,0,0,0,0,0,0,"Leaf",1,0,0,1,0,0,0.5,0,0,"leaf","0",2,"l","i","p"
"Oxalis pes-caprae","Oxalis pes-caprae","OXALIDACEAE","","Oxalis pes-caprae","L.","Oxalidaceae",1,0,"",1,0,0,1,1,1,0,1,0,"Jun","Oct",NA,NA,20,1,1,0,0,0,0,0,0,0,0,0,0,0,0,0,0,"Leaf",0,0,1,1,0,0,2,0,0,"leaf","0",2,"l","i","p"
"Oxalis pocockiae","Oxalis pocockiae","OXALIDACEAE","","Oxalis pocockiae","L.Bolus","Oxalidaceae",1,0,"",1,0,0,1,1,1,0,1,0,"May","Jun",NA,NA,10,1,1,0,0,0,0,0,0,0,0,0,0,0,1,0,0,"Leaf",0,0,1,1,0,0,1,0,0,"leaf","0",2,"l","i","p"
"Pelargonium abrotanifolium","Pelargonium abrotanifolium","GERANIACEAE","","Pelargonium abrotanifolium","(L.f.) Jacq.","Geraniaceae",1,0,"",1,0,1,0,0,0,0,0,0,"E",NA,NA,NA,50,0,0,0,1,0,0,0,0,0,0,0,0,0,0,0,0,"Leaf",1,0,0,0,1,1,1,0,0,"leaf","0",2,"h","i","w"
"Pelargonium articulatum","Pelargonium articulatum","GERANIACEAE","","Pelargonium articulatum","Willd.","Geraniaceae",1,0,"",1,0,0,1,1,1,0,1,0,"Oct","Dec",NA,NA,20,1,1,0,0,0,0,0,0,0,0,0,0,0,0,0,0,"Leaf",0,0,1,0,1,0,6,0,0,"leaf","0",2,"l","i","w"
"Pelargonium polycephalum","Pelargonium cf polycephalum","GERANIACEAE","","Pelargonium polycephalum","E.Mey.","Geraniaceae",1,0,"",1,0,0,1,0,0,0,1,0,"Aug","Sep",NA,NA,100,1,1,0,0,0,0,0,0,0,0,0,0,1,0,1,0,"Leaf",0,0,1,1,1,1,7,0,0,"leaf","0",2,"l","i","w"
"Pelargonium crithmifolium","Pelargonium crithifolium","GERANIACEAE","","Pelargonium crithmifolium","Sm.","Geraniaceae",1,0,"",1,0,0,1,0,0,0,0,0,"Mar","May","Sep","Nov",100,0,0,0,1,0,0,0,0,0,0,0,0,1,1,1,0,"Leaf",1,0,0,1,1,1,10,0,0,"leaf","0",3,"l","i","w"
"Pelargonium magenteum","Pelargonium magenteum","GERANIACEAE","","Pelargonium magenteum","J.J.A.Van der Walt","Geraniaceae",1,0,"",1,0,1,0,0,0,0,0,0,"May","Oct",NA,NA,100,0,0,0,1,0,0,0,0,0,0,0,0,0,0,0,0,"Leaf",0,0,1,0,1,0,1.5,0,0,"leaf","0",3,"m","i","w"
"Pelargonium moniliforme","Pelargonium monoliforme","GERANIACEAE","","Pelargonium moniliforme","E.Mey. ex Harv.","Geraniaceae",1,0,"",1,0,0,1,1,1,0,1,0,"Sep",NA,NA,NA,40,1,1,0,0,0,0,0,0,0,0,0,0,0,0,0,0,"Leaf",0,0,1,0,0,0,4,0,0,"leaf","0",2,"l","i","w"
"Pelargonium oreophilum","Pelargonium oreophilum","GERANIACEAE","","Pelargonium oreophilum","Schltr.","Geraniaceae",1,0,"",1,0,1,0,0,0,0,0,0,"Aug","Oct",NA,NA,30,0,0,0,1,0,0,0,0,0,0,0,0,1,0,1,0,"Leaf",1,0,0,1,1,1,3,0,0,"leaf","0",2,"m","i","w"
"Pelargonium praemorsum","Pelargonium praemorsum","GERANIACEAE","","Pelargonium praemorsum","(Andrews) F.Dietr.","Geraniaceae",1,0,"",1,0,1,0,0,0,0,0,0,"Aug","Apr",NA,NA,200,0,0,0,0,1,0,0,0,0,0,0,0,0,0,0,0,"Leaf",1,0,0,0,1,1,1,0,0,"leaf","0",2,"m","i","w"
"Pelargonium rapaceum","Pelargonium rapaceum","GERANIACEAE","","Pelargonium rapaceum","(L.) L'Hér.","Geraniaceae",1,0,"",1,0,0,1,1,1,0,1,0,"Oct","Feb",NA,NA,40,1,1,0,0,0,0,0,0,0,0,0,0,0,0,0,0,"Leaf",1,0,0,1,1,1,20,0,0,"leaf","0",3,"l","i","w"
"Pelargonium redactum","Pelargonium reductum","GERANIACEAE","","Pelargonium redactum","Vorster","Geraniaceae",0,1,"",1,0,0,0,1,1,0,0,0,"","","","",25,1,0,0,0,0,0,0,0,0,0,0,0,0,0,0,0,"Leaf",0,1,0,1,1,NA,20,0,0,"leaf","0",0,"l","i","w"
"Pelargonium reflexum","Pelargonium reflexum","GERANIACEAE","","Pelargonium reflexum","Pers.","Geraniaceae",1,0,"",1,0,0,1,1,1,0,1,0,"Dec","Jan",NA,NA,15,1,1,0,0,0,0,0,0,0,0,0,0,0,0,0,0,"Leaf",0,0,1,0,1,0,2,0,0,"leaf","0",2,"l","i","w"
"Pelargonium pachypodium","Pelargonium sp","GERANIACEAE","","Pelargonium pachypodium","J.P.Roux","Geraniaceae",1,0,"",1,0,0,1,0,0,0,1,0,"",NA,NA,NA,30,1,1,0,0,0,0,0,0,0,0,0,0,1,0,1,0,"Leaf",1,0,0,0,1,1,3,0,0,"leaf","0",2,"l","i","w"
"Pentameris rupestris","Pentameris rupestris","POACEAE","","Pentameris rupestris","(Nees) Steud.","Poaceae",1,0,"",1,0,0,1,0,0,0,1,0,"Oct",NA,NA,NA,100,0,0,1,0,0,0,0,0,0,0,0,0,0,0,0,0,"Leaf",1,0,0,0,0,0,30,0,1,"mixed","0",2,"h","w","w"
"Pentameris airoides","Pentaschistis airoides","POACEAE","","Pentameris airoides","(Nees) Steud.","Poaceae",0,1,"",1,0,0,0,1,1,0,0,0,"","","","",35,0,0,1,0,0,0,0,0,0,0,0,0,0,0,0,0,"Leaf",1,0,0,0,0,0,15,0,1,"mixed","0",0,"l","w","w"
"Pentameris patula","Pentaschistis patula","POACEAE","","Pentameris patula","(Nees) Steud.","Poaceae",0,1,"",1,0,0,0,1,1,0,0,0,"","","","",30,0,0,1,0,0,0,0,0,0,0,0,0,0,0,0,0,"Leaf",1,0,0,0,0,0,15,0,1,"mixed","0",0,"l","w","w"
"Pentzia dentata","Pentzia dentata","ASTERACEAE","","Pentzia dentata","Kuntze","Asteraceae",1,0,"",1,0,1,0,0,0,0,0,0,"","","","",60,0,0,0,1,0,0,0,0,0,0,0,0,0,0,0,0,"Leaf",0,1,0,0,1,0,0.8,0,0,"leaf","0",2,"h","i","w"
"Pentzia lanata","Pentzia lanata","ASTERACEAE","","Pentzia lanata","Hutch.","Asteraceae",1,0,"",1,0,1,0,0,0,0,0,0,"","","","",100,0,0,0,1,0,0,0,0,0,0,0,0,0,0,0,0,"Leaf",1,0,0,0,1,1,2.5,0,0,"leaf","0",2,"h","i","w"
"Pentzia sphaerocephala","Pentzia sphaerocephala","ASTERACEAE","","Pentzia sphaerocephala","DC.","Asteraceae",1,0,"",1,0,1,0,0,0,0,0,0,"","","","",100,0,0,0,1,0,0,0,0,0,0,0,0,0,0,0,0,"Leaf",1,0,0,0,1,1,1,0,0,"leaf","0",2,"h","i","w"
"Pentzia spinescens","Pentzia spinescens","ASTERACEAE","","Pentzia spinescens","Less.","Asteraceae",1,0,"",1,0,1,0,0,0,0,0,0,"Oct",NA,NA,NA,50,0,0,0,1,0,0,0,0,0,0,0,0,0,0,0,0,"Leaf",1,0,0,0,1,1,0.8,0,0,"leaf","0",2,"h","i","w"
"Pharnaceum aurantium","Pharnaceum aurantium","MOLLUGINACEAE","","Pharnaceum aurantium","(DC.) Druce","Molluginaceae",1,0,"",1,0,1,0,0,0,0,0,0,"Sep","Oct",NA,NA,80,0,0,0,1,0,0,0,0,0,0,0,0,0,0,0,0,"Leaf",1,0,0,0,0,0,0.7,0,0,"leaf","0",2,"l","i","p"
"Pharnaceum ciliare","Pharnaceum ciliare","MOLLUGINACEAE","","Pharnaceum ciliare","Adamson","Molluginaceae",1,0,"",1,0,1,0,0,0,0,0,0,"Sep","Oct",NA,NA,40,0,0,0,1,0,0,0,0,0,0,0,0,0,0,0,0,"Leaf",1,0,0,0,0,0,0.5,0,0,"leaf","0",2,"l","i","p"
"Pharnaceum croceum","Pharnaceum croceum","MOLLUGINACEAE","","Pharnaceum croceum","E.Mey. ex Fenzl","Molluginaceae",0,1,"",1,0,0,0,1,1,0,0,0,"","","","",10,1,0,0,0,0,0,0,0,0,0,0,0,1,1,0,0,"Leaf",1,0,0,0,0,0,0.7,0,0,"leaf","0",0,"l","i","p"
"Phylica agathosmoides","Phylica agathosmoides","RHAMNACEAE","","Phylica agathosmoides","Pillans","Rhamnaceae",1,0,"",1,0,1,0,0,0,0,0,0,"Aug","Sep",NA,NA,60,0,0,0,1,0,0,0,0,0,0,0,0,0,0,0,0,"Leaf",1,0,0,0,0,0,1,0,0,"leaf","0",2,"h","i","p"
"Mesembryantheum tenuiflorum","Phyllobolus tenuiflorus","AIZOACEAE","","Mesembryanthemum tenuiflorum","Jacq.","Aizoaceae",1,0,"",1,0,1,0,0,0,0,0,0,"","","","",10,0,1,0,1,0,0,0,1,0,0,0,0,1,1,1,0,"Leaf",0,1,0,0,0,0,NA,0,0,"leaf","0",3,"l","i","p"
"Plantago cafra","Plantago cafra","PLANTAGINACEAE","","Plantago afra","L.","Plantaginaceae",0,1,"",1,0,0,0,1,1,0,0,0,"Aug","Sep",NA,NA,15,1,0,0,0,0,0,0,0,0,0,0,0,0,0,0,0,"Leaf",1,0,0,0,0,0,1,0,0,"leaf","0",0,"l","i","p"
"Poa bulbosa","Poa bulbosa","POACEAE","","Poa bulbosa","L.","Poaceae",1,0,"",1,0,0,1,1,1,0,1,0,"Aug","Oct",NA,NA,30,0,0,1,0,0,0,0,0,0,0,0,0,0,0,0,0,"Leaf",1,0,0,0,0,0,10,0,1,"mixed","0",2,"m","w","w"
"Polycarena aurea","Polycarena aurea","SCROPHULARIACEAE","","Polycarena aurea","Benth.","Scrophulariaceae",0,1,"",1,0,0,0,1,1,0,0,0,"Sep","Oct",NA,NA,20,1,0,0,0,0,0,0,0,0,0,0,0,0,0,0,0,"Leaf",1,0,0,0,0,0,1,0,0,"leaf","0",0,"l","i","p"
"Polygala ephedroides","Polygala ephedroides","POLYGALACEAE","","Polygala ephedroides","Burch.","Polygalaceae",1,0,"",1,0,0,1,0,0,0,1,0,"Aug","Feb",NA,NA,200,0,0,0,0,1,0,0,0,0,0,0,0,0,0,0,0,"Leaf",1,0,0,0,0,0,7,1,1,"mixed","0",3,"m","i","i"
"Polygala scabra","Polygala scabra","POLYGALACEAE","","Polygala bowkerae","Harv.","Polygalaceae",1,0,"",1,0,1,0,0,0,0,0,0,"Jul","Oct",NA,NA,40,0,0,0,1,0,0,0,0,0,0,0,0,0,0,0,0,"Leaf",1,0,0,0,0,0,1,0,0,"leaf","0",2,"h","i","i"
"Mesembryanthemum pallens","Prenia pallens","AIZOACEAE","","Mesembryanthemum pallens","Aiton","Aizoaceae",1,0,"",1,0,1,0,0,0,0,0,0,"Sep","Dec",NA,NA,8,0,0,0,1,0,0,0,0,0,0,0,0,1,1,1,0,"Leaf",0,0,1,0,0,0,5,0,0,"leaf","0",2,"l","i","p"
"Mesembryanthemum tetragonum","Prenia tetragona","AIZOACEAE","","Mesembryanthemum tetragonum","Thunb.","Aizoaceae",1,0,"",1,0,1,0,0,0,0,0,0,"","","","",60,0,0,0,1,0,0,0,0,0,0,0,0,1,1,1,0,"Leaf",1,0,0,0,0,0,5,0,0,"leaf","0",2,"l","i","p"
"Prosopis glandulosa","Prosopis glandulosa","FABACEAE","","Neltuma glandulosa","(Torr.) Britton & Rose","Fabaceae",1,0,"",1,0,1,0,0,0,0,0,0,"","","","",1000,0,0,0,0,0,0,1,0,0,0,0,0,0,0,0,0,"Leaf",0,1,0,1,0,1,15,0,0,"leaf","0",3,"h","i","m"
"Pseudoschoenus inanis","Pseudoschoenus inanis","CYPERACEAE","","Pseudoschoenus inanis","(Thunb.) Oteng-Yeb.","Cyperaceae",1,0,"",1,0,1,0,0,0,0,1,0,"Nov","Dec",NA,NA,200,0,0,1,0,0,0,0,0,0,0,0,0,0,0,0,0,"Leaf",0,0,0,0,0,0,120,1,1,"culm_stem","0",3,"h","w","p"
"Mesembryanthemum coriarium","Psilocaulon coriarium","AIZOACEAE","","Mesembryanthemum coriarium","Burch. ex N.E.Br.","Aizoaceae",1,0,"",1,0,1,0,0,0,0,0,0,"","","","",150,0,0,0,1,1,0,0,0,0,0,0,0,1,1,1,0,"Leaf",0,1,0,0,0,0,0.8,0,0,"leaf","0",3,"l","i","p"
"Pteronia adenocarpa","Pteronia adenocarpa","ASTERACEAE","","Pteronia adenocarpa","Harv.","Asteraceae",1,0,"",1,0,1,0,0,0,0,0,0,"Aug","Dec",NA,NA,50,0,0,0,1,0,0,0,0,0,0,0,0,0,0,0,0,"Leaf",0,0,1,0,0,0,1,0,0,"leaf","0",3,"m","i","w"
"Pteronia aspalatha","Pteronia aspalatha","ASTERACEAE","","Pteronia aspalatha","DC.","Asteraceae",1,0,"",1,0,1,0,0,0,0,0,0,"","","","",60,0,0,0,1,0,0,0,0,0,0,0,0,0,0,0,0,"Leaf",1,0,0,0,0,0,0.5,0,0,"leaf","0",3,"m","i","w"
"Pteronia divaricata","Pteronia divaricata","ASTERACEAE","","Pteronia divaricata","(P.J.Bergius) Less.","Asteraceae",1,0,"",1,0,1,0,0,0,0,0,0,"Aug","Nov",NA,NA,200,0,0,0,0,1,0,0,0,0,0,0,0,0,0,0,0,"Leaf",0,0,1,0,0,0,2,0,0,"leaf","0",3,"h","i","w"
"Pteronia empetrifolia","Pteronia empetrifolia","ASTERACEAE","","Pteronia empetrifolia","DC.","Asteraceae",1,0,"",1,0,1,0,0,0,0,0,0,"Jul","Nov",NA,NA,60,0,0,0,1,0,0,0,0,0,0,0,0,0,0,0,0,"Leaf",1,0,0,0,0,0,0.6,0,0,"leaf","0",3,"m","i","w"
"Pteronia flexicaulis","Pteronia flexicaulis","ASTERACEAE","","Pteronia flexicaulis","L.f.","Asteraceae",1,0,"",1,0,1,0,0,0,0,0,0,"Nov","Dec",NA,NA,75,0,0,0,1,0,0,0,0,0,0,0,0,0,0,0,0,"Leaf",1,0,0,0,0,0,4,0,0,"leaf","0",3,"m","i","w"
"Pteronia glabrata","Pteronia glabrata","ASTERACEAE","","Pteronia glabrata","L.f.","Asteraceae",1,0,"",1,0,1,0,0,0,0,0,0,"Jul","Dec",NA,NA,80,0,0,0,1,0,0,0,0,0,0,0,0,1,1,0,0,"Leaf",0,1,0,0,0,0,2,0,0,"leaf","0",3,"l","i","w"
"Pteronia glauca","Pteronia glauca","ASTERACEAE","","Pteronia glauca","Thunb.","Asteraceae",1,0,"",1,0,1,0,0,0,0,0,0,"Jul","Oct",NA,NA,60,0,0,0,1,0,0,0,0,0,0,0,0,0,0,0,0,"Leaf",0,0,1,0,0,0,0.5,0,0,"leaf","0",3,"m","i","w"
"Pteronia glomerata","Pteronia glomerata","ASTERACEAE","","Pteronia glomerata","L.f.","Asteraceae",1,0,"",1,0,1,0,0,0,0,0,0,"Aug","Nov",NA,NA,30,0,0,0,1,0,0,0,0,0,0,0,0,0,0,0,0,"Leaf",0,1,0,0,0,0,0.3,0,0,"leaf","0",3,"m","i","w"
"Pteronia oblanceolata","Pteronia oblanceolata","ASTERACEAE","","Pteronia oblanceolata","E.Phillips","Asteraceae",1,0,"",1,0,1,0,0,0,0,0,0,"Sep","Nov",NA,NA,30,0,0,0,1,0,0,0,1,0,0,0,0,0,0,0,0,"Leaf",0,1,0,0,0,0,1,0,0,"leaf","0",3,"m","i","w"
"Pteronia pallens","Pteronia pallens","ASTERACEAE","","Pteronia pallens","L.f.","Asteraceae",1,0,"",1,0,1,0,0,0,0,0,0,"Sep","Dec",NA,NA,60,0,0,0,1,0,0,0,0,0,0,0,0,0,0,0,0,"Leaf",1,0,0,0,0,0,2,0,0,"leaf","0",3,"h","i","w"
"Pteronia paniculata","Pteronia paniculata","ASTERACEAE","","Pteronia paniculata","Thunb.","Asteraceae",1,0,"",1,0,1,0,0,0,0,0,0,"Nov","Jan",NA,NA,100,0,0,0,1,0,0,0,0,0,0,0,0,0,0,0,0,"Leaf",1,0,0,0,0,0,2,0,0,"leaf","0",3,"h","i","w"
"Pteronia scariosa","Pteronia scariosa","ASTERACEAE","","Pteronia scariosa","L.f.","Asteraceae",1,0,"",1,0,1,0,0,0,0,0,0,"","","","",60,0,0,0,1,0,0,0,0,0,0,0,0,0,0,0,0,"Leaf",0,0,1,0,0,0,1,0,0,"leaf","0",3,"m","i","w"
"Pteronia sordida","Pteronia sordida","ASTERACEAE","","Pteronia sordida","N.E.Br.","Asteraceae",1,0,"",1,0,1,0,0,0,0,0,0,"","","","",30,0,0,0,1,0,0,0,0,0,0,0,0,0,0,0,0,"Leaf",0,1,0,0,0,0,0.4,0,0,"leaf","0",3,"m","i","w"
"Pteronia villosa","Pteronia villosa","ASTERACEAE","","Pteronia villosa","L.f.","Asteraceae",1,0,"",1,0,1,0,0,0,0,0,0,"Aug","Sep",NA,NA,25,0,0,0,1,0,0,0,0,0,0,0,0,0,0,0,0,"Leaf",0,1,0,0,0,0,1.5,0,0,"leaf","0",3,"m","i","w"
"Relhania corymbosa","Relhania corymbosa","ASTERACEAE","","Relhania calycina subsp. lanceolata","K.Bremer","Asteraceae",1,0,"",1,0,1,0,0,0,0,0,0,"Oct","Apr",NA,NA,40,0,0,0,1,0,0,0,0,0,0,0,0,0,0,0,0,"Leaf",1,0,0,0,0,0,1.3,0,0,"leaf","0",2,"h","i","w"
"Restio longiaristatus","Restio longiaristatus","RESTIONACEAE","","Restio longiaristatus","(Pillans ex H.P.Linder) H.P.Linder & C.R.Hardy","Restionaceae",1,0,"",0,1,1,0,0,0,0,1,0,"Oct",NA,NA,NA,50,0,0,1,0,0,0,0,0,0,0,0,0,0,0,0,0,"Leaf",1,0,0,0,0,0,25,1,1,"culm_stem","0",2,"h","w","p"
"Restio macer","Restio macer","RESTIONACEAE","","Restio macer","Kunth","Restionaceae",1,0,"",0,1,1,0,0,0,0,1,0,"Aug","Nov",NA,NA,40,0,0,1,0,0,0,0,0,0,0,0,0,0,0,0,0,"Leaf",1,0,0,0,0,0,40,1,1,"culm_stem","0",2,"h","w","p"
"Romulea hantamensis","Romulea hantamensis","IRIDACEAE","","Romulea hantamensis","(Diels) Goldblatt","Iridaceae",1,0,"",1,0,0,1,1,1,0,1,0,"","","","",15,0,1,0,0,0,0,0,0,0,0,0,0,0,0,0,0,"Leaf",1,0,0,0,0,0,7,0,0,"leaf","0",2,"l","i","p"
"Romulea montana","Romulea montana","IRIDACEAE","","Romulea montana","Schltr. ex Bég.","Iridaceae",1,0,"",1,0,0,1,1,1,0,1,0,"","","","",15,0,1,0,0,0,0,0,0,0,0,0,0,0,0,0,0,"Leaf",1,0,0,0,0,0,5,0,0,"leaf","0",2,"l","i","p"
"Romulea sabulosa","Romulea sabulosa","IRIDACEAE","","Romulea sabulosa","Schltr. ex Bég.","Iridaceae",1,0,"",1,0,0,1,1,1,0,1,0,"Jul","Sep",NA,NA,10,0,1,0,0,0,0,0,0,0,0,0,0,0,0,0,0,"Leaf",1,0,0,0,0,0,8,0,0,"leaf","0",2,"l","i","p"
"Romulea tortuosa","Romulea tortuosa","IRIDACEAE","","Romulea tortuosa","(Licht. ex Roem. & Schult.) Baker","Iridaceae",1,0,"",1,0,0,1,1,1,0,1,0,"Jun","Sep",NA,NA,20,0,1,0,0,0,0,0,0,0,0,0,0,0,0,0,0,"Leaf",1,0,0,0,0,0,6,0,0,"leaf","0",2,"l","i","p"
"Rosenia glandulosa","Rosenia glandulosa","ASTERACEAE","","Rosenia glandulosa","Thunb.","Asteraceae",1,0,"",1,0,1,0,0,0,0,0,0,"Aug",NA,NA,NA,30,0,0,0,1,0,0,0,0,0,0,0,0,0,0,0,0,"Leaf",0,1,0,0,0,0,1,0,0,"leaf","0",3,"m","i","w"
"Rosenia humilis","Rosenia humilis","ASTERACEAE","","Rosenia humilis","(Less.) K.Bremer","Asteraceae",1,0,"",1,0,1,0,0,0,0,0,0,"Aug","Oct",NA,NA,30,0,0,0,1,0,0,0,0,0,0,0,0,0,0,0,0,"Leaf",1,1,0,0,0,0,1,0,0,"leaf","0",3,"m","i","w"
"Rosenia oppositifolia","Rosenia oppositifolia","ASTERACEAE","","Rosenia oppositifolia","(DC.) K.Bremer","Asteraceae",1,0,"",1,0,1,0,0,0,0,0,0,"Sep","Oct",NA,NA,30,0,0,0,1,0,0,0,0,0,0,0,0,0,0,0,0,"Leaf",0,1,0,0,0,0,0.6,0,0,"leaf","0",3,"m","i","w"
"Rumex crispus","Rumex crispus","POLYGONACEAE","","Rumex crispus","L.","Polygonaceae",1,0,"",0,1,1,0,0,0,0,0,0,"","","","",150,1,0,0,0,0,0,0,0,0,0,0,0,0,0,0,0,"Leaf",0,1,0,0,0,0,40,0,0,"leaf","0",1,"l","w","w"
"Rumex sagittatus","Rumex sagittatus","POLYGONACEAE","","Rumex sagittatus","Thunb.","Polygonaceae",1,0,"",0,1,1,0,0,0,0,0,0,"","","","",30,1,0,0,0,0,0,0,1,1,0,0,0,0,0,0,0,"Leaf",0,1,0,0,0,0,6,0,0,"leaf","0",2,"l","w","w"
"Ruschia burtoniae","Ruschia burtoniae","AIZOACEAE","","Ruschia burtoniae","L.Bolus","Aizoaceae",1,0,"",1,0,1,0,0,0,0,0,0,"","","","",60,0,0,0,1,0,0,0,0,0,0,0,0,1,1,0,0,"Leaf",1,0,0,0,0,0,NA,0,0,"leaf","0",3,"l","i","p"
"Ruschia cradockensis","Ruschia cradockensis","AIZOACEAE","","Ruschia cradockensis","(Kuntze) H.E.K.Hartmann & Stüber, D.","Aizoaceae",1,0,"",1,0,1,0,0,0,0,0,0,"Jul","Aug",NA,NA,30,0,0,0,1,0,0,0,0,0,0,0,0,1,1,0,0,"Leaf",0,1,0,0,0,0,2,0,0,"leaf","0",3,"l","i","p"
"Ruschia decurvans","Ruschia decurvans","AIZOACEAE","","Ruschia decurvans","L.Bolus","Aizoaceae",1,0,"",1,0,1,0,0,0,0,0,0,"Sep","Oct",NA,NA,95,0,0,0,1,0,0,0,0,0,0,0,0,1,1,0,0,"Leaf",1,0,0,0,0,0,5,0,0,"leaf","0",3,"l","i","p"
"Ruschia grisea","Ruschia grisea","AIZOACEAE","","Ruschia grisea","(L.Bolus) Schwantes","Aizoaceae",1,0,"",1,0,1,0,0,0,0,0,0,"Nov","Dec",NA,NA,30,0,0,0,1,0,0,0,0,0,0,0,0,1,1,0,0,"Leaf",0,1,0,0,0,0,1,0,1,"mixed","0",3,"l","i","p"
"Ruschia intricata","Ruschia intricata","AIZOACEAE","","Ruschia intricata","(N.E.Br.) H.E.K.Hartmann & Stüber, D.","Aizoaceae",1,0,"",1,0,1,0,0,0,0,0,0,"Sep","Oct",NA,NA,50,0,0,0,1,0,0,0,0,0,0,0,0,1,1,0,0,"Leaf",0,1,0,0,0,0,1.5,0,0,"leaf","0",3,"l","i","p"
"Ruschia laxipetala","Ruschia laxipetala","AIZOACEAE","","Ruschia laxipetala","L.Bolus","Aizoaceae",1,0,"",1,0,1,0,0,0,0,0,0,"Oct","Dec",NA,NA,15,0,0,0,1,0,0,0,0,0,0,0,0,1,1,0,0,"Leaf",0,1,0,0,0,0,1,0,1,"mixed","0",3,"l","i","p"
"Ruschia muelleri","Ruschia muelleri","AIZOACEAE","","Ruschia muelleri","(L.Bolus) Schwantes","Aizoaceae",1,0,"",1,0,1,0,0,0,0,0,0,"Aug","Oct",NA,NA,60,0,0,0,1,0,0,0,0,0,0,0,0,1,1,0,0,"Leaf",1,0,0,0,0,0,6,0,0,"leaf","0",3,"l","i","p"
"Ruschia robusta","Ruschia robusta","AIZOACEAE","","Ruschia robusta","L.Bolus","Aizoaceae",1,0,"",1,0,1,0,0,0,0,0,0,"","","","",50,0,0,0,1,0,0,0,0,0,0,0,0,1,1,0,0,"Leaf",0,1,0,0,0,0,0.9,0,0,"leaf","0",3,"l","i","p"
"Phiambolia unca","Ruschia unca","AIZOACEAE","","Phiambolia unca","(L.Bolus) Klak","Aizoaceae",1,0,"",1,0,1,0,0,0,0,0,0,"","","","",25,0,0,0,1,0,0,0,1,0,0,0,0,1,1,0,0,"Leaf",1,0,0,0,0,0,2.5,0,0,"leaf","0",3,"l","i","p"
"Salsola aphylla","Salsola aphylla","AMARANTHACEAE","","Salsola aphylla","L.f.","Amaranthaceae",1,0,"",1,0,1,0,0,0,0,0,0,"Dec","Feb",NA,NA,120,0,0,0,0,1,0,0,0,0,0,0,0,0,0,0,0,"Leaf",0,0,1,0,0,0,0.4,0,0,"leaf","0",3,"l","w","p"
"Salsola glabrescens","Salsola glabrescens","AMARANTHACEAE","","Salsola glabrescens","Burtt Davy","Amaranthaceae",1,0,"",1,0,1,0,0,0,0,0,0,"","","","",40,0,0,0,1,0,0,0,0,0,0,0,0,0,0,0,0,"Leaf",0,0,1,0,0,0,0.4,0,0,"leaf","0",3,"l","w","p"
"Salsola kali","Salsola kali","AMARANTHACEAE","","Salsola kali","L.","Amaranthaceae",0,1,"",1,0,0,0,1,1,0,0,0,"Sep","Nov",NA,NA,50,0,0,0,1,0,0,0,0,0,0,0,0,0,0,0,0,"Leaf",0,1,0,0,0,0,1,0,0,"leaf","0",0,"l","w","w"
"Salsola tuberculata","Salsola tuberculata","AMARANTHACEAE","","Salsola tuberculata","Fenzl ex Moq.","Amaranthaceae",1,0,"",1,0,1,0,0,0,0,0,0,"","","","",30,0,0,0,1,0,0,0,0,0,0,0,0,0,0,0,0,"Leaf",0,0,1,0,0,0,0.3,0,0,"leaf","0",3,"l","w","p"
"Salsola zeyheri","Salsola zeyheri","AMARANTHACEAE","","Salsola zeyheri","Schinz","Amaranthaceae",1,0,"",1,0,1,0,0,0,0,0,0,"Aug","Sep",NA,NA,50,0,0,0,1,0,0,0,0,0,0,0,0,0,0,0,0,"Leaf",0,1,0,0,0,0,0.5,0,0,"leaf","0",3,"l","w","p"
"Salvia disermas","Salvia disermas","LAMIACEAE","","Salvia disermas","L.","Lamiaceae",1,0,"",1,0,1,0,0,0,0,0,0,"Aug","May",NA,NA,120,0,0,0,0,1,0,0,0,0,0,0,0,0,0,0,0,"Leaf",0,0,1,0,0,0,6,0,0,"leaf","0",3,"m","i","p"
"Monsonia crassicaulis","Sarcocaulon crassicaule","GERANIACEAE","","Sarcocaulon spinosum","Kuntze","Geraniaceae",1,0,"",1,0,0,1,0,0,0,0,0,"May","Jun",NA,NA,50,0,0,0,1,0,0,0,0,0,0,0,0,1,0,1,0,"Leaf",0,0,1,0,1,0,2,0,0,"leaf","0",3,"l","i","w"
"Satyrium erectum","Satyrium erectum","ORCHIDACEAE","","Satyrium erectum","Sw.","Orchidaceae",1,0,"",1,0,0,1,1,1,1,1,0,"Jul","Oct",NA,NA,60,0,1,0,0,0,0,0,0,0,0,0,0,0,0,0,0,"Leaf",0,0,1,0,0,0,10,0,0,"leaf","0",2,"l","i","p"
"Mesembryanthemum tortuosum","Sceletium tortuosum","AIZOACEAE","","Mesembryanthemum tortuosum","L.","Aizoaceae",1,0,"",1,0,1,0,0,0,0,0,0,"","","","",20,0,0,0,1,0,0,0,1,0,0,0,0,1,1,1,0,"Leaf",0,1,0,0,0,0,4,0,0,"leaf","0",3,"l","i","p"
"Schismus barbatus","Schismus barbatus","POACEAE","","Schismus barbatus","(L.) Thell.","Poaceae",0,1,"",1,0,0,0,1,1,0,0,0,"Jun","Dec",NA,NA,25,0,0,1,0,0,0,0,0,0,0,0,0,0,0,0,0,"Leaf",1,0,0,0,0,0,10,0,0,"leaf","0",0,"l","w","w"
"Schismus scaberrimus","Schismus scaberrimus","POACEAE","","Schismus scaberrimus","Nees","Poaceae",1,0,"",1,0,1,0,0,0,0,0,0,"","","","",45,0,0,1,0,0,0,0,0,0,0,0,0,0,0,0,0,"Leaf",1,0,0,0,0,0,15,0,0,"leaf","0",2,"m","w","w"
"Schismus schismoides","Schismus schismoides","POACEAE","","Schismus schismoides","(Stapf ex Conert) Verboom & H.P.Linder","Poaceae",0,1,"",1,0,0,0,1,1,0,0,0,"Jul","Oct",NA,NA,15,0,0,1,0,0,0,0,0,0,0,0,0,0,0,0,0,"Leaf",1,0,0,0,0,0,10,0,0,"leaf","0",0,"l","w","w"
"Scirpoides dioecus","Scirpoides dioecus","CYPERACEAE","","Afroscirpoides dioeca","(Kunth) García-Madr. & Muasya","Cyperaceae",1,0,"",1,0,1,0,0,0,0,0,0,"Sep","Dec",NA,NA,50,0,0,1,0,0,0,0,0,0,0,0,0,0,0,0,0,"Leaf",1,0,0,0,0,0,50,1,1,"culm_stem","0",3,"h","w","p"
"Scleranthus annuus","Scleranthus annuus","CARYOPHYLLACEAE","","Scleranthus annuus","L.","Caryophyllaceae",0,1,"",1,0,0,0,1,1,0,0,0,"","","","",20,1,0,0,0,0,0,0,0,0,0,0,0,0,0,0,0,"Leaf",1,0,0,0,0,0,1,0,0,"leaf","0",0,"l","i","p"
"Searsia burchellii","Searsia burchellii","ANACARDIACEAE","","Searsia burchellii","(Sond. ex Engl.) Moffett","Anacardiaceae",1,0,"",0,1,1,0,0,0,0,1,0,"Apr","May",NA,NA,500,0,0,0,0,0,1,1,0,0,0,0,0,0,0,0,0,"Leaf",0,0,1,1,0,0,3,0,0,"leaf","0",3,"h","i","m"
"Searsia lancea","Searsia lancea","ANACARDIACEAE","","Searsia lancea","(L.f.) F.A.Barkley","Anacardiaceae",1,0,"",0,1,1,0,0,0,0,1,0,"Apr","Jul",NA,NA,1200,0,0,0,0,0,1,1,0,0,0,0,0,0,0,0,0,"Leaf",1,0,0,1,0,0,10,0,0,"leaf","0",3,"h","i","m"
"Selago albida","Selago albida","SCROPHULARIACEAE","","Selago albida","Choisy","Scrophulariaceae",1,0,"",1,0,1,0,0,0,0,0,0,"May","Sep",NA,NA,40,0,0,0,1,0,0,0,0,0,0,0,0,0,0,0,0,"Leaf",1,0,0,0,0,0,0.8,0,0,"leaf","0",2,"h","i","p"
"Selago articulata","Selago articulata","SCROPHULARIACEAE","","Selago articulata","Thunb.","Scrophulariaceae",1,0,"",1,0,1,0,0,0,0,0,0,"Sep","Oct",NA,NA,20,0,0,0,1,0,0,0,0,0,0,0,0,0,0,0,0,"Leaf",1,0,0,0,0,0,0.3,0,0,"leaf","0",2,"m","i","p"
"Selago divaricata","Selago divaricata","SCROPHULARIACEAE","","Selago divaricata","L.f.","Scrophulariaceae",1,0,"",1,0,1,0,0,0,0,0,0,"","","","",100,0,0,0,1,0,0,0,0,0,0,0,0,0,0,0,0,"Leaf",1,0,0,0,0,0,0.5,0,0,"leaf","0",3,"m","i","p"
"Selago glabrata","Selago glabrata","SCROPHULARIACEAE","","Selago glabrata","Choisy","Scrophulariaceae",1,0,"",1,0,1,0,0,0,0,0,0,"Sep","Oct",NA,NA,35,0,0,0,1,0,0,0,0,0,0,0,0,0,0,0,0,"Leaf",1,0,0,0,0,0,0.4,0,0,"leaf","0",2,"m","i","p"
"Selago rigida","Selago rigida","SCROPHULARIACEAE","","Selago rigida","Rolfe","Scrophulariaceae",1,0,"",1,0,1,0,0,0,0,0,0,"Jul","Oct",NA,NA,60,0,0,0,1,0,0,0,0,0,0,0,0,0,0,0,0,"Leaf",0,1,0,0,0,0,0.5,0,0,"leaf","0",2,"m","i","p"
"Selago subspinosa","Selago subspinosa","SCROPHULARIACEAE","","Selago subspinosa","Hilliard","Scrophulariaceae",1,0,"",1,0,1,0,0,0,0,0,0,"Aug","Sep",NA,NA,35,0,0,0,1,0,0,0,0,0,0,0,0,0,0,0,0,"Leaf",1,0,0,0,0,0,0.8,0,0,"leaf","0",3,"m","i","p"
"Senecio abbreviatus","Senecio abbreviatus","ASTERACEAE","","Senecio abbreviatus","S.Moore","Asteraceae",1,0,"",1,0,1,0,0,0,0,0,0,"Jun","Aug",NA,NA,10,1,0,0,0,0,0,0,1,0,0,0,0,1,1,0,0,"Leaf",0,1,0,0,0,0,2,0,0,"leaf","0",3,"l","i","w"
"Senecio abruptus","Senecio abruptus","ASTERACEAE","","Senecio abruptus","Thunb.","Asteraceae",0,1,"",1,0,0,0,1,1,0,0,0,"","","","",60,1,0,0,0,0,0,0,0,0,0,0,0,0,0,0,0,"Leaf",0,1,1,0,1,0,7,0,0,"leaf","0",0,"l","i","w"
"Senecio cardaminifolius","Senecio cardaminifolius","ASTERACEAE","","Senecio cardaminifolius","DC.","Asteraceae",0,1,"",1,0,0,0,1,1,0,0,0,"Jul","Oct",NA,NA,60,1,0,0,0,0,0,0,0,0,0,0,0,0,0,0,0,"Leaf",0,1,0,0,0,1,8,0,0,"leaf","0",0,"l","i","w"
"Senecio cinerascens","Senecio cinerascens","ASTERACEAE","","Senecio cinerascens","Aiton","Asteraceae",1,0,"",1,0,1,0,0,0,0,0,0,"","","","",200,0,0,0,0,1,0,0,0,0,0,0,0,0,0,0,0,"Leaf",1,1,0,0,1,1,12,0,0,"leaf","0",2,"m","i","w"
"Senecio leptophyllus","Senecio leptophyllus","ASTERACEAE","","Senecio leptophyllus","DC.","Asteraceae",1,0,"",1,0,1,0,0,0,0,0,0,"","","","",60,0,0,0,1,0,0,0,0,0,0,0,0,0,0,0,0,"Leaf",1,0,0,0,0,0,5,0,0,"leaf","0",1,"l","i","w"
"Senecio radicans","Senecio radicans","ASTERACEAE","","Senecio radicans","Sch.Bip.","Asteraceae",1,0,"",1,0,1,0,0,0,0,0,0,"Apr","Sep",NA,NA,6,1,0,0,0,0,0,0,1,0,0,0,0,1,1,1,0,"Leaf",0,0,1,0,0,0,2,0,0,"leaf","0",3,"l","i","w"
"Septulina glauca","Septulina glauca","LORANTHACEAE","","Septulina glauca","Tiegh.","Loranthaceae",1,0,"",1,0,1,0,0,0,0,0,0,"Feb","Sep",NA,NA,50,0,0,0,0,0,0,0,0,0,0,1,0,0,0,0,0,"Leaf",0,1,0,0,0,0,3,0,0,"leaf","0",2,"l","i","m"
"Silene clandestina","Silene clandestina","CARYOPHYLLACEAE","","Silene cretica","L.","Caryophyllaceae",0,1,"",1,0,0,0,1,1,0,0,0,"Aug","Jan",NA,NA,45,1,0,0,0,0,0,0,0,0,0,0,0,0,0,0,0,"Leaf",0,1,0,0,0,0,2,0,0,"leaf","0",0,"l","i","p"
"Stachys lamarckii","Stachys lamarckii","LAMIACEAE","","Stachys lamarckii","Benth.","Lamiaceae",1,0,"",1,0,1,0,0,0,0,0,0,"","","","",100,0,0,0,1,0,0,0,0,0,0,0,0,0,0,0,0,"Leaf",0,1,0,0,0,0,2,0,0,"leaf","0",3,"m","i","p"
"Stipagrostis brevifolia","Stipagrostis brevifolia","POACEAE","","Stipagrostis brevifolia","(Nees) De Winter","Poaceae",1,0,"",1,0,1,0,0,0,0,0,0,"","","","",100,0,0,0,0,0,0,0,0,0,0,0,0,0,0,0,0,"Leaf",1,0,0,0,0,0,10,0,1,"mixed","0",2,"h","w","w"
"Stipagrostis ciliata","Stipagrostis ciliata","POACEAE","","Stipagrostis ciliata","(Desf.) De Winter","Poaceae",1,0,"",1,0,1,0,0,0,0,0,0,"Aug","Oct",NA,NA,100,0,0,1,0,0,0,0,0,0,0,0,0,0,0,0,0,"Leaf",1,0,0,0,0,0,8,0,1,"mixed","0",2,"h","w","w"
"Stipagrostis namaquensis","Stipagrostis namaquensis","POACEAE","","Stipagrostis namaquensis","(Nees) De Winter","Poaceae",1,0,"",1,0,1,0,0,0,0,0,0,"Feb","Jul","Dec",NA,100,0,0,1,0,0,0,0,0,0,0,0,0,0,0,0,0,"Leaf",1,0,0,0,0,0,6,0,1,"mixed","0",2,"h","w","w"
"Stipagrostis obtusa","Stipagrostis obtusa","POACEAE","","Stipagrostis obtusa","(Delile) Nees","Poaceae",1,0,"",1,0,1,0,0,0,0,0,0,"Jul","May",NA,NA,60,0,0,1,0,0,0,0,0,0,0,0,0,0,0,0,0,"Leaf",1,0,0,0,0,0,6,0,1,"mixed","0",2,"m","w","w"
"Lessertia frutescens","Sutherlandia frutescens","FABACEAE","","Lessertia frutescens","(L.) Goldblatt & J.C.Manning","Fabaceae",1,0,"",1,0,1,0,0,0,0,0,0,"Jul","Dec",NA,NA,150,0,0,0,0,1,0,0,0,0,0,0,0,0,0,0,0,"Leaf",0,1,0,1,0,1,6,0,0,"leaf","0",2,"h","i","w"
"Tenaxia dura","Tenaxia dura","POACEAE","","Tenaxia dura","(Stapf) N.P.Barker & H.P.Linder","Poaceae",1,0,"",1,0,1,0,0,0,0,1,0,"Jul","Nov",NA,NA,90,0,0,1,0,0,0,0,0,0,0,0,0,0,0,0,0,"Leaf",1,0,0,0,0,0,21,0,1,"mixed","0",2,"h","w","w"
"Tetragonia enchinata","Tetragonia microptera","AIZOACEAE","","Tetragonia echinata","Aiton","Aizoaceae",0,1,"",1,0,0,0,1,1,0,0,0,"Jun","Sep",NA,NA,30,1,0,0,0,0,0,0,1,0,0,0,0,1,1,0,0,"Leaf",0,0,1,0,0,0,2,0,0,"leaf","0",0,"l","i","p"
"Tetragonia nigrescens","Tetragonia nigrescens","AIZOACEAE","","Tetragonia nigrescens","Eckl. & Zeyh.","Aizoaceae",1,0,"",1,0,1,0,0,0,0,1,0,"Jul","Oct",NA,NA,10,1,1,0,0,0,0,0,1,0,0,0,0,1,1,0,0,"Leaf",0,0,1,0,0,0,3,0,0,"leaf","0",2,"l","i","w"
"Tetragonia sarcophylla","Tetragonia sarcophylla","AIZOACEAE","","Tetragonia sarcophylla","Fenzl","Aizoaceae",1,0,"",1,0,1,0,0,0,0,0,0,"Jun","Sep",NA,NA,40,0,0,0,1,0,0,0,0,0,0,0,0,1,1,0,0,"Leaf",0,0,1,0,0,0,2,0,0,"leaf","0",2,"l","i","w"
"Thesium hispidulum","Thesium hispidulum","SANTALACEAE","","Thesium hispidulum","Lam.","Santalaceae",1,0,"",1,0,1,0,0,0,0,0,0,"Sep","Dec",NA,NA,20,1,0,0,0,0,0,0,0,0,1,0,0,0,0,0,0,"Leaf",1,0,0,0,0,0,1,0,1,"mixed","0",1,"l","i","p"
"Thesium horridum","Thesium horridum","SANTALACEAE","","Thesium horridum","Pilg.","Santalaceae",1,0,"",1,0,1,0,0,0,0,0,0,"Sep",NA,NA,NA,30,0,0,0,1,0,0,0,0,0,1,0,0,0,0,0,0,"Leaf",0,1,0,0,0,0,1,0,1,"mixed","0",2,"l","i","p"
"Thesium hystrix","Thesium hystrix","SANTALACEAE","","Thesium hystrix","A.W.Hill","Santalaceae",1,0,"",1,0,1,0,0,0,0,0,0,"","","","",100,0,0,0,1,0,0,0,0,0,1,0,0,0,0,0,0,"Leaf",1,0,0,0,0,0,1,1,1,"mixed","0",2,"l","i","p"
"Thesium lineatum","Thesium lineatum","SANTALACEAE","","Lacomucinaea lineata","(L.f.) Nickrent & M.A.García","Santalaceae",1,0,"",1,0,1,1,0,0,0,0,0,"Aug","Feb",NA,NA,200,0,0,0,0,1,0,0,0,0,1,0,0,0,0,0,0,"Leaf",1,0,0,0,0,0,0.5,1,1,"mixed","0",2,"l","i","p"
"Trachyandra divaricata","Trachyandra divaricata","ASPHODELACEAE","","Trachyandra divaricata","Kunth","Asphodelaceae",1,0,"",1,0,1,0,0,0,0,1,0,"Jul","Sep",NA,NA,90,1,1,0,0,0,0,0,0,0,0,0,0,1,1,0,0,"Leaf",1,0,0,0,0,0,30,0,0,"leaf","0",2,"l","i","p"
"Trachyandra falcata","Trachyandra falcata","ASPHODELACEAE","","Trachyandra falcata","Kunth","Asphodelaceae",1,0,"",1,0,1,0,0,0,0,1,0,"Jul","Oct",NA,NA,100,1,1,0,0,0,0,0,0,0,0,0,0,1,1,0,0,"Leaf",1,0,0,0,0,0,30,0,0,"leaf","0",2,"l","i","p"
"Trachyandra jacquiniana","Trachyandra jacquiniana","ASPHODELACEAE","","Trachyandra jacquiniana","(Roem. & Schult.) Oberm.","Asphodelaceae",1,0,"",1,0,1,0,0,0,0,1,0,"Jul","Sep",NA,NA,50,1,1,0,0,0,0,0,0,0,0,0,0,1,1,0,0,"Leaf",1,0,0,0,0,0,15,0,0,"leaf","0",3,"l","i","p"
"Tribolium tenella","Tribolium tenellum","POACEAE","","Tribolium tenellum","(Nees) Verboom & H.P.Linder","Poaceae",0,1,"",1,0,0,0,1,1,0,0,0,"Aug","Oct",NA,NA,15,0,0,1,0,0,0,0,0,0,0,0,0,0,0,0,0,"Leaf",1,0,0,0,0,0,1,0,1,"mixed","0",0,"l","w","w"
"Tribolium utriculosum","Tribolium utriculosum","POACEAE","","Tribolium utriculosum","(Nees) Renvoize","Poaceae",0,1,"",1,0,0,0,1,1,0,0,0,"","","","",12,0,0,1,0,0,0,0,0,0,0,0,0,0,0,0,0,"Leaf",1,0,0,0,0,0,5,0,1,"mixed","0",0,"l","w","w"
"Trichodiadema promeridiana","Trichodiadema promeridiana","AIZOACEAE","","Trichodiadema pomeridianum","L.Bolus","Aizoaceae",1,0,"",1,0,1,0,0,0,0,1,0,"",NA,NA,NA,25,0,1,0,1,0,0,0,0,0,0,0,0,1,1,0,0,"Leaf",0,1,0,0,0,0,1.5,0,0,"leaf","0",3,"l","i","p"
"Tylecodon reticulatus","Tylecodon reticulatus","CRASSULACEAE","","Tylecodon reticulatus","(L.f.) Toelken","Crassulaceae",1,0,"",1,0,1,0,0,0,0,0,0,"Nov","Dec",NA,NA,30,0,0,0,1,0,0,0,0,0,0,0,0,1,1,1,0,"Leaf",0,0,1,0,0,0,4,0,0,"leaf","0",3,"l","i","p"
"Tylecodon wallichii","Tylecodon wallichii","CRASSULACEAE","","Tylecodon wallichii","(Harv.) Toelken","Crassulaceae",1,0,"",1,0,1,0,0,0,0,0,0,"Dec","Feb",NA,NA,100,0,0,0,1,0,0,0,0,0,0,0,0,1,1,1,0,"Leaf",1,0,0,0,0,0,8,0,0,"leaf","0",3,"l","i","p"
"Ursinia anthemoides","Ursinia anthemoides","ASTERACEAE","","Ursinia anthemoides","(L.) Poir.","Asteraceae",0,1,"",1,0,0,0,1,1,0,0,0,"Aug","Oct",NA,NA,50,1,0,0,0,0,0,0,0,0,0,0,0,0,0,0,0,"Leaf",1,0,0,1,0,0,3,0,0,"leaf","0",0,"l","i","w"
"Ursinia cakilefolia","Ursinia cakilefolia","ASTERACEAE","","Ursinia cakilefolia","DC.","Asteraceae",0,1,"",1,0,0,0,1,1,0,0,0,"Jul","Oct",NA,NA,45,1,0,0,0,0,0,0,0,0,0,0,0,0,0,0,0,"Leaf",1,0,0,1,1,0,3,0,0,"leaf","0",0,"l","i","w"
"Ursinia calenduliflora","Ursinia calenduliflora","ASTERACEAE","","Ursinia calenduliflora","(DC.) N.E.Br.","Asteraceae",0,1,"",1,0,0,0,1,1,0,0,0,"","","","",35,1,0,0,0,0,0,0,0,0,0,0,0,0,0,0,0,"Leaf",1,0,0,1,1,0,6,0,0,"leaf","0",0,"l","i","w"
"Ursinia nana subsp nana","Ursinia nana subsp nana","ASTERACEAE","","Ursinia nana subsp. nana",NA,"Asteraceae",1,1,"",1,0,0,0,1,1,0,0,0,"Aug","Oct",NA,NA,20,1,0,0,0,0,0,0,0,0,0,0,0,0,0,0,0,"Leaf",1,0,0,1,1,0,1,0,0,"leaf","0",0,"l","i","w"
"Wahlenbergia androsacea","Wahlenbergia androsacea","CAMPANULACEAE","","Wahlenbergia androsacea","A.DC.","Campanulaceae",0,1,"",1,0,0,0,1,1,0,0,0,"","","","",40,1,0,0,0,0,0,0,0,0,0,0,0,0,0,0,0,"Leaf",0,1,0,0,0,0,4,0,0,"leaf","0",0,"l","i","p"
"Wahlenbergia annularis","Wahlenbergia annularis","CAMPANULACEAE","","Wahlenbergia annularis","A.DC.","Campanulaceae",0,1,"",1,0,0,0,1,1,0,0,0,"","","","",40,1,0,0,0,0,0,0,0,0,0,0,0,0,0,0,0,"Leaf",1,0,0,0,0,0,4,0,0,"leaf","0",0,"l","i","p"
"Wahlenbergia prostrata","Wahlenbergia prostrata","CAMPANULACEAE","","Wahlenbergia prostrata","E.Mey.","Campanulaceae",0,1,"",1,0,0,0,1,1,0,0,0,"","","","",15,1,0,0,0,0,0,0,0,0,0,0,0,0,0,0,0,"Leaf",1,0,0,0,0,0,1,0,0,"leaf","0",0,"l","i","p"
"Wahlenbergia thunbergiana","Wahlenbergia thunbergiana","CAMPANULACEAE","","Wahlenbergia thunbergiana","(H.Buek) Lammers","Campanulaceae",1,0,"",1,0,1,0,0,0,0,0,0,"","","","",60,0,0,0,1,0,0,0,1,0,0,0,0,0,0,0,0,"Leaf",1,1,0,0,0,0,1,0,0,"leaf","0",1,"l","i","p"
"Wiborgia monoptera","Wiborgia monoptera","FABACEAE","","Wiborgia monoptera","E.Mey.","Fabaceae",1,0,"",1,0,1,0,0,0,0,0,0,"","","","",100,0,0,0,1,0,0,0,0,0,0,0,0,0,0,0,0,"Leaf",0,0,1,1,0,0,1,0,0,"leaf","0",3,"m","i","w"
"Wiborgia sericea","Wiborgia sericea","FABACEAE","","Wiborgia sericea","Thunb.","Fabaceae",1,0,"",1,0,0,1,0,0,0,0,0,"May","Sep",NA,NA,120,0,0,0,0,1,0,0,0,0,0,0,0,0,0,0,0,"Leaf",0,0,1,1,0,0,1,0,0,"leaf","0",2,"m","i","p"
"Wiborgiella leipoldtiana","Wiborgiella leipoldtiana","FABACEAE","","Wiborgiella leipoldtiana","(Schltr. ex R.Dahlgren) Boatwr. & B.-E.van Wyk","Fabaceae",1,0,"",1,0,0,1,0,0,0,0,0,"Aug","Oct",NA,NA,120,0,0,0,0,1,0,0,0,0,0,0,0,0,0,0,0,"Leaf",0,1,0,1,0,0,1.5,0,0,"leaf","0",2,"m","i","p"
"Zaluzianskya affinis","Zaluzianskya affinis","SCROPHULARIACEAE","","Zaluzianskya affinis","Hilliard","Scrophulariaceae",0,1,"",1,0,0,0,1,1,0,0,0,"","","","",30,1,0,0,0,0,0,0,0,0,0,0,0,0,0,0,0,"Leaf",0,1,0,0,0,0,1,0,0,"leaf","0",0,"l","i","p"
"Zaluzianskya benthamiana","Zaluzianskya benthamiana","SCROPHULARIACEAE","","Zaluzianskya benthamiana","Walp.","Scrophulariaceae",0,1,"",1,0,0,0,1,1,0,0,0,"","","","",33,1,0,0,0,0,0,0,0,0,0,0,0,0,0,0,0,"Leaf",0,1,0,0,0,0,3.5,0,0,"leaf","0",0,"l","i","p"
"Zaluzianskya cohabitans","Zaluzianskya cohabitans","SCROPHULARIACEAE","","Zaluzianskya cohabitans","Hilliard","Scrophulariaceae",0,1,"",1,0,0,0,1,1,0,0,0,"Aug","Sep",NA,NA,10,1,0,0,0,0,0,0,0,0,0,0,0,0,0,0,0,"Leaf",0,0,1,0,0,0,0.5,0,0,"leaf","0",0,"l","i","p"
"Zaluzianskya minima","Zaluzianskya minima","SCROPHULARIACEAE","","Zaluzianskya minima","(Hiern) Hilliard","Scrophulariaceae",0,1,"",1,0,0,0,1,1,0,0,0,"","","","",10,1,0,0,0,0,0,0,0,0,0,0,0,0,0,0,0,"Leaf",0,0,1,0,0,0,1,0,0,"leaf","0",0,"l","i","p"
"Zaluzianskya pusilla","Zaluzianskya pusilla","SCROPHULARIACEAE","","Zaluzianskya pusilla","(Benth.) Walp.","Scrophulariaceae",0,1,"",1,0,0,0,1,1,0,0,0,"Jul","Oct",NA,NA,15,1,0,0,0,0,0,0,0,0,0,0,0,0,0,0,0,"Leaf",0,1,0,0,0,0,1.5,0,0,"leaf","0",0,"l","i","p"
"Zaluzianskya villosa","Zaluzianskya villosa","SCROPHULARIACEAE","","Zaluzianskya villosa","(Thunb.) F.W.Schmidt","Scrophulariaceae",0,1,"",1,0,0,0,1,1,0,0,0,"","","","",30,1,0,0,0,0,0,0,0,0,0,0,0,0,0,0,0,"Leaf",0,1,0,0,0,0,2,0,0,"leaf","0",0,"l","i","p"
"Zaluzianskya violacea","Zaluzianskya violacea","SCROPHULARIACEAE","","Zaluzianskya violacea","Schltr.","Scrophulariaceae",0,1,"",1,0,0,0,1,1,0,0,0,"Jul","Sep",NA,NA,15,1,0,0,0,0,0,0,0,0,0,0,0,0,0,0,0,"Leaf",0,0,1,0,0,0,1.3,0,0,"leaf","0",0,"l","i","p"
"Roepera lichtensteiniana","Zygophyllum lichtensteinianum","ZYGOPHYLLACEAE","","Roepera lichtensteiniana","(Cham.) Beier & Thulin","Zygophyllaceae",1,0,"",1,0,1,0,0,0,0,0,0,"Sep",NA,NA,NA,80,0,0,0,1,0,0,0,0,0,0,0,0,0,0,0,0,"Leaf",0,0,1,1,0,0,1,0,0,"leaf","0",3,"l","i","w"
"Roepera pygmaea","Zygophyllum pygmaeum","ZYGOPHYLLACEAE","","Roepera pygmaea","(Eckl. & Zeyh.) Beier & Thulin","Zygophyllaceae",1,0,"",1,0,1,0,0,0,0,0,0,"Jun","Sep",NA,NA,60,0,0,0,1,0,0,0,1,0,0,0,0,0,0,0,0,"Leaf",0,0,1,1,0,0,0.7,0,0,"leaf","0",3,"l","i","w"
"Tetraena retrofracta","Zygophyllum retrofractum","ZYGOPHYLLACEAE","","Zygophyllum retrofractum","Thunb.","Zygophyllaceae",1,0,"",1,0,1,0,0,0,0,0,0,"Jul","Dec",NA,NA,150,0,0,0,1,1,0,0,0,0,0,0,0,1,1,0,0,"Leaf",0,0,1,1,0,0,0.6,0,1,"mixed","0",3,"l","i","w"
